date,PVSimulator-0.PVPanel_0-irradiance,PVSimulator-0.PVPanel_0-P_dc,PVSimulator-0.PVPanel_0-temperature,InverterSim-0.Inverter_0-Q_ac,InverterSim-0.Inverter_0-P_ac,DSS-0.PVSystem-pv-Q_meas,DSS-0.PVSystem-pv-P_meas,DSS-0.PVSystem-pv-P1,DSS-0.PVSystem-pv-Q1,DSS-0.PVSystem-pv-Q2,DSS-0.PVSystem-pv-P3,DSS-0.PVSystem-pv-P2,DSS-0.PVSystem-pv-Q3,DSS-0.Bus-149-V3_pu,DSS-0.Bus-97-V3_pu,DSS-0.Bus-149-V2_pu,DSS-0.Bus-97-V2_pu,DSS-0.Bus-149-V1_pu,DSS-0.Bus-97-V1_pu,DSS-0.Line-l115-I3_A,DSS-0.Line-l115-I1_ang,DSS-0.Line-l115-Q1_var,DSS-0.Line-l115-P3_w,DSS-0.Line-l115-P2_w,DSS-0.Line-l115-I1_A,DSS-0.Line-l115-P1_w,DSS-0.Line-l115-Q3_var,DSS-0.Line-l115-I2_A,DSS-0.Line-l115-Q2_var,DSS-0.Line-l115-I2_ang,DSS-0.Line-l115-I3_ang
2026-01-01,0.0,0.0,25.0,0.0,0.0,-0.0,-0.0,-0.0,0.0,-0.0,-0.0,0.0,-0.0,1.0000027661941036,1.0037838659899174,1.00000299538158,1.0114946656424917,1.0000010383243785,0.998962302210412,116.09044572758661,7.338885017463795,-48.24281753537093,251.17522000667262,196.37172651342323,157.2355484061111,374.55103566978426,-121.05335258584235,98.12863226434551,-130.32652529934782,-86.42912632105313,145.7313036887511
2026-01-01 00:05:00,0.0,0.0,25.0,0.0,0.0,-0.0,-0.0,-0.0,0.0,-0.0,-0.0,0.0,-0.0,1.0000027941592111,1.0044037618565946,1.0000029536351362,1.0103547363625311,1.0000011504172097,0.9995615278952545,114.97763132628516,8.037019484565567,-53.05831447043894,247.63435522490786,198.19630870697802,157.99597043365426,375.7438854960905,-122.21632694523828,98.3593570606911,-128.55579621230652,-87.03167091767321,146.26763865269166
2026-01-01 00:10:00,0.0,0.0,25.0,0.0,0.0,-0.0,-0.0,-0.0,0.0,-0.0,-0.0,0.0,-0.0,1.0000029353600024,1.0049035607368286,1.0000030348777842,1.0104033577615568,1.0000012096917383,0.9989471167888828,112.97612226016321,8.381306105099494,-55.6155761354299,239.15886132666165,190.39432028791825,158.8539815939744,377.4570423720174,-128.18247766878235,96.450493912053,-131.95927679970254,-85.27504178242431,148.18974519230372
2026-01-01 00:15:00,0.0,0.0,25.0,0.0,0.0,-0.0,-0.0,-0.0,0.0,-0.0,-0.0,0.0,-0.0,1.0000028783281953,1.0048063943062688,1.0000031660211286,1.0113773223902731,1.0000011582205788,0.9986014104637116,113.43321461302048,8.062590143257331,-53.4051331766618,241.67786220477655,186.33674300427802,158.5276731262897,376.98457831370837,-125.7636667326326,96.42802285229375,-137.5386424463246,-83.56852106881966,147.49111939274474
2026-01-01 00:20:00,0.0,0.0,25.0,0.0,0.0,-0.0,-0.0,-0.0,0.0,-0.0,-0.0,0.0,-0.0,1.0000029383256137,1.0049362170850897,1.0000032257233025,1.0117885035366145,1.0000012221252976,0.9989194414217918,112.27712035945069,8.624847799414116,-56.070165973650404,237.19429476117955,182.92241169126177,155.6633900531425,369.6408179475065,-128.2899079755428,95.92330432812317,-140.0629355931777,-82.55911490201231,148.4070508005038
2026-01-01 00:25:00,0.0,0.0,25.0,0.0,0.0,-0.0,-0.0,-0.0,0.0,-0.0,-0.0,0.0,-0.0,1.0000029475388732,1.0049486837862163,1.000003169892374,1.0116873923571872,1.0000013583405722,0.9994273511436458,111.86943188399276,9.865211205571109,-61.7623000587364,235.87271121903294,186.69602955913243,150.08374648164965,355.137635372182,-128.6715056737798,96.5902922044767,-137.70813356943952,-83.58753894286197,148.61270041120693
2026-01-01 00:30:00,0.0,0.0,25.0,0.0,0.0,-0.0,-0.0,-0.0,0.0,-0.0,-0.0,0.0,-0.0,1.0000030063390575,1.005390603379541,1.0000030559012967,1.0116485068816576,1.0000011556953676,0.9989295195946515,111.62418116194854,8.150207349776231,-53.24460089300066,233.81692184056593,191.8966192876176,156.36358257092877,371.75731026832545,-131.17073318399005,97.18183235012263,-132.87523882730943,-85.30031482959129,149.2920063702628
2026-01-01 00:35:00,0.0,0.0,25.0,0.0,0.0,-0.0,-0.0,-0.0,0.0,-0.0,-0.0,0.0,-0.0,1.0000028470221163,1.0050381080740538,1.0000028689435694,1.010726831700665,1.0000012290176281,0.9997543163022404,114.98564833009733,8.677706923667241,-56.36176789357471,246.53053787010901,198.3940230222595,155.52710305956347,369.265351384482,-124.47064490647074,97.61538406833355,-124.92844034800025,-87.80170282960722,146.78839295654547
2026-01-01 00:40:00,0.0,0.0,25.0,0.0,0.0,-0.0,-0.0,-0.0,0.0,-0.0,-0.0,0.0,-0.0,1.0000028852695784,1.0060551199955015,1.0000028997800323,1.0100554069892758,1.0000013092058933,0.9998300879370337,113.45429928031484,9.333013107718502,-59.74019425348913,241.58046944764652,204.630685895597,153.36771384473167,363.47891155218537,-126.06015510944462,100.12373572301311,-126.31228819692198,-88.31450567580937,147.5558743045796
2026-01-01 00:45:00,0.0,0.0,25.0,0.0,0.0,-0.0,-0.0,-0.0,0.0,-0.0,-0.0,0.0,-0.0,1.0000028182148928,1.00624173499327,1.0000028861842787,1.0092585936053464,1.0000013851395337,0.9999026679241851,113.45553543588481,9.934281370267879,-62.95358768752177,243.05414330696402,206.6182000640391,151.92551528315917,359.42011886252345,-123.201369501307,100.70683134771922,-125.74954671565953,-88.67523801490911,146.87960299267814
2026-01-01 00:50:00,0.0,0.0,25.0,0.0,0.0,-0.0,-0.0,-0.0,0.0,-0.0,-0.0,0.0,-0.0,1.0000029833964288,1.0068283595852494,1.0000031390096717,1.0099247650489374,1.0000015345763436,1.0003359105759029,109.53727401485969,11.32260075606091,-69.22003378664922,228.64456643554715,197.82041435641779,146.78704808625668,345.6881705292232,-130.1358083955786,100.06791160474074,-136.49599376895728,-85.39460882397489,149.6465818886804
2026-01-01 00:55:00,0.0,0.0,25.0,0.0,0.0,-0.0,-0.0,-0.0,0.0,-0.0,-0.0,0.0,-0.0,1.0000030290104196,1.006885081749424,1.0000031843721242,1.0103460134805637,1.0000016016125888,1.0006319063175002,109.60536106429927,12.039721661045201,-72.01208051456784,227.71537512710603,192.00291362005711,143.73511767234237,337.6259690470836,-132.08123312582157,98.54092259787758,-138.38173499437764,-84.21893787061336,150.1146159733933
2026-01-01 01:00:00,0.0,0.0,25.0,0.0,0.0,-0.0,-0.0,-0.0,0.0,-0.0,-0.0,0.0,-0.0,1.0000029186346495,1.0054322977648182,1.000003223773108,1.0106732902914302,1.0000015981213835,1.0012604735805235,112.71043031906373,12.199295890566335,-71.80746726072405,238.82033894936814,189.43752208385783,141.47992993186296,332.1299614254534,-127.46234982748327,98.0863708017491,-140.0445424219385,-83.52603252760933,148.08925424145485
2026-01-01 01:05:00,0.0,0.0,25.0,0.0,0.0,-0.0,-0.0,-0.0,0.0,-0.0,-0.0,0.0,-0.0,1.00000277123048,1.0044185124110072,1.0000030852496309,1.0101163858150666,1.0000014651632028,1.0012879491271327,117.14289199547488,10.87005731141089,-66.23779175277349,253.86247101040382,193.06534477538258,146.23571812089705,344.9236724936311,-121.29606754657625,97.88288854955124,-134.14461195265696,-85.20812450927612,145.5382363217635
2026-01-01 01:10:00,0.0,0.0,25.0,0.0,0.0,-0.0,-0.0,-0.0,0.0,-0.0,-0.0,0.0,-0.0,1.0000027623467667,1.0041308871493888,1.0000030232127093,1.0094973849467372,1.0000015827188165,1.0017756944368388,118.03055758670561,11.944003818403115,-71.19148431550057,256.3912278522279,194.73810710755777,143.21920358530767,336.5335118658707,-120.94067173574392,97.83588397476151,-131.5028443938803,-85.96987300924661,145.25307732684192
2026-01-01 01:15:00,0.0,0.0,25.0,0.0,0.0,-0.0,-0.0,-0.0,0.0,-0.0,-0.0,0.0,-0.0,1.0000029657998506,1.005659967771137,1.000003018697936,1.0094464537418477,1.0000015039793302,1.0003132108096586,113.5980916779502,11.128014673424637,-67.90397310053308,240.1482930403224,198.18685437387214,146.48149867067988,345.2011857917093,-129.49683308402305,98.99256292329389,-131.34387369569478,-86.46673657160137,148.3348635428989
2026-01-01 01:20:00,0.0,0.0,25.0,0.0,0.0,-0.0,-0.0,-0.0,0.0,-0.0,-0.0,0.0,-0.0,1.0000029985681655,1.0056956833628325,1.0000030826429132,1.0099247299277048,1.0000013982298428,0.9990613223804858,111.9323534761986,10.195951383519384,-63.447841530678865,234.84533209683303,196.12389850715314,149.22894976422347,352.7546051366957,-130.84801259516198,98.91228905960082,-134.0635043385992,-85.64510489022807,149.12478282463945
2026-01-01 01:25:00,0.0,0.0,25.0,0.0,0.0,-0.0,-0.0,-0.0,0.0,-0.0,-0.0,0.0,-0.0,1.0000030579179218,1.0056359338003642,1.0000032876290073,1.0109843522716917,1.0000013673358752,0.9985555441113771,110.28871200184253,9.978570789917766,-62.127355196932584,228.8868874349429,188.68592968505553,149.2729665846373,353.0968952182576,-133.33174382037495,98.51630016639065,-142.7734767251653,-82.88645888125875,150.2214512822273
2026-01-01 01:30:00,0.0,0.0,25.0,0.0,0.0,-0.0,-0.0,-0.0,0.0,-0.0,-0.0,0.0,-0.0,1.0000030716900628,1.005894592622261,1.000003172300393,1.0100335606833655,1.0000015975704386,0.9998653362576502,110.35182929131788,12.055056457240205,-71.82569986474182,228.71874654599623,190.22709514557334,143.18345950775276,336.31094330837294,-133.92024676369067,97.81116521071313,-137.84665208764707,-84.07156988041054,150.34967669651385
2026-01-01 01:35:00,0.0,0.0,25.0,0.0,0.0,-0.0,-0.0,-0.0,0.0,-0.0,-0.0,0.0,-0.0,1.0000029796903167,1.0048943498347536,1.000003226175999,1.0108008414834158,1.0000016323708858,1.0007332860493996,112.61360336717395,12.477820124168954,-73.26456239314751,237.1493477824939,183.40606915599045,141.17820005936207,331.0694132373157,-130.06208262986925,96.08939441814374,-140.08717392655893,-82.62733664268941,148.7417871340297
2026-01-01 01:40:00,0.0,0.0,25.0,0.0,0.0,-0.0,-0.0,-0.0,0.0,-0.0,-0.0,0.0,-0.0,1.0000029724624722,1.0051320491389428,1.0000030657125736,1.0101406954568843,1.0000016189758343,1.0011823886455913,112.62131049689243,12.147601562541636,-72.76001608795599,237.33901486328782,189.58106295030223,143.95741862749233,338.01174944982864,-129.75424154616343,96.48579870761365,-133.2725210148744,-84.89363688904847,148.66529470945144
2026-01-01 01:45:00,0.0,0.0,25.0,0.0,0.0,-0.0,-0.0,-0.0,0.0,-0.0,-0.0,0.0,-0.0,1.0000029241989743,1.0049201583466463,1.0000029025381865,1.0095527029256997,1.0000015186225155,1.0010840063735955,113.66467805305764,11.216241961426991,-68.53548120912262,241.27608455210824,199.7440383054412,146.6955937684134,345.60060589653244,-127.72537218545806,98.41364718521451,-126.38159520643347,-87.67800602406354,147.89527262379502
2026-01-01 01:50:00,0.0,0.0,25.0,0.0,0.0,-0.0,-0.0,-0.0,0.0,-0.0,-0.0,0.0,-0.0,1.0000030214625122,1.0056607382622658,1.0000029388477836,1.010106166153089,1.000001339867692,0.9993790934656464,111.09219919492955,9.617571744977253,-61.020167413296804,231.99408375997476,200.84213971183604,152.06075135829389,360.0828344680415,-131.80058863102389,99.149317715963,-127.94857638558867,-87.50067158952291,149.6014816933233
2026-01-01 01:55:00,0.0,0.0,25.0,0.0,0.0,-0.0,-0.0,-0.0,0.0,-0.0,-0.0,0.0,-0.0,1.0000030676596436,1.0060306725603243,1.0000030596314602,1.0105404507505007,1.0000014274039648,0.9991371334894447,109.51791710072834,10.393731818248929,-64.69761098724844,226.5098844240884,195.53326428386058,149.30387599090795,352.71050059985294,-133.72542853558517,98.47639583532964,-133.0714726216434,-85.7627556929265,150.55617090669057
2026-01-01 02:00:00,0.0,0.0,25.0,0.0,0.0,-0.0,-0.0,-0.0,0.0,-0.0,-0.0,0.0,-0.0,1.0000032330824091,1.0068018198492426,1.0000034431865006,1.0120883500092857,1.0000014676333402,0.9989602089605452,105.6024194200549,10.840634201456075,-66.35960834371035,211.05729588473605,177.13924251058046,146.89747124570314,346.5186599303485,-140.65977869369468,96.46192706448068,-149.32415633274317,-79.8701489984323,153.681309259959
2026-01-01 02:05:00,0.0,0.0,25.0,0.0,0.0,-0.0,-0.0,-0.0,0.0,-0.0,-0.0,0.0,-0.0,1.000003196465381,1.0068132566160881,1.0000035058848418,1.0122598479211693,1.0000015840738983,0.9997972493101595,106.42756304996745,12.038038617985633,-71.22399180319363,214.43876122654143,175.4457101317428,142.18174444172627,333.9792724069606,-139.12443981771963,96.64808193798216,-151.9940632046171,-79.09683703308073,152.97457392288138
2026-01-01 02:10:00,0.0,0.0,25.0,0.0,0.0,-0.0,-0.0,-0.0,0.0,-0.0,-0.0,0.0,-0.0,1.0000030154662256,1.005584093447745,1.0000033957066683,1.0117862964670534,1.0000016172553903,1.0007574777434074,110.62314807020425,12.41584782232604,-72.6038490079819,230.85065782237297,181.20844694338962,140.5922983838051,329.7741666375408,-131.5321859664788,97.23756537867207,-147.33018430903374,-80.88766443620652,149.6729585448289
2026-01-01 02:15:00,0.0,0.0,25.0,0.0,0.0,-0.0,-0.0,-0.0,0.0,-0.0,-0.0,0.0,-0.0,1.00000297191412,1.005514874755482,1.0000031987789417,1.010944245690068,1.0000015061273502,1.0006593599278935,112.01963536760182,11.16290238052965,-67.98927574499531,235.71262757780508,186.30047084987862,146.21295272552595,344.52699176922505,-129.71446980397292,96.76406581848306,-138.94206877204442,-83.28483760045373,148.8240097647909
2026-01-01 02:20:00,0.0,0.0,25.0,0.0,0.0,-0.0,-0.0,-0.0,0.0,-0.0,-0.0,0.0,-0.0,1.0000028867689235,1.0051258199489832,1.0000030889155918,1.0106332878851858,1.0000014541399715,1.0010194516146544,114.53667347150464,10.638911246122527,-65.81995379800833,244.46097256703746,190.39862325902433,148.43258935441406,350.37376776017845,-126.15322881003715,97.00442716661209,-134.27503218932696,-84.807575437657,147.29550942023084
2026-01-01 02:25:00,0.0,0.0,25.0,0.0,0.0,-0.0,-0.0,-0.0,0.0,-0.0,-0.0,0.0,-0.0,1.00000301918447,1.0061242721379564,1.0000030248112044,1.009980793080005,1.0000014735547484,1.0006941935749707,112.15889998884458,10.779676293493369,-66.6486367490836,234.97417417708442,196.47990409125848,148.3615363649895,350.0433684326223,-131.73278365047307,98.45763496887986,-131.5887715631613,-86.18880006929203,149.27583584869393
2026-01-01 02:30:00,0.0,0.0,25.0,0.0,0.0,-0.0,-0.0,-0.0,0.0,-0.0,-0.0,0.0,-0.0,1.0000030656735648,1.006354888568721,1.000003076205941,1.010513535537381,1.0000014055452182,0.9992955975618079,111.16782389176126,10.29921729809854,-63.741335934488774,231.12235907690865,198.30199069084108,148.4321588444538,350.75680457300126,-133.68646751440178,99.60306516498096,-133.80944818249225,-85.9897300498834,150.0457611330969
2026-01-01 02:35:00,0.0,0.0,25.0,0.0,0.0,-0.0,-0.0,-0.0,0.0,-0.0,-0.0,0.0,-0.0,1.0000032516436732,1.0071880267011528,1.0000032515877944,1.0112775517773347,1.0000014918093572,0.9989086358054948,106.74631791885726,11.064553021304256,-67.37573498666269,213.80882498330453,189.68909633989338,146.16511222901545,344.53041782791246,-141.48272423044267,98.46681705504504,-141.23901799555549,-83.32956268569528,153.49332958670357
2026-01-01 02:40:00,0.0,0.0,25.0,0.0,0.0,-0.0,-0.0,-0.0,0.0,-0.0,-0.0,0.0,-0.0,1.0000031709870418,1.0067629366830446,1.0000032787926536,1.0106430868735417,1.0000016252500248,1.0002278209231783,110.19361166862241,12.73986351905217,-72.87164727893187,225.7462684541802,187.50632542328424,137.57930360470772,322.29993881015804,-138.14573556248868,98.0266936949293,-142.38300609687013,-82.78901780874597,151.46430097928553
2026-01-01 02:45:00,0.0,0.0,25.0,0.0,0.0,-0.0,-0.0,-0.0,0.0,-0.0,-0.0,0.0,-0.0,1.0000030488517517,1.0056773768702312,1.0000032853310805,1.0106803490291176,1.0000015673762939,1.0004965961745067,113.21645947773855,12.26727229386938,-70.4064703482911,237.16112387339965,184.16216239155807,137.96274730004333,323.7899308721701,-133.02601380409416,96.98432493412326,-142.6297448439736,-82.24321477119317,149.28817796243504
2026-01-01 02:50:00,0.0,0.0,25.0,0.0,0.0,-0.0,-0.0,-0.0,0.0,-0.0,-0.0,0.0,-0.0,1.0000029522002658,1.0050398087437356,1.0000030978959844,1.0100179976820782,1.0000015428430222,1.000722158786469,114.30238954405107,11.689496007396635,-69.47512256085625,242.36746148597,189.48192918162545,142.76553187217866,335.77939150648456,-128.93624682792884,96.78328699965022,-134.6507029699359,-84.60168062969048,148.0120541722025
2026-01-01 02:55:00,0.0,0.0,25.0,0.0,0.0,-0.0,-0.0,-0.0,0.0,-0.0,-0.0,0.0,-0.0,1.0000028522003492,1.0045060513538706,1.0000029504389274,1.009374748097647,1.0000016083307437,1.001397888171895,116.13361251250298,12.057182179023735,-72.30883970792014,249.48973483729716,193.4853163915132,144.12151887673625,338.5115852925339,-124.72215970040722,96.67724892941334,-128.37169571908282,-86.43718145030698,146.56054388838086
2026-01-01 03:00:00,0.0,0.0,25.0,0.0,0.0,-0.0,-0.0,-0.0,0.0,-0.0,-0.0,0.0,-0.0,1.0000029560832882,1.004696657735777,1.0000030036882246,1.009291559396318,1.0000016153521074,1.0013021014552148,113.89839060673687,12.074275168253532,-72.61931349476933,241.18516229437898,192.79078811127587,144.53846135785668,339.4692482102295,-129.09081843507002,96.96459359917048,-130.6466687721673,-85.8763237695927,148.15693865244546
2026-01-01 03:05:00,0.0,0.0,25.0,0.0,0.0,-0.0,-0.0,-0.0,0.0,-0.0,-0.0,0.0,-0.0,1.0000030906613846,1.00557412396851,1.000003184898808,1.009929616996359,1.0000017359521423,1.0010666326082622,110.56908326638468,13.365035488892165,-77.6612636554097,228.84575795198785,188.41289560959703,139.87985699125912,326.86144295596966,-134.73450625502193,97.32895129797299,-138.36838906348254,-83.70709677569754,150.4874327959936
2026-01-01 03:10:00,0.0,0.0,25.0,0.0,0.0,-0.0,-0.0,-0.0,0.0,-0.0,-0.0,0.0,-0.0,1.0000031974421064,1.0059981675714333,1.0000033353421918,1.0104055617991887,1.0000017534413466,1.0008017686636574,107.4934995130683,13.580675140237545,-78.3869107151578,217.43818946738676,181.60628621133932,138.98628448775534,324.480695440339,-139.1963054747235,96.69224837445721,-144.74733020871133,-81.4440256007782,152.62565426939497
2026-01-01 03:15:00,0.0,0.0,25.0,0.0,0.0,-0.0,-0.0,-0.0,0.0,-0.0,-0.0,0.0,-0.0,1.000003174098388,1.006363091718657,1.000003316084173,1.0103995887311947,1.00000172985348,1.0006955237075592,107.24926322067576,13.373401369014683,-77.38621545767263,217.38091969734333,184.06688209706482,139.29886971630495,325.49253725651124,-138.1953708223271,97.28977397488103,-143.94667169034045,-81.97361015203701,152.44501420833103
2026-01-01 03:20:00,0.0,0.0,25.0,0.0,0.0,-0.0,-0.0,-0.0,0.0,-0.0,-0.0,0.0,-0.0,1.0000031103600573,1.0060281825672182,1.000003290232128,1.0108310153959905,1.0000016153312103,1.0002267644341893,109.04073444406814,12.264146419179408,-72.5615632053158,224.09577463618425,181.45283058141987,142.2212142712583,333.7882445159093,-135.53113945217686,96.14203965242075,-142.81266728945343,-81.79568757642893,151.1648757321959
2026-01-01 03:25:00,0.0,0.0,25.0,0.0,0.0,-0.0,-0.0,-0.0,0.0,-0.0,-0.0,0.0,-0.0,1.0000030019167396,1.0055926392148324,1.0000031718717546,1.010294097427632,1.0000016244765242,1.0007113148870428,111.43145330101926,12.351501734281852,-72.9467084126183,233.39484645365823,189.03320440556118,141.98050433038316,333.1124807304276,-130.97699807309317,97.40165277225171,-137.816339169874,-83.90600221619655,149.30004440362958
2026-01-01 03:30:00,0.0,0.0,25.0,0.0,0.0,-0.0,-0.0,-0.0,0.0,-0.0,-0.0,0.0,-0.0,1.0000029886720547,1.0059254870377896,1.0000030638149302,1.01001514933849,1.0000014966169215,1.0003693078306581,112.37171773899969,11.104105760827304,-67.57955562497351,236.27925492041453,195.50907609537046,146.09161195423198,344.3106001502826,-130.4382762494265,98.51003199413921,-133.2505071927192,-85.72361749149908,148.900633915593
2026-01-01 03:35:00,0.0,0.0,25.0,0.0,0.0,-0.0,-0.0,-0.0,0.0,-0.0,-0.0,0.0,-0.0,1.0000031186868856,1.0063866215483541,1.0000031413148516,1.0104076135624032,1.000001428551349,1.0001754579762925,109.84791299426212,10.453894004258588,-64.72764185750086,226.13211124962947,190.81578756516322,148.52308895136466,350.798226143106,-135.90834784486478,97.68845651811587,-136.52470068851756,-84.4173301565412,151.00611195324967
2026-01-01 03:40:00,0.0,0.0,25.0,0.0,0.0,-0.0,-0.0,-0.0,0.0,-0.0,-0.0,0.0,-0.0,1.0000032117144997,1.0068149204711363,1.000003370985942,1.0119994596432145,1.0000015013157573,0.9997115152795634,107.5267572944484,11.126442415941458,-67.78423806602781,217.14235411416118,179.60696050211993,146.2436192609307,344.64245465751304,-139.8049686302102,96.4377680952524,-146.25479088339634,-80.8441540948385,152.77476928295528
2026-01-01 03:45:00,0.0,0.0,25.0,0.0,0.0,-0.0,-0.0,-0.0,0.0,-0.0,-0.0,0.0,-0.0,1.0000033311030325,1.007352573787789,1.000003464736545,1.0120792932794997,1.0000015527975774,0.9994650675128269,105.42510489431355,11.606021332648599,-69.9496813316784,207.70107195231336,174.8938748863178,144.7600922606967,340.572792894175,-144.82673432661048,95.99305085167107,-150.22519015042604,-79.33928757673,154.88718599470963
2026-01-01 03:50:00,0.0,0.0,25.0,0.0,0.0,-0.0,-0.0,-0.0,0.0,-0.0,-0.0,0.0,-0.0,1.0000032245758397,1.0073590598158528,1.000003341461689,1.0113268784142693,1.0000015056974803,0.9995673155585587,107.69601883848208,11.314107675895972,-67.92012363362862,217.26982431312558,184.573806818716,144.13728895294054,339.4579752066028,-140.3573983405878,97.73653195761872,-145.03926057387812,-81.83976251133804,152.86237083001154
2026-01-01 03:55:00,0.0,0.0,25.0,0.0,0.0,-0.0,-0.0,-0.0,0.0,-0.0,-0.0,0.0,-0.0,1.0000031421065545,1.0070187317896269,1.0000032378320836,1.0109602896090166,1.000001472271512,0.999748841993313,109.7819694181531,10.971956640560471,-66.52435570984655,225.34537098169815,185.62589869526104,145.52094384506032,343.11998246388015,-136.90409255651718,96.95651942691204,-140.60888670340265,-82.85685699965765,151.2796366601819
2026-01-01 04:00:00,0.0,0.0,25.0,0.0,0.0,-0.0,-0.0,-0.0,0.0,-0.0,-0.0,0.0,-0.0,1.0000030176977002,1.005997851645284,1.0000031947334713,1.0105670611229374,1.0000014836947233,1.0008540307556066,112.24799509142647,11.003836409123998,-67.02969036863722,235.25357074791887,185.36203298393477,146.20675809331013,344.6998047722262,-131.67186578605097,96.40551999648169,-138.7593174521697,-83.1822584878889,149.2355051658131
2026-01-01 04:05:00,0.0,0.0,25.0,0.0,0.0,-0.0,-0.0,-0.0,0.0,-0.0,-0.0,0.0,-0.0,1.000002950297532,1.005659890102121,1.0000031026302518,1.010346294483459,1.0000013281770428,1.0011106648315355,113.8563958637226,9.547351818665948,-60.51620356374966,241.2032620540238,188.33339384020678,151.90359569399257,359.7851199668356,-128.84305933819036,96.44025039791057,-134.84209273313766,-84.39851869817987,148.10938128082742
2026-01-01 04:10:00,0.0,0.0,25.0,0.0,0.0,-0.0,-0.0,-0.0,0.0,-0.0,-0.0,0.0,-0.0,1.0000030388922116,1.0058018994707127,1.0000031317298996,1.0103348477134042,1.0000013416913744,1.0011146285546708,112.10101828917873,9.666010902132307,-61.08364535533602,234.34256885013764,191.2599738958167,151.46338880760146,358.61675765220184,-132.57101093554863,97.7407363397059,-136.11839517766464,-84.56106353961128,149.49715944739205
2026-01-01 04:15:00,0.0,0.0,25.0,0.0,0.0,-0.0,-0.0,-0.0,0.0,-0.0,-0.0,0.0,-0.0,1.0000031745499205,1.0063643823019206,1.0000032827429006,1.0114977960684601,1.000001309079525,1.0002612080536404,109.23829157271976,9.45134418463403,-59.68510488418295,222.97441153623322,186.25891876894403,151.3252004407151,358.51569480630496,-138.27068446389023,97.65323211624921,-142.53980876002913,-82.57422427212273,151.80354046085563
2026-01-01 04:20:00,0.0,0.0,25.0,0.0,0.0,-0.0,-0.0,-0.0,0.0,-0.0,-0.0,0.0,-0.0,1.0000032941751016,1.0070812312465225,1.0000032666097651,1.0109229415890535,1.000001792315151,1.0004195853057058,105.1597052117165,13.774629794357232,-80.07416767274776,208.01991909273633,184.52865830675802,140.0166813150634,326.61710224528986,-143.247430308481,96.9020257901141,-141.83113606342243,-82.45389854014108,154.5519361561477
2026-01-01 04:25:00,0.0,0.0,25.0,0.0,0.0,-0.0,-0.0,-0.0,0.0,-0.0,-0.0,0.0,-0.0,1.0000032693835939,1.0069084806862996,1.0000032530374452,1.0111030549430136,1.0000016087551808,1.0003706014335063,105.50262829730423,12.046994277133686,-72.33101941268802,209.73169796349057,184.94725793323423,144.28582892182584,338.91038172464766,-142.202151695605,96.89415494286915,-141.25370145066452,-82.62942169409632,154.13774829186636
2026-01-01 04:30:00,0.0,0.0,25.0,0.0,0.0,-0.0,-0.0,-0.0,0.0,-0.0,-0.0,0.0,-0.0,1.0000031257637327,1.006168889540104,1.0000031534365428,1.0106220819703073,1.000001620814598,1.0007173525379465,108.8079032037565,12.159466843656555,-72.83908387891084,223.04667557757486,184.90096254387154,143.97534806532806,338.03877144288697,-136.18074534453442,95.81030982747262,-136.9849839934308,-83.46713045504438,151.4057768477035
2026-01-01 04:35:00,0.0,0.0,25.0,0.0,0.0,-0.0,-0.0,-0.0,0.0,-0.0,-0.0,0.0,-0.0,1.0000028396329323,1.0041578687463388,1.0000031027999483,1.0102205922210872,1.0000015892485818,1.001666712042335,113.8876846027153,11.835541229530616,-71.51870396765842,243.74850610296366,187.92944299628385,145.17680565118496,341.26943721437846,-124.12615590545845,96.30433369750178,-134.8453235250851,-84.3396163062453,146.98662456856349
2026-01-01 04:40:00,0.0,0.0,25.0,0.0,0.0,-0.0,-0.0,-0.0,0.0,-0.0,-0.0,0.0,-0.0,1.0000027518457195,1.0040359807008026,1.0000030876542945,1.0108687012076585,1.000001441041089,1.000464194331215,116.89341385757551,10.509345016307794,-65.27336776290059,253.59577621086453,186.99576357427114,148.993862775655,351.8471475686296,-120.46269354133717,95.82867732318749,-134.18693742997473,-84.33727724915643,145.40824380421694
2026-01-01 04:45:00,0.0,0.0,25.0,0.0,0.0,-0.0,-0.0,-0.0,0.0,-0.0,-0.0,0.0,-0.0,1.0000025867547229,1.0040901578089305,1.000002459160597,1.0052642607294948,1.0000013304171633,1.0005874747686758,123.24467265963027,9.844303207084302,-60.500625296497155,273.34677097920115,241.82219877074994,147.327125049328,348.63684390201394,-113.58559423335402,110.23591384770167,-107.8023016967436,-95.97341407807258,142.5643070395333
2026-01-01 04:50:00,0.0,0.0,25.0,0.0,0.0,-0.0,-0.0,-0.0,0.0,-0.0,-0.0,0.0,-0.0,1.0000020803453753,0.999013944138854,1.0000026390582202,1.0095981406065428,1.000000446255976,0.9952321418440265,135.20119946796754,3.239065307475459,-23.229502400647085,311.34040139861133,237.56566619663786,171.14639829303255,410.3987914590347,-92.26437923387415,109.97707104173939,-115.4689579277054,-94.07821751424272,136.50654433475498
2026-01-01 04:55:00,0.0,0.0,25.0,0.0,0.0,-0.0,-0.0,-0.0,0.0,-0.0,-0.0,0.0,-0.0,1.0000022117850011,1.0019251850441746,1.0000023123112554,1.0034088588295484,1.0000014074956483,1.002391090791535,130.86193671273904,10.072222494336808,-63.9155519326279,298.70820552702634,248.9834534318945,152.1560247629012,359.8126221717985,-97.77061257896864,111.96178769507497,-101.58094703092787,-97.80572340002756,138.12346297179988
2026-01-01 05:00:00,0.0004182600307717,0.33460802461736,25.0,0.0,0.0,-0.0,-0.0,-0.0,0.0,-0.0,-0.0,0.0,-0.0,1.0000020619376282,1.0038715627243886,1.0000025998764657,1.0061754705521007,1.000001122733431,0.9991774527659751,131.84446052233176,7.9920570808259965,-51.80399906543759,303.18600812188953,243.83553114240328,155.12319101839253,368.95264467598474,-91.39394073221115,112.0443557441038,-113.852615824273,-94.97133665980715,136.77476971563462
2026-01-01 05:05:00,0.005940999620773,4.7527996966184,25.0,0.0,0.0,-0.0,-0.0,-0.0,0.0,-0.0,-0.0,0.0,-0.0,1.000002244198331,1.002189656962997,1.0000020695713028,1.0123947486734972,0.999999093826269,0.987506561057601,121.07021620311797,-3.743151654805275,33.680392496751764,273.4464486550359,291.0831111658398,214.84177577939815,514.9012293928419,-98.90685001768121,127.05381726948276,-91.59995707038811,-102.53229968329651,139.88492561879994
2026-01-01 05:10:00,0.0098291107231325,7.863288578506,25.0,0.0,0.0,-0.0,-0.0,-0.0,0.0,-0.0,-0.0,0.0,-0.0,1.0000018257477739,1.0004103221055145,1.000002567686463,1.016282995474741,0.9999981800377176,0.9795776416728421,149.94212023789242,-7.427114669318354,72.43080722351098,350.7271964793633,231.83369541825638,233.32109582102686,555.683619882185,-81.74816293500885,107.26359263079489,-112.35307568302974,-94.14418881955731,133.11988953541382
2026-01-01 05:15:00,0.0100382407385083,8.03059259080664,25.0,0.0,0.0,-0.0,-0.0,-0.0,0.0,-0.0,-0.0,0.0,-0.0,1.0000018692213266,1.0036150695129096,1.0000010945015145,1.002957252470246,0.9999985151532178,0.9881628405047318,156.63901165002068,-6.657088064030236,58.60571577827691,366.7673615534145,330.25350482004876,210.50740672002706,502.18298757998286,-83.77169117397382,139.08355238618742,-50.206858070802134,-111.35622788487728,132.8654760359688
2026-01-01 05:20:00,0.0100382407385083,8.03059259080664,25.0,0.0,0.0,-0.0,-0.0,-0.0,0.0,-0.0,-0.0,0.0,-0.0,1.0000010841108813,0.9956881053151408,1.0000023383112382,1.0074073686816414,1.0000003985117056,1.0005680524560163,162.49055150607225,2.9179467006060054,-21.247194270390487,387.00759887092516,254.72922980814334,173.74761278431956,416.76195071909893,-50.3296008020555,114.36200275167201,-102.75262886042594,-98.03218848338004,127.40910381927905
2026-01-01 05:25:00,0.0100382407385083,8.03059259080664,25.0,0.0,0.0,-0.0,-0.0,-0.0,0.0,-0.0,-0.0,0.0,-0.0,1.0000012509603455,0.9977043220913882,1.0000026897879384,1.011238065481477,1.0000000697564755,0.9943723953809507,146.51009520610452,0.9571448315071865,-7.445213372234706,347.2243952986501,239.38442399784242,185.45539831948864,445.36033599318097,-57.08149388194221,111.05820339219174,-117.66110292351273,-93.8254995959508,129.33509757718932
2026-01-01 05:30:00,0.0100382407385083,8.03059259080664,25.0,0.0,0.0,-0.0,-0.0,-0.0,0.0,-0.0,-0.0,0.0,-0.0,1.000002021537195,1.0032313665046542,1.0000015933529518,1.002580291281725,1.000000561005041,0.996667590484408,137.305851769679,3.8558666287094314,-28.230979368573042,317.31567603837937,291.2136458504787,174.76661921027372,418.8002678060159,-89.80404117433172,124.81979335932901,-71.19366215710454,-106.26261739651807,135.8017069659375
2026-01-01 05:35:00,0.0100382407385083,8.03059259080664,25.0,0.0,0.0,-0.0,-0.0,-0.0,0.0,-0.0,-0.0,0.0,-0.0,1.000000912168406,1.000598593984051,1.000000309532187,0.9991673561497578,0.9999991498581927,0.9916776667396967,160.29567843454038,-3.557294980963105,31.37971881890506,382.5952831101199,367.7786049818148,210.61086680240035,504.8656742923342,-42.917121152262055,153.29007386139503,-16.943843644942334,-117.36269643503779,126.3998109080003
2026-01-01 05:40:00,0.0102473707539176,8.19789660313408,25.0,0.0,0.0,-0.0,-0.0,-0.0,0.0,-0.0,-0.0,0.0,-0.0,1.0000024047995424,1.0047218154661106,1.0000013001137817,1.002782946708987,1.000000553311821,0.9945770647769866,126.38538653057283,3.6417178000569734,-28.133072919255017,284.4785439138382,275.9140790437542,184.38373859528377,441.95437466016176,-105.8995664365363,117.43048895034558,-58.474263428270845,-108.0347627534397,140.41783052332235
2026-01-01 05:45:00,0.016935263426666,13.5482107413328,25.0,0.0,0.0,-0.0,-0.0,-0.0,0.0,-0.0,-0.0,0.0,-0.0,1.0000020761292454,1.0009579681381668,1.000001405732612,1.0053690850088581,1.000000407249687,0.9955095571040009,133.83393033780732,2.7316305959187477,-22.081524168870853,307.9779568302016,248.73624625322697,192.86927759600087,462.70260884104937,-92.05005458931966,106.8057762414507,-62.72844564857364,-105.84612962630545,136.64021410866462
2026-01-01 05:50:00,0.0200081944557777,16.00655556462216,25.0,0.0,0.0,-0.0,-0.0,-0.0,0.0,-0.0,-0.0,0.0,-0.0,1.0000017821089469,1.0013948620717197,1.0000014354076154,1.0057145733471535,1.0000004121141755,0.9968730746680213,143.21941289303885,3.046065199235501,-21.748697535836005,334.6171655121143,294.6473246603408,170.37683864022176,408.6289989807876,-79.7168590958169,125.58007160417245,-64.45952355684742,-107.66030146047089,133.39952006857897
2026-01-01 05:55:00,0.0232134322921475,18.570745833718,25.0,0.0,0.0,-0.0,-0.0,-0.0,0.0,-0.0,-0.0,0.0,-0.0,1.0000023983407609,1.0030257654681507,1.0000011501189177,1.005372092932455,1.0000004752058114,0.9921819916966617,127.27350055193409,3.16989719706401,-24.853281789585434,286.8468395351559,273.8001649191405,187.09738809169463,448.67862806144603,-105.64648382771362,116.0385507901859,-52.025320520268025,-109.24173534878385,140.21850681329113
2026-01-01 06:00:00,0.023354274981791,18.6834199854328,25.0,0.0,0.0,-0.0,-0.0,-0.0,0.0,-0.0,-0.0,0.0,-0.0,1.0000021857124395,1.0027185969083914,1.0000022201470327,1.0077727189475036,1.0000006686446052,0.9949297929311832,132.89567485721045,4.669819756329022,-32.65242443274164,304.1834272560704,252.65239108302183,166.96915969407425,399.6914386715374,-96.70810329907678,112.7800712407481,-97.66809930295722,-98.86528047113839,137.63645383632672
2026-01-01 06:05:00,0.0233528523283525,18.682281862682,25.0,0.0,0.0,-0.0,-0.0,-0.0,0.0,-0.0,-0.0,0.0,-0.0,1.0000016396854507,0.9985480267115531,1.0000018340292383,1.0061455573473308,1.0000004150981734,0.9945301803071327,147.5421134115194,2.9930040409582035,-21.996644157492486,346.60800290742424,280.5380953827525,175.36981638892462,420.62462071337313,-73.73352567718246,121.62181730352714,-81.40064293824302,-103.8198161223008,132.0089805454374
2026-01-01 06:10:00,0.0303878726791428,24.31029814331424,25.0,0.0,0.0,-0.0,-0.0,-0.0,0.0,-0.0,-0.0,0.0,-0.0,1.000001828844822,1.0028501768105658,1.0000013973337294,1.0001427548112949,1.0000004839821781,0.9951321525937483,143.23912384104923,3.4780605970528184,-24.82627382264429,334.18350527837583,308.10228564502864,170.35808090517847,408.4084667599103,-81.71531268983516,130.93198178639463,-62.96257183643,-108.45069760535972,133.7400285297606
2026-01-01 06:15:00,0.0371554339670341,29.72434717362728,25.0,0.0,0.0,-0.0,-0.0,-0.0,0.0,-0.0,-0.0,0.0,-0.0,1.0000021865792506,1.0048132542241124,1.0000014040651115,1.002320237768838,1.0000004046065556,0.9930752694366806,132.66870874644192,2.90042410332733,-21.604101737143516,303.6013896393329,295.4918289961131,177.73160167766818,426.32482182643236,-96.73942465637613,125.80632376561469,-63.12484099081386,-107.94176389173334,137.67353140684747
2026-01-01 06:20:00,0.0488937453790626,39.11499630325008,25.0,0.0,0.0,-0.0,-0.0,-0.0,0.0,-0.0,-0.0,0.0,-0.0,1.0000022675884122,1.0053167632509319,1.0000011741639594,1.0004167445258578,1.0000005692639498,0.9938948523224783,129.57394568702034,3.8427319387001173,-28.663742832445813,294.66316316563103,309.3741769597851,178.05071174629404,426.67665105631175,-100.12150491169207,130.71594723087244,-53.41171486972619,-110.20517719959385,138.76648733945007
2026-01-01 06:25:00,0.0610488937994654,48.83911503957232,25.0,0.0,0.0,-0.0,-0.0,-0.0,0.0,-0.0,-0.0,0.0,-0.0,1.000002028513302,1.0040664832719681,1.0000013507789278,1.0011281427221832,0.9999999094309261,0.9939793990288451,136.98929216519068,0.1073291786190766,-0.9005727094984403,316.44295237891845,292.54943081365514,198.98180381378617,477.90905185866814,-90.09425785997595,124.4089779120957,-60.81190182300045,-108.25761351754,135.89172288527928
2026-01-01 06:30:00,0.0755258111435916,60.420648914873276,25.0,0.0,0.0,-0.0,-0.0,-0.0,0.0,-0.0,-0.0,0.0,-0.0,1.0000006972731676,0.9900296291373717,1.000002068791369,1.0058163948051915,0.9999996281166033,0.998682976169311,176.82734932509044,-1.3684693688239462,11.230522480953788,423.32771026181865,249.81398724922093,195.8825667521119,470.3320307231596,-34.115844317131675,110.7197899223661,-91.153581600008,-99.95402620270136,124.60692449487786
2026-01-01 06:35:00,0.0895247205218505,71.6197764174804,25.0,0.0,0.0,-0.0,-0.0,-0.0,0.0,-0.0,-0.0,0.0,-0.0,1.0000015441935401,1.0006730363702505,1.0000010013528315,1.0001460163418414,0.9999993655162955,0.9924642585021477,149.51261070240096,-2.4865834806585814,22.096917579270453,352.26765283296686,324.0049545555277,212.11624838581426,508.9761920035224,-69.6980121502746,136.26376849202944,-46.15258822426747,-111.89352611189376,131.1912543879765
2026-01-01 06:40:00,0.1081671679509979,86.53373436079832,25.0,0.0,0.0,-0.0,-0.0,-0.0,0.0,-0.0,-0.0,0.0,-0.0,1.0000011543606953,0.9997517603156238,1.0000006803877017,1.001226743436061,0.9999987481315262,0.9893006343600396,158.39680919395414,-4.8747055940296145,48.012443937415235,376.6909602014388,333.66361442968133,235.2809784201679,563.0484048045845,-53.23678528794804,139.58079241800908,-32.49481175668152,-114.43806967768566,128.04368947466665
2026-01-01 06:45:00,0.1262448205475878,100.99585643807023,25.0,0.0,0.0,-0.0,-0.0,-0.0,0.0,-0.0,-0.0,0.0,-0.0,1.000000916367571,0.9969038775571866,1.0000009140426285,1.0028954430049875,0.9999994714767707,0.9919175873940019,167.86180705478213,-1.9634546382941855,17.530518936528416,400.8372673351326,309.5153315139231,213.10824596370878,511.53793943842106,-43.279656334434435,130.06516986753968,-42.26604748706981,-112.22445149973312,126.1619944213087
2026-01-01 06:50:00,0.1401256473977826,112.10051791822609,25.0,0.0,0.0,-0.0,-0.0,-0.0,0.0,-0.0,-0.0,0.0,-0.0,1.0000009052291612,0.9971803976623602,1.0000014297145476,1.0061279822372537,0.9999987474387185,0.9899183581928924,168.86859985192135,-5.0268761908815245,48.19311380613744,403.3176323837056,300.2012230901432,229.03278907146085,547.969850287084,-42.82716482036788,127.8235671643757,-64.27113375469527,-107.91617453611538,126.06082385603588
2026-01-01 06:55:00,0.1610215759536925,128.817260762954,25.0,0.0,0.0,-0.0,-0.0,-0.0,0.0,-0.0,-0.0,0.0,-0.0,1.000001105243659,0.9991715294902941,1.0000016300484136,1.0057946996315508,0.9999993237327979,0.9914771807782813,160.76651408014442,-2.6616355835201615,23.84628119656322,382.71720050781096,288.2200091536656,213.86037144715155,513.090761552459,-51.192269434304414,123.76496364566718,-72.73623208124982,-105.83675704017425,127.61815128601872
2026-01-01 07:00:00,0.1852891980726047,148.23135845808375,25.0,0.0,0.0,-0.0,-0.0,-0.0,0.0,-0.0,-0.0,0.0,-0.0,1.0000001495246986,0.9972761552077316,1.000001186016314,0.9997732504693654,1.0000001838828378,0.9974435030013108,188.16088113376608,1.5602664364097054,-12.452159626484464,451.78842367720864,321.3838611935491,190.33533013100157,456.9735008885582,-10.927893771816045,135.68916423243343,-54.03981394011858,-110.45558936227138,121.38500042486784
2026-01-01 07:05:00,0.2078055282878047,165.69027455480963,25.83333333333333,0.0,0.0,-0.0,-0.0,-0.0,0.0,-0.0,-0.0,0.0,-0.0,1.00000043013816,0.9952260787007562,1.0000017367981946,1.0057788481887087,0.9999995967881242,0.9969366585997483,175.3112273909701,-1.4272938949681917,12.326572481529757,420.4495996719121,296.88420551504777,206.1414169299954,494.95206874847486,-22.63940579763637,127.74148971441973,-77.39752881025836,-105.3886538552239,123.08159282234433
2026-01-01 07:10:00,0.2263483902492961,179.87152078477394,26.666666666666668,0.0,0.0,-0.0,-0.0,-0.0,0.0,-0.0,-0.0,0.0,-0.0,1.0000002133507282,0.9892572862463287,1.000001224471738,1.0051235237072191,0.9999991480399479,0.9949289150040572,181.36982449507067,-3.216979685803139,30.990681481696182,435.40077883130095,290.7600656480977,229.98563402983555,551.50371877632,-13.499004499747855,123.23665399558122,-55.381302523562645,-109.21638960455937,121.77522597027699
2026-01-01 07:15:00,0.2467734226740744,195.44455075786692,27.5,0.0,0.0,-0.0,-0.0,-0.0,0.0,-0.0,-0.0,0.0,-0.0,0.9999985101125866,0.9776595064842374,1.000001917131136,1.009253361563485,0.9999987272457663,0.9981588780446745,238.23125525754747,-4.988859335862285,48.93166696576053,569.2149264282783,263.8212390859218,234.31126955714905,560.6314137745932,58.15056629833812,115.37820829013849,-84.7945715168562,-102.18247127887284,114.16618231856691
2026-01-01 07:20:00,0.2662523888768188,210.16188562010228,28.33333333333333,0.0,189.46604321459853,0.0003170671247114568,189.4667495863683,63.15374007845493,0.0004400461257880579,-0.00160790059754072,63.15803991609733,63.154969591816055,0.001484921596464119,0.9999999886960161,0.9941487277084319,1.0000001830521392,1.0003555222695522,0.9999994166751905,0.9963287081876435,166.15734091413563,-2.3284483669652745,20.05977553755274,399.05747639654214,261.68845527924424,205.6326848604405,493.4760433647684,-3.508020211199939,109.04319717367494,-10.462072808680023,-117.71093468142378,120.50312712322271
2026-01-01 07:25:00,0.2859504468806434,224.94768487943946,29.166666666666668,0.0,203.29470498500527,-0.00020455952024485665,203.29435646443716,67.7643007445605,-0.00030082323427404843,-0.00016823638033383758,67.76503590317942,67.76501981669725,0.00026450009436302936,0.9999999820807731,0.9950293041610981,0.9999990394185747,0.9993832878746863,0.9999990657801899,0.9920300804186855,147.91931668620566,-3.441620287401884,34.3222331682966,355.2582988024855,280.5876007193956,238.100473357994,570.8328263043746,-2.7861579109887535,117.91165613266993,38.35724659218224,-127.78464490902762,120.4488651228098
2026-01-01 07:30:00,0.3060639182892509,239.9541119387727,30.0,0.0,217.39677376218103,-0.000133110146042327,217.39679757403078,72.46481769831071,-0.0005842501582487785,-4.9487059197417695e-05,72.4655249679177,72.46645490780237,0.0005006270714038692,1.0000011126815034,1.00175250510479,1.0000016284712656,1.0136278995099768,0.9999984699231392,0.9883859797409692,124.8502656025801,-6.8104532491275345,60.49946141808613,295.55616614929215,213.45533176031614,212.43799290553727,506.62841982565806,-50.6387050665,93.78289029948853,-71.9205601637044,-101.37981725481814,129.72189709793295
2026-01-01 07:35:00,0.325963992032081,254.68653244106596,30.83333333333333,0.0,231.30706769475552,0.00020679950747489785,231.30735634616556,77.10317397805018,0.00036782941062756436,0.00023166953329200625,77.10220956779196,77.10197280032342,-0.00039269943644467276,1.0000010287846615,1.0003976823981102,1.000002127644916,1.0138179357930053,0.9999991485224855,0.9942287608784679,125.67957799672087,-4.074805658402353,31.994426522391905,298.16218288540017,185.17312360828285,187.49416191749734,449.1807905403091,-47.069519328541645,86.28095039577691,-93.0289225323154,-93.32580302324666,128.97059241174205
2026-01-01 07:40:00,0.3539333493559662,275.59610136517904,31.666666666666668,0.0,251.1615898508587,-0.0001702853059118752,251.16138871325467,83.71984716872107,-0.000314393249116165,-0.0001817345178424148,83.7206499696469,83.72089157488669,0.00032584246104670457,1.000001700406536,1.0044436552717755,1.0000023703296705,1.0158038718867375,0.9999990812208898,0.9900928242147664,105.53153466725209,-4.340097230061143,34.78608101451019,242.02351402281457,168.47248988211024,191.41366829335914,458.414597185278,-75.28906801726697,82.27243517974044,-103.2617352520055,-88.49487145603948,137.27963341841152
2026-01-01 07:45:00,0.3735759285604019,289.8949205628719,32.5,0.0,264.81444063492165,0.00015683545174624672,264.81829529575344,88.27327634606385,0.0008286641644031079,-0.0004202441752931918,88.27482858170507,88.27019036798453,-0.00025158453736366936,1.000002391152505,1.0062703453329769,1.0000024992471324,1.0151311666022642,0.9999992285877913,0.9921717224565231,90.09202243958784,-3.7595095239645984,28.688683320436034,189.54921772682184,164.69200947698567,182.200128517097,436.66235497683687,-104.36492241598926,82.17093226374813,-108.74848067236424,-86.56287034040206,148.8367222843446
2026-01-01 07:50:00,0.3936765878170876,304.443227911881,33.333333333333336,0.0,278.76846013654733,0.0011437839471846018,278.7663932739623,92.9249164287112,-0.00013963899415011838,0.0008387698661972536,92.92001069746725,92.92146614778387,0.00044465307513746666,1.0000013714101315,1.0030707713271458,1.0000023451905058,1.0144457301531427,0.9999986982254734,0.9930563808240537,114.31516407449645,-6.258618965241735,51.12091815685369,267.59577844484676,165.59860962175364,195.26197085059226,466.18056389347356,-61.44631932535583,81.01193972089257,-102.1556840442102,-88.33031278054024,132.93192433712844
2026-01-01 07:55:00,0.41296208466619,318.2561132494104,34.166666666666664,0.0,292.07586157008035,-0.00019424475316986902,292.07540698597086,97.35908752964362,0.0008646752800989361,-0.0005245995918739937,97.35944170411817,97.35687775220907,-0.0005343204413948115,1.0000005214334138,1.007076302138946,1.0000012012039063,1.0035369719461587,1.0000002251262696,0.9995142593507673,141.24578057843792,2.151465202112973,-13.147832226631866,338.2639641204861,228.48465581863533,145.7865008169128,349.8998266003052,-25.729127790389814,97.72930269071063,-53.76106459893466,-106.75979361275114,124.34921952150934
2026-01-01 08:00:00,0.431439488401718,331.3455270925194,35.0,0.0,304.7390873191248,-3.637777205631205e-05,304.739072413008,101.57898655799028,-0.0005307595225390287,5.4247685679001734e-05,101.57946734052864,101.58061851448909,0.00044013406480371487,1.0000014270758564,1.0078266093182922,1.000001667591239,1.0075768924835398,0.9999993542170652,0.9946934044050604,114.75871172912126,-3.215018512158961,23.489417795785755,268.13073946387533,201.15667671094715,174.41439857420843,418.2451561783469,-63.837138796571075,89.16513994953415,-73.47393923018655,-99.93518112854659,133.3914279026179
2026-01-01 08:05:00,0.4508843295340413,345.67798597609834,35.416666666666664,0.0,318.6638382974793,-6.316600039599507e-05,318.6638082376857,106.2208598153188,-0.00027098793596405814,-4.597323006601073e-05,106.22113665758789,106.22181176477903,0.0002537951656340738,1.000002224643921,1.0063195172882502,1.00000212948249,1.013732894635338,0.9999986198535602,0.9919315676050634,84.18490542751846,-6.389143540613049,54.29197477015217,177.3485263557621,161.34809729683337,203.15513156427232,484.9027481830904,-97.10738842604698,77.51176315681607,-92.8693218547551,-90.0761911985879,148.70272099985192
2026-01-01 08:10:00,0.4674055878549461,357.72107657165213,35.833333333333336,0.0,330.41199191087463,-0.0006237505648082333,330.4104498813938,110.13890346500686,0.00017266908078590859,0.0007285732605087106,110.135775869524,110.13577054686294,-0.0015249929061028524,1.0000004360295842,1.0001377104249853,1.0000014582234202,1.0040101571200608,0.9999996829415535,0.998956287667861,138.98912681349674,-1.463830855139102,9.763326230143242,333.0941624755494,226.0107767984962,159.18266599549202,382.1964806003511,-22.017550022830548,97.88702458653853,-64.75047532302646,-104.01367296397704,123.78130845989969
2026-01-01 08:15:00,0.4847036425235103,370.31358288796184,36.25,0.0,342.7426395632247,-0.00019763554791461498,342.7425594406464,114.24583014206969,-0.0005900412531427719,-0.0004785999114101287,114.24786910272347,114.24886019585324,0.0008710056166382856,1.0000013549169104,1.0044355389681934,1.0000020218534527,1.0149116956681352,0.9999988028461574,0.9881315827896533,110.13555579822074,-6.126548652081524,46.92734905343905,257.4773358897397,181.68701664781588,183.09215491772807,437.23493436140797,-60.63828194554294,84.13661010784803,-88.46051478078644,-94.03953097604061,133.2518512500549
2026-01-01 08:20:00,0.5001692996384282,381.4624525242412,36.66666666666666,0.0,353.6993740989612,-0.004552051368610137,353.70002393427336,117.90036454514645,-0.006387391734959692,0.0023164255663068616,117.89773426110527,117.90192512802166,-0.00048108519995730605,1.0000020725013903,1.0053060352609824,1.0000016402449967,1.0153414691006064,0.9999986560214978,0.9904056248201104,89.05038222344125,-6.148290524693758,52.69842743570399,193.67181374580372,125.5440292392359,204.8866075309519,489.26141067150814,-90.75085542374188,60.16344373614405,-71.54564274420392,-90.32200771270071,145.10661694564348
2026-01-01 08:25:00,0.5177362103885067,394.16983484244975,37.083333333333336,0.0,366.2332351178899,-0.0001249145541387407,366.2328703899069,122.07868907107195,-0.00032270557236370223,0.0006275851239624899,122.07644414230724,122.0777371765277,-0.0004297941057375283,1.0000010528536571,0.9970583185831619,1.0000026972535991,1.0166039564493845,0.9999993170773459,0.999318268809143,112.72937614117951,-3.5993390468001194,25.24903005694404,266.5011180658918,112.7249538775432,167.47982385276086,401.45571560562024,-47.78413768309151,67.55908278201514,-116.71391423609106,-74.00412411528261,130.16486515498949
2026-01-01 08:30:00,0.5340754008534307,405.8973046486073,37.5,0.0,377.6440733273089,-0.0001409335222087975,377.64312065711624,125.88072708889983,-0.00022907086795385113,4.9107864280813376e-05,125.88140836655366,125.88098520166278,3.9029481464240236e-05,1.0000009218519748,0.9969425536924507,1.000000426289638,1.009572601772064,0.999998853206225,0.9920556683340037,114.37475739690034,-4.994612082077436,44.094675038933474,271.4391226558952,140.92827105730743,210.90333832520733,504.61935358464126,-42.21968372183923,59.245852650711186,-19.677438107791918,-112.05152134092107,128.84058963918082
2026-01-01 08:35:00,0.5459687702438807,414.20830702502417,37.91666666666666,0.0,385.606072119841,-2.9629787968133312e-05,385.6059652039363,128.53516512721467,6.233924771413513e-05,-3.503962448303355e-05,128.5355928962497,128.5352071804719,-5.6929411199234896e-05,1.0000008974798853,1.0030781617265148,0.9999996704754379,1.0089548352946924,0.9999986862197334,0.9888841712020622,108.40813248738006,-5.67117665930247,51.145669016679896,257.1189751669705,176.04963393949987,215.52024893188107,515.097944730872,-41.03196751578336,73.4802009920305,12.360350812723176,-124.01635096863323,129.06666773834903
2026-01-01 08:40:00,0.5618683410552993,425.52162362587995,38.333333333333336,0.0,396.45911015359195,5.0354936528037805e-05,396.45939126745014,132.15368635865022,8.801689397341761e-05,0.00011922116376081249,132.15302718107623,132.1526777277237,-0.0001568831212061923,1.0000001775007752,1.002741394735526,1.0000006730197954,1.0097964460576716,0.9999997934368354,0.9993355954964687,129.80494735399412,-0.8140407484479565,5.193197723757505,311.5781317796488,196.5766009600878,152.2839817957236,365.7152375035976,-10.723409075681412,82.84527138615529,-30.807352927531493,-111.09335626189763,121.97072182382121
2026-01-01 08:45:00,0.5761532142404362,435.5718299657698,38.75,0.0,406.114741006394,-0.00019209092658411468,406.11439258713233,135.37110089598957,-0.0002454907965379789,-0.00015551440241688398,135.37117661522063,135.3721150759221,0.00020891427237074823,1.0000000341925623,0.9993234223393669,1.0000016016847402,1.0150624977115887,0.9999987011241083,0.997198393848793,131.09621529480373,-6.776518333210324,51.33809253483655,314.8300821019248,153.47371437637224,181.16462438011612,432.0772563114537,-4.614721620874887,70.26259617869553,-70.17259157332687,-95.42896523678546,120.83934989626991
2026-01-01 08:50:00,0.588568696855986,444.1731765606508,39.16666666666666,0.0,414.38909021151983,-5.249879438633798e-05,414.38889775213664,138.129205728363,9.526171346806223e-05,-0.00020464637924305862,138.13016327145607,138.12952875231758,5.6885871388658416e-05,1.0000005616213563,1.0030176679879312,1.000001368529766,1.0115575073176888,0.9999987394585408,0.9938238413956628,115.24081009276664,-6.583151795012387,49.70847498896076,275.48012080572096,189.22800174933306,180.54306338670673,430.7650627062127,-26.823027039809574,82.7203318000112,-60.53878922770817,-102.25947457359806,125.56089267894924
2026-01-01 08:55:00,0.5999726756424204,451.97941565062337,39.583333333333336,0.0,421.9070982825217,7.583420994933466e-06,421.9074077522805,140.63623698916533,-1.4517369976374539e-05,0.0001798877804321819,140.63582816104122,140.63534260207396,-0.0001577869894608739,1.0000013348002084,1.0075328697453656,1.0000016223034764,1.009150116182184,1.00000024805314,1.0014111893327295,92.76512134150602,2.566396027996072,-13.683306082229835,214.7515140514935,157.91671057876948,127.21355376618656,305.23212679755017,-59.348718368347356,72.10683666598393,-71.1006213952124,-95.76097162328549,135.44837932128368
2026-01-01 09:00:00,0.6102840814210759,458.9336292286491,40.0,0.0,428.61138347234504,-8.807772413683778e-05,428.6106512368639,142.8708605954168,0.0001578924880336672,0.00013965736366662896,142.87025150462884,142.86953913681828,-0.00038562757583713393,1.0000003018276542,1.0052819589229016,1.0000002544080537,1.0022757796463877,0.9999999498534101,1.0026393082372251,112.92225954686214,0.18344408314355282,-1.0149495780075324,270.76269126719643,262.44167206571205,131.68354599700123,316.2728834430644,-15.642796407957839,109.414818346612,-13.527447103508152,-117.04967518116815,123.30611636444094
2026-01-01 09:05:00,0.6273900601810332,470.9608051758956,40.41666666666666,0.0,440.22153267635423,-5.320050089289909e-05,440.22169639252263,146.74040751638123,-9.486432128983324e-05,-8.962328639609042e-05,146.74038610151402,146.7409027746274,0.00013128710679302457,1.0000011210382576,1.0043051267076208,1.000001326563904,1.0073362981354779,1.0000003168851546,1.003636005075469,90.53526270032562,3.255966002169555,-16.476484150474544,211.5820847482172,186.50691114343147,120.76932377904059,289.59275149529344,-50.15658158501597,81.41053427170733,-58.71318601128203,-102.52602165679204,133.3357947876969
2026-01-01 09:10:00,0.6365747004646631,477.00664221485425,40.833333333333336,0.0,446.065022581891,-0.00012373186671015902,446.0648154394288,148.68791194131325,6.200621248876815e-05,-8.867897246818757e-05,148.68859048736903,148.6883130107465,-9.705910673073958e-05,1.0000024321630947,1.011994039640822,1.0000016940969976,1.0085225848034216,1.0000005693374006,0.9981290419433722,68.64645910780233,5.547446147003654,-27.19915433476537,126.70627188442614,155.74171649938222,117.13899490414298,280.0240718501205,-105.4937068982872,71.81960265862469,-74.15546263825475,-94.53904121847897,159.7800776780275
2026-01-01 09:15:00,0.6505337894155443,486.5992744828271,41.25,0.0,455.3466015446348,-6.0706052386649405e-05,455.3466478796587,151.78223030303528,5.274737139234276e-05,-0.00025986219332844486,151.78201853777347,151.78239903884992,0.0001464087695494527,1.0000020825702367,1.004000437039023,1.0000026305119378,1.014791838335287,1.000000739210118,1.002695060571407,76.15588848798741,7.252242885163949,-34.37997126874244,158.7619668393874,85.70630023196621,113.38654486274287,270.15056056767776,-90.8330976921411,59.243985984178664,-113.58354907121611,-67.03708425383627,149.7751217380378
2026-01-01 09:20:00,0.6639579429883042,495.75526409793383,41.66666666666666,0.0,464.2171406938544,0.009048635073979313,464.20982707048677,154.7369583055905,-0.005220982806351458,0.003381770679872716,154.7315170416207,154.74135172327556,0.010887847200458056,1.000000721069044,0.9992689473602141,1.0000021881097394,1.0131168732628162,1.0000001449640539,1.0028670983104753,113.91365279111587,1.815009816258629,-9.07698140592563,271.52235454452534,108.217969354055,119.29805599953556,286.3835706640215,-33.61629192187378,59.91454070556675,-94.85023397259934,-78.7664241069891,127.0573249061343
2026-01-01 09:25:00,0.676249654895841,504.03140944903345,42.083333333333336,0.0,472.24488398303885,-2.8152697123005058e-05,472.24465807344063,157.41490417902017,-3.157164790900424e-05,0.00020773568240110762,157.41506551701326,157.41468837740717,-0.00020431673161510843,1.0000017010840507,1.0082625110179733,1.0000019763974386,1.0111914250032905,0.9999998586634036,0.9987424331470466,92.15185747726446,-0.6170340722431505,3.139125307132049,208.2410469249969,129.2861721440377,121.44297379790811,291.6620220710144,-74.98009909204177,64.64802458309848,-85.98836733692235,-86.37225404408485,139.8018418089136
2026-01-01 09:30:00,0.685400151534958,509.9377127420088,42.5,0.0,477.97949856871804,-1.2878798341034791e-05,477.9795018110111,159.32666793952225,-0.00018760000991437664,2.775448160537053e-05,159.32625849515296,159.3265753763359,0.00014696672996797132,1.0000016170722865,1.0062288991770534,1.0000022879521289,1.0114482487852652,1.0000005244036092,1.0045501445966258,88.10422043745442,5.36328387944146,-25.152245914314012,199.2367990829311,113.62153507525097,112.03176088375247,267.8973092168286,-71.28982069211887,62.795610764418065,-99.18287828374113,-78.88168985835947,139.68767984349972
2026-01-01 09:35:00,0.6922971676596453,514.1460298485633,42.91666666666666,0.0,482.06832296380486,-0.0004628772917803871,482.0669646622164,160.69024259323737,-0.0008929119071271998,0.0008448826337989886,160.6869599216509,160.68976214732808,-0.00041484801845217593,1.0000009564802674,0.9975496585558239,1.0000022159227453,1.0123219515502542,1.000000604465788,1.0088488122005357,101.60116691749855,6.134806533514679,-28.561306324774474,240.13493477355527,109.84355108572507,111.26842281562642,265.7114959336656,-43.39039395250338,60.75512274524381,-96.05837816513889,-78.83039536992972,130.24203617650932
2026-01-01 09:40:00,0.7014476643021084,520.006535135963,43.333333333333336,0.0,487.76635651176053,0.00018499835850298044,487.7660483750234,162.5883909216346,0.0007336200612239736,-0.00035075801667699123,162.590003122563,162.58765433082579,-0.00019786368604400196,1.0000008334284716,1.0006817043025695,1.0000007281587215,1.0090702356006422,1.0000001180238467,1.0042488293210279,105.0698679549049,1.5453655359265757,-8.037070272012203,249.44502381426577,194.4364588949104,124.05011942124774,297.83235239921305,-38.210363584694,82.1232707705272,-33.148829747321265,-110.32511480425077,128.70862332234455
2026-01-01 09:45:00,0.7116694626520632,526.6354023625267,43.75,0.0,494.2169699355852,1.1772451590786652e-05,494.2171581044977,164.73894605589777,0.00016883873823417161,-3.924574577831663e-05,164.7395481031112,164.73866394548875,-0.00011782054086506833,1.0000012829802047,1.0059841332234538,1.000000411011663,1.0062490192158742,1.000000341275487,1.0044882720555062,92.26531343263122,3.5044915714511133,-17.479648944425342,214.11240152827585,205.07764612722758,119.04770916130289,285.39136596347987,-57.12166026564437,85.77740041177375,-19.66447901856169,-114.52304433513211,134.93738069479312
2026-01-01 09:50:00,0.7222753670281228,533.5207377781066,44.16666666666666,0.0,500.92335830217604,-0.00022140841222062588,500.9228057002673,166.9747385213581,-0.0005502849717413483,0.0002719770842959406,166.9730060040862,166.97506117482303,5.689947522478178e-05,1.0000007640471902,0.9993297171711577,1.000001492154039,1.0099239116440155,1.000000146046147,1.0057800468668812,109.59256746879761,1.859218461163418,-9.045488503160676,260.83242561018494,136.04000347650765,116.05949905679537,278.60228706920634,-35.351084120614516,62.82940616182335,-65.3044292688992,-94.3573875268495,127.7180200999105
2026-01-01 09:55:00,0.7271920517911376,536.1829395206654,44.583333333333336,0.0,503.51806500920253,-0.0003037052820095597,503.51684692931406,167.83989078491896,-0.000636313790523218,0.0007011839105543913,167.8372615606758,167.83969458371925,-0.000368575402040733,0.9999996889580485,0.9916684567798775,1.0000019431100602,1.0113381731193118,0.9999986592515288,1.0027243105731811,163.299546887367,-10.023307273088358,54.37759447994043,392.0961793890361,111.6871314892205,130.08718541327312,307.6716349382906,9.406413321932865,58.28260281873043,-84.38584763992496,-82.92707223611856,118.62520993820246
2026-01-01 10:00:00,0.7344646480021209,540.565980929561,45.0,0.0,507.79204142225933,5.552623667881543e-06,507.7923845640196,169.2638713148251,0.0002950911143557278,6.434056830767076e-05,169.26492155110247,169.26359169809203,-0.000353879058995517,1.0000010061318623,1.002979373417746,1.0000015781425444,1.0100796430187038,0.9999988123254581,0.9996388390790573,115.63323299039958,-8.222503463084859,47.60020449306881,273.9136497663293,135.45572934804488,138.58301714352348,329.4238871257205,-45.85612275694586,63.29044781904126,-68.98348679621388,-93.01182039538062,129.50343770856466
2026-01-01 10:05:00,0.7441272993055855,546.6855225565035,45.41666666666666,0.0,513.7635927475667,-8.720483680235704e-05,513.7637026314891,171.25442289019026,5.987792692167204e-05,6.84155520866625e-06,171.2547627052792,171.2545170360196,-0.00015392431893269533,1.000002022195664,1.0086554386090358,1.0000020525715034,1.0121510578754007,0.9999993693939422,0.9999398239971913,79.32368249053106,-4.1275143492110455,23.733123269565812,168.79611044107844,111.19870125739548,137.3024744844804,328.91460314578984,-88.3462176634294,59.320251299906694,-89.07176434161873,-81.30491853210664,147.62688922250737
2026-01-01 10:10:00,0.7500682933939494,550.0500818222296,45.833333333333336,0.0,517.0489134135902,-0.004726224919536888,517.0534085525732,172.3415820763846,0.0009874479724062439,-0.01997169478968135,172.3540845112216,172.35774196496695,0.014258021897738218,1.000002069517673,1.0066199935725972,1.000002657143364,1.0171944838657998,0.9999996490493811,0.9999333377751242,74.42996599415564,-2.2135414102031348,11.946876565497377,154.32250012548255,59.61152675082832,128.80890057587973,309.1394007009136,-90.22933902194566,53.73347693891382,-114.46380677664187,-57.510099601952156,150.31378128521885
2026-01-01 10:15:00,0.7610241352199566,557.0696669810083,46.25,0.0,523.9080400975329,0.0012607990705446356,523.9068843295128,174.63655983451727,-0.00555829928116782,0.00028761558256519494,174.63020175140227,174.6401227435932,0.0065314827691472606,1.0000018286264347,1.0044847047018255,1.0000027172546802,1.0176326444275618,0.999999518758078,1.0009440665468947,79.57434468179834,-3.362955187449995,17.622440211871833,173.52570385110016,56.61574860583831,125.09391713580392,299.93030517954764,-80.09842119859998,54.12106381585766,-117.00982664535331,-55.820311602023565,144.77753004949898
2026-01-01 10:20:00,0.7684830988227906,561.5049842065191,46.66666666666666,0.0,528.2453588858065,0.0017567520841043913,528.2363752345091,176.07603976876197,-0.007213134914221428,0.0007252888382063247,176.07175856856605,176.08857689718099,0.008244598160119495,1.0000017921409714,1.0015858102168111,1.0000029015689098,1.0179592992782585,0.9999993061136745,1.0005609631962955,85.19614077587346,-5.036225987662046,26.703789878074247,188.88747680541132,38.772780857323276,126.66368708801689,303.0434582222265,-78.68857616752737,54.38344106347066,-124.72989295773627,-47.26811731074449,142.61585343593873
2026-01-01 10:25:00,0.7783392307762645,567.6687456461556,47.083333333333336,0.0,534.2772872192592,-0.0002967812514757498,534.2764817808093,178.09091203686103,0.00012924675808653773,-0.0005801376578310738,178.09294787098665,178.09262187296164,0.00015410964826878627,1.0000020613801466,1.0040761095150843,1.000002623606446,1.0201095977082824,0.9999988554099465,0.993940813423137,76.69443878958374,-7.3284316966171,45.50910184046617,160.7506667038348,57.429723543456646,148.55603578948612,353.88386668728526,-89.94492318169742,52.777715508367464,-113.00481070678035,-56.94002913966799,149.22813379482722
2026-01-01 10:30:00,0.7868751418241875,572.8451032480085,47.5,0.0,539.3468440883825,-0.0019286569587256951,539.3416948761453,179.7833429170944,0.00767355673725433,0.010555594529912924,179.78795408932908,179.77039786972188,-0.02015780822589295,1.0000024170617332,1.0085905262345707,1.000001674441275,1.0167216266506767,0.9999986548989759,0.9920829848754009,69.33727320272843,-8.134338732070013,53.871059292582494,129.36340617454437,125.05264197035511,158.5296008868875,376.9219938883039,-104.87314000247314,60.29005993647203,-73.00615548914797,-89.72364084610501,159.03103371437194
2026-01-01 10:35:00,0.7924633398593405,575.8566936311208,47.91666666666666,0.0,542.2979420200969,5.113950657232635e-05,542.298193866096,180.76641279391254,-9.721823954623688e-05,8.999107005365659e-05,180.76582263842096,180.76595843376253,5.836667606490664e-05,1.0000022131769493,1.0067769773089135,1.0000019829698688,1.0166245847100153,0.9999990854255325,0.9955809757943057,73.1433094028667,-6.055861837404742,35.81500696218033,146.92019244039193,101.46142616445921,141.35804734006047,337.6158619045225,-96.31158954929147,55.3755416738279,-85.99169579358593,-79.7178297544727,153.24611752134075
2026-01-01 10:40:00,0.7961622618840906,577.4830272865937,48.333333333333336,0.0,543.8921111024956,-5.554513522838533e-05,543.8917961974862,181.29688640119343,8.565272607484075e-05,-0.00015917304015601984,181.29750021143812,181.29740958485462,1.797517885279376e-05,1.000001734734441,1.0071210109995095,1.0000019097866628,1.0167842093931934,0.9999989634941733,0.9930869716327159,78.75975271191122,-6.48479915227541,40.824298864139315,173.19362529309123,117.03653536950493,150.5123666275693,359.18421633566874,-76.07150334887066,59.741772541247784,-83.01133318464733,-84.65295299963444,143.71219723914552
2026-01-01 10:45:00,0.8090543638010177,585.7553593919368,48.75,0.0,552.0062973878081,-0.00013751017139520627,552.0055547589237,184.00123634262616,-0.0003001737123290695,-0.00025944813403475564,184.0019076044886,184.00241081180897,0.0004221116749686189,1.0000012014777278,1.005104490042412,1.0000015640314057,1.0138895058674322,0.9999979462404105,0.9928100845353155,88.4501797450755,-11.252888585264003,83.79629102646409,205.57949693852157,145.77560718832217,178.80045120028277,421.18301859077326,-53.54363086630992,67.05856029190791,-68.4820089108976,-94.83714333212393,134.59820617639144
2026-01-01 10:50:00,0.8117730481425861,586.6413227910423,49.16666666666666,0.0,552.8758643616432,0.0013761619058236638,552.8751125444451,184.29560147323548,0.01267598914963628,-0.0008417139139055507,184.30031990899414,184.27919116221548,-0.010458113329907065,1.0000016153276474,1.007060393359568,1.0000013662933815,1.012657498624818,0.9999980484157929,0.9915444749378262,78.65135800430573,-10.957548337026317,79.5221710293241,175.06362550803584,160.96472590403067,174.19579741740236,410.75166572126216,-70.97321920150094,71.54681202298165,-60.16020386664578,-99.50709966324028,142.06808031305937
2026-01-01 10:55:00,0.818697097979632,590.5535066759745,49.583333333333336,0.0,556.716897313783,-7.98550640706708e-05,556.7158957658144,185.57155145524754,-9.473790846323027e-05,-0.00013272049845545553,185.57188570119513,185.57245860937164,0.000147603342848015,1.0000007823061772,1.003761161824968,1.0000010693531047,1.011688176977888,0.9999970394094332,0.9872061194173022,100.47383119723487,-14.040220421481713,121.98954156891283,238.6289058168928,180.69404941974102,209.3701680382812,487.8377967921466,-35.91137833197055,77.80348404212727,-47.63267551997089,-105.23248061201791,128.55792808322414
2026-01-01 11:00:00,0.8318495142481115,598.9316502586403,50.0,0.0,564.9495321790743,-0.00023648213530350407,564.94918744631,188.31562567056852,-5.388911012369135e-05,-0.00027139344716852067,188.3169367847492,188.31662499099232,8.880042198870796e-05,1.0000014969727071,1.0077874028867,1.0000007289689847,1.011384071402214,0.9999975887756853,0.9852880128950686,77.53519541223356,-12.403896518092704,98.83238763362522,174.1752643593477,201.63959652750543,191.5801387442775,449.39217406667075,-65.89241691125623,85.0884143902116,-33.255616960433784,-110.63501114533219,140.72194758432735
2026-01-01 11:05:00,0.8342893621543922,598.4635691187507,50.833333333333336,0.0,564.4893336747617,-0.0003254705950812422,564.488926377618,188.1620395778605,-0.00015383336419381522,-0.0006711079552187585,188.16297019860176,188.16391660115576,0.0004994707243313315,1.0000012535142782,1.0038957493993799,1.000001762979841,1.0197213426612866,0.9999969664341091,0.9837159560181755,79.17418661185506,-13.989067363932604,124.97805126188065,181.8685071839352,128.05283650393588,215.26828175388738,501.6923340545739,-55.53635663020283,62.176055064036724,-76.83034871343457,-89.03686088638953,136.98061616915845
2026-01-01 11:10:00,0.8420513457136553,601.786028403359,51.66666666666666,0.0,567.7564739231335,-0.0007409909782882097,567.7544607616719,189.2484977633029,-0.00037869358393163567,-0.0014666094526473899,189.2525678764956,189.2533951218734,0.0011043120582908158,1.0000007426336284,1.0009006759370953,1.0000014680472817,1.023742840011614,0.9999957027379128,0.974889956019566,105.76820185208317,-17.280335763267352,178.41188251922898,251.69981432826305,136.28601510812555,250.08413129587169,573.5347685537781,-34.34206022762737,62.73753429799658,-64.2738331124387,-94.75115444921087,127.7691551686811
2026-01-01 11:15:00,0.8487890297181236,604.3377891593041,52.5,0.0,570.2667471009684,0.0006368931335882736,570.2681478293008,190.0919197474058,0.00041984914149998076,0.0010759483663568973,190.08848006286564,190.08774801902936,-0.0008589043742686045,1.000000715439571,0.9998071577427294,1.000001279115942,1.019297455000641,0.9999969888705948,0.9834188098670678,99.87376627596846,-13.747658099750813,123.9662071978957,237.5889847549937,162.90713429528006,217.2010908046307,506.723671795327,-33.03551454529112,71.78356257249004,-56.44378484603662,-100.89012817235076,127.91560880036197
2026-01-01 11:20:00,0.9036465644818764,640.9866297391444,53.333333333333336,0.0,606.4155128313168,0.0004388935240594948,606.4162329460323,202.14096160678386,0.00023699569607833838,0.0011717035807669164,202.13826255539823,202.13700878385026,-0.00096980575278576,1.0000007734954492,1.0041673920974208,1.000001085655808,1.013753004503426,0.9999976605639065,0.987735291982112,93.2031071496493,-12.158694797831107,95.80319683451604,221.04322073789513,174.99137046525186,189.39536580629766,444.6814113266283,-35.35785768256392,75.58058323689795,-48.27425105577634,-104.57783912810049,129.08769170142665
2026-01-01 11:25:00,0.91445586319776,646.2154766597505,54.16666666666666,0.0,611.5876100676138,-2.3036086099637715e-06,611.5876611427456,203.86382253106535,-0.00073009663752282,0.0004911766527948202,203.8611091824902,203.86272942919004,0.00023661637611803598,1.0000003225936547,0.9981890438515344,1.0000014140799685,1.0140528494503565,0.9999981795817962,0.9966492191130064,107.2824370402652,-10.379054482579436,73.97003872664274,257.14637232227597,146.74026103266067,170.95779266384707,403.8839496309539,-16.396441432043737,66.3367295861834,-62.065726380544454,-97.07362473737597,123.64807147294916
2026-01-01 11:30:00,0.9547254936239624,672.1267475112695,55.0,0.0,637.271452899852,-0.00013989583025431787,637.2710035532878,212.42321635529945,0.00023961012272593506,0.00012733864766778424,212.42435220602772,212.4234349919606,-0.0005068446006480372,1.0000010802588135,1.005006857016491,1.000000996383306,1.0132576177436448,0.99999799959131,0.9912987640588199,82.9447136095242,-11.380089280861394,81.66443756143808,193.28951965483523,166.35249666283406,172.32874992968098,405.7579464813653,-48.22603187337294,71.68271500707415,-44.362198935992325,-105.06831281522157,134.00910130075746
2026-01-01 11:35:00,0.9621375188068916,674.7791131899,55.833333333333336,0.0,639.9055890213663,0.00013765039612871993,639.9051629995363,213.30244816279458,-0.00041152467700203486,0.0003909870460920502,213.30093546995695,213.30177936678473,0.0001581880270387046,1.0000003379086193,1.0007508319578593,1.0000006874356941,1.010101626486113,0.9999979050937184,0.993816332504792,104.8040486872305,-11.793729124421592,85.66833925992982,251.14183253924642,181.40171046970437,174.52236424323124,410.31513331190274,-16.99265754555445,76.64223863493463,-31.27330658122673,-110.21871021594107,123.87048815080033
2026-01-01 11:40:00,0.7696667638783015,537.7405123629734,56.66666666666666,0.0,505.03658674364556,-0.0003819432221425814,505.03523667493147,168.34445471595967,-0.0005656509085310973,3.234941411938053e-05,168.34455374599267,168.34622821297913,0.00015135827226913533,1.0000003809321907,0.9978240258982197,1.000000645479534,1.009627419210201,0.9999966067040533,0.9882515404197981,129.38250005303266,-14.932336238816355,140.1544965063199,310.14021127111255,216.94698906001258,226.47388610686536,525.5713204589157,-19.42673120334136,91.17755869461891,-29.830962714134717,-112.17101908725962,123.58382646995106
2026-01-01 11:45:00,0.8257989629417599,574.756078207465,57.5,0.0,541.2192939431717,-0.001382689801829656,541.2170396188696,180.40062577105374,-0.0014545760264145428,-0.0018782542437838856,180.40747030299485,180.40894354482106,0.0019501404683687725,1.0000009491550992,1.0040406988825898,1.0000006689642056,1.0149315992504908,0.9999957345374935,0.9771974722360721,106.0683676188882,-17.201998020861826,177.0649385966864,251.06569116131763,209.1022174725873,249.291986555503,571.960728252826,-43.18585607024351,87.99828979567678,-30.75887283393128,-111.63210155202013,129.7596118176252
2026-01-01 11:50:00,0.9650368757960214,669.0922338852415,58.333333333333336,0.0,634.2589457727044,-2.4656127106482107e-05,634.2591009126747,211.42206519359442,-8.40827788065326e-05,0.0010222323818015865,211.41978628314072,211.41724943593957,-0.000962805730101536,1.0000013846449025,1.010921361331995,1.0000001444144613,1.0075854918531626,0.9999969776057495,0.9874207408166958,78.43120647186016,-14.782837643367966,124.78759576984878,178.1837482224094,228.29599095095543,203.63485163644498,472.8966728299182,-61.11888776980365,95.11836312866248,-8.472204762727284,-117.87499897945057,138.9322649360554
2026-01-01 11:55:00,0.7431086735251949,513.2403905147347,59.16666666666666,0.0,481.18819932869155,8.168279079745844e-05,481.1879075852901,160.39723225127466,0.0001361697483653188,0.0003893602197204018,160.39541531157852,160.3952600224369,-0.0004438471772882622,1.0000000376458633,1.0032777982258636,1.0000004302058512,1.004054615012678,0.9999982666857833,0.9913361895945102,109.84137547937455,-9.190738196245798,69.9522351548909,263.78024677676603,285.755982783691,182.36142943975986,432.36857138780965,-4.251863894016453,119.30673023377265,-21.294259788161597,-115.73863316015843,120.92311580872575
2026-01-01 12:00:00,0.9722070524702155,668.8784520995083,60.0,0.0,634.0467606420915,-0.00011674441458899308,634.0465348875072,211.34809001231872,0.0002458862435391893,-0.000609138423242257,211.34884450898537,211.34960036620308,0.00024650776511407456,0.9999993553229417,1.002698522572953,1.00000046748573,1.010747489339947,0.9999966137233748,0.989631414096948,120.71424372688298,-16.984854338380728,140.50976963519818,288.8713153192765,212.9244223134134,200.27689273212226,460.03925831185575,24.736832594760898,89.13178479238542,-22.16308713583353,-114.0578249623331,115.10516172981988
2026-01-01 12:05:00,1.0,688.0,60.0,0.0,653.0496,-3.0479810196538877e-05,653.0500924242855,217.68424579809894,-0.0007150954322237339,0.00047998768583056516,217.68292038108333,217.68292624510323,0.00020462793619662988,1.0000000397572064,1.00376579767309,1.0000008636959072,1.0078686206478968,0.9999988215032313,0.9982255995737953,96.2649601841118,-8.003629927061962,47.14771761803006,231.1721057270091,175.67789165420564,140.99430927162442,335.3383016659007,-4.016072139186945,74.90486187701055,-38.76938727533781,-107.55541396632204,120.99497028214078
2026-01-01 12:10:00,0.7463124909047946,513.4629937424986,60.0,0.0,481.4045207435911,-9.407540940446776e-05,481.4043606414852,160.46732684054732,0.0001265205744712148,-0.0003725080439180601,160.46843326816165,160.46860053277624,0.00015191206004237757,1.0000007251475587,1.0041474765380878,1.0000013057458208,1.012089199468048,0.9999983644073056,0.9900584179597698,102.96236875174738,-8.851519093867283,65.85898950914849,245.0097363990863,191.08953780618145,178.21500629269315,422.9349919837013,-33.52578378069482,83.12966392102116,-57.86690669892341,-103.15257205783085,127.7913220780134
2026-01-01 12:15:00,0.7999863516589253,550.3906099413406,60.0,0.0,517.3815058811177,-9.877017073404202e-05,517.3810437465429,172.4609085737597,0.00034939345347856945,0.00012039459454535972,172.4608947423288,172.45924043045443,-0.0005685582187579712,1.0000008762643766,1.007741073341621,1.000000543716087,1.006437074406174,0.9999985354756588,0.990234237388484,95.38089584576406,-8.162565022230954,58.667224746768476,225.5987159215205,218.57044926186325,172.0514653033541,409.0428932016743,-39.80743097079852,91.62016738157708,-25.48630125063783,-113.34938073817501,130.00666604118416
2026-01-01 12:20:00,0.8084799251741532,556.2341885198174,60.0,0.0,523.0913151281218,-0.00017349343524483628,523.0912538638768,174.36318208860115,-4.931860751185013e-06,-0.0004014090953132836,174.36384868509333,174.36422309018224,0.00023284752081963235,1.0000005157992824,1.0059485278258649,1.0000008332173762,1.01175158693207,0.9999983067828587,0.9898673760965331,106.08010211705688,-9.138818545857589,68.3110657994351,253.58658873198536,195.1329244921187,179.08591468551322,424.6645927162014,-24.640327376107905,82.74425802994254,-37.6579142277753,-109.07726326436375,125.54951501396057
2026-01-01 12:25:00,0.9437995112048772,649.3340637089555,60.0,0.0,614.6740859699421,6.0313464148293886e-05,614.6744132324966,204.8920079147644,-7.827301645875195e-05,0.00033353571666521023,204.89137577925194,204.89102953848027,-0.0001949492360581644,1.0000009586865402,1.0075413587547508,1.0000005170089679,1.0114534061753435,0.9999988242147626,0.9933234235574454,80.89516179512954,-7.44851116260077,46.80447672131261,189.47926496663146,183.3657409369195,150.33498194315487,358.0242841409782,-42.97812903871639,76.99642740090077,-23.989599543728218,-112.54661625802005,132.77947157421696
2026-01-01 12:30:00,0.7975280052085842,548.699267583506,60.0,0.0,515.7297308002121,-7.261864561542098e-05,515.7294273705342,171.90941117302773,-5.6219324367248195e-05,-0.00020970445123384706,171.90983632307788,171.91017987442856,0.00019330512998567428,1.0000006748626449,1.005041878616291,1.0000006836002135,1.0118148895619705,0.9999984580880987,0.9908055900123558,104.35242117803296,-8.37104572361629,61.869091493093585,248.65576216411642,201.33041839950738,176.95372406235487,420.4753897298818,-31.407387748750132,84.83304693886365,-31.308319597391804,-111.16116294507985,127.19850132380692
2026-01-01 12:35:00,0.8930688427718132,614.4313638270075,60.0,0.0,580.2047253806846,-0.00015639056523468752,580.2043927009901,193.4009878703869,0.00012607474238939177,-0.00042658242663310374,193.40153732316477,193.40186750743842,0.00014411711900902445,1.0000000780705096,1.0027181195819852,1.0000011506171052,1.0163294314612727,0.9999975643180845,0.9893482294094277,117.54477221113406,-12.030077663165377,99.69570895004416,282.24895792552155,150.84853592882172,199.16678368587839,467.8487091367307,-6.168998268806754,66.27497158694302,-50.816542542350646,-101.38300802412398,121.25171325166419
2026-01-01 12:40:00,0.9511062543161094,654.3611029694832,60.0,0.0,619.6520932210625,0.00014243013539271492,619.6524434708986,206.551359448446,-0.0001886076225691795,0.00039652857660257726,206.55052739755345,206.55055662489917,-6.549081864068284e-05,1.0000002470809901,1.0046616888390625,1.0000011570588485,1.0150090100759206,0.9999979102241651,0.9914805751414401,107.47250763307987,-11.245926829169548,85.26316808487765,257.7890344552543,138.66755034225844,182.0417495333466,428.82859605674156,-13.166903461167836,61.5121481799699,-50.97074196184799,-99.81801396402453,122.92356925532616
2026-01-01 12:45:00,0.6746790529600061,464.1791884364842,60.0,0.0,433.67268815279425,-0.0004646762668758129,433.67147967045014,144.555902288607,-0.0006186194621091091,-0.0003971981810027501,144.5573908017833,144.5581865800598,0.0005511413762360462,1.0000000395438826,1.0020055768272256,1.0000008501687863,1.0133237156718276,0.9999974184824042,0.9852262782294553,137.1187431972319,-11.57757868728445,105.47431652830592,329.2908854199054,214.59775283244358,218.8290265327124,514.884990661762,-4.988760106421221,90.78184132382368,-38.57908075749528,-109.80886071127325,120.86752487746479
2026-01-01 12:50:00,0.7258262816043111,499.36848174376604,60.0,0.0,467.72078721247357,-0.0009103977032345938,467.73197946544934,155.91289703332345,-5.674513902249601e-05,-0.0006290343220462091,155.91026933710128,155.9088130950246,-0.00022461824216588866,1.0000003032312559,1.0029669984864822,1.0000009966419028,1.0144755474434994,0.999997352366885,0.9869760762860792,126.31038777790165,-11.907265144599956,108.31924122373344,302.9459487517246,187.88375047322856,218.5948768667692,513.7192473574308,-16.024993558435963,80.39963079648933,-44.588682436346765,-106.64976432267346,123.0275591674871
2026-01-01 12:55:00,0.8190385213951245,563.4985027198456,60.0,0.0,530.1956849614278,-7.530476685133155e-06,530.195614921978,176.73201441801612,-0.0001805620491704758,1.0637272091116756e-05,176.73149649269251,176.73210401126934,0.00016239430039422588,0.9999998876247957,0.9998917754769915,1.000000955377405,1.0150126827781143,0.999996963413266,0.989540343047414,129.63478076662247,-12.945485351573891,124.69877597553966,311.34916873836977,152.01848251253566,231.77167432842205,542.51547060108,1.7010245046271886,65.71680476046305,-42.46156396664066,-104.39417577235524,119.68655719491034
2026-01-01 13:00:00,0.7220172171455095,496.74784539611045,60.0,0.0,465.17944846819836,-0.0002981529598755514,465.17865840326573,155.05859476856776,-0.00012776095649951459,-0.000380995549086947,155.06023185245684,155.05983178224113,0.00021060354571091012,0.9999999945126409,1.002009532079102,1.000000295215034,1.0113890340199825,0.9999964236943357,0.9845471641297528,136.29850319349794,-13.650949109745362,147.19074109657322,327.3445131626529,208.93680202075157,259.68743997035904,606.09236376194,-3.0395442050517887,87.20879506427755,-14.74081850289878,-115.96465951473786,120.53156464096332
2026-01-01 13:05:00,0.6802786154918642,468.93872561239175,59.583333333333336,0.0,438.26821736179215,-0.00015478207551313975,438.267820996909,146.08944213835957,0.0005027356086011423,-0.00028718943215790205,146.0901126362822,146.08826622226718,-0.00037032825195638,1.0000003696390212,1.0070001689994124,0.9999999598531699,1.0068944272854603,0.9999965552893971,0.98377812261765,127.84383791891683,-13.439308941213119,141.68305776707825,306.4699172994443,263.11871116733363,253.8324819238919,592.9547297065277,-18.906051918883474,109.55233881466981,-0.9115711281498516,-119.80185214839638,123.52967865169359
2026-01-01 13:10:00,0.7994400435862022,552.146590103537,59.16666666666666,0.0,519.0968101910594,-0.00012912345280983572,519.0970170380245,173.03150954796615,-0.00024165671894206753,-0.00033296184772916605,173.03228151162688,173.03322597843155,0.00044549511386139787,1.0000008177246817,1.0068981644233925,1.000000457751002,1.0131184008929777,0.9999962772493911,0.9827572473408099,101.07174012636018,-14.51801630579557,153.59570061546566,239.84718705347976,205.34474344059853,255.11957598996926,593.1747757974674,-37.441370055610925,85.97171924499897,-21.670087759264817,-113.9761321826282,128.87223370846698
2026-01-01 13:15:00,0.6293362478981928,435.5006835455494,58.75,0.0,406.0463404940557,0.00018665032347780656,406.04641681689833,135.3497826681058,0.00024592599865718513,0.00033931748391478325,135.34841011358023,135.3482240352123,-0.0003985931590941618,1.000000018583986,1.0021748044944199,1.0000002298910706,1.0094593553867837,0.9999970995388621,0.98630677885241,127.51715709853156,-11.633207988058867,118.53221449125135,306.2434716468139,247.16660798186558,244.76223403043196,575.7886626311714,-3.859914285475505,103.03770530076808,-12.323971528405934,-117.14587032137466,120.72171229682324
2026-01-01 13:20:00,0.6935946497476945,480.89229049173485,58.333333333333336,0.0,449.823195414493,7.591390144534673e-05,449.82267810563087,149.94251333769859,-2.549996172729152e-05,0.0006212241720349994,149.93975057913877,149.94041418879348,-0.0005198103088623611,0.9999979705116667,0.9946606098597155,1.0000003831518571,1.0058463159133646,0.9999979063702419,0.9919279396812751,159.76638634119863,-9.756789810568751,84.78488844979745,374.58902919669356,288.55955492422055,208.32065640623617,493.1028047500492,83.22256355156944,120.41273310548581,-19.305893896083813,-116.17275255772566,107.47352657259677
2026-01-01 13:25:00,0.6936629370367203,481.8645202615084,57.91666666666666,0.0,450.76384436201954,-0.00109140767586905,450.7624701531297,150.24988712028167,-0.0014330910543776554,-0.001438733262664755,150.25543108884776,150.25715194400024,0.0017804166411733604,1.0000000022561784,1.0013036529308486,1.0000007496825338,1.015855947147153,0.9999957698954848,0.9787063782748529,124.18982923364865,-15.21921967969728,174.84126634114983,298.26038520899493,230.17800866914826,277.32329084331667,642.7085946549735,-3.080326708388573,96.90259203813797,-34.428790277067804,-111.49337972454352,120.59131048410144
2026-01-01 13:30:00,0.8878721666772342,617.9590280073551,57.5,0.0,583.6812126530305,0.00030669834719174107,583.6822558893093,194.56233194061107,9.068628778641142e-05,0.0005810604562720982,194.55983622366526,194.560087725033,-0.0003650483968667686,0.9999998164653424,1.0002786042020955,1.0000012066563184,1.0184526559420108,0.9999965376806398,0.9862310457611568,111.27424711699167,-14.501010498258255,142.84445836864572,267.2054508385574,157.88661947986773,237.5333127727949,552.3276432028573,5.192175948796736,69.38056366308963,-53.28841944604351,-101.35012397369056,118.88644570298902
2026-01-01 13:35:00,0.8864381352506172,618.1428596480971,57.083333333333336,0.0,583.8624228777096,0.00021733878308805292,583.8629118703607,194.62192118297753,-0.00024403156987318653,0.000503680131820147,194.62037228091165,194.6206184064715,-4.230977885890752e-05,0.999999404492047,0.9996291733124008,1.0000009779409886,1.0156789771224324,0.9999969623687549,0.990713648912886,124.34163352355736,-13.251140760965406,124.8661481932323,297.7888501092029,163.24001492801938,226.82139842663932,530.2695899096216,22.540540598753054,70.34244092437456,-43.540746459577115,-105.06549996151527,115.67096523708683
2026-01-01 13:40:00,0.7609259836420775,531.6336205712649,56.66666666666666,0.0,499.0846576841568,-0.0006273935990520839,499.08351036300894,166.3589963609393,-0.00019268785916756314,-0.0010307543766830349,166.36216095999455,166.36235304207509,0.000596048636798514,1.000000180381403,1.0012686564062467,1.0000016154922766,1.0210009441676369,0.9999958549494156,0.9810267876789269,107.45676532713806,-15.394355824110942,171.39850716228895,257.8812529886269,167.2225933499995,268.8425595375487,622.533105138371,-10.309527781247992,75.62420415372488,-70.90183236889472,-97.02343892845923,122.28899575881346
2026-01-01 13:45:00,0.5430210315599827,380.1147220919879,56.25,0.0,352.3728885126899,-0.0004137845974191805,352.37208804079216,117.45628848770984,-0.0005991674074912226,-0.00034530578408157453,117.45758243988053,117.45821711320178,0.0005306885941536166,1.0000000464422691,0.9983430042810763,1.000001575262708,1.020868670447705,0.9999956379890373,0.9758147355077099,133.8359145237251,-14.827091111928375,180.11583111401478,321.40190141233745,212.98135417211265,293.0703615372874,680.4518050803924,-5.205428989220003,93.2958885241892,-69.63564864228995,-101.89479000811978,120.92745220495462
2026-01-01 13:50:00,0.7688316601570532,539.2072709901466,55.833333333333336,0.0,506.46686686700855,0.0004091495548746025,506.46735993971515,168.82427183708324,-0.0001066161619128252,0.0009179012059903471,168.82130327405204,168.8217848285799,-0.0004021354892029194,0.9999987609228468,0.9965895622841194,1.0000006801310086,1.0161109824251964,0.9999953140855496,0.9845392721766547,163.64564458852357,-17.399056654357732,194.59136647066757,389.9486884947796,212.30330239308714,270.96007503483696,621.0090735680292,49.197215170349054,89.3478350230682,-31.269434402913788,-111.62162343381064,112.80884533992835
2026-01-01 13:55:00,0.6961895740318234,489.18920735302794,55.41666666666666,0.0,457.85465601494747,-8.571981060777034e-05,457.85450229830064,152.61762933718566,8.60945250497025e-06,-0.0002342043960088631,152.61856202120165,152.6183109399133,0.00013987513289612252,0.9999998475925327,0.9977730156445468,1.0000011570703617,1.015692743931124,0.9999953050991655,0.9812700213430225,154.21054516817205,-18.850568297275153,195.46188607674188,370.3685221528753,202.07448493349887,251.8894431672273,572.5336665344535,2.825875529992045,86.83555809888286,-51.60555755730661,-105.67433751016756,119.5623521468858
2026-01-01 14:00:00,0.6260655729795739,440.75016337762,55.0,0.0,411.09502801894337,-0.0004237167337105348,411.09409378706107,137.03058178689787,-0.0004987685312862596,-0.00020109656221029582,137.03127813651673,137.03223386364647,0.0002761483597860206,0.9999992087180138,0.9966264674290899,1.0000010112644595,1.0176487773714844,0.9999946289516533,0.9774664004181114,183.35701520623172,-18.541744791226392,223.4969083433623,439.39230035577515,213.45174507572696,292.64441149252383,666.3822891677536,29.512840156716965,90.86650339230786,-45.47110839862468,-107.97446775854473,116.15677584579846
2026-01-01 14:05:00,0.7396886043984476,523.6995319141009,53.75,0.0,491.35932381087446,0.0004505467656408655,491.36075192272796,163.78872178610715,2.0054970218552625e-06,0.000874937285319902,163.786284531971,163.7857456046498,-0.0004263960167008918,0.9999997081577655,1.0011578955714893,1.0000012783511372,1.0152021909989644,0.9999968796386355,0.9893767197821606,149.798341209735,-14.116371983189309,128.6004390579749,359.6718238784225,172.4057563927468,219.5502109175657,511.38707249105676,8.908170553148958,75.53960899693776,-56.50603386137214,-101.85366017565201,118.58073628521959
2026-01-01 14:10:00,0.7777545391536559,553.761231877403,52.5,0.0,520.6744129246126,-0.00013043290995574353,520.6736409946877,173.55797822184695,-0.00012200316186226702,-2.3360803214018232e-05,173.5572817049395,173.55838106790134,1.4931055120541715e-05,0.9999990841878749,0.9948723023020806,1.000001554453811,1.0166961288503895,0.9999959706385941,0.9893066762038152,175.8602752358788,-17.669951326756927,167.41206192995548,420.92132404094366,145.82357403954686,229.64974891847658,525.5449274053794,35.03425329917349,67.00425985423131,-68.0720559740231,-94.97650951738622,115.24154444858976
2026-01-01 14:15:00,0.8004643659344961,573.1324860090992,51.25,0.0,539.6284021294844,-0.0004203687018434721,539.6273435289455,179.87382606377298,-8.971520646991849e-05,-0.0007113481295818928,179.87713546681434,179.87638199835823,0.00038069463420833927,0.9999993021814919,1.0003733368057777,1.0000007309635874,1.0145271016974176,0.999995523321822,0.9814442024510015,166.50472498751844,-18.662799964074374,186.31942577325623,399.0666386656441,203.30923352973636,242.43577104592683,551.6594758432652,25.91127872540435,85.78126766407378,-33.3577966594228,-110.68253427201664,116.28448354939832
2026-01-01 14:20:00,0.7762906387202125,558.929259878553,50.0,0.0,525.726225926852,-0.0003487658753956566,525.7255446357947,175.24049533174068,-0.0003004913606646369,-0.0005238467982708243,175.2424449997795,175.24260430427455,0.00047557228353980465,1.0000000492185885,1.0017372757477,1.0000005891716381,1.0139147955356453,0.9999947378070856,0.978686725903356,140.76266707666002,-19.624865489112945,219.34497781202072,338.0359773238114,213.2846245259757,271.92925235715745,615.175160877148,-5.490872213302035,89.53158572732043,-27.381338722556553,-112.6847061654089,120.9301475455768
2026-01-01 14:25:00,0.722685054942488,523.2239797783614,48.75,0.0,490.89655060079355,0.00023306702536501686,490.89657498571967,163.63301972124432,0.00020340659117937322,0.00034247967734700067,163.6318877303116,163.63166753416377,-0.00031281924316135703,0.9999991693866332,0.9981385098430499,0.9999999928195856,1.0105335949377896,0.9999953868636572,0.9801764279595572,166.58083737124812,-18.280773531869922,191.87470945945373,398.8395030256482,275.9832626706694,254.6985601429745,580.8555981168694,31.604241146523332,114.91248030991184,-2.453017098751443,-119.49112136668226,115.4687879905858
2026-01-01 14:30:00,0.7690289145197945,559.8530497704104,47.5,0.0,526.6296174484194,6.819841718061068e-05,526.6302808918781,175.54389191142369,0.00010277987357221718,0.00017071459608268924,175.54323301260558,175.54315596784878,-0.00020529605247429574,0.9999997699496341,1.00143814371605,1.0000006833186366,1.0143894211851388,0.9999960470729822,0.9830071996842021,139.02151828498396,-15.939758056531172,163.66090870131652,333.83498539031996,202.11523152296496,248.13714683347703,573.0555689419452,6.518764027573081,85.15567571961294,-31.30410492338449,-111.19611412417555,118.88088667028492
2026-01-01 14:35:00,0.7464490671123872,546.4007171262674,46.25,0.0,513.4855640491348,-0.0007298796383493029,513.4867553680119,171.1629718398708,0.004322082679680534,0.0007237515623273793,171.17004611282442,171.15373741531673,-0.005775713880357216,1.0000003277788998,1.003676828024016,1.0000003626156682,1.0126877173439568,0.9999961066903683,0.982926626215444,120.7875036647033,-15.387205963515516,160.9865296848865,289.60954537753446,231.4222946031958,252.62476695909947,584.9992082007252,-16.943485394890143,96.64090225735401,-17.85413030989058,-115.58870379420595,123.34786155700797
2026-01-01 14:40:00,0.5721100312671982,421.07298301265786,45.0,0.0,392.18942512297946,-0.0005972475539956577,392.1881151857858,130.72878398982834,-0.0008858473179561771,1.2522358803835232e-05,130.72857781227245,130.730753383685,0.0002760774051566841,0.9999998192283446,0.9958224357910206,1.0000009383141344,1.0186712717739375,0.9999954504878552,0.9790404050142898,151.1928299910711,-15.361313616047704,188.10756923024613,363.1081086753105,225.17428531047796,295.67215355986093,684.7684309514807,4.11404039637887,95.40550214093427,-42.462225940964785,-109.32116047783782,119.3503771377755
2026-01-01 14:45:00,0.7398183714095471,547.4655948430649,43.75,0.0,514.52515917736,0.0004639271061332694,514.5264152306381,171.51036041946617,0.00037092644861149896,0.0007915927691501566,171.50835196189647,171.5077028492755,-0.0006985921116283862,1.0000000167005174,1.000491878667429,1.0000011808893068,1.0184559920992244,0.9999962881107326,0.9850669750485994,128.75320744732142,-14.372558302188343,153.08736597355409,309.2130544778631,172.78987809355868,256.79385877177725,597.4582190838507,-3.8089185990915286,75.16974120920563,-52.33330572074582,-103.15011329987428,120.70532620811981
2026-01-01 14:50:00,0.6448175676704468,479.74427034681247,42.5,0.0,448.71262854199364,0.002540387252912296,448.70989634519174,149.57711063848964,-0.0020534858096953033,0.007164860557015345,149.5628260138374,149.56995969286467,-0.0025709874944077455,0.9999998059554169,0.9990694629673502,1.0000011190927474,1.0171048765798074,0.9999965453382723,0.9858300949539179,142.86258681954476,-13.410987169827552,142.0798156933388,343.08927636861796,196.85365819728642,255.07107179944853,595.9183935852429,4.883182169389416,84.55649187125984,-49.925855269743764,-105.7690235309537,119.18410683033328
2026-01-01 14:55:00,0.5493034686016018,410.8789945139982,41.25,0.0,382.4154615865006,-0.0006324360551298013,382.41362664983046,127.47158347061172,-0.0007658470901224063,0.00056750580874359,127.46994290215423,127.47210027706448,-0.00043409477375098504,0.9999984794662324,0.9919474893891135,1.0000005307146431,1.0142041171588736,0.9999957434626635,0.9806779872787539,195.33269679475393,-14.788547653425255,175.74330311851352,465.22690399294964,261.5119935720015,286.6839701543544,665.7422437696098,60.5049937378302,109.39337204983904,-25.358802175606865,-114.46169867194159,112.58937883923859
2026-01-01 15:00:00,0.6252290503730419,470.17224588052756,40.0,0.0,439.45972483183255,0.0001480532497680542,439.46028234707967,146.4870185176002,0.00046541191015603544,-5.333414229971823e-05,146.48731501462314,146.4859488148563,-0.000264024518088263,0.9999988535720828,0.9995760674101409,1.00000049812077,1.0121527033421374,0.9999962759678204,0.982931672624492,176.4771937665118,-14.02568963345259,153.4393164582938,421.47231552413496,240.13246318365486,263.61796355030833,614.2754515641082,44.911364905125524,100.46884876927784,-23.74812523848482,-114.3523668092624,113.91704924894402
2026-01-01 15:05:00,0.648593281940762,488.6069390620407,39.583333333333336,0.0,457.2907176793486,-9.773743609230227e-05,457.2902776480555,152.43055547824687,0.000527644483768654,-0.0001257852513808757,152.43087715708822,152.42884501272042,-0.0004995966684800806,0.999998984668702,1.003855751688179,0.9999991852214581,1.005446159381207,0.9999960822976268,0.9845021373617785,165.51598054346795,-14.763412218360894,161.74345448631374,395.559524467931,314.8025323229905,264.2844273590853,613.7966834327827,39.552829254611396,131.7364210327828,31.766736678550863,-125.76263422434458,114.28932642711719
2026-01-01 15:10:00,0.623736688625417,470.71328768264806,39.16666666666666,0.0,439.98240315339257,0.00022218670875372488,439.98261040451564,146.6629130216528,0.00016903124781310908,0.0009489178954536329,146.65943005988515,146.66026732297766,-0.0008957624345130171,0.9999986036537966,0.9985997007958545,1.0000002076451902,1.0059243495843295,0.999996987343476,0.9905616054808825,186.049891829525,-12.275508229375566,123.42532277835801,443.4020258710076,265.77720869709407,241.71856321476494,567.2805644924455,55.401642384407026,110.76310887582184,-11.556879249535589,-117.51051241805855,112.87739559555453
2026-01-01 15:15:00,0.5946960668553215,449.5902265426231,38.75,0.0,419.6052627636794,-7.312635229573061e-05,419.6053856772385,139.8680233075668,-0.00028348932022163355,-5.4280950003885666e-05,139.8682499783553,139.86911239131638,0.0002646439179297886,0.9999989358464894,0.9994591816705622,1.000001080108015,1.0116433367834188,0.9999967771329441,0.9893801986560641,177.50057601583185,-12.822184438840123,132.293245466562,424.30557537142585,227.12597632925463,248.2126476476821,581.285443872826,41.35728248973028,96.70274375175599,-48.558100618305154,-107.93250319527326,114.43236969289698
2026-01-01 15:20:00,0.1887746970565773,142.96537057084785,38.333333333333336,0.0,0.0,-0.0,-0.0,-0.0,0.0,-0.0,-0.0,0.0,-0.0,0.9999984027733373,0.9914809716191557,1.0000017610670244,1.011725035240455,0.9999971495550514,0.9861823727543877,248.1068821786215,-9.754555389667258,115.43028661698466,592.6080895889442,308.00247528738316,283.6893280023066,671.5077500876434,62.51614469526324,132.34373755945853,-78.54879320935402,-105.69343537264507,113.97716485552176
2026-01-01 15:25:00,0.651666216431628,494.39743619946177,37.91666666666666,0.0,462.90093902822053,0.00022309539192110606,462.901725734867,154.3012891639221,0.0001029668089909137,0.0003502899176091887,154.30051536825528,154.29992120268963,-0.00023016133467899637,0.9999982483683346,0.9976178140194274,1.0000013669191241,1.0127677557662476,0.999997513056358,0.9941772054886249,179.71641736461163,-11.3468359149948,101.51154644285468,425.7913968116464,208.27422119500798,214.83236711695946,505.89414794648883,70.80303300962093,90.31972994185186,-60.66031852827461,-103.76196407260257,110.55834695748308
2026-01-01 15:30:00,0.5997514319750779,455.81108830105916,37.5,0.0,425.60026631316987,0.0032922288900690544,425.5917682494244,141.86607605023298,-0.0007502988803871631,0.0023609737249062164,141.86679558778275,141.85889661140868,0.0016815540455500013,0.9999984144876513,0.9963294272090817,1.0000008675650744,1.0085521256578291,0.999997584507859,0.9947304148606566,171.6592737310827,-10.870284275567457,98.38480429377731,407.3094709776354,272.54902031989405,217.2268953366935,512.3689302856208,63.869294796001036,114.68779903046516,-39.90441296737055,-111.67076495323336,111.08760285848167
2026-01-01 15:35:00,0.5746558367485249,437.50464371121035,37.083333333333336,0.0,407.9732157037182,-0.00013775678260753916,407.9723822060615,135.99252012083588,-0.00023771183336248215,0.000941862228421087,135.98919314991167,135.99066893531398,-0.000841907177666144,0.9999969298531424,0.988629710568033,1.0000005549897915,1.0054012264902945,0.9999978010203526,0.998628639950386,224.23868689295787,-9.921442327768798,89.13404798275401,523.5444930113792,294.41495387193834,215.40795610190688,509.62464647916676,126.32687443575624,123.08617493360322,-26.728316685583835,-114.81304472461322,106.43361760171159
2026-01-01 15:40:00,0.5643266883220839,430.3931542936426,36.66666666666666,0.0,401.13770052944597,-0.00014658968413050382,401.1376977515026,133.7113489051291,-0.0001564565912390208,-0.0005186109382193535,133.71324597471974,133.71310287165377,0.0005284778453278705,0.9999976062304894,0.9921810389547169,1.000000711753804,1.0086742589089266,0.9999975336664809,0.993566432602065,202.483210870305,-10.744976449760987,100.39609888800368,476.38004039213223,279.6680366751852,224.22251212088386,529.0902055801967,97.81422572059991,117.26450530236839,-33.298611895681695,-113.21043054130288,108.39619674805117
2026-01-01 15:45:00,0.540084675716002,412.62469224702556,36.25,0.0,384.08824777327663,-0.0004914281874189328,384.08667749007736,128.02939770416248,0.0009383573641134717,-0.0007842055512592196,128.03024204294243,128.02703774297242,-0.0006455800002731849,0.9999968357400116,0.9900072214786769,0.9999991641379181,0.99657874209434,0.9999968652133386,0.9944477503074497,234.55908363540777,-12.246975198814713,128.41510642069494,548.1253050940269,377.48689571771445,252.0683207077985,591.6340607226258,130.1137926772018,157.73518056496977,32.04288484974802,-124.85241175873388,106.64557801731084
2026-01-01 15:50:00,0.5258809115981512,402.47419100978505,35.833333333333336,0.0,374.3673841741046,-0.0002956414973618848,374.3667332864897,124.78817430818378,4.482339089508969e-05,-0.0005433924670069245,124.78972805678606,124.78883092151987,0.00020292757874995005,0.9999971473164494,0.9929103784285902,0.9999985323457476,0.9943099824225977,0.9999966571172794,0.9896795003455325,229.77361731646778,-12.322025724680866,136.9772863855487,539.3509234129633,389.7516225102493,267.263578428359,627.1202180513753,116.84964954080651,164.12502915330867,58.99444361588321,-128.60771365885438,107.77514374626934
2026-01-01 15:55:00,0.5060611837844108,387.98024090138165,35.416666666666664,0.0,360.1221096836862,-0.0007679986942466714,360.12110325841786,120.03784397136316,-0.0024061940330075233,0.00011944843603123445,120.0391679043478,120.04409138270692,0.0015187469027296175,0.9999968252065391,0.987271898647749,0.9999999331805328,1.0082165054089578,0.9999951612822822,0.982133397791309,244.8924087154194,-15.601086959994372,200.1785007707422,573.5583107907443,310.7505663392474,309.9277470505348,716.9524928795531,130.31052169951317,129.38364733138903,-0.24519833098052188,-119.95520612872745,107.19911418219912
2026-01-01 16:00:00,0.488594657976944,375.24069732629295,35.0,0.0,347.58024381336327,-6.829062201541091e-05,347.5799663825961,115.86090973324971,0.00010688666810347058,0.000491056302234938,115.85922129632858,115.85983535301783,-0.0006662335923538194,0.9999939207787859,0.9656177188827006,0.9999996430812123,1.0099852766968873,0.9999942428246396,0.984852712124688,347.6299637940176,-17.36019618785368,239.05827767824044,795.8133130951696,338.42884354362525,333.604413091015,764.7449301833186,252.54759468885464,140.99495258485783,11.909516413303093,-122.01589387932569,102.39234968072795
2026-01-01 16:05:00,0.4744605232174368,365.01829586194805,34.583333333333336,0.0,337.5516708469889,-0.0002707354214817315,337.55131379678534,112.51607554097463,-0.0005894943351322582,-0.00028241975751006976,112.5174340965432,112.51780415926751,0.0006011786711605965,0.9999940821463665,0.9719950961391138,0.9999972133597902,1.0031602893674558,0.9999917768111004,0.9717862165818754,360.794711113828,-19.825134638806876,342.86631025940784,831.1050576461996,464.39567485114605,420.9491991283772,951.104499279502,245.27895857338373,199.17287148384753,114.76991883868628,-133.88243627854797,103.55630290948642
2026-01-01 16:10:00,0.4001242820339237,308.3624466874772,34.166666666666664,0.0,282.53843839716825,-0.0001465880808200381,282.53821152225106,94.1789108502398,0.00018267652338272455,-0.0006355989811636391,94.18027425388024,94.17902641813102,0.0003063343769608764,0.9999951147633281,0.984601761734558,0.9999952576276108,0.9906786181536162,0.9999923820381361,0.9695025057390574,335.8783260689891,-18.515330790536293,316.97619370256876,781.1225276975784,592.7884593778758,415.62552253276453,946.5694635236313,201.52915306784507,260.12454362309666,197.29335721422765,-138.40939472628168,105.53216153454467
2026-01-01 16:15:00,0.3840480777154971,296.4851159963638,33.75,0.0,271.1275645179431,0.0004412322029234021,271.1281954598173,90.37803978610258,-0.0007161434695376556,0.002458056584466249,90.37264934685335,90.37750632686136,-0.0013006809120051912,0.999994670204591,0.9798877542882746,0.9999960104360164,0.9951049097281404,0.9999925385107411,0.9709874366171596,346.1302958367826,-18.382645149259744,310.39592542168924,801.5818949389591,550.5746019086153,409.83223936901436,934.0968822861965,220.37479772455072,239.36468321654772,165.4560146650734,-136.7270536534179,104.62668205497485
2026-01-01 16:20:00,0.3466539197362525,268.0790312627019,33.333333333333336,0.0,244.00871224896298,-0.0010217094405411443,244.0070603660145,81.33438435814513,-0.0005670296338025764,-0.000973658899696602,81.33673706775046,81.33593894011894,0.000518979092958034,0.9999939098642749,0.9803898704476495,0.9999951553153611,0.9914019374227475,0.9999911692655443,0.9684773792769106,366.2442724496518,-19.89870608364878,368.2368285600436,842.5985155371526,619.6737720422187,450.495410180875,1017.3899885406064,252.5465681015964,271.29352784365346,201.4085004627164,-138.0062020644244,103.31416837824354
2026-01-01 16:25:00,0.3565965605208991,276.2434688835232,32.916666666666664,0.0,251.77838604378547,-4.9656404890811254e-05,251.77819646825742,83.92685730063292,0.00030772198992508494,0.00022383720832294785,83.92568641915129,83.92565274847321,-0.000581215603138844,0.9999922080077763,0.9705812728325426,0.9999953034137947,0.9902895494899558,0.9999921554849409,0.9779380365888198,418.93770010499236,-19.368946839786197,326.85245470031316,952.4671063070458,625.5482637983226,410.3640690484015,929.8201808714873,324.37474793823645,272.81512138028023,195.00322436773644,-137.31474572563232,101.1918042028505
2026-01-01 16:30:00,0.3002594943008794,233.00136757748243,32.5,0.0,210.85463538635628,-0.00013474322498450465,210.85529986988422,70.28080920703992,-0.003649035644450578,0.0005552043093739484,70.28455722218189,70.2899334406624,0.002959088110092125,0.9999940871767692,0.9743158643080385,0.9999969529653743,1.0031730558443341,0.9999914541888905,0.9701457477127762,371.3523844909271,-19.3175404573003,356.04327262127975,857.648246151971,514.4346782401715,448.16012189213296,1015.779924399778,244.79743833899073,220.46434754340646,125.42765329679283,-133.70299856335876,104.06858884803138
2026-01-01 16:35:00,0.3084539758240364,239.77155720721763,32.083333333333336,0.0,217.22481471711544,-0.00024311501861666303,217.22474671845077,72.40524797452947,0.0010104440601426178,-0.0034606089847402472,72.4130876927606,72.40641105116069,0.0022070499059809665,0.9999951871500139,0.9871765432354387,0.999996519891239,0.9960404648383611,0.9999925752383833,0.9674722737075828,331.10132850400106,-18.334542807824782,308.8426959297199,770.0453279072062,554.8570757808972,408.8143681218353,932.0365671407304,198.538146644571,238.62975927554572,143.58146064899728,-134.5090309206555,105.54146170702559
2026-01-01 16:40:00,0.3445779855596186,268.311391422423,31.666666666666668,0.0,244.22956095256353,-0.0024178539269769316,244.2247710127608,81.41269032469914,-0.0005121868974010795,0.0024793012489899412,81.40363687396359,81.40844381409808,-0.004384968278565793,0.9999925705364617,0.9744170313315318,0.9999952172884204,0.9923087781844828,0.9999901931636268,0.9671624372548926,410.56833709047856,-21.37505512151737,409.7682121725544,936.421414284114,619.0964239221719,468.1374404754638,1047.0218047537326,309.0002420557663,270.7256075604691,198.75855770775988,-137.79985531437035,101.73690086162547
2026-01-01 16:45:00,0.3419147727651446,266.6935227568128,31.25,0.0,242.69218006049292,-0.0011719710620664043,242.68923217195464,80.9019650963974,0.0029843858444664876,0.00025600558845326307,80.89529675109735,80.89197032445988,-0.004412362494986155,0.9999916313660396,0.9682680149915995,0.9999944550236588,0.9842388644882565,0.9999913222018149,0.9735725212156512,447.4265006339433,-21.589317118943153,362.69313817321915,1016.5498150908381,688.1751036220268,410.43423402612194,916.6146278820462,348.44305769632103,302.20506580592206,230.73194417432023,-138.53623390645382,101.07845493411405
2026-01-01 16:50:00,0.2261281084338224,176.68142872295988,30.83333333333333,0.0,0.0,-0.0,-0.0,-0.0,0.0,-0.0,-0.0,0.0,-0.0,0.9999969356991495,0.9895095769953874,0.9999967009857612,0.9904749768899457,0.9999913008297995,0.958391257447608,314.6322283835806,-19.761790243416044,362.6774329031986,745.4553296486007,634.5152531626932,446.6439696394774,1009.5615846550311,123.85396736148533,270.1019397398639,135.02333065059915,-132.01406003762642,110.56574488118765
2026-01-01 16:55:00,0.1675771652017019,131.15706129786537,30.416666666666668,0.0,0.0,-0.0,-0.0,-0.0,0.0,-0.0,-0.0,0.0,-0.0,0.9999972859187819,0.9922650493486571,0.9999968540014169,0.9898921057391649,0.9999933894359023,0.9685102014213727,277.2521712541385,-16.726912357732385,274.1498968751916,656.7922574844666,640.6732298157275,396.6271740434515,912.3024636060095,109.73406582302856,272.05525523083537,128.40447583865688,-131.33398837914658,110.51399677911901
2026-01-01 17:00:00,0.1712077768548257,134.22689705418333,30.0,0.0,0.0,-0.0,-0.0,-0.0,0.0,-0.0,-0.0,0.0,-0.0,0.9999962999798948,0.9793495844679793,0.9999986649908543,0.9948417547677233,0.9999942474192041,0.9779686191282263,308.11373608402823,-16.55252436504444,238.48355016439518,724.3841197349409,544.2849270662804,348.5554688851019,802.4599214071515,151.3075247053611,227.64041241613606,51.763163821382214,-125.43339172175136,108.20086776725257
2026-01-01 17:05:00,0.1014067190764464,79.63807671470258,29.58333333333333,0.0,0.0,-0.0,-0.0,-0.0,0.0,-0.0,-0.0,0.0,-0.0,0.999998322603542,0.9883347886106427,0.999999772328268,1.0019539577020704,0.9999954117832327,0.9812727503892307,228.7460861502109,-13.942515050395809,188.99912207150948,545.365872302657,463.44516057249496,326.61509923247144,761.3448336365327,66.42472249750799,192.97108721860945,5.119524363211386,-120.63352120222642,113.0549387182118
2026-01-01 17:10:00,0.1940726579159995,152.6704908939196,29.166666666666668,0.0,0.0,-0.0,-0.0,-0.0,0.0,-0.0,-0.0,0.0,-0.0,0.999999139082507,0.99184336770533,1.000000782738421,1.0061044048875156,0.9999947733764544,0.9754654771869719,225.44344466309528,-15.93986527419619,216.3931690999479,540.5483180689276,393.56630204284323,328.09122458796537,757.7035382329377,31.484230260637297,164.60588441870374,-37.480419713988695,-114.56049550040666,116.66585183088793
2026-01-01 17:15:00,0.2005599535669525,158.04124341075857,28.75,0.0,0.0,-0.0,-0.0,-0.0,0.0,-0.0,-0.0,0.0,-0.0,0.9999996174456933,0.993628886370375,1.0000010948742488,1.0072313807446849,0.9999954830282058,0.9775901111659564,195.69640555811512,-14.023735711256798,186.10801621524527,469.8735144266161,378.38491738359465,319.7925666617423,745.1783164600655,11.692396030620149,158.9517402766313,-50.70454368807437,-112.36819298613277,118.5739101812443
2026-01-01 17:20:00,0.1771373935098689,139.8204492771232,28.33333333333333,0.0,0.0,-0.0,-0.0,-0.0,0.0,-0.0,-0.0,0.0,-0.0,0.9999998507637452,0.9953758354285388,1.000000842879126,1.0036126829013803,0.9999962472221493,0.9798938363111084,201.83258708522945,-13.145757424939287,154.20988363175817,484.75435532950405,380.88325538103385,282.33436915250934,660.334161273869,1.544979004486202,159.45289836606145,-39.930706258765014,-114.01564713706244,119.81674295832426
2026-01-01 17:25:00,0.1452868061962172,114.87343476580907,27.916666666666668,0.0,0.0,-0.0,-0.0,-0.0,0.0,-0.0,-0.0,0.0,-0.0,1.0000002251731652,0.9975135187945777,1.0000010396006855,1.0037977862328462,0.9999975516876812,0.985150858020858,183.76280590918995,-9.32733977278386,98.89227127668498,441.1332994415502,362.6799944263213,254.06952759693766,602.1502839594219,-14.063019003758265,152.33123217376294,-48.17869895157397,-112.4335713646621,121.8253407281949
2026-01-01 17:30:00,0.086231279733005,68.29517354853996,27.5,0.0,0.0,-0.0,-0.0,-0.0,0.0,-0.0,-0.0,0.0,-0.0,1.0000000687986412,0.9966537342476074,1.0000011821093244,1.0041173519191289,0.9999972859352113,0.9836549857586822,195.22380451630596,-10.596682764477817,110.40070446745995,468.82186772324457,352.05575616099236,249.9790579957815,590.154777410533,-7.639032620963844,148.3068019282723,-54.17934651848245,-111.25161877236805,120.93287389762297
2026-01-01 17:35:00,0.1114449636946011,88.41300453105022,27.08333333333333,0.0,0.0,-0.0,-0.0,-0.0,0.0,-0.0,-0.0,0.0,-0.0,0.999999329781294,0.9948392822572855,1.0000008113944683,1.0012650436714319,0.9999972058973315,0.9832291564706988,213.42778366529978,-10.71462974535091,113.72138647147874,512.0621928295949,377.3868646033108,254.69622103642163,601.0582869605508,23.59738154089803,157.94555826673454,-38.54648772969667,-114.16850979655199,117.36081877508761
2026-01-01 17:40:00,0.0939690870692626,74.67410119104068,26.666666666666668,0.0,0.0,-0.0,-0.0,-0.0,0.0,-0.0,-0.0,0.0,-0.0,0.9999998121739162,0.9956438997810615,0.9999987281602826,0.9971364594063076,0.99999730308115,0.9804647874009487,188.3318323331824,-8.66915602264053,108.45189652006562,452.3172779875435,377.30822070131416,299.610468954274,711.3761696152937,3.5234053620369234,158.50909205381933,50.72771324002912,-127.65779525276149,119.55308871730304
2026-01-01 17:45:00,0.07396231781754,58.87400498276184,26.25,0.0,0.0,-0.0,-0.0,-0.0,0.0,-0.0,-0.0,0.0,-0.0,1.0000002911842854,0.9949832916274706,1.0000020250723818,1.0114724337463763,0.9999982297512534,0.9890154650274919,182.55735237475827,-6.996277605852108,70.14083994502988,438.13785415073676,275.3304566615263,239.78475203500327,571.6212700086492,-16.861829495490007,120.54499271824444,-89.53539279097954,-101.98623377818367,122.20336669455651
2026-01-01 17:50:00,0.0576345257180113,45.953928505827676,25.83333333333333,0.0,0.0,-0.0,-0.0,-0.0,0.0,-0.0,-0.0,0.0,-0.0,0.9999996165918245,0.9942243757086634,1.0000014851545966,1.010103041409195,0.9999979468665177,0.9876302970698119,200.40125083160223,-8.076570723722014,82.18714016372435,481.17877024121304,308.7530514639266,243.58370232445262,579.2308455363616,11.615809106708854,131.5200743436546,-66.7325087592794,-107.80436076906076,118.61648698542382
2026-01-01 17:55:00,0.0408358363466723,32.61422129554227,25.416666666666668,0.0,0.0,-0.0,-0.0,-0.0,0.0,-0.0,-0.0,0.0,-0.0,1.0000000005345608,0.99716915314034,1.0000003621302724,1.0034887092178204,0.999997716353311,0.9862734917723459,196.532907118521,-8.989260874108597,92.03894265329414,472.004384480894,365.1087273819543,245.2781971347843,581.8679013308558,-4.745551497017645,152.22543512680906,-19.171124952409677,-116.99476257178257,120.57540357178381
2026-01-01 18:00:00,0.0307421133394585,24.5936906715668,25.0,0.0,0.0,-0.0,-0.0,-0.0,0.0,-0.0,-0.0,0.0,-0.0,0.9999990570550763,0.9891627570951783,1.00000200929447,1.008647828402486,0.999997831010989,0.9900020207786101,239.36505119618255,-8.992824995105353,87.42014429970376,573.8548531333338,270.9259749649741,232.87676250996913,552.4428258533928,34.66587177023428,118.70865081994549,-88.81518154146134,-101.85014128577903,116.54226604208841
2026-01-01 18:05:00,0.0211221317487381,16.89770539899048,25.0,0.0,0.0,-0.0,-0.0,-0.0,0.0,-0.0,-0.0,0.0,-0.0,0.999999813758444,0.995170599384874,1.000001974810372,1.0117214038553124,0.9999977745453993,0.9828990481005978,206.5340021895195,-8.51912188640013,89.3951910718777,496.03936880245783,275.9015956917783,251.27653511177357,596.8513045610014,3.0177984181735082,120.49808474890645,-87.38720643028437,-102.42564456921293,119.6507657427234
2026-01-01 18:10:00,0.0200764814770502,16.061185181640163,25.0,0.0,0.0,-0.0,-0.0,-0.0,0.0,-0.0,-0.0,0.0,-0.0,0.9999986869185268,0.9888678711713462,1.0000013946727244,1.0137633992291737,0.999996136600342,0.9751523316750446,241.18624133367283,-12.656025781225422,158.4942337605104,577.0698121826802,328.13295604068355,301.21525321078036,705.8740611437047,50.49521575820897,139.1198425217702,-63.048994391503776,-109.12392084020753,114.99842616054772
2026-01-01 18:15:00,0.0184375850299427,14.75006802395416,25.0,0.0,0.0,-0.0,-0.0,-0.0,0.0,-0.0,-0.0,0.0,-0.0,0.9999982692800806,0.9853404294411312,1.0000016410800712,1.012639758084717,0.9999963117655402,0.9802799663776341,246.3702450306984,-12.111223388576457,151.0088869209162,587.7721289928916,319.898047651664,299.69410329012135,703.7771584915649,68.28517836102299,136.66482336792907,-73.525982243175,-107.05626658489898,113.37251145689596
2026-01-01 18:20:00,0.0137328711012172,10.986296880973761,25.0,0.0,0.0,-0.0,-0.0,-0.0,0.0,-0.0,-0.0,0.0,-0.0,0.9999985845558493,0.9863167728523309,1.0000013530971985,1.0072699556900577,0.9999971218682654,0.9854528415578293,228.92458566198127,-10.104704564247639,116.77869614502633,547.048895568395,342.6435149106176,277.15456096565003,655.338125190863,55.18238488160184,144.93562920962253,-61.412560493660294,-109.83913286198245,114.2391646248056
2026-01-01 18:25:00,0.0125478010010489,10.03824080083912,25.0,0.0,0.0,-0.0,-0.0,-0.0,0.0,-0.0,-0.0,0.0,-0.0,1.0000002831152086,0.9953910529248481,1.0000014143321219,1.0075413019989223,0.9999979558340503,0.9857948017362034,183.7490941067334,-7.776339328364554,81.61769571291777,441.01426081587744,316.5260404882948,251.1761461544649,597.721252821567,-16.54483632857626,134.43652023960817,-63.77531011705499,-108.60869262693156,122.14787796505325
2026-01-01 18:30:00,0.0104479648884473,8.35837191075784,25.0,0.0,0.0,-0.0,-0.0,-0.0,0.0,-0.0,-0.0,0.0,-0.0,0.9999987352270149,0.9829626913396875,1.0000011295069662,1.002375556829361,0.9999986250799386,0.9954973126857671,223.15658111275926,-5.355191584560895,53.23602140649162,533.740070814857,337.7805062867866,237.52808319180755,567.9993999937558,48.8589015425909,142.28057261542367,-51.78228921972404,-111.28477222821542,114.76897232571903
2026-01-01 18:35:00,0.0100382407385083,8.03059259080664,25.0,0.0,0.0,-0.0,-0.0,-0.0,0.0,-0.0,-0.0,0.0,-0.0,1.0000001779027439,0.9958822808264229,1.0000001937731577,1.0022187448922968,0.9999978579278849,0.984577799935172,180.6838212053844,-7.696870729640475,85.46552515784609,433.79739753292233,368.51798887953163,265.7186280063732,632.447001058148,-11.96389077714717,153.5167162264896,-11.99058521269131,-118.13689959823758,121.57920509181717
2026-01-01 18:40:00,0.0100382407385083,8.03059259080664,25.0,0.0,0.0,-0.0,-0.0,-0.0,0.0,-0.0,-0.0,0.0,-0.0,1.000000977213446,0.9974092357084438,1.0000011584291078,1.0020979222398423,0.9999985339753137,0.9881591814120368,163.26395965094528,-5.820357541943049,57.20737178857342,389.4432930106097,328.77821580948114,234.9069390822708,561.2854700029291,-45.77306273997715,138.65209581172985,-52.931608156972786,-110.85459261715843,126.70296012343628
2026-01-01 18:45:00,0.0100382407385083,8.03059259080664,25.0,0.0,0.0,-0.0,-0.0,-0.0,0.0,-0.0,-0.0,0.0,-0.0,1.0000007518504,0.9933765203912927,1.000001890870782,1.0085468471764518,0.999998809798661,0.9914059982290092,168.10861997818733,-4.855272188640859,45.628252997497135,402.12984333401766,276.82518562982966,224.4887849745396,537.2372340705494,-36.24247909783144,120.42347779048217,-83.79934624365112,-103.15848019713214,125.14940524220692
2026-01-01 18:50:00,0.0100382407385083,8.03059259080664,25.0,0.0,0.0,-0.0,-0.0,-0.0,0.0,-0.0,-0.0,0.0,-0.0,1.0000011407218197,0.9978456990930762,1.0000017286680376,1.0087980808235777,0.999998326272347,0.9882723568945443,156.0118789317069,-6.494798323156848,65.92884727901489,370.996577059902,293.7095954260239,242.70708131433395,579.1870766148542,-52.59531957285141,126.42266460296311,-77.0173555380509,-105.30694880704941,128.06842244794993
2026-01-01 18:55:00,0.0100382407385083,8.03059259080664,25.0,0.0,0.0,-0.0,-0.0,-0.0,0.0,-0.0,-0.0,0.0,-0.0,1.0000014716785055,0.9987573677962382,1.0000016319544052,1.0085519702729424,0.9999980626759041,0.9871916741851455,151.33630515385846,-7.48475547225427,77.14416959922009,357.31529699634484,296.59873831027846,246.60246994153238,587.2375634278878,-66.64101272533034,127.1667602887499,-72.90175497173429,-106.19126724254778,130.56408170906158
2026-01-01 19:00:00,0.0100382407385083,8.03059259080664,25.0,0.0,0.0,-0.0,-0.0,-0.0,0.0,-0.0,-0.0,0.0,-0.0,1.0000013786810746,0.999965786487523,1.000001005184401,1.00396698595177,0.9999985425767933,0.9886066741367435,154.01778792206065,-5.883512408125612,56.92680254131026,364.55957699263246,337.7125940548065,231.25358253939658,552.4937387707855,-62.72825872168873,141.93334514619312,-46.45396632363547,-112.16829775995878,129.76255827929162
2026-01-01 19:05:00,0.0096199807077567,7.695984566205361,25.0,0.0,0.0,-0.0,-0.0,-0.0,0.0,-0.0,-0.0,0.0,-0.0,1.0000013390187044,0.9996166581668015,1.0000008750303528,1.0059505573063445,0.9999980698887662,0.9848945880238295,154.992727428049,-7.4574562008622225,76.83681629408116,367.2174330463256,352.19340472564346,246.51407869423397,587.0637566370891,-61.055192034999635,147.6298540606459,-41.02135052443942,-113.35694123403304,129.43940458375457
2026-01-01 19:10:00,0.0043021031736655,3.4416825389324,25.0,0.0,0.0,-0.0,-0.0,-0.0,0.0,-0.0,-0.0,0.0,-0.0,1.0000013861365242,0.998673645092338,1.0000016104544704,1.0083690731222714,0.9999984491273164,0.9869971771855838,150.451903991759,-6.073620381665366,60.746329546737186,355.82521476200304,294.6697315794272,239.07325434839592,570.9774713615639,-62.96033303444955,126.2934798815141,-71.96110549979112,-106.27683739195827,130.0336808855704
2026-01-01 19:15:00,0.0,0.0,25.0,0.0,0.0,-0.0,-0.0,-0.0,0.0,-0.0,-0.0,0.0,-0.0,1.0000013583141572,0.9983469424413881,1.0000016299146965,1.00824796989711,0.9999986818191267,0.9869532839522284,152.4164145115376,-5.297615140890319,50.98547355457457,360.8134355804993,287.03203889827785,229.95114713200087,549.9322431957391,-61.81797357826267,123.28363687245226,-72.71861414456991,-105.78381265277547,129.72157905662033
2026-01-01 19:20:00,0.0,0.0,25.0,0.0,0.0,-0.0,-0.0,-0.0,0.0,-0.0,-0.0,0.0,-0.0,1.0000014262017036,0.9992052751157393,1.0000016454712592,1.0086106257739236,0.9999985107481052,0.9860088273673627,150.01438271990781,-5.942074373407889,58.22113568349886,354.4515361885221,288.22478743582104,234.18893565183208,559.4474405641895,-64.66351472864577,123.83451635029733,-73.39720184100013,-105.71352338587803,130.33844496817653
2026-01-01 19:25:00,0.0,0.0,25.0,0.0,0.0,-0.0,-0.0,-0.0,0.0,-0.0,-0.0,0.0,-0.0,1.0000013700205461,0.9998321912394834,1.000001535915308,1.0068949372152234,0.9999987375863788,0.9877121733822476,151.52295587849858,-5.167680065532054,48.708553660894495,358.55319181321806,303.01537031880605,225.1901434516026,538.6580814948172,-62.29701088045697,129.3785576762379,-68.85036129775126,-107.19915492538016,129.85600987162152
2026-01-01 19:30:00,0.0,0.0,25.0,0.0,0.0,-0.0,-0.0,-0.0,0.0,-0.0,-0.0,0.0,-0.0,1.000000835373025,0.9976136131120028,1.000001296864566,1.0058818887520002,0.9999984018958722,0.9853924853574544,157.90463344645394,-6.387994484894707,62.86446592487276,377.1818875927533,339.59844910630744,235.2784842577904,561.5779273584817,-39.57199805785756,143.5105416817839,-58.9723254435166,-110.1491046018154,125.98876508202564
2026-01-01 19:35:00,0.0,0.0,25.0,0.0,0.0,-0.0,-0.0,-0.0,0.0,-0.0,-0.0,0.0,-0.0,1.0000011349801359,0.9992214395125445,1.0000013910658447,1.00603419735781,0.9999987047097397,0.9887381887347506,156.36107784925335,-5.299266852992462,50.10169367276953,371.8771198037968,319.7773040993614,225.89438886909122,540.228990860259,-52.35808200070314,135.68583639391926,-62.81080745523778,-108.8878349246693,128.01372817863557
2026-01-01 19:40:00,0.0,0.0,25.0,0.0,0.0,-0.0,-0.0,-0.0,0.0,-0.0,-0.0,0.0,-0.0,1.0000006913366,0.9969863322447289,1.0000012413734083,1.0052847608273563,0.999998643629661,0.9891825246384454,168.74674345946758,-5.465922258552459,52.62137208315925,403.8916034800136,323.67477477332716,230.0415969335299,549.9963317379984,-33.666893622085276,136.79764394879035,-56.434980123148094,-110.10993534618538,124.76440578395001
2026-01-01 19:45:00,0.0,0.0,25.0,0.0,0.0,-0.0,-0.0,-0.0,0.0,-0.0,-0.0,0.0,-0.0,1.0000004385981838,0.9964852149990038,1.00000112916086,1.0039495615870753,0.9999990156806295,0.9897800833069886,169.39032048902163,-4.002098466651377,36.90257336590204,406.1952627774569,343.04216749147946,220.18555191093455,527.5469845458458,-22.859265080121464,144.4487423020533,-51.82011586157634,-111.41027876894195,123.22046748941082
2026-01-01 19:50:00,0.0,0.0,25.0,0.0,0.0,-0.0,-0.0,-0.0,0.0,-0.0,-0.0,0.0,-0.0,1.0000008786371477,0.9971032894180925,1.0000013203682012,1.0087239229017202,0.9999980811451037,0.9831764830189766,166.26529285637716,-7.288976719350737,76.26201587009061,397.15708220730835,316.90376027302614,250.2947512499028,596.2941335856744,-41.62594419860191,134.27029284767184,-59.752415293730415,-109.32262601206685,125.98278090231301
2026-01-01 19:55:00,0.0,0.0,25.0,0.0,0.0,-0.0,-0.0,-0.0,0.0,-0.0,-0.0,0.0,-0.0,1.0000006108729438,0.995199937354015,1.0000000926980033,1.0025802218236846,0.9999985536982235,0.98548281444498,173.6457062278484,-5.2949951018577615,55.93788420373817,415.95353130017025,326.8515140345722,252.41510720744182,603.6577531221657,-30.33949085235066,136.12075203326322,-7.2421773617492,-118.7311196930619,124.17118792484676
2026-01-01 20:00:00,0.0,0.0,25.0,0.0,0.0,-0.0,-0.0,-0.0,0.0,-0.0,-0.0,0.0,-0.0,1.0000009717400677,0.9976251939784353,1.0000017374499177,1.0072848249676598,0.99999902091373,0.9902329613065768,162.8974242782991,-3.976101815440595,36.676268888111785,388.5854454642206,289.7388443940625,220.2640098033167,527.7516616677414,-45.529923720553114,124.86025826207671,-77.35395474951565,-105.05230807697077,126.68226279828959
2026-01-01 20:05:00,0.0,0.0,25.0,0.0,0.0,-0.0,-0.0,-0.0,0.0,-0.0,-0.0,0.0,-0.0,1.0000010503690533,0.9967636058715481,1.000001917179657,1.011546542219848,0.9999980229019385,0.9850384906381029,161.48602738059574,-7.590862822766204,78.80681486668408,384.7638176741287,280.6585161025329,248.41600119139585,591.4112023302332,-48.86119106185451,122.09168437987884,-84.9651308823551,-103.157480143672,127.23674305561583
2026-01-01 20:10:00,0.0,0.0,25.0,0.0,0.0,-0.0,-0.0,-0.0,0.0,-0.0,-0.0,0.0,-0.0,1.0000010731537892,0.9973102853701228,1.0000019018795463,1.0079302801843093,0.9999990378373531,0.9919977249216622,160.0793449447449,-3.9798187488645387,36.04663237690165,381.2361531878624,280.96635129860823,216.28005744607393,518.2037916020241,-49.802285976698826,122.13599237482237,-84.31254857268408,-103.29689639840429,127.44210328133843
2026-01-01 20:15:00,0.0,0.0,25.0,0.0,0.0,-0.0,-0.0,-0.0,0.0,-0.0,-0.0,0.0,-0.0,1.0000011107611702,0.9977494631580625,1.000001745578347,1.0086574769026142,0.9999988350052048,0.988379477735174,157.78540432878194,-4.696703931183958,44.502757701471424,375.469861508486,283.40237060604017,226.32755895604268,541.7629677728455,-51.35617589794923,122.34447987530419,-77.63887872881857,-104.67992417289844,127.78799374754756
2026-01-01 20:20:00,0.0,0.0,25.0,0.0,0.0,-0.0,-0.0,-0.0,0.0,-0.0,-0.0,0.0,-0.0,1.0000011189153022,0.997100948134303,1.0000019518382077,1.0102166671033106,0.999998953458219,0.9884998715821434,156.07096805012398,-4.192553920156203,39.46035580181533,371.27075322255973,270.90862248948963,224.76813516384283,538.3982693505365,-51.663580418384896,118.38641413215133,-86.35280790847234,-102.32055095456688,127.92153254117338
2026-01-01 20:25:00,0.0,0.0,25.0,0.0,0.0,-0.0,-0.0,-0.0,0.0,-0.0,-0.0,0.0,-0.0,1.0000010192744988,0.9963756199486465,1.0000021632229381,1.0088385692609034,0.9999995644405651,0.9937225016823674,161.46594898039697,-1.5983378775559807,13.737185024441274,384.8819410045883,249.6076133883832,205.141943139451,492.5134692198346,-47.52986639068948,111.22798225345791,-95.19823781482259,-99.12390588629971,127.03941638790111
2026-01-01 20:30:00,0.0,0.0,25.0,0.0,0.0,-0.0,-0.0,-0.0,0.0,-0.0,-0.0,0.0,-0.0,1.0000009151735383,0.9960211376699365,1.000002345669934,1.0098725104648607,0.9999995095852983,0.9945323904765817,166.3435862954683,-1.8700401927251185,16.084851419948873,397.17900281359465,239.90183903048032,205.29875041149438,492.81917725607246,-43.191871255778885,108.68869086153684,-102.91961487497167,-96.7806416608201,126.20580200974214
2026-01-01 20:35:00,0.0,0.0,25.0,0.0,0.0,-0.0,-0.0,-0.0,0.0,-0.0,-0.0,0.0,-0.0,1.000000890434286,0.9980545026986037,1.000002231810065,1.0111697553637182,0.9999987922694669,0.990128026057306,167.7497068183969,-4.843712320245669,46.28849655717348,400.6851267380876,245.87542596978545,228.2800175881978,546.3196048922345,-42.16680471342968,110.21945796222384,-98.10009168201857,-98.24917545290891,126.0069737799822
2026-01-01 20:40:00,0.0,0.0,25.0,0.0,0.0,-0.0,-0.0,-0.0,0.0,-0.0,-0.0,0.0,-0.0,1.0000012315670457,0.9994810523813872,1.0000024478138243,1.011413817537144,0.9999993738637807,0.9930140613137103,156.6787982219657,-2.464537685022689,21.76969398455546,372.04248011361744,234.8949410550558,210.84343503763955,505.93047332628123,-56.49881443064823,107.5117367494419,-107.24674142009462,-95.46014575866113,128.63453071121378
2026-01-01 20:45:00,0.0,0.0,25.0,0.0,0.0,-0.0,-0.0,-0.0,0.0,-0.0,-0.0,0.0,-0.0,1.0000015862847254,1.0014904378831113,1.0000021046965701,1.0063620534063404,0.9999999918839709,0.9952839572161737,145.68464878707582,0.5289788622634003,-4.218985813685247,342.5394118120242,264.01672746663826,190.0487826062965,456.435315671443,-71.40440244144123,116.52287160864506,-92.83435712912261,-100.62750650204559,131.77456684639026
2026-01-01 20:50:00,0.0,0.0,25.0,0.0,0.0,-0.0,-0.0,-0.0,0.0,-0.0,-0.0,0.0,-0.0,1.000000112656465,0.9957466031527716,1.0000020857322234,1.0055561899666148,0.9999998989706346,0.9971369056193984,191.3699939896466,0.03125128504517497,-0.25480729677292485,459.5314715972886,270.63530646341843,190.76706394087796,458.1798522475831,-9.425480768374982,119.02556940363213,-92.0878961658798,-101.20868793432734,121.17441827684738
2026-01-01 20:55:00,0.0,0.0,25.0,0.0,0.0,-0.0,-0.0,-0.0,0.0,-0.0,-0.0,0.0,-0.0,1.0000002885893404,0.9942973872273909,1.000002464292092,1.0130077634924064,0.9999993063268474,0.9900840105645311,184.84491264354253,-2.7606969611539185,24.61681212888729,443.63821168172626,232.18445087436066,212.85244311419618,510.6307460320063,-16.80568767381829,106.60503626645276,-107.92577323147192,-95.06999989252674,122.16882025321762
2026-01-01 21:00:00,0.0,0.0,25.0,0.0,0.0,-0.0,-0.0,-0.0,0.0,-0.0,-0.0,0.0,-0.0,1.0000009454127876,0.9952705921382276,1.0000026447013506,1.013905102871622,0.9999993658971501,0.9888730524469506,163.6971036446947,-2.5329969056292096,22.159880140047097,390.64670197580256,224.21341989450792,208.8234070542307,501.05717829610427,-44.42234209168787,105.02585815490895,-115.5771911767435,-92.73017045136923,126.48699195361058
2026-01-01 21:05:00,0.0,0.0,25.0,0.0,0.0,-0.0,-0.0,-0.0,0.0,-0.0,-0.0,0.0,-0.0,1.0000005959433045,0.9935478110505435,1.0000026718080928,1.0094419785954254,1.0000003954121885,0.9993303493877551,173.46609554396832,2.8441384992446053,-21.216612829810042,415.5674880602993,221.7649820288302,177.9943869887784,426.97620931064347,-29.695841614522564,104.3404390905573,-116.71431341289085,-92.24258659019694,124.086768516055
2026-01-01 21:10:00,0.0,0.0,25.0,0.0,0.0,-0.0,-0.0,-0.0,0.0,-0.0,-0.0,0.0,-0.0,1.0000010793668699,0.9966797296784856,1.0000026492654936,1.0096340764670184,0.9999999136466605,0.997774739968606,160.17545749420648,0.11385704863670862,-0.9233338209027775,381.4338424740895,223.3684548802786,192.41486430961564,462.136656312316,-50.070516212726915,104.74910473650463,-115.76432670674605,-92.60411813165284,127.47790122544907
2026-01-01 21:15:00,0.0,0.0,25.0,0.0,0.0,-0.0,-0.0,-0.0,0.0,-0.0,-0.0,0.0,-0.0,1.0000011038513783,0.9954628579411698,1.0000027235985491,1.011781495056871,0.9999997219310756,0.9959985399055591,157.95371492813626,-0.8631845469285022,7.158664803554762,375.9175933684835,224.26088691613603,197.99523697850876,475.48641234857763,-51.06454912515279,105.6958039360228,-118.9586892804737,-92.05668588251885,127.73519173631286
2026-01-01 21:20:00,0.0,0.0,25.0,0.0,0.0,-0.0,-0.0,-0.0,0.0,-0.0,-0.0,0.0,-0.0,1.0000009722361498,0.9976199801037433,1.0000023665851965,1.0099519475279635,0.9999999808217922,0.9964646905974489,158.952551789144,0.46961507713770106,-3.751105388475863,379.05319080734023,244.27734361077208,190.30371177517813,457.05169925576234,-45.455774473597906,110.51779487020187,-103.8596869093832,-96.96652900965442,126.83770502089199
2026-01-01 21:25:00,0.0,0.0,25.0,0.0,0.0,-0.0,-0.0,-0.0,0.0,-0.0,-0.0,0.0,-0.0,1.000000574370491,0.9995974542723914,1.0000014879452186,1.007767845690983,0.9999995407501479,0.9955228286520602,163.98646041456098,-1.8145359124342855,14.95538336213139,392.82348440086236,294.5698101413419,196.71874815719482,472.23761828212804,-28.54371958843901,125.75218460735252,-66.71016397183513,-107.24006642627269,124.15545157745692
2026-01-01 21:30:00,0.0,0.0,25.0,0.0,0.0,-0.0,-0.0,-0.0,0.0,-0.0,-0.0,0.0,-0.0,1.0000013767635036,1.0009861265585493,1.0000020505066305,1.0100994450358207,0.999999811500015,0.9941949803066897,143.36852955296607,-0.41809621205874725,3.403819075652301,338.64103377605295,256.11689087878125,194.50612935366792,467.14788248575115,-62.386685773686494,113.08840655104272,-90.43308343331431,-100.55257346733913,130.43791239113668
2026-01-01 21:35:00,0.0,0.0,25.0,0.0,0.0,-0.0,-0.0,-0.0,0.0,-0.0,-0.0,0.0,-0.0,1.000001447442916,0.9962478427077108,1.0000027951418002,1.0111499287683,1.0000003248074718,0.9980919319549716,145.7453758678626,2.377332757296451,-18.33712219739618,343.87184929757564,210.45062141378966,184.01269816125063,441.57705807030277,-65.46789009131244,101.25765918408356,-121.88639724148504,-89.92220638436882,130.77877081032605
2026-01-01 21:40:00,0.0,0.0,25.0,0.0,0.0,-0.0,-0.0,-0.0,0.0,-0.0,-0.0,0.0,-0.0,1.0000008126611442,0.9939495442542773,1.0000027275275156,1.0084307010122888,1.0000008716489182,1.0010846804282563,143.4167758197434,5.869087083288079,-41.38009102371337,342.3251063189847,240.98976843425757,168.47306832106412,402.51368069210525,-38.24985668566421,111.95847642949224,-119.29443945659472,-93.66405368074628,126.37506799052746
2026-01-01 21:45:00,0.0,0.0,25.0,0.0,0.0,-0.0,-0.0,-0.0,0.0,-0.0,-0.0,0.0,-0.0,1.0000012185235259,1.0002263133068143,1.0000023951898371,1.0057182085928527,1.0000008272965155,0.9984476676920356,132.36880214476093,5.602569621740789,-39.478371250264566,313.0655237388713,268.065598174109,168.34965641255852,402.4067995700673,-55.34961341191578,119.91685625088886,-105.32352124161217,-98.55039486497414,130.02579746669238
2026-01-01 21:50:00,0.0,0.0,25.0,0.0,0.0,-0.0,-0.0,-0.0,0.0,-0.0,-0.0,0.0,-0.0,1.0000013823563476,0.9991934411599788,1.0000027929748145,1.0104245450422362,1.0000005888353005,0.9979725783649634,140.18999380038693,4.005621444646492,-29.43907605397665,330.84491324802735,224.1168912347867,175.44334845618772,420.34644248653746,-62.54833601395684,106.22852139816557,-121.9302666248906,-91.45200414682074,130.70533226330167
2026-01-01 21:55:00,0.0,0.0,25.0,0.0,0.0,-0.0,-0.0,-0.0,0.0,-0.0,-0.0,0.0,-0.0,1.000001904691022,1.0008751750757001,1.000002880484951,1.0154253468549141,0.999999597322925,0.9884740792239052,125.66544256152311,-1.4277720331070396,12.31141159047292,289.74491100674743,220.31374226867706,205.81876051781512,494.1772578063585,-84.5208742421675,105.5973559681157,-125.64233437039836,-90.30469293291974,136.26199247226293
2026-01-01 22:00:00,0.0,0.0,25.0,0.0,0.0,-0.0,-0.0,-0.0,0.0,-0.0,-0.0,0.0,-0.0,1.0000010962763848,0.998120557584117,1.0000023877114776,1.0069547541806791,1.0000003303227043,0.9962345600833485,132.28678869225666,2.4028097357539995,-18.58588362591597,313.7460490818346,275.67537549279893,184.53295946897563,442.81731552086825,-50.1177184563581,122.83498649075344,-105.07919359664028,-99.13502230589074,129.07531768441595
2026-01-01 22:05:00,0.0,0.0,25.0,0.0,0.0,-0.0,-0.0,-0.0,0.0,-0.0,-0.0,0.0,-0.0,1.0000017823986922,0.999952650033722,1.0000028722119287,1.0101938866336941,1.0000005890386432,0.9980000870068052,122.73273990600454,3.967773328232932,-29.496300886333202,283.932157547829,225.56825782389438,177.4579212364907,425.19275118829233,-79.22205884019932,107.44213538650249,-125.340378719572,-90.94090901523458,135.58965527438988
2026-01-01 22:10:00,0.0,0.0,25.0,0.0,0.0,-0.0,-0.0,-0.0,0.0,-0.0,-0.0,0.0,-0.0,1.0000025133110473,1.002408231170701,1.0000031120519417,1.0143213825762813,1.0000000911848856,0.9928668233074531,120.13332697550888,1.0654708568824405,-8.45186377465397,266.5901376303411,190.95110437324234,189.1378163939622,454.18828894512234,-110.37066548426696,97.43186728345897,-135.27203447908764,-84.68604624671046,142.48962791798834
2026-01-01 22:15:00,0.0,0.0,25.0,0.0,0.0,-0.0,-0.0,-0.0,0.0,-0.0,-0.0,0.0,-0.0,1.0000021812120503,0.9994403681534034,1.0000030830520301,1.0111640975273437,1.0000008851927837,1.0003294162866407,129.1226000024523,6.048112720067804,-41.888417914206784,294.7543806120392,189.7889681837298,165.5131941423988,395.3130456259295,-96.42088937225016,96.73524858882591,-134.0176584223509,-84.77279560012252,138.11370732785886
2026-01-01 22:20:00,0.0,0.0,25.0,0.0,0.0,-0.0,-0.0,-0.0,0.0,-0.0,-0.0,0.0,-0.0,1.0000022135856292,1.0022706288417658,1.0000028086865278,1.0105276541072605,1.0000005149555207,0.9987699189950714,129.09427803938885,3.605361564164576,-26.23220390163778,294.22701895834234,207.40330373342908,173.65820874687955,416.26279081554964,-97.80293279556811,100.27796058931682,-122.43634857386222,-89.44565967905017,138.38674041990393
2026-01-01 22:25:00,0.0,0.0,25.0,0.0,0.0,-0.0,-0.0,-0.0,0.0,-0.0,-0.0,0.0,-0.0,1.0000020228558189,1.0023980117043447,1.0000023705572663,1.010196762875573,0.9999999712198481,0.99685970096191,129.50616885365372,0.41520132109463914,-3.257095604497842,297.8412714053398,236.55088657228174,186.8694479442806,448.80693295850017,-89.66566453179942,107.58022444930114,-103.95259588757078,-96.27716719101537,136.754119005836
2026-01-01 22:30:00,0.0,0.0,25.0,0.0,0.0,-0.0,-0.0,-0.0,0.0,-0.0,-0.0,0.0,-0.0,1.0000020948587536,1.0002851196542488,1.000003019723486,1.0112656387442878,1.000000594047065,0.9982319108961123,125.06356839328645,4.096017457574809,-29.59042884379014,285.7360186887666,213.45624065135456,172.46088553592904,413.15456644483794,-92.63010517223083,104.39401569922153,-131.54058983212815,-88.35718899419945,137.96131076274068
2026-01-01 22:35:00,0.0,0.0,25.0,0.0,0.0,-0.0,-0.0,-0.0,0.0,-0.0,-0.0,0.0,-0.0,1.0000022229455143,1.00047082954848,1.0000029672266197,1.0109433053426748,1.0000005877385347,0.9986916124057639,127.27014102917798,4.062907235795071,-29.31510662503914,289.4867953264599,207.35469770361703,172.24608528150586,412.65698922944375,-98.1566018881441,101.72783958175437,-129.22986702675107,-88.06784078249386,138.72992350084888
2026-01-01 22:40:00,0.0,0.0,25.0,0.0,0.0,-0.0,-0.0,-0.0,0.0,-0.0,-0.0,0.0,-0.0,1.0000016195499708,1.0016975940509951,1.0000023514347733,1.010072942123669,0.9999999186088997,0.9963406413585226,137.38664055865294,0.13052322754201015,-1.0344360437806397,321.88166209745106,241.46018270385875,188.19152157977513,451.99287017826276,-72.62319445708705,109.32818557679447,-103.1822506241563,-96.86203855579281,132.7138023309741
2026-01-01 22:45:00,0.0,0.0,25.0,0.0,0.0,-0.0,-0.0,-0.0,0.0,-0.0,-0.0,0.0,-0.0,1.0000022715958867,1.0032173412588405,1.0000031474241513,1.011057750935936,1.0000006828525752,0.9982393663578173,128.25565906711856,4.66584285473946,-33.35027398761089,291.269768060247,190.84614801284357,170.6822160105774,408.58208235468993,-100.2592819621307,97.76227141616346,-136.78680970938223,-84.36962509575865,138.99381582268393
2026-01-01 22:50:00,0.0,0.0,25.0,0.0,0.0,-0.0,-0.0,-0.0,0.0,-0.0,-0.0,0.0,-0.0,1.0000023258509885,1.0013558029890641,1.0000030968845732,1.010409388968769,1.0000008901355477,1.0003179502143476,125.60048307118713,6.094957282603249,-42.088334644926036,283.71425840649033,193.9653386182533,165.02987461547133,394.12440513264,-102.5086966670087,98.3112181154375,-134.6522146861789,-85.23158538090557,139.86489572735735
2026-01-01 22:55:00,0.0,0.0,25.0,0.0,0.0,-0.0,-0.0,-0.0,0.0,-0.0,-0.0,0.0,-0.0,1.0000025112223552,1.002505309938287,1.00000297997364,1.011636957195461,1.0000007101588926,0.9969404080045167,122.85762390972035,4.897964175839364,-34.45476818302473,273.66603651176496,202.0286124440178,167.99828661691035,402.02097467610434,-110.35196146299351,99.96350005272767,-129.72283565745818,-87.2956988430886,141.96069245071226
2026-01-01 23:00:00,0.0,0.0,25.0,0.0,0.0,-0.0,-0.0,-0.0,0.0,-0.0,-0.0,0.0,-0.0,1.0000022866673655,1.0034508859665954,1.0000027510464073,1.0097058872009166,1.0000008925693418,0.9989671722938321,129.442367228557,6.14252302583745,-42.16939340132796,294.0520917314889,211.7755204338683,164.0723537252058,391.80278350339233,-100.93298976174682,101.34794479826462,-120.0100093722632,-90.46070766749502,138.94432078904566
2026-01-01 23:05:00,0.0,0.0,25.0,0.0,0.0,-0.0,-0.0,-0.0,0.0,-0.0,-0.0,0.0,-0.0,1.0000024681813222,1.0037295236971366,1.0000029240802322,1.0107793178528992,1.0000010354048783,0.9992197688940316,123.48063359895379,7.135625790523018,-48.22414584000952,276.00181931536383,203.35345722478317,161.62702851242315,385.18547423540394,-108.53087499441042,99.89823524883629,-127.34085951818611,-87.94528814413063,141.46563296086856
2026-01-01 23:10:00,0.0,0.0,25.0,0.0,0.0,-0.0,-0.0,-0.0,0.0,-0.0,-0.0,0.0,-0.0,1.0000027699458227,1.0049852587161356,1.000002966387067,1.01185810433428,1.0000008746100606,0.9967829750958973,114.46193024608384,5.9120784710884715,-41.48790668100756,246.76886596611575,201.58940011039846,167.68823033819757,400.6075416169748,-121.17003775214403,99.67771188793525,-129.1362085572691,-87.35704192562226,146.15192735813002
2026-01-01 23:15:00,0.0,0.0,25.0,0.0,0.0,-0.0,-0.0,-0.0,0.0,-0.0,-0.0,0.0,-0.0,1.0000027325877139,1.0046128765973552,1.0000031123805309,1.0110751293313545,1.0000013227106062,1.0002079728637818,114.79150919847312,9.286885577346881,-60.376232965763016,248.41936296449737,189.84487427159505,155.76348722103728,369.20557835044264,-119.58562537769369,97.05712453440148,-135.27504844608174,-84.52826649271938,145.7051828529903
2026-01-01 23:20:00,0.0,0.0,25.0,0.0,0.0,-0.0,-0.0,-0.0,0.0,-0.0,-0.0,0.0,-0.0,1.0000025645241897,1.0032509991334801,1.0000030378768414,1.0101249974071267,1.000001483260958,1.000985602712219,120.03945269024814,10.67855306202907,-67.12376140918542,265.43095800644795,188.8327176555585,150.81730841962093,355.95652050709504,-112.55372958495803,95.94375949235688,-132.07217408764714,-85.03078873383315,142.9786013325214
2026-01-01 23:25:00,0.0,0.0,25.0,0.0,0.0,-0.0,-0.0,-0.0,0.0,-0.0,-0.0,0.0,-0.0,1.0000025685931637,1.0032496562057946,1.0000028848528837,1.0095293237154843,1.0000015157560844,1.0011036495676295,120.35412377277116,10.901536975328181,-68.51392624358364,266.17474744183,191.60521298098683,150.82911574322122,355.7204517019436,-112.7355419610575,95.37526295650208,-125.54229164207783,-86.76690613694959,142.95422335702537
2026-01-01 23:30:00,0.0,0.0,25.0,0.0,0.0,-0.0,-0.0,-0.0,0.0,-0.0,-0.0,0.0,-0.0,1.000002826622895,1.0044842829645608,1.0000027134048524,1.0091126303173765,1.000001382480099,1.00008381544175,117.37915771007661,9.689827214089634,-62.9308533332633,253.34872683414602,195.2183510375359,155.66365392948433,368.53551284654645,-123.6646879225882,95.02512879879292,-118.23128506759149,-88.79965074932757,146.0176079392003
2026-01-01 23:35:00,0.0,0.0,25.0,0.0,0.0,-0.0,-0.0,-0.0,0.0,-0.0,-0.0,0.0,-0.0,1.0000028345979306,1.0048617986072657,1.0000027241012923,1.0098303972081049,1.000001151553975,0.9988980573198292,116.88891064706215,7.870535556499328,-53.19770248763446,251.87709570246068,196.4351249091934,161.73963610091786,384.80321004969863,-123.99172139270681,95.56000317587909,-118.70183860614765,-88.85653035357332,146.20933486334772
2026-01-01 23:40:00,0.0,0.0,25.0,0.0,0.0,-0.0,-0.0,-0.0,0.0,-0.0,-0.0,0.0,-0.0,1.0000027181473425,1.0041932677110967,1.0000031081762866,1.0113616760755044,1.000001276349815,0.9996714744301781,119.094941823668,9.089958626418918,-58.34384078910523,260.07342110811106,189.42595951505197,153.75269175759752,364.64206983489447,-119.08341455505767,96.87054322253434,-135.0906905660734,-84.5053740970151,144.6019283143199
2026-01-01 23:45:00,0.0,0.0,25.0,0.0,0.0,-0.0,-0.0,-0.0,0.0,-0.0,-0.0,0.0,-0.0,1.0000026637037422,1.0041520996305746,1.000003101469137,1.0105245883230343,1.0000014584345036,1.0003284389194487,118.07147523365725,10.581418612948559,-66.03500427737458,258.4414775409595,192.82220035046146,149.71728871130597,353.4727253651115,-116.73398488386707,97.96474393078032,-134.83724299680262,-85.03582859907878,144.30760479399046
2026-01-01 23:50:00,0.0,0.0,25.0,0.0,0.0,-0.0,-0.0,-0.0,0.0,-0.0,-0.0,0.0,-0.0,1.000002710710415,1.00390951742793,1.0000031114009507,1.0107781804226408,1.000001347669958,0.9995711462441562,115.68287480438201,9.605006517278472,-61.380641943513965,251.224878384009,189.60781220268834,153.15719715746872,362.6927084336989,-118.67617748587352,96.9660349792906,-135.2306982629899,-84.50330764898543,145.28525509452226
2026-01-01 23:55:00,0.0,0.0,25.0,0.0,0.0,-0.0,-0.0,-0.0,0.0,-0.0,-0.0,0.0,-0.0,1.0000027017806057,1.0037777504132488,1.000003106200873,1.0109228360918807,1.0000011792204722,0.9987291755519759,116.72137000024266,8.407096427903493,-54.202329050611986,254.14553395593052,189.9710295259098,154.34610624267665,366.7214051476524,-118.32272751489516,97.03629661004736,-135.0114901914589,-84.59903205864313,144.96496828981373
