ambient_temperature_celsius,battery_voltage,datetime,document_count_ambient_temperature_celsius,document_count_battery_voltage,document_count_ghi_irradiance_wm2,document_count_gri_irradiance_wm2,document_count_panel_temperature_celsius,document_count_poa_irradiance_wm2,document_count_precipitation_accumulated_mm,document_count_tracker_albedo_index,document_count_wind_direction_degrees,document_count_wind_speed_ms,ghi_irradiance_wm2,gri_irradiance_wm2,interpolated_keys_ambient_temperature_celsius,interpolated_keys_battery_voltage,interpolated_keys_ghi_irradiance_wm2,interpolated_keys_gri_irradiance_wm2,interpolated_keys_panel_temperature_celsius,interpolated_keys_poa_irradiance_wm2,interpolated_keys_wind_speed_ms,panel_temperature_celsius,poa_irradiance_wm2,precipitation_accumulated_mm,ps_id,tracker_albedo_index,wind_direction_degrees,wind_speed_ms
,,2025-02-28T00:00:00Z,0,0,0,0,0,0,0,0,0,0,,,,,,,,,,,,,PS_046,,,
,,2025-02-28T00:15:00Z,0,0,0,0,0,0,0,0,0,0,,,,,,,,,,,,,PS_046,,,
,,2025-02-28T00:30:00Z,0,0,0,0,0,0,0,0,0,0,,,,,,,,,,,,,PS_046,,,
,,2025-02-28T00:45:00Z,0,0,0,0,0,0,0,0,0,0,,,,,,,,,,,,,PS_046,,,
,,2025-02-28T01:00:00Z,0,0,0,0,0,0,0,0,0,0,,,,,,,,,,,,,PS_046,,,
,,2025-02-28T01:15:00Z,0,0,0,0,0,0,0,0,0,0,,,,,,,,,,,,,PS_046,,,
,,2025-02-28T01:30:00Z,0,0,0,0,0,0,0,0,0,0,,,,,,,,,,,,,PS_046,,,
,,2025-02-28T01:45:00Z,0,0,0,0,0,0,0,0,0,0,,,,,,,,,,,,,PS_046,,,
,,2025-02-28T02:00:00Z,0,0,0,0,0,0,0,0,0,0,,,,,,,,,,,,,PS_046,,,
,,2025-02-28T02:15:00Z,0,0,0,0,0,0,0,0,0,0,,,,,,,,,,,,,PS_046,,,
,,2025-02-28T02:30:00Z,0,0,0,0,0,0,0,0,0,0,,,,,,,,,,,,,PS_046,,,
,,2025-02-28T02:45:00Z,0,0,0,0,0,0,0,0,0,0,,,,,,,,,,,,,PS_046,,,
,,2025-02-28T03:00:00Z,0,0,0,0,0,0,0,0,0,0,,,,,,,,,,,,,PS_046,,,
,,2025-02-28T03:15:00Z,0,0,0,0,0,0,0,0,0,0,,,,,,,,,,,,,PS_046,,,
,,2025-02-28T03:30:00Z,0,0,0,0,0,0,0,0,0,0,,,,,,,,,,,,,PS_046,,,
,,2025-02-28T03:45:00Z,0,0,0,0,0,0,0,0,0,0,,,,,,,,,,,,,PS_046,,,
,,2025-02-28T04:00:00Z,0,0,0,0,0,0,0,0,0,0,,,,,,,,,,,,,PS_046,,,
,,2025-02-28T04:15:00Z,0,0,0,0,0,0,0,0,0,0,,,,,,,,,,,,,PS_046,,,
,,2025-02-28T04:30:00Z,0,0,0,0,0,0,0,0,0,0,,,,,,,,,,,,,PS_046,,,
,,2025-02-28T04:45:00Z,0,0,0,0,0,0,0,0,0,0,,,,,,,,,,,,,PS_046,,,
,,2025-02-28T05:00:00Z,0,0,0,0,0,0,0,0,0,0,,,,,,,,,,,,,PS_046,,,
,,2025-02-28T05:15:00Z,0,0,0,0,0,0,0,0,0,0,,,,,,,,,,,,,PS_046,,,
,,2025-02-28T05:30:00Z,0,0,0,0,0,0,0,0,0,0,,,,,,,,,,,,,PS_046,,,
,,2025-02-28T05:45:00Z,0,0,0,0,0,0,0,0,0,0,,,,,,,,,,,,,PS_046,,,
,,2025-02-28T06:00:00Z,0,0,0,0,0,0,0,0,0,0,,,,,,,,,,,,,PS_046,,,
,,2025-02-28T06:15:00Z,0,0,0,0,0,0,0,0,0,0,,,,,,,,,,,,,PS_046,,,
,,2025-02-28T06:30:00Z,0,0,0,0,0,0,0,0,0,0,,,,,,,,,,,,,PS_046,,,
,,2025-02-28T06:45:00Z,0,0,0,0,0,0,0,0,0,0,,,,,,,,,,,,,PS_046,,,
,,2025-02-28T07:00:00Z,0,0,0,0,0,0,0,0,0,0,,,,,,,,,,,,,PS_046,,,
,,2025-02-28T07:15:00Z,0,0,0,0,0,0,0,0,0,0,,,,,,,,,,,,,PS_046,,,
,,2025-02-28T07:30:00Z,0,0,0,0,0,0,0,0,0,0,,,,,,,,,,,,,PS_046,,,
,,2025-02-28T07:45:00Z,0,0,0,0,0,0,0,0,0,0,,,,,,,,,,,,,PS_046,,,
,,2025-02-28T08:00:00Z,0,0,0,0,0,0,0,0,0,0,,,,,,,,,,,,,PS_046,,,
,,2025-02-28T08:15:00Z,0,0,0,0,0,0,0,0,0,0,,,,,,,,,,,,,PS_046,,,
,,2025-02-28T08:30:00Z,0,0,0,0,0,0,0,0,0,0,,,,,,,,,,,,,PS_046,,,
,,2025-02-28T08:45:00Z,0,0,0,0,0,0,0,0,0,0,,,,,,,,,,,,,PS_046,,,
,,2025-02-28T09:00:00Z,0,0,0,0,0,0,0,0,0,0,,,,,,,,,,,,,PS_046,,,
,,2025-02-28T09:15:00Z,0,0,0,0,0,0,0,0,0,0,,,,,,,,,,,,,PS_046,,,
,,2025-02-28T09:30:00Z,0,0,0,0,0,0,0,0,0,0,,,,,,,,,,,,,PS_046,,,
,,2025-02-28T09:45:00Z,0,0,0,0,0,0,0,0,0,0,,,,,,,,,,,,,PS_046,,,
,,2025-02-28T10:00:00Z,0,0,0,0,0,0,0,0,0,0,,,,,,,,,,,,,PS_046,,,
,,2025-02-28T10:15:00Z,0,0,0,0,0,0,0,0,0,0,,,,,,,,,,,,,PS_046,,,
,,2025-02-28T10:30:00Z,0,0,0,0,0,0,0,0,0,0,,,,,,,,,,,,,PS_046,,,
,,2025-02-28T10:45:00Z,0,0,0,0,0,0,0,0,0,0,,,,,,,,,,,,,PS_046,,,
,,2025-02-28T11:00:00Z,0,0,0,0,0,0,0,0,0,0,,,,,,,,,,,,,PS_046,,,
,,2025-02-28T11:15:00Z,0,0,0,0,0,0,0,0,0,0,,,,,,,,,,,,,PS_046,,,
,,2025-02-28T11:30:00Z,0,0,0,0,0,0,0,0,0,0,,,,,,,,,,,,,PS_046,,,
,,2025-02-28T11:45:00Z,0,0,0,0,0,0,0,0,0,0,,,,,,,,,,,,,PS_046,,,
,,2025-02-28T12:00:00Z,0,0,0,0,0,0,0,0,0,0,,,,,,,,,,,,,PS_046,,,
,,2025-02-28T12:15:00Z,0,0,0,0,0,0,0,0,0,0,,,,,,,,,,,,,PS_046,,,
,,2025-02-28T12:30:00Z,0,0,0,0,0,0,0,0,0,0,,,,,,,,,,,,,PS_046,,,
,,2025-02-28T12:45:00Z,0,0,0,0,0,0,0,0,0,0,,,,,,,,,,,,,PS_046,,,
,,2025-02-28T13:00:00Z,0,0,0,0,0,0,0,0,0,0,,,,,,,,,,,,,PS_046,,,
,,2025-02-28T13:15:00Z,0,0,0,0,0,0,0,0,0,0,,,,,,,,,,,,,PS_046,,,
,,2025-02-28T13:30:00Z,0,0,0,0,0,0,0,0,0,0,,,,,,,,,,,,,PS_046,,,
,,2025-02-28T13:45:00Z,0,0,0,0,0,0,0,0,0,0,,,,,,,,,,,,,PS_046,,,
,,2025-02-28T14:00:00Z,0,0,0,0,0,0,0,0,0,0,,,,,,,,,,,,,PS_046,,,
,,2025-02-28T14:15:00Z,0,0,0,0,0,0,0,0,0,0,,,,,,,,,,,,,PS_046,,,
,,2025-02-28T14:30:00Z,0,0,0,0,0,0,0,0,0,0,,,,,,,,,,,,,PS_046,,,
,,2025-02-28T14:45:00Z,0,0,0,0,0,0,0,0,0,0,,,,,,,,,,,,,PS_046,,,
,,2025-02-28T15:00:00Z,0,0,0,0,0,0,0,0,0,0,,,,,,,,,,,,,PS_046,,,
,,2025-02-28T15:15:00Z,0,0,0,0,0,0,0,0,0,0,,,,,,,,,,,,,PS_046,,,
32.88999938964844,17.052000045776367,2025-02-28T15:30:00Z,1,1,1,1,1,1,0,0,0,1,532.8900146484375,40.61000061035156,,,,,,,,53.20000076293945,456.0700073242188,,PS_046,,,4.038000106811523
33.952012689635716,18.667058277866424,2025-02-28T15:45:00Z,4,4,4,4,4,4,1,0,0,4,1049.7828894102913,50.24883428010817,,,,,,,,53.9686004928476,1025.9016607829383,587.7999877929688,PS_046,,,3.944677037415009
33.440478699786084,18.692515652593322,2025-02-28T16:00:00Z,4,4,4,4,4,4,1,0,0,4,1044.9258704836511,50.86108021210455,,,,,,,,52.88775783780779,1016.2940413230276,587.7999877929688,PS_046,,,5.218266687311445
33.121688075583215,18.626047755094756,2025-02-28T16:15:00Z,3,3,3,3,3,3,1,0,0,3,1041.5976428889426,53.90491357218372,,,,,,,,52.857261013999626,1005.8187533513607,587.7999877929688,PS_046,,,4.139655383013419
33.544803895710054,18.31675659189679,2025-02-28T16:30:00Z,4,4,4,4,4,4,1,0,0,4,965.3084465438752,56.87065332137925,,,,,,,,53.53347150854371,929.6412653484123,587.7999877929688,PS_046,,,4.510890908735981
32.9385097430376,17.909680816604002,2025-02-28T16:45:00Z,4,4,4,4,4,4,1,0,0,4,880.4847705119267,59.31073549415744,,,,,,,,49.70436027206847,842.974752088877,587.7999877929688,PS_046,,,3.744071709198042
33.551661305011564,18.204921222376115,2025-02-28T17:00:00Z,3,3,3,3,3,3,1,0,0,3,1031.2082472298523,68.56342620368083,,,,,,,,50.966999649001124,946.5926454059546,587.7999877929688,PS_046,,,2.895482681401719
33.297598678352635,18.232881782689464,2025-02-28T17:15:00Z,4,4,4,4,4,4,1,0,0,4,886.8682923391754,61.437679677458156,,,,,,,,48.58520380719665,825.4571756371441,587.7999877929688,PS_046,,,3.704381818186286
33.816894296884406,18.24036752031414,2025-02-28T17:30:00Z,4,4,4,4,4,4,1,0,0,4,901.219574227489,66.70160683075402,,,,,,,,51.22225956882254,828.1687200243589,587.7999877929688,PS_046,,,2.4301556534356075
34.10561287875794,18.290810642175057,2025-02-28T17:45:00Z,3,3,3,3,3,3,1,0,0,3,890.0365231434105,72.30095399411748,,,,,,,,51.51784193158266,806.1159151306495,587.7999877929688,PS_046,,,3.0626105459640036
34.57119630164117,18.160649296435874,2025-02-28T18:00:00Z,4,4,4,4,4,4,1,0,0,4,864.1259693179761,78.07752050690871,,,,,,,,51.19135609106392,778.5552121003277,587.7999877929688,PS_046,,,2.8596003132648504
34.0478921914549,18.086620404076474,2025-02-28T18:15:00Z,4,4,4,4,4,4,1,0,0,4,824.0695307468059,83.8882630366052,,,,,,,,48.05053072686944,739.1721815245538,587.7999877929688,PS_046,,,3.7174719184166847
34.53006582993008,18.07330877039547,2025-02-28T18:30:00Z,3,3,3,3,3,3,1,0,0,3,790.8081162674803,86.13162284566742,,,,,,,,48.918955732450264,698.3735088746837,587.7999877929688,PS_046,,,2.320817086677134
32.886679809941405,16.954626679851287,2025-02-28T18:45:00Z,4,4,4,4,4,4,1,0,0,4,438.3527764951957,54.39194412325467,,,,,,,,41.308703558954036,378.06054298680874,587.7999877929688,PS_046,,,3.0961725580467836
33.38584656618592,16.92190025213433,2025-02-28T19:00:00Z,4,4,4,4,4,4,1,0,0,4,367.6205811158784,36.83013766879527,,,,,,,,44.065547586566744,290.11847379630296,587.7999877929688,PS_046,,,2.3577056294478806
34.15210822200156,17.29618339675541,2025-02-28T19:15:00Z,3,3,3,3,3,3,1,0,0,3,463.8138828467107,67.70212315282085,,,,,,,,43.8275172408274,384.48049877387365,587.7999877929688,PS_046,,,2.6173917375787408
34.225416933761124,17.447765204880223,2025-02-28T19:30:00Z,4,4,4,4,4,4,1,0,0,4,519.5454321136019,82.67421128922278,,,,,,,,43.838904860777156,422.35587285374294,587.7999877929688,PS_046,,,2.3389864530263136
33.572582063779116,17.347288152997248,2025-02-28T19:45:00Z,3,3,3,3,3,3,1,0,0,3,469.254563950277,82.276983738162,,,,,,,,42.05866172378898,368.9700777635463,587.7999877929688,PS_046,,,3.139053048324442
32.81117809011017,16.356734844787958,2025-02-28T20:00:00Z,4,4,4,4,4,4,1,0,0,4,145.5984233339373,16.518497387979927,,,,,,,,37.783239196552955,110.62535453566001,587.7999877929688,PS_046,,,3.220580632973927
32.6898371096994,16.774329992287225,2025-02-28T20:15:00Z,4,4,4,4,4,4,1,0,0,4,259.1679624024784,45.28912293182719,,,,,,,,35.021355167046295,184.71550202759371,587.7999877929688,PS_046,,,1.970701364718646
32.99844512591697,16.92423861589283,2025-02-28T20:30:00Z,3,3,3,3,3,3,1,0,0,3,258.4990336938898,53.13474498866867,,,,,,,,35.74261276420712,167.32369454030797,587.7999877929688,PS_046,,,2.158409574870883
32.896448192206925,16.78912560959688,2025-02-28T20:45:00Z,4,4,4,4,4,4,1,0,0,4,205.84642402653026,41.55032414006336,,,,,,,,34.4231029454282,119.2857929708316,587.7999877929688,PS_046,,,2.0802371908844073
32.83865150114815,16.59368326929183,2025-02-28T21:00:00Z,4,4,4,4,4,4,1,0,0,4,141.73613944851553,19.339844282525725,,,,,,,,32.89442563920416,67.69615514235981,587.7999877929688,PS_046,,,1.984206008164201
32.469726542423736,16.38478072889224,2025-02-28T21:15:00Z,3,3,3,3,3,3,1,0,0,3,82.72380323976455,12.593300834660072,,,,,,,,31.265059799288544,28.476975351392532,587.7999877929688,PS_046,,,2.042940969715261
31.364860423332367,16.119868812629296,2025-02-28T21:30:00Z,4,4,4,4,4,4,1,0,0,4,29.108367941651256,2.7200351858427743,,,,,,,,28.994878676690497,13.944673744042122,587.7999877929688,PS_046,,,1.6538844268393513
30.079536767790128,15.942272718755982,2025-02-28T21:45:00Z,4,4,4,4,4,4,1,0,0,4,6.501602420282925,-1.6738973067193073,,,,,,,,27.284540898232724,2.829840287205603,587.7999877929688,PS_046,,,1.0291665256202744
29.570246991926847,15.933171540347267,2025-02-28T22:00:00Z,3,3,3,3,3,3,1,0,0,3,-1.9381448239051562,-2.528933769413242,,,,,,,,25.428386493574607,-3.086654588484595,587.7999877929688,PS_046,,,0.6898321225193866
29.242310262118547,15.957422610757439,2025-02-28T22:15:00Z,4,4,4,4,4,4,1,0,0,4,-2.92831711328538,-2.4657113825569392,,,,,,,,24.491789425944393,-2.911471618832753,587.7999877929688,PS_046,,,0.2684633764954739
28.96019372476907,15.960000038146973,2025-02-28T22:30:00Z,3,3,3,3,3,3,1,0,0,3,-2.8873217324193226,-2.3371096677947856,,,,,,,,24.03410190013691,-2.5590943348280923,587.7999877929688,PS_046,,,0.04041758111518107
28.396111185007374,15.959177842100058,2025-02-28T22:45:00Z,4,4,4,4,4,4,1,0,0,4,-2.5901720655376828,-2.0325064925523244,,,,,,,,23.799999237060543,-2.6148930836907813,587.7999877929688,PS_046,,,0.6026884239590369
28.112766050631045,15.957554636993818,2025-02-28T23:00:00Z,4,4,4,4,4,4,1,0,0,4,-2.5084522551809245,-1.9999826240896812,,,,,,,,23.737840659031043,-2.1734800204225406,587.7999877929688,PS_046,,,0.14141089580007357
28.54499222638302,15.950626899465263,2025-02-28T23:15:00Z,3,3,3,3,3,3,1,0,0,3,-2.770128373656438,-1.7353612031486791,,,,,,,,23.81813212496896,-2.218675841276084,587.7999877929688,PS_046,,,0.1303135126254268
27.77457555329736,15.945124625316442,2025-02-28T23:30:00Z,4,4,4,4,4,4,1,0,0,4,-2.7392242442305856,-1.8466183723240495,,,,,,,,24.171039406306488,-2.797705438421555,587.7999877929688,PS_046,,,0.06355804110013052
27.386895423442407,15.942065785619384,2025-02-28T23:45:00Z,4,4,4,4,4,4,1,0,0,4,-2.7941773337879225,-1.8364582137508547,,,,,,,,23.59288737533078,-2.9041087266006413,587.7999877929688,PS_046,,,0.0
27.96541761781127,15.937499046325685,2025-03-01T00:00:00Z,3,3,3,3,3,3,1,0,0,3,-2.5890250045629886,-1.7864128101502124,,,,,,,,23.348095613766557,-2.4015996490995604,587.7999877929688,PS_046,,,0.04809619036683465
28.00985249198381,15.930562364348654,2025-03-01T00:15:00Z,4,4,4,4,4,4,1,0,0,4,-2.605751939714425,-1.94615013028363,,,,,,,,23.253099885222245,-2.4967049052442034,587.7999877929688,PS_046,,,0.013757178117670568
28.1060886036155,15.923421622967988,2025-03-01T00:30:00Z,4,4,4,4,4,4,1,0,0,4,-2.5750287213700283,-1.8035571672756552,,,,,,,,23.265243114663875,-2.4429640715156977,587.7999877929688,PS_046,,,0.18812008888936876
27.633947475311313,15.920754493427381,2025-03-01T00:45:00Z,3,3,3,3,3,3,1,0,0,3,-2.6962944026291313,-1.996472731488155,,,,,,,,23.028908484294526,-2.7377545206376515,587.7999877929688,PS_046,,,0.022576199888415884
27.071385284375634,15.914249420166016,2025-03-01T01:00:00Z,4,4,4,4,4,4,1,0,0,4,-2.865911759523617,-2.0763445215239753,,,,,,,,22.39200504630409,-2.647988406320258,587.7999877929688,PS_046,,,0.10588899155661488
25.521948396037615,15.906970686412745,2025-03-01T01:15:00Z,3,3,3,3,3,3,1,0,0,3,-2.2910609259454704,-1.7767993753513485,,,,,,,,22.15736533252799,-2.7444675601419495,587.7999877929688,PS_046,,,0.9079018951144379
25.589870005213513,15.902249336242672,2025-03-01T01:30:00Z,4,4,4,4,4,4,1,0,0,4,-2.35316506644464,-1.8090836910320687,,,,,,,,21.700000762939453,-2.394029391272956,587.7999877929688,PS_046,,,0.21387425410887476
26.43656051177001,15.896999359130858,2025-03-01T01:45:00Z,4,4,4,4,4,4,1,0,0,4,-2.3775602602834565,-1.578349089260853,,,,,,,,21.70000076293945,-1.87921814646047,587.7999877929688,PS_046,,,0.9654636730508586
25.86723033335656,15.891000747680666,2025-03-01T02:00:00Z,3,3,3,3,3,3,1,0,0,3,-2.659732572382819,-1.6325779409661747,,,,,,,,21.653240706985684,-1.9102031125797598,587.7999877929688,PS_046,,,0.1392989996571262
25.254189922576934,15.885788041850123,2025-03-01T02:15:00Z,4,4,4,4,4,4,1,0,0,4,-2.2656861125396417,-1.7406571188131559,,,,,,,,21.28154634243356,-2.3840124499553146,587.7999877929688,PS_046,,,1.0281333350250401
25.51112954909572,15.882122020562488,2025-03-01T02:30:00Z,4,4,4,4,4,4,1,0,0,4,-2.4812714418747164,-1.6314028124141586,,,,,,,,21.619849920419902,-2.1057110857974255,587.7999877929688,PS_046,,,0.18052023767289646
25.817892807878074,15.873749732971193,2025-03-01T02:45:00Z,3,3,3,3,3,3,1,0,0,3,-2.429185489591077,-1.6890111408521717,,,,,,,,21.700000762939453,-2.113725125650652,587.7999877929688,PS_046,,,0.0
25.576580530338706,15.873749732971191,2025-03-01T03:00:00Z,4,4,4,4,4,4,1,0,0,4,-2.4195104518709445,-1.6141715628539561,,,,,,,,21.649901115808014,-2.3858455434226706,587.7999877929688,PS_046,,,0.32779956180088754
24.927205808396867,15.867749214172363,2025-03-01T03:15:00Z,3,3,3,3,3,3,1,0,0,3,-2.3484451358254095,-1.5676939146842521,,,,,,,,21.700000762939453,-2.513652021763631,587.7999877929688,PS_046,,,0.30316396859401074
25.84192495612885,15.862396931165874,2025-03-01T03:30:00Z,4,4,4,4,4,4,1,0,0,4,-2.264998471212733,-1.5929331408199403,,,,,,,,21.936216486047485,-2.256861660541495,587.7999877929688,PS_046,,,0.28013772901464595
25.75546971700302,15.85650062561035,2025-03-01T03:45:00Z,4,4,4,4,4,4,1,0,0,4,-2.3717723123946914,-1.6808308083108994,,,,,,,,22.0,-2.404887960640715,587.7999877929688,PS_046,,,0.41452824910088093
25.93071811872047,15.855521769096454,2025-03-01T04:00:00Z,3,3,3,3,3,3,1,0,0,3,-2.3616259672290862,-1.6496709074744078,,,,,,,,22.032625853888803,-2.603432357487589,587.7999877929688,PS_046,,,0.28754799705616013
24.70398875013892,15.850500106811523,2025-03-01T04:15:00Z,4,4,4,4,4,4,1,0,0,4,-2.5266366953428108,-1.726367053360073,,,,,,,,21.54947125791208,-2.7008568685323713,587.7999877929688,PS_046,,,0.1343114324586737
25.13257815455982,15.84791022180774,2025-03-01T04:30:00Z,4,4,4,4,4,4,1,0,0,4,-2.350751087222065,-1.8139302486251707,,,,,,,,21.272599235037685,-2.416779468966578,587.7999877929688,PS_046,,,0.02594201070369557
25.1733682769846,15.844500541687015,2025-03-01T04:45:00Z,3,3,3,3,3,3,1,0,0,3,-2.126483993564291,-1.6691146072163614,,,,,,,,21.41662309885353,-1.8172263691841728,587.7999877929688,PS_046,,,0.0
24.598238383564876,15.839249610900879,2025-03-01T05:00:00Z,4,4,4,4,4,4,1,0,0,4,-2.188315926987402,-1.4307907171920649,,,,,,,,22.044852428764763,-2.3009746897171905,587.7999877929688,PS_046,,,0.7590969910863142
24.302368625117648,15.838497817473144,2025-03-01T05:15:00Z,4,4,4,4,4,4,1,0,0,4,-1.0503351520111348,-1.1198282285757206,,,,,,,,22.27736720474603,-1.4963490137379654,587.7999877929688,PS_046,,,4.41740976332398
25.168504777800074,15.834207000104113,2025-03-01T05:30:00Z,3,3,3,3,3,3,1,0,0,3,-1.9567391261614424,-1.204160462582543,,,,,,,,23.264354726000583,-1.858009591223779,587.7999877929688,PS_046,,,3.7890207888812126
25.01527205150076,15.832315651377895,2025-03-01T05:45:00Z,4,4,4,4,4,4,1,0,0,4,-1.7055850986364816,-1.1999922011161595,,,,,,,,23.159630563451888,-1.9353675250161197,587.7999877929688,PS_046,,,3.7643741316564556
25.396667480468754,15.82724952697754,2025-03-01T06:00:00Z,4,4,4,4,4,4,1,0,0,4,-1.8823730606583187,-1.3772678200654218,,,,,,,,23.451393582662952,-1.94257247081381,587.7999877929688,PS_046,,,2.1400593847294056
25.07601240939078,15.82724952697754,2025-03-01T06:15:00Z,3,3,3,3,3,3,1,0,0,3,-1.8497528148296718,-1.539075493856879,,,,,,,,23.100000381469727,-2.0632337142900368,587.7999877929688,PS_046,,,0.8405510391896176
25.096603316853273,15.824724118776736,2025-03-01T06:30:00Z,4,4,4,4,4,4,1,0,0,4,-3.2018073561987133,-1.4747210018467305,,,,,,,,22.05796962259784,-3.664821966178191,587.7999877929688,PS_046,,,1.6286478890154819
24.209728679606886,15.821999549865723,2025-03-01T06:45:00Z,3,3,3,3,3,3,1,0,0,3,-1.977376881365732,-1.4223312286470764,,,,,,,,20.650691667645162,-3.017993758965346,587.7999877929688,PS_046,,,3.4204129669917136
24.421676104306794,15.818092665723341,2025-03-01T07:00:00Z,4,4,4,4,4,4,1,0,0,4,-1.9907067407048262,-1.4159128922576403,,,,,,,,20.553595768375562,-2.1398135001956584,587.7999877929688,PS_046,,,1.9318010370348344
25.005445110948802,15.816000938415527,2025-03-01T07:15:00Z,4,4,4,4,4,4,1,0,0,4,-2.0318949218290943,-1.3037117146508344,,,,,,,,21.83549832417956,-2.132846382306149,587.7999877929688,PS_046,,,3.378054938852274
24.726792585332287,15.811821687536302,2025-03-01T07:30:00Z,3,3,3,3,3,3,1,0,0,3,-1.9382930849984543,-1.4334896186818196,,,,,,,,22.51328205627092,-2.0975645275451376,587.7999877929688,PS_046,,,1.2940595667707886
24.076215697371715,15.814259895163246,2025-03-01T07:45:00Z,4,4,4,4,4,4,1,0,0,4,-1.7596645455655815,-1.5344080730735568,,,,,,,,22.08218788075674,-1.9979173907550432,587.7999877929688,PS_046,,,0.970286615419912
23.5040381167993,15.810000419616701,2025-03-01T08:00:00Z,9,9,9,9,9,9,1,0,0,9,-1.4921265423189276,-1.3381717069502346,,,,,,,,22.02141341263916,-1.764474824613938,587.7999877929688,PS_046,,,1.8043172108421366
23.740654666272224,15.810000419616694,2025-03-01T08:15:00Z,15,15,15,15,15,15,1,0,0,15,-1.765497804359553,-1.3858636938721582,,,,,,,,22.22881699201196,-1.9004718183249134,587.7999877929688,PS_046,,,0.9079236356264753
24.396387102575765,15.808497774126328,2025-03-01T08:30:00Z,15,15,15,15,15,15,1,0,0,15,-1.7769351775333713,-1.2611873441811492,,,,,,,,22.7375652936947,-1.905363796174665,587.7999877929688,PS_046,,,1.9533562426643816
24.320577557565812,15.805483650248853,2025-03-01T08:45:00Z,14,14,14,14,14,14,1,0,0,14,-1.8448387583796415,-1.3592244234844935,,,,,,,,22.711998125877027,-1.9988980296277608,587.7999877929688,PS_046,,,1.5664072276796503
23.824776533534333,15.80514347197592,2025-03-01T09:00:00Z,9,9,9,9,9,9,1,0,0,9,-1.973025485562708,-1.5304099471584696,,,,,,,,21.757817292633003,-2.2529964037624515,587.7999877929688,PS_046,,,1.6638782859233128
23.45130489749914,15.80195946561216,2025-03-01T09:15:00Z,4,4,4,4,4,4,1,0,0,4,0.5617346883783614,-1.1626488419209688,,,,,,,,20.977690698721922,0.5513747790665576,587.7999877929688,PS_046,,,1.6409555972546075
23.431383192820576,15.880112538779207,2025-03-01T09:30:00Z,4,4,4,4,4,4,1,0,0,4,13.566375656198883,0.49477460703477283,,,,,,,,20.758171845373983,21.510840826446476,587.7999877929688,PS_046,,,1.2442997523348598
24.114401167164925,16.095594846318626,2025-03-01T09:45:00Z,3,3,3,3,3,3,1,0,0,3,45.18580955189955,4.671145994129237,,,,,,,,21.996319857891326,77.81931519111365,587.7999877929688,PS_046,,,1.1086528608526613
25.05805229078175,16.39897954677217,2025-03-01T10:00:00Z,4,4,4,4,4,4,1,0,0,4,87.72642614232215,11.015381974874442,,,,,,,,23.685801261721327,142.7117249356239,587.7999877929688,PS_046,,,0.6767755555023921
25.76776851251131,16.624251621675512,2025-03-01T10:15:00Z,4,4,4,4,4,4,1,0,0,4,144.73758401027436,23.21889329727961,,,,,,,,26.327135766055125,215.97012464099254,587.7999877929688,PS_046,,,1.3407705688414295
25.77899898157959,16.75588274515426,2025-03-01T10:30:00Z,3,3,3,3,3,3,1,0,0,3,165.0374538656016,27.830000307799843,,,,,,,,27.753429822532436,217.28400648988824,587.7999877929688,PS_046,,,1.7033433699375342
26.63756080933382,17.103829729575647,2025-03-01T10:45:00Z,4,4,4,4,4,4,1,0,0,4,236.54030761882333,37.33224858260309,,,,,,,,29.860808334690738,272.9229317290902,587.7999877929688,PS_046,,,2.624324100996617
26.285833202603026,17.13781386129992,2025-03-01T11:00:00Z,3,3,3,3,3,3,1,0,0,3,183.43001951254217,21.916156177152995,,,,,,,,29.639818581012037,198.69899366276462,587.7999877929688,PS_046,,,3.293996820830079
26.83899308826397,18.536963847166206,2025-03-01T11:15:00Z,4,4,4,4,4,4,1,0,0,4,360.29246902413604,69.69457464376706,,,,,,,,32.28090880757699,434.81218009098416,587.7999877929688,PS_046,,,3.574124721666109
27.905097093978675,19.624148268606003,2025-03-01T11:30:00Z,4,4,4,4,4,4,1,0,0,4,514.4929779080768,88.09289781297458,,,,,,,,36.3951548013697,611.6070674715127,587.7999877929688,PS_046,,,3.6877820135857324
28.831063995358477,19.450007625128272,2025-03-01T11:45:00Z,3,3,3,3,3,3,1,0,0,3,539.2153111435421,82.678954184211,,,,,,,,38.50662110491601,630.9797195136682,587.7999877929688,PS_046,,,3.793985729487571
29.029204196086404,19.259308558446865,2025-03-01T12:00:00Z,4,4,4,4,4,4,1,0,0,4,582.9209414274685,82.49069226441449,,,,,,,,38.97076582531033,674.9923044794618,587.7999877929688,PS_046,,,3.6760838451038285
29.38890620320229,19.2497453800717,2025-03-01T12:15:00Z,4,4,4,4,4,4,1,0,0,4,632.8683264005939,80.62379123908734,,,,,,,,41.399109745405006,721.7458864705086,587.7999877929688,PS_046,,,3.405498257807291
29.561118451103606,19.312795682732272,2025-03-01T12:30:00Z,3,3,3,3,3,3,1,0,0,3,686.3060347162658,78.20416885643522,,,,,,,,41.55916938166139,772.1915483539461,587.7999877929688,PS_046,,,4.2413821236829605
30.01473182881345,19.267655472307382,2025-03-01T12:45:00Z,4,4,4,4,4,4,1,0,0,4,737.3508816291966,75.20276385252129,,,,,,,,42.62026341118059,817.2169205858349,587.7999877929688,PS_046,,,4.073159482447722
30.23939928091806,19.26845767179665,2025-03-01T13:00:00Z,4,4,4,4,4,4,1,0,0,4,788.2688030630873,71.72779026827585,,,,,,,,43.441848488630214,861.0797771462582,587.7999877929688,PS_046,,,5.394940322201608
30.61388762403651,19.218447858961007,2025-03-01T13:15:00Z,3,3,3,3,3,3,1,0,0,3,833.287091920997,67.62249852683239,,,,,,,,44.355224003833904,898.4910795809155,587.7999877929688,PS_046,,,4.915687017467708
31.199869394178606,19.108603886991094,2025-03-01T13:30:00Z,4,4,4,4,4,4,1,0,0,4,871.247109494926,62.87121584791798,,,,,,,,45.56619450230193,930.2177274038988,587.7999877929688,PS_046,,,5.04311833295425
31.729483848164836,19.110995391303554,2025-03-01T13:45:00Z,4,4,4,4,4,4,1,0,0,4,910.534606821002,60.095727092333775,,,,,,,,45.43553046565163,961.5753369826381,587.7999877929688,PS_046,,,5.985622016829864
31.96060352617671,19.052265098244032,2025-03-01T14:00:00Z,3,3,3,3,3,3,1,0,0,3,944.0502443223551,56.345796806599736,,,,,,,,45.82694228366415,988.2369856657389,587.7999877929688,PS_046,,,6.836722883983283
32.50434439254178,18.97490387731203,2025-03-01T14:15:00Z,4,4,4,4,4,4,1,0,0,4,970.116850815212,53.28513227156543,,,,,,,,48.385506322260234,1006.1644304226957,587.7999877929688,PS_046,,,6.370456015202647
33.28564073867451,18.89373847053739,2025-03-01T14:30:00Z,3,3,3,3,3,3,1,0,0,3,992.5925888337194,50.05106442713697,,,,,,,,49.84027109796437,1020.807123500219,587.7999877929688,PS_046,,,6.165293708568123
33.21611393614283,18.89904908518553,2025-03-01T14:45:00Z,4,4,4,4,4,4,1,0,0,4,1020.7258071306476,50.28433598023562,,,,,,,,50.50010430746167,1040.816749968059,587.7999877929688,PS_046,,,7.227438459365293
33.53240763970716,18.24693985477196,2025-03-01T15:00:00Z,4,4,4,4,4,4,1,0,0,4,895.4921246053353,46.84345521665914,,,,,,,,51.120561801113894,818.7811575810132,587.7999877929688,PS_046,,,6.409624073343194
33.326767617200765,18.942003307154934,2025-03-01T15:15:00Z,3,3,3,3,3,3,1,0,0,3,1079.7756171886463,50.00661816810748,,,,,,,,51.16607036734218,1088.116549418228,587.7999877929688,PS_046,,,5.459513096676071
33.32143911316639,18.20131302773507,2025-03-01T15:30:00Z,4,4,4,4,4,4,1,0,0,4,947.4671698688175,56.89680145809556,,,,,,,,49.74173212225874,976.9212709345217,587.7999877929688,PS_046,,,5.095552940284341
33.988118259273264,18.789645983850786,2025-03-01T15:45:00Z,4,4,4,4,4,4,1,0,0,4,1095.658434988269,56.08777046926028,,,,,,,,52.51533667083673,1078.3089878617845,587.7999877929688,PS_046,,,5.423938424033114
33.78991112496158,18.733790101223892,2025-03-01T16:00:00Z,3,3,3,3,3,3,1,0,0,3,1097.1037140847366,57.09063063445353,,,,,,,,52.331243305100195,1071.6294610911277,587.7999877929688,PS_046,,,4.727536977529429
33.40206631510868,17.751487793247005,2025-03-01T16:15:00Z,4,4,4,4,4,4,1,0,0,4,749.8345094020436,41.36142871599102,,,,,,,,49.36090546100278,725.0831311746185,587.7999877929688,PS_046,,,6.479884958516442
33.892936259349604,18.58004722403379,2025-03-01T16:30:00Z,4,4,4,4,4,4,1,0,0,4,1036.4338687725674,58.21515704620664,,,,,,,,51.341552161362124,997.594266689011,587.7999877929688,PS_046,,,4.899411396868337
34.265736452737855,18.574058981554536,2025-03-01T16:45:00Z,3,3,3,3,3,3,1,0,0,3,1035.2556843304626,62.9155535933684,,,,,,,,52.23892878176996,990.9867130416777,587.7999877929688,PS_046,,,4.236700087397363
34.4188476857194,18.553858702838546,2025-03-01T17:00:00Z,4,4,4,4,4,4,1,0,0,4,1046.449896353526,68.3744491488297,,,,,,,,52.616188020437235,994.7658809971277,587.7999877929688,PS_046,,,5.27847786045181
34.2903080772278,18.47432622557819,2025-03-01T17:15:00Z,3,3,3,3,3,3,1,0,0,3,1030.1517646885766,71.33052125004464,,,,,,,,53.872650893882664,969.8637695134765,587.7999877929688,PS_046,,,4.914040857867954
35.03130427606748,18.40084145803954,2025-03-01T17:30:00Z,4,4,4,4,4,4,1,0,0,4,1010.5773273527968,70.42999074438256,,,,,,,,52.242900717399024,915.6776476696668,587.7999877929688,PS_046,,,3.0180712149983973
34.52922959867394,17.8187335043412,2025-03-01T17:45:00Z,4,4,4,4,4,4,1,0,0,4,729.8083399595841,59.524193265888506,,,,,,,,49.21586199230757,670.88396287045,587.7999877929688,PS_046,,,3.0152277327040653
33.93066969527864,17.86331378690711,2025-03-01T18:00:00Z,3,3,3,3,3,3,1,0,0,3,782.3682984225279,70.9260107160261,,,,,,,,41.870054655469616,710.4650868733468,587.7999877929688,PS_046,,,4.097639847138323
33.67492195798686,16.82575163848756,2025-03-01T18:15:00Z,4,4,4,4,4,4,1,0,0,4,356.0041765734255,33.26884366119503,,,,,,,,43.769347992087205,318.9690053690242,587.7999877929688,PS_046,,,3.0777632432268964
33.75901728779857,16.912993506232702,2025-03-01T18:30:00Z,4,4,4,4,4,4,1,0,0,4,484.7328677148166,53.96156354645917,,,,,,,,43.5070501455266,427.18467458850245,587.7999877929688,PS_046,,,2.7214005739805285
34.42731368323607,17.886538869223255,2025-03-01T18:45:00Z,3,3,3,3,3,3,1,0,0,3,675.7037294832744,88.9389045112001,,,,,,,,44.90926366912913,597.4013467853824,587.7999877929688,PS_046,,,3.5815293998685784
34.465739341985554,17.893835181764334,2025-03-01T19:00:00Z,4,4,4,4,4,4,1,0,0,4,672.6035688927997,92.14549186845241,,,,,,,,45.38486308084746,570.8898922334748,587.7999877929688,PS_046,,,3.4720934705255972
34.54797776703758,17.592284933707077,2025-03-01T19:15:00Z,4,4,4,4,4,4,1,0,0,4,594.1277053854405,89.46670209761926,,,,,,,,43.11985457530601,492.1498361305589,587.7999877929688,PS_046,,,3.7429764819791975
34.577811677220545,17.376954617704957,2025-03-01T19:30:00Z,3,3,3,3,3,3,1,0,0,3,518.3127116035153,85.57734006903148,,,,,,,,40.86682248262732,418.02685530418864,587.7999877929688,PS_046,,,3.889499065270561
34.52130096851369,17.263054083977988,2025-03-01T19:45:00Z,4,4,4,4,4,4,1,0,0,4,458.28740360267824,82.07485226788069,,,,,,,,40.1794083031018,357.35204414362204,587.7999877929688,PS_046,,,3.226196674249552
33.94890381249461,17.131772675888065,2025-03-01T20:00:00Z,3,3,3,3,3,3,1,0,0,3,396.2845174490879,75.36856090188243,,,,,,,,38.63506931423039,297.0953664115556,587.7999877929688,PS_046,,,3.7893901831276313
34.119404039961125,17.00123486158166,2025-03-01T20:15:00Z,4,4,4,4,4,4,1,0,0,4,332.4900790106892,66.3037472415578,,,,,,,,37.28442662040261,235.1506151550195,587.7999877929688,PS_046,,,3.227073348687866
33.90369688830914,16.854226558346515,2025-03-01T20:30:00Z,4,4,4,4,4,4,1,0,0,4,266.99872020697234,54.7793944867723,,,,,,,,35.29787389633183,173.4737342460766,587.7999877929688,PS_046,,,3.925966922823394
33.61549995393631,16.706739817474446,2025-03-01T20:45:00Z,3,3,3,3,3,3,1,0,0,3,203.91228007098576,40.797421715387,,,,,,,,34.0338057730342,119.5157066497189,587.7999877929688,PS_046,,,3.3297367187402696
33.345085176232956,16.54595094849047,2025-03-01T21:00:00Z,4,4,4,4,4,4,1,0,0,4,144.72693848149186,19.13117348981093,,,,,,,,32.56385086355197,70.52798925756531,587.7999877929688,PS_046,,,3.144289369822478
33.049811676772975,16.354770250271564,2025-03-01T21:15:00Z,4,4,4,4,4,4,1,0,0,4,86.57669162633324,13.907060855973294,,,,,,,,30.99313994933189,30.605160531489652,587.7999877929688,PS_046,,,2.367316624618066
32.328561628651805,16.15704967742439,2025-03-01T21:30:00Z,3,3,3,3,3,3,1,0,0,3,39.96074988235586,4.546137222271276,,,,,,,,29.58025377534239,17.099433629899117,587.7999877929688,PS_046,,,1.735086984683803
31.287423064723985,15.953310103987167,2025-03-01T21:45:00Z,4,4,4,4,4,4,1,0,0,4,7.874742904268142,-1.2396616945600953,,,,,,,,28.267651123391715,5.1311846825616785,587.7999877929688,PS_046,,,1.0572855479872514
30.172638942992347,15.944898876207787,2025-03-01T22:00:00Z,4,4,4,4,4,4,1,0,0,4,-1.8747693980834117,-2.2237102601606065,,,,,,,,26.432769997624156,-2.320459682893414,587.7999877929688,PS_046,,,0.9551308736403603
29.961372566452255,15.966000556945803,2025-03-01T22:15:00Z,3,3,3,3,3,3,1,0,0,3,-2.9273879332568784,-2.2102820333725406,,,,,,,,26.166335807384254,-3.2039134857849674,587.7999877929688,PS_046,,,0.24311306378845887
29.924043735913422,15.968991930812257,2025-03-01T22:30:00Z,4,4,4,4,4,4,1,0,0,4,-2.9485172265994337,-2.118083000567976,,,,,,,,25.849579917273942,-3.2302025954930946,587.7999877929688,PS_046,,,0.46013528781433044
29.090322804448775,15.9660005569458,2025-03-01T22:45:00Z,3,3,3,3,3,3,1,0,0,3,-2.9888084845178695,-2.2608865646280063,,,,,,,,25.399999618530273,-3.2577803364910563,587.7999877929688,PS_046,,,0.6557410897389736
28.7641923089091,15.9660005569458,2025-03-01T23:00:00Z,4,4,4,4,4,4,1,0,0,4,-2.8643403749642427,-2.173025068015118,,,,,,,,24.854457160308005,-3.0137629909066903,587.7999877929688,PS_046,,,0.3998544506676034
28.399799341110924,15.960000038146973,2025-03-01T23:15:00Z,4,4,4,4,4,4,1,0,0,4,-2.8766559227854676,-2.369661409528394,,,,,,,,23.75098062587345,-2.755011074564817,587.7999877929688,PS_046,,,0.0
28.149392445551506,15.954750061035156,2025-03-01T23:30:00Z,3,3,3,3,3,3,1,0,0,3,-2.7351414105481404,-2.0012670179295062,,,,,,,,23.29999923706055,-2.2820823578440907,587.7999877929688,PS_046,,,0.8558756337384096
28.072934831574674,15.949476796897669,2025-03-01T23:45:00Z,4,4,4,4,4,4,1,0,0,4,-2.7182020469030426,-2.0264177035125592,,,,,,,,23.036359496714404,-2.175244957399841,587.7999877929688,PS_046,,,0.10203638655566565
27.21754895752236,15.942963928448727,2025-03-02T00:00:00Z,4,4,4,4,4,4,1,0,0,4,-2.8168337363444755,-1.9925075366495677,,,,,,,,22.547083443526343,-2.8076062186653896,587.7999877929688,PS_046,,,0.4125456804770451
26.776466264432283,15.938292869475285,2025-03-02T00:15:00Z,3,3,3,3,3,3,1,0,0,3,-2.6612943870585495,-1.7798274280370008,,,,,,,,22.245353929633403,-2.543044980920802,587.7999877929688,PS_046,,,0.5528745958829291
27.002217411910628,15.931500434875487,2025-03-02T00:30:00Z,4,4,4,4,4,4,1,0,0,4,-2.461993941399938,-1.7653484675186417,,,,,,,,22.327481163515422,-2.038504509152049,587.7999877929688,PS_046,,,0.0
27.45542108194187,15.92645239352694,2025-03-02T00:45:00Z,4,4,4,4,4,4,1,0,0,4,-2.499469288672148,-1.7491205776652825,,,,,,,,22.460763698127998,-1.9372542154360715,587.7999877929688,PS_046,,,0.2156313156416105
27.30496360512236,15.919500350952147,2025-03-02T01:00:00Z,3,3,3,3,3,3,1,0,0,3,-2.567264819767047,-1.7327393738285677,,,,,,,,22.200000762939453,-1.6995927364670684,587.7999877929688,PS_046,,,0.6700980800887067
26.104491285619698,15.914249420166016,2025-03-02T01:15:00Z,4,4,4,4,4,4,1,0,0,4,-2.372778939171054,-1.7133032164997741,,,,,,,,22.088699296570542,-2.4699414371205437,587.7999877929688,PS_046,,,0.6922763810595044
26.65717477279045,15.90849079134221,2025-03-02T01:30:00Z,4,4,4,4,4,4,1,0,0,4,-2.339255991339108,-1.6257089618539018,,,,,,,,22.152662868261032,-1.499448095429581,587.7999877929688,PS_046,,,0.013966354139335344
26.529114062596587,15.902249336242674,2025-03-02T01:45:00Z,3,3,3,3,3,3,1,0,0,3,-2.425843954966888,-1.4801244356057286,,,,,,,,22.491225638332526,-1.9625418242567059,587.7999877929688,PS_046,,,0.5041271822328438
26.159750029030352,15.897766853680775,2025-03-02T02:00:00Z,4,4,4,4,4,4,1,0,0,4,-2.4276837913187337,-1.5114321009178737,,,,,,,,22.82923736367823,-2.4707138644664304,587.7999877929688,PS_046,,,0.18955272523094235
26.731112461650874,15.894178619548628,2025-03-02T02:15:00Z,4,4,4,4,4,4,1,0,0,4,-2.366452588537559,-1.4700215227779052,,,,,,,,22.753124134162306,-2.4601604508859136,587.7999877929688,PS_046,,,0.15531322936161396
26.878817582679606,15.888560276845402,2025-03-02T02:30:00Z,3,3,3,3,3,3,1,0,0,3,-2.281942056210072,-1.8088820171022035,,,,,,,,22.799999237060547,-2.333537012306442,587.7999877929688,PS_046,,,0.0
26.526852689640336,15.882457643579484,2025-03-02T02:45:00Z,4,4,4,4,4,4,1,0,0,4,-2.248186190233381,-1.830588493426579,,,,,,,,22.545473529189834,-2.2923840497166563,587.7999877929688,PS_046,,,0.4393075689320537
25.368851673752726,15.87855929257512,2025-03-02T03:00:00Z,3,3,3,3,3,3,1,0,0,3,-2.237018452624125,-1.6254770531541745,,,,,,,,22.200000762939453,-2.501680544810303,587.7999877929688,PS_046,,,1.2901405324694675
25.146093093105563,15.873749732971191,2025-03-02T03:15:00Z,4,4,4,4,4,4,1,0,0,4,-2.4053659021482994,-1.5903648397086012,,,,,,,,22.200000762939453,-2.5982359179604635,587.7999877929688,PS_046,,,0.5385859075516348
24.81078571406709,15.869565990104984,2025-03-02T03:30:00Z,4,4,4,4,4,4,1,0,0,4,-2.347820372855492,-1.8159595947404776,,,,,,,,21.586827300687997,-2.7341661202684415,587.7999877929688,PS_046,,,0.36421481053786353
24.612823810289466,15.862732007538435,2025-03-02T03:45:00Z,3,3,3,3,3,3,1,0,0,3,-2.384944861545775,-1.9283625662821946,,,,,,,,21.200000762939453,-2.4253641733909888,587.7999877929688,PS_046,,,0.010731909691024034
24.789794865071975,15.860914717743393,2025-03-02T04:00:00Z,4,4,4,4,4,4,1,0,0,4,-2.4472422059910333,-1.5607478140467448,,,,,,,,21.2788279097202,-2.4661058801051308,587.7999877929688,PS_046,,,0.0
24.757728660252386,15.859682462964049,2025-03-02T04:15:00Z,4,4,4,4,4,4,1,0,0,4,-2.4162886910520447,-1.770195230975117,,,,,,,,21.32123547202243,-2.4537097982348133,587.7999877929688,PS_046,,,0.0
24.519100147159428,15.852453917637682,2025-03-02T04:30:00Z,3,3,3,3,3,3,1,0,0,3,-2.3279778023840243,-1.7455095428972092,,,,,,,,20.89999961853027,-2.4669464560423675,587.7999877929688,PS_046,,,0.0
24.508939543547672,15.850500106811523,2025-03-02T04:45:00Z,4,4,4,4,4,4,1,0,0,4,-2.267848622092476,-1.6049659242249892,,,,,,,,20.854769266004666,-2.302938192591016,587.7999877929688,PS_046,,,0.13967550204220194
24.367924211523697,15.8498161025411,2025-03-02T05:00:00Z,4,4,4,4,4,4,1,0,0,4,-2.0538217348873795,-1.4680943077844564,,,,,,,,21.302034870559886,-2.192752615855526,587.7999877929688,PS_046,,,0.846636784414838
24.23618866330788,15.84450054168701,2025-03-02T05:15:00Z,3,3,3,3,3,3,1,0,0,3,-1.6438742586390283,-1.3505659885064185,,,,,,,,22.20720120128495,-1.7604117944600548,587.7999877929688,PS_046,,,0.9627242300223523
24.25336820751076,15.840037172247662,2025-03-02T05:30:00Z,4,4,4,4,4,4,1,0,0,4,-1.6584414645416359,-1.3140025509347992,,,,,,,,22.799999237060547,-1.779426220602787,587.7999877929688,PS_046,,,1.01154224936602
24.11940498788019,15.839249610900882,2025-03-02T05:45:00Z,3,3,3,3,3,3,1,0,0,3,-1.95356145030875,-1.4421656757010006,,,,,,,,22.55162503277262,-2.17540204438306,587.7999877929688,PS_046,,,1.0967601473168365
24.04997899325181,15.839249610900877,2025-03-02T06:00:00Z,4,4,4,4,4,4,1,0,0,4,-1.818545757640298,-1.4692190849113589,,,,,,,,22.147685882455733,-2.0851155890995474,587.7999877929688,PS_046,,,0.929576451488509
23.664601750979042,15.833250045776365,2025-03-02T06:15:00Z,4,4,4,4,4,4,1,0,0,4,-1.7012271148250038,-1.4236842510324301,,,,,,,,21.906330729161343,-1.9858086845171685,587.7999877929688,PS_046,,,1.2008351806632864
23.30405030306672,15.831399193263218,2025-03-02T06:30:00Z,3,3,3,3,3,3,1,0,0,3,-1.5027081162798164,-1.3756971613181788,,,,,,,,21.700000762939453,-2.0428017250352957,587.7999877929688,PS_046,,,2.095854293584924
23.479259000228172,15.828022093790285,2025-03-02T06:45:00Z,4,4,4,4,4,4,1,0,0,4,-1.9712075035028744,-1.3611927201642287,,,,,,,,21.406748794995956,-2.1241871908490784,587.7999877929688,PS_046,,,1.008706450834483
23.62156035428747,15.82724952697754,2025-03-02T07:00:00Z,4,4,4,4,4,4,1,0,0,4,-2.2139829428884465,-1.5189492871188086,,,,,,,,20.947714609221947,-2.3404548794335978,587.7999877929688,PS_046,,,0.35326424307017
23.29866975425377,15.82641382261374,2025-03-02T07:15:00Z,3,3,3,3,3,3,1,0,0,3,-1.8147574372427748,-1.380998442226373,,,,,,,,20.899999618530277,-2.109586998920434,587.7999877929688,PS_046,,,1.57729015753422
23.33811349517667,15.82199954986572,2025-03-02T07:30:00Z,4,4,4,4,4,4,1,0,0,4,-2.245290957087075,-1.5712410188970332,,,,,,,,20.522240568796953,-2.2154938302646983,587.7999877929688,PS_046,,,0.0
23.75330496527586,15.821999549865726,2025-03-02T07:45:00Z,3,3,3,3,3,3,1,0,0,3,-2.1183324755393973,-1.5316674340806038,,,,,,,,20.60000038146973,-2.086242891271458,587.7999877929688,PS_046,,,0.4584067342459304
23.764419073817596,15.818087475707271,2025-03-02T08:00:00Z,9,9,9,9,9,9,1,0,0,9,-2.1267245316867345,-1.4217355932917923,,,,,,,,20.66073548351011,-1.9490089786336753,587.7999877929688,PS_046,,,0.984694080887173
24.007453350454487,15.816000938415527,2025-03-02T08:15:00Z,15,15,15,15,15,15,1,0,0,15,-2.0496916325258057,-1.366034920529593,,,,,,,,21.079837853099335,-1.7255626624325617,587.7999877929688,PS_046,,,1.4970706842537296
23.98833825919053,15.814937419202398,2025-03-02T08:30:00Z,16,16,16,16,16,16,1,0,0,16,-2.248906100471803,-1.4657119079896819,,,,,,,,21.06869747351544,-2.1481885978194484,587.7999877929688,PS_046,,,0.40350285444324113
23.718316644815808,15.814199271540161,2025-03-02T08:45:00Z,14,14,14,14,14,14,1,0,0,14,-2.3419861313930204,-1.6833333508870936,,,,,,,,20.669611515120923,-2.382137689479275,587.7999877929688,PS_046,,,0.0
23.846331304457923,15.811320449076817,2025-03-02T09:00:00Z,9,9,9,9,9,9,1,0,0,9,-2.2975159709739836,-1.7016730551670403,,,,,,,,20.60811820131469,-2.224565618715097,587.7999877929688,PS_046,,,0.0
23.960468856935094,15.806200360660917,2025-03-02T09:15:00Z,4,4,4,4,4,4,1,0,0,4,-1.0366612014662315,-1.5261789301883877,,,,,,,,20.641394048265273,-0.8662376783185964,587.7999877929688,PS_046,,,0.0
23.980163142569435,15.853471897733735,2025-03-02T09:30:00Z,4,4,4,4,4,4,1,0,0,4,7.641407782264898,-0.5668508170123264,,,,,,,,20.648914770722936,8.601076332609184,587.7999877929688,PS_046,,,0.0
24.32522966038419,16.088340274626677,2025-03-02T09:45:00Z,3,3,3,3,3,3,1,0,0,3,29.828443209968608,2.4683309518479506,,,,,,,,21.45708804716531,35.78103179999497,587.7999877929688,PS_046,,,0.0
24.9083760618887,16.419704888717533,2025-03-02T10:00:00Z,4,4,4,4,4,4,1,0,0,4,63.864732095478736,7.2441206597104655,,,,,,,,22.42679976227301,88.83252380353832,587.7999877929688,PS_046,,,0.5313947454959812
24.46360836922451,16.665232999105516,2025-03-02T10:15:00Z,4,4,4,4,4,4,1,0,0,4,71.43025709576119,7.502020972754331,,,,,,,,23.077132224491933,82.52301831600754,587.7999877929688,PS_046,,,0.8024210192193486
25.127529500223964,16.892017478182808,2025-03-02T10:30:00Z,3,3,3,3,3,3,1,0,0,3,201.38197127449538,35.52325309966382,,,,,,,,24.485204512091666,256.8206809886614,587.7999877929688,PS_046,,,1.85906947176075
27.156855692425292,17.500744170945048,2025-03-02T10:45:00Z,4,4,4,4,4,4,1,0,0,4,340.0895180183146,64.73226142437287,,,,,,,,30.76121702836894,423.7780284012292,587.7999877929688,PS_046,,,2.4853372951613895
28.24621299481469,18.712957391255518,2025-03-02T11:00:00Z,4,4,4,4,4,4,1,0,0,4,336.3433165601999,62.70642364873258,,,,,,,,34.63622853918867,406.9253717066193,587.7999877929688,PS_046,,,3.053098421960233
27.389058052047346,17.273647988003958,2025-03-02T11:15:00Z,3,3,3,3,3,3,1,0,0,3,158.33957599997643,18.2992246733377,,,,,,,,31.557718747587323,167.57712541535028,587.7999877929688,PS_046,,,2.1566525166926587
28.111797062535825,19.550809751110016,2025-03-02T11:30:00Z,4,4,4,4,4,4,1,0,0,4,464.20055088655704,74.88781822284801,,,,,,,,34.044204371664556,537.4586020721107,587.7999877929688,PS_046,,,3.0924258702961684
27.775495159364507,17.23344948455258,2025-03-02T11:45:00Z,3,3,3,3,3,3,1,0,0,3,206.4558663459724,26.6214686682815,,,,,,,,33.83041302520778,225.84629303429838,587.7999877929688,PS_046,,,2.6378027631800567
29.17238900781,19.596334517694903,2025-03-02T12:00:00Z,4,4,4,4,4,4,1,0,0,4,633.3482627695713,89.49488535623914,,,,,,,,39.61629760519995,719.243483476756,587.7999877929688,PS_046,,,4.504601987573124
29.74143249428185,18.624783856152288,2025-03-02T12:15:00Z,4,4,4,4,4,4,1,0,0,4,532.709698615085,68.56880695882927,,,,,,,,41.24117997036763,589.6919467785159,587.7999877929688,PS_046,,,4.200575952085407
30.439375610780107,19.20981758182856,2025-03-02T12:30:00Z,3,3,3,3,3,3,1,0,0,3,701.2837374625318,79.4785451253528,,,,,,,,44.437629341341285,771.2606611298032,587.7999877929688,PS_046,,,4.481707943675084
30.068345385043493,18.33527489847387,2025-03-02T12:45:00Z,4,4,4,4,4,4,1,0,0,4,535.451148782577,53.56913916764903,,,,,,,,40.94641695890828,571.4215504997619,587.7999877929688,PS_046,,,4.265060596753486
29.670985506620998,17.449163039620743,2025-03-02T13:00:00Z,4,4,4,4,4,4,1,0,0,4,422.08849725051476,38.36257893080914,,,,,,,,37.04000379762483,439.18678632908524,587.7999877929688,PS_046,,,5.273249321501239
29.419561396876666,17.53912976390641,2025-03-02T13:15:00Z,3,3,3,3,3,3,1,0,0,3,412.0199296907091,37.94665573948016,,,,,,,,35.062974708491375,419.1294384414997,587.7999877929688,PS_046,,,4.319384004035686
29.728613162242837,18.152735419106232,2025-03-02T13:30:00Z,4,4,4,4,4,4,1,0,0,4,517.017091031391,46.59373171457188,,,,,,,,36.63198041453407,527.6750983720278,587.7999877929688,PS_046,,,4.940748201832302
30.321025169786786,19.14410059139129,2025-03-02T13:45:00Z,3,3,3,3,3,3,1,0,0,3,710.9031168089497,59.03432377463185,,,,,,,,39.38271399481199,728.424439987903,587.7999877929688,PS_046,,,6.0548414855612736
30.597473284836603,17.840906657075763,2025-03-02T14:00:00Z,4,4,4,4,4,4,1,0,0,4,601.0726878490037,51.07514334022913,,,,,,,,39.85906314193829,613.9109739060714,587.7999877929688,PS_046,,,5.531148890893582
30.940824988194933,18.119261270555484,2025-03-02T14:15:00Z,4,4,4,4,4,4,1,0,0,4,660.6600744213314,51.49628833840574,,,,,,,,40.794427258965605,676.8386953089628,587.7999877929688,PS_046,,,5.29730042759934
31.464235801994803,18.71112703609021,2025-03-02T14:30:00Z,3,3,3,3,3,3,1,0,0,3,788.7637208464647,54.85345290341019,,,,,,,,43.54580243168,811.018066682297,587.7999877929688,PS_046,,,5.213904877864351
31.882259572562102,19.099667115558997,2025-03-02T14:45:00Z,4,4,4,4,4,4,1,0,0,4,953.4109390806666,59.690445520939925,,,,,,,,46.07862810615189,980.540515373016,587.7999877929688,PS_046,,,6.424440140223246
32.201501987095675,18.803706884077574,2025-03-02T15:00:00Z,4,4,4,4,4,4,1,0,0,4,923.3049647465972,57.825502049353275,,,,,,,,45.46379224681222,940.9787887664867,587.7999877929688,PS_046,,,4.829032571335764
32.642823981027085,19.015360861087526,2025-03-02T15:15:00Z,3,3,3,3,3,3,1,0,0,3,1046.5245886405764,64.23279936902512,,,,,,,,49.43678114356832,1057.0353240392863,587.7999877929688,PS_046,,,4.096768501220187
31.820937547847766,17.70152166134696,2025-03-02T15:30:00Z,4,4,4,4,4,4,1,0,0,4,712.7298977432331,52.178954792499006,,,,,,,,43.58574759500092,713.8330343169825,587.7999877929688,PS_046,,,5.319347963033007
31.86624861919463,18.32781240262809,2025-03-02T15:45:00Z,4,4,4,4,4,4,1,0,0,4,873.337129290007,61.87502482607908,,,,,,,,46.43711759988443,867.3511844160215,587.7999877929688,PS_046,,,4.844512034641716
31.642739142026294,17.591687557476806,2025-03-02T16:00:00Z,3,3,3,3,3,3,1,0,0,3,694.7026985178651,54.7996860285944,,,,,,,,44.17287556469554,684.1465571716457,587.7999877929688,PS_046,,,5.258304134497182
31.749782530536873,17.987188500931452,2025-03-02T16:15:00Z,4,4,4,4,4,4,1,0,0,4,753.209253591837,57.13130719656939,,,,,,,,44.37110223354394,738.0788837753163,587.7999877929688,PS_046,,,4.682358754740363
31.790984952175208,17.57929054241117,2025-03-02T16:30:00Z,4,4,4,4,4,4,1,0,0,4,623.6936445279957,51.574806926035514,,,,,,,,42.997113700795,609.111246558616,587.7999877929688,PS_046,,,3.4820610170079096
32.46792238545832,18.797767236673273,2025-03-02T16:45:00Z,3,3,3,3,3,3,1,0,0,3,1015.9102153531794,75.1003787293167,,,,,,,,48.63300668010709,982.6543076617813,587.7999877929688,PS_046,,,3.822142740074897
31.98515532020505,17.06256669937017,2025-03-02T17:00:00Z,4,4,4,4,4,4,1,0,0,4,514.1632752518302,45.3924453281963,,,,,,,,42.679105464546176,500.9569341493558,587.7999877929688,PS_046,,,4.311170008211147
31.928767594997723,17.449057554504954,2025-03-02T17:15:00Z,3,3,3,3,3,3,1,0,0,3,574.9936723541402,48.038412795681474,,,,,,,,39.36865911420873,554.1621876426199,587.7999877929688,PS_046,,,3.561769205130773
31.39152178202818,16.98424157894679,2025-03-02T17:30:00Z,4,4,4,4,4,4,1,0,0,4,397.3173365326994,35.98779337213368,,,,,,,,38.871686216883035,385.5227839897084,587.7999877929688,PS_046,,,3.3156888138427907
31.714379456696236,17.72768981665286,2025-03-02T17:45:00Z,4,4,4,4,4,4,1,0,0,4,553.803507803552,49.67028800936459,,,,,,,,38.75570401106218,521.3418596369266,587.7999877929688,PS_046,,,2.738568297173104
31.861118195503355,18.405489109432228,2025-03-02T18:00:00Z,3,3,3,3,3,3,1,0,0,3,735.1543804447425,70.84732922153744,,,,,,,,42.319285382819956,662.3857153646251,587.7999877929688,PS_046,,,2.8856702081879004
33.15257039427771,18.57466039769292,2025-03-02T18:15:00Z,4,4,4,4,4,4,1,0,0,4,840.7693837422851,89.21771201828719,,,,,,,,48.629031763366676,750.4343475747387,587.7999877929688,PS_046,,,1.9767247048808723
33.24498504022646,18.474654753700708,2025-03-02T18:30:00Z,4,4,4,4,4,4,1,0,0,4,821.6854051407015,96.27447370303463,,,,,,,,48.36144897715554,729.3184030573661,587.7999877929688,PS_046,,,3.789867421534064
33.70433794523278,18.05729508466791,2025-03-02T18:45:00Z,3,3,3,3,3,3,1,0,0,3,725.0033341783854,92.71367115285263,,,,,,,,47.85266314001838,644.0617247031764,587.7999877929688,PS_046,,,2.6136961440778306
33.80404972123874,18.129433850586135,2025-03-02T19:00:00Z,4,4,4,4,4,4,1,0,0,4,752.9117689356231,103.66593765803691,,,,,,,,46.54147771405234,658.4487421349085,587.7999877929688,PS_046,,,2.6847071389872275
33.954717832952056,17.97806402329606,2025-03-02T19:15:00Z,4,4,4,4,4,4,1,0,0,4,717.7060949924867,97.48706100329692,,,,,,,,46.49394765469051,629.1379147774941,587.7999877929688,PS_046,,,2.0277668628845014
34.225884207062606,17.494437117434007,2025-03-02T19:30:00Z,3,3,3,3,3,3,1,0,0,3,607.8574098038384,91.2563719580921,,,,,,,,43.52022058714396,526.5558543610106,587.7999877929688,PS_046,,,3.502856848329263
33.396132735272005,16.926311682121913,2025-03-02T19:45:00Z,4,4,4,4,4,4,1,0,0,4,411.84514212498595,57.88977585465048,,,,,,,,40.6206296773558,360.59874593540763,587.7999877929688,PS_046,,,3.3933624802034283
32.18663475593344,16.602752534870096,2025-03-02T20:00:00Z,4,4,4,4,4,4,1,0,0,4,262.62123432389865,31.388734403175427,,,,,,,,35.071767287929404,240.05561270490114,587.7999877929688,PS_046,,,3.887137041209821
31.714112171880128,16.584277186961128,2025-03-02T20:15:00Z,3,3,3,3,3,3,1,0,0,3,203.33824956208323,25.038955897675972,,,,,,,,33.37189838407613,184.18783507687522,587.7999877929688,PS_046,,,3.904420968925275
32.004953674639346,16.875371648739765,2025-03-02T20:30:00Z,4,4,4,4,4,4,1,0,0,4,250.1622121705744,40.02228978917402,,,,,,,,33.518376187479205,199.22490318568606,587.7999877929688,PS_046,,,4.382690104782952
31.02152843716344,16.510185606725276,2025-03-02T20:45:00Z,3,3,3,3,3,3,1,0,0,3,139.3033209842386,18.301841485890936,,,,,,,,31.222227725973116,120.2523774899761,587.7999877929688,PS_046,,,6.6119724285585235
31.615633078006148,16.858238254152543,2025-03-02T21:00:00Z,4,4,4,4,4,4,1,0,0,4,201.79525890768383,29.145914577604977,,,,,,,,31.50926915131385,119.5757210764737,587.7999877929688,PS_046,,,3.1382597501331135
31.23732171200333,16.609901154862374,2025-03-02T21:15:00Z,4,4,4,4,4,4,1,0,0,4,127.87381381748423,21.25684393810788,,,,,,,,30.366927628069874,68.8478575438072,587.7999877929688,PS_046,,,4.348330372436702
30.436859800830586,16.281036621815286,2025-03-02T21:30:00Z,3,3,3,3,3,3,1,0,0,3,53.054971438374146,6.892146127996238,,,,,,,,29.196727193393315,38.16762181733367,587.7999877929688,PS_046,,,3.9250559457907572
29.8086108274916,16.06245219679981,2025-03-02T21:45:00Z,4,4,4,4,4,4,1,0,0,4,12.895746964731408,0.9128637707320817,,,,,,,,28.284045939406138,10.264752222581267,587.7999877929688,PS_046,,,3.3979057045352685
29.08896230169722,15.940021725501698,2025-03-02T22:00:00Z,4,4,4,4,4,4,1,0,0,4,-1.377016856354496,-1.3017014017179873,,,,,,,,26.83999976590103,-1.4549788821935687,587.7999877929688,PS_046,,,2.8589367766086218
28.749766801895223,15.972000122070316,2025-03-02T22:15:00Z,3,3,3,3,3,3,1,0,0,3,-2.1413176862606247,-1.4057787847903382,,,,,,,,26.47124743856584,-2.168477483779842,587.7999877929688,PS_046,,,3.261815918060009
28.233787245064114,15.975702039319863,2025-03-02T22:30:00Z,4,4,4,4,4,4,1,0,0,4,-2.0689484900383026,-1.496140997384992,,,,,,,,25.905004324020396,-2.2894868290420716,587.7999877929688,PS_046,,,2.0867365576354118
27.977886255298568,15.97529946175162,2025-03-02T22:45:00Z,4,4,4,4,4,4,1,0,0,4,-2.0940241047281707,-1.5256229975940105,,,,,,,,25.43679363237455,-2.2628181450497387,587.7999877929688,PS_046,,,2.3932868574502186
27.963930636476515,15.972000122070314,2025-03-02T23:00:00Z,3,3,3,3,3,3,1,0,0,3,-2.1053844370514994,-1.4495086401757713,,,,,,,,25.700000762939453,-2.1611173607583485,587.7999877929688,PS_046,,,1.8445943453433267
27.866629420014583,15.9660005569458,2025-03-02T23:15:00Z,4,4,4,4,4,4,1,0,0,4,-2.1393276652452977,-1.4202795834506001,,,,,,,,25.66908723168071,-2.265032176842673,587.7999877929688,PS_046,,,2.869166573413055
27.34663458014639,15.96394434976604,2025-03-02T23:30:00Z,4,4,4,4,4,4,1,0,0,4,-2.304890318040343,-1.5461437529059041,,,,,,,,24.924675078412843,-2.402131539088123,587.7999877929688,PS_046,,,1.3461110065637698
26.944094587414178,15.956784965881921,2025-03-02T23:45:00Z,3,3,3,3,3,3,1,0,0,3,-2.3065987662269367,-1.5672186716545444,,,,,,,,24.1648434494712,-2.521829061128497,587.7999877929688,PS_046,,,1.6413169852649956
26.746801659436077,15.95177532215972,2025-03-03T00:00:00Z,4,4,4,4,4,4,1,0,0,4,-2.220895908223139,-1.5614395154808183,,,,,,,,23.948342453374234,-2.3790820519724836,587.7999877929688,PS_046,,,1.911576372854936
26.05277905534023,15.94640017294174,2025-03-03T00:15:00Z,3,3,3,3,3,3,1,0,0,3,-1.9612201130008378,-1.477069290798096,,,,,,,,23.634418681691738,-2.380783116123049,587.7999877929688,PS_046,,,1.7400790365734222
25.93669532388687,15.939238743034531,2025-03-03T00:30:00Z,4,4,4,4,4,4,1,0,0,4,-2.0629810907200334,-1.4894554889549287,,,,,,,,23.299999237060547,-2.1473899237528067,587.7999877929688,PS_046,,,1.3176289906538496
25.63757342069078,15.936629753892365,2025-03-03T00:45:00Z,4,4,4,4,4,4,1,0,0,4,-2.253297743637127,-1.6531806025687392,,,,,,,,22.830735570808002,-2.422880505006846,587.7999877929688,PS_046,,,1.1407681947013515
26.052075936263194,15.926470618003192,2025-03-03T01:00:00Z,3,3,3,3,3,3,1,0,0,3,-2.278239565897759,-1.5763245293848025,,,,,,,,23.159581082247396,-2.334697115862495,587.7999877929688,PS_046,,,1.1435747810983956
25.381381890644516,15.921765081053081,2025-03-03T01:15:00Z,4,4,4,4,4,4,1,0,0,4,-2.216011980223269,-1.5339020103141037,,,,,,,,22.35036983191922,-2.5106246276578523,587.7999877929688,PS_046,,,1.4336850733696924
25.146678134817417,15.914276230964921,2025-03-03T01:30:00Z,4,4,4,4,4,4,1,0,0,4,-2.2186594267926827,-1.5652095271305329,,,,,,,,22.142924691272004,-2.4278556334296555,587.7999877929688,PS_046,,,1.1524217111774466
25.46723896549864,15.912567944108682,2025-03-03T01:45:00Z,3,3,3,3,3,3,1,0,0,3,-2.3373800914839133,-1.5260807301234185,,,,,,,,22.457724939653758,-2.4026929533790238,587.7999877929688,PS_046,,,1.4646608009399444
25.32202363417451,15.905544245517733,2025-03-03T02:00:00Z,4,4,4,4,4,4,1,0,0,4,-2.350943843823665,-1.667139870546946,,,,,,,,22.068262773516352,-2.4883761069911317,587.7999877929688,PS_046,,,0.9037639036407884
25.073126494189566,15.89783688795526,2025-03-03T02:15:00Z,4,4,4,4,4,4,1,0,0,4,-2.1939420794545765,-1.4636689083598353,,,,,,,,22.0,-2.1809825854714022,587.7999877929688,PS_046,,,1.1905088214767354
25.020014414453865,15.89601860716793,2025-03-03T02:30:00Z,3,3,3,3,3,3,1,0,0,3,-2.2118786765796137,-1.588758193425085,,,,,,,,21.95095117543989,-2.242774071559367,587.7999877929688,PS_046,,,1.050073945770258
24.103834349817234,15.887896256386911,2025-03-03T02:45:00Z,4,4,4,4,4,4,1,0,0,4,-1.991248209369925,-1.6733938679872775,,,,,,,,21.413928962475925,-2.4338018712403464,587.7999877929688,PS_046,,,1.2385987408808343
24.03067963603795,15.8838214118716,2025-03-03T03:00:00Z,3,3,3,3,3,3,1,0,0,3,-2.0929591377965364,-1.5707214192489902,,,,,,,,21.200000762939453,-2.3221413769121644,587.7999877929688,PS_046,,,1.23614191297176
24.62369605420945,15.880332729196764,2025-03-03T03:15:00Z,4,4,4,4,4,4,1,0,0,4,-2.209648105405597,-1.4095663408440424,,,,,,,,21.231575789773224,-1.9297405878928426,587.7999877929688,PS_046,,,0.9558690319198365
24.218525824693824,15.873749732971188,2025-03-03T03:30:00Z,4,4,4,4,4,4,1,0,0,4,-2.123411830034248,-1.5859572359823948,,,,,,,,21.20000076293945,-2.149974490146111,587.7999877929688,PS_046,,,0.6058339601038609
24.128229219850414,15.867749214172362,2025-03-03T03:45:00Z,3,3,3,3,3,3,1,0,0,3,-2.168874415518533,-1.5914267221202179,,,,,,,,20.899999618530273,-2.224086787540959,587.7999877929688,PS_046,,,0.7432295134978335
24.124231058791988,15.862503964135453,2025-03-03T04:00:00Z,4,4,4,4,4,4,1,0,0,4,-2.0989470286488663,-1.4924357121601135,,,,,,,,20.899999618530273,-2.0303525616084204,587.7999877929688,PS_046,,,1.1032116929704512
24.057497882651994,15.857332094936599,2025-03-03T04:15:00Z,4,4,4,4,4,4,1,0,0,4,-2.0521410030487326,-1.4671124841907965,,,,,,,,20.852478366914035,-1.98640635114354,587.7999877929688,PS_046,,,1.196097335046181
24.204829105810095,15.856500625610352,2025-03-03T04:30:00Z,3,3,3,3,3,3,1,0,0,3,-2.0870013763287005,-1.340094714559224,,,,,,,,21.156514297447096,-1.780225706997886,587.7999877929688,PS_046,,,0.9669720144200458
24.206063281764646,15.851321951499774,2025-03-03T04:45:00Z,4,4,4,4,4,4,1,0,0,4,-1.9915457688771827,-1.3786818587785012,,,,,,,,21.25853840790311,-1.916629258234419,587.7999877929688,PS_046,,,1.141609002183138
23.960725792205224,15.845460557538727,2025-03-03T05:00:00Z,4,4,4,4,4,4,1,0,0,4,-2.173893284188274,-1.5280974124609867,,,,,,,,21.163612270537975,-2.102445767649015,587.7999877929688,PS_046,,,0.5176962107138762
23.804161644953407,15.843616678003267,2025-03-03T05:15:00Z,3,3,3,3,3,3,1,0,0,3,-1.6961134643191842,-1.4492810015130047,,,,,,,,21.359054916970983,-1.7498529743535345,587.7999877929688,PS_046,,,1.4149135099731378
23.864030220324718,15.839249610900877,2025-03-03T05:30:00Z,4,4,4,4,4,4,1,0,0,4,-1.7965044735611257,-1.4123258641886338,,,,,,,,21.399999618530273,-1.852104699558551,587.7999877929688,PS_046,,,1.3308593395783173
24.086623681124777,15.837939468248365,2025-03-03T05:45:00Z,3,3,3,3,3,3,1,0,0,3,-1.7921836891330474,-1.4173516649077222,,,,,,,,21.648425645517882,-1.7027060914628531,587.7999877929688,PS_046,,,0.20441033243870765
24.89383386387373,15.833250045776369,2025-03-03T06:00:00Z,4,4,4,4,4,4,1,0,0,4,-1.674520076219292,-1.2650280196762227,,,,,,,,22.447724363584843,-1.4953330060561507,587.7999877929688,PS_046,,,1.1570999856706436
25.19326740589514,15.828179854946807,2025-03-03T06:15:00Z,4,4,4,4,4,4,1,0,0,4,-1.6163999479198643,-1.3184264876869314,,,,,,,,23.158850482770816,-1.5560387998091931,587.7999877929688,PS_046,,,0.8558957783540019
25.143708117766707,15.827249526977537,2025-03-03T06:30:00Z,3,3,3,3,3,3,1,0,0,3,-1.7424960309954807,-1.375290049252638,,,,,,,,23.299999237060547,-1.8407327066759163,587.7999877929688,PS_046,,,0.8093064957881444
25.02317026756795,15.822673068099053,2025-03-03T06:45:00Z,4,4,4,4,4,4,1,0,0,4,-1.7837554760366798,-1.4699705154421707,,,,,,,,22.98127934435559,-1.9460539745496102,587.7999877929688,PS_046,,,1.0035644010220253
24.945552124322173,15.821999549865726,2025-03-03T07:00:00Z,4,4,4,4,4,4,1,0,0,4,-1.4982812055031487,-1.4271226279875848,,,,,,,,23.178656656948547,-1.693127223347823,587.7999877929688,PS_046,,,1.5043128467675473
24.921496999813456,15.82199954986572,2025-03-03T07:15:00Z,3,3,3,3,3,3,1,0,0,3,-1.6321773064237783,-1.367217758845359,,,,,,,,23.145970663421085,-1.828790146053039,587.7999877929688,PS_046,,,1.8304463192434792
24.851781988967996,15.817709520901053,2025-03-03T07:30:00Z,4,4,4,4,4,4,1,0,0,4,-1.9361323031119466,-1.4169815341737861,,,,,,,,22.780300933491333,-2.098411234505028,587.7999877929688,PS_046,,,1.5145974548533985
24.36929400510484,15.816889874073146,2025-03-03T07:45:00Z,3,3,3,3,3,3,1,0,0,3,-2.0651555257515826,-1.5548897498904724,,,,,,,,22.255542278763592,-2.2774802464717108,587.7999877929688,PS_046,,,0.9215404572033256
24.222752296073953,15.816000938415524,2025-03-03T08:00:00Z,9,9,9,9,9,9,1,0,0,9,-2.0310051760842525,-1.521587048789292,,,,,,,,21.598186778753945,-2.1361822219694777,587.7999877929688,PS_046,,,1.3308472444081323
23.851639037601434,15.813441128505845,2025-03-03T08:15:00Z,16,16,16,16,16,16,1,0,0,16,-2.165248979406118,-1.6803053739368599,,,,,,,,21.321518874238002,-2.3394008291836594,587.7999877929688,PS_046,,,0.34089006045448633
23.925424923941307,15.811004766498344,2025-03-03T08:30:00Z,14,14,14,14,14,14,1,0,0,14,-2.1972221705197708,-1.5402910316255431,,,,,,,,21.082371329001052,-2.246773389953609,587.7999877929688,PS_046,,,0.8280515921442163
23.922268958485013,15.809558500508913,2025-03-03T08:45:00Z,15,15,15,15,15,15,1,0,0,15,-2.0601533951576396,-1.4420877512933874,,,,,,,,21.644066786363023,-2.21018676180795,587.7999877929688,PS_046,,,1.0721840289925668
23.55145074897158,15.809472260660469,2025-03-03T09:00:00Z,9,9,9,9,9,9,1,0,0,9,-2.3909209362983184,-1.7747484779848728,,,,,,,,20.80719877269996,-2.716060834171467,587.7999877929688,PS_046,,,0.047115285416762055
23.342409050860425,15.804625839286336,2025-03-03T09:15:00Z,4,4,4,4,4,4,1,0,0,4,-0.9615085052476887,-1.5366967177654993,,,,,,,,20.136304258650156,-0.8418807672121282,587.7999877929688,PS_046,,,0.2428610978340127
23.665871483211316,15.842469210287163,2025-03-03T09:30:00Z,4,4,4,4,4,4,1,0,0,4,8.59650160672866,-0.15651558301331628,,,,,,,,20.291596733360652,13.43539622910275,587.7999877929688,PS_046,,,0.4824913326481886
24.30481088607018,16.053073213000314,2025-03-03T09:45:00Z,3,3,3,3,3,3,1,0,0,3,36.67205543792734,4.387190330900086,,,,,,,,21.52893480888948,44.97924088173776,587.7999877929688,PS_046,,,0.0
25.666754848775614,16.577565270231357,2025-03-03T10:00:00Z,4,4,4,4,4,4,1,0,0,4,98.55453322427026,13.68004994825549,,,,,,,,24.43031037239703,137.07299452735123,587.7999877929688,PS_046,,,0.591588320364057
26.402542405586168,16.8205511662334,2025-03-03T10:15:00Z,4,4,4,4,4,4,1,0,0,4,158.16907388506544,23.394665175149772,,,,,,,,27.193008535374574,211.51101826746836,587.7999877929688,PS_046,,,1.564656769805015
26.169100220586273,16.88753387682929,2025-03-03T10:30:00Z,3,3,3,3,3,3,1,0,0,3,144.6069556771448,22.81828025029911,,,,,,,,27.89999961853027,172.26649696737132,587.7999877929688,PS_046,,,2.1306056240245366
25.70401289547132,16.948011512766712,2025-03-03T10:45:00Z,4,4,4,4,4,4,1,0,0,4,122.24992872129071,14.813237362778063,,,,,,,,27.18612274388036,131.47918534483819,587.7999877929688,PS_046,,,2.162667964243931
25.73743723864696,17.113486080460383,2025-03-03T11:00:00Z,4,4,4,4,4,4,1,0,0,4,148.6098429923497,16.956525755543044,,,,,,,,26.869788499740345,157.29948057921004,587.7999877929688,PS_046,,,2.112426507379857
26.614729855061587,18.5620747362735,2025-03-03T11:15:00Z,3,3,3,3,3,3,1,0,0,3,267.3181738391191,38.89725445716355,,,,,,,,29.64173641351876,300.5297992314636,587.7999877929688,PS_046,,,2.576765821957528
28.31117006372643,19.667552070893482,2025-03-03T11:30:00Z,4,4,4,4,4,4,1,0,0,4,541.673249180339,87.658464242458,,,,,,,,37.186891184512966,627.3221031176739,587.7999877929688,PS_046,,,2.56114886470205
29.066494445680984,18.560397188081065,2025-03-03T11:45:00Z,3,3,3,3,3,3,1,0,0,3,474.9278897861287,65.65191388842649,,,,,,,,41.14403749877648,532.0074869843799,587.7999877929688,PS_046,,,2.120187571653205
28.37023421943352,17.8973528847482,2025-03-03T12:00:00Z,4,4,4,4,4,4,1,0,0,4,363.49244559857533,41.08193410985074,,,,,,,,35.65449550277087,389.4932705617552,587.7999877929688,PS_046,,,1.9793288198632637
28.720462777073987,17.36770320576242,2025-03-03T12:15:00Z,4,4,4,4,4,4,1,0,0,4,284.9719095000543,28.050003090749755,,,,,,,,34.759586132058054,293.2712567841251,587.7999877929688,PS_046,,,3.5162798508612956
28.798268758331645,17.96280918495439,2025-03-03T12:30:00Z,3,3,3,3,3,3,1,0,0,3,364.9755084503638,37.804689537126904,,,,,,,,34.027284876271914,383.99198414426104,587.7999877929688,PS_046,,,4.132282054108352
29.986241423804717,19.177730972711416,2025-03-03T12:45:00Z,4,4,4,4,4,4,1,0,0,4,642.8881025919757,68.47816111587392,,,,,,,,40.70768122224984,694.5187753126679,587.7999877929688,PS_046,,,4.1940136566259225
29.272368392635155,17.500594580658657,2025-03-03T13:00:00Z,4,4,4,4,4,4,1,0,0,4,386.8675104859999,38.29701719841296,,,,,,,,37.43927976809447,406.60285806860315,587.7999877929688,PS_046,,,3.666033561693739
29.781180522667277,19.06219345175813,2025-03-03T13:15:00Z,3,3,3,3,3,3,1,0,0,3,629.5213173317794,55.723998273947416,,,,,,,,38.98602761862421,667.3832798161782,587.7999877929688,PS_046,,,3.156598718459637
31.852584624863322,19.49349348006969,2025-03-03T13:30:00Z,4,4,4,4,4,4,1,0,0,4,997.2506954689303,78.8811804041352,,,,,,,,51.37194724361138,1052.0565512542867,587.7999877929688,PS_046,,,2.735220704970672
32.40457704481141,18.86733042365849,2025-03-03T13:45:00Z,3,3,3,3,3,3,1,0,0,3,887.8595920766232,67.34514370429194,,,,,,,,53.54767838135459,934.9502360463637,587.7999877929688,PS_046,,,2.5074741818262978
31.034260470804764,17.490311495634774,2025-03-03T14:00:00Z,4,4,4,4,4,4,1,0,0,4,448.36108734588936,33.6461096033274,,,,,,,,42.28042861898594,460.1939035824936,587.7999877929688,PS_046,,,3.0057704339094764
32.728000464782305,19.31505215062195,2025-03-03T14:15:00Z,4,4,4,4,4,4,1,0,0,4,1078.7700382386593,67.33986491032256,,,,,,,,48.99399788200886,1112.247399417883,587.7999877929688,PS_046,,,4.453996083482017
33.198647301316775,19.184123384143778,2025-03-03T14:30:00Z,3,3,3,3,3,3,1,0,0,3,1143.491570787942,66.07610958501516,,,,,,,,52.18334128956152,1173.295277705597,587.7999877929688,PS_046,,,4.348980846912737
34.09462619543444,18.700623968977588,2025-03-03T14:45:00Z,4,4,4,4,4,4,1,0,0,4,1048.3308524366714,58.04109361268675,,,,,,,,55.68656962700535,1067.1437395963787,587.7999877929688,PS_046,,,4.041299257046721
33.751218993923246,18.917049811011694,2025-03-03T15:00:00Z,4,4,4,4,4,4,1,0,0,4,1102.680639671441,60.238376776846955,,,,,,,,53.27837557080972,1113.6343050095793,587.7999877929688,PS_046,,,4.45382284258752
33.79830439031045,19.0146329949584,2025-03-03T15:15:00Z,3,3,3,3,3,3,1,0,0,3,1149.7143875643492,63.716303424956735,,,,,,,,55.1859350874278,1154.7935387292032,587.7999877929688,PS_046,,,4.581408408464125
34.28925752197984,18.030424660129942,2025-03-03T15:30:00Z,4,4,4,4,4,4,1,0,0,4,910.4692208971738,55.208862280064196,,,,,,,,55.34674413475307,909.7802396113926,587.7999877929688,PS_046,,,2.610689790903229
33.43394707110229,17.699663775350785,2025-03-03T15:45:00Z,4,4,4,4,4,4,1,0,0,4,728.7428818041091,47.085507531018685,,,,,,,,49.37362920832499,714.2660875506523,587.7999877929688,PS_046,,,3.2066493450501166
33.12881331593311,17.772671620752245,2025-03-03T16:00:00Z,3,3,3,3,3,3,1,0,0,3,735.840606179235,52.167118371943786,,,,,,,,46.452659002822784,719.6793569202488,587.7999877929688,PS_046,,,6.04045333099464
33.91544147300485,18.583125222607034,2025-03-03T16:15:00Z,4,4,4,4,4,4,1,0,0,4,997.8625766877242,65.47248649253142,,,,,,,,51.45386583838084,972.6859896857796,587.7999877929688,PS_046,,,4.088085923641519
33.23951554232386,16.99902641304348,2025-03-03T16:30:00Z,4,4,4,4,4,4,1,0,0,4,469.08010407138346,39.62507113736754,,,,,,,,44.177631064273555,462.04167851664334,587.7999877929688,PS_046,,,2.5881032894385263
33.358755303101645,17.454519759291106,2025-03-03T16:45:00Z,3,3,3,3,3,3,1,0,0,3,661.271880351387,52.69870522325189,,,,,,,,45.12329419698923,646.2637781407774,587.7999877929688,PS_046,,,3.71408109547611
33.84871613100853,18.756712808300875,2025-03-03T17:00:00Z,4,4,4,4,4,4,1,0,0,4,1104.9222526438123,82.03636488495262,,,,,,,,48.35225174274723,1060.5531959880477,587.7999877929688,PS_046,,,4.070836547972442
34.66917106938037,18.75471238810489,2025-03-03T17:15:00Z,3,3,3,3,3,3,1,0,0,3,1179.3024283110083,90.53219463889656,,,,,,,,56.56011082787112,1119.7273136671306,587.7999877929688,PS_046,,,2.9466464383723125
35.12862087378874,18.64425522452411,2025-03-03T17:30:00Z,4,4,4,4,4,4,1,0,0,4,1173.1832277762614,94.11439111619931,,,,,,,,58.64404603630786,1102.568847278427,587.7999877929688,PS_046,,,4.358834776594582
34.51586222226971,17.127396478555077,2025-03-03T17:45:00Z,4,4,4,4,4,4,1,0,0,4,654.6095209166497,60.82698198186652,,,,,,,,50.64146415444496,604.420517706382,587.7999877929688,PS_046,,,4.148774350525225
34.37279661633392,18.271004170864177,2025-03-03T18:00:00Z,3,3,3,3,3,3,1,0,0,3,898.0631305973815,89.06686939546151,,,,,,,,45.32130211051181,831.0255140413411,587.7999877929688,PS_046,,,3.8941606232221866
34.253905448814514,17.782797945564393,2025-03-03T18:15:00Z,4,4,4,4,4,4,1,0,0,4,781.6693450401319,80.46257822066745,,,,,,,,46.56497693568081,723.536097111738,587.7999877929688,PS_046,,,2.888885608197162
33.91422175911707,16.933814335994825,2025-03-03T18:30:00Z,4,4,4,4,4,4,1,0,0,4,487.55833146643573,49.921324699587,,,,,,,,44.20106867160152,460.2695453289224,587.7999877929688,PS_046,,,3.1229337441523937
33.571786466645406,17.686151684944384,2025-03-03T18:45:00Z,3,3,3,3,3,3,1,0,0,3,643.9066321449221,74.92948090690479,,,,,,,,41.07479165920791,588.0324454836067,587.7999877929688,PS_046,,,3.153343852027115
34.470634451100814,17.653563994128028,2025-03-03T19:00:00Z,4,4,4,4,4,4,1,0,0,4,630.9643652647677,79.93560376252073,,,,,,,,44.77284089588501,568.56350197441,587.7999877929688,PS_046,,,4.1083798751289775
34.227719575636506,16.906752404715654,2025-03-03T19:15:00Z,4,4,4,4,4,4,1,0,0,4,450.35063590219204,53.20607136787039,,,,,,,,44.19438917670986,408.1732647338028,587.7999877929688,PS_046,,,3.5811344260984277
33.30812971538289,17.071310964298522,2025-03-03T19:30:00Z,3,3,3,3,3,3,1,0,0,3,428.0663044347537,55.645627347643426,,,,,,,,38.64828966734334,382.3478126519945,587.7999877929688,PS_046,,,3.017246973619308
34.042469129417846,17.68881935985073,2025-03-03T19:45:00Z,4,4,4,4,4,4,1,0,0,4,574.2531325639833,88.5897307067003,,,,,,,,41.00956227937857,488.01571278026853,587.7999877929688,PS_046,,,4.328926861758102
33.7639049415298,16.958466517709507,2025-03-03T20:00:00Z,3,3,3,3,3,3,1,0,0,3,385.8546790285884,56.10073240925831,,,,,,,,39.776718124151195,329.40514280951845,587.7999877929688,PS_046,,,3.0436801508630356
32.73433768258101,16.490315211481846,2025-03-03T20:15:00Z,4,4,4,4,4,4,1,0,0,4,181.70321129534074,21.07642860646643,,,,,,,,34.59059156545236,167.5243274116821,587.7999877929688,PS_046,,,3.133539891854289
32.68364783828618,16.854155680926052,2025-03-03T20:30:00Z,4,4,4,4,4,4,1,0,0,4,245.74872341810735,38.18325165475384,,,,,,,,34.11847862203513,198.50248028845778,587.7999877929688,PS_046,,,2.5640239108762914
32.50435720213311,16.92169386958033,2025-03-03T20:45:00Z,3,3,3,3,3,3,1,0,0,3,246.40655868677754,40.70141193745538,,,,,,,,33.85593529803001,182.8020578807894,587.7999877929688,PS_046,,,2.0314395820994156
32.85009105758437,16.82472479784841,2025-03-03T21:00:00Z,4,4,4,4,4,4,1,0,0,4,215.20350286024401,28.207861770068046,,,,,,,,34.28089223601265,136.4968761249478,587.7999877929688,PS_046,,,2.377577550203943
32.03013350853857,16.45042518095424,2025-03-03T21:15:00Z,4,4,4,4,4,4,1,0,0,4,105.97632319426016,14.608933604089051,,,,,,,,32.00510775533851,64.99965688320808,587.7999877929688,PS_046,,,2.7755209373530616
31.425810466999174,16.264838976791225,2025-03-03T21:30:00Z,3,3,3,3,3,3,1,0,0,3,57.033132768632875,6.366498866627834,,,,,,,,29.574460843339807,37.668128080340495,587.7999877929688,PS_046,,,2.0594743310140333
30.390529637060318,16.002189316974203,2025-03-03T21:45:00Z,4,4,4,4,4,4,1,0,0,4,11.082454895435147,-0.6769253299633341,,,,,,,,27.541741045063244,9.24209820364095,587.7999877929688,PS_046,,,1.1528217803466354
30.10885055192671,15.938739434382265,2025-03-03T22:00:00Z,3,3,3,3,3,3,1,0,0,3,-1.8737978265490642,-2.3325651017451143,,,,,,,,25.90936360583567,-2.2692715431883426,587.7999877929688,PS_046,,,0.5479061629836993
29.871361231043103,15.970147099201847,2025-03-03T22:15:00Z,4,4,4,4,4,4,1,0,0,4,-3.051214452784511,-2.280881012569673,,,,,,,,25.61087439393964,-3.056733941109612,587.7999877929688,PS_046,,,0.3840074562714871
28.19474739863085,15.97543444434824,2025-03-03T22:30:00Z,3,3,3,3,3,3,1,0,0,3,-3.4390777287507497,-2.370322650452945,,,,,,,,24.593283283071997,-3.559569937698572,587.7999877929688,PS_046,,,0.022077968049073908
28.476148412378084,15.972000122070312,2025-03-03T22:45:00Z,4,4,4,4,4,4,1,0,0,4,-2.981839161984935,-2.1334523689418803,,,,,,,,23.948591401076932,-3.306966239547257,587.7999877929688,PS_046,,,0.0
27.863914952691008,15.971189731600957,2025-03-03T23:00:00Z,4,4,4,4,4,4,1,0,0,4,-3.066342404042886,-2.304111862015216,,,,,,,,23.499451727018116,-3.3809328537192016,587.7999877929688,PS_046,,,0.09227495821473992
27.5842568022997,15.9660005569458,2025-03-03T23:15:00Z,3,3,3,3,3,3,1,0,0,3,-2.8212462535323235,-2.134197469356568,,,,,,,,22.700000762939453,-2.6412884646890626,587.7999877929688,PS_046,,,0.0
27.701543160333763,15.961683477739006,2025-03-03T23:30:00Z,4,4,4,4,4,4,1,0,0,4,-2.7209653470229984,-1.7125633101683488,,,,,,,,23.64586731578297,-2.809182000257931,587.7999877929688,PS_046,,,0.5048666547270276
28.14516994816312,15.95558706186768,2025-03-03T23:45:00Z,4,4,4,4,4,4,1,0,0,4,-2.7132809811050804,-1.968597960060795,,,,,,,,24.048539927190692,-2.8144479850160944,587.7999877929688,PS_046,,,0.0478288246676474
27.545234066013276,15.948854519798665,2025-03-04T00:00:00Z,3,3,3,3,3,3,1,0,0,3,-2.818963823060979,-2.26906933095608,,,,,,,,22.887800208011697,-2.8796534960844764,587.7999877929688,PS_046,,,0.0
26.85186246536979,15.941935765154685,2025-03-04T00:15:00Z,4,4,4,4,4,4,1,0,0,4,-2.7237785108977866,-2.0405998279887827,,,,,,,,22.33284149794994,-2.7538876793811324,587.7999877929688,PS_046,,,0.12920377154559953
26.688391654043528,15.936950330529223,2025-03-04T00:30:00Z,4,4,4,4,4,4,1,0,0,4,-2.654278394688859,-1.9635302297783925,,,,,,,,21.876929520574375,-2.3398845480429644,587.7999877929688,PS_046,,,0.0
26.860161745097333,15.931500434875487,2025-03-04T00:45:00Z,3,3,3,3,3,3,1,0,0,3,-2.6225908542941494,-1.8763251835457235,,,,,,,,21.813548934241904,-2.031769475602133,587.7999877929688,PS_046,,,0.0
26.19928623047057,15.924618378764112,2025-03-04T01:00:00Z,4,4,4,4,4,4,1,0,0,4,-2.3035492816847674,-1.7437543844696755,,,,,,,,21.70167871980428,-2.7113300198261756,587.7999877929688,PS_046,,,1.2905113382987339
25.433693961942996,15.919500350952147,2025-03-04T01:15:00Z,3,3,3,3,3,3,1,0,0,3,-2.3376711332524334,-1.6831511574695648,,,,,,,,21.34534644809737,-2.3586037002739815,587.7999877929688,PS_046,,,0.16596165948168282
25.999441416664254,15.913292038982926,2025-03-04T01:30:00Z,4,4,4,4,4,4,1,0,0,4,-2.59004533859137,-1.6484808500333603,,,,,,,,21.24078453138931,-1.8951465899197077,587.7999877929688,PS_046,,,0.17393686040026585
26.25521481539629,15.907438666499756,2025-03-04T01:45:00Z,4,4,4,4,4,4,1,0,0,4,-2.4316603443356954,-1.566071350373505,,,,,,,,21.399999618530273,-1.8696152739100032,587.7999877929688,PS_046,,,0.3484079924765643
25.79421238199149,15.901478069460694,2025-03-04T02:00:00Z,3,3,3,3,3,3,1,0,0,3,-2.450087162777884,-1.6423709340476373,,,,,,,,21.155928015132787,-1.947477023473135,587.7999877929688,PS_046,,,0.2875173362480852
25.190869353256392,15.896999359130861,2025-03-04T02:15:00Z,4,4,4,4,4,4,1,0,0,4,-2.5946823201894893,-1.6886022848014257,,,,,,,,20.98695800285383,-1.83026777836553,587.7999877929688,PS_046,,,0.0
25.55586236710061,15.890256111402797,2025-03-04T02:30:00Z,4,4,4,4,4,4,1,0,0,4,-2.6694084811310406,-1.5628981004243054,,,,,,,,21.038619771513922,-1.7488983308567991,587.7999877929688,PS_046,,,0.10068902697395526
24.84966085556596,15.885000228881836,2025-03-04T02:45:00Z,3,3,3,3,3,3,1,0,0,3,-2.436111989032095,-1.7076705645851382,,,,,,,,20.899999618530273,-2.2224405168591184,587.7999877929688,PS_046,,,0.2509154394573793
25.9946915786921,15.88051566371847,2025-03-04T03:00:00Z,4,4,4,4,4,4,1,0,0,4,-2.3193331584007653,-1.6771900048384178,,,,,,,,21.01040455847567,-1.69289695425182,587.7999877929688,PS_046,,,0.4055512426329642
24.65058522169849,15.873749732971191,2025-03-04T03:15:00Z,3,3,3,3,3,3,1,0,0,3,-2.257260127060624,-1.5846342970410783,,,,,,,,20.89999961853027,-2.334247642202079,587.7999877929688,PS_046,,,0.46729251810622663
24.618288729148937,15.870579242258184,2025-03-04T03:30:00Z,4,4,4,4,4,4,1,0,0,4,-2.41307943376966,-1.609013444110482,,,,,,,,20.600000381469727,-2.0660609880247693,587.7999877929688,PS_046,,,0.04062508294361123
24.601002539597413,15.865719509058701,2025-03-04T03:45:00Z,4,4,4,4,4,4,1,0,0,4,-2.6259980435079258,-1.4914117392677326,,,,,,,,20.745342068646735,-2.423476386553732,587.7999877929688,PS_046,,,0.0
24.414028400646803,15.861749649047852,2025-03-04T04:00:00Z,3,3,3,3,3,3,1,0,0,3,-2.5396266930213263,-1.552051241091237,,,,,,,,20.899999618530277,-2.5280204379662967,587.7999877929688,PS_046,,,0.03642344979882218
24.49084660484813,15.856500625610353,2025-03-04T04:15:00Z,4,4,4,4,4,4,1,0,0,4,-2.305549017816836,-1.6350622960930539,,,,,,,,20.899999618530273,-2.5134388978791806,587.7999877929688,PS_046,,,0.09029656109689206
24.683003865025512,15.85144208631369,2025-03-04T04:30:00Z,4,4,4,4,4,4,1,0,0,4,-2.279657846055158,-1.57498442949802,,,,,,,,21.20000076293945,-2.426978093822156,587.7999877929688,PS_046,,,0.3236399743992221
24.578274787800183,15.846370538895505,2025-03-04T04:45:00Z,3,3,3,3,3,3,1,0,0,3,-2.2457317025178005,-1.58035691068647,,,,,,,,21.399999618530273,-2.4847121611724026,587.7999877929688,PS_046,,,0.40282223879373996
23.335183323486618,15.846181717378538,2025-03-04T05:00:00Z,4,4,4,4,4,4,1,0,0,4,-2.2701590128498697,-1.5860291766019121,,,,,,,,21.178997501228046,-2.4667537518919658,587.7999877929688,PS_046,,,0.7940786484652621
23.398501802920883,15.843844497882486,2025-03-04T05:15:00Z,4,4,4,4,4,4,1,0,0,4,-2.218562449127097,-1.6906075544318744,,,,,,,,20.647560303878123,-2.489431724862116,587.7999877929688,PS_046,,,0.16871966742354033
23.864746005138453,15.83924961090088,2025-03-04T05:30:00Z,3,3,3,3,3,3,1,0,0,3,-2.1369318717335593,-1.5506622428537769,,,,,,,,20.899999618530277,-2.2584659522570383,587.7999877929688,PS_046,,,0.5126967180056319
23.80586210452426,15.83640861379376,2025-03-04T05:45:00Z,4,4,4,4,4,4,1,0,0,4,-2.2328257675558967,-1.6142082129403694,,,,,,,,20.78510555542725,-2.4108067872759973,587.7999877929688,PS_046,,,0.30998704338665095
23.224217764366642,15.831946126458263,2025-03-04T06:00:00Z,4,4,4,4,4,4,1,0,0,4,-2.2462773369507194,-1.5252739255073204,,,,,,,,20.600000381469727,-2.3903232097022142,587.7999877929688,PS_046,,,0.35418530920246166
23.0912548109867,15.82860125580416,2025-03-04T06:15:00Z,3,3,3,3,3,3,1,0,0,3,-1.6876383733214562,-1.4417951940712173,,,,,,,,21.399256622751036,-1.7889018289376406,587.7999877929688,PS_046,,,0.10976556725638688
23.26923855615652,15.827249526977539,2025-03-04T06:30:00Z,4,4,4,4,4,4,1,0,0,4,-1.5387254855767099,-1.4417899036691866,,,,,,,,21.85563893765559,-1.8418263095984437,587.7999877929688,PS_046,,,0.19438289349296123
23.69399512833397,15.823887286573523,2025-03-04T06:45:00Z,3,3,3,3,3,3,1,0,0,3,-1.5818156560946832,-1.3561500893329592,,,,,,,,22.24152472977206,-1.6631111601243316,587.7999877929688,PS_046,,,0.0
24.092973086721074,15.821999549865719,2025-03-04T07:00:00Z,4,4,4,4,4,4,1,0,0,4,-1.7138724336984197,-1.4101122864677935,,,,,,,,22.299999237060547,-1.7530512784438053,587.7999877929688,PS_046,,,0.0710312011909702
23.937060902478738,15.821999549865723,2025-03-04T07:15:00Z,3,3,3,3,3,3,1,0,0,3,-1.67328525705065,-1.4120906394741155,,,,,,,,22.299999237060543,-1.8329372752197073,587.7999877929688,PS_046,,,0.35843543238293324
24.031178789636982,15.816934959492446,2025-03-04T07:30:00Z,4,4,4,4,4,4,1,0,0,4,-1.8475892900291113,-1.3830435318385421,,,,,,,,22.53195200749475,-1.9128120140225464,587.7999877929688,PS_046,,,0.6369697066674131
23.26007914266847,15.816000938415527,2025-03-04T07:45:00Z,3,3,3,3,3,3,1,0,0,3,-1.534044955495788,-1.3614921945617922,,,,,,,,21.743786884894753,-2.1205176943778685,587.7999877929688,PS_046,,,1.3736466763918656
23.349106658650083,15.815439848862484,2025-03-04T08:00:00Z,9,9,9,9,9,9,1,0,0,9,-1.977956541577714,-1.5204099646474631,,,,,,,,21.235434698427998,-2.377388921249775,587.7999877929688,PS_046,,,0.7884481164208098
22.891537750820522,15.813820963397333,2025-03-04T08:15:00Z,15,15,15,15,15,15,1,0,0,15,-2.0935524799880842,-1.565221390345357,,,,,,,,20.800978409404756,-2.416937426588149,587.7999877929688,PS_046,,,0.8985310500053438
22.764553872887433,15.810488689334202,2025-03-04T08:30:00Z,15,15,15,15,15,15,1,0,0,15,-1.9971482286234086,-1.5108212422708436,,,,,,,,20.660953981049442,-2.2643591435136354,587.7999877929688,PS_046,,,1.066775285153566
23.173505684096835,15.810000419616703,2025-03-04T08:45:00Z,15,15,15,15,15,15,1,0,0,15,-2.112079318271934,-1.4878234762243572,,,,,,,,20.654575547744923,-2.1266966210282723,587.7999877929688,PS_046,,,0.35543188661046393
23.005151005278986,15.807497948690083,2025-03-04T09:00:00Z,9,9,9,9,9,9,1,0,0,9,-2.204180345825042,-1.551742920457001,,,,,,,,20.429427767818098,-2.2817064495392145,587.7999877929688,PS_046,,,0.38213202718409
23.142735592136187,15.804763768789785,2025-03-04T09:15:00Z,4,4,4,4,4,4,1,0,0,4,0.2597158273264518,-1.1079896445115052,,,,,,,,20.100000381469727,0.7397680989527688,587.7999877929688,PS_046,,,0.1529455232319763
22.962145348407425,15.83789167937924,2025-03-04T09:30:00Z,4,4,4,4,4,4,1,0,0,4,6.997227226430601,-0.36449758710252217,,,,,,,,20.222926233578505,7.561248823197811,587.7999877929688,PS_046,,,0.7506826947184735
23.177565790532114,15.972534963505579,2025-03-04T09:45:00Z,3,3,3,3,3,3,1,0,0,3,22.48141409579339,1.5332331092482994,,,,,,,,20.94416650427449,23.74856204387463,587.7999877929688,PS_046,,,0.4120780544234887
23.183378899500603,16.170842487382416,2025-03-04T10:00:00Z,4,4,4,4,4,4,1,0,0,4,29.36831570530328,1.6561423264393575,,,,,,,,21.57876094954149,29.537859222297087,587.7999877929688,PS_046,,,0.15708390225265545
23.73896244410657,16.452953115146325,2025-03-04T10:15:00Z,4,4,4,4,4,4,1,0,0,4,42.50350133693135,3.1058699129601384,,,,,,,,22.13418354658,42.5899596457818,587.7999877929688,PS_046,,,0.6132248311779748
24.18470295468645,16.717526562687222,2025-03-04T10:30:00Z,3,3,3,3,3,3,1,0,0,3,70.43449857153712,7.117459011390185,,,,,,,,23.413336491506694,73.89484569405198,587.7999877929688,PS_046,,,0.3220388370477383
24.781114508502935,16.872711620762217,2025-03-04T10:45:00Z,4,4,4,4,4,4,1,0,0,4,157.8919767311285,27.72584490166915,,,,,,,,25.20873746536592,190.09906081392165,587.7999877929688,PS_046,,,1.0873319242758874
25.488820003935572,16.87809366377144,2025-03-04T11:00:00Z,3,3,3,3,3,3,1,0,0,3,110.0762592168667,11.35119871135676,,,,,,,,27.15126031507872,117.17010499421357,587.7999877929688,PS_046,,,1.6081570359610748
26.062900554739432,16.9886641802932,2025-03-04T11:15:00Z,4,4,4,4,4,4,1,0,0,4,127.33666186583474,10.792192630772263,,,,,,,,27.984127510690968,127.51105174966148,587.7999877929688,PS_046,,,0.2396905651715745
26.487017432941173,17.118252589630472,2025-03-04T11:30:00Z,4,4,4,4,4,4,1,0,0,4,142.34746185373837,13.11571138706877,,,,,,,,29.107961748558374,141.57097550105547,587.7999877929688,PS_046,,,0.5571111043477371
27.293224222328657,18.718792531166493,2025-03-04T11:45:00Z,3,3,3,3,3,3,1,0,0,3,234.373303360721,24.14010655438287,,,,,,,,31.020320527951974,241.7307921727139,587.7999877929688,PS_046,,,0.336429157483474
27.94998689246852,18.427186106398548,2025-03-04T12:00:00Z,4,4,4,4,4,4,1,0,0,4,241.55382924967694,21.168466443653426,,,,,,,,33.72234788522694,244.48977032272884,587.7999877929688,PS_046,,,0.24201044623920406
27.91230901317595,18.007691413510017,2025-03-04T12:15:00Z,4,4,4,4,4,4,1,0,0,4,232.96274330086294,22.512699962029558,,,,,,,,33.498574573580335,235.4059185194702,587.7999877929688,PS_046,,,1.2724852571254297
29.398421471045147,20.427996766053038,2025-03-04T12:30:00Z,3,3,3,3,3,3,1,0,0,3,895.2221359532974,100.84831400061064,,,,,,,,39.46607380484582,971.2403355194359,587.7999877929688,PS_046,,,3.141334246981579
30.326000430716217,18.487428765248314,2025-03-04T12:45:00Z,4,4,4,4,4,4,1,0,0,4,551.448333393873,57.84291762840959,,,,,,,,47.06465144797565,589.7370361678279,587.7999877929688,PS_046,,,2.643296440457741
29.004098862076752,17.324946662647264,2025-03-04T13:00:00Z,4,4,4,4,4,4,1,0,0,4,313.661776606506,28.451560683929,,,,,,,,36.62775542468768,321.7674317743327,587.7999877929688,PS_046,,,5.235490866514118
28.51850006232122,17.475832633967592,2025-03-04T13:15:00Z,3,3,3,3,3,3,1,0,0,3,349.847586982046,31.75707161812626,,,,,,,,34.35147143083839,355.77612302044,587.7999877929688,PS_046,,,3.761898908177684
28.816665831951376,18.167511767091245,2025-03-04T13:30:00Z,4,4,4,4,4,4,1,0,0,4,471.26727552691676,41.64982549197379,,,,,,,,36.38322315613093,489.1173833452194,587.7999877929688,PS_046,,,4.8807554514177465
28.839223719991825,17.576602333943683,2025-03-04T13:45:00Z,4,4,4,4,4,4,1,0,0,4,391.9754362740136,33.74136182467926,,,,,,,,35.810587515192275,402.55440140059255,587.7999877929688,PS_046,,,5.025714683743534
29.34545589943681,18.884574917759032,2025-03-04T14:00:00Z,3,3,3,3,3,3,1,0,0,3,579.0441144091819,43.37635596976237,,,,,,,,35.99199498451691,590.8824797194392,587.7999877929688,PS_046,,,6.013738708371344
30.21881156343418,19.100777286466187,2025-03-04T14:15:00Z,4,4,4,4,4,4,1,0,0,4,765.2465063727923,46.740925320969595,,,,,,,,40.269432015084966,790.0454504508094,587.7999877929688,PS_046,,,4.360878722457205
31.021475505486638,19.451494924899915,2025-03-04T14:30:00Z,3,3,3,3,3,3,1,0,0,3,1072.026456231908,63.41059317115211,,,,,,,,47.077282887035075,1094.3747052446522,587.7999877929688,PS_046,,,6.307784070529032
31.895671188761117,19.4942350634244,2025-03-04T14:45:00Z,4,4,4,4,4,4,1,0,0,4,1124.31429643913,74.78023317406715,,,,,,,,48.59400584256765,1141.0788385360993,587.7999877929688,PS_046,,,4.43231290718709
32.04196750058593,18.611687501385624,2025-03-04T15:00:00Z,3,3,3,3,3,3,1,0,0,3,898.3819769426366,61.00629912701687,,,,,,,,49.29659460019266,879.5737859339575,587.7999877929688,PS_046,,,4.667858355533115
30.875478033863597,17.453137040137133,2025-03-04T15:15:00Z,4,4,4,4,4,4,1,0,0,4,589.0815043397632,48.7102072578832,,,,,,,,43.21173873158432,583.7700177362814,587.7999877929688,PS_046,,,3.015517581821491
30.749466864054764,17.844623169285036,2025-03-04T15:30:00Z,3,3,3,3,3,3,1,0,0,3,643.1213862461542,52.24881427017548,,,,,,,,42.45490497659657,633.1040575774159,587.7999877929688,PS_046,,,3.6120580270744003
31.454461244913116,17.840980449465942,2025-03-04T15:45:00Z,4,4,4,4,4,4,1,0,0,4,783.4869995711109,58.15606448830759,,,,,,,,50.70889028148049,763.816610015447,587.7999877929688,PS_046,,,2.83114791381139
31.480379821506144,18.788211447114406,2025-03-04T16:00:00Z,3,3,3,3,3,3,1,0,0,3,951.2965181867786,64.21174466106967,,,,,,,,49.556228254022415,917.4953812118233,587.7999877929688,PS_046,,,0.9302987367484349
32.3691874236027,18.597837450821878,2025-03-04T16:15:00Z,4,4,4,4,4,4,1,0,0,4,1035.613153797385,68.26548809306425,,,,,,,,54.68409442863574,977.8084191317281,587.7999877929688,PS_046,,,1.9759513605829553
32.461173626325525,18.157468775437902,2025-03-04T16:30:00Z,3,3,3,3,3,3,1,0,0,3,914.0136983799518,67.71530427810853,,,,,,,,52.63632976696695,894.1795735723445,587.7999877929688,PS_046,,,1.026004829908059
33.5084198320728,17.464120426807273,2025-03-04T16:45:00Z,4,4,4,4,4,4,1,0,0,4,740.3739564350675,56.35333416389523,,,,,,,,56.63351686098632,724.4686319615047,587.7999877929688,PS_046,,,2.5465656983236307
32.75633201219891,17.09878777730158,2025-03-04T17:00:00Z,4,4,4,4,4,4,1,0,0,4,496.67738410618927,42.95717530690141,,,,,,,,46.12044106767243,485.85963304907364,587.7999877929688,PS_046,,,1.836346481578317
32.540265259254475,17.179479294353115,2025-03-04T17:15:00Z,3,3,3,3,3,3,1,0,0,3,479.7396314927806,43.28123697478355,,,,,,,,43.729851498525484,469.05606192066097,587.7999877929688,PS_046,,,1.6792581316043553
33.062243492073875,17.511080317012226,2025-03-04T17:30:00Z,4,4,4,4,4,4,1,0,0,4,561.7305040495432,48.44947639075851,,,,,,,,45.48338681602987,545.171595044747,587.7999877929688,PS_046,,,1.0574095593303752
33.891342845648346,18.224763389844167,2025-03-04T17:45:00Z,4,4,4,4,4,4,1,0,0,4,839.5514968589349,70.35382022546271,,,,,,,,49.91340865638932,794.7670324447583,587.7999877929688,PS_046,,,1.1597788870489898
33.636211935212714,18.33450444776548,2025-03-04T18:00:00Z,3,3,3,3,3,3,1,0,0,3,813.4360660076874,92.26846885682801,,,,,,,,49.38636681512264,804.502641639436,587.7999877929688,PS_046,,,1.7815250726216092
33.911429563292394,18.581278892665182,2025-03-04T18:15:00Z,4,4,4,4,4,4,1,0,0,4,884.1195649886939,92.37424461908802,,,,,,,,49.670970626386044,798.1059173522139,587.7999877929688,PS_046,,,3.218668542465256
33.838046510882904,18.070176909743942,2025-03-04T18:30:00Z,4,4,4,4,4,4,1,0,0,4,744.4082197719359,81.53146535439654,,,,,,,,49.67515176936561,670.8322720372765,587.7999877929688,PS_046,,,3.24042943607622
33.08748209303625,16.94876528754235,2025-03-04T18:45:00Z,3,3,3,3,3,3,1,0,0,3,374.8592099797284,40.33765436213973,,,,,,,,42.350408287739306,338.7893173211863,587.7999877929688,PS_046,,,2.4812521924944506
33.04598617864005,17.484826110015977,2025-03-04T19:00:00Z,4,4,4,4,4,4,1,0,0,4,477.10839249984537,57.641782252408355,,,,,,,,41.106603394215604,416.106180019598,587.7999877929688,PS_046,,,2.2231943807446073
33.42873623692223,17.85371792031687,2025-03-04T19:15:00Z,4,4,4,4,4,4,1,0,0,4,631.2171797854472,93.93290340321461,,,,,,,,45.59603033510927,535.7364247303262,587.7999877929688,PS_046,,,2.716070231019186
33.5753257170141,17.53226589664793,2025-03-04T19:30:00Z,3,3,3,3,3,3,1,0,0,3,559.8214397355055,89.83928216150801,,,,,,,,45.06676894090765,462.6871987427787,587.7999877929688,PS_046,,,1.6086838230578555
34.176325338622306,16.92771537593246,2025-03-04T19:45:00Z,4,4,4,4,4,4,1,0,0,4,323.31687419232026,47.93481027192467,,,,,,,,44.31937067901103,263.89505519994344,587.7999877929688,PS_046,,,1.5874790231031948
32.802957369552274,16.501611005830103,2025-03-04T20:00:00Z,3,3,3,3,3,3,1,0,0,3,158.52901090121267,18.138121166180454,,,,,,,,35.47336119679802,131.4312000818242,587.7999877929688,PS_046,,,1.6945529168536935
32.97081738865279,16.893122679590935,2025-03-04T20:15:00Z,4,4,4,4,4,4,1,0,0,4,256.91879459361365,45.01314339537808,,,,,,,,34.95635405669667,189.59919220275626,587.7999877929688,PS_046,,,1.429796503235029
33.730909404763295,17.012999652123455,2025-03-04T20:30:00Z,4,4,4,4,4,4,1,0,0,4,274.73301460878923,55.7829259721217,,,,,,,,36.541266695207504,187.4110986758272,587.7999877929688,PS_046,,,2.2862512201897824
33.05762046342606,16.8387641018294,2025-03-04T20:45:00Z,3,3,3,3,3,3,1,0,0,3,211.8239314899501,40.26861333808358,,,,,,,,34.88573094157821,133.5100430610859,587.7999877929688,PS_046,,,2.4728261490663908
32.81040292882421,16.68546210396295,2025-03-04T21:00:00Z,3,3,3,3,3,3,1,0,0,3,153.27769100729785,19.258821258853207,,,,,,,,33.26860779312775,86.14911203316206,587.7999877929688,PS_046,,,1.6790545183129322
32.332244301432915,16.463118801247546,2025-03-04T21:15:00Z,4,4,4,4,4,4,1,0,0,4,88.09838968445942,13.75549167912645,,,,,,,,31.55831282725532,39.592177089591125,587.7999877929688,PS_046,,,1.877640264931226
31.056095055344638,16.14883031983429,2025-03-04T21:30:00Z,4,4,4,4,4,4,1,0,0,4,26.742516921654584,0.7719117241643748,,,,,,,,29.48959505217047,18.33423392083384,587.7999877929688,PS_046,,,1.17685359200705
30.372022801404356,15.962517859512761,2025-03-04T21:45:00Z,3,3,3,3,3,3,1,0,0,3,5.18906090162533,-1.9235079684580503,,,,,,,,27.621005526866767,2.9846789422412434,587.7999877929688,PS_046,,,0.11030739393782317
29.980549577077294,15.961935021015849,2025-03-04T22:00:00Z,4,4,4,4,4,4,1,0,0,4,-2.3053797456251943,-2.7120810681653116,,,,,,,,25.879542078478,-3.0984380264713565,587.7999877929688,PS_046,,,0.22992729041294824
29.734899937982416,15.977249145507812,2025-03-04T22:15:00Z,4,4,4,4,4,4,1,0,0,4,-3.1278621719124824,-2.5219418081646903,,,,,,,,24.90794125658138,-3.015678469348822,587.7999877929688,PS_046,,,0.001906103577287898
28.864236904565495,15.982373171550938,2025-03-04T22:30:00Z,3,3,3,3,3,3,1,0,0,3,-3.4111646433182963,-2.508292168186117,,,,,,,,24.315051803200046,-3.2838833500263886,587.7999877929688,PS_046,,,0.0
28.957420248073596,15.977249145507812,2025-03-04T22:45:00Z,4,4,4,4,4,4,1,0,0,4,-2.739158018669694,-2.314168658042438,,,,,,,,23.840776357451116,-2.4527461906704446,587.7999877929688,PS_046,,,0.24231657992428202
26.63056332182882,15.975277422018562,2025-03-04T23:00:00Z,4,4,4,4,4,4,1,0,0,4,-2.694127031381223,-1.8521502661657172,,,,,,,,23.63594660620682,-2.96606022265527,587.7999877929688,PS_046,,,1.04881137570506
26.9095090160874,15.972000122070316,2025-03-04T23:15:00Z,3,3,3,3,3,3,1,0,0,3,-2.4267668211312,-1.7488462103008833,,,,,,,,23.79999923706055,-2.7476965074905495,587.7999877929688,PS_046,,,0.7255250293251437
27.19312189948804,15.9660005569458,2025-03-04T23:30:00Z,4,4,4,4,4,4,1,0,0,4,-1.9750274762596673,-1.324961216602663,,,,,,,,25.15237764074662,-2.4010163199918706,587.7999877929688,PS_046,,,3.088746739010429
26.58669487852185,15.96000003814697,2025-03-04T23:45:00Z,3,3,3,3,3,3,1,0,0,3,-1.8659348246114476,-1.173933377646487,,,,,,,,24.952257715340725,-2.1936739609256244,587.7999877929688,PS_046,,,2.5232176337552388
26.33603465697464,15.955316027061583,2025-03-05T00:00:00Z,4,4,4,4,4,4,1,0,0,4,-2.0256617768201455,-1.2720549012605677,,,,,,,,24.6530574875623,-2.208653624511344,587.7999877929688,PS_046,,,1.7912213576681941
26.21714989629959,15.947873223558245,2025-03-05T00:15:00Z,4,4,4,4,4,4,1,0,0,4,-2.202478713961273,-1.3611974032536784,,,,,,,,24.356180620087823,-2.328908548796904,587.7999877929688,PS_046,,,1.8193812963031926
25.96217797992004,15.941717270306956,2025-03-05T00:30:00Z,3,3,3,3,3,3,1,0,0,3,-2.4993737861335337,-1.736293483738878,,,,,,,,23.38254879095651,-2.7417286131224614,587.7999877929688,PS_046,,,0.9138627989663144
26.4086310377937,15.933661952690937,2025-03-05T00:45:00Z,4,4,4,4,4,4,1,0,0,4,-2.4347525538391683,-1.671566222095087,,,,,,,,22.968142768908777,-2.5307054378757736,587.7999877929688,PS_046,,,1.6296883081367626
25.43714313236913,15.928919066491112,2025-03-05T01:00:00Z,4,4,4,4,4,4,1,0,0,4,-2.4517565327921953,-1.6495756965488682,,,,,,,,22.75909520471606,-2.767534133141579,587.7999877929688,PS_046,,,1.1632044543858229
25.34843241235717,15.918765701693522,2025-03-05T01:15:00Z,3,3,3,3,3,3,1,0,0,3,-2.332836404897469,-1.3897173378411203,,,,,,,,22.971865084757802,-2.598868520433734,587.7999877929688,PS_046,,,1.3157909937250936
25.037732627022972,15.915768358848483,2025-03-05T01:30:00Z,4,4,4,4,4,4,1,0,0,4,-2.1452581976450955,-1.2813925083072057,,,,,,,,23.089111968557187,-2.43746211811285,587.7999877929688,PS_046,,,2.3787970796363727
25.28197755509577,15.908249855041502,2025-03-05T01:45:00Z,4,4,4,4,4,4,1,0,0,4,-2.2494177664594637,-1.2136483900766892,,,,,,,,23.267845839140296,-2.430776774978703,587.7999877929688,PS_046,,,2.2437110571006547
25.13761896287041,15.901384696244804,2025-03-05T02:00:00Z,3,3,3,3,3,3,1,0,0,3,-2.3596939368690597,-1.4997407323398453,,,,,,,,22.567765926543,-2.647905035433251,587.7999877929688,PS_046,,,1.3353972725020802
24.432471977254405,15.896090448625358,2025-03-05T02:15:00Z,4,4,4,4,4,4,1,0,0,4,-2.462580406724179,-1.6160969238283833,,,,,,,,21.399999618530273,-2.700219751268287,587.7999877929688,PS_046,,,0.814402666134649
24.801017123155468,15.887435268462319,2025-03-05T02:30:00Z,3,3,3,3,3,3,1,0,0,3,-2.402812489705614,-1.5137986662009473,,,,,,,,21.503413234180414,-2.4847782575049386,587.7999877929688,PS_046,,,1.600416425966196
25.10521528952725,15.886298814659726,2025-03-05T02:45:00Z,4,4,4,4,4,4,1,0,0,4,-2.3183780918551276,-1.4180825072857792,,,,,,,,22.177908249711205,-2.452798335712227,587.7999877929688,PS_046,,,2.135283406146176
24.94833083253989,15.880553650934948,2025-03-05T03:00:00Z,4,4,4,4,4,4,1,0,0,4,-2.3592270853873267,-1.4884521256787886,,,,,,,,22.200000762939453,-2.4309487967109478,587.7999877929688,PS_046,,,1.2805175088545115
24.967564179842583,15.873749732971188,2025-03-05T03:15:00Z,3,3,3,3,3,3,1,0,0,3,-2.3873080612476825,-1.5152203392749042,,,,,,,,21.999999999999996,-2.500145223063961,587.7999877929688,PS_046,,,1.6664571731408953
24.781090491828863,15.868460548464347,2025-03-05T03:30:00Z,4,4,4,4,4,4,1,0,0,4,-2.364581313308039,-1.5139425869775165,,,,,,,,22.144140079781135,-2.5561814485169294,587.7999877929688,PS_046,,,0.8173211242082369
24.343385529200845,15.86507177995877,2025-03-05T03:45:00Z,4,4,4,4,4,4,1,0,0,4,-2.545947542153122,-1.8248221928579231,,,,,,,,21.144098920776702,-2.7730988001870993,587.7999877929688,PS_046,,,0.12561000360254676
23.6460341193343,15.861749649047848,2025-03-05T04:00:00Z,3,3,3,3,3,3,1,0,0,3,-2.3123325758216215,-1.630239795643279,,,,,,,,21.149895702502906,-2.6106833412609673,587.7999877929688,PS_046,,,0.7170159414655668
23.40052017654362,15.856500625610352,2025-03-05T04:15:00Z,4,4,4,4,4,4,1,0,0,4,-2.3407209727013076,-1.644881558023146,,,,,,,,20.683793368740357,-2.650448054876538,587.7999877929688,PS_046,,,0.6999719665924731
23.71978015652052,15.849702880792611,2025-03-05T04:30:00Z,4,4,4,4,4,4,1,0,0,4,-2.4049594286782594,-1.857694415956584,,,,,,,,20.272329539563287,-2.6637459738930733,587.7999877929688,PS_046,,,0.009301644436438087
23.37368231220751,15.848736178885494,2025-03-05T04:45:00Z,3,3,3,3,3,3,1,0,0,3,-2.351578994916127,-1.6570145478439304,,,,,,,,20.101359961509566,-2.498012986744466,587.7999877929688,PS_046,,,0.41982112350400563
23.219219593068225,15.841494650438985,2025-03-05T05:00:00Z,4,4,4,4,4,4,1,0,0,4,-2.2730670989302433,-1.5859703618345,,,,,,,,20.052610395325456,-2.3897670502484307,587.7999877929688,PS_046,,,0.5389469560068645
22.61945188842023,15.838507824600836,2025-03-05T05:15:00Z,4,4,4,4,4,4,1,0,0,4,-2.388161252066511,-1.558187398164044,,,,,,,,19.74939798711143,-2.486701545329255,587.7999877929688,PS_046,,,0.6312886878948124
22.96334953784044,15.833250045776369,2025-03-05T05:30:00Z,3,3,3,3,3,3,1,0,0,3,-2.107068282004671,-1.4506102184518588,,,,,,,,20.147544030190552,-2.381907087858587,587.7999877929688,PS_046,,,0.7031666073805322
23.76409220394035,15.831457969706188,2025-03-05T05:45:00Z,4,4,4,4,4,4,1,0,0,4,-2.1107432804209942,-1.3976194400263344,,,,,,,,20.553224872063613,-2.2557186719611177,587.7999877929688,PS_046,,,0.16230520995827044
23.7343978691752,15.826083977300538,2025-03-05T06:00:00Z,4,4,4,4,4,4,1,0,0,4,-2.1913215448849517,-1.487347917646537,,,,,,,,20.899999618530273,-2.4739425490796614,587.7999877929688,PS_046,,,0.23666291229711897
23.409915991494785,15.821999549865724,2025-03-05T06:15:00Z,3,3,3,3,3,3,1,0,0,3,-2.2761155249826253,-1.501466424847414,,,,,,,,20.899999618530277,-2.591131625834853,587.7999877929688,PS_046,,,0.47634593022775557
23.232010080337876,15.821999549865723,2025-03-05T06:30:00Z,4,4,4,4,4,4,1,0,0,4,-2.247046696962034,-1.4804747829006717,,,,,,,,20.718902514905388,-2.4720728615056897,587.7999877929688,PS_046,,,0.4283707725251099
22.431496971250983,15.816000938415527,2025-03-05T06:45:00Z,3,3,3,3,3,3,1,0,0,3,-2.2307750314260955,-1.7784503612498195,,,,,,,,19.808288847618314,-2.632394293361919,587.7999877929688,PS_046,,,0.6415626376677693
21.791583286058778,15.810688686783783,2025-03-05T07:00:00Z,4,4,4,4,4,4,1,0,0,4,-2.3209063554769376,-1.7748572818977448,,,,,,,,19.136981060203208,-2.696131964072422,587.7999877929688,PS_046,,,0.11171904087998057
22.372959733253914,15.8100004196167,2025-03-05T07:15:00Z,3,3,3,3,3,3,1,0,0,3,-2.2734992956486635,-1.5573835564512257,,,,,,,,19.378491201187423,-2.3348041896034424,587.7999877929688,PS_046,,,0.09889949522018297
22.293054285776677,15.807168554072582,2025-03-05T07:30:00Z,4,4,4,4,4,4,1,0,0,4,-2.216611803627354,-1.5195349143323562,,,,,,,,19.5634572880567,-2.407379198889478,587.7999877929688,PS_046,,,0.026338558282461476
22.819997285965258,15.803999900817871,2025-03-05T07:45:00Z,3,3,3,3,3,3,1,0,0,3,-2.0779410881371914,-1.3141574432494056,,,,,,,,19.880079094679935,-2.183279862906361,587.7999877929688,PS_046,,,1.2248976725626541
22.786682343876414,15.803999900817873,2025-03-05T08:00:00Z,6,6,6,6,6,6,1,0,0,6,-1.3620498407819002,-1.3872374901086193,,,,,,,,20.575066598737912,-1.5621029647824818,587.7999877929688,PS_046,,,0.5636352582386461
22.823168869905114,15.800404727303956,2025-03-05T08:15:00Z,15,15,15,15,15,15,1,0,0,15,-0.5434127060074387,-1.2056958240904223,,,,,,,,21.136438825639665,-1.1380707843372684,588.2000122070312,PS_046,,,1.6187193305052308
22.768135501088175,15.798749923706055,2025-03-05T08:30:00Z,15,15,15,15,15,15,1,0,0,15,-0.8253213170106029,-1.3305779851344033,,,,,,,,20.807687098599917,-1.6194426736638121,588.2000122070312,PS_046,,,0.9868589711008554
22.30953826419217,15.798447189238527,2025-03-05T08:45:00Z,15,15,15,15,15,15,1,0,0,15,-1.0521842148564737,-1.350538155845244,,,,,,,,20.448210332110744,-1.8188228658342744,588.2000122070312,PS_046,,,1.2939242578094778
22.48394221425604,15.798749923706058,2025-03-05T09:00:00Z,9,9,9,9,9,9,1,0,0,9,-1.2810128498027897,-1.3040522988954513,,,,,,,,20.399999618530277,-1.9196504895450615,588.2000122070312,PS_046,,,0.9437931955956897
22.879958549852873,15.791794197104958,2025-03-05T09:15:00Z,4,4,4,4,4,4,1,0,0,4,0.24116762881898648,-1.1116208114015238,,,,,,,,20.399999618530277,-0.011676879335901107,588.2000122070312,PS_046,,,1.4258786551574654
22.776511730494214,15.835681219479985,2025-03-05T09:30:00Z,4,4,4,4,4,4,1,0,0,4,8.415728689972418,-0.2902519267933575,,,,,,,,20.021971594858602,10.194354691575988,588.2000122070312,PS_046,,,0.44363812970783306
22.006132915401672,15.97445291766726,2025-03-05T09:45:00Z,3,3,3,3,3,3,1,0,0,3,17.4741181149191,0.33233006877684534,,,,,,,,19.799999237060543,17.809592494584603,588.2000122070312,PS_046,,,1.4322521747361527
22.281128368270462,16.225450324678985,2025-03-05T10:00:00Z,4,4,4,4,4,4,1,0,0,4,52.484764691443914,5.720381844498682,,,,,,,,20.15347909593712,73.27484661657567,588.2000122070312,PS_046,,,1.073449172493761
23.824500773529888,16.602834930738158,2025-03-05T10:15:00Z,4,4,4,4,4,4,1,0,0,4,129.49706228399532,18.17331366742649,,,,,,,,22.916007862114206,186.73286065878085,588.2000122070312,PS_046,,,0.9222505856526817
24.629858849873628,16.799260401633582,2025-03-05T10:30:00Z,3,3,3,3,3,3,1,0,0,3,123.09037420475964,29.730185952884707,,,,,,,,24.639551091130674,167.18911855188387,588.2000122070312,PS_046,,,1.359194622731698
25.82924775538885,17.054913944919008,2025-03-05T10:45:00Z,4,4,4,4,4,4,1,0,0,4,246.21602751337227,54.377155236472206,,,,,,,,28.20062763282094,319.53283705939117,588.2000122070312,PS_046,,,2.8129347222411956
25.24779033854741,17.108647467313002,2025-03-05T11:00:00Z,3,3,3,3,3,3,1,0,0,3,147.30157342826942,26.430247763833343,,,,,,,,26.89272494918001,176.01625627261942,588.2000122070312,PS_046,,,2.483256049417788
26.488286293350612,18.44186052785699,2025-03-05T11:15:00Z,4,4,4,4,4,4,1,0,0,4,276.68852888895077,41.88500842614087,,,,,,,,30.438512801362926,324.5939529264561,588.2000122070312,PS_046,,,3.0614280971446775
27.07126808843302,18.36293289808919,2025-03-05T11:30:00Z,4,4,4,4,4,4,1,0,0,4,289.8763640359234,41.35425151469533,,,,,,,,30.958388064106767,332.721372945553,588.2000122070312,PS_046,,,2.714960347912349
27.790549718346348,19.768591051767544,2025-03-05T11:45:00Z,3,3,3,3,3,3,1,0,0,3,496.3746853091623,81.24359141637525,,,,,,,,32.98287734556411,579.6895786506664,588.2000122070312,PS_046,,,4.018594108397262
29.11176278840107,19.842789547515252,2025-03-05T12:00:00Z,4,4,4,4,4,4,1,0,0,4,671.2360091064704,96.53524639167259,,,,,,,,39.39975225385915,762.507248292033,588.2000122070312,PS_046,,,3.2457691974955276
28.786802453077765,17.775065487496704,2025-03-05T12:15:00Z,4,4,4,4,4,4,1,0,0,4,426.58253482396816,47.042808691670295,,,,,,,,38.676381514328426,464.470844134582,588.2000122070312,PS_046,,,5.185075913580006
28.299841014162062,17.94355595322749,2025-03-05T12:30:00Z,3,3,3,3,3,3,1,0,0,3,447.991097640511,46.87110199825478,,,,,,,,34.10991894777479,490.3531258755813,588.2000122070312,PS_046,,,4.5866106627878
29.182515721588036,18.179314562346814,2025-03-05T12:45:00Z,4,4,4,4,4,4,1,0,0,4,594.4659696904803,67.14975477538287,,,,,,,,38.711568353315386,661.4741324456791,588.2000122070312,PS_046,,,3.728661678877043
29.899262897568057,19.312917010594848,2025-03-05T13:00:00Z,4,4,4,4,4,4,1,0,0,4,836.6400459603498,83.53022947836405,,,,,,,,41.950249600078614,917.4947055728328,588.2000122070312,PS_046,,,5.587493850902407
30.35401219404804,19.030413309382304,2025-03-05T13:15:00Z,3,3,3,3,3,3,1,0,0,3,869.0661098631308,76.38176027852353,,,,,,,,43.10651750147784,937.7754249490148,588.2000122070312,PS_046,,,7.611022909394929
30.405033447323632,18.976185795924966,2025-03-05T13:30:00Z,4,4,4,4,4,4,1,0,0,4,886.4450208355302,68.8385716855026,,,,,,,,43.2731527621515,947.1039985434682,588.2000122070312,PS_046,,,5.8700014007370065
30.99665940053302,18.909633725725545,2025-03-05T13:45:00Z,4,4,4,4,4,4,1,0,0,4,911.6032424910819,62.2188229505281,,,,,,,,45.22040155195597,962.8888766865997,588.2000122070312,PS_046,,,5.628336842675728
31.48416440918973,18.902575921905143,2025-03-05T14:00:00Z,3,3,3,3,3,3,1,0,0,3,943.8314237718139,58.29874581980556,,,,,,,,46.54249885935616,986.4211141348339,588.2000122070312,PS_046,,,5.137847730492995
31.412806887728102,18.92588775708595,2025-03-05T14:15:00Z,4,4,4,4,4,4,1,0,0,4,996.0950541553435,57.9144004677727,,,,,,,,48.14458107759445,1030.093494311575,588.2000122070312,PS_046,,,5.623714622867213
32.193912714589445,18.97429955232728,2025-03-05T14:30:00Z,3,3,3,3,3,3,1,0,0,3,1056.6584319475946,59.60750546379692,,,,,,,,49.627966558516654,1083.0488887773224,588.2000122070312,PS_046,,,3.9001553799616517
32.075363273657445,18.42267558687635,2025-03-05T14:45:00Z,4,4,4,4,4,4,1,0,0,4,1012.1691037343193,60.663579941583194,,,,,,,,51.906702402502646,1028.9080475558944,588.2000122070312,PS_046,,,3.9287191801811967
32.615397807591,18.63339159173531,2025-03-05T15:00:00Z,4,4,4,4,4,4,1,0,0,4,1061.1074611143888,65.79103626068027,,,,,,,,51.37670523258201,1076.378175569223,588.2000122070312,PS_046,,,4.9824068620384825
33.14586169426434,18.96360088448487,2025-03-05T15:15:00Z,3,3,3,3,3,3,1,0,0,3,1198.581481187967,74.10034404957496,,,,,,,,52.000968675372235,1209.479694168154,588.2000122070312,PS_046,,,3.0269903866210703
34.291181643716335,18.24391859099548,2025-03-05T15:30:00Z,4,4,4,4,4,4,1,0,0,4,984.1812127507151,63.792813399288505,,,,,,,,54.07286514008384,1070.137874100451,588.2000122070312,PS_046,,,5.807502978262191
32.62807036157241,17.605817826399964,2025-03-05T15:45:00Z,4,4,4,4,4,4,1,0,0,4,746.2700744199107,54.46881659899894,,,,,,,,46.13000868334392,750.4757824393614,588.2000122070312,PS_046,,,3.7609978353522084
32.913979832179415,17.14692883470093,2025-03-05T16:00:00Z,3,3,3,3,3,3,1,0,0,3,543.7849266825319,45.620670061823525,,,,,,,,44.10219059856156,532.5947376093496,588.2000122070312,PS_046,,,4.533839393921531
33.23167931515025,18.10035065820859,2025-03-05T16:15:00Z,4,4,4,4,4,4,1,0,0,4,892.4031420160571,63.15814148496895,,,,,,,,48.38245911335045,881.0281310368988,588.2000122070312,PS_046,,,3.3981389558326134
33.735543845252366,18.75281099303862,2025-03-05T16:30:00Z,4,4,4,4,4,4,1,0,0,4,1164.152402373207,72.48595550076692,,,,,,,,54.773063770101835,1122.302037556871,588.2000122070312,PS_046,,,3.1238439093369585
33.28916304211057,16.547589815038165,2025-03-05T16:45:00Z,3,3,3,3,3,3,1,0,0,3,256.91252072732374,25.653217957456086,,,,,,,,44.95625168944048,249.22089340204926,588.2000122070312,PS_046,,,3.929261574459772
32.97561923299021,17.193385220563897,2025-03-05T17:00:00Z,4,4,4,4,4,4,1,0,0,4,585.3198272966073,32.49834824203467,,,,,,,,42.56352677188789,552.1830284099103,588.2000122070312,PS_046,,,2.8577231812858335
34.48365516889073,18.525272137059297,2025-03-05T17:15:00Z,3,3,3,3,3,3,1,0,0,3,1039.5709883161446,75.48150571502912,,,,,,,,52.080865638241384,979.8358092783757,588.2000122070312,PS_046,,,5.531489044989331
34.675048590348375,18.383433052396533,2025-03-05T17:30:00Z,5,5,5,5,5,5,1,0,0,5,995.9021231828807,78.63716496550775,,,,,,,,53.25212441915404,926.8803602885737,588.2000122070312,PS_046,,,2.8847820599137775
34.68583688525083,18.212004183978838,2025-03-05T17:45:00Z,3,3,3,3,3,3,1,0,0,3,907.6726783655299,76.82792415208988,,,,,,,,53.45186280054977,838.7089757884512,588.2000122070312,PS_046,,,3.314113454103945
33.10399854799633,16.666068331641803,2025-03-05T18:00:00Z,4,4,4,4,4,4,1,0,0,4,347.9341048654984,31.164006728177082,,,,,,,,40.24328799829746,326.7714896863637,588.2000122070312,PS_046,,,3.0027692064614513
33.10120194827738,16.995172685630386,2025-03-05T18:15:00Z,3,3,3,3,3,3,1,0,0,3,442.3614481156952,41.74600338751538,,,,,,,,39.49999999999999,403.001028583246,588.2000122070312,PS_046,,,3.8927193239549354
34.130329750881344,18.388449779247075,2025-03-05T18:30:00Z,4,4,4,4,4,4,1,0,0,4,854.4722039700323,98.27906770114943,,,,,,,,45.485727652296525,763.4114378682924,588.2000122070312,PS_046,,,3.082762717367583
34.20345544644089,17.690513402701523,2025-03-05T18:45:00Z,3,3,3,3,3,3,1,0,0,3,648.1486423731662,80.99897645883523,,,,,,,,46.855064162966165,570.4289526934774,588.2000122070312,PS_046,,,2.2916755223254666
33.7595620745856,17.007011958046935,2025-03-05T19:00:00Z,4,4,4,4,4,4,1,0,0,4,375.332004783708,50.11003496412307,,,,,,,,40.6759656941729,326.2392397910793,588.2000122070312,PS_046,,,3.447838514262164
34.11003723708645,17.642039982521588,2025-03-05T19:15:00Z,3,3,3,3,3,3,1,0,0,3,583.8196557511469,89.35579568677893,,,,,,,,41.03479319360005,491.59757532459804,588.2000122070312,PS_046,,,2.3768860353123618
34.004972015370136,16.602066140954957,2025-03-05T19:30:00Z,3,3,3,3,3,3,1,0,0,3,169.44015458622374,24.61547799978931,,,,,,,,40.99050567981926,147.69968029221315,588.2000122070312,PS_046,,,3.048952609469078
34.3955379754493,17.26104039147054,2025-03-05T19:45:00Z,4,4,4,4,4,4,1,0,0,4,429.4555212658802,72.61766495533708,,,,,,,,39.69201267271894,354.3422408399018,588.2000122070312,PS_046,,,2.3869183770743074
33.98376049766395,17.02689153157172,2025-03-05T20:00:00Z,3,3,3,3,3,3,1,0,0,3,349.2162387820807,56.389278239858506,,,,,,,,38.34095334746227,294.86280981055506,588.2000122070312,PS_046,,,4.814852725407892
32.819015531812774,16.254751541922403,2025-03-05T20:15:00Z,4,4,4,4,4,4,1,0,0,4,98.9611853200832,8.736548637138306,,,,,,,,34.423530920304636,97.82098440516894,588.2000122070312,PS_046,,,2.7048455255700423
30.736908668873305,16.173627838681824,2025-03-05T20:30:00Z,3,3,3,3,3,3,1,0,0,3,68.35079580044196,5.304989270949868,,,,,,,,31.139251359782396,65.95538319381438,588.2000122070312,PS_046,,,2.960014098875315
29.931975862571733,16.424979931457674,2025-03-05T20:45:00Z,4,4,4,4,4,4,1,0,0,4,97.79816559225365,9.848356090520022,,,,,,,,30.143649404117326,90.61970487946974,588.2000122070312,PS_046,,,3.3861630122872226
30.022828769891827,16.636541890385132,2025-03-05T21:00:00Z,3,3,3,3,3,3,1,0,0,3,127.75898489474012,16.93837216266111,,,,,,,,30.056734410401358,79.66170379786566,588.2000122070312,PS_046,,,2.221477139032316
30.256155255068187,16.554524585438717,2025-03-05T21:15:00Z,4,4,4,4,4,4,1,0,0,4,85.64852752082074,13.870844934398436,,,,,,,,30.021424660826373,42.55930970630869,588.2000122070312,PS_046,,,2.0512489363716875
29.674650477730403,16.246304260926934,2025-03-05T21:30:00Z,3,3,3,3,3,3,1,0,0,3,26.19603895580854,1.3479516247741152,,,,,,,,28.749579992001514,21.16200587883179,588.2000122070312,PS_046,,,0.7098732937864669
29.22588998747416,15.973504975156725,2025-03-05T21:45:00Z,4,4,4,4,4,4,1,0,0,4,1.9860886847961101,-1.8610669058871596,,,,,,,,27.395980548868778,1.0441210272373485,588.2000122070312,PS_046,,,0.0
29.00353321882361,15.929402547188351,2025-03-05T22:00:00Z,3,3,3,3,3,3,1,0,0,3,-2.0137058292779906,-2.216705158665938,,,,,,,,26.235709196843775,-2.814432706341365,588.2000122070312,PS_046,,,0.2318788368665722
28.696624406182917,15.959054153248468,2025-03-05T22:15:00Z,3,3,3,3,3,3,1,0,0,3,-2.351640117851998,-2.1385041863843344,,,,,,,,25.616799190216696,-2.70717260578813,588.2000122070312,PS_046,,,0.4596418074196145
28.51356934327438,15.9660005569458,2025-03-05T22:30:00Z,4,4,4,4,4,4,1,0,0,4,-2.422498967105216,-2.0371794336415827,,,,,,,,25.230622558054435,-2.5335386165184235,588.2000122070312,PS_046,,,0.3499226564586624
28.60092436441808,15.967200041395976,2025-03-05T22:45:00Z,3,3,3,3,3,3,1,0,0,3,-2.4117009839133376,-1.9917760058462621,,,,,,,,24.89999961853027,-2.339769545647171,588.2000122070312,PS_046,,,0.16632367751492222
28.180844908228362,15.962951273160884,2025-03-05T23:00:00Z,4,4,4,4,4,4,1,0,0,4,-2.3159877754696834,-1.9191349918996161,,,,,,,,24.94459978557654,-2.41263384630657,588.2000122070312,PS_046,,,0.45068920850117317
28.372602603393176,15.960968589056261,2025-03-05T23:15:00Z,3,3,3,3,3,3,1,0,0,3,-2.2944232920273295,-1.7558404141103512,,,,,,,,24.94512396592634,-2.2177552621890597,588.2000122070312,PS_046,,,0.7902380307036228
28.567635343650643,15.960000038146973,2025-03-05T23:30:00Z,4,4,4,4,4,4,1,0,0,4,-2.5406227433962134,-1.8902010775204732,,,,,,,,24.947073950436476,-2.4813666537987036,588.2000122070312,PS_046,,,0.08022744373350656
28.44721540109837,15.954750061035158,2025-03-05T23:45:00Z,3,3,3,3,3,3,1,0,0,3,-2.4636397303424316,-2.126759023435518,,,,,,,,24.56314474492708,-2.5341507094747575,588.2000122070312,PS_046,,,0.12113363439354839
27.41544385801789,15.949700764323099,2025-03-06T00:00:00Z,3,3,3,3,3,3,1,0,0,3,-2.34169791019415,-2.047630591540965,,,,,,,,23.762384222585414,-3.0730798163833826,588.2000122070312,PS_046,,,1.1181109650514844
26.3593300035047,15.947793329244245,2025-03-06T00:15:00Z,4,4,4,4,4,4,1,0,0,4,-2.080563405211831,-1.8330868128408095,,,,,,,,23.252185243522884,-2.6853422735256642,588.2000122070312,PS_046,,,1.3104667266087606
26.23544561082248,15.942061447267264,2025-03-06T00:30:00Z,4,4,4,4,4,4,1,0,0,4,-2.337948001286605,-1.757048037574001,,,,,,,,22.67804941736105,-2.4393323618635034,588.2000122070312,PS_046,,,1.0119519374913073
26.679305538186153,15.936598424017491,2025-03-06T00:45:00Z,3,3,3,3,3,3,1,0,0,3,-2.36705967217669,-1.5957015668072856,,,,,,,,22.753082343119004,-2.028016624735677,588.2000122070312,PS_046,,,0.6759601979906986
26.20568253885346,15.928103000871973,2025-03-06T01:00:00Z,4,4,4,4,4,4,1,0,0,4,-1.9748857574177865,-1.7228245442265948,,,,,,,,22.831428318702407,-1.9987595465095902,588.2000122070312,PS_046,,,1.0735219435687091
25.520688251530267,15.924781681056933,2025-03-06T01:15:00Z,4,4,4,4,4,4,1,0,0,4,-2.0658909355984894,-1.6152199167702932,,,,,,,,22.999649765529867,-2.0177905647387577,588.2000122070312,PS_046,,,0.7640997196244038
25.65060227752983,15.91950035095215,2025-03-06T01:30:00Z,3,3,3,3,3,3,1,0,0,3,-1.661393665406989,-1.5631821048225418,,,,,,,,23.47805245104808,-1.5876851318696346,588.2000122070312,PS_046,,,0.7477304598485305
26.035761257057924,15.914249420166016,2025-03-06T01:45:00Z,4,4,4,4,4,4,1,0,0,4,-1.8797939344777683,-1.384439318499477,,,,,,,,23.707596277972577,-1.8094983368501685,588.2000122070312,PS_046,,,0.9158280984376445
26.592984318508528,15.912953446881057,2025-03-06T02:00:00Z,3,3,3,3,3,3,1,0,0,3,-1.6846104284926473,-1.4421601671986413,,,,,,,,24.31424782628212,-1.5676606852400676,588.2000122070312,PS_046,,,0.26700887898540626
26.60156440663717,15.90430000022872,2025-03-06T02:15:00Z,4,4,4,4,4,4,1,0,0,4,-1.7829084630116252,-1.4394779014408345,,,,,,,,24.66565336717585,-1.7719865329795528,588.2000122070312,PS_046,,,0.6963163250639156
26.436127474785547,15.901557866316017,2025-03-06T02:30:00Z,4,4,4,4,4,4,1,0,0,4,-2.246194346439596,-1.5629728410052932,,,,,,,,24.407936572688026,-2.396063956613065,588.2000122070312,PS_046,,,0.4067062988937549
26.525242405286665,15.897930361099464,2025-03-06T02:45:00Z,3,3,3,3,3,3,1,0,0,3,-2.152275864022257,-1.6585615993773009,,,,,,,,23.932116875348004,-2.215694145836567,588.2000122070312,PS_046,,,0.7006064472308785
26.465270510973564,15.891000747680664,2025-03-06T03:00:00Z,4,4,4,4,4,4,1,0,0,4,-1.7985707089884126,-1.5382773529791902,,,,,,,,24.14622409526023,-1.9693369984661229,588.2000122070312,PS_046,,,1.235294978526927
26.681696691256025,15.885940224767158,2025-03-06T03:15:00Z,4,4,4,4,4,4,1,0,0,4,-1.6206462864398292,-1.3412673048169816,,,,,,,,25.060212435923717,-1.6856539200424538,588.2000122070312,PS_046,,,3.935150862059905
27.17377884682058,15.883311396030017,2025-03-06T03:30:00Z,3,3,3,3,3,3,1,0,0,3,-1.5045714562115409,-1.2364469710647255,,,,,,,,25.747693508555106,-1.6663659102115465,588.2000122070312,PS_046,,,3.8182201157157674
26.936544065426784,15.880562328748224,2025-03-06T03:45:00Z,4,4,4,4,4,4,1,0,0,4,-1.6316095521791185,-1.2882400619179486,,,,,,,,25.246405245989052,-1.8080924109361811,588.2000122070312,PS_046,,,2.6627680035115295
26.746670542781082,15.878705544552897,2025-03-06T04:00:00Z,3,3,3,3,3,3,1,0,0,3,-1.5721871489941313,-1.3459108362065046,,,,,,,,25.353623679645555,-1.6634124023294146,588.2000122070312,PS_046,,,2.0779452657778323
26.8697946428706,15.873749732971193,2025-03-06T04:15:00Z,4,4,4,4,4,4,1,0,0,4,-1.7397249931005083,-1.4264998123889998,,,,,,,,25.200000762939457,-1.7754910311933818,588.2000122070312,PS_046,,,1.7925345302058864
26.771063530680916,15.871379391494814,2025-03-06T04:30:00Z,4,4,4,4,4,4,1,0,0,4,-1.9971557866592187,-1.5098915465020084,,,,,,,,24.820995519296755,-2.0492175737712883,588.2000122070312,PS_046,,,1.7600769560398088
26.677068676999557,15.867749214172365,2025-03-06T04:45:00Z,3,3,3,3,3,3,1,0,0,3,-1.7879612956674285,-1.5748344948935604,,,,,,,,24.653163559493,-1.942911497620353,588.2000122070312,PS_046,,,1.070793319114919
26.649020868669943,15.863683381055672,2025-03-06T05:00:00Z,4,4,4,4,4,4,1,0,0,4,-2.022329345047097,-1.6272688400463016,,,,,,,,24.18938909779261,-2.1313559197017335,588.2000122070312,PS_046,,,0.8692975650576269
27.062266991609413,15.86174964904785,2025-03-06T05:15:00Z,3,3,3,3,3,3,1,0,0,3,-1.7648979716708393,-1.4482772512611444,,,,,,,,24.970197495868216,-1.7854887242583155,588.2000122070312,PS_046,,,1.8650877681259157
27.247911185546464,15.860918713365656,2025-03-06T05:30:00Z,4,4,4,4,4,4,1,0,0,4,-1.6743039156933686,-1.444215152288827,,,,,,,,25.65107699731397,-1.7543191020421658,588.2000122070312,PS_046,,,1.3880594091820402
27.180649370072796,15.857325326612106,2025-03-06T05:45:00Z,4,4,4,4,4,4,1,0,0,4,-1.5793259568789297,-1.4337204929340148,,,,,,,,25.621300762594352,-1.7082021257409914,588.2000122070312,PS_046,,,2.0312688724259513
26.48298499001915,15.851345245845275,2025-03-06T06:00:00Z,3,3,3,3,3,3,1,0,0,3,-1.502708186567283,-1.4515171700395264,,,,,,,,24.94244627679565,-1.9045006559231121,588.2000122070312,PS_046,,,1.5991039485696694
26.315539705821507,15.850500106811525,2025-03-06T06:15:00Z,4,4,4,4,4,4,1,0,0,4,-1.574839654771908,-1.5110620856524366,,,,,,,,24.787183383291463,-1.883434994674709,588.2000122070312,PS_046,,,1.096090521606371
26.352152968749557,15.850500106811525,2025-03-06T06:30:00Z,4,4,4,4,4,4,1,0,0,4,-1.601087251570036,-1.4697565923727,,,,,,,,24.665565794820527,-1.8656197613670389,588.2000122070312,PS_046,,,1.330993211312682
26.027812112064094,15.84811672796916,2025-03-06T06:45:00Z,3,3,3,3,3,3,1,0,0,3,-1.9622448096113325,-1.5064047064319126,,,,,,,,23.892974153789478,-2.260190844676973,588.2000122070312,PS_046,,,1.007490458016956
25.624556468592047,15.844500541687013,2025-03-06T07:00:00Z,4,4,4,4,4,4,1,0,0,4,-2.118523140407105,-1.6675601900285246,,,,,,,,23.176982292839803,-2.353872381960162,588.2000122070312,PS_046,,,1.035721462201772
25.462325043203464,15.840865829035128,2025-03-06T07:15:00Z,3,3,3,3,3,3,1,0,0,3,-1.6440978749392317,-1.5063291531510128,,,,,,,,23.270207883516782,-1.9323118421612808,588.2000122070312,PS_046,,,1.6474274197933327
25.497801473292817,15.83924961090088,2025-03-06T07:30:00Z,4,4,4,4,4,4,1,0,0,4,-1.7757495386258813,-1.3907636223403996,,,,,,,,23.29999923706055,-2.008022250494863,588.2000122070312,PS_046,,,1.7423208755758872
25.498529584186567,15.837761629792615,2025-03-06T07:45:00Z,3,3,3,3,3,3,1,0,0,3,-1.7304696677908074,-1.4204444747555889,,,,,,,,23.338901595083424,-1.8739405009825378,588.2000122070312,PS_046,,,1.1952744305028853
25.11256078920629,15.83348096785449,2025-03-06T08:00:00Z,11,11,11,11,11,11,1,0,0,11,-1.7921307333435055,-1.444026055688202,,,,,,,,23.22433904337304,-2.017320255711244,588.2000122070312,PS_046,,,1.145762169118164
25.130985244697527,15.832423563067234,2025-03-06T08:15:00Z,19,19,19,19,19,19,1,0,0,19,-1.7685164684699948,-1.4047936465436233,,,,,,,,23.091390071679825,-1.9414247168552972,588.2000122070312,PS_046,,,1.455174064262728
25.06961195823302,15.829017954368926,2025-03-06T08:30:00Z,19,19,19,19,19,19,1,0,0,19,-1.7368970144932012,-1.410002088365636,,,,,,,,23.00092128742597,-1.8487895263762102,588.2000122070312,PS_046,,,1.5539735880040597
25.12863481655374,15.827904293460053,2025-03-06T08:45:00Z,19,19,19,19,19,19,1,0,0,19,-1.6897336567933159,-1.29895834804331,,,,,,,,23.241470963216763,-1.8144102548947865,588.2000122070312,PS_046,,,1.9028329193926228
25.180502769050726,15.827249526977539,2025-03-06T09:00:00Z,10,10,10,10,10,10,1,0,0,10,-1.7976010759168297,-1.2681261144169973,,,,,,,,23.148887717688236,-1.8908938424888986,588.2000122070312,PS_046,,,1.7687916666800425
25.040639059626656,15.824473458785397,2025-03-06T09:15:00Z,4,4,4,4,4,4,1,0,0,4,1.091335997827946,-0.7224740271998558,,,,,,,,22.846564182709912,1.1394334790447493,588.2000122070312,PS_046,,,2.538594987249449
25.063991267795338,15.885800543427274,2025-03-06T09:30:00Z,3,3,3,3,3,3,1,0,0,3,12.896498914332055,0.8644752245197521,,,,,,,,23.22486347887788,20.63168376746902,588.2000122070312,PS_046,,,2.3897750705354484
25.17387534778759,16.101803724665864,2025-03-06T09:45:00Z,4,4,4,4,4,4,1,0,0,4,29.468528412767682,2.739458588942812,,,,,,,,23.383673107283567,33.813382067268364,588.2000122070312,PS_046,,,2.979964184551061
25.32273437913259,16.485842919485606,2025-03-06T10:00:00Z,3,3,3,3,3,3,1,0,0,3,55.55821237903259,6.1450702786153535,,,,,,,,24.085045335487887,60.21227888926732,588.2000122070312,PS_046,,,2.7429649631653543
25.65319243332736,16.769476345600175,2025-03-06T10:15:00Z,4,4,4,4,4,4,1,0,0,4,123.19217880510323,17.763231775918808,,,,,,,,25.56812892167037,154.23847043589623,588.2000122070312,PS_046,,,2.8353874626145177
27.03478276480702,16.925474142830833,2025-03-06T10:30:00Z,4,4,4,4,4,4,1,0,0,4,229.4040994475954,48.27194718020178,,,,,,,,29.210656987511737,305.82430731608594,588.2000122070312,PS_046,,,3.311909648413598
27.546172598022643,17.12154998217665,2025-03-06T10:45:00Z,3,3,3,3,3,3,1,0,0,3,274.56793785358946,58.016846066188315,,,,,,,,30.71816166207964,349.585942465546,588.2000122070312,PS_046,,,4.165773963984492
28.101650461111195,18.098920371494877,2025-03-06T11:00:00Z,4,4,4,4,4,4,1,0,0,4,335.5675937061183,70.07344281869719,,,,,,,,32.444333034987494,416.71596544335796,588.2000122070312,PS_046,,,5.199007233467485
28.865583345630174,19.265219404341877,2025-03-06T11:15:00Z,3,3,3,3,3,3,1,0,0,3,416.3429634064322,81.65757387852307,,,,,,,,34.35522218047539,507.741551811687,588.2000122070312,PS_046,,,5.105549332675551
29.486553647743722,19.338714877512107,2025-03-06T11:30:00Z,4,4,4,4,4,4,1,0,0,4,479.05262539099306,85.25462401324188,,,,,,,,36.34202048615522,570.0305466957901,588.2000122070312,PS_046,,,4.792815150219047
29.86037211912735,19.233048231311685,2025-03-06T11:45:00Z,3,3,3,3,3,3,1,0,0,3,533.247438663099,86.10160913432489,,,,,,,,37.520193800655235,619.4059413839375,588.2000122070312,PS_046,,,5.56005232896148
30.234441597588937,19.22298463608439,2025-03-06T12:00:00Z,4,4,4,4,4,4,1,0,0,4,596.8149242762668,87.29664657748782,,,,,,,,41.390217053228625,682.0719026008655,588.2000122070312,PS_046,,,4.777422543259026
30.20993739943331,19.16680229100818,2025-03-06T12:15:00Z,3,3,3,3,3,3,1,0,0,3,646.3530216223209,84.72038555407582,,,,,,,,40.90205485931519,727.4392911570375,588.2000122070312,PS_046,,,5.246314884083953
30.638694870381997,19.232307823088323,2025-03-06T12:30:00Z,4,4,4,4,4,4,1,0,0,4,700.7270300722867,82.17976545342115,,,,,,,,40.94552290577205,779.7934875436976,588.2000122070312,PS_046,,,5.509034652712526
30.948048644955655,19.161193324509373,2025-03-06T12:45:00Z,3,3,3,3,3,3,1,0,0,3,747.7474005066821,78.67235564118982,,,,,,,,41.619639235635866,821.6372127608048,588.2000122070312,PS_046,,,4.86523620418238
31.38404106305777,19.1107799687743,2025-03-06T13:00:00Z,4,4,4,4,4,4,1,0,0,4,793.1850521533944,74.36843657573195,,,,,,,,42.79491588568354,860.7788006120716,588.2000122070312,PS_046,,,6.678438525146931
31.693869743985463,19.080164522175508,2025-03-06T13:15:00Z,3,3,3,3,3,3,1,0,0,3,836.5991814264233,70.0718541100558,,,,,,,,43.75851608220915,898.8049108186766,588.2000122070312,PS_046,,,6.66506477482729
32.15548695571553,19.004459274214167,2025-03-06T13:30:00Z,4,4,4,4,4,4,1,0,0,4,875.1769260553589,64.77938284373782,,,,,,,,46.067266548016875,931.3066282340981,588.2000122070312,PS_046,,,4.2775813971119065
32.805407674143446,18.887400448148767,2025-03-06T13:45:00Z,3,3,3,3,3,3,1,0,0,3,911.3185112830479,60.597072250789914,,,,,,,,47.57493936276779,962.1686129948031,588.2000122070312,PS_046,,,5.653273155404529
32.67834647130772,18.89995536027033,2025-03-06T14:00:00Z,4,4,4,4,4,4,1,0,0,4,945.3931317991905,56.78903864940064,,,,,,,,48.23616003673483,987.0321202732199,588.2000122070312,PS_046,,,4.85566904004023
33.26055551453367,18.402987353809785,2025-03-06T14:15:00Z,3,3,3,3,3,3,1,0,0,3,827.1042474919998,44.75872640708887,,,,,,,,50.12039433848214,837.7527295623913,588.2000122070312,PS_046,,,3.6634171492002703
33.14351867329702,18.866432633097293,2025-03-06T14:30:00Z,4,4,4,4,4,4,1,0,0,4,993.3678010022605,50.650718743414274,,,,,,,,51.34581771828921,1021.4847984357868,588.2000122070312,PS_046,,,3.161217054989649
33.62022754516863,18.7875306784689,2025-03-06T14:45:00Z,3,3,3,3,3,3,1,0,0,3,1016.1477657650373,49.97923013877208,,,,,,,,51.65557527077627,1035.3281021373243,588.2000122070312,PS_046,,,2.7970894111827236
33.59596536919246,17.981009523054396,2025-03-06T15:00:00Z,4,4,4,4,4,4,1,0,0,4,726.1220642402001,46.12725517478631,,,,,,,,51.72217626863188,719.8272345098832,588.2000122070312,PS_046,,,5.8158740171360765
33.972212535192504,18.80566212890587,2025-03-06T15:15:00Z,3,3,3,3,3,3,1,0,0,3,1066.6768468486125,52.808441748311296,,,,,,,,49.17565854281089,1069.320400281984,588.2000122070312,PS_046,,,4.624021332896977
34.30305741433582,18.511686189922198,2025-03-06T15:30:00Z,4,4,4,4,4,4,1,0,0,4,1045.7273309982616,48.15617414334669,,,,,,,,54.251282475972516,1037.4260628802044,588.2000122070312,PS_046,,,3.8393713440445647
34.56030578391458,18.62792327916004,2025-03-06T15:45:00Z,4,4,4,4,4,4,1,0,0,4,1079.335180887837,54.49709708438304,,,,,,,,53.82003201048477,1064.4329007001963,588.2000122070312,PS_046,,,3.137073927836947
33.84762258741457,18.626760285894772,2025-03-06T16:00:00Z,4,4,4,4,4,4,1,0,0,4,1088.1952192233891,57.202219301988,,,,,,,,47.3852669820605,1065.9440161464927,588.2000122070312,PS_046,,,4.7418501329364835
33.84960599819935,18.568907115924574,2025-03-06T16:15:00Z,3,3,3,3,3,3,1,0,0,3,1046.1642473954166,56.71400883765419,,,,,,,,50.216422377302564,1015.322953991555,588.2000122070312,PS_046,,,2.9716771601912075
34.382692266634,18.58659464313273,2025-03-06T16:30:00Z,4,4,4,4,4,4,1,0,0,4,1031.0758329206158,58.423802349279796,,,,,,,,48.09606310657284,995.5251451009204,588.2000122070312,PS_046,,,4.1858142716171605
34.1466493376765,18.477180403175215,2025-03-06T16:45:00Z,3,3,3,3,3,3,1,0,0,3,1007.1126854925869,61.07912721765926,,,,,,,,49.76008975604343,962.1738783819562,588.2000122070312,PS_046,,,3.5984982073532596
34.32211550779553,18.46634076921118,2025-03-06T17:00:00Z,3,3,3,3,3,3,1,0,0,3,989.4329879993077,63.002479681053345,,,,,,,,46.86650611522846,940.9788101477334,588.2000122070312,PS_046,,,4.297271000589424
34.12466508562779,18.398200465303056,2025-03-06T17:15:00Z,4,4,4,4,4,4,1,0,0,4,967.8777774198068,66.49160338925017,,,,,,,,47.685031575896815,910.003133068631,588.2000122070312,PS_046,,,4.478731920704472
34.35788473544989,18.34903548813719,2025-03-06T17:30:00Z,3,3,3,3,3,3,1,0,0,3,924.0282576658974,69.77899262253877,,,,,,,,46.552660419140544,858.678977467904,588.2000122070312,PS_046,,,3.764217302536388
34.70155252072899,18.233337910161755,2025-03-06T17:45:00Z,4,4,4,4,4,4,1,0,0,4,897.4922282214768,74.11415920257714,,,,,,,,49.69955174152094,826.3739136202691,588.2000122070312,PS_046,,,3.531492500377762
34.521286691642665,18.116962891559027,2025-03-06T18:00:00Z,3,3,3,3,3,3,1,0,0,3,864.4368082533465,81.64972212042622,,,,,,,,46.02052799649325,786.590069371993,588.2000122070312,PS_046,,,4.039990101622867
34.07842856478105,17.53285900182324,2025-03-06T18:15:00Z,4,4,4,4,4,4,1,0,0,4,587.7159337729396,59.314749297135776,,,,,,,,44.20596111098116,531.9188857640612,588.2000122070312,PS_046,,,5.80049247685996
34.379041561510604,17.90760605235708,2025-03-06T18:30:00Z,3,3,3,3,3,3,1,0,0,3,699.5206945968596,80.24250834979895,,,,,,,,43.717455607903084,622.1280547283984,588.2000122070312,PS_046,,,5.365923999849871
34.44478689556361,17.831830757239658,2025-03-06T18:45:00Z,3,3,3,3,3,3,1,0,0,3,717.5510059378647,93.78914674345386,,,,,,,,41.69750959326928,628.7631965635006,588.2000122070312,PS_046,,,2.474583133039499
34.5224245034953,17.83885284494415,2025-03-06T19:00:00Z,4,4,4,4,4,4,1,0,0,4,661.5061531479845,93.01026543384656,,,,,,,,43.2738027637743,568.2897382220082,588.2000122070312,PS_046,,,3.901416292206954
34.48652147263568,17.496676540394024,2025-03-06T19:15:00Z,3,3,3,3,3,3,1,0,0,3,575.4438120874022,90.20734745898991,,,,,,,,42.79398023050513,480.6561206038526,588.2000122070312,PS_046,,,4.821487383276438
34.67290555248731,17.433300265451393,2025-03-06T19:30:00Z,4,4,4,4,4,4,1,0,0,4,518.864733943468,86.83330647520104,,,,,,,,39.9705474280713,423.36833831081253,588.2000122070312,PS_046,,,3.9155333329333426
34.36914606002438,17.26109357182432,2025-03-06T19:45:00Z,3,3,3,3,3,3,1,0,0,3,448.9656040077751,81.1293929551092,,,,,,,,39.200000762939446,355.7782893741444,588.2000122070312,PS_046,,,4.365104798424927
34.43115281063435,17.189127122232026,2025-03-06T20:00:00Z,3,3,3,3,3,3,1,0,0,3,393.2977701630538,75.02887227595343,,,,,,,,37.741709836962436,301.6889597340889,588.2000122070312,PS_046,,,4.7612821598265205
34.23541809216968,17.012028196413556,2025-03-06T20:15:00Z,4,4,4,4,4,4,1,0,0,4,322.66031760471043,64.32747104516973,,,,,,,,36.30232290691632,231.74990763716198,588.2000122070312,PS_046,,,4.4872076971362995
34.04493850285788,16.851377831046502,2025-03-06T20:30:00Z,3,3,3,3,3,3,1,0,0,3,255.16235781735418,52.05955297543747,,,,,,,,35.18827197504044,167.57376686270396,588.2000122070312,PS_046,,,2.895052142904886
33.86146969980497,16.68549410293196,2025-03-06T20:45:00Z,4,4,4,4,4,4,1,0,0,4,188.5991375180578,35.87801999139731,,,,,,,,33.6538143321149,112.56507350383218,588.2000122070312,PS_046,,,4.5471194412881655
33.70773316925468,16.49691003447359,2025-03-06T21:00:00Z,3,3,3,3,3,3,1,0,0,3,123.32061539804832,16.56278220604784,,,,,,,,32.38957530064426,61.14408739381132,588.2000122070312,PS_046,,,2.899547248877709
33.21561153260723,16.318089896740386,2025-03-06T21:15:00Z,3,3,3,3,3,3,1,0,0,3,75.4964634433926,14.675042831821022,,,,,,,,31.011101669345674,27.346927529579126,588.2000122070312,PS_046,,,3.1452212412604754
32.454395658405474,16.09364528637871,2025-03-06T21:30:00Z,4,4,4,4,4,4,1,0,0,4,27.321781997858814,1.977638825077347,,,,,,,,29.56331179021825,14.018695178571273,588.2000122070312,PS_046,,,1.8173773254207364
31.2974398655346,15.951078637780908,2025-03-06T21:45:00Z,4,4,4,4,4,4,1,0,0,4,3.695363713758781,-1.4257257785775046,,,,,,,,28.088517898533865,2.390680702041923,588.2000122070312,PS_046,,,1.1962379784213615
30.689800502955578,15.97115437030343,2025-03-06T22:00:00Z,3,3,3,3,3,3,1,0,0,3,-2.448802995704874,-2.0373511205561066,,,,,,,,27.004831722484266,-2.6976005843932676,588.2000122070312,PS_046,,,1.3415601278122504
30.213629101893563,15.980637295647071,2025-03-06T22:15:00Z,4,4,4,4,4,4,1,0,0,4,-2.971225030475396,-2.1546260242899296,,,,,,,,26.25232107949781,-3.1396502261154295,588.2000122070312,PS_046,,,0.9795471616149828
28.995262226649572,15.97817962183631,2025-03-06T22:30:00Z,3,3,3,3,3,3,1,0,0,3,-3.091477544793103,-2.451641640685965,,,,,,,,24.925692529481285,-3.3477398950377255,588.2000122070312,PS_046,,,0.4039703794538449
29.362586760777653,15.977249145507812,2025-03-06T22:45:00Z,4,4,4,4,4,4,1,0,0,4,-2.845300280164133,-1.9546459431420347,,,,,,,,25.031884927789697,-2.8763841960121277,588.2000122070312,PS_046,,,1.1061751428106825
29.351397986023485,15.972000122070314,2025-03-06T23:00:00Z,3,3,3,3,3,3,1,0,0,3,-2.7772923779869756,-1.8816266803141926,,,,,,,,25.375771776182404,-3.007021373030163,588.2000122070312,PS_046,,,1.254795452440705
27.82496374790875,15.969531031443475,2025-03-06T23:15:00Z,4,4,4,4,4,4,1,0,0,4,-2.8606009340976324,-1.99633902772737,,,,,,,,24.030459435373952,-3.109276172640897,588.2000122070312,PS_046,,,0.9425509348203168
27.78921849053646,15.96193978457518,2025-03-06T23:30:00Z,3,3,3,3,3,3,1,0,0,3,-2.8249760331239515,-1.9371593646337675,,,,,,,,23.39697854298969,-2.8097559999536204,588.2000122070312,PS_046,,,0.6606503808624223
27.492840669690672,15.960000038146973,2025-03-06T23:45:00Z,3,3,3,3,3,3,1,0,0,3,-2.7131349985578925,-1.95716764587355,,,,,,,,22.956666481519285,-2.7453659033706077,588.2000122070312,PS_046,,,0.7484680572536042
27.117140366748668,15.953888116421703,2025-03-07T00:00:00Z,4,4,4,4,4,4,1,0,0,4,-2.7838208622532696,-2.1791384996526166,,,,,,,,22.29268710961445,-2.6373618008646083,588.2000122070312,PS_046,,,0.868280991107847
27.36786615863409,15.94790009552266,2025-03-07T00:15:00Z,3,3,3,3,3,3,1,0,0,3,-2.7242503324449068,-1.707000350406336,,,,,,,,22.500000000000004,-2.3485748710686236,588.2000122070312,PS_046,,,0.9516865457180798
27.208826629687394,15.941923390044568,2025-03-07T00:30:00Z,4,4,4,4,4,4,1,0,0,4,-2.7919155249893937,-1.8535222215719445,,,,,,,,22.4951793926933,-2.513802104473173,588.2000122070312,PS_046,,,0.8419857604249771
27.46593759680907,15.937623284688971,2025-03-07T00:45:00Z,4,4,4,4,4,4,1,0,0,4,-2.6517805819085343,-1.7626802853982477,,,,,,,,23.38346877076738,-2.653038816633764,588.2000122070312,PS_046,,,1.0878371168455456
26.29155067518971,15.93150043487549,2025-03-07T01:00:00Z,3,3,3,3,3,3,1,0,0,3,-2.5851066856285043,-1.8183779796127435,,,,,,,,22.790268237011112,-2.8820459560534153,588.2000122070312,PS_046,,,1.0849465014601691
26.385865069093708,15.922428872016557,2025-03-07T01:15:00Z,4,4,4,4,4,4,1,0,0,4,-2.541482370363343,-1.7574019890267392,,,,,,,,22.391694677676742,-2.592100430435775,588.2000122070312,PS_046,,,0.9887303645825964
26.516773895159982,15.920531784665688,2025-03-07T01:30:00Z,3,3,3,3,3,3,1,0,0,3,-2.6397259480577486,-1.7704543562876986,,,,,,,,22.265207294770615,-2.422721862525683,588.2000122070312,PS_046,,,1.0275439909682673
26.870732047286864,15.915445131837167,2025-03-07T01:45:00Z,4,4,4,4,4,4,1,0,0,4,-2.490241087869879,-1.6499537707018934,,,,,,,,23.265577551402696,-2.5222206957156996,588.2000122070312,PS_046,,,1.4256126186268983
26.258223850990923,15.906395644384197,2025-03-07T02:00:00Z,4,4,4,4,4,4,1,0,0,4,-2.505217936618022,-1.7884467516364049,,,,,,,,22.757852001267374,-2.671671145436556,588.2000122070312,PS_046,,,1.2058030806519495
25.64275297150664,15.902249336242674,2025-03-07T02:15:00Z,3,3,3,3,3,3,1,0,0,3,-2.583292039612943,-1.8580934526128228,,,,,,,,22.118184468854796,-2.684478472216296,588.2000122070312,PS_046,,,0.8824777094342215
25.99576061395196,15.897685395155554,2025-03-07T02:30:00Z,4,4,4,4,4,4,1,0,0,4,-2.6479874900573726,-1.8374796941859983,,,,,,,,21.978533744073356,-2.618833426013509,588.2000122070312,PS_046,,,0.2348639890916363
25.70041954549151,15.896241807866472,2025-03-07T02:45:00Z,4,4,4,4,4,4,1,0,0,4,-2.666385088412896,-1.8002442290767149,,,,,,,,21.37474220901365,-2.5555257931508057,588.2000122070312,PS_046,,,0.6075364300743682
25.598532515161857,15.890049885751894,2025-03-07T03:00:00Z,3,3,3,3,3,3,1,0,0,3,-2.739428002997185,-1.9296408616774021,,,,,,,,21.15246159568243,-2.5711455956423164,588.2000122070312,PS_046,,,0.4874926504365632
25.236202454294187,15.887940467172363,2025-03-07T03:15:00Z,4,4,4,4,4,4,1,0,0,4,-2.7449623048792917,-1.971511766328871,,,,,,,,20.389172232634504,-2.53584484773939,588.2000122070312,PS_046,,,0.4657016501752999
25.594734523456854,15.880649280134373,2025-03-07T03:30:00Z,3,3,3,3,3,3,1,0,0,3,-2.71390417818075,-1.7681387539688278,,,,,,,,21.148627293604793,-2.716230401336243,588.2000122070312,PS_046,,,0.1747056227641715
25.209253410793735,15.876786400393858,2025-03-07T03:45:00Z,4,4,4,4,4,4,1,0,0,4,-2.7533411896014677,-1.876643383803335,,,,,,,,20.83064640150991,-2.8293954906474963,588.2000122070312,PS_046,,,0.3940022580300498
25.68749862903322,15.87374973297119,2025-03-07T04:00:00Z,4,4,4,4,4,4,1,0,0,4,-2.60161815529006,-1.6843896912439797,,,,,,,,20.85874761156048,-2.5934936484764335,588.2000122070312,PS_046,,,0.887364350059243
25.774356971371397,15.868593873556069,2025-03-07T04:15:00Z,3,3,3,3,3,3,1,0,0,3,-2.6182663593674738,-1.6598164043689214,,,,,,,,20.899999618530277,-2.548421092950107,588.2000122070312,PS_046,,,0.7816315866891224
25.22524463821044,15.866807046240824,2025-03-07T04:30:00Z,4,4,4,4,4,4,1,0,0,4,-2.672956348516591,-1.7971837020571717,,,,,,,,20.61016872184018,-2.6492038274715024,588.2000122070312,PS_046,,,1.009606383342667
24.02616063203611,15.861142532982125,2025-03-07T04:45:00Z,4,4,4,4,4,4,1,0,0,4,-2.4332985294051475,-1.9862150717978626,,,,,,,,20.009232946370492,-2.849176795830784,588.2000122070312,PS_046,,,1.3922043900912993
23.477150494043773,15.857406111690858,2025-03-07T05:00:00Z,3,3,3,3,3,3,1,0,0,3,-2.529221281793689,-2.0528450485653695,,,,,,,,19.014527300126634,-2.909952761542357,588.2000122070312,PS_046,,,1.3248827696932381
23.16609382141622,15.855625756501793,2025-03-07T05:15:00Z,4,4,4,4,4,4,1,0,0,4,-2.4746021905363893,-1.8187736039201066,,,,,,,,18.604745627023135,-2.4634039905628398,588.2000122070312,PS_046,,,0.9774439820767686
23.46621146514482,15.854483843196704,2025-03-07T05:30:00Z,3,3,3,3,3,3,1,0,0,3,-2.13962008336381,-1.6708322429381501,,,,,,,,18.774022407553165,-1.7588428011445059,588.2000122070312,PS_046,,,0.9439499566716617
24.170268561595897,15.850500106811525,2025-03-07T05:45:00Z,4,4,4,4,4,4,1,0,0,4,-1.7626945984683506,-1.2031241183379675,,,,,,,,20.640988945128232,-1.0962876056321578,588.2000122070312,PS_046,,,1.048775594185936
24.569451455316305,15.845447640746624,2025-03-07T06:00:00Z,4,4,4,4,4,4,1,0,0,4,-2.0134713753614006,-1.3090290671976434,,,,,,,,21.416113647708908,-1.815092631855639,588.2000122070312,PS_046,,,0.9161016391408806
24.07772160916216,15.84359764878998,2025-03-07T06:15:00Z,3,3,3,3,3,3,1,0,0,3,-2.281525959084198,-1.5936031211740285,,,,,,,,20.899999618530277,-2.231402562029422,588.2000122070312,PS_046,,,1.0680848761832682
24.088691250490115,15.83924961090088,2025-03-07T06:30:00Z,4,4,4,4,4,4,1,0,0,4,-2.1395840013026737,-1.5675874114923984,,,,,,,,20.998344763061656,-2.1812062258274962,588.2000122070312,PS_046,,,0.9107236770019485
23.29974380611503,15.83924961090088,2025-03-07T06:45:00Z,3,3,3,3,3,3,1,0,0,3,-2.3349758441540374,-1.6569884885165838,,,,,,,,20.17821993528229,-2.5547622725658354,588.2000122070312,PS_046,,,1.055047567845675
23.649076501892544,15.837593180364632,2025-03-07T07:00:00Z,4,4,4,4,4,4,1,0,0,4,-2.38286098677092,-1.5377348998988496,,,,,,,,20.525622791281272,-2.500236518781659,588.2000122070312,PS_046,,,0.9533606516432558
24.41069511172546,15.835474298804325,2025-03-07T07:15:00Z,3,3,3,3,3,3,1,0,0,3,-2.490557490642499,-1.4502122572731053,,,,,,,,21.386934583631444,-2.5077516972807157,588.2000122070312,PS_046,,,2.2074955742616758
23.45760096230618,15.833250045776367,2025-03-07T07:30:00Z,4,4,4,4,4,4,1,0,0,4,-2.6464203415919276,-1.962022971984258,,,,,,,,20.298355578494448,-2.887513137551393,588.2000122070312,PS_046,,,0.31511065626260765
22.87876223524768,15.831731551691929,2025-03-07T07:45:00Z,3,3,3,3,3,3,1,0,0,3,-2.516039622804695,-1.8526530446197937,,,,,,,,19.276677219505434,-2.935319497199444,588.2000122070312,PS_046,,,0.9752970904706072
22.993822991037494,15.831954062645659,2025-03-07T08:00:00Z,11,11,11,11,11,11,1,0,0,11,-2.4677909345005973,-1.6881629603796318,,,,,,,,18.509111874274844,-2.3158990961494266,588.2000122070312,PS_046,,,0.8291096738934907
22.764073579196154,15.827414339145482,2025-03-07T08:15:00Z,20,20,20,20,20,20,1,0,0,20,-2.4338132611531536,-1.6747111520494171,,,,,,,,18.381716467614233,-2.131347616163329,588.2000122070312,PS_046,,,0.7983679799079573
21.683852799757158,15.82698123910167,2025-03-07T08:30:00Z,18,18,18,18,18,18,1,0,0,18,-2.201512479430792,-1.6670880293402368,,,,,,,,18.218956320439286,-2.425300843205924,588.2000122070312,PS_046,,,0.7610896374600983
21.25851612275331,15.826327586030422,2025-03-07T08:45:00Z,17,17,17,17,17,17,1,0,0,17,-2.0757139036631838,-1.5777505594729382,,,,,,,,17.899999618530273,-2.375491556462287,588.2000122070312,PS_046,,,1.4324055352838896
21.24929466550604,15.822985245704302,2025-03-07T09:00:00Z,9,9,9,9,9,9,1,0,0,9,-2.062695109233145,-1.3987334649002992,,,,,,,,17.927009206583325,-1.9380319405931639,588.2000122070312,PS_046,,,1.3180675003859395
21.535711652169503,15.819443114729275,2025-03-07T09:15:00Z,4,4,4,4,4,4,1,0,0,4,0.7851852612045676,-0.789723783266689,,,,,,,,18.246815620540076,1.4127892101283666,588.2000122070312,PS_046,,,0.573514659795767
21.782263841890124,15.87597959920474,2025-03-07T09:30:00Z,3,3,3,3,3,3,1,0,0,3,10.222381461714727,0.4147613462992035,,,,,,,,18.8331278807559,14.817574010237559,588.2000122070312,PS_046,,,0.7064167942033804
22.627276560248916,16.12385073637596,2025-03-07T09:45:00Z,4,4,4,4,4,4,1,0,0,4,45.69735163453942,6.815222048966588,,,,,,,,19.925716164206847,73.71837278176449,588.2000122070312,PS_046,,,0.20007006067031172
23.670407701131182,16.481606697766132,2025-03-07T10:00:00Z,3,3,3,3,3,3,1,0,0,3,77.73790915913582,12.154646639153565,,,,,,,,22.21977459683171,114.73892913129532,588.2000122070312,PS_046,,,1.5520724344152974
24.07947206277887,16.75193239579223,2025-03-07T10:15:00Z,4,4,4,4,4,4,1,0,0,4,148.14162108089982,25.557198252570615,,,,,,,,24.099922289843253,209.43932831514005,588.2000122070312,PS_046,,,2.423865474159093
24.829130818775223,16.901752732761036,2025-03-07T10:30:00Z,4,4,4,4,4,4,1,0,0,4,184.57662630696595,40.99315734919144,,,,,,,,26.517363434791754,249.27922382452425,588.2000122070312,PS_046,,,3.292606981752202
25.499096140096697,17.403495055647333,2025-03-07T10:45:00Z,3,3,3,3,3,3,1,0,0,3,284.1279490146488,62.68600428650894,,,,,,,,28.628355884862515,362.7267149578841,588.2000122070312,PS_046,,,2.9970750040743095
26.625874862631623,19.15326408781221,2025-03-07T11:00:00Z,4,4,4,4,4,4,1,0,0,4,371.62890937086456,78.78894474052174,,,,,,,,32.23175741162545,459.98278421973953,588.2000122070312,PS_046,,,3.167236702140417
27.469488197813273,19.540533113918073,2025-03-07T11:15:00Z,3,3,3,3,3,3,1,0,0,3,446.01789573053566,87.43064982767648,,,,,,,,34.38484499394968,541.2266656151766,588.2000122070312,PS_046,,,4.005375831326683
28.265772526210572,19.43178161440888,2025-03-07T11:30:00Z,4,4,4,4,4,4,1,0,0,4,472.9649212438778,85.24224482762813,,,,,,,,36.340207655684665,562.0728934323057,588.2000122070312,PS_046,,,4.406974712054134
28.45006922771788,19.472028788063398,2025-03-07T11:45:00Z,3,3,3,3,3,3,1,0,0,3,544.7693739494636,89.5412859395718,,,,,,,,38.00682929473857,633.2035408705731,588.2000122070312,PS_046,,,3.945032092622409
28.747605743162907,19.399637262778363,2025-03-07T12:00:00Z,4,4,4,4,4,4,1,0,0,4,609.2286909829132,90.9255732270716,,,,,,,,37.78751224324788,695.1045740441763,588.2000122070312,PS_046,,,4.329273548007749
29.156177513416267,18.80554441949965,2025-03-07T12:15:00Z,3,3,3,3,3,3,1,0,0,3,598.2542839231253,76.87115285577438,,,,,,,,39.35405759340938,671.8488053502999,588.2000122070312,PS_046,,,4.64524262280399
29.311811208018096,18.97921405561984,2025-03-07T12:30:00Z,4,4,4,4,4,4,1,0,0,4,693.1645058375452,78.67552744138557,,,,,,,,39.39275764993246,764.8744832229305,588.2000122070312,PS_046,,,4.7360112474781575
30.422262749728887,19.50241156463381,2025-03-07T12:45:00Z,3,3,3,3,3,3,1,0,0,3,836.0312442630379,90.66823566038926,,,,,,,,43.45790341466121,913.5466096248184,588.2000122070312,PS_046,,,4.833498046182888
31.1468782638739,19.207573477557826,2025-03-07T13:00:00Z,4,4,4,4,4,4,1,0,0,4,892.0638509730273,86.34625036926954,,,,,,,,45.63673401216127,953.325408805711,588.2000122070312,PS_046,,,4.836346178870913
31.138674063990436,17.51583259055195,2025-03-07T13:15:00Z,3,3,3,3,3,3,1,0,0,3,566.7293647425759,51.803379969979225,,,,,,,,41.756929718575726,595.2609155860912,588.2000122070312,PS_046,,,5.165378400915924
31.251842206856473,19.124740647082238,2025-03-07T13:30:00Z,4,4,4,4,4,4,1,0,0,4,947.0754524273757,77.18585055970907,,,,,,,,43.38850074528437,993.5783699002304,588.2000122070312,PS_046,,,7.592098638123013
30.93388892539287,17.41898244352831,2025-03-07T13:45:00Z,3,3,3,3,3,3,1,0,0,3,586.4704181477957,47.29073395544354,,,,,,,,42.70944799448761,604.8429155724675,588.2000122070312,PS_046,,,6.790170034557168
31.578803274114858,18.667957714281407,2025-03-07T14:00:00Z,4,4,4,4,4,4,1,0,0,4,849.9529245448343,61.21335442141372,,,,,,,,42.07310874134528,884.7553358098247,588.2000122070312,PS_046,,,4.66592716037669
32.13762626855033,17.791596993379795,2025-03-07T14:15:00Z,3,3,3,3,3,3,1,0,0,3,747.23709383352,46.49726139718298,,,,,,,,44.66855940215471,754.4592348043249,588.2000122070312,PS_046,,,5.314135570247833
32.06810869516648,18.775341189611385,2025-03-07T14:30:00Z,4,4,4,4,4,4,1,0,0,4,940.5503307668439,56.03690348750057,,,,,,,,45.55107027110498,968.4712774407565,588.2000122070312,PS_046,,,4.456065446308753
32.41079948667086,19.036044824233656,2025-03-07T14:45:00Z,3,3,3,3,3,3,1,0,0,3,1035.0154815127464,56.76576140280176,,,,,,,,47.53026124712283,1057.6820804218082,588.2000122070312,PS_046,,,5.739079895557462
32.840771600929806,18.947070786640857,2025-03-07T15:00:00Z,4,4,4,4,4,4,1,0,0,4,1057.872234343467,54.97920372122838,,,,,,,,45.622781525785214,1074.6490632638345,588.2000122070312,PS_046,,,4.1367576728970255
32.71297366904622,18.877700077056442,2025-03-07T15:15:00Z,3,3,3,3,3,3,1,0,0,3,1054.5922601161074,53.42706611050615,,,,,,,,46.53321816097233,1059.598743884098,588.2000122070312,PS_046,,,5.7446086456121614
33.18945002319017,18.769422673669652,2025-03-07T15:30:00Z,3,3,3,3,3,3,1,0,0,3,1052.633633164045,52.84948025527114,,,,,,,,50.019861955894726,1047.409292009043,588.2000122070312,PS_046,,,4.260063164002239
33.750912964854095,18.731361062370627,2025-03-07T15:45:00Z,4,4,4,4,4,4,1,0,0,4,1054.850740445726,53.2755576710109,,,,,,,,51.49513213573322,1040.943090789447,588.2000122070312,PS_046,,,5.560066443126489
33.351350526492105,18.442254468349468,2025-03-07T16:00:00Z,3,3,3,3,3,3,1,0,0,3,965.0222668405816,55.26978148100969,,,,,,,,49.8816661867953,959.9844971805477,588.2000122070312,PS_046,,,3.7448725404768437
33.162295391612936,18.412671349326125,2025-03-07T16:15:00Z,4,4,4,4,4,4,1,0,0,4,957.045406052673,55.58236867493941,,,,,,,,44.79485292126538,928.9198756051929,588.2000122070312,PS_046,,,5.230349404123815
33.737355334189914,18.19631687465758,2025-03-07T16:30:00Z,3,3,3,3,3,3,1,0,0,3,855.2063937740025,52.52023612703565,,,,,,,,50.023113632578855,822.0677163210723,588.2000122070312,PS_046,,,6.071938492074636
33.95211182583787,18.533419994501642,2025-03-07T16:45:00Z,4,4,4,4,4,4,1,0,0,4,1061.2754527096602,67.78824220053808,,,,,,,,49.06160718768927,1013.4915566652821,588.2000122070312,PS_046,,,4.348096720334051
33.95365813952134,18.533058866337537,2025-03-07T17:00:00Z,3,3,3,3,3,3,1,0,0,3,985.0525625428783,65.716438566571,,,,,,,,48.62005251296667,933.5386656678058,588.2000122070312,PS_046,,,2.619036811192733
34.55444426636807,18.452374894971232,2025-03-07T17:15:00Z,4,4,4,4,4,4,1,0,0,4,954.6844683467062,67.74319112728074,,,,,,,,49.43868167913013,894.9633317573364,588.2000122070312,PS_046,,,3.8131634802604046
35.013145772538365,18.34827972424406,2025-03-07T17:30:00Z,3,3,3,3,3,3,1,0,0,3,915.5412463567044,70.11585934655079,,,,,,,,48.736742983527684,851.3103829399192,588.2000122070312,PS_046,,,4.778035517291656
34.80285582088946,18.292359373202615,2025-03-07T17:45:00Z,4,4,4,4,4,4,1,0,0,4,880.2095435847939,74.66531698501812,,,,,,,,46.87850991632558,810.3105684968617,588.2000122070312,PS_046,,,3.884683660065931
34.8070408796876,18.14467962929654,2025-03-07T18:00:00Z,3,3,3,3,3,3,1,0,0,3,835.2210537391953,79.74951174788434,,,,,,,,48.00652376007749,758.9639808705208,588.2000122070312,PS_046,,,2.4714552525577815
34.73277004415726,18.116688277372393,2025-03-07T18:15:00Z,4,4,4,4,4,4,1,0,0,4,798.7834871232697,84.92669172930935,,,,,,,,46.13825751947218,719.7173813343079,588.2000122070312,PS_046,,,2.435110578384483
34.65737378026231,17.972241716888824,2025-03-07T18:30:00Z,5,5,5,5,5,5,1,0,0,5,751.2190138261232,88.59594893660984,,,,,,,,45.29641247394823,675.3720644514175,588.2000122070312,PS_046,,,2.985687838419673
33.97352770490566,16.589990148891758,2025-03-07T18:45:00Z,3,3,3,3,3,3,1,0,0,3,375.24858629097605,63.648426149325,,,,,,,,41.83347316940107,367.2666236775718,588.2000122070312,PS_046,,,2.8888619601774885
34.17603442812602,17.63138789826303,2025-03-07T19:00:00Z,3,3,3,3,3,3,1,0,0,3,563.1498828010649,84.17301175971684,,,,,,,,42.56276319658643,484.1551386449376,588.2000122070312,PS_046,,,3.3153559669214885
34.72054787605537,17.6917656992327,2025-03-07T19:15:00Z,4,4,4,4,4,4,1,0,0,4,588.8830746938708,92.58791335649494,,,,,,,,40.83600901484908,495.83218015357784,588.2000122070312,PS_046,,,4.721368174359316
34.40407971222487,17.007388281502823,2025-03-07T19:30:00Z,3,3,3,3,3,3,1,0,0,3,371.3899903296991,65.80063489649599,,,,,,,,39.263084657365404,305.7087526552673,588.2000122070312,PS_046,,,2.1724273417758853
34.526787261398994,17.313932319788282,2025-03-07T19:45:00Z,3,3,3,3,3,3,1,0,0,3,443.80114937418404,80.72888960519475,,,,,,,,38.80467337160569,355.1043103905291,588.2000122070312,PS_046,,,2.6374789838332107
34.7158481595969,17.18738743974105,2025-03-07T20:00:00Z,4,4,4,4,4,4,1,0,0,4,379.9511615529284,73.79571047809829,,,,,,,,38.4425546441052,293.4971215656269,588.2000122070312,PS_046,,,3.163961274447101
34.19841419493827,17.041307452324325,2025-03-07T20:15:00Z,5,5,5,5,5,5,1,0,0,5,320.6791363091319,64.43738404066455,,,,,,,,36.59997514663217,233.42344378163813,588.2000122070312,PS_046,,,3.9486942846636643
33.874965154089416,16.86594058728395,2025-03-07T20:30:00Z,3,3,3,3,3,3,1,0,0,3,253.09355571516193,51.84340983294029,,,,,,,,35.32969070282093,169.48582956829316,588.2000122070312,PS_046,,,3.61930103887407
33.86185782935878,16.708974821034467,2025-03-07T20:45:00Z,4,4,4,4,4,4,1,0,0,4,182.68991605389766,34.417385982671604,,,,,,,,33.67883232113595,111.14385984344902,588.2000122070312,PS_046,,,2.5320302424533625
33.20765092511375,16.519047487976827,2025-03-07T21:00:00Z,3,3,3,3,3,3,1,0,0,3,121.41195803447835,16.099373969628655,,,,,,,,32.14695380933893,61.9042429860947,588.2000122070312,PS_046,,,3.1698230287189704
32.91546476252338,16.329542027898782,2025-03-07T21:15:00Z,4,4,4,4,4,4,1,0,0,4,70.48285253284557,13.505375571374133,,,,,,,,30.514654056687153,27.83444455241996,588.2000122070312,PS_046,,,2.8479841446708116
31.940749833980767,16.108669893304906,2025-03-07T21:30:00Z,3,3,3,3,3,3,1,0,0,3,24.706898069598303,1.458723183653131,,,,,,,,28.761620713228734,13.337042980711308,588.2000122070312,PS_046,,,1.4506673151644411
30.64352623989542,15.95128271910284,2025-03-07T21:45:00Z,3,3,3,3,3,3,1,0,0,3,2.811283673291353,-1.618729350270595,,,,,,,,27.03937772525887,1.8456123170038674,588.2000122070312,PS_046,,,1.6142741192018364
29.835401106762156,15.974418177907069,2025-03-07T22:00:00Z,4,4,4,4,4,4,1,0,0,4,-2.450901997685695,-2.1991778427455433,,,,,,,,25.91856889269204,-2.695481913303721,588.2000122070312,PS_046,,,1.3973965204003254
29.558737843157907,15.98924922943115,2025-03-07T22:15:00Z,3,3,3,3,3,3,1,0,0,3,-3.027973406083455,-2.1704536819314177,,,,,,,,25.200000762939453,-3.1343738712548475,588.2000122070312,PS_046,,,0.854729522212474
29.631884966534308,15.98924922943115,2025-03-07T22:30:00Z,3,3,3,3,3,3,1,0,0,3,-3.0936257261224345,-2.064419984632414,,,,,,,,25.39999961853027,-3.0991686614996445,588.2000122070312,PS_046,,,1.7343777098565698
29.19747629075942,15.987299832768525,2025-03-07T22:45:00Z,4,4,4,4,4,4,1,0,0,4,-3.1362638468966706,-2.0874491067091765,,,,,,,,24.83066178681968,-3.387654709250269,588.2000122070312,PS_046,,,1.1831944186014873
27.203603529927822,15.982190203980332,2025-03-07T23:00:00Z,3,3,3,3,3,3,1,0,0,3,-3.007967551701851,-2.512641605252525,,,,,,,,22.761745261165526,-3.8971712035922983,588.2000122070312,PS_046,,,1.2836618132807305
27.899927783226797,15.977249145507812,2025-03-07T23:15:00Z,3,3,3,3,3,3,1,0,0,3,-3.0600144837554852,-2.203569010641223,,,,,,,,21.783672655215234,-2.715178530971651,588.2000122070312,PS_046,,,0.8315998730152312
27.439363290177994,15.97110581109324,2025-03-07T23:30:00Z,4,4,4,4,4,4,1,0,0,4,-2.974689405877898,-2.0779164005213615,,,,,,,,21.54536182519529,-2.581809819088232,588.2000122070312,PS_046,,,0.900789357856097
26.59021206578705,15.9660005569458,2025-03-07T23:45:00Z,3,3,3,3,3,3,1,0,0,3,-2.8885213003665164,-2.0668895764168154,,,,,,,,21.069274570677425,-2.797185910039829,588.2000122070312,PS_046,,,0.9508980288809807
26.478085907182628,15.96000003814697,2025-03-08T00:00:00Z,4,4,4,4,4,4,1,0,0,4,-2.9378382369012717,-1.8185289940357017,,,,,,,,20.796952196432212,-2.109473784481216,588.2000122070312,PS_046,,,0.655769307237288
26.92265637432569,15.955732419045184,2025-03-08T00:15:00Z,3,3,3,3,3,3,1,0,0,3,-2.8740379922996224,-1.6525948395827337,,,,,,,,21.34386477312958,-1.6595793532881542,588.2000122070312,PS_046,,,0.9788758097194464
26.33689559435817,15.94964086638689,2025-03-08T00:30:00Z,4,4,4,4,4,4,1,0,0,4,-2.7529482177987123,-1.7074226272647481,,,,,,,,21.11440517585177,-2.123109148087872,588.2000122070312,PS_046,,,1.2532117268371887
25.71401113632568,15.938401756626051,2025-03-08T00:45:00Z,3,3,3,3,3,3,1,0,0,3,-2.673122298509732,-1.7856270921663693,,,,,,,,20.651574552302932,-2.7168825590768306,588.2000122070312,PS_046,,,1.335293500406058
24.612241346460152,15.933481122777856,2025-03-08T01:00:00Z,4,4,4,4,4,4,1,0,0,4,-2.450847587307927,-1.6787355857974378,,,,,,,,20.302164051987017,-2.4788488005058222,588.2000122070312,PS_046,,,1.563669078505827
25.40136192178227,15.930649027368093,2025-03-08T01:15:00Z,4,4,4,4,4,4,1,0,0,4,-2.6732947971141496,-1.656119256730854,,,,,,,,19.93716795608769,-1.9598405898522815,588.2000122070312,PS_046,,,1.1614202994024854
25.602242603719585,15.92445781284292,2025-03-08T01:30:00Z,3,3,3,3,3,3,1,0,0,3,-2.7054551658766184,-1.5408266976121165,,,,,,,,20.134739475025718,-1.643389864571492,588.2000122070312,PS_046,,,0.946370174370287
25.725620285245657,15.91716774070416,2025-03-08T01:45:00Z,4,4,4,4,4,4,1,0,0,4,-2.6537302442393074,-1.4657075448559589,,,,,,,,20.742520106544717,-2.0678420680604526,588.2000122070312,PS_046,,,0.5864769623659706
25.271070997493585,15.911847342882554,2025-03-08T02:00:00Z,4,4,4,4,4,4,1,0,0,4,-2.666720466600893,-1.6665010505559363,,,,,,,,20.609264025310527,-2.352105622018972,588.2000122070312,PS_046,,,0.984885930740729
24.823295011706186,15.907303153744516,2025-03-08T02:15:00Z,3,3,3,3,3,3,1,0,0,3,-2.6812797456707345,-1.8208535255398948,,,,,,,,20.2684454360758,-2.1684234172806014,588.2000122070312,PS_046,,,0.6693973529051559
24.993456536000902,15.902249336242678,2025-03-08T02:30:00Z,4,4,4,4,4,4,1,0,0,4,-2.5622363597061018,-1.5903300725377023,,,,,,,,20.60279198886873,-2.3924393311250114,588.2000122070312,PS_046,,,0.931126623322923
25.001218485513434,15.89699935913086,2025-03-08T02:45:00Z,3,3,3,3,3,3,1,0,0,3,-2.4893696737030147,-1.5493696444461202,,,,,,,,20.829627183091205,-2.4741012509581344,588.2000122070312,PS_046,,,1.197497866478273
24.80090525329491,15.891000747680662,2025-03-08T03:00:00Z,4,4,4,4,4,4,1,0,0,4,-2.602131922752283,-1.7168215291497295,,,,,,,,20.46611654050211,-2.465547821735946,588.2000122070312,PS_046,,,0.7640180342842064
24.118132063873635,15.885000228881836,2025-03-08T03:15:00Z,4,4,4,4,4,4,1,0,0,4,-2.466024578674066,-1.7049745955133675,,,,,,,,20.357773411260926,-2.457468813006952,588.2000122070312,PS_046,,,1.199113885675878
23.906694888246417,15.880535584256231,2025-03-08T03:30:00Z,3,3,3,3,3,3,1,0,0,3,-2.491859586353349,-1.6807620893524424,,,,,,,,19.844875745964682,-2.3990197325041502,588.2000122070312,PS_046,,,1.0920447824651964
23.989846055000545,15.879750251770021,2025-03-08T03:45:00Z,4,4,4,4,4,4,1,0,0,4,-2.539821561497868,-1.7348365732758142,,,,,,,,19.79999923706055,-2.282650626881324,588.2000122070312,PS_046,,,1.0808132219124948
23.898718342905003,15.873749732971191,2025-03-08T04:00:00Z,4,4,4,4,4,4,1,0,0,4,-2.5055225944186903,-1.6438828911634396,,,,,,,,19.726880446056548,-2.2866819460689447,588.2000122070312,PS_046,,,1.1924717121333206
23.816240338426688,15.869077117178625,2025-03-08T04:15:00Z,3,3,3,3,3,3,1,0,0,3,-2.457703882964793,-1.6763057967239696,,,,,,,,19.699225216314897,-2.3940097688662654,588.2000122070312,PS_046,,,0.9671311524989666
23.68197386116047,15.86499020812297,2025-03-08T04:30:00Z,4,4,4,4,4,4,1,0,0,4,-2.43771386380636,-1.684714265431822,,,,,,,,19.60000038146973,-2.4147472737874023,588.2000122070312,PS_046,,,0.9496934588720236
23.565752680182868,15.86090455004544,2025-03-08T04:45:00Z,3,3,3,3,3,3,1,0,0,3,-2.551246352963724,-1.8330263955524913,,,,,,,,19.29716681214399,-2.3920350479417096,588.2000122070312,PS_046,,,0.9644833031463736
23.367002897946648,15.856500625610352,2025-03-08T05:00:00Z,4,4,4,4,4,4,1,0,0,4,-2.469393662065631,-1.8081083044592976,,,,,,,,18.70894801176666,-2.380791475007289,588.2000122070312,PS_046,,,1.0544377553371387
23.125950850858157,15.854504721125377,2025-03-08T05:15:00Z,4,4,4,4,4,4,1,0,0,4,-2.476696633256296,-1.7312180150142729,,,,,,,,18.28045714127386,-2.348146199563785,588.2000122070312,PS_046,,,1.0837436760392398
23.51935798813695,15.850500106811525,2025-03-08T05:30:00Z,3,3,3,3,3,3,1,0,0,3,-2.5205904582196625,-1.4134776806978115,,,,,,,,18.87703290412069,-1.9162228502110383,588.2000122070312,PS_046,,,0.7554943947722904
23.396698334386333,15.847778896601332,2025-03-08T05:45:00Z,4,4,4,4,4,4,1,0,0,4,-2.616736535538268,-1.660043821026503,,,,,,,,18.731211615450963,-2.161083607867602,588.2000122070312,PS_046,,,0.6313332932733663
23.24394564888562,15.843742555754124,2025-03-08T06:00:00Z,3,3,3,3,3,3,1,0,0,3,-2.5885368753779128,-1.8185440321191952,,,,,,,,18.45669430605151,-2.4456428373480033,588.2000122070312,PS_046,,,0.8005764404718484
23.16736580881654,15.84450054168701,2025-03-08T06:15:00Z,4,4,4,4,4,4,1,0,0,4,-2.531269289059083,-1.753332805775846,,,,,,,,17.94192037219592,-2.3087768677866065,588.2000122070312,PS_046,,,1.130348664551377
22.406507626432838,15.839249610900877,2025-03-08T06:30:00Z,3,3,3,3,3,3,1,0,0,3,-2.4646600746655274,-1.5970510162234113,,,,,,,,17.70000076293945,-2.203968093930125,588.2000122070312,PS_046,,,1.2223274833309294
22.493198765653002,15.839249610900879,2025-03-08T06:45:00Z,4,4,4,4,4,4,1,0,0,4,-2.483189736104923,-1.5626031656879427,,,,,,,,17.63242888216191,-1.7941892712917913,588.2000122070312,PS_046,,,1.0246809624943107
21.650844809747728,15.834205110755486,2025-03-08T07:00:00Z,4,4,4,4,4,4,1,0,0,4,-2.3958661450177767,-1.573204393173515,,,,,,,,17.574187834401105,-2.3746798090731933,588.2000122070312,PS_046,,,1.2039767968661348
21.74878440951112,15.832191049787715,2025-03-08T07:15:00Z,3,3,3,3,3,3,1,0,0,3,-2.4417648962522445,-1.5299976582006443,,,,,,,,17.62600322880775,-1.872879910595553,588.2000122070312,PS_046,,,1.0435868192381423
22.312908307791467,15.832154225244416,2025-03-08T07:30:00Z,3,3,3,3,3,3,1,0,0,3,-2.401470781747378,-1.3156663108269633,,,,,,,,17.981737833862177,-1.8869306131425099,588.2000122070312,PS_046,,,1.1596580932586829
22.50589059202761,15.827249526977539,2025-03-08T07:45:00Z,4,4,4,4,4,4,1,0,0,4,-2.4424090877030027,-1.4580887131401932,,,,,,,,18.200000762939457,-2.152700720174079,588.2000122070312,PS_046,,,0.7903126695863016
22.187563040455114,15.823857974100253,2025-03-08T08:00:00Z,9,9,9,9,9,9,1,0,0,9,-2.4849682352929037,-1.5723957142351075,,,,,,,,18.161925857493824,-2.2881956565306374,588.2000122070312,PS_046,,,0.8541002640654012
21.868566742789543,15.823423669459327,2025-03-08T08:15:00Z,16,16,16,16,16,16,1,0,0,16,-2.448054908472662,-1.6482712015349077,,,,,,,,17.97175939970196,-2.2965254793088334,588.2000122070312,PS_046,,,0.8836592834158541
21.845873709323637,15.821999549865726,2025-03-08T08:30:00Z,15,15,15,15,15,15,1,0,0,15,-2.4837424415679688,-1.8288277390130843,,,,,,,,17.73094821382456,-2.2266806250456157,588.2000122070312,PS_046,,,0.14482019578579586
21.866751921015002,15.81961819742286,2025-03-08T08:45:00Z,15,15,15,15,15,15,1,0,0,15,-2.467732455227326,-1.714349125988768,,,,,,,,17.729186214963242,-2.2666229549484327,588.2000122070312,PS_046,,,0.056339049198806335
21.859147728885386,15.81723562324297,2025-03-08T09:00:00Z,9,9,9,9,9,9,1,0,0,9,-2.461650511363299,-1.758683477720139,,,,,,,,17.381196351495582,-2.059945893854134,588.2000122070312,PS_046,,,0.07830211659062056
21.991856369722047,15.82189019386302,2025-03-08T09:15:00Z,4,4,4,4,4,4,1,0,0,4,1.4567291615484932,-0.7070693985377494,,,,,,,,17.5422234078982,2.4480299401998655,588.2000122070312,PS_046,,,0.5876494000161312
21.75945865578111,15.889336660872749,2025-03-08T09:30:00Z,3,3,3,3,3,3,1,0,0,3,9.444349477279868,0.04381279807084083,,,,,,,,17.460856418086987,15.7164977921182,588.2000122070312,PS_046,,,0.0
21.681829360202507,16.094230602621025,2025-03-08T09:45:00Z,4,4,4,4,4,4,1,0,0,4,30.494610356106335,3.4334003899280576,,,,,,,,18.43342210466846,45.37803393789515,588.2000122070312,PS_046,,,0.0
23.092702599211815,16.424692887064992,2025-03-08T10:00:00Z,3,3,3,3,3,3,1,0,0,3,74.89439090258641,11.946971512969823,,,,,,,,19.854077944334183,112.6936038143938,588.2000122070312,PS_046,,,0.1227342243345009
24.398690329236626,16.73618231498978,2025-03-08T10:15:00Z,4,4,4,4,4,4,1,0,0,4,142.1398109095209,23.57436973105442,,,,,,,,23.387838208709677,207.73227913686475,588.2000122070312,PS_046,,,0.30353608702185336
24.87449607765154,16.90783214391843,2025-03-08T10:30:00Z,4,4,4,4,4,4,1,0,0,4,190.03928356738854,44.53469043372465,,,,,,,,26.5030610821312,264.16211338944845,588.2000122070312,PS_046,,,1.363191234907995
25.120306368244112,17.221548621241155,2025-03-08T10:45:00Z,3,3,3,3,3,3,1,0,0,3,268.0897218912215,62.946399400900646,,,,,,,,28.839484093563343,350.4257994924408,588.2000122070312,PS_046,,,1.9070338426630244
26.1425075360373,18.749768541772465,2025-03-08T11:00:00Z,4,4,4,4,4,4,1,0,0,4,332.700470587391,73.5460734308542,,,,,,,,31.78518965490026,415.9068757284065,588.2000122070312,PS_046,,,2.179621198971794
26.982650022041685,19.40034992280905,2025-03-08T11:15:00Z,3,3,3,3,3,3,1,0,0,3,398.3336495035137,81.01209958356401,,,,,,,,33.63925852889963,485.78734280171034,588.2000122070312,PS_046,,,4.178892534956018
27.354786386441813,19.589134645854767,2025-03-08T11:30:00Z,4,4,4,4,4,4,1,0,0,4,466.2861820242299,86.41293563230309,,,,,,,,34.710795658529946,554.5558613330386,588.2000122070312,PS_046,,,3.914040073839429
28.068171857455464,19.43844321424252,2025-03-08T11:45:00Z,3,3,3,3,3,3,1,0,0,3,503.87261814571997,83.79999920497912,,,,,,,,36.0984454464222,585.4603818904761,588.2000122070312,PS_046,,,3.575918949147335
28.828701755961326,19.49164461984739,2025-03-08T12:00:00Z,4,4,4,4,4,4,1,0,0,4,586.4937949431717,89.22844937499124,,,,,,,,38.881975841546094,669.3972731729963,588.2000122070312,PS_046,,,2.922480320906362
29.795791121122154,19.472143318244612,2025-03-08T12:15:00Z,3,3,3,3,3,3,1,0,0,3,672.0173683380003,92.23164701333349,,,,,,,,41.72524108161124,757.233527966153,588.2000122070312,PS_046,,,3.6103223691956137
30.57047539426057,19.36173641411524,2025-03-08T12:30:00Z,4,4,4,4,4,4,1,0,0,4,731.2784078002791,89.13409562513418,,,,,,,,43.586910741563464,811.0721862066479,588.2000122070312,PS_046,,,4.576131107027024
31.581986679275005,19.101910083871044,2025-03-08T12:45:00Z,3,3,3,3,3,3,1,0,0,3,765.7499457005376,57.7730924832269,,,,,,,,49.13488049980862,1014.0332923895174,588.2000122070312,PS_046,,,4.415768281880401
31.535740130043887,18.56008332986959,2025-03-08T13:00:00Z,4,4,4,4,4,4,1,0,0,4,679.2978772039481,49.17451850691269,,,,,,,,50.459642487216556,833.0808547851204,588.2000122070312,PS_046,,,4.915654394733788
31.451777705716434,18.26180630754587,2025-03-08T13:15:00Z,3,3,3,3,3,3,1,0,0,3,637.6165005145323,44.588125276581195,,,,,,,,47.914201890533285,751.1015124733345,588.2000122070312,PS_046,,,3.272552556944009
32.34375391447556,19.332099018139555,2025-03-08T13:30:00Z,4,4,4,4,4,4,1,0,0,4,862.9927983255927,53.99901358274039,,,,,,,,50.72423489294176,993.4678759465202,588.2000122070312,PS_046,,,3.935195204129959
33.1680284252517,19.14425340590244,2025-03-08T13:45:00Z,3,3,3,3,3,3,1,0,0,3,916.4447797028108,53.776935753777735,,,,,,,,54.22709094808228,1021.7168403881467,588.2000122070312,PS_046,,,5.049296577278602
33.23366506092518,18.998078700188163,2025-03-08T14:00:00Z,4,4,4,4,4,4,1,0,0,4,927.8287686187568,51.88027194463531,,,,,,,,53.58865862227,1001.1749644010615,588.2000122070312,PS_046,,,3.6051277160755664
33.647569718590624,18.959598016910874,2025-03-08T14:15:00Z,3,3,3,3,3,3,1,0,0,3,978.7738105475479,52.49507462694054,,,,,,,,55.293155753882594,1027.680350931051,588.2000122070312,PS_046,,,3.6516447009140447
34.19383889725142,18.98156353511412,2025-03-08T14:30:00Z,4,4,4,4,4,4,1,0,0,4,1024.8026113863505,54.15774118215728,,,,,,,,55.476589582193895,1049.7569545752833,588.2000122070312,PS_046,,,4.357475223883124
34.22326724666208,17.74545117247051,2025-03-08T14:45:00Z,3,3,3,3,3,3,1,0,0,3,755.4515764949633,40.08908608936472,,,,,,,,52.974614486432195,763.7753979851343,588.2000122070312,PS_046,,,3.9934010481030042
34.08051501863392,18.892644960494135,2025-03-08T15:00:00Z,4,4,4,4,4,4,1,0,0,4,994.0373417430897,50.74702169706773,,,,,,,,52.130854781154675,984.2495754684409,588.2000122070312,PS_046,,,4.396742235481545
34.80028818142749,18.735442113723096,2025-03-08T15:15:00Z,3,3,3,3,3,3,1,0,0,3,1024.5086942742164,51.93481241235125,,,,,,,,53.98461400376113,1001.8780909909507,588.2000122070312,PS_046,,,3.75464370415048
34.987074581237955,18.60263969608723,2025-03-08T15:30:00Z,4,4,4,4,4,4,1,0,0,4,1016.2329050837968,52.98832338344868,,,,,,,,54.312261301435946,992.1545870785603,588.2000122070312,PS_046,,,4.038678504255474
34.58175207521375,18.66082878892776,2025-03-08T15:45:00Z,3,3,3,3,3,3,1,0,0,3,1065.4000013514305,54.83458633634861,,,,,,,,55.64392328528148,1050.485014164989,588.2000122070312,PS_046,,,2.968103842346083
34.85945807854602,18.625544708803922,2025-03-08T16:00:00Z,4,4,4,4,4,4,1,0,0,4,1055.8448901209401,54.127777394198255,,,,,,,,55.44631590704566,1046.5180701040551,588.2000122070312,PS_046,,,4.241472329907622
34.60865393427126,18.52219115889856,2025-03-08T16:15:00Z,3,3,3,3,3,3,1,0,0,3,1030.4853928603293,53.93449972056137,,,,,,,,55.254063227813475,1036.5102736537488,588.2000122070312,PS_046,,,2.850942610941138
35.7514987764772,18.363681095638928,2025-03-08T16:30:00Z,4,4,4,4,4,4,1,0,0,4,1032.17003059025,55.50069617294647,,,,,,,,58.21106804882916,1051.4578054008473,588.2000122070312,PS_046,,,2.5482693378212713
35.76959082822726,18.353153997904116,2025-03-08T16:45:00Z,3,3,3,3,3,3,1,0,0,3,1001.2923674010227,56.80815633370397,,,,,,,,59.976737407797025,1023.2857735344427,588.2000122070312,PS_046,,,2.8931832521880887
36.09158954308304,18.449219424697205,2025-03-08T17:00:00Z,4,4,4,4,4,4,1,0,0,4,1035.5009915776998,61.395877064848406,,,,,,,,61.28037220606775,1103.760362799421,588.2000122070312,PS_046,,,2.010114852251083
36.26109150270102,18.386016344587134,2025-03-08T17:15:00Z,3,3,3,3,3,3,1,0,0,3,1034.0879998779585,61.77181387342933,,,,,,,,63.62813643498883,1131.5786222437528,588.2000122070312,PS_046,,,3.2046718076908816
35.78957752486039,18.318047550560827,2025-03-08T17:30:00Z,4,4,4,4,4,4,1,0,0,4,1015.5512233848494,63.506981059110025,,,,,,,,60.71948088440216,1140.5541672786762,588.2000122070312,PS_046,,,2.4352356141582865
35.179818265063,17.109864147904382,2025-03-08T17:45:00Z,3,3,3,3,3,3,1,0,0,3,544.0446762774735,43.45585891994689,,,,,,,,51.732171692466146,625.8501198747153,588.2000122070312,PS_046,,,2.5142124182931185
36.05605424424519,18.2285088086039,2025-03-08T18:00:00Z,4,4,4,4,4,4,1,0,0,4,846.1091070518895,63.5556928860817,,,,,,,,49.75459473610929,983.8509059926761,588.2000122070312,PS_046,,,5.386251820617062
35.75033034615256,17.10113669642247,2025-03-08T18:15:00Z,3,3,3,3,3,3,1,0,0,3,524.1125233145959,49.957481951449445,,,,,,,,54.06069844576159,608.02698858557,588.2000122070312,PS_046,,,1.74231685497554
36.05219077352438,18.356636945894685,2025-03-08T18:30:00Z,4,4,4,4,4,4,1,0,0,4,876.55475835097,68.71167331533343,,,,,,,,57.41561222675341,1139.5910683998331,588.2000122070312,PS_046,,,2.171522663288898
34.61650779844165,16.73040665954449,2025-03-08T18:45:00Z,3,3,3,3,3,3,1,0,0,3,357.27546596076826,40.10972038942906,,,,,,,,47.20936114953775,422.0202091561295,588.2000122070312,PS_046,,,4.457784898792958
34.118962260672355,16.37766128589922,2025-03-08T19:00:00Z,3,3,3,3,3,3,1,0,0,3,188.4089126577003,27.008388414243264,,,,,,,,41.397761802031155,237.38081883490287,588.2000122070312,PS_046,,,2.926237352627421
34.11213822499953,16.93793720039013,2025-03-08T19:15:00Z,4,4,4,4,4,4,1,0,0,4,321.2951535073313,30.311203738719183,,,,,,,,41.34152831027759,517.5780164672625,588.2000122070312,PS_046,,,2.544190144604759
34.1925426178342,16.878991582273855,2025-03-08T19:30:00Z,3,3,3,3,3,3,1,0,0,3,282.02929981552126,27.25963319558867,,,,,,,,43.28583637545965,432.8749678795825,588.2000122070312,PS_046,,,2.6143243004546157
34.30309884784298,16.791835573527138,2025-03-08T19:45:00Z,4,4,4,4,4,4,1,0,0,4,243.09974811247702,28.963005556498388,,,,,,,,42.50365907951263,368.77253191930686,588.2000122070312,PS_046,,,2.272049156646567
35.04850102029543,17.552088833230073,2025-03-08T20:00:00Z,3,3,3,3,3,3,1,0,0,3,416.95451074823615,41.513114545423406,,,,,,,,46.51735876703233,771.0767971244189,588.2000122070312,PS_046,,,2.699379160725606
34.32168725447579,16.788914625277403,2025-03-08T20:15:00Z,4,4,4,4,4,4,1,0,0,4,217.4631156575584,25.628324752644257,,,,,,,,42.126235418352934,390.1426723424099,588.2000122070312,PS_046,,,1.8385822032485168
34.31176395861468,16.83311489047863,2025-03-08T20:30:00Z,3,3,3,3,3,3,1,0,0,3,198.34379154817947,24.76563376560625,,,,,,,,39.084305537473675,362.5008716633807,588.2000122070312,PS_046,,,2.2430511794281314
33.9833960128605,16.67876897715856,2025-03-08T20:45:00Z,4,4,4,4,4,4,1,0,0,4,145.77005818741063,15.097064738687063,,,,,,,,36.63406294305029,255.2514979650659,588.2000122070312,PS_046,,,2.439253696158717
33.627440454537,16.530989982357863,2025-03-08T21:00:00Z,3,3,3,3,3,3,1,0,0,3,99.1264995163684,7.994869367923668,,,,,,,,34.575332338324856,156.0565949535251,588.2000122070312,PS_046,,,2.3315273870842472
32.86136565493371,16.295138783649058,2025-03-08T21:15:00Z,4,4,4,4,4,4,1,0,0,4,49.407747572334095,3.6713591032433692,,,,,,,,32.38307705769898,63.08473530822551,588.2000122070312,PS_046,,,1.7358824646435962
31.90205931112215,16.072474950554003,2025-03-08T21:30:00Z,3,3,3,3,3,3,1,0,0,3,16.646381894231943,0.14840896648277846,,,,,,,,29.814525278866444,17.730065108067073,588.2000122070312,PS_046,,,1.095348380736262
30.809232581062513,15.941931510941457,2025-03-08T21:45:00Z,3,3,3,3,3,3,1,0,0,3,1.2092768348597216,-1.2282720968449463,,,,,,,,28.15439824649443,-0.26625504852133236,588.2000122070312,PS_046,,,0.9209840565736349
30.513245068742147,15.966799033513714,2025-03-08T22:00:00Z,4,4,4,4,4,4,1,0,0,4,-2.74821397937404,-2.43112576523228,,,,,,,,27.121743613431963,-3.0436345800017723,588.2000122070312,PS_046,,,0.14915969282730993
30.234347068273863,15.983249664306642,2025-03-08T22:15:00Z,3,3,3,3,3,3,1,0,0,3,-3.0661184947909295,-2.612191675248857,,,,,,,,26.743549583906873,-2.85342471394303,588.2000122070312,PS_046,,,0.09983840117023972
29.141112599668965,15.98539188372714,2025-03-08T22:30:00Z,4,4,4,4,4,4,1,0,0,4,-3.238087552100801,-2.6367255610477187,,,,,,,,25.3288213575037,-3.265585991560705,588.2000122070312,PS_046,,,0.04711013067720215
29.428089004749292,15.982309020802823,2025-03-08T22:45:00Z,3,3,3,3,3,3,1,0,0,3,-2.8919367373218896,-2.343742860420468,,,,,,,,24.3529716292926,-2.599569016512029,588.2000122070312,PS_046,,,0.28046305889309875
28.70057118295243,15.97818092014227,2025-03-08T23:00:00Z,4,4,4,4,4,4,1,0,0,4,-3.151006355512106,-2.4063300866685244,,,,,,,,23.818466762349267,-2.5825779372292152,588.2000122070312,PS_046,,,0.0
28.548896179952266,15.97200012207031,2025-03-08T23:15:00Z,3,3,3,3,3,3,1,0,0,3,-2.832071719372283,-2.040724216046301,,,,,,,,23.64383918496707,-2.275191426788252,588.2000122070312,PS_046,,,0.0
28.697937924745336,15.96977285539984,2025-03-08T23:30:00Z,4,4,4,4,4,4,1,0,0,4,-2.823983731690208,-2.162395695145999,,,,,,,,23.600000381469727,-2.1355536440120915,588.2000122070312,PS_046,,,0.09740298815308844
28.015028348197035,15.966000556945799,2025-03-08T23:45:00Z,3,3,3,3,3,3,1,0,0,3,-2.8329177432649675,-2.105251484682153,,,,,,,,23.246771965932087,-2.449243682156924,588.2000122070312,PS_046,,,0.1952549055847704
27.247956343231934,15.960000038146974,2025-03-09T00:00:00Z,3,3,3,3,3,3,1,0,0,3,-2.6571455904433057,-2.0601360812450147,,,,,,,,22.834712083338832,-2.2399385341067557,588.2000122070312,PS_046,,,1.0424892985629788
26.64745802704047,15.95538331678417,2025-03-09T00:15:00Z,4,4,4,4,4,4,1,0,0,4,-2.6140153395508032,-1.8323599371550074,,,,,,,,22.283901454164504,-2.5063784947774446,588.2000122070312,PS_046,,,0.9608697954799017
27.40400782422011,15.949691331468799,2025-03-09T00:30:00Z,4,4,4,4,4,4,1,0,0,4,-2.672688849660462,-1.744784728776443,,,,,,,,22.289471265434123,-1.9366530836060614,588.2000122070312,PS_046,,,0.4320812702687609
26.25478637061432,15.943629646392031,2025-03-09T00:45:00Z,3,3,3,3,3,3,1,0,0,3,-2.7310759167998535,-1.842468738104255,,,,,,,,22.200000762939453,-2.1039967812473246,588.2000122070312,PS_046,,,0.0
26.322663171625038,15.937499046325685,2025-03-09T01:00:00Z,4,4,4,4,4,4,1,0,0,4,-3.060597129961383,-1.7069632304601277,,,,,,,,22.173736561136767,-2.3564517933211375,588.2000122070312,PS_046,,,0.0
25.719300812373177,15.93073425561363,2025-03-09T01:15:00Z,4,4,4,4,4,4,1,0,0,4,-2.848067872625945,-1.7365961940428405,,,,,,,,22.12175095048663,-2.9594298127041596,588.2000122070312,PS_046,,,0.0
25.674470602693447,15.925499916076658,2025-03-09T01:30:00Z,3,3,3,3,3,3,1,0,0,3,-2.534483522800153,-1.9702061375132307,,,,,,,,21.70618371149824,-2.2248957592387146,588.2000122070312,PS_046,,,0.19670708329353348
25.65936335111821,15.919500350952145,2025-03-09T01:45:00Z,4,4,4,4,4,4,1,0,0,4,-2.6089332866785595,-1.9509583808239148,,,,,,,,21.215950257947863,-2.011798592601701,588.2000122070312,PS_046,,,0.0
25.887152045830177,15.915159158915701,2025-03-09T02:00:00Z,3,3,3,3,3,3,1,0,0,3,-2.5922350343991853,-1.735919961646503,,,,,,,,21.399999618530273,-1.9670937412166416,588.2000122070312,PS_046,,,0.0
25.94827478832896,15.908905476385485,2025-03-09T02:15:00Z,4,4,4,4,4,4,1,0,0,4,-2.600339765802471,-1.8315277633907938,,,,,,,,21.368695816559672,-1.944126672092439,588.2000122070312,PS_046,,,0.0
25.670493032738456,15.903173333937643,2025-03-09T02:30:00Z,4,4,4,4,4,4,1,0,0,4,-2.6296752700072927,-1.691952834495102,,,,,,,,21.399999618530277,-2.4795877769850616,588.2000122070312,PS_046,,,0.0
25.279173146434168,15.901306036093738,2025-03-09T02:45:00Z,3,3,3,3,3,3,1,0,0,3,-2.6881735451697755,-1.8693299955047533,,,,,,,,21.12401399165632,-2.6420492807682168,588.2000122070312,PS_046,,,0.0
24.331184841862974,15.896050527065718,2025-03-09T03:00:00Z,4,4,4,4,4,4,1,0,0,4,-2.6704640274032823,-1.9360651247163183,,,,,,,,20.45312872971849,-2.6445712135549346,588.2000122070312,PS_046,,,0.2657706129720412
24.497255689372743,15.891000747680664,2025-03-09T03:15:00Z,4,4,4,4,4,4,1,0,0,4,-2.5954127527231363,-1.6482980910382563,,,,,,,,20.54584514581496,-2.364908747367819,588.2000122070312,PS_046,,,0.23003097600455807
24.653832364673406,15.885000228881834,2025-03-09T03:30:00Z,3,3,3,3,3,3,1,0,0,3,-2.4739923467348106,-1.5462187842033415,,,,,,,,20.94664086955837,-2.43643000205216,588.2000122070312,PS_046,,,0.6095513573554826
24.65052841660728,15.884212970512502,2025-03-09T03:45:00Z,4,4,4,4,4,4,1,0,0,4,-2.4013413454762476,-1.5951652163778731,,,,,,,,21.655359625166813,-2.6405110201509094,588.2000122070312,PS_046,,,0.9761264414590183
24.091139489388187,15.878514538536807,2025-03-09T04:00:00Z,3,3,3,3,3,3,1,0,0,3,-2.509378187379825,-1.7316882182699096,,,,,,,,21.35881297438047,-2.7310664151864774,588.2000122070312,PS_046,,,0.5891431551321235
23.897788080905617,15.873749732971191,2025-03-09T04:15:00Z,4,4,4,4,4,4,1,0,0,4,-2.570866012834073,-1.7608826143806369,,,,,,,,20.852335116070964,-2.923595017010006,588.2000122070312,PS_046,,,0.033759249545935496
23.567228100107293,15.871261082141256,2025-03-09T04:30:00Z,4,4,4,4,4,4,1,0,0,4,-2.5239544523967465,-1.751295847747525,,,,,,,,20.64729563320622,-2.649187460374561,588.2000122070312,PS_046,,,0.10581263927662887
23.384868436555543,15.86678421772956,2025-03-09T04:45:00Z,3,3,3,3,3,3,1,0,0,3,-2.5461008716064124,-1.75,,,,,,,,20.43216862091438,-2.8306024434258763,588.2000122070312,PS_046,,,0.3594607164967088
23.4249229259517,15.861749649047853,2025-03-09T05:00:00Z,4,4,4,4,4,4,1,0,0,4,-2.328814138904467,-1.6497923693235386,,,,,,,,20.571459501345025,-2.648214759362897,588.2000122070312,PS_046,,,0.8628867867632699
23.237939119992067,15.85961670723372,2025-03-09T05:15:00Z,3,3,3,3,3,3,1,0,0,3,-2.3577830823262227,-1.7017466092793498,,,,,,,,20.399999618530273,-2.640070922219992,588.2000122070312,PS_046,,,0.6575922735823828
23.030383132496603,15.857098821549313,2025-03-09T05:30:00Z,4,4,4,4,4,4,1,0,0,4,-2.520687394347364,-1.7816864764723643,,,,,,,,19.98313465138745,-2.7523256390091815,588.2000122070312,PS_046,,,0.07817881035142006
23.200822913703913,15.853759129816803,2025-03-09T05:45:00Z,4,4,4,4,4,4,1,0,0,4,-2.4891023535093737,-1.7867289477926982,,,,,,,,19.658940656693485,-2.8793953764503466,588.2000122070312,PS_046,,,0.0
23.08331621554061,15.850500106811523,2025-03-09T06:00:00Z,3,3,3,3,3,3,1,0,0,3,-2.4749655813853075,-1.716430761601136,,,,,,,,19.600000381469727,-2.8075480950201186,588.2000122070312,PS_046,,,0.04072809986090142
23.039768813739254,15.845356993242001,2025-03-09T06:15:00Z,4,4,4,4,4,4,1,0,0,4,-2.405266682210823,-1.6393931218802575,,,,,,,,19.55717453638012,-2.802609304499983,588.2000122070312,PS_046,,,0.46933460220572026
22.56710416750472,15.840158301958152,2025-03-09T06:30:00Z,3,3,3,3,3,3,1,0,0,3,-2.4129359788097795,-1.5883426391310007,,,,,,,,19.799999237060547,-2.6807534158013793,588.2000122070312,PS_046,,,0.4878972533771498
22.565088949018996,15.84109757034481,2025-03-09T06:45:00Z,4,4,4,4,4,4,1,0,0,4,-2.349801402337204,-1.6714946790670875,,,,,,,,19.697869172776542,-2.697538874610198,588.2000122070312,PS_046,,,0.19824897958406879
22.869749089285648,15.840085987863125,2025-03-09T07:00:00Z,4,4,4,4,4,4,1,0,0,4,-2.434869973301971,-1.7288840432616954,,,,,,,,19.38615382593725,-2.675484489907653,588.2000122070312,PS_046,,,0.07549950229953405
22.320035485054508,15.836617496826154,2025-03-09T07:15:00Z,3,3,3,3,3,3,1,0,0,3,-2.5123423766003095,-1.8624149944817787,,,,,,,,18.85186578949309,-2.5415459628973562,588.2000122070312,PS_046,,,0.0
22.217869173065143,15.833250045776367,2025-03-09T07:30:00Z,3,3,3,3,3,3,1,0,0,3,-2.476712750925187,-1.6462923683099127,,,,,,,,18.597724467733777,-2.7345830260422117,588.2000122070312,PS_046,,,0.05863467714536377
22.21392931672449,15.833250045776364,2025-03-09T07:45:00Z,11,11,11,11,11,11,1,0,0,11,-2.2947536954040797,-1.5223021469156062,,,,,,,,19.0,-2.5279886161548104,588.2000122070312,PS_046,,,0.5580290896297604
22.437079031922703,15.828335651548384,2025-03-09T08:00:00Z,6,6,6,6,6,6,1,0,0,6,-2.400114001842085,-1.650526380215926,,,,,,,,19.054301395184396,-2.5455194538871635,588.2000122070312,PS_046,,,0.0684199303364915
21.965682151265902,15.826318636912797,2025-03-09T08:15:00Z,16,16,16,16,16,16,1,0,0,16,-2.3529396094312194,-1.5680947061426733,,,,,,,,19.15074670357017,-2.648625743370573,588.2000122070312,PS_046,,,0.3707586659258535
21.79450268613143,15.826445563298947,2025-03-09T08:30:00Z,15,15,15,15,15,15,1,0,0,15,-2.1937282427933007,-1.5217304329634027,,,,,,,,19.303730504136183,-2.5601446531732406,588.2000122070312,PS_046,,,0.740708974708065
22.140149817060976,15.824188030101347,2025-03-09T08:45:00Z,14,14,14,14,14,14,1,0,0,14,-2.2450220654408852,-1.4996799231397873,,,,,,,,19.524467810218546,-2.6149470452234502,588.2000122070312,PS_046,,,0.4734409488790975
21.992877913950032,15.82199954986572,2025-03-09T09:00:00Z,7,7,7,7,7,7,1,0,0,7,-2.3306984109824316,-1.5604752853800645,,,,,,,,19.31508523231421,-2.658746168411242,588.2000122070312,PS_046,,,0.28835412159662743
21.53552388151733,15.81971811981662,2025-03-09T09:15:00Z,4,4,4,4,4,4,1,0,0,4,0.004394908201461581,-1.2007954808515928,,,,,,,,18.93125796850508,1.6738171339066785,588.2000122070312,PS_046,,,0.3513018908552943
21.355605906182895,15.870233148360096,2025-03-09T09:30:00Z,3,3,3,3,3,3,1,0,0,3,7.983973991960454,-0.11963815067318036,,,,,,,,18.972087363686526,18.59246916866405,588.2000122070312,PS_046,,,0.9045503742930496
21.696681728138227,16.08036742839336,2025-03-09T09:45:00Z,4,4,4,4,4,4,1,0,0,4,27.52748278382842,2.445722017876708,,,,,,,,19.44604559261244,39.552476428433124,588.2000122070312,PS_046,,,1.1856357625257135
21.736454483985643,16.478693414391177,2025-03-09T10:00:00Z,3,3,3,3,3,3,1,0,0,3,59.11636794279229,6.36838780928007,,,,,,,,20.359572093355958,76.95626016685742,588.2000122070312,PS_046,,,1.3313360816955542
22.63296255305795,16.828644213382166,2025-03-09T10:15:00Z,4,4,4,4,4,4,1,0,0,4,129.07902163540152,14.870714588701079,,,,,,,,23.293373772128263,209.9630821276106,588.2000122070312,PS_046,,,1.5449441403118664
23.52129126954617,17.007372902702656,2025-03-09T10:30:00Z,3,3,3,3,3,3,1,0,0,3,176.58857930506275,25.17362880813628,,,,,,,,26.654049813483464,296.1068714477064,588.2000122070312,PS_046,,,1.8121298536478303
24.27603349126505,18.004482179585207,2025-03-09T10:45:00Z,4,4,4,4,4,4,1,0,0,4,280.4730570687928,43.27577664617216,,,,,,,,30.003544206543143,513.9316620309922,588.2000122070312,PS_046,,,1.7260993923193255
25.2405175617825,19.25356884258535,2025-03-09T11:00:00Z,4,4,4,4,4,4,1,0,0,4,340.4322071968617,45.03802365204937,,,,,,,,34.49074816984152,618.5879683560138,588.2000122070312,PS_046,,,2.089616771497876
26.68076417413395,19.25969134810938,2025-03-09T11:15:00Z,3,3,3,3,3,3,1,0,0,3,353.3325771516336,43.29758510590536,,,,,,,,37.8224326490541,597.1562943568588,588.2000122070312,PS_046,,,1.1550888820253182
27.298925863857278,18.832171780990624,2025-03-09T11:30:00Z,4,4,4,4,4,4,1,0,0,4,305.2687425262535,55.1291805128198,,,,,,,,36.261150166094666,411.2509116223246,588.2000122070312,PS_046,,,1.5079538547753586
27.852807263778715,18.84320445811282,2025-03-09T11:45:00Z,3,3,3,3,3,3,1,0,0,3,307.13927501877276,61.72543318119252,,,,,,,,34.85734612512369,342.53096005470127,588.2000122070312,PS_046,,,2.5002157963992087
28.0754853559664,18.982250390974528,2025-03-09T12:00:00Z,4,4,4,4,4,4,1,0,0,4,334.68979262007554,65.77483362027802,,,,,,,,35.88496546263545,354.66076158845425,588.2000122070312,PS_046,,,2.0962204637899537
28.804138988895627,19.18741040411215,2025-03-09T12:15:00Z,3,3,3,3,3,3,1,0,0,3,383.9628684746242,66.09529951622969,,,,,,,,37.67205945775084,420.7523959918047,588.2000122070312,PS_046,,,2.2423328472122703
29.554452299724424,19.413115096765505,2025-03-09T12:30:00Z,4,4,4,4,4,4,1,0,0,4,460.7368213649913,61.06571359288156,,,,,,,,40.49086428110612,545.9318384307634,588.2000122070312,PS_046,,,2.2869754643509967
29.825585157851187,19.046088640043124,2025-03-09T12:45:00Z,3,3,3,3,3,3,1,0,0,3,480.9776273608264,51.83859866134754,,,,,,,,43.71726710346975,582.4817067192322,588.2000122070312,PS_046,,,2.0671370013861043
30.85482210523021,19.674451087247483,2025-03-09T13:00:00Z,4,4,4,4,4,4,1,0,0,4,722.5643382089178,58.9266262368927,,,,,,,,49.3337976666387,897.1508835786245,588.2000122070312,PS_046,,,2.185991975538409
31.955453758072096,19.389672257521614,2025-03-09T13:15:00Z,3,3,3,3,3,3,1,0,0,3,803.0491946126627,57.07999387930436,,,,,,,,55.893034306064784,965.8367988190001,588.2000122070312,PS_046,,,2.937598764634392
32.76784264830994,19.301470903553582,2025-03-09T13:30:00Z,4,4,4,4,4,4,1,0,0,4,877.5871779228167,56.032495482996424,,,,,,,,57.621701462610176,1019.1406299703231,588.2000122070312,PS_046,,,2.651734573182806
33.01440989057759,19.20881221154445,2025-03-09T13:45:00Z,3,3,3,3,3,3,1,0,0,3,917.1883912159849,54.16920694088609,,,,,,,,58.08281069077433,1024.6616038113723,588.2000122070312,PS_046,,,2.990388414363031
33.946257156398126,19.028987129600814,2025-03-09T14:00:00Z,4,4,4,4,4,4,1,0,0,4,942.707844467026,52.355864028924294,,,,,,,,58.732915178029714,1019.3834729805055,588.2000122070312,PS_046,,,2.437395692926959
34.36697436348327,18.938161825627656,2025-03-09T14:15:00Z,3,3,3,3,3,3,1,0,0,3,968.0979560822369,51.17318978295355,,,,,,,,56.02408017466109,1018.5879323927445,588.2000122070312,PS_046,,,3.947753878859442
34.500895480849394,18.966005279718058,2025-03-09T14:30:00Z,4,4,4,4,4,4,1,0,0,4,989.4372385268955,50.546925406469256,,,,,,,,54.44982786429874,1016.3634731426976,588.2000122070312,PS_046,,,3.198467974961328
34.59065034977543,18.827584599142604,2025-03-09T14:45:00Z,3,3,3,3,3,3,1,0,0,3,1005.5618791067051,49.85738798484472,,,,,,,,55.04482226668906,1016.5590239679821,588.2000122070312,PS_046,,,3.2104206802915427
34.925144067216465,18.722256261671475,2025-03-09T15:00:00Z,4,4,4,4,4,4,1,0,0,4,1013.590787219025,49.01290655883951,,,,,,,,53.445127058837194,1014.4120034367929,588.2000122070312,PS_046,,,1.4914026053937126
35.54001358315757,18.663254930943957,2025-03-09T15:15:00Z,3,3,3,3,3,3,1,0,0,3,1022.7213246209985,50.124842688241735,,,,,,,,56.808639932831795,1009.9120247217515,588.2000122070312,PS_046,,,1.7544311859480348
36.08433631829099,18.613041971347602,2025-03-09T15:30:00Z,4,4,4,4,4,4,1,0,0,4,1031.4922682085096,50.28661089066357,,,,,,,,57.54894201959427,1015.6522242322654,588.2000122070312,PS_046,,,2.0176729765849912
35.57392724252453,18.612907793263552,2025-03-09T15:45:00Z,3,3,3,3,3,3,1,0,0,3,1037.2052289165997,50.804409694561414,,,,,,,,57.47630116519513,1025.1124884937117,588.2000122070312,PS_046,,,2.0759330454012606
35.22421532893278,18.679696181018574,2025-03-09T16:00:00Z,4,4,4,4,4,4,1,0,0,4,1050.073571321137,53.11946032630241,,,,,,,,55.92246191833004,1044.4024346574047,588.2000122070312,PS_046,,,2.0252328443801226
35.40887323995595,18.625455387112417,2025-03-09T16:15:00Z,3,3,3,3,3,3,1,0,0,3,1058.4549154277245,54.8678586489631,,,,,,,,57.74919057473723,1066.472795025771,588.2000122070312,PS_046,,,3.1266122819023208
35.99731094879814,18.454739605563923,2025-03-09T16:30:00Z,4,4,4,4,4,4,1,0,0,4,1060.2937421812387,57.42186997779457,,,,,,,,60.45594498690247,1084.572879604669,588.2000122070312,PS_046,,,1.352588514492084
36.08349277868395,18.485431089995583,2025-03-09T16:45:00Z,3,3,3,3,3,3,1,0,0,3,1041.1398142610592,56.78889586595749,,,,,,,,60.13210533674651,1090.3728170235586,588.2000122070312,PS_046,,,1.3894571700692924
34.68506337671106,16.427038990306045,2025-03-09T17:00:00Z,4,4,4,4,4,4,1,0,0,4,242.60834843341917,13.831254667562275,,,,,,,,48.96909487886768,271.00183554853805,588.2000122070312,PS_046,,,1.2024933225819765
36.09075096409819,18.431240382326315,2025-03-09T17:15:00Z,3,3,3,3,3,3,1,0,0,3,990.41541667184,57.26697147401912,,,,,,,,54.51123844614271,1091.742484075768,588.2000122070312,PS_046,,,1.2005880850138275
37.10779156398215,18.379966286394833,2025-03-09T17:30:00Z,3,3,3,3,3,3,1,0,0,3,958.0370116521017,56.43753336045778,,,,,,,,61.900524839233164,1086.2969924379797,588.2000122070312,PS_046,,,3.104321247126781
37.18465990820205,18.199746839520575,2025-03-09T17:45:00Z,4,4,4,4,4,4,1,0,0,4,883.2967992330955,53.16523506000733,,,,,,,,61.860228240622966,1044.199451906704,588.2000122070312,PS_046,,,2.3618695304456048
36.91688602907265,18.167659496451215,2025-03-09T18:00:00Z,3,3,3,3,3,3,1,0,0,3,836.0365897384563,51.078600247994515,,,,,,,,60.9390656010663,1037.1512828108566,588.2000122070312,PS_046,,,2.7254224307745227
36.650882826625825,18.189693203600616,2025-03-09T18:15:00Z,4,4,4,4,4,4,1,0,0,4,801.2945397856209,50.96440974545491,,,,,,,,61.806873465869764,1046.776444690915,588.2000122070312,PS_046,,,2.720160670466026
34.98891972231239,16.267504869141632,2025-03-09T18:30:00Z,3,3,3,3,3,3,1,0,0,3,204.79384047632715,17.544209567481396,,,,,,,,49.5392376246706,273.78512674269075,588.2000122070312,PS_046,,,0.6509732516770218
35.407261419369995,17.377910647963823,2025-03-09T18:45:00Z,4,4,4,4,4,4,1,0,0,4,533.3654675047928,42.63717819053583,,,,,,,,55.721408715788115,839.2509512198052,588.2000122070312,PS_046,,,1.7662481535989554
35.31573575538887,16.936623431901943,2025-03-09T19:00:00Z,3,3,3,3,3,3,1,0,0,3,369.3013230285321,31.854911226168742,,,,,,,,49.90603191045528,566.8980297446865,588.2000122070312,PS_046,,,1.7205654325053048
35.938526867572094,17.567383232691338,2025-03-09T19:15:00Z,3,3,3,3,3,3,1,0,0,3,544.9019247224179,37.67815927547654,,,,,,,,55.25594339496373,940.3956273856913,588.2000122070312,PS_046,,,1.6499073207807047
36.441038430153235,17.54777734693108,2025-03-09T19:30:00Z,4,4,4,4,4,4,1,0,0,4,507.99252282394275,39.45747081288447,,,,,,,,58.48636308031495,940.9203733260124,588.2000122070312,PS_046,,,0.9171685535873172
37.05718747705885,17.389680254588722,2025-03-09T19:45:00Z,3,3,3,3,3,3,1,0,0,3,447.9939391853731,34.346033858628296,,,,,,,,59.87496142952188,892.7953439330274,588.2000122070312,PS_046,,,0.8618949913040109
36.388200855249345,17.233143347957196,2025-03-09T20:00:00Z,4,4,4,4,4,4,1,0,0,4,389.4259396289833,35.17107735247281,,,,,,,,57.22815757043135,778.8401958245443,588.2000122070312,PS_046,,,2.273994230036996
35.95248369758737,17.0273821032406,2025-03-09T20:15:00Z,3,3,3,3,3,3,1,0,0,3,309.32329195001375,38.02175446749669,,,,,,,,55.784288134229094,623.0659239980029,588.2000122070312,PS_046,,,1.972505899120581
36.14129411924451,16.840571618628086,2025-03-09T20:30:00Z,4,4,4,4,4,4,1,0,0,4,234.76230110215593,30.997502847581234,,,,,,,,51.43864339683721,467.6622754744732,588.2000122070312,PS_046,,,0.7924197840778968
35.54634376218592,16.681419702335432,2025-03-09T20:45:00Z,3,3,3,3,3,3,1,0,0,3,168.92983402608365,14.681992792283737,,,,,,,,44.768262513634966,330.1033192117568,588.2000122070312,PS_046,,,1.5379040012292404
35.05567537699778,16.48323675730316,2025-03-09T21:00:00Z,4,4,4,4,4,4,1,0,0,4,109.54697288363651,5.4028407011793025,,,,,,,,39.766662439191215,205.73009488874274,588.2000122070312,PS_046,,,1.79934659017453
34.31585646674391,16.249137995266395,2025-03-09T21:15:00Z,3,3,3,3,3,3,1,0,0,3,52.50461441301551,3.7849123146512604,,,,,,,,34.84053778025524,87.78559967808681,588.2000122070312,PS_046,,,0.4601633534626831
32.93091399733012,16.03671665315267,2025-03-09T21:30:00Z,4,4,4,4,4,4,1,0,0,4,18.993957721307158,-0.27877297441406423,,,,,,,,30.860284489361735,24.879464994029203,588.2000122070312,PS_046,,,0.5043046847763388
30.814043498648246,15.958944745810633,2025-03-09T21:45:00Z,3,3,3,3,3,3,1,0,0,3,-0.1780236812584386,-2.3591589545924587,,,,,,,,27.935964900333772,-1.586216522592987,588.2000122070312,PS_046,,,0.7919455755974782
30.185459875252754,15.987259457067427,2025-03-09T22:00:00Z,3,3,3,3,3,3,1,0,0,3,-2.426641109100869,-2.161498514218443,,,,,,,,27.590983934637798,-2.7256430125915028,588.2000122070312,PS_046,,,0.656473106398189
30.055098674275964,15.989249229431154,2025-03-09T22:15:00Z,4,4,4,4,4,4,1,0,0,4,-2.519309746740788,-2.0471001552584642,,,,,,,,27.086791071012115,-2.8953417978920526,588.2000122070312,PS_046,,,0.13990625139097645
30.959546959796945,15.98924922943115,2025-03-09T22:30:00Z,3,3,3,3,3,3,1,0,0,3,-2.5692275388179135,-2.3228328924899606,,,,,,,,27.155067852403274,-2.2606382987624833,588.2000122070312,PS_046,,,0.497302250171221
29.941493818930354,15.983249664306642,2025-03-09T22:45:00Z,4,4,4,4,4,4,1,0,0,4,-2.6766738832919317,-2.076224723454256,,,,,,,,26.974794047868684,-2.942443362364204,588.2000122070312,PS_046,,,0.33801609737389066
29.398499714476703,15.980516359953679,2025-03-09T23:00:00Z,3,3,3,3,3,3,1,0,0,3,-2.5837502142658093,-2.032867587348254,,,,,,,,26.283054626988726,-2.809287175946716,588.2000122070312,PS_046,,,0.0
28.994897212028967,15.975309092711896,2025-03-09T23:15:00Z,3,3,3,3,3,3,1,0,0,3,-2.45626011767227,-2.2330397545370118,,,,,,,,25.93814964035049,-2.808911865325947,588.2000122070312,PS_046,,,0.05231719565877159
27.60428501771835,15.969695414340428,2025-03-09T23:30:00Z,4,4,4,4,4,4,1,0,0,4,-2.0822337235116573,-1.9760567076113726,,,,,,,,25.323170898634388,-2.7020734720676587,588.2000122070312,PS_046,,,0.6587800155547877
28.322228374550296,15.965092200582372,2025-03-09T23:45:00Z,3,3,3,3,3,3,1,0,0,3,-2.109803425592693,-1.5268482584008398,,,,,,,,25.65262163298813,-2.1598690821007884,588.2000122070312,PS_046,,,1.1597178015535425
28.679846641125987,15.95789960056183,2025-03-10T00:00:00Z,4,4,4,4,4,4,1,0,0,4,-2.1896496001019674,-1.6041301918917117,,,,,,,,25.82002598583383,-2.264648253164822,588.2000122070312,PS_046,,,0.9085582539102437
29.007252158634447,15.954750061035156,2025-03-10T00:15:00Z,3,3,3,3,3,3,1,0,0,3,-2.286151459840098,-1.4245665438021382,,,,,,,,26.199258337908052,-2.253927870191282,588.2000122070312,PS_046,,,1.008379083654957
28.733776201457253,15.947837494426354,2025-03-10T00:30:00Z,4,4,4,4,4,4,1,0,0,4,-2.4257575744291024,-1.6556790503386316,,,,,,,,25.998262679114646,-2.5716481341000903,588.2000122070312,PS_046,,,0.8604230319229329
27.958017250728872,15.942749977111815,2025-03-10T00:45:00Z,3,3,3,3,3,3,1,0,0,3,-2.5859057977745046,-1.9916578448006317,,,,,,,,25.187925377084465,-2.8314935021363747,588.2000122070312,PS_046,,,0.45015537264698485
27.780556721373234,15.938118423122106,2025-03-10T01:00:00Z,4,4,4,4,4,4,1,0,0,4,-2.5646320362747086,-1.855943231817325,,,,,,,,24.706049050736738,-2.767271632115595,588.2000122070312,PS_046,,,0.7355094023985531
27.998404106628914,15.932440709253909,2025-03-10T01:15:00Z,4,4,4,4,4,4,1,0,0,4,-2.4922414180380983,-1.5885146737288571,,,,,,,,24.690144832828548,-2.671905340674452,588.2000122070312,PS_046,,,1.2490111079816852
27.78305340621865,15.930632863261092,2025-03-10T01:30:00Z,3,3,3,3,3,3,1,0,0,3,-2.5457582793554616,-1.637156236066379,,,,,,,,24.585359822080967,-2.6385292564544423,588.2000122070312,PS_046,,,1.117848128700528
27.64521352892082,15.923729270987472,2025-03-10T01:45:00Z,4,4,4,4,4,4,1,0,0,4,-2.5620579407295807,-1.631398139857797,,,,,,,,24.35241822998136,-2.641865842189049,588.2000122070312,PS_046,,,0.7404191911075813
27.33172971204348,15.915086659205768,2025-03-10T02:00:00Z,4,4,4,4,4,4,1,0,0,4,-2.570964071884945,-1.6606942868365855,,,,,,,,24.026693082554257,-2.661574454494949,588.2000122070312,PS_046,,,0.8163221753307649
27.001299350522793,15.910387325051124,2025-03-10T02:15:00Z,3,3,3,3,3,3,1,0,0,3,-2.523159451845702,-1.660477102056384,,,,,,,,23.638476147784633,-2.642589749681431,588.2000122070312,PS_046,,,0.8233274196219668
26.56363669703479,15.908207987894219,2025-03-10T02:30:00Z,4,4,4,4,4,4,1,0,0,4,-2.416150914301477,-1.6608682556320253,,,,,,,,23.583357583888347,-2.61106521771916,588.2000122070312,PS_046,,,1.1293149629925254
26.717022033806476,15.905793159563418,2025-03-10T02:45:00Z,3,3,3,3,3,3,1,0,0,3,-2.355761130797838,-1.4481970430230833,,,,,,,,23.89427203089923,-2.3569154402572616,588.2000122070312,PS_046,,,2.253265795810834
26.9666229214043,15.89867869640553,2025-03-10T03:00:00Z,4,4,4,4,4,4,1,0,0,4,-2.1806039660417147,-1.2789699326832444,,,,,,,,24.742248475262176,-2.368295374071066,588.2000122070312,PS_046,,,2.792358086391937
26.23456416783792,15.896131266606783,2025-03-10T03:15:00Z,4,4,4,4,4,4,1,0,0,4,-1.8784479748648946,-1.253401801988835,,,,,,,,24.192017114640063,-2.2560480562756107,588.2000122070312,PS_046,,,2.6858492876695
25.588167469006038,15.894955047124766,2025-03-10T03:30:00Z,3,3,3,3,3,3,1,0,0,3,-1.7395772764798514,-1.1453070780848378,,,,,,,,23.84564682843444,-2.149146213151003,588.2000122070312,PS_046,,,3.437555748540853
25.130569583174623,15.887750649613794,2025-03-10T03:45:00Z,4,4,4,4,4,4,1,0,0,4,-1.8586968654215947,-1.273223351533058,,,,,,,,23.29999923706055,-2.0965598303498547,588.2000122070312,PS_046,,,3.189450526887981
25.109514266645682,15.884320313014168,2025-03-10T04:00:00Z,4,4,4,4,4,4,1,0,0,4,-1.9455983849904694,-1.1760380176081777,,,,,,,,23.299999237060543,-2.09936759849822,588.2000122070312,PS_046,,,3.3905472500950093
24.934499496150355,15.87975025177002,2025-03-10T04:15:00Z,3,3,3,3,3,3,1,0,0,3,-1.9208648210282682,-1.2226190364854446,,,,,,,,23.270055535263122,-2.050784253747082,588.2000122070312,PS_046,,,3.650653242451707
24.826752494766044,15.873749732971191,2025-03-10T04:30:00Z,4,4,4,4,4,4,1,0,0,4,-1.9152631307899963,-1.2042962353629663,,,,,,,,23.10000038146973,-2.0545766955175684,588.2000122070312,PS_046,,,3.937196801166917
24.552187110406948,15.873749732971193,2025-03-10T04:45:00Z,3,3,3,3,3,3,1,0,0,3,-1.9237296023415122,-1.2398536348668494,,,,,,,,23.100000381469727,-2.025807204477705,588.2000122070312,PS_046,,,4.043411238138332
24.328369912379216,15.867749214172363,2025-03-10T05:00:00Z,4,4,4,4,4,4,1,0,0,4,-1.8885187265514414,-1.246913476732655,,,,,,,,22.59896544915907,-2.0905608708665127,588.2000122070312,PS_046,,,3.156895382649432
24.42041927776689,15.866915570677683,2025-03-10T05:15:00Z,4,4,4,4,4,4,1,0,0,4,-1.9319063759583404,-1.2068663375873434,,,,,,,,22.758314147025906,-2.0242008326373595,588.2000122070312,PS_046,,,3.4171586730973735
24.36354882964669,15.86259663040167,2025-03-10T05:30:00Z,3,3,3,3,3,3,1,0,0,3,-1.8886610323060662,-1.1900136127952556,,,,,,,,22.799999237060547,-1.952900621118537,588.2000122070312,PS_046,,,3.0508849162203546
23.867826832077323,15.861749649047853,2025-03-10T05:45:00Z,4,4,4,4,4,4,1,0,0,4,-1.81898019828128,-1.2651789593395457,,,,,,,,22.3274185812366,-2.0097186827028195,588.2000122070312,PS_046,,,2.7480384240805136
23.74530598320894,15.85650062561035,2025-03-10T06:00:00Z,4,4,4,4,4,4,1,0,0,4,-1.9353392158902945,-1.2569527783140642,,,,,,,,22.26501407943175,-2.038713052934909,588.2000122070312,PS_046,,,3.083021706563639
23.636167127426194,15.852874936174453,2025-03-10T06:15:00Z,3,3,3,3,3,3,1,0,0,3,-1.831215208722537,-1.1774062597694643,,,,,,,,22.000000000000004,-1.9563399928203007,588.2000122070312,PS_046,,,3.5926461926382585
23.51654827228275,15.85050010681152,2025-03-10T06:30:00Z,4,4,4,4,4,4,1,0,0,4,-1.8734276909260805,-1.2203199356315257,,,,,,,,21.999999999999996,-1.9749725015825947,588.2000122070312,PS_046,,,3.8196242517142553
23.368743745368675,15.850500106811523,2025-03-10T06:45:00Z,3,3,3,3,3,3,1,0,0,3,-1.8163478674045719,-1.1521211244153817,,,,,,,,21.74643936227278,-1.9895828194915313,588.2000122070312,PS_046,,,4.115213472537864
23.200673019503153,15.849563196415394,2025-03-10T07:00:00Z,4,4,4,4,4,4,1,0,0,4,-1.8244719170188648,-1.1883845956245904,,,,,,,,21.668768033542793,-1.9476212275774811,588.2000122070312,PS_046,,,3.5426816301707675
23.076340276702833,15.844500541687012,2025-03-10T07:15:00Z,3,3,3,3,3,3,1,0,0,3,-1.818927743689984,-1.1500248425900697,,,,,,,,21.650065132316193,-1.9283225423459718,588.2000122070312,PS_046,,,3.6350057407457186
23.05614151493921,15.839924486672924,2025-03-10T07:30:00Z,4,4,4,4,4,4,1,0,0,4,-1.8157222823839756,-1.1910548327249078,,,,,,,,21.610758222692006,-1.8945280571857401,588.2000122070312,PS_046,,,3.9519088714365473
22.929021112390192,15.84017898657387,2025-03-10T07:45:00Z,3,3,3,3,3,3,1,0,0,3,-1.8162155260988613,-1.162389464518717,,,,,,,,21.5,-1.9582140800044399,588.2000122070312,PS_046,,,3.7142734226818668
22.837051201964673,15.839249610900879,2025-03-10T08:00:00Z,6,6,6,6,6,6,1,0,0,6,-1.8765914336396485,-1.170599889946684,,,,,,,,21.293334851085092,-2.0241210976599873,588.2000122070312,PS_046,,,3.161524557968658
22.75552481805453,15.83825566052958,2025-03-10T08:15:00Z,13,13,13,13,13,13,1,0,0,13,-1.950163770194066,-1.1894634806783924,,,,,,,,21.14260873409357,-2.0866791388167187,588.2000122070312,PS_046,,,3.2450297173515295
22.63118727522786,15.834815710019674,2025-03-10T08:30:00Z,11,11,11,11,11,11,1,0,0,11,-1.8754699046776608,-1.2325331548613718,,,,,,,,20.950408299911356,-2.0157436177133494,588.2000122070312,PS_046,,,3.2811994767588204
22.522824944217852,15.833838682687789,2025-03-10T08:45:00Z,11,11,11,11,11,11,1,0,0,11,-1.8700611076291762,-1.1823260037348555,,,,,,,,21.009602965613517,-2.014874091369559,588.2000122070312,PS_046,,,3.1040826189440094
22.36649839978381,15.830706292413383,2025-03-10T09:00:00Z,7,7,7,7,7,7,1,0,0,7,-1.8831266636504487,-1.1916174228294278,,,,,,,,20.665465496879182,-2.019618418903071,588.2000122070312,PS_046,,,2.9049014554223764
22.134981584193014,15.829023325842439,2025-03-10T09:15:00Z,4,4,4,4,4,4,1,0,0,4,-0.20154927690858024,-0.8903708227086762,,,,,,,,20.68603532727904,0.7034685989591688,588.2000122070312,PS_046,,,2.549685106745816
21.980050915470397,15.883508388213837,2025-03-10T09:30:00Z,3,3,3,3,3,3,1,0,0,3,9.038479084649502,0.5130560650513787,,,,,,,,20.700000762939453,14.394680818656948,588.2000122070312,PS_046,,,2.4722885408269177
22.38332090825277,16.09746619024152,2025-03-10T09:45:00Z,4,4,4,4,4,4,1,0,0,4,38.14852802905999,4.203110772392547,,,,,,,,20.908204026484807,67.67602862827924,588.2000122070312,PS_046,,,2.3083396995168988
23.07677896872659,16.45754924921759,2025-03-10T10:00:00Z,4,4,4,4,4,4,1,0,0,4,83.44152211587688,10.018305383915573,,,,,,,,22.74492855394991,160.00417179307365,588.2000122070312,PS_046,,,3.0379803306764273
23.13660788302971,16.662010266660104,2025-03-10T10:15:00Z,3,3,3,3,3,3,1,0,0,3,66.14541691629574,7.103313159462881,,,,,,,,23.580254703524425,98.30606981228406,588.2000122070312,PS_046,,,2.3880067757989467
23.605228017391646,16.83002035727433,2025-03-10T10:30:00Z,4,4,4,4,4,4,1,0,0,4,134.26851828854498,19.57820079763272,,,,,,,,24.636053241257883,249.47666503198565,588.2000122070312,PS_046,,,2.9086969457305547
24.63283191911594,17.060741474982635,2025-03-10T10:45:00Z,3,3,3,3,3,3,1,0,0,3,206.26265871706292,31.875807678091714,,,,,,,,29.038147751949747,419.52711805515736,588.2000122070312,PS_046,,,3.48449277975777
25.17124319458888,18.496989609183434,2025-03-10T11:00:00Z,4,4,4,4,4,4,1,0,0,4,316.86415877437884,41.00059595507803,,,,,,,,31.384654013535137,670.7217634333279,588.2000122070312,PS_046,,,3.3894394949521343
25.902891638346105,19.38071787117543,2025-03-10T11:15:00Z,3,3,3,3,3,3,1,0,0,3,377.85824968820555,35.23135151068432,,,,,,,,35.6855888221077,800.0379202541453,588.2000122070312,PS_046,,,4.4082189248656185
26.613164959012913,19.56343942909559,2025-03-10T11:30:00Z,4,4,4,4,4,4,1,0,0,4,434.98947214019194,38.68809959333332,,,,,,,,37.8356216255045,868.4903807438359,588.2000122070312,PS_046,,,3.169267437155731
26.94353119397997,19.58568431311715,2025-03-10T11:45:00Z,3,3,3,3,3,3,1,0,0,3,497.83448595082103,43.845503231172344,,,,,,,,38.83282794891541,895.6722270279739,588.2000122070312,PS_046,,,3.47007388371728
27.75027682884258,19.49257205754054,2025-03-10T12:00:00Z,4,4,4,4,4,4,1,0,0,4,556.7135695965469,47.17671107100937,,,,,,,,41.50725328887498,912.879088192178,588.2000122070312,PS_046,,,3.4138440047935075
28.202373821227294,19.41598269512495,2025-03-10T12:15:00Z,3,3,3,3,3,3,1,0,0,3,606.5762532483342,49.602656045911274,,,,,,,,42.00000000000001,914.2402612653406,588.2000122070312,PS_046,,,3.398380760707827
28.582272028417613,19.33001829620395,2025-03-10T12:30:00Z,4,4,4,4,4,4,1,0,0,4,661.455570886195,51.03236623081634,,,,,,,,43.96344131170874,930.0440334457267,588.2000122070312,PS_046,,,2.505415725872713
29.34038992366756,19.28404437263705,2025-03-10T12:45:00Z,3,3,3,3,3,3,1,0,0,3,712.5609198692614,51.24560000604367,,,,,,,,45.547406985562,947.7958339337748,588.2000122070312,PS_046,,,3.0207566821618665
30.20179541138346,19.204898595376214,2025-03-10T13:00:00Z,4,4,4,4,4,4,1,0,0,4,758.4910525345026,49.801932676984876,,,,,,,,48.06674063570441,957.3994285021927,588.2000122070312,PS_046,,,2.2419021962418637
30.99282647285544,19.119285552786216,2025-03-10T13:15:00Z,3,3,3,3,3,3,1,0,0,3,796.7988135009488,48.62126398679182,,,,,,,,49.988678940581366,963.4733265970292,588.2000122070312,PS_046,,,2.5773316554224825
31.558374375051596,19.125701840366116,2025-03-10T13:30:00Z,4,4,4,4,4,4,1,0,0,4,838.3406884483305,48.838650009715394,,,,,,,,50.33482192103045,969.0724170790336,588.2000122070312,PS_046,,,2.452205036317141
31.766555687729984,19.088302336422387,2025-03-10T13:45:00Z,4,4,4,4,4,4,1,0,0,4,878.4645982136901,48.4195370459689,,,,,,,,49.146731830832344,982.2989557817333,588.2000122070312,PS_046,,,2.8617655455621978
32.25568332733497,18.93212650479578,2025-03-10T14:00:00Z,3,3,3,3,3,3,1,0,0,3,904.5413742935815,47.92227099259069,,,,,,,,51.89835372633208,976.7571350548868,588.2000122070312,PS_046,,,1.6153343316028883
32.31720068643436,18.98838408701276,2025-03-10T14:15:00Z,4,4,4,4,4,4,1,0,0,4,935.5092422805907,47.79570234985548,,,,,,,,48.953174791951476,981.7890549150302,588.2000122070312,PS_046,,,2.7187832868193325
32.92879590280369,18.745980650813575,2025-03-10T14:30:00Z,3,3,3,3,3,3,1,0,0,3,951.3549866177383,46.96791642307754,,,,,,,,49.67013896021131,977.9776785545292,588.2000122070312,PS_046,,,0.8418059871559582
33.021965141301465,18.857988972402413,2025-03-10T14:45:00Z,4,4,4,4,4,4,1,0,0,4,974.783007780814,47.28931288335867,,,,,,,,49.676616852906555,985.7354439232155,588.2000122070312,PS_046,,,2.3540974241703014
33.30619940291829,18.81634823082803,2025-03-10T15:00:00Z,3,3,3,3,3,3,1,0,0,3,987.8390973696236,46.87287613500508,,,,,,,,48.52313924446092,987.1576730396253,588.2000122070312,PS_046,,,3.612964970627136
33.84714697328308,18.688582105450124,2025-03-10T15:15:00Z,4,4,4,4,4,4,1,0,0,4,996.2579189310096,46.89672997586773,,,,,,,,51.593131712756765,985.5721988943612,588.2000122070312,PS_046,,,1.9028883533933916
34.62019717376407,18.60166831735008,2025-03-10T15:30:00Z,3,3,3,3,3,3,1,0,0,3,997.9695902957177,46.42412233816513,,,,,,,,54.78197693425727,987.3701309493543,588.2000122070312,PS_046,,,1.6752257033559268
34.90410969257704,18.41876691375862,2025-03-10T15:45:00Z,4,4,4,4,4,4,1,0,0,4,997.6983615043015,46.96381380515123,,,,,,,,57.302423940640104,986.9122922545682,588.2000122070312,PS_046,,,1.2880182887171063
34.740132771610504,18.541872190610473,2025-03-10T16:00:00Z,3,3,3,3,3,3,1,0,0,3,996.2160713534502,48.148414984203995,,,,,,,,55.13089693465367,993.5490180863075,588.2000122070312,PS_046,,,2.304133273828849
34.755284006199716,17.829822697857526,2025-03-10T16:15:00Z,4,4,4,4,4,4,1,0,0,4,744.246195352493,41.4018315910192,,,,,,,,53.7419927986624,766.6913842718101,588.2000122070312,PS_046,,,1.7372387717790632
35.21866903227419,18.727063498236728,2025-03-10T16:30:00Z,3,3,3,3,3,3,1,0,0,3,1034.4971351484974,56.66383949856051,,,,,,,,53.73260840082322,1060.8327661918534,588.2000122070312,PS_046,,,2.367175085561766
35.650538327998134,17.50820374422806,2025-03-10T16:45:00Z,3,3,3,3,3,3,1,0,0,3,590.2744901034227,36.82918198204178,,,,,,,,55.006349865460464,612.3050227869514,588.2000122070312,PS_046,,,2.054900278755393
35.46656968347027,18.12946063690894,2025-03-10T17:00:00Z,4,4,4,4,4,4,1,0,0,4,932.7203731628199,45.918673863942836,,,,,,,,53.88995006190657,983.0755484230192,588.2000122070312,PS_046,,,3.2894937990883517
34.662035452868636,17.141486313710697,2025-03-10T17:15:00Z,3,3,3,3,3,3,1,0,0,3,495.03742270735086,43.80491145286361,,,,,,,,45.25271893723304,563.7010069883818,588.2000122070312,PS_046,,,1.1656981621184093
36.63716933409475,18.373160412533252,2025-03-10T17:30:00Z,4,4,4,4,4,4,1,0,0,4,1013.6124994582282,67.87674290396947,,,,,,,,61.64764050706024,1141.308718953248,588.2000122070312,PS_046,,,1.240329617868884
36.53665090547083,16.93610975672413,2025-03-10T17:45:00Z,3,3,3,3,3,3,1,0,0,3,453.9440776695626,40.339817311579644,,,,,,,,61.806441402289884,502.70787271455265,588.2000122070312,PS_046,,,2.4118330125560683
35.34364929290996,17.07083069059522,2025-03-10T18:00:00Z,4,4,4,4,4,4,1,0,0,4,517.0120123830837,44.67061781770517,,,,,,,,46.55484707475424,556.7206294169678,588.2000122070312,PS_046,,,3.328917808919926
35.24599733270176,16.710904457273134,2025-03-10T18:15:00Z,3,3,3,3,3,3,1,0,0,3,326.4170419304117,40.53506007700905,,,,,,,,44.685985668278185,339.39097454502604,588.2000122070312,PS_046,,,2.213071251135899
36.53571916221855,18.51209547526688,2025-03-10T18:30:00Z,4,4,4,4,4,4,1,0,0,4,802.1925158707655,64.45161434968284,,,,,,,,50.94190668521745,1077.1526608580696,588.2000122070312,PS_046,,,2.149836880495888
36.57768504716249,16.985885353831396,2025-03-10T18:45:00Z,3,3,3,3,3,3,1,0,0,3,407.8336335485453,41.28770361522968,,,,,,,,58.45492080238373,490.06039467578506,588.2000122070312,PS_046,,,2.4144799209351886
36.32019876219437,16.92443660295604,2025-03-10T19:00:00Z,4,4,4,4,4,4,1,0,0,4,373.5587714606452,40.41097503293032,,,,,,,,54.571749290060566,521.0414071169403,588.2000122070312,PS_046,,,3.441677358053977
35.48635569666819,16.85935409774142,2025-03-10T19:15:00Z,3,3,3,3,3,3,1,0,0,3,309.9096575888809,32.27479546196157,,,,,,,,47.337689444646124,488.69265882355137,588.2000122070312,PS_046,,,2.342110700013322
35.60173045101317,17.028888739385142,2025-03-10T19:30:00Z,3,3,3,3,3,3,1,0,0,3,323.4233583025922,28.509393826401983,,,,,,,,46.68148473778477,507.09274327506137,588.2000122070312,PS_046,,,1.7879488448816843
35.11971126638302,16.734661491899875,2025-03-10T19:45:00Z,4,4,4,4,4,4,1,0,0,4,225.28484981371074,26.609169348748534,,,,,,,,43.39947351303844,280.93804995857903,588.2000122070312,PS_046,,,1.5208326120199365
34.64980257242147,16.53406541538683,2025-03-10T20:00:00Z,3,3,3,3,3,3,1,0,0,3,150.80861677135357,15.284857740444085,,,,,,,,39.38361110407471,166.20412754498008,588.2000122070312,PS_046,,,0.9730257909566858
33.97137382575581,16.44041730740154,2025-03-10T20:15:00Z,5,5,5,5,5,5,1,0,0,5,108.89049755052612,11.051582841288424,,,,,,,,36.03258809867883,109.18595607111692,588.2000122070312,PS_046,,,1.274761406658013
33.50066215838857,16.346495023930842,2025-03-10T20:30:00Z,3,3,3,3,3,3,1,0,0,3,71.96539169984378,6.780165880403751,,,,,,,,34.121335487570825,71.44759879027171,588.2000122070312,PS_046,,,1.6196905348140724
32.81473546944334,16.197877002399736,2025-03-10T20:45:00Z,3,3,3,3,3,3,1,0,0,3,39.84772575731311,3.2507052675177195,,,,,,,,32.63011982408531,42.64128813799741,588.2000122070312,PS_046,,,1.341090209863299
32.215682295503726,16.0553242510655,2025-03-10T21:00:00Z,4,4,4,4,4,4,1,0,0,4,21.830245131963856,0.4723477446847179,,,,,,,,30.84615437758132,20.009574648735057,588.2000122070312,PS_046,,,0.5172966145786949
32.08380128820982,15.979663902837391,2025-03-10T21:15:00Z,3,3,3,3,3,3,1,0,0,3,11.911811119815917,-0.8229011878176736,,,,,,,,29.54024582755544,11.074580476984128,588.2000122070312,PS_046,,,1.91667044310071
31.410272881783936,15.977249145507812,2025-03-10T21:30:00Z,3,3,3,3,3,3,1,0,0,3,5.96453794187858,-1.3048258077775552,,,,,,,,29.00665126887045,5.288347276697553,588.2000122070312,PS_046,,,2.391377503008733
30.832677104306125,15.972823322526454,2025-03-10T21:45:00Z,4,4,4,4,4,4,1,0,0,4,-0.5586701784647223,-1.6054946117250937,,,,,,,,28.75050503360069,-0.946583075428931,588.2000122070312,PS_046,,,2.4874464825227025
30.41725667845448,15.984525782599448,2025-03-10T22:00:00Z,3,3,3,3,3,3,1,0,0,3,-1.9975361523978032,-1.8143936129214124,,,,,,,,28.213906630153524,-2.4111797200464826,588.2000122070312,PS_046,,,1.1389925447347047
30.263590809401123,15.985861815113788,2025-03-10T22:15:00Z,4,4,4,4,4,4,1,0,0,4,-1.9875384586082232,-1.78199227117458,,,,,,,,28.100000381469727,-2.2101064536973283,588.2000122070312,PS_046,,,1.142920536089977
30.03636606405544,15.983249664306639,2025-03-10T22:30:00Z,3,3,3,3,3,3,1,0,0,3,-1.926200616854195,-1.755361644966439,,,,,,,,28.071618648963202,-2.161632267012307,588.2000122070312,PS_046,,,1.1077519223732444
30.025170125007733,15.978191111703104,2025-03-10T22:45:00Z,4,4,4,4,4,4,1,0,0,4,-1.8430273113388067,-1.570202889110925,,,,,,,,28.07335294551336,-2.043336397033612,588.2000122070312,PS_046,,,1.5931877147828297
29.77189695936816,15.977249145507814,2025-03-10T23:00:00Z,3,3,3,3,3,3,1,0,0,3,-1.9329772745232319,-1.6507235442728436,,,,,,,,27.949158493152815,-2.130576625777231,588.2000122070312,PS_046,,,1.0197729645030107
29.79159770878354,15.97200012207031,2025-03-10T23:15:00Z,3,3,3,3,3,3,1,0,0,3,-2.0361299236387853,-1.770164923363708,,,,,,,,27.64199954559998,-2.166294947138876,588.2000122070312,PS_046,,,0.33499068771106844
29.641514517090858,15.966000556945803,2025-03-10T23:30:00Z,4,4,4,4,4,4,1,0,0,4,-1.938310214988366,-1.806082160772537,,,,,,,,27.388767797549377,-2.23441838535182,588.2000122070312,PS_046,,,1.263847019087572
29.362214396487456,15.964992803766739,2025-03-10T23:45:00Z,3,3,3,3,3,3,1,0,0,3,-1.8579427159055855,-1.632395031812099,,,,,,,,27.600000381469727,-1.969981757600118,588.2000122070312,PS_046,,,1.3461775140964034
29.273209628491987,15.959296593930041,2025-03-11T00:00:00Z,4,4,4,4,4,4,1,0,0,4,-1.7457260881650467,-1.5515259999631899,,,,,,,,27.51259456258637,-1.9115211652987742,588.2000122070312,PS_046,,,1.8071392480882311
28.81787853293808,15.954750061035154,2025-03-11T00:15:00Z,3,3,3,3,3,3,1,0,0,3,-1.207898139841842,-1.1795098901099281,,,,,,,,27.318519448185484,-1.5668735750471676,588.2000122070312,PS_046,,,3.440148612005106
28.328113133381034,15.948648754401903,2025-03-11T00:30:00Z,4,4,4,4,4,4,1,0,0,4,-1.2398218232478442,-1.1280987878172086,,,,,,,,27.053082504120624,-1.4939371555902548,588.2000122070312,PS_046,,,3.9250572039358538
27.920363588852496,15.94212526750189,2025-03-11T00:45:00Z,4,4,4,4,4,4,1,0,0,4,-1.4676378815354607,-1.226706960593788,,,,,,,,26.572931526031844,-1.717591634474384,588.2000122070312,PS_046,,,3.584319950974271
27.562566211223427,15.936497094813511,2025-03-11T01:00:00Z,3,3,3,3,3,3,1,0,0,3,-1.4741717547981443,-1.2111497383451082,,,,,,,,26.249890192372764,-1.6747793510458657,588.2000122070312,PS_046,,,4.095890051821344
27.238196896164276,15.930595072483706,2025-03-11T01:15:00Z,4,4,4,4,4,4,1,0,0,4,-1.4503494610313479,-1.1989044649154696,,,,,,,,25.955477447558945,-1.6673429039705718,588.2000122070312,PS_046,,,3.6106307175642747
26.97914938328293,15.926529678515791,2025-03-11T01:30:00Z,3,3,3,3,3,3,1,0,0,3,-1.4095853310266724,-1.2096292466631497,,,,,,,,25.700000762939457,-1.5672352375540164,588.2000122070312,PS_046,,,3.912342341487977
26.704091287604133,15.921529936052876,2025-03-11T01:45:00Z,4,4,4,4,4,4,1,0,0,4,-1.495851848195453,-1.094999156452199,,,,,,,,25.475335290706614,-1.684742347121946,588.2000122070312,PS_046,,,4.576722720521822
26.240248949705077,15.917140669061677,2025-03-11T02:00:00Z,4,4,4,4,4,4,1,0,0,4,-1.5631941718714917,-1.1560017024359004,,,,,,,,24.856753569304402,-1.840440305505514,588.2000122070312,PS_046,,,3.6069481201350384
25.927217122833728,15.914249420166017,2025-03-11T02:15:00Z,3,3,3,3,3,3,1,0,0,3,-1.6014713406771555,-1.2597071563657554,,,,,,,,24.399999618530277,-1.8251405157845277,588.2000122070312,PS_046,,,4.181475034996416
25.591770009724456,15.908249855041504,2025-03-11T02:30:00Z,4,4,4,4,4,4,1,0,0,4,-1.5907071034817286,-1.1676285299377696,,,,,,,,24.35248073476877,-1.8060595213480426,588.2000122070312,PS_046,,,3.599856260977388
25.451510108462628,15.902249336242674,2025-03-11T02:45:00Z,4,4,4,4,4,4,1,0,0,4,-1.7234671920268059,-1.1794105547161944,,,,,,,,23.984233963313933,-1.8994100610881128,588.2000122070312,PS_046,,,3.4271091928028268
25.175477717534278,15.896999359130861,2025-03-11T03:00:00Z,3,3,3,3,3,3,1,0,0,3,-1.626863450898957,-1.2223456502616863,,,,,,,,23.899999618530273,-1.730762677855805,588.2000122070312,PS_046,,,3.4386769587240438
25.060873260770776,15.896081583356061,2025-03-11T03:15:00Z,4,4,4,4,4,4,1,0,0,4,-1.6451430911172944,-1.2488177658415107,,,,,,,,23.808200738146923,-1.8460359435986387,588.2000122070312,PS_046,,,2.65348474915743
24.79174133169403,15.888576479644179,2025-03-11T03:30:00Z,3,3,3,3,3,3,1,0,0,3,-1.705789581162493,-1.2619499171818285,,,,,,,,23.60000038146973,-1.8188218784729582,588.2000122070312,PS_046,,,2.676571504295817
24.58558234304608,15.885000228881836,2025-03-11T03:45:00Z,4,4,4,4,4,4,1,0,0,4,-1.7383372470049074,-1.293569917526818,,,,,,,,23.198741459621537,-1.8633297681834615,588.2000122070312,PS_046,,,2.8351499707551078
24.43084494969185,15.87975025177002,2025-03-11T04:00:00Z,4,4,4,4,4,4,1,0,0,4,-1.7269315625137525,-1.262151185787839,,,,,,,,23.24053484622115,-1.7959999857094333,588.2000122070312,PS_046,,,1.7047995395362625
24.365774354677153,15.873749732971191,2025-03-11T04:15:00Z,3,3,3,3,3,3,1,0,0,3,-1.7351666651122393,-1.308037983051492,,,,,,,,23.100000381469727,-1.8028608877106447,588.2000122070312,PS_046,,,1.5481475194927115
24.300390773115137,15.87374973297119,2025-03-11T04:30:00Z,4,4,4,4,4,4,1,0,0,4,-1.6784455001089225,-1.2504208014384042,,,,,,,,23.29999923706055,-1.7089622861092106,588.2000122070312,PS_046,,,1.896737930624174
24.129277136090685,15.871653694505989,2025-03-11T04:45:00Z,4,4,4,4,4,4,1,0,0,4,-1.7032360916470606,-1.2668794598046313,,,,,,,,23.017538252151848,-1.773608595843077,588.2000122070312,PS_046,,,2.0423858079669293
24.117837922129667,15.866708772632832,2025-03-11T05:00:00Z,3,3,3,3,3,3,1,0,0,3,-1.7755504049640045,-1.220242895183422,,,,,,,,22.799999237060543,-1.8365462784221336,588.2000122070312,PS_046,,,1.998470157553217
24.26960679760385,15.861749649047852,2025-03-11T05:15:00Z,4,4,4,4,4,4,1,0,0,4,-1.803647035534892,-1.2102564807865825,,,,,,,,23.01094081096641,-1.867363200684731,588.2000122070312,PS_046,,,1.7525093786792116
24.112871601815574,15.860111009994247,2025-03-11T05:30:00Z,3,3,3,3,3,3,1,0,0,3,-1.7225738580718308,-1.27251511935989,,,,,,,,22.79999923706055,-1.7891780603969607,588.2000122070312,PS_046,,,2.3168678913162384
24.009981793043536,15.856500625610352,2025-03-11T05:45:00Z,4,4,4,4,4,4,1,0,0,4,-1.5964593860213303,-1.2499494278265608,,,,,,,,22.79999923706055,-1.723270783341725,588.2000122070312,PS_046,,,2.3359781344728248
24.036404795351668,15.85582106001221,2025-03-11T06:00:00Z,4,4,4,4,4,4,1,0,0,4,-1.6598224959897554,-1.2433621697888984,,,,,,,,22.83397470884538,-1.6973572868423255,588.2000122070312,PS_046,,,2.169672057677655
23.983137602881172,15.850500106811525,2025-03-11T06:15:00Z,3,3,3,3,3,3,1,0,0,3,-1.6835230576495936,-1.205250356465856,,,,,,,,22.799999237060547,-1.7664034551673362,588.2000122070312,PS_046,,,2.3843743006645264
24.166496919656254,15.847803583192235,2025-03-11T06:30:00Z,4,4,4,4,4,4,1,0,0,4,-1.7695420784107911,-1.287652444703563,,,,,,,,22.84218171067873,-1.902407977899493,588.2000122070312,PS_046,,,2.177822565006934
24.41169122061572,15.845370484917497,2025-03-11T06:45:00Z,3,3,3,3,3,3,1,0,0,3,-1.8411632954479271,-1.2871682717187702,,,,,,,,22.8445246431778,-1.9781607708593447,588.2000122070312,PS_046,,,1.9059969276789672
24.888415082510853,15.844500541687012,2025-03-11T07:00:00Z,4,4,4,4,4,4,1,0,0,4,-1.713352800404129,-1.2828904047319205,,,,,,,,23.515415062355626,-1.7460776957342528,588.2000122070312,PS_046,,,2.113898917084502
25.21200643185819,15.839249610900879,2025-03-11T07:15:00Z,3,3,3,3,3,3,1,0,0,3,-1.704391889086777,-1.2593763484318636,,,,,,,,23.946200532758166,-1.699969540484056,588.2000122070312,PS_046,,,2.4712958948204027
25.127590564069763,15.839249610900877,2025-03-11T07:30:00Z,4,4,4,4,4,4,1,0,0,4,-1.5540076089643005,-1.304441569492804,,,,,,,,24.100000381469727,-1.5396945045488843,588.2000122070312,PS_046,,,2.8365483966445253
24.959581344787896,15.837656984492892,2025-03-11T07:45:00Z,4,4,4,4,4,4,1,0,0,4,-1.4692751154391182,-1.3354459489123565,,,,,,,,24.04249760573404,-1.526898898179365,588.2000122070312,PS_046,,,3.776468360455274
24.713006384208004,15.833836337962499,2025-03-11T08:00:00Z,9,9,9,9,9,9,1,0,0,9,-1.660397856926086,-1.3802800049336703,,,,,,,,23.57303879736857,-1.7701090928313765,588.2000122070312,PS_046,,,2.0618905490377477
24.530637142966974,15.836347551761842,2025-03-11T08:15:00Z,13,13,13,13,13,13,1,0,0,13,-1.38819616045089,-1.2424270063913476,,,,,,,,23.45362998314205,-1.5742475886724352,588.2000122070312,PS_046,,,2.92350872560313
24.201663975440248,15.834595918295745,2025-03-11T08:30:00Z,18,18,18,18,18,18,1,0,0,18,-1.0907507060234234,-1.034015870293199,,,,,,,,23.271981056127817,-1.331266250287737,588.2000122070312,PS_046,,,3.808779006428835
23.441173819465654,15.832901116821523,2025-03-11T08:45:00Z,15,15,15,15,15,15,1,0,0,15,-0.9993858430278919,-1.0894244491492646,,,,,,,,22.71668904788066,-1.225098144343934,588.2000122070312,PS_046,,,3.774429016931032
23.233529910563142,15.83325004577637,2025-03-11T09:00:00Z,8,8,8,8,8,8,1,0,0,8,-1.1950881269943203,-1.0593194676606719,,,,,,,,22.398450428741025,-1.27306011854697,588.2000122070312,PS_046,,,3.8990668973981175
23.456107382986836,15.830282961650196,2025-03-11T09:15:00Z,4,4,4,4,4,4,1,0,0,4,-1.3975993820402683,-1.1215032095547488,,,,,,,,22.502640445388867,-1.500806483847822,588.2000122070312,PS_046,,,3.239930551055736
23.831261818069784,15.821999549865723,2025-03-11T09:30:00Z,3,3,3,3,3,3,1,0,0,3,-0.11890934544099813,-0.952464813921379,,,,,,,,22.850187888212346,-0.05512796053614305,588.2000122070312,PS_046,,,3.4751082228845265
24.007279851162362,15.836846728535043,2025-03-11T09:45:00Z,4,4,4,4,4,4,1,0,0,4,1.9320678143378174,-0.7272117422703285,,,,,,,,23.052958675846867,2.224266355342652,588.2000122070312,PS_046,,,2.8699446260656885
23.998457770268722,15.881525950833334,2025-03-11T10:00:00Z,3,3,3,3,3,3,1,0,0,3,3.5315489040523036,-0.4538071741609808,,,,,,,,22.33443856655809,3.332433424765932,588.2000122070312,PS_046,,,2.932669463135849
23.871678248132373,15.988766154693222,2025-03-11T10:15:00Z,4,4,4,4,4,4,1,0,0,4,13.718254022609045,0.7674842429903688,,,,,,,,22.356213896125936,11.430910055620881,588.2000122070312,PS_046,,,1.7780847790922185
23.86500452137802,16.376803860248575,2025-03-11T10:30:00Z,4,4,4,4,4,4,1,0,0,4,48.806330813591025,4.842680908579167,,,,,,,,22.61018817932086,42.09992366498068,588.2000122070312,PS_046,,,1.949850959758451
23.85829632251376,16.703387047787356,2025-03-11T10:45:00Z,3,3,3,3,3,3,1,0,0,3,57.9530198427904,6.587572325389723,,,,,,,,23.252958449229975,52.58320727129493,588.2000122070312,PS_046,,,3.403311759680834
23.686178414931607,16.891005766833523,2025-03-11T11:00:00Z,4,4,4,4,4,4,1,0,0,4,90.7975765867127,11.380210260784382,,,,,,,,24.025670921862446,79.27793534188481,588.2000122070312,PS_046,,,4.366711676099249
23.493987324131474,16.9176027888504,2025-03-11T11:15:00Z,3,3,3,3,3,3,1,0,0,3,97.0013702058564,13.367739595270674,,,,,,,,24.200000762939453,90.87991386427535,588.2000122070312,PS_046,,,3.615920823794365
23.6853353237485,17.102337096196024,2025-03-11T11:30:00Z,4,4,4,4,4,4,1,0,0,4,133.04968903381823,31.681672373647636,,,,,,,,24.53301543482512,90.7493265513338,588.2000122070312,PS_046,,,3.2926211701307126
24.467580536355833,18.429836670537743,2025-03-11T11:45:00Z,3,3,3,3,3,3,1,0,0,3,218.16906954676514,46.351443484463026,,,,,,,,26.00460382464069,150.85432237618593,588.2000122070312,PS_046,,,3.0806664035839013
24.541646197967218,17.470340091237485,2025-03-11T12:00:00Z,4,4,4,4,4,4,1,0,0,4,189.0748139064331,30.756149267491278,,,,,,,,26.299999237060543,164.54924918520723,588.2000122070312,PS_046,,,3.049551727030556
24.55609312494887,16.9806727956737,2025-03-11T12:15:00Z,3,3,3,3,3,3,1,0,0,3,104.33656363456717,16.40249695180536,,,,,,,,26.247570624605945,118.34265196408025,588.2000122070312,PS_046,,,4.3949942096897585
24.507246703554994,16.889224456038743,2025-03-11T12:30:00Z,4,4,4,4,4,4,1,0,0,4,70.55499752476688,12.154427606050689,,,,,,,,25.608321402284783,75.98488883038331,588.2000122070312,PS_046,,,3.5463268984330742
24.18803919153842,16.923696879095633,2025-03-11T12:45:00Z,3,3,3,3,3,3,1,0,0,3,68.89961626262436,12.074601307406285,,,,,,,,23.61036123639196,56.78046692263814,588.2000122070312,PS_046,,,2.8222805516690017
24.079702740176874,17.034063204627454,2025-03-11T13:00:00Z,4,4,4,4,4,4,1,0,0,4,84.71020183917011,13.889497417010908,,,,,,,,23.299999237060547,63.035974282720254,588.4000244140625,PS_046,,,4.058796888738623
24.17455740390553,17.14814635193341,2025-03-11T13:15:00Z,4,4,4,4,4,4,1,0,0,4,104.36667866361117,16.16478266799655,,,,,,,,23.60000038146973,82.20548448743754,588.6000366210938,PS_046,,,5.205680681183411
24.065421263974983,17.361182412191326,2025-03-11T13:30:00Z,4,4,4,4,4,4,1,0,0,4,131.31617377377896,19.774600851746012,,,,,,,,23.60000038146973,108.61095914682545,588.6000366210938,PS_046,,,4.562347492700709
24.158657866973428,18.231226615436217,2025-03-11T13:45:00Z,3,3,3,3,3,3,1,0,0,3,157.0626618097867,23.26437921261208,,,,,,,,23.94691792356502,135.29234610205418,588.7999877929688,PS_046,,,3.7724081939927023
24.875839972533903,18.957525399744846,2025-03-11T14:00:00Z,4,4,4,4,4,4,1,0,0,4,184.818154319941,27.45322256742411,,,,,,,,26.57320944075379,156.71241843951518,588.7999877929688,PS_046,,,1.6784642710697628
25.349427118791688,19.069112433390256,2025-03-11T14:15:00Z,3,3,3,3,3,3,1,0,0,3,218.60681926503943,30.80457088845675,,,,,,,,28.16907729887858,182.65509513206158,588.7999877929688,PS_046,,,2.0350207770935484
25.66029417916042,19.391181282032015,2025-03-11T14:30:00Z,4,4,4,4,4,4,1,0,0,4,295.44059625912206,36.06693214252944,,,,,,,,28.833985248814137,251.67488655183152,588.7999877929688,PS_046,,,2.119113145671437
26.11624803632314,19.046568429857246,2025-03-11T14:45:00Z,3,3,3,3,3,3,1,0,0,3,343.446209221933,38.09532721803706,,,,,,,,31.433725528147036,308.7220633671634,588.7999877929688,PS_046,,,2.2968382980639657
26.368645507186866,19.19140571938305,2025-03-11T15:00:00Z,4,4,4,4,4,4,1,0,0,4,380.00296267792663,39.76837138172932,,,,,,,,31.208249393030137,352.70913381116145,588.7999877929688,PS_046,,,3.1926582239139574
27.005837309286942,19.07338434551698,2025-03-11T15:15:00Z,3,3,3,3,3,3,1,0,0,3,414.3062931906643,41.77046707262317,,,,,,,,32.19771937374617,397.79405209192845,588.7999877929688,PS_046,,,2.876611743463952
27.604719887318055,19.512659705829588,2025-03-11T15:30:00Z,4,4,4,4,4,4,1,0,0,4,530.2845243330742,47.79520506913032,,,,,,,,33.620892031106635,519.6554546303864,588.7999877929688,PS_046,,,3.5369498972736677
27.71490118987708,19.406848618973342,2025-03-11T15:45:00Z,3,3,3,3,3,3,1,0,0,3,679.5395756445838,54.06339899398935,,,,,,,,36.639237829166056,675.2618249585331,588.7999877929688,PS_046,,,3.1506260710847607
28.079029872789686,19.20921009216076,2025-03-11T16:00:00Z,4,4,4,4,4,4,1,0,0,4,726.9064935069915,54.82342381649283,,,,,,,,38.43852421305349,726.2564620386074,588.7999877929688,PS_046,,,2.8454124522214688
28.966434771583792,19.41039722075102,2025-03-11T16:15:00Z,3,3,3,3,3,3,1,0,0,3,1009.121122900739,69.61995422021339,,,,,,,,46.736027176377995,998.747521420817,588.7999877929688,PS_046,,,3.106712834740531
29.094150560323065,17.94926301743505,2025-03-11T16:30:00Z,4,4,4,4,4,4,1,0,0,4,624.8028178416445,49.1841237717386,,,,,,,,42.7084707035341,633.6198019995645,588.7999877929688,PS_046,,,2.6103760781721377
29.400991447142093,18.777684772220745,2025-03-11T16:45:00Z,3,3,3,3,3,3,1,0,0,3,788.3434798583055,57.37014797848306,,,,,,,,40.510872158643615,826.5932399913089,588.7999877929688,PS_046,,,3.8653286096708315
29.251132525673807,18.90526389593853,2025-03-11T17:00:00Z,4,4,4,4,4,4,1,0,0,4,869.1551934485506,54.09417438357132,,,,,,,,42.53079109829642,938.1469831848453,588.7999877929688,PS_046,,,3.045722758268132
30.00614638173015,19.228781368427857,2025-03-11T17:15:00Z,3,3,3,3,3,3,1,0,0,3,1015.8365751569687,61.42729820411854,,,,,,,,46.66903724793381,1126.9891022343368,588.7999877929688,PS_046,,,1.5484865134969943
29.961141717859,18.95356969816144,2025-03-11T17:30:00Z,4,4,4,4,4,4,1,0,0,4,892.3965217460169,50.76263904395623,,,,,,,,45.065255064339425,1027.3677832065696,588.7999877929688,PS_046,,,3.370736056537633
30.21693619361445,18.6133602685428,2025-03-11T17:45:00Z,3,3,3,3,3,3,1,0,0,3,836.3283321207532,47.496546861283804,,,,,,,,47.2680971647588,1009.1478283486758,588.7999877929688,PS_046,,,4.1043529435703965
30.38366171383786,18.459275179548566,2025-03-11T18:00:00Z,4,4,4,4,4,4,1,0,0,4,789.6962947169087,46.16060702762788,,,,,,,,46.638293249204025,998.6536612621816,588.7999877929688,PS_046,,,3.047317938177805
30.791371515978387,18.21253933221413,2025-03-11T18:15:00Z,3,3,3,3,3,3,1,0,0,3,741.200169584833,44.59873366464557,,,,,,,,47.718619612683064,987.9570079699815,588.7999877929688,PS_046,,,3.2187036709857217
30.847094646043395,18.12222864545565,2025-03-11T18:30:00Z,4,4,4,4,4,4,1,0,0,4,690.294381325739,43.23113675587674,,,,,,,,48.564894209765434,975.2935659555242,588.7999877929688,PS_046,,,2.648973540575317
30.907933635546552,17.94467124526024,2025-03-11T18:45:00Z,3,3,3,3,3,3,1,0,0,3,631.7969189250928,42.026441598340696,,,,,,,,47.92276491232594,956.0049676781321,588.7999877929688,PS_046,,,4.030750647446097
31.197660615084498,17.806247129347767,2025-03-11T19:00:00Z,4,4,4,4,4,4,1,0,0,4,583.6699431310316,41.21983473216818,,,,,,,,47.64182004364396,948.9195728055355,588.7999877929688,PS_046,,,3.1219885503267526
31.228403406168546,17.634848360072393,2025-03-11T19:15:00Z,3,3,3,3,3,3,1,0,0,3,524.0917900879822,39.8291298032524,,,,,,,,46.039782666882104,926.3597441369034,588.7999877929688,PS_046,,,3.7672728930754933
31.186553046413962,17.471131356290716,2025-03-11T19:30:00Z,3,3,3,3,3,3,1,0,0,3,465.5163021422277,36.9281026022703,,,,,,,,47.53094580175561,892.0120346494717,588.7999877929688,PS_046,,,2.7567365869007134
31.326746666162684,17.339131619363627,2025-03-11T19:45:00Z,4,4,4,4,4,4,1,0,0,4,403.9400244828539,33.230595568599995,,,,,,,,46.22095162293744,836.4390052943209,588.7999877929688,PS_046,,,3.6092562947954803
31.39694851034762,17.201735433958497,2025-03-11T20:00:00Z,3,3,3,3,3,3,1,0,0,3,340.8781795418806,34.83466441820718,,,,,,,,44.580646133996204,709.913757024281,588.7999877929688,PS_046,,,2.339949711793577
31.344318689737293,17.06731156130169,2025-03-11T20:15:00Z,4,4,4,4,4,4,1,0,0,4,280.5918502055324,37.05714608820244,,,,,,,,40.52702113023505,580.7865206340653,588.7999877929688,PS_046,,,2.581172415785568
31.274472882081774,16.92205851118384,2025-03-11T20:30:00Z,3,3,3,3,3,3,1,0,0,3,216.94999948844514,30.34846643323587,,,,,,,,37.52658492531325,436.9771345400996,588.7999877929688,PS_046,,,2.8053002965026996
30.986684904526243,16.784103523836855,2025-03-11T20:45:00Z,3,3,3,3,3,3,1,0,0,3,162.73909447061584,16.334847729221245,,,,,,,,35.146895813919826,326.6450120711416,588.7999877929688,PS_046,,,2.8836083957484395
30.686782486748758,16.63231332156616,2025-03-11T21:00:00Z,4,4,4,4,4,4,1,0,0,4,106.4894637338846,7.408737386944698,,,,,,,,32.80928242213931,198.49350159295108,588.7999877929688,PS_046,,,2.036474800869839
30.265854440553575,16.381603805883703,2025-03-11T21:15:00Z,3,3,3,3,3,3,1,0,0,3,40.50282764521387,2.8153226397156876,,,,,,,,30.266629768497037,62.20400615200973,588.7999877929688,PS_046,,,2.7827555587537924
29.024773329646806,16.042359651354662,2025-03-11T21:30:00Z,4,4,4,4,4,4,1,0,0,4,7.307325902211442,-0.5920628271033928,,,,,,,,27.7745565009169,7.356686239365753,588.7999877929688,PS_046,,,2.2289005300533837
28.400195545429593,15.992950067760908,2025-03-11T21:45:00Z,3,3,3,3,3,3,1,0,0,3,-0.08609762600791701,-1.0835191935371173,,,,,,,,26.529597406061512,-1.209825957442666,588.7999877929688,PS_046,,,2.1998841935221254
27.85719008907308,16.007164716218888,2025-03-11T22:00:00Z,3,3,3,3,3,3,1,0,0,3,-2.119276515245923,-1.7041403945174558,,,,,,,,26.0,-2.4409958291897618,588.7999877929688,PS_046,,,2.645260796532115
27.482797064722213,16.012500762939453,2025-03-11T22:15:00Z,4,4,4,4,4,4,1,0,0,4,-2.2198506623686765,-1.6632597150300517,,,,,,,,25.586380556624107,-2.4340431995479554,588.7999877929688,PS_046,,,1.9042482345472969
27.12283783168083,16.012500762939453,2025-03-11T22:30:00Z,3,3,3,3,3,3,1,0,0,3,-2.4224561944671534,-1.7912869322626659,,,,,,,,24.89078936275967,-2.6920314621487726,588.7999877929688,PS_046,,,1.0748629913770498
27.00934594612252,16.00743378434016,2025-03-11T22:45:00Z,4,4,4,4,4,4,1,0,0,4,-2.4580968023434764,-1.8249981395110757,,,,,,,,24.613910422268678,-2.3875796941185143,588.7999877929688,PS_046,,,1.0379138262779581
26.632870688093867,16.00050163269043,2025-03-11T23:00:00Z,3,3,3,3,3,3,1,0,0,3,-2.436303166819436,-1.7807769545353298,,,,,,,,24.399999618530273,-2.4441055554076927,588.7999877929688,PS_046,,,0.7519941306674629
26.24401337165702,15.995249748229979,2025-03-11T23:15:00Z,3,3,3,3,3,3,1,0,0,3,-2.3655715974090974,-1.6486422474434919,,,,,,,,24.027395760517734,-2.6155708002495093,588.7999877929688,PS_046,,,0.8915050983205765
26.247145264574872,15.992183338982871,2025-03-11T23:30:00Z,4,4,4,4,4,4,1,0,0,4,-2.2794782673273897,-1.6610654056433323,,,,,,,,23.799999237060547,-2.5305869823869322,588.7999877929688,PS_046,,,0.28779936966136793
26.63891191712519,15.98324966430664,2025-03-11T23:45:00Z,3,3,3,3,3,3,1,0,0,3,-1.9420552505531197,-1.758602052593754,,,,,,,,23.932736886561784,-1.987397768710443,588.7999877929688,PS_046,,,0.3388926242399075
25.92004008512185,15.976547806808055,2025-03-12T00:00:00Z,4,4,4,4,4,4,1,0,0,4,-2.012346491148737,-1.746812801867618,,,,,,,,23.899999618530277,-2.0662425156042046,588.7999877929688,PS_046,,,0.06145345461172762
26.538842933850344,15.97297651651277,2025-03-12T00:15:00Z,3,3,3,3,3,3,1,0,0,3,-1.9717513568897738,-1.6305234490990752,,,,,,,,24.10911753076407,-2.0245192393060867,588.7999877929688,PS_046,,,0.12074160354103279
26.818963094023623,15.968129914494627,2025-03-12T00:30:00Z,4,4,4,4,4,4,1,0,0,4,-1.9311964633339105,-1.5798927859571854,,,,,,,,24.55146684214546,-1.890738309553964,588.7999877929688,PS_046,,,0.1658637755006375
26.607129142897552,15.959909053321468,2025-03-12T00:45:00Z,3,3,3,3,3,3,1,0,0,3,-1.9009528976048586,-1.3895681458283677,,,,,,,,24.700000762939453,-2.0068602494412118,588.7999877929688,PS_046,,,0.7074905751453404
26.6765138307396,15.955350262377856,2025-03-12T01:00:00Z,4,4,4,4,4,4,1,0,0,4,-2.0731866952623106,-1.6751663639367929,,,,,,,,24.700000762939453,-2.186184418188922,588.7999877929688,PS_046,,,0.0
26.82277810207916,15.948749542236332,2025-03-12T01:15:00Z,4,4,4,4,4,4,1,0,0,4,-2.0032297319990913,-1.7020044716279694,,,,,,,,24.653504569562077,-1.8537851000976173,588.7999877929688,PS_046,,,0.09209947618017172
26.00035070160308,15.942749977111813,2025-03-12T01:30:00Z,3,3,3,3,3,3,1,0,0,3,-1.3085904132772406,-1.2823469382537054,,,,,,,,24.648224195566723,-1.8122800056637756,588.7999877929688,PS_046,,,2.1708815743688588
25.718132750539134,15.937499046325684,2025-03-12T01:45:00Z,4,4,4,4,4,4,1,0,0,4,-1.5820145843379148,-1.3342441057473866,,,,,,,,24.352253918311323,-1.9011783836110774,588.7999877929688,PS_046,,,1.1505481721928756
25.72814233113502,15.93168374960709,2025-03-12T02:00:00Z,4,4,4,4,4,4,1,0,0,4,-1.674747177050711,-1.4418036487197239,,,,,,,,24.39999961853027,-1.8638027665825276,588.7999877929688,PS_046,,,1.184858233919787
25.542494853736713,15.92549991607666,2025-03-12T02:15:00Z,3,3,3,3,3,3,1,0,0,3,-1.7845342383744687,-1.4977084406295262,,,,,,,,24.100000381469723,-1.9305459581773547,588.7999877929688,PS_046,,,0.9600970914570311
25.40202744229274,15.921445605908874,2025-03-12T02:30:00Z,4,4,4,4,4,4,1,0,0,4,-1.6871805832893738,-1.4280952208483682,,,,,,,,24.100000381469727,-1.828822730855718,588.7999877929688,PS_046,,,1.3711457759250447
25.336216049081663,15.914249420166014,2025-03-12T02:45:00Z,3,3,3,3,3,3,1,0,0,3,-1.6588090218627944,-1.3098912718391251,,,,,,,,24.100000381469727,-1.817538905144405,588.7999877929688,PS_046,,,1.7872429630674591
25.16868026969765,15.908918250852993,2025-03-12T03:00:00Z,4,4,4,4,4,4,1,0,0,4,-1.5347176818081112,-1.1618440170968611,,,,,,,,23.966006428153815,-1.6329609472334279,588.7999877929688,PS_046,,,2.172903789626313
24.994754359155145,15.9055431896107,2025-03-12T03:15:00Z,4,4,4,4,4,4,1,0,0,4,-1.991267195857809,-1.3095838483525626,,,,,,,,23.256504958952146,-2.1919314324084764,588.7999877929688,PS_046,,,1.879863955856675
24.89853365672612,15.901434546962715,2025-03-12T03:30:00Z,3,3,3,3,3,3,1,0,0,3,-2.2241589618030853,-1.2470593803142156,,,,,,,,23.100000381469723,-2.5577239360817927,588.7999877929688,PS_046,,,2.8902769193412694
24.642480244959344,15.896049355363147,2025-03-12T03:45:00Z,4,4,4,4,4,4,1,0,0,4,-1.8688888817382132,-1.1637857622087613,,,,,,,,22.97226863852454,-2.2526938565542154,588.7999877929688,PS_046,,,3.0833878746108607
24.384670449102526,15.891218708033792,2025-03-12T04:00:00Z,4,4,4,4,4,4,1,0,0,4,-1.4819346004265515,-1.01963404891791,,,,,,,,23.268143266658868,-1.6598155662429237,588.7999877929688,PS_046,,,3.758693845562003
24.37820791757891,15.885000228881834,2025-03-12T04:15:00Z,3,3,3,3,3,3,1,0,0,3,-1.5238674117957982,-1.065050276345259,,,,,,,,23.299999237060543,-1.4771762408016584,588.7999877929688,PS_046,,,3.793433457115109
24.30260775281688,15.879750251770021,2025-03-12T04:30:00Z,4,4,4,4,4,4,1,0,0,4,-2.1511876837055657,-1.079418908007532,,,,,,,,22.87420845634127,-1.5530173656216304,588.7999877929688,PS_046,,,3.2761837090127517
24.01094775155846,15.873749732971191,2025-03-12T04:45:00Z,3,3,3,3,3,3,1,0,0,3,-1.8231185551503888,-1.0811408265323192,,,,,,,,22.799999237060543,-1.5911556204633308,588.7999877929688,PS_046,,,3.1556658591181788
23.890842761652948,15.869917830741072,2025-03-12T05:00:00Z,4,4,4,4,4,4,1,0,0,4,-1.3902202587167318,-1.0322669673443499,,,,,,,,22.980006341303454,-1.3119051533620434,588.7999877929688,PS_046,,,3.9318600659256027
23.823307695454996,15.867749214172363,2025-03-12T05:15:00Z,4,4,4,4,4,4,1,0,0,4,-1.3385231032611653,-1.0395166337615498,,,,,,,,23.052485525298987,-1.343130645460461,588.7999877929688,PS_046,,,4.552329866078898
23.946492487092033,15.861749649047853,2025-03-12T05:30:00Z,3,3,3,3,3,3,1,0,0,3,-1.4968084525329117,-1.059999942779541,,,,,,,,23.050372621808975,-1.5044949360320112,588.7999877929688,PS_046,,,3.2042006874143008
24.017899542519356,15.856500625610352,2025-03-12T05:45:00Z,4,4,4,4,4,4,1,0,0,4,-1.6183527516540424,-1.0962353295497678,,,,,,,,22.8889833999478,-1.6803410027306382,588.7999877929688,PS_046,,,2.1735705697609733
24.158101925964985,15.851537504969482,2025-03-12T06:00:00Z,3,3,3,3,3,3,1,0,0,3,-1.4715899159875085,-1.0705120745589192,,,,,,,,23.100000381469727,-1.5579517925238109,588.7999877929688,PS_046,,,2.872383565227011
24.042451793895957,15.850500106811522,2025-03-12T06:15:00Z,4,4,4,4,4,4,1,0,0,4,-1.5635947506032282,-1.17635682503348,,,,,,,,23.100000381469727,-1.615776117122234,588.7999877929688,PS_046,,,2.4210458041361593
23.96011503122383,15.847915480882854,2025-03-12T06:30:00Z,4,4,4,4,4,4,1,0,0,4,-1.5609847290876564,-1.159225393435414,,,,,,,,22.79999923706055,-1.696433613017713,588.7999877929688,PS_046,,,3.057450124397112
23.85683694341793,15.843744082754952,2025-03-12T06:45:00Z,3,3,3,3,3,3,1,0,0,3,-1.5382202881784306,-1.1399999856948853,,,,,,,,22.84512841214466,-1.6669070286220449,588.7999877929688,PS_046,,,2.8700394124801747
23.747648429717216,15.839249610900879,2025-03-12T07:00:00Z,4,4,4,4,4,4,1,0,0,4,-1.5361720883152963,-1.1776829381016436,,,,,,,,22.684632501882152,-1.6068693312880742,588.7999877929688,PS_046,,,2.162083934606269
23.626663208007812,15.839249610900877,2025-03-12T07:15:00Z,3,3,3,3,3,3,1,0,0,3,-1.7374441837587855,-1.3090949540927117,,,,,,,,22.5,-1.8211187205279888,588.7999877929688,PS_046,,,1.6056120221086188
23.5924938672512,15.833250045776367,2025-03-12T07:30:00Z,4,4,4,4,4,4,1,0,0,4,-1.7311016844586251,-1.33451547672911,,,,,,,,22.329356617360745,-1.8540204413784651,588.7999877929688,PS_046,,,1.3078637255548387
23.449985787004493,15.828897486393448,2025-03-12T07:45:00Z,3,3,3,3,3,3,1,0,0,3,-1.7659266592332585,-1.3399384110912336,,,,,,,,22.299999237060547,-1.8545997136718502,588.7999877929688,PS_046,,,1.3933199057748162
23.373979422555312,15.831150680083917,2025-03-12T08:00:00Z,6,6,6,6,6,6,1,0,0,6,-1.8846606459287303,-1.448448679100755,,,,,,,,22.031609334094334,-1.9676617691830758,588.7999877929688,PS_046,,,0.7877826488034075
23.258179337379985,15.827249526977537,2025-03-12T08:15:00Z,11,11,11,11,11,11,1,0,0,11,-1.913945597144925,-1.5057213977156736,,,,,,,,21.789729026250576,-2.0693225374846587,588.7999877929688,PS_046,,,0.7974485701550302
23.121688869344045,15.826398136561009,2025-03-12T08:30:00Z,12,12,12,12,12,12,1,0,0,12,-1.9358158864385147,-1.55117088000149,,,,,,,,21.469956346073534,-2.169587225812853,588.7999877929688,PS_046,,,1.2831484392390595
22.859362226349855,15.823643727727845,2025-03-12T08:45:00Z,10,10,10,10,10,10,1,0,0,10,-1.520872584556038,-1.3122634054836682,,,,,,,,21.582298061216996,-1.7916073947631532,588.7999877929688,PS_046,,,2.389983554084071
22.61180300900882,15.82199954986572,2025-03-12T09:00:00Z,7,7,7,7,7,7,1,0,0,7,-1.5584409404227069,-1.2462202419601058,,,,,,,,21.410346824188185,-1.8074257752789682,588.7999877929688,PS_046,,,2.0000384305873498
22.118808972488107,15.816903895426641,2025-03-12T09:15:00Z,4,4,4,4,4,4,1,0,0,4,-0.8813260454353234,-1.0952567839903802,,,,,,,,21.155536321502115,-1.176493373784162,588.7999877929688,PS_046,,,2.9951169145858545
22.001740937164183,15.812815361565379,2025-03-12T09:30:00Z,3,3,3,3,3,3,1,0,0,3,0.9444097489504789,-0.8756257947344096,,,,,,,,20.9478179980919,0.5568620492000859,588.7999877929688,PS_046,,,3.0130724370940474
22.00625987072817,15.89449179517467,2025-03-12T09:45:00Z,4,4,4,4,4,4,1,0,0,4,12.379650651451188,0.29202233108956777,,,,,,,,21.200000762939453,12.06037298639743,588.7999877929688,PS_046,,,2.697661495833277
22.1018375987317,16.13784417339836,2025-03-12T10:00:00Z,3,3,3,3,3,3,1,0,0,3,34.03830768400262,2.6312598596096586,,,,,,,,21.665444777730787,34.252087604475776,588.7999877929688,PS_046,,,2.8142780096267943
22.338204177415083,16.53902883234558,2025-03-12T10:15:00Z,4,4,4,4,4,4,1,0,0,4,55.60795723699741,5.005024005235438,,,,,,,,22.22666659294368,57.968930596053134,588.7999877929688,PS_046,,,2.4034956344473883
22.534770088020995,16.723099701672794,2025-03-12T10:30:00Z,4,4,4,4,4,4,1,0,0,4,70.66665822517574,7.17361544641654,,,,,,,,22.915033053022313,73.44177542294881,588.7999877929688,PS_046,,,2.802256649785691
22.987795840611867,16.83191060030803,2025-03-12T10:45:00Z,3,3,3,3,3,3,1,0,0,3,97.03296040138304,11.76888291060262,,,,,,,,23.65925885299649,105.79763033452429,588.7999877929688,PS_046,,,1.9286057280935087
23.31024120885785,17.018121186606862,2025-03-12T11:00:00Z,4,4,4,4,4,4,1,0,0,4,138.58843946498544,17.970316768521332,,,,,,,,24.8622137620179,148.74718304805114,588.7999877929688,PS_046,,,2.4023831943978666
23.782986279430766,17.547044510586762,2025-03-12T11:15:00Z,3,3,3,3,3,3,1,0,0,3,213.20862132067978,28.5405726301358,,,,,,,,26.926115348718156,257.86321456785214,588.7999877929688,PS_046,,,2.71666348039902
24.676678321804715,18.53924179371349,2025-03-12T11:30:00Z,4,4,4,4,4,4,1,0,0,4,277.6689021063435,38.920070877838704,,,,,,,,31.417625729793688,382.1218177171592,588.7999877929688,PS_046,,,2.1879804688936537
25.08356338925812,18.683609823343385,2025-03-12T11:45:00Z,3,3,3,3,3,3,1,0,0,3,311.72146866567135,39.842421781822985,,,,,,,,34.53149333029312,489.0619740528452,588.7999877929688,PS_046,,,2.272508213238793
25.748277710195367,19.386587513611683,2025-03-12T12:00:00Z,4,4,4,4,4,4,1,0,0,4,446.96082064545584,48.31997050089256,,,,,,,,35.55798139008265,707.8574655531831,588.7999877929688,PS_046,,,2.872618984280363
26.774824479200912,19.714881671901306,2025-03-12T12:15:00Z,3,3,3,3,3,3,1,0,0,3,578.0604647242318,57.1555747864799,,,,,,,,44.28290877793508,866.1490737227294,588.7999877929688,PS_046,,,1.9331950076622892
27.718226585986002,19.617713615353164,2025-03-12T12:30:00Z,4,4,4,4,4,4,1,0,0,4,658.6452707457919,63.18803875360191,,,,,,,,45.42309481057289,888.6380516014565,588.7999877929688,PS_046,,,2.4664005396418442
28.043049847339475,19.24398403618495,2025-03-12T12:45:00Z,4,4,4,4,4,4,1,0,0,4,677.9049907534281,65.79337669351112,,,,,,,,43.62966693598461,827.7533386089148,588.7999877929688,PS_046,,,2.485480959884273
28.13001310739458,18.745976871201,2025-03-12T13:00:00Z,3,3,3,3,3,3,1,0,0,3,627.6267972332292,60.74679512075865,,,,,,,,40.4587651109838,711.1665859380568,588.7999877929688,PS_046,,,3.387169056027197
28.25734115614211,19.357207496787883,2025-03-12T13:15:00Z,4,4,4,4,4,4,1,0,0,4,761.3635522999218,61.42138432143893,,,,,,,,39.891103953224295,845.7454397185691,588.7999877929688,PS_046,,,3.035616672748901
29.04274557532843,19.031177562945867,2025-03-12T13:30:00Z,3,3,3,3,3,3,1,0,0,3,809.3937427323203,54.06184576089696,,,,,,,,44.13338177923426,906.8661109509419,588.7999877929688,PS_046,,,3.075937543686122
29.444105580759185,19.094223913629484,2025-03-12T13:45:00Z,4,4,4,4,4,4,1,0,0,4,812.4988855255083,47.64402115715641,,,,,,,,43.00860685148372,912.7886528448304,588.7999877929688,PS_046,,,2.2044121161479504
30.442676804747478,19.177543332564827,2025-03-12T14:00:00Z,3,3,3,3,3,3,1,0,0,3,914.9530971030613,48.9169965976776,,,,,,,,46.31556925379192,1002.6336943040545,588.7999877929688,PS_046,,,1.8713284330432167
31.07062070002944,18.808738939772347,2025-03-12T14:15:00Z,4,4,4,4,4,4,1,0,0,4,900.2352678315261,44.754046582365454,,,,,,,,49.72154248112176,923.6364243401507,588.7999877929688,PS_046,,,2.978037214657118
31.32105916449907,19.121204376259616,2025-03-12T14:30:00Z,3,3,3,3,3,3,1,0,0,3,969.7072666602209,49.429431120988966,,,,,,,,46.51107949705553,994.6364167151202,588.7999877929688,PS_046,,,4.837965040245441
31.791424319098667,18.930861636384282,2025-03-12T14:45:00Z,4,4,4,4,4,4,1,0,0,4,995.7154475673763,49.96497343834176,,,,,,,,48.65926964708101,1006.7090865905665,588.7999877929688,PS_046,,,2.718781985056288
32.250426959081636,18.75529056458252,2025-03-12T15:00:00Z,3,3,3,3,3,3,1,0,0,3,1013.2040339536554,49.64705415303465,,,,,,,,51.186623655895886,1014.1768186001214,588.7999877929688,PS_046,,,1.7407150145552834
32.75444942465697,18.618985208354353,2025-03-12T15:15:00Z,4,4,4,4,4,4,1,0,0,4,929.1182603426662,44.05082755639852,,,,,,,,49.195216083279156,875.7968651970754,588.7999877929688,PS_046,,,2.9470326633229504
33.053356713205424,18.625100393304926,2025-03-12T15:30:00Z,3,3,3,3,3,3,1,0,0,3,1025.6076271419518,49.73330652237635,,,,,,,,53.68751178257884,1008.2720637265375,588.7999877929688,PS_046,,,2.8290875170561702
33.394358763732555,18.732228889972237,2025-03-12T15:45:00Z,4,4,4,4,4,4,1,0,0,4,1026.6249807554818,50.82581771968215,,,,,,,,52.80107872796474,1019.6089526852476,588.7999877929688,PS_046,,,1.9110757202850108
34.02105373282087,18.413208665937603,2025-03-12T16:00:00Z,3,3,3,3,3,3,1,0,0,3,1014.0831290073575,49.755795695702254,,,,,,,,58.39936395195428,1008.6915206036105,588.7999877929688,PS_046,,,1.4676902521043396
33.658275769259596,18.575534405036635,2025-03-12T16:15:00Z,4,4,4,4,4,4,1,0,0,4,1009.3406581793299,51.07899193982296,,,,,,,,56.13983925059535,1013.512212189376,588.7999877929688,PS_046,,,2.4117821839942617
34.05128049893641,18.43350895755259,2025-03-12T16:30:00Z,3,3,3,3,3,3,1,0,0,3,1009.1080429282022,52.37024875509802,,,,,,,,59.90063642403777,1034.2964333336051,588.7999877929688,PS_046,,,1.0189938325536234
34.60006394572425,18.23069772573482,2025-03-12T16:45:00Z,4,4,4,4,4,4,1,0,0,4,915.5797574453576,49.21367355852868,,,,,,,,60.902669421074386,957.9661802075365,588.7999877929688,PS_046,,,1.752094280673981
33.80198784302391,18.6036084791353,2025-03-12T17:00:00Z,3,3,3,3,3,3,1,0,0,3,955.3799968498098,52.18108963437648,,,,,,,,48.375206800301704,1057.664684903035,588.7999877929688,PS_046,,,3.288019254524445
33.86394748731105,18.624049308114465,2025-03-12T17:15:00Z,4,4,4,4,4,4,1,0,0,4,969.8521647173691,56.19274536008883,,,,,,,,49.31458105865212,1070.289923740644,588.7999877929688,PS_046,,,3.358304262454907
33.82901579369226,18.420933983443952,2025-03-12T17:30:00Z,3,3,3,3,3,3,1,0,0,3,926.8677476021547,54.93015796356974,,,,,,,,52.556216341872286,1055.445334546497,588.7999877929688,PS_046,,,2.141150521094396
34.424013254158574,18.19568746755263,2025-03-12T17:45:00Z,4,4,4,4,4,4,1,0,0,4,873.923797877415,55.97128905147835,,,,,,,,53.81028926768773,1033.4259906177037,588.7999877929688,PS_046,,,3.2182571238126876
33.901121728995115,17.273065606929464,2025-03-12T18:00:00Z,3,3,3,3,3,3,1,0,0,3,542.6851846341176,57.63471015292407,,,,,,,,47.62676586265636,718.3201152695518,588.7999877929688,PS_046,,,1.8439737588781238
33.79874858629771,17.004931981273394,2025-03-12T18:15:00Z,4,4,4,4,4,4,1,0,0,4,450.357701539663,34.01133986856252,,,,,,,,45.398224612792625,526.9227488718494,588.7999877929688,PS_046,,,3.3529665068413994
33.232016656077,16.49267625646177,2025-03-12T18:30:00Z,3,3,3,3,3,3,1,0,0,3,221.51740356194918,28.30034038707285,,,,,,,,38.27735127815602,221.67019252020583,588.7999877929688,PS_046,,,2.9045768777923495
33.14976640804194,16.360424485889897,2025-03-12T18:45:00Z,4,4,4,4,4,4,1,0,0,4,161.67655066670653,22.83125137704296,,,,,,,,37.50435681761062,171.3752215014282,588.7999877929688,PS_046,,,1.404463385127831
33.337053164410115,16.77794461161589,2025-03-12T19:00:00Z,3,3,3,3,3,3,1,0,0,3,245.0475377168525,33.48516380119694,,,,,,,,37.99086591469232,273.17402946913967,588.7999877929688,PS_046,,,1.590912625466608
33.15074189328479,16.552830453829557,2025-03-12T19:15:00Z,3,3,3,3,3,3,1,0,0,3,170.90897682654872,28.953815400906837,,,,,,,,38.03441283622728,206.78922248185907,588.7999877929688,PS_046,,,2.8825009463953117
32.61490108361324,16.452771978777886,2025-03-12T19:30:00Z,4,4,4,4,4,4,1,0,0,4,117.98160393956049,19.100818908167987,,,,,,,,37.014314786779465,130.13756198919356,588.7999877929688,PS_046,,,3.7050283399935253
31.685347558071435,16.30733945171933,2025-03-12T19:45:00Z,3,3,3,3,3,3,1,0,0,3,91.37132919424862,11.811016564539335,,,,,,,,32.49425099693732,89.69470558954643,588.7999877929688,PS_046,,,4.1028456854200455
31.541043384006628,16.180731886283397,2025-03-12T20:00:00Z,3,3,3,3,3,3,1,0,0,3,58.134870470325666,7.5655343882662685,,,,,,,,31.783577360748957,61.946085794956815,588.7999877929688,PS_046,,,2.879504732825999
30.375831802530552,16.2662378100354,2025-03-12T20:15:00Z,4,4,4,4,4,4,1,0,0,4,61.81475432565661,5.566766953752619,,,,,,,,28.79754773365253,69.35092275647023,588.7999877929688,PS_046,,,1.1927788692160641
27.564144066683752,16.845970407401506,2025-03-12T20:30:00Z,3,3,3,3,3,3,1,0,0,3,152.9521698121065,14.269244269011985,,,,,,,,26.39393349251009,200.70501629779068,589.0,PS_046,,,2.453329871729753
29.589018509655048,17.21218384301505,2025-03-12T20:45:00Z,3,3,3,3,3,3,1,0,0,3,225.36803907346624,21.349287087546433,,,,,,,,30.898287436697064,336.06622984968783,589.2000122070312,PS_046,,,1.535710879615281
29.0892811006235,16.579322044884144,2025-03-12T21:00:00Z,4,4,4,4,4,4,1,0,0,4,74.19452665617634,6.297101650180682,,,,,,,,31.617348376360756,93.47528486807985,589.2000122070312,PS_046,,,1.793054514427252
28.228235260802375,16.22034738420815,2025-03-12T21:15:00Z,3,3,3,3,3,3,1,0,0,3,18.14327716815879,0.457595818125975,,,,,,,,27.755567398338147,20.10671517147841,589.2000122070312,PS_046,,,0.7519104997660502
28.382969738545622,16.06360984071436,2025-03-12T21:30:00Z,3,3,3,3,3,3,1,0,0,3,7.186223861511877,-0.861283638461925,,,,,,,,26.328477511002568,7.7683833318009015,589.2000122070312,PS_046,,,0.0
27.794804426846575,15.936642952212932,2025-03-12T21:45:00Z,3,3,3,3,3,3,1,0,0,3,-0.5454773694387779,-1.8002275140112507,,,,,,,,25.393214000713467,-0.7126443648800259,589.2000122070312,PS_046,,,0.0
27.368691289890396,15.93579266715979,2025-03-12T22:00:00Z,4,4,4,4,4,4,1,0,0,4,-2.2565979618666154,-1.5979383033945638,,,,,,,,25.25602401486928,-2.1690942727091063,589.2000122070312,PS_046,,,1.1747612731969874
26.740286350647292,15.955711785230905,2025-03-12T22:15:00Z,3,3,3,3,3,3,1,0,0,3,-2.1610627201679184,-1.5247263826392676,,,,,,,,24.89999961853027,-2.124353985788954,589.2000122070312,PS_046,,,1.4717334925607017
26.851384975362848,15.960000038146973,2025-03-12T22:30:00Z,3,3,3,3,3,3,1,0,0,3,-2.0081676556906234,-1.4225320253706095,,,,,,,,24.899999618530273,-1.9436869407902142,589.2000122070312,PS_046,,,1.7994822917378754
26.708853561477802,15.96190995249576,2025-03-12T22:45:00Z,4,4,4,4,4,4,1,0,0,4,-2.0072407353092614,-1.5078284415609249,,,,,,,,24.87135594622035,-2.0080591128728926,589.2000122070312,PS_046,,,1.5781904584808866
26.401989575403217,15.960000038146969,2025-03-12T23:00:00Z,3,3,3,3,3,3,1,0,0,3,-2.126328810080308,-1.6943823418016954,,,,,,,,24.39999961853027,-2.2099888389183957,589.2000122070312,PS_046,,,1.2396784727122436
26.73364865533704,15.95630906988646,2025-03-12T23:15:00Z,3,3,3,3,3,3,1,0,0,3,-2.217321511215636,-1.6515332571146375,,,,,,,,24.100000381469727,-2.390237205724584,589.2000122070312,PS_046,,,0.043088133330675106
26.649742795780583,15.955703336970927,2025-03-12T23:30:00Z,3,3,3,3,3,3,1,0,0,3,-2.1027103465623567,-1.545626284750862,,,,,,,,24.100000381469727,-2.2808946001565222,589.2000122070312,PS_046,,,0.9085612706541494
26.63882090887499,15.951483742869584,2025-03-12T23:45:00Z,4,4,4,4,4,4,1,0,0,4,-1.9224045715608349,-1.419223913380195,,,,,,,,24.766033637904716,-2.035425607801161,589.2000122070312,PS_046,,,1.7468306180998772
26.604149828713627,15.943931697696858,2025-03-13T00:00:00Z,3,3,3,3,3,3,1,0,0,3,-1.977433788737256,-1.5720314660223016,,,,,,,,24.772821871871056,-2.041709373079469,589.2000122070312,PS_046,,,0.6651206675448016
26.6056257489855,15.942065373994067,2025-03-13T00:15:00Z,4,4,4,4,4,4,1,0,0,4,-1.929402193376372,-1.5374675510559717,,,,,,,,24.757082158297045,-2.048474851029641,589.2000122070312,PS_046,,,0.975331341227272
26.70971291224962,15.937499046325685,2025-03-13T00:30:00Z,3,3,3,3,3,3,1,0,0,3,-1.763418903364584,-1.3465001980500657,,,,,,,,25.127756278702904,-1.8213675970566803,589.2000122070312,PS_046,,,2.021142674704282
26.598686301582806,15.931500434875485,2025-03-13T00:45:00Z,3,3,3,3,3,3,1,0,0,3,-1.6172979497761724,-1.2845355144802055,,,,,,,,25.24808588738114,-1.6945958619891544,589.2000122070312,PS_046,,,2.136687412195286
26.67486606609066,15.926320265410583,2025-03-13T01:00:00Z,4,4,4,4,4,4,1,0,0,4,-1.6387838833848323,-1.2831817502861234,,,,,,,,25.499999999999993,-1.7318146685947278,589.2000122070312,PS_046,,,2.337781641481818
26.687566954843543,15.923246091636768,2025-03-13T01:15:00Z,3,3,3,3,3,3,1,0,0,3,-1.6420563373312727,-1.2737566236892877,,,,,,,,25.5,-1.7216260269452954,589.2000122070312,PS_046,,,2.734701195272306
26.546692905057355,15.91950035095215,2025-03-13T01:30:00Z,4,4,4,4,4,4,1,0,0,4,-1.8139879752384682,-1.3959887665923048,,,,,,,,25.151702345230362,-1.928916931771113,589.2000122070312,PS_046,,,1.189424309311108
26.532279504587688,15.915052232548746,2025-03-13T01:45:00Z,4,4,4,4,4,4,1,0,0,4,-1.9143659418119472,-1.3080464079794902,,,,,,,,24.87686504023963,-2.0151250373010474,589.2000122070312,PS_046,,,2.0201974977275046
26.165997094858042,15.914249420166016,2025-03-13T02:00:00Z,3,3,3,3,3,3,1,0,0,3,-1.9967223387527318,-1.3264952028018917,,,,,,,,24.47657909071547,-2.1547428569960654,589.2000122070312,PS_046,,,1.951406168384239
26.211743983229102,15.90666225749734,2025-03-13T02:15:00Z,3,3,3,3,3,3,1,0,0,3,-1.9963104993339322,-1.2536729836777534,,,,,,,,24.399999618530273,-2.0608009570601,589.2000122070312,PS_046,,,2.9654416668285815
25.96693124842457,15.903026641159043,2025-03-13T02:30:00Z,4,4,4,4,4,4,1,0,0,4,-2.0134686650906657,-1.283929304064299,,,,,,,,24.18661188526169,-2.131174167149184,589.2000122070312,PS_046,,,1.9733490568874614
25.954300821990998,15.900967087429665,2025-03-13T02:45:00Z,3,3,3,3,3,3,1,0,0,3,-2.037327132420309,-1.3495391389967801,,,,,,,,24.100000381469727,-2.172555898270362,589.2000122070312,PS_046,,,1.6913536870309032
25.808501062663698,15.897704667969476,2025-03-13T03:00:00Z,4,4,4,4,4,4,1,0,0,4,-2.067979586947706,-1.5233297495815894,,,,,,,,23.909518038315984,-2.259149187703592,589.2000122070312,PS_046,,,1.2118294626837705
25.333626913075722,15.895807943979124,2025-03-13T03:15:00Z,3,3,3,3,3,3,1,0,0,3,-1.7494086347341196,-1.5472309305670278,,,,,,,,23.65958477687701,-1.9879629892068311,589.2000122070312,PS_046,,,2.607158688014305
25.0492650028393,15.891000747680662,2025-03-13T03:30:00Z,4,4,4,4,4,4,1,0,0,4,-1.4440657802105508,-1.3341862872236425,,,,,,,,23.85301818248935,-1.673718234720995,589.2000122070312,PS_046,,,2.4577174531640797
24.683216748622925,15.885000228881834,2025-03-13T03:45:00Z,3,3,3,3,3,3,1,0,0,3,-1.8783237358074276,-1.496726493292689,,,,,,,,23.354847605421064,-2.1115972703931263,589.2000122070312,PS_046,,,1.3549802992156825
24.626663208007812,15.883617586915028,2025-03-13T04:00:00Z,4,4,4,4,4,4,1,0,0,4,-1.8646256890930226,-1.516668213891281,,,,,,,,23.10000038146973,-2.0936065656240643,589.2000122070312,PS_046,,,1.2486918975651855
24.6168633270474,15.87975025177002,2025-03-13T04:15:00Z,3,3,3,3,3,3,1,0,0,3,-1.704930286085351,-1.417152010859293,,,,,,,,23.267369873406412,-1.8526726458921918,589.2000122070312,PS_046,,,1.0859583486208655
24.724249495592243,15.878801854729245,2025-03-13T04:30:00Z,4,4,4,4,4,4,1,0,0,4,-1.9609468197528157,-1.6094244650149985,,,,,,,,23.005313741615893,-2.0567979270046677,589.2000122070312,PS_046,,,0.05149506842939404
24.51834569072777,15.873749732971191,2025-03-13T04:45:00Z,3,3,3,3,3,3,1,0,0,3,-1.5880750332772324,-1.4453356422672547,,,,,,,,23.14297602806015,-1.8437774129733164,589.2000122070312,PS_046,,,0.33502660922306227
24.44969522933996,15.868534394449641,2025-03-13T05:00:00Z,4,4,4,4,4,4,1,0,0,4,-1.8073572613103814,-1.5404625254420587,,,,,,,,23.109570644931303,-1.9946849676036251,589.2000122070312,PS_046,,,0.477653633224475
24.111761881875736,15.867749214172363,2025-03-13T05:15:00Z,3,3,3,3,3,3,1,0,0,3,-1.639999985694885,-1.590320607194158,,,,,,,,22.73908126924508,-2.0374957413655967,589.2000122070312,PS_046,,,1.6715729296900799
23.95184386264291,15.863614495089957,2025-03-13T05:30:00Z,4,4,4,4,4,4,1,0,0,4,-1.682182429137332,-1.4768318208193625,,,,,,,,22.500000000000004,-2.0031635222842055,589.2000122070312,PS_046,,,0.8872191424782915
24.018809426686357,15.861749649047853,2025-03-13T05:45:00Z,3,3,3,3,3,3,1,0,0,3,-1.6734177752784525,-1.3786137820745736,,,,,,,,22.5,-1.8788824072681776,589.2000122070312,PS_046,,,0.985884806880321
24.079557499743014,15.858994454530308,2025-03-13T06:00:00Z,4,4,4,4,4,4,1,0,0,4,-1.6704225768067402,-1.279086070040478,,,,,,,,22.517354612564613,-1.8141339047855534,589.2000122070312,PS_046,,,0.8980787381865897
24.387024909126346,15.856500625610352,2025-03-13T06:15:00Z,3,3,3,3,3,3,1,0,0,3,-1.7707038139786957,-1.3212261827789462,,,,,,,,22.799999237060547,-1.9088743624439724,589.2000122070312,PS_046,,,1.075012358030597
24.386532793957063,15.855548454953073,2025-03-13T06:30:00Z,4,4,4,4,4,4,1,0,0,4,-1.6635054761757295,-1.315658957780393,,,,,,,,22.93076021175844,-1.7918831525848802,589.2000122070312,PS_046,,,2.1070431042755025
23.83255280043741,15.851616851946448,2025-03-13T06:45:00Z,3,3,3,3,3,3,1,0,0,3,-2.06414681695175,-1.2893158107612208,,,,,,,,22.503399956052235,-1.824289014528745,589.2000122070312,PS_046,,,2.75608707231625
23.78637433554771,15.850500106811522,2025-03-13T07:00:00Z,4,4,4,4,4,4,1,0,0,4,-2.190786615016216,-1.3783626603638583,,,,,,,,22.299999237060547,-2.1007296350981437,589.2000122070312,PS_046,,,1.9745817056324206
23.718335247209104,15.849340808107309,2025-03-13T07:15:00Z,3,3,3,3,3,3,1,0,0,3,-2.2007960211062674,-1.3756683173504112,,,,,,,,22.332784526646975,-2.1530213784767214,589.2000122070312,PS_046,,,1.4704694262006672
23.658579862930328,15.84872329043102,2025-03-13T07:30:00Z,4,4,4,4,4,4,1,0,0,4,-2.070405292074303,-1.3791017881159593,,,,,,,,22.299999237060543,-2.0816470714309316,589.2000122070312,PS_046,,,1.2444232659728294
23.614424719792456,15.843720527144637,2025-03-13T07:45:00Z,3,3,3,3,3,3,1,0,0,3,-1.942283124544823,-1.4166306527078947,,,,,,,,22.299999237060543,-2.006208124252042,589.2000122070312,PS_046,,,1.6174171397036579
23.582936424516326,15.84000041871809,2025-03-13T08:00:00Z,5,5,5,5,5,5,1,0,0,5,-1.8645518911844305,-1.3677292128553353,,,,,,,,22.224048495805782,-2.034795077337059,589.2000122070312,PS_046,,,1.6689171093746218
23.598036158088416,15.83924961090088,2025-03-13T08:15:00Z,6,6,6,6,6,6,1,0,0,6,-2.012402041591704,-1.462013928028985,,,,,,,,22.06018395782274,-2.1203185581188193,589.2000122070312,PS_046,,,0.3651148617035958
23.670573708441744,15.838627831150571,2025-03-13T08:30:00Z,5,5,5,5,5,5,1,0,0,5,-1.8376417475399929,-1.4310604555960917,,,,,,,,22.212487652324498,-2.071570467014212,589.2000122070312,PS_046,,,0.9625572618678744
23.61187470038868,15.833859615075792,2025-03-13T08:45:00Z,5,5,5,5,5,5,1,0,0,5,-1.7334353745715345,-1.4771983555143182,,,,,,,,22.030480596671122,-2.0786974997395053,589.2000122070312,PS_046,,,0.7086245360858272
23.66458455196069,15.833250045776367,2025-03-13T09:00:00Z,5,5,5,5,5,5,1,0,0,5,-1.7483751969015782,-1.4623598980853847,,,,,,,,22.0,-1.9937952847037546,589.2000122070312,PS_046,,,0.7952616359875317
23.50434169154581,15.828182849706126,2025-03-13T09:15:00Z,4,4,4,4,4,4,1,0,0,4,-0.8426260499403122,-1.1895445399931541,,,,,,,,22.000000000000004,-0.35088353190637656,589.2000122070312,PS_046,,,1.3617869840350372
23.387009892066743,15.846559030442252,2025-03-13T09:30:00Z,3,3,3,3,3,3,1,0,0,3,4.925792514872012,-0.5223533286628725,,,,,,,,22.000000000000004,11.009895927611433,589.2000122070312,PS_046,,,1.4442369531485089
23.349604500902483,15.941776462747404,2025-03-13T09:45:00Z,3,3,3,3,3,3,1,0,0,3,13.87665420465383,0.5012295452575233,,,,,,,,22.176052107146464,20.168868684760433,589.2000122070312,PS_046,,,1.8718848566912014
23.229849637661683,16.11914743303266,2025-03-13T10:00:00Z,4,4,4,4,4,4,1,0,0,4,24.65483051591355,1.5649692711142533,,,,,,,,22.00507315904961,27.301744438714707,589.2000122070312,PS_046,,,1.2688204527766789
23.37696613426688,16.46924706565929,2025-03-13T10:15:00Z,3,3,3,3,3,3,1,0,0,3,47.68593397982284,4.640840196702454,,,,,,,,22.513933956098484,54.64210295386804,589.2000122070312,PS_046,,,1.0894129652490148
23.856209822170438,16.74009395409928,2025-03-13T10:30:00Z,4,4,4,4,4,4,1,0,0,4,85.62231367315624,11.835155508430454,,,,,,,,23.7421566018615,132.37565686901118,589.2000122070312,PS_046,,,0.8485690747185471
24.20389328276785,16.845232819336815,2025-03-13T10:45:00Z,3,3,3,3,3,3,1,0,0,3,105.674341762817,13.1662431817995,,,,,,,,25.34192401082053,167.8827706599893,589.2000122070312,PS_046,,,0.3807261979987611
25.645135060434676,18.467128903662214,2025-03-13T11:00:00Z,4,4,4,4,4,4,1,0,0,4,329.33988454193195,43.03764310648639,,,,,,,,34.37316165330261,699.6914207078462,589.2000122070312,PS_046,,,1.6627104213717872
26.204291821026843,18.172440819329996,2025-03-13T11:15:00Z,3,3,3,3,3,3,1,0,0,3,267.899894508476,26.711442255392047,,,,,,,,37.59613853478578,539.8926525218617,589.2000122070312,PS_046,,,1.9264420732086458
27.118491726892827,19.48493421797225,2025-03-13T11:30:00Z,3,3,3,3,3,3,1,0,0,3,379.3215413926588,37.579757826160574,,,,,,,,40.88742768762061,759.4696922662599,589.2000122070312,PS_046,,,0.7292307918445265
28.028959367588662,19.70524011948839,2025-03-13T11:45:00Z,4,4,4,4,4,4,1,0,0,4,504.0541856615882,49.91502059191229,,,,,,,,45.81721692764161,908.292940068392,589.2000122070312,PS_046,,,1.3204262753380875
29.146502170710896,19.696219822557204,2025-03-13T12:00:00Z,3,3,3,3,3,3,1,0,0,3,654.5509177768301,64.83597765248733,,,,,,,,52.210865485709014,1024.0894770153172,589.2000122070312,PS_046,,,1.7906020869684474
28.579833977208697,18.626321211649195,2025-03-13T12:15:00Z,4,4,4,4,4,4,1,0,0,4,480.88120785266915,58.89963954779354,,,,,,,,43.87308143898079,702.5307825178493,589.2000122070312,PS_046,,,1.7727615397986962
29.392459447692314,18.88015658986004,2025-03-13T12:30:00Z,3,3,3,3,3,3,1,0,0,3,613.4643699135864,71.23580712959496,,,,,,,,49.12320920411674,783.5357311227513,589.2000122070312,PS_046,,,2.6062382362697627
29.85281882469897,19.038615847051602,2025-03-13T12:45:00Z,4,4,4,4,4,4,1,0,0,4,725.8005556311361,81.28288730878079,,,,,,,,50.52871333934026,893.8437996555602,589.2000122070312,PS_046,,,2.352378021886599
30.90502506905619,18.944851384314273,2025-03-13T13:00:00Z,3,3,3,3,3,3,1,0,0,3,833.6434949105243,86.47237975770331,,,,,,,,52.26304441117338,924.197784396947,589.2000122070312,PS_046,,,2.2135934351503206
31.215803908246738,18.104764711072324,2025-03-13T13:15:00Z,4,4,4,4,4,4,1,0,0,4,622.2715754553851,75.79526670000186,,,,,,,,46.365111280895306,631.5442039757494,589.2000122070312,PS_046,,,2.3914535512704047
31.194341068843237,17.64075169157175,2025-03-13T13:30:00Z,3,3,3,3,3,3,1,0,0,3,490.1590354731877,63.969970667710186,,,,,,,,45.51943562206832,458.6864483578185,589.2000122070312,PS_046,,,1.8665927558936684
31.809943643380805,17.834193418130784,2025-03-13T13:45:00Z,4,4,4,4,4,4,1,0,0,4,520.759532972942,62.01183424572996,,,,,,,,45.272678573920004,481.2590097414729,589.2000122070312,PS_046,,,1.188369720254099
32.36682835506711,17.96452846672469,2025-03-13T14:00:00Z,3,3,3,3,3,3,1,0,0,3,545.5722945440144,57.1607055585631,,,,,,,,47.07191268693211,536.0041118644315,589.2000122070312,PS_046,,,2.324874502099022
31.85853996507454,17.64520304264081,2025-03-13T14:15:00Z,4,4,4,4,4,4,1,0,0,4,489.36036589939346,50.79528374433775,,,,,,,,44.62612952880585,489.63152759030913,589.2000122070312,PS_046,,,1.9754190524098179
32.638155882119605,18.28880241376753,2025-03-13T14:30:00Z,3,3,3,3,3,3,1,0,0,3,565.919687241647,54.35522144449527,,,,,,,,44.96888220870447,553.7340550373946,589.2000122070312,PS_046,,,1.052247452892698
31.59320285320123,17.886839293484144,2025-03-13T14:45:00Z,4,4,4,4,4,4,1,0,0,4,569.334893394855,54.171351229885495,,,,,,,,40.66447298554919,547.3692443166943,589.2000122070312,PS_046,,,3.297593771102569
31.42330675674307,18.8031281480064,2025-03-13T15:00:00Z,3,3,3,3,3,3,1,0,0,3,685.0270052560455,54.61648848312208,,,,,,,,41.560890550350706,665.9503259995236,589.2000122070312,PS_046,,,1.81584287802421
31.467448390786462,17.407439076029917,2025-03-13T15:15:00Z,3,3,3,3,3,3,1,0,0,3,478.6847663864166,44.71881508443218,,,,,,,,42.37082288539585,462.8472891945019,589.2000122070312,PS_046,,,3.5908699776497257
32.06098736417906,18.738869914695712,2025-03-13T15:30:00Z,4,4,4,4,4,4,1,0,0,4,755.5962098757306,58.48190748497044,,,,,,,,40.94399351332356,734.4562747903026,589.2000122070312,PS_046,,,3.740063807489063
32.09120970636398,18.71218857617385,2025-03-13T15:45:00Z,3,3,3,3,3,3,1,0,0,3,794.8472214684683,58.23676810179981,,,,,,,,43.69706715084774,778.8178806532637,589.2000122070312,PS_046,,,2.2656643961284857
31.904715977339308,17.739969916045546,2025-03-13T16:00:00Z,4,4,4,4,4,4,1,0,0,4,623.0783420180459,51.62260266976917,,,,,,,,40.703001712506826,621.9928361379532,589.2000122070312,PS_046,,,3.848998494735249
31.840175802821985,17.620166952889946,2025-03-13T16:15:00Z,3,3,3,3,3,3,1,0,0,3,559.1969340805521,47.508765989452215,,,,,,,,38.84957123296851,560.8254203177655,589.2000122070312,PS_046,,,3.326703138592439
31.62835057699193,18.8527238562396,2025-03-13T16:30:00Z,4,4,4,4,4,4,1,0,0,4,790.2664432576744,57.260438855335046,,,,,,,,42.6377893543998,804.7047183489942,589.2000122070312,PS_046,,,3.1164500034693994
31.740046508240717,19.029786549761543,2025-03-13T16:45:00Z,3,3,3,3,3,3,1,0,0,3,902.5168933138561,53.12515521939424,,,,,,,,42.96488580734332,944.0274428368339,589.2000122070312,PS_046,,,4.029149181885839
32.337816239935435,18.315197919506932,2025-03-13T17:00:00Z,4,4,4,4,4,4,1,0,0,4,831.3362984967375,49.433933334267834,,,,,,,,47.672972019031945,896.4029933524542,589.2000122070312,PS_046,,,4.133692049227919
31.539559430115254,17.59855667368805,2025-03-13T17:15:00Z,3,3,3,3,3,3,1,0,0,3,565.7384272439226,39.564571663724855,,,,,,,,41.25876087417196,632.3065309599725,589.2000122070312,PS_046,,,2.086906645242531
32.769152287956494,17.9998314122338,2025-03-13T17:30:00Z,3,3,3,3,3,3,1,0,0,3,702.2690149078817,44.955698713842565,,,,,,,,46.326044529937505,793.7843273416287,589.2000122070312,PS_046,,,2.2591457038610696
33.00534093881562,18.640921723392605,2025-03-13T17:45:00Z,4,4,4,4,4,4,1,0,0,4,880.4675261526232,56.33452077832613,,,,,,,,49.86067560507246,1047.450463091756,589.2000122070312,PS_046,,,4.027737995257116
33.23283768839128,18.483812967657695,2025-03-13T18:00:00Z,3,3,3,3,3,3,1,0,0,3,852.4682343828422,55.12972662099367,,,,,,,,51.243021759884606,1067.8810526075206,589.2000122070312,PS_046,,,4.09803461789609
33.081876534464165,18.27661790011678,2025-03-13T18:15:00Z,4,4,4,4,4,4,1,0,0,4,811.28224192914,55.37036648706538,,,,,,,,51.19263054152575,1064.0390265109038,589.2000122070312,PS_046,,,3.613820898518728
33.48825604664009,17.844799314531322,2025-03-13T18:30:00Z,3,3,3,3,3,3,1,0,0,3,698.1078019907764,54.604312164260456,,,,,,,,53.412029491347056,955.604360264611,589.2000122070312,PS_046,,,2.1703137384599103
33.544455828897796,18.059126238237862,2025-03-13T18:45:00Z,4,4,4,4,4,4,1,0,0,4,711.595201925343,58.124217773252376,,,,,,,,53.48434115704171,1009.7613413155575,589.2000122070312,PS_046,,,2.2513283839915372
33.34035957091224,17.893231495417037,2025-03-13T19:00:00Z,3,3,3,3,3,3,1,0,0,3,659.013002372736,61.97389823697396,,,,,,,,53.3778700432458,971.250693383557,589.2000122070312,PS_046,,,2.8080915294818594
33.70238889520089,17.79894344294379,2025-03-13T19:15:00Z,3,3,3,3,3,3,1,0,0,3,615.0164263803714,60.95740730757089,,,,,,,,53.18743942079612,1032.1640623444769,589.2000122070312,PS_046,,,3.5989344556504586
32.7800271067466,16.815934851210905,2025-03-13T19:30:00Z,4,4,4,4,4,4,1,0,0,4,310.6512087906563,37.99065262501285,,,,,,,,44.47594601904757,537.1027068141417,589.2000122070312,PS_046,,,2.601961697684531
32.30711123278259,16.901021909136105,2025-03-13T19:45:00Z,3,3,3,3,3,3,1,0,0,3,256.38296082816277,29.5465491331393,,,,,,,,38.428676421453744,457.24502114369994,589.2000122070312,PS_046,,,4.356118106484893
32.292536732467156,16.910604514845797,2025-03-13T20:00:00Z,3,3,3,3,3,3,1,0,0,3,261.09260155371464,29.57662217746825,,,,,,,,38.68128892170131,447.52905093588174,589.2000122070312,PS_046,,,4.548329181820867
32.24153480147531,17.062773587281207,2025-03-13T20:15:00Z,4,4,4,4,4,4,1,0,0,4,277.8521162996163,37.106741107563046,,,,,,,,38.36654863028196,505.7346951015552,589.2000122070312,PS_046,,,4.436198144382816
30.883181153909085,16.327320973405758,2025-03-13T20:30:00Z,3,3,3,3,3,3,1,0,0,3,80.22499406453768,9.604451896350179,,,,,,,,32.46929563020717,102.17214758051526,589.2000122070312,PS_046,,,4.260543161963289
30.119240475886585,16.15088734498572,2025-03-13T20:45:00Z,4,4,4,4,4,4,1,0,0,4,46.88310288524867,4.61230284644337,,,,,,,,29.612903118065788,53.87403760093093,589.2000122070312,PS_046,,,3.8248190782711413
29.480697138370893,16.100026191685043,2025-03-13T21:00:00Z,3,3,3,3,3,3,1,0,0,3,33.70652709716936,2.636553107371403,,,,,,,,28.701411596258637,36.25909164456149,589.2000122070312,PS_046,,,4.5946038705012375
28.332770330519367,16.052942225166767,2025-03-13T21:15:00Z,4,4,4,4,4,4,1,0,0,4,22.298110064609414,1.5258221382471902,,,,,,,,27.332567068126576,22.82781775664369,589.2000122070312,PS_046,,,4.18211749359878
27.731310334602846,16.000175633809327,2025-03-13T21:30:00Z,4,4,4,4,4,4,1,0,0,4,8.324187818274623,-0.009121747353111111,,,,,,,,26.519711026590027,8.186692823411303,589.2000122070312,PS_046,,,3.465117678038185
27.20340211527232,15.975321203704425,2025-03-13T21:45:00Z,3,3,3,3,3,3,1,0,0,3,-0.17843007015087,-0.636934126072846,,,,,,,,26.0,-0.4779783333009917,589.2000122070312,PS_046,,,4.362616024301596
26.934168816946702,15.989249229431152,2025-03-13T22:00:00Z,3,3,3,3,3,3,1,0,0,3,-1.8131099761170972,-1.0095088391838036,,,,,,,,25.660982964107344,-1.8214798510475887,589.2000122070312,PS_046,,,3.6570107958970017
26.664214205633364,15.992418092606577,2025-03-13T22:15:00Z,4,4,4,4,4,4,1,0,0,4,-1.8719533583283687,-1.147648941670941,,,,,,,,25.246159896763245,-1.9436075147409937,589.2000122070312,PS_046,,,3.0860590981704945
26.49523673254784,15.99081433555326,2025-03-13T22:30:00Z,3,3,3,3,3,3,1,0,0,3,-1.8617863673697246,-1.1499556287118422,,,,,,,,24.978248457254974,-1.906038469654191,589.2000122070312,PS_046,,,3.1248303086722093
26.351696716786993,15.984226348674078,2025-03-13T22:45:00Z,3,3,3,3,3,3,1,0,0,3,-1.9048116453349038,-1.206819171649882,,,,,,,,24.908687791836538,-1.9176532830886042,589.2000122070312,PS_046,,,2.735542223322369
26.136731514300617,15.978141007890864,2025-03-13T23:00:00Z,4,4,4,4,4,4,1,0,0,4,-2.184532534167833,-1.4549186512017895,,,,,,,,24.39945511440729,-2.3316509829141245,589.2000122070312,PS_046,,,1.8955606633919173
25.918875940119865,15.97200012207031,2025-03-13T23:15:00Z,3,3,3,3,3,3,1,0,0,3,-2.3111588088828685,-1.6479397929610773,,,,,,,,23.764481978486845,-2.5066288679398236,589.2000122070312,PS_046,,,1.150478015969466
25.819442720550292,15.969291998594898,2025-03-13T23:30:00Z,3,3,3,3,3,3,1,0,0,3,-2.359815608744964,-1.6010080985705595,,,,,,,,23.34811458671377,-2.6245220754849803,589.2000122070312,PS_046,,,1.3937479493108231
25.449754323641905,15.96101938926861,2025-03-13T23:45:00Z,3,3,3,3,3,3,1,0,0,3,-2.3665810194024064,-1.5950844448841115,,,,,,,,23.130263501110445,-2.542238787158242,589.2000122070312,PS_046,,,0.4788367387210667
25.253682344573637,15.95548340902679,2025-03-14T00:00:00Z,4,4,4,4,4,4,1,0,0,4,-2.4377301578522417,-1.8040902048116827,,,,,,,,22.931081802508977,-2.6852956871442575,589.2000122070312,PS_046,,,0.18438013191790895
24.930084454152322,15.948749542236328,2025-03-14T00:15:00Z,3,3,3,3,3,3,1,0,0,3,-2.5735398433286476,-1.946252079052706,,,,,,,,22.214237155061266,-2.751204252165596,589.2000122070312,PS_046,,,0.11362750639571552
24.02246311204396,15.941939176056986,2025-03-14T00:30:00Z,4,4,4,4,4,4,1,0,0,4,-2.286124250895428,-1.926447716281566,,,,,,,,21.41203394101709,-2.6686532451429748,589.2000122070312,PS_046,,,0.9234644935093096
24.02445797791813,15.936833266539992,2025-03-14T00:45:00Z,4,4,4,4,4,4,1,0,0,4,-2.3070309600465158,-1.6467805409287628,,,,,,,,21.26526808859336,-2.520947440198161,589.2000122070312,PS_046,,,0.5236158267764907
24.510569019563384,15.92688734067833,2025-03-14T01:00:00Z,3,3,3,3,3,3,1,0,0,3,-2.281325603548266,-1.5554053193585202,,,,,,,,21.281000654575116,-2.3591013640371568,589.2000122070312,PS_046,,,0.09156210616186476
24.428087993654064,15.922193997027378,2025-03-14T01:15:00Z,4,4,4,4,4,4,1,0,0,4,-2.02776052519811,-1.4646316317440407,,,,,,,,21.565308182988833,-2.2308688395852694,589.2000122070312,PS_046,,,0.31390084671896545
23.931336879294495,15.914249420166016,2025-03-14T01:30:00Z,3,3,3,3,3,3,1,0,0,3,-1.6127286914511465,-1.3980269679317525,,,,,,,,22.031198263034145,-1.8011476868001635,589.2000122070312,PS_046,,,1.4408780784692996
23.67527616718333,15.907394565902672,2025-03-14T01:45:00Z,4,4,4,4,4,4,1,0,0,4,-1.3803162291195201,-1.2594928981404558,,,,,,,,22.453415127982673,-1.6092086133317125,589.2000122070312,PS_046,,,2.0611775216938817
24.18716444098115,15.903181780073117,2025-03-14T02:00:00Z,3,3,3,3,3,3,1,0,0,3,-1.3719490568598645,-1.1134252411252286,,,,,,,,23.05338204302133,-1.3225887667645784,589.2000122070312,PS_046,,,4.046886091949201
24.280677915267194,15.896126774354528,2025-03-14T02:15:00Z,4,4,4,4,4,4,1,0,0,4,-1.2609121634024143,-1.106999172052184,,,,,,,,23.202857945562403,-1.4615017825588366,589.2000122070312,PS_046,,,2.831297190506018
24.095191147155973,15.891000747680664,2025-03-14T02:30:00Z,3,3,3,3,3,3,1,0,0,3,-0.9888762892932736,-0.9914098657916726,,,,,,,,23.26624061577914,-1.372518839989565,589.2000122070312,PS_046,,,4.664966301971781
23.626708712820932,15.884167129087627,2025-03-14T02:45:00Z,4,4,4,4,4,4,1,0,0,4,-1.0228249678848222,-1.0437825744110398,,,,,,,,22.839221655608224,-1.4879744935146557,589.2000122070312,PS_046,,,3.24804494107188
23.52066491234551,15.879856031363285,2025-03-14T03:00:00Z,4,4,4,4,4,4,1,0,0,4,-1.0567171606305692,-0.9710599370535469,,,,,,,,22.685205501163168,-1.387102319084325,589.2000122070312,PS_046,,,3.5158890805361933
23.350793197486578,15.87374973297119,2025-03-14T03:15:00Z,3,3,3,3,3,3,1,0,0,3,-1.0955713955173132,-0.9944620258402979,,,,,,,,22.383141710229967,-1.4603049402550627,589.2000122070312,PS_046,,,3.0547555446959986
23.257753340427364,15.873003477176562,2025-03-14T03:30:00Z,4,4,4,4,4,4,1,0,0,4,-1.278154004886595,-1.0565959106334781,,,,,,,,22.29999923706055,-1.5246976948561113,589.2000122070312,PS_046,,,3.0801471341280298
23.19861728753852,15.867749214172363,2025-03-14T03:45:00Z,3,3,3,3,3,3,1,0,0,3,-1.4384202208720123,-1.0857204509043263,,,,,,,,22.0,-1.6695657491905183,589.2000122070312,PS_046,,,2.4234978103101743
22.967615793768758,15.86109317573005,2025-03-14T04:00:00Z,4,4,4,4,4,4,1,0,0,4,-1.4895864769182516,-1.1874669673868556,,,,,,,,21.700000762939453,-1.783540107416478,589.2000122070312,PS_046,,,1.7466346747438752
23.083779221799368,15.856500625610353,2025-03-14T04:15:00Z,3,3,3,3,3,3,1,0,0,3,-1.6263931856722633,-1.301816793145938,,,,,,,,21.867758694948755,-1.7352628712821863,589.2000122070312,PS_046,,,0.5304785686406572
23.1921296152025,15.85290697629922,2025-03-14T04:30:00Z,4,4,4,4,4,4,1,0,0,4,-1.450696072838202,-1.2291307273007859,,,,,,,,22.0,-1.6126745778388938,589.2000122070312,PS_046,,,2.303202691211116
23.133874267720504,15.850500106811523,2025-03-14T04:45:00Z,3,3,3,3,3,3,1,0,0,3,-1.4573087511089449,-1.2715544964092462,,,,,,,,22.071693544550687,-1.5925987374217936,589.2000122070312,PS_046,,,2.1813583104823775
23.151867726578548,15.845444099960597,2025-03-14T05:00:00Z,4,4,4,4,4,4,1,0,0,4,-1.8187878517801306,-1.4262691699047139,,,,,,,,21.86105355299616,-1.9449060286938213,589.2000122070312,PS_046,,,0.4273973971651736
22.881351089857088,15.844500541687013,2025-03-14T05:15:00Z,3,3,3,3,3,3,1,0,0,3,-1.8228619813343905,-1.477439591473162,,,,,,,,21.492536049150456,-2.078796982886753,589.2000122070312,PS_046,,,0.21077898190371486
22.760276495363257,15.839249610900879,2025-03-14T05:30:00Z,4,4,4,4,4,4,1,0,0,4,-1.8593669549047904,-1.4553302899066125,,,,,,,,21.33579483316701,-2.0442969569046165,589.2000122070312,PS_046,,,0.8010322862713125
22.80369209257382,15.83832666277914,2025-03-14T05:45:00Z,3,3,3,3,3,3,1,0,0,3,-1.9489013542299012,-1.442681874989013,,,,,,,,21.2942830260564,-2.0331427184889357,589.2000122070312,PS_046,,,0.56393953117269
22.75451083003133,15.836086149881794,2025-03-14T06:00:00Z,4,4,4,4,4,4,1,0,0,4,-1.799092274063414,-1.4196088021843838,,,,,,,,21.34181588623491,-1.9237816733910413,589.2000122070312,PS_046,,,1.0211368386623274
22.66031912911739,15.833250045776365,2025-03-14T06:15:00Z,3,3,3,3,3,3,1,0,0,3,-1.9349884981601577,-1.3476104305369807,,,,,,,,21.20000076293945,-2.025559301893895,589.2000122070312,PS_046,,,0.8490784666843177
22.522591387262036,15.830399529739058,2025-03-14T06:30:00Z,4,4,4,4,4,4,1,0,0,4,-2.0498788881305496,-1.4555974774653986,,,,,,,,20.896364268523303,-2.179608015635292,589.2000122070312,PS_046,,,0.9754060126722475
22.444444606708704,15.828275961583401,2025-03-14T06:45:00Z,3,3,3,3,3,3,1,0,0,3,-2.1476698520372923,-1.480679012131011,,,,,,,,20.600000381469727,-2.3128477997628085,589.2000122070312,PS_046,,,0.8711213777358183
22.37813972740663,15.82724952697754,2025-03-14T07:00:00Z,4,4,4,4,4,4,1,0,0,4,-2.2359065701446434,-1.536063319422674,,,,,,,,20.323010481801383,-2.342975893817522,589.2000122070312,PS_046,,,0.1222086452923508
22.31486985044816,15.826510624713617,2025-03-14T07:15:00Z,3,3,3,3,3,3,1,0,0,3,-2.340963255560923,-1.7499415039655652,,,,,,,,20.013489480751964,-2.3071022588965837,589.2000122070312,PS_046,,,0.039689781091182236
22.178201182715345,15.822809031188802,2025-03-14T07:30:00Z,4,4,4,4,4,4,1,0,0,4,-2.3037028788835365,-1.6582802766804305,,,,,,,,19.893932745987666,-2.3354407836572117,589.2000122070312,PS_046,,,0.0
21.95897041881486,15.821999549865723,2025-03-14T07:45:00Z,3,3,3,3,3,3,1,0,0,3,-2.226607196904805,-1.6953658325633805,,,,,,,,19.76715382505478,-2.236366765060442,589.2000122070312,PS_046,,,0.1613081836708926
21.45016194979653,15.81807402186403,2025-03-14T08:00:00Z,5,5,5,5,5,5,1,0,0,5,-1.8038834739868164,-1.4594575849965346,,,,,,,,19.705614989600104,-2.102484800521825,589.2000122070312,PS_046,,,1.304450051928564
21.38722965865704,15.81600093841553,2025-03-14T08:15:00Z,5,5,5,5,5,5,1,0,0,5,-1.7446645784520078,-1.3665211481328698,,,,,,,,19.860601984978253,-1.9157848701271891,589.2000122070312,PS_046,,,1.6222794550726445
21.233110761037207,15.816000938415527,2025-03-14T08:30:00Z,5,5,5,5,5,5,1,0,0,5,-1.8915560281578534,-1.40992658046905,,,,,,,,19.702566631724387,-2.0445545860907735,589.2000122070312,PS_046,,,0.9317090939357495
21.347926106958408,15.81337434461153,2025-03-14T08:45:00Z,7,7,7,7,7,7,1,0,0,7,-2.018083282852111,-1.4990222822593424,,,,,,,,19.495110966023237,-2.062244147384434,589.2000122070312,PS_046,,,0.93986770726324
21.240177857656935,15.813600040649659,2025-03-14T09:00:00Z,5,5,5,5,5,5,1,0,0,5,-2.084270059492997,-1.531773489445799,,,,,,,,19.299999237060547,-2.107163546685443,589.2000122070312,PS_046,,,0.39105197634462224
21.26277744276486,15.80925928584538,2025-03-14T09:15:00Z,4,4,4,4,4,4,1,0,0,4,-1.4281628665558768,-1.4093676908566348,,,,,,,,19.222918288137496,-0.9637635859415635,589.2000122070312,PS_046,,,0.0
21.36852191419449,15.839912222683541,2025-03-14T09:30:00Z,3,3,3,3,3,3,1,0,0,3,6.338161718021764,-0.3645264682981886,,,,,,,,19.49682906525068,9.456292969399566,589.2000122070312,PS_046,,,0.10278488875709436
21.72287203222456,15.997316282681421,2025-03-14T09:45:00Z,4,4,4,4,4,4,1,0,0,4,26.219528165413394,2.5057871307894666,,,,,,,,20.016932612093676,44.856749798171194,589.2000122070312,PS_046,,,0.6431341283090871
22.55936298815085,16.26164388910683,2025-03-14T10:00:00Z,3,3,3,3,3,3,1,0,0,3,46.5509748971791,4.428933043861857,,,,,,,,21.117596277745065,78.53792695209232,589.2000122070312,PS_046,,,0.6323607994469231
23.66062208608934,16.69522548747208,2025-03-14T10:15:00Z,4,4,4,4,4,4,1,0,0,4,145.56634426756796,13.81139629042266,,,,,,,,23.082923986761394,297.52448532080854,589.2000122070312,PS_046,,,1.0239531998690197
25.031356441397328,17.03107056054268,2025-03-14T10:30:00Z,3,3,3,3,3,3,1,0,0,3,231.0246359438269,35.28570676116859,,,,,,,,28.86379720942343,464.27978166360947,589.2000122070312,PS_046,,,1.3186787041529795
25.929909329278363,17.595999956461494,2025-03-14T10:45:00Z,4,4,4,4,4,4,1,0,0,4,281.92732913947657,46.90345471660574,,,,,,,,35.27685779053405,563.9658662626535,589.2000122070312,PS_046,,,1.259093653660377
25.838380639437116,18.843143656776906,2025-03-14T11:00:00Z,3,3,3,3,3,3,1,0,0,3,350.6492500781078,44.721143075116295,,,,,,,,36.23967375903988,648.851213855019,589.2000122070312,PS_046,,,1.28499494539875
27.2466217605499,19.42409308628349,2025-03-14T11:15:00Z,4,4,4,4,4,4,1,0,0,4,465.48506815200716,45.240577983524226,,,,,,,,45.66920938680471,879.7893406286031,589.2000122070312,PS_046,,,1.1785415385365834
27.69273417212157,19.356442792616058,2025-03-14T11:30:00Z,3,3,3,3,3,3,1,0,0,3,515.7914021298559,46.044442635614075,,,,,,,,48.206621646205086,953.7523970698626,589.2000122070312,PS_046,,,1.1692235807137294
28.042415883642338,19.080785187644278,2025-03-14T11:45:00Z,3,3,3,3,3,3,1,0,0,3,532.1960146633922,45.06622170738407,,,,,,,,51.11292865883781,951.6189695441119,589.2000122070312,PS_046,,,1.7033293660122932
28.67969728901894,19.083284940461287,2025-03-14T12:00:00Z,4,4,4,4,4,4,1,0,0,4,573.9554087698841,44.517226372033505,,,,,,,,51.071172854100915,949.0058038167274,589.2000122070312,PS_046,,,0.6744916702312402
28.33921456350603,19.134363452409207,2025-03-14T12:15:00Z,3,3,3,3,3,3,1,0,0,3,613.0834436161401,46.75824310633528,,,,,,,,49.01073217718044,935.6665416515057,589.2000122070312,PS_046,,,1.4696094641262898
29.56632162951785,19.193781445964035,2025-03-14T12:30:00Z,4,4,4,4,4,4,1,0,0,4,688.7166150002798,50.55252054525424,,,,,,,,51.6407060735797,968.343763964676,589.2000122070312,PS_046,,,1.365557011461596
29.331234641438154,19.390269499185816,2025-03-14T12:45:00Z,3,3,3,3,3,3,1,0,0,3,760.7125234945242,50.382344924008265,,,,,,,,50.879750646076666,964.5627598273618,589.2000122070312,PS_046,,,2.536733402996522
29.705711821387986,18.066837864181075,2025-03-14T13:00:00Z,4,4,4,4,4,4,1,0,0,4,513.6222447769397,39.31609694270086,,,,,,,,46.84109135937448,584.7148570626529,589.2000122070312,PS_046,,,1.7817286932487062
29.86553025304997,19.256819516036227,2025-03-14T13:15:00Z,3,3,3,3,3,3,1,0,0,3,821.9417596334059,58.16506693002627,,,,,,,,42.63118229300988,953.4436300318453,589.2000122070312,PS_046,,,2.829080782254307
31.30635104233162,19.16679166147777,2025-03-14T13:30:00Z,4,4,4,4,4,4,1,0,0,4,956.2104525377739,62.293669316749,,,,,,,,53.88936915331129,1086.5079423163897,589.2000122070312,PS_046,,,1.7878630576299988
31.157405354060675,19.046944223226994,2025-03-14T13:45:00Z,3,3,3,3,3,3,1,0,0,3,971.9820144675743,61.4399966786502,,,,,,,,51.842837371330056,1061.7789300011234,589.2000122070312,PS_046,,,2.8328637960426946
31.3110496861627,18.3937817911612,2025-03-14T14:00:00Z,3,3,3,3,3,3,1,0,0,3,807.2276413902089,52.54248427690152,,,,,,,,52.222888130554345,869.5621342473215,589.2000122070312,PS_046,,,1.8304537970613843
30.178433779275462,16.95410335969181,2025-03-14T14:15:00Z,4,4,4,4,4,4,1,0,0,4,301.80102801160336,28.835570213957205,,,,,,,,37.831176732625714,305.0153067381095,589.2000122070312,PS_046,,,2.295269357534794
30.102841466760193,17.028817090817835,2025-03-14T14:30:00Z,3,3,3,3,3,3,1,0,0,3,298.7103378806906,30.056448945753264,,,,,,,,34.84380188289764,303.79279601662154,589.2000122070312,PS_046,,,1.5533238176749964
32.944591185511435,19.28120149347178,2025-03-14T14:45:00Z,4,4,4,4,4,4,1,0,0,4,1176.0060606374445,72.25047340296776,,,,,,,,51.88424440086933,1191.3671160805575,589.2000122070312,PS_046,,,1.8798446800596786
32.072084252359204,18.988743373350744,2025-03-14T15:00:00Z,3,3,3,3,3,3,1,0,0,3,1077.8125055673736,66.282458177279,,,,,,,,51.29520569082965,1078.7075144783685,589.2000122070312,PS_046,,,1.599399852189887
31.587586165789553,17.68287606729452,2025-03-14T15:15:00Z,4,4,4,4,4,4,1,0,0,4,661.2330870889313,31.679036149036207,,,,,,,,41.91317951057181,660.8729692609625,589.2000122070312,PS_046,,,2.3057340499855714
32.62580263417158,19.231119242467752,2025-03-14T15:30:00Z,3,3,3,3,3,3,1,0,0,3,1162.45509272419,68.43871220388769,,,,,,,,47.356207197415515,1154.1446998485815,589.2000122070312,PS_046,,,1.7669049815590623
32.79977756045355,18.912216466681027,2025-03-14T15:45:00Z,4,4,4,4,4,4,1,0,0,4,1125.8186012318645,64.84716116572042,,,,,,,,52.495292265434166,1118.6541295769966,589.2000122070312,PS_046,,,2.8584163562103613
32.33831348913566,18.159252632560147,2025-03-14T16:00:00Z,3,3,3,3,3,3,1,0,0,3,842.1917795809568,50.01858284032138,,,,,,,,46.81529211275417,822.2453301952683,589.2000122070312,PS_046,,,2.8391106453458117
33.4679959301603,19.052968244924514,2025-03-14T16:15:00Z,3,3,3,3,3,3,1,0,0,3,1214.2836310980224,71.76770989965674,,,,,,,,51.74164936259617,1226.745387222746,589.2000122070312,PS_046,,,2.099689843576865
33.3786991431925,17.960086227092187,2025-03-14T16:30:00Z,4,4,4,4,4,4,1,0,0,4,805.215577418816,51.36662438374156,,,,,,,,54.066913952533014,823.9280140487656,589.2000122070312,PS_046,,,2.430253078451697
33.573188665654726,18.366977380119813,2025-03-14T16:45:00Z,3,3,3,3,3,3,1,0,0,3,928.9372363994535,58.54267036841816,,,,,,,,51.55641039529859,969.5315106177246,589.2000122070312,PS_046,,,1.5195192640992417
34.21599950139549,18.590616315884496,2025-03-14T17:00:00Z,3,3,3,3,3,3,1,0,0,3,1051.2002992563273,65.78163428427243,,,,,,,,57.19410334018405,1127.6603978580217,589.2000122070312,PS_046,,,2.0955168305072074
34.87705696733415,18.42950223809011,2025-03-14T17:15:00Z,4,4,4,4,4,4,1,0,0,4,1023.5776847938171,63.32003618879155,,,,,,,,61.79135637668559,1125.8040937667479,589.2000122070312,PS_046,,,2.3238409391324777
33.06239872662333,16.420292411999636,2025-03-14T17:30:00Z,3,3,3,3,3,3,1,0,0,3,223.70452483461548,21.646434172339216,,,,,,,,46.63655696940426,234.82634774584082,589.2000122070312,PS_046,,,2.7054695427062074
32.511093690484735,16.492427695410697,2025-03-14T17:45:00Z,4,4,4,4,4,4,1,0,0,4,208.2526219035446,19.903532742903224,,,,,,,,40.2036667540336,222.32114921610827,589.2000122070312,PS_046,,,1.5295220809905905
33.669469003547675,18.38532038227454,2025-03-14T18:00:00Z,3,3,3,3,3,3,1,0,0,3,750.6193030136476,47.84117210373945,,,,,,,,44.28417430950106,944.3848553120378,589.2000122070312,PS_046,,,1.9030269447673172
33.43144107739748,16.770695544397277,2025-03-14T18:15:00Z,3,3,3,3,3,3,1,0,0,3,249.33614894069953,22.817619845506268,,,,,,,,49.44920897074619,315.8537035158015,589.2000122070312,PS_046,,,1.394988302130794
33.144424983539395,17.12629522951105,2025-03-14T18:30:00Z,4,4,4,4,4,4,1,0,0,4,421.84165516621823,38.28358751598698,,,,,,,,43.34996585237288,529.2234753805873,589.2000122070312,PS_046,,,1.4176440604433478
33.162619173998,16.60074250949948,2025-03-14T18:45:00Z,3,3,3,3,3,3,1,0,0,3,190.59145009672676,27.87750817483389,,,,,,,,39.83922054940526,191.96650651564394,589.2000122070312,PS_046,,,0.9413756447437366
32.794562761279444,16.566681670890265,2025-03-14T19:00:00Z,3,3,3,3,3,3,1,0,0,3,169.58331123594837,31.45615672097569,,,,,,,,36.11295880946724,149.6910110236342,589.2000122070312,PS_046,,,2.218211559370641
32.73677111159603,16.692453929725275,2025-03-14T19:15:00Z,4,4,4,4,4,4,1,0,0,4,167.17120692527752,28.43221298814784,,,,,,,,35.17935437372116,162.02326256244072,589.2000122070312,PS_046,,,1.9249758253077252
32.88448160012899,17.104511298180295,2025-03-14T19:30:00Z,3,3,3,3,3,3,1,0,0,3,224.81461002152355,30.74793374961405,,,,,,,,36.15341913375695,309.33874808646846,589.2000122070312,PS_046,,,1.8100895695592538
33.4308984157553,17.57084458444338,2025-03-14T19:45:00Z,4,4,4,4,4,4,1,0,0,4,373.81654927432686,34.64941964703339,,,,,,,,45.20806338289335,614.9703862712498,589.2000122070312,PS_046,,,2.8830989249260037
32.99172465503503,16.69399378543483,2025-03-14T20:00:00Z,3,3,3,3,3,3,1,0,0,3,146.05728200270397,16.942010668831536,,,,,,,,37.45255654789656,166.85672569880504,589.2000122070312,PS_046,,,1.9084821890478656
33.38182162870732,17.09384019771137,2025-03-14T20:15:00Z,3,3,3,3,3,3,1,0,0,3,240.00950858176097,29.358137815172057,,,,,,,,40.67387089196695,399.279449216463,589.2000122070312,PS_046,,,2.219919056351236
32.53931682134689,16.57070611864601,2025-03-14T20:30:00Z,4,4,4,4,4,4,1,0,0,4,94.71950874578519,8.395619624797996,,,,,,,,35.458898765470806,106.87649005522798,589.2000122070312,PS_046,,,2.839131989121174
31.872065027010493,16.317034352190305,2025-03-14T20:45:00Z,3,3,3,3,3,3,1,0,0,3,35.1899675282722,2.438375064132425,,,,,,,,31.782380807810004,35.59980156431836,589.2000122070312,PS_046,,,3.2907035440838825
28.716693046105878,16.124973962977712,2025-03-14T21:00:00Z,3,3,3,3,3,3,1,0,0,3,27.35009732048131,1.4704563610504422,,,,,,,,28.33527125280818,27.175500914313687,589.2000122070312,PS_046,,,6.204379579821141
25.428284604343503,16.142813228766354,2025-03-14T21:15:00Z,4,4,4,4,4,4,1,0,0,4,37.99933345828271,3.71529488025913,,,,,,,,23.611080842478287,41.003086017306885,591.2000122070312,PS_046,,,6.892101319844041
25.78299200432804,16.139845041961248,2025-03-14T21:30:00Z,3,3,3,3,3,3,1,0,0,3,14.814665712058245,0.8711199790947891,,,,,,,,23.352224818066993,15.328868944571346,593.4000244140625,PS_046,,,2.589796879086446
26.078862536671476,15.994979008269928,2025-03-14T21:45:00Z,3,3,3,3,3,3,1,0,0,3,3.2086010683261446,-0.022913884115573466,,,,,,,,23.682849352775378,2.2274907826361487,593.7999877929688,PS_046,,,2.3042175953951882
25.86516688358204,15.933077254235908,2025-03-14T22:00:00Z,4,4,4,4,4,4,1,0,0,4,-1.4950056405286223,-1.2433288580545392,,,,,,,,23.600000381469727,-1.0321261346611097,594.4000244140625,PS_046,,,1.7139985651363516
25.21904563820034,15.95422664283969,2025-03-14T22:15:00Z,3,3,3,3,3,3,1,0,0,3,-1.372668956847353,-1.3190748133250967,,,,,,,,23.37169857273766,-1.0984160443364224,594.7999877929688,PS_046,,,1.6078448932937295
25.35575201053996,15.965126882338808,2025-03-14T22:30:00Z,3,3,3,3,3,3,1,0,0,3,-1.2047685818140124,-1.4496243476613586,,,,,,,,23.256319394646116,-0.8455344345008666,594.7999877929688,PS_046,,,1.0994569389103235
25.46481608410455,15.968002698387739,2025-03-14T22:45:00Z,4,4,4,4,4,4,1,0,0,4,-1.1079487360916311,-1.4737225237861684,,,,,,,,23.555380644870393,-1.1464194479963936,594.7999877929688,PS_046,,,0.013088406069908753
25.603230532142465,15.966000556945803,2025-03-14T23:00:00Z,3,3,3,3,3,3,1,0,0,3,-1.1559427858794575,-1.5230701527491985,,,,,,,,23.600000381469723,-1.3098062123939023,594.7999877929688,PS_046,,,0.0
25.86263303077701,15.96077990970929,2025-03-14T23:15:00Z,4,4,4,4,4,4,1,0,0,4,-1.1531193722492168,-1.4761093750830936,,,,,,,,23.899999618530273,-1.2554600731863998,594.7999877929688,PS_046,,,0.6601718099913413
25.882220941426816,15.960000038146973,2025-03-14T23:30:00Z,3,3,3,3,3,3,1,0,0,3,-0.5264728368462811,-1.4852082212099924,,,,,,,,23.899999618530273,-0.9647691488826028,594.7999877929688,PS_046,,,0.08931709151507877
26.01128632154512,15.952586305827927,2025-03-14T23:45:00Z,5,5,5,5,5,5,1,0,0,5,-0.7033951578322247,-1.5244395987454915,,,,,,,,23.899999618530277,-0.8390317380826329,594.7999877929688,PS_046,,,0.0
