ambient_temperature_celsius,battery_voltage,datetime,document_count_ambient_temperature_celsius,document_count_battery_voltage,document_count_ghi_irradiance_wm2,document_count_gri_irradiance_wm2,document_count_panel_temperature_celsius,document_count_poa_irradiance_wm2,document_count_precipitation_accumulated_mm,document_count_tracker_albedo_index,document_count_wind_direction_degrees,document_count_wind_speed_ms,ghi_irradiance_wm2,gri_irradiance_wm2,interpolated_keys_ambient_temperature_celsius,interpolated_keys_battery_voltage,interpolated_keys_ghi_irradiance_wm2,interpolated_keys_gri_irradiance_wm2,interpolated_keys_panel_temperature_celsius,interpolated_keys_poa_irradiance_wm2,interpolated_keys_tracker_albedo_index,interpolated_keys_wind_direction_degrees,interpolated_keys_wind_speed_ms,panel_temperature_celsius,poa_irradiance_wm2,precipitation_accumulated_mm,ps_id,tracker_albedo_index,wind_direction_degrees,wind_speed_ms
,,2024-06-20T00:00:00Z,0,0,0,0,0,0,0,0,0,0,,,,,,,,,,,,,,,PS_011,,,
,,2024-06-20T00:15:00Z,0,0,0,0,0,0,0,0,0,0,,,,,,,,,,,,,,,PS_011,,,
,,2024-06-20T00:30:00Z,0,0,0,0,0,0,0,0,0,0,,,,,,,,,,,,,,,PS_011,,,
,,2024-06-20T00:45:00Z,0,0,0,0,0,0,0,0,0,0,,,,,,,,,,,,,,,PS_011,,,
,,2024-06-20T01:00:00Z,0,0,0,0,0,0,0,0,0,0,,,,,,,,,,,,,,,PS_011,,,
,,2024-06-20T01:15:00Z,0,0,0,0,0,0,0,0,0,0,,,,,,,,,,,,,,,PS_011,,,
,,2024-06-20T01:30:00Z,0,0,0,0,0,0,0,0,0,0,,,,,,,,,,,,,,,PS_011,,,
,,2024-06-20T01:45:00Z,0,0,0,0,0,0,0,0,0,0,,,,,,,,,,,,,,,PS_011,,,
,,2024-06-20T02:00:00Z,0,0,0,0,0,0,0,0,0,0,,,,,,,,,,,,,,,PS_011,,,
,,2024-06-20T02:15:00Z,0,0,0,0,0,0,0,0,0,0,,,,,,,,,,,,,,,PS_011,,,
,,2024-06-20T02:30:00Z,0,0,0,0,0,0,0,0,0,0,,,,,,,,,,,,,,,PS_011,,,
,,2024-06-20T02:45:00Z,0,0,0,0,0,0,0,0,0,0,,,,,,,,,,,,,,,PS_011,,,
,,2024-06-20T03:00:00Z,0,0,0,0,0,0,0,0,0,0,,,,,,,,,,,,,,,PS_011,,,
,,2024-06-20T03:15:00Z,0,0,0,0,0,0,0,0,0,0,,,,,,,,,,,,,,,PS_011,,,
,,2024-06-20T03:30:00Z,0,0,0,0,0,0,0,0,0,0,,,,,,,,,,,,,,,PS_011,,,
,,2024-06-20T03:45:00Z,0,0,0,0,0,0,0,0,0,0,,,,,,,,,,,,,,,PS_011,,,
,,2024-06-20T04:00:00Z,0,0,0,0,0,0,0,0,0,0,,,,,,,,,,,,,,,PS_011,,,
,,2024-06-20T04:15:00Z,0,0,0,0,0,0,0,0,0,0,,,,,,,,,,,,,,,PS_011,,,
,,2024-06-20T04:30:00Z,0,0,0,0,0,0,0,0,0,0,,,,,,,,,,,,,,,PS_011,,,
,,2024-06-20T04:45:00Z,0,0,0,0,0,0,0,0,0,0,,,,,,,,,,,,,,,PS_011,,,
,,2024-06-20T05:00:00Z,0,0,0,0,0,0,0,0,0,0,,,,,,,,,,,,,,,PS_011,,,
,,2024-06-20T05:15:00Z,0,0,0,0,0,0,0,0,0,0,,,,,,,,,,,,,,,PS_011,,,
,,2024-06-20T05:30:00Z,0,0,0,0,0,0,0,0,0,0,,,,,,,,,,,,,,,PS_011,,,
,,2024-06-20T05:45:00Z,0,0,0,0,0,0,0,0,0,0,,,,,,,,,,,,,,,PS_011,,,
,,2024-06-20T06:00:00Z,0,0,0,0,0,0,0,0,0,0,,,,,,,,,,,,,,,PS_011,,,
,,2024-06-20T06:15:00Z,0,0,0,0,0,0,0,0,0,0,,,,,,,,,,,,,,,PS_011,,,
,,2024-06-20T06:30:00Z,0,0,0,0,0,0,0,0,0,0,,,,,,,,,,,,,,,PS_011,,,
,,2024-06-20T06:45:00Z,0,0,0,0,0,0,0,0,0,0,,,,,,,,,,,,,,,PS_011,,,
,,2024-06-20T07:00:00Z,0,0,0,0,0,0,0,0,0,0,,,,,,,,,,,,,,,PS_011,,,
,,2024-06-20T07:15:00Z,0,0,0,0,0,0,0,0,0,0,,,,,,,,,,,,,,,PS_011,,,
,,2024-06-20T07:30:00Z,0,0,0,0,0,0,0,0,0,0,,,,,,,,,,,,,,,PS_011,,,
,,2024-06-20T07:45:00Z,0,0,0,0,0,0,0,0,0,0,,,,,,,,,,,,,,,PS_011,,,
,,2024-06-20T08:00:00Z,0,0,0,0,0,0,0,0,0,0,,,,,,,,,,,,,,,PS_011,,,
,,2024-06-20T08:15:00Z,0,0,0,0,0,0,0,0,0,0,,,,,,,,,,,,,,,PS_011,,,
,,2024-06-20T08:30:00Z,0,0,0,0,0,0,0,0,0,0,,,,,,,,,,,,,,,PS_011,,,
,,2024-06-20T08:45:00Z,0,0,0,0,0,0,0,0,0,0,,,,,,,,,,,,,,,PS_011,,,
,,2024-06-20T09:00:00Z,0,0,0,0,0,0,0,0,0,0,,,,,,,,,,,,,,,PS_011,,,
,,2024-06-20T09:15:00Z,0,0,0,0,0,0,0,0,0,0,,,,,,,,,,,,,,,PS_011,,,
,,2024-06-20T09:30:00Z,0,0,0,0,0,0,0,0,0,0,,,,,,,,,,,,,,,PS_011,,,
,,2024-06-20T09:45:00Z,0,0,0,0,0,0,0,0,0,0,,,,,,,,,,,,,,,PS_011,,,
,,2024-06-20T10:00:00Z,0,0,0,0,0,0,0,0,0,0,,,,,,,,,,,,,,,PS_011,,,
,,2024-06-20T10:15:00Z,0,0,0,0,0,0,0,0,0,0,,,,,,,,,,,,,,,PS_011,,,
,,2024-06-20T10:30:00Z,0,0,0,0,0,0,0,0,0,0,,,,,,,,,,,,,,,PS_011,,,
,,2024-06-20T10:45:00Z,0,0,0,0,0,0,0,0,0,0,,,,,,,,,,,,,,,PS_011,,,
,,2024-06-20T11:00:00Z,0,0,0,0,0,0,0,0,0,0,,,,,,,,,,,,,,,PS_011,,,
,,2024-06-20T11:15:00Z,0,0,0,0,0,0,0,0,0,0,,,,,,,,,,,,,,,PS_011,,,
,,2024-06-20T11:30:00Z,0,0,0,0,0,0,0,0,0,0,,,,,,,,,,,,,,,PS_011,,,
,,2024-06-20T11:45:00Z,0,0,0,0,0,0,0,0,0,0,,,,,,,,,,,,,,,PS_011,,,
,,2024-06-20T12:00:00Z,0,0,0,0,0,0,0,0,0,0,,,,,,,,,,,,,,,PS_011,,,
,,2024-06-20T12:15:00Z,0,0,0,0,0,0,0,0,0,0,,,,,,,,,,,,,,,PS_011,,,
,,2024-06-20T12:30:00Z,0,0,0,0,0,0,0,0,0,0,,,,,,,,,,,,,,,PS_011,,,
,,2024-06-20T12:45:00Z,0,0,0,0,0,0,0,0,0,0,,,,,,,,,,,,,,,PS_011,,,
,,2024-06-20T13:00:00Z,0,0,0,0,0,0,0,0,0,0,,,,,,,,,,,,,,,PS_011,,,
,,2024-06-20T13:15:00Z,0,0,0,0,0,0,0,0,0,0,,,,,,,,,,,,,,,PS_011,,,
,,2024-06-20T13:30:00Z,0,0,0,0,0,0,0,0,0,0,,,,,,,,,,,,,,,PS_011,,,
,,2024-06-20T13:45:00Z,0,0,0,0,0,0,0,0,0,0,,,,,,,,,,,,,,,PS_011,,,
,,2024-06-20T14:00:00Z,0,0,0,0,0,0,0,0,0,0,,,,,,,,,,,,,,,PS_011,,,
,,2024-06-20T14:15:00Z,0,0,0,0,0,0,0,0,0,0,,,,,,,,,,,,,,,PS_011,,,
,,2024-06-20T14:30:00Z,0,0,0,0,0,0,0,0,0,0,,,,,,,,,,,,,,,PS_011,,,
,,2024-06-20T14:45:00Z,0,0,0,0,0,0,0,0,0,0,,,,,,,,,,,,,,,PS_011,,,
,,2024-06-20T15:00:00Z,0,0,0,0,0,0,0,0,0,0,,,,,,,,,,,,,,,PS_011,,,
,,2024-06-20T15:15:00Z,0,0,0,0,0,0,0,0,0,0,,,,,,,,,,,,,,,PS_011,,,
,,2024-06-20T15:30:00Z,0,0,0,0,0,0,0,0,0,0,,,,,,,,,,,,,,,PS_011,,,
,,2024-06-20T15:45:00Z,0,0,0,0,0,0,0,0,0,0,,,,,,,,,,,,,,,PS_011,,,
,,2024-06-20T16:00:00Z,0,0,0,0,0,0,0,0,0,0,,,,,,,,,,,,,,,PS_011,,,
,,2024-06-20T16:15:00Z,0,0,0,0,0,0,0,0,0,0,,,,,,,,,,,,,,,PS_011,,,
,,2024-06-20T16:30:00Z,0,0,0,0,0,0,0,0,0,0,,,,,,,,,,,,,,,PS_011,,,
,,2024-06-20T16:45:00Z,0,0,0,0,0,0,0,0,0,0,,,,,,,,,,,,,,,PS_011,,,
,,2024-06-20T17:00:00Z,0,0,0,0,0,0,0,0,0,0,,,,,,,,,,,,,,,PS_011,,,
,,2024-06-20T17:15:00Z,0,0,0,0,0,0,0,0,0,0,,,,,,,,,,,,,,,PS_011,,,
,,2024-06-20T17:30:00Z,0,0,0,0,0,0,0,0,0,0,,,,,,,,,,,,,,,PS_011,,,
29.100000381469727,14.183706283569336,2024-06-20T17:45:00Z,1,1,1,1,1,1,0,1,1,1,129.47000122070312,431.3900146484375,,,,,,,,,,33.099998474121094,139.64999389648438,,PS_011,309.3138122558594,360.0,2.864000082015991
28.64541043239863,14.182606529010595,2024-06-20T18:00:00Z,3,3,3,3,3,3,1,3,3,3,108.9386175618348,411.33857349444565,,,,,,,,,,32.46881122781595,134.82046267801218,0.0,PS_011,305.08018156106533,359.99999999999994,1.134323941806555
28.799999237060547,14.178995778995636,2024-06-20T18:15:00Z,3,3,3,3,3,3,1,3,3,3,224.07403566636862,391.8067479405003,,,,,,,,,,32.41348510737721,108.30791909387946,0.0,PS_011,370.4447961971034,360.0,1.6296727821497425
,,2024-06-20T18:30:00Z,0,0,0,0,0,0,1,0,0,0,,,,,,,,,,,,,,0.0,PS_011,,,
,,2024-06-20T18:45:00Z,0,0,0,0,0,0,1,0,0,0,,,,,,,,,,,,,,0.0,PS_011,,,
,,2024-06-20T19:00:00Z,0,0,0,0,0,0,1,0,0,0,,,,,,,,,,,,,,0.0,PS_011,,,
,,2024-06-20T19:15:00Z,0,0,0,0,0,0,1,0,0,0,,,,,,,,,,,,,,0.0,PS_011,,,
,,2024-06-20T19:30:00Z,0,0,0,0,0,0,1,0,0,0,,,,,,,,,,,,,,0.0,PS_011,,,
,,2024-06-20T19:45:00Z,0,0,0,0,0,0,1,0,0,0,,,,,,,,,,,,,,0.0,PS_011,,,
,,2024-06-20T20:00:00Z,0,0,0,0,0,0,1,0,0,0,,,,,,,,,,,,,,0.0,PS_011,,,
,,2024-06-20T20:15:00Z,0,0,0,0,0,0,1,0,0,0,,,,,,,,,,,,,,0.0,PS_011,,,
,,2024-06-20T20:30:00Z,0,0,0,0,0,0,1,0,0,0,,,,,,,,,,,,,,0.0,PS_011,,,
,,2024-06-20T20:45:00Z,0,0,0,0,0,0,1,0,0,0,,,,,,,,,,,,,,0.0,PS_011,,,
,,2024-06-20T21:00:00Z,0,0,0,0,0,0,1,0,0,0,,,,,,,,,,,,,,0.0,PS_011,,,
,,2024-06-20T21:15:00Z,0,0,0,0,0,0,1,0,0,0,,,,,,,,,,,,,,0.0,PS_011,,,
,,2024-06-20T21:30:00Z,0,0,0,0,0,0,1,0,0,0,,,,,,,,,,,,,,0.0,PS_011,,,
,,2024-06-20T21:45:00Z,0,0,0,0,0,0,1,0,0,0,,,,,,,,,,,,,,0.0,PS_011,,,
,,2024-06-20T22:00:00Z,0,0,0,0,0,0,1,0,0,0,,,,,,,,,,,,,,0.0,PS_011,,,
,,2024-06-20T22:15:00Z,0,0,0,0,0,0,1,0,0,0,,,,,,,,,,,,,,0.0,PS_011,,,
,,2024-06-20T22:30:00Z,0,0,0,0,0,0,1,0,0,0,,,,,,,,,,,,,,0.0,PS_011,,,
,,2024-06-20T22:45:00Z,0,0,0,0,0,0,1,0,0,0,,,,,,,,,,,,,,0.0,PS_011,,,
,,2024-06-20T23:00:00Z,0,0,0,0,0,0,1,0,0,0,,,,,,,,,,,,,,0.0,PS_011,,,
,,2024-06-20T23:15:00Z,0,0,0,0,0,0,1,0,0,0,,,,,,,,,,,,,,0.0,PS_011,,,
,,2024-06-20T23:30:00Z,0,0,0,0,0,0,1,0,0,0,,,,,,,,,,,,,,0.0,PS_011,,,
,,2024-06-20T23:45:00Z,0,0,0,0,0,0,1,0,0,0,,,,,,,,,,,,,,0.0,PS_011,,,
,,2024-06-21T00:00:00Z,0,0,0,0,0,0,1,0,0,0,,,,,,,,,,,,,,0.0,PS_011,,,
,,2024-06-21T00:15:00Z,0,0,0,0,0,0,1,0,0,0,,,,,,,,,,,,,,0.0,PS_011,,,
,,2024-06-21T00:30:00Z,0,0,0,0,0,0,1,0,0,0,,,,,,,,,,,,,,0.0,PS_011,,,
,,2024-06-21T00:45:00Z,0,0,0,0,0,0,1,0,0,0,,,,,,,,,,,,,,0.0,PS_011,,,
,,2024-06-21T01:00:00Z,0,0,0,0,0,0,1,0,0,0,,,,,,,,,,,,,,0.0,PS_011,,,
,,2024-06-21T01:15:00Z,0,0,0,0,0,0,1,0,0,0,,,,,,,,,,,,,,0.0,PS_011,,,
,,2024-06-21T01:30:00Z,0,0,0,0,0,0,1,0,0,0,,,,,,,,,,,,,,0.0,PS_011,,,
,,2024-06-21T01:45:00Z,0,0,0,0,0,0,1,0,0,0,,,,,,,,,,,,,,0.0,PS_011,,,
,,2024-06-21T02:00:00Z,0,0,0,0,0,0,1,0,0,0,,,,,,,,,,,,,,0.0,PS_011,,,
,,2024-06-21T02:15:00Z,0,0,0,0,0,0,1,0,0,0,,,,,,,,,,,,,,0.0,PS_011,,,
,,2024-06-21T02:30:00Z,0,0,0,0,0,0,1,0,0,0,,,,,,,,,,,,,,0.0,PS_011,,,
,,2024-06-21T02:45:00Z,0,0,0,0,0,0,1,0,0,0,,,,,,,,,,,,,,0.0,PS_011,,,
,,2024-06-21T03:00:00Z,0,0,0,0,0,0,1,0,0,0,,,,,,,,,,,,,,0.0,PS_011,,,
,,2024-06-21T03:15:00Z,0,0,0,0,0,0,1,0,0,0,,,,,,,,,,,,,,0.0,PS_011,,,
,,2024-06-21T03:30:00Z,0,0,0,0,0,0,1,0,0,0,,,,,,,,,,,,,,0.0,PS_011,,,
,,2024-06-21T03:45:00Z,0,0,0,0,0,0,1,0,0,0,,,,,,,,,,,,,,0.0,PS_011,,,
,,2024-06-21T04:00:00Z,0,0,0,0,0,0,1,0,0,0,,,,,,,,,,,,,,0.0,PS_011,,,
,,2024-06-21T04:15:00Z,0,0,0,0,0,0,1,0,0,0,,,,,,,,,,,,,,0.0,PS_011,,,
,,2024-06-21T04:30:00Z,0,0,0,0,0,0,1,0,0,0,,,,,,,,,,,,,,0.0,PS_011,,,
,,2024-06-21T04:45:00Z,0,0,0,0,0,0,1,0,0,0,,,,,,,,,,,,,,0.0,PS_011,,,
,,2024-06-21T05:00:00Z,0,0,0,0,0,0,1,0,0,0,,,,,,,,,,,,,,0.0,PS_011,,,
,,2024-06-21T05:15:00Z,0,0,0,0,0,0,1,0,0,0,,,,,,,,,,,,,,0.0,PS_011,,,
,,2024-06-21T05:30:00Z,0,0,0,0,0,0,1,0,0,0,,,,,,,,,,,,,,0.0,PS_011,,,
,,2024-06-21T05:45:00Z,0,0,0,0,0,0,1,0,0,0,,,,,,,,,,,,,,0.0,PS_011,,,
,,2024-06-21T06:00:00Z,0,0,0,0,0,0,1,0,0,0,,,,,,,,,,,,,,0.0,PS_011,,,
,,2024-06-21T06:15:00Z,0,0,0,0,0,0,1,0,0,0,,,,,,,,,,,,,,0.0,PS_011,,,
,,2024-06-21T06:30:00Z,0,0,0,0,0,0,1,0,0,0,,,,,,,,,,,,,,0.0,PS_011,,,
,,2024-06-21T06:45:00Z,0,0,0,0,0,0,1,0,0,0,,,,,,,,,,,,,,0.0,PS_011,,,
,,2024-06-21T07:00:00Z,0,0,0,0,0,0,1,0,0,0,,,,,,,,,,,,,,0.0,PS_011,,,
,,2024-06-21T07:15:00Z,0,0,0,0,0,0,1,0,0,0,,,,,,,,,,,,,,0.0,PS_011,,,
,,2024-06-21T07:30:00Z,0,0,0,0,0,0,1,0,0,0,,,,,,,,,,,,,,0.0,PS_011,,,
,,2024-06-21T07:45:00Z,0,0,0,0,0,0,1,0,0,0,,,,,,,,,,,,,,0.0,PS_011,,,
,,2024-06-21T08:00:00Z,0,0,0,0,0,0,1,0,0,0,,,,,,,,,,,,,,0.0,PS_011,,,
,,2024-06-21T08:15:00Z,0,0,0,0,0,0,1,0,0,0,,,,,,,,,,,,,,0.0,PS_011,,,
,,2024-06-21T08:30:00Z,0,0,0,0,0,0,1,0,0,0,,,,,,,,,,,,,,0.0,PS_011,,,
,,2024-06-21T08:45:00Z,0,0,0,0,0,0,1,0,0,0,,,,,,,,,,,,,,0.0,PS_011,,,
,,2024-06-21T09:00:00Z,0,0,0,0,0,0,1,0,0,0,,,,,,,,,,,,,,0.0,PS_011,,,
,,2024-06-21T09:15:00Z,0,0,0,0,0,0,1,0,0,0,,,,,,,,,,,,,,0.0,PS_011,,,
,,2024-06-21T09:30:00Z,0,0,0,0,0,0,1,0,0,0,,,,,,,,,,,,,,0.0,PS_011,,,
,,2024-06-21T09:45:00Z,0,0,0,0,0,0,1,0,0,0,,,,,,,,,,,,,,0.0,PS_011,,,
,,2024-06-21T10:00:00Z,0,0,0,0,0,0,1,0,0,0,,,,,,,,,,,,,,0.0,PS_011,,,
,,2024-06-21T10:15:00Z,0,0,0,0,0,0,1,0,0,0,,,,,,,,,,,,,,0.0,PS_011,,,
,,2024-06-21T10:30:00Z,0,0,0,0,0,0,1,0,0,0,,,,,,,,,,,,,,0.0,PS_011,,,
,,2024-06-21T10:45:00Z,0,0,0,0,0,0,1,0,0,0,,,,,,,,,,,,,,0.0,PS_011,,,
,,2024-06-21T11:00:00Z,0,0,0,0,0,0,1,0,0,0,,,,,,,,,,,,,,0.0,PS_011,,,
,,2024-06-21T11:15:00Z,0,0,0,0,0,0,1,0,0,0,,,,,,,,,,,,,,0.0,PS_011,,,
,,2024-06-21T11:30:00Z,0,0,0,0,0,0,1,0,0,0,,,,,,,,,,,,,,0.0,PS_011,,,
,,2024-06-21T11:45:00Z,0,0,0,0,0,0,1,0,0,0,,,,,,,,,,,,,,0.0,PS_011,,,
,,2024-06-21T12:00:00Z,0,0,0,0,0,0,1,0,0,0,,,,,,,,,,,,,,0.0,PS_011,,,
,,2024-06-21T12:15:00Z,0,0,0,0,0,0,1,0,0,0,,,,,,,,,,,,,,0.0,PS_011,,,
,,2024-06-21T12:30:00Z,0,0,0,0,0,0,1,0,0,0,,,,,,,,,,,,,,0.0,PS_011,,,
22.060310430569494,14.18263129728892,2024-06-21T12:45:00Z,2,2,2,2,2,2,1,2,2,2,639.2298504062435,428.17176016635364,,,,,,,,,,30.960310432544137,79.3253560563688,0.0,PS_011,540.1311011070164,359.99999999999994,3.942000150680542
22.772867448909636,14.178359031677246,2024-06-21T13:00:00Z,4,4,4,4,4,4,1,4,4,4,653.1009916423586,465.68580735194394,,,,,,,,,,32.2243488224513,78.30371645316426,0.0,PS_011,594.6386826463362,360.0,4.961167128001614
23.177364134394953,14.181759848847424,2024-06-21T13:15:00Z,4,4,4,4,4,4,1,4,4,4,662.3382510358149,502.5188855763266,,,,,,,,,,31.99576789141026,77.2937068993409,0.0,PS_011,650.0112489531814,360.00000000000006,4.547826708414595
23.639115489065844,14.178359031677248,2024-06-21T13:30:00Z,3,3,3,3,3,3,1,3,3,3,665.1199450761951,534.8640752749711,,,,,,,,,,33.33911586490863,77.13917655751949,0.0,PS_011,692.7937298119897,360.0,3.5664285519221517
23.96057550544682,14.18025967959978,2024-06-21T13:45:00Z,4,4,4,4,4,4,1,4,4,4,662.845327455017,562.27695048856,,,,,,,,,,33.79792274433722,77.88345776434998,0.0,PS_011,722.955871102436,360.0,4.272724747832326
24.435472933901355,14.17927113487096,2024-06-21T14:00:00Z,3,3,3,3,3,3,1,3,3,3,655.4008852659049,583.9898279215791,,,,,,,,,,34.28565876967094,78.67286580496638,0.0,PS_011,742.5381009171844,360.0,4.417459691883625
24.56741046830172,14.182512274662944,2024-06-21T14:15:00Z,4,4,4,4,4,4,1,4,4,4,643.9979337497493,604.5906289884406,,,,,,,,,,34.4952815806682,79.86575888511652,0.0,PS_011,757.1299689784694,360.00000000000006,4.714952387439452
25.49721126813033,14.183706283569336,2024-06-21T14:30:00Z,4,4,4,4,4,4,1,4,4,4,632.3776812567835,625.8045470118083,,,,,,,,,,34.45376394957466,83.5112426279629,0.0,PS_011,749.2186609082559,359.99999999999994,4.0243488094260735
26.018378583965944,14.183706283569338,2024-06-21T14:45:00Z,3,3,3,3,3,3,1,3,3,3,614.7447012511956,636.2883218989655,,,,,,,,,,35.9015515113783,88.76124475426876,0.0,PS_011,716.5013030756926,360.0,3.012424666153686
26.07420300069289,14.181175210268275,2024-06-21T15:00:00Z,4,4,4,4,4,4,1,4,4,4,593.8853510843485,647.5821313587104,,,,,,,,,,34.24564969048557,91.79512250279727,0.0,PS_011,705.0122577563145,360.0,4.857955326396645
26.35280783651856,14.181419366112763,2024-06-21T15:15:00Z,4,4,4,4,4,4,1,4,4,4,561.1325760828787,646.9803876969794,,,,,,,,,,34.0420501319804,96.30141914688923,0.0,PS_011,671.0902657707812,360.0,5.257825825806663
26.49841128759952,14.182159205983096,2024-06-21T15:30:00Z,3,3,3,3,3,3,1,3,3,3,537.5498561144292,654.7181918957934,,,,,,,,,,34.19934819257228,103.8956425272541,0.0,PS_011,629.2610553891865,360.0,4.414204650543969
26.73435650838491,14.182138821296737,2024-06-21T15:45:00Z,4,4,4,4,4,4,1,4,4,4,502.2039706907323,647.5045593396381,,,,,,,,,,34.45379176825778,111.7202436019049,0.0,PS_011,579.60746655178,360.00000000000006,3.885310485136338
26.72095451589889,14.183706283569334,2024-06-21T16:00:00Z,4,4,4,4,4,4,1,4,4,4,465.85283857638933,642.2417604529766,,,,,,,,,,34.59377581870106,120.38652576729577,0.0,PS_011,533.7858656484275,359.9999999999999,4.990230492241954
27.233153819837202,14.181766628224024,2024-06-21T16:15:00Z,3,3,3,3,3,3,1,3,3,3,425.2449924373913,628.6057346755899,,,,,,,,,,34.30784886457292,127.58923279571161,0.0,PS_011,491.62460354400577,360.0,5.13739422324321
27.110381756854014,14.180349441332432,2024-06-21T16:30:00Z,4,4,4,4,4,4,1,4,4,4,384.1910610410769,608.8443216476637,,,,,,,,,,33.78833127303612,133.97819989595706,0.0,PS_011,454.4966282023942,360.0,3.6895132762112928
27.42313247908558,14.17895005518821,2024-06-21T16:45:00Z,4,4,4,4,4,4,1,4,4,4,341.9748494005672,594.1976724849695,,,,,,,,,,33.46658509789877,140.5212392354409,0.0,PS_011,422.18029788178643,360.00000000000006,5.494599740241977
27.450202154187057,14.180482007693685,2024-06-21T17:00:00Z,3,3,3,3,3,3,1,3,3,3,295.8629629684152,562.6393245865168,,,,,,,,,,33.05694757449293,143.29379950311696,0.0,PS_011,393.492217420795,360.0,4.0775762265150215
27.75621490932347,14.180938219273383,2024-06-21T17:15:00Z,4,4,4,4,4,4,1,4,4,4,250.60025195096728,536.3913260821671,,,,,,,,,,33.25092277061297,143.03292410506836,0.0,PS_011,374.909531537173,359.99999999999994,2.7636124457076074
27.95178748585784,14.18020331131485,2024-06-21T17:30:00Z,3,3,3,3,3,3,1,3,3,3,207.86556852689608,506.471625485304,,,,,,,,,,32.504328257786405,140.60550311291584,0.0,PS_011,360.5839047677657,360.0,3.448747398596722
27.834704148159798,14.182182689852022,2024-06-21T17:45:00Z,4,4,4,4,4,4,1,4,4,4,165.84843029002212,471.4265489411358,,,,,,,,,,31.861362717984022,147.09684633335075,0.0,PS_011,320.7348929700815,360.0,2.6355088090252496
27.91197040935364,14.182150371918953,2024-06-21T18:00:00Z,4,4,4,4,4,4,1,4,4,4,125.84271626460352,427.71336171155235,,,,,,,,,,31.28583262969949,139.27339840235138,0.0,PS_011,306.74887233500795,359.99999999999994,1.3011706155378062
27.78793770294382,14.17913365339358,2024-06-21T18:15:00Z,3,3,3,3,3,3,1,3,3,3,87.69124458392042,390.84995862115284,,,,,,,,,,30.24137479675411,133.92031391066357,0.0,PS_011,292.10283280077454,360.0,1.4902941336537328
27.907775921222846,14.179068360218999,2024-06-21T18:30:00Z,4,4,4,4,4,4,1,4,4,4,74.76690611038642,347.88281624081657,,,,,,,,,,29.323804804933197,126.40492882215182,0.0,PS_011,274.8921891554869,360.0,2.680749916407552
27.796037324491216,14.18302465497533,2024-06-21T18:45:00Z,4,4,4,4,4,4,1,4,4,4,67.42151095833677,300.5609626287444,,,,,,,,,,29.359385213759793,143.56137290973714,0.0,PS_011,209.33932132352464,360.0,1.7368078044462647
27.70000076293945,14.178359031677244,2024-06-21T19:00:00Z,3,3,3,3,3,3,1,3,3,3,60.10027002531557,255.3035202679114,,,,,,,,,,30.47498780883493,155.33001023271214,0.0,PS_011,164.1150519551615,359.99999999999994,1.7916139792606742
27.638335485376736,14.180097179342164,2024-06-21T19:15:00Z,4,4,4,4,4,4,1,4,4,4,52.71769648902434,211.3282826394442,,,,,,,,,,29.738335591533737,168.65645765672437,0.0,PS_011,125.1998801026522,360.0,2.595128405440961
27.399999618530277,14.182864580575739,2024-06-21T19:30:00Z,4,4,4,4,4,4,1,4,4,4,44.37282036250195,155.90906854242186,,,,,,,,,,29.63345721301894,168.42515220194923,0.0,PS_011,92.073310066546,360.00000000000006,1.2214733750458515
27.265487283558457,14.179293880095885,2024-06-21T19:45:00Z,3,3,3,3,3,3,1,3,3,3,35.85446645125467,118.63938669061979,,,,,,,,,,29.294649894491016,163.29798182733978,0.0,PS_011,72.48117089588825,360.0,1.4252708895841515
26.86654535786992,14.181142289249399,2024-06-21T20:00:00Z,4,4,4,4,4,4,1,4,4,4,27.081293873462418,76.65910193463513,,,,,,,,,,28.41652712921843,133.81067173543553,0.0,PS_011,57.015252705946125,360.0,1.2641037594589248
26.500444903892568,14.181750312563157,2024-06-21T20:15:00Z,3,3,3,3,3,3,1,3,3,3,18.487919858703012,43.490678400166054,,,,,,,,,,26.80045122041521,95.00259938264355,0.0,PS_011,45.614972528944,360.0,1.1761966154616892
25.909432241775725,14.178359031677246,2024-06-21T20:30:00Z,4,4,4,4,4,4,1,4,4,4,8.236631347515596,15.169912129377996,,,,,,,,,,24.681226476808742,29.495568056536754,0.0,PS_011,60.26835111228875,360.00000000000006,1.7389222199231076
25.354306740669834,14.178359031677244,2024-06-21T20:45:00Z,3,3,3,3,3,3,1,3,3,3,1.069565594158569,0.8443557456011839,,,,,,,,,,22.682575779223587,0.4879265229468942,0.0,PS_011,265.3930881156844,359.99999999999994,1.8997554671983465
24.96872463731184,14.178359031677246,2024-06-21T21:00:00Z,3,3,3,3,3,3,1,3,3,3,-1.1435197794744418,-2.7549517097743785,,,,,,,,,,21.682907938125844,-0.7763998293306408,0.0,PS_011,382.62514893574786,360.0,1.2316727773728595
24.826024154153426,14.178359031677244,2024-06-21T21:15:00Z,4,4,4,4,4,4,1,4,4,4,-0.9498506421045989,-3.2028001115553937,,,,,,,,,,21.220565022953906,-0.8566103327892393,0.0,PS_011,368.0276713799259,360.0,1.5103760333510765
24.64091915905387,14.178359031677244,2024-06-21T21:30:00Z,4,4,4,4,4,4,1,4,4,4,-1.1321034566667358,-2.7444658271090865,,,,,,,,,,20.640837399028463,-1.1557162629727789,0.0,PS_011,257.61449909970025,359.99999999999994,1.9906680463014683
23.732814872035554,14.177644912660396,2024-06-21T21:45:00Z,3,3,3,3,3,3,1,3,3,3,-3.2977722073672497,-3.676160559542926,,,,,,,,,,19.754210030503742,-1.0182653785388378,0.0,PS_011,417.025008571944,360.0,1.1217429832239083
23.607353203765772,14.178359031677244,2024-06-21T22:00:00Z,4,4,4,4,4,4,1,4,4,4,-2.719005950123041,-3.0472575657951593,,,,,,,,,,18.86314409106974,-0.8638576179783206,0.0,PS_011,401.47964235791505,359.9999999999999,1.066303407507455
23.399999618530277,14.178359031677246,2024-06-21T22:15:00Z,4,4,4,4,4,4,1,4,4,4,0.5685773225013869,-2.976825912393226,,,,,,,,,,19.168689978526913,-0.20956162437337303,0.0,PS_011,1577.2573640429305,359.99999999999994,0.9060267333728357
23.46386424712783,14.178359031677246,2024-06-21T22:30:00Z,3,3,3,3,3,3,1,3,3,3,-0.4422876341614257,-2.1595240875687804,,,,,,,,,,19.0,-1.0871069939585651,0.0,PS_011,196.26120359940478,360.00000000000006,0.9543850342551788
23.06953357807419,14.178359031677248,2024-06-21T22:45:00Z,4,4,4,4,4,4,1,4,4,4,-0.823384734516685,-2.1721866563943126,,,,,,,,,,18.29876755611759,-1.5965907848429308,0.0,PS_011,135.41506093727165,360.0,1.3980102082357517
23.078322797917824,14.179481322458027,2024-06-21T23:00:00Z,3,3,3,3,3,3,1,3,3,3,0.4337957271778948,-1.3887053075056295,,,,,,,,,,18.30494165626465,0.01469199554323375,0.0,PS_011,-833.468296340249,360.0,1.7934974776398556
22.937387514413665,14.178359031677248,2024-06-21T23:15:00Z,2,2,2,2,2,2,1,2,2,2,-0.7494029485527904,-2.540140648948551,,,,,,,,,,18.873480026244618,-0.4225730773614178,0.0,PS_011,66.32199092853165,360.00000000000006,1.9034876129394263
22.47849032055954,14.178359031677246,2024-06-21T23:30:00Z,4,4,4,4,4,4,1,4,4,4,-1.0078872665294694,-2.538566601445612,,,,,,,,,,18.836090954448974,-0.6780121699134605,0.0,PS_011,188.7173126311588,360.0,2.231951295283232
22.082150506975527,14.178359031677244,2024-06-21T23:45:00Z,3,3,3,3,3,3,1,3,3,3,-2.0620966300543264,-2.9907272194521686,,,,,,,,,,18.457357323062293,-0.9405441357190547,0.0,PS_011,289.00475867116626,359.99999999999994,1.8700840879656178
21.753884850427703,14.178359031677244,2024-06-22T00:00:00Z,3,3,3,3,3,3,1,3,3,3,-0.21624559858682196,-2.3626732862314994,,,,,,,,,,17.89999961853027,-0.9633664181322875,0.0,PS_011,260.3051035255396,359.99999999999994,2.0772505104058046
21.847746573931964,14.178359031677246,2024-06-22T00:15:00Z,4,4,4,4,4,4,1,4,4,4,-0.9758416255895082,-2.109425560795698,,,,,,,,,,18.038082911642032,-0.47143972973210585,0.0,PS_011,441.0319631063519,360.0,2.0173828798467315
21.5,14.178359031677246,2024-06-22T00:30:00Z,1,1,1,1,1,1,1,1,1,1,-0.6499999761581422,-2.0999999046325684,,,,,,,,,,17.600000381469727,-0.7200000286102296,0.0,PS_011,276.25,359.99999999999994,1.4220000505447388
22.209241306010743,14.178359031677246,2024-06-22T00:45:00Z,2,2,2,2,2,2,1,2,2,2,0.08983429255799676,-1.6126896243335558,,,,,,,,,,18.473104637004898,0.4064690900377823,0.0,PS_011,-438.7088356372367,360.0,1.9071038067818757
21.71061476856941,14.178359031677244,2024-06-22T01:00:00Z,3,3,3,3,3,3,1,3,3,3,-1.4295737679693439,-2.4494411943404204,,,,,,,,,,18.399999618530273,-0.4241070161753039,0.0,PS_011,613.3546946306841,360.00000000000006,2.20893331816832
21.45290511420648,14.178359031677246,2024-06-22T01:15:00Z,3,3,3,3,3,3,1,3,3,3,-1.5841303375281512,-2.359774564399729,,,,,,,,,,18.152905577723953,-0.40791987209742836,0.0,PS_011,508.58220498342513,359.99999999999994,2.4363129205512455
21.033816212967377,14.178359031677248,2024-06-22T01:30:00Z,3,3,3,3,3,3,1,3,3,3,-1.6810710283335832,-2.4846718442672753,,,,,,,,,,17.71288504004707,-0.7260418809626801,0.0,PS_011,365.38451587972844,360.0,2.58164143912017
21.04811958729578,14.178359031677244,2024-06-22T01:45:00Z,2,2,2,2,2,2,1,2,2,2,-0.9215044635852635,-2.0133075080331513,,,,,,,,,,17.899999618530273,-0.2831582187494509,0.0,PS_011,1369.164138571087,360.0,2.7100000381469727
21.200000762939453,14.178359031677246,2024-06-22T02:00:00Z,1,1,1,1,1,1,1,1,1,1,-1.2899999618530273,-2.2200000286102295,,,,,,,,,,17.899999618530273,-0.18000000715255737,0.0,PS_011,884.0,360.0,3.01799988746643
20.761747151735577,14.178359031677246,2024-06-22T02:15:00Z,3,3,3,3,3,3,1,3,3,3,-1.9704454075552138,-2.6609297485188352,,,,,,,,,,18.16944592095334,-0.5828483061653874,0.0,PS_011,429.28131870012584,360.0,3.289938055466025
20.406011454621698,14.178359031677248,2024-06-22T02:30:00Z,3,3,3,3,3,3,1,3,3,3,-1.3189712756335317,-2.4930602873697514,,,,,,,,,,17.554055681656358,-0.791240387011366,0.0,PS_011,318.70579899588796,360.0,2.610374975682639
20.200000762939453,14.178359031677246,2024-06-22T02:45:00Z,3,3,3,3,3,3,1,3,3,3,-0.9091484601172103,-2.2464159889335917,,,,,,,,,,17.396880562540847,-0.33197995591336166,0.0,PS_011,920.8844441158786,360.0,3.0940157758734603
20.248245785470655,14.178359031677248,2024-06-22T03:00:00Z,3,3,3,3,3,3,1,3,3,3,-1.3291133784311269,-2.306446803841045,,,,,,,,,,17.289884895021487,-0.43938675500301067,0.0,PS_011,544.1045573521421,360.0,3.3809898354118433
20.14153870633347,14.176675094275986,2024-06-22T03:15:00Z,3,3,3,3,3,3,1,3,3,3,-1.1042548532756695,-2.034761709902446,,,,,,,,,,17.399999618530273,-0.2867275086428321,0.0,PS_011,621.1999658155139,359.99999999999994,2.434339552885512
19.899999618530273,14.178359031677246,2024-06-22T03:30:00Z,1,1,1,1,1,1,1,1,1,1,-0.9800000190734863,-2.130000114440918,,,,,,,,,,17.399999618530273,-0.10000000149011612,0.0,PS_011,825.0,360.0,3.5180001258850098
20.107366886382277,14.175124995119608,2024-06-22T03:45:00Z,2,2,2,2,2,2,1,2,2,2,-1.4109883385962967,-2.459373886108369,,,,,,,,,,17.600000381469723,-0.36702273180150125,0.0,PS_011,1368.069980860337,360.0,2.9220001697540283
20.057279973777703,14.176133201851426,2024-06-22T04:00:00Z,2,2,2,2,2,2,1,2,2,2,-1.0460216422004236,-2.3474776066801195,,,,,,,,,,17.399999618530273,-0.5597125021219479,0.0,PS_011,433.2060498019177,360.0,3.4208643664085843
19.718889563977974,14.178359031677248,2024-06-22T04:15:00Z,4,4,4,4,4,4,1,4,4,4,-1.272032626775558,-2.2870824439762916,,,,,,,,,,17.05223730764245,-0.5732278902138607,0.0,PS_011,473.7530595855823,360.0,3.0804123445658598
19.36111287017201,14.178359031677246,2024-06-22T04:30:00Z,4,4,4,4,4,4,1,4,4,4,-1.0264082854157923,-2.1844687249167745,,,,,,,,,,16.761112488702285,-0.4789467992112831,0.0,PS_011,778.1293912994989,360.0,2.9898609460416097
19.399999618530273,14.178359031677246,2024-06-22T04:45:00Z,1,1,1,1,1,1,1,1,1,1,-0.9100000262260437,-2.3399999141693115,,,,,,,,,,16.5,-0.41999998688697815,0.0,PS_011,391.6666259765625,359.99999999999994,3.5960001945495605
19.01893352073573,14.178359031677246,2024-06-22T05:00:00Z,2,2,2,2,2,2,1,2,2,2,-1.9692089790231688,-2.5799999237060547,,,,,,,,,,16.445955426177335,-0.6843199845860869,0.0,PS_011,361.8409954336697,359.99999999999994,2.8387718198492604
18.799999237060543,14.177787736014611,2024-06-22T05:15:00Z,4,4,4,4,4,4,1,4,4,4,-1.5161971383928625,-2.3055716666462214,,,,,,,,,,16.18926863028056,-0.5118926574677239,0.0,PS_011,356.63160868207575,359.99999999999994,3.037345084347278
18.729281268722815,14.178359031677246,2024-06-22T05:30:00Z,2,2,2,2,2,2,1,2,2,2,-0.4772926588023866,-1.7860772091640533,,,,,,,,,,16.0,-0.1331490367515983,0.0,PS_011,-5051.035438990831,360.0,3.17578276763683
18.799999237060547,14.178359031677246,2024-06-22T05:45:00Z,1,1,1,1,1,1,1,1,1,1,-0.05999999865889549,-1.690000057220459,,,,,,,,,,16.299999237060547,0.07999999821186066,0.0,PS_011,17800.0,360.0,3.2100000381469727
18.799999237060547,14.178359031677246,2024-06-22T06:00:00Z,2,2,2,2,2,2,1,2,2,2,-0.8702121039811267,-1.9204241953870635,,,,,,,,,,16.299999237060547,-0.23690233523431406,0.0,PS_011,641.3363075003027,360.0,3.673633254338781
18.563889171077633,14.178359031677246,2024-06-22T06:15:00Z,3,3,3,3,3,3,1,3,3,3,-1.3406681856355904,-2.3380918862478217,,,,,,,,,,16.29999923706055,-0.5194389609763567,0.0,PS_011,452.2476025632642,360.0,3.944431101161498
18.299999237060547,14.177660543540647,2024-06-22T06:30:00Z,4,4,4,4,4,4,1,4,4,4,-1.5197401742992078,-2.273154731164192,,,,,,,,,,15.71492632142431,-0.6440726463844337,0.0,PS_011,383.02365000035115,360.0,2.983191001545323
18.299999237060547,14.178359031677244,2024-06-22T06:45:00Z,2,2,2,2,2,2,1,2,2,2,-0.4795257043466003,-1.9526438457653692,,,,,,,,,,15.699999809265138,-0.23783047501281368,0.0,PS_011,2444.3030883390843,360.0,3.3546071611754225
18.415888609870787,14.176391368361267,2024-06-22T07:00:00Z,2,2,2,2,2,2,1,2,2,2,-1.013177773578495,-1.975699916442986,,,,,,,,,,16.299999237060547,-0.12626108606020942,0.0,PS_011,1161.3668004620233,360.00000000000006,4.281157600769006
18.330521230071167,14.17767635310907,2024-06-22T07:15:00Z,4,4,4,4,4,4,1,4,4,4,-1.1440749270809174,-2.07650923400653,,,,,,,,,,16.20030064047384,-0.3517759465476491,0.0,PS_011,888.2872218191715,360.00000000000006,4.108524475561308
18.299999237060547,14.173680305480957,2024-06-22T07:30:00Z,1,1,1,1,1,1,1,1,1,1,-1.100000023841858,-2.2100000381469727,,,,,,,,,,16.0,-0.3799999952316284,0.0,PS_011,674.1935424804688,360.0,4.4039998054504395
18.000000000000004,14.174791075422341,2024-06-22T07:45:00Z,2,2,2,2,2,2,1,2,2,2,-1.157770134401528,-2.235251841614669,,,,,,,,,,16.228776831434686,-0.39812956954320705,0.0,PS_011,587.7351818043498,360.00000000000006,4.134874419354711
18.028647575114835,14.178359031677248,2024-06-22T08:00:00Z,4,4,4,4,4,4,1,4,4,4,-1.144213667220412,-2.132201868571281,,,,,,,,,,16.00443157237834,-0.3903369189792361,0.0,PS_011,485.89837869037143,360.00000000000006,4.104539878516031
17.70000076293945,14.177655713901693,2024-06-22T08:15:00Z,3,3,3,3,3,3,1,3,3,3,-1.463635192554199,-2.269030049454515,,,,,,,,,,14.945096394439036,-0.7897718064644103,0.0,PS_011,334.73887295908025,359.99999999999994,2.977679251214865
17.320457353459027,14.177749404053314,2024-06-22T08:30:00Z,4,4,4,4,4,4,1,4,4,4,-1.022193491545121,-1.9133128109911328,,,,,,,,,,14.757790361187535,-0.4850642689708867,0.0,PS_011,390.7278827603274,360.00000000000006,2.5945559394943634
,,2024-06-22T08:45:00Z,0,0,0,0,0,0,1,0,0,0,,,,,,,,,,,,,,0.0,PS_011,,,
,,2024-06-22T09:00:00Z,0,0,0,0,0,0,1,0,0,0,,,,,,,,,,,,,,0.0,PS_011,,,
17.66281924010058,14.178359031677244,2024-06-22T09:15:00Z,3,3,3,3,3,3,1,3,3,3,-0.03670574754726875,-0.42698205759147456,,,,,,,,,,16.25440925370298,0.2706529082224881,0.0,PS_011,-142.5302883619682,360.0,3.378582869249724
17.700000762939453,14.178359031677246,2024-06-22T09:30:00Z,2,2,2,2,2,2,1,2,2,2,-0.4935759554293572,-1.0133170423129814,,,,,,,,,,16.413470620208425,0.0034709497593682424,0.0,PS_011,275.7040100227076,360.0,2.8894281739818153
17.95109992148346,14.178359031677246,2024-06-22T09:45:00Z,3,3,3,3,3,3,1,3,3,3,0.7325357608133842,0.1595056995923522,,,,,,,,,,16.63048551893921,0.2794343802281869,0.0,PS_011,23.311586996292725,360.0,3.244501014380933
18.0,14.177625518804978,2024-06-22T10:00:00Z,4,4,4,4,4,4,1,4,4,4,5.004305015655397,4.066744891504744,,,,,,,,,,16.712761022579638,0.7972198311191303,0.0,PS_011,494.41971661392705,360.00000000000006,3.7366796569769094
18.10484708384493,14.178359031677244,2024-06-22T10:15:00Z,4,4,4,4,4,4,1,4,4,4,15.0894309401482,14.775623821221576,,,,,,,,,,17.052707500153268,2.7635204802867057,0.0,PS_011,533.4917866208816,359.99999999999994,3.4469091043943796
18.299999237060547,14.178359031677246,2024-06-22T10:30:00Z,3,3,3,3,3,3,1,3,3,3,32.99302249748227,32.29594232573811,,,,,,,,,,17.433698711973612,6.184236277889168,0.0,PS_011,522.245379099048,360.0,3.597852765802297
18.399918460075913,14.176720650752754,2024-06-22T10:45:00Z,4,4,4,4,4,4,1,4,4,4,57.25372898177655,54.33068506566271,,,,,,,,,,18.09470359024484,10.534123673081027,0.0,PS_011,516.4761455172622,360.0,4.4161173693706015
18.749068992764464,14.178359031677244,2024-06-22T11:00:00Z,3,3,3,3,3,3,1,3,3,3,92.5592253314684,81.49053381575908,,,,,,,,,,18.94906975570392,15.801310461243363,0.0,PS_011,519.7032908579046,359.99999999999994,3.625954168080416
18.999696321793905,14.178359031677244,2024-06-22T11:15:00Z,4,4,4,4,4,4,1,4,4,4,108.62930569283004,101.38994752252664,,,,,,,,,,19.72444320186623,19.602084617497255,0.0,PS_011,517.9281886466808,359.99999999999994,1.792049637033737
19.143059515258773,14.178359031677244,2024-06-22T11:30:00Z,4,4,4,4,4,4,1,4,4,4,160.5171520486802,140.36960317912417,,,,,,,,,,20.63979726728765,27.398207913420645,0.0,PS_011,512.774655929953,360.0,3.3546040844124327
19.15300184480937,14.178359031677246,2024-06-22T11:45:00Z,3,3,3,3,3,3,1,3,3,3,223.885087608558,183.15714834451617,,,,,,,,,,22.01538423509566,36.853173858990154,0.0,PS_011,499.6936639816364,360.0,2.5127218431530616
19.647930533657416,14.178359031677244,2024-06-22T12:00:00Z,4,4,4,4,4,4,1,4,4,4,243.56724235141397,203.31957413242742,,,,,,,,,,22.98255171276305,40.0284754532207,0.0,PS_011,508.61793581879294,359.99999999999994,2.8647758946536155
20.046003687782562,14.177091706953124,2024-06-22T12:15:00Z,4,4,4,4,4,4,1,4,4,4,296.2467088579997,249.9239031757612,,,,,,,,,,23.70685738464181,47.75160693709099,0.0,PS_011,524.0178062196879,359.99999999999994,3.3766906452096466
20.41302763613735,14.178359031677246,2024-06-22T12:30:00Z,3,3,3,3,3,3,1,3,3,3,218.8834285937257,203.86538316670695,,,,,,,,,,23.401119038260862,40.02902742605586,0.0,PS_011,509.9111487716899,359.99999999999994,4.577168424231368
20.86565815663568,14.178359031677246,2024-06-22T12:45:00Z,4,4,4,4,4,4,1,4,4,4,255.90646763470338,251.46396999359806,,,,,,,,,,23.423170022175984,48.00172309228111,0.0,PS_011,523.6467434725927,360.0,4.2441544110639935
21.304441387207156,14.178359031677246,2024-06-22T13:00:00Z,4,4,4,4,4,4,1,4,4,4,282.93961602538616,272.9624789918946,,,,,,,,,,24.17324317084926,50.504369137556154,0.0,PS_011,539.9777090315768,360.0,4.1411764401759745
22.07268734857868,14.178359031677246,2024-06-22T13:15:00Z,3,3,3,3,3,3,1,3,3,3,408.73090100050547,347.184439100434,,,,,,,,,,27.43962955648906,62.68605314570305,0.0,PS_011,555.1095862806849,359.99999999999994,3.0094609621115658
22.403848677625977,14.178359031677244,2024-06-22T13:30:00Z,4,4,4,4,4,4,1,4,4,4,328.52372924281707,300.2855560897623,,,,,,,,,,26.854108914557916,54.883698427952936,0.0,PS_011,546.7744407936464,360.00000000000006,3.9601734327162412
22.600000381469727,14.181696194059322,2024-06-22T13:45:00Z,3,3,3,3,3,3,1,3,3,3,304.19542152489555,260.54503246607317,,,,,,,,,,26.433666280555336,45.80156512054576,0.0,PS_011,548.8309573317418,360.00000000000006,2.730238285244251
23.99427325484302,14.178359031677246,2024-06-22T14:00:00Z,4,4,4,4,4,4,1,4,4,4,676.7656961924187,596.7472827566489,,,,,,,,,,32.870852839681774,85.60455243107198,0.0,PS_011,697.6314400888906,360.00000000000006,4.125714479972992
24.569837064270686,14.18212620782456,2024-06-22T14:15:00Z,4,4,4,4,4,4,1,4,4,4,652.4974678830682,610.0707425197695,,,,,,,,,,34.37474803642603,83.73818817933677,0.0,PS_011,728.956455121879,359.99999999999994,4.279874069210047
25.68156910729568,14.18206410269219,2024-06-22T14:30:00Z,3,3,3,3,3,3,1,3,3,3,627.1540926554272,619.2211921144483,,,,,,,,,,35.29741517613907,85.09751469793,0.0,PS_011,727.2353699765425,360.0,3.618013744631528
26.01912166497683,14.183706283569336,2024-06-22T14:45:00Z,4,4,4,4,4,4,1,4,4,4,609.7590501760928,633.4538963982649,,,,,,,,,,36.52053640173981,88.79516928985066,0.0,PS_011,713.0660882669747,360.0,3.826098838069126
26.54800782236884,14.182858883904021,2024-06-22T15:00:00Z,4,4,4,4,4,4,1,4,4,4,585.9319613792113,646.430972643372,,,,,,,,,,36.039897958279504,95.08557453738622,0.0,PS_011,679.3766249206583,360.0,3.2521323432177502
26.352043010352123,14.18188435091725,2024-06-22T15:15:00Z,3,3,3,3,3,3,1,3,3,3,456.83723996196426,526.1329859075219,,,,,,,,,,34.72311292792967,81.74156726729706,0.0,PS_011,637.5988041143696,360.0,3.4656277955062316
26.663755468342913,14.182877386770336,2024-06-22T15:30:00Z,4,4,4,4,4,4,1,4,4,4,510.45479470513106,622.8352221145855,,,,,,,,,,34.7931636864671,103.23437640013296,0.0,PS_011,606.3217184446875,360.0,3.2781176808217136
27.265141549968597,14.183706283569338,2024-06-22T15:45:00Z,4,4,4,4,4,4,1,4,4,4,514.1479787499536,659.421965966079,,,,,,,,,,36.40655085328765,118.03340794490143,0.0,PS_011,557.498287460526,360.0,3.277063093300996
27.355208822557593,14.182779759069982,2024-06-22T16:00:00Z,3,3,3,3,3,3,1,3,3,3,445.992742643447,607.4095403800853,,,,,,,,,,35.78055006822785,117.1402093425901,0.0,PS_011,518.0338001268615,359.99999999999994,2.951900513925803
27.98236742437534,14.179165439317568,2024-06-22T16:15:00Z,4,4,4,4,4,4,1,4,4,4,423.66569681487647,612.2270044722784,,,,,,,,,,35.55781872022741,126.42920954260674,0.0,PS_011,484.01296276242465,360.0,4.027008611652959
27.888716680024764,14.183706283569334,2024-06-22T16:30:00Z,3,3,3,3,3,3,1,3,3,3,384.53326876361837,602.0141115747673,,,,,,,,,,34.283830677533295,132.52047927231962,0.0,PS_011,453.7762562373181,360.0,5.415783244211948
28.150201447323287,14.181065144571908,2024-06-22T16:45:00Z,4,4,4,4,4,4,1,4,4,4,342.7750226326468,586.3664161750146,,,,,,,,,,34.61065846821181,140.24621295416642,0.0,PS_011,418.3946703939204,360.00000000000006,3.3019758096890044
28.25344388912849,14.183706283569334,2024-06-22T17:00:00Z,4,4,4,4,4,4,1,4,4,4,291.1236536927884,549.5229466477774,,,,,,,,,,33.72369074609933,140.7293632184052,0.0,PS_011,391.91697022195973,359.9999999999999,4.918236443626048
28.600250077358425,14.182913843033973,2024-06-22T17:15:00Z,3,3,3,3,3,3,1,3,3,3,226.78485787361402,466.38496190933034,,,,,,,,,,32.600250077358425,126.97848474771567,0.0,PS_011,370.7099791430354,359.99999999999994,3.7119629006662436
28.087326337683812,14.182862839239181,2024-06-22T17:30:00Z,4,4,4,4,4,4,1,4,4,4,190.35243618506567,434.1320950475888,,,,,,,,,,30.96081766657763,122.49692478864574,0.0,PS_011,354.1372634491399,360.0,4.60171664459873
28.20440961459318,14.181212844566454,2024-06-22T17:45:00Z,4,4,4,4,4,4,1,4,4,4,169.02371950082602,454.08679672670513,,,,,,,,,,31.343485965895194,146.17436431143778,0.0,PS_011,310.7816208431849,360.0,3.542520698570427
28.000000000000004,14.182740118264515,2024-06-22T18:00:00Z,3,3,3,3,3,3,1,3,3,3,137.8610569753568,438.85505625803086,,,,,,,,,,30.654205580732835,144.45278726757755,0.0,PS_011,303.7765920847351,360.0,3.0982392383550796
28.328891098112123,14.183706283569334,2024-06-22T18:15:00Z,4,4,4,4,4,4,1,4,4,4,101.10500178528677,385.99699784190074,,,,,,,,,,30.554061767069253,132.72927481891097,0.0,PS_011,290.69216170330435,359.99999999999994,3.039388683836235
28.04728515965393,14.180959981710176,2024-06-22T18:30:00Z,4,4,4,4,4,4,1,4,4,4,91.26541247757127,325.0357034543249,,,,,,,,,,28.972016972082635,121.98064471304352,0.0,PS_011,266.09847420930026,360.0,3.6151838723893746
27.88262401386465,14.182796777996568,2024-06-22T18:45:00Z,3,3,3,3,3,3,1,3,3,3,82.90108250163331,304.67373539131347,,,,,,,,,,29.556717115308757,153.1159061854481,0.0,PS_011,198.5929705664714,360.0,3.0560953292752444
28.0,14.178359031677246,2024-06-22T19:00:00Z,4,4,4,4,4,4,1,4,4,4,71.17571524376501,263.8658001664811,,,,,,,,,,30.176271393869833,167.54142465841562,0.0,PS_011,157.46755528352028,360.0,3.322492679241677
27.749365023654565,14.182682225720274,2024-06-22T19:15:00Z,3,3,3,3,3,3,1,3,3,3,56.231107595707186,203.90231241750976,,,,,,,,,,29.656182005549024,166.40012955527038,0.0,PS_011,122.73890417002181,360.0,2.961002706703181
27.737630118935186,14.181258350882059,2024-06-22T19:30:00Z,4,4,4,4,4,4,1,4,4,4,47.03027017827714,141.80717350626912,,,,,,,,,,29.614837981332645,143.55897028000913,0.0,PS_011,98.75698404116572,359.99999999999994,2.6187419756719565
27.46000385639034,14.180717555366845,2024-06-22T19:45:00Z,4,4,4,4,4,4,1,4,4,4,40.77272395270245,131.10463948448796,,,,,,,,,,29.127681796128968,176.9306618466598,0.0,PS_011,74.41628929203469,359.99999999999994,2.713731756231712
26.944874286010528,14.182872591106511,2024-06-22T20:00:00Z,3,3,3,3,3,3,1,3,3,3,32.821972615859394,78.5933210728762,,,,,,,,,,28.27605705721611,123.42452395515865,0.0,PS_011,63.29268193664763,360.00000000000006,2.121902705155178
26.730810693848156,14.178359031677246,2024-06-22T20:15:00Z,4,4,4,4,4,4,1,4,4,4,23.630127777582945,50.839365027099134,,,,,,,,,,27.484357124988254,99.2161940213673,0.0,PS_011,51.74578647834628,360.00000000000006,2.604604152780015
26.327071326504946,14.179862056697457,2024-06-22T20:30:00Z,4,4,4,4,4,4,1,4,4,4,11.753360610685878,19.508569444852753,,,,,,,,,,25.477783452290222,39.626016343309765,0.0,PS_011,55.02590985848089,360.0,1.6687404740897456
25.86810984148291,14.179573042240728,2024-06-22T20:45:00Z,2,2,2,2,2,2,1,2,2,2,1.0417985816001918,1.2020220467903442,,,,,,,,,,23.413516478063908,0.8814179449274788,0.0,PS_011,107.35014648685375,360.00000000000006,2.467881861831187
25.47327867682035,14.178359031677246,2024-06-22T21:00:00Z,4,4,4,4,4,4,1,4,4,4,-0.7213542756760661,-2.520681803481536,,,,,,,,,,22.454051130787718,-0.5063832616793151,0.0,PS_011,829.74294507117,360.0,1.3785922552987333
25.267571902637766,14.178359031677248,2024-06-22T21:15:00Z,4,4,4,4,4,4,1,4,4,4,-0.5712582890511115,-2.5625984638662964,,,,,,,,,,22.12059920275978,-0.547776029689915,0.0,PS_011,448.9542885875746,360.00000000000006,2.0028332717900246
24.965435807215616,14.178359031677244,2024-06-22T21:30:00Z,3,3,3,3,3,3,1,3,3,3,-1.3317802980825129,-2.500599355879556,,,,,,,,,,21.64815447376288,-1.2307583115857899,0.0,PS_011,230.0770436685211,360.0,2.2482038744359865
24.7541472817712,14.179132046074988,2024-06-22T21:45:00Z,4,4,4,4,4,4,1,4,4,4,-0.9260645555329491,-2.3564141013920152,,,,,,,,,,21.356630850003985,-0.6936733848225568,0.0,PS_011,350.9885247195222,360.0,2.104665323623867
24.799999237060547,14.178359031677246,2024-06-22T22:00:00Z,2,2,2,2,2,2,1,2,2,2,-0.5551657729909434,-2.4362732616863667,,,,,,,,,,21.054244209963635,-0.45372679724951304,0.0,PS_011,542.1647092321726,360.0,2.331727988386366
24.9257016271391,14.178359031677248,2024-06-22T22:15:00Z,3,3,3,3,3,3,1,3,3,3,0.05314970229555483,-2.240112442603313,,,,,,,,,,21.131176772168764,0.3160095712156296,0.0,PS_011,-380.3532270082208,360.00000000000006,1.860571440179566
24.68716488225951,14.178359031677246,2024-06-22T22:30:00Z,0,0,0,0,0,0,1,0,0,0,-0.8093474973912631,-2.425175453828278,true,true,true,true,true,true,true,true,true,21.096222341451544,-0.4536916583126283,0.0,PS_011,-82.42974853960686,360.0,1.557425039117239
24.44862813737992,14.178359031677246,2024-06-22T22:45:00Z,3,3,3,3,3,3,1,3,3,3,-1.671844697078081,-2.610238465053243,,,,,,,,,,21.061267910734326,-1.2233928878408862,0.0,PS_011,215.49372992900712,360.0,1.2542786380549122
23.70000076293945,14.177156940059843,2024-06-22T23:00:00Z,4,4,4,4,4,4,1,4,4,4,-0.8075003715605853,-2.067915630379617,,,,,,,,,,20.56238952488036,-1.134150797631957,0.0,PS_011,225.29699208102244,360.0,2.1345457373110928
24.40423060275676,14.178359031677248,2024-06-22T23:15:00Z,2,2,2,2,2,2,1,2,2,2,0.27934589849863306,-1.0421542788503901,,,,,,,,,,21.195769778712968,0.24211517411049086,0.0,PS_011,-317.73517719792744,360.0,2.3664537701756383
24.029537129862486,14.178359031677246,2024-06-22T23:30:00Z,3,3,3,3,3,3,1,3,3,3,-0.6330619157417486,-2.1411592306560525,,,,,,,,,,21.190503560115655,-0.5639665202686095,0.0,PS_011,-2265.2403565322224,360.0,2.161241635831935
24.0,14.178359031677244,2024-06-22T23:45:00Z,1,1,1,1,1,1,1,1,1,1,-0.9200000166893005,-1.8600000143051147,,,,,,,,,,20.899999618530273,-0.44999998807907104,0.0,PS_011,2557.142822265625,360.0,2.555999994277954
23.999999999999996,14.17835903167725,2024-06-23T00:00:00Z,4,4,4,4,4,4,1,4,4,4,-0.9398283220553845,-2.4251921611869816,,,,,,,,,,20.64788954031894,-0.4620617370321472,0.0,PS_011,543.0719412892362,359.99999999999994,2.5551844859712003
23.952130133964147,14.178359031677248,2024-06-23T00:15:00Z,3,3,3,3,3,3,1,3,3,3,-0.5014590157066076,-2.044303381706586,,,,,,,,,,20.600000381469727,-0.2571768645755426,0.0,PS_011,741.5283910618009,360.0,2.7046589510218957
23.700000762939453,14.178359031677248,2024-06-23T00:30:00Z,3,3,3,3,3,3,1,3,3,3,-0.8572028246587885,-2.2399010495153915,,,,,,,,,,20.29999923706055,-0.40542135706462823,0.0,PS_011,528.6169351004868,360.00000000000006,2.525343751701209
23.700000762939453,14.178359031677244,2024-06-23T00:45:00Z,3,3,3,3,3,3,1,3,3,3,-0.7245744198379351,-2.0750183290481568,,,,,,,,,,20.13589643143027,-0.47235504049152566,0.0,PS_011,453.34071716368345,359.99999999999994,1.9115125580602401
23.865833286817512,14.178359031677248,2024-06-23T01:00:00Z,2,2,2,2,2,2,1,2,2,2,-0.3927512779988304,-1.9641119331073524,,,,,,,,,,20.299999237060543,-0.02069527644188867,0.0,PS_011,100.1640916584348,360.0,2.473587904539175
23.70000076293945,14.176747713550336,2024-06-23T01:15:00Z,4,4,4,4,4,4,1,4,4,4,-0.6019946967483216,-2.2534622399394717,,,,,,,,,,20.299999237060543,-0.3702031265953944,0.0,PS_011,1036.842580490655,360.0,2.7538503104006464
23.399999618530273,14.178359031677246,2024-06-23T01:30:00Z,2,2,2,2,2,2,1,2,2,2,-0.8734586474967158,-2.444639598772995,,,,,,,,,,20.29999923706055,-0.3857054513974151,0.0,PS_011,750.4829504999623,360.0,2.9825889917699735
23.19817287900223,14.178359031677248,2024-06-23T01:45:00Z,4,4,4,4,4,4,1,4,4,4,-0.9822424442879617,-2.474232380301712,,,,,,,,,,20.174488481127987,-0.5324774220324389,0.0,PS_011,498.10562361702074,360.0,3.0755080074454324
23.100000381469727,14.178359031677246,2024-06-23T02:00:00Z,2,2,2,2,2,2,1,2,2,2,-0.7680457900055586,-2.261810005863709,,,,,,,,,,20.100000381469727,-0.2632471353987944,0.0,PS_011,2031.4716741778814,360.0,3.058149086187336
23.064270925705088,14.17931430003289,2024-06-23T02:15:00Z,3,3,3,3,3,3,1,3,3,3,-1.0448837492632401,-2.3796551320775157,,,,,,,,,,20.131475039926546,-0.4536175984002346,0.0,PS_011,698.7464983240347,359.99999999999994,3.5626801692644716
22.87711411810841,14.178359031677248,2024-06-23T02:30:00Z,4,4,4,4,4,4,1,4,4,4,-1.0778419941855257,-2.5223305413139037,,,,,,,,,,19.78965088008248,-0.5691884311248185,0.0,PS_011,500.689032548162,359.99999999999994,2.8704436384015786
22.647504363981508,14.178359031677246,2024-06-23T02:45:00Z,4,4,4,4,4,4,1,4,4,4,-0.8297209388719404,-2.22962996182237,,,,,,,,,,19.752495254548762,-0.4241983580479223,0.0,PS_011,605.4460056079165,360.0,2.9204831185352593
22.600000381469727,14.178359031677246,2024-06-23T03:00:00Z,1,1,1,1,1,1,1,1,1,1,-0.8999999761581421,-2.299999952316284,,,,,,,,,,19.799999237060547,-0.4099999964237213,0.0,PS_011,610.2564697265625,360.0,2.805999994277954
22.899999618530273,14.178359031677246,2024-06-23T03:15:00Z,1,1,1,1,1,1,1,1,1,1,0.4399999976158142,-1.7100000381469727,,,,,,,,,,20.299999237060547,0.5099999904632568,0.0,PS_011,-284.7457580566406,360.0,4.308000087738037
22.899999618530273,14.178359031677244,2024-06-23T03:30:00Z,2,2,2,2,2,2,1,2,2,2,-1.3996830084993257,-2.782621788125123,,,,,,,,,,20.600000381469723,-0.2343975556031342,0.0,PS_011,842.7144161301593,359.99999999999994,4.590769352901347
22.34526923362249,14.178359031677246,2024-06-23T03:45:00Z,3,3,3,3,3,3,1,3,3,3,-2.187963803326156,-3.1198894074802865,,,,,,,,,,20.130180091359897,-0.9862708126573145,0.0,PS_011,346.5178046434278,360.0,2.8574551726548174
22.186919595470748,14.178359031677246,2024-06-23T04:00:00Z,4,4,4,4,4,4,1,4,4,4,-1.3800512971160503,-2.9627192372533138,,,,,,,,,,20.052801976706224,-0.6255074709789132,0.0,PS_011,493.5791301573861,360.0,3.620474019846681
21.79999923706055,14.176137274603184,2024-06-23T04:15:00Z,4,4,4,4,4,4,1,4,4,4,-1.2479673422437312,-2.8107110941151996,,,,,,,,,,19.799999237060547,-0.5691025345381958,0.0,PS_011,663.4838073661249,359.99999999999994,3.879439031501795
21.799999237060547,14.178359031677248,2024-06-23T04:30:00Z,3,3,3,3,3,3,1,3,3,3,-1.6127445085600236,-2.8468329919708064,,,,,,,,,,19.50858968648495,-0.5011964814681276,0.0,PS_011,543.3565817447468,360.0,4.178978484623205
20.909787677709517,14.178359031677246,2024-06-23T04:45:00Z,4,4,4,4,4,4,1,4,4,4,-3.5772270258081087,-3.8116771399718723,,,,,,,,,,18.29359079552052,-1.5098603792845582,0.0,PS_011,274.17706124019213,359.99999999999994,1.33562645328977
20.356099628058995,14.178359031677248,2024-06-23T05:00:00Z,2,2,2,2,2,2,1,2,2,2,-2.7853515603914656,-2.221210888551164,,,,,,,,,,17.55609997233312,-0.5363221240256878,0.0,PS_011,682.8458977875684,360.0,2.358164970868552
20.742355170195815,14.178359031677246,2024-06-23T05:15:00Z,3,3,3,3,3,3,1,3,3,3,-1.9543160134503312,-2.422273018289683,,,,,,,,,,17.857645211273912,-0.5199430919079269,0.0,PS_011,545.4019266720542,360.0,1.807846357210472
20.81756288233116,14.178359031677248,2024-06-23T05:30:00Z,3,3,3,3,3,3,1,3,3,3,-1.3801439354262826,-2.580694538415285,,,,,,,,,,17.899999618530273,-0.33245105666661834,0.0,PS_011,665.2377119664435,359.99999999999994,1.3095324067915988
20.449468825107495,14.178359031677244,2024-06-23T05:45:00Z,3,3,3,3,3,3,1,3,3,3,-2.01697879423828,-2.995775824132835,,,,,,,,,,17.707873216017894,-0.516765843761635,0.0,PS_011,944.5292812498978,359.99999999999994,1.0506590803537812
20.43975029594146,14.178359031677248,2024-06-23T06:00:00Z,4,4,4,4,4,4,1,4,4,4,-2.416314495739595,-2.660767125357083,,,,,,,,,,17.603827460168095,-0.607708783229132,0.0,PS_011,468.1756022887333,360.00000000000006,0.6218380955314899
20.200000762939453,14.178359031677246,2024-06-23T06:15:00Z,4,4,4,4,4,4,1,4,4,4,-2.098786190017136,-2.545533248722808,,,,,,,,,,17.14154178529778,-0.6848725502490262,0.0,PS_011,416.72318463148764,359.99999999999994,1.1244168591369499
20.157073501841907,14.178359031677248,2024-06-23T06:30:00Z,3,3,3,3,3,3,1,3,3,3,-1.963003251519456,-2.5676542057528176,,,,,,,,,,17.057073120372177,-0.6643486297331885,0.0,PS_011,433.7900979721397,360.00000000000006,1.3122114972601735
20.104114990765762,14.178359031677246,2024-06-23T06:45:00Z,2,2,2,2,2,2,1,2,2,2,-1.804746508877702,-2.3092725194199994,,,,,,,,,,16.595885162550697,-0.3740190903434517,0.0,PS_011,625.6785931204116,360.0,2.122307273474061
19.90939666469555,14.177761999289663,2024-06-23T07:00:00Z,4,4,4,4,4,4,1,4,4,4,-2.2805732975802573,-2.3530858144071707,,,,,,,,,,16.799999237060547,-0.38950357462830176,0.0,PS_011,573.8745559798364,360.00000000000006,1.6302324481636357
20.055051109397027,14.176098441163473,2024-06-23T07:15:00Z,2,2,2,2,2,2,1,2,2,2,-2.6425919934302375,-1.805066503980372,,,,,,,,,,16.799999237060547,-0.38393891388208806,0.0,PS_011,424.65432176118975,360.0,2.276349305407013
19.946703501505485,14.177630652186647,2024-06-23T07:30:00Z,4,4,4,4,4,4,1,4,4,4,-2.4479545957606184,-2.2736959977486455,,,,,,,,,,16.799999237060547,-0.39867879335015705,0.0,PS_011,734.3905466056303,360.0,2.389319231141982
20.16551663507636,14.175284142540917,2024-06-23T07:45:00Z,4,4,4,4,4,4,1,4,4,4,-2.4929120448848674,-2.3551695049465837,,,,,,,,,,17.031646058599122,-0.3446667519607475,0.0,PS_011,920.4198350910308,359.99999999999994,2.501625550741036
19.89999961853027,14.178359031677248,2024-06-23T08:00:00Z,3,3,3,3,3,3,1,3,3,3,-2.2232535434780183,-2.3079819675448356,,,,,,,,,,16.865650804499193,-0.3153562272394989,0.0,PS_011,637.5168158277601,360.0,2.358208376534772
19.81021317515615,14.178359031677246,2024-06-23T08:15:00Z,4,4,4,4,4,4,1,4,4,4,-2.5551172084393747,-2.557622907371333,,,,,,,,,,16.845727555253436,-0.46105784648588605,0.0,PS_011,533.6376877252559,360.0,2.30838818518479
19.658372149836065,14.176677385803002,2024-06-23T08:30:00Z,3,3,3,3,3,3,1,3,3,3,-2.576376096633275,-2.213001516413129,,,,,,,,,,16.5,-0.43207304573285993,0.0,PS_011,521.7022981065697,359.99999999999994,1.4905657460158273
19.600000381469727,14.178359031677244,2024-06-23T08:45:00Z,3,3,3,3,3,3,1,3,3,3,-2.313996099612097,-2.064896360128578,,,,,,,,,,16.799999237060543,-0.2709038697026627,0.0,PS_011,1395.5756327161214,360.0,1.8605310154555903
19.899999618530273,14.17588319306229,2024-06-23T09:00:00Z,2,2,2,2,2,2,1,2,2,2,-2.4852917077723773,-2.1159162892721777,,,,,,,,,,16.941248963520138,-0.34824983149733113,0.0,PS_011,536.1564877685167,360.00000000000006,2.6791997823313727
19.945108823993074,14.178359031677246,2024-06-23T09:15:00Z,3,3,3,3,3,3,1,3,3,3,-2.5425301407913747,-2.3791262279792598,,,,,,,,,,17.100000381469727,-0.4840821527098188,0.0,PS_011,523.702287917804,359.99999999999994,2.014610357598275
19.687459982703132,14.178359031677244,2024-06-23T09:30:00Z,4,4,4,4,4,4,1,4,4,4,-2.3268781820822952,-2.2751915760839667,,,,,,,,,,17.05219379129968,-0.5020120213576745,0.0,PS_011,471.75607133320744,360.0,2.472677335118065
19.34209478060474,14.178359031677244,2024-06-23T09:45:00Z,3,3,3,3,3,3,1,3,3,3,-0.7702762358472703,-1.564155881939859,,,,,,,,,,16.705548128240473,-0.41802809275153363,0.0,PS_011,452.18001729600104,360.0,2.9712644150717327
19.150739200326246,14.178359031677244,2024-06-23T10:00:00Z,2,2,2,2,2,2,1,2,2,2,8.496453665960223,4.682906615385347,,,,,,,,,,16.58308733432104,1.1836125288094828,0.0,PS_011,381.0403400350679,360.00000000000006,1.9219999313354492
19.27893265531714,14.177714833761302,2024-06-23T10:15:00Z,4,4,4,4,4,4,1,4,4,4,26.454042343173846,17.256689886919382,,,,,,,,,,17.167660173498167,4.271354441015268,0.0,PS_011,400.71633686710146,360.00000000000006,2.264773001716036
19.704617432192013,14.176052911041518,2024-06-23T10:30:00Z,4,4,4,4,4,4,1,4,4,4,167.84782575461617,44.86753507415913,,,,,,,,,,19.85020849437262,10.482831768883905,0.0,PS_011,434.0024919465805,360.0,2.6742314282350708
20.200000762939453,14.178359031677243,2024-06-23T10:45:00Z,3,3,3,3,3,3,1,3,3,3,266.7388721543847,79.44299694307108,,,,,,,,,,22.583183948728216,21.39525792882424,0.0,PS_011,371.4526828497128,359.99999999999994,2.712490437302981
20.399999618530273,14.178359031677246,2024-06-23T11:00:00Z,4,4,4,4,4,4,1,4,4,4,356.47679868649345,114.54682544421765,,,,,,,,,,25.52707327533868,31.749276682348167,0.0,PS_011,360.31443360468467,360.0,2.1698383439409574
21.0,14.178359031677246,2024-06-23T11:15:00Z,3,3,3,3,3,3,1,3,3,3,413.24002057390175,151.2331362364302,,,,,,,,,,27.14284352815,41.821522617664606,0.0,PS_011,361.16505866213896,360.0,2.6953787443721997
21.37175718517679,14.178359031677244,2024-06-23T11:30:00Z,4,4,4,4,4,4,1,4,4,4,460.9262995714322,192.08975460595272,,,,,,,,,,27.871710526933864,53.98062517071764,0.0,PS_011,356.0979647977796,359.99999999999994,3.1516215922521353
21.889145752205803,14.178359031677246,2024-06-23T11:45:00Z,4,4,4,4,4,4,1,4,4,4,517.0094631315479,242.3024786268754,,,,,,,,,,28.514396359925797,67.52623180496207,0.0,PS_011,358.46600327951205,360.0,3.4924008488049263
22.84359921539041,14.182155951147159,2024-06-23T12:00:00Z,3,3,3,3,3,3,1,3,3,3,555.6392221924201,288.0740768180862,,,,,,,,,,29.55908733965958,74.48051031463913,0.0,PS_011,386.93746869993413,359.99999999999994,3.3775335644335005
23.07372868752548,14.179061435823545,2024-06-23T12:15:00Z,4,4,4,4,4,4,1,4,4,4,585.5536245843945,331.91580652444986,,,,,,,,,,30.27791693128011,76.21223532732199,0.0,PS_011,435.46664505356404,359.99999999999994,4.836384484565554
23.651800384289864,14.180770913654824,2024-06-23T12:30:00Z,4,4,4,4,4,4,1,4,4,4,611.0492008352215,376.15226781987093,,,,,,,,,,31.041514204353717,76.13001329010805,0.0,PS_011,493.8044839985259,360.0,3.4136761112122134
23.89999961853027,14.182873089357985,2024-06-23T12:45:00Z,3,3,3,3,3,3,1,3,3,3,629.2306008528042,416.2564381792268,,,,,,,,,,32.0,75.2963396420272,0.0,PS_011,553.0505558042738,360.0,5.336745537946811
24.14957675313343,14.180902503144495,2024-06-23T13:00:00Z,4,4,4,4,4,4,1,4,4,4,644.041487281837,454.3359264296856,,,,,,,,,,31.65168505015317,74.83371085884147,0.0,PS_011,607.5857508413766,359.99999999999994,4.253211211534656
24.543027605575418,14.182555890731111,2024-06-23T13:15:00Z,4,4,4,4,4,4,1,4,4,4,652.0447445223397,491.8205783737075,,,,,,,,,,32.0,74.72504612573769,0.0,PS_011,658.3834255592685,360.0,4.340183825479558
25.000000000000007,14.182778390611215,2024-06-23T13:30:00Z,3,3,3,3,3,3,1,3,3,3,653.2275001477124,522.8359284631518,,,,,,,,,,33.280306166893986,75.32929538168645,0.0,PS_011,695.1598983625935,360.0,5.5420067736840215
25.354300225823835,14.182922111511258,2024-06-23T13:45:00Z,4,4,4,4,4,4,1,4,4,4,652.8640307488148,552.1734379718569,,,,,,,,,,33.083023998546786,76.26271084232934,0.0,PS_011,724.1145819055745,360.0,4.83155255805591
25.731597742925512,14.182850155127953,2024-06-23T14:00:00Z,3,3,3,3,3,3,1,3,3,3,646.7562984154231,576.1951744760377,,,,,,,,,,33.099998474121094,77.85752864759299,0.0,PS_011,738.8384069155059,360.0,4.988620449117181
26.125865649815655,14.18122780733349,2024-06-23T14:15:00Z,4,4,4,4,4,4,1,4,4,4,633.0324927028727,595.3851874886145,,,,,,,,,,34.268429325496015,79.7757294869002,0.0,PS_011,745.3490849845243,359.99999999999994,4.721745427569555
26.44437841210671,14.181451516738715,2024-06-23T14:30:00Z,4,4,4,4,4,4,1,4,4,4,617.633696848291,613.2097851425758,,,,,,,,,,34.85136606857486,82.6400375017925,0.0,PS_011,741.9977894713992,360.0,4.603359331044153
26.986170090298625,14.182941317085666,2024-06-23T14:45:00Z,3,3,3,3,3,3,1,3,3,3,594.3148530785799,620.872135824445,,,,,,,,,,36.686169493744465,85.95316606384928,0.0,PS_011,723.5538819012543,360.00000000000006,4.238574769411638
27.44733287893556,14.183706283569334,2024-06-23T15:00:00Z,4,4,4,4,4,4,1,4,4,4,574.072973878938,632.6725022441242,,,,,,,,,,35.650054468218286,90.75591542967979,0.0,PS_011,696.865955713766,359.99999999999994,4.377900408119652
27.776597285379626,14.183036296575631,2024-06-23T15:15:00Z,4,4,4,4,4,4,1,4,4,4,547.4170759411113,637.3570804900155,,,,,,,,,,36.26572415112438,96.35694075944468,0.0,PS_011,661.8288001146398,360.0,3.8315748522954314
28.078228238457363,14.183706283569336,2024-06-23T15:30:00Z,3,3,3,3,3,3,1,3,3,3,514.614479725703,635.2323296051865,,,,,,,,,,37.83209648126476,102.7392386589656,0.0,PS_011,618.218726289115,360.00000000000006,3.075427645376341
28.551480580858268,14.182887545793946,2024-06-23T15:45:00Z,4,4,4,4,4,4,1,4,4,4,482.31138607649,632.3176648430208,,,,,,,,,,36.29513615973309,109.85926144542455,0.0,PS_011,575.4865535318,359.99999999999994,4.0380268490701114
28.299999237060547,14.18050425445477,2024-06-23T16:00:00Z,3,3,3,3,3,3,1,3,3,3,449.6462955969899,627.9480822630521,,,,,,,,,,35.57430922963277,118.46655335872934,0.0,PS_011,529.5063043494067,359.99999999999994,4.644086234356032
28.58426262940708,14.182863943061585,2024-06-23T16:15:00Z,4,4,4,4,4,4,1,4,4,4,409.85765334146095,614.9536738914718,,,,,,,,,,35.428327430695354,126.01734727083614,0.0,PS_011,488.2338981419316,360.0,3.829728644749366
28.94489210005226,14.183706283569334,2024-06-23T16:30:00Z,4,4,4,4,4,4,1,4,4,4,376.3108400386598,611.7762324798327,,,,,,,,,,35.22236300250149,135.18287135577373,0.0,PS_011,452.3460139678029,359.99999999999994,5.77356281063004
29.328452010526988,14.183706283569334,2024-06-23T16:45:00Z,3,3,3,3,3,3,1,3,3,3,346.2906119607113,610.2963841307563,,,,,,,,,,36.174513378871424,145.34593073902116,0.0,PS_011,419.7213147051874,360.0,3.796992887248773
29.20217555134426,14.18285257680025,2024-06-23T17:00:00Z,4,4,4,4,4,4,1,4,4,4,314.8886037952082,560.4858690947236,,,,,,,,,,35.12700790430276,138.39534144103894,0.0,PS_011,427.23937101843774,359.99999999999994,3.905920505855856
28.28424479599854,14.180520098351712,2024-06-23T17:15:00Z,4,4,4,4,4,4,1,4,4,4,242.23101386626095,467.82229993019286,,,,,,,,,,31.43127935547948,123.494701542724,0.0,PS_011,376.9926012388312,359.99999999999994,2.532588746409484
29.224670526594085,14.182852500169812,2024-06-23T17:30:00Z,3,3,3,3,3,3,1,3,3,3,269.89278542024243,553.055914092756,,,,,,,,,,33.465545886040424,145.86896090554072,0.0,PS_011,387.78204981212025,360.00000000000006,3.916188412382653
29.071379977375642,14.18212755474177,2024-06-23T17:45:00Z,4,4,4,4,4,4,1,4,4,4,150.53682814592833,309.4668992331936,,,,,,,,,,32.48218428071832,102.25601072134106,0.0,PS_011,319.9182672604819,359.99999999999994,3.7938163543769594
28.501211215713308,14.17921220485361,2024-06-23T18:00:00Z,4,4,4,4,4,4,1,4,4,4,140.8732513348402,421.2888782690591,,,,,,,,,,29.376802321108983,136.91804196406278,0.0,PS_011,310.17086491675155,359.99999999999994,2.8224938862775715
28.254739493229017,14.182819438672302,2024-06-23T18:15:00Z,3,3,3,3,3,3,1,3,3,3,75.04795553368707,139.9681317061247,,,,,,,,,,29.739631362939914,43.520164743503216,0.0,PS_011,341.2483749429345,360.00000000000006,3.273938878168802
29.674444178191067,14.179164783309444,2024-06-23T18:30:00Z,4,4,4,4,4,4,1,4,4,4,106.84305483675907,385.87766487492144,,,,,,,,,,30.83176974626047,143.7886034126626,0.0,PS_011,268.89977539199316,360.0000000000001,2.749513777820015
28.93824662287831,14.178359031677248,2024-06-23T18:45:00Z,3,3,3,3,3,3,1,3,3,3,72.88082091851003,174.70021806130833,,,,,,,,,,30.166704525295522,79.55523775605324,0.0,PS_011,265.7305576707708,360.0,4.493420214787233
28.919228258106248,14.18107017680659,2024-06-23T19:00:00Z,4,4,4,4,4,4,1,4,4,4,89.37818338053393,288.6347809537175,,,,,,,,,,30.962085939548498,179.5104505118181,0.0,PS_011,161.48402426681452,360.0,2.6554803228706922
28.8707016306051,14.183706283569338,2024-06-23T19:15:00Z,4,4,4,4,4,4,1,4,4,4,63.59106936312583,208.6326861841288,,,,,,,,,,31.03851417905851,169.92558862982148,0.0,PS_011,129.8899883624106,360.00000000000006,3.4827242124535207
28.327557002819564,14.18285812968992,2024-06-23T19:30:00Z,3,3,3,3,3,3,1,3,3,3,39.57755418410471,61.857686559217,,,,,,,,,,29.33889742969108,38.43947464746673,0.0,PS_011,203.2660061729966,360.0,2.006515036135144
28.39392726367181,14.181630893687117,2024-06-23T19:45:00Z,4,4,4,4,4,4,1,4,4,4,39.452957136131054,121.72604777172279,,,,,,,,,,29.381909125775206,179.7559054800715,0.0,PS_011,69.74641582952236,360.0,2.0614255879029337
28.37963776871507,14.180659504483161,2024-06-23T20:00:00Z,4,4,4,4,4,4,1,4,4,4,30.63025596752071,94.42161627736144,,,,,,,,,,30.621683869234815,175.97717182398765,0.0,PS_011,53.45625929134004,359.99999999999994,2.535134872871241
28.002464300768835,14.179160521292482,2024-06-23T20:15:00Z,3,3,3,3,3,3,1,3,3,3,20.64607120817524,50.77113352088415,,,,,,,,,,29.289117830632023,124.49451667897127,0.0,PS_011,40.60977002326181,360.0,1.6282644057511628
27.02805895049715,14.179994786867173,2024-06-23T20:30:00Z,4,4,4,4,4,4,1,4,4,4,8.67723724887913,18.264700488590538,,,,,,,,,,26.842554150032985,53.60161801539699,0.0,PS_011,34.6238195650829,360.00000000000006,2.0832154362672575
26.441843235772144,14.181747289306,2024-06-23T20:45:00Z,3,3,3,3,3,3,1,3,3,3,-0.7922528293054628,1.5236129960286304,,,,,,,,,,24.33175635001567,0.9384109362562456,0.0,PS_011,243.71384840421268,359.99999999999994,1.3582033808456784
26.350669589909266,14.178359031677246,2024-06-23T21:00:00Z,3,3,3,3,3,3,1,3,3,3,-3.045711927093558,-2.5564273861790445,,,,,,,,,,22.70133917981853,-0.7850660430170364,0.0,PS_011,328.89973756985245,360.0,1.128905009664393
25.843975373039722,14.178359031677244,2024-06-23T21:15:00Z,4,4,4,4,4,4,1,4,4,4,-3.324391690279597,-3.113536824493151,,,,,,,,,,21.91373894872322,-1.1584631156089995,0.0,PS_011,270.7026548505454,360.0,1.305341195445437
25.63424192613389,14.178359031677246,2024-06-23T21:30:00Z,3,3,3,3,3,3,1,3,3,3,-3.1956815420229963,-3.1707016809333743,,,,,,,,,,21.100000381469727,-1.1247464610239528,0.0,PS_011,277.19091190406715,359.99999999999994,0.32269475291620875
25.299999237060547,14.178359031677248,2024-06-23T21:45:00Z,4,4,4,4,4,4,1,4,4,4,-2.8007631943778026,-2.529323600083971,,,,,,,,,,21.399999618530273,-0.7181015964104195,0.0,PS_011,390.4369582818499,360.0,1.2865850451145144
25.257744780312215,14.180038482040938,2024-06-23T22:00:00Z,4,4,4,4,4,4,1,4,4,4,-3.0529494457296793,-2.534285154657714,,,,,,,,,,21.100000381469727,-0.5894385947496634,0.0,PS_011,428.92978261856933,359.99999999999994,1.1635745648275326
25.0,14.178359031677248,2024-06-23T22:15:00Z,3,3,3,3,3,3,1,3,3,3,-3.0469031372150286,-2.801241536952575,,,,,,,,,,21.100000381469727,-0.6281648925024074,0.0,PS_011,461.3476202366731,360.0,1.4712952213989618
24.879893675925928,14.178359031677248,2024-06-23T22:30:00Z,4,4,4,4,4,4,1,4,4,4,-2.8055850004950402,-2.783844131735736,,,,,,,,,,20.698317150349034,-1.0178258501753203,0.0,PS_011,278.362178240558,360.00000000000006,0.8837194776622154
24.761791984866985,14.180766480251304,2024-06-23T22:45:00Z,4,4,4,4,4,4,1,4,4,4,-2.285159958963767,-2.755922180193343,,,,,,,,,,20.061792886360383,-0.8806271507073098,0.0,PS_011,408.35177299413374,360.0,0.43076413949988773
24.454819032097774,14.178359031677246,2024-06-23T23:00:00Z,3,3,3,3,3,3,1,3,3,3,-2.3429666970660454,-2.28622718879891,,,,,,,,,,20.005969227038555,-0.4765006029008717,0.0,PS_011,517.3653164206152,360.00000000000006,1.004160693107769
24.29315461447902,14.178359031677246,2024-06-23T23:15:00Z,4,4,4,4,4,4,1,4,4,4,-2.1121621255421617,-2.1388018742183346,,,,,,,,,,20.19032541504032,-0.34729685870516463,0.0,PS_011,279.7646457871327,360.00000000000006,0.8114293038812069
24.305735691370145,14.178359031677244,2024-06-23T23:30:00Z,4,4,4,4,4,4,1,4,4,4,-2.6082904867863776,-2.309254829667079,,,,,,,,,,20.09742986104858,-0.5043606838307174,0.0,PS_011,552.0385109033951,360.0,0.7293742458460439
24.043339767837047,14.178359031677244,2024-06-23T23:45:00Z,3,3,3,3,3,3,1,3,3,3,-2.423874428619257,-2.3048605356663185,,,,,,,,,,19.865008888816117,-0.5617769404530539,0.0,PS_011,554.4096099073734,360.0,1.2580675054160408
24.0300366760233,14.178359031677248,2024-06-24T00:00:00Z,4,4,4,4,4,4,1,4,4,4,-2.5697725954209396,-2.379797493672883,,,,,,,,,,19.799999237060547,-0.4686673262199138,0.0,PS_011,591.4066117011064,360.0,1.2999226620358115
24.0,14.175524315812918,2024-06-24T00:15:00Z,3,3,3,3,3,3,1,3,3,3,-2.6358607925187174,-2.374256070590216,,,,,,,,,,19.748078354743793,-0.39057863898865774,0.0,PS_011,1222.3423600594708,360.0,1.142519321903221
23.78194212887218,14.178359031677246,2024-06-24T00:30:00Z,4,4,4,4,4,4,1,4,4,4,-2.744393630825716,-2.4247935388074855,,,,,,,,,,19.799999237060547,-0.6212240594066338,0.0,PS_011,448.1905749646345,360.0,1.3171846682215431
23.700000762939457,14.178359031677246,2024-06-24T00:45:00Z,4,4,4,4,4,4,1,4,4,4,-2.948207349195406,-2.6713803884439073,,,,,,,,,,19.45791211735865,-0.7469712082442219,0.0,PS_011,344.8247121109122,360.0,1.0926785122705167
23.70000076293945,14.178359031677246,2024-06-24T01:00:00Z,3,3,3,3,3,3,1,3,3,3,-2.4928568925948302,-2.3345469806752335,,,,,,,,,,19.200000762939453,-0.44603274591516445,0.0,PS_011,793.8859046901414,360.0,1.2916777454660013
23.52293379796641,14.178359031677244,2024-06-24T01:15:00Z,4,4,4,4,4,4,1,4,4,4,-2.588984578743557,-2.548567408262999,,,,,,,,,,19.508099956676304,-0.5202242447244033,0.0,PS_011,623.2297529502032,360.0,1.5110763452282205
23.147743960455816,14.178359031677244,2024-06-24T01:30:00Z,4,4,4,4,4,4,1,4,4,4,-2.8501092168560023,-2.8358154733959906,,,,,,,,,,19.247744341925543,-0.7459536670380479,0.0,PS_011,342.3911790006521,360.0,1.8073230878083677
23.399999618530273,14.178359031677246,2024-06-24T01:45:00Z,3,3,3,3,3,3,1,3,3,3,-2.2379747526959872,-2.2367013776716878,,,,,,,,,,19.200000762939453,-0.44485410795239755,0.0,PS_011,598.9037458801324,360.0,0.9587310502172293
23.100000381469723,14.179187176866396,2024-06-24T02:00:00Z,4,4,4,4,4,4,1,4,4,4,-2.525498647242814,-2.47824586791601,,,,,,,,,,18.884206731827767,-0.5728068221904293,0.0,PS_011,419.43207744407385,360.0,0.713674100767927
23.100000381469723,14.178359031677246,2024-06-24T02:15:00Z,4,4,4,4,4,4,1,4,4,4,-2.0690329068874616,-2.2117389628409367,,,,,,,,,,18.665799130488704,-0.5797968454658566,0.0,PS_011,397.42865793667545,359.99999999999994,0.8624305962936828
23.100000381469727,14.178359031677246,2024-06-24T02:30:00Z,3,3,3,3,3,3,1,3,3,3,-1.60174156732679,-1.8878454104850322,,,,,,,,,,18.636498514861323,-0.3712379735976728,0.0,PS_011,1099.0962389610133,360.0,0.2530077372183966
23.100000381469723,14.177664301549951,2024-06-24T02:45:00Z,4,4,4,4,4,4,1,4,4,4,-1.7117547763448222,-2.2134888492905684,,,,,,,,,,18.61060663915383,-0.3905356009854864,0.0,PS_011,1226.091737866054,359.99999999999994,0.3871716111425724
22.83995312462226,14.178359031677244,2024-06-24T03:00:00Z,3,3,3,3,3,3,1,3,3,3,-2.303356784216182,-2.0580129560619005,,,,,,,,,,18.63995388726514,-0.17101887670314456,0.0,PS_011,1206.7480619716555,359.99999999999994,1.1532045065939989
22.600000381469727,14.178359031677248,2024-06-24T03:15:00Z,4,4,4,4,4,4,1,4,4,4,-2.329942890412828,-2.6316939917954527,,,,,,,,,,18.399999618530277,-0.7214279161047872,0.0,PS_011,391.6274268087928,360.00000000000006,0.32027971845765535
22.474267922160738,14.178359031677244,2024-06-24T03:30:00Z,4,4,4,4,4,4,1,4,4,4,-2.2987957944141093,-2.0447925956142745,,,,,,,,,,18.28494250238298,-0.3422778023896341,0.0,PS_011,1381.3088917809935,360.00000000000006,1.47972993533317
22.65108790307057,14.178359031677246,2024-06-24T03:45:00Z,2,2,2,2,2,2,1,2,2,2,-2.222715876619211,-2.028912280302757,,,,,,,,,,18.399999618530273,-0.3578620137168116,0.0,PS_011,601.4175264887031,360.0,2.0940559939301733
22.65344328426912,14.178359031677246,2024-06-24T04:00:00Z,3,3,3,3,3,3,1,3,3,3,-2.0561957308011767,-2.134261404522183,,,,,,,,,,18.700000762939457,-0.32118054378647076,0.0,PS_011,939.7682543409807,360.0,1.1587604709291175
22.60000038146973,14.178359031677248,2024-06-24T04:15:00Z,3,3,3,3,3,3,1,3,3,3,-2.2561289430951232,-2.4534966396400923,,,,,,,,,,18.700000762939457,-0.32174874362721445,0.0,PS_011,1300.3551746690632,360.00000000000006,1.64951175413638
22.600000381469727,14.175143195370104,2024-06-24T04:30:00Z,3,3,3,3,3,3,1,3,3,3,-2.3930126801312475,-2.1839869245462347,,,,,,,,,,18.700000762939457,-0.4617196721599015,0.0,PS_011,658.7216113982187,360.0,1.7511369420758387
22.553430621496382,14.178359031677248,2024-06-24T04:45:00Z,4,4,4,4,4,4,1,4,4,4,-2.2963061207992483,-2.480085896871314,,,,,,,,,,18.863716357155532,-0.30717272459374406,0.0,PS_011,988.2340805764524,360.0,1.8890545643950298
22.496517820904565,14.178359031677246,2024-06-24T05:00:00Z,4,4,4,4,4,4,1,4,4,4,-2.4875250145371712,-2.4416205113579523,,,,,,,,,,18.93120764342712,-0.4507931672728659,0.0,PS_011,476.56099646954453,360.0,1.605621609891042
22.36185490115195,14.178359031677248,2024-06-24T05:15:00Z,3,3,3,3,3,3,1,3,3,3,-2.910099178968534,-2.4915341103454534,,,,,,,,,,18.761856033764634,-0.7515341403074683,0.0,PS_011,345.44611887783475,360.00000000000006,2.0428630835384682
22.299999237060547,14.176774016525332,2024-06-24T05:30:00Z,4,4,4,4,4,4,1,4,4,4,-2.346227691624758,-2.4644179439419096,,,,,,,,,,18.70000076293945,-0.5135328219958957,0.0,PS_011,550.9748322054973,360.0,1.6086235514270022
22.299999237060547,14.178359031677246,2024-06-24T05:45:00Z,3,3,3,3,3,3,1,3,3,3,-2.492675454693585,-2.2944520915230355,,,,,,,,,,18.700000762939453,-0.31571799767856623,0.0,PS_011,493.0826662253264,359.99999999999994,1.825016129722622
22.198592328854506,14.178359031677244,2024-06-24T06:00:00Z,4,4,4,4,4,4,1,4,4,4,-2.7830109641842307,-2.5585885612856836,,,,,,,,,,18.50073043858489,-0.605752120732821,0.0,PS_011,430.26506561000537,359.99999999999994,1.7503288742753738
22.29999923706055,14.178359031677248,2024-06-24T06:15:00Z,4,4,4,4,4,4,1,4,4,4,-2.279145576677115,-2.4608076124348313,,,,,,,,,,18.399999618530273,-0.35811018212041607,0.0,PS_011,594.4929308055114,360.0,1.518679086242361
22.299999237060547,14.178359031677248,2024-06-24T06:30:00Z,3,3,3,3,3,3,1,3,3,3,-2.3138753866155186,-2.5280479757906806,,,,,,,,,,18.399999618530273,-0.331647145922419,0.0,PS_011,772.4100499580416,360.0,1.5532460200215314
22.21061921786236,14.178359031677246,2024-06-24T06:45:00Z,4,4,4,4,4,4,1,4,4,4,-2.3763152519272825,-2.665823471034657,,,,,,,,,,18.278824137648282,-0.6202833122454293,0.0,PS_011,451.803709844649,360.0,1.8545131758319986
22.29999923706055,14.178359031677248,2024-06-24T07:00:00Z,3,3,3,3,3,3,1,3,3,3,-1.7975508281814523,-2.401165229455609,,,,,,,,,,18.356537189260496,-0.3604639222201929,0.0,PS_011,710.6569134359237,360.0,1.3451359580134503
22.10000038146973,14.178359031677246,2024-06-24T07:15:00Z,3,3,3,3,3,3,1,3,3,3,-2.71183133318783,-2.570361642764475,,,,,,,,,,17.902286635186922,-1.3253488570378682,0.0,PS_011,210.80772308556814,360.0,1.2684693898428865
21.54128126221333,14.178359031677248,2024-06-24T07:30:00Z,4,4,4,4,4,4,1,4,4,4,-2.2707009928332353,-2.4908253470756705,,,,,,,,,,17.48705851016897,-0.6818491339513402,0.0,PS_011,407.3199077516069,360.0,0.30018437800256603
21.40217103098162,14.178359031677244,2024-06-24T07:45:00Z,4,4,4,4,4,4,1,4,4,4,-2.3952497187720616,-2.500330048757957,,,,,,,,,,17.526713489022345,-0.684174412006229,0.0,PS_011,410.14393577644114,360.0,0.8184708352164158
20.959333595050886,14.178359031677248,2024-06-24T08:00:00Z,3,3,3,3,3,3,1,3,3,3,-1.6817032928913345,-2.7702128380969477,,,,,,,,,,17.389367861789022,-0.8185713038430001,0.0,PS_011,324.27982044158654,360.00000000000006,0.5949266874918223
20.39999961853027,14.176752376079214,2024-06-24T08:15:00Z,4,4,4,4,4,4,1,4,4,4,-2.949311395463487,-2.0712738027567594,,,,,,,,,,16.328250025648014,-1.1792794814999994,0.0,PS_011,198.43694366409122,360.0,0.17715991780279766
20.39999961853027,14.178359031677246,2024-06-24T08:30:00Z,3,3,3,3,3,3,1,3,3,3,-1.730220360390824,-2.0203777698064345,,,,,,,,,,16.299999237060547,-0.4227983540397841,0.0,PS_011,460.8603358379264,360.0,0.5819510881077669
20.228420428519378,14.17741791974825,2024-06-24T08:45:00Z,3,3,3,3,3,3,1,3,3,3,-1.053495887959365,-1.6658494777963422,,,,,,,,,,16.75736960317436,-0.23237479627741056,0.0,PS_011,890.7267186339783,360.0,0.3903846097778272
20.515482276587246,14.178359031677246,2024-06-24T09:00:00Z,3,3,3,3,3,3,1,3,3,3,-0.46072678139152595,-1.0170624343005843,,,,,,,,,,17.6259884068568,0.5234476655476732,0.0,PS_011,-220.01320796578483,359.99999999999994,1.1761886390789285
21.0,14.178359031677246,2024-06-24T09:15:00Z,2,2,2,2,2,2,1,2,2,2,-0.8942538355973448,-1.4766166281274178,,,,,,,,,,18.56299337986835,-0.02598628016978279,0.0,PS_011,156.72035983282103,360.0,2.42687490278358
20.435696103039835,14.176685565625107,2024-06-24T09:30:00Z,4,4,4,4,4,4,1,4,4,4,-1.4875036217439002,-2.6809646490281707,,,,,,,,,,18.65246985254837,-0.6559748546993757,0.0,PS_011,451.31872541488275,360.0,4.041096250218005
20.200000762939453,14.178359031677246,2024-06-24T09:45:00Z,3,3,3,3,3,3,1,3,3,3,0.7402784939870718,-1.431382504513752,,,,,,,,,,18.399999618530277,-0.2299815137176512,0.0,PS_011,519.9244115108389,360.00000000000006,4.1806069792468
20.229244196218733,14.178359031677246,2024-06-24T10:00:00Z,3,3,3,3,3,3,1,3,3,3,8.96692116680595,4.531178663497441,,,,,,,,,,18.399999618530273,1.1684037264545002,0.0,PS_011,324.03401935239583,360.0,4.0514529256897065
20.621482985580357,14.178359031677246,2024-06-24T10:15:00Z,4,4,4,4,4,4,1,4,4,4,26.251426412723273,17.442212284207567,,,,,,,,,,18.912964178499607,4.927870364349262,0.0,PS_011,351.95481092861047,359.99999999999994,2.8392405778310534
21.37830854504411,14.177769022254981,2024-06-24T10:30:00Z,4,4,4,4,4,4,1,4,4,4,176.94215404398662,46.234356631571444,,,,,,,,,,21.734640138595537,11.190451089720174,0.0,PS_011,416.89064815184173,360.0,1.8026590687131563
21.500000000000007,14.178359031677246,2024-06-24T10:45:00Z,3,3,3,3,3,3,1,3,3,3,258.87641108389215,87.39318662943688,,,,,,,,,,24.185759501356234,23.105681376969148,0.0,PS_011,377.53244203204594,360.0,2.6491616327547582
21.960921456024003,14.178359031677246,2024-06-24T11:00:00Z,4,4,4,4,4,4,1,4,4,4,325.83054968252117,111.65085085625209,,,,,,,,,,26.89066819762595,30.888339417080378,0.0,PS_011,361.6452987632632,360.0,2.465060325499033
22.366368738991692,14.178359031677244,2024-06-24T11:15:00Z,4,4,4,4,4,4,1,4,4,4,413.40753081118754,165.58941958661416,,,,,,,,,,27.579809191465152,45.21632793129086,0.0,PS_011,366.115908073299,359.99999999999994,1.9644487464863851
22.934476854098396,14.178359031677248,2024-06-24T11:30:00Z,3,3,3,3,3,3,1,3,3,3,386.11110493818927,182.77211211735312,,,,,,,,,,29.102514465388893,48.40020126091827,0.0,PS_011,377.5834200199763,360.00000000000006,2.6700875621904134
23.399367619801435,14.178359031677244,2024-06-24T11:45:00Z,4,4,4,4,4,4,1,4,4,4,491.08757948232176,240.8018823266044,,,,,,,,,,30.216976798720047,65.72804591698072,0.0,PS_011,366.32268507876574,359.99999999999994,3.0887257380849396
24.11596067844539,14.181693358831097,2024-06-24T12:00:00Z,3,3,3,3,3,3,1,3,3,3,534.370022613978,290.2301573638385,,,,,,,,,,31.915959915505937,73.42057126303557,0.0,PS_011,395.5632307693254,360.00000000000006,3.765626578257687
24.499880024802525,14.178359031677246,2024-06-24T12:15:00Z,4,4,4,4,4,4,1,4,4,4,450.842209457689,261.692886894786,,,,,,,,,,31.786921346370438,58.564338736105576,0.0,PS_011,450.1680503579235,360.0,2.9741649118780984
24.668590299229468,14.181262215524002,2024-06-24T12:30:00Z,4,4,4,4,4,4,1,4,4,4,606.9819249184932,372.07055282597827,,,,,,,,,,32.85190708616472,75.42203559846703,0.0,PS_011,493.27926539463687,359.99999999999994,3.4604059728167775
25.206720301513016,14.180021655787511,2024-06-24T12:45:00Z,3,3,3,3,3,3,1,3,3,3,622.3898889795532,411.12210022772405,,,,,,,,,,34.90672106445247,74.13168345507114,0.0,PS_011,554.9203423836702,360.0,3.332934553280666
25.26082312938072,14.182244563474017,2024-06-24T13:00:00Z,4,4,4,4,4,4,1,4,4,4,633.6710721763305,448.79879785368774,,,,,,,,,,35.018695625110524,73.75928277245316,0.0,PS_011,608.9694753384877,360.0,2.981866596830745
25.87996374530387,14.182852465048594,2024-06-24T13:15:00Z,4,4,4,4,4,4,1,4,4,4,640.486985837634,484.86233305729644,,,,,,,,,,36.35209875880557,73.7139798132242,0.0,PS_011,658.1103332353334,360.0,2.875255323343583
25.89292782791416,14.182850335311523,2024-06-24T13:30:00Z,3,3,3,3,3,3,1,3,3,3,645.735765599381,518.2868615373235,,,,,,,,,,35.64094964357686,73.72553242137317,0.0,PS_011,703.1773546534968,360.0,3.5727652448664484
26.28201267067537,14.183706283569334,2024-06-24T13:45:00Z,4,4,4,4,4,4,1,4,4,4,642.3748985216758,545.4169047772723,,,,,,,,,,35.02393643803205,74.88796226700771,0.0,PS_011,728.2421440782894,360.0,4.653329140133839
26.78351173421083,14.182855866573007,2024-06-24T14:00:00Z,4,4,4,4,4,4,1,4,4,4,636.6747936062582,571.3908038083889,,,,,,,,,,35.548864941931946,76.83137835941159,0.0,PS_011,744.4912932246591,359.99999999999994,3.6862212217522896
27.13503247640166,14.18254828200971,2024-06-24T14:15:00Z,3,3,3,3,3,3,1,3,3,3,623.6573100896662,591.2066187468654,,,,,,,,,,35.559625532064565,78.66245518662876,0.0,PS_011,750.7609284601511,360.0,5.494983138087166
27.370260274182726,14.184507264655272,2024-06-24T14:30:00Z,4,4,4,4,4,4,1,4,4,4,612.9348337133664,609.9988858471525,,,,,,,,,,35.15005351332428,82.11184847803816,0.0,PS_011,742.3332273674858,359.99999999999994,5.216073389796713
27.762956888969853,14.181680310873327,2024-06-24T14:45:00Z,3,3,3,3,3,3,1,3,3,3,595.1642552892728,622.990799336718,,,,,,,,,,35.43998301228001,86.59566330560861,0.0,PS_011,718.9685670991769,359.99999999999994,4.625970447526116
27.9948295844166,14.182509657445625,2024-06-24T15:00:00Z,4,4,4,4,4,4,1,4,4,4,567.7192375017243,627.5258147941447,,,,,,,,,,35.55133778817623,90.33707975757791,0.0,PS_011,693.4582231197292,360.0,4.026880334776324
28.261443308757666,14.182014743772157,2024-06-24T15:15:00Z,4,4,4,4,4,4,1,4,4,4,541.3036018329129,632.3911636029442,,,,,,,,,,35.75776866932043,95.87794278134939,0.0,PS_011,660.3042037346564,360.0,5.219720835108353
28.600041219802122,14.182863233025792,2024-06-24T15:30:00Z,3,3,3,3,3,3,1,3,3,3,511.0620008300705,632.2936205646349,,,,,,,,,,35.29999923706054,102.57203600000439,0.0,PS_011,616.7700315649405,360.0,4.581636160665834
28.762112558632698,14.1814588234378,2024-06-24T15:45:00Z,4,4,4,4,4,4,1,4,4,4,481.66314693770437,632.4068074375841,,,,,,,,,,34.22525870914311,110.50367793868843,0.0,PS_011,572.4534217309408,360.00000000000006,5.5896752977792525
28.93840499567804,14.181386766122289,2024-06-24T16:00:00Z,4,4,4,4,4,4,1,4,4,4,440.1869932054398,623.824033499542,,,,,,,,,,34.43602235440831,120.31484657785363,0.0,PS_011,518.9246382162934,360.0,6.008048564936163
29.414845153029294,14.182782082711494,2024-06-24T16:15:00Z,3,3,3,3,3,3,1,3,3,3,401.87335053603414,614.1133750266874,,,,,,,,,,34.94318375066064,128.09965476879836,0.0,PS_011,479.30600547807586,360.00000000000006,5.943937223657795
29.437228915947692,14.183706283569336,2024-06-24T16:30:00Z,4,4,4,4,4,4,1,4,4,4,360.03082540573456,597.2818431724428,,,,,,,,,,34.60087486426688,134.39432068505212,0.0,PS_011,444.0795161013131,360.0,6.787710611316456
29.552290037770224,14.183706283569334,2024-06-24T16:45:00Z,4,4,4,4,4,4,1,4,4,4,316.7385745452454,577.2281548112486,,,,,,,,,,34.14137538564773,139.22718603235194,0.0,PS_011,414.42996388267665,359.99999999999994,4.292266711311084
29.611540813100884,14.178359031677248,2024-06-24T17:00:00Z,3,3,3,3,3,3,1,3,3,3,272.1433554171547,553.1663186755479,,,,,,,,,,34.08915349452254,141.56162056199585,0.0,PS_011,390.9082125265614,360.0,5.50415230405135
30.154798251233164,14.18290058925532,2024-06-24T17:15:00Z,4,4,4,4,4,4,1,4,4,4,229.15043577445437,526.5478715648935,,,,,,,,,,34.064393515209346,141.46168794209044,0.0,PS_011,371.7903335945773,360.0,3.9676193331275544
30.229737716064083,14.181662145324374,2024-06-24T17:30:00Z,3,3,3,3,3,3,1,3,3,3,191.7227958943338,501.7699368029682,,,,,,,,,,33.48531528239751,140.57302678925515,0.0,PS_011,356.54468047533203,360.0,5.2816719174648465
29.383274466007016,14.181104681573997,2024-06-24T17:45:00Z,4,4,4,4,4,4,1,4,4,4,152.0461675111527,465.9328149701579,,,,,,,,,,31.863910632701764,148.2741252978861,0.0,PS_011,314.3690308640477,360.0,5.694376494020773
29.88501596243775,14.182956424563884,2024-06-24T18:00:00Z,4,4,4,4,4,4,1,4,4,4,115.21231302875972,426.92792698866805,,,,,,,,,,31.553531878761017,142.11882896667055,0.0,PS_011,300.44436930517617,360.0,4.659482741337576
29.997244233275307,14.180121673608406,2024-06-24T18:15:00Z,3,3,3,3,3,3,1,3,3,3,69.65146225792583,226.33062303197775,,,,,,,,,,31.131316445393516,78.7715356509258,0.0,PS_011,345.2622957837208,359.99999999999994,4.3124895655218864
29.828443822260883,14.18123665887058,2024-06-24T18:30:00Z,4,4,4,4,4,4,1,4,4,4,86.92457839488812,351.37024973722595,,,,,,,,,,30.3863969587957,144.17182879349053,0.0,PS_011,244.624218334542,360.00000000000006,4.531222483043543
29.540722703284573,14.182138726532395,2024-06-24T18:45:00Z,4,4,4,4,4,4,1,4,4,4,80.2434551502258,260.8167570844588,,,,,,,,,,30.75277714553192,132.2375425289895,0.0,PS_011,220.18669507807354,359.99999999999994,4.407830180763748
29.472809071783633,14.180708011719586,2024-06-24T19:00:00Z,4,4,4,4,4,4,1,4,4,4,329.59062758690993,104.03303345523675,,,,,,,,,,33.806352666274,467.0915210051757,0.0,PS_011,494.4871920654011,360.00000000000006,4.2036896427665615
29.318429761228447,14.182862710847292,2024-06-24T19:15:00Z,4,4,4,4,4,4,1,4,4,4,192.69799265085155,49.008026627052544,,,,,,,,,,34.844615922025824,407.863363315925,0.0,PS_011,395.14765515241646,360.0,3.9422653631383993
29.34815658762351,14.181570183192965,2024-06-24T19:30:00Z,3,3,3,3,3,3,1,3,3,3,161.66994550201198,48.87401181957487,,,,,,,,,,34.24308489015931,363.955982879608,0.0,PS_011,330.29262932345887,360.0,3.4511074943324713
28.84573286499338,14.178359031677248,2024-06-24T19:45:00Z,4,4,4,4,4,4,1,4,4,4,125.60095578305432,39.95403837040234,,,,,,,,,,31.923984484519664,268.9150449932865,0.0,PS_011,313.7175295983229,360.00000000000006,3.6476881449232885
28.744405298788404,14.182848015963843,2024-06-24T20:00:00Z,3,3,3,3,3,3,1,3,3,3,84.51261441890097,27.748853267106472,,,,,,,,,,30.32091277057815,171.96623521242535,0.0,PS_011,305.27818840130726,360.00000000000006,2.710585311595504
28.32827127719489,14.180815922586016,2024-06-24T20:15:00Z,4,4,4,4,4,4,1,4,4,4,47.16053547655849,14.160121060166183,,,,,,,,,,28.369207629731886,83.80676870963754,0.0,PS_011,336.27850056896443,360.00000000000006,2.592617622782853
27.66321528031844,14.178359031677246,2024-06-24T20:30:00Z,4,4,4,4,4,4,1,4,4,4,14.096661692909944,2.800472514690313,,,,,,,,,,26.23281876630691,17.465919085831107,0.0,PS_011,678.7847521848437,360.0,2.913745878070586
27.04850877388842,14.181059240793731,2024-06-24T20:45:00Z,2,2,2,2,2,2,1,2,2,2,1.6898162440058107,-0.007535394151400825,,,,,,,,,,24.947515077677508,1.2168122745066274,0.0,PS_011,1587.8823367672926,359.99999999999994,2.351072636549257
26.52453059350453,14.179201782964475,2024-06-24T21:00:00Z,4,4,4,4,4,4,1,4,4,4,-2.0859946418974116,-0.48038832965629275,,,,,,,,,,24.14040859876472,-2.8422891231063407,0.0,PS_011,463.1973200925035,360.00000000000006,2.5013134910166093
26.24992496385491,14.179212977705935,2024-06-24T21:15:00Z,4,4,4,4,4,4,1,4,4,4,-2.764384222462664,-0.8069483467333167,,,,,,,,,,23.826680021892493,-3.2439897085389187,0.0,PS_011,375.63793617044587,360.0,2.2637269474085997
25.822234640601668,14.179208795915239,2024-06-24T21:30:00Z,3,3,3,3,3,3,1,3,3,3,-2.585304584805937,-0.7290089062308018,,,,,,,,,,23.29999923706055,-3.060851610080165,0.0,PS_011,341.92170599654906,360.0,2.244922914890083
25.704763812483325,14.178359031677246,2024-06-24T21:45:00Z,4,4,4,4,4,4,1,4,4,4,-2.2873204908116813,-0.7725281633270525,,,,,,,,,,23.0,-2.9920248879993676,0.0,PS_011,347.2317343861129,359.99999999999994,1.7613074109547344
26.05250894263512,14.175998708583116,2024-06-24T22:00:00Z,4,4,4,4,4,4,1,4,4,4,-1.7504183211870794,-0.5474406843732881,,,,,,,,,,22.923524453850845,-2.5690293386534395,0.0,PS_011,387.46333921907683,360.0,1.9917897351923775
26.100000381469727,14.178359031677248,2024-06-24T22:15:00Z,3,3,3,3,3,3,1,3,3,3,-1.7047328632468572,-0.42882107167835315,,,,,,,,,,23.29999923706055,-2.270970369033756,0.0,PS_011,387.0079848523322,360.00000000000006,2.307588713194586
25.844894490605828,14.180237856616023,2024-06-24T22:30:00Z,4,4,4,4,4,4,1,4,4,4,-2.6974217845425805,-0.6627746995107604,,,,,,,,,,22.970140594121304,-3.071957400342268,0.0,PS_011,408.030195005171,360.0,2.0951091048494344
25.79999923706055,14.182548847604744,2024-06-24T22:45:00Z,3,3,3,3,3,3,1,3,3,3,-2.628383137002963,-0.760065086491778,,,,,,,,,,22.73506309540665,-3.1552921407397303,0.0,PS_011,322.7469379685429,360.0,2.1305955121757356
25.623612116143722,14.178359031677246,2024-06-24T23:00:00Z,4,4,4,4,4,4,1,4,4,4,-2.469362531952235,-0.7085125471157826,,,,,,,,,,22.500000000000004,-2.934453170416946,0.0,PS_011,349.26408961772455,360.00000000000006,2.165622155080955
25.558922859158788,14.178359031677246,2024-06-24T23:15:00Z,4,4,4,4,4,4,1,4,4,4,-2.5636758092089913,-0.7159561664696479,,,,,,,,,,22.158923240628514,-3.0063882407243327,0.0,PS_011,349.9891402002844,360.0,2.315799341821815
25.344461626102667,14.182094865981135,2024-06-24T23:30:00Z,3,3,3,3,3,3,1,3,3,3,-2.485834339984338,-0.5954709884741813,,,,,,,,,,21.944462007572394,-3.0816143934558933,0.0,PS_011,399.5781787906219,360.0,2.1562770328605754
25.03983350059896,14.178359031677246,2024-06-24T23:45:00Z,4,4,4,4,4,4,1,4,4,4,-2.5743966222800645,-0.7158531640985969,,,,,,,,,,22.040442819240084,-3.056972830455545,0.0,PS_011,377.2360755476569,360.0,2.5864449597379418
25.0,14.178359031677246,2024-06-25T00:00:00Z,4,4,4,4,4,4,1,4,4,4,-2.499147105354263,-0.5603484882124249,,,,,,,,,,21.961904784890812,-2.797036091998966,0.0,PS_011,392.89950627890687,359.99999999999994,2.7658715366100304
24.834523528135907,14.178359031677244,2024-06-25T00:15:00Z,3,3,3,3,3,3,1,3,3,3,-2.5239287769139644,-0.6929611090162188,,,,,,,,,,21.700000762939453,-2.7226535311497715,0.0,PS_011,378.5430477919461,360.0,2.4047576828791146
24.339727305229644,14.180084412825044,2024-06-25T00:30:00Z,4,4,4,4,4,4,1,4,4,4,-2.616527090382225,-0.6708677598062368,,,,,,,,,,21.842963010939346,-2.9154012082386327,0.0,PS_011,432.5857261679731,360.0,2.497214953930396
24.200000762939453,14.178359031677248,2024-06-25T00:45:00Z,3,3,3,3,3,3,1,3,3,3,-2.3866927571279075,-0.7548351327467653,,,,,,,,,,21.700000762939453,-2.8938144242018415,0.0,PS_011,353.5141159135074,360.00000000000006,2.5236164201122997
24.15318409649435,14.178359031677244,2024-06-25T01:00:00Z,4,4,4,4,4,4,1,4,4,4,-2.2748265906494045,-0.5999702898309454,,,,,,,,,,21.636162500649736,-2.6214999072577996,0.0,PS_011,452.6569581393067,359.99999999999994,2.2666460155805264
24.052013374269034,14.178359031677246,2024-06-25T01:15:00Z,4,4,4,4,4,4,1,4,4,4,-2.373691622231465,-0.5978114303728018,,,,,,,,,,21.560275669757413,-2.786117500435475,0.0,PS_011,404.70604293405296,360.0,2.449119739700253
23.988031711987254,14.178359031677246,2024-06-25T01:30:00Z,3,3,3,3,3,3,1,3,3,3,-2.201807643706252,-0.642048752950388,,,,,,,,,,21.10000038146973,-2.7263433251263876,0.0,PS_011,326.06654666435776,360.00000000000006,2.410779335598137
24.200000762939453,14.178359031677248,2024-06-25T01:45:00Z,4,4,4,4,4,4,1,4,4,4,-2.054228557580512,-0.3888320062224186,,,,,,,,,,21.260427534668967,-2.5081454706224107,0.0,PS_011,859.1872309755782,360.0,2.525481850748061
24.326490155032968,14.179887470675421,2024-06-25T02:00:00Z,4,4,4,4,4,4,1,4,4,4,-2.2166423904906716,-0.5635391774351248,,,,,,,,,,21.266770218285686,-2.718134200492496,0.0,PS_011,475.6139399034631,360.0,2.3814343741712096
23.98482454228266,14.178359031677246,2024-06-25T02:15:00Z,3,3,3,3,3,3,1,3,3,3,-2.346962572717802,-0.5434016468617066,,,,,,,,,,21.399999618530273,-2.77659612224846,0.0,PS_011,439.1249029573323,360.00000000000006,2.095096910494136
23.952563361747924,14.178359031677246,2024-06-25T02:30:00Z,4,4,4,4,4,4,1,4,4,4,-2.394906920710063,-0.5606529050666685,,,,,,,,,,21.227100575399206,-2.6419668716086773,0.0,PS_011,399.5610846256823,359.99999999999994,2.132282920754016
23.74723072475076,14.17835903167725,2024-06-25T02:45:00Z,4,4,4,4,4,4,1,4,4,4,-2.372361174549467,-0.6892201835585324,,,,,,,,,,20.980079133423576,-2.8444547047377626,0.0,PS_011,363.43493845530503,360.0,2.3581383962716442
23.759819288244213,14.178359031677248,2024-06-25T03:00:00Z,3,3,3,3,3,3,1,3,3,3,-2.3701228097492293,-0.636187936465142,,,,,,,,,,20.899999618530277,-2.611472407680312,0.0,PS_011,442.03046092863224,360.0,2.028704681041895
23.504653911850426,14.178359031677246,2024-06-25T03:15:00Z,4,4,4,4,4,4,1,4,4,4,-2.4828205124807807,-0.7579602976952412,,,,,,,,,,20.600000381469723,-2.83804803278345,0.0,PS_011,350.3916578100721,360.0,1.722442355548448
23.2125569026876,14.178359031677246,2024-06-25T03:30:00Z,3,3,3,3,3,3,1,3,3,3,-2.6046020188554997,-0.6904765479118766,,,,,,,,,,20.53801828733145,-2.8022818693967,0.0,PS_011,421.4898263423721,360.0,2.032977323083819
23.14766723269824,14.178359031677246,2024-06-25T03:45:00Z,4,4,4,4,4,4,1,4,4,4,-2.3327472558700584,-0.9376269248134329,,,,,,,,,,20.052333227182768,-2.9784434968024933,0.0,PS_011,264.57151619011404,360.0,1.1737935926880347
23.26374453851511,14.178359031677246,2024-06-25T04:00:00Z,4,4,4,4,4,4,1,4,4,4,-2.1365936960172323,-0.7364511801698409,,,,,,,,,,19.75778208299286,-2.6741327844578677,0.0,PS_011,295.27389278693005,359.99999999999994,1.4960053451568747
23.066439155704536,14.178359031677244,2024-06-25T04:15:00Z,3,3,3,3,3,3,1,3,3,3,-2.3268440987988086,-0.7312751459738823,,,,,,,,,,19.500000000000004,-2.8093943916770603,0.0,PS_011,372.9679420823924,360.00000000000006,1.3910386458778161
22.60000038146973,14.178359031677246,2024-06-25T04:30:00Z,4,4,4,4,4,4,1,4,4,4,-2.3921096701299946,-0.768084090513925,,,,,,,,,,19.58846200407763,-2.748692690881383,0.0,PS_011,333.28582868514246,360.0,1.4908169874811652
22.778958882059804,14.178359031677248,2024-06-25T04:45:00Z,4,4,4,4,4,4,1,4,4,4,-2.164689184951399,-0.8850751673612454,,,,,,,,,,18.943860630067427,-2.628431609213263,0.0,PS_011,308.0191207839003,360.0,1.1386089151396752
22.55364376878171,14.178359031677246,2024-06-25T05:00:00Z,3,3,3,3,3,3,1,3,3,3,-2.1180717502501962,-0.7358140563383734,,,,,,,,,,19.181729290006366,-2.686372614579372,0.0,PS_011,329.67841271148643,360.0,1.2524390768327551
22.269069021069665,14.176572883733913,2024-06-25T05:15:00Z,4,4,4,4,4,4,1,4,4,4,-2.2079210794415336,-1.12105488207727,,,,,,,,,,18.867654908738373,-2.6908281753536563,0.0,PS_011,220.62553856969814,360.0,1.103942429721934
22.06669494211722,14.178952671324675,2024-06-25T05:30:00Z,4,4,4,4,4,4,1,4,4,4,-2.2348715452092667,-0.5656214759064184,,,,,,,,,,18.377796204044742,-2.1174433786610045,0.0,PS_011,449.29453903205814,360.0,0.7178646539156697
21.79999923706055,14.178359031677246,2024-06-25T05:45:00Z,3,3,3,3,3,3,1,3,3,3,-1.9988548849247498,-0.9642486912179944,,,,,,,,,,17.966806677869155,-2.6215117324052795,0.0,PS_011,219.08607226936874,360.00000000000006,0.825092934878502
21.710276911723223,14.17765404264911,2024-06-25T06:00:00Z,4,4,4,4,4,4,1,4,4,4,-1.9692538100848642,-0.5367076347136832,,,,,,,,,,17.89999961853027,-2.194060105587178,0.0,PS_011,386.85011066364825,360.0,1.004384992646057
21.827599948780474,14.178006537163178,2024-06-25T06:15:00Z,0,0,0,0,0,0,1,0,0,0,-2.0096637513742506,-0.4771681463835269,true,true,true,true,true,true,true,true,true,18.27650610090119,-2.191511622293097,0.0,PS_011,563.7390827414106,360.0,1.0656062990540216
21.944922985837728,14.178359031677244,2024-06-25T06:30:00Z,4,4,4,4,4,4,1,4,4,4,-2.050073692663637,-0.4176286580533706,,,,,,,,,,18.653012583272112,-2.1889631389990156,0.0,PS_011,740.6280548191729,360.0,1.1268276054619861
22.10000038146973,14.177697006082527,2024-06-25T06:45:00Z,4,4,4,4,4,4,1,4,4,4,-2.1944723909892416,-0.5236145833372521,,,,,,,,,,18.2666303647925,-2.1198989441924208,0.0,PS_011,379.96194961832924,360.0,0.8101117287622374
22.100000381469727,14.178359031677246,2024-06-25T07:00:00Z,3,3,3,3,3,3,1,3,3,3,-2.1346167855758202,-0.5393618216496932,,,,,,,,,,17.899999618530273,-1.6449943034984422,0.0,PS_011,409.5015686986055,360.0,0.7909620559528372
21.70459348871504,14.177610726082051,2024-06-25T07:15:00Z,4,4,4,4,4,4,1,4,4,4,-2.174517352193308,-0.9771840412783724,,,,,,,,,,17.568012681469412,-1.460382253956342,0.0,PS_011,237.87595610449665,359.99999999999994,0.2664480791990137
22.10000038146973,14.175522937416392,2024-06-25T07:30:00Z,2,2,2,2,2,2,1,2,2,2,-1.4491102477355824,0.07517193045868037,,,,,,,,,,18.018149658982257,-1.4796561880503591,0.0,PS_011,-948.0533147880053,360.0,0.816526737963134
22.10000038146973,14.178359031677248,2024-06-25T07:45:00Z,3,3,3,3,3,3,1,3,3,3,-2.270340476036409,-0.46545365380624326,,,,,,,,,,17.899999618530277,-2.139224463127722,0.0,PS_011,-950.2329431598276,360.00000000000006,1.2334109265437343
21.752684358105117,14.179919345599036,2024-06-25T08:00:00Z,4,4,4,4,4,4,1,4,4,4,-2.5066147847998415,-1.1072871284634003,,,,,,,,,,17.438229398283152,-1.6085871131902216,0.0,PS_011,249.6139381835444,360.0,0.1690818865712975
21.310188079906172,14.178359031677248,2024-06-25T08:15:00Z,4,4,4,4,4,4,1,4,4,4,-1.3976141606006405,-0.7341499255394153,,,,,,,,,,16.84774592046532,-0.16646194525313032,0.0,PS_011,227.6002862304862,360.00000000000006,0.16989403281677132
21.799999237060543,14.178359031677246,2024-06-25T08:30:00Z,3,3,3,3,3,3,1,3,3,3,-0.5711227737107476,-0.24406086019117537,,,,,,,,,,17.340140197262937,2.1999766432890535,0.0,PS_011,456.4285371242583,359.99999999999994,0.06792329967164942
22.047873510525136,14.178359031677244,2024-06-25T08:45:00Z,3,3,3,3,3,3,1,3,3,3,-0.31130843498275995,0.31397287807047763,,,,,,,,,,17.69347936456531,1.4106681747086587,0.0,PS_011,-57.21833367991708,359.99999999999994,0.06936107196042053
21.799999237060547,14.178359031677244,2024-06-25T09:00:00Z,3,3,3,3,3,3,1,3,3,3,-1.322841087559291,-0.1991833318480522,,,,,,,,,,17.831653378106925,0.1405833499474432,0.0,PS_011,-3.252524729383551,359.99999999999994,0.040556429689543205
21.799999237060547,14.178359031677246,2024-06-25T09:15:00Z,3,3,3,3,3,3,1,3,3,3,-1.0999579933019785,-0.48585227503323203,,,,,,,,,,17.445600577328907,0.18299645844909063,0.0,PS_011,41.04864045354144,360.00000000000006,0.05270210134130615
22.100000381469727,14.178359031677248,2024-06-25T09:30:00Z,1,1,1,1,1,1,1,1,1,1,-0.8299999833106995,0.25999999046325684,,,,,,,,,,17.899999618530273,-0.9599999785423278,0.0,PS_011,-440.00000000000006,360.0,0.5180000066757202
22.100000381469727,14.178359031677244,2024-06-25T09:45:00Z,1,1,1,1,1,1,1,1,1,1,-0.9399999976158143,0.25999999046325684,,,,,,,,,,17.600000381469727,-1.0499999523162842,0.0,PS_011,-264.8648681640625,360.0,0.036000002175569534
21.799999237060547,14.178359031677246,2024-06-25T10:00:00Z,3,3,3,3,3,3,1,3,3,3,4.187776935004741,0.7207812168760086,,,,,,,,,,18.234869146631038,5.786104611858913,0.0,PS_011,719.4949066213533,359.99999999999994,1.3212583068210821
22.223229299612044,14.178359031677248,2024-06-25T10:15:00Z,4,4,4,4,4,4,1,4,4,4,16.971505905625072,3.4831762353749953,,,,,,,,,,19.301642973126864,18.120486826217558,0.0,PS_011,481.47481568357506,360.0,2.3225710170580247
21.211169929195478,14.178359031677248,2024-06-25T10:30:00Z,3,3,3,3,3,3,1,3,3,3,38.17574243614613,7.636808483367456,,,,,,,,,,18.84956549412766,56.89945235080174,0.0,PS_011,538.5531281884355,360.0,0.8167807210354308
22.514364516545474,14.178359031677246,2024-06-25T10:45:00Z,4,4,4,4,4,4,1,4,4,4,62.79325236189926,15.025294492959082,,,,,,,,,,20.081187408900803,105.7741702046984,0.0,PS_011,428.3714659128325,360.0,0.7394392843844998
21.124528434604272,14.178359031677246,2024-06-25T11:00:00Z,4,4,4,4,4,4,1,4,4,4,108.7024652223845,25.203706764156347,,,,,,,,,,22.567343786249836,226.3492427415731,0.0,PS_011,431.8845793501268,360.00000000000006,3.151103103585252
20.95512207092602,14.179138019909619,2024-06-25T11:15:00Z,3,3,3,3,3,3,1,3,3,3,145.77780186152094,37.05752728049844,,,,,,,,,,25.203131177685744,324.8208302192763,0.0,PS_011,393.4718729282416,359.99999999999994,2.9670568808100954
21.34838074423668,14.17920737916298,2024-06-25T11:30:00Z,4,4,4,4,4,4,1,4,4,4,186.9374028527453,51.194388954476544,,,,,,,,,,28.186993317829565,416.2026635119121,0.0,PS_011,365.0666674995042,360.0,2.350919573252053
22.257437131993644,14.17901537099103,2024-06-25T11:45:00Z,4,4,4,4,4,4,1,4,4,4,232.70903332119136,65.05518224017817,,,,,,,,,,31.094605603689622,469.27231458607605,0.0,PS_011,357.7259138417618,360.00000000000006,3.1426874139219145
22.971460423203016,14.178359031677246,2024-06-25T12:00:00Z,3,3,3,3,3,3,1,3,3,3,277.5770787807425,72.32424435588992,,,,,,,,,,31.873213696553965,513.1849268909714,0.0,PS_011,383.7432880283165,360.0,3.618084828471109
23.23547455086931,14.180147287133249,2024-06-25T12:15:00Z,4,4,4,4,4,4,1,4,4,4,319.6841786250939,74.69743535706998,,,,,,,,,,32.9628998155462,548.0372265988161,0.0,PS_011,428.213840649085,359.99999999999994,3.297429743068958
23.818814618418248,14.178359031677246,2024-06-25T12:30:00Z,3,3,3,3,3,3,1,3,3,3,359.767142104151,74.61960458361335,,,,,,,,,,34.766724316737616,570.929865217141,0.0,PS_011,482.48526653965376,360.0,3.3703375339770365
23.803677053626807,14.179507417694081,2024-06-25T12:45:00Z,4,4,4,4,4,4,1,4,4,4,402.9139260983101,73.99680518258177,,,,,,,,,,34.355515693340394,597.6699873258204,0.0,PS_011,545.2898289750201,360.0,4.2997607934072395
24.321930256503297,14.17918439130961,2024-06-25T13:00:00Z,4,4,4,4,4,4,1,4,4,4,440.60794806335826,73.80028582088491,,,,,,,,,,35.685411919530786,612.6527662748802,0.0,PS_011,597.8151648520402,360.0,4.112874327664359
24.752952295698105,14.179199131593911,2024-06-25T13:15:00Z,3,3,3,3,3,3,1,3,3,3,473.3395658757104,72.85694235973,,,,,,,,,,37.44103625216822,620.1326606552263,0.0,PS_011,650.4262910290203,360.0,3.3041350037018984
25.059480586460992,14.179739239015744,2024-06-25T13:30:00Z,4,4,4,4,4,4,1,4,4,4,505.3445986411856,72.14608794377023,,,,,,,,,,37.75006487603478,625.4848973391108,0.0,PS_011,701.3556593515,360.0,2.956532168405045
25.808343762626865,14.183706283569334,2024-06-25T13:45:00Z,4,4,4,4,4,4,1,4,4,4,531.4755424420613,74.46184624871978,,,,,,,,,,40.25724335162839,624.1503865323143,0.0,PS_011,712.445294329842,360.0,2.5857548238889487
26.043345073980067,14.179891537668418,2024-06-25T14:00:00Z,3,3,3,3,3,3,1,3,3,3,554.2287481012335,73.11484676086158,,,,,,,,,,40.600466034580144,619.1027450080462,0.0,PS_011,757.7690252619507,360.0,3.2294643503488882
26.66549215169333,14.180769715014476,2024-06-25T14:15:00Z,4,4,4,4,4,4,1,4,4,4,576.0782184567558,75.65893578349399,,,,,,,,,,41.24822447028968,612.2082316139508,0.0,PS_011,761.9252246535908,359.99999999999994,2.427221738052529
26.472398558270264,14.183500142358222,2024-06-25T14:30:00Z,4,4,4,4,4,4,1,4,4,4,592.3419241488276,77.0994040643354,,,,,,,,,,40.64581941418417,598.9778362963402,0.0,PS_011,768.2755660905196,360.00000000000006,1.8667544084556384
26.82025801230047,14.18032198548458,2024-06-25T14:45:00Z,3,3,3,3,3,3,1,3,3,3,604.1152272146825,80.77766054627538,,,,,,,,,,41.40343561045718,578.2576048417393,0.0,PS_011,747.8783030536536,360.00000000000006,2.0982862122338655
27.29534028207427,14.178359031677246,2024-06-25T15:00:00Z,4,4,4,4,4,4,1,4,4,4,612.2303501531284,85.88686851862916,,,,,,,,,,42.2331376096487,560.809798733786,0.0,PS_011,712.4329099283653,360.0,1.8009541947905447
27.746826786460215,14.180322780165485,2024-06-25T15:15:00Z,4,4,4,4,4,4,1,4,4,4,615.0237964673247,91.8585253699764,,,,,,,,,,43.518797878353126,537.1351828641958,0.0,PS_011,669.1600468865779,360.00000000000006,2.317782275483421
28.419550997364716,14.183706283569334,2024-06-25T15:30:00Z,3,3,3,3,3,3,1,3,3,3,615.9439671946191,96.60651506783266,,,,,,,,,,43.57422055572212,506.5415573654534,0.0,PS_011,637.0350396515802,360.0,1.7103138666740254
27.886116799759577,14.182887142374465,2024-06-25T15:45:00Z,4,4,4,4,4,4,1,4,4,4,608.5428650760646,102.72336100543374,,,,,,,,,,43.211835023318805,476.0327013998929,0.0,PS_011,592.5271400807368,360.00000000000006,2.6707275559078614
28.467445626462833,14.183706283569338,2024-06-25T16:00:00Z,3,3,3,3,3,3,1,3,3,3,604.4962057359223,110.4998982275456,,,,,,,,,,43.23239456698797,443.24510640027006,0.0,PS_011,547.0772045456432,360.00000000000006,1.3406171734196248
28.660693071029026,14.182354864513739,2024-06-25T16:15:00Z,4,4,4,4,4,4,1,4,4,4,589.9014286728637,116.35988264313426,,,,,,,,,,42.17940617734735,409.01094864252036,0.0,PS_011,506.9148784094893,360.0,2.060082643655656
29.155714114293875,14.183706283569336,2024-06-25T16:30:00Z,4,4,4,4,4,4,1,4,4,4,572.2185439072083,124.9480520205286,,,,,,,,,,41.11301766473093,369.88444799221566,0.0,PS_011,458.3062601596145,360.00000000000006,1.3665193784863194
29.292057381586513,14.183706283569336,2024-06-25T16:45:00Z,3,3,3,3,3,3,1,3,3,3,535.673214068658,127.82119702648868,,,,,,,,,,40.34710752573413,319.67428781365027,0.0,PS_011,416.3214990544419,360.0,0.8349940952478463
29.272303469633666,14.182965798108361,2024-06-25T17:00:00Z,4,4,4,4,4,4,1,4,4,4,533.8766930681511,136.24615300737997,,,,,,,,,,41.37624710788625,287.6950750374201,0.0,PS_011,391.6232084830562,360.0,1.8244619582633446
29.228479119420026,14.183706283569336,2024-06-25T17:15:00Z,4,4,4,4,4,4,1,4,4,4,450.241096017033,123.26537533023068,,,,,,,,,,37.767863201531156,235.15088866104512,0.0,PS_011,356.52783536503574,360.00000000000006,1.4824850156098552
28.95462790520321,14.180308596324075,2024-06-25T17:30:00Z,3,3,3,3,3,3,1,3,3,3,485.55283783945004,136.5521664727921,,,,,,,,,,34.855091600772525,226.3708069007222,0.0,PS_011,356.3528732666521,360.0,2.093528755706248
29.642892751071816,14.183706283569336,2024-06-25T17:45:00Z,4,4,4,4,4,4,1,4,4,4,384.32436805591374,112.86519439018596,,,,,,,,,,36.49083848242545,181.08736267192884,0.0,PS_011,348.55430692077965,360.0,1.0320431632414169
29.49640271085165,14.18162548895342,2024-06-25T18:00:00Z,3,3,3,3,3,3,1,3,3,3,325.5047455450449,94.77870701145228,,,,,,,,,,35.89569423711693,170.81413969589343,0.0,PS_011,363.869411318998,359.99999999999994,2.105453473380486
29.26934025632092,14.182519519994699,2024-06-25T18:15:00Z,4,4,4,4,4,4,1,4,4,4,352.4983717129006,105.79310006124518,,,,,,,,,,36.0781892532658,157.1292176351206,0.0,PS_011,353.6612794556889,360.00000000000006,0.8441567020559275
29.070240397636486,14.180055845387567,2024-06-25T18:30:00Z,4,4,4,4,4,4,1,4,4,4,176.02076309464314,47.64371036449749,,,,,,,,,,33.792858813201896,126.77285020868426,0.0,PS_011,389.3612034034138,360.0,0.7633327245479756
30.240512703770527,14.183706283569334,2024-06-25T18:45:00Z,3,3,3,3,3,3,1,3,3,3,350.0584177972735,141.66859551564235,,,,,,,,,,33.17498465713131,125.12961775405633,0.0,PS_011,245.69071933980777,360.0,0.28828378079129285
29.824651573553663,14.179211722160607,2024-06-25T19:00:00Z,4,4,4,4,4,4,1,4,4,4,301.47549365317354,153.22530287490162,,,,,,,,,,35.051083740555406,101.89889832794604,0.0,PS_011,196.52229741195956,360.00000000000006,1.8695756980346578
29.2115936020659,14.179815966028643,2024-06-25T19:15:00Z,4,4,4,4,4,4,1,4,4,4,211.44045674133275,125.61856691566518,,,,,,,,,,33.62697632007624,76.10537687688445,0.0,PS_011,189.34977346701024,360.0,2.2116887450217004
29.13295648407926,14.179240159629273,2024-06-25T19:30:00Z,3,3,3,3,3,3,1,3,3,3,175.2275545191592,152.3988427328748,,,,,,,,,,33.22725287045533,54.87495965901889,0.0,PS_011,115.02427645603855,359.9999999999999,1.4740314788251854
29.01097721113048,14.182119525235548,2024-06-25T19:45:00Z,4,4,4,4,4,4,1,4,4,4,138.51754134344986,152.17456346501237,,,,,,,,,,32.32075948598032,51.177897803131614,0.0,PS_011,91.07525105443996,359.99999999999994,1.1000896549224675
28.765398813096173,14.181638580153306,2024-06-25T20:00:00Z,4,4,4,4,4,4,1,4,4,4,101.50961936189434,133.63558067359423,,,,,,,,,,31.873929828957724,44.186203833173856,0.0,PS_011,75.99045848172757,360.0,1.6744325821861117
28.5,14.178359031677244,2024-06-25T20:15:00Z,3,3,3,3,3,3,1,3,3,3,69.06255150885855,96.81195878352884,,,,,,,,,,30.59238482144432,38.96154677791859,0.0,PS_011,71.52232615753692,360.0,2.0717525773797525
27.753961276875735,14.181068405426076,2024-06-25T20:30:00Z,4,4,4,4,4,4,1,4,4,4,31.24425168556108,42.604154618958276,,,,,,,,,,28.56178159888546,20.232200211879793,0.0,PS_011,80.73610911225578,360.0,1.9537708553245796
26.836565667816497,14.178359031677244,2024-06-25T20:45:00Z,3,3,3,3,3,3,1,3,3,3,3.0065364256766403,-1.4024481603713954,,,,,,,,,,25.445314712517344,1.525463534869994,0.0,PS_011,225.96898004676288,360.0,2.6247962553134534
26.375267302934677,14.178970157757945,2024-06-25T21:00:00Z,4,4,4,4,4,4,1,4,4,4,-1.1073573920668909,-1.8037528767339461,,,,,,,,,,24.109554040004493,-1.3451908507905934,0.0,PS_011,62.54057910688769,360.0,2.293080001213309
25.708040899497355,14.180056319895245,2024-06-25T21:15:00Z,4,4,4,4,4,4,1,4,4,4,-2.807462514372339,-1.6827094347310392,,,,,,,,,,23.261038183632596,-2.035318397052071,0.0,PS_011,167.92361508756255,360.00000000000006,2.6421213217836472
25.299999237060547,14.17835903167725,2024-06-25T21:30:00Z,3,3,3,3,3,3,1,3,3,3,-2.4602812470635302,-1.1533260622516408,,,,,,,,,,22.29730444853904,-1.8152186718611785,0.0,PS_011,209.11199086006567,360.00000000000006,2.9342031144635157
24.550102780350873,14.178359031677246,2024-06-25T21:45:00Z,4,4,4,4,4,4,1,4,4,4,-2.8487939109851306,-1.3300007833566192,,,,,,,,,,21.638138784105625,-2.2621332208678306,0.0,PS_011,221.52125851673392,360.0,2.6851805514190854
24.200000762939457,14.17835903167725,2024-06-25T22:00:00Z,4,4,4,4,4,4,1,4,4,4,-1.9684567068068062,-0.7266955234598307,,,,,,,,,,21.13850615143874,-1.1158062302449911,0.0,PS_011,331.57663271791785,360.00000000000006,2.7479778547247387
24.05488968312262,14.178359031677246,2024-06-25T22:15:00Z,2,2,2,2,2,2,1,2,2,2,-1.9774447007165805,-0.09902210310022001,,,,,,,,,,21.39999961853027,-0.47766577409323896,0.0,PS_011,1035.0250319507284,359.99999999999994,2.965306016759444
23.790091946991822,14.178359031677246,2024-06-25T22:30:00Z,4,4,4,4,4,4,1,4,4,4,-2.2885468021396327,-0.3655181992080741,,,,,,,,,,21.39999961853027,-1.2885611088765834,0.0,PS_011,618.7189883819375,360.00000000000006,2.998855906282723
23.29573709165193,14.178359031677248,2024-06-25T22:45:00Z,4,4,4,4,4,4,1,4,4,4,-2.3323496279909777,-0.6184576252461194,,,,,,,,,,21.053733733970994,-1.618398653024812,0.0,PS_011,365.00386657382376,360.0,3.4895535237308386
22.664208809605835,14.178359031677244,2024-06-25T23:00:00Z,3,3,3,3,3,3,1,3,3,3,-2.59853903769348,-0.9578957061689818,,,,,,,,,,20.61364002316596,-2.0890186516060374,0.0,PS_011,280.6950856595269,360.0,3.957225889493765
22.085329394178444,14.178359031677244,2024-06-25T23:15:00Z,4,4,4,4,4,4,1,4,4,4,-2.380832967027196,-0.9219310485350449,,,,,,,,,,19.830367372303815,-1.8988104470952134,0.0,PS_011,267.25765381303074,359.99999999999994,3.4335262715951465
21.799999237060547,14.178359031677248,2024-06-25T23:30:00Z,3,3,3,3,3,3,1,3,3,3,-2.1154463347639965,-0.6367032022631746,,,,,,,,,,19.48621569255438,-1.4385532998501263,0.0,PS_011,351.09165892271807,359.99999999999994,3.5961980681369132
21.533683573741857,14.178359031677246,2024-06-25T23:45:00Z,4,4,4,4,4,4,1,4,4,4,-2.0940483693525422,-0.40432750915640264,,,,,,,,,,19.26830489960018,-1.2104343299467473,0.0,PS_011,453.04989754170083,360.0,3.8714281782248805
21.06536591064342,14.178359031677248,2024-06-26T00:00:00Z,4,4,4,4,4,4,1,4,4,4,-2.201842697375957,-0.6300514530053588,,,,,,,,,,18.86179237174275,-1.7650295787638592,0.0,PS_011,310.4082348528024,360.0,4.306661025063942
20.44641822541554,14.178359031677246,2024-06-26T00:15:00Z,3,3,3,3,3,3,1,3,3,3,-2.2680880984578256,-0.7457349816358616,,,,,,,,,,18.366258584895366,-1.333246517913543,0.0,PS_011,309.52867292661733,360.0,4.343943575080698
20.399999618530273,14.178359031677248,2024-06-26T00:30:00Z,3,3,3,3,3,3,1,3,3,3,-2.0435754605860876,-0.4213246698425909,,,,,,,,,,18.200000762939453,-0.9036148585198636,0.0,PS_011,465.1582108544052,360.0,3.7300259935576268
20.200000762939457,14.177615713182353,2024-06-26T00:45:00Z,4,4,4,4,4,4,1,4,4,4,-1.938862318444783,-0.4454456105561934,,,,,,,,,,17.954035788580462,-1.036569324719702,0.0,PS_011,500.13494991662174,360.00000000000006,4.0533879406658455
19.946021564168763,14.178359031677248,2024-06-26T01:00:00Z,3,3,3,3,3,3,1,3,3,3,-1.9083013495039982,-0.3081193634123636,,,,,,,,,,17.690223978314908,-1.1995426461342829,0.0,PS_011,628.5247996143797,360.00000000000006,3.8884163337466555
19.641178854675402,14.178359031677244,2024-06-26T01:15:00Z,4,4,4,4,4,4,1,4,4,4,-1.849635324089207,-0.360847108632466,,,,,,,,,,17.380264988033638,-1.2091380008415034,0.0,PS_011,476.96092684769525,360.00000000000006,3.3522575902980245
19.513873019801768,14.178359031677246,2024-06-26T01:30:00Z,4,4,4,4,4,4,1,4,4,4,-1.7830509727095607,-0.28838972979176003,,,,,,,,,,17.39999961853027,-1.0078902486935657,0.0,PS_011,501.45635966064754,360.0,4.505473894498467
19.399999618530273,14.178359031677246,2024-06-26T01:45:00Z,2,2,2,2,2,2,1,2,2,2,-1.80895767645591,-0.4345406853787571,,,,,,,,,,17.100000381469727,-0.9142931812940297,0.0,PS_011,530.4646840414183,360.0,3.6535725459441744
19.053945111787034,14.178359031677248,2024-06-26T02:00:00Z,4,4,4,4,4,4,1,4,4,4,-2.0053968894502088,-0.284660834492141,,,,,,,,,,17.100000381469727,-1.1380889379302577,0.0,PS_011,699.3577324506927,360.00000000000006,4.574329466962418
18.799999237060547,14.178359031677246,2024-06-26T02:15:00Z,3,3,3,3,3,3,1,3,3,3,-1.9488584088613579,-0.48290599875724227,,,,,,,,,,16.782413807821293,-1.4013088271573217,0.0,PS_011,377.1295561829935,359.99999999999994,2.920911100255735
18.596700145734218,14.178359031677248,2024-06-26T02:30:00Z,4,4,4,4,4,4,1,4,4,4,-1.9709566887059782,-0.3445526674545331,,,,,,,,,,16.274699103323034,-1.1934888147094334,0.0,PS_011,450.9367666456831,360.00000000000006,2.585210589377187
18.157889641565216,14.176611236337399,2024-06-26T02:45:00Z,4,4,4,4,4,4,1,4,4,4,-1.961334832726779,-0.4860867159522411,,,,,,,,,,15.956461496467641,-1.4277197624457896,0.0,PS_011,359.58186525333383,360.0,3.270760757140255
17.700000762939457,14.178359031677248,2024-06-26T03:00:00Z,3,3,3,3,3,3,1,3,3,3,-1.8693615639332435,-0.5631587808769597,,,,,,,,,,15.53306168739746,-1.1323292270785152,0.0,PS_011,346.51577592234565,360.0,3.3685870947311294
17.58669026923976,14.175039096802847,2024-06-26T03:15:00Z,3,3,3,3,3,3,1,3,3,3,-1.8916061590064994,-0.33690935471505906,,,,,,,,,,15.5,-0.9227506787580756,0.0,PS_011,777.9650140244063,360.00000000000006,3.3468377049908593
17.5,14.178359031677246,2024-06-26T03:30:00Z,4,4,4,4,4,4,1,4,4,4,-1.8983721895043781,-0.2642674009434037,,,,,,,,,,15.199999809265138,-1.1163742128945335,0.0,PS_011,484.8095377160125,360.00000000000006,3.7453741224096544
17.200000762939453,14.173680305480957,2024-06-26T03:45:00Z,1,1,1,1,1,1,1,1,1,1,-1.9199999570846555,-0.18999999761581418,,,,,,,,,,15.199999809265138,-1.0,0.0,PS_011,808.0,360.0,3.5180001258850098
17.14547566616422,14.176919040885892,2024-06-26T04:00:00Z,3,3,3,3,3,3,1,3,3,3,-1.8763286042530245,-0.4160172816253887,,,,,,,,,,14.845474868414945,-1.166967894655245,0.0,PS_011,1065.3664447713131,359.99999999999994,2.9773367552720944
16.622253429432195,14.178359031677246,2024-06-26T04:15:00Z,4,4,4,4,4,4,1,4,4,4,-2.2251955337469793,-0.5980920656496785,,,,,,,,,,14.281511105419309,-1.5799324876303196,0.0,PS_011,348.48464447618784,360.0,2.856176330347788
16.39999961853027,14.177625794771549,2024-06-26T04:30:00Z,3,3,3,3,3,3,1,3,3,3,-2.0434917297174198,-0.5210537189694987,,,,,,,,,,13.800000190734863,-0.9793529466587354,0.0,PS_011,362.97381048884415,360.0,2.318687677775576
16.100000381469727,14.176630434422181,2024-06-26T04:45:00Z,3,3,3,3,3,3,1,3,3,3,-1.6378908459981243,-0.20345159033297616,,,,,,,,,,13.707391472256258,-0.549263979810891,0.0,PS_011,754.020793949893,360.0,2.6413525564729037
16.220876749325967,14.175565468371177,2024-06-26T05:00:00Z,2,2,2,2,2,2,1,2,2,2,-1.4930064164862553,-0.024029221971622428,,,,,,,,,,13.800000190734862,-0.3841753383100418,0.0,PS_011,3172.316156454193,360.0,2.588108369108785
,,2024-06-26T05:15:00Z,0,0,0,0,0,0,1,0,0,0,,,,,,,,,,,,,,0.0,PS_011,,,
,,2024-06-26T05:30:00Z,0,0,0,0,0,0,1,0,0,0,,,,,,,,,,,,,,0.0,PS_011,,,
,,2024-06-26T05:45:00Z,0,0,0,0,0,0,1,0,0,0,,,,,,,,,,,,,,0.0,PS_011,,,
,,2024-06-26T06:00:00Z,0,0,0,0,0,0,1,0,0,0,,,,,,,,,,,,,,0.0,PS_011,,,
,,2024-06-26T06:15:00Z,0,0,0,0,0,0,1,0,0,0,,,,,,,,,,,,,,0.0,PS_011,,,
16.100000381469727,14.173680305480957,2024-06-26T06:30:00Z,1,1,1,1,1,1,1,1,1,1,-1.5199999809265137,-0.20999999344348907,,,,,,,,,,13.800000190734863,-1.0099999904632568,0.0,PS_011,758.823486328125,360.0,3.0759999752044678
15.800000190734863,14.177543591612691,2024-06-26T06:45:00Z,2,2,2,2,2,2,1,2,2,2,-1.549456847151909,-0.2369714760132258,,,,,,,,,,13.600000381469728,-1.0002853392372315,0.0,PS_011,627.7386993029804,360.0,2.734955058073619
15.800000190734863,14.178359031677246,2024-06-26T07:00:00Z,1,1,1,1,1,1,1,1,1,1,-1.5,-0.029999999329447746,,,,,,,,,,13.600000381469727,-0.6700000166893005,0.0,PS_011,1270.0,360.0,2.614000082015991
15.800000190734863,14.176019668579102,2024-06-26T07:15:00Z,0,0,0,0,0,0,1,0,0,0,-1.5149999856948853,-0.09499999787658453,true,true,true,true,true,true,true,true,true,13.600000381469727,-0.675000011920929,0.0,PS_011,941.0,360.0,2.7010000944137573
15.800000190734863,14.173680305480957,2024-06-26T07:30:00Z,1,1,1,1,1,1,1,1,1,1,-1.5299999713897705,-0.1599999964237213,,,,,,,,,,13.600000381469727,-0.6800000071525574,0.0,PS_011,612.0,360.0,2.7880001068115234
,,2024-06-26T07:45:00Z,0,0,0,0,0,0,1,0,0,0,,,,,,,,,,,,,,0.0,PS_011,,,
,,2024-06-26T08:00:00Z,0,0,0,0,0,0,1,0,0,0,,,,,,,,,,,,,,0.0,PS_011,,,
,,2024-06-26T08:15:00Z,0,0,0,0,0,0,1,0,0,0,,,,,,,,,,,,,,0.0,PS_011,,,
,,2024-06-26T08:30:00Z,0,0,0,0,0,0,1,0,0,0,,,,,,,,,,,,,,0.0,PS_011,,,
16.100000381469727,14.173680305480957,2024-06-26T08:45:00Z,1,1,1,1,1,1,1,1,1,1,-1.649999976158142,-0.05000000074505806,,,,,,,,,,13.800000190734863,-1.0700000524520874,0.0,PS_011,4175.0,360.0,2.614000082015991
16.25,14.173680305480957,2024-06-26T09:00:00Z,0,0,0,0,0,0,1,0,0,0,-1.2949999868869781,0.09000000171363354,true,true,true,true,true,true,true,true,true,13.950000286102295,-0.5550000257790089,0.0,PS_011,1982.9545364379883,360.0,2.7010000944137573
16.399999618530273,14.173680305480957,2024-06-26T09:15:00Z,1,1,1,1,1,1,1,1,1,1,-0.9399999976158142,0.23000000417232513,,,,,,,,,,14.100000381469728,-0.03999999910593033,0.0,PS_011,-209.09092712402344,360.0,2.7880001068115234
16.399999618530273,14.173680305480957,2024-06-26T09:30:00Z,1,1,1,1,1,1,1,1,1,1,-0.9900000095367432,0.23999999463558194,,,,,,,,,,14.399999618530272,-0.5299999713897705,0.0,PS_011,-3566.6667480468745,360.0,2.9040000438690186
16.399999618530273,14.175337722071642,2024-06-26T09:45:00Z,0,0,0,0,0,0,1,0,0,0,1.8713754183235753,0.7559619677018715,true,true,true,true,true,true,true,true,true,14.338461005476859,3.6674760949338694,0.0,PS_011,-1608.836736870431,360.0,2.450930904442451
16.39999961853027,14.17699513866233,2024-06-26T10:00:00Z,4,4,4,4,4,4,1,4,4,4,4.732750846183894,1.271923940768161,,,,,,,,,,14.276922392423447,7.864952161257509,0.0,PS_011,348.9932743060127,360.0,1.9978617650158839
16.725506765557988,14.178359031677246,2024-06-26T10:15:00Z,4,4,4,4,4,4,1,4,4,4,18.105548546447057,3.6141586441435662,,,,,,,,,,14.438258865703661,19.51086495024156,0.0,PS_011,496.0765152655496,360.00000000000006,2.841198278822235
17.247552795306078,14.17752221088111,2024-06-26T10:30:00Z,3,3,3,3,3,3,1,3,3,3,42.421108963491214,10.814681489911736,,,,,,,,,,15.026805390891134,65.99765437234561,0.0,PS_011,403.6297313664468,360.0,2.377812557599694
18.002624936753083,14.17696328075595,2024-06-26T10:45:00Z,4,4,4,4,4,4,1,4,4,4,59.2994189735222,14.847866573696635,,,,,,,,,,16.741727489174416,101.10813209388355,0.0,PS_011,432.24669126023025,360.0,2.308203522183449
18.88281029796668,14.177356319744709,2024-06-26T11:00:00Z,4,4,4,4,4,4,1,4,4,4,105.68528860805559,26.240392612828643,,,,,,,,,,19.772212890880223,226.89924244532517,0.0,PS_011,402.5802001470637,360.0,0.9790784901686682
19.725053719422757,14.178359031677246,2024-06-26T11:15:00Z,3,3,3,3,3,3,1,3,3,3,147.38337323092355,39.29332402875937,,,,,,,,,,24.10309790266536,338.19537944642855,0.0,PS_011,374.25227736582497,360.0,1.7216514091501212
20.513112326675646,14.178359031677246,2024-06-26T11:30:00Z,4,4,4,4,4,4,1,4,4,4,187.60036474727414,52.98315148031287,,,,,,,,,,27.16659506989938,428.8108187210417,0.0,PS_011,354.4220019471644,360.0,1.974941044377586
21.12650243986227,14.179250963972564,2024-06-26T11:45:00Z,3,3,3,3,3,3,1,3,3,3,232.15159499441594,65.81048793276578,,,,,,,,,,28.639711981466267,476.8947906702931,0.0,PS_011,352.4197018041469,360.00000000000006,2.17101284989182
21.57283724805755,14.178998567337912,2024-06-26T12:00:00Z,4,4,4,4,4,4,1,4,4,4,276.30142218386766,72.62061922763964,,,,,,,,,,29.190230052636913,516.8280150758443,0.0,PS_011,380.4903728012889,360.0,2.9777169161639536
21.962146323486124,14.17993621766385,2024-06-26T12:15:00Z,4,4,4,4,4,4,1,4,4,4,321.5553609906703,75.90295119952388,,,,,,,,,,30.745393015505396,552.8489975248565,0.0,PS_011,423.7498183023389,359.99999999999994,3.2628341381619017
22.345190033766936,14.178359031677246,2024-06-26T12:30:00Z,3,3,3,3,3,3,1,3,3,3,363.0743083305734,75.79248351487055,,,,,,,,,,31.700000762939453,581.2217802665646,0.0,PS_011,479.6924905233212,360.0,3.073594171582167
23.062539579824413,14.182142846298698,2024-06-26T12:45:00Z,4,4,4,4,4,4,1,4,4,4,404.6962755156274,75.89731617173534,,,,,,,,,,33.137339855358114,604.3598502282256,0.0,PS_011,533.1634829715019,360.0,2.42603209459428
24.11111655615629,14.182402300861018,2024-06-26T13:00:00Z,4,4,4,4,4,4,1,4,4,4,444.595817830332,75.57297066348283,,,,,,,,,,35.30072104939167,621.0394678534791,0.0,PS_011,588.3774134787725,360.0,2.181803111734345
25.0,14.183706283569338,2024-06-26T13:15:00Z,3,3,3,3,3,3,1,3,3,3,482.08443520331616,74.33454613827963,,,,,,,,,,36.49661875668581,632.6700794200085,0.0,PS_011,648.5079839658115,360.00000000000006,2.7343807941195
25.75005914865937,14.181841316069821,2024-06-26T13:30:00Z,4,4,4,4,4,4,1,4,4,4,513.0032348553422,74.58465835892267,,,,,,,,,,36.131494080517605,637.3540209654465,0.0,PS_011,687.9313489759503,360.0,3.206947031165972
26.100000381469727,14.182524122879087,2024-06-26T13:45:00Z,3,3,3,3,3,3,1,3,3,3,540.596673802303,75.14728587764121,,,,,,,,,,36.951709419315854,637.2008488162882,0.0,PS_011,718.0391726472961,360.0,3.921057644851131
27.000565667289923,14.180933253528698,2024-06-26T14:00:00Z,4,4,4,4,4,4,1,4,4,4,564.4619081185721,76.2760764165392,,,,,,,,,,37.59965386541083,632.305193927745,0.0,PS_011,740.567388364527,360.0,2.9699698304270234
27.27207761885924,14.183706283569336,2024-06-26T14:15:00Z,4,4,4,4,4,4,1,4,4,4,588.0128448208726,79.27294399359278,,,,,,,,,,37.161951086387745,626.1264148150635,0.0,PS_011,742.1651104743871,360.0,4.327911063082184
27.59309997524343,14.178359031677246,2024-06-26T14:30:00Z,3,3,3,3,3,3,1,3,3,3,602.7411885658987,81.41041761577716,,,,,,,,,,38.56164618995085,610.0884650407135,0.0,PS_011,740.1179767558959,360.0,3.424254034113646
28.189813564024657,14.18285068505441,2024-06-26T14:45:00Z,4,4,4,4,4,4,1,4,4,4,612.2633295282994,85.27723804044143,,,,,,,,,,38.6813973337333,590.1073401694003,0.0,PS_011,718.1658742300898,360.0,4.393834346161885
28.366366631837916,14.179916217420866,2024-06-26T15:00:00Z,4,4,4,4,4,4,1,4,4,4,623.4122797612481,90.91330716100514,,,,,,,,,,36.32871873612446,569.0872546644684,0.0,PS_011,685.0880671677043,360.0,5.285151800651063
28.844136323854375,14.183706283569338,2024-06-26T15:15:00Z,3,3,3,3,3,3,1,3,3,3,629.0764570451728,99.21095643625284,,,,,,,,,,37.105078699509924,542.6628530242475,0.0,PS_011,633.4363686041044,360.00000000000006,3.541620713606998
28.640416635117834,14.182045833825452,2024-06-26T15:30:00Z,4,4,4,4,4,4,1,4,4,4,582.6669799125166,101.35787631838397,,,,,,,,,,35.519350564814815,457.1071808613452,0.0,PS_011,568.212387142594,360.0,4.845071646715719
28.580868445589733,14.182863584839932,2024-06-26T15:45:00Z,4,4,4,4,4,4,1,4,4,4,512.5267845958475,87.98814981031758,,,,,,,,,,34.758771668468974,370.99147354991686,0.0,PS_011,563.6041344331807,360.0,5.179623710818207
28.799999237060547,14.182503437264584,2024-06-26T16:00:00Z,3,3,3,3,3,3,1,3,3,3,633.122152653183,124.1563720241263,,,,,,,,,,34.94799428291291,463.2071271305105,0.0,PS_011,509.5166573497874,360.0,4.824055479063951
28.909819163755373,14.183706283569336,2024-06-26T16:15:00Z,4,4,4,4,4,4,1,4,4,4,613.3008648323629,130.43260327779242,,,,,,,,,,34.654495292231424,413.1738065048829,0.0,PS_011,470.225371800774,360.0,3.5407654014651913
28.712050280704076,14.178359031677246,2024-06-26T16:30:00Z,3,3,3,3,3,3,1,3,3,3,614.6309627252425,142.2581810666132,,,,,,,,,,33.84993460587105,377.59612516042796,0.0,PS_011,426.87729999344737,359.99999999999994,5.002863135061127
29.190325954794893,14.181170894777653,2024-06-26T16:45:00Z,4,4,4,4,4,4,1,4,4,4,584.2177645923812,143.46850047426344,,,,,,,,,,33.306890194717646,348.0821923679116,0.0,PS_011,381.39351811127074,360.00000000000006,4.95531743114844
29.232823062385524,14.183706283569336,2024-06-26T17:00:00Z,3,3,3,3,3,3,1,3,3,3,416.52889454019066,104.06303712879713,,,,,,,,,,33.71650496554356,267.3007282031126,0.0,PS_011,416.839699594661,360.00000000000006,5.041488205612438
29.198325726847095,14.18285631980428,2024-06-26T17:15:00Z,4,4,4,4,4,4,1,4,4,4,545.7330930467243,149.9438119748461,,,,,,,,,,33.0681954885834,299.8029198272638,0.0,PS_011,373.7861943563016,360.0,3.1687664192638723
29.274074930968858,14.181312775884146,2024-06-26T17:30:00Z,4,4,4,4,4,4,1,4,4,4,501.3981869009719,144.7017237992569,,,,,,,,,,32.91862576783297,219.30426999243272,0.0,PS_011,360.5055710167892,360.0,4.4491230125627705
29.69166030801835,14.179976473256888,2024-06-26T17:45:00Z,3,3,3,3,3,3,1,3,3,3,524.4879133126576,157.36564331366304,,,,,,,,,,32.33575902104748,230.50306755907607,0.0,PS_011,329.61415736985896,360.00000000000006,5.353273314491184
28.764631775155696,14.183706283569336,2024-06-26T18:00:00Z,4,4,4,4,4,4,1,4,4,4,283.5714486346275,86.51187107289707,,,,,,,,,,30.51322631707104,150.8692019694185,0.0,PS_011,351.10015685334207,360.0,3.9830417383941437
28.013317126795325,14.181675520023024,2024-06-26T18:15:00Z,4,4,4,4,4,4,1,4,4,4,118.32413682247405,35.1324100383606,,,,,,,,,,29.001710757367764,92.45388401737466,0.0,PS_011,344.3998189184795,360.0,5.775126628215726
28.97319150722339,14.18167070135785,2024-06-26T18:30:00Z,3,3,3,3,3,3,1,3,3,3,433.78393541221345,169.57597013888056,,,,,,,,,,30.418316445765708,156.58418142295415,0.0,PS_011,255.57078633177264,359.99999999999994,4.1864309755268625
28.994955382812194,14.17835903167725,2024-06-26T18:45:00Z,4,4,4,4,4,4,1,4,4,4,328.37712177639224,174.23173780908374,,,,,,,,,,31.19507447649482,92.6540751957863,0.0,PS_011,188.50954870778918,360.0000000000001,5.240321149049343
27.83411550705422,14.179255464181184,2024-06-26T19:00:00Z,3,3,3,3,3,3,1,3,3,3,77.71182739796575,30.987973013253548,,,,,,,,,,28.2067714070771,51.43177488228354,0.0,PS_011,254.65139428466856,360.00000000000006,4.690368787609731
28.394770052033675,14.18023230810361,2024-06-26T19:15:00Z,4,4,4,4,4,4,1,4,4,4,198.09058902618378,149.28570088430396,,,,,,,,,,29.79365042743985,80.7897862016201,0.0,PS_011,146.5930242854954,360.00000000000006,3.352715370165494
28.5,14.181272269864568,2024-06-26T19:30:00Z,4,4,4,4,4,4,1,4,4,4,195.57983635380862,192.5478550364389,,,,,,,,,,30.942259226213547,69.71813437386398,0.0,PS_011,101.46537134753741,360.0,3.2362162226706666
28.420537444780436,14.182416995344363,2024-06-26T19:45:00Z,4,4,4,4,4,4,1,4,4,4,127.97238456340551,141.5129157652284,,,,,,,,,,30.369748239943352,53.45992332866724,0.0,PS_011,118.25788024188684,360.0,2.898258812461707
27.5,14.181002653984896,2024-06-26T20:00:00Z,4,4,4,4,4,4,1,4,4,4,50.503763152250244,30.207141622278897,,,,,,,,,,27.122981281141456,34.06872779336604,0.0,PS_011,218.40801875786616,360.00000000000006,3.191114647740092
27.265130240625282,14.179519913705477,2024-06-26T20:15:00Z,3,3,3,3,3,3,1,3,3,3,40.29551320739024,29.38984234201116,,,,,,,,,,26.714314036112803,25.45617203415568,0.0,PS_011,192.6328244964272,360.0,3.3787477830775248
26.89999961853027,14.178359031677244,2024-06-26T20:30:00Z,4,4,4,4,4,4,1,4,4,4,11.868693942228795,7.321132199974144,,,,,,,,,,25.53011612212152,9.549240122419794,0.0,PS_011,281.3214138033247,360.0,3.2459313655081488
26.564723541560415,14.178359031677248,2024-06-26T20:45:00Z,2,2,2,2,2,2,1,2,2,2,0.8294830503045015,0.014878160563033975,,,,,,,,,,25.20000076293945,0.46123207515441894,0.0,PS_011,199.89989333091742,360.0,2.5220782993611706
26.276751944971352,14.182196563982824,2024-06-26T21:00:00Z,4,4,4,4,4,4,1,4,4,4,-1.2704151837362094,-0.344423203068,,,,,,,,,,24.726913503747426,-1.3362857414843785,0.0,PS_011,526.8095871912076,360.0,2.860900168431509
25.591562682414033,14.178359031677246,2024-06-26T21:15:00Z,4,4,4,4,4,4,1,4,4,4,-3.207191647963878,-1.2394820384711551,,,,,,,,,,23.51391863929245,-3.193537514136696,0.0,PS_011,253.69219617612683,360.0,1.6635993241732852
25.0,14.178359031677246,2024-06-26T21:30:00Z,3,3,3,3,3,3,1,3,3,3,-2.2250191964153827,-1.1330531091653127,,,,,,,,,,22.54665324192939,-2.6768116362950467,0.0,PS_011,202.94122292626022,359.99999999999994,0.6092709732316549
24.830232413227254,14.181313948601076,2024-06-26T21:45:00Z,4,4,4,4,4,4,1,4,4,4,-1.821740444775984,-0.879891213884722,,,,,,,,,,22.619005544011678,-2.1114166343071656,0.0,PS_011,262.7642459659926,360.00000000000006,1.9748235490007515
23.79973831686457,14.181925459689765,2024-06-26T22:00:00Z,4,4,4,4,4,4,1,4,4,4,-2.5316175464780435,-0.9916973503951144,,,,,,,,,,21.733481945947226,-2.588855863098031,0.0,PS_011,248.3576334061361,360.0,2.1996093880151046
23.399999618530273,14.178359031677244,2024-06-26T22:15:00Z,3,3,3,3,3,3,1,3,3,3,-1.6706754677787485,-0.5112660271322987,,,,,,,,,,21.629291580178496,-0.9671377453384091,0.0,PS_011,366.3451674494674,359.99999999999994,2.7458747384634687
23.146869416266416,14.178359031677246,2024-06-26T22:30:00Z,4,4,4,4,4,4,1,4,4,4,-1.36989173191181,-0.43438504309040415,,,,,,,,,,21.399999618530273,-0.975736838153787,0.0,PS_011,373.11911079979154,360.0,1.671312303736967
23.07115476072313,14.178359031677244,2024-06-26T22:45:00Z,3,3,3,3,3,3,1,3,3,3,-1.537399831436401,-0.5858266924610154,,,,,,,,,,21.356731462502605,-1.2458526152333498,0.0,PS_011,337.0012638522331,360.0,1.483891230973582
22.89999961853027,14.178359031677244,2024-06-26T23:00:00Z,3,3,3,3,3,3,1,3,3,3,-1.29695476899057,-0.45752301008886886,,,,,,,,,,21.100000381469723,-1.1043543050506506,0.0,PS_011,267.8030385308548,360.0,1.4800678149410575
22.899999618530273,14.178359031677246,2024-06-26T23:15:00Z,3,3,3,3,3,3,1,3,3,3,-1.5167084377002282,-0.38971427153610205,,,,,,,,,,21.100000381469727,-0.9669705483324927,0.0,PS_011,566.5990355044175,360.0,1.6521816610832676
22.664897480076636,14.178359031677246,2024-06-26T23:30:00Z,3,3,3,3,3,3,1,3,3,3,-1.7838613709744695,-0.500960737169918,,,,,,,,,,20.848756771296546,-1.2781725805831523,0.0,PS_011,274.3279248165017,360.0,2.1700464492488734
22.457641881828977,14.178359031677244,2024-06-26T23:45:00Z,4,4,4,4,4,4,1,4,4,4,-1.9714040772535788,-0.6259086388163466,,,,,,,,,,20.227560532182558,-1.5449742475617239,0.0,PS_011,300.7712737364973,360.0,2.098160582069536
22.033146188758685,14.178359031677248,2024-06-27T00:00:00Z,3,3,3,3,3,3,1,3,3,3,-2.289344904189806,-0.8619728171062043,,,,,,,,,,19.448708484687252,-1.8885972501719073,0.0,PS_011,267.34016681381246,360.0,1.5688669417382708
21.62368874130664,14.178359031677248,2024-06-27T00:15:00Z,4,4,4,4,4,4,1,4,4,4,-2.129636854677988,-0.6404192175396266,,,,,,,,,,18.978758370513003,-1.598414346422383,0.0,PS_011,322.97903705840326,360.00000000000006,0.8603431947589558
21.4285525598491,14.178359031677243,2024-06-27T00:30:00Z,4,4,4,4,4,4,1,4,4,4,-1.5069474781516676,-0.5741767712412928,,,,,,,,,,18.483168626843412,-1.4284876872488204,0.0,PS_011,518.4788920659697,359.9999999999999,0.8128674559120564
21.200000762939453,14.178359031677244,2024-06-27T00:45:00Z,1,1,1,1,1,1,1,1,1,1,-1.2599999904632568,-0.18000000715255737,,,,,,,,,,18.700000762939453,-0.6399999856948854,0.0,PS_011,458.06451416015625,360.0,1.0360000133514404
21.164368216563883,14.178359031677248,2024-06-27T01:00:00Z,3,3,3,3,3,3,1,3,3,3,-1.5089301741910999,-0.5813576126959332,,,,,,,,,,19.086169471339968,-0.9614533655581765,0.0,PS_011,326.9896788386143,360.0,1.7386840769355099
20.935460772881115,14.178359031677246,2024-06-27T01:15:00Z,3,3,3,3,3,3,1,3,3,3,-1.5855473935780016,-0.5802857426046879,,,,,,,,,,18.93546077288111,-0.9394801240409155,0.0,PS_011,281.1761423006979,360.0,0.8047077731755813
20.700000762939453,14.178359031677246,2024-06-27T01:30:00Z,1,1,1,1,1,1,1,1,1,1,-2.4000000953674316,-0.23000000417232513,,,,,,,,,,18.399999618530273,-1.6799999475479126,0.0,PS_011,548.837158203125,360.0,0.036000002175569534
20.70000076293945,14.178359031677243,2024-06-27T01:45:00Z,3,3,3,3,3,3,1,3,3,3,-1.878871070941603,-0.5957424296819853,,,,,,,,,,18.509274445894054,-1.7037947874477408,0.0,PS_011,393.80841109413666,360.0,0.8146664448383958
20.65754776946527,14.178359031677246,2024-06-27T02:00:00Z,3,3,3,3,3,3,1,3,3,3,-1.0284717152250176,-0.44518003947680984,,,,,,,,,,18.228720626128016,-1.0661158100247914,0.0,PS_011,229.28487139427125,360.0,1.4909573541845964
20.399999618530277,14.178359031677246,2024-06-27T02:15:00Z,2,2,2,2,2,2,1,2,2,2,-2.0422084058957464,-0.23003042031682966,,,,,,,,,,18.250051176334324,-1.139746486758523,0.0,PS_011,1699.2637822471256,360.00000000000006,0.8014751795030117
20.399999618530273,14.175700745860043,2024-06-27T02:30:00Z,2,2,2,2,2,2,1,2,2,2,-1.6052093308210924,-0.4002284913587764,,,,,,,,,,17.729550722058764,-1.6368088151454188,0.0,PS_011,513.6596554427414,360.00000000000006,0.24108757139877635
20.399999618530273,14.178359031677246,2024-06-27T02:45:00Z,1,1,1,1,1,1,1,1,1,1,-1.7899999618530273,-0.6299999952316284,,,,,,,,,,18.200000762939453,-1.7599999904632568,0.0,PS_011,314.03509521484375,360.0,1.1320000886917114
20.071990793579353,14.178359031677246,2024-06-27T03:00:00Z,4,4,4,4,4,4,1,4,4,4,-2.34274229031094,-1.1327718126503372,,,,,,,,,,17.492855017680228,-2.3460433369078157,0.0,PS_011,190.1282000459654,360.00000000000006,1.3000450787028992
19.899999618530273,14.177558736695511,2024-06-27T03:15:00Z,3,3,3,3,3,3,1,3,3,3,-2.0924086354590052,-0.5003950233618273,,,,,,,,,,16.799999237060547,-1.5093656337556978,0.0,PS_011,731.0065709478674,360.00000000000006,0.47808118861398297
19.470438436219652,14.178359031677244,2024-06-27T03:30:00Z,4,4,4,4,4,4,1,4,4,4,-2.3554836954774268,-0.6181209467704044,,,,,,,,,,16.129032737493105,-2.0818961306881754,0.0,PS_011,471.25749630793496,360.0,0.7664054386467156
19.10000038146973,14.178359031677248,2024-06-27T03:45:00Z,4,4,4,4,4,4,1,4,4,4,-1.8621879873389822,-0.7117617507015593,,,,,,,,,,15.959767408864215,-1.3850428602208051,0.0,PS_011,272.169294048988,360.00000000000006,1.6635337193406095
19.356833660708585,14.175055952265161,2024-06-27T04:00:00Z,3,3,3,3,3,3,1,3,3,3,-1.8599932490742204,-0.3605237946637165,,,,,,,,,,15.699999809265135,-0.4867954089773874,0.0,PS_011,441.943200735606,360.0,1.8713426967746438
18.796454705274304,14.17911917159502,2024-06-27T04:15:00Z,4,4,4,4,4,4,1,4,4,4,-2.361199294324008,-0.455885122789493,,,,,,,,,,15.5,-0.9027389248909614,0.0,PS_011,544.1393592060157,360.0,1.414733054405438
18.334462523550847,14.175538721262074,2024-06-27T04:30:00Z,3,3,3,3,3,3,1,3,3,3,-2.404795924435797,-0.417165863379053,,,,,,,,,,15.500000000000002,-1.1744506998636115,0.0,PS_011,680.7845900156636,359.99999999999994,1.4804175822090502
18.0565526049629,14.177620686744392,2024-06-27T04:45:00Z,4,4,4,4,4,4,1,4,4,4,-2.4068172031654425,-0.571522310367702,,,,,,,,,,14.982228152099728,-1.5921391331250658,0.0,PS_011,398.7367036305034,360.0,0.8066650017859436
17.70000076293945,14.178359031677246,2024-06-27T05:00:00Z,4,4,4,4,4,4,1,4,4,4,-2.1099864881461925,-0.4753497541784047,,,,,,,,,,14.813733798691803,-1.54124304364416,0.0,PS_011,422.220519694572,359.99999999999994,1.1728639767027331
17.4416120910998,14.177588400348826,2024-06-27T05:15:00Z,3,3,3,3,3,3,1,3,3,3,-2.4660060009979494,-0.5292808952929774,,,,,,,,,,14.854334781965163,-1.3689704740561917,0.0,PS_011,368.1547124551468,360.00000000000006,1.100586535642513
16.776955413686963,14.177690563275718,2024-06-27T05:30:00Z,4,4,4,4,4,4,1,4,4,4,-2.448279225663536,-0.5897260098936247,,,,,,,,,,14.538462345034704,-1.5477135321153057,0.0,PS_011,377.28308915653696,360.0,1.377691971460908
16.383650070556246,14.178359031677246,2024-06-27T05:45:00Z,3,3,3,3,3,3,1,3,3,3,-2.2048075066029633,-0.4809478766231913,,,,,,,,,,14.631676177328009,-1.2538694333528257,0.0,PS_011,495.6005310448733,359.99999999999994,1.8936633372601843
16.566487459871322,14.178359031677244,2024-06-27T06:00:00Z,2,2,2,2,2,2,1,2,2,2,-1.3543300952759678,-0.0259923158400658,,,,,,,,,,14.574932550979103,-1.1351209569583784,0.0,PS_011,-91.30290071982624,360.0,1.2424023029215394
16.399999618530273,14.178359031677244,2024-06-27T06:15:00Z,3,3,3,3,3,3,1,3,3,3,-1.4362178645003685,-0.343281352695798,,,,,,,,,,14.450526318169393,-1.4554027973794716,0.0,PS_011,476.0821835273844,360.0,1.45023449470427
16.899999618530273,14.178359031677246,2024-06-27T06:30:00Z,1,1,1,1,1,1,1,1,1,1,-1.100000023841858,0.11999999731779097,,,,,,,,,,14.899999618530273,-0.2199999988079071,0.0,PS_011,-1466.666748046875,360.0,2.0179998874664307
16.700000762939453,14.178359031677248,2024-06-27T06:45:00Z,3,3,3,3,3,3,1,3,3,3,-1.8327310599351874,-0.2430157591411247,,,,,,,,,,14.699999809265138,-1.3149296050218942,0.0,PS_011,2217.488911198181,360.00000000000006,1.4042424898006929
16.899999618530273,14.178359031677244,2024-06-27T07:00:00Z,2,2,2,2,2,2,1,2,2,2,-1.6621917345570256,-0.324631384755814,,,,,,,,,,14.699999809265137,-1.0599933341672114,0.0,PS_011,432.3592385654103,359.99999999999994,1.4553646613001965
16.700000762939453,14.178359031677246,2024-06-27T07:15:00Z,1,1,1,1,1,1,1,1,1,1,-1.5700000524520876,-0.17000000178813934,,,,,,,,,,14.399999618530273,-1.409999966621399,0.0,PS_011,638.4615478515625,360.0,1.0180000066757202
16.700000762939453,14.178359031677246,2024-06-27T07:30:00Z,1,1,1,1,1,1,1,1,1,1,-1.8099999427795412,-0.059999998658895486,,,,,,,,,,14.899999618530275,-0.6600000262260437,0.0,PS_011,920.0,360.0,3.2100000381469727
16.700000762939453,14.178359031677246,2024-06-27T07:45:00Z,1,1,1,1,1,1,1,1,1,1,-2.0899999141693115,-0.36000001430511475,,,,,,,,,,14.899999618530273,-1.2100000381469727,0.0,PS_011,964.9999389648438,360.0,1.7100000381469727
16.410531426688035,14.178359031677248,2024-06-27T08:00:00Z,3,3,3,3,3,3,1,3,3,3,-2.2257439169176285,-0.47439196174513,,,,,,,,,,14.650505042411949,-1.4672220658902022,0.0,PS_011,438.3388734755917,360.00000000000006,1.3349516229908243
15.888360526961739,14.175058350670879,2024-06-27T08:15:00Z,2,2,2,2,2,2,1,2,2,2,-1.7311639899585438,-0.35712548402360683,,,,,,,,,,14.399999618530273,-1.5941093441230585,0.0,PS_011,365.74379196920677,360.0,1.4161093708259394
16.49625015197532,14.175961181848637,2024-06-27T08:30:00Z,0,0,0,0,0,0,1,0,0,0,-1.9484758485107534,-0.10056031692031109,true,true,true,true,true,true,true,true,true,14.502069373288782,-1.1037675519231642,0.0,PS_011,-421.2481656264307,360.0,1.8419361970044645
17.104139776988905,14.176864013026394,2024-06-27T08:45:00Z,3,3,3,3,3,3,1,3,3,3,-2.1657877070629628,0.15600485018298466,,,,,,,,,,14.60413912804729,-0.61342575972327,0.0,PS_011,-1208.2401232220682,360.00000000000006,2.2677630231829897
16.770461787969126,14.176224319288584,2024-06-27T09:00:00Z,4,4,4,4,4,4,1,4,4,4,-3.110085878184097,-0.4947477613778588,,,,,,,,,,14.358283035976408,-1.121840205661886,0.0,PS_011,614.6440476944123,360.0,1.4719741637594066
16.44209440259589,14.174333907730706,2024-06-27T09:15:00Z,3,3,3,3,3,3,1,3,3,3,-2.0210890959084353,-0.5223670070264683,,,,,,,,,,14.058091367912931,-0.8655042592862252,0.0,PS_011,423.6764911319923,360.0,1.3233248528360375
16.23165211620224,14.178359031677246,2024-06-27T09:30:00Z,4,4,4,4,4,4,1,4,4,4,-1.9988542286384452,-0.6487384504138871,,,,,,,,,,13.627567529466274,-0.9847262872982496,0.0,PS_011,313.3527174149276,360.0,1.091963158465234
15.927298115849844,14.17637372581624,2024-06-27T09:45:00Z,2,2,2,2,2,2,1,2,2,2,-0.10094004044392982,0.17859704051936665,,,,,,,,,,13.684865529990063,2.369847621257846,0.0,PS_011,324.82223148445985,359.99999999999994,1.1486924466809998
16.10000038146973,14.173680305480959,2024-06-27T10:00:00Z,3,3,3,3,3,3,1,3,3,3,4.398176492986311,1.3538678783986617,,,,,,,,,,13.861684345154769,8.507526087993634,0.0,PS_011,338.7194987375537,360.00000000000006,1.2591574798221388
16.242803272189175,14.176964596745153,2024-06-27T10:15:00Z,4,4,4,4,4,4,1,4,4,4,18.22858939821625,4.357012390323793,,,,,,,,,,13.80241081432548,27.839481651197566,0.0,PS_011,419.4793285013146,360.00000000000006,0.07800114158995108
16.972071791595265,14.178359031677244,2024-06-27T10:30:00Z,3,3,3,3,3,3,1,3,3,3,55.691774332954495,12.305841700118394,,,,,,,,,,15.350621160144968,160.38461948209644,0.0,PS_011,456.9012969503436,360.0,0.16382091472786034
18.1756097161182,14.176996980428777,2024-06-27T10:45:00Z,4,4,4,4,4,4,1,4,4,4,85.91118146759356,23.614628071550264,,,,,,,,,,18.71582894032329,241.24969736736352,0.0,PS_011,366.16446420033236,360.0,0.1463343160009717
17.925980906936015,14.177788880719394,2024-06-27T11:00:00Z,4,4,4,4,4,4,1,4,4,4,92.25740443090639,22.52980797628218,,,,,,,,,,19.884316786847343,172.89049172513737,0.0,PS_011,415.0819604894863,360.0,0.4583902451887886
18.342912986806645,14.175482090502307,2024-06-27T11:15:00Z,3,3,3,3,3,3,1,3,3,3,86.06849325485982,20.956727515720942,,,,,,,,,,20.613210295788548,152.26266966891376,0.0,PS_011,411.5018976537639,360.0,0.06567286464041831
18.610978912383924,14.178359031677246,2024-06-27T11:30:00Z,4,4,4,4,4,4,1,4,4,4,128.67850538931364,35.552737825144675,,,,,,,,,,23.163300581766553,271.2215502654161,0.0,PS_011,362.5304597322847,359.99999999999994,0.7652869187558963
19.89070716860808,14.178359031677248,2024-06-27T11:45:00Z,3,3,3,3,3,3,1,3,3,3,277.6280820175064,71.93532765066777,,,,,,,,,,28.271262741039326,497.15494487647425,0.0,PS_011,388.47254581187576,360.00000000000006,0.39316406230578416
19.903319790633013,14.178359031677246,2024-06-27T12:00:00Z,4,4,4,4,4,4,1,4,4,4,289.9432965906811,67.74892350361415,,,,,,,,,,31.29878330802879,455.7608023909158,0.0,PS_011,438.2425554401331,360.0,0.7908689961180044
19.96131021665045,14.180522028982038,2024-06-27T12:15:00Z,4,4,4,4,4,4,1,4,4,4,214.88433332836573,46.967102571253754,,,,,,,,,,31.103868823682227,294.3783932569586,0.0,PS_011,463.67935338368386,359.99999999999994,1.6523218379776776
20.267568763013163,14.178359031677248,2024-06-27T12:30:00Z,3,3,3,3,3,3,1,3,3,3,370.2019000800395,76.77232473454727,,,,,,,,,,33.07849926839233,608.8693694412034,0.0,PS_011,482.06843071642726,360.0,1.3348835125063045
21.731727511344282,14.178359031677243,2024-06-27T12:45:00Z,4,4,4,4,4,4,1,4,4,4,402.58029405431125,74.98335117641575,,,,,,,,,,37.76340714770144,617.2504268579869,0.0,PS_011,537.714472421914,360.0,0.6743190038498414
22.507595500496876,14.178359031677246,2024-06-27T13:00:00Z,3,3,3,3,3,3,1,3,3,3,416.832111061571,70.66282444144937,,,,,,,,,,39.959458890952405,591.7124923042081,0.0,PS_011,592.1526581385958,360.0,1.243766722209258
22.74282558682026,14.180560459731833,2024-06-27T13:15:00Z,4,4,4,4,4,4,1,4,4,4,454.0744837683233,72.82298304993506,,,,,,,,,,38.73136401354297,592.5584104170583,0.0,PS_011,624.5943414295259,360.0,1.0424210128770783
22.692123016230834,14.181847301175775,2024-06-27T13:30:00Z,4,4,4,4,4,4,1,4,4,4,482.8743347504753,74.84190898832104,,,,,,,,,,38.038935811928056,595.9919543525237,0.0,PS_011,645.323858171034,360.0,0.8532704965053138
23.717552760650904,14.179283169110745,2024-06-27T13:45:00Z,3,3,3,3,3,3,1,3,3,3,518.472883767106,76.38275892439634,,,,,,,,,,39.601180749098546,610.2807715950801,0.0,PS_011,677.781814263048,360.0,0.7718403475353058
23.963011201433012,14.180434311913876,2024-06-27T14:00:00Z,4,4,4,4,4,4,1,4,4,4,566.0787098353481,81.80835375068156,,,,,,,,,,39.75108734922854,632.3419930906892,0.0,PS_011,691.5899024622478,360.00000000000006,2.103162805722492
23.85712968568529,14.179896965532892,2024-06-27T14:15:00Z,3,3,3,3,3,3,1,3,3,3,585.1881201728562,84.06501527823939,,,,,,,,,,39.14341247637167,617.3383277119332,0.0,PS_011,695.8839274346562,360.0,2.065766550821349
24.246876096117408,14.180707275171107,2024-06-27T14:30:00Z,4,4,4,4,4,4,1,4,4,4,560.0030098339226,87.8017218049631,,,,,,,,,,39.753116187432305,549.5834702577797,0.0,PS_011,630.852750019411,360.0,1.909343189826119
24.010283963714258,14.181663637672155,2024-06-27T14:45:00Z,4,4,4,4,4,4,1,4,4,4,646.090486173869,104.61356886826987,,,,,,,,,,36.23728721601614,604.937785882178,0.0,PS_011,607.5973217263667,359.99999999999994,1.2048811792697023
24.947451567060455,14.183706283569338,2024-06-27T15:00:00Z,3,3,3,3,3,3,1,3,3,3,615.7852399624584,97.23037038553517,,,,,,,,,,38.99271899772335,492.9978243006313,0.0,PS_011,588.611965569437,360.00000000000006,2.1969833830689853
24.964198137511556,14.1828777479667,2024-06-27T15:15:00Z,4,4,4,4,4,4,1,4,4,4,664.5276542382759,115.6303722135422,,,,,,,,,,35.285827773565664,579.1480295133832,0.0,PS_011,578.87511692341,360.00000000000006,4.056833902436982
25.39689107681263,14.183706283569332,2024-06-27T15:30:00Z,3,3,3,3,3,3,1,3,3,3,652.1955471653985,113.97881379438036,,,,,,,,,,35.725619543281674,525.9605286475504,0.0,PS_011,572.5297047988946,360.0,3.751221239939321
25.14004732521655,14.183706283569336,2024-06-27T15:45:00Z,4,4,4,4,4,4,1,4,4,4,642.4487583545313,119.1621894240917,,,,,,,,,,35.91513723703374,468.8709181851432,0.0,PS_011,525.0690679803331,359.99999999999994,2.4483592474620752
25.412961537283785,14.183706283569338,2024-06-27T16:00:00Z,3,3,3,3,3,3,1,3,3,3,633.8893602726378,132.90296890648588,,,,,,,,,,33.785377129964814,447.5279508546473,0.0,PS_011,477.4465843614977,359.99999999999994,4.446376363775705
25.275846744295116,14.182428593169007,2024-06-27T16:15:00Z,4,4,4,4,4,4,1,4,4,4,638.0285405331264,140.6116720495393,,,,,,,,,,33.26776135243701,424.0761959708408,0.0,PS_011,453.8828663004003,360.0,4.311031485294877
25.93386251598754,14.183706283569336,2024-06-27T16:30:00Z,4,4,4,4,4,4,1,4,4,4,723.36999025132,169.94245063883918,,,,,,,,,,34.10109057356402,458.7335328688295,0.0,PS_011,426.07025458742817,360.00000000000006,3.9163214170833918
26.22121474857552,14.183706283569334,2024-06-27T16:45:00Z,3,3,3,3,3,3,1,3,3,3,798.3270079924688,194.44565253623273,,,,,,,,,,36.016623728949995,483.5604743542511,0.0,PS_011,409.80670143651736,360.0,3.636058912405843
25.276177555852755,14.182935883535126,2024-06-27T17:00:00Z,4,4,4,4,4,4,1,4,4,4,422.82571762699774,110.90744799684748,,,,,,,,,,33.73067358317609,278.62007657634217,0.0,PS_011,382.6970324005881,360.0000000000001,3.2855351568163575
24.542474082409225,14.182812844732123,2024-06-27T17:15:00Z,3,3,3,3,3,3,1,3,3,3,337.24636688929746,79.05244177177758,,,,,,,,,,30.639851601559915,266.4013100999291,0.0,PS_011,426.8777728630228,360.00000000000006,2.060787682761532
24.604967789597698,14.18284679448108,2024-06-27T17:30:00Z,4,4,4,4,4,4,1,4,4,4,294.4084971024892,67.93871443163735,,,,,,,,,,29.918098480552498,243.19384690533715,0.0,PS_011,433.5324116584337,359.99999999999994,3.334542573285339
24.279907773021648,14.18155450250397,2024-06-27T17:45:00Z,4,4,4,4,4,4,1,4,4,4,252.05755687512286,58.77910805770837,,,,,,,,,,29.220097562048984,210.29045589774353,0.0,PS_011,428.9162555553444,360.00000000000006,2.740398550484309
24.396840179762247,14.181867540413323,2024-06-27T18:00:00Z,3,3,3,3,3,3,1,3,3,3,239.93661281736982,58.347489841218575,,,,,,,,,,28.803160583177203,198.92277631844328,0.0,PS_011,410.38907544603074,360.0,2.644843909984037
24.093170464940695,14.178359031677246,2024-06-27T18:15:00Z,4,4,4,4,4,4,1,4,4,4,237.08761082669636,59.10894787740554,,,,,,,,,,28.258456562846085,185.05807886886453,0.0,PS_011,400.97688415828645,360.0,2.375490890402394
23.949697215268827,14.178359031677248,2024-06-27T18:30:00Z,3,3,3,3,3,3,1,3,3,3,200.5214992228007,47.46834396749659,,,,,,,,,,27.674166215937117,161.8818438571521,0.0,PS_011,422.91763935895517,360.00000000000006,2.7412784994051322
23.927875498331534,14.179204983447182,2024-06-27T18:45:00Z,4,4,4,4,4,4,1,4,4,4,155.10499919705975,34.61518998336877,,,,,,,,,,26.530303570313407,131.71749679939668,0.0,PS_011,447.6999129713427,359.99999999999994,3.38028329925372
23.57828725943863,14.178359031677246,2024-06-27T19:00:00Z,4,4,4,4,4,4,1,4,4,4,127.33646065567312,29.558064256624885,,,,,,,,,,25.62573552768132,104.55697321778756,0.0,PS_011,429.56144578551704,360.0,2.9062117955436424
23.399999618530277,14.182621953746379,2024-06-27T19:15:00Z,3,3,3,3,3,3,1,3,3,3,107.06139972411223,26.730960711450987,,,,,,,,,,25.400385919850613,86.490269904006,0.0,PS_011,400.8298992113725,360.0,2.5119792389620397
23.399999618530273,14.180969415592363,2024-06-27T19:30:00Z,4,4,4,4,4,4,1,4,4,4,90.96676673586556,24.843811302915626,,,,,,,,,,24.73023197140105,74.91601389108764,0.0,PS_011,366.5797986517937,360.0,2.463783731762145
23.152897197266544,14.179301876069541,2024-06-27T19:45:00Z,3,3,3,3,3,3,1,3,3,3,78.13586421868092,24.8516510458686,,,,,,,,,,24.64710361083289,64.06689640945679,0.0,PS_011,314.02801715272403,360.0,2.1642915460377186
23.606427122937784,14.178359031677244,2024-06-27T20:00:00Z,4,4,4,4,4,4,1,4,4,4,90.92592710447583,106.68307603225011,,,,,,,,,,25.13542513341782,53.36995436701821,0.0,PS_011,142.5132035880316,360.0,1.4683686934286877
23.664131918059486,14.178359031677248,2024-06-27T20:15:00Z,4,4,4,4,4,4,1,4,4,4,61.768185529768694,122.75527885533509,,,,,,,,,,26.288000809907345,31.780927638354214,0.0,PS_011,49.81236579945391,360.00000000000006,1.3705104647846578
22.893042423984813,14.181566624879693,2024-06-27T20:30:00Z,3,3,3,3,3,3,1,3,3,3,20.321707852330235,44.339786985034465,,,,,,,,,,23.86437539882688,12.107821516306853,0.0,PS_011,45.212847693507776,360.0,1.4837725199770804
22.24167962385424,14.178359031677248,2024-06-27T20:45:00Z,3,3,3,3,3,3,1,3,3,3,2.608405034105019,1.1505505527798612,,,,,,,,,,21.056155285911785,1.2573564736103633,0.0,PS_011,242.49810058952394,360.0,1.6558499850731692
21.749118562689837,14.179177349965011,2024-06-27T21:00:00Z,3,3,3,3,3,3,1,3,3,3,-2.264361166701908,-0.4918387443401806,,,,,,,,,,19.211990570396118,-3.186614994333845,0.0,PS_011,425.37924719826384,360.00000000000006,0.8763079757189464
21.239194448268915,14.178359031677244,2024-06-27T21:15:00Z,4,4,4,4,4,4,1,4,4,4,-2.754999742735112,-0.8684610075047404,,,,,,,,,,18.265323737946808,-3.3799178865404316,0.0,PS_011,356.53374978817953,359.99999999999994,0.5635706827932923
21.126382208940495,14.178359031677246,2024-06-27T21:30:00Z,4,4,4,4,4,4,1,4,4,4,-2.461099972659058,-0.9202300527570599,,,,,,,,,,17.463627619050897,-3.0251176013442858,0.0,PS_011,278.3241293439315,360.00000000000006,0.7952253279226446
20.70000076293945,14.178359031677244,2024-06-27T21:45:00Z,3,3,3,3,3,3,1,3,3,3,-2.278783922117114,-0.6846261240011116,,,,,,,,,,16.799999237060547,-2.1396595959535283,0.0,PS_011,329.03413278173554,359.99999999999994,0.7373635571594624
20.399999618530273,14.178359031677246,2024-06-27T22:00:00Z,3,3,3,3,3,3,1,3,3,3,-2.4206973842194834,-0.6469783253861742,,,,,,,,,,16.47348390511715,-1.9469909481060885,0.0,PS_011,432.36912051711255,360.00000000000006,0.10790004168895889
20.200000762939453,14.178359031677246,2024-06-27T22:15:00Z,1,1,1,1,1,1,1,1,1,1,-2.25,-0.1800000071525574,,,,,,,,,,16.299999237060547,-1.7799999713897705,0.0,PS_011,923.0770263671875,359.99999999999994,0.036000002175569534
20.399999618530273,14.178359031677246,2024-06-27T22:30:00Z,4,4,4,4,4,4,1,4,4,4,-1.7638003671355584,-0.44011857519711006,,,,,,,,,,16.5,-2.3324856471236823,0.0,PS_011,426.9362291022571,360.0,0.26813399137631544
20.2577421162319,14.178359031677248,2024-06-27T22:45:00Z,4,4,4,4,4,4,1,4,4,4,-2.118787328687025,-0.4644811201051766,,,,,,,,,,16.299999237060547,-1.523535523530792,0.0,PS_011,449.9874218246011,360.0,0.4016468492962146
20.367729015908562,14.174435236369986,2024-06-27T23:00:00Z,3,3,3,3,3,3,1,3,3,3,-2.4601280718274974,-0.3630574517791076,,,,,,,,,,16.251593179248875,-1.300044509711765,0.0,PS_011,774.5365809067044,359.99999999999994,0.14255358861680242
20.200000762939457,14.17835903167725,2024-06-27T23:15:00Z,3,3,3,3,3,3,1,3,3,3,-1.9203652783156475,-0.3332987328773125,,,,,,,,,,15.699999809265138,0.19384086563646447,0.0,PS_011,445.6130122494821,360.0,0.1285850519264265
20.399999618530273,14.178359031677248,2024-06-27T23:30:00Z,2,2,2,2,2,2,1,2,2,2,-1.3186854249356814,0.3143427058863135,,,,,,,,,,16.0,-1.6121331601766429,0.0,PS_011,-497.7000303609149,360.0,0.625153685562982
20.352302771267194,14.178359031677246,2024-06-27T23:45:00Z,2,2,2,2,2,2,1,2,2,2,-2.042712799864362,-0.38330601560037875,,,,,,,,,,16.0,-2.054391117242052,0.0,PS_011,462.99835777526357,360.0,0.4761553402415266
19.708833710327205,14.178359031677246,2024-06-28T00:00:00Z,3,3,3,3,3,3,1,3,3,3,-2.4300141678841776,-0.2538698598087679,,,,,,,,,,15.5,-2.1302102529902225,0.0,PS_011,770.2676563833161,360.0,0.08497497299725877
19.84854831326051,14.178359031677244,2024-06-28T00:15:00Z,2,2,2,2,2,2,1,2,2,2,-1.9997097130533332,-0.43171505338754457,,,,,,,,,,15.499999999999998,-1.247994666818346,0.0,PS_011,406.61757148210205,360.0,0.032569906191616885
19.724274347365117,14.178359031677246,2024-06-28T00:30:00Z,0,0,0,0,0,0,1,0,0,0,-1.6454938394803478,-0.48133950510205614,true,true,true,true,true,true,true,true,true,15.349999904632568,-0.5633757826569596,0.0,PS_011,306.30473795613125,360.0,0.03428495418359321
19.60000038146973,14.178359031677246,2024-06-28T00:45:00Z,3,3,3,3,3,3,1,3,3,3,-1.2912779659073623,-0.5309639568165677,,,,,,,,,,15.199999809265137,0.12124310150442674,0.0,PS_011,205.99190443016042,360.0,0.036000002175569534
19.399999618530273,14.173680305480959,2024-06-28T01:00:00Z,1,1,1,1,1,1,1,1,1,1,-0.5099999904632568,-0.12999999523162842,,,,,,,,,,14.899999618530273,-1.8200000524520874,0.0,PS_011,147.82608032226562,359.99999999999994,0.036000002175569534
19.600000381469727,14.178359031677246,2024-06-28T01:15:00Z,1,1,1,1,1,1,1,1,1,1,-0.8899999856948853,-0.2800000011920929,,,,,,,,,,14.899999618530273,-1.4800000190734863,0.0,PS_011,215.0000152587891,360.0,0.036000002175569534
19.43195287415871,14.177812205907196,2024-06-28T01:30:00Z,4,4,4,4,4,4,1,4,4,4,-1.1439264923682473,-0.5367193010981032,,,,,,,,,,14.899999618530273,-1.8985846686800423,0.0,PS_011,242.20389677216627,360.0,0.1159750816140177
19.100000381469727,14.178359031677246,2024-06-28T01:45:00Z,1,1,1,1,1,1,1,1,1,1,-1.6100000143051147,-0.47999998927116394,,,,,,,,,,15.199999809265137,-1.3600000143051147,0.0,PS_011,326.923095703125,360.0,0.036000002175569534
19.399999618530273,14.178359031677248,2024-06-28T02:00:00Z,1,1,1,1,1,1,1,1,1,1,-1.4700000286102295,-0.27000001072883606,,,,,,,,,,15.199999809265137,-1.5,0.0,PS_011,567.857177734375,360.0,0.13199999928474426
19.100000381469727,14.177136942896981,2024-06-28T02:15:00Z,2,2,2,2,2,2,1,2,2,2,-2.0729837188859745,-0.48619639715624646,,,,,,,,,,15.1216394069262,-2.836120097650925,0.0,PS_011,321.60089944543347,360.0,0.036000002175569534
18.53969468778046,14.177244332043902,2024-06-28T02:30:00Z,4,4,4,4,4,4,1,4,4,4,-1.7560723715758761,-0.8061556349860153,,,,,,,,,,14.43572177087583,-2.4454477230910756,0.0,PS_011,235.27334902829813,359.99999999999994,0.11226394388457621
18.12387536457115,14.178359031677246,2024-06-28T02:45:00Z,3,3,3,3,3,3,1,3,3,3,-1.9443682168183518,-0.6764513134080924,,,,,,,,,,14.100000381469728,-2.216552322649046,0.0,PS_011,295.5976687442694,359.99999999999994,0.024258379984711052
18.256239253012353,14.178359031677244,2024-06-28T03:00:00Z,3,3,3,3,3,3,1,3,3,3,-1.4657248998655463,-0.5524528298277095,,,,,,,,,,14.144886712051665,-2.044704775536976,0.0,PS_011,332.67872914400755,360.0,0.06203414104435699
17.82875155491253,14.178359031677248,2024-06-28T03:15:00Z,4,4,4,4,4,4,1,4,4,4,-1.3588714120655219,-0.34085310154700627,,,,,,,,,,13.95958115996852,-1.0404015839374938,0.0,PS_011,315.42890239080793,360.00000000000006,0.02972168148563736
17.5,14.178359031677246,2024-06-28T03:30:00Z,2,2,2,2,2,2,1,2,2,2,-0.925587332165943,-0.12999999523162842,,,,,,,,,,13.800000190734862,-0.08340955173914946,0.0,PS_011,2084.7841288143145,360.0,0.030078310309032224
17.614161923953723,14.175688379943868,2024-06-28T03:45:00Z,2,2,2,2,2,2,1,2,2,2,-0.9429192421597864,-0.12703726660621897,,,,,,,,,,13.800000190734863,-0.683310580067513,0.0,PS_011,679.166325528325,359.99999999999994,0.03600000217556953
17.511349730282262,14.178359031677246,2024-06-28T04:00:00Z,3,3,3,3,3,3,1,3,3,3,-1.2790543655645716,-0.2734832307624251,,,,,,,,,,13.800000190734862,-0.18945422552380672,0.0,PS_011,690.8252415833966,360.0,0.01958603393909059
17.5,14.178359031677246,2024-06-28T04:15:00Z,1,1,1,1,1,1,1,1,1,1,-1.3799999952316284,-0.1599999964237213,,,,,,,,,,13.800000190734862,-0.4000000059604645,0.0,PS_011,2062.5,359.99999999999994,0.01600000075995922
17.27872452234763,14.177767494409373,2024-06-28T04:30:00Z,4,4,4,4,4,4,1,4,4,4,-1.1587534630072227,-1.069503459408107,,,,,,,,,,13.625286610196069,-0.0969612177296433,0.0,PS_011,150.84649022927755,360.0,0.7443220056746145
16.899999618530273,14.178359031677244,2024-06-28T04:45:00Z,1,1,1,1,1,1,1,1,1,1,-1.6799999475479124,-0.44999998807907104,,,,,,,,,,13.600000381469727,1.2000000476837158,0.0,PS_011,337.77777099609375,360.0,0.593999981880188
17.66698175575495,14.177635929376821,2024-06-28T05:00:00Z,3,3,3,3,3,3,1,3,3,3,-0.9872975842646153,0.7288067851264027,,,,,,,,,,14.100000381469727,-2.0783019168145156,0.0,PS_011,-117.60347830234576,360.0,0.08576576256419043
17.700000762939457,14.178359031677246,2024-06-28T05:15:00Z,2,2,2,2,2,2,1,2,2,2,-1.371111765058711,-0.17852046479864536,,,,,,,,,,14.100000381469728,-1.497402559875566,0.0,PS_011,-2922.3367672285067,360.00000000000006,0.01600000075995922
18.126984449389386,14.173680305480957,2024-06-28T05:30:00Z,2,2,2,2,2,2,1,2,2,2,-1.0625915154201186,-0.18312216944581866,,,,,,,,,,14.100000381469727,-0.8826943878233131,0.0,PS_011,1693.6509952095153,359.99999999999994,0.01600000075995922
18.18519698608197,14.178359031677244,2024-06-28T05:45:00Z,3,3,3,3,3,3,1,3,3,3,-1.0489879649980556,-0.0867263199874765,,,,,,,,,,13.800000190734863,-0.7340781321224915,0.0,PS_011,-56.24371716576034,360.0,0.1662496449520712
18.799999237060547,14.178359031677246,2024-06-28T06:00:00Z,1,1,1,1,1,1,1,1,1,1,-1.3799999952316284,0.5,,,,,,,,,,14.699999809265137,0.019999999552965164,0.0,PS_011,-412.50006103515625,360.0,0.3060000240802765
18.799999237060543,14.177396826375574,2024-06-28T06:15:00Z,2,2,2,2,2,2,1,2,2,2,-1.7386633221617145,0.5914910215506219,,,,,,,,,,14.699999809265135,0.1449614175639225,0.0,PS_011,-502.07901542259884,360.0,0.1701028594219216
18.799999237060547,14.175592941620444,2024-06-28T06:30:00Z,4,4,4,4,4,4,1,4,4,4,-0.5766836622798803,-0.4093807305270436,,,,,,,,,,14.475445165637227,0.548862424417829,0.0,PS_011,163.8695914648733,360.0,0.587192721253809
17.879853109693407,14.178359031677244,2024-06-28T06:45:00Z,4,4,4,4,4,4,1,4,4,4,-1.796504639872677,-1.3351618808642594,,,,,,,,,,14.037413180590836,-1.8345314776012425,0.0,PS_011,135.32301788795488,359.99999999999994,1.6639533258335188
16.94994327389598,14.178359031677248,2024-06-28T07:00:00Z,3,3,3,3,3,3,1,3,3,3,-1.68639661248066,-0.5391338338332472,,,,,,,,,,13.633295992947533,-0.5685153733776921,0.0,PS_011,313.1792175229814,360.0,1.40825403195354
16.865811078398217,14.175991821473417,2024-06-28T07:15:00Z,4,4,4,4,4,4,1,4,4,4,-1.7941873973926628,-0.645004964315635,,,,,,,,,,13.408350849617394,-1.565517688542605,0.0,PS_011,335.4544125210331,360.0,1.3309755539031853
16.399999618530277,14.178359031677248,2024-06-28T07:30:00Z,3,3,3,3,3,3,1,3,3,3,-1.372749298493794,-0.9280113211439841,,,,,,,,,,12.800000190734862,-0.7170175474203548,0.0,PS_011,148.35086314303953,360.0,1.332723619606067
17.01065066778002,14.177050050494337,2024-06-28T07:45:00Z,4,4,4,4,4,4,1,4,4,4,-0.6666938338694872,0.6911337640972021,,,,,,,,,,13.638627893044697,2.405081181159111,0.0,PS_011,10.349187206526533,360.0,1.5085290671632325
17.21367943369753,14.178359031677246,2024-06-28T08:00:00Z,3,3,3,3,3,3,1,3,3,3,-2.4284309492017595,0.30883661156781905,,,,,,,,,,13.719906864974588,-1.7308516167062875,0.0,PS_011,-3999.0493948930252,360.0,0.01600000075995922
15.87970415428674,14.178359031677246,2024-06-28T08:15:00Z,3,3,3,3,3,3,1,3,3,3,-2.2822068523430756,-1.3118470790398995,,,,,,,,,,12.837362135886707,-2.2318067531228585,0.0,PS_011,167.19810213807006,359.99999999999994,0.9995681570282082
16.33514557625379,14.178359031677248,2024-06-28T08:30:00Z,3,3,3,3,3,3,1,3,3,3,-1.1412343442176374,0.23889674028934513,,,,,,,,,,13.302996385021514,-0.27861057709121867,0.0,PS_011,-180.32664493559056,360.0,1.1784414698439112
17.137850084640107,14.177569204764412,2024-06-28T08:45:00Z,3,3,3,3,3,3,1,3,3,3,-1.1400207718257183,0.45827258022263406,,,,,,,,,,13.63376282562479,-0.9410993233271165,0.0,PS_011,-337.1592784008938,359.99999999999994,0.03254361405493251
16.843977675543695,14.178359031677246,2024-06-28T09:00:00Z,3,3,3,3,3,3,1,3,3,3,-0.883553865236658,-0.7626691057008999,,,,,,,,,,13.188971480364206,-0.4728828818640046,0.0,PS_011,89.3637681930064,360.0,1.309335995304197
17.66450044220018,14.174709052602498,2024-06-28T09:15:00Z,3,3,3,3,3,3,1,3,3,3,-0.5601607069122678,0.34371977894700656,,,,,,,,,,13.962390586419238,0.8551674915208918,0.0,PS_011,-35.9404181044301,359.99999999999994,0.4306644539672955
17.786267512726187,14.174388878228315,2024-06-28T09:30:00Z,3,3,3,3,3,3,1,3,3,3,-0.3386109878629788,-0.3135658201206107,,,,,,,,,,13.628756010437858,0.394395180790939,0.0,PS_011,49.75308395462329,360.00000000000006,1.2712904470414272
18.779875079111374,14.178359031677246,2024-06-28T09:45:00Z,4,4,4,4,4,4,1,4,4,4,-0.19875517045738406,0.8782457219511289,,,,,,,,,,14.351547889885317,0.2978845902168079,0.0,PS_011,-83.41738676748409,360.0,1.5596833287994316
18.81324838162505,14.17567576349022,2024-06-28T10:00:00Z,2,2,2,2,2,2,1,2,2,2,1.5127258086745676,1.0609062655012143,,,,,,,,,,14.527948499971126,2.8157940252555886,0.0,PS_011,247.18894181147093,360.0,0.5861798310732481
17.90085652380022,14.178359031677246,2024-06-28T10:15:00Z,4,4,4,4,4,4,1,4,4,4,14.773026452037104,2.3907729680011514,,,,,,,,,,14.115115678919544,19.84602264189949,0.0,PS_011,804.7539515924595,360.00000000000006,0.4464593593285399
19.094831744877766,14.177706746027923,2024-06-28T10:30:00Z,4,4,4,4,4,4,1,4,4,4,37.83255299578352,9.370088963050792,,,,,,,,,,15.043052515410928,48.62577683519191,0.0,PS_011,404.8175694852415,360.0,1.225684026007401
19.57127362468369,14.175036775952746,2024-06-28T10:45:00Z,3,3,3,3,3,3,1,3,3,3,65.10643249375282,15.739698335881744,,,,,,,,,,16.286964274251467,90.96843492686203,0.0,PS_011,412.6793326520937,360.0,1.1265021920409346
20.069766011384715,14.177718319857666,2024-06-28T11:00:00Z,4,4,4,4,4,4,1,4,4,4,87.13727506344108,21.41412927382065,,,,,,,,,,18.791234861075687,152.3405267011943,0.0,PS_011,406.30029404931537,360.0,0.03913255911608268
20.562886261171624,14.178359031677246,2024-06-28T11:15:00Z,4,4,4,4,4,4,1,4,4,4,165.4034324471892,40.36591120275281,,,,,,,,,,22.077299306249913,296.12681458735835,0.0,PS_011,410.74666167742123,360.0,0.6043907961603783
21.415333638329457,14.178359031677246,2024-06-28T11:30:00Z,3,3,3,3,3,3,1,3,3,3,204.345655599973,50.70100043446487,,,,,,,,,,27.101751569487906,346.3482682754915,0.0,PS_011,403.8842874877534,360.0,1.2591469245799258
22.00978904228616,14.178359031677246,2024-06-28T11:45:00Z,4,4,4,4,4,4,1,4,4,4,193.9943095407587,44.950657578911965,,,,,,,,,,29.628255874514746,278.4996788484631,0.0,PS_011,431.6679186079401,359.99999999999994,0.9484349195824012
21.71639951806297,14.178359031677244,2024-06-28T12:00:00Z,3,3,3,3,3,3,1,3,3,3,221.2935368546815,52.23769165664099,,,,,,,,,,31.663782465484474,304.45971605386916,0.0,PS_011,426.3043448645936,359.99999999999994,1.2449682230278818
21.971962356458608,14.179185766047896,2024-06-28T12:15:00Z,4,4,4,4,4,4,1,4,4,4,201.44853730764308,42.83986355107964,,,,,,,,,,29.52192083956259,234.36606701102951,0.0,PS_011,470.5783124959775,359.99999999999994,0.4327512801278835
22.122171691532223,14.178359031677246,2024-06-28T12:30:00Z,3,3,3,3,3,3,1,3,3,3,239.4389928435618,47.7442623823773,,,,,,,,,,28.49099877520142,262.2985951039499,0.0,PS_011,502.4309598348878,360.0,0.6518914092620124
22.862881409271516,14.179583794917583,2024-06-28T12:45:00Z,4,4,4,4,4,4,1,4,4,4,322.031578037658,63.70962674578783,,,,,,,,,,31.382470449902584,393.9070278335563,0.0,PS_011,505.1663919132652,360.0,0.8530278508689415
23.12966066152199,14.180596921743367,2024-06-28T13:00:00Z,4,4,4,4,4,4,1,4,4,4,355.4561486430543,68.02830087236376,,,,,,,,,,32.65222861335571,412.92711883394924,0.0,PS_011,526.9469249730076,359.99999999999994,1.5184778990331338
24.47985256853738,14.1828803785261,2024-06-28T13:15:00Z,3,3,3,3,3,3,1,3,3,3,460.4725685840359,85.21469741657971,,,,,,,,,,36.38275925188477,555.4526767160282,0.0,PS_011,547.1432785791384,360.0,1.5144827473025426
24.382256671736442,14.181903483186426,2024-06-28T13:30:00Z,4,4,4,4,4,4,1,4,4,4,454.1931999421559,81.29717615751072,,,,,,,,,,35.62750522611514,516.698025909213,0.0,PS_011,556.3436446748043,359.99999999999994,2.171063338127172
24.584425681441356,14.18036350463465,2024-06-28T13:45:00Z,3,3,3,3,3,3,1,3,3,3,369.85649334471884,70.81703233978418,,,,,,,,,,33.173277527203425,396.0778766510851,0.0,PS_011,525.8233566384118,360.0,3.4013812515609816
24.31693988024972,14.182209429093042,2024-06-28T14:00:00Z,4,4,4,4,4,4,1,4,4,4,374.9240339735243,72.39947172030058,,,,,,,,,,31.212249223993773,369.7525711447112,0.0,PS_011,515.5936345599858,360.0,2.6639372253944638
24.919462302588382,14.182853351386512,2024-06-28T14:15:00Z,4,4,4,4,4,4,1,4,4,4,395.72023951730176,76.63535099185793,,,,,,,,,,32.89003182309221,395.2547416606673,0.0,PS_011,513.4712983954166,360.0,2.172323714404513
25.488562033212485,14.178359031677246,2024-06-28T14:30:00Z,3,3,3,3,3,3,1,3,3,3,379.0733989116776,74.15782968472432,,,,,,,,,,33.076310164626776,366.32952247160154,0.0,PS_011,514.4473009339818,360.0,3.3376066601800454
25.42720339089493,14.182893411691927,2024-06-28T14:45:00Z,4,4,4,4,4,4,1,4,4,4,415.22417035276084,82.81332100656336,,,,,,,,,,32.65471266253788,392.2078271663906,0.0,PS_011,495.7886754290463,360.00000000000006,2.6529410100026865
25.817656880241003,14.182849587491797,2024-06-28T15:00:00Z,3,3,3,3,3,3,1,3,3,3,444.02579530676036,89.19761327619112,,,,,,,,,,33.134495139052795,403.5542947779008,0.0,PS_011,488.7868944640905,360.00000000000006,3.2825951718609527
26.047978750525303,14.179938968319947,2024-06-28T15:15:00Z,4,4,4,4,4,4,1,4,4,4,478.69736786536834,95.83571873601356,,,,,,,,,,33.256299057191484,421.13926040249066,0.0,PS_011,495.8019248728443,359.99999999999994,2.6236123013479244
26.434357819158485,14.182488570533408,2024-06-28T15:30:00Z,3,3,3,3,3,3,1,3,3,3,418.3360539857586,86.82898960568014,,,,,,,,,,34.403955981505625,370.23259967800607,0.0,PS_011,473.39872305875343,360.0,3.3038677008344073
26.69611235234169,14.181769103995249,2024-06-28T15:45:00Z,4,4,4,4,4,4,1,4,4,4,509.5069585058498,104.84756161529116,,,,,,,,,,34.15922897376864,420.0979782824547,0.0,PS_011,484.43426562107487,360.0,3.0093440735872954
27.06550758222917,14.183706283569336,2024-06-28T16:00:00Z,4,4,4,4,4,4,1,4,4,4,680.8182883182267,142.81374755666982,,,,,,,,,,34.742624494492034,513.5959592884933,0.0,PS_011,476.3633191185828,359.99999999999994,3.4516753904522
26.810986204685136,14.180239354385755,2024-06-28T16:15:00Z,3,3,3,3,3,3,1,3,3,3,448.312727629411,102.85561375100384,,,,,,,,,,33.87696044376512,356.13913190444754,0.0,PS_011,443.08784920033287,360.0,3.040699252946084
27.664481575198092,14.183706283569336,2024-06-28T16:30:00Z,4,4,4,4,4,4,1,4,4,4,653.1781134780597,149.37814357879412,,,,,,,,,,35.50061840467609,453.3085779845183,0.0,PS_011,423.64927780667756,359.99999999999994,4.317438249025156
27.198438017327632,14.183706283569332,2024-06-28T16:45:00Z,3,3,3,3,3,3,1,3,3,3,402.55308684706324,101.06628628609097,,,,,,,,,,33.85201202454032,276.142419141784,0.0,PS_011,412.61838912797936,359.99999999999994,3.263751299962892
27.204284212895246,14.183706283569338,2024-06-28T17:00:00Z,4,4,4,4,4,4,1,4,4,4,558.0211959216412,143.62161235190763,,,,,,,,,,32.18028532786936,339.12317279907114,0.0,PS_011,388.8556432156646,360.00000000000006,3.6572225636416262
27.931808740932137,14.183706283569338,2024-06-28T17:15:00Z,3,3,3,3,3,3,1,3,3,3,440.38159781035347,117.7631247177185,,,,,,,,,,32.90526883546049,259.1549593291507,0.0,PS_011,373.0717529872699,359.99999999999994,3.4889346615860535
27.224106149852222,14.183706283569338,2024-06-28T17:30:00Z,4,4,4,4,4,4,1,4,4,4,442.0497110584346,122.5351809208902,,,,,,,,,,30.88165018148893,245.28659512950688,0.0,PS_011,360.75979609475263,360.00000000000006,4.436498744259479
27.334392995171623,14.179889625519953,2024-06-28T17:45:00Z,4,4,4,4,4,4,1,4,4,4,355.9829049420227,103.140978476628,,,,,,,,,,30.544855889695366,202.49793884232477,0.0,PS_011,348.8978571422375,360.0,2.782761339007258
27.22350228405992,14.182858118104914,2024-06-28T18:00:00Z,3,3,3,3,3,3,1,3,3,3,369.1603912485277,116.26857685425786,,,,,,,,,,29.426893080081012,187.79963893080327,0.0,PS_011,317.00008621285326,360.0,3.461145187339461
27.409773367793537,14.179967250866437,2024-06-28T18:15:00Z,4,4,4,4,4,4,1,4,4,4,342.0371597591149,115.41857466854582,,,,,,,,,,29.500000000000004,159.9167883175128,0.0,PS_011,296.5293350536673,360.0,4.605313921369723
27.448873282783293,14.183706283569336,2024-06-28T18:30:00Z,3,3,3,3,3,3,1,3,3,3,309.1485512977179,112.82902349867432,,,,,,,,,,29.3310998309229,150.52423650779085,0.0,PS_011,273.3207555354292,360.0,4.108845432062595
27.41185310648156,14.181261403832202,2024-06-28T18:45:00Z,4,4,4,4,4,4,1,4,4,4,292.26935294622217,129.38428984539283,,,,,,,,,,29.75300937468638,135.1181480513864,0.0,PS_011,226.81331175499747,360.0,4.173657478662397
27.270634126895345,14.178359031677246,2024-06-28T19:00:00Z,3,3,3,3,3,3,1,3,3,3,227.9610537985457,117.38117279868119,,,,,,,,,,29.176616268174573,107.27953792882595,0.0,PS_011,194.03516646537759,360.0,3.2671391037579625
27.15224173180698,14.183706283569334,2024-06-28T19:15:00Z,4,4,4,4,4,4,1,4,4,4,211.0699341599737,128.53277595602896,,,,,,,,,,28.73859928095533,101.8405165421951,0.0,PS_011,163.73527939398278,360.0,4.153439473122569
26.840104396083174,14.178359031677248,2024-06-28T19:30:00Z,4,4,4,4,4,4,1,4,4,4,145.34240330171707,97.98380556939173,,,,,,,,,,28.229642432371474,80.95283282337326,0.0,PS_011,155.7718570257168,360.00000000000006,3.9554734409123533
26.553868934900045,14.181660454340978,2024-06-28T19:45:00Z,4,4,4,4,4,4,1,4,4,4,94.83865101742683,71.44747766856833,,,,,,,,,,27.57018890640894,56.51216746730639,0.0,PS_011,154.81683804318388,360.0,3.4313008366232096
26.399999618530273,14.178359031677244,2024-06-28T20:00:00Z,3,3,3,3,3,3,1,3,3,3,86.70828603663932,115.87582768800307,,,,,,,,,,26.768285055222346,40.736111666231416,0.0,PS_011,78.90818562754363,360.0,2.0983349619575744
25.71401476644075,14.180402175802683,2024-06-28T20:15:00Z,4,4,4,4,4,4,1,4,4,4,39.021941190304794,14.553856951399768,,,,,,,,,,24.943454159334365,27.151556196674754,0.0,PS_011,273.2191955696728,360.0,2.013470935625296
25.307471793619452,14.18058756120935,2024-06-28T20:30:00Z,4,4,4,4,4,4,1,4,4,4,12.231446612596514,4.334066415008246,,,,,,,,,,23.95568729605445,9.301045291102072,0.0,PS_011,276.433525188994,360.00000000000006,2.2507727613932125
24.799999237060547,14.178359031677246,2024-06-28T20:45:00Z,3,3,3,3,3,3,1,3,3,3,1.3860531099508977,0.2677797060271178,,,,,,,,,,22.828207066203433,0.2282066343846237,0.0,PS_011,2062.0047444502175,359.99999999999994,0.2729234457969815
24.200000762939457,14.178359031677248,2024-06-28T21:00:00Z,2,2,2,2,2,2,1,2,2,2,-3.029151360879604,-0.9947879345995215,,,,,,,,,,21.532727805174087,-3.1659394472478724,0.0,PS_011,303.9310474401887,360.00000000000006,0.3559760061791423
24.200000762939453,14.179208134015285,2024-06-28T21:15:00Z,4,4,4,4,4,4,1,4,4,4,-1.2930232811133515,-1.0330395009235724,,,,,,,,,,20.68416610705762,-1.7579816927349912,0.0,PS_011,127.87015205447916,360.0,1.00122968958261
23.955519628566368,14.178359031677244,2024-06-28T21:30:00Z,3,3,3,3,3,3,1,3,3,3,-0.8389009532092633,-0.457911898708529,,,,,,,,,,21.11159292796839,0.45007353204401407,0.0,PS_011,172.29988816127207,360.0,0.5384931066103152
23.89999961853027,14.178359031677246,2024-06-28T21:45:00Z,3,3,3,3,3,3,1,3,3,3,-1.561865961762923,-0.279628618940693,,,,,,,,,,21.327335020187057,-0.4479977941801019,0.0,PS_011,441.82562255397215,360.0,0.05138924754977099
23.630524331379124,14.178359031677246,2024-06-28T22:00:00Z,3,3,3,3,3,3,1,3,3,3,-2.823955064587284,-1.0380302286951364,,,,,,,,,,20.289115321613874,-2.1945581126159794,0.0,PS_011,258.1793740304415,360.0,0.3975657178212798
23.132880166687425,14.181156900464533,2024-06-28T22:15:00Z,4,4,4,4,4,4,1,4,4,4,-2.4712714138137404,-1.7915346103224647,,,,,,,,,,18.52926795653816,-1.1586972612510005,0.0,PS_011,121.6359103080987,359.99999999999994,0.5167474317259624
22.899999618530273,14.178359031677246,2024-06-28T22:30:00Z,1,1,1,1,1,1,1,1,1,1,-2.809999942779541,-0.7599999904632568,,,,,,,,,,18.399999618530273,0.5799999833106995,0.0,PS_011,357.8947448730469,360.0,0.036000002175569534
22.839890405111216,14.178359031677246,2024-06-28T22:45:00Z,3,3,3,3,3,3,1,3,3,3,-0.935763227401017,0.1409777336727049,,,,,,,,,,18.367084261313526,-1.124436026283638,0.0,PS_011,431.7052075372042,360.0,0.2744485063996677
22.914716453153062,14.178359031677248,2024-06-28T23:00:00Z,3,3,3,3,3,3,1,3,3,3,-1.7646844948571498,-1.346594935627113,,,,,,,,,,18.16842365959585,-0.8766982897880352,0.0,PS_011,6.783762501583132,360.0,0.18437631666713114
22.600000381469727,14.178359031677248,2024-06-28T23:15:00Z,4,4,4,4,4,4,1,4,4,4,-1.3398748289296352,-0.1889065747604242,,,,,,,,,,18.153089063693102,-0.5172902155418515,0.0,PS_011,-667.7473810928981,360.00000000000006,0.04527836700825962
22.343410868715974,14.178359031677246,2024-06-28T23:30:00Z,3,3,3,3,3,3,1,3,3,3,-1.4171345698541422,-1.222236133840493,,,,,,,,,,17.85415778009138,0.2699883728594564,0.0,PS_011,106.55518394862727,360.0,0.11733057411975671
22.21252620354676,14.177083591713165,2024-06-28T23:45:00Z,4,4,4,4,4,4,1,4,4,4,-1.007644039687466,-0.7868830431587215,,,,,,,,,,17.818218595215704,0.4647207970581841,0.0,PS_011,142.26218678086744,360.00000000000006,0.6525724463997516
22.100000381469727,14.178359031677246,2024-06-29T00:00:00Z,4,4,4,4,4,4,1,4,4,4,-0.9547282743900027,-0.3732311218569437,,,,,,,,,,18.232002381780443,0.3956826899381255,0.0,PS_011,356.3272984851636,360.0,0.6996203426696034
22.100000381469723,14.178359031677244,2024-06-29T00:15:00Z,2,2,2,2,2,2,1,2,2,2,-1.5015113028604599,-0.28371761591592987,,,,,,,,,,18.145725913690974,0.29582465971768196,0.0,PS_011,1211.8038063992892,359.99999999999994,0.03961831157517052
22.23703657145506,14.178359031677248,2024-06-29T00:30:00Z,4,4,4,4,4,4,1,4,4,4,-1.3881427157487167,-0.41919097991768695,,,,,,,,,,17.522905663639584,0.2502317021589684,0.0,PS_011,344.832522929656,360.00000000000006,0.15491470873222032
21.814033910013286,14.178359031677248,2024-06-29T00:45:00Z,4,4,4,4,4,4,1,4,4,4,-1.0232219659109234,-0.7266248625324926,,,,,,,,,,17.10000038146973,-0.5956631245608622,0.0,PS_011,139.3685878036416,360.0,1.2811079103497618
21.756283906731632,14.178359031677246,2024-06-29T01:00:00Z,2,2,2,2,2,2,1,2,2,2,-1.085273690890571,0.06879725117936206,,,,,,,,,,17.313570167962073,1.3626677106675706,0.0,PS_011,227.69125929953378,360.0,0.9184302767398627
22.198182893443313,14.178359031677244,2024-06-29T01:15:00Z,4,4,4,4,4,4,1,4,4,4,-1.1772361674958676,-0.25600572930396664,,,,,,,,,,17.430357303924797,-0.3973102113363706,0.0,PS_011,420.00419023542554,359.99999999999994,0.8758922970868728
21.799999237060547,14.178359031677246,2024-06-29T01:30:00Z,1,1,1,1,1,1,1,1,1,1,-1.190000057220459,0.6600000262260437,,,,,,,,,,17.899999618530273,0.23999999463558194,0.0,PS_011,-236.36363220214844,360.0,1.2300000190734863
21.74551163166193,14.178359031677244,2024-06-29T01:45:00Z,3,3,3,3,3,3,1,3,3,3,-1.9602032120355612,-0.326853472931027,,,,,,,,,,18.372648334962722,-0.02522912538072104,0.0,PS_011,39.16724715596468,359.99999999999994,1.7356996584609825
21.70305025163326,14.178359031677246,2024-06-29T02:00:00Z,2,2,2,2,2,2,1,2,2,2,-2.1276268441284105,-0.09170625741499712,,,,,,,,,,18.10305116112555,-1.4444519627238777,0.0,PS_011,1231.0729519106474,360.00000000000006,1.2668407152070824
22.10000038146973,14.178359031677246,2024-06-29T02:15:00Z,2,2,2,2,2,2,1,2,2,2,-2.5094843258426534,-0.49618553177527214,,,,,,,,,,18.038144726900505,-1.7374915707210976,0.0,PS_011,579.5013159259092,360.0,0.6901041000877803
21.533953505394248,14.178359031677244,2024-06-29T02:30:00Z,3,3,3,3,3,3,1,3,3,3,-2.0357088635546825,-0.6430279728708536,,,,,,,,,,17.144104355395232,-0.6763535701395771,0.0,PS_011,554.5981297207848,360.0,0.8678751189749272
21.799999237060547,14.178359031677246,2024-06-29T02:45:00Z,1,1,1,1,1,1,1,1,1,1,-1.6299999952316284,-0.10999999940395355,,,,,,,,,,17.899999618530273,-0.25,0.0,PS_011,1199.9998779296875,360.0,0.843999981880188
22.100000381469727,14.178359031677246,2024-06-29T03:00:00Z,1,1,1,1,1,1,1,1,1,1,-1.8700000047683716,-0.30000001192092896,,,,,,,,,,17.899999618530273,-1.2000000476837158,0.0,PS_011,980.9523315429689,359.99999999999994,0.7479999661445618
21.96931919096095,14.175718369404347,2024-06-29T03:15:00Z,2,2,2,2,2,2,1,2,2,2,-1.337801158104208,-0.13723556076747367,,,,,,,,,,18.312879655703217,-0.9520420939670435,0.0,PS_011,-3696.5430140994986,360.00000000000006,1.273966666985776
22.05906631908164,14.17835903167725,2024-06-29T03:30:00Z,4,4,4,4,4,4,1,4,4,4,-2.0000087598754623,-0.5893864189993583,,,,,,,,,,18.31948409040784,-0.12237405757687503,0.0,PS_011,465.05756353824785,360.0,0.24464764576709921
21.07266844774534,14.182135615561691,2024-06-29T03:45:00Z,3,3,3,3,3,3,1,3,3,3,-2.6747772226795843,-1.7866730239529665,,,,,,,,,,17.429067108511664,-2.2532981771239466,0.0,PS_011,160.68192487666917,360.0,0.038906740020412514
20.787487560922674,14.178359031677246,2024-06-29T04:00:00Z,4,4,4,4,4,4,1,4,4,4,-1.6167775480642055,-0.6409292910339629,,,,,,,,,,16.839767878234913,-0.04616665276314824,0.0,PS_011,231.17954803696603,360.0,0.0818097917456354
21.5,14.178359031677246,2024-06-29T04:15:00Z,1,1,1,1,1,1,1,1,1,1,-2.0999999046325684,-0.49000000953674316,,,,,,,,,,16.799999237060547,0.8299999833106995,0.0,PS_011,357.1428527832031,360.0,0.036000002175569534
21.0,14.178359031677246,2024-06-29T04:30:00Z,2,2,2,2,2,2,1,2,2,2,-1.9516326409977331,-0.48759637810472106,,,,,,,,,,16.335438295571237,-0.022863478609902604,0.0,PS_011,505.1427940702368,360.0,0.1149893166024592
21.5,14.178359031677246,2024-06-29T04:45:00Z,1,1,1,1,1,1,1,1,1,1,-1.0399999618530273,0.1899999976158142,,,,,,,,,,16.799999237060547,0.7300000190734863,0.0,PS_011,-687.5000610351562,360.0,1.1320000886917114
21.182922415640018,14.178359031677244,2024-06-29T05:00:00Z,4,4,4,4,4,4,1,4,4,4,-2.9919668083039985,-1.2827619022145502,,,,,,,,,,16.26221590000501,-1.7554327256566187,0.0,PS_011,346.2663856324475,359.99999999999994,0.036000002175569534
21.241609342924217,14.178359031677244,2024-06-29T05:15:00Z,2,2,2,2,2,2,1,2,2,2,-0.3989284972303402,0.21516780935723578,,,,,,,,,,16.831539975827116,-0.5043631415193692,0.0,PS_011,-198.67491990949483,359.99999999999994,1.277609356275655
21.299999237060547,14.173680305480959,2024-06-29T05:30:00Z,1,1,1,1,1,1,1,1,1,1,-2.049999952316284,-0.6600000262260437,,,,,,,,,,17.899999618530273,-1.0,0.0,PS_011,292.53729248046875,360.0,0.036000002175569534
21.000000000000004,14.178359031677246,2024-06-29T05:45:00Z,4,4,4,4,4,4,1,4,4,4,-2.1070297845157713,-0.8193508527891274,,,,,,,,,,17.280120324610408,-0.5459498534727861,0.0,PS_011,287.2495876473457,360.00000000000006,0.036000002175569534
21.299999237060547,14.178359031677246,2024-06-29T06:00:00Z,1,1,1,1,1,1,1,1,1,1,-1.3600000143051147,0.3300000131130219,,,,,,,,,,17.100000381469727,-1.8300000429153442,0.0,PS_011,-1057.142822265625,360.0,0.036000002175569534
21.179874530580204,14.180808095766618,2024-06-29T06:15:00Z,3,3,3,3,3,3,1,3,3,3,-1.926227632405811,-0.7367171298951745,,,,,,,,,,17.04532616608326,-0.1114881830419839,0.0,PS_011,304.00989747867123,359.99999999999994,0.10962766386443432
21.275593227567132,14.178359031677248,2024-06-29T06:30:00Z,4,4,4,4,4,4,1,4,4,4,-0.981616119718641,-0.6591273462108919,,,,,,,,,,16.688027112830273,0.8316614596279909,0.0,PS_011,208.56792724714353,360.0,0.7308648265205854
21.0,14.178359031677244,2024-06-29T06:45:00Z,2,2,2,2,2,2,1,2,2,2,-2.2811956958570008,-0.40673926546357003,,,,,,,,,,16.458695551667407,-1.3221737847276724,0.0,PS_011,1063.3953211818935,360.0,0.03600000217556953
20.612897801331037,14.178359031677248,2024-06-29T07:00:00Z,2,2,2,2,2,2,1,2,2,2,-2.4835513303558163,-0.9745231641276549,,,,,,,,,,15.699999809265138,-1.7209476285052585,0.0,PS_011,246.81060003316904,360.0,0.036000002175569534
20.89368913445164,14.178359031677246,2024-06-29T07:15:00Z,3,3,3,3,3,3,1,3,3,3,-1.0164096160044087,-0.5305309692986749,,,,,,,,,,15.811396295999403,-0.22229678450363888,0.0,PS_011,291.6046356436648,360.0,1.1554829622526566
20.399999618530273,14.178359031677246,2024-06-29T07:30:00Z,1,1,1,1,1,1,1,1,1,1,-3.1199998855590825,-0.8799999952316284,,,,,,,,,,16.0,-3.2599999904632564,0.0,PS_011,383.5442810058594,360.0,0.7479999661445618
20.551692225513836,14.176742002317136,2024-06-29T07:45:00Z,4,4,4,4,4,4,1,4,4,4,-1.966286763743884,-0.2133790960494069,,,,,,,,,,16.420286449821212,-2.080438272685564,0.0,PS_011,2114.0947105861505,359.99999999999994,2.4527356566047307
20.02416749414484,14.178359031677246,2024-06-29T08:00:00Z,3,3,3,3,3,3,1,3,3,3,-3.808480438399541,-1.7678826124069673,,,,,,,,,,16.211190245549766,-4.111217672551291,0.0,PS_011,248.9918538409294,360.0,0.1434392587909725
19.77838892400146,14.178359031677246,2024-06-29T08:15:00Z,3,3,3,3,3,3,1,3,3,3,-2.5853116364271487,-0.3314774171450312,,,,,,,,,,14.969879648881937,-1.9550818707413797,0.0,PS_011,1925.2115138297652,360.0,0.07789925598537252
20.307209655104174,14.178359031677244,2024-06-29T08:30:00Z,3,3,3,3,3,3,1,3,3,3,-1.0714113485407872,-0.23444782262415398,,,,,,,,,,15.714417784329433,-1.09125464722109,0.0,PS_011,158.86506196216305,360.00000000000006,1.7545577048543253
20.700000762939453,14.178359031677246,2024-06-29T08:45:00Z,1,1,1,1,1,1,1,1,1,1,-2.069999933242798,0.40999999642372126,,,,,,,,,,16.5,-1.5,0.0,PS_011,-537.5,360.0,2.5380001068115234
20.727333412228955,14.178359031677246,2024-06-29T09:00:00Z,3,3,3,3,3,3,1,3,3,3,-2.9534702426292854,-0.5147226043868842,,,,,,,,,,16.74512614907327,-3.036562692067357,0.0,PS_011,1076.1934910006098,360.0,1.362967683440932
20.269337495884884,14.178359031677246,2024-06-29T09:15:00Z,3,3,3,3,3,3,1,3,3,3,-2.744931155077372,-1.0555349357574733,,,,,,,,,,15.75460075625002,-3.0504075796606562,0.0,PS_011,434.25238310688474,360.00000000000006,1.1376404489512337
19.94973386457204,14.178359031677248,2024-06-29T09:30:00Z,3,3,3,3,3,3,1,3,3,3,-2.465239775856034,-0.41664172764352014,,,,,,,,,,16.46918199837732,-2.9311480507552967,0.0,PS_011,477.79405173719596,360.0,1.5773908183806045
19.889254712050516,14.178359031677246,2024-06-29T09:45:00Z,4,4,4,4,4,4,1,4,4,4,-1.6324552981588607,-0.6713734299109541,,,,,,,,,,16.306703215921328,-1.3658190753052457,0.0,PS_011,263.8379481606848,360.0,1.1285783905869469
19.693704304156686,14.176858481080505,2024-06-29T10:00:00Z,3,3,3,3,3,3,1,3,3,3,3.0205023900421453,0.044385606499241184,,,,,,,,,,15.057847840179075,7.678987974113818,0.0,PS_011,783.783576068024,360.0,0.05069969772537458
19.10000038146973,14.178359031677248,2024-06-29T10:15:00Z,3,3,3,3,3,3,1,3,3,3,16.68789535152001,3.2609530805641103,,,,,,,,,,14.899999618530275,27.078988630007164,0.0,PS_011,555.8531257775387,360.0,0.0327419774144063
19.97982621700238,14.178359031677248,2024-06-29T10:30:00Z,4,4,4,4,4,4,1,4,4,4,44.264745008385326,10.018649685223181,,,,,,,,,,18.258733777183934,162.7956768901444,0.0,PS_011,451.36893215226775,360.00000000000006,0.03912681193124312
21.216823292216375,14.178359031677244,2024-06-29T10:45:00Z,4,4,4,4,4,4,1,4,4,4,76.9784905095959,21.16285098913555,,,,,,,,,,22.99057378882119,243.2600445035943,0.0,PS_011,363.8043910866726,360.0,0.4023495873658625
21.260145913957757,14.178359031677246,2024-06-29T11:00:00Z,3,3,3,3,3,3,1,3,3,3,111.82405174831361,31.120699005504598,,,,,,,,,,26.50413924554107,342.0859300451643,0.0,PS_011,359.41365523268513,360.0,0.226052575151885
22.548128291024078,14.179171351868671,2024-06-29T11:15:00Z,4,4,4,4,4,4,1,4,4,4,137.98109781749588,38.442342196938355,,,,,,,,,,29.69628544929697,361.110323648667,0.0,PS_011,358.8708707885404,360.00000000000006,0.20535312280022197
22.779428360751794,14.178359031677248,2024-06-29T11:30:00Z,3,3,3,3,3,3,1,3,3,3,175.81006712613515,49.36046609171815,,,,,,,,,,31.044549767499568,415.63914751909186,0.0,PS_011,356.1850360825458,360.0,0.49944247004632336
23.20619839069919,14.178359031677246,2024-06-29T11:45:00Z,4,4,4,4,4,4,1,4,4,4,221.82249991394957,61.79315274068206,,,,,,,,,,32.46782558484817,475.7657718333129,0.0,PS_011,358.70323612179766,360.00000000000006,0.9405780987216352
23.53964689128679,14.17835903167725,2024-06-29T12:00:00Z,4,4,4,4,4,4,1,4,4,4,271.4900073331753,69.60814383427078,,,,,,,,,,34.56915092823343,530.3792163824912,0.0,PS_011,390.04304735011686,360.00000000000006,1.54944649052272
23.642974512448163,14.182832471994566,2024-06-29T12:15:00Z,3,3,3,3,3,3,1,3,3,3,317.7627881866748,72.54064657222423,,,,,,,,,,34.855074325097135,566.3699838622991,0.0,PS_011,438.6366550496181,360.0,2.9442321886886487
22.837110731939358,14.178359031677244,2024-06-29T12:30:00Z,4,4,4,4,4,4,1,4,4,4,361.0915869589401,72.72151645716322,,,,,,,,,,34.91765307810305,591.3055660419677,0.0,PS_011,496.953172090281,360.0,2.6594436322619472
23.22272986501622,14.183000408823164,2024-06-29T12:45:00Z,4,4,4,4,4,4,1,4,4,4,397.96414543258646,73.06629168260153,,,,,,,,,,35.30374980271683,603.6895998999439,0.0,PS_011,545.1435900858442,359.99999999999994,2.8010593532963513
24.45651980483308,14.183706283569336,2024-06-29T13:00:00Z,3,3,3,3,3,3,1,3,3,3,439.4545018722914,74.88155428129656,,,,,,,,,,36.15724805732627,627.4151146689837,0.0,PS_011,587.8603034525067,360.0,3.0632281204875307
24.832669544817374,14.181471431485553,2024-06-29T13:15:00Z,4,4,4,4,4,4,1,4,4,4,472.6539039069549,74.5443370570542,,,,,,,,,,34.64076235137158,635.6460224586083,0.0,PS_011,633.7395237491472,360.00000000000006,3.02003170465831
25.6552318455433,14.181678264550492,2024-06-29T13:30:00Z,4,4,4,4,4,4,1,4,4,4,501.4682766859967,75.52420573710104,,,,,,,,,,35.33176650619857,632.9828190979326,0.0,PS_011,664.3785156154764,360.0,3.649868383073348
25.600000381469727,14.182738703732205,2024-06-29T13:45:00Z,3,3,3,3,3,3,1,3,3,3,480.7278848259545,75.35495317313035,,,,,,,,,,34.62871306396857,619.9800689500199,0.0,PS_011,684.0708091797937,359.99999999999994,3.119025719435972
26.00765607466952,14.179947865840266,2024-06-29T14:00:00Z,4,4,4,4,4,4,1,4,4,4,420.32737077839334,61.08775591194828,,,,,,,,,,34.79491644797648,470.4352964319719,0.0,PS_011,679.2282022904802,360.0,4.633107997833488
26.37530671766564,14.183706283569334,2024-06-29T14:15:00Z,4,4,4,4,4,4,1,4,4,4,577.8206566192885,81.84960944287005,,,,,,,,,,35.2560527932034,620.5970713009015,0.0,PS_011,706.3041446849915,360.0,4.599625430469486
26.476644121688036,14.183706283569336,2024-06-29T14:30:00Z,3,3,3,3,3,3,1,3,3,3,586.5291052694473,84.44987175385873,,,,,,,,,,35.74299088186122,596.6209593599224,0.0,PS_011,694.6359264366965,359.99999999999994,4.16236108841569
26.90051680254994,14.183706283569336,2024-06-29T14:45:00Z,4,4,4,4,4,4,1,4,4,4,604.9285281192282,89.68864276145237,,,,,,,,,,36.69113962209059,584.9848525012218,0.0,PS_011,674.5426474660347,360.0,2.7888897163293858
27.295208621867292,14.179527285955675,2024-06-29T15:00:00Z,3,3,3,3,3,3,1,3,3,3,602.4237635529265,92.40741737633145,,,,,,,,,,37.25185730071337,552.7198654639915,0.0,PS_011,651.571659711102,360.0,4.048337464467967
27.42862197455166,14.182860686110919,2024-06-29T15:15:00Z,4,4,4,4,4,4,1,4,4,4,615.1381523648046,99.37511101533715,,,,,,,,,,37.11040581697916,532.6095522550722,0.0,PS_011,619.545412599369,360.0,2.523458520102632
27.50176143480076,14.182116038392971,2024-06-29T15:30:00Z,4,4,4,4,4,4,1,4,4,4,618.8586476721113,106.13342867172652,,,,,,,,,,36.46748213521723,504.2983459900534,0.0,PS_011,582.9902744582862,360.0,3.3329949013590294
28.103666761992642,14.183706283569336,2024-06-29T15:45:00Z,3,3,3,3,3,3,1,3,3,3,641.6788655816463,120.27400008390877,,,,,,,,,,36.04407934456149,489.07918018556404,0.0,PS_011,533.0213168836252,360.0,2.6300722747104244
28.449474506266967,14.182851702122331,2024-06-29T16:00:00Z,4,4,4,4,4,4,1,4,4,4,631.4836689618539,128.268776125596,,,,,,,,,,36.331707589614794,463.59233954931375,0.0,PS_011,488.91523754014884,360.0,3.57236104715504
28.367115333835745,14.183706283569334,2024-06-29T16:15:00Z,4,4,4,4,4,4,1,4,4,4,662.3631216906781,147.17342246729922,,,,,,,,,,36.87827582285082,443.81101541273193,0.0,PS_011,450.23227586737363,359.99999999999994,2.7104883025778785
27.789818245938168,14.183706283569338,2024-06-29T16:30:00Z,3,3,3,3,3,3,1,3,3,3,576.4592579422073,129.08640751721643,,,,,,,,,,34.142951556283734,382.14828987214247,0.0,PS_011,441.13927492694324,360.0,4.406927462275672
27.2899634556392,14.182868214284202,2024-06-29T16:45:00Z,4,4,4,4,4,4,1,4,4,4,351.86489786886193,83.16120837635007,,,,,,,,,,31.487926073941257,252.81871914419384,0.0,PS_011,424.9170975591776,359.99999999999994,3.8646478540301734
28.324647498413796,14.181213864019751,2024-06-29T17:00:00Z,4,4,4,4,4,4,1,4,4,4,452.55120580187156,116.11122187446148,,,,,,,,,,34.04452559852636,264.4622000759422,0.0,PS_011,396.2071467243386,359.99999999999994,3.0818135706384484
28.28851527122926,14.183706283569338,2024-06-29T17:15:00Z,3,3,3,3,3,3,1,3,3,3,283.5386266997981,78.26684910496246,,,,,,,,,,33.62535252190948,165.9393368573309,0.0,PS_011,368.7345586818215,360.0,3.763168938114446
27.65529092576502,14.180089981486313,2024-06-29T17:30:00Z,4,4,4,4,4,4,1,4,4,4,276.2165543596758,75.93462316220783,,,,,,,,,,30.77243625324998,163.6465936373246,0.0,PS_011,361.7968233534024,360.00000000000006,3.957623022044666
27.600378085914773,14.180372565974741,2024-06-29T17:45:00Z,4,4,4,4,4,4,1,4,4,4,241.57544020043363,60.565098676264526,,,,,,,,,,30.1864744233622,185.0022762062746,0.0,PS_011,407.6478056187708,360.00000000000006,3.446628496315633
27.314994371824728,14.18279887114239,2024-06-29T18:00:00Z,3,3,3,3,3,3,1,3,3,3,206.04477438585823,55.247797812548,,,,,,,,,,29.799999237060543,162.89789395537807,0.0,PS_011,372.79731254379425,360.0,2.9927952990051967
27.45493977793199,14.182917428087672,2024-06-29T18:15:00Z,4,4,4,4,4,4,1,4,4,4,299.46872226709337,88.73616853243166,,,,,,,,,,29.4764868115107,168.05651513583007,0.0,PS_011,335.92080792490316,359.99999999999994,4.407499693197042
27.34188337361723,14.181767388553617,2024-06-29T18:30:00Z,3,3,3,3,3,3,1,3,3,3,225.44993552931712,80.49983431483248,,,,,,,,,,29.333103163435805,127.98432965634035,0.0,PS_011,295.527804776204,359.99999999999994,3.214777367846097
27.879825651974325,14.181565751179894,2024-06-29T18:45:00Z,4,4,4,4,4,4,1,4,4,4,280.4482389715315,126.62232329735234,,,,,,,,,,29.96742862860371,118.8020678366803,0.0,PS_011,223.3761582335523,359.99999999999994,2.4487548476909713
27.370329052740264,14.179937260682628,2024-06-29T19:00:00Z,4,4,4,4,4,4,1,4,4,4,221.14174949474108,119.32429527988657,,,,,,,,,,29.044648709859075,89.99661184201162,0.0,PS_011,185.90736458324636,360.0,4.5314207110074145
27.405763176918892,14.182908237904005,2024-06-29T19:15:00Z,3,3,3,3,3,3,1,3,3,3,190.22293744572403,115.65460356413928,,,,,,,,,,29.080113516251686,86.08346773219468,0.0,PS_011,164.67327197291266,360.0,2.384610624617674
26.687401788165666,14.18073217545982,2024-06-29T19:30:00Z,4,4,4,4,4,4,1,4,4,4,114.60781719507332,67.35054618503187,,,,,,,,,,27.59069505292341,62.53321970596475,0.0,PS_011,183.6681378757282,360.00000000000006,2.7776675480038913
26.36049540029657,14.180670222537042,2024-06-29T19:45:00Z,4,4,4,4,4,4,1,4,4,4,83.88536119290345,47.521747522687185,,,,,,,,,,26.595504798088918,49.01407098049175,0.0,PS_011,180.5572511418017,360.0,2.0034920616361074
25.586328011742076,14.178359031677246,2024-06-29T20:00:00Z,3,3,3,3,3,3,1,3,3,3,48.18766396728045,21.667329116093708,,,,,,,,,,24.821080833504286,31.074492460946175,0.0,PS_011,222.93591033603585,360.0,1.2714104192551086
25.13158464629965,14.179965361590794,2024-06-29T20:15:00Z,4,4,4,4,4,4,1,4,4,4,39.53787897937276,46.920389910437734,,,,,,,,,,24.18450086522042,23.07894991111926,0.0,PS_011,89.76789085511619,360.00000000000006,1.2447647338780818
24.796093045226776,14.181571619505718,2024-06-29T20:30:00Z,4,4,4,4,4,4,1,4,4,4,15.377840281070116,12.022672670102486,,,,,,,,,,23.132463639004722,10.816365684444538,0.0,PS_011,162.75625263262438,360.0,1.0850927508407802
24.13814374599985,14.178359031677246,2024-06-29T20:45:00Z,2,2,2,2,2,2,1,2,2,2,0.33483987457675873,-0.5181467972264551,,,,,,,,,,21.296904983572432,-0.8483554998597169,0.0,PS_011,-79.29105677033711,360.00000000000006,0.3183951021889269
23.11439250282497,14.180230683217074,2024-06-29T21:00:00Z,4,4,4,4,4,4,1,4,4,4,-1.6478445727984068,-1.6544870075867733,,,,,,,,,,20.044321243212988,-2.407415206206004,0.0,PS_011,113.73517722647077,360.0,2.3363564776129957
22.899999618530273,14.178359031677244,2024-06-29T21:15:00Z,3,3,3,3,3,3,1,3,3,3,-2.5180850285378304,-0.5899563843101027,,,,,,,,,,20.134555790227477,-1.2435313635943277,0.0,PS_011,409.89432819765454,359.99999999999994,2.9986500429768235
22.703069469126376,14.179206073953614,2024-06-29T21:30:00Z,4,4,4,4,4,4,1,4,4,4,-2.2663802582376227,-0.5289142678533408,,,,,,,,,,20.075408160142047,-1.1413101216533679,0.0,PS_011,393.3168533653384,360.0,2.6452443399615517
22.346857752164254,14.178359031677248,2024-06-29T21:45:00Z,4,4,4,4,4,4,1,4,4,4,-2.2910025723760628,-0.4172325887558861,,,,,,,,,,19.54685821718643,-1.0029099893783928,0.0,PS_011,721.2200765914064,360.00000000000006,3.067711853962212
21.496279201682025,14.178359031677248,2024-06-29T22:00:00Z,3,3,3,3,3,3,1,3,3,3,-3.202493183764832,-1.5978999575248904,,,,,,,,,,18.98092606572436,-1.7380261774596169,0.0,PS_011,212.41563374379103,360.0,2.7575024497932206
21.382535368210153,14.178359031677246,2024-06-29T22:15:00Z,4,4,4,4,4,4,1,4,4,4,-2.0694684953233216,-0.3688317674028578,,,,,,,,,,18.77767882573984,-0.1908931032337367,0.0,PS_011,544.5601840768649,360.0,4.285601733569475
20.960173554982486,14.178359031677243,2024-06-29T22:30:00Z,4,4,4,4,4,4,1,4,4,4,-2.3286050809030168,-0.3330024260165887,,,,,,,,,,18.82439940622642,-0.440181162073237,0.0,PS_011,648.054073858487,359.9999999999999,5.216754284533236
20.444207824227867,14.178359031677246,2024-06-29T22:45:00Z,3,3,3,3,3,3,1,3,3,3,-2.3384234567144597,-0.48805685420649186,,,,,,,,,,18.65656425200945,-0.9921624451967948,0.0,PS_011,476.2566896420546,360.00000000000006,5.133387524870076
20.22704043926955,14.178359031677246,2024-06-29T23:00:00Z,4,4,4,4,4,4,1,4,4,4,-2.0041192713311933,-0.4349772863384605,,,,,,,,,,18.20000076293945,-0.586364024198205,0.0,PS_011,401.1715364588181,360.0,3.766954827564621
20.068291449304756,14.178359031677246,2024-06-29T23:15:00Z,2,2,2,2,2,2,1,2,2,2,-1.810730037459935,-0.4368291064351616,,,,,,,,,,18.068291449304756,-0.8017047070074655,0.0,PS_011,453.1297797181088,360.0,3.1072737546865357
19.899999618530273,14.178359031677246,2024-06-29T23:30:00Z,2,2,2,2,2,2,1,2,2,2,-1.4161058074623338,-0.22634760797069176,,,,,,,,,,18.200000762939453,-0.19095718397915948,0.0,PS_011,537.2940488075174,360.00000000000006,3.5146598858912457
19.899999618530273,14.177574569609549,2024-06-29T23:45:00Z,3,3,3,3,3,3,1,3,3,3,-1.5579380651100885,-0.2883561587302385,,,,,,,,,,17.899999618530277,-0.5894452172154199,0.0,PS_011,702.5873659258293,360.00000000000006,3.1664669347655408
19.60000038146973,14.178359031677246,2024-06-30T00:00:00Z,3,3,3,3,3,3,1,3,3,3,-1.7014947402364082,-0.35562716376220704,,,,,,,,,,17.98695862549835,-1.0425039285639364,0.0,PS_011,388.904947928886,360.00000000000006,1.9427769861804571
19.358184526067426,14.178359031677244,2024-06-30T00:15:00Z,3,3,3,3,3,3,1,3,3,3,-1.351924941472938,-0.3351391785772953,,,,,,,,,,17.64939652341089,-0.870425837549297,0.0,PS_011,585.3880862934764,360.0,2.4003705271065376
19.399999618530273,14.175819863413007,2024-06-30T00:30:00Z,2,2,2,2,2,2,1,2,2,2,-1.0680957971422158,-0.13085409979745652,,,,,,,,,,17.899999618530273,-0.19462618048471525,0.0,PS_011,1068.4944239824129,360.0,2.168505734991167
19.366575560443255,14.178359031677246,2024-06-30T00:45:00Z,2,2,2,2,2,2,1,2,2,2,-1.0866304245137082,-0.06684786216579704,,,,,,,,,,18.200000762939453,-0.39016308059529775,0.0,PS_011,1023.5732948625642,360.0,2.2939130165057686
19.399999618530273,14.178359031677246,2024-06-30T01:00:00Z,1,1,1,1,1,1,1,1,1,1,-1.2400000095367432,-0.40000000596046453,,,,,,,,,,17.899999618530273,-0.6800000071525574,0.0,PS_011,600.0000610351562,360.0,2.114000082015991
19.399999618530273,14.178359031677246,2024-06-30T01:15:00Z,2,2,2,2,2,2,1,2,2,2,-1.1043095261603613,-0.1899999976158142,,,,,,,,,,17.600000381469723,-0.6673212835386922,0.0,PS_011,641.0784675945879,359.99999999999994,1.9171089954832101
19.298247911394352,14.178359031677246,2024-06-30T01:30:00Z,3,3,3,3,3,3,1,3,3,3,-0.9857911438524688,-0.21028571391124934,,,,,,,,,,17.858064963106585,-0.529253373419221,0.0,PS_011,1042.0938181865276,360.0,1.9783223123473563
19.100000381469727,14.178359031677248,2024-06-30T01:45:00Z,1,1,1,1,1,1,1,1,1,1,-1.0,-0.25,,,,,,,,,,17.600000381469727,-0.6399999856948853,0.0,PS_011,312.1212158203125,360.0,2.2300000190734863
18.799999237060547,14.178359031677246,2024-06-30T02:00:00Z,1,1,1,1,1,1,1,1,1,1,-0.8500000238418579,-0.2800000011920929,,,,,,,,,,17.600000381469727,-0.5199999809265137,0.0,PS_011,575.0,360.0,3.0179998874664307
19.01689729631896,14.178359031677246,2024-06-30T02:15:00Z,2,2,2,2,2,2,1,2,2,2,-4.13615292809804,-0.2292523032061092,,,,,,,,,,17.761495004965496,-2.5669005351284357,0.0,PS_011,1927.9735139781915,360.0,2.585645674857092
18.323022703272397,14.178359031677244,2024-06-30T02:30:00Z,4,4,4,4,4,4,1,4,4,4,-2.4933505163453216,-0.6220758763721608,,,,,,,,,,16.53453497974973,-2.0971886849751833,0.0,PS_011,392.0032144567295,359.99999999999994,3.3233506001934088
18.046517492378126,14.175891326122878,2024-06-30T02:45:00Z,4,4,4,4,4,4,1,4,4,4,-1.066337541670177,-0.2559222943482461,,,,,,,,,,16.500000000000004,-0.8052646181789367,0.0,PS_011,430.2887430335375,360.0,3.2181774238879237
18.0,14.178359031677244,2024-06-30T03:00:00Z,2,2,2,2,2,2,1,2,2,2,-1.1414283265239473,-0.18444097976394866,,,,,,,,,,16.655589830293827,-1.2251863645301573,0.0,PS_011,6557.1468773817805,360.0,3.0713667184391493
17.913018800049393,14.178359031677246,2024-06-30T03:15:00Z,3,3,3,3,3,3,1,3,3,3,-0.8118391239978987,-0.15816676818395303,,,,,,,,,,16.799999237060547,-0.35314513909663703,0.0,PS_011,591.3223099129945,359.99999999999994,2.600409828299919
17.700000762939453,14.178359031677246,2024-06-30T03:30:00Z,1,1,1,1,1,1,1,1,1,1,-0.8299999833106995,-0.10000000149011612,,,,,,,,,,16.799999237060547,-0.20000000298023224,0.0,PS_011,372.7272644042969,360.0,4.116000175476074
17.700000762939453,14.178359031677246,2024-06-30T03:45:00Z,1,1,1,1,1,1,1,1,1,1,-0.9700000286102295,-0.25,,,,,,,,,,16.799999237060547,-0.3199999928474426,0.0,PS_011,416.0,360.0,3.307999849319458
17.580632255763486,14.178359031677244,2024-06-30T04:00:00Z,4,4,4,4,4,4,1,4,4,4,-0.8697973308976492,-0.23384865633973304,,,,,,,,,,16.620947614679046,-0.3410458476722192,0.0,PS_011,402.05386239228756,359.99999999999994,4.133228956068519
17.20000076293945,14.178359031677246,2024-06-30T04:15:00Z,3,3,3,3,3,3,1,3,3,3,-1.0446349244681337,-0.38282019114448496,,,,,,,,,,16.40730030567297,-0.8694963813916927,0.0,PS_011,306.9599556457154,360.0,3.917600422220888
16.899999618530273,14.178359031677246,2024-06-30T04:30:00Z,1,1,1,1,1,1,1,1,1,1,-3.0299999713897705,-0.23999999463558197,,,,,,,,,,16.0,-2.5,0.0,PS_011,1438.0953369140625,360.0,4.712000370025635
16.649557919259923,14.178359031677246,2024-06-30T04:45:00Z,3,3,3,3,3,3,1,3,3,3,-1.4822648141565633,-0.3461809337309229,,,,,,,,,,15.60511701652537,-1.3818479768149603,0.0,PS_011,355.8105010641472,360.0,3.268652200704582
16.600000381469727,14.176771577016222,2024-06-30T05:00:00Z,2,2,2,2,2,2,1,2,2,2,-1.2841079760441836,-0.25678584489025674,,,,,,,,,,15.5,-0.893392903084168,0.0,PS_011,515.4146660515743,360.0,3.467864199274241
16.446323034657006,14.178359031677248,2024-06-30T05:15:00Z,2,2,2,2,2,2,1,2,2,2,-1.4431615823156148,-0.11937475213097962,,,,,,,,,,15.269484712568817,-0.7915807840052499,0.0,PS_011,754.4566848254075,360.00000000000006,3.352549715852837
16.100000381469727,14.173680305480957,2024-06-30T05:30:00Z,1,1,1,1,1,1,1,1,1,1,-1.0199999809265137,-0.1599999964237213,,,,,,,,,,15.199999809265137,-0.12999999523162842,0.0,PS_011,400.0,360.0,3.8080000877380367
16.031199596820944,14.178359031677246,2024-06-30T05:45:00Z,3,3,3,3,3,3,1,3,3,3,-2.164839004573589,-0.19348435231729952,,,,,,,,,,14.854132501668305,-1.1398102747634384,0.0,PS_011,796.0064124134269,360.0,4.095820449468667
16.036252211747758,14.178359031677246,2024-06-30T06:00:00Z,2,2,2,2,2,2,1,2,2,2,-1.3031334437819704,-0.14762418720427514,,,,,,,,,,14.699999809265135,-0.9497541435833398,0.0,PS_011,785.8754382087096,360.0,4.783256314137749
15.800000190734863,14.178359031677246,2024-06-30T06:15:00Z,3,3,3,3,3,3,1,3,3,3,-0.7445212751670697,-0.16311738826893946,,,,,,,,,,14.699999809265135,-0.05039181444448872,0.0,PS_011,401.6060232201718,359.99999999999994,3.3969422264878824
15.600000381469727,14.177279760805444,2024-06-30T06:30:00Z,3,3,3,3,3,3,1,3,3,3,-1.8695184665079798,-0.3589744875769313,,,,,,,,,,14.383330501256337,-1.6486861172796046,0.20000000298023224,PS_011,770.2736169284383,359.99999999999994,4.0946110530303805
15.332110599978941,14.175149977640677,2024-06-30T06:45:00Z,4,4,4,4,4,4,1,4,4,4,-0.3745095014338844,-0.4232067721687833,,,,,,,,,,13.66282392345405,0.2060570951874279,0.20000000298023224,PS_011,73.67989929189646,360.00000000000006,3.776285086018417
15.300000190734863,14.173680305480955,2024-06-30T07:00:00Z,1,1,1,1,1,1,1,1,1,1,0.4000000059604645,-0.38999998569488525,,,,,,,,,,13.300000190734863,1.2999999523162842,0.20000000298023224,PS_011,-249.99999999999997,360.0,4.5
15.600000381469727,14.178359031677246,2024-06-30T07:15:00Z,1,1,1,1,1,1,1,1,1,1,0.6399999856948853,0.0,,,,,,,,,,13.899999618530273,0.9499999880790709,0.20000000298023224,PS_011,252.63156127929688,360.0,0.3060000240802765
15.600000381469727,14.178359031677246,2024-06-30T07:30:00Z,1,1,1,1,1,1,1,1,1,1,0.2800000011920929,-0.2199999988079071,,,,,,,,,,14.399999618530273,1.0399999618530273,0.20000000298023224,PS_011,1150.0,360.0,2.9040000438690186
15.450000286102295,14.178359031677246,2024-06-30T07:45:00Z,0,0,0,0,0,0,1,0,0,0,0.03186401696813718,-0.16284681503004622,true,true,true,true,true,true,true,true,true,14.464595195351212,0.5922254564440583,0.20000000298023224,PS_011,605.1445833510279,360.0,2.846000075340271
15.300000190734863,14.178359031677244,2024-06-30T08:00:00Z,2,2,2,2,2,2,1,2,2,2,-0.21627196725581854,-0.10569363125218531,,,,,,,,,,14.529190772172148,0.14445095103508945,0.20000000298023224,PS_011,60.289166702055724,360.00000000000006,2.788000106811523
15.24036011386556,14.178359031677246,2024-06-30T08:15:00Z,3,3,3,3,3,3,1,3,3,3,-0.061905641530130485,-0.2184734098774286,,,,,,,,,,14.399999618530272,0.05955236519980068,0.20000000298023224,PS_011,-535.7528086892204,360.0,5.195052755456625
14.97072698412365,14.176080643034432,2024-06-30T08:30:00Z,4,4,4,4,4,4,1,4,4,4,-0.447127731644545,-0.25182931222373195,,,,,,,,,,14.226310773306544,-0.3786165308012708,0.20000000298023224,PS_011,345.7254769260875,360.0,3.8285669931272945
14.800000190734863,14.176248340809334,2024-06-30T08:45:00Z,2,2,2,2,2,2,1,2,2,2,-0.48872005992422646,-0.22984878861606411,,,,,,,,,,13.854887365709931,-0.39458505823600754,0.20000000298023224,PS_011,229.6443729059247,360.0,3.697566919529036
14.800000190734863,14.178359031677246,2024-06-30T09:00:00Z,1,1,1,1,1,1,1,1,1,1,-0.30000001192092896,-0.23000000417232513,,,,,,,,,,14.100000381469727,-0.46000000834465027,0.20000000298023224,PS_011,74.0740737915039,360.0,3.0960001945495605
14.756521469525879,14.178359031677243,2024-06-30T09:15:00Z,4,4,4,4,4,4,1,4,4,4,-0.5375321514405239,-0.16852122258361313,,,,,,,,,,13.93059856393638,-0.5446247135652849,0.20000000298023224,PS_011,254.10057272879644,360.0,3.4404627900889926
14.750721336529114,14.178359031677244,2024-06-30T09:30:00Z,0,0,0,0,0,0,1,0,0,0,-0.4892551153691559,-0.23109657317717838,true,true,true,true,true,true,true,true,true,13.642838870936878,-0.4073913066315995,0.20000000298023224,PS_011,230.1251670592152,360.0,3.098258550040637
14.744921203532352,14.178359031677246,2024-06-30T09:45:00Z,2,2,2,2,2,2,1,2,2,2,-0.4409780792977878,-0.29367192377074364,,,,,,,,,,13.355079177937375,-0.2701578996979141,0.20000000298023224,PS_011,206.1497613896339,360.0,2.7560543099922814
14.199999809265137,14.178359031677248,2024-06-30T10:00:00Z,2,2,2,2,2,2,1,2,2,2,3.6001708210155408,0.47055213232017995,,,,,,,,,,12.800000190734863,4.528948092190361,0.20000000298023224,PS_011,1158.5352385054844,360.0,3.7997300770956617
14.199999809265137,14.178359031677246,2024-06-30T10:15:00Z,3,3,3,3,3,3,1,3,3,3,13.601327622910558,2.590134686837883,,,,,,,,,,12.74487508526035,17.41363097536252,0.20000000298023224,PS_011,558.7336720210088,360.0,3.0364884939054524
14.238071114364894,14.177113877717748,2024-06-30T10:30:00Z,4,4,4,4,4,4,1,4,4,4,29.195183826076228,6.260044560495975,,,,,,,,,,12.889451912775382,41.96672479321033,0.20000000298023224,PS_011,465.86922263280235,359.99999999999994,2.4082558625023665
14.112379641193353,14.176369606182604,2024-06-30T10:45:00Z,4,4,4,4,4,4,1,4,4,4,61.08022466388758,15.551735792882091,,,,,,,,,,13.885925053255011,130.60802773500524,0.20000000298023224,PS_011,403.9527073001963,360.0,2.8766145841575206
14.756565658225199,14.174344070637753,2024-06-30T11:00:00Z,3,3,3,3,3,3,1,3,3,3,95.77186319848174,22.466492333998545,,,,,,,,,,16.813603861186866,171.79926754794474,0.20000000298023224,PS_011,428.30148114285726,360.00000000000006,2.5422267427563847
14.800000190734862,14.175809854956382,2024-06-30T11:15:00Z,4,4,4,4,4,4,1,4,4,4,93.78633548675536,19.557999740796397,,,,,,,,,,16.930248755721756,114.52534701377532,0.20000000298023224,PS_011,479.8102620027811,359.99999999999994,2.916692673784976
15.004415150948395,14.175543630208324,2024-06-30T11:30:00Z,4,4,4,4,4,4,1,4,4,4,132.1447223804891,26.57835403062564,,,,,,,,,,17.24859079345283,157.91857271554395,0.20000000298023224,PS_011,498.4524797862614,360.0,3.1391549043269604
15.761583891123095,14.177592779508746,2024-06-30T11:45:00Z,3,3,3,3,3,3,1,3,3,3,177.23218635902012,36.71647681165139,,,,,,,,,,20.497690218177766,260.7504301822386,0.20000000298023224,PS_011,492.4468336218575,360.0,2.5268970358765594
16.109070269177035,14.178359031677244,2024-06-30T12:00:00Z,4,4,4,4,4,4,1,4,4,4,255.44864587948908,63.45358631758958,,,,,,,,,,23.29929642883345,461.2628859708647,0.20000000298023224,PS_011,406.6659469926922,360.0,3.4536013826323293
16.66481288570626,14.178359031677244,2024-06-30T12:15:00Z,4,4,4,4,4,4,1,4,4,4,327.58358868435334,76.63022966288315,,,,,,,,,,28.026689951401774,529.2980381705097,0.20000000298023224,PS_011,427.80432669930315,360.0,4.568524226951716
17.64743577782683,14.178359031677246,2024-06-30T12:30:00Z,3,3,3,3,3,3,1,3,3,3,477.74875159585184,94.18518730568641,,,,,,,,,,33.53584394468224,630.4377381794311,0.20000000298023224,PS_011,509.3873830395827,360.0,3.134175785901508
17.218696232831345,14.178359031677246,2024-06-30T12:45:00Z,4,4,4,4,4,4,1,4,4,4,305.216423299746,55.15310658328078,,,,,,,,,,29.15202186351501,315.30454673928176,0.20000000298023224,PS_011,554.1082541368202,360.0,3.476798782783788
17.456592486807764,14.178359031677244,2024-06-30T13:00:00Z,3,3,3,3,3,3,1,3,3,3,325.57295526839556,59.41045839643587,,,,,,,,,,27.407711282854986,335.47280833840233,0.20000000298023224,PS_011,547.4735751118714,360.0,2.798473166379511
17.86253252006031,14.178359031677246,2024-06-30T13:15:00Z,4,4,4,4,4,4,1,4,4,4,333.9172295389202,61.955436972014056,,,,,,,,,,27.96644833027415,336.21449528894607,0.20000000298023224,PS_011,535.1603227575428,359.99999999999994,3.086029249792781
18.1684302406311,14.178359031677246,2024-06-30T13:30:00Z,4,4,4,4,4,4,1,4,4,4,364.91946895511745,67.64748481468372,,,,,,,,,,29.505291792746664,361.35989817255376,0.20000000298023224,PS_011,538.5393413629521,359.99999999999994,3.600577842405939
18.08472284273159,14.178359031677246,2024-06-30T13:45:00Z,3,3,3,3,3,3,1,3,3,3,338.48373142381774,64.04880136720222,,,,,,,,,,28.971790132436773,318.4607987105305,0.20000000298023224,PS_011,528.686233765075,360.0,3.461899594181442
18.35964844462228,14.178359031677244,2024-06-30T14:00:00Z,4,4,4,4,4,4,1,4,4,4,354.16186566281675,64.4345796117462,,,,,,,,,,28.535144151403532,342.09689519202766,0.20000000298023224,PS_011,549.4370765354336,359.99999999999994,3.953255519023339
18.70386598744162,14.178359031677248,2024-06-30T14:15:00Z,4,4,4,4,4,4,1,4,4,4,437.1753631967214,75.31226720534481,,,,,,,,,,29.91089283468017,442.94104762133145,0.20000000298023224,PS_011,616.6277144714345,360.0,4.030752919343488
19.39646679075053,14.180047485271091,2024-06-30T14:30:00Z,3,3,3,3,3,3,1,3,3,3,418.9067695330915,72.70186203986522,,,,,,,,,,36.03489694833372,431.74449916664196,0.20000000298023224,PS_011,573.557710692451,360.0,2.4885464651233287
19.489022067362317,14.179112604250834,2024-06-30T14:45:00Z,4,4,4,4,4,4,1,4,4,4,511.7395686012207,79.46173838428524,,,,,,,,,,34.56286071602813,504.0722518081556,0.20000000298023224,PS_011,644.9682745038729,360.0,1.4477465877838607
20.46878582995386,14.180201961079876,2024-06-30T15:00:00Z,4,4,4,4,4,4,1,4,4,4,633.5086050685077,96.43283111368976,,,,,,,,,,37.430005877010004,586.0751694747715,0.20000000298023224,PS_011,653.0767985081885,360.0,2.168390487413366
20.700000762939453,14.17926723445581,2024-06-30T15:15:00Z,3,3,3,3,3,3,1,3,3,3,625.0683013350915,96.2109049600149,,,,,,,,,,36.2770327620011,543.8070473363241,0.20000000298023224,PS_011,649.0368042913123,360.0,3.19937539765406
21.349922166102065,14.181834549812443,2024-06-30T15:30:00Z,4,4,4,4,4,4,1,4,4,4,619.2415417781259,102.02872875755423,,,,,,,,,,36.86970953156666,501.6894027393961,0.20000000298023224,PS_011,607.1098655184416,360.0,1.7212027630945412
22.49376332086213,14.183706283569336,2024-06-30T15:45:00Z,3,3,3,3,3,3,1,3,3,3,614.1480040697714,110.29570187716503,,,,,,,,,,38.49376332086213,470.7148342123019,0.20000000298023224,PS_011,556.6149832633375,360.0,0.27787944770842005
22.73742701732196,14.183084900753556,2024-06-30T16:00:00Z,4,4,4,4,4,4,1,4,4,4,618.120470796335,124.54690848587634,,,,,,,,,,38.60032472865018,444.3932081852657,0.20000000298023224,PS_011,497.30946310144833,359.99999999999994,1.1505309961790633
23.259784645818247,14.180022352627242,2024-06-30T16:15:00Z,4,4,4,4,4,4,1,4,4,4,768.5309480343924,163.06303952104483,,,,,,,,,,38.973513492696576,534.5746348969989,0.20000000298023224,PS_011,475.3507601941322,360.0,2.5159435812511326
22.23632992233999,14.183706283569338,2024-06-30T16:30:00Z,3,3,3,3,3,3,1,3,3,3,640.554913775213,145.42161539302097,,,,,,,,,,36.19971754240431,414.9482625769606,0.20000000298023224,PS_011,439.87530125538575,360.0,0.3890205152925204
22.529744976619792,14.183706283569334,2024-06-30T16:45:00Z,4,4,4,4,4,4,1,4,4,4,507.41571986158095,122.68734117113253,,,,,,,,,,33.96368059739545,308.90875098586326,0.20000000298023224,PS_011,412.78414667563226,360.00000000000006,1.2760957949140959
23.015727599394474,14.183706283569338,2024-06-30T17:00:00Z,4,4,4,4,4,4,1,4,4,4,558.2153181884006,145.5802077521145,,,,,,,,,,33.869233343221644,278.52168831108054,0.20000000298023224,PS_011,383.56146605996037,359.99999999999994,2.6614534903525757
23.540397573612008,14.182896827396457,2024-06-30T17:15:00Z,3,3,3,3,3,3,1,3,3,3,640.1193832546734,170.5893326811749,,,,,,,,,,33.22119310230574,309.8376383516756,0.20000000298023224,PS_011,368.346679660601,360.00000000000006,3.1546546796773915
22.842187866661348,14.183706283569334,2024-06-30T17:30:00Z,4,4,4,4,4,4,1,4,4,4,573.0708578543895,160.6182887831544,,,,,,,,,,31.792041389143492,248.80999127548307,0.20000000298023224,PS_011,353.77207287646735,360.00000000000006,2.7218804302048145
23.16792577911309,14.183706283569334,2024-06-30T17:45:00Z,4,4,4,4,4,4,1,4,4,4,476.1470309231435,152.5736730975154,,,,,,,,,,29.601493228267216,164.13141244407143,0.20000000298023224,PS_011,311.96351565195636,359.99999999999994,2.227028047552173
23.149517185997166,14.182641522581449,2024-06-30T18:00:00Z,3,3,3,3,3,3,1,3,3,3,434.27371875952,142.9489983187887,,,,,,,,,,27.969956706723682,119.89805874746243,0.20000000298023224,PS_011,303.68893832021166,360.00000000000006,2.8978519006665384
23.57024493948926,14.183706283569336,2024-06-30T18:15:00Z,4,4,4,4,4,4,1,4,4,4,388.18984809230307,136.32571903727393,,,,,,,,,,26.98161154438982,91.58045261986014,0.20000000298023224,PS_011,284.7599664464807,359.99999999999994,3.0673384358900924
22.757873714046973,14.180393181118005,2024-06-30T18:30:00Z,3,3,3,3,3,3,1,3,3,3,351.8846073529765,139.542569805228,,,,,,,,,,25.750935062973024,84.91016050442029,0.20000000298023224,PS_011,252.2821099402398,360.0,3.4082662005330886
22.75426210305928,14.183706283569336,2024-06-30T18:45:00Z,4,4,4,4,4,4,1,4,4,4,311.8798873646238,160.4958424095772,,,,,,,,,,26.918268946573914,74.70904615837823,0.20000000298023224,PS_011,194.19624283669404,360.0,2.1067784223584236
22.659293684398662,14.180013089247694,2024-06-30T19:00:00Z,4,4,4,4,4,4,1,4,4,4,264.4913694485977,173.90246836529712,,,,,,,,,,26.865614664835952,64.82118817894921,0.20000000298023224,PS_011,152.2014269127335,360.00000000000006,2.81921571683115
22.056981445180224,14.183706283569338,2024-06-30T19:15:00Z,3,3,3,3,3,3,1,3,3,3,94.83411303135955,52.235999496020064,,,,,,,,,,24.465150490036716,42.93330322782218,0.20000000298023224,PS_011,184.31735801496276,360.0,2.9362625181157127
21.32054033263358,14.180706886917022,2024-06-30T19:30:00Z,4,4,4,4,4,4,1,4,4,4,88.48300912694295,52.17098907522964,,,,,,,,,,21.631006958967156,44.405467884870454,0.20000000298023224,PS_011,216.68470311266802,360.0,2.8494090486687464
20.958282026467575,14.180699945401296,2024-06-30T19:45:00Z,4,4,4,4,4,4,1,4,4,4,54.478620680313405,28.90230419831953,,,,,,,,,,20.86416860849067,34.22345135158751,0.20000000298023224,PS_011,199.57375979053842,360.0,3.310557436954794
20.399999618530273,14.179934928265595,2024-06-30T20:00:00Z,3,3,3,3,3,3,1,3,3,3,42.38370305314349,14.215883488564568,,,,,,,,,,19.260576303581775,26.593000811038717,0.20000000298023224,PS_011,299.44122133801113,359.99999999999994,2.2854395934655285
20.1405853804948,14.178359031677246,2024-06-30T20:15:00Z,4,4,4,4,4,4,1,4,4,4,36.68599073414862,18.33653135968094,,,,,,,,,,19.083058041961667,26.555618723168507,0.20000000298023224,PS_011,252.21606749821498,360.00000000000006,2.369483743788527
19.910392210948515,14.178359031677244,2024-06-30T20:30:00Z,4,4,4,4,4,4,1,4,4,4,9.832525142996245,2.9064835866634726,,,,,,,,,,18.25709538980483,9.051742264675456,0.20000000298023224,PS_011,342.3200590520513,359.99999999999994,2.447545683028647
19.89999961853027,14.178359031677246,2024-06-30T20:45:00Z,3,3,3,3,3,3,1,3,3,3,1.7882446996129606,0.523767809374635,,,,,,,,,,17.89999961853027,2.355937965884743,0.20000000298023224,PS_011,536.2413723676547,360.00000000000006,1.7770915536918843
19.54590729601021,14.178359031677248,2024-06-30T21:00:00Z,3,3,3,3,3,3,1,3,3,3,-1.5401488573682742,-0.6631811045541928,,,,,,,,,,17.232041710178816,-1.0428870228922518,0.20000000298023224,PS_011,228.23618098289472,360.00000000000006,1.6655365648886573
19.27719104540978,14.178359031677246,2024-06-30T21:15:00Z,4,4,4,4,4,4,1,4,4,4,-3.164308040248037,-0.9058318215737947,,,,,,,,,,16.20495288535792,-1.6934588739529135,0.20000000298023224,PS_011,381.84100838636624,360.0,1.560666037536628
18.799999237060547,14.178359031677246,2024-06-30T21:30:00Z,3,3,3,3,3,3,1,3,3,3,-1.7806920727731195,-0.5923033284008516,,,,,,,,,,15.016941551036265,-0.6347129041419713,0.20000000298023224,PS_011,281.5487722092715,360.00000000000006,1.4789686537927589
18.951203180328697,14.178359031677246,2024-06-30T21:45:00Z,2,2,2,2,2,2,1,2,2,2,-0.8096791044858888,0.529919776597975,,,,,,,,,,16.40080186590598,1.61223226641914,0.20000000298023224,PS_011,-208.74669974201578,360.0,2.8140997839133592
18.551776726991342,14.178359031677246,2024-06-30T22:00:00Z,3,3,3,3,3,3,1,3,3,3,-3.024636646850972,-0.527753174851291,,,,,,,,,,16.01889933126055,-1.048690094221884,0.20000000298023224,PS_011,645.2059508408577,359.99999999999994,1.9427001515479532
18.096628047481904,14.178359031677246,2024-06-30T22:15:00Z,4,4,4,4,4,4,1,4,4,4,-3.222098922173521,-0.7740836638652419,,,,,,,,,,14.697922122058456,-1.217165599478893,0.20000000298023224,PS_011,390.6629862414166,360.0,2.463030851664567
17.74573914622028,14.178359031677244,2024-06-30T22:30:00Z,4,4,4,4,4,4,1,4,4,4,-2.546590237674482,-0.6030621356427338,,,,,,,,,,14.100000381469727,-0.7734605385706887,0.20000000298023224,PS_011,452.72765938920065,360.0,2.568584975597595
17.249198200564344,14.178359031677246,2024-06-30T22:45:00Z,3,3,3,3,3,3,1,3,3,3,-3.007179833296126,-1.0129237299812186,,,,,,,,,,13.575072740000834,-1.6329757110989491,0.20000000298023224,PS_011,304.01078841450084,360.00000000000006,2.253379733320423
16.67157475960255,14.178359031677248,2024-06-30T23:00:00Z,4,4,4,4,4,4,1,4,4,4,-2.8023193272195615,-0.8691670330867756,,,,,,,,,,12.907667956356624,-1.0212385097369368,0.20000000298023224,PS_011,300.4520672130341,360.0,1.563716613328535
16.529091814242303,14.178359031677244,2024-06-30T23:15:00Z,4,4,4,4,4,4,1,4,4,4,-2.3453735461355336,-0.309007683238709,,,,,,,,,,12.32996218451283,-0.24515293725659063,0.20000000298023224,PS_011,911.544947454023,360.0,2.2810088019681345
16.05693103238844,14.17501816851587,2024-06-30T23:30:00Z,3,3,3,3,3,3,1,3,3,3,-2.570103976629825,-0.22295542829468926,,,,,,,,,,12.499999999999998,-0.0934246686334568,0.20000000298023224,PS_011,1804.3208476480697,359.99999999999994,2.9251756314971606
15.735549285224389,14.178359031677244,2024-06-30T23:45:00Z,2,2,2,2,2,2,1,2,2,2,-2.5050145861574746,-0.4695666497123478,,,,,,,,,,12.199999809265137,-0.5178038429997782,0.20000000298023224,PS_011,597.8366072803143,359.99999999999994,3.1358638462325543
,,2024-07-01T00:00:00Z,0,0,0,0,0,0,1,0,0,0,,,,,,,,,,,,,,0.20000000298023224,PS_011,,,
,,2024-07-01T00:15:00Z,0,0,0,0,0,0,1,0,0,0,,,,,,,,,,,,,,0.20000000298023224,PS_011,,,
,,2024-07-01T00:30:00Z,0,0,0,0,0,0,1,0,0,0,,,,,,,,,,,,,,0.20000000298023224,PS_011,,,
,,2024-07-01T00:45:00Z,0,0,0,0,0,0,1,0,0,0,,,,,,,,,,,,,,0.20000000298023224,PS_011,,,
15.600000381469727,14.178359031677246,2024-07-01T01:00:00Z,1,1,1,1,1,1,1,1,1,1,-0.9599999785423279,0.23999999463558197,,,,,,,,,,13.600000381469728,0.5899999737739563,0.20000000298023224,PS_011,-927.2727050781249,359.99999999999994,3.384000062942505
15.800000190734865,14.178359031677246,2024-07-01T01:15:00Z,1,1,1,1,1,1,1,1,1,1,-1.059999942779541,0.10000000149011612,,,,,,,,,,13.800000190734863,0.5199999809265137,0.20000000298023224,PS_011,1716.6666259765625,360.0,3.5960001945495605
15.600000381469727,14.173680305480957,2024-07-01T01:30:00Z,1,1,1,1,1,1,1,1,1,1,-1.9700000286102295,-0.449999988079071,,,,,,,,,,13.600000381469727,-0.8899999856948854,0.20000000298023224,PS_011,513.5134887695312,360.0,4.4039998054504395
,,2024-07-01T01:45:00Z,0,0,0,0,0,0,1,0,0,0,,,,,,,,,,,,,,0.20000000298023224,PS_011,,,
,,2024-07-01T02:00:00Z,0,0,0,0,0,0,1,0,0,0,,,,,,,,,,,,,,0.20000000298023224,PS_011,,,
,,2024-07-01T02:15:00Z,0,0,0,0,0,0,1,0,0,0,,,,,,,,,,,,,,0.20000000298023224,PS_011,,,
15.0,14.174686183138046,2024-07-01T02:30:00Z,2,2,2,2,2,2,1,2,2,2,-1.0608480246858405,-0.21280083341674774,,,,,,,,,,13.878500777623321,-0.7071991651677964,0.20000000298023224,PS_011,273.5217313309162,360.0,3.6396286790557544
15.0,14.178359031677246,2024-07-01T02:45:00Z,2,2,2,2,2,2,1,2,2,2,-1.1398406640548726,-0.2815839022128444,,,,,,,,,,13.600000381469727,-0.7620618828965425,0.20000000298023224,PS_011,564.5664270769879,360.0,3.835407766776674
14.900000095367432,14.178359031677246,2024-07-01T03:00:00Z,0,0,0,0,0,0,1,0,0,0,-1.2243329248928128,-0.27619687084837974,true,true,true,true,true,true,true,true,true,13.450000286102295,-0.7821678055092884,0.20000000298023224,PS_011,668.5378145911498,360.0,3.750376545434658
14.800000190734863,14.178359031677246,2024-07-01T03:15:00Z,3,3,3,3,3,3,1,3,3,3,-1.308825185730753,-0.2708098394839151,,,,,,,,,,13.300000190734865,-0.8022737281220343,0.20000000298023224,PS_011,772.5092021053116,360.0,3.665345324092642
14.800000190734863,14.178359031677246,2024-07-01T03:30:00Z,2,2,2,2,2,2,1,2,2,2,-1.1129812345202768,-0.1983159775330342,,,,,,,,,,13.0,-0.9143201354224111,0.20000000298023224,PS_011,1178.2116049591366,360.0,3.9737548048781837
14.5,14.178359031677246,2024-07-01T03:45:00Z,1,1,1,1,1,1,1,1,1,1,-1.059999942779541,-0.14000000059604645,,,,,,,,,,12.999999999999998,-0.4000000059604645,0.20000000298023224,PS_011,-1919.9998779296875,360.0,4.5960001945495605
14.199999809265137,14.173680305480957,2024-07-01T04:00:00Z,1,1,1,1,1,1,1,1,1,1,-1.8700000047683714,-0.5099999904632568,,,,,,,,,,12.800000190734863,-1.1399999856948853,0.20000000298023224,PS_011,433.3333435058594,360.00000000000006,5.0960001945495605
14.208517693238374,14.178359031677246,2024-07-01T04:15:00Z,4,4,4,4,4,4,1,4,4,4,-2.004152498591104,-0.5779816688729926,,,,,,,,,,12.11639604555944,-1.57102180513494,0.20000000298023224,PS_011,498.3343227251071,360.0,3.0584093070249563
13.999999999999998,14.174861368858938,2024-07-01T04:30:00Z,2,2,2,2,2,2,1,2,2,2,-1.4480595061853578,-0.2228162444027353,,,,,,,,,,11.775729660468112,-0.6358271154299164,0.20000000298023224,PS_011,514.3950027553631,360.0,2.809860388616793
,,2024-07-01T04:45:00Z,0,0,0,0,0,0,1,0,0,0,,,,,,,,,,,,,,0.20000000298023224,PS_011,,,
,,2024-07-01T05:00:00Z,0,0,0,0,0,0,1,0,0,0,,,,,,,,,,,,,,0.20000000298023224,PS_011,,,
,,2024-07-01T05:15:00Z,0,0,0,0,0,0,1,0,0,0,,,,,,,,,,,,,,0.20000000298023224,PS_011,,,
13.699999809265137,14.178359031677246,2024-07-01T05:30:00Z,1,1,1,1,1,1,1,1,1,1,-0.5899999737739562,0.2800000011920929,,,,,,,,,,12.5,-0.23999999463558197,0.20000000298023224,PS_011,-250.0,360.0,3.5759999752044678
,,2024-07-01T05:45:00Z,0,0,0,0,0,0,1,0,0,0,,,,,,,,,,,,,,0.20000000298023224,PS_011,,,
,,2024-07-01T06:00:00Z,0,0,0,0,0,0,1,0,0,0,,,,,,,,,,,,,,0.20000000298023224,PS_011,,,
,,2024-07-01T06:15:00Z,0,0,0,0,0,0,1,0,0,0,,,,,,,,,,,,,,0.20000000298023224,PS_011,,,
,,2024-07-01T06:30:00Z,0,0,0,0,0,0,1,0,0,0,,,,,,,,,,,,,,0.20000000298023224,PS_011,,,
,,2024-07-01T06:45:00Z,0,0,0,0,0,0,1,0,0,0,,,,,,,,,,,,,,0.20000000298023224,PS_011,,,
,,2024-07-01T07:00:00Z,0,0,0,0,0,0,1,0,0,0,,,,,,,,,,,,,,0.20000000298023224,PS_011,,,
13.699999809265135,14.175829275132108,2024-07-01T07:15:00Z,3,3,3,3,3,3,1,3,3,3,-0.9285499983908048,-0.267890929713731,,,,,,,,,,12.245010672766837,-0.9219959486716107,0.20000000298023224,PS_011,-25.411046851521423,360.0,2.5983667270291684
13.849999904632568,14.176670404475395,2024-07-01T07:30:00Z,0,0,0,0,0,0,1,0,0,0,-0.7730472797895047,-0.07536006975074011,true,true,true,true,true,true,true,true,true,12.52250543175085,-0.7795229844964893,0.20000000298023224,PS_011,-482.29049597887825,360.0,2.8848550413670218
14.0,14.177511533818683,2024-07-01T07:45:00Z,2,2,2,2,2,2,1,2,2,2,-0.6175445611882047,0.11717079021225078,,,,,,,,,,12.800000190734865,-0.6370500203213679,0.20000000298023224,PS_011,-939.1699451062351,360.0,3.1713433557048756
13.304728513269723,14.1755297686993,2024-07-01T08:00:00Z,4,4,4,4,4,4,1,4,4,4,-1.6192119112951926,-0.3252572079726906,,,,,,,,,,12.025613447643472,-1.558480375588781,0.20000000298023224,PS_011,569.7456989353976,360.0,2.949852570789442
13.100000381469727,14.178359031677246,2024-07-01T08:15:00Z,2,2,2,2,2,2,1,2,2,2,-1.058831900736888,-0.30155744384320565,,,,,,,,,,12.000000000000002,-0.5384425597330731,0.20000000298023224,PS_011,290.1169636384141,360.0,2.4576814769065876
13.24863750364851,14.17604091779105,2024-07-01T08:30:00Z,2,2,2,2,2,2,1,2,2,2,-0.5334104134668863,-0.2254995847534615,,,,,,,,,,12.0,-0.4502724880532005,0.20000000298023224,PS_011,-771.0649382470812,360.0,4.100495684073598
,,2024-07-01T08:45:00Z,0,0,0,0,0,0,1,0,0,0,,,,,,,,,,,,,,0.20000000298023224,PS_011,,,
,,2024-07-01T09:00:00Z,0,0,0,0,0,0,1,0,0,0,,,,,,,,,,,,,,0.20000000298023224,PS_011,,,
12.928199002539245,14.177699348210329,2024-07-01T09:15:00Z,3,3,3,3,3,3,1,3,3,3,-0.5355665635867715,-0.8348959994494248,,,,,,,,,,12.171815405216462,-0.7074532129104857,0.6000000238418579,PS_011,40.79482150390391,360.0,3.704605952254021
12.647640099235243,14.177034612592829,2024-07-01T09:30:00Z,4,4,4,4,4,4,1,4,4,4,-0.4763109397539712,-0.39840240704052443,,,,,,,,,,12.0,-0.5364000602865411,1.8000000715255737,PS_011,144.56958702282319,360.0,1.3038122752159402
12.647895638092175,14.1754479106161,2024-07-01T09:45:00Z,4,4,4,4,4,4,1,4,4,4,-0.4018529977147119,-0.20513301531728856,,,,,,,,,,11.914887879512424,-0.38329732851268256,3.200000047683716,PS_011,95.2337369680001,360.00000000000006,3.233645902349686
12.600000381469727,14.17590698984644,2024-07-01T10:00:00Z,2,2,2,2,2,2,1,2,2,2,1.038576910134298,0.12506840489337007,,,,,,,,,,11.699999809265137,0.7600218740440626,3.6000001430511475,PS_011,458.2442687601912,360.0,3.910228707128442
12.899999618530275,14.1750658534366,2024-07-01T10:15:00Z,4,4,4,4,4,4,1,4,4,4,2.4570366958269747,0.2926316929003169,,,,,,,,,,11.957915714054906,2.1392532238156408,4.0,PS_011,533.1922157188852,360.00000000000006,2.7937650861007812
12.795650875938177,14.175506985498085,2024-07-01T10:30:00Z,4,4,4,4,4,4,1,4,4,4,9.547702404043386,1.2390210086835913,,,,,,,,,,12.069565938966917,8.876043088925002,4.200000286102295,PS_011,743.7098777238429,359.9999999999999,2.709145949372093
12.600000381469727,14.175456985080906,2024-07-01T10:45:00Z,3,3,3,3,3,3,1,3,3,3,8.276210755560795,1.0479404334093563,,,,,,,,,,12.03393172963675,8.23113088575484,4.599999904632568,PS_011,737.6297352472308,360.0,0.002714541088661807
12.705528723304445,14.178359031677248,2024-07-01T11:00:00Z,4,4,4,4,4,4,1,4,4,4,5.364410700956613,0.5507999309490651,,,,,,,,,,12.000000000000002,4.657777009784163,4.800000190734863,PS_011,798.9343756410817,360.00000000000006,2.0147015858852946
12.600000381469727,14.175448250933652,2024-07-01T11:15:00Z,3,3,3,3,3,3,1,3,3,3,12.009051722101349,1.4347487066849656,,,,,,,,,,12.0,11.136667585793003,6.0,PS_011,865.7226111673807,360.00000000000006,1.8851967521178006
12.797226246837013,14.174963137144546,2024-07-01T11:30:00Z,4,4,4,4,4,4,1,4,4,4,12.625594553695986,2.2925562210320596,,,,,,,,,,12.0,11.36244493935056,6.200000286102295,PS_011,550.9304000364799,360.0,2.808906895019647
12.899999618530275,14.175136071230906,2024-07-01T11:45:00Z,4,4,4,4,4,4,1,4,4,4,35.14938073252652,5.788562809555142,,,,,,,,,,12.090387732689605,29.97511153176521,6.599999904632568,PS_011,607.3183222806053,359.99999999999994,3.4446287706372454
13.038062199989943,14.17512925891484,2024-07-01T12:00:00Z,3,3,3,3,3,3,1,3,3,3,69.24657170993399,10.33224808381632,,,,,,,,,,12.45487188775793,60.835421856900545,6.800000190734863,PS_011,671.7246274913665,360.0,2.1376510096718846
12.639378743002117,14.174428805194037,2024-07-01T12:15:00Z,4,4,4,4,4,4,1,4,4,4,40.44853849800982,7.974906161061518,,,,,,,,,,12.152203816649887,35.36082038278872,6.800000190734863,PS_011,504.6858755396638,360.0,3.891858451014487
12.520751822469284,14.176374804728665,2024-07-01T12:30:00Z,4,4,4,4,4,4,1,4,4,4,61.613401971239924,12.664198226118158,,,,,,,,,,12.110154318166996,49.14067534160739,6.800000190734863,PS_011,485.8884423238463,360.0,4.50043094278713
12.361937473108336,14.177801333820357,2024-07-01T12:45:00Z,4,4,4,4,4,4,1,4,4,4,129.57429529184023,22.687234505063383,,,,,,,,,,12.761451031791214,108.14056393586398,6.800000190734863,PS_011,569.7995731462065,360.0,3.754672132878799
12.650633219847377,14.177341013239328,2024-07-01T13:00:00Z,3,3,3,3,3,3,1,3,3,3,156.4241901092489,28.270347056892426,,,,,,,,,,14.603204495326413,137.11755199874423,6.800000190734863,PS_011,553.2983973067713,360.0,2.5138127494153086
13.033733673323612,14.176971931376878,2024-07-01T13:15:00Z,4,4,4,4,4,4,1,4,4,4,250.2019139201955,39.6582488529312,,,,,,,,,,16.970807439766617,228.0343590501359,6.800000190734863,PS_011,630.1838887136356,360.0,1.9148155619849574
13.3576152084443,14.178359031677246,2024-07-01T13:30:00Z,3,3,3,3,3,3,1,3,3,3,223.50973877562484,37.94076519817311,,,,,,,,,,19.0,199.4136065954107,6.800000190734863,PS_011,589.5182030959132,360.00000000000006,1.041124310216393
13.699999809265138,14.178359031677246,2024-07-01T13:45:00Z,4,4,4,4,4,4,1,4,4,4,266.46502003054434,43.929965744395446,,,,,,,,,,19.942955021692985,234.04230688791614,6.800000190734863,PS_011,606.8986178818791,360.0,2.350411527866631
13.929831068017688,14.175415916820482,2024-07-01T14:00:00Z,3,3,3,3,3,3,1,3,3,3,259.7437406161794,42.166945283130765,,,,,,,,,,21.212068805582,227.0466787714337,6.800000190734863,PS_011,616.1271790155868,360.0,2.3602232713455344
14.39340255858995,14.178359031677246,2024-07-01T14:15:00Z,4,4,4,4,4,4,1,4,4,4,264.3810788653643,43.13579875427865,,,,,,,,,,21.934091000001555,233.8789503182413,6.800000190734863,PS_011,612.610750889105,360.0,1.0253909773702288
14.394867728481893,14.178359031677246,2024-07-01T14:30:00Z,3,3,3,3,3,3,1,3,3,3,255.1082617681681,42.176246889157305,,,,,,,,,,22.5,227.3325862163229,6.800000190734863,PS_011,604.7886828366985,360.0,1.5589959329614562
14.32184407733935,14.178359031677246,2024-07-01T14:45:00Z,4,4,4,4,4,4,1,4,4,4,261.74874958006194,44.93026808723772,,,,,,,,,,21.65757091301305,220.73213624108755,6.800000190734863,PS_011,582.580098668109,360.0,2.0073330093702237
14.690210801929169,14.178359031677246,2024-07-01T15:00:00Z,3,3,3,3,3,3,1,3,3,3,263.5410437984421,44.393492517682226,,,,,,,,,,21.939806291577536,231.55956294527854,6.800000190734863,PS_011,592.6454732186976,360.0,1.35690261110685
14.800000190734863,14.17701466264008,2024-07-01T15:15:00Z,4,4,4,4,4,4,1,4,4,4,211.73207995102692,38.113527914665646,,,,,,,,,,21.933206548022657,188.2771333418479,6.800000190734863,PS_011,552.3846441601743,359.99999999999994,0.9652638189999065
14.965813804707023,14.178359031677248,2024-07-01T15:30:00Z,3,3,3,3,3,3,1,3,3,3,261.01002432748027,48.035785257500116,,,,,,,,,,21.179957393956723,215.47676786590318,6.800000190734863,PS_011,544.0117871604987,360.0,1.0600145154617133
15.102535156269134,14.178359031677246,2024-07-01T15:45:00Z,4,4,4,4,4,4,1,4,4,4,315.78192340686434,55.012559761784836,,,,,,,,,,22.86244876535529,267.3376596602522,6.800000190734863,PS_011,574.0579508879068,359.99999999999994,3.1326905295395204
15.155179089804406,14.178359031677244,2024-07-01T16:00:00Z,3,3,3,3,3,3,1,3,3,3,412.6994480870703,70.94490000907969,,,,,,,,,,23.85543043196016,341.9518489654632,6.800000190734863,PS_011,574.8165941591153,360.0,1.759826235374591
16.19529737019718,14.178359031677246,2024-07-01T16:15:00Z,4,4,4,4,4,4,1,4,4,4,641.0581167118726,120.54698435409153,,,,,,,,,,28.699205720819695,468.67365431061836,6.800000190734863,PS_011,534.3170432634472,360.0000000000001,2.286760592705922
15.897053389092802,14.178359031677246,2024-07-01T16:30:00Z,3,3,3,3,3,3,1,3,3,3,386.9077911082076,78.5210134626133,,,,,,,,,,27.22890796283751,269.89505857246496,6.800000190734863,PS_011,491.92029222204735,360.0,1.456461893424125
16.008878408321596,14.178359031677244,2024-07-01T16:45:00Z,4,4,4,4,4,4,1,4,4,4,295.339529957735,58.36550131001109,,,,,,,,,,25.342680326641553,222.08115678515864,6.800000190734863,PS_011,509.4097427148683,360.0,1.6451512741892813
16.152402351234993,14.178359031677248,2024-07-01T17:00:00Z,3,3,3,3,3,3,1,3,3,3,347.19068530101106,67.78847162627221,,,,,,,,,,24.47381197458537,264.332974387888,6.800000190734863,PS_011,522.195392414177,360.0,2.3773715009298084
16.475279178749478,14.178359031677246,2024-07-01T17:15:00Z,4,4,4,4,4,4,1,4,4,4,364.2589223608821,81.08698250705869,,,,,,,,,,24.63717557048449,230.61356799089216,6.800000190734863,PS_011,450.48458116092314,359.99999999999994,2.7875868084998965
16.66944935591657,14.178359031677246,2024-07-01T17:30:00Z,3,3,3,3,3,3,1,3,3,3,595.2164723049466,143.43859105509108,,,,,,,,,,22.962267381312454,254.25399451569302,6.800000190734863,PS_011,406.916420028077,359.99999999999994,2.5635249559427455
17.127798071868686,14.179166700533838,2024-07-01T17:45:00Z,4,4,4,4,4,4,1,4,4,4,479.2967988887085,135.5130980238696,,,,,,,,,,23.750439284257055,157.4666447050843,6.800000190734863,PS_011,352.7696466440192,360.0,2.4205389330955382
17.399999618530277,14.178359031677248,2024-07-01T18:00:00Z,3,3,3,3,3,3,1,3,3,3,464.4298455250163,136.59907534816776,,,,,,,,,,21.824752741742337,116.85045018340195,6.800000190734863,PS_011,340.2216605779768,360.0,2.6370180233616933
18.064585340737363,14.182130728835928,2024-07-01T18:15:00Z,4,4,4,4,4,4,1,4,4,4,412.7420240022518,127.97363512249827,,,,,,,,,,22.014602563998274,78.19850659444455,6.800000190734863,PS_011,322.3237657082938,360.0,2.666756364827004
17.80608215407416,14.179224973514998,2024-07-01T18:30:00Z,3,3,3,3,3,3,1,3,3,3,370.2653228343594,131.25684902669863,,,,,,,,,,21.230133858287207,65.5088405571144,6.800000190734863,PS_011,282.4593326310818,360.0,1.5481617300843251
18.02750674539544,14.178359031677246,2024-07-01T18:45:00Z,4,4,4,4,4,4,1,4,4,4,327.228202012375,158.18556609862677,,,,,,,,,,22.372470320060803,58.06746126853373,6.800000190734863,PS_011,207.15874851979785,360.0,2.6069568619486625
18.13161218504523,14.182788324498576,2024-07-01T19:00:00Z,3,3,3,3,3,3,1,3,3,3,278.7442088637283,181.23845988872165,,,,,,,,,,22.311163687743413,53.71716387081003,6.800000190734863,PS_011,153.75162256839897,359.99999999999994,3.2204468659726517
17.73888769659111,14.179052160871784,2024-07-01T19:15:00Z,4,4,4,4,4,4,1,4,4,4,234.25688845941147,202.70864232457555,,,,,,,,,,21.28128289500798,47.05288958554777,6.800000190734863,PS_011,115.54318138357682,359.99999999999994,2.0586441699809575
17.52014147682065,14.179275226847679,2024-07-01T19:30:00Z,3,3,3,3,3,3,1,3,3,3,182.75486488013775,212.9276200658315,,,,,,,,,,22.080094572193584,39.17313758071588,6.800000190734863,PS_011,85.78770324278463,360.00000000000006,2.9963958079699258
17.42174021759709,14.178359031677246,2024-07-01T19:45:00Z,4,4,4,4,4,4,1,4,4,4,138.37819315121502,214.8541428137972,,,,,,,,,,21.650362507851316,32.71871502550638,6.800000190734863,PS_011,64.1234508541585,360.0,2.2356911746466537
17.200000762939453,14.181462168319381,2024-07-01T20:00:00Z,3,3,3,3,3,3,1,3,3,3,95.8767029050956,207.79176194576328,,,,,,,,,,21.084015602653402,25.966438246166135,6.800000190734863,PS_011,46.0322377208404,359.99999999999994,2.856844236005764
16.863205584211368,14.178359031677246,2024-07-01T20:15:00Z,4,4,4,4,4,4,1,4,4,4,57.131643303631456,175.62118385339429,,,,,,,,,,20.280501560777175,18.81711382029701,6.800000190734863,PS_011,32.244949063804064,360.0,2.459766000947777
16.175695906074353,14.178359031677244,2024-07-01T20:30:00Z,3,3,3,3,3,3,1,3,3,3,22.871008448723902,109.4185031313191,,,,,,,,,,17.936745148342148,9.63114894362006,6.800000190734863,PS_011,20.518945802788878,360.0,2.1866483660050333
15.594661112288968,14.178359031677248,2024-07-01T20:45:00Z,4,4,4,4,4,4,1,4,4,4,2.895657526453054,3.8903347282340963,,,,,,,,,,14.642722893483816,1.5414884918756886,6.800000190734863,PS_011,-149.79340911487193,360.00000000000006,2.5700877252589933
15.122164208730926,14.179602430102367,2024-07-01T21:00:00Z,3,3,3,3,3,3,1,3,3,3,-1.4805386696982863,-1.4264491905258982,,,,,,,,,,12.569759153341476,-1.3310726157696564,6.800000190734863,PS_011,104.10838634053842,360.0,2.1130222584384555
14.831561910358042,14.178359031677244,2024-07-01T21:15:00Z,4,4,4,4,4,4,1,4,4,4,-2.2684678270845255,-1.1289080110699108,,,,,,,,,,12.039594663604724,-1.3928157659253448,6.800000190734863,PS_011,198.79435067835155,359.99999999999994,2.8315209021170267
14.570022863560366,14.174772364140242,2024-07-01T21:30:00Z,3,3,3,3,3,3,1,3,3,3,-1.9521971034012162,-0.46132675960984976,,,,,,,,,,12.034630420477878,-0.5169029940903186,6.800000190734863,PS_011,666.2815499597812,360.0,1.9486630220538146
14.199999809265138,14.178359031677248,2024-07-01T21:45:00Z,2,2,2,2,2,2,1,2,2,2,-2.0924233767709284,-0.1776789679276044,,,,,,,,,,12.000000000000002,-0.8779779946461496,6.800000190734863,PS_011,473.07143013483613,360.0,2.722061332261232
,,2024-07-01T22:00:00Z,0,0,0,0,0,0,1,0,0,0,,,,,,,,,,,,,,6.800000190734863,PS_011,,,
,,2024-07-01T22:15:00Z,0,0,0,0,0,0,1,0,0,0,,,,,,,,,,,,,,6.800000190734863,PS_011,,,
14.0,14.174485532760857,2024-07-01T22:30:00Z,3,3,3,3,3,3,1,3,3,3,-1.8902232069660412,-0.3220208331742146,,,,,,,,,,11.33129045253424,-0.7230948965265395,6.800000190734863,PS_011,1170.7484244836653,360.0,2.3823669938512575
,,2024-07-01T22:45:00Z,0,0,0,0,0,0,1,0,0,0,,,,,,,,,,,,,,6.800000190734863,PS_011,,,
,,2024-07-01T23:00:00Z,0,0,0,0,0,0,1,0,0,0,,,,,,,,,,,,,,6.800000190734863,PS_011,,,
,,2024-07-01T23:15:00Z,0,0,0,0,0,0,1,0,0,0,,,,,,,,,,,,,,6.800000190734863,PS_011,,,
,,2024-07-01T23:30:00Z,0,0,0,0,0,0,1,0,0,0,,,,,,,,,,,,,,6.800000190734863,PS_011,,,
,,2024-07-01T23:45:00Z,0,0,0,0,0,0,1,0,0,0,,,,,,,,,,,,,,6.800000190734863,PS_011,,,
13.642028658331162,14.177454928443712,2024-07-02T00:00:00Z,2,2,2,2,2,2,1,2,2,2,-1.8399034448788212,-0.23637689072021206,,,,,,,,,,11.361352246002694,-1.2221739791038415,6.800000190734863,PS_011,659.4961339544705,359.99999999999994,3.2847536984707584
13.399999618530273,14.178359031677248,2024-07-02T00:15:00Z,1,1,1,1,1,1,1,1,1,1,-1.9199999570846555,-0.1899999976158142,,,,,,,,,,11.399999618530273,-0.7400000095367432,6.800000190734863,PS_011,842.3077392578125,360.0,3.5759999752044678
13.399999618530273,14.178359031677246,2024-07-02T00:30:00Z,1,1,1,1,1,1,1,1,1,1,-1.4299999475479126,-0.3400000035762787,,,,,,,,,,11.199999809265137,-1.0499999523162842,6.800000190734863,PS_011,1640.0,360.0,2.4019999504089355
,,2024-07-02T00:45:00Z,0,0,0,0,0,0,1,0,0,0,,,,,,,,,,,,,,6.800000190734863,PS_011,,,
,,2024-07-02T01:00:00Z,0,0,0,0,0,0,1,0,0,0,,,,,,,,,,,,,,6.800000190734863,PS_011,,,
13.100000381469727,14.178359031677246,2024-07-02T01:15:00Z,1,1,1,1,1,1,1,1,1,1,-1.690000057220459,-0.1899999976158142,,,,,,,,,,10.899999618530273,-1.0800000429153442,6.800000190734863,PS_011,9750.0009765625,360.0,2.383999824523926
13.138915200403376,14.17662657606511,2024-07-02T01:30:00Z,0,0,0,0,0,0,1,0,0,0,-1.7450468746549679,-0.2108964225980953,true,true,true,true,true,true,true,true,true,10.75,-0.9787262913238763,6.800000190734863,PS_011,6080.837414255108,360.0,2.409334319507055
13.177830019337026,14.174894120452972,2024-07-02T01:45:00Z,2,2,2,2,2,2,1,2,2,2,-1.8000936920894768,-0.23179284758037638,,,,,,,,,,10.600000381469727,-0.8774525397324083,6.800000190734863,PS_011,2411.6738519477162,360.0,2.4346688144901836
13.100000381469727,14.178359031677248,2024-07-02T02:00:00Z,1,1,1,1,1,1,1,1,1,1,-1.8300000429153442,-0.2800000011920929,,,,,,,,,,10.600000381469725,-0.8299999833106995,6.800000190734863,PS_011,845.8333129882812,360.00000000000006,2.9040000438690186
13.0,14.176019668579102,2024-07-02T02:15:00Z,0,0,0,0,0,0,1,0,0,0,-1.9858644307842042,-0.3214719761299557,true,true,true,true,true,true,true,true,true,10.450000286102295,-1.0238083219132317,6.800000190734863,PS_011,786.1437809491757,360.0,2.3428841358632395
12.899999618530273,14.173680305480957,2024-07-02T02:30:00Z,2,2,2,2,2,2,1,2,2,2,-2.141728818653064,-0.3629439510678185,,,,,,,,,,10.300000190734863,-1.217616660515764,6.800000190734863,PS_011,726.4542489100702,360.0,1.7817682278574607
12.899999618530272,14.173680305480957,2024-07-02T02:45:00Z,2,2,2,2,2,2,1,2,2,2,-1.757241864676233,-0.11903819091817053,,,,,,,,,,10.234936600859278,-0.30578501424612703,6.800000190734863,PS_011,2067.7884685249464,360.0,2.1925403223572326
12.899999618530273,14.173680305480957,2024-07-02T03:00:00Z,1,1,1,1,1,1,1,1,1,1,-1.659999966621399,-0.30000001192092896,,,,,,,,,,10.100000381469727,-1.2100000381469727,6.800000190734863,PS_011,621.4285888671875,360.0,1.690000057220459
12.899999618530273,14.173680305480957,2024-07-02T03:15:00Z,0,0,0,0,0,0,1,0,0,0,-1.5949999690055847,-0.1400000061839819,true,true,true,true,true,true,true,true,true,10.350000381469727,-0.7450000196695328,6.800000190734863,PS_011,-210.11907958984375,360.0,1.8440000414848328
12.899999618530273,14.173680305480957,2024-07-02T03:30:00Z,1,1,1,1,1,1,1,1,1,1,-1.5299999713897705,0.019999999552965164,,,,,,,,,,10.600000381469725,-0.2800000011920929,6.800000190734863,PS_011,-1041.666748046875,360.0,1.9980000257492065
12.984056967600004,14.176392632573044,2024-07-02T03:45:00Z,2,2,2,2,2,2,1,2,2,2,-1.592754357915836,-0.20174011457245708,,,,,,,,,,10.426085813524315,-1.1481173057535763,6.800000190734863,PS_011,2384.069894722568,359.99999999999994,1.6496527020175
12.697914193222013,14.173680305480955,2024-07-02T04:00:00Z,2,2,2,2,2,2,1,2,2,2,-2.2998651420670138,-0.04979140557106795,,,,,,,,,,10.100000381469727,-1.0053372203658317,6.800000190734863,PS_011,-641.0960565501839,359.99999999999994,1.0268099364989813
12.300000190734862,14.173680305480955,2024-07-02T04:15:00Z,2,2,2,2,2,2,1,2,2,2,-1.3460529056819914,-0.43634671687570753,,,,,,,,,,9.5,-0.7745054676178817,6.800000190734863,PS_011,368.6581869794792,360.0,0.9142036859448205
12.100000381469728,14.173680305480957,2024-07-02T04:30:00Z,2,2,2,2,2,2,1,2,2,2,-1.6753966384921957,-0.5085477339644862,,,,,,,,,,9.573151118073449,-0.7983011867951291,6.800000190734863,PS_011,214.89475368434546,360.0,1.1116333936269467
12.100000381469727,14.173680305480957,2024-07-02T04:45:00Z,1,1,1,1,1,1,1,1,1,1,-1.309999942779541,-0.20000000298023224,,,,,,,,,,9.5,0.20000000298023224,6.800000190734863,PS_011,1422.22216796875,360.0,1.402000069618225
,,2024-07-02T05:00:00Z,0,0,0,0,0,0,1,0,0,0,,,,,,,,,,,,,,6.800000190734863,PS_011,,,
,,2024-07-02T05:15:00Z,0,0,0,0,0,0,1,0,0,0,,,,,,,,,,,,,,6.800000190734863,PS_011,,,
12.300000190734863,14.178359031677244,2024-07-02T05:30:00Z,1,1,1,1,1,1,1,1,1,1,-1.090000033378601,-0.23999999463558197,,,,,,,,,,9.5,-0.5299999713897705,6.800000190734863,PS_011,-2200.0,360.0,0.0
12.130126837665767,14.176989470300706,2024-07-02T05:45:00Z,3,3,3,3,3,3,1,3,3,3,-1.5181014972144284,-0.27466761053810657,,,,,,,,,,9.500000000000002,-0.8295473866232049,6.800000190734863,PS_011,547.5207311061805,360.0,0.9721581030601126
11.800000190734863,14.173680305480957,2024-07-02T06:00:00Z,1,1,1,1,1,1,1,1,1,1,-1.6100000143051147,0.019999999552965164,,,,,,,,,,9.300000190734863,-0.5799999833106995,6.800000190734863,PS_011,536.3635864257812,360.0,1.5940001010894775
12.050000190734863,14.173680305480957,2024-07-02T06:15:00Z,0,0,0,0,0,0,1,0,0,0,-1.5997808552277422,0.1009123478206846,true,true,true,true,true,true,true,true,true,9.550000190734863,-0.4573718119190668,6.800000190734863,PS_011,-95.68697276807484,360.0,1.6373128918139184
12.300000190734863,14.173680305480957,2024-07-02T06:30:00Z,2,2,2,2,2,2,1,2,2,2,-1.5895616961503696,0.18182469608840404,,,,,,,,,,9.800000190734862,-0.3347436405274341,6.800000190734863,PS_011,-727.737531961931,360.0,1.6806256825383592
12.456097899645057,14.174762178809258,2024-07-02T06:45:00Z,3,3,3,3,3,3,1,3,3,3,-1.3878227999131274,0.06479255781691792,,,,,,,,,,10.169369940505836,-0.5228867296749441,6.800000190734863,PS_011,-914.5395831247531,360.00000000000006,2.175446433190642
12.528049140557393,14.174221242145109,2024-07-02T07:00:00Z,0,0,0,0,0,0,1,0,0,0,-1.5539114142616786,-0.03260371870735525,true,true,true,true,true,true,true,true,true,10.23468506562035,-0.7114433529165431,6.800000190734863,PS_011,4617.730208437623,360.0,2.336723289074569
12.600000381469727,14.173680305480959,2024-07-02T07:15:00Z,1,1,1,1,1,1,1,1,1,1,-1.7200000286102295,-0.12999999523162842,,,,,,,,,,10.300000190734863,-0.8999999761581422,6.800000190734863,PS_011,10150.0,360.0,2.498000144958496
12.600000381469725,14.178359031677246,2024-07-02T07:30:00Z,1,1,1,1,1,1,1,1,1,1,-1.5499999523162842,-0.27000001072883606,,,,,,,,,,10.100000381469727,-1.3600000143051147,6.800000190734863,PS_011,566.6666259765625,360.0,0.9020000100135802
12.600000381469727,14.178359031677246,2024-07-02T07:45:00Z,0,0,0,0,0,0,1,0,0,0,-1.2649999856948853,0.04500000178813934,true,true,true,true,true,true,true,true,true,10.350000381469727,-1.0150000154972076,6.800000190734863,PS_011,46.794830322265625,360.0,1.7969999611377716
12.600000381469727,14.178359031677246,2024-07-02T08:00:00Z,1,1,1,1,1,1,1,1,1,1,-0.9800000190734863,0.36000001430511475,,,,,,,,,,10.600000381469727,-0.6700000166893005,6.800000190734863,PS_011,-473.0769653320313,360.0,2.691999912261963
12.899999618530273,14.178359031677244,2024-07-02T08:15:00Z,1,1,1,1,1,1,1,1,1,1,-1.2100000381469727,0.25,,,,,,,,,,10.600000381469725,-0.5299999713897705,6.800000190734863,PS_011,-1181.818115234375,360.00000000000006,3.4800000190734863
12.75,14.176019668579102,2024-07-02T08:30:00Z,0,0,0,0,0,0,1,0,0,0,-1.2750000357627869,0.015000000596046448,true,true,true,true,true,true,true,true,true,10.600000381469727,-0.5849999785423279,6.800000190734863,PS_011,-294.75518798828125,360.0,2.89300000667572
12.600000381469727,14.173680305480957,2024-07-02T08:45:00Z,1,1,1,1,1,1,1,1,1,1,-1.340000033378601,-0.2199999988079071,,,,,,,,,,10.600000381469727,-0.6399999856948853,6.800000190734863,PS_011,592.3077392578125,360.0,2.305999994277954
,,2024-07-02T09:00:00Z,0,0,0,0,0,0,1,0,0,0,,,,,,,,,,,,,,6.800000190734863,PS_011,,,
,,2024-07-02T09:15:00Z,0,0,0,0,0,0,1,0,0,0,,,,,,,,,,,,,,6.800000190734863,PS_011,,,
12.899999618530273,14.178359031677246,2024-07-02T09:30:00Z,1,1,1,1,1,1,1,1,1,1,-2.559999942779541,-0.11999999731779099,,,,,,,,,,10.600000381469727,-0.6499999761581421,6.800000190734863,PS_011,1487.5001220703125,360.0,1.9219999313354492
12.776645097284934,14.177943480238211,2024-07-02T09:45:00Z,0,0,0,0,0,0,1,0,0,0,0.07011446073662286,0.2622889007236856,true,true,true,true,true,true,true,true,true,10.450000286102295,3.418359364156217,6.800000190734863,PS_011,893.5460745365334,360.0,2.043433414300693
12.653290576039595,14.177527928799176,2024-07-02T10:00:00Z,3,3,3,3,3,3,1,3,3,3,2.7002288642527867,0.6445777987651622,,,,,,,,,,10.300000190734863,7.486718704470576,6.800000190734863,PS_011,299.5920270027544,360.0,2.164866897265937
12.830450654408038,14.173680305480955,2024-07-02T10:15:00Z,4,4,4,4,4,4,1,4,4,4,15.780536756299128,3.953656002350693,,,,,,,,,,10.645110409182104,21.617612042654248,6.800000190734863,PS_011,393.0429380547073,359.99999999999994,1.9102823541402467
13.35475175683074,14.174385981795114,2024-07-02T10:30:00Z,3,3,3,3,3,3,1,3,3,3,39.24242779416774,9.49612016018107,,,,,,,,,,13.305993520850507,228.69086691574208,6.800000190734863,PS_011,413.6505719830629,359.99999999999994,1.6199265144498534
13.85389044915638,14.176964350638016,2024-07-02T10:45:00Z,4,4,4,4,4,4,1,4,4,4,76.47281368907609,20.256866940076588,,,,,,,,,,15.919107172552689,293.5759186953507,6.800000190734863,PS_011,377.2757168027426,359.99999999999994,2.815735206545688
14.172067894776202,14.177051944600503,2024-07-02T11:00:00Z,3,3,3,3,3,3,1,3,3,3,110.057226134736,29.44268715771705,,,,,,,,,,18.569868842898344,383.25799672034253,6.800000190734863,PS_011,370.8739099685581,360.00000000000006,3.3049310960732696
14.783771599061447,14.178359031677248,2024-07-02T11:15:00Z,4,4,4,4,4,4,1,4,4,4,157.80774693231066,38.60187217854608,,,,,,,,,,21.171280289252405,442.61868248529504,6.800000190734863,PS_011,409.03650964177825,360.0,3.1873273639249287
15.583258509068038,14.177645875808329,2024-07-02T11:30:00Z,3,3,3,3,3,3,1,3,3,3,202.12960019615554,49.222162830253765,,,,,,,,,,24.104797338644346,497.1678998682122,6.800000190734863,PS_011,409.8752759883428,360.0,1.7141465373181124
15.886911669028747,14.17594567864781,2024-07-02T11:45:00Z,4,4,4,4,4,4,1,4,4,4,249.03390803477944,60.559582897422914,,,,,,,,,,26.04951269624822,540.9675372591689,6.800000190734863,PS_011,410.61819822803875,360.00000000000006,3.2274117459005054
16.50387176840177,14.178359031677248,2024-07-02T12:00:00Z,3,3,3,3,3,3,1,3,3,3,294.8290541628891,66.60155738074764,,,,,,,,,,27.563144457129177,576.4415295990732,6.800000190734863,PS_011,443.2553934578244,360.0,3.3958585387121656
16.711927256023845,14.178359031677246,2024-07-02T12:15:00Z,4,4,4,4,4,4,1,4,4,4,340.1162988459969,68.61488123172846,,,,,,,,,,28.30351097381314,611.2607778053361,6.800000190734863,PS_011,495.8227568133851,359.99999999999994,1.9192348581148657
17.104428049198876,14.178359031677246,2024-07-02T12:30:00Z,3,3,3,3,3,3,1,3,3,3,383.6788610709748,68.72292304063922,,,,,,,,,,27.80885518015148,637.2675671715616,6.800000190734863,PS_011,558.6297355309741,360.0,3.810382384850228
17.061754560517333,14.178359031677248,2024-07-02T12:45:00Z,4,4,4,4,4,4,1,4,4,4,425.6008780874625,67.92109609346186,,,,,,,,,,26.350093142723207,656.658445667926,6.800000190734863,PS_011,626.3687133693192,360.00000000000006,4.1263712384178755
18.026655535563204,14.175215766454858,2024-07-02T13:00:00Z,3,3,3,3,3,3,1,3,3,3,462.99637892546883,68.7250490952798,,,,,,,,,,28.33304538502817,668.2673298378854,6.800000190734863,PS_011,674.6388497345904,360.00000000000006,3.81099208251355
18.432032735737142,14.178359031677246,2024-07-02T13:15:00Z,4,4,4,4,4,4,1,4,4,4,497.99952069135185,67.87161672849523,,,,,,,,,,29.151331715539875,673.7689752306487,6.800000190734863,PS_011,733.8110842852517,360.00000000000006,4.106311999841788
19.312269367020665,14.178359031677244,2024-07-02T13:30:00Z,3,3,3,3,3,3,1,3,3,3,531.5206102527549,69.31150226846826,,,,,,,,,,29.787139000857596,676.5350467752227,6.800000190734863,PS_011,765.855863723254,360.0,2.9990735684799685
19.615823574436213,14.178359031677248,2024-07-02T13:45:00Z,4,4,4,4,4,4,1,4,4,4,559.5710948211338,69.72659612736994,,,,,,,,,,30.16207343178809,672.5580602453036,6.800000190734863,PS_011,802.4899676963162,360.00000000000006,4.293481199193408
20.868709549279412,14.178359031677246,2024-07-02T14:00:00Z,3,3,3,3,3,3,1,3,3,3,583.1044794804817,71.6830779524084,,,,,,,,,,33.21147604722382,662.0510129227065,6.800000190734863,PS_011,813.7969917774795,360.0,2.6263400336019287
21.169221259031797,14.18044095140706,2024-07-02T14:15:00Z,4,4,4,4,4,4,1,4,4,4,605.2881134219182,72.70647314931227,,,,,,,,,,34.179776214350326,649.7384964674847,6.800000190734863,PS_011,832.9886566104507,360.0,2.990424227337449
21.25500044099508,14.1818708852179,2024-07-02T14:30:00Z,3,3,3,3,3,3,1,3,3,3,624.0988857389824,76.86210952096872,,,,,,,,,,33.345001148464426,633.0626523301734,6.800000190734863,PS_011,812.2820438847763,360.0,3.5837040474985042
21.842758091209827,14.179992922624692,2024-07-02T14:45:00Z,4,4,4,4,4,4,1,4,4,4,636.0068387363934,79.97272345819886,,,,,,,,,,34.20802605776537,612.1562491059885,6.800000190734863,PS_011,795.2224419912488,360.0,2.6709831935910135
22.509620692885008,14.180000807082495,2024-07-02T15:00:00Z,3,3,3,3,3,3,1,3,3,3,645.3071900748042,86.82741436214909,,,,,,,,,,34.88122379024974,589.009374212942,6.800000190734863,PS_011,743.1265612352906,359.99999999999994,2.982875423451109
22.590877866247368,14.178359031677246,2024-07-02T15:15:00Z,4,4,4,4,4,4,1,4,4,4,648.6124376122988,89.86072293967314,,,,,,,,,,35.057229506224395,558.0061703291508,6.800000190734863,PS_011,721.789752374074,360.0,3.0252017887359943
23.438671670589322,14.181799555432761,2024-07-02T15:30:00Z,4,4,4,4,4,4,1,4,4,4,652.5691741876732,95.5943719319894,,,,,,,,,,34.872143858689874,525.4807812924515,6.800000190734863,PS_011,682.9092428800304,360.0,2.994810982954666
23.450293842912796,14.178359031677244,2024-07-02T15:45:00Z,3,3,3,3,3,3,1,3,3,3,648.3761622257176,103.29953630286128,,,,,,,,,,34.800588572182804,488.83724670323386,6.800000190734863,PS_011,627.3396602631234,359.99999999999994,2.4964654507145823
23.799172722487402,14.182909000271588,2024-07-02T16:00:00Z,4,4,4,4,4,4,1,4,4,4,641.0417165393994,111.4732864835323,,,,,,,,,,35.60582404541723,449.6884053342931,6.800000190734863,PS_011,574.6184716858124,360.0,2.18774401772837
23.957585357213834,14.179232968452396,2024-07-02T16:15:00Z,3,3,3,3,3,3,1,3,3,3,628.842130270556,118.08673109973556,,,,,,,,,,34.58171830996428,408.3254634870349,6.800000190734863,PS_011,532.0120823733272,360.0,2.027665915163447
24.54836788834434,14.183706283569336,2024-07-02T16:30:00Z,4,4,4,4,4,4,1,4,4,4,616.5953249604541,124.88033162317362,,,,,,,,,,33.557583109480156,368.4692117870297,6.800000190734863,PS_011,493.84928546455234,359.99999999999994,3.8711128597154913
24.5173117993735,14.182234914703148,2024-07-02T16:45:00Z,4,4,4,4,4,4,1,4,4,4,597.949779572781,129.71974305010846,,,,,,,,,,32.488631369905974,322.98584776011813,6.800000190734863,PS_011,460.5479526439678,359.99999999999994,2.2465059214909973
24.5,14.179284675197591,2024-07-02T17:00:00Z,3,3,3,3,3,3,1,3,3,3,575.5483806597751,132.43613953725375,,,,,,,,,,31.246993017046574,278.34130341939493,6.800000190734863,PS_011,434.5716743912755,359.99999999999994,2.6919263401426674
24.5,14.179948325721464,2024-07-02T17:15:00Z,4,4,4,4,4,4,1,4,4,4,549.6660835311366,132.9315580703833,,,,,,,,,,29.933564620338704,232.89305222429866,6.800000190734863,PS_011,413.5477120892559,359.99999999999994,3.172974220672613
24.493754040022427,14.178359031677246,2024-07-02T17:30:00Z,3,3,3,3,3,3,1,3,3,3,519.6498081173279,130.8028617316962,,,,,,,,,,29.122561098354407,189.2254636848682,6.800000190734863,PS_011,397.27543825693425,360.0,2.9884284402542716
24.67841444002627,14.179208254040766,2024-07-02T17:45:00Z,4,4,4,4,4,4,1,4,4,4,486.1232634418198,140.1404134224401,,,,,,,,,,28.473941722274397,147.12547326606867,6.800000190734863,PS_011,346.73834067807684,360.00000000000006,2.7057080367435002
24.789600077698413,14.181351201417694,2024-07-02T18:00:00Z,4,4,4,4,4,4,1,4,4,4,448.78673271747334,132.39265645432585,,,,,,,,,,27.257711124319307,108.4057271326136,6.800000190734863,PS_011,338.6723011220419,360.00000000000006,2.4798442235802836
24.956720712911622,14.17835903167725,2024-07-02T18:15:00Z,3,3,3,3,3,3,1,3,3,3,411.17219758912273,128.03745260810317,,,,,,,,,,26.84327879931193,74.66309494054647,6.800000190734863,PS_011,320.7365973656512,360.0,2.816790763099194
24.74059965677581,14.182139382929424,2024-07-02T18:30:00Z,4,4,4,4,4,4,1,4,4,4,370.49796714557834,130.03492369143981,,,,,,,,,,26.020355369609746,71.1252673214894,6.800000190734863,PS_011,285.8577716299631,360.0,2.7911864282579235
24.65298126318124,14.178359031677246,2024-07-02T18:45:00Z,4,4,4,4,4,4,1,4,4,4,324.79894811018295,156.9935648910801,,,,,,,,,,27.10208941056474,64.18799312323948,6.800000190734863,PS_011,207.2088569602686,360.0,3.1744840364989027
25.248570299451185,14.178359031677246,2024-07-02T19:00:00Z,3,3,3,3,3,3,1,3,3,3,279.1307718078529,177.61086203366077,,,,,,,,,,27.784657526717798,57.05819515145093,6.800000190734863,PS_011,156.99107658177363,360.00000000000006,2.5396567851790173
24.8937962036182,14.18025203132856,2024-07-02T19:15:00Z,4,4,4,4,4,4,1,4,4,4,231.15218859147535,192.9437644547925,,,,,,,,,,27.945151244147215,48.12983494986794,6.800000190734863,PS_011,119.86075196944367,359.99999999999994,2.471005445249477
24.7501322219539,14.179424832881063,2024-07-02T19:30:00Z,3,3,3,3,3,3,1,3,3,3,177.58564644753469,203.84402226795163,,,,,,,,,,27.60000038146973,41.44040864071784,6.800000190734863,PS_011,87.01212241583286,360.0,2.5632130844554246
24.649863884068907,14.179214281891078,2024-07-02T19:45:00Z,4,4,4,4,4,4,1,4,4,4,138.05850627811597,207.23431265853068,,,,,,,,,,27.63671237273487,33.42297641793231,6.800000190734863,PS_011,66.82479482103749,360.0,2.054073649850183
24.374897699960947,14.180629088708141,2024-07-02T20:00:00Z,4,4,4,4,4,4,1,4,4,4,95.05133792319472,197.34074948295836,,,,,,,,,,27.147539305235952,26.000683894107166,6.800000190734863,PS_011,47.89717294227209,360.00000000000006,2.6003933871618834
23.899999618530277,14.178359031677246,2024-07-02T20:15:00Z,3,3,3,3,3,3,1,3,3,3,68.50968935126723,166.4471641857454,,,,,,,,,,26.301729324120412,17.959684078276982,6.800000190734863,PS_011,44.03793325832139,360.0,2.1596342410222027
23.39439600336218,14.182127591026077,2024-07-02T20:30:00Z,4,4,4,4,4,4,1,4,4,4,24.10911820736988,103.33228089555897,,,,,,,,,,24.300148902901412,8.794705463059419,6.800000190734863,PS_011,22.728901446249576,360.0,1.9093557842475342
22.572193547656745,14.178359031677248,2024-07-02T20:45:00Z,4,4,4,4,4,4,1,4,4,4,2.091968543954582,4.406981515599412,,,,,,,,,,20.893070283826397,-0.03567901223391985,6.800000190734863,PS_011,887.28139469234,360.00000000000006,0.8952507106725337
22.0,14.181761083001998,2024-07-02T21:00:00Z,3,3,3,3,3,3,1,3,3,3,-2.3020495815255364,-1.2321014811490432,,,,,,,,,,18.358370877527644,-3.3011367819409956,6.800000190734863,PS_011,209.83817321011074,360.0,0.5739216820869222
21.695704651906837,14.178359031677248,2024-07-02T21:15:00Z,4,4,4,4,4,4,1,4,4,4,-3.185338168314772,-1.1695389631262505,,,,,,,,,,17.98300155405772,-2.566291688658904,6.800000190734863,PS_011,266.52790714743156,360.0,0.6201412959380236
21.500000000000004,14.178359031677246,2024-07-02T21:30:00Z,3,3,3,3,3,3,1,3,3,3,-2.9766366660671815,-0.6610170616980396,,,,,,,,,,17.554250874569938,-1.2325236468139276,6.800000190734863,PS_011,473.9973619569788,360.00000000000006,0.715866432274548
21.0,14.178359031677246,2024-07-02T21:45:00Z,4,4,4,4,4,4,1,4,4,4,-2.7809173250132964,-0.835925381463411,,,,,,,,,,16.850406539812283,-2.1752968932762737,6.800000190734863,PS_011,326.8418469961439,360.0,0.2463458782056177
20.90209668935378,14.178359031677244,2024-07-02T22:00:00Z,4,4,4,4,4,4,1,4,4,4,-2.652142250222641,-0.6165504367029817,,,,,,,,,,16.202095926414326,-2.1520726300802404,6.800000190734863,PS_011,606.1264502746614,359.99999999999994,0.35963641476300834
21.0,14.178359031677246,2024-07-02T22:15:00Z,2,2,2,2,2,2,1,2,2,2,-2.1661832362647946,-0.21991252940641273,,,,,,,,,,16.414409922226646,-0.48642724535244014,6.800000190734863,PS_011,256.57795640426593,360.00000000000006,0.6799005742301445
20.399999618530273,14.178359031677244,2024-07-02T22:30:00Z,2,2,2,2,2,2,1,2,2,2,-2.795268621921336,-0.6876260160776595,,,,,,,,,,16.566930695511903,-2.4800624780091045,6.800000190734863,PS_011,851.2742372551394,360.00000000000006,0.9212403432437271
20.33741955659502,14.178359031677246,2024-07-02T22:45:00Z,3,3,3,3,3,3,1,3,3,3,-3.1731970122276865,-1.0111735364997894,,,,,,,,,,16.885756482786963,-3.146726035777626,6.800000190734863,PS_011,73.03743946798618,360.0,1.1186496008567717
20.33960627079094,14.178359031677244,2024-07-02T23:00:00Z,3,3,3,3,3,3,1,3,3,3,-2.356684648276058,-0.6332439054425014,,,,,,,,,,16.29785714409017,-2.50594647250291,6.800000190734863,PS_011,442.2504320412595,360.0,1.640281449859793
19.0737515557649,14.177731834736344,2024-07-02T23:15:00Z,4,4,4,4,4,4,1,4,4,4,-3.7159982034986774,-2.1046654179931013,,,,,,,,,,15.147915393911784,-4.384619016573485,6.800000190734863,PS_011,209.87175269678605,360.0,1.1307619225255672
19.899999618530273,14.178359031677246,2024-07-02T23:30:00Z,1,1,1,1,1,1,1,1,1,1,-0.5,-0.8100000023841858,,,,,,,,,,14.899999618530273,2.869999885559082,6.800000190734863,PS_011,76.36363220214844,360.0,1.6340000629425049
19.508398947250356,14.173680305480957,2024-07-02T23:45:00Z,2,2,2,2,2,2,1,2,2,2,-2.858167868158596,-0.3134334654243769,,,,,,,,,,14.699999809265137,-3.5585509765310634,6.800000190734863,PS_011,735.0831511882535,360.0,0.2712375750671719
18.518199655372236,14.176524619711325,2024-07-03T00:00:00Z,4,4,4,4,4,4,1,4,4,4,-2.1399530330758942,-1.1604852730563986,,,,,,,,,,13.931407071851872,-0.8332950391407198,6.800000190734863,PS_011,263.51840435850966,360.0,0.13410266974718962
19.73289102675005,14.176613718043752,2024-07-03T00:15:00Z,4,4,4,4,4,4,1,4,4,4,-0.7371858504075232,0.4576888631141698,,,,,,,,,,14.164595426109067,-0.08630034704339955,6.800000190734863,PS_011,4.730128411488347,360.0,0.30422186776957405
18.17189782532267,14.176421768756306,2024-07-03T00:30:00Z,3,3,3,3,3,3,1,3,3,3,-2.6267184649394335,-2.412917879888594,,,,,,,,,,13.419201763874332,-1.9434235740393506,6.800000190734863,PS_011,111.05331333860374,359.99999999999994,1.4376685803259714
17.53718379263693,14.173680305480959,2024-07-03T00:45:00Z,3,3,3,3,3,3,1,3,3,3,-2.504526436215769,-0.8028025141560035,,,,,,,,,,13.23069729243475,-2.417480111255864,6.800000190734863,PS_011,394.4983701700951,360.0,0.020870559710142438
18.735050863734877,14.173680305480955,2024-07-03T01:00:00Z,2,2,2,2,2,2,1,2,2,2,-0.24492283875485157,0.610128191751269,,,,,,,,,,13.626288132808796,3.0395631853051728,6.800000190734863,PS_011,750.9718390777301,360.0,0.6907114713887259
19.399999618530273,14.178359031677246,2024-07-03T01:15:00Z,1,1,1,1,1,1,1,1,1,1,-1.1699999570846558,0.7699999809265137,,,,,,,,,,14.100000381469727,-0.8600000143051147,6.800000190734863,PS_011,-118.29268646240234,360.0,0.9020000100135803
17.151402297425655,14.175820214040842,2024-07-03T01:30:00Z,4,4,4,4,4,4,1,4,4,4,-2.406103356566908,-0.8225117676696224,,,,,,,,,,13.389549022964847,-2.961150252016562,6.800000190734863,PS_011,886.3640791637146,360.0,0.8924644786869758
19.100000381469727,14.178359031677246,2024-07-03T01:45:00Z,1,1,1,1,1,1,1,1,1,1,-0.7699999809265137,0.8799999952316283,,,,,,,,,,14.699999809265135,3.490000009536743,6.800000190734863,PS_011,-81.44329833984375,360.0,1.2100000381469727
20.028491563300722,14.175497752151399,2024-07-03T02:00:00Z,4,4,4,4,4,4,1,4,4,4,-1.1675974222159977,0.8840519036379606,,,,,,,,,,14.874551188739673,0.29114456933836524,6.800000190734863,PS_011,46.408046677078445,359.99999999999994,0.5621044102479062
18.749195315787237,14.174922122878861,2024-07-03T02:15:00Z,4,4,4,4,4,4,1,4,4,4,-2.5019677797750255,-1.1086148640346523,,,,,,,,,,14.021194491444374,-1.9048074379282576,6.800000190734863,PS_011,84.98587330633768,360.0000000000001,0.189790340682638
18.72306720040286,14.177639143806758,2024-07-03T02:30:00Z,3,3,3,3,3,3,1,3,3,3,-1.711557525799031,-0.6739749617417525,,,,,,,,,,13.350003626704163,-1.8779556928613046,6.800000190734863,PS_011,283.4814097348656,360.0,0.6876299006662335
19.850006099916804,14.180013102347232,2024-07-03T02:45:00Z,3,3,3,3,3,3,1,3,3,3,-0.4919210048290456,0.6917019447782898,,,,,,,,,,14.154681262068127,1.0402245459889665,6.800000190734863,PS_011,-66.05894217077551,360.0,0.5239878686019651
20.200000762939457,14.17719692311054,2024-07-03T03:00:00Z,2,2,2,2,2,2,1,2,2,2,-1.5679046450256249,-0.16123013178203444,,,,,,,,,,14.699999809265137,-1.3886403325307082,6.800000190734863,PS_011,5940.72711813906,360.0,1.0902801898032375
17.999999999999996,14.177443355204646,2024-07-03T03:15:00Z,2,2,2,2,2,2,1,2,2,2,-4.843377578034641,-2.8441285911964456,,,,,,,,,,14.002145064212252,-5.24922219342239,6.800000190734863,PS_011,161.4394828754844,360.0,1.0386435321906313
16.804374590064114,14.177686843997773,2024-07-03T03:30:00Z,4,4,4,4,4,4,1,4,4,4,-3.6757369922903105,-1.555228946665297,,,,,,,,,,12.828733953311534,-2.900182215766849,6.800000190734863,PS_011,273.6100387714199,360.0,0.7644172525763336
17.381497332331637,14.174186319295957,2024-07-03T03:45:00Z,4,4,4,4,4,4,1,4,4,4,-2.0661810362400885,-0.49846967958167215,,,,,,,,,,13.079097733534843,-1.474391319958398,6.800000190734863,PS_011,176.996041066686,360.00000000000006,0.9044027352422224
16.995441088905284,14.177295735366656,2024-07-03T04:00:00Z,2,2,2,2,2,2,1,2,2,2,-1.8922869245540472,-0.963215374612434,,,,,,,,,,12.913631152024447,-1.8832225657479555,6.800000190734863,PS_011,90.52801252019515,360.0,0.9020000100135803
17.60278286425384,14.175954576451943,2024-07-03T04:15:00Z,2,2,2,2,2,2,1,2,2,2,-1.6215388195338718,-0.6966779310887556,,,,,,,,,,12.800000190734862,0.5249577767131804,6.800000190734863,PS_011,330.9124292774417,360.0,0.16333559095890884
18.237582428405773,14.17738559200919,2024-07-03T04:30:00Z,3,3,3,3,3,3,1,3,3,3,-1.1510273350662419,0.9336017701054954,,,,,,,,,,13.000000000000002,-1.1842718409258197,6.800000190734863,PS_011,-246.52619939595763,360.00000000000006,0.13289889954078088
18.5165135437827,14.173680305480959,2024-07-03T04:45:00Z,3,3,3,3,3,3,1,3,3,3,-0.6984904262765643,0.13390181304995483,,,,,,,,,,13.0,0.1359207214020718,6.800000190734863,PS_011,51.40883821101926,359.99999999999994,0.25522283149029645
18.59694939476719,14.173680305480955,2024-07-03T05:00:00Z,3,3,3,3,3,3,1,3,3,3,-0.6778982196220471,-0.0681352280789801,,,,,,,,,,13.154492149894848,0.973708489360172,6.800000190734863,PS_011,292.3893958801442,359.99999999999994,0.6419671111750929
18.0,14.173680305480959,2024-07-03T05:15:00Z,1,1,1,1,1,1,1,1,1,1,-1.8999999761581423,-0.46999999880790705,,,,,,,,,,13.300000190734863,-3.099999904632568,6.800000190734863,PS_011,351.0204162597657,360.0,0.6140000224113464
18.600000381469727,14.173680305480957,2024-07-03T05:30:00Z,1,1,1,1,1,1,1,1,1,1,-0.09000000357627869,-0.46000000834465027,,,,,,,,,,12.800000190734863,2.0399999618530273,6.800000190734863,PS_011,100.0,360.0,0.11400000005960464
18.799999237060547,14.174971074150983,2024-07-03T05:45:00Z,2,2,2,2,2,2,1,2,2,2,-1.9613926589391784,0.32034683526422164,,,,,,,,,,13.0,-1.3296743272933924,6.800000190734863,PS_011,-510.5062667216925,360.0,0.036000002175569534
17.997364075912603,14.175125584271518,2024-07-03T06:00:00Z,3,3,3,3,3,3,1,3,3,3,-1.57555317021917,-1.2534391302171433,,,,,,,,,,13.112949024031535,-1.7176469397698677,6.800000190734863,PS_011,-38.830665802492604,359.99999999999994,1.6322151822895985
19.243799204650273,14.173680305480957,2024-07-03T06:15:00Z,3,3,3,3,3,3,1,3,3,3,-1.5978467904115177,0.8283374325525412,,,,,,,,,,15.088332825739036,1.6204776914359433,6.800000190734863,PS_011,-259.5502865374016,360.0,2.14390743008826
17.98445835629396,14.177036673145722,2024-07-03T06:30:00Z,3,3,3,3,3,3,1,3,3,3,-3.9067368733637404,-1.9776045886795302,,,,,,,,,,14.617685399545712,-2.769937054810987,6.800000190734863,PS_011,218.8444016400786,360.0,1.0180484174295952
17.7939303802256,14.176830767202507,2024-07-03T06:45:00Z,3,3,3,3,3,3,1,3,3,3,-2.051478578632587,-0.5571836208007609,,,,,,,,,,13.931309690022305,-1.5283171814166185,6.800000190734863,PS_011,860.7133326946288,360.0,0.8399962210626426
17.704284936979796,14.177699136298557,2024-07-03T07:00:00Z,4,4,4,4,4,4,1,4,4,4,-2.366292035703216,-0.7621292736213696,,,,,,,,,,13.577515549933647,-1.481049838787464,6.800000190734863,PS_011,112.59294828699596,360.00000000000006,0.8725626434014396
16.979157511227477,14.177086775268375,2024-07-03T07:15:00Z,4,4,4,4,4,4,1,4,4,4,-1.7644189773338128,-0.851618513517656,,,,,,,,,,12.62247690290775,-0.11943300795972037,6.800000190734863,PS_011,95.82551797049801,360.0,1.7708407701460331
18.859224208369845,14.174491998444932,2024-07-03T07:30:00Z,3,3,3,3,3,3,1,3,3,3,-0.7970387719844497,1.673076009718977,,,,,,,,,,15.144066453259564,1.5039928652749612,6.800000190734863,PS_011,-52.90801276902794,360.0,3.3581148921736834
19.330930598453623,14.175880814900914,2024-07-03T07:45:00Z,3,3,3,3,3,3,1,3,3,3,-2.2539706704421847,-0.3207499648924046,,,,,,,,,,16.30295799590874,-0.3796311832428413,6.800000190734863,PS_011,181.19444613431352,360.00000000000006,3.3211170935891783
18.938941616753347,14.175313318172567,2024-07-03T08:00:00Z,3,3,3,3,3,3,1,3,3,3,-2.827851353377359,-0.9647419736448595,,,,,,,,,,15.90608381970996,-1.57914763130959,6.800000190734863,PS_011,385.37557657915943,360.00000000000006,1.9802210790533388
17.422496973944,14.178359031677246,2024-07-03T08:15:00Z,4,4,4,4,4,4,1,4,4,4,-2.854856794826667,-2.028151507108058,,,,,,,,,,14.223019738239678,-1.9061271425991768,6.800000190734863,PS_011,164.87550691341735,360.0,2.7500394858259565
17.352101318690075,14.177619570841268,2024-07-03T08:30:00Z,3,3,3,3,3,3,1,3,3,3,-2.4974930314835535,-0.9455784765321932,,,,,,,,,,14.404201976486846,-1.7364515545710142,6.800000190734863,PS_011,302.1013458020948,359.99999999999994,2.6716468349804012
16.48221206336365,14.173680305480955,2024-07-03T08:45:00Z,2,2,2,2,2,2,1,2,2,2,-3.751150144372537,-0.836815862687892,,,,,,,,,,13.55067288320814,-3.427397890749829,6.800000190734863,PS_011,471.52473179498014,359.99999999999994,0.7566099200970666
16.76276345431259,14.177853635356366,2024-07-03T09:00:00Z,4,4,4,4,4,4,1,4,4,4,-1.5341518906885252,-0.6504864542024861,,,,,,,,,,13.099417861447483,0.2894566646873701,6.800000190734863,PS_011,143.95163852599342,359.99999999999994,2.3910274553304296
17.757248413848487,14.177466209126736,2024-07-03T09:15:00Z,3,3,3,3,3,3,1,3,3,3,-1.142033659759091,0.2416653489738126,,,,,,,,,,14.457247451425149,0.3363554839961475,6.800000190734863,PS_011,130.54677975908254,360.00000000000006,2.2907287255481537
17.66990286326158,14.177683730464254,2024-07-03T09:30:00Z,3,3,3,3,3,3,1,3,3,3,-2.350459060520287,-0.3832457036652722,,,,,,,,,,14.827832410549053,-0.9477459184759855,6.800000190734863,PS_011,316.2890550682931,359.99999999999994,2.7399999946055464
16.899999618530277,14.175970720146916,2024-07-03T09:45:00Z,3,3,3,3,3,3,1,3,3,3,-1.0645377666737812,-0.3603850538325199,,,,,,,,,,14.246861433711773,0.8437311408591461,6.800000190734863,PS_011,633.253009482123,360.0,3.0146171741776424
16.595074131925333,14.178359031677244,2024-07-03T10:00:00Z,3,3,3,3,3,3,1,3,3,3,4.624516144614195,0.9667079135031689,,,,,,,,,,14.144255065321513,8.849678330947706,6.800000190734863,PS_011,517.9684091547222,360.0,2.657118950409556
17.056850124727116,14.174561271040163,2024-07-03T10:15:00Z,3,3,3,3,3,3,1,3,3,3,18.536754679760524,4.616597589971503,,,,,,,,,,14.619694550187956,27.83631275571967,6.800000190734863,PS_011,402.7551808420448,360.0,3.1840132223317377
17.676479040205262,14.178359031677246,2024-07-03T10:30:00Z,4,4,4,4,4,4,1,4,4,4,43.98028788405353,10.56142708661067,,,,,,,,,,17.618548620699666,182.84536483874362,6.800000190734863,PS_011,421.8159377392711,360.0,2.9004215703045233
18.714551489359163,14.177559458446076,2024-07-03T10:45:00Z,3,3,3,3,3,3,1,3,3,3,75.48819184149656,20.50902269588614,,,,,,,,,,20.371643975932866,220.69176723550692,6.800000190734863,PS_011,368.57500041512196,359.99999999999994,2.739790556746481
19.44517618473291,14.178359031677246,2024-07-03T11:00:00Z,4,4,4,4,4,4,1,4,4,4,111.99329474647803,30.373941468171367,,,,,,,,,,23.41279044363252,351.81043920090286,6.800000190734863,PS_011,369.18416966533454,359.99999999999994,2.261793446233496
20.181732703489477,14.178359031677244,2024-07-03T11:15:00Z,4,4,4,4,4,4,1,4,4,4,153.5895808722925,40.489552207952585,,,,,,,,,,26.22957503028846,416.4175334320607,6.800000190734863,PS_011,379.2834313544152,360.00000000000006,1.9190985162103646
21.271263298025737,14.178359031677248,2024-07-03T11:30:00Z,3,3,3,3,3,3,1,3,3,3,195.30999738369454,51.41588504561221,,,,,,,,,,28.76885771237018,466.8031838596593,6.800000190734863,PS_011,379.75818850509853,360.0,1.4424993580008525
22.311860209113394,14.177709535334403,2024-07-03T11:45:00Z,4,4,4,4,4,4,1,4,4,4,234.14335583387395,60.6753451255255,,,,,,,,,,32.3071333684291,501.9638730015167,6.800000190734863,PS_011,385.9433244036435,360.00000000000006,0.6833678748558937
23.437421780598406,14.178359031677246,2024-07-03T12:00:00Z,4,4,4,4,4,4,1,4,4,4,281.60980175975084,68.5644037248776,,,,,,,,,,34.94773157101871,539.8332478990286,6.800000190734863,PS_011,411.1889818475895,360.0000000000001,1.7342267994439777
23.399999618530273,14.178359031677246,2024-07-03T12:15:00Z,3,3,3,3,3,3,1,3,3,3,315.9156840055255,67.84611803029469,,,,,,,,,,34.62780482988881,554.1673061045916,6.800000190734863,PS_011,465.6223371963642,359.99999999999994,2.430487389455872
23.807205767957285,14.178359031677248,2024-07-03T12:30:00Z,4,4,4,4,4,4,1,4,4,4,357.2573963641489,68.6060916136293,,,,,,,,,,34.571609899987315,581.8783095304722,6.800000190734863,PS_011,520.9641902681125,360.00000000000006,2.219770978678623
23.899999618530273,14.178949162726566,2024-07-03T12:45:00Z,4,4,4,4,4,4,1,4,4,4,406.29368804172,70.47287730510202,,,,,,,,,,34.92984225052049,614.8810697221622,6.800000190734863,PS_011,576.810205337974,360.0,2.816961814173182
24.20000076293945,14.181545742411139,2024-07-03T13:00:00Z,3,3,3,3,3,3,1,3,3,3,437.3059266647958,71.3030919635756,,,,,,,,,,35.184940197069324,619.3269845959528,6.800000190734863,PS_011,613.5356239592734,359.99999999999994,3.8170902379541016
24.637134239361085,14.180336643410369,2024-07-03T13:15:00Z,4,4,4,4,4,4,1,4,4,4,466.5253174030706,73.49762613452376,,,,,,,,,,36.536943851779064,602.7310216648447,6.800000190734863,PS_011,620.6940876326905,360.00000000000006,3.125259545656308
24.604816391320725,14.17937698129972,2024-07-03T13:30:00Z,3,3,3,3,3,3,1,3,3,3,571.70699267005,85.68021157618305,,,,,,,,,,35.117236326264134,694.2461348739955,6.800000190734863,PS_011,665.5690581352775,360.00000000000006,2.464656151283763
24.531955299338115,14.18116825262583,2024-07-03T13:45:00Z,4,4,4,4,4,4,1,4,4,4,527.7210822829298,77.21011885374182,,,,,,,,,,33.8384245102158,614.6066692441241,6.800000190734863,PS_011,670.3269254687541,360.0,2.8615468041695307
25.09155718113139,14.179931931934311,2024-07-03T14:00:00Z,4,4,4,4,4,4,1,4,4,4,556.4073919873234,76.48891569363542,,,,,,,,,,34.61842707361885,628.4724516253739,6.800000190734863,PS_011,726.0285365723242,360.0,3.0941765730783564
25.629242210691547,14.179140853284038,2024-07-03T14:15:00Z,3,3,3,3,3,3,1,3,3,3,579.3262789939736,78.74248885062029,,,,,,,,,,37.126895771574794,618.976995095911,6.800000190734863,PS_011,734.9066602165828,360.0,2.3047137498823163
25.885481708059764,14.17991969217641,2024-07-03T14:30:00Z,4,4,4,4,4,4,1,4,4,4,608.5458488078131,83.63659321072757,,,,,,,,,,36.938014871710664,599.6170080629192,6.800000190734863,PS_011,726.5931074355447,359.99999999999994,3.1003198068588778
25.575954169234013,14.183706283569336,2024-07-03T14:45:00Z,4,4,4,4,4,4,1,4,4,4,586.1172188027867,86.44382845096877,,,,,,,,,,36.389270425268215,565.0375651128833,6.800000190734863,PS_011,686.8487867613705,360.0,3.2382278470851187
26.052170763698754,14.183706283569336,2024-07-03T15:00:00Z,3,3,3,3,3,3,1,3,3,3,517.150940546347,79.38458967840828,,,,,,,,,,37.552120166575854,458.2204544538034,6.800000190734863,PS_011,648.6316083207669,360.00000000000006,3.0131740995641607
26.114019354426237,14.183706283569336,2024-07-03T15:15:00Z,4,4,4,4,4,4,1,4,4,4,468.95646674595935,80.93685415640196,,,,,,,,,,36.32754797951657,421.14456997579043,6.800000190734863,PS_011,563.2237486805955,360.0,2.724638993182997
25.708108554679608,14.182576055353627,2024-07-03T15:30:00Z,4,4,4,4,4,4,1,4,4,4,422.0479884249825,80.12215646245689,,,,,,,,,,34.09033696513298,367.71187586249846,6.800000190734863,PS_011,527.3308253088036,360.0,3.0727089014985225
26.285404043802618,14.18246703228223,2024-07-03T15:45:00Z,3,3,3,3,3,3,1,3,3,3,451.2714690615187,92.55714136135931,,,,,,,,,,34.92002170811894,399.84809635142585,6.800000190734863,PS_011,490.0410291261999,360.0,2.9804123562917106
26.40473518588501,14.17914119761415,2024-07-03T16:00:00Z,4,4,4,4,4,4,1,4,4,4,527.2084539342436,112.23370372191512,,,,,,,,,,35.166699937570236,453.38868848422203,6.800000190734863,PS_011,489.0968308323987,360.0,2.3804063724205413
26.75523564760071,14.181723348014133,2024-07-03T16:15:00Z,3,3,3,3,3,3,1,3,3,3,612.4254648961347,136.48505605066475,,,,,,,,,,34.988986180605664,463.83082352776586,6.800000190734863,PS_011,468.41186325370364,360.0,3.3619108720935826
27.0590469000993,14.183706283569338,2024-07-03T16:30:00Z,4,4,4,4,4,4,1,4,4,4,602.2844155143603,130.6154266327812,,,,,,,,,,36.232613991421324,374.01426128232316,6.800000190734863,PS_011,460.0204885200244,360.0,2.3755008650110048
26.86818222806639,14.18155604944666,2024-07-03T16:45:00Z,4,4,4,4,4,4,1,4,4,4,576.3408582151387,131.28672873081464,,,,,,,,,,34.699888369583164,324.88435702096046,6.800000190734863,PS_011,439.2221499788981,360.0,2.668543577670311
27.021934514612262,14.182907025926664,2024-07-03T17:00:00Z,3,3,3,3,3,3,1,3,3,3,520.760436594344,131.11021811865132,,,,,,,,,,32.88232329721055,275.1498200531477,6.800000190734863,PS_011,395.0467670006244,360.00000000000006,3.244753624123451
27.05908563949898,14.182854005008302,2024-07-03T17:15:00Z,4,4,4,4,4,4,1,4,4,4,338.91589316114033,83.87129642697242,,,,,,,,,,32.620588774391436,193.56744163705383,6.800000190734863,PS_011,408.41582940502104,360.0,2.47872165287354
27.387751102967613,14.18370628356934,2024-07-03T17:30:00Z,4,4,4,4,4,4,1,4,4,4,460.25555746796164,118.28003795545729,,,,,,,,,,33.25590245087889,261.4338953031603,6.800000190734863,PS_011,400.7107771870789,360.00000000000006,2.5844546486836304
26.506682215501343,14.179183621227981,2024-07-03T17:45:00Z,3,3,3,3,3,3,1,3,3,3,222.92151684990145,57.54050688952208,,,,,,,,,,30.786313114334313,164.92232716738343,6.800000190734863,PS_011,386.03326387867907,360.00000000000006,2.202644729245613
26.768476014728524,14.180584196347425,2024-07-03T18:00:00Z,4,4,4,4,4,4,1,4,4,4,260.0810649339204,63.22528666663931,,,,,,,,,,30.941041322786415,174.44737712861667,6.800000190734863,PS_011,432.079669616653,360.00000000000006,2.2293668925234233
26.559658805183258,14.181496260301266,2024-07-03T18:15:00Z,4,4,4,4,4,4,1,4,4,4,256.5073991430341,77.89263643133349,,,,,,,,,,28.8813342200039,135.21256944070922,6.800000190734863,PS_011,358.8789611095756,360.0,2.6209299405564055
28.3707038273941,14.178359031677248,2024-07-03T18:30:00Z,3,3,3,3,3,3,1,3,3,3,433.63789504461715,142.97331131864175,,,,,,,,,,31.6478485001992,158.650391870622,6.800000190734863,PS_011,302.87392004498656,360.0,1.8855462870867448
27.40530824401765,14.178359031677244,2024-07-03T18:45:00Z,4,4,4,4,4,4,1,4,4,4,251.86143520563482,105.00802613391184,,,,,,,,,,30.248662643324973,93.71880724191844,6.800000190734863,PS_011,254.10338628946425,360.0,1.6552861333817286
26.9179220183994,14.179561424467725,2024-07-03T19:00:00Z,3,3,3,3,3,3,1,3,3,3,174.97397031189203,79.904429075693,,,,,,,,,,28.421990645584387,76.71930074234275,6.800000190734863,PS_011,238.84207503596176,360.00000000000006,2.3859727819081713
26.99108484288908,14.18017551984109,2024-07-03T19:15:00Z,4,4,4,4,4,4,1,4,4,4,194.4810744825533,127.74564588139675,,,,,,,,,,29.075298376964433,70.87734743010529,6.800000190734863,PS_011,180.91499672671415,360.0,3.064064152752923
25.303577197200273,14.178359031677243,2024-07-03T19:30:00Z,4,4,4,4,4,4,1,4,4,4,67.71478368943256,22.304098348002434,,,,,,,,,,25.230179651228,48.42804579745906,6.800000190734863,PS_011,304.5157164645198,359.99999999999994,1.9350526669277384
25.299999237060547,14.182030700545932,2024-07-03T19:45:00Z,3,3,3,3,3,3,1,3,3,3,63.46734701071817,31.650349487631075,,,,,,,,,,24.351239997348053,40.401698172741014,6.800000190734863,PS_011,207.10586686549203,360.00000000000006,0.9588538151283271
25.95801705697468,14.180777748877807,2024-07-03T20:00:00Z,4,4,4,4,4,4,1,4,4,4,89.47742530238533,124.7663224221258,,,,,,,,,,25.987618205189605,38.15840571641662,6.800000190734863,PS_011,71.86010343045466,359.99999999999994,0.6604503925934775
25.386810628033828,14.179837532701226,2024-07-03T20:15:00Z,4,4,4,4,4,4,1,4,4,4,38.40067659088085,27.810750325419555,,,,,,,,,,24.894955295519875,22.28874798514262,6.800000190734863,PS_011,148.01042892870538,360.0,0.29478039748334023
25.000000000000004,14.179220799098864,2024-07-03T20:30:00Z,3,3,3,3,3,3,1,3,3,3,18.880547981832574,23.32438975384979,,,,,,,,,,22.923542158271317,11.679674951901887,6.800000190734863,PS_011,91.22807041759029,359.99999999999994,0.6846389783670916
24.88846550452643,14.178359031677248,2024-07-03T20:45:00Z,4,4,4,4,4,4,1,4,4,4,3.0585433971435276,0.9980637487975861,,,,,,,,,,21.110656786373497,1.3543391235699165,6.800000190734863,PS_011,84.64363588701548,360.00000000000006,0.2077908493917119
24.76459465979281,14.178359031677244,2024-07-03T21:00:00Z,4,4,4,4,4,4,1,4,4,4,-1.3331495669214402,-0.6937083956516893,,,,,,,,,,19.99423578562466,-2.2223980160100343,6.800000190734863,PS_011,246.90927830198115,359.99999999999994,0.342175981473967
24.500000000000004,14.178359031677248,2024-07-03T21:15:00Z,3,3,3,3,3,3,1,3,3,3,-2.385531219204889,-1.5837258577741928,,,,,,,,,,19.799999237060547,-2.223944684251056,6.800000190734863,PS_011,167.1764154309865,360.0,1.023623178038191
24.410661961337023,14.178359031677244,2024-07-03T21:30:00Z,4,4,4,4,4,4,1,4,4,4,-2.855291156536618,-0.7332661086634279,,,,,,,,,,19.45599922811476,-2.274883975585463,6.800000190734863,PS_011,397.50447438046973,360.0,0.9619451286614212
23.66437103800324,14.178359031677248,2024-07-03T21:45:00Z,3,3,3,3,3,3,1,3,3,3,-4.019475535158458,-2.201189638221949,,,,,,,,,,18.684099811013464,-3.4866090388469893,6.800000190734863,PS_011,226.3241153154641,360.0,0.1314870995468133
22.669279802406315,14.178359031677244,2024-07-03T22:00:00Z,4,4,4,4,4,4,1,4,4,4,-2.508179082891129,-1.94184903492466,,,,,,,,,,17.458143741379,-1.0857314552215156,6.800000190734863,PS_011,124.11539535739176,360.0,0.9355320303622141
23.173310505874877,14.178359031677244,2024-07-03T22:15:00Z,3,3,3,3,3,3,1,3,3,3,-1.0980674459316844,-0.5992262798331978,,,,,,,,,,17.563716676885033,1.0940696248336117,6.800000190734863,PS_011,518.5282173572692,360.0,0.974303460633378
23.10000038146973,14.178359031677248,2024-07-03T22:30:00Z,1,1,1,1,1,1,1,1,1,1,-1.75,0.2800000011920929,,,,,,,,,,17.600000381469727,-0.09000000357627869,6.800000190734863,PS_011,-700.0,360.0,0.2280000001192093
22.34812174596137,14.178359031677248,2024-07-03T22:45:00Z,3,3,3,3,3,3,1,3,3,3,-1.920106983632137,-0.18004516004114998,,,,,,,,,,17.336900851738474,-1.1852123872508553,6.800000190734863,PS_011,6008.391100981798,360.0,0.05619165829095794
22.92752676485498,14.178359031677244,2024-07-03T23:00:00Z,4,4,4,4,4,4,1,4,4,4,-0.059248151983648766,-0.8389532341244536,,,,,,,,,,17.360448240242423,1.6206199932529561,6.800000190734863,PS_011,28.460512299071148,360.0,1.021680245577728
23.002467196041643,14.178359031677246,2024-07-03T23:15:00Z,2,2,2,2,2,2,1,2,2,2,-0.7608714055464025,0.01573225713126483,,,,,,,,,,17.90740213680059,0.7950498319864274,6.800000190734863,PS_011,145.08736900595204,360.0,0.1417532858538049
23.010178170422417,14.178359031677244,2024-07-03T23:30:00Z,2,2,2,2,2,2,1,2,2,2,-0.1505979756256821,-0.13108138531008007,,,,,,,,,,18.340712775358305,1.110343641304185,6.800000190734863,PS_011,-20.891061704692554,359.99999999999994,0.34847071252493317
23.39180110182936,14.178359031677244,2024-07-03T23:45:00Z,4,4,4,4,4,4,1,4,4,4,0.31928290992021974,-0.2565302859362899,,,,,,,,,,18.778682305531376,1.5572547158760015,6.800000190734863,PS_011,144.566342178973,359.99999999999994,0.6709079783821973
24.05901324526156,14.178359031677246,2024-07-04T00:00:00Z,3,3,3,3,3,3,1,3,3,3,-0.40162450717591036,1.381652863159905,,,,,,,,,,19.966703562972224,1.260396018420583,6.800000190734863,PS_011,-44.93823398950354,360.0,1.2372087845141337
22.956963748173376,14.178359031677244,2024-07-04T00:15:00Z,4,4,4,4,4,4,1,4,4,4,-2.4294931655282714,-0.4109882607349824,,,,,,,,,,19.540713360979932,-2.009537568427077,6.800000190734863,PS_011,773.5269424406321,360.0,1.0890911745311462
23.181010511623928,14.178359031677248,2024-07-04T00:30:00Z,2,2,2,2,2,2,1,2,2,2,-0.8533688800992195,-0.24154648145430288,,,,,,,,,,20.0189883439669,-0.14127058490475178,6.800000190734863,PS_011,-1764.8111169170713,360.0,0.9298836278180787
23.45666729339596,14.178359031677246,2024-07-04T00:45:00Z,2,2,2,2,2,2,1,2,2,2,-0.34455589071521553,0.5483337170300449,,,,,,,,,,20.7133353709191,2.0771104692108016,6.800000190734863,PS_011,-62.342596820964296,359.99999999999994,1.7530878605071134
23.345529202056287,14.178359031677246,2024-07-04T01:00:00Z,3,3,3,3,3,3,1,3,3,3,-2.2603283564160472,-0.7154958660109566,,,,,,,,,,20.54552961868128,-1.922991044204342,6.800000190734863,PS_011,329.45891296589184,360.0,1.2248887302259823
23.006856314170392,14.178359031677246,2024-07-04T01:15:00Z,4,4,4,4,4,4,1,4,4,4,-1.7735014164903122,-0.7012963169061145,,,,,,,,,,20.052246418572523,-0.25110772793265457,6.800000190734863,PS_011,327.03491525531535,360.00000000000006,1.6873699312949428
22.9486544250053,14.178359031677246,2024-07-04T01:30:00Z,2,2,2,2,2,2,1,2,2,2,-2.1029598583075404,-0.4776003959163977,,,,,,,,,,20.100000381469723,-0.6035200873404383,6.800000190734863,PS_011,747.0468000277137,359.99999999999994,2.332661252409968
23.040518923575746,14.178359031677244,2024-07-04T01:45:00Z,4,4,4,4,4,4,1,4,4,4,-1.1672024896965838,-0.9306412879822985,,,,,,,,,,20.15328412677775,-0.2921772278455509,6.800000190734863,PS_011,130.41721219778356,360.00000000000006,1.8223742738192943
22.399620373332066,14.178359031677248,2024-07-04T02:00:00Z,3,3,3,3,3,3,1,3,3,3,-1.1025448431499472,-1.457364733106057,,,,,,,,,,19.49781347397931,-0.49559076896445003,6.800000190734863,PS_011,114.20678834114082,359.99999999999994,1.1974245258194902
22.798921331932757,14.17743408253753,2024-07-04T02:15:00Z,3,3,3,3,3,3,1,3,3,3,-0.7199020479667053,-0.525374063401966,,,,,,,,,,20.058229432394707,-0.5481099183938597,6.800000190734863,PS_011,334.4726971794966,359.99999999999994,1.041476864775662
21.792539186020107,14.178359031677246,2024-07-04T02:30:00Z,4,4,4,4,4,4,1,4,4,4,-1.7579218227423796,-1.1392900993141737,,,,,,,,,,19.48150159290733,-2.0290485749622618,6.800000190734863,PS_011,179.88660877202742,360.0,0.3491741376057358
22.223835306137836,14.1793414729009,2024-07-04T02:45:00Z,3,3,3,3,3,3,1,3,3,3,-0.39083443530532896,-0.5416917996501662,,,,,,,,,,19.55511833433334,-0.26924141447819344,6.800000190734863,PS_011,23.818783906391126,360.0,0.5286470198770692
22.66123016138833,14.178359031677248,2024-07-04T03:00:00Z,2,2,2,2,2,2,1,2,2,2,-0.8205883089231997,-0.24489306728006974,,,,,,,,,,19.799999237060547,-0.31608739116799073,6.800000190734863,PS_011,35.02105075095282,360.0,0.3500516788972723
23.399999618530273,14.178359031677243,2024-07-04T03:15:00Z,2,2,2,2,2,2,1,2,2,2,0.20963125735362273,0.3028966440009475,,,,,,,,,,20.42896624736008,1.6489859635559303,6.800000190734863,PS_011,60.71664615593558,359.99999999999994,2.1282766860423803
22.411014668577476,14.178359031677248,2024-07-04T03:30:00Z,2,2,2,2,2,2,1,2,2,2,-2.4606266479789745,-1.11086443098822,,,,,,,,,,20.4835852162797,-1.7931540047729493,6.800000190734863,PS_011,-53.625709706634964,360.0,0.46774074336520677
21.200000762939453,14.178359031677246,2024-07-04T03:45:00Z,1,1,1,1,1,1,1,1,1,1,-2.7100000381469727,-1.8600000143051147,,,,,,,,,,19.5,-2.8499999046325684,6.800000190734863,PS_011,148.86363220214844,360.0,0.036000002175569534
21.75938425299762,14.178359031677248,2024-07-04T04:00:00Z,4,4,4,4,4,4,1,4,4,4,-1.5535745995061858,-1.2244065394843324,,,,,,,,,,19.52009899635075,-1.7632943092506448,6.800000190734863,PS_011,119.65707754044553,359.99999999999994,0.4934534077768025
21.800882357369684,14.178359031677246,2024-07-04T04:15:00Z,3,3,3,3,3,3,1,3,3,3,-0.5938962204466743,-0.9056121693103637,,,,,,,,,,19.255735283694058,-0.1566172772855197,6.800000190734863,PS_011,71.62459580036263,360.0,0.6372582826696603
21.422243086370887,14.178359031677248,2024-07-04T04:30:00Z,3,3,3,3,3,3,1,3,3,3,-1.3830388952670745,-0.5418158117578474,,,,,,,,,,19.40204510563258,-1.3195468566297013,6.800000190734863,PS_011,120.18914602579744,360.0,0.35814049750644805
22.022931797122258,14.178359031677248,2024-07-04T04:45:00Z,2,2,2,2,2,2,1,2,2,2,-0.25889692082215177,-0.716139205029453,,,,,,,,,,19.0,0.5760669855127516,6.800000190734863,PS_011,28.934949674130912,360.0,0.036000002175569534
22.100000381469727,14.178359031677244,2024-07-04T05:00:00Z,3,3,3,3,3,3,1,3,3,3,-0.09513269870381401,-0.46977183376249093,,,,,,,,,,19.381947309157095,1.5661705649793725,6.800000190734863,PS_011,-219.34403787740388,360.0,1.4899369913540783
21.181334175053433,14.178359031677246,2024-07-04T05:15:00Z,4,4,4,4,4,4,1,4,4,4,-1.6596227734418307,-1.124965203516222,,,,,,,,,,18.953453213510553,-1.9965149513360902,6.800000190734863,PS_011,144.80394436619986,360.0,0.37987721288391
21.337015154704847,14.178359031677246,2024-07-04T05:30:00Z,2,2,2,2,2,2,1,2,2,2,-1.0555818364310199,-0.1994503032494214,,,,,,,,,,19.0,-1.0435936228311653,6.800000190734863,PS_011,-6542.042255688202,360.0,0.5159095581892822
21.200000762939453,14.178359031677246,2024-07-04T05:45:00Z,2,2,2,2,2,2,1,2,2,2,0.05999999865889549,-0.20127481858126528,,,,,,,,,,19.0,-0.9098749842841027,6.800000190734863,PS_011,21.236140678458444,360.0,0.05194998982257849
21.5,14.178359031677246,2024-07-04T06:00:00Z,3,3,3,3,3,3,1,3,3,3,-0.41663396234497907,-0.08596215528930104,,,,,,,,,,18.811686024357623,-0.8580197166354478,6.800000190734863,PS_011,142.42656697474652,360.00000000000006,0.036000002175569534
21.25273790700315,14.178359031677246,2024-07-04T06:15:00Z,3,3,3,3,3,3,1,3,3,3,-0.5594009323348538,-0.25967649800320514,,,,,,,,,,18.927415783073258,-0.541148227243057,6.800000190734863,PS_011,294.4950809702448,360.0,0.04764522326861495
21.566704879826645,14.177548157460265,2024-07-04T06:30:00Z,3,3,3,3,3,3,1,3,3,3,-0.8827017034502189,-0.5921034093431203,,,,,,,,,,18.192477075103636,-1.7258896323542616,6.800000190734863,PS_011,242.0203128164608,360.0,0.17148413058490677
21.562119658543786,14.178359031677246,2024-07-04T06:45:00Z,4,4,4,4,4,4,1,4,4,4,-1.0729970445657067,-1.8623005015495462,,,,,,,,,,17.23754431867395,-1.0843024430839523,6.800000190734863,PS_011,61.90959698782609,360.0,1.3233452286019491
21.5,14.178359031677244,2024-07-04T07:00:00Z,1,1,1,1,1,1,1,1,1,1,-1.4600000381469727,-1.0,,,,,,,,,,17.100000381469727,0.059999998658895486,6.800000190734863,PS_011,130.0885009765625,360.0,1.0360000133514404
21.384172839078744,14.178359031677246,2024-07-04T07:15:00Z,3,3,3,3,3,3,1,3,3,3,-0.6910742658462682,-0.9589713539945979,,,,,,,,,,17.100000381469723,0.5248579580197434,6.800000190734863,PS_011,110.87868114426232,359.99999999999994,1.0852006058106347
21.696016108464725,14.178359031677244,2024-07-04T07:30:00Z,3,3,3,3,3,3,1,3,3,3,-1.2052027166527333,-0.3908485206439175,,,,,,,,,,17.036118237799588,-0.8118343719811421,6.800000190734863,PS_011,265.4468552454033,360.00000000000006,0.46998129735562344
22.48241861340521,14.178359031677246,2024-07-04T07:45:00Z,2,2,2,2,2,2,1,2,2,2,0.4926107353846436,1.1487640665401964,,,,,,,,,,17.96840704775492,3.54192335957752,6.800000190734863,PS_011,47.45403189874425,360.0,1.4080924911742478
22.694771373791085,14.178359031677244,2024-07-04T08:00:00Z,3,3,3,3,3,3,1,3,3,3,-1.3704480290613728,-0.36722216482595926,,,,,,,,,,17.694771373791085,0.186258693603532,6.800000190734863,PS_011,-458.8622731524972,360.0,0.4007331312774506
23.502028280952533,14.178359031677246,2024-07-04T08:15:00Z,3,3,3,3,3,3,1,3,3,3,0.00711234774215609,0.6998498181271163,,,,,,,,,,18.30850990921254,1.7877798551614552,6.800000190734863,PS_011,-18.359663503457057,360.00000000000006,1.7062115589973588
22.74530278334001,14.178359031677246,2024-07-04T08:30:00Z,2,2,2,2,2,2,1,2,2,2,-3.158788900864132,0.18559518322938923,,,,,,,,,,18.990605566680017,-0.957473183002277,6.800000190734863,PS_011,550.686191647675,360.0,1.1263925516466997
21.93998603105899,14.178359031677244,2024-07-04T08:45:00Z,4,4,4,4,4,4,1,4,4,4,-2.292392631743519,-1.073656197743949,,,,,,,,,,17.732036818355454,-0.9315932822327145,6.800000190734863,PS_011,375.15922868044476,360.0,2.1880858006528214
21.73153850308931,14.178359031677248,2024-07-04T09:00:00Z,4,4,4,4,4,4,1,4,4,4,-3.135059400779847,-1.2653603044742685,,,,,,,,,,18.202711806009415,-1.507019906382712,6.800000190734863,PS_011,278.712012359236,360.0,2.76510071940841
21.58099972215396,14.175978010719293,2024-07-04T09:15:00Z,4,4,4,4,4,4,1,4,4,4,-2.1736850859469916,-0.4746974901196932,,,,,,,,,,18.05267130357462,-0.4264236630516908,6.800000190734863,PS_011,476.95878751464073,360.0,2.8414190539344464
21.533486447460103,14.177297287403219,2024-07-04T09:30:00Z,3,3,3,3,3,3,1,3,3,3,-2.278736483413775,-1.1022394965772413,,,,,,,,,,17.668079268499735,-0.6253409348296293,6.800000190734863,PS_011,220.31564582154715,360.00000000000006,2.0259458445046232
21.29999923706055,14.17930776756527,2024-07-04T09:45:00Z,3,3,3,3,3,3,1,3,3,3,-1.4072097508189403,-0.42356846706911877,,,,,,,,,,17.153227730456063,0.7923564200732627,6.800000190734863,PS_011,310.52269477184615,360.00000000000006,2.018664598712956
20.941917476999894,14.17535488119103,2024-07-04T10:00:00Z,3,3,3,3,3,3,1,3,3,3,2.7339722617352056,0.4948305854953032,,,,,,,,,,17.5671394886996,6.5442943923613575,6.800000190734863,PS_011,559.7605177118745,360.0,2.8350040498271936
20.120232524198816,14.178359031677246,2024-07-04T10:15:00Z,4,4,4,4,4,4,1,4,4,4,17.918078596418002,3.638694388306358,,,,,,,,,,17.56897999747399,28.046415569950877,6.800000190734863,PS_011,516.0072056004898,360.00000000000006,3.0727203626339263
20.14594676356442,14.177107108617514,2024-07-04T10:30:00Z,4,4,4,4,4,4,1,4,4,4,42.85957453062621,10.263542555915135,,,,,,,,,,19.70416591075116,166.99754967240696,6.800000190734863,PS_011,423.4896910058623,359.99999999999994,3.9403690148232218
20.44578945074478,14.178359031677246,2024-07-04T10:45:00Z,3,3,3,3,3,3,1,3,3,3,76.37935519683576,20.0867466230802,,,,,,,,,,21.943438781680925,193.0543723830537,6.800000190734863,PS_011,381.24988454125344,360.00000000000006,2.5694232441686986
20.8608916573542,14.178359031677244,2024-07-04T11:00:00Z,4,4,4,4,4,4,1,4,4,4,111.91928209100885,29.619840926485725,,,,,,,,,,24.320710974777903,332.2218143339842,6.800000190734863,PS_011,378.2449461001382,360.0,3.2731546180464353
21.26576482625702,14.178359031677246,2024-07-04T11:15:00Z,4,4,4,4,4,4,1,4,4,4,152.65822496012785,39.85339495083726,,,,,,,,,,26.23042794540157,400.9432835319656,6.800000190734863,PS_011,383.23648974915454,360.00000000000006,2.8817031506396313
21.799999237060547,14.178359031677248,2024-07-04T11:30:00Z,3,3,3,3,3,3,1,3,3,3,199.0139541804519,51.73468478137592,,,,,,,,,,27.684203729114248,464.01049766584197,6.800000190734863,PS_011,384.69020723118615,360.0,2.3306656504405168
22.238414181082263,14.178359031677248,2024-07-04T11:45:00Z,4,4,4,4,4,4,1,4,4,4,242.15945547300518,63.060150111232794,,,,,,,,,,29.3146634790301,507.03780049513074,6.800000190734863,PS_011,384.04785464375493,360.0,2.254050853353421
22.702500293879773,14.180712367396847,2024-07-04T12:00:00Z,4,4,4,4,4,4,1,4,4,4,293.4289488181633,70.74072395171304,,,,,,,,,,31.61411730985861,554.9989250744487,6.800000190734863,PS_011,415.0093969885197,360.0,2.8236171120558766
23.523170802084074,14.182018876470343,2024-07-04T12:15:00Z,3,3,3,3,3,3,1,3,3,3,356.8261061710601,76.81461041596073,,,,,,,,,,33.42850085366995,611.2120445715221,6.800000190734863,PS_011,466.78164333194036,360.0,2.0340178167281358
23.383300923432714,14.178359031677246,2024-07-04T12:30:00Z,4,4,4,4,4,4,1,4,4,4,360.5577863979815,71.60042887373245,,,,,,,,,,32.922484349683494,585.0954868627986,6.800000190734863,PS_011,501.1386790422265,360.0,2.4107735026099197
23.864983673549023,14.1792952324245,2024-07-04T12:45:00Z,3,3,3,3,3,3,1,3,3,3,495.29852832645975,87.99605171556786,,,,,,,,,,35.82567184468528,717.4798435611359,6.800000190734863,PS_011,564.215124691369,359.99999999999994,3.720898341090993
23.824637773984577,14.182532307398745,2024-07-04T13:00:00Z,4,4,4,4,4,4,1,4,4,4,427.14788393641544,78.64547423472236,,,,,,,,,,35.06520858661026,597.3518820184761,6.800000190734863,PS_011,555.6975556713766,360.0,2.9527412710038026
24.06378000730928,14.178359031677246,2024-07-04T13:15:00Z,4,4,4,4,4,4,1,4,4,4,345.0526889641196,59.474095604935144,,,,,,,,,,32.1694764572976,407.1145054452862,6.800000190734863,PS_011,577.6676650889575,360.0,2.263812166409367
25.002434017449616,14.179194979718723,2024-07-04T13:30:00Z,3,3,3,3,3,3,1,3,3,3,406.1045636420777,70.52831682881401,,,,,,,,,,34.24316035430939,495.37570220726707,6.800000190734863,PS_011,576.7379941573757,360.00000000000006,1.4665674190470188
25.40365136673526,14.179896239878955,2024-07-04T13:45:00Z,4,4,4,4,4,4,1,4,4,4,457.4476458954829,77.25101318391657,,,,,,,,,,33.95926651194574,489.14735758525705,6.800000190734863,PS_011,578.9910010025347,360.0,3.035618253102893
26.057210998288788,14.1824019752792,2024-07-04T14:00:00Z,4,4,4,4,4,4,1,4,4,4,526.4417254236802,88.36198339173973,,,,,,,,,,35.47534368711756,544.9468073698067,6.800000190734863,PS_011,589.6278028664493,360.00000000000006,2.5796106060603363
26.150497444227952,14.178359031677248,2024-07-04T14:15:00Z,3,3,3,3,3,3,1,3,3,3,527.7846873725416,84.79844197007453,,,,,,,,,,36.41888847669307,487.29174528770955,6.800000190734863,PS_011,595.6379343946835,360.0,1.5357539577628354
26.64394347524458,14.180163237521787,2024-07-04T14:30:00Z,4,4,4,4,4,4,1,4,4,4,516.7539633190278,90.64803349407593,,,,,,,,,,37.46642475315697,499.1419522452783,6.800000190734863,PS_011,557.6589383616072,360.0,1.8022027105093796
27.012464822850212,14.182839287914945,2024-07-04T14:45:00Z,3,3,3,3,3,3,1,3,3,3,539.5023541784011,91.14913265048135,,,,,,,,,,36.70749862508178,512.442578887911,6.800000190734863,PS_011,598.3241789936085,360.0,1.158080450113554
27.641964354839196,14.181661836078359,2024-07-04T15:00:00Z,4,4,4,4,4,4,1,4,4,4,697.3484395590517,110.87124163737873,,,,,,,,,,40.78251011508875,624.2879239375116,6.800000190734863,PS_011,616.0689937845835,360.00000000000006,3.275699805991595
27.0300730036386,14.180677473348533,2024-07-04T15:15:00Z,4,4,4,4,4,4,1,4,4,4,381.97898280798887,68.11358730022334,,,,,,,,,,36.215090725402085,340.2140825179394,6.800000190734863,PS_011,561.3732049975596,360.00000000000006,3.1623249475932824
26.945759839489934,14.182007112736489,2024-07-04T15:30:00Z,3,3,3,3,3,3,1,3,3,3,355.5736504236831,69.17123473223722,,,,,,,,,,34.14662125773997,300.6052536101763,6.800000190734863,PS_011,516.0274153361062,360.00000000000006,2.430713585467829
28.3757082953858,14.18009159833835,2024-07-04T15:45:00Z,4,4,4,4,4,4,1,4,4,4,838.3567423079362,146.97560052352358,,,,,,,,,,38.355229277601936,632.9957420194943,6.800000190734863,PS_011,569.2611462978406,360.0,2.9777510757023937
28.051070865354152,14.182516878459488,2024-07-04T16:00:00Z,3,3,3,3,3,3,1,3,3,3,722.7701231143892,134.966651885709,,,,,,,,,,39.41413536760532,520.7284137286895,6.800000190734863,PS_011,535.6194911484702,360.0,3.1872164592835652
28.344556226633564,14.18015661275943,2024-07-04T16:15:00Z,4,4,4,4,4,4,1,4,4,4,629.0490147146955,127.21069025631064,,,,,,,,,,39.204497245337784,432.05672535243724,6.800000190734863,PS_011,493.9955087468387,360.0,4.474345812646967
27.716307071477253,14.18207926800593,2024-07-04T16:30:00Z,4,4,4,4,4,4,1,4,4,4,494.11152492556437,108.89635574135424,,,,,,,,,,35.29021212605731,320.59164098297464,6.800000190734863,PS_011,440.8983234172575,360.0,2.620200349971045
28.8955351688372,14.182912058014034,2024-07-04T16:45:00Z,3,3,3,3,3,3,1,3,3,3,653.4766220406638,145.52992652664207,,,,,,,,,,36.53079100101381,396.3012193662914,6.800000190734863,PS_011,438.58181746042584,360.00000000000006,2.2797836169561747
28.413798696727707,14.179076813227217,2024-07-04T17:00:00Z,4,4,4,4,4,4,1,4,4,4,645.929607697258,151.9537888004954,,,,,,,,,,37.06557639523948,368.75017663558083,6.800000190734863,PS_011,425.7185841424629,360.0,4.134077035046748
27.36159658807645,14.182856594804582,2024-07-04T17:15:00Z,4,4,4,4,4,4,1,4,4,4,355.7240657705573,88.4389748980691,,,,,,,,,,32.01188481535698,207.16731806097383,6.800000190734863,PS_011,353.53344499911293,359.99999999999994,2.8291538645184504
28.812460251918885,14.178359031677248,2024-07-04T17:30:00Z,3,3,3,3,3,3,1,3,3,3,602.87415078392,153.24455807261845,,,,,,,,,,34.880669824650845,269.8793183038274,6.800000190734863,PS_011,393.46394630709847,360.00000000000006,3.213899071541744
28.4708231557931,14.178359031677248,2024-07-04T17:45:00Z,4,4,4,4,4,4,1,4,4,4,536.7118217236689,157.80687037368202,,,,,,,,,,33.266630702995926,196.79470235259186,6.800000190734863,PS_011,340.1530714387468,360.0,3.700119248171375
27.329735419773286,14.180226474160744,2024-07-04T18:00:00Z,3,3,3,3,3,3,1,3,3,3,205.64888261529015,61.713132653489644,,,,,,,,,,29.495880523713392,105.3051130196074,6.800000190734863,PS_011,326.51512024865133,360.0,3.498297805945281
26.477869867431394,14.181289615011648,2024-07-04T18:15:00Z,4,4,4,4,4,4,1,4,4,4,119.49673958284284,36.630615021326854,,,,,,,,,,27.01763266751044,75.66449322539223,6.800000190734863,PS_011,314.28578456325533,360.0,2.1445756538769696
26.272712776939365,14.178359031677246,2024-07-04T18:30:00Z,4,4,4,4,4,4,1,4,4,4,92.07136491594504,32.777821665829954,,,,,,,,,,25.72199801950925,65.17438881264431,6.800000190734863,PS_011,280.23502252852205,360.0,1.7989668776031913
26.39999961853027,14.178359031677248,2024-07-04T18:45:00Z,3,3,3,3,3,3,1,3,3,3,97.31388068742541,37.23137376392772,,,,,,,,,,25.500000000000004,63.17122149806848,6.800000190734863,PS_011,261.8037203274869,360.00000000000006,0.6413777940041044
28.279487210356628,14.178359031677244,2024-07-04T19:00:00Z,4,4,4,4,4,4,1,4,4,4,309.05635088322646,186.41029869358954,,,,,,,,,,29.966142814041174,81.28265771112466,6.800000190734863,PS_011,165.44286089026554,360.0,0.9398356436173558
28.344709266934135,14.181591994453976,2024-07-04T19:15:00Z,3,3,3,3,3,3,1,3,3,3,274.63657241522463,194.36548093032786,,,,,,,,,,32.61527069186693,75.31398414023855,6.800000190734863,PS_011,141.31338649652133,360.0,1.393206753063022
28.000000000000004,14.179207381462781,2024-07-04T19:30:00Z,4,4,4,4,4,4,1,4,4,4,232.6142152143581,202.71915827352757,,,,,,,,,,33.782467653762566,70.14820519072784,6.800000190734863,PS_011,114.53522785867094,360.0,1.7356834362442708
27.489412591767824,14.180496707406576,2024-07-04T19:45:00Z,4,4,4,4,4,4,1,4,4,4,158.97414330303926,181.0670788036679,,,,,,,,,,31.437528727313584,50.517623564059626,6.800000190734863,PS_011,88.0883583938949,360.00000000000006,1.5272319821883864
26.473287216529698,14.178359031677244,2024-07-04T20:00:00Z,3,3,3,3,3,3,1,3,3,3,74.34448090610476,42.84043574712591,,,,,,,,,,27.142001024640784,42.41257759065317,6.800000190734863,PS_011,173.74940892625858,360.0,1.9565544171702698
26.352774599698996,14.178359031677248,2024-07-04T20:15:00Z,4,4,4,4,4,4,1,4,4,4,60.00924362789199,90.27430872008965,,,,,,,,,,27.081121331351092,28.122793597973736,6.800000190734863,PS_011,105.77105836912057,360.0,2.179591921943953
25.525929538358128,14.178359031677246,2024-07-04T20:30:00Z,4,4,4,4,4,4,1,4,4,4,19.379828202654224,35.5599588487812,,,,,,,,,,24.65084432054846,9.537481103673422,6.800000190734863,PS_011,55.444938122826265,360.0,1.5598440262253181
25.24888308995931,14.178359031677246,2024-07-04T20:45:00Z,3,3,3,3,3,3,1,3,3,3,1.598405457477213,0.6558909156770242,,,,,,,,,,21.767461184498508,-0.03490115776293361,6.800000190734863,PS_011,478.8218350947034,360.0,0.8098271526937173
24.799999237060547,14.178359031677246,2024-07-04T21:00:00Z,4,4,4,4,4,4,1,4,4,4,-2.5626951266095075,-0.9604622994134961,,,,,,,,,,20.346879083088744,-3.0430336219416363,6.800000190734863,PS_011,265.1316554713955,360.0,0.854598548101178
24.446403353152355,14.178359031677248,2024-07-04T21:15:00Z,3,3,3,3,3,3,1,3,3,3,-3.5155983963389192,-1.5170721076248554,,,,,,,,,,19.493984173899154,-3.9596890659032664,6.800000190734863,PS_011,246.9441053690844,360.0,0.11690360651803015
23.4059239722276,14.178359031677246,2024-07-04T21:30:00Z,4,4,4,4,4,4,1,4,4,4,-2.9695347134229175,-2.0185664286235596,,,,,,,,,,18.737478799281742,-2.4478378260127003,6.800000190734863,PS_011,163.2983640648156,360.00000000000006,0.6956441352215704
22.704069668342548,14.178359031677244,2024-07-04T21:45:00Z,4,4,4,4,4,4,1,4,4,4,-1.5321954282793235,-1.9594028759148352,,,,,,,,,,17.78364190582092,0.9951339632859048,6.800000190734863,PS_011,112.18458522083152,360.0,1.5536445581003964
24.117742822754906,14.177589306918058,2024-07-04T22:00:00Z,3,3,3,3,3,3,1,3,3,3,-0.909989630759543,1.3805812855100923,,,,,,,,,,19.508887004964258,2.1351081330820185,6.800000190734863,PS_011,74.6124200739184,360.00000000000006,1.6999230458078418
24.123129078527153,14.178359031677244,2024-07-04T22:15:00Z,3,3,3,3,3,3,1,3,3,3,-2.322149365566635,0.055646174257804194,,,,,,,,,,19.91530676367899,-0.45953223700671686,6.800000190734863,PS_011,2082.4019257773784,360.0,1.937719269185439
24.18980952107401,14.178359031677248,2024-07-04T22:30:00Z,3,3,3,3,3,3,1,3,3,3,-2.5886990122273454,0.15946655991895772,,,,,,,,,,20.04010622213972,0.241162834977359,6.800000190734863,PS_011,-1099.950248877261,360.00000000000006,2.1572852163032925
24.200000762939453,14.178359031677248,2024-07-04T22:45:00Z,1,1,1,1,1,1,1,1,1,1,-2.1700000762939453,-0.27000001072883606,,,,,,,,,,20.299999237060547,0.18000000715255735,6.800000190734863,PS_011,1194.73681640625,360.0,1.4400000572204588
23.90007079231776,14.178359031677246,2024-07-04T23:00:00Z,4,4,4,4,4,4,1,4,4,4,-2.3209042576550427,-1.1469070470423113,,,,,,,,,,19.986728167583376,-1.0428961474852223,6.800000190734863,PS_011,267.47264106224645,360.0,1.3824206442509512
23.722864263912605,14.178359031677246,2024-07-04T23:15:00Z,2,2,2,2,2,2,1,2,2,2,-2.957734067177921,-0.7763734236248828,,,,,,,,,,19.82286464538233,-1.3679642653623048,6.800000190734863,PS_011,421.24851547206225,360.0,1.9475539523429113
24.19654550468261,14.178359031677244,2024-07-04T23:30:00Z,4,4,4,4,4,4,1,4,4,4,-2.0650387148487783,-1.0111371730570715,,,,,,,,,,19.534035868530875,-0.031684747714038515,6.800000190734863,PS_011,227.48123997654548,360.0,1.319652894283195
23.85282253370364,14.178359031677248,2024-07-04T23:45:00Z,3,3,3,3,3,3,1,3,3,3,-1.980742851092269,-0.6933026187083047,,,,,,,,,,19.20565970591326,-0.2829257265323446,6.800000190734863,PS_011,130.39917327619034,360.0,2.1022418747918388
