ambient_temperature_celsius,battery_voltage,datetime,document_count_ambient_temperature_celsius,document_count_battery_voltage,document_count_ghi_irradiance_wm2,document_count_gri_irradiance_wm2,document_count_panel_temperature_celsius,document_count_poa_irradiance_wm2,document_count_precipitation_accumulated_mm,document_count_tracker_albedo_index,document_count_wind_direction_degrees,document_count_wind_speed_ms,ghi_irradiance_wm2,gri_irradiance_wm2,interpolated_keys_ambient_temperature_celsius,interpolated_keys_ghi_irradiance_wm2,interpolated_keys_gri_irradiance_wm2,interpolated_keys_panel_temperature_celsius,interpolated_keys_poa_irradiance_wm2,interpolated_keys_wind_speed_ms,panel_temperature_celsius,poa_irradiance_wm2,precipitation_accumulated_mm,ps_id,tracker_albedo_index,wind_direction_degrees,wind_speed_ms
,,2024-10-10T00:00:00Z,0,0,0,0,0,0,0,0,0,0,,,,,,,,,,,,PS_034,,,
,,2024-10-10T00:15:00Z,0,0,0,0,0,0,0,0,0,0,,,,,,,,,,,,PS_034,,,
,,2024-10-10T00:30:00Z,0,0,0,0,0,0,0,0,0,0,,,,,,,,,,,,PS_034,,,
,,2024-10-10T00:45:00Z,0,0,0,0,0,0,0,0,0,0,,,,,,,,,,,,PS_034,,,
,,2024-10-10T01:00:00Z,0,0,0,0,0,0,0,0,0,0,,,,,,,,,,,,PS_034,,,
,,2024-10-10T01:15:00Z,0,0,0,0,0,0,0,0,0,0,,,,,,,,,,,,PS_034,,,
,,2024-10-10T01:30:00Z,0,0,0,0,0,0,0,0,0,0,,,,,,,,,,,,PS_034,,,
,,2024-10-10T01:45:00Z,0,0,0,0,0,0,0,0,0,0,,,,,,,,,,,,PS_034,,,
,,2024-10-10T02:00:00Z,0,0,0,0,0,0,0,0,0,0,,,,,,,,,,,,PS_034,,,
,,2024-10-10T02:15:00Z,0,0,0,0,0,0,0,0,0,0,,,,,,,,,,,,PS_034,,,
,,2024-10-10T02:30:00Z,0,0,0,0,0,0,0,0,0,0,,,,,,,,,,,,PS_034,,,
,,2024-10-10T02:45:00Z,0,0,0,0,0,0,0,0,0,0,,,,,,,,,,,,PS_034,,,
,,2024-10-10T03:00:00Z,0,0,0,0,0,0,0,0,0,0,,,,,,,,,,,,PS_034,,,
,,2024-10-10T03:15:00Z,0,0,0,0,0,0,0,0,0,0,,,,,,,,,,,,PS_034,,,
,,2024-10-10T03:30:00Z,0,0,0,0,0,0,0,0,0,0,,,,,,,,,,,,PS_034,,,
,,2024-10-10T03:45:00Z,0,0,0,0,0,0,0,0,0,0,,,,,,,,,,,,PS_034,,,
,,2024-10-10T04:00:00Z,0,0,0,0,0,0,0,0,0,0,,,,,,,,,,,,PS_034,,,
,,2024-10-10T04:15:00Z,0,0,0,0,0,0,0,0,0,0,,,,,,,,,,,,PS_034,,,
,,2024-10-10T04:30:00Z,0,0,0,0,0,0,0,0,0,0,,,,,,,,,,,,PS_034,,,
,,2024-10-10T04:45:00Z,0,0,0,0,0,0,0,0,0,0,,,,,,,,,,,,PS_034,,,
,,2024-10-10T05:00:00Z,0,0,0,0,0,0,0,0,0,0,,,,,,,,,,,,PS_034,,,
,,2024-10-10T05:15:00Z,0,0,0,0,0,0,0,0,0,0,,,,,,,,,,,,PS_034,,,
,,2024-10-10T05:30:00Z,0,0,0,0,0,0,0,0,0,0,,,,,,,,,,,,PS_034,,,
,,2024-10-10T05:45:00Z,0,0,0,0,0,0,0,0,0,0,,,,,,,,,,,,PS_034,,,
,,2024-10-10T06:00:00Z,0,0,0,0,0,0,0,0,0,0,,,,,,,,,,,,PS_034,,,
,,2024-10-10T06:15:00Z,0,0,0,0,0,0,0,0,0,0,,,,,,,,,,,,PS_034,,,
,,2024-10-10T06:30:00Z,0,0,0,0,0,0,0,0,0,0,,,,,,,,,,,,PS_034,,,
,,2024-10-10T06:45:00Z,0,0,0,0,0,0,0,0,0,0,,,,,,,,,,,,PS_034,,,
,,2024-10-10T07:00:00Z,0,0,0,0,0,0,0,0,0,0,,,,,,,,,,,,PS_034,,,
,,2024-10-10T07:15:00Z,0,0,0,0,0,0,0,0,0,0,,,,,,,,,,,,PS_034,,,
,,2024-10-10T07:30:00Z,0,0,0,0,0,0,0,0,0,0,,,,,,,,,,,,PS_034,,,
,,2024-10-10T07:45:00Z,0,0,0,0,0,0,0,0,0,0,,,,,,,,,,,,PS_034,,,
,,2024-10-10T08:00:00Z,0,0,0,0,0,0,0,0,0,0,,,,,,,,,,,,PS_034,,,
,,2024-10-10T08:15:00Z,0,0,0,0,0,0,0,0,0,0,,,,,,,,,,,,PS_034,,,
,,2024-10-10T08:30:00Z,0,0,0,0,0,0,0,0,0,0,,,,,,,,,,,,PS_034,,,
,,2024-10-10T08:45:00Z,0,0,0,0,0,0,0,0,0,0,,,,,,,,,,,,PS_034,,,
,,2024-10-10T09:00:00Z,0,0,0,0,0,0,0,0,0,0,,,,,,,,,,,,PS_034,,,
,,2024-10-10T09:15:00Z,0,0,0,0,0,0,0,0,0,0,,,,,,,,,,,,PS_034,,,
,,2024-10-10T09:30:00Z,0,0,0,0,0,0,0,0,0,0,,,,,,,,,,,,PS_034,,,
,,2024-10-10T09:45:00Z,0,0,0,0,0,0,0,0,0,0,,,,,,,,,,,,PS_034,,,
,,2024-10-10T10:00:00Z,0,0,0,0,0,0,0,0,0,0,,,,,,,,,,,,PS_034,,,
,,2024-10-10T10:15:00Z,0,0,0,0,0,0,0,0,0,0,,,,,,,,,,,,PS_034,,,
,,2024-10-10T10:30:00Z,0,0,0,0,0,0,0,0,0,0,,,,,,,,,,,,PS_034,,,
,,2024-10-10T10:45:00Z,0,0,0,0,0,0,0,0,0,0,,,,,,,,,,,,PS_034,,,
,,2024-10-10T11:00:00Z,0,0,0,0,0,0,0,0,0,0,,,,,,,,,,,,PS_034,,,
21.25,,2024-10-10T11:15:00Z,1,0,1,0,1,1,0,0,0,1,95.59082794189453,,,,,,,,23.105886459350586,82.55033874511719,,PS_034,,,3.7225241661071773
21.527096479990632,,2024-10-10T11:30:00Z,4,0,4,0,4,4,1,0,0,4,75.94577091759822,,,,,,,,23.25579827340577,60.54410819299621,3.4000000953674316,PS_034,,,2.706181914876934
21.672905701197447,,2024-10-10T11:45:00Z,4,0,4,0,4,4,1,0,0,4,91.48722560370976,,,,,,,,23.034658898641407,65.00943069396342,3.4000000953674316,PS_034,,,3.3333620874204413
21.85055995908216,,2024-10-10T12:00:00Z,3,0,3,0,3,3,1,0,0,3,100.55336150652671,,,,,,,,23.251194082161078,84.87704790795979,3.4000000953674316,PS_034,,,4.236272639470231
22.18625885813787,,2024-10-10T12:15:00Z,4,0,4,0,4,4,1,0,0,4,101.67231624604153,,,,,,,,23.78379720130294,88.46523196200322,3.4000000953674316,PS_034,,,4.202745253159606
22.605776297574252,,2024-10-10T12:30:00Z,4,0,4,0,4,4,1,0,0,4,108.92351716878133,,,,,,,,24.08135106779541,94.74592567748398,3.4000000953674316,PS_034,,,5.580887505020746
23.035143204834732,,2024-10-10T12:45:00Z,4,0,4,0,4,4,1,0,0,4,118.57101327449429,,,,,,,,24.800665175350346,101.47095964876198,3.4000000953674316,PS_034,,,4.01054840536716
23.261568116469352,,2024-10-10T13:00:00Z,3,0,3,0,3,3,1,0,0,3,140.8293837429041,,,,,,,,25.543506232957572,124.11829378147343,3.4000000953674316,PS_034,,,4.471254206768767
23.70821707944219,,2024-10-10T13:15:00Z,4,0,4,0,4,4,1,0,0,4,167.1831599876346,,,,,,,,26.70888649044983,160.00359653879246,3.4000000953674316,PS_034,,,4.512596419434009
24.018101332685585,,2024-10-10T13:30:00Z,4,0,4,0,4,4,1,0,0,4,170.73843709203481,,,,,,,,27.137162507199736,159.78873548986633,3.4000000953674316,PS_034,,,3.406862531914048
23.984831092554607,,2024-10-10T13:45:00Z,3,0,3,0,3,3,1,0,0,3,219.9050312951044,,,,,,,,25.259400096773525,210.7217515189386,3.4000000953674316,PS_034,,,2.677472380259045
25.239963229238754,,2024-10-10T14:00:00Z,4,0,4,0,4,4,1,0,0,4,401.3549810901388,,,,,,,,30.150055151981917,402.2200062419892,3.4000000953674316,PS_034,,,4.152265299647099
26.269398771514712,,2024-10-10T14:15:00Z,4,0,4,0,4,4,1,0,0,4,479.3666786309874,,,,,,,,34.64526179912335,502.7679628135383,3.4000000953674316,PS_034,,,7.229360048564323
26.39934382883951,,2024-10-10T14:30:00Z,4,0,4,0,4,4,1,0,0,4,368.2275602815899,,,,,,,,32.68831846651937,386.3413201019007,3.4000000953674316,PS_034,,,7.648982928248026
27.567936025843448,,2024-10-10T14:45:00Z,3,0,3,0,3,3,1,0,0,3,491.44020117054896,,,,,,,,34.68481273576712,507.9548731264483,3.4000000953674316,PS_034,,,7.589326342820101
28.278685604718184,,2024-10-10T15:00:00Z,4,0,4,0,4,4,1,0,0,4,661.0045147287785,,,,,,,,38.704266668111,687.583058369025,3.4000000953674316,PS_034,,,5.674223505740986
28.500121510509956,,2024-10-10T15:15:00Z,4,0,4,0,4,4,1,0,0,4,426.8060026620959,,,,,,,,35.60240883974097,445.37550307139605,3.4000000953674316,PS_034,,,5.164515339616615
28.192001977175682,,2024-10-10T15:30:00Z,3,0,3,0,3,3,1,0,0,3,331.41627196227944,,,,,,,,34.01419850621458,344.12224521457483,3.4000000953674316,PS_034,,,5.3394525751943025
28.66788725689161,,2024-10-10T15:45:00Z,4,0,4,0,4,4,1,0,0,4,254.45603740063183,,,,,,,,34.15082870702786,265.3774476019278,3.4000000953674316,PS_034,,,5.075971513149584
28.78583368055941,,2024-10-10T16:00:00Z,4,0,4,0,4,4,1,0,0,4,213.2292967458173,,,,,,,,33.35667140438606,214.41810683172287,3.4000000953674316,PS_034,,,4.510395291901898
28.46765533894701,,2024-10-10T16:15:00Z,4,0,4,0,4,4,1,0,0,4,170.69405163956685,,,,,,,,32.11183765737817,169.7943829396591,3.4000000953674316,PS_034,,,4.728173663962108
28.11071957331633,,2024-10-10T16:30:00Z,3,0,3,0,3,3,1,0,0,3,208.88243937142337,,,,,,,,31.808856372015676,210.19772026931014,3.4000000953674316,PS_034,,,4.539280585605402
28.00301661906402,,2024-10-10T16:45:00Z,4,0,4,0,4,4,1,0,0,4,174.28669748039286,,,,,,,,32.32925826113026,168.60393034679632,3.4000000953674316,PS_034,,,3.8423453613601466
27.41197086214285,,2024-10-10T17:00:00Z,4,0,4,0,4,4,1,0,0,4,140.53826013944771,,,,,,,,31.02929802453862,133.0226215602824,3.4000000953674316,PS_034,,,3.3651480403888607
27.138429110244434,,2024-10-10T17:15:00Z,3,0,3,0,3,3,1,0,0,3,96.45235198592728,,,,,,,,29.334240894200118,86.77598482396948,3.4000000953674316,PS_034,,,3.7714112680795036
26.775196361781322,,2024-10-10T17:30:00Z,4,0,4,0,4,4,1,0,0,4,92.07976352220999,,,,,,,,28.19679837383401,87.92126346516598,3.4000000953674316,PS_034,,,3.6816629733785904
26.550297644795595,,2024-10-10T17:45:00Z,4,0,4,0,4,4,1,0,0,4,142.44191176593978,,,,,,,,28.526037069320992,136.57022501565353,3.4000000953674316,PS_034,,,3.704131253495075
25.475560751999545,,2024-10-10T18:00:00Z,4,0,4,0,4,4,1,0,0,4,169.30745400288268,,,,,,,,27.85256785605779,153.32526415565363,3.4000000953674316,PS_034,,,5.580475934440983
24.7470240733386,,2024-10-10T18:15:00Z,3,0,3,0,3,3,1,0,0,3,134.77167030828403,,,,,,,,26.58505702851299,114.84379737430055,3.4000000953674316,PS_034,,,4.912241770773481
24.694270295503035,,2024-10-10T18:30:00Z,4,0,4,0,4,4,1,0,0,4,114.52495334147001,,,,,,,,26.085935564478433,94.60803225502687,3.4000000953674316,PS_034,,,5.252266048255386
24.700987740000503,,2024-10-10T18:45:00Z,4,0,4,0,4,4,1,0,0,4,98.4453868445526,,,,,,,,25.746602756408095,88.38005375970465,3.4000000953674316,PS_034,,,5.087745697438614
24.903244825694596,,2024-10-10T19:00:00Z,3,0,3,0,3,3,1,0,0,3,149.2620704716498,,,,,,,,26.366816585108086,131.69081643634487,3.4000000953674316,PS_034,,,4.658594027121115
24.99915057186276,,2024-10-10T19:15:00Z,4,0,4,0,4,4,1,0,0,4,167.44189153160247,,,,,,,,27.08831733853609,156.6883442189082,3.4000000953674316,PS_034,,,5.546079973148535
24.760848209110872,,2024-10-10T19:30:00Z,4,0,4,0,4,4,1,0,0,4,91.0452192840371,,,,,,,,26.069540351419075,72.1373654284412,3.4000000953674316,PS_034,,,5.276608462407444
24.275924796956314,,2024-10-10T19:45:00Z,4,0,4,0,4,4,1,0,0,4,67.36051539079484,,,,,,,,24.871753681211082,62.306616025050644,3.4000000953674316,PS_034,,,4.925035871962477
24.149648938948857,,2024-10-10T20:00:00Z,3,0,3,0,3,3,1,0,0,3,52.123914300463646,,,,,,,,24.605866910486323,49.65247659581513,3.4000000953674316,PS_034,,,4.189589829525878
23.774489591897122,,2024-10-10T20:15:00Z,4,0,4,0,4,4,1,0,0,4,23.674925608765783,,,,,,,,23.868103968645716,22.812309348545952,3.4000000953674316,PS_034,,,4.736324011019453
23.62114118080039,,2024-10-10T20:30:00Z,4,0,4,0,4,4,1,0,0,4,11.91716127935108,,,,,,,,23.507768871952532,12.303307448013818,3.4000000953674316,PS_034,,,2.7668193437426303
23.285109643038506,,2024-10-10T20:45:00Z,4,0,4,0,4,4,1,0,0,4,7.057972020419547,,,,,,,,23.096199975969434,7.472821449699565,3.4000000953674316,PS_034,,,2.431617049794991
22.858806837441907,,2024-10-10T21:00:00Z,3,0,3,0,3,3,1,0,0,3,3.043959356765859,,,,,,,,21.997077142684443,3.7468986323574103,3.4000000953674316,PS_034,,,2.922220072570504
22.607614075709414,,2024-10-10T21:15:00Z,4,0,4,0,4,4,1,0,0,4,0.018820532662641196,,,,,,,,21.654380142394004,-0.20083338469456016,3.4000000953674316,PS_034,,,1.9159000477017627
22.24008642343574,,2024-10-10T21:30:00Z,4,0,4,0,4,4,1,0,0,4,0.0,,,,,,,,21.44648432771817,-0.4093786621812058,3.4000000953674316,PS_034,,,1.8099683321173996
21.805240544734858,,2024-10-10T21:45:00Z,4,0,4,0,4,4,1,0,0,4,0.0,,,,,,,,21.20916784474205,-0.5210778972628825,3.4000000953674316,PS_034,,,1.894789967900926
21.710874230715472,,2024-10-10T22:00:00Z,3,0,3,0,3,3,1,0,0,3,0.0,,,,,,,,21.080286692446656,-0.7155118776706778,3.4000000953674316,PS_034,,,2.5138051057920534
21.6465446339955,,2024-10-10T22:15:00Z,4,0,4,0,4,4,1,0,0,4,0.015852437196548465,,,,,,,,20.953462596893267,-0.7795066418270585,3.4000000953674316,PS_034,,,2.95940580005549
21.56532575244724,,2024-10-10T22:30:00Z,4,0,4,0,4,4,1,0,0,4,0.0,,,,,,,,20.847622261767015,-0.8125829504857752,3.6000001430511475,PS_034,,,2.663848804792463
21.43764680336428,,2024-10-10T22:45:00Z,3,0,3,0,3,3,1,0,0,3,0.0,,,,,,,,20.74716786910934,-0.41668637054459173,3.6000001430511475,PS_034,,,1.2976154162195408
21.51666898038251,,2024-10-10T23:00:00Z,3,0,3,0,3,3,1,0,0,3,0.0,,,,,,,,20.70727004078677,-0.32857553052766114,3.6000001430511475,PS_034,,,0.30125249056931064
21.364744855283515,,2024-10-10T23:15:00Z,4,0,4,0,4,4,1,0,0,4,0.0,,,,,,,,20.62128773859945,-0.48633154182895394,3.6000001430511475,PS_034,,,1.2203559515964597
21.269821516680807,,2024-10-10T23:30:00Z,3,0,3,0,3,3,1,0,0,3,0.0,,,,,,,,20.537222819421967,-0.42405677011687876,3.6000001430511475,PS_034,,,2.0654198029044437
21.028835263284453,,2024-10-10T23:45:00Z,4,0,4,0,4,4,1,0,0,4,0.0,,,,,,,,20.456761156368202,-0.3534899220790196,3.6000001430511475,PS_034,,,1.8802645145081232
20.997620601901122,,2024-10-11T00:00:00Z,4,0,4,0,4,4,1,0,0,4,0.0,,,,,,,,20.447465250160338,-0.4171180330995427,3.6000001430511475,PS_034,,,1.6908883973164468
21.07230277326063,,2024-10-11T00:15:00Z,3,0,3,0,3,3,1,0,0,3,0.0,,,,,,,,20.438480052229924,-0.3958979622262092,3.6000001430511475,PS_034,,,1.2654987782714533
21.23997074684964,,2024-10-11T00:30:00Z,4,0,4,0,4,4,1,0,0,4,0.0,,,,,,,,20.56321410690529,-0.48711589864171717,3.6000001430511475,PS_034,,,1.4826957697621375
21.32389117840473,,2024-10-11T00:45:00Z,4,0,4,0,4,4,1,0,0,4,0.0,,,,,,,,20.507849256296385,-0.6799609224496055,3.6000001430511475,PS_034,,,1.7323415545330256
21.288764522330652,,2024-10-11T01:00:00Z,4,0,4,0,4,4,1,0,0,4,0.0,,,,,,,,20.52708560177495,-0.5162818810064235,3.6000001430511475,PS_034,,,1.3344552759253476
21.177327655711725,,2024-10-11T01:15:00Z,3,0,3,0,3,3,1,0,0,3,0.0,,,,,,,,20.507250885731708,-0.48381667312521953,3.6000001430511475,PS_034,,,2.0515139276632413
21.180775464534978,,2024-10-11T01:30:00Z,4,0,4,0,4,4,1,0,0,4,0.0,,,,,,,,20.507452160503643,-0.4294079845571308,3.6000001430511475,PS_034,,,1.7449682676283187
21.116454222283515,,2024-10-11T01:45:00Z,4,0,4,0,4,4,1,0,0,4,0.0,,,,,,,,20.512993990410745,-0.3106475733694824,3.6000001430511475,PS_034,,,2.1022040859172955
21.129083026675925,,2024-10-11T02:00:00Z,3,0,3,0,3,3,1,0,0,3,0.0,,,,,,,,20.585857988217974,-0.38368325112414703,3.6000001430511475,PS_034,,,2.2880757777583254
21.05093300432144,,2024-10-11T02:15:00Z,4,0,4,0,4,4,1,0,0,4,0.0,,,,,,,,20.531627773524292,-0.32047722916637417,3.6000001430511475,PS_034,,,2.3144884842705893
21.135886936500118,,2024-10-11T02:30:00Z,4,0,4,0,4,4,1,0,0,4,0.0,,,,,,,,20.541525887447065,-0.19683347717041558,3.6000001430511475,PS_034,,,1.9041192254996429
21.0326108263882,,2024-10-11T02:45:00Z,4,0,4,0,4,4,1,0,0,4,0.0,,,,,,,,20.485386263427934,-0.2592623607284484,3.6000001430511475,PS_034,,,2.5212573547857042
21.000438279742173,,2024-10-11T03:00:00Z,3,0,3,0,3,3,1,0,0,3,0.0,,,,,,,,20.375646759142995,-0.2508856778305754,3.6000001430511475,PS_034,,,2.7809356286943396
20.8146410025005,,2024-10-11T03:15:00Z,4,0,4,0,4,4,1,0,0,4,0.0,,,,,,,,20.156780850159034,-0.37751517262352635,3.6000001430511475,PS_034,,,2.3082430671106327
20.779048243410987,,2024-10-11T03:30:00Z,4,0,4,0,4,4,1,0,0,4,0.0,,,,,,,,20.037568009716484,-0.335550870947123,3.6000001430511475,PS_034,,,1.8927888335257133
20.858665820597647,,2024-10-11T03:45:00Z,3,0,3,0,3,3,1,0,0,3,0.0,,,,,,,,20.090970865275672,-0.34311310789147276,3.6000001430511475,PS_034,,,2.6497327528789913
20.76059189355731,,2024-10-11T04:00:00Z,4,0,4,0,4,4,1,0,0,4,0.0,,,,,,,,20.12924131317484,-0.4128117254725633,3.6000001430511475,PS_034,,,2.7042412490033723
20.71105224641549,,2024-10-11T04:15:00Z,4,0,4,0,4,4,1,0,0,4,0.0,,,,,,,,20.097482589055524,-0.3357595317964836,3.6000001430511475,PS_034,,,2.538616745627119
20.762520850421602,,2024-10-11T04:30:00Z,4,0,4,0,4,4,1,0,0,4,0.0,,,,,,,,20.09521754643472,-0.31997745206790723,3.6000001430511475,PS_034,,,2.14755322628412
20.857128589330614,,2024-10-11T04:45:00Z,3,0,3,0,3,3,1,0,0,3,0.0,,,,,,,,20.142329683926096,-0.30795406877211384,3.6000001430511475,PS_034,,,2.1588937133603565
20.726544912901225,,2024-10-11T05:00:00Z,4,0,4,0,4,4,1,0,0,4,0.0,,,,,,,,19.942370925550595,-0.4082653830818598,3.6000001430511475,PS_034,,,1.3126601909625155
20.80373963600011,,2024-10-11T05:15:00Z,4,0,4,0,4,4,1,0,0,4,0.0,,,,,,,,19.961164368206504,-0.37774523551069517,3.6000001430511475,PS_034,,,1.5506228655227896
20.83365064049516,,2024-10-11T05:30:00Z,4,0,4,0,4,4,1,0,0,4,0.0,,,,,,,,19.833267886059076,-0.3599512594595276,3.6000001430511475,PS_034,,,0.43484971766641045
20.70094054402038,,2024-10-11T05:45:00Z,3,0,3,0,3,3,1,0,0,3,0.0,,,,,,,,19.893636145201924,-0.43608235760940794,3.6000001430511475,PS_034,,,1.4503924685847256
20.504947020723964,,2024-10-11T06:00:00Z,4,0,4,0,4,4,1,0,0,4,0.0,,,,,,,,19.812426831526462,-0.3985196395153727,3.6000001430511475,PS_034,,,1.7586033099694511
20.25434413858558,,2024-10-11T06:15:00Z,4,0,4,0,4,4,1,0,0,4,0.0,,,,,,,,19.439926661980397,-0.4735194708007897,3.6000001430511475,PS_034,,,1.701211970936953
20.185509848386044,,2024-10-11T06:30:00Z,3,0,3,0,3,3,1,0,0,3,0.0,,,,,,,,19.188841602878806,-0.5026620729056401,3.6000001430511475,PS_034,,,1.0533424699072462
20.411617071150012,,2024-10-11T06:45:00Z,4,0,4,0,4,4,1,0,0,4,0.0,,,,,,,,19.28749552102701,-0.48274659254115726,3.6000001430511475,PS_034,,,0.35197704536953994
20.594466143115138,,2024-10-11T07:00:00Z,4,0,4,0,4,4,1,0,0,4,0.0,,,,,,,,19.27745871501857,-0.41093814938226964,3.6000001430511475,PS_034,,,0.3351837242071006
20.366749134627636,,2024-10-11T07:15:00Z,4,0,4,0,4,4,1,0,0,4,0.0,,,,,,,,19.133548720616904,-0.37426991573002255,3.6000001430511475,PS_034,,,1.263279804180547
20.082580091357055,,2024-10-11T07:30:00Z,3,0,3,0,3,3,1,0,0,3,0.0,,,,,,,,18.986770987567034,-0.4381705969311546,3.6000001430511475,PS_034,,,1.1475425345386094
19.84162548365105,,2024-10-11T07:45:00Z,4,0,4,0,4,4,1,0,0,4,0.0,,,,,,,,18.75751286828563,-0.34743196945358124,3.6000001430511475,PS_034,,,0.5529448770717992
20.036948348831878,,2024-10-11T08:00:00Z,4,0,4,0,4,4,1,0,0,4,0.0,,,,,,,,18.733184774724762,-0.4031953491132962,3.6000001430511475,PS_034,,,0.48107141779597207
20.059223369493296,,2024-10-11T08:15:00Z,3,0,3,0,3,3,1,0,0,3,0.0,,,,,,,,18.71639097159074,-0.2579913848601515,3.6000001430511475,PS_034,,,0.30605706093478113
20.237883767529816,,2024-10-11T08:30:00Z,4,0,4,0,4,4,1,0,0,4,0.0,,,,,,,,19.121154670405247,0.04923953436279316,3.6000001430511475,PS_034,,,0.5272284369826393
20.232274626437782,,2024-10-11T08:45:00Z,4,0,4,0,4,4,1,0,0,4,0.5983448071990873,,,,,,,,19.05320495907433,1.2677464268896659,3.6000001430511475,PS_034,,,0.9848099607465544
20.149944179540036,,2024-10-11T09:00:00Z,4,0,4,0,4,4,1,0,0,4,8.152589684652558,,,,,,,,19.07525165175806,9.473317109103725,3.6000001430511475,PS_034,,,1.428014512509799
19.60453292398262,,2024-10-11T09:15:00Z,4,0,4,0,4,4,1,0,0,4,25.272962767941262,,,,,,,,19.04901005705732,29.351804305360254,3.6000001430511475,PS_034,,,1.5304783802283857
19.302460809749324,,2024-10-11T09:30:00Z,4,0,4,0,4,4,1,0,0,4,42.85128454030339,,,,,,,,19.180620880115708,49.061521553369246,3.6000001430511475,PS_034,,,1.2575070338564611
19.916117537200222,,2024-10-11T09:45:00Z,3,0,3,0,3,3,1,0,0,3,111.30171919592809,,,,,,,,20.49187131078893,148.6226436309966,3.6000001430511475,PS_034,,,1.7547806980001484
20.918857157651104,,2024-10-11T10:00:00Z,4,0,4,0,4,4,1,0,0,4,127.6661646366036,,,,,,,,22.828903156759658,199.67936041363714,3.6000001430511475,PS_034,,,1.9540082721862522
21.442408621213506,,2024-10-11T10:15:00Z,4,0,4,0,4,4,1,0,0,4,187.3605678128236,,,,,,,,23.976256625813473,306.0417866920445,3.6000001430511475,PS_034,,,1.746264601302523
22.541169094074352,,2024-10-11T10:30:00Z,3,0,3,0,3,3,1,0,0,3,252.41007769174968,,,,,,,,28.88240536701832,457.63395176471954,3.799999952316284,PS_034,,,2.188332087211645
23.072362392204873,,2024-10-11T10:45:00Z,4,0,4,0,4,4,1,0,0,4,186.9429596526619,,,,,,,,32.148085533689176,298.1274480295003,3.799999952316284,PS_034,,,2.9426114958450067
23.476987473650524,,2024-10-11T11:00:00Z,4,0,4,0,4,4,1,0,0,4,328.82570206702803,,,,,,,,31.995348031833522,547.0429022113865,3.799999952316284,PS_034,,,2.2794279635015755
24.588585420534518,,2024-10-11T11:15:00Z,4,0,4,0,4,4,1,0,0,4,462.2626621048698,,,,,,,,39.048348047250116,750.960140152669,3.799999952316284,PS_034,,,2.779437870076413
25.730896868607726,,2024-10-11T11:30:00Z,3,0,3,0,3,3,1,0,0,3,493.3238610342109,,,,,,,,42.624912698582065,747.5305215323159,3.799999952316284,PS_034,,,4.221258723371311
26.813931363608113,,2024-10-11T11:45:00Z,4,0,4,0,4,4,1,0,0,4,577.3036031779022,,,,,,,,42.841634462683125,813.9270702784422,3.799999952316284,PS_034,,,3.4047707634110163
27.87710363407232,,2024-10-11T12:00:00Z,4,0,4,0,4,4,1,0,0,4,647.0549491483368,,,,,,,,44.187634039192,848.7287058442166,3.799999952316284,PS_034,,,4.808025352700674
28.29329576999937,,2024-10-11T12:15:00Z,3,0,3,0,3,3,1,0,0,3,535.6168074014945,,,,,,,,43.30690120980078,625.1881299569709,3.799999952316284,PS_034,,,4.337855433849063
29.173551862868575,,2024-10-11T12:30:00Z,4,0,4,0,4,4,1,0,0,4,724.6176297001606,,,,,,,,44.19428139650418,910.1803384969934,3.799999952316284,PS_034,,,5.608576451632044
30.0312807143835,,2024-10-11T12:45:00Z,4,0,4,0,4,4,1,0,0,4,665.7900358043606,,,,,,,,45.93542975071103,882.0468566410523,3.799999952316284,PS_034,,,5.8260956414693315
29.92211415917952,,2024-10-11T13:00:00Z,4,0,4,0,4,4,1,0,0,4,625.7836900572161,,,,,,,,41.49412268681798,642.7632117334488,3.799999952316284,PS_034,,,7.388587060753464
30.22930807147319,,2024-10-11T13:15:00Z,3,0,3,0,3,3,1,0,0,3,479.68614195249415,,,,,,,,40.381202913047694,477.1333479299259,3.799999952316284,PS_034,,,7.2543272893254604
29.47466276327989,,2024-10-11T13:30:00Z,4,0,4,0,4,4,1,0,0,4,329.76312736822916,,,,,,,,35.938099036165944,319.92522222707424,3.799999952316284,PS_034,,,6.777227817806555
28.97610498602327,,2024-10-11T13:45:00Z,4,0,4,0,4,4,1,0,0,4,213.21354510472963,,,,,,,,33.56778538556177,219.52277125152355,3.799999952316284,PS_034,,,6.438388339523058
28.68904273892669,,2024-10-11T14:00:00Z,4,0,4,0,4,4,1,0,0,4,284.6442868853894,,,,,,,,31.896264695821568,273.78282480213454,3.799999952316284,PS_034,,,6.333828556697024
29.37062458112984,,2024-10-11T14:15:00Z,3,0,3,0,3,3,1,0,0,3,376.68518382810606,,,,,,,,34.430834384652734,381.46739823516594,3.799999952316284,PS_034,,,7.889035690647824
30.954031409954673,,2024-10-11T14:30:00Z,4,0,4,0,4,4,1,0,0,4,773.634660120287,,,,,,,,40.259007415695855,772.2225869171496,3.799999952316284,PS_034,,,6.656113550196311
31.76914544959668,,2024-10-11T14:45:00Z,4,0,4,0,4,4,1,0,0,4,626.9272555188804,,,,,,,,40.54788303142908,651.044052315855,3.799999952316284,PS_034,,,6.870592255751217
31.78742754354776,,2024-10-11T15:00:00Z,3,0,3,0,3,3,1,0,0,3,720.4601884504773,,,,,,,,41.17801267035084,728.8296954082309,3.799999952316284,PS_034,,,7.464404788021155
32.66649531405509,,2024-10-11T15:15:00Z,4,0,4,0,4,4,1,0,0,4,596.007898089811,,,,,,,,41.397820485041755,612.694055350189,3.799999952316284,PS_034,,,6.190444294386489
32.92871133415435,,2024-10-11T15:30:00Z,4,0,4,0,4,4,1,0,0,4,462.8467341826117,,,,,,,,40.745577899620876,486.28367436446774,3.799999952316284,PS_034,,,6.911762130855205
32.96278761960048,,2024-10-11T15:45:00Z,4,0,4,0,4,4,1,0,0,4,523.1592893048261,,,,,,,,40.46808367884328,546.8391916867475,3.799999952316284,PS_034,,,8.740895788290121
33.55808489218306,,2024-10-11T16:00:00Z,3,0,3,0,3,3,1,0,0,3,720.5594410642202,,,,,,,,43.253562542384856,731.852805609144,3.799999952316284,PS_034,,,8.317729277998552
33.3677199137231,,2024-10-11T16:15:00Z,4,0,4,0,4,4,1,0,0,4,448.7136090342657,,,,,,,,40.96287379121836,455.81631589215755,3.799999952316284,PS_034,,,7.390367943650951
33.09127507338021,,2024-10-11T16:30:00Z,4,0,4,0,4,4,1,0,0,4,255.5704279191322,,,,,,,,38.451719316732735,242.39442192409004,3.799999952316284,PS_034,,,7.638268807758188
32.74453040923667,,2024-10-11T16:45:00Z,3,0,3,0,3,3,1,0,0,3,290.7959388098808,,,,,,,,36.25663716352177,272.47635297456947,3.799999952316284,PS_034,,,6.71800605904723
32.89519069204607,,2024-10-11T17:00:00Z,4,0,4,0,4,4,1,0,0,4,234.00622155335128,,,,,,,,37.02987039793576,199.82480030541876,3.799999952316284,PS_034,,,6.576174123102608
32.51799835626227,,2024-10-11T17:15:00Z,4,0,4,0,4,4,1,0,0,4,209.55409789721338,,,,,,,,36.06591822027581,179.67849404159102,3.799999952316284,PS_034,,,5.099245881571142
32.4721632638991,,2024-10-11T17:30:00Z,4,0,4,0,4,4,1,0,0,4,368.38253864257223,,,,,,,,36.72033551064999,402.6902794118852,3.799999952316284,PS_034,,,3.278662149897362
33.63998989946256,,2024-10-11T17:45:00Z,3,0,3,0,3,3,1,0,0,3,530.230242938672,,,,,,,,43.69871766187692,582.3262345570016,3.799999952316284,PS_034,,,5.788371905284324
34.39545976239683,,2024-10-11T18:00:00Z,4,0,4,0,4,4,1,0,0,4,652.8994870111158,,,,,,,,46.619235422608845,779.1124939737559,3.799999952316284,PS_034,,,5.41688122236695
34.14319113568938,,2024-10-11T18:15:00Z,4,0,4,0,4,4,1,0,0,4,314.44201366150514,,,,,,,,44.43561468508325,346.90619978822633,3.799999952316284,PS_034,,,4.96855547768851
34.3346858954449,,2024-10-11T18:30:00Z,4,0,4,0,4,4,1,0,0,4,420.51377133038346,,,,,,,,42.22012168827793,483.038877432955,3.799999952316284,PS_034,,,4.260566070816965
34.21309858926945,,2024-10-11T18:45:00Z,3,0,3,0,3,3,1,0,0,3,363.88409202171016,,,,,,,,39.672368435684724,371.1362654542163,3.799999952316284,PS_034,,,6.171778417714971
33.9472485095066,,2024-10-11T19:00:00Z,4,0,4,0,4,4,1,0,0,4,239.69590848578702,,,,,,,,39.80460546834021,262.4048559365079,3.799999952316284,PS_034,,,4.866310987230049
33.41515638025437,,2024-10-11T19:15:00Z,4,0,4,0,4,4,1,0,0,4,144.74588106236226,,,,,,,,37.363318218849514,138.6629740265693,3.799999952316284,PS_034,,,4.6833452858125515
31.402845022887767,,2024-10-11T19:30:00Z,3,0,3,0,3,3,1,0,0,3,33.35393214530437,,,,,,,,31.15103399248476,36.477337388964045,3.799999952316284,PS_034,,,4.706283741604957
29.189998626708984,,2024-10-11T19:45:00Z,1,0,1,0,1,1,1,0,0,1,35.32164764404297,,,,,,,,26.548980712890625,39.45173645019531,3.799999952316284,PS_034,,,4.448266506195068
,,2024-10-11T20:00:00Z,0,0,0,0,0,0,1,0,0,0,,,,,,,,,,,3.799999952316284,PS_034,,,
,,2024-10-11T20:15:00Z,0,0,0,0,0,0,1,0,0,0,,,,,,,,,,,3.799999952316284,PS_034,,,
,,2024-10-11T20:30:00Z,0,0,0,0,0,0,1,0,0,0,,,,,,,,,,,3.799999952316284,PS_034,,,
,,2024-10-11T20:45:00Z,0,0,0,0,0,0,1,0,0,0,,,,,,,,,,,3.799999952316284,PS_034,,,
,,2024-10-11T21:00:00Z,0,0,0,0,0,0,1,0,0,0,,,,,,,,,,,3.799999952316284,PS_034,,,
,,2024-10-11T21:15:00Z,0,0,0,0,0,0,1,0,0,0,,,,,,,,,,,3.799999952316284,PS_034,,,
,,2024-10-11T21:30:00Z,0,0,0,0,0,0,1,0,0,0,,,,,,,,,,,3.799999952316284,PS_034,,,
,,2024-10-11T21:45:00Z,0,0,0,0,0,0,1,0,0,0,,,,,,,,,,,3.799999952316284,PS_034,,,
,,2024-10-11T22:00:00Z,0,0,0,0,0,0,1,0,0,0,,,,,,,,,,,3.799999952316284,PS_034,,,
,,2024-10-11T22:15:00Z,0,0,0,0,0,0,1,0,0,0,,,,,,,,,,,3.799999952316284,PS_034,,,
,,2024-10-11T22:30:00Z,0,0,0,0,0,0,1,0,0,0,,,,,,,,,,,3.799999952316284,PS_034,,,
,,2024-10-11T22:45:00Z,0,0,0,0,0,0,1,0,0,0,,,,,,,,,,,3.799999952316284,PS_034,,,
,,2024-10-11T23:00:00Z,0,0,0,0,0,0,1,0,0,0,,,,,,,,,,,3.799999952316284,PS_034,,,
,,2024-10-11T23:15:00Z,0,0,0,0,0,0,1,0,0,0,,,,,,,,,,,3.799999952316284,PS_034,,,
,,2024-10-11T23:30:00Z,0,0,0,0,0,0,1,0,0,0,,,,,,,,,,,3.799999952316284,PS_034,,,
,,2024-10-11T23:45:00Z,0,0,0,0,0,0,1,0,0,0,,,,,,,,,,,3.799999952316284,PS_034,,,
,,2024-10-12T00:00:00Z,0,0,0,0,0,0,1,0,0,0,,,,,,,,,,,3.799999952316284,PS_034,,,
,,2024-10-12T00:15:00Z,0,0,0,0,0,0,1,0,0,0,,,,,,,,,,,3.799999952316284,PS_034,,,
,,2024-10-12T00:30:00Z,0,0,0,0,0,0,1,0,0,0,,,,,,,,,,,3.799999952316284,PS_034,,,
,,2024-10-12T00:45:00Z,0,0,0,0,0,0,1,0,0,0,,,,,,,,,,,3.799999952316284,PS_034,,,
,,2024-10-12T01:00:00Z,0,0,0,0,0,0,1,0,0,0,,,,,,,,,,,3.799999952316284,PS_034,,,
,,2024-10-12T01:15:00Z,0,0,0,0,0,0,1,0,0,0,,,,,,,,,,,3.799999952316284,PS_034,,,
,,2024-10-12T01:30:00Z,0,0,0,0,0,0,1,0,0,0,,,,,,,,,,,3.799999952316284,PS_034,,,
,,2024-10-12T01:45:00Z,0,0,0,0,0,0,1,0,0,0,,,,,,,,,,,3.799999952316284,PS_034,,,
,,2024-10-12T02:00:00Z,0,0,0,0,0,0,1,0,0,0,,,,,,,,,,,3.799999952316284,PS_034,,,
,,2024-10-12T02:15:00Z,0,0,0,0,0,0,1,0,0,0,,,,,,,,,,,3.799999952316284,PS_034,,,
,,2024-10-12T02:30:00Z,0,0,0,0,0,0,1,0,0,0,,,,,,,,,,,3.799999952316284,PS_034,,,
,,2024-10-12T02:45:00Z,0,0,0,0,0,0,1,0,0,0,,,,,,,,,,,3.799999952316284,PS_034,,,
,,2024-10-12T03:00:00Z,0,0,0,0,0,0,1,0,0,0,,,,,,,,,,,3.799999952316284,PS_034,,,
,,2024-10-12T03:15:00Z,0,0,0,0,0,0,1,0,0,0,,,,,,,,,,,3.799999952316284,PS_034,,,
,,2024-10-12T03:30:00Z,0,0,0,0,0,0,1,0,0,0,,,,,,,,,,,3.799999952316284,PS_034,,,
,,2024-10-12T03:45:00Z,0,0,0,0,0,0,1,0,0,0,,,,,,,,,,,3.799999952316284,PS_034,,,
,,2024-10-12T04:00:00Z,0,0,0,0,0,0,1,0,0,0,,,,,,,,,,,3.799999952316284,PS_034,,,
,,2024-10-12T04:15:00Z,0,0,0,0,0,0,1,0,0,0,,,,,,,,,,,3.799999952316284,PS_034,,,
,,2024-10-12T04:30:00Z,0,0,0,0,0,0,1,0,0,0,,,,,,,,,,,3.799999952316284,PS_034,,,
,,2024-10-12T04:45:00Z,0,0,0,0,0,0,1,0,0,0,,,,,,,,,,,3.799999952316284,PS_034,,,
,,2024-10-12T05:00:00Z,0,0,0,0,0,0,1,0,0,0,,,,,,,,,,,3.799999952316284,PS_034,,,
,,2024-10-12T05:15:00Z,0,0,0,0,0,0,1,0,0,0,,,,,,,,,,,3.799999952316284,PS_034,,,
,,2024-10-12T05:30:00Z,0,0,0,0,0,0,1,0,0,0,,,,,,,,,,,3.799999952316284,PS_034,,,
,,2024-10-12T05:45:00Z,0,0,0,0,0,0,1,0,0,0,,,,,,,,,,,3.799999952316284,PS_034,,,
,,2024-10-12T06:00:00Z,0,0,0,0,0,0,1,0,0,0,,,,,,,,,,,3.799999952316284,PS_034,,,
,,2024-10-12T06:15:00Z,0,0,0,0,0,0,1,0,0,0,,,,,,,,,,,3.799999952316284,PS_034,,,
,,2024-10-12T06:30:00Z,0,0,0,0,0,0,1,0,0,0,,,,,,,,,,,3.799999952316284,PS_034,,,
,,2024-10-12T06:45:00Z,0,0,0,0,0,0,1,0,0,0,,,,,,,,,,,3.799999952316284,PS_034,,,
,,2024-10-12T07:00:00Z,0,0,0,0,0,0,1,0,0,0,,,,,,,,,,,3.799999952316284,PS_034,,,
,,2024-10-12T07:15:00Z,0,0,0,0,0,0,1,0,0,0,,,,,,,,,,,3.799999952316284,PS_034,,,
,,2024-10-12T07:30:00Z,0,0,0,0,0,0,1,0,0,0,,,,,,,,,,,3.799999952316284,PS_034,,,
,,2024-10-12T07:45:00Z,0,0,0,0,0,0,1,0,0,0,,,,,,,,,,,3.799999952316284,PS_034,,,
,,2024-10-12T08:00:00Z,0,0,0,0,0,0,1,0,0,0,,,,,,,,,,,3.799999952316284,PS_034,,,
,,2024-10-12T08:15:00Z,0,0,0,0,0,0,1,0,0,0,,,,,,,,,,,3.799999952316284,PS_034,,,
,,2024-10-12T08:30:00Z,0,0,0,0,0,0,1,0,0,0,,,,,,,,,,,3.799999952316284,PS_034,,,
,,2024-10-12T08:45:00Z,0,0,0,0,0,0,1,0,0,0,,,,,,,,,,,3.799999952316284,PS_034,,,
,,2024-10-12T09:00:00Z,0,0,0,0,0,0,1,0,0,0,,,,,,,,,,,3.799999952316284,PS_034,,,
,,2024-10-12T09:15:00Z,0,0,0,0,0,0,1,0,0,0,,,,,,,,,,,3.799999952316284,PS_034,,,
,,2024-10-12T09:30:00Z,0,0,0,0,0,0,1,0,0,0,,,,,,,,,,,3.799999952316284,PS_034,,,
22.030937818691857,,2024-10-12T09:45:00Z,3,0,3,0,3,3,1,0,0,3,109.2585291926977,,,,,,,,22.949659696358356,122.08090577018639,3.799999952316284,PS_034,,,0.842125061682168
22.311337703183526,,2024-10-12T10:00:00Z,3,0,3,0,3,3,1,0,0,3,141.1082393531954,,,,,,,,24.402826237979962,169.7868117678116,3.799999952316284,PS_034,,,1.1210344039743771
22.26773121186726,,2024-10-12T10:15:00Z,4,0,4,0,4,4,1,0,0,4,144.58348558939218,,,,,,,,25.258072187037115,169.6792325477904,3.799999952316284,PS_034,,,1.2733991515108125
22.446383096902924,,2024-10-12T10:30:00Z,4,0,4,0,4,4,1,0,0,4,165.84719081664375,,,,,,,,26.549823492143556,203.4701979229067,3.799999952316284,PS_034,,,0.9130576787777017
23.102289639258466,,2024-10-12T10:45:00Z,4,0,4,0,4,4,1,0,0,4,243.49117964450056,,,,,,,,29.459605012201884,329.1461959162318,3.799999952316284,PS_034,,,1.2126886029799322
23.778018480231673,,2024-10-12T11:00:00Z,3,0,3,0,3,3,1,0,0,3,390.40610693171783,,,,,,,,33.285252696115066,633.2646161043851,3.799999952316284,PS_034,,,0.7131325494618405
24.34761076338158,,2024-10-12T11:15:00Z,4,0,4,0,4,4,1,0,0,4,292.76695490376096,,,,,,,,37.59189197562986,360.2447650410972,3.799999952316284,PS_034,,,0.9761315245999045
24.41206690070696,,2024-10-12T11:30:00Z,4,0,4,0,4,4,1,0,0,4,287.58298951809206,,,,,,,,35.471306702024094,326.6252824035297,3.799999952316284,PS_034,,,0.863237969358061
23.999354818655913,,2024-10-12T11:45:00Z,3,0,3,0,3,3,1,0,0,3,284.6098402824426,,,,,,,,33.04489023127912,285.46060779428797,3.799999952316284,PS_034,,,1.3589603619798365
24.236003556686654,,2024-10-12T12:00:00Z,4,0,4,0,4,4,1,0,0,4,300.8265232603759,,,,,,,,32.527388116308366,301.79430052401403,3.799999952316284,PS_034,,,0.9033474113417973
24.270727421117368,,2024-10-12T12:15:00Z,4,0,4,0,4,4,1,0,0,4,268.32119853478673,,,,,,,,33.835504870964755,269.7949694860885,3.799999952316284,PS_034,,,0.34705502936636956
24.92343198065479,,2024-10-12T12:30:00Z,4,0,4,0,4,4,1,0,0,4,516.2070601691504,,,,,,,,35.59547480853803,562.7168594741677,3.799999952316284,PS_034,,,1.1298707647645334
25.37555144009199,,2024-10-12T12:45:00Z,3,0,3,0,3,3,1,0,0,3,532.2163048569682,,,,,,,,39.00214241708424,582.7714391070268,4.0,PS_034,,,1.1383973767993434
25.159729438049194,,2024-10-12T13:00:00Z,4,0,4,0,4,4,1,0,0,4,687.6312775530803,,,,,,,,38.278024976936145,799.9788247101493,4.0,PS_034,,,1.765083995559083
25.522765019929206,,2024-10-12T13:15:00Z,4,0,4,0,4,4,1,0,0,4,823.4048094889995,,,,,,,,43.79288068817255,918.7682900276205,4.0,PS_034,,,1.7677634505731992
26.06190454918547,,2024-10-12T13:30:00Z,3,0,3,0,3,3,1,0,0,3,901.0182087401947,,,,,,,,39.40533966190339,989.6726628795659,4.0,PS_034,,,1.787571208318618
26.24370621686281,,2024-10-12T13:45:00Z,4,0,4,0,4,4,1,0,0,4,725.461912881875,,,,,,,,44.80833833186729,781.6731590037274,4.0,PS_034,,,1.9728791759888369
26.800303061835017,,2024-10-12T14:00:00Z,4,0,4,0,4,4,1,0,0,4,765.3075544866708,,,,,,,,44.835398375785466,772.2974348654333,4.0,PS_034,,,1.913864620298002
27.093749606283104,,2024-10-12T14:15:00Z,4,0,4,0,4,4,1,0,0,4,667.1668420274996,,,,,,,,40.01084894497631,695.859512099564,4.0,PS_034,,,2.3448542115742352
28.36272676408224,,2024-10-12T14:30:00Z,3,0,3,0,3,3,1,0,0,3,928.4340838362745,,,,,,,,48.48006656910282,1006.7504799892563,4.0,PS_034,,,0.8807144005693166
28.655938982653893,,2024-10-12T14:45:00Z,4,0,4,0,4,4,1,0,0,4,1021.9322288002949,,,,,,,,47.583987010012535,1034.6635617043746,4.0,PS_034,,,3.6630624590885232
28.852599934729362,,2024-10-12T15:00:00Z,4,0,4,0,4,4,1,0,0,4,821.7787330024687,,,,,,,,49.85193984921482,853.1770750641301,4.0,PS_034,,,2.683843911612611
29.213609230412384,,2024-10-12T15:15:00Z,3,0,3,0,3,3,1,0,0,3,1085.304200236795,,,,,,,,47.110795529935935,1083.2489368287954,4.0,PS_034,,,2.5978968172892096
29.43435103130576,,2024-10-12T15:30:00Z,4,0,4,0,4,4,1,0,0,4,1094.0165255027837,,,,,,,,50.72265206610049,1100.634828901397,4.0,PS_034,,,2.3289352736745017
28.90565642206255,,2024-10-12T15:45:00Z,4,0,4,0,4,4,1,0,0,4,640.2103472613476,,,,,,,,46.19696747129298,687.930591917865,4.0,PS_034,,,1.5202642863397966
29.70945571044093,,2024-10-12T16:00:00Z,4,0,4,0,4,4,1,0,0,4,1039.7650855823533,,,,,,,,50.025020580003535,1058.0688327463313,4.0,PS_034,,,3.114078735660027
30.223218261128935,,2024-10-12T16:15:00Z,3,0,3,0,3,3,1,0,0,3,1002.287068606263,,,,,,,,51.042369541391786,1045.9308875092054,4.0,PS_034,,,3.2026455688028324
29.679478519371433,,2024-10-12T16:30:00Z,4,0,4,0,4,4,1,0,0,4,992.5427346988165,,,,,,,,51.132818277299755,1070.124925552685,4.0,PS_034,,,2.3101504367259524
30.159352652932803,,2024-10-12T16:45:00Z,4,0,4,0,4,4,1,0,0,4,949.4640467727965,,,,,,,,50.300766538712764,1048.4809084122069,4.0,PS_034,,,1.6127848947284964
31.39227544757526,,2024-10-12T17:00:00Z,3,0,3,0,3,3,1,0,0,3,923.1717520026641,,,,,,,,51.78538885704538,1050.3855351074938,4.0,PS_034,,,4.378903924443173
31.361104481046805,,2024-10-12T17:15:00Z,4,0,4,0,4,4,1,0,0,4,859.6998031484596,,,,,,,,52.25551168306279,1015.0690865112733,4.0,PS_034,,,2.2549464095787415
31.642098204230034,,2024-10-12T17:30:00Z,4,0,4,0,4,4,1,0,0,4,811.3569587209315,,,,,,,,54.002575945005056,998.7178853463719,4.0,PS_034,,,2.505042009200232
31.37446452123675,,2024-10-12T17:45:00Z,4,0,4,0,4,4,1,0,0,4,767.1318248915145,,,,,,,,51.721358424829546,995.3930076410561,4.0,PS_034,,,4.027272066821368
31.018140143465597,,2024-10-12T18:00:00Z,3,0,3,0,3,3,1,0,0,3,729.3733921869871,,,,,,,,51.69055152415539,998.4955953804682,4.0,PS_034,,,2.2787141624581206
31.67563671647637,,2024-10-12T18:15:00Z,4,0,4,0,4,4,1,0,0,4,667.0746154773786,,,,,,,,51.372369224427736,966.2311029962021,4.0,PS_034,,,3.197084154197582
31.189497074088965,,2024-10-12T18:30:00Z,4,0,4,0,4,4,1,0,0,4,612.7415769733827,,,,,,,,49.52899936212846,948.3025160795669,4.0,PS_034,,,3.2008299244518077
31.4596972661173,,2024-10-12T18:45:00Z,3,0,3,0,3,3,1,0,0,3,567.3389816483165,,,,,,,,49.95394280933205,934.7881046553723,4.0,PS_034,,,2.996806516205042
31.284263578471762,,2024-10-12T19:00:00Z,4,0,4,0,4,4,1,0,0,4,449.6060921176892,,,,,,,,49.55930929084156,824.9890928475231,4.0,PS_034,,,2.7259752486136484
30.604777081184334,,2024-10-12T19:15:00Z,4,0,4,0,4,4,1,0,0,4,336.10763490877486,,,,,,,,41.32095555607936,630.0733769054326,4.0,PS_034,,,4.336130227927657
30.701640665700292,,2024-10-12T19:30:00Z,4,0,4,0,4,4,1,0,0,4,276.71220868941776,,,,,,,,41.590208568084336,554.7450061651067,4.0,PS_034,,,3.2906179116115686
30.497358430522407,,2024-10-12T19:45:00Z,3,0,3,0,3,3,1,0,0,3,275.2665055451495,,,,,,,,36.129168781814904,571.0627645190815,4.0,PS_034,,,2.6188729135142435
30.85994275203562,,2024-10-12T20:00:00Z,4,0,4,0,4,4,1,0,0,4,252.03575834972477,,,,,,,,38.058905970574024,531.9328736701515,4.0,PS_034,,,3.9553434408204264
30.602464274006866,,2024-10-12T20:15:00Z,4,0,4,0,4,4,1,0,0,4,190.16122757783236,,,,,,,,35.828874557719566,389.6173195292027,4.0,PS_034,,,3.747062924668219
30.28074773470542,,2024-10-12T20:30:00Z,3,0,3,0,3,3,1,0,0,3,130.81879397685836,,,,,,,,33.38871349545298,254.08441499900505,4.0,PS_034,,,2.899321563268016
29.231428484369808,,2024-10-12T20:45:00Z,4,0,4,0,4,4,1,0,0,4,47.065648623460184,,,,,,,,29.62313846771955,72.36779030778432,4.0,PS_034,,,2.9789672184126976
28.65088932529795,,2024-10-12T21:00:00Z,4,0,4,0,4,4,1,0,0,4,14.352235199198711,,,,,,,,27.39151694105058,16.522104116910555,4.0,PS_034,,,2.205976067070695
27.949279849097337,,2024-10-12T21:15:00Z,4,0,4,0,4,4,1,0,0,4,4.867219907663743,,,,,,,,26.095139378474858,4.938299147064067,4.0,PS_034,,,2.538697030860728
27.251236418058866,,2024-10-12T21:30:00Z,3,0,3,0,3,3,1,0,0,3,0.05745639112172015,,,,,,,,25.29126002409449,-0.7563281956071686,4.0,PS_034,,,2.346121000243105
26.66433418819202,,2024-10-12T21:45:00Z,4,0,4,0,4,4,1,0,0,4,0.0,,,,,,,,24.543067835457972,-1.6221162732329324,4.0,PS_034,,,1.8117512705529362
26.428151069645494,,2024-10-12T22:00:00Z,4,0,4,0,4,4,1,0,0,4,0.0,,,,,,,,24.2356861529689,-1.650816881775521,4.0,PS_034,,,2.6434508668301233
26.031261595794728,,2024-10-12T22:15:00Z,3,0,3,0,3,3,1,0,0,3,0.0,,,,,,,,23.80330166157507,-1.572410281253059,4.200000286102295,PS_034,,,2.049957857028703
25.784066468706957,,2024-10-12T22:30:00Z,4,0,4,0,4,4,1,0,0,4,0.0,,,,,,,,23.429331770296933,-1.613252877561736,4.200000286102295,PS_034,,,1.6957431383010382
25.639672552868483,,2024-10-12T22:45:00Z,4,0,4,0,4,4,1,0,0,4,0.0,,,,,,,,23.367896598172468,-1.4728824739989899,4.200000286102295,PS_034,,,2.3540413797587556
25.076862191332488,,2024-10-12T23:00:00Z,4,0,4,0,4,4,1,0,0,4,0.0,,,,,,,,22.959444539715864,-1.4014509583059716,4.200000286102295,PS_034,,,1.4128981513088024
25.303027609966247,,2024-10-12T23:15:00Z,3,0,3,0,3,3,1,0,0,3,0.0,,,,,,,,22.640371468255214,-1.374571174661744,4.200000286102295,PS_034,,,1.9904866047062046
25.154345598299074,,2024-10-12T23:30:00Z,4,0,4,0,4,4,1,0,0,4,0.0,,,,,,,,22.709698029072904,-1.3285745877282187,4.200000286102295,PS_034,,,1.4783152978926903
23.762679615035115,,2024-10-12T23:45:00Z,4,0,4,0,4,4,1,0,0,4,0.0,,,,,,,,21.73750961315207,-1.3495498297184727,4.200000286102295,PS_034,,,1.6907428253572707
23.18529248050738,,2024-10-13T00:00:00Z,3,0,3,0,3,3,1,0,0,3,0.0,,,,,,,,21.10166612090612,-1.2372544820153581,4.200000286102295,PS_034,,,1.8816528591584942
23.53928534099004,,2024-10-13T00:15:00Z,4,0,4,0,4,4,1,0,0,4,0.0,,,,,,,,20.964215206674517,-1.0554520425718703,4.200000286102295,PS_034,,,1.308523772777762
24.076129667905477,,2024-10-13T00:30:00Z,4,0,4,0,4,4,1,0,0,4,0.0,,,,,,,,21.60973181517781,-1.1679444658802647,4.200000286102295,PS_034,,,1.5620238598148128
23.56294893114272,,2024-10-13T00:45:00Z,4,0,4,0,4,4,1,0,0,4,0.0,,,,,,,,21.77803737482397,-1.0141132277047598,4.200000286102295,PS_034,,,2.301576848559756
23.440803240563888,,2024-10-13T01:00:00Z,3,0,3,0,3,3,1,0,0,3,0.0,,,,,,,,21.542347023087977,-1.0364570174524361,4.200000286102295,PS_034,,,2.158501255359643
23.960122136442035,,2024-10-13T01:15:00Z,4,0,4,0,4,4,1,0,0,4,0.0,,,,,,,,22.002952500715388,-1.156015355435066,4.200000286102295,PS_034,,,2.1505588824399675
23.506953789887522,,2024-10-13T01:30:00Z,4,0,4,0,4,4,1,0,0,4,0.0,,,,,,,,21.685946315042404,-1.168962161199514,4.200000286102295,PS_034,,,2.0474871562584407
23.460554632700493,,2024-10-13T01:45:00Z,3,0,3,0,3,3,1,0,0,3,0.0,,,,,,,,21.589464061722463,-1.1781978590685922,4.200000286102295,PS_034,,,1.9677457828950966
23.26940532415478,,2024-10-13T02:00:00Z,4,0,4,0,4,4,1,0,0,4,0.0,,,,,,,,21.445253259148927,-1.1366244139835264,4.200000286102295,PS_034,,,2.541800455645927
23.346184007567736,,2024-10-13T02:15:00Z,4,0,4,0,4,4,1,0,0,4,0.0,,,,,,,,21.431123953486043,-1.1219720829485098,4.200000286102295,PS_034,,,1.904287667224225
23.131243921336928,,2024-10-13T02:30:00Z,4,0,4,0,4,4,1,0,0,4,0.0,,,,,,,,21.1113023539881,-1.07096608968918,4.200000286102295,PS_034,,,2.404966129823637
23.358748753042626,,2024-10-13T02:45:00Z,3,0,3,0,3,3,1,0,0,3,0.0,,,,,,,,21.19357334633614,-1.0578387541558831,4.200000286102295,PS_034,,,1.98474297156406
22.96400659511851,,2024-10-13T03:00:00Z,4,0,4,0,4,4,1,0,0,4,0.0,,,,,,,,20.912137260797525,-1.0674984177516706,4.200000286102295,PS_034,,,2.2208231084237053
22.91609294624771,,2024-10-13T03:15:00Z,4,0,4,0,4,4,1,0,0,4,0.0,,,,,,,,20.732628203718143,-1.239122543578657,4.200000286102295,PS_034,,,1.9086831581649555
22.99472108055091,,2024-10-13T03:30:00Z,4,0,4,0,4,4,1,0,0,4,0.0,,,,,,,,20.867183460535273,-1.1249559651840897,4.200000286102295,PS_034,,,2.1095454980004478
22.869736726470894,,2024-10-13T03:45:00Z,3,0,3,0,3,3,1,0,0,3,0.0,,,,,,,,20.723391586077874,-0.9856829232501497,4.200000286102295,PS_034,,,1.4312193764037167
22.769371831891753,,2024-10-13T04:00:00Z,4,0,4,0,4,4,1,0,0,4,0.0,,,,,,,,20.670134692219058,-1.0240930712617122,4.200000286102295,PS_034,,,1.9461536500647565
22.07881738777416,,2024-10-13T04:15:00Z,4,0,4,0,4,4,1,0,0,4,0.0,,,,,,,,20.18861072134882,-1.035004525803313,4.200000286102295,PS_034,,,1.8355302325213954
20.605983556862558,,2024-10-13T04:30:00Z,3,0,3,0,3,3,1,0,0,3,0.0,,,,,,,,18.68790158653063,-1.3807929262274687,4.200000286102295,PS_034,,,0.5905226006180074
20.970621379075464,,2024-10-13T04:45:00Z,4,0,4,0,4,4,1,0,0,4,0.0,,,,,,,,18.349901342634784,-1.1081390627616703,4.200000286102295,PS_034,,,0.2844791626726954
21.166966083927907,,2024-10-13T05:00:00Z,4,0,4,0,4,4,1,0,0,4,0.0,,,,,,,,18.172418775076054,-0.5543964455158925,4.200000286102295,PS_034,,,0.26164838510607785
21.988825784569954,,2024-10-13T05:15:00Z,4,0,4,0,4,4,1,0,0,4,0.0,,,,,,,,19.17009600718421,-0.8325710837226677,4.200000286102295,PS_034,,,1.5952280869059712
22.037142433290466,,2024-10-13T05:30:00Z,3,0,3,0,3,3,1,0,0,3,0.0,,,,,,,,19.87755400933026,-0.8345736318184591,4.200000286102295,PS_034,,,1.5323919639356092
22.0268321660068,,2024-10-13T05:45:00Z,4,0,4,0,4,4,1,0,0,4,0.0,,,,,,,,19.80795092312385,-0.8796291926003063,4.200000286102295,PS_034,,,1.114237568319487
22.322618013615198,,2024-10-13T06:00:00Z,4,0,4,0,4,4,1,0,0,4,0.0,,,,,,,,19.894057584895478,-0.8450265456878612,4.200000286102295,PS_034,,,1.2403231953171914
22.214002557739576,,2024-10-13T06:15:00Z,3,0,3,0,3,3,1,0,0,3,0.0,,,,,,,,20.083167813292114,-0.9119578232140695,4.200000286102295,PS_034,,,1.6534023058531875
21.802972271943126,,2024-10-13T06:30:00Z,4,0,4,0,4,4,1,0,0,4,0.0,,,,,,,,19.981933237585984,-1.0174967890196223,4.200000286102295,PS_034,,,2.039365311862055
21.40630584587567,,2024-10-13T06:45:00Z,4,0,4,0,4,4,1,0,0,4,0.0,,,,,,,,19.658432493582684,-0.9725820822685166,4.200000286102295,PS_034,,,2.181368493723135
21.49012398327911,,2024-10-13T07:00:00Z,4,0,4,0,4,4,1,0,0,4,0.0,,,,,,,,19.886919394669256,-0.9334656308793692,4.200000286102295,PS_034,,,2.2490951950467974
21.870093633004004,,2024-10-13T07:15:00Z,3,0,3,0,3,3,1,0,0,3,0.0,,,,,,,,20.135908451075036,-1.0411416656652006,4.200000286102295,PS_034,,,3.459502586607669
21.578662655151224,,2024-10-13T07:30:00Z,4,0,4,0,4,4,1,0,0,4,0.0,,,,,,,,20.162986322868864,-0.8280264933528247,4.200000286102295,PS_034,,,2.90683884536591
21.171497074043856,,2024-10-13T07:45:00Z,4,0,4,0,4,4,1,0,0,4,0.0,,,,,,,,19.719861063804775,-0.8635931007710091,4.200000286102295,PS_034,,,2.515650063015219
20.858982093665222,,2024-10-13T08:00:00Z,3,0,3,0,3,3,1,0,0,3,0.0,,,,,,,,19.546794792376424,-0.9323991929239278,4.200000286102295,PS_034,,,2.9653685531212
20.511210286852492,,2024-10-13T08:15:00Z,4,0,4,0,4,4,1,0,0,4,0.0,,,,,,,,19.132652158173148,-0.789590731835184,4.200000286102295,PS_034,,,3.5126778454270067
20.289853827094184,,2024-10-13T08:30:00Z,4,0,4,0,4,4,1,0,0,4,0.0,,,,,,,,18.89859340364511,-0.7923911232553688,4.200000286102295,PS_034,,,3.3548467539513513
20.118538913960506,,2024-10-13T08:45:00Z,4,0,4,0,4,4,1,0,0,4,2.199207410910515,,,,,,,,18.72313614331427,2.795858568557386,4.200000286102295,PS_034,,,3.1095209584476593
20.21918716607453,,2024-10-13T09:00:00Z,3,0,3,0,3,3,1,0,0,3,20.85788020325038,,,,,,,,19.0228757294748,24.988352200285156,4.200000286102295,PS_034,,,3.728180281610578
20.385771539993033,,2024-10-13T09:15:00Z,4,0,4,0,4,4,1,0,0,4,64.50423846501127,,,,,,,,19.721412359903873,96.86702341305376,4.200000286102295,PS_034,,,3.7489459122681503
20.70075634552121,,2024-10-13T09:30:00Z,4,0,4,0,4,4,1,0,0,4,108.1215637990382,,,,,,,,21.094248253442792,184.48179823606642,4.200000286102295,PS_034,,,4.173928459616352
21.116916840462295,,2024-10-13T09:45:00Z,3,0,3,0,3,3,1,0,0,3,160.59994258646145,,,,,,,,22.794089105120687,305.0465879170416,4.200000286102295,PS_034,,,4.573153444127992
21.55437579544709,,2024-10-13T10:00:00Z,4,0,4,0,4,4,1,0,0,4,222.05939798005724,,,,,,,,24.956663491879443,446.7539234417496,4.200000286102295,PS_034,,,4.175875689363393
22.359265148900676,,2024-10-13T10:15:00Z,4,0,4,0,4,4,1,0,0,4,289.50888038804004,,,,,,,,27.40087113224946,607.2123304663751,4.200000286102295,PS_034,,,3.591435011753165
23.04862520952233,,2024-10-13T10:30:00Z,4,0,4,0,4,4,1,0,0,4,343.51898785909026,,,,,,,,29.468309903706356,739.9401889987918,4.200000286102295,PS_034,,,4.725416021719311
23.396844756021792,,2024-10-13T10:45:00Z,3,0,3,0,3,3,1,0,0,3,385.0540211672201,,,,,,,,31.511614835668357,791.1583545706617,4.200000286102295,PS_034,,,4.679196084868705
23.902836749487943,,2024-10-13T11:00:00Z,4,0,4,0,4,4,1,0,0,4,460.36201264528034,,,,,,,,32.20834764275684,868.5514172980904,4.200000286102295,PS_034,,,4.377541681234355
24.669186633961566,,2024-10-13T11:15:00Z,4,0,4,0,4,4,1,0,0,4,528.1531894722309,,,,,,,,33.84852843668637,916.7941563886134,4.200000286102295,PS_034,,,4.643911078523969
25.140292443126235,,2024-10-13T11:30:00Z,3,0,3,0,3,3,1,0,0,3,586.1333308839537,,,,,,,,35.32932467998056,944.5667777997334,4.200000286102295,PS_034,,,5.9450701777746096
25.875139292506255,,2024-10-13T11:45:00Z,4,0,4,0,4,4,1,0,0,4,644.8639912231589,,,,,,,,37.053877435222056,972.145395107095,4.200000286102295,PS_034,,,4.636013720508407
26.068623012524483,,2024-10-13T12:00:00Z,4,0,4,0,4,4,1,0,0,4,705.3430375195849,,,,,,,,37.23449770278996,995.0860508835161,4.200000286102295,PS_034,,,4.887934747726014
26.821888484997647,,2024-10-13T12:15:00Z,4,0,4,0,4,4,1,0,0,4,775.5507992175433,,,,,,,,39.1253706074136,1022.052948078426,4.200000286102295,PS_034,,,4.687663342939249
27.69022627864972,,2024-10-13T12:30:00Z,3,0,3,0,3,3,1,0,0,3,848.7498750394682,,,,,,,,40.98050746050132,1062.1946539600124,4.200000286102295,PS_034,,,3.8172161732404573
28.077740910261184,,2024-10-13T12:45:00Z,4,0,4,0,4,4,1,0,0,4,641.4102278546019,,,,,,,,40.65033996568188,770.3857092337064,4.200000286102295,PS_034,,,4.119309275225981
28.836585283199927,,2024-10-13T13:00:00Z,4,0,4,0,4,4,1,0,0,4,934.1764824179063,,,,,,,,41.56312152491498,1086.9588323589053,4.200000286102295,PS_034,,,2.9848485892237098
29.342034308955228,,2024-10-13T13:15:00Z,4,0,4,0,4,4,1,0,0,4,978.8400173089742,,,,,,,,43.975004356720476,1089.5190513708787,4.200000286102295,PS_034,,,3.7182819916949295
29.858958097684273,,2024-10-13T13:30:00Z,3,0,3,0,3,3,1,0,0,3,809.8184706623688,,,,,,,,45.1930211495649,893.0912594509999,4.200000286102295,PS_034,,,3.141944851901208
30.701783149149247,,2024-10-13T13:45:00Z,4,0,4,0,4,4,1,0,0,4,1013.5158926109739,,,,,,,,47.352484122968825,1078.0948660297286,4.200000286102295,PS_034,,,4.198613721316793
31.331313868268467,,2024-10-13T14:00:00Z,4,0,4,0,4,4,1,0,0,4,1014.0282013310141,,,,,,,,47.64412992719124,1055.1636369976795,4.200000286102295,PS_034,,,3.1589486866656844
31.754432986985467,,2024-10-13T14:15:00Z,3,0,3,0,3,3,1,0,0,3,1028.2056427381633,,,,,,,,49.06272489010991,1048.009034468223,4.200000286102295,PS_034,,,3.6444155273296355
32.03232396830886,,2024-10-13T14:30:00Z,4,0,4,0,4,4,1,0,0,4,1015.3707628851399,,,,,,,,52.091296035513196,1024.1857309951067,4.200000286102295,PS_034,,,1.7262380768742593
32.077036119438866,,2024-10-13T14:45:00Z,4,0,4,0,4,4,1,0,0,4,916.7562548884845,,,,,,,,47.9958464543486,912.6036627868527,4.200000286102295,PS_034,,,3.043083723268849
32.69141136526894,,2024-10-13T15:00:00Z,4,0,4,0,4,4,1,0,0,4,948.1169561815028,,,,,,,,54.42603177611997,941.5157942429089,4.200000286102295,PS_034,,,2.160652939762059
32.96495245814236,,2024-10-13T15:15:00Z,3,0,3,0,3,3,1,0,0,3,1044.1692520921495,,,,,,,,54.51870795265695,1017.449187395856,4.200000286102295,PS_034,,,1.732682649064156
33.50033987905719,,2024-10-13T15:30:00Z,4,0,4,0,4,4,1,0,0,4,1017.232479640052,,,,,,,,49.801972496819715,1022.69298601819,4.200000286102295,PS_034,,,2.3795978795601127
33.78310325386499,,2024-10-13T15:45:00Z,4,0,4,0,4,4,1,0,0,4,1009.4983973596708,,,,,,,,53.44684964601575,1019.3924307202925,4.200000286102295,PS_034,,,3.8270141580883843
34.05170915711966,,2024-10-13T16:00:00Z,3,0,3,0,3,3,1,0,0,3,1005.0448656168898,,,,,,,,55.42983288737992,1026.4854703540595,4.200000286102295,PS_034,,,3.0182507923970068
33.70848142612223,,2024-10-13T16:15:00Z,4,0,4,0,4,4,1,0,0,4,990.8231252323479,,,,,,,,50.886633456512115,1038.6558687499285,4.200000286102295,PS_034,,,2.6040726909825556
34.02876292692112,,2024-10-13T16:30:00Z,4,0,4,0,4,4,1,0,0,4,983.7462731616755,,,,,,,,55.000198000552416,1058.2094565202658,4.200000286102295,PS_034,,,2.041584432951293
34.84852781252694,,2024-10-13T16:45:00Z,4,0,4,0,4,4,1,0,0,4,908.8791511160039,,,,,,,,54.277184267790766,1009.2200295822623,4.200000286102295,PS_034,,,2.459864442966398
34.669062550074884,,2024-10-13T17:00:00Z,3,0,3,0,3,3,1,0,0,3,929.0627111283753,,,,,,,,54.84743195403781,1049.1046575907694,4.200000286102295,PS_034,,,2.5931151085387247
34.21689102568843,,2024-10-13T17:15:00Z,4,0,4,0,4,4,1,0,0,4,553.6615269730227,,,,,,,,47.031229213301046,633.8076685035986,4.200000286102295,PS_034,,,3.451740153035934
34.01346888135386,,2024-10-13T17:30:00Z,4,0,4,0,4,4,1,0,0,4,486.2446805247549,,,,,,,,42.312599580277606,544.7354389759129,4.200000286102295,PS_034,,,1.8681977126216318
33.88933910650165,,2024-10-13T17:45:00Z,3,0,3,0,3,3,1,0,0,3,357.3930719612906,,,,,,,,44.03393794815733,386.92246645646475,4.200000286102295,PS_034,,,1.0825590445953166
34.860292143991394,,2024-10-13T18:00:00Z,4,0,4,0,4,4,1,0,0,4,581.7515359615782,,,,,,,,46.61193527599753,700.6744172954062,4.200000286102295,PS_034,,,2.6121573475935436
34.78321236817202,,2024-10-13T18:15:00Z,4,0,4,0,4,4,1,0,0,4,431.53006067210515,,,,,,,,50.256108076583786,499.76096945431345,4.200000286102295,PS_034,,,1.7955914861958369
34.62017551889489,,2024-10-13T18:30:00Z,4,0,4,0,4,4,1,0,0,4,572.8781907391077,,,,,,,,47.83968767255472,744.1084989415803,4.200000286102295,PS_034,,,2.5219515187072234
34.792629686214,,2024-10-13T18:45:00Z,3,0,3,0,3,3,1,0,0,3,640.5270706855686,,,,,,,,50.37422185511635,970.017071840966,4.200000286102295,PS_034,,,2.5195061375279035
34.73886506957731,,2024-10-13T19:00:00Z,4,0,4,0,4,4,1,0,0,4,482.5814224781987,,,,,,,,51.0262756865197,786.5648474284023,4.200000286102295,PS_034,,,3.321981921542864
34.404756168822466,,2024-10-13T19:15:00Z,4,0,4,0,4,4,1,0,0,4,303.7390989809739,,,,,,,,46.28641194122499,487.4737475182898,4.200000286102295,PS_034,,,2.817863576375895
34.252074742314164,,2024-10-13T19:30:00Z,3,0,3,0,3,3,1,0,0,3,181.25330064284523,,,,,,,,41.92730558842191,246.68160976112114,4.200000286102295,PS_034,,,2.6071936666742226
34.40948558100924,,2024-10-13T19:45:00Z,4,0,4,0,4,4,1,0,0,4,313.8710004727665,,,,,,,,42.15930864365489,538.2427229787171,4.200000286102295,PS_034,,,2.5143939643909854
34.62564790314998,,2024-10-13T20:00:00Z,4,0,4,0,4,4,1,0,0,4,325.6848661216583,,,,,,,,43.59216886514223,576.7298809196091,4.200000286102295,PS_034,,,2.0421081071802134
34.537402861934304,,2024-10-13T20:15:00Z,4,0,4,0,4,4,1,0,0,4,240.544565425551,,,,,,,,41.300243105429274,412.24000916060714,4.200000286102295,PS_034,,,3.069534492024218
34.38682810058255,,2024-10-13T20:30:00Z,3,0,3,0,3,3,1,0,0,3,163.19339864387425,,,,,,,,39.53433869059379,264.42066444582684,4.200000286102295,PS_034,,,1.948407387426645
33.74293450190799,,2024-10-13T20:45:00Z,4,0,4,0,4,4,1,0,0,4,91.87731801413132,,,,,,,,36.048824775845624,139.81078910724088,4.200000286102295,PS_034,,,2.1013346095797365
32.72850704702616,,2024-10-13T21:00:00Z,4,0,4,0,4,4,1,0,0,4,42.52136085320472,,,,,,,,32.51609455006045,53.85143438794239,4.200000286102295,PS_034,,,1.9885255743591073
31.722346251846304,,2024-10-13T21:15:00Z,3,0,3,0,3,3,1,0,0,3,9.776998890413418,,,,,,,,30.064040250773367,9.883739170717885,4.200000286102295,PS_034,,,2.2092380409501717
31.561412242497227,,2024-10-13T21:30:00Z,4,0,4,0,4,4,1,0,0,4,0.13835716292681238,,,,,,,,29.73090572329734,-0.7591146763221317,4.200000286102295,PS_034,,,2.541068025078746
30.776667312444502,,2024-10-13T21:45:00Z,4,0,4,0,4,4,1,0,0,4,0.0,,,,,,,,28.82516927143687,-1.758401553876666,4.200000286102295,PS_034,,,3.008019189391793
30.227552238491405,,2024-10-13T22:00:00Z,4,0,4,0,4,4,1,0,0,4,0.0,,,,,,,,28.235904744622967,-1.7843715557421393,4.200000286102295,PS_034,,,2.705254178899241
29.614186389457505,,2024-10-13T22:15:00Z,3,0,3,0,3,3,1,0,0,3,0.0,,,,,,,,27.48744013021424,-1.8433162485823702,4.200000286102295,PS_034,,,2.686912334821783
28.93296663912285,,2024-10-13T22:30:00Z,4,0,4,0,4,4,1,0,0,4,0.0,,,,,,,,26.697585141624888,-1.8154288401133598,4.200000286102295,PS_034,,,2.1931088048690506
28.685248263527747,,2024-10-13T22:45:00Z,4,0,4,0,4,4,1,0,0,4,0.0,,,,,,,,26.33606815889249,-1.833550354756079,4.200000286102295,PS_034,,,1.9569893733255246
28.542499156227265,,2024-10-13T23:00:00Z,3,0,3,0,3,3,1,0,0,3,0.0,,,,,,,,26.24519990060007,-1.7621779930233645,4.200000286102295,PS_034,,,2.4568551685763174
27.18112313661048,,2024-10-13T23:15:00Z,4,0,4,0,4,4,1,0,0,4,0.0,,,,,,,,25.188989763011854,-1.697494782428062,4.200000286102295,PS_034,,,2.266680043258119
27.275975065361038,,2024-10-13T23:30:00Z,4,0,4,0,4,4,1,0,0,4,0.0,,,,,,,,25.047625308418212,-1.7422008717406807,4.200000286102295,PS_034,,,2.7442927219510804
27.128204683729386,,2024-10-13T23:45:00Z,4,0,4,0,4,4,1,0,0,4,0.0,,,,,,,,24.99102469493323,-1.7566081735709738,4.200000286102295,PS_034,,,2.7322111254198735
26.908375391225285,,2024-10-14T00:00:00Z,3,0,3,0,3,3,1,0,0,3,0.0,,,,,,,,24.691521089782597,-1.7708031199448506,4.200000286102295,PS_034,,,2.693231443164734
26.74306586195552,,2024-10-14T00:15:00Z,4,0,4,0,4,4,1,0,0,4,0.0,,,,,,,,24.330696395608406,-1.7589646564112582,4.200000286102295,PS_034,,,2.793555817710056
26.751924873168438,,2024-10-14T00:30:00Z,4,0,4,0,4,4,1,0,0,4,0.0,,,,,,,,24.262893190644665,-1.7028322398372637,4.200000286102295,PS_034,,,2.5487765489900482
26.684361213948165,,2024-10-14T00:45:00Z,4,0,4,0,4,4,1,0,0,4,0.0,,,,,,,,24.310516515140137,-1.6841165685050654,4.200000286102295,PS_034,,,2.8061718527558157
27.332374104965957,,2024-10-14T01:00:00Z,3,0,3,0,3,3,1,0,0,3,0.0,,,,,,,,25.01856923689273,-1.8894750655465993,4.200000286102295,PS_034,,,2.8910470868093285
27.597558260077992,,2024-10-14T01:15:00Z,4,0,4,0,4,4,1,0,0,4,0.0,,,,,,,,25.52834369438282,-1.9946542076423828,4.200000286102295,PS_034,,,4.217689163361528
27.151424655551395,,2024-10-14T01:30:00Z,4,0,4,0,4,4,1,0,0,4,0.0,,,,,,,,25.304607057940824,-1.5539011771399505,4.200000286102295,PS_034,,,3.7390800444469416
26.8347571143667,,2024-10-14T01:45:00Z,3,0,3,0,3,3,1,0,0,3,0.0,,,,,,,,25.343789333242455,-1.6262300005238914,4.200000286102295,PS_034,,,5.073702155748959
25.93205965303137,,2024-10-14T02:00:00Z,4,0,4,0,4,4,1,0,0,4,0.0,,,,,,,,24.42433965200257,-1.3054797298890506,4.200000286102295,PS_034,,,4.205123213569212
25.32671913340084,,2024-10-14T02:15:00Z,4,0,4,0,4,4,1,0,0,4,0.0,,,,,,,,23.751663765764935,-1.2186548240238875,4.200000286102295,PS_034,,,4.897376694957459
24.8015854429225,,2024-10-14T02:30:00Z,4,0,4,0,4,4,1,0,0,4,0.0,,,,,,,,23.446835951862898,-1.2641060324922986,4.200000286102295,PS_034,,,4.1315315329593165
24.46603977902882,,2024-10-14T02:45:00Z,3,0,3,0,3,3,1,0,0,3,0.0,,,,,,,,23.12036959220775,-1.25898267677631,4.200000286102295,PS_034,,,4.5899279910264745
24.07730759628786,,2024-10-14T03:00:00Z,4,0,4,0,4,4,1,0,0,4,0.0,,,,,,,,22.776849010276923,-1.1057963845207437,4.200000286102295,PS_034,,,5.446215080098766
23.874864181528636,,2024-10-14T03:15:00Z,4,0,4,0,4,3,1,0,0,4,0.0,,,,,,,,22.641863438850255,-1.1274531577010714,4.200000286102295,PS_034,,,5.237239273822665
23.641251464682632,,2024-10-14T03:30:00Z,3,0,3,0,3,3,1,0,0,3,0.0,,,,,,,,22.4572237870529,-1.109592007908501,4.200000286102295,PS_034,,,5.120116945975691
23.323570459323832,,2024-10-14T03:45:00Z,4,0,4,0,4,4,1,0,0,4,0.0,,,,,,,,22.0914693971099,-1.117207761391081,4.200000286102295,PS_034,,,4.784410475275127
23.092046976793352,,2024-10-14T04:00:00Z,4,0,4,0,4,4,1,0,0,4,0.0,,,,,,,,21.8984384380788,-1.062045386211599,4.200000286102295,PS_034,,,4.041954649962634
22.860210354198884,,2024-10-14T04:15:00Z,4,0,4,0,4,4,1,0,0,4,0.0,,,,,,,,21.643875919960553,-1.034246531086925,4.200000286102295,PS_034,,,4.6324322060862135
22.505593401468634,,2024-10-14T04:30:00Z,3,0,3,0,3,3,1,0,0,3,0.0,,,,,,,,21.15171338140741,-1.0510716393959836,4.200000286102295,PS_034,,,3.582622209782191
22.400185341310408,,2024-10-14T04:45:00Z,4,0,4,0,4,4,1,0,0,4,0.0,,,,,,,,21.051666633826766,-0.9321604129721812,4.200000286102295,PS_034,,,4.051595815746495
22.030524674051634,,2024-10-14T05:00:00Z,4,0,4,0,4,4,1,0,0,4,0.0,,,,,,,,20.795636641129533,-0.9339982316018912,4.200000286102295,PS_034,,,3.6107302947263844
21.838156201605276,,2024-10-14T05:15:00Z,3,0,3,0,3,3,1,0,0,3,0.0,,,,,,,,20.57635717702119,-0.9370274105994931,4.200000286102295,PS_034,,,3.6414322631958753
21.607347290014392,,2024-10-14T05:30:00Z,4,0,4,0,4,4,1,0,0,4,0.0,,,,,,,,20.428073027427427,-0.8974400231552347,4.200000286102295,PS_034,,,5.612557814688805
21.430266226878583,,2024-10-14T05:45:00Z,4,0,4,0,4,4,1,0,0,4,0.0,,,,,,,,20.361206496489107,-0.8914958557407153,4.200000286102295,PS_034,,,4.362993014792047
21.220877913600702,,2024-10-14T06:00:00Z,4,0,4,0,4,4,1,0,0,4,0.0,,,,,,,,20.08357233967868,-0.7978284917013309,4.200000286102295,PS_034,,,4.188329188526682
20.98075248962756,,2024-10-14T06:15:00Z,3,0,3,0,3,3,1,0,0,3,0.0,,,,,,,,19.807960195731415,-0.8888210569335353,4.200000286102295,PS_034,,,3.839891786148783
20.850358406950765,,2024-10-14T06:30:00Z,4,0,4,0,4,4,1,0,0,4,0.0,,,,,,,,19.69916030781336,-0.8514952957737619,4.200000286102295,PS_034,,,3.8837733354557593
20.658479370823127,,2024-10-14T06:45:00Z,4,0,4,0,4,4,1,0,0,4,0.0,,,,,,,,19.502610184109898,-0.8323151617353762,4.200000286102295,PS_034,,,4.268267533830536
20.57893557486586,,2024-10-14T07:00:00Z,3,0,2,0,3,3,1,0,0,3,0.0,,,,,,,,19.514932677637802,-0.8062269053501109,4.200000286102295,PS_034,,,3.8925630672799896
20.432221438781347,,2024-10-14T07:15:00Z,4,0,4,0,4,4,1,0,0,4,0.0,,,,,,,,19.31380186116518,-0.8558100249004733,4.200000286102295,PS_034,,,3.6203211832966944
20.393023896621504,,2024-10-14T07:30:00Z,4,0,4,0,4,4,1,0,0,4,0.0,,,,,,,,19.281796572518317,-0.7947068183616901,4.200000286102295,PS_034,,,3.3485796439020366
20.308582529139198,,2024-10-14T07:45:00Z,4,0,4,0,4,4,1,0,0,4,0.0,,,,,,,,19.174838265602556,-0.7908627012544874,4.200000286102295,PS_034,,,3.908321454295815
20.165527531018487,,2024-10-14T08:00:00Z,3,0,3,0,3,3,1,0,0,3,0.0,,,,,,,,19.04291523094164,-0.7932496778345693,4.200000286102295,PS_034,,,3.3795755246774437
20.108236840499693,,2024-10-14T08:15:00Z,4,0,4,0,4,4,1,0,0,4,0.0,,,,,,,,18.972707436603766,-0.7013841854748503,4.200000286102295,PS_034,,,4.274128455771162
20.027873603893607,,2024-10-14T08:30:00Z,4,0,4,0,4,4,1,0,0,4,0.015403112446573329,,,,,,,,18.88310919249605,-0.4864821189059987,4.200000286102295,PS_034,,,3.332194182876251
19.977699151378832,,2024-10-14T08:45:00Z,3,0,3,0,3,3,1,0,0,3,1.6120581609939983,,,,,,,,18.923716324947986,1.9890818550069258,4.200000286102295,PS_034,,,3.5705925421922964
20.0484459755421,,2024-10-14T09:00:00Z,4,0,4,0,4,4,1,0,0,4,14.276635360329465,,,,,,,,19.096872353288322,16.681792367770207,4.200000286102295,PS_034,,,3.4084070223553673
20.257497171421694,,2024-10-14T09:15:00Z,4,0,4,0,4,4,1,0,0,4,42.01560277254824,,,,,,,,19.596894941067227,57.772810256553335,4.200000286102295,PS_034,,,3.811012123725986
20.73150894357183,,2024-10-14T09:30:00Z,4,0,4,0,4,4,1,0,0,4,83.89450790764397,,,,,,,,21.100144965281338,141.79612330006228,4.200000286102295,PS_034,,,3.8556115597425027
21.052449391811674,,2024-10-14T09:45:00Z,3,0,3,0,3,3,1,0,0,3,105.6234453143777,,,,,,,,22.403841395220585,187.66149624919436,4.200000286102295,PS_034,,,3.252426344697815
21.470401514383898,,2024-10-14T10:00:00Z,4,0,4,0,4,4,1,0,0,4,153.85160635689542,,,,,,,,23.731549803682228,295.2757235236527,4.200000286102295,PS_034,,,4.079525264792281
22.206337253708142,,2024-10-14T10:15:00Z,4,0,4,0,4,4,1,0,0,4,242.60587627934027,,,,,,,,26.1248123064836,493.21710770884937,4.200000286102295,PS_034,,,4.421380808243092
22.898416692594115,,2024-10-14T10:30:00Z,3,0,4,0,4,4,1,0,0,4,306.3012026058125,,,,,,,,28.553452937739962,624.087259985926,4.200000286102295,PS_034,,,4.693599336320753
23.740659424179867,,2024-10-14T10:45:00Z,3,0,3,0,3,3,1,0,0,3,366.69477781377833,,,,,,,,31.75956416820334,710.2966226713058,4.200000286102295,PS_034,,,4.96357243284397
24.393454379957646,,2024-10-14T11:00:00Z,4,0,4,0,4,4,1,0,0,4,426.94474787142565,,,,,,,,32.96712784543847,768.8122845955929,4.200000286102295,PS_034,,,5.101480302729631
25.000792312057648,,2024-10-14T11:15:00Z,4,0,4,0,4,4,1,0,0,4,478.75872144209325,,,,,,,,34.7264929231049,801.1931284704335,4.200000286102295,PS_034,,,4.3103987896643305
26.18967411896683,,2024-10-14T11:30:00Z,3,0,3,0,3,3,1,0,0,3,541.7064646712109,,,,,,,,37.17776472655901,848.0620697750209,4.200000286102295,PS_034,,,3.910227230499119
27.165687743934175,,2024-10-14T11:45:00Z,4,0,4,0,4,4,1,0,0,4,602.8258159036071,,,,,,,,39.890613938155866,889.5037112883764,4.200000286102295,PS_034,,,5.071257503947051
27.817291346670938,,2024-10-14T12:00:00Z,4,0,4,0,4,4,1,0,0,4,655.7956875266927,,,,,,,,39.37053568916904,913.6568236788864,4.200000286102295,PS_034,,,4.789984525778513
28.56699794523674,,2024-10-14T12:15:00Z,4,0,4,0,4,4,1,0,0,4,698.7793147962977,,,,,,,,40.894808179346334,923.8081787627002,4.200000286102295,PS_034,,,4.638382953978373
29.70554536236506,,2024-10-14T12:30:00Z,3,0,3,0,3,3,1,0,0,3,754.6894305645294,,,,,,,,43.572063760919306,950.3788820468394,4.200000286102295,PS_034,,,5.439336255897674
30.527737941093914,,2024-10-14T12:45:00Z,4,0,4,0,4,4,1,0,0,4,794.0592650393744,,,,,,,,46.68811685260673,960.2092055626114,4.200000286102295,PS_034,,,5.111419288046533
31.289710992227707,,2024-10-14T13:00:00Z,4,0,4,0,4,4,1,0,0,4,835.246775369294,,,,,,,,49.319233666012096,971.5658733891876,4.200000286102295,PS_034,,,4.184450781868476
32.31052492428457,,2024-10-14T13:15:00Z,3,0,3,0,3,3,1,0,0,3,866.9377028646516,,,,,,,,52.502685777209216,974.1742099111037,4.200000286102295,PS_034,,,4.109911347990315
31.413472775782722,,2024-10-14T13:30:00Z,4,0,4,0,4,4,1,0,0,4,901.4028566879358,,,,,,,,49.45079308661049,984.334975198502,4.200000286102295,PS_034,,,4.495244403563132
31.95601394998258,,2024-10-14T13:45:00Z,4,0,4,0,4,4,1,0,0,4,928.0296855034222,,,,,,,,49.624561817910525,988.0466391973165,4.200000286102295,PS_034,,,4.832247568952743
33.35220895634674,,2024-10-14T14:00:00Z,4,0,4,0,4,4,1,0,0,4,945.3007678444491,,,,,,,,50.68486166499051,984.8974060387895,4.200000286102295,PS_034,,,4.797320396196739
33.932270514402305,,2024-10-14T14:15:00Z,3,0,3,0,3,3,1,0,0,3,982.5650525738819,,,,,,,,52.70503879776867,1000.4416101891072,4.200000286102295,PS_034,,,6.343669074237239
34.077447402145324,,2024-10-14T14:30:00Z,4,0,4,0,4,4,1,0,0,4,1003.8867552156977,,,,,,,,52.75055571864728,1011.0660910396103,4.200000286102295,PS_034,,,5.0626325007039545
34.45194466122469,,2024-10-14T14:45:00Z,4,0,4,0,4,4,1,0,0,4,1022.5901441026924,,,,,,,,52.38094606781894,1025.1149649088445,4.200000286102295,PS_034,,,6.184558066390273
34.27917857897513,,2024-10-14T15:00:00Z,3,0,3,0,3,3,1,0,0,3,1069.6031523711972,,,,,,,,51.5083796570108,1068.4538059098686,4.200000286102295,PS_034,,,4.8158491812516
35.039813851111546,,2024-10-14T15:15:00Z,4,0,4,0,4,4,1,0,0,4,1095.9261157786934,,,,,,,,51.96378366748322,1094.6729481165978,4.200000286102295,PS_034,,,4.616239472128709
34.79799764819264,,2024-10-14T15:30:00Z,4,0,4,0,4,4,1,0,0,4,1096.0418887327733,,,,,,,,53.15664921133569,1098.0644391678459,4.200000286102295,PS_034,,,4.143288238743411
34.227840842472304,,2024-10-14T15:45:00Z,4,0,4,0,4,4,1,0,0,4,293.24974230968115,,,,,,,,43.486069372876536,306.2590765995874,4.200000286102295,PS_034,,,4.7352510263191805
34.06201340251659,,2024-10-14T16:00:00Z,3,0,3,0,3,3,1,0,0,3,410.0972951822735,,,,,,,,40.902175354368794,417.6213564406444,4.200000286102295,PS_034,,,3.4735293383377104
34.4241894693524,,2024-10-14T16:15:00Z,4,0,4,0,4,4,1,0,0,4,885.2662493000824,,,,,,,,44.053648970086776,944.1686939047346,4.200000286102295,PS_034,,,3.0894481576225035
34.82441681667222,,2024-10-14T16:30:00Z,4,0,4,0,4,4,1,0,0,4,868.6964472574829,,,,,,,,44.64328835507674,928.0359231012015,4.200000286102295,PS_034,,,2.2323142355728423
35.678467107437996,,2024-10-14T16:45:00Z,3,0,3,0,3,3,1,0,0,3,829.0092985851101,,,,,,,,53.162331957963524,854.197621095153,4.200000286102295,PS_034,,,1.5346426437747054
35.4913330386324,,2024-10-14T17:00:00Z,4,0,4,0,4,4,1,0,0,4,851.4719126346511,,,,,,,,49.803790851836965,948.5687357397329,4.200000286102295,PS_034,,,3.1654006408448305
36.48729166764115,,2024-10-14T17:15:00Z,4,0,4,0,4,4,1,0,0,4,866.5989588153193,,,,,,,,56.096104660176984,1009.5022289912727,4.200000286102295,PS_034,,,2.9039039707371668
35.352354726930784,,2024-10-14T17:30:00Z,4,0,4,0,4,4,1,0,0,4,430.753015367175,,,,,,,,47.933904511786245,468.8202696468609,4.200000286102295,PS_034,,,2.7619508294786286
36.13229200207275,,2024-10-14T17:45:00Z,3,0,3,0,3,3,1,0,0,3,748.5107230447401,,,,,,,,54.18915205825825,943.9695102471244,4.200000286102295,PS_034,,,3.2585437704569093
35.99469850862134,,2024-10-14T18:00:00Z,4,0,4,0,4,4,1,0,0,4,616.7670251490663,,,,,,,,55.273350357845985,813.7564435689138,4.200000286102295,PS_034,,,2.605271268645839
36.44460508983176,,2024-10-14T18:15:00Z,4,0,4,0,4,4,1,0,0,4,680.2789517934194,,,,,,,,52.65440595460958,917.3935439332051,4.200000286102295,PS_034,,,3.0140420078225465
36.241243571621425,,2024-10-14T18:30:00Z,3,0,3,0,3,3,1,0,0,3,595.9126540625335,,,,,,,,52.720599318954015,848.163561828154,4.200000286102295,PS_034,,,2.300278593507186
36.28299296081022,,2024-10-14T18:45:00Z,4,0,4,0,4,4,1,0,0,4,511.2886838298566,,,,,,,,50.23293372167643,766.4658413225509,4.200000286102295,PS_034,,,2.3354487550859937
35.77734310092281,,2024-10-14T19:00:00Z,4,0,4,0,4,4,1,0,0,4,209.60337131170476,,,,,,,,45.57809644703947,257.62169213315826,4.200000286102295,PS_034,,,3.3920313265791386
35.29265571058446,,2024-10-14T19:15:00Z,4,0,4,0,4,4,1,0,0,4,151.14990335679036,,,,,,,,38.22417163916517,144.02438366610377,4.200000286102295,PS_034,,,2.6437659078474254
35.18847935646065,,2024-10-14T19:30:00Z,3,0,3,0,3,3,1,0,0,3,131.28705964583597,,,,,,,,37.22713735673461,126.31875780579334,4.200000286102295,PS_034,,,3.505465816731513
35.119744358586004,,2024-10-14T19:45:00Z,4,0,4,0,4,4,1,0,0,4,193.05434443878272,,,,,,,,37.54969310914555,314.1261883895105,4.200000286102295,PS_034,,,2.5781491745322227
34.88334397025203,,2024-10-14T20:00:00Z,4,0,4,0,4,4,1,0,0,4,99.14273744923813,,,,,,,,36.463656834168866,104.46818427917175,4.200000286102295,PS_034,,,3.1797167093399707
33.885334387352074,,2024-10-14T20:15:00Z,4,0,4,0,4,4,1,0,0,4,40.04422606683306,,,,,,,,34.48498516282561,43.01787978134054,4.200000286102295,PS_034,,,5.008960942727974
26.909999847412106,,2024-10-14T20:30:00Z,1,0,1,0,1,1,1,0,0,1,18.685338973999023,,,,,,,,28.438032150268555,13.888752937316896,4.200000286102295,PS_034,,,11.953799247741697
,,2024-10-14T20:45:00Z,0,0,0,0,0,0,1,0,0,0,,,,,,,,,,,4.200000286102295,PS_034,,,
,,2024-10-14T21:00:00Z,0,0,0,0,0,0,1,0,0,0,,,,,,,,,,,4.200000286102295,PS_034,,,
,,2024-10-14T21:15:00Z,0,0,0,0,0,0,1,0,0,0,,,,,,,,,,,4.200000286102295,PS_034,,,
,,2024-10-14T21:30:00Z,0,0,0,0,0,0,1,0,0,0,,,,,,,,,,,4.200000286102295,PS_034,,,
,,2024-10-14T21:45:00Z,0,0,0,0,0,0,1,0,0,0,,,,,,,,,,,4.200000286102295,PS_034,,,
,,2024-10-14T22:00:00Z,0,0,0,0,0,0,1,0,0,0,,,,,,,,,,,4.200000286102295,PS_034,,,
,,2024-10-14T22:15:00Z,0,0,0,0,0,0,1,0,0,0,,,,,,,,,,,4.200000286102295,PS_034,,,
,,2024-10-14T22:30:00Z,0,0,0,0,0,0,1,0,0,0,,,,,,,,,,,4.200000286102295,PS_034,,,
,,2024-10-14T22:45:00Z,0,0,0,0,0,0,1,0,0,0,,,,,,,,,,,4.200000286102295,PS_034,,,
,,2024-10-14T23:00:00Z,0,0,0,0,0,0,1,0,0,0,,,,,,,,,,,4.200000286102295,PS_034,,,
,,2024-10-14T23:15:00Z,0,0,0,0,0,0,1,0,0,0,,,,,,,,,,,4.200000286102295,PS_034,,,
,,2024-10-14T23:30:00Z,0,0,0,0,0,0,1,0,0,0,,,,,,,,,,,4.200000286102295,PS_034,,,
,,2024-10-14T23:45:00Z,0,0,0,0,0,0,1,0,0,0,,,,,,,,,,,4.200000286102295,PS_034,,,
,,2024-10-15T00:00:00Z,0,0,0,0,0,0,1,0,0,0,,,,,,,,,,,4.200000286102295,PS_034,,,
,,2024-10-15T00:15:00Z,0,0,0,0,0,0,1,0,0,0,,,,,,,,,,,4.200000286102295,PS_034,,,
,,2024-10-15T00:30:00Z,0,0,0,0,0,0,1,0,0,0,,,,,,,,,,,4.200000286102295,PS_034,,,
,,2024-10-15T00:45:00Z,0,0,0,0,0,0,1,0,0,0,,,,,,,,,,,4.200000286102295,PS_034,,,
,,2024-10-15T01:00:00Z,0,0,0,0,0,0,1,0,0,0,,,,,,,,,,,4.200000286102295,PS_034,,,
,,2024-10-15T01:15:00Z,0,0,0,0,0,0,1,0,0,0,,,,,,,,,,,4.200000286102295,PS_034,,,
,,2024-10-15T01:30:00Z,0,0,0,0,0,0,1,0,0,0,,,,,,,,,,,4.200000286102295,PS_034,,,
,,2024-10-15T01:45:00Z,0,0,0,0,0,0,1,0,0,0,,,,,,,,,,,4.200000286102295,PS_034,,,
,,2024-10-15T02:00:00Z,0,0,0,0,0,0,1,0,0,0,,,,,,,,,,,4.200000286102295,PS_034,,,
,,2024-10-15T02:15:00Z,0,0,0,0,0,0,1,0,0,0,,,,,,,,,,,4.200000286102295,PS_034,,,
,,2024-10-15T02:30:00Z,0,0,0,0,0,0,1,0,0,0,,,,,,,,,,,4.200000286102295,PS_034,,,
,,2024-10-15T02:45:00Z,0,0,0,0,0,0,1,0,0,0,,,,,,,,,,,4.200000286102295,PS_034,,,
,,2024-10-15T03:00:00Z,0,0,0,0,0,0,1,0,0,0,,,,,,,,,,,4.200000286102295,PS_034,,,
,,2024-10-15T03:15:00Z,0,0,0,0,0,0,1,0,0,0,,,,,,,,,,,4.200000286102295,PS_034,,,
,,2024-10-15T03:30:00Z,0,0,0,0,0,0,1,0,0,0,,,,,,,,,,,4.200000286102295,PS_034,,,
,,2024-10-15T03:45:00Z,0,0,0,0,0,0,1,0,0,0,,,,,,,,,,,4.200000286102295,PS_034,,,
,,2024-10-15T04:00:00Z,0,0,0,0,0,0,1,0,0,0,,,,,,,,,,,4.200000286102295,PS_034,,,
,,2024-10-15T04:15:00Z,0,0,0,0,0,0,1,0,0,0,,,,,,,,,,,4.200000286102295,PS_034,,,
,,2024-10-15T04:30:00Z,0,0,0,0,0,0,1,0,0,0,,,,,,,,,,,4.200000286102295,PS_034,,,
,,2024-10-15T04:45:00Z,0,0,0,0,0,0,1,0,0,0,,,,,,,,,,,4.200000286102295,PS_034,,,
,,2024-10-15T05:00:00Z,0,0,0,0,0,0,1,0,0,0,,,,,,,,,,,4.200000286102295,PS_034,,,
,,2024-10-15T05:15:00Z,0,0,0,0,0,0,1,0,0,0,,,,,,,,,,,4.200000286102295,PS_034,,,
,,2024-10-15T05:30:00Z,0,0,0,0,0,0,1,0,0,0,,,,,,,,,,,4.200000286102295,PS_034,,,
,,2024-10-15T05:45:00Z,0,0,0,0,0,0,1,0,0,0,,,,,,,,,,,4.200000286102295,PS_034,,,
,,2024-10-15T06:00:00Z,0,0,0,0,0,0,1,0,0,0,,,,,,,,,,,4.200000286102295,PS_034,,,
,,2024-10-15T06:15:00Z,0,0,0,0,0,0,1,0,0,0,,,,,,,,,,,4.200000286102295,PS_034,,,
,,2024-10-15T06:30:00Z,0,0,0,0,0,0,1,0,0,0,,,,,,,,,,,4.200000286102295,PS_034,,,
,,2024-10-15T06:45:00Z,0,0,0,0,0,0,1,0,0,0,,,,,,,,,,,4.200000286102295,PS_034,,,
,,2024-10-15T07:00:00Z,0,0,0,0,0,0,1,0,0,0,,,,,,,,,,,4.200000286102295,PS_034,,,
,,2024-10-15T07:15:00Z,0,0,0,0,0,0,1,0,0,0,,,,,,,,,,,4.200000286102295,PS_034,,,
,,2024-10-15T07:30:00Z,0,0,0,0,0,0,1,0,0,0,,,,,,,,,,,4.200000286102295,PS_034,,,
,,2024-10-15T07:45:00Z,0,0,0,0,0,0,1,0,0,0,,,,,,,,,,,4.200000286102295,PS_034,,,
,,2024-10-15T08:00:00Z,0,0,0,0,0,0,1,0,0,0,,,,,,,,,,,4.200000286102295,PS_034,,,
,,2024-10-15T08:15:00Z,0,0,0,0,0,0,1,0,0,0,,,,,,,,,,,4.200000286102295,PS_034,,,
,,2024-10-15T08:30:00Z,0,0,0,0,0,0,1,0,0,0,,,,,,,,,,,4.200000286102295,PS_034,,,
,,2024-10-15T08:45:00Z,0,0,0,0,0,0,1,0,0,0,,,,,,,,,,,4.200000286102295,PS_034,,,
,,2024-10-15T09:00:00Z,0,0,0,0,0,0,1,0,0,0,,,,,,,,,,,4.200000286102295,PS_034,,,
,,2024-10-15T09:15:00Z,0,0,0,0,0,0,1,0,0,0,,,,,,,,,,,4.200000286102295,PS_034,,,
,,2024-10-15T09:30:00Z,0,0,0,0,0,0,1,0,0,0,,,,,,,,,,,4.200000286102295,PS_034,,,
22.03999900817871,,2024-10-15T09:45:00Z,1,0,1,0,1,1,1,0,0,1,162.74285888671875,,,,,,,,24.37342071533203,127.19419097900392,4.200000286102295,PS_034,,,0.26895639300346375
22.456524561965363,,2024-10-15T10:00:00Z,4,0,4,0,4,4,1,0,0,4,201.44728153480088,,,,,,,,25.84588107553435,304.04256183156826,4.200000286102295,PS_034,,,1.0938724857700894
22.556639139375807,,2024-10-15T10:15:00Z,4,0,4,0,4,4,1,0,0,4,136.9557480359511,,,,,,,,26.493726555460626,181.64210785360032,4.200000286102295,PS_034,,,2.554726348878008
23.03301768472849,,2024-10-15T10:30:00Z,3,0,3,0,3,3,1,0,0,3,371.781732623231,,,,,,,,27.386852854703452,626.2592704827474,4.200000286102295,PS_034,,,1.8758432365525228
23.789482856598585,,2024-10-15T10:45:00Z,4,0,4,0,4,4,1,0,0,4,438.2683187491661,,,,,,,,33.910495944580816,660.5857690860603,4.200000286102295,PS_034,,,2.8690383186759556
23.526477040298854,,2024-10-15T11:00:00Z,4,0,4,0,4,4,1,0,0,4,218.37167409862883,,,,,,,,31.024073676172243,215.70788000733094,4.200000286102295,PS_034,,,1.6027809119448524
23.951617793608282,,2024-10-15T11:15:00Z,3,0,3,0,3,3,1,0,0,3,197.8920606160173,,,,,,,,29.83630146740703,189.06674523650662,4.200000286102295,PS_034,,,1.5536895087203342
23.831445667737484,,2024-10-15T11:30:00Z,4,0,4,0,4,4,1,0,0,4,202.75325737332525,,,,,,,,28.678991103936006,163.93091329330818,4.200000286102295,PS_034,,,2.6184853608311647
24.048256738349025,,2024-10-15T11:45:00Z,4,0,4,0,4,4,1,0,0,4,257.07761256060223,,,,,,,,28.83210621521725,212.14710315752112,4.200000286102295,PS_034,,,2.321184995171811
24.363353897905878,,2024-10-15T12:00:00Z,4,0,4,0,4,4,1,0,0,4,286.4424425060055,,,,,,,,30.5835306655958,248.86674900546478,4.200000286102295,PS_034,,,1.7226478777582501
24.650130794022854,,2024-10-15T12:15:00Z,3,0,3,0,3,3,1,0,0,3,355.6411556652262,,,,,,,,31.498089327228467,339.6567345772736,4.200000286102295,PS_034,,,3.073352283850596
25.126650615941326,,2024-10-15T12:30:00Z,4,0,4,0,4,4,1,0,0,4,494.9223395444276,,,,,,,,34.0907283277535,523.7865017276355,4.200000286102295,PS_034,,,3.32221981145786
25.801201752559976,,2024-10-15T12:45:00Z,4,0,4,0,4,4,1,0,0,4,418.79211499147607,,,,,,,,37.05884149549793,418.2609640168819,4.200000286102295,PS_034,,,3.2923519010686184
25.767140112435307,,2024-10-15T13:00:00Z,3,0,3,0,3,3,1,0,0,3,463.78213964131425,,,,,,,,36.109948611590404,479.0445053854054,4.200000286102295,PS_034,,,2.8629406868634373
26.1889184536019,,2024-10-15T13:15:00Z,4,0,4,0,4,4,1,0,0,4,507.4258959071904,,,,,,,,37.398448858686734,552.5464431387422,4.200000286102295,PS_034,,,2.877735957357774
26.580803033014224,,2024-10-15T13:30:00Z,4,0,4,0,4,4,1,0,0,4,679.2846800858122,,,,,,,,41.72944035205853,753.7008404513451,4.200000286102295,PS_034,,,3.670332296105002
27.18128716973432,,2024-10-15T13:45:00Z,4,0,4,0,4,4,1,0,0,4,868.3839377214499,,,,,,,,46.856333520600586,904.7790468092809,4.200000286102295,PS_034,,,2.7185482443293676
27.65584171466381,,2024-10-15T14:00:00Z,3,0,3,0,3,3,1,0,0,3,999.3790990749964,,,,,,,,51.03005083492818,1034.5158615282671,4.200000286102295,PS_034,,,3.000726343635523
28.810117769008862,,2024-10-15T14:15:00Z,4,0,4,0,4,4,1,0,0,4,914.9878809421879,,,,,,,,51.765485341450756,936.9517114453337,4.200000286102295,PS_034,,,4.682806310134541
28.753004172371313,,2024-10-15T14:30:00Z,4,0,4,0,4,4,1,0,0,4,850.6050432466791,,,,,,,,48.76877728280023,849.006451256558,4.200000286102295,PS_034,,,3.903203182586014
28.642013680768443,,2024-10-15T14:45:00Z,3,0,3,0,3,3,1,0,0,3,968.0842371772774,,,,,,,,45.29300370854505,967.2363397122526,4.200000286102295,PS_034,,,3.2947853834242524
29.162322870044967,,2024-10-15T15:00:00Z,4,0,4,0,4,4,1,0,0,4,654.8224226427648,,,,,,,,45.04227184337152,662.017787981112,4.200000286102295,PS_034,,,2.827248507009477
29.590926129644284,,2024-10-15T15:15:00Z,4,0,4,0,4,4,1,0,0,4,1067.604105011878,,,,,,,,46.70939330307064,1071.6367914211528,4.200000286102295,PS_034,,,3.6384094893223
29.560050115278177,,2024-10-15T15:30:00Z,4,0,4,0,4,4,1,0,0,4,526.1941554956052,,,,,,,,44.82199661656833,522.0221401894548,4.200000286102295,PS_034,,,3.6980457902739325
29.414637947068428,,2024-10-15T15:45:00Z,3,0,3,0,3,3,1,0,0,3,885.7008954225317,,,,,,,,39.950976419565905,905.6428839605346,4.200000286102295,PS_034,,,3.227539120625104
30.465623993979094,,2024-10-15T16:00:00Z,4,0,4,0,4,4,1,0,0,4,838.6257876275284,,,,,,,,48.037689212714355,829.4638289462541,4.200000286102295,PS_034,,,3.667326590321508
30.446655210232308,,2024-10-15T16:15:00Z,4,0,4,0,4,4,1,0,0,4,714.6206546097361,,,,,,,,44.41434790947262,751.4473654478703,4.200000286102295,PS_034,,,4.39294242882464
30.61389963680337,,2024-10-15T16:30:00Z,3,0,3,0,3,3,1,0,0,3,778.9929774867664,,,,,,,,44.77064198263116,896.4806363944004,4.200000286102295,PS_034,,,4.822202903597943
30.92844059667434,,2024-10-15T16:45:00Z,4,0,4,0,4,4,1,0,0,4,394.7503320213649,,,,,,,,43.75198145065378,425.9287097901332,4.200000286102295,PS_034,,,3.3500894308788136
30.389498864051493,,2024-10-15T17:00:00Z,4,0,4,0,4,4,1,0,0,4,486.97603002807244,,,,,,,,38.43047594829534,509.5293525842953,4.200000286102295,PS_034,,,3.3198957198246584
31.550943170199513,,2024-10-15T17:15:00Z,4,0,4,0,4,4,1,0,0,4,733.5001032278142,,,,,,,,47.500640999719515,866.6645332630419,4.200000286102295,PS_034,,,3.823903889613868
31.850725321520606,,2024-10-15T17:30:00Z,3,0,3,0,3,3,1,0,0,3,604.9108008766492,,,,,,,,50.41988890077681,706.4751466107385,4.200000286102295,PS_034,,,4.430492624800297
32.000966874971375,,2024-10-15T17:45:00Z,4,0,4,0,4,4,1,0,0,4,673.6049887209841,,,,,,,,48.97698752950663,855.460167155824,4.200000286102295,PS_034,,,5.17673394788614
32.14269622219229,,2024-10-15T18:00:00Z,4,0,4,0,4,4,1,0,0,4,777.7317971934403,,,,,,,,50.680043420304244,1012.0152998695801,4.200000286102295,PS_034,,,3.4971965771845603
32.10867566550215,,2024-10-15T18:15:00Z,4,0,4,0,4,4,1,0,0,4,401.63804668172395,,,,,,,,49.59355072318632,531.8235932693508,4.200000286102295,PS_034,,,2.9892978891160498
32.10520100525547,,2024-10-15T18:30:00Z,3,0,3,0,3,3,1,0,0,3,613.5227481813257,,,,,,,,49.220424416896094,908.7662714880689,4.200000286102295,PS_034,,,3.6850059924648177
32.36932036779421,,2024-10-15T18:45:00Z,4,0,4,0,4,4,1,0,0,4,539.4508399338556,,,,,,,,50.513983848875924,786.4260394311135,4.200000286102295,PS_034,,,2.683054378783705
31.973234921263533,,2024-10-15T19:00:00Z,4,0,4,0,4,4,1,0,0,4,350.2814721602932,,,,,,,,45.67285170827655,568.3564806534698,4.200000286102295,PS_034,,,4.592067452412482
31.913947369908566,,2024-10-15T19:15:00Z,3,0,3,0,3,3,1,0,0,3,441.79975309467204,,,,,,,,46.638686114034044,827.749070743553,4.200000286102295,PS_034,,,2.4565810535192254
31.545854892946437,,2024-10-15T19:30:00Z,4,0,4,0,4,4,1,0,0,4,139.32249080253482,,,,,,,,41.17892647299924,164.72740962597865,4.200000286102295,PS_034,,,2.6223896247702605
31.106221231733375,,2024-10-15T19:45:00Z,4,0,4,0,4,4,1,0,0,4,112.6166339540149,,,,,,,,35.4460054307,121.03443464643561,4.200000286102295,PS_034,,,1.5812895677025602
31.05702731436369,,2024-10-15T20:00:00Z,4,0,4,0,4,4,1,0,0,4,96.00784554773041,,,,,,,,32.92504018608664,117.96779694689272,4.200000286102295,PS_034,,,1.4545927240684156
31.01836415129992,,2024-10-15T20:15:00Z,3,0,3,0,3,3,1,0,0,3,96.49380202131589,,,,,,,,32.507990535578074,110.34561765551689,4.200000286102295,PS_034,,,1.4676106234557946
30.87973577866922,,2024-10-15T20:30:00Z,4,0,4,0,4,4,1,0,0,4,77.90595584971315,,,,,,,,32.110233749289684,101.0563174775537,4.200000286102295,PS_034,,,1.825326464456054
30.464105210656008,,2024-10-15T20:45:00Z,4,0,4,0,4,4,1,0,0,4,43.445706992850695,,,,,,,,30.240057328930707,50.953435261553444,4.200000286102295,PS_034,,,2.3117191216174677
29.95110548398132,,2024-10-15T21:00:00Z,3,0,3,0,3,3,1,0,0,3,30.430497902183433,,,,,,,,28.63673541444117,37.610165437880674,4.200000286102295,PS_034,,,2.5239020005123054
29.271121848792706,,2024-10-15T21:15:00Z,4,0,4,0,4,4,1,0,0,4,8.878385816505258,,,,,,,,27.214647317559496,9.152046352268584,4.200000286102295,PS_034,,,3.166994821375005
28.520650368929374,,2024-10-15T21:30:00Z,4,0,4,0,4,4,1,0,0,4,0.29858750736327055,,,,,,,,25.986527476969485,0.08082150582481913,4.200000286102295,PS_034,,,1.9899286261791518
28.033555663271965,,2024-10-15T21:45:00Z,4,0,4,0,4,4,1,0,0,4,0.0,,,,,,,,24.84414565711147,-0.8483974178674291,4.200000286102295,PS_034,,,2.2142615223161397
27.487164976288295,,2024-10-15T22:00:00Z,3,0,3,0,3,3,1,0,0,3,0.0,,,,,,,,24.307243951059927,-0.8768129150571674,4.200000286102295,PS_034,,,1.3304852225320256
26.51604369730078,,2024-10-15T22:15:00Z,4,0,4,0,4,4,1,0,0,4,0.0,,,,,,,,23.98654697239458,-0.42686952784369475,4.200000286102295,PS_034,,,0.9563066040836575
26.77086071358654,,2024-10-15T22:30:00Z,4,0,4,0,4,4,1,0,0,4,0.0,,,,,,,,24.589406130108323,-0.2569974806384603,4.200000286102295,PS_034,,,3.409019203868311
26.340401473290648,,2024-10-15T22:45:00Z,3,0,3,0,3,3,1,0,0,3,0.0,,,,,,,,24.572231497220468,-0.8038606815656781,4.200000286102295,PS_034,,,3.590130899012348
26.006971263115112,,2024-10-15T23:00:00Z,4,0,4,0,4,4,1,0,0,4,0.0,,,,,,,,24.033244809742197,-0.7813362832614297,4.200000286102295,PS_034,,,3.1697036017613596
25.561079916124697,,2024-10-15T23:15:00Z,4,0,4,0,4,4,1,0,0,4,0.0,,,,,,,,23.386271329672248,-0.7138852842594094,4.200000286102295,PS_034,,,3.404893947953334
25.155717363369227,,2024-10-15T23:30:00Z,4,0,4,0,4,4,1,0,0,4,0.0,,,,,,,,22.94098001932159,-0.6235937184234134,4.200000286102295,PS_034,,,2.9167130247976925
24.817054203107904,,2024-10-15T23:45:00Z,3,0,3,0,3,3,1,0,0,3,0.0,,,,,,,,22.50362075333885,-0.5839573378989352,4.200000286102295,PS_034,,,2.8754470942767894
24.624201313542393,,2024-10-16T00:00:00Z,4,0,4,0,4,4,1,0,0,4,0.0,,,,,,,,22.213449112840724,-0.6124408802836722,4.200000286102295,PS_034,,,2.2880239846684525
23.91633986580757,,2024-10-16T00:15:00Z,4,0,4,0,4,4,1,0,0,4,0.0,,,,,,,,21.642359530066127,-0.9101531797987079,4.200000286102295,PS_034,,,1.3252262063078808
23.190907155542064,,2024-10-16T00:30:00Z,3,0,3,0,3,3,1,0,0,3,0.0,,,,,,,,21.212115218329593,-1.1097622965276897,4.200000286102295,PS_034,,,1.8078873983141588
23.157494517441002,,2024-10-16T00:45:00Z,4,0,4,0,4,4,1,0,0,4,0.0,,,,,,,,21.0809685570948,-0.8795237874892389,4.200000286102295,PS_034,,,1.9105017589754907
23.529764323535346,,2024-10-16T01:00:00Z,4,0,4,0,4,4,1,0,0,4,0.0,,,,,,,,20.61552041509533,-0.43627479525999135,4.200000286102295,PS_034,,,1.069718259400191
23.08731086150434,,2024-10-16T01:15:00Z,4,0,4,0,4,4,1,0,0,4,0.0,,,,,,,,20.712013122912992,-0.531251846462395,4.200000286102295,PS_034,,,2.2557880446258025
22.40080481857384,,2024-10-16T01:30:00Z,3,0,3,0,3,3,1,0,0,3,0.0,,,,,,,,20.41420626405813,-0.6831519337378719,4.200000286102295,PS_034,,,2.1181390669503957
22.85000852850177,,2024-10-16T01:45:00Z,4,0,4,0,4,4,1,0,0,4,0.0,,,,,,,,20.657731102191253,-0.6847202529873325,4.200000286102295,PS_034,,,2.9068190133591054
22.721053134786505,,2024-10-16T02:00:00Z,4,0,4,0,4,4,1,0,0,4,0.0,,,,,,,,20.83937711233626,-0.7253888905819943,4.200000286102295,PS_034,,,2.9777416946701467
22.702155839319555,,2024-10-16T02:15:00Z,3,0,3,0,3,3,1,0,0,3,0.0,,,,,,,,20.70771115312556,-0.5883927639559614,4.200000286102295,PS_034,,,2.770856307261685
22.32405019985213,,2024-10-16T02:30:00Z,4,0,4,0,4,4,1,0,0,4,0.0,,,,,,,,20.320813174091917,-0.7125068553289666,4.200000286102295,PS_034,,,1.9019774850133293
22.389432533067186,,2024-10-16T02:45:00Z,4,0,4,0,4,4,1,0,0,4,0.0,,,,,,,,19.966207324681942,-0.6183276801304598,4.200000286102295,PS_034,,,1.9988115867005203
22.60625469800738,,2024-10-16T03:00:00Z,4,0,4,0,4,4,1,0,0,4,0.0,,,,,,,,19.976240508068333,-0.6662195955757607,4.200000286102295,PS_034,,,1.6786726174769049
22.434208701946357,,2024-10-16T03:15:00Z,3,0,3,0,3,3,1,0,0,3,0.0,,,,,,,,19.619509697397373,-0.6164031770304358,4.200000286102295,PS_034,,,0.8508577858889883
22.06323354272472,,2024-10-16T03:30:00Z,4,0,4,0,4,4,1,0,0,4,0.0,,,,,,,,19.406894022332885,-0.8761599956064157,4.200000286102295,PS_034,,,0.6351408158549107
21.7983120115139,,2024-10-16T03:45:00Z,4,0,4,0,4,4,1,0,0,4,0.0,,,,,,,,19.104902099051937,-0.7392489530419353,4.200000286102295,PS_034,,,1.5999476525147436
21.578262020415554,,2024-10-16T04:00:00Z,4,0,4,0,4,4,1,0,0,4,0.0,,,,,,,,19.163253781647835,-0.46495579277269955,4.200000286102295,PS_034,,,0.8113004074592246
21.507870669337365,,2024-10-16T04:15:00Z,3,0,3,0,3,3,1,0,0,3,0.0,,,,,,,,18.897980987661807,-0.6838272954318811,4.200000286102295,PS_034,,,1.0396578324044579
21.589468641624048,,2024-10-16T04:30:00Z,4,0,4,0,4,4,1,0,0,4,0.0,,,,,,,,19.13234292457822,-0.3861325625598755,4.200000286102295,PS_034,,,2.0589495385250314
21.272054401872644,,2024-10-16T04:45:00Z,4,0,4,0,4,4,1,0,0,4,0.0,,,,,,,,19.135260490436437,-0.41007820588048877,4.200000286102295,PS_034,,,1.710125550093343
20.86297066898549,,2024-10-16T05:00:00Z,3,0,3,0,3,3,1,0,0,3,0.0,,,,,,,,18.778142349354,-0.6402624643303835,4.200000286102295,PS_034,,,1.449053185874959
20.26519607055647,,2024-10-16T05:15:00Z,4,0,4,0,4,4,1,0,0,4,0.0,,,,,,,,18.85485262304885,-0.5408736171637256,4.200000286102295,PS_034,,,1.285052753431555
20.248521032984655,,2024-10-16T05:30:00Z,4,0,4,0,4,4,1,0,0,4,0.0,,,,,,,,18.860360024062555,-0.37398302362053554,4.200000286102295,PS_034,,,1.4213745698507871
20.432634564216208,,2024-10-16T05:45:00Z,3,0,3,0,3,3,1,0,0,3,0.0,,,,,,,,18.74592654048891,-0.5375649280849565,4.200000286102295,PS_034,,,1.2973873116342731
20.37990197455408,,2024-10-16T06:00:00Z,4,0,4,0,4,4,1,0,0,4,0.0,,,,,,,,18.606870351395443,-0.5345697959981988,4.200000286102295,PS_034,,,1.2567825513922626
20.63313700070525,,2024-10-16T06:15:00Z,4,0,4,0,4,4,1,0,0,4,0.0,,,,,,,,18.747184537327655,-0.45546380043692586,4.200000286102295,PS_034,,,2.2771714349096652
20.63972218501882,,2024-10-16T06:30:00Z,4,0,4,0,4,4,1,0,0,4,0.0,,,,,,,,18.78081301050013,-0.5626828215538325,4.200000286102295,PS_034,,,2.2860197000966496
20.692179752528858,,2024-10-16T06:45:00Z,3,0,3,0,3,3,1,0,0,3,0.0,,,,,,,,18.677242559369077,-0.48894838456732986,4.200000286102295,PS_034,,,1.4215343274952672
20.754626253572976,,2024-10-16T07:00:00Z,4,0,4,0,4,4,1,0,0,4,0.0,,,,,,,,18.801474322461907,-0.5457156974353616,4.200000286102295,PS_034,,,2.027098262582129
20.553653910046336,,2024-10-16T07:15:00Z,4,0,4,0,4,4,1,0,0,4,0.0,,,,,,,,18.737681397526266,-0.550395068470431,4.200000286102295,PS_034,,,1.161785034360872
20.405129162987595,,2024-10-16T07:30:00Z,3,0,3,0,3,3,1,0,0,3,0.0,,,,,,,,18.23762027119871,-0.6658843003042375,4.200000286102295,PS_034,,,0.463774568736518
20.18840443845919,,2024-10-16T07:45:00Z,4,0,4,0,4,4,1,0,0,4,0.0,,,,,,,,18.177573474428506,-0.6279448403745387,4.200000286102295,PS_034,,,0.3000272136922085
20.18433455630041,,2024-10-16T08:00:00Z,4,0,4,0,4,4,1,0,0,4,0.0,,,,,,,,18.183458814012816,-0.8083129025058373,4.200000286102295,PS_034,,,0.2525368037916422
20.445973509228406,,2024-10-16T08:15:00Z,4,0,4,0,4,4,1,0,0,4,0.0,,,,,,,,18.476329981663355,-0.822356819523824,4.200000286102295,PS_034,,,0.3223736938832015
20.349854877204223,,2024-10-16T08:30:00Z,3,0,3,0,3,3,1,0,0,3,0.0,,,,,,,,18.117835127627373,-0.30145460410373454,4.200000286102295,PS_034,,,0.252552407141788
20.289646599781584,,2024-10-16T08:45:00Z,4,0,4,0,4,4,1,0,0,4,3.605992988744806,,,,,,,,17.870105925357933,5.351035698545586,4.200000286102295,PS_034,,,0.2531227818282062
20.589512156746547,,2024-10-16T09:00:00Z,4,0,4,0,4,4,1,0,0,4,21.851150157346673,,,,,,,,18.395139637704297,34.5673573109372,4.200000286102295,PS_034,,,0.2623504991956631
21.15352001031923,,2024-10-16T09:15:00Z,3,0,3,0,3,3,1,0,0,3,56.83828643469648,,,,,,,,19.355273042749104,110.74803684592503,4.200000286102295,PS_034,,,0.42288548729824155
21.293796138873553,,2024-10-16T09:30:00Z,4,0,4,0,4,4,1,0,0,4,106.65957781836484,,,,,,,,20.879187169280094,212.5713129057155,4.200000286102295,PS_034,,,0.5733854314682717
22.687476030351913,,2024-10-16T09:45:00Z,4,0,4,0,4,4,1,0,0,4,178.91616924045226,,,,,,,,23.94641265167789,354.41634345768216,4.200000286102295,PS_034,,,0.3922330075054948
23.58679595695929,,2024-10-16T10:00:00Z,4,0,4,0,4,4,1,0,0,4,254.40859977502262,,,,,,,,28.20659435279494,508.20876660506076,4.200000286102295,PS_034,,,0.9465456720141746
23.886005750191323,,2024-10-16T10:15:00Z,3,0,3,0,3,3,1,0,0,3,245.5201378909099,,,,,,,,33.09242282080421,481.81005750015856,4.200000286102295,PS_034,,,2.6186252040449314
24.458674754018354,,2024-10-16T10:30:00Z,4,0,4,0,4,4,1,0,0,4,310.4200642822496,,,,,,,,34.20594761769691,668.8572651948714,4.200000286102295,PS_034,,,3.078505968668437
25.355077072063004,,2024-10-16T10:45:00Z,4,0,4,0,4,4,1,0,0,4,416.32308542300484,,,,,,,,39.46391613332448,847.8064903111713,4.200000286102295,PS_034,,,3.6173932039496983
25.894236654736222,,2024-10-16T11:00:00Z,3,0,3,0,3,3,1,0,0,3,440.3677292213934,,,,,,,,40.849605094928755,814.2489033763017,4.200000286102295,PS_034,,,4.353677489910759
26.810150839504285,,2024-10-16T11:15:00Z,4,0,4,0,4,4,1,0,0,4,527.7308103367395,,,,,,,,42.613583879182706,909.7027206329761,4.200000286102295,PS_034,,,3.8228096091537616
27.414600131564562,,2024-10-16T11:30:00Z,4,0,4,0,4,4,1,0,0,4,588.701979149949,,,,,,,,44.47551529034417,927.1761113725656,4.200000286102295,PS_034,,,4.069631416287104
28.165417861212124,,2024-10-16T11:45:00Z,4,0,4,0,4,4,1,0,0,4,622.4913204541244,,,,,,,,45.055074762625146,913.3510021411248,4.200000286102295,PS_034,,,4.132929618294633
28.42856381671975,,2024-10-16T12:00:00Z,3,0,3,0,3,3,1,0,0,3,695.4651377094399,,,,,,,,45.49792646074064,961.4210230651926,4.200000286102295,PS_034,,,4.615225121362942
28.82721524011334,,2024-10-16T12:15:00Z,4,0,4,0,4,4,1,0,0,4,679.5452250753191,,,,,,,,45.294847198856715,873.9923963486259,4.200000286102295,PS_034,,,5.337303371043842
29.15027386694578,,2024-10-16T12:30:00Z,4,0,4,0,4,4,1,0,0,4,776.2406930935725,,,,,,,,45.449269569379894,980.5389196583556,4.200000286102295,PS_034,,,4.291869952745502
29.90951058786281,,2024-10-16T12:45:00Z,3,0,3,0,3,3,1,0,0,3,817.6234767859631,,,,,,,,49.66165212487869,985.3455501146502,4.200000286102295,PS_034,,,3.1246946444224553
30.307939935991396,,2024-10-16T13:00:00Z,4,0,4,0,4,4,1,0,0,4,871.7062339482031,,,,,,,,48.918357932162394,1005.9060109181156,4.200000286102295,PS_034,,,3.306715183495789
30.73162504421519,,2024-10-16T13:15:00Z,4,0,4,0,4,4,1,0,0,4,894.8589133323222,,,,,,,,51.12865097896209,988.8216465345962,4.200000286102295,PS_034,,,3.4871312365043745
31.256605170476423,,2024-10-16T13:30:00Z,4,0,4,0,4,4,1,0,0,4,907.9500786954119,,,,,,,,48.38102398579743,982.7257411784403,4.200000286102295,PS_034,,,4.62211719300109
31.74985732282062,,2024-10-16T13:45:00Z,3,0,3,0,3,3,1,0,0,3,970.9210783094414,,,,,,,,52.28925811863179,1027.8539472878153,4.200000286102295,PS_034,,,2.746969186362298
32.31338421287601,,2024-10-16T14:00:00Z,4,0,4,0,4,4,1,0,0,4,990.8835272584971,,,,,,,,53.363933004678145,1022.2809115626088,4.200000286102295,PS_034,,,3.878433044177783
32.56285672902582,,2024-10-16T14:15:00Z,4,0,4,0,4,4,1,0,0,4,1008.4105083799916,,,,,,,,53.30629944040114,1022.1038156899799,4.200000286102295,PS_034,,,4.049731073777076
32.615172340793265,,2024-10-16T14:30:00Z,4,0,4,0,4,4,1,0,0,4,1021.6235929105789,,,,,,,,54.49284742065604,1023.9453511527929,4.200000286102295,PS_034,,,2.9693007792377104
33.078797149963165,,2024-10-16T14:45:00Z,3,0,3,0,3,3,1,0,0,3,1039.776324841945,,,,,,,,53.91275519580228,1034.2661053922902,4.200000286102295,PS_034,,,3.4181714633695814
32.962598858730594,,2024-10-16T15:00:00Z,4,0,4,0,4,4,1,0,0,4,1056.9088964950104,,,,,,,,55.29323779702551,1048.8412457621685,4.200000286102295,PS_034,,,3.6060064606214595
32.80790797023163,,2024-10-16T15:15:00Z,4,0,4,0,4,4,1,0,0,4,651.7419837198505,,,,,,,,50.93450757604972,648.5242773604991,4.200000286102295,PS_034,,,2.70184952256033
34.084984520785916,,2024-10-16T15:30:00Z,3,0,3,0,3,3,1,0,0,3,1072.6626808421036,,,,,,,,55.48152010943546,1071.4735148921084,4.200000286102295,PS_034,,,4.786035455031689
33.63529630423652,,2024-10-16T15:45:00Z,4,0,4,0,4,4,1,0,0,4,1065.7455106818657,,,,,,,,55.98406273135,1037.402018566401,4.200000286102295,PS_034,,,1.9286688054934285
34.04765034006805,,2024-10-16T16:00:00Z,4,0,4,0,4,4,1,0,0,4,1055.4159123010647,,,,,,,,56.8404961075104,1087.335072470847,4.200000286102295,PS_034,,,2.1207780469853774
34.330724258594984,,2024-10-16T16:15:00Z,4,0,4,0,4,4,1,0,0,4,1025.127040911765,,,,,,,,59.797090245703906,1071.6529509368768,4.200000286102295,PS_034,,,2.124878872047623
34.99894356981564,,2024-10-16T16:30:00Z,3,0,3,0,3,3,1,0,0,3,994.7059303697229,,,,,,,,60.004432401093425,1082.3656156686357,4.200000286102295,PS_034,,,3.7860802177273727
35.015636274167086,,2024-10-16T16:45:00Z,4,0,4,0,4,4,1,0,0,4,973.9150537618334,,,,,,,,60.39587771044914,1063.8812368679185,4.200000286102295,PS_034,,,2.66037634220848
34.32748753217543,,2024-10-16T17:00:00Z,5,0,5,0,5,5,1,0,0,5,252.7706581663934,,,,,,,,53.10655052804787,324.8536573108247,4.200000286102295,PS_034,,,2.013687474715234
33.60079404857767,,2024-10-16T17:15:00Z,3,0,3,0,3,3,1,0,0,3,386.72189830540907,,,,,,,,43.308904734410376,471.36765364524763,4.200000286102295,PS_034,,,1.3789197797722332
34.44137889399009,,2024-10-16T17:30:00Z,4,0,4,0,4,4,1,0,0,4,756.1296441791346,,,,,,,,49.79376160632278,914.7548207015664,4.200000286102295,PS_034,,,2.4155182094015673
35.20341518686265,,2024-10-16T17:45:00Z,3,0,3,0,3,3,1,0,0,3,787.5265492560706,,,,,,,,57.27822340859788,1003.5006284806354,4.200000286102295,PS_034,,,2.1465005302293028
34.74652147939477,,2024-10-16T18:00:00Z,6,0,6,0,6,6,1,0,0,6,723.9908885657569,,,,,,,,57.22686995908969,975.7252782848707,4.200000286102295,PS_034,,,1.103795676877478
35.63707132272073,,2024-10-16T18:15:00Z,3,0,3,0,3,3,1,0,0,3,691.5550936962067,,,,,,,,59.50907567958454,977.672955812105,4.200000286102295,PS_034,,,1.305021062646856
35.30592236148345,,2024-10-16T18:30:00Z,4,0,4,0,4,4,1,0,0,4,606.8607959373609,,,,,,,,58.74937861132093,921.0055905008078,4.200000286102295,PS_034,,,2.752709628937332
35.03088678135018,,2024-10-16T18:45:00Z,4,0,4,0,4,4,1,0,0,4,557.5781078946483,,,,,,,,54.730785699272595,911.7667406533174,4.200000286102295,PS_034,,,2.0647842959238707
34.856161146519206,,2024-10-16T19:00:00Z,3,0,3,0,3,3,1,0,0,3,500.9564693217502,,,,,,,,54.41258645282078,880.3879682662492,4.200000286102295,PS_034,,,2.2742456097316284
34.733528334743404,,2024-10-16T19:15:00Z,4,0,4,0,4,4,1,0,0,4,285.3921105937271,,,,,,,,53.535004311330304,624.2386847815284,4.200000286102295,PS_034,,,1.4122864535780493
34.700277056050105,,2024-10-16T19:30:00Z,4,0,4,0,4,4,1,0,0,4,249.11816364774774,,,,,,,,47.40151426032854,534.1044792521354,4.200000286102295,PS_034,,,1.475436453466548
34.63127311646672,,2024-10-16T19:45:00Z,4,0,4,0,4,4,1,0,0,4,193.3703616954986,,,,,,,,46.680253733616716,371.0329155887907,4.200000286102295,PS_034,,,1.690151206034672
33.634229587937064,,2024-10-16T20:00:00Z,3,0,3,0,3,3,1,0,0,3,65.68071303705234,,,,,,,,36.843104460063806,87.26910364104268,4.200000286102295,PS_034,,,1.3455985877845034
33.450318845095275,,2024-10-16T20:15:00Z,4,0,4,0,4,4,1,0,0,4,91.32691433230006,,,,,,,,34.6751921334704,113.20365769497431,4.200000286102295,PS_034,,,0.3017447347951107
33.391581468485235,,2024-10-16T20:30:00Z,4,0,4,0,4,4,1,0,0,4,61.84626154205058,,,,,,,,33.22342357303992,77.54811977190377,4.200000286102295,PS_034,,,0.5676848968423887
32.962248435018594,,2024-10-16T20:45:00Z,4,0,4,0,4,4,1,0,0,4,52.42967779333662,,,,,,,,32.04294013093764,65.35834841097747,4.200000286102295,PS_034,,,0.7147237437068151
32.312107121000494,,2024-10-16T21:00:00Z,3,0,3,0,3,3,1,0,0,3,23.061448341698885,,,,,,,,30.504286201949242,26.992156238985395,4.200000286102295,PS_034,,,0.6675965196141573
31.931083178434378,,2024-10-16T21:15:00Z,4,0,4,0,4,4,1,0,0,4,6.147038528960229,,,,,,,,29.107033036191073,6.492006581383545,4.200000286102295,PS_034,,,0.99075296015455
31.919418115329243,,2024-10-16T21:30:00Z,4,0,4,0,4,4,1,0,0,4,0.06632359330203962,,,,,,,,28.457310794555834,-0.8037701653689632,4.200000286102295,PS_034,,,0.6573331452327568
31.013422013509196,,2024-10-16T21:45:00Z,3,0,3,0,3,3,1,0,0,3,0.0,,,,,,,,27.27375388144864,-1.8378506137547423,4.200000286102295,PS_034,,,0.26678278009829315
29.6760952550115,,2024-10-16T22:00:00Z,4,0,4,0,4,4,1,0,0,4,0.0,,,,,,,,26.637391903769604,-1.6466262267573972,4.200000286102295,PS_034,,,1.5344741462644957
29.269109864164907,,2024-10-16T22:15:00Z,4,0,4,0,4,4,1,0,0,4,0.0,,,,,,,,26.24233047107256,-1.6168350449581943,4.200000286102295,PS_034,,,1.8879791364837546
28.953637322121835,,2024-10-16T22:30:00Z,4,0,4,0,4,4,1,0,0,4,0.0,,,,,,,,25.92038833501004,-1.5010436642673517,4.200000286102295,PS_034,,,2.0130408683525722
28.740124634714682,,2024-10-16T22:45:00Z,3,0,3,0,3,3,1,0,0,3,0.0,,,,,,,,25.538902112374853,-1.43097104423957,4.200000286102295,PS_034,,,1.8847947804807574
28.34223076063755,,2024-10-16T23:00:00Z,4,0,4,0,4,4,1,0,0,4,0.0,,,,,,,,25.62233945715605,-1.297680475483636,4.200000286102295,PS_034,,,2.0155694287450374
28.502798215447427,,2024-10-16T23:15:00Z,4,0,4,0,4,4,1,0,0,4,0.0,,,,,,,,25.96941499834028,-1.247190732192134,4.200000286102295,PS_034,,,2.0581419337674056
28.433025953910832,,2024-10-16T23:30:00Z,3,0,3,0,3,3,1,0,0,3,0.0,,,,,,,,26.02781659014928,-1.2851380228737308,4.200000286102295,PS_034,,,2.599586935837643
28.724414531738688,,2024-10-16T23:45:00Z,4,0,4,0,4,4,1,0,0,4,0.0,,,,,,,,27.371149851815016,-1.2804892356824515,4.200000286102295,PS_034,,,4.931239679612767
27.99303710182724,,2024-10-17T00:00:00Z,4,0,4,0,4,4,1,0,0,4,0.0,,,,,,,,26.756066317094362,-0.9957724133167644,4.200000286102295,PS_034,,,3.7793641518822483
27.493777564742732,,2024-10-17T00:15:00Z,4,0,4,0,4,4,1,0,0,4,0.0,,,,,,,,26.231358062162656,-1.0260792356914294,4.200000286102295,PS_034,,,3.4514517357797874
27.193281619362935,,2024-10-17T00:30:00Z,3,0,3,0,3,3,1,0,0,3,0.0,,,,,,,,25.85814295964874,-1.0651638006630788,4.200000286102295,PS_034,,,3.407521994254636
26.76258648525516,,2024-10-17T00:45:00Z,4,0,4,0,4,4,1,0,0,4,0.0,,,,,,,,25.269430694666408,-1.1651889891227105,4.200000286102295,PS_034,,,2.345816078860789
26.021332444547912,,2024-10-17T01:00:00Z,4,0,4,0,4,4,1,0,0,4,0.0,,,,,,,,24.326901253260885,-1.1971836987341145,4.200000286102295,PS_034,,,1.717921760240564
26.056584499984446,,2024-10-17T01:15:00Z,3,0,3,0,3,3,1,0,0,3,0.0,,,,,,,,24.0111625268837,-1.1624580015248496,4.200000286102295,PS_034,,,1.400685174354674
25.928320999115915,,2024-10-17T01:30:00Z,4,0,4,0,4,4,1,0,0,4,0.0,,,,,,,,24.071511292625587,-1.1491052944356568,4.200000286102295,PS_034,,,2.087240636294877
25.611787858039584,,2024-10-17T01:45:00Z,4,0,4,0,4,4,1,0,0,4,0.0,,,,,,,,23.53266308328271,-1.044461097259987,4.200000286102295,PS_034,,,1.2310672889508918
25.380057974197314,,2024-10-17T02:00:00Z,4,0,4,0,4,4,1,0,0,4,0.0,,,,,,,,23.223225098590678,-0.7376515082284839,4.200000286102295,PS_034,,,0.848879841261447
25.265301574554513,,2024-10-17T02:15:00Z,3,0,3,0,3,3,1,0,0,3,0.0,,,,,,,,23.198249025255592,-0.5070511025496436,4.200000286102295,PS_034,,,0.9162880325784477
25.184690696096926,,2024-10-17T02:30:00Z,4,0,4,0,4,4,1,0,0,4,0.0,,,,,,,,22.903422841150874,-0.795618898493626,4.200000286102295,PS_034,,,0.7034786045937983
24.168288893829956,,2024-10-17T02:45:00Z,4,0,4,0,4,4,1,0,0,4,0.0,,,,,,,,21.95852438661477,-0.7157396159536974,4.200000286102295,PS_034,,,0.6642444659158495
24.16486139530688,,2024-10-17T03:00:00Z,4,0,4,0,4,4,1,0,0,4,0.0,,,,,,,,21.73900930328234,-0.7995125463891544,4.200000286102295,PS_034,,,0.2610350290223057
24.618041518877007,,2024-10-17T03:15:00Z,3,0,3,0,3,3,1,0,0,3,0.0,,,,,,,,21.552108699126986,-0.327494306022469,4.200000286102295,PS_034,,,0.3165969240187758
24.827541396467772,,2024-10-17T03:30:00Z,4,0,4,0,4,4,1,0,0,4,0.0,,,,,,,,21.85321340710668,0.02794004931787857,4.200000286102295,PS_034,,,0.3545721247305992
24.9114133964879,,2024-10-17T03:45:00Z,4,0,4,0,4,4,1,0,0,4,0.0,,,,,,,,22.47543300634504,0.41852728999192007,4.200000286102295,PS_034,,,0.2783565450299583
24.63524691924988,,2024-10-17T04:00:00Z,3,0,3,0,3,3,1,0,0,3,0.0,,,,,,,,22.809014331950785,-0.07279156880904049,4.200000286102295,PS_034,,,2.0795469505044073
24.130831117248565,,2024-10-17T04:15:00Z,4,0,4,0,4,4,1,0,0,4,0.0,,,,,,,,22.594837245769092,-0.7348807833725823,4.200000286102295,PS_034,,,1.8939918964807432
24.12631922056482,,2024-10-17T04:30:00Z,4,0,4,0,4,4,1,0,0,4,0.0,,,,,,,,22.252666559855953,-0.5931382262203542,4.200000286102295,PS_034,,,2.0731014731406106
24.872446097752537,,2024-10-17T04:45:00Z,4,0,4,0,4,4,1,0,0,4,0.0,,,,,,,,22.930014335399754,-0.41057719885859123,4.200000286102295,PS_034,,,2.447651877803578
24.380495360124183,,2024-10-17T05:00:00Z,3,0,3,0,3,3,1,0,0,3,0.0,,,,,,,,22.14297869319354,-0.658503529178714,4.200000286102295,PS_034,,,0.7244556455128524
24.029223178514766,,2024-10-17T05:15:00Z,4,0,4,0,4,4,1,0,0,4,0.0,,,,,,,,21.83230818479539,-0.5635811848188672,4.200000286102295,PS_034,,,1.7491763302213712
23.599983682020202,,2024-10-17T05:30:00Z,4,0,4,0,4,4,1,0,0,4,0.0,,,,,,,,21.920853011015193,-0.6833862613587453,4.200000286102295,PS_034,,,2.2309317315899477
23.82116095631053,,2024-10-17T05:45:00Z,3,0,3,0,3,3,1,0,0,3,0.0,,,,,,,,22.397258962617425,-0.3377705129408611,4.200000286102295,PS_034,,,2.6022442177648553
23.534457251824566,,2024-10-17T06:00:00Z,4,0,4,0,4,4,1,0,0,4,0.0,,,,,,,,22.267789604273748,-0.5542744503860694,4.200000286102295,PS_034,,,2.370204833236882
23.408521027491396,,2024-10-17T06:15:00Z,4,0,4,0,4,4,1,0,0,4,0.0,,,,,,,,22.012319115951296,-0.5497825366082258,4.200000286102295,PS_034,,,3.0902185427420537
23.332198954503202,,2024-10-17T06:30:00Z,4,0,4,0,4,4,1,0,0,4,0.0,,,,,,,,22.04009452677166,-0.4644163835559045,4.200000286102295,PS_034,,,2.7336188747927856
23.338006623597735,,2024-10-17T06:45:00Z,3,0,3,0,3,3,1,0,0,3,0.0,,,,,,,,22.16178665185795,-0.25873332218562983,4.200000286102295,PS_034,,,2.86652918390472
23.06238616933512,,2024-10-17T07:00:00Z,4,0,4,0,4,4,1,0,0,4,0.0,,,,,,,,21.966550970429164,-0.36213199457341516,4.200000286102295,PS_034,,,2.5773106873936666
22.99638742252705,,2024-10-17T07:15:00Z,4,0,4,0,4,4,1,0,0,4,0.0,,,,,,,,21.46248436732289,-0.5575758471513563,4.200000286102295,PS_034,,,2.5399362412572297
22.94630246190623,,2024-10-17T07:30:00Z,4,0,4,0,4,4,1,0,0,4,0.0,,,,,,,,21.298346826265558,-0.45832498789167786,4.200000286102295,PS_034,,,2.597128251135067
22.73366188689003,,2024-10-17T07:45:00Z,3,0,3,0,3,3,1,0,0,3,0.0,,,,,,,,21.505115666112633,-0.16966374288870933,4.200000286102295,PS_034,,,1.5473091325621997
22.385987569936876,,2024-10-17T08:00:00Z,4,0,4,0,4,4,1,0,0,4,0.0,,,,,,,,21.407738778430286,-0.31550151144176025,4.200000286102295,PS_034,,,1.8758960100314102
22.397114221253357,,2024-10-17T08:15:00Z,4,0,4,0,4,4,1,0,0,4,0.0,,,,,,,,21.12602309119239,-0.5133090460390045,4.200000286102295,PS_034,,,2.116224946956994
22.148842357963908,,2024-10-17T08:30:00Z,3,0,3,0,3,3,1,0,0,3,0.0,,,,,,,,20.61557903396096,-0.27427801253512823,4.200000286102295,PS_034,,,2.0309711455762067
22.114762908349995,,2024-10-17T08:45:00Z,4,0,4,0,4,4,1,0,0,4,2.8025572278239035,,,,,,,,20.444930107518086,3.6265855319767777,4.200000286102295,PS_034,,,2.3399251875981038
22.04296021755894,,2024-10-17T09:00:00Z,4,0,4,0,4,4,1,0,0,4,13.36874807209557,,,,,,,,20.5230343428382,15.217456281179272,4.200000286102295,PS_034,,,1.3833134927469715
21.93651397502187,,2024-10-17T09:15:00Z,4,0,4,0,4,4,1,0,0,4,33.023402099097275,,,,,,,,20.807432250498934,44.08862391076042,4.200000286102295,PS_034,,,1.766119939816006
22.409066753908693,,2024-10-17T09:30:00Z,3,0,3,0,3,3,1,0,0,3,75.05029438993839,,,,,,,,22.034241499168033,129.1652401993711,4.200000286102295,PS_034,,,2.314824114602145
23.420973239761015,,2024-10-17T09:45:00Z,4,0,4,0,4,4,1,0,0,4,112.83743567913508,,,,,,,,24.882598343455513,200.0138334648361,4.200000286102295,PS_034,,,1.7806767599866686
23.699049066058034,,2024-10-17T10:00:00Z,4,0,4,0,4,4,1,0,0,4,110.12884003439332,,,,,,,,26.05076073754385,155.47328294978004,4.200000286102295,PS_034,,,1.566784008470743
24.260271450255736,,2024-10-17T10:15:00Z,3,0,3,0,3,3,1,0,0,3,194.4500186108135,,,,,,,,29.121771003842056,321.6630589702442,4.200000286102295,PS_034,,,2.1251011242393383
25.071208257181546,,2024-10-17T10:30:00Z,4,0,4,0,4,4,1,0,0,4,294.3130529430248,,,,,,,,35.896271068451,591.328769499785,4.200000286102295,PS_034,,,2.7665340008967023
25.946707758191813,,2024-10-17T10:45:00Z,4,0,4,0,4,4,1,0,0,4,364.4626981076505,,,,,,,,40.34881695818074,704.773324169958,4.200000286102295,PS_034,,,3.2088585664465463
27.122386300098018,,2024-10-17T11:00:00Z,4,0,4,0,4,4,1,0,0,4,426.75134867145687,,,,,,,,41.892501977881125,765.590820907667,4.200000286102295,PS_034,,,3.44943785711715
28.051386799942144,,2024-10-17T11:15:00Z,3,0,3,0,3,3,1,0,0,3,499.61722329046574,,,,,,,,43.112804136948235,838.9632319952946,4.200000286102295,PS_034,,,4.873424965308207
28.60547009765996,,2024-10-17T11:30:00Z,4,0,4,0,4,4,1,0,0,4,554.7234317077042,,,,,,,,45.42736704490613,868.1025411923314,4.200000286102295,PS_034,,,3.43639484758228
29.55985594907791,,2024-10-17T11:45:00Z,4,0,4,0,4,4,1,0,0,4,609.1573688437251,,,,,,,,46.83039118744361,891.516944526657,4.200000286102295,PS_034,,,3.438051133819007
30.566704035954476,,2024-10-17T12:00:00Z,4,0,4,0,4,4,1,0,0,4,662.5808964659733,,,,,,,,46.98419749185453,914.6574178052749,4.200000286102295,PS_034,,,4.327140985167083
30.784770184251503,,2024-10-17T12:15:00Z,3,0,3,0,3,3,1,0,0,3,713.0400157176891,,,,,,,,47.603980539394556,933.6220394129573,4.200000286102295,PS_034,,,3.457796224356893
31.400478409211697,,2024-10-17T12:30:00Z,4,0,4,0,4,4,1,0,0,4,761.0415603790501,,,,,,,,48.83325845792525,951.355413890609,4.200000286102295,PS_034,,,3.847365496760207
31.694295941932438,,2024-10-17T12:45:00Z,4,0,4,0,4,4,1,0,0,4,805.4113621340998,,,,,,,,50.40119925726814,965.7429430207249,4.200000286102295,PS_034,,,3.7862450027140175
31.946364487882594,,2024-10-17T13:00:00Z,3,0,3,0,3,3,1,0,0,3,842.6166832213631,,,,,,,,51.150392176357556,973.4483436144116,4.200000286102295,PS_034,,,1.7649939032965918
32.7261824035096,,2024-10-17T13:15:00Z,4,0,4,0,4,4,1,0,0,4,879.7537889560889,,,,,,,,53.743551818634295,983.3206890923476,4.200000286102295,PS_034,,,3.3128854193628343
33.06284535537094,,2024-10-17T13:30:00Z,4,0,4,0,4,4,1,0,0,4,911.5663068390432,,,,,,,,55.88292618184,986.8028365525995,4.200000286102295,PS_034,,,3.11785036799829
33.310449450474,,2024-10-17T13:45:00Z,4,0,4,0,4,4,1,0,0,4,933.4249915833161,,,,,,,,55.27026332865699,984.7441111563652,4.200000286102295,PS_034,,,3.0785072480669684
33.88245802816994,,2024-10-17T14:00:00Z,3,0,3,0,3,3,1,0,0,3,921.6066765194452,,,,,,,,56.11452202655673,954.6910659003978,4.200000286102295,PS_034,,,2.7781495448407187
34.16632017243933,,2024-10-17T14:15:00Z,4,0,4,0,4,4,1,0,0,4,964.5594119800819,,,,,,,,56.85025152420837,981.5586581775061,4.200000286102295,PS_034,,,2.4406260036588545
35.03556383127109,,2024-10-17T14:30:00Z,4,0,4,0,4,4,1,0,0,4,992.6291605429117,,,,,,,,57.63470769919155,994.2771513640542,4.200000286102295,PS_034,,,3.603552541409597
35.08078154400712,,2024-10-17T14:45:00Z,3,0,3,0,3,3,1,0,0,3,903.6368738789198,,,,,,,,59.27013910523852,907.0293727368406,4.200000286102295,PS_034,,,0.8717082354775174
35.16234414281059,,2024-10-17T15:00:00Z,4,0,4,0,4,4,1,0,0,4,512.2639006841639,,,,,,,,54.95670911765717,520.5569125865751,4.200000286102295,PS_034,,,4.194107455825492
34.582422154621845,,2024-10-17T15:15:00Z,4,0,4,0,4,4,1,0,0,4,657.3151934784223,,,,,,,,43.635793515729965,684.7939102371073,4.200000286102295,PS_034,,,2.8898406629848963
35.63557894079569,,2024-10-17T15:30:00Z,4,0,4,0,4,4,1,0,0,4,1078.8984317609938,,,,,,,,55.70634801396956,1086.1068836385061,4.200000286102295,PS_034,,,2.9631796443956713
35.50424556978606,,2024-10-17T15:45:00Z,3,0,3,0,3,3,1,0,0,3,466.57890850557044,,,,,,,,55.5616170257686,460.9606371008891,4.200000286102295,PS_034,,,2.583416707431022
35.00624869024509,,2024-10-17T16:00:00Z,4,0,4,0,4,4,1,0,0,4,430.30021873714077,,,,,,,,45.35238471152953,425.50306777784635,4.200000286102295,PS_034,,,3.211219875212091
35.582797962762584,,2024-10-17T16:15:00Z,4,0,4,0,4,4,1,0,0,4,943.8415563201639,,,,,,,,52.593219691798254,1020.3867255081526,4.200000286102295,PS_034,,,2.045876065781216
36.53095086248201,,2024-10-17T16:30:00Z,4,0,4,0,4,4,1,0,0,4,944.6959465955312,,,,,,,,59.25607786857065,1013.949769659105,4.200000286102295,PS_034,,,2.224429050016359
37.47512963182956,,2024-10-17T16:45:00Z,3,0,3,0,3,3,1,0,0,3,812.9160358413714,,,,,,,,59.99138190632844,873.8640725966449,4.200000286102295,PS_034,,,4.2839946839025345
37.390679968129746,,2024-10-17T17:00:00Z,4,0,4,0,4,4,1,0,0,4,983.9838884229207,,,,,,,,59.39294447796741,1082.8875278004996,4.200000286102295,PS_034,,,4.379354766636817
37.41734035810746,,2024-10-17T17:15:00Z,4,0,4,0,4,4,1,0,0,4,936.1113920421274,,,,,,,,62.00513681954445,1064.989767763805,4.200000286102295,PS_034,,,3.6438415703837954
37.573637167786615,,2024-10-17T17:30:00Z,3,0,3,0,3,3,1,0,0,3,731.4300084609654,,,,,,,,60.7592282918397,553.5631803012506,4.200000286102295,PS_034,,,2.948270242194169
37.30160894345259,,2024-10-17T17:45:00Z,4,0,4,0,4,4,1,0,0,4,370.58057294420047,,,,,,,,58.925597396944205,381.0124377472898,4.200000286102295,PS_034,,,1.6798457887654517
36.244850214665796,,2024-10-17T18:00:00Z,4,0,4,0,4,4,1,0,0,4,387.3700209443889,,,,,,,,51.321623284989215,404.82269738438106,4.200000286102295,PS_034,,,1.3330209397834785
36.05446688597426,,2024-10-17T18:15:00Z,4,0,4,0,4,4,1,0,0,4,292.46082133631626,,,,,,,,47.202227122730136,343.7741230557256,4.200000286102295,PS_034,,,1.961590125827446
35.864206239428924,,2024-10-17T18:30:00Z,3,0,3,0,3,3,1,0,0,3,192.02394564956296,,,,,,,,42.317962711041204,231.58973212277058,4.200000286102295,PS_034,,,2.2987351910447313
36.391277260944655,,2024-10-17T18:45:00Z,4,0,4,0,4,4,1,0,0,4,510.3789952389232,,,,,,,,50.79321160700079,787.3372201243254,4.200000286102295,PS_034,,,1.5325587168553938
36.33041078701325,,2024-10-17T19:00:00Z,4,0,4,0,4,4,1,0,0,4,442.7097280911513,,,,,,,,50.573583998999105,734.9973872194614,4.200000286102295,PS_034,,,2.1941432418149893
36.75619809144367,,2024-10-17T19:15:00Z,3,0,3,0,3,3,1,0,0,3,423.6973155433681,,,,,,,,52.252083861607176,765.4970976620292,4.200000286102295,PS_034,,,4.133826604070551
35.59885236797675,,2024-10-17T19:30:00Z,4,0,4,0,4,4,1,0,0,4,104.32610043032061,,,,,,,,40.55800788247236,122.37013719341215,4.200000286102295,PS_034,,,3.85343565673164
35.177692793804624,,2024-10-17T19:45:00Z,4,0,4,0,4,4,1,0,0,4,133.66764747852307,,,,,,,,36.71441089995186,189.88729858233106,4.200000286102295,PS_034,,,2.650074874477342
34.78300565772705,,2024-10-17T20:00:00Z,4,0,4,0,4,4,1,0,0,4,139.2975891859928,,,,,,,,34.89982387215309,219.2500085617627,4.200000286102295,PS_034,,,2.0206761811099283
33.70615061865977,,2024-10-17T20:15:00Z,3,0,3,0,3,3,1,0,0,3,67.55280366909965,,,,,,,,34.917286911468906,72.35399549108872,4.200000286102295,PS_034,,,1.8885848385932402
32.367411097238325,,2024-10-17T20:30:00Z,4,0,4,0,4,4,1,0,0,4,35.52454786129093,,,,,,,,32.45681071874721,36.914763347452855,4.200000286102295,PS_034,,,1.7833361901824398
32.0798107146145,,2024-10-17T20:45:00Z,4,0,4,0,4,4,1,0,0,4,28.850581284991858,,,,,,,,31.27808176010199,30.068247680242123,4.200000286102295,PS_034,,,3.656324663301893
31.813389870754687,,2024-10-17T21:00:00Z,4,0,4,0,4,4,1,0,0,4,11.83038282641898,,,,,,,,30.258911930583732,12.942139224091209,4.200000286102295,PS_034,,,2.1341489491102994
31.606170870821487,,2024-10-17T21:15:00Z,3,0,3,0,3,3,1,0,0,3,4.303916901636328,,,,,,,,29.54402025802418,4.822256254936386,4.200000286102295,PS_034,,,0.5179026052447462
30.881071728651875,,2024-10-17T21:30:00Z,4,0,4,0,4,4,1,0,0,4,0.1154636505961356,,,,,,,,29.273971445442495,-0.1843344688930968,4.200000286102295,PS_034,,,2.21214707605735
30.448011262127697,,2024-10-17T21:45:00Z,4,0,4,0,4,4,1,0,0,4,0.0,,,,,,,,29.009263128297963,-0.8098188439925498,4.200000286102295,PS_034,,,2.7088518100455867
29.67561502735074,,2024-10-17T22:00:00Z,3,0,3,0,3,3,1,0,0,3,0.0,,,,,,,,28.594002120431817,-0.7525487238120956,4.200000286102295,PS_034,,,2.8715024140241105
29.16938378742123,,2024-10-17T22:15:00Z,4,0,4,0,4,4,1,0,0,4,0.0,,,,,,,,27.641055146370622,-1.1558172958489126,4.200000286102295,PS_034,,,2.079754191793291
28.796719358098855,,2024-10-17T22:30:00Z,4,0,4,0,4,4,1,0,0,4,0.0,,,,,,,,26.96993682919472,-1.3232457399607809,4.200000286102295,PS_034,,,1.9143529588737653
27.873209984281917,,2024-10-17T22:45:00Z,4,0,4,0,4,4,1,0,0,4,0.0,,,,,,,,25.82603227680841,-1.3939049421162888,4.200000286102295,PS_034,,,1.1854080912312324
27.68692298770382,,2024-10-17T23:00:00Z,3,0,3,0,3,3,1,0,0,3,0.0,,,,,,,,25.091936647343214,-1.177653801488616,4.200000286102295,PS_034,,,0.4566000114273012
28.287669572559953,,2024-10-17T23:15:00Z,4,0,4,0,4,4,1,0,0,4,0.0,,,,,,,,25.27385956836496,-1.1013245989983467,4.200000286102295,PS_034,,,0.6803864807168567
28.262238764472638,,2024-10-17T23:30:00Z,4,0,4,0,4,4,1,0,0,4,0.0,,,,,,,,24.94886999234066,-1.0017491519727058,4.200000286102295,PS_034,,,0.3594663905889235
27.972618933180225,,2024-10-17T23:45:00Z,3,0,3,0,3,3,1,0,0,3,0.0,,,,,,,,24.518175032323608,-1.0208901057902022,4.200000286102295,PS_034,,,0.26983196423396905
27.421269363604353,,2024-10-18T00:00:00Z,4,0,4,0,4,4,1,0,0,4,0.0,,,,,,,,24.448328797965463,-1.0852436367636868,4.200000286102295,PS_034,,,0.7630979357897242
26.93503427670741,,2024-10-18T00:15:00Z,4,0,4,0,4,4,1,0,0,4,0.0,,,,,,,,23.800182380875178,-1.3917779839477114,4.200000286102295,PS_034,,,0.3119353419370129
27.133800391620877,,2024-10-18T00:30:00Z,4,0,4,0,4,4,1,0,0,4,0.0,,,,,,,,23.80424146362725,-1.1591125478500577,4.200000286102295,PS_034,,,0.29111888247545453
26.971277694984163,,2024-10-18T00:45:00Z,3,0,3,0,3,3,1,0,0,3,0.0,,,,,,,,23.583157397946604,-0.7898870607479584,4.200000286102295,PS_034,,,0.26678023061804457
26.512859667059413,,2024-10-18T01:00:00Z,4,0,4,0,4,4,1,0,0,4,0.0,,,,,,,,23.209300481969045,-1.2068602038323146,4.200000286102295,PS_034,,,0.266310079749502
25.585827675853764,,2024-10-18T01:15:00Z,4,0,4,0,4,4,1,0,0,4,0.0,,,,,,,,22.87895036672797,-0.9675217195719724,4.200000286102295,PS_034,,,1.0051421251162702
24.797233910614594,,2024-10-18T01:30:00Z,4,0,4,0,4,4,1,0,0,4,0.0,,,,,,,,22.310610954221683,-0.7471914907927034,4.200000286102295,PS_034,,,1.76104442015579
26.28750868162309,,2024-10-18T01:45:00Z,3,0,3,0,3,3,1,0,0,3,0.0,,,,,,,,24.258888922634007,-0.10544105047390431,4.200000286102295,PS_034,,,5.123190962330365
26.272605256724006,,2024-10-18T02:00:00Z,4,0,4,0,4,4,1,0,0,4,0.0,,,,,,,,25.29347031236529,-0.2657060986530676,4.200000286102295,PS_034,,,3.664962324530608
25.74610959894253,,2024-10-18T02:15:00Z,4,0,4,0,4,4,1,0,0,4,0.0,,,,,,,,24.74035541600348,-0.3876752107015645,4.200000286102295,PS_034,,,2.26274708512483
25.77938026985567,,2024-10-18T02:30:00Z,3,0,3,0,3,3,1,0,0,3,0.0,,,,,,,,24.44387771127274,-0.4493714316253668,4.200000286102295,PS_034,,,2.907782462100704
25.540187992243727,,2024-10-18T02:45:00Z,4,0,4,0,4,4,1,0,0,4,0.0,,,,,,,,24.18998269547647,-0.4657082556774768,4.200000286102295,PS_034,,,3.237123029625317
25.350535729852083,,2024-10-18T03:00:00Z,4,0,4,0,4,4,1,0,0,4,0.0,,,,,,,,24.08677982885794,-0.3222753996506178,4.200000286102295,PS_034,,,3.848895360612705
25.144094103966818,,2024-10-18T03:15:00Z,4,0,4,0,4,4,1,0,0,4,0.0,,,,,,,,24.27663724168423,-0.18132960444138385,4.200000286102295,PS_034,,,5.28159867298256
24.60074680763356,,2024-10-18T03:30:00Z,3,0,3,0,3,3,1,0,0,3,0.0,,,,,,,,24.026749880879063,-0.20691171509243897,4.200000286102295,PS_034,,,4.578623405624031
24.269731786679205,,2024-10-18T03:45:00Z,4,0,4,0,4,4,1,0,0,4,0.0,,,,,,,,23.63289035330669,-0.3075991887815466,4.200000286102295,PS_034,,,4.732540446447575
23.957558929971704,,2024-10-18T04:00:00Z,4,0,4,0,4,4,1,0,0,4,0.0,,,,,,,,23.02724391729318,-0.5208509019536612,4.200000286102295,PS_034,,,4.2843547140046825
23.753936277311908,,2024-10-18T04:15:00Z,3,0,3,0,3,3,1,0,0,3,0.0,,,,,,,,22.566786595905107,-0.5274140169926971,4.200000286102295,PS_034,,,3.798504925606893
23.60806282406529,,2024-10-18T04:30:00Z,4,0,4,0,4,4,1,0,0,4,0.0,,,,,,,,22.393590239378792,-0.3975567532072648,4.200000286102295,PS_034,,,3.812613605327626
23.72281550703988,,2024-10-18T04:45:00Z,4,0,4,0,4,4,1,0,0,4,0.0,,,,,,,,22.952332594242097,-0.12279063381714163,4.200000286102295,PS_034,,,4.925230220661419
23.72513620744941,,2024-10-18T05:00:00Z,4,0,4,0,4,4,1,0,0,4,0.0,,,,,,,,23.053443611678578,-0.11399693502816147,4.200000286102295,PS_034,,,4.260089408001979
23.784317146221714,,2024-10-18T05:15:00Z,3,0,3,0,3,3,1,0,0,3,0.0,,,,,,,,23.093674338206124,-0.20707461216218256,4.200000286102295,PS_034,,,5.2928251861618625
23.810135964216187,,2024-10-18T05:30:00Z,4,0,4,0,4,4,1,0,0,4,0.0,,,,,,,,23.0745171579353,-0.3747112452428147,4.200000286102295,PS_034,,,5.176014133157566
23.797860438159052,,2024-10-18T05:45:00Z,4,0,4,0,4,4,1,0,0,4,0.0,,,,,,,,22.904810533296057,-0.3717252994652663,4.200000286102295,PS_034,,,4.827328401996201
23.415825274289936,,2024-10-18T06:00:00Z,4,0,4,0,4,4,1,0,0,4,0.0,,,,,,,,22.629736171159472,-0.2661095251694361,4.200000286102295,PS_034,,,3.8741562265054577
23.3609480906933,,2024-10-18T06:15:00Z,3,0,3,0,3,3,1,0,0,3,0.0,,,,,,,,22.49215576025588,-0.31529258172935903,4.200000286102295,PS_034,,,2.020399515878982
23.281668902223615,,2024-10-18T06:30:00Z,4,0,4,0,4,4,1,0,0,4,0.0,,,,,,,,22.154776412363162,-0.39890355176794556,4.200000286102295,PS_034,,,2.411439716983551
23.064382992502747,,2024-10-18T06:45:00Z,4,0,4,0,4,4,1,0,0,4,0.0,,,,,,,,21.970930437107572,-0.33288524459618735,4.200000286102295,PS_034,,,2.2724033326857747
22.70404173788268,,2024-10-18T07:00:00Z,3,0,3,0,3,3,1,0,0,3,0.0,,,,,,,,21.774075136475457,-0.4235470526691176,4.200000286102295,PS_034,,,2.1508574662986173
22.866172617204974,,2024-10-18T07:15:00Z,4,0,4,0,4,4,1,0,0,4,0.0,,,,,,,,21.801203032086345,-0.2951535533111548,4.200000286102295,PS_034,,,1.7818792567460866
22.585670264410357,,2024-10-18T07:30:00Z,4,0,4,0,4,4,1,0,0,4,0.0,,,,,,,,21.601118076871405,-0.6596004348484468,4.200000286102295,PS_034,,,3.073278215041445
22.097425643005867,,2024-10-18T07:45:00Z,4,0,4,0,4,4,1,0,0,4,0.0,,,,,,,,20.865299942958856,-1.4156914377084644,4.200000286102295,PS_034,,,2.7534086316694717
21.953252222881382,,2024-10-18T08:00:00Z,3,0,3,0,3,3,1,0,0,3,0.0,,,,,,,,20.61072902732862,-0.9464959030314903,4.200000286102295,PS_034,,,3.7921667361776086
21.85746187223509,,2024-10-18T08:15:00Z,4,0,4,0,4,4,1,0,0,4,0.0,,,,,,,,20.390335289129094,-0.5531433674946423,4.200000286102295,PS_034,,,1.4085950934905567
21.84844379209997,,2024-10-18T08:30:00Z,4,0,4,0,4,4,1,0,0,4,0.0,,,,,,,,20.44330416144773,-0.18009175965753907,4.200000286102295,PS_034,,,1.4152276087368207
21.99165761653553,,2024-10-18T08:45:00Z,3,0,3,0,3,3,1,0,0,3,0.0,,,,,,,,20.525734713356922,0.40550452479207855,4.200000286102295,PS_034,,,1.5998336593274374
21.97341870678832,,2024-10-18T09:00:00Z,4,0,4,0,4,4,1,0,0,4,1.6316055695649698,,,,,,,,20.700957400671935,2.039942515459434,4.200000286102295,PS_034,,,1.4435717838326438
21.92819133749261,,2024-10-18T09:15:00Z,4,0,4,0,4,4,1,0,0,4,3.8468725899364298,,,,,,,,20.74253293735023,4.971811728259903,4.200000286102295,PS_034,,,3.714346255507995
22.178799824310726,,2024-10-18T09:30:00Z,4,0,4,0,4,4,1,0,0,4,6.68336505135175,,,,,,,,20.86708911777793,7.433801455784735,4.200000286102295,PS_034,,,3.4212082950928435
22.16861011290129,,2024-10-18T09:45:00Z,3,0,3,0,3,3,1,0,0,3,13.496957360839025,,,,,,,,21.00112270968366,14.197627274535622,4.200000286102295,PS_034,,,2.537913301266062
22.46453298091322,,2024-10-18T10:00:00Z,4,0,4,0,4,4,1,0,0,4,23.31629103415932,,,,,,,,21.294543443829618,22.605520975140408,4.200000286102295,PS_034,,,3.2449159707580404
22.743535285489454,,2024-10-18T10:15:00Z,4,0,4,0,4,4,1,0,0,4,41.525109468270834,,,,,,,,21.812668451959425,37.69052050886699,4.200000286102295,PS_034,,,1.834615555753921
22.94793479247959,,2024-10-18T10:30:00Z,4,0,4,0,4,4,1,0,0,4,51.929485510443925,,,,,,,,22.57126591710994,43.98594774160693,4.200000286102295,PS_034,,,1.2278657868345433
23.142974361743562,,2024-10-18T10:45:00Z,4,0,4,0,4,4,1,0,0,4,68.84125618363144,,,,,,,,23.298522448625064,54.2012346028694,4.200000286102295,PS_034,,,2.5671542021212157
23.003837476374507,,2024-10-18T11:00:00Z,3,0,3,0,3,3,1,0,0,3,73.03546377785975,,,,,,,,23.282609582149316,57.377334438825535,4.200000286102295,PS_034,,,1.7337782267609032
22.966897363376326,,2024-10-18T11:15:00Z,4,0,4,0,4,4,1,0,0,4,74.70269469023738,,,,,,,,23.434214598025477,56.34468078430978,4.200000286102295,PS_034,,,2.081180573053569
23.214124708449013,,2024-10-18T11:30:00Z,4,0,4,0,4,4,1,0,0,4,84.9814926419185,,,,,,,,23.56286237504429,62.89367610875142,4.200000286102295,PS_034,,,1.8671868569008923
23.262634680450414,,2024-10-18T11:45:00Z,4,0,4,0,4,4,1,0,0,4,116.01097323222356,,,,,,,,23.439120523490367,81.65616676072854,4.200000286102295,PS_034,,,1.3452029318772245
23.4219843798965,,2024-10-18T12:00:00Z,3,0,3,0,3,3,1,0,0,3,135.35430773980707,,,,,,,,23.447048326010744,101.54108596712568,4.200000286102295,PS_034,,,1.3104137231681925
23.397498072867382,,2024-10-18T12:15:00Z,4,0,4,0,4,4,1,0,0,4,146.95491261514215,,,,,,,,24.354382981292346,121.93739828655148,4.200000286102295,PS_034,,,2.235019084293267
23.67210218034895,,2024-10-18T12:30:00Z,4,0,4,0,4,4,1,0,0,4,197.02740277410237,,,,,,,,26.104876372372885,178.48405266483417,4.200000286102295,PS_034,,,1.604699770430141
24.149261193049487,,2024-10-18T12:45:00Z,3,0,3,0,3,3,1,0,0,3,233.85537162257907,,,,,,,,27.38180525614603,220.86312744116233,4.200000286102295,PS_034,,,3.3404140376812244
24.50053999049822,,2024-10-18T13:00:00Z,4,0,4,0,4,4,1,0,0,4,269.79751220276916,,,,,,,,27.402530797936265,264.6440150955825,4.200000286102295,PS_034,,,4.554150978662821
24.552166017861815,,2024-10-18T13:15:00Z,4,0,4,0,4,4,1,0,0,4,188.9363874895147,,,,,,,,26.83576675939973,185.57674380881645,4.200000286102295,PS_034,,,3.7189954760350554
24.429758117894206,,2024-10-18T13:30:00Z,4,0,4,0,4,4,1,0,0,4,164.44405663288427,,,,,,,,26.14604651013882,159.21783748024188,4.200000286102295,PS_034,,,3.0999389931004586
24.37303447870623,,2024-10-18T13:45:00Z,3,0,3,0,3,3,1,0,0,3,166.93130219374842,,,,,,,,24.910835231386738,162.4892953795389,4.200000286102295,PS_034,,,3.579548351396518
24.65919602237708,,2024-10-18T14:00:00Z,4,0,4,0,4,4,1,0,0,4,205.0873016012871,,,,,,,,25.990142663550017,204.49555351245422,4.200000286102295,PS_034,,,2.921000190743802
24.999326988077968,,2024-10-18T14:15:00Z,4,0,4,0,4,4,1,0,0,4,256.59026932355783,,,,,,,,28.460056085302813,267.4945120794925,4.200000286102295,PS_034,,,2.0697721659153587
25.43035900481972,,2024-10-18T14:30:00Z,3,0,3,0,3,3,1,0,0,3,307.85278096756326,,,,,,,,31.019029938210068,322.6682437893226,4.200000286102295,PS_034,,,1.1238676090297066
25.718139369716415,,2024-10-18T14:45:00Z,4,0,4,0,4,4,1,0,0,4,297.1980815746925,,,,,,,,32.15631425780728,310.00691179874593,4.200000286102295,PS_034,,,2.3545196881565786
26.192412609997042,,2024-10-18T15:00:00Z,4,0,4,0,4,4,1,0,0,4,305.0318902088298,,,,,,,,31.937638038872645,318.56553156526365,4.200000286102295,PS_034,,,2.046251394305087
26.246644651071612,,2024-10-18T15:15:00Z,4,0,4,0,4,4,1,0,0,4,312.63935246088056,,,,,,,,32.29633024186006,330.06944429081796,4.200000286102295,PS_034,,,1.4295257269826431
26.795040243852842,,2024-10-18T15:30:00Z,3,0,3,0,3,3,1,0,0,3,344.0967397192172,,,,,,,,33.394271258295376,365.71142368190834,4.200000286102295,PS_034,,,2.163228754563167
27.294134028987457,,2024-10-18T15:45:00Z,4,0,4,0,4,4,1,0,0,4,613.2666459129606,,,,,,,,37.09833189278911,652.8161855597781,4.200000286102295,PS_034,,,1.8307270606500452
27.842159203912622,,2024-10-18T16:00:00Z,4,0,4,0,4,4,1,0,0,4,584.6299043731352,,,,,,,,40.667622972361784,607.0826227383077,4.200000286102295,PS_034,,,2.18492943293498
27.931713450153374,,2024-10-18T16:15:00Z,3,0,3,0,3,3,1,0,0,3,499.23757337124044,,,,,,,,39.33955476676127,511.33866151842625,4.200000286102295,PS_034,,,1.623440109866982
28.643498423014353,,2024-10-18T16:30:00Z,4,0,4,0,4,4,1,0,0,4,541.3249310090713,,,,,,,,40.831664131384926,552.8276862825376,4.200000286102295,PS_034,,,1.8706411737906408
28.712962652820003,,2024-10-18T16:45:00Z,4,0,4,0,4,4,1,0,0,4,365.4875368565451,,,,,,,,40.29728362013737,364.2135174197004,4.200000286102295,PS_034,,,1.3630629780707506
28.885610356196636,,2024-10-18T17:00:00Z,4,0,4,0,4,4,1,0,0,4,337.3339072612244,,,,,,,,38.62784536564571,337.3691246779018,4.200000286102295,PS_034,,,1.3870287443557585
29.229532986241416,,2024-10-18T17:15:00Z,3,0,3,0,3,3,1,0,0,3,525.2878246897864,,,,,,,,38.68552393293386,554.4898091325997,4.200000286102295,PS_034,,,1.8857967211817206
29.29696056095104,,2024-10-18T17:30:00Z,4,0,4,0,4,4,1,0,0,4,427.21997315033445,,,,,,,,40.866920982883826,442.68636727638216,4.200000286102295,PS_034,,,3.1983674130134623
30.170184107292492,,2024-10-18T17:45:00Z,4,0,4,0,4,4,1,0,0,4,915.9973161389934,,,,,,,,45.742796030757496,1093.9782879367901,4.200000286102295,PS_034,,,3.5425703067141634
29.523250335229115,,2024-10-18T18:00:00Z,3,0,3,0,3,3,1,0,0,3,346.7780592615367,,,,,,,,45.49421043646515,394.4713390866032,4.200000286102295,PS_034,,,1.556039875601732
29.582605579887197,,2024-10-18T18:15:00Z,4,0,4,0,4,4,1,0,0,4,357.0258846481087,,,,,,,,40.71681163338365,463.47866156274205,4.200000286102295,PS_034,,,2.829215423305249
30.216302408352668,,2024-10-18T18:30:00Z,4,0,4,0,4,4,1,0,0,4,351.09311134604565,,,,,,,,46.01784380294682,507.6687683699885,4.200000286102295,PS_034,,,2.638903882049478
29.48386062176267,,2024-10-18T18:45:00Z,4,0,4,0,4,4,1,0,0,4,250.3259081508047,,,,,,,,37.67489365653016,272.06688146355816,4.200000286102295,PS_034,,,3.0381625581368517
29.135374437512503,,2024-10-18T19:00:00Z,3,0,3,0,3,3,1,0,0,3,207.06213224738983,,,,,,,,33.86797718608811,225.5766814201861,4.200000286102295,PS_034,,,2.728616731393172
29.17828753577361,,2024-10-18T19:15:00Z,4,0,4,0,4,4,1,0,0,4,181.5073879743281,,,,,,,,32.96010098904675,187.82082093864474,4.200000286102295,PS_034,,,3.3568605004929752
29.145229914257474,,2024-10-18T19:30:00Z,4,0,4,0,4,4,1,0,0,4,141.31801856462752,,,,,,,,32.228260442210974,135.44392635250742,4.200000286102295,PS_034,,,2.7132480198909823
29.03937358682105,,2024-10-18T19:45:00Z,3,0,3,0,3,3,1,0,0,3,86.64956996744415,,,,,,,,30.419170780865866,94.63876807463205,4.200000286102295,PS_034,,,2.6507239343255065
28.929532632812002,,2024-10-18T20:00:00Z,4,0,4,0,4,4,1,0,0,4,94.33388544214377,,,,,,,,29.8965795337147,107.25540761693189,4.200000286102295,PS_034,,,2.799378129650111
28.829472700578357,,2024-10-18T20:15:00Z,4,0,4,0,4,4,1,0,0,4,91.03634087468433,,,,,,,,29.637596961114994,105.50762356432523,4.200000286102295,PS_034,,,2.4068675231225165
28.617868801791143,,2024-10-18T20:30:00Z,4,0,4,0,4,4,1,0,0,4,72.91610427310698,,,,,,,,29.144888499344592,81.6984150356873,4.200000286102295,PS_034,,,2.1473040247163415
28.45623967095988,,2024-10-18T20:45:00Z,3,0,3,0,3,3,1,0,0,3,54.938046728458296,,,,,,,,28.609088743720495,60.8096208735623,4.200000286102295,PS_034,,,1.4240305830978741
28.17061266608893,,2024-10-18T21:00:00Z,4,0,4,0,4,4,1,0,0,4,35.39740000415823,,,,,,,,28.06848343999002,40.59862016130795,4.200000286102295,PS_034,,,1.60285985634798
27.7562969830584,,2024-10-18T21:15:00Z,4,0,4,0,4,4,1,0,0,4,11.149718360703412,,,,,,,,27.14997794804692,11.723409781203666,4.200000286102295,PS_034,,,1.341419172969934
27.317817645693584,,2024-10-18T21:30:00Z,4,0,4,0,4,4,1,0,0,4,0.024204722152455217,,,,,,,,26.253068833458713,-0.31913377897194023,4.200000286102295,PS_034,,,1.3896599300269838
27.382125721529423,,2024-10-18T21:45:00Z,3,0,3,0,3,3,1,0,0,3,0.0,,,,,,,,26.133500867118837,-0.7627386650167304,4.200000286102295,PS_034,,,1.6553293972821344
27.03404572395782,,2024-10-18T22:00:00Z,4,0,4,0,4,4,1,0,0,4,0.0,,,,,,,,25.94626940752037,-0.762519910316005,4.200000286102295,PS_034,,,1.878788192719976
26.840555088503113,,2024-10-18T22:15:00Z,4,0,4,0,4,4,1,0,0,4,0.0,,,,,,,,25.7841130480402,-0.6179280405840564,4.200000286102295,PS_034,,,1.6652149060677668
26.70070181770153,,2024-10-18T22:30:00Z,3,0,3,0,3,3,1,0,0,3,0.0,,,,,,,,25.682935199279214,-0.5746657039600757,4.200000286102295,PS_034,,,1.354604931086311
26.32327592888442,,2024-10-18T22:45:00Z,4,0,4,0,4,4,1,0,0,4,0.0,,,,,,,,25.38232956224303,-0.5926555491887261,4.200000286102295,PS_034,,,1.6311644930711078
25.97555563685127,,2024-10-18T23:00:00Z,4,0,4,0,4,4,1,0,0,4,0.0,,,,,,,,24.898107869767028,-0.6439207437305918,4.200000286102295,PS_034,,,1.3404797099974435
25.74552201120259,,2024-10-18T23:15:00Z,4,0,4,0,4,4,1,0,0,4,0.0,,,,,,,,24.730052513151133,-0.6007902409671844,4.200000286102295,PS_034,,,2.0874626355224772
25.650293010677277,,2024-10-18T23:30:00Z,3,0,3,0,3,3,1,0,0,3,0.0,,,,,,,,24.64090498008092,-0.5787125188598129,4.200000286102295,PS_034,,,1.5668625183344875
25.421922349356898,,2024-10-18T23:45:00Z,4,0,4,0,4,4,1,0,0,4,0.0,,,,,,,,24.519759244849425,-0.5254948531789521,4.200000286102295,PS_034,,,1.9947205438931264
25.44716011499239,,2024-10-19T00:00:00Z,4,0,4,0,4,4,1,0,0,4,0.0,,,,,,,,24.510997843335943,-0.5031828405277304,4.200000286102295,PS_034,,,1.5828410086227254
25.372454122019793,,2024-10-19T00:15:00Z,3,0,3,0,3,3,1,0,0,3,0.0,,,,,,,,24.481716132308215,-0.5077339269421063,4.200000286102295,PS_034,,,1.7923378752485972
25.318502915114358,,2024-10-19T00:30:00Z,4,0,4,0,4,4,1,0,0,4,0.0,,,,,,,,24.473939114462556,-0.5260398908892213,4.200000286102295,PS_034,,,1.7148661638426022
25.359999524865295,,2024-10-19T00:45:00Z,4,0,4,0,4,4,1,0,0,4,0.0,,,,,,,,24.488895898028314,-0.44512045573522685,4.200000286102295,PS_034,,,1.7282868937458968
25.452572725323456,,2024-10-19T01:00:00Z,4,0,4,0,4,4,1,0,0,4,0.0,,,,,,,,24.492737616270993,-0.4859812593890611,4.200000286102295,PS_034,,,1.0115772214310443
25.214122906132346,,2024-10-19T01:15:00Z,3,0,3,0,3,3,1,0,0,3,0.0,,,,,,,,24.314682015326248,-0.5346687245877403,4.200000286102295,PS_034,,,1.93614258037936
24.743881016846494,,2024-10-19T01:30:00Z,4,0,4,0,4,4,1,0,0,4,0.0,,,,,,,,22.963093508784038,-3.004300816678546,4.200000286102295,PS_034,,,1.738584631137131
24.608826286597104,,2024-10-19T01:45:00Z,4,0,4,0,4,4,1,0,0,4,0.0,,,,,,,,22.565233465579883,-2.831170585276661,4.200000286102295,PS_034,,,1.2600177281529277
23.995793513368234,,2024-10-19T02:00:00Z,3,0,3,0,3,3,1,0,0,3,0.0,,,,,,,,22.351885232324747,-2.3169203695404756,4.200000286102295,PS_034,,,1.4842568998852368
24.204512370433424,,2024-10-19T02:15:00Z,4,0,4,0,4,4,1,0,0,4,0.0,,,,,,,,22.27971935280914,-1.2416998661289018,4.200000286102295,PS_034,,,0.9078752298043556
24.32766286431163,,2024-10-19T02:30:00Z,4,0,4,0,4,4,1,0,0,4,0.0,,,,,,,,22.280843101682578,-0.36311529077581967,4.200000286102295,PS_034,,,1.0554410463742525
24.119695535119494,,2024-10-19T02:45:00Z,4,0,4,0,4,4,1,0,0,4,0.0,,,,,,,,22.588662218354198,-0.46750797261656674,4.200000286102295,PS_034,,,1.695958814156292
24.113519755468136,,2024-10-19T03:00:00Z,3,0,3,0,3,3,1,0,0,3,0.0,,,,,,,,23.03594208127057,-0.25454737021226576,4.200000286102295,PS_034,,,1.2579837826460165
24.192508847685872,,2024-10-19T03:15:00Z,4,0,4,0,4,4,1,0,0,4,0.0,,,,,,,,23.224505635404995,-0.41439027889248886,4.200000286102295,PS_034,,,1.1848695922276957
24.186217054579657,,2024-10-19T03:30:00Z,4,0,4,0,4,4,1,0,0,4,0.0,,,,,,,,23.200207096321527,-0.21459917195050496,4.200000286102295,PS_034,,,0.3680787102649095
23.7658656281848,,2024-10-19T03:45:00Z,3,0,3,0,3,3,1,0,0,3,0.0,,,,,,,,23.111237344724998,-0.1848919315826234,4.200000286102295,PS_034,,,2.327478638404436
22.98311193929065,,2024-10-19T04:00:00Z,4,0,4,0,4,4,1,0,0,4,0.025434577075413908,,,,,,,,22.093375280502546,-1.0465262035091585,4.200000286102295,PS_034,,,1.4985778104958904
22.74234983088106,,2024-10-19T04:15:00Z,4,0,4,0,4,4,1,0,0,4,0.0,,,,,,,,21.56597421838889,-0.7450735169108864,4.200000286102295,PS_034,,,0.2746689236749933
22.783879523476287,,2024-10-19T04:30:00Z,4,0,4,0,4,4,1,0,0,4,0.0,,,,,,,,21.6178016242285,-1.0256081988514136,4.200000286102295,PS_034,,,1.0332697326553197
22.955470215626217,,2024-10-19T04:45:00Z,3,0,3,0,3,3,1,0,0,3,0.0,,,,,,,,21.599777231354455,-1.304199419239201,4.200000286102295,PS_034,,,0.8420084165577262
22.635493919121497,,2024-10-19T05:00:00Z,4,0,4,0,4,4,1,0,0,4,0.0,,,,,,,,21.268566148068757,-0.662006432410201,4.200000286102295,PS_034,,,1.9752390721812765
22.912189119982994,,2024-10-19T05:15:00Z,4,0,4,0,4,4,1,0,0,4,0.0,,,,,,,,21.435292944059565,-0.4635748624240727,4.200000286102295,PS_034,,,1.2979502449084854
22.956543479076707,,2024-10-19T05:30:00Z,3,0,3,0,3,3,1,0,0,3,0.0,,,,,,,,21.501617437863967,-0.6701145504661867,4.200000286102295,PS_034,,,0.9501521425742029
22.6421105036269,,2024-10-19T05:45:00Z,4,0,4,0,4,4,1,0,0,4,0.0,,,,,,,,21.37553653102124,-0.47646904589935046,4.200000286102295,PS_034,,,1.3903342987714715
22.511355828897997,,2024-10-19T06:00:00Z,4,0,4,0,4,4,1,0,0,4,0.0,,,,,,,,21.523404128919697,0.0021148871367869517,4.200000286102295,PS_034,,,2.395032431338044
22.612705419044413,,2024-10-19T06:15:00Z,4,0,4,0,4,4,1,0,0,4,0.0,,,,,,,,21.902563902203138,0.13285864983443568,4.200000286102295,PS_034,,,2.239193901604966
22.90440035387128,,2024-10-19T06:30:00Z,3,0,3,0,3,3,1,0,0,3,0.0,,,,,,,,22.338415638864387,0.28084423992062374,4.200000286102295,PS_034,,,2.789197565206271
22.55136576365298,,2024-10-19T06:45:00Z,4,0,4,0,4,4,1,0,0,4,0.0,,,,,,,,22.20357376266835,0.08307079714137283,4.200000286102295,PS_034,,,2.9107916405459306
22.709431603743663,,2024-10-19T07:00:00Z,4,0,4,0,4,4,1,0,0,4,0.0,,,,,,,,22.12343551822633,0.11122475495020448,4.200000286102295,PS_034,,,1.6011297273242393
22.301132057325937,,2024-10-19T07:15:00Z,3,0,3,0,3,3,1,0,0,3,0.0,,,,,,,,21.9400591439001,-0.033421220749341854,4.200000286102295,PS_034,,,2.1159175312882255
22.16810131943642,,2024-10-19T07:30:00Z,4,0,4,0,4,4,1,0,0,4,0.0,,,,,,,,21.401244191040654,-0.4128303717594166,4.200000286102295,PS_034,,,0.7418741622306636
22.221238141666767,,2024-10-19T07:45:00Z,4,0,4,0,4,4,1,0,0,4,0.0,,,,,,,,20.761727194947994,-0.39729813022518323,4.200000286102295,PS_034,,,0.3274284015894027
22.02372575879842,,2024-10-19T08:00:00Z,4,0,4,0,4,4,1,0,0,4,0.0,,,,,,,,20.44406549296561,-0.3800020508977917,4.200000286102295,PS_034,,,0.47064880740061144
21.880565699552864,,2024-10-19T08:15:00Z,3,0,3,0,3,3,1,0,0,3,0.0,,,,,,,,20.425136642486425,-0.24768342912015412,4.200000286102295,PS_034,,,0.261282727459059
21.916115393619812,,2024-10-19T08:30:00Z,4,0,4,0,4,4,1,0,0,4,0.0023004353164612855,,,,,,,,20.44616911126504,-0.060038309456831564,4.200000286102295,PS_034,,,0.26124083632497663
21.967517870427876,,2024-10-19T08:45:00Z,4,0,4,0,4,4,1,0,0,4,2.061900189308152,,,,,,,,20.40649714242283,2.6122068591049334,4.200000286102295,PS_034,,,0.26269371694274163
21.952826421654606,,2024-10-19T09:00:00Z,3,0,3,0,3,3,1,0,0,3,13.7672917044118,,,,,,,,20.57514711301314,15.528029985130312,4.200000286102295,PS_034,,,0.7306235852246984
22.16631787234978,,2024-10-19T09:15:00Z,4,0,4,0,4,4,1,0,0,4,39.59515365887793,,,,,,,,21.268654640797216,47.15858219252304,4.200000286102295,PS_034,,,1.0367509438412312
22.68933778239576,,2024-10-19T09:30:00Z,4,0,4,0,4,4,1,0,0,4,89.39936191377959,,,,,,,,22.971342741573945,124.03285178841828,4.200000286102295,PS_034,,,1.1434049149298935
23.193440553785326,,2024-10-19T09:45:00Z,4,0,4,0,4,4,1,0,0,4,133.0491908439817,,,,,,,,25.609380410621075,185.52301276403009,4.200000286102295,PS_034,,,0.784723292487666
23.2386695751568,,2024-10-19T10:00:00Z,3,0,3,0,3,3,1,0,0,3,126.87214386125451,,,,,,,,27.233502821802624,159.97543583678245,4.200000286102295,PS_034,,,1.3375392109986783
23.062799995380697,,2024-10-19T10:15:00Z,4,0,4,0,4,4,1,0,0,4,123.90196123989688,,,,,,,,25.656094149550427,134.05870621104035,4.200000286102295,PS_034,,,1.5332883637590353
23.349766296802862,,2024-10-19T10:30:00Z,4,0,4,0,4,4,1,0,0,4,124.63713578700822,,,,,,,,26.370329234620353,118.84383054510359,4.200000286102295,PS_034,,,1.4047151815792898
23.48411838790889,,2024-10-19T10:45:00Z,4,0,4,0,4,4,1,0,0,4,104.9663173377532,,,,,,,,26.516166555365526,74.74887752533154,4.200000286102295,PS_034,,,1.2711692052692642
23.74037284381663,,2024-10-19T11:00:00Z,3,0,3,0,3,3,1,0,0,3,132.07861886019822,,,,,,,,26.742941359532157,101.22561375279324,4.200000286102295,PS_034,,,0.9814237778018364
23.87297147480521,,2024-10-19T11:15:00Z,4,0,4,0,4,4,1,0,0,4,115.71892197133536,,,,,,,,27.27182211780201,93.27531013914319,4.200000286102295,PS_034,,,1.0933237385261356
24.181432136634402,,2024-10-19T11:30:00Z,4,0,4,0,4,4,1,0,0,4,210.14076591969373,,,,,,,,27.807868216327943,167.73426528839235,4.200000286102295,PS_034,,,1.6828611906308044
24.595852946711446,,2024-10-19T11:45:00Z,3,0,3,0,3,3,1,0,0,3,315.1009378133105,,,,,,,,31.295149577684473,308.4561549673561,4.200000286102295,PS_034,,,2.3662763649345204
25.70193912305471,,2024-10-19T12:00:00Z,4,0,4,0,4,4,1,0,0,4,722.3374234630155,,,,,,,,35.979587136296274,849.6526075120851,4.200000286102295,PS_034,,,3.1217884054895104
28.028276967320238,,2024-10-19T12:15:00Z,4,0,4,0,4,4,1,0,0,4,921.0552909305648,,,,,,,,48.95027983401174,1118.9980308637341,4.200000286102295,PS_034,,,5.563120375394847
28.795862690323855,,2024-10-19T12:30:00Z,4,0,4,0,4,4,1,0,0,4,826.553080930328,,,,,,,,48.39745442939594,968.9976923883377,4.200000286102295,PS_034,,,5.276939121404196
27.890004208486445,,2024-10-19T12:45:00Z,3,0,3,0,3,3,1,0,0,3,534.6812388174039,,,,,,,,41.73381402738996,577.2994833960047,4.200000286102295,PS_034,,,5.393919852916077
27.85292789407892,,2024-10-19T13:00:00Z,4,0,4,0,4,4,1,0,0,4,605.7294764754935,,,,,,,,38.961702675720694,643.2692491963238,4.200000286102295,PS_034,,,5.401703658445436
27.96664925507236,,2024-10-19T13:15:00Z,4,0,4,0,4,4,1,0,0,4,430.8737016438901,,,,,,,,38.992507783404974,502.42638544236746,4.200000286102295,PS_034,,,4.635249851174003
28.33323877246431,,2024-10-19T13:30:00Z,3,0,3,0,3,3,1,0,0,3,509.48177420514014,,,,,,,,42.12114985651622,538.6651045642527,4.200000286102295,PS_034,,,4.834658786218852
28.11662336939068,,2024-10-19T13:45:00Z,4,0,4,0,4,4,1,0,0,4,437.6337903905255,,,,,,,,38.38845166313166,459.27377915581144,4.200000286102295,PS_034,,,4.214859491976105
28.8950964076322,,2024-10-19T14:00:00Z,4,0,4,0,4,4,1,0,0,4,516.278157677943,,,,,,,,42.418412169495795,520.1159354935055,4.200000286102295,PS_034,,,4.025820304656044
29.269717640169304,,2024-10-19T14:15:00Z,4,0,4,0,4,4,1,0,0,4,941.7905437732471,,,,,,,,42.86958960002395,908.1364764228881,4.200000286102295,PS_034,,,5.054477520374134
30.401739897391305,,2024-10-19T14:30:00Z,3,0,3,0,3,3,1,0,0,3,827.0074534255314,,,,,,,,47.12561660581057,832.207944714517,4.200000286102295,PS_034,,,3.6801820623643486
30.248591780649726,,2024-10-19T14:45:00Z,4,0,4,0,4,4,1,0,0,4,712.2032175400517,,,,,,,,45.50811428501627,724.9905939645558,4.200000286102295,PS_034,,,4.097589179808293
29.934423708109446,,2024-10-19T15:00:00Z,4,0,4,0,4,4,1,0,0,4,510.81484333119295,,,,,,,,42.284189685515756,534.2978841768074,4.200000286102295,PS_034,,,4.4477376120631655
29.77194921683135,,2024-10-19T15:15:00Z,3,0,3,0,3,3,1,0,0,3,427.4899828395329,,,,,,,,40.103093486428605,448.34349874816604,4.200000286102295,PS_034,,,2.386484904483272
29.532524134279228,,2024-10-19T15:30:00Z,4,0,4,0,4,4,1,0,0,4,479.5042294300175,,,,,,,,38.264610928668674,503.0649810079563,4.200000286102295,PS_034,,,4.61787504100585
29.53788861765838,,2024-10-19T15:45:00Z,4,0,4,0,4,4,1,0,0,4,435.59777576434385,,,,,,,,37.43466442144067,446.8727475565692,4.200000286102295,PS_034,,,4.6120756748384855
29.62943148830633,,2024-10-19T16:00:00Z,4,0,4,0,4,4,1,0,0,4,383.71271335948876,,,,,,,,36.826937023654374,389.236280801772,4.200000286102295,PS_034,,,3.909139019810207
30.103709502381907,,2024-10-19T16:15:00Z,3,0,3,0,3,3,1,0,0,3,778.8154034180561,,,,,,,,38.99724754209843,765.6999146779276,4.200000286102295,PS_034,,,2.2708084791372563
30.065526271806096,,2024-10-19T16:30:00Z,4,0,4,0,4,4,1,0,0,4,350.56330118495225,,,,,,,,40.087950915704326,361.35923962876115,4.200000286102295,PS_034,,,2.5281868994871424
30.010741448769096,,2024-10-19T16:45:00Z,4,0,4,0,4,4,1,0,0,4,365.5832294336688,,,,,,,,37.83304874607619,377.98029515514287,4.200000286102295,PS_034,,,2.0698136314272504
30.683404628090308,,2024-10-19T17:00:00Z,3,0,3,0,3,3,1,0,0,3,559.7625272707638,,,,,,,,39.52156498453238,598.3901712964552,4.200000286102295,PS_034,,,3.362289810750233
30.64107236546794,,2024-10-19T17:15:00Z,4,0,4,0,4,4,1,0,0,4,503.4886252214299,,,,,,,,46.386065943444486,548.9198847105073,4.200000286102295,PS_034,,,1.8722134210125214
30.47304934679401,,2024-10-19T17:30:00Z,4,0,4,0,4,4,1,0,0,4,374.75802870321684,,,,,,,,41.553133661184816,361.0489249176361,4.200000286102295,PS_034,,,2.080475599632154
30.07021448196492,,2024-10-19T17:45:00Z,4,0,4,0,4,4,1,0,0,4,250.07449391732376,,,,,,,,38.274668740952286,217.70333561787055,4.200000286102295,PS_034,,,2.273587558248868
30.233085603774484,,2024-10-19T18:00:00Z,3,0,3,0,3,3,1,0,0,3,177.86364759646455,,,,,,,,36.301469586885055,146.21812335784787,4.200000286102295,PS_034,,,0.6329145545560695
30.12258926834056,,2024-10-19T18:15:00Z,4,0,4,0,4,4,1,0,0,4,147.71137811827356,,,,,,,,34.36583683918919,111.05770700097742,4.200000286102295,PS_034,,,1.5506357516925295
29.910336738304544,,2024-10-19T18:30:00Z,4,0,4,0,4,4,1,0,0,4,166.3842525714026,,,,,,,,33.22065027110818,125.2120867927972,4.200000286102295,PS_034,,,1.1050543157603354
30.01289887458698,,2024-10-19T18:45:00Z,3,0,3,0,3,3,1,0,0,3,212.78020255150392,,,,,,,,33.7150326882894,152.29534954491595,4.200000286102295,PS_034,,,1.6024276518415619
29.896715990731057,,2024-10-19T19:00:00Z,4,0,4,0,4,4,1,0,0,4,127.88716978325682,,,,,,,,33.15979104280929,77.92990693791305,4.200000286102295,PS_034,,,1.1742074546278205
27.484956324804713,,2024-10-19T19:15:00Z,4,0,4,0,4,4,1,0,0,4,38.655639872819236,,,,,,,,29.447607994044834,24.421134321465686,4.200000286102295,PS_034,,,4.414210814587402
25.36053199411219,,2024-10-19T19:30:00Z,4,0,4,0,4,4,1,0,0,4,19.88620601554017,,,,,,,,26.233949895726486,13.171364807339677,4.200000286102295,PS_034,,,3.4517312687953847
23.96393175157077,,2024-10-19T19:45:00Z,3,0,3,0,3,3,1,0,0,3,14.447773609558366,,,,,,,,24.289931195497154,12.470321845240234,4.200000286102295,PS_034,,,5.136701112631608
23.608693623126555,,2024-10-19T20:00:00Z,4,0,4,0,4,4,1,0,0,4,40.84501371023669,,,,,,,,22.949144412800834,39.75535055355999,4.200000286102295,PS_034,,,7.508063228854167
23.173404058229785,,2024-10-19T20:15:00Z,4,0,4,0,4,4,1,0,0,4,50.01849587661694,,,,,,,,22.761604417988924,52.424300138122014,4.200000286102295,PS_034,,,7.222640262669425
23.01219758621073,,2024-10-19T20:30:00Z,3,0,3,0,3,3,1,0,0,3,46.54397177352738,,,,,,,,23.14086672291837,47.3625762413348,4.200000286102295,PS_034,,,5.037516514714176
22.593724940938863,,2024-10-19T20:45:00Z,4,0,4,0,4,4,1,0,0,4,22.656937192299516,,,,,,,,22.78698811777934,23.76331852238576,4.200000286102295,PS_034,,,5.1063654158843015
21.939493282405163,,2024-10-19T21:00:00Z,4,0,4,0,4,4,1,0,0,4,12.834147690128685,,,,,,,,22.06893436440692,13.626656841150803,4.200000286102295,PS_034,,,6.142230990589676
21.28416572055036,,2024-10-19T21:15:00Z,4,0,4,0,4,4,1,0,0,4,3.9553285880239493,,,,,,,,21.208862115394325,4.0172299653364005,4.200000286102295,PS_034,,,5.745728295863253
20.850805516354033,,2024-10-19T21:30:00Z,3,0,3,0,3,3,1,0,0,3,0.2927061442244369,,,,,,,,20.69261028868099,0.22316806227255567,4.200000286102295,PS_034,,,3.765649132462467
20.848940003046756,,2024-10-19T21:45:00Z,4,0,4,0,4,4,1,0,0,4,0.0,,,,,,,,20.681580409641168,-0.15875791553824856,4.200000286102295,PS_034,,,4.988440956446251
20.79732948664771,,2024-10-19T22:00:00Z,4,0,4,0,4,4,1,0,0,4,0.0,,,,,,,,20.6093589904213,-0.17971614467256605,4.200000286102295,PS_034,,,4.758332206490958
20.75136344845344,,2024-10-19T22:15:00Z,3,0,3,0,3,3,1,0,0,3,0.0,,,,,,,,20.548872091346222,-0.19607812223333548,4.200000286102295,PS_034,,,4.472151732405314
20.72633029457533,,2024-10-19T22:30:00Z,4,0,4,0,4,4,1,0,0,4,0.0,,,,,,,,20.49538396393557,-0.09572680021388584,4.200000286102295,PS_034,,,5.5145604276227544
20.53703794250157,,2024-10-19T22:45:00Z,4,0,4,0,4,4,1,0,0,4,0.0,,,,,,,,20.393207195477725,-0.04287564215536628,4.200000286102295,PS_034,,,4.779589640845922
20.380379668518586,,2024-10-19T23:00:00Z,4,0,4,0,4,4,1,0,0,4,0.0,,,,,,,,20.2109657141114,-0.056825292496882666,4.200000286102295,PS_034,,,4.6014219523245785
20.39853906682056,,2024-10-19T23:15:00Z,3,0,3,0,3,3,1,0,0,3,0.0,,,,,,,,20.276620803548656,-0.0014687382693342646,4.200000286102295,PS_034,,,3.711508606115214
20.393322561014667,,2024-10-19T23:30:00Z,4,0,4,0,4,4,1,0,0,4,0.0,,,,,,,,20.27361718432442,-0.0013241270232735628,4.200000286102295,PS_034,,,4.35812685017298
20.310866137572543,,2024-10-19T23:45:00Z,4,0,4,0,4,4,1,0,0,4,0.0,,,,,,,,19.996103261075444,-0.33583562068691103,4.200000286102295,PS_034,,,4.404384811319313
20.296166431755214,,2024-10-20T00:00:00Z,4,0,4,0,4,4,1,0,0,4,0.0,,,,,,,,19.843258376235884,-0.5471615005533739,4.200000286102295,PS_034,,,3.8789485422904275
20.278721115762846,,2024-10-20T00:15:00Z,3,0,3,0,3,3,1,0,0,3,0.0,,,,,,,,19.839038259285292,-0.5160188372060909,4.200000286102295,PS_034,,,4.013060454416833
20.167713568989065,,2024-10-20T00:30:00Z,4,0,4,0,4,4,1,0,0,4,0.0,,,,,,,,19.774399506201704,-0.24841941294428432,4.200000286102295,PS_034,,,2.471333777267689
20.069459279166878,,2024-10-20T00:45:00Z,4,0,4,0,4,4,1,0,0,4,0.0,,,,,,,,19.805750002440817,0.10756287303158811,4.200000286102295,PS_034,,,2.872771500345218
20.045661254508275,,2024-10-20T01:00:00Z,3,0,3,0,3,3,1,0,0,3,0.0,,,,,,,,19.852742763674843,0.06361737297828401,4.200000286102295,PS_034,,,3.1952513260476176
20.069625117484758,,2024-10-20T01:15:00Z,4,0,4,0,4,4,1,0,0,4,0.0,,,,,,,,19.88397700835947,-0.040819410493610195,4.200000286102295,PS_034,,,4.091302273127556
20.018485369837336,,2024-10-20T01:30:00Z,4,0,4,0,4,4,1,0,0,4,0.0,,,,,,,,19.795791623518962,0.11413331439581101,4.200000286102295,PS_034,,,5.361020494853141
19.938905330069975,,2024-10-20T01:45:00Z,4,0,4,0,4,4,1,0,0,4,0.0,,,,,,,,19.689167982787787,0.08166970562019656,4.200000286102295,PS_034,,,4.249790597153422
19.860325160032435,,2024-10-20T02:00:00Z,3,0,3,0,3,3,1,0,0,3,0.0,,,,,,,,19.594490970580253,-0.06906058068218135,4.200000286102295,PS_034,,,4.261982604036862
19.83415267288642,,2024-10-20T02:15:00Z,4,0,4,0,4,4,1,0,0,4,0.0,,,,,,,,19.56572699131279,-0.06315252267183752,4.200000286102295,PS_034,,,3.5314019108071406
19.85706196528058,,2024-10-20T02:30:00Z,4,0,4,0,4,4,1,0,0,4,0.0,,,,,,,,19.62520615144563,-0.006204458896918203,4.200000286102295,PS_034,,,2.8357533881282095
19.9133283310999,,2024-10-20T02:45:00Z,3,0,3,0,3,3,1,0,0,3,0.0,,,,,,,,19.649081055162505,0.024604130630229447,4.200000286102295,PS_034,,,3.6577602521258177
19.912853954374246,,2024-10-20T03:00:00Z,4,0,4,0,4,4,1,0,0,4,0.0,,,,,,,,19.565441546878997,-0.015980398793889954,4.200000286102295,PS_034,,,3.5889439840330564
19.89086315435088,,2024-10-20T03:15:00Z,4,0,4,0,4,4,1,0,0,4,0.0,,,,,,,,19.486090517005564,-0.08522030575106547,4.200000286102295,PS_034,,,2.8895738648240004
19.84026067167164,,2024-10-20T03:30:00Z,4,0,4,0,4,4,1,0,0,4,0.0,,,,,,,,19.422544446363908,-0.0459680755286008,4.200000286102295,PS_034,,,3.1877322792657434
19.689142704850966,,2024-10-20T03:45:00Z,3,0,3,0,3,3,1,0,0,3,0.0,,,,,,,,19.276377904936275,-0.05381925229666485,4.200000286102295,PS_034,,,3.8659067632908486
19.693159418320064,,2024-10-20T04:00:00Z,4,0,4,0,4,4,1,0,0,4,0.0,,,,,,,,19.312868451760902,0.006086481233337359,4.200000286102295,PS_034,,,3.410602497464848
19.63215196098876,,2024-10-20T04:15:00Z,4,0,4,0,4,4,1,0,0,4,0.0,,,,,,,,19.236338339916024,-0.04819629920629931,4.200000286102295,PS_034,,,3.7944130078739096
19.631703841483397,,2024-10-20T04:30:00Z,3,0,3,0,3,3,1,0,0,3,0.0,,,,,,,,19.239919641198846,-0.1905355984975901,4.200000286102295,PS_034,,,3.2745871816720746
19.554352653242486,,2024-10-20T04:45:00Z,4,0,4,0,4,4,1,0,0,4,0.0,,,,,,,,19.232470994719037,0.037763158155984244,4.200000286102295,PS_034,,,4.096494598554633
19.42949353656436,,2024-10-20T05:00:00Z,4,0,4,0,4,4,1,0,0,4,0.0,,,,,,,,19.130693459086654,-0.00805691818909827,4.200000286102295,PS_034,,,3.2231940952235645
19.408243404531742,,2024-10-20T05:15:00Z,4,0,4,0,4,4,1,0,0,4,0.0,,,,,,,,19.128028728353733,0.004989198640604118,4.200000286102295,PS_034,,,3.1477271869504593
19.391585761446652,,2024-10-20T05:30:00Z,3,0,3,0,3,3,1,0,0,3,0.0,,,,,,,,19.087489734054927,0.014483000966408045,4.200000286102295,PS_034,,,4.330730699536599
19.393744878703117,,2024-10-20T05:45:00Z,4,0,4,0,4,4,1,0,0,4,0.0,,,,,,,,19.10626799914123,0.01735544426850123,4.200000286102295,PS_034,,,3.3570255059656207
19.37951150117473,,2024-10-20T06:00:00Z,4,0,4,0,4,4,1,0,0,4,0.0,,,,,,,,19.078549755961514,0.02166912351624867,4.200000286102295,PS_034,,,3.5192219592323224
19.363725579772588,,2024-10-20T06:15:00Z,3,0,3,0,3,3,1,0,0,3,0.0,,,,,,,,19.073539917542853,-0.09383943440243135,4.200000286102295,PS_034,,,4.196973085334441
19.45904708845399,,2024-10-20T06:30:00Z,4,0,4,0,4,4,1,0,0,4,0.0,,,,,,,,19.18709188615815,-0.01535621979490187,4.200000286102295,PS_034,,,4.387305747161992
19.54676040771109,,2024-10-20T06:45:00Z,4,0,4,0,4,4,1,0,0,4,0.0,,,,,,,,19.25209180084318,-0.0580420210430692,4.200000286102295,PS_034,,,3.724639448353978
19.586257365741517,,2024-10-20T07:00:00Z,4,0,4,0,4,4,1,0,0,4,0.0,,,,,,,,19.333785486280323,-0.10433652942834816,4.200000286102295,PS_034,,,3.333012196044418
19.62483667975887,,2024-10-20T07:15:00Z,3,0,3,0,3,3,1,0,0,3,0.0,,,,,,,,19.387989475896017,0.019649991361665477,4.200000286102295,PS_034,,,3.1341084227544567
19.673295473884522,,2024-10-20T07:30:00Z,4,0,4,0,4,4,1,0,0,4,0.0,,,,,,,,19.415267892948208,-0.0485522821764575,4.200000286102295,PS_034,,,4.588572063849427
19.685971431862026,,2024-10-20T07:45:00Z,4,0,4,0,4,4,1,0,0,4,0.0,,,,,,,,19.448205377419203,-0.10877912737032444,4.200000286102295,PS_034,,,3.5373952882312656
19.708949400787823,,2024-10-20T08:00:00Z,3,0,3,0,3,3,1,0,0,3,0.0,,,,,,,,19.496979715443953,-0.029467752748810194,4.200000286102295,PS_034,,,3.9064604254806086
19.742056472783073,,2024-10-20T08:15:00Z,4,0,4,0,4,4,1,0,0,4,0.0,,,,,,,,19.536000977454457,-0.04330720836870806,4.200000286102295,PS_034,,,3.6071862652070736
19.822052493189847,,2024-10-20T08:30:00Z,4,0,4,0,4,4,1,0,0,4,0.0,,,,,,,,19.639923816608633,0.05700659856030475,4.200000286102295,PS_034,,,3.4866870640404244
19.89512710871326,,2024-10-20T08:45:00Z,4,0,4,0,4,4,1,0,0,4,0.7897964640318945,,,,,,,,19.711960040744565,1.3783188381908773,4.200000286102295,PS_034,,,4.06026815623787
19.93541834455405,,2024-10-20T09:00:00Z,3,0,3,0,3,3,1,0,0,3,5.961689276124205,,,,,,,,19.743411572483474,6.828649845189337,4.200000286102295,PS_034,,,3.475304218507466
19.99666511272221,,2024-10-20T09:15:00Z,4,0,4,0,4,4,1,0,0,4,14.259039947007613,,,,,,,,19.92796955562787,15.371369429451907,4.200000286102295,PS_034,,,3.794052452128306
20.076835450905048,,2024-10-20T09:30:00Z,4,0,4,0,4,4,1,0,0,4,17.678190457436564,,,,,,,,20.132956366517796,18.31272490129399,4.200000286102295,PS_034,,,3.1944582973658426
20.142127666004974,,2024-10-20T09:45:00Z,3,0,3,0,3,3,1,0,0,3,41.47361371599816,,,,,,,,20.411462873948963,42.08363709512556,4.200000286102295,PS_034,,,3.3406056193695863
20.269585614666536,,2024-10-20T10:00:00Z,4,0,4,0,4,4,1,0,0,4,49.033440712342966,,,,,,,,20.787533273551272,47.50995804631474,4.200000286102295,PS_034,,,3.3464776047402722
20.4214253220659,,2024-10-20T10:15:00Z,4,0,4,0,4,4,1,0,0,4,58.88235382421592,,,,,,,,20.985868021390036,53.056886068892226,4.200000286102295,PS_034,,,3.345683209795117
20.621818223201803,,2024-10-20T10:30:00Z,4,0,4,0,4,4,1,0,0,4,76.19720225369213,,,,,,,,21.490177479464894,60.41898491650976,4.200000286102295,PS_034,,,2.178001941570973
20.77484038365409,,2024-10-20T10:45:00Z,3,0,3,0,3,3,1,0,0,3,86.83770008881586,,,,,,,,21.869072243794584,63.790986810614505,4.200000286102295,PS_034,,,4.12868744015548
21.034029277098384,,2024-10-20T11:00:00Z,4,0,4,0,4,4,1,0,0,4,114.95798017140824,,,,,,,,23.225750675284832,83.00405976478183,4.200000286102295,PS_034,,,3.142495082583371
21.29884734488712,,2024-10-20T11:15:00Z,4,0,4,0,4,4,1,0,0,4,119.32966890435189,,,,,,,,23.95606593389735,85.85557584948229,4.200000286102295,PS_034,,,2.4658978596410424
21.429783964599302,,2024-10-20T11:30:00Z,4,0,4,0,4,4,1,0,0,4,109.38352643373862,,,,,,,,23.984549360877608,81.09222490849567,4.200000286102295,PS_034,,,2.0604195249569286
21.655516985422803,,2024-10-20T11:45:00Z,3,0,3,0,3,3,1,0,0,3,104.59244575151881,,,,,,,,24.309110957638783,82.96690329620446,4.200000286102295,PS_034,,,2.7487796829751763
22.013797563274235,,2024-10-20T12:00:00Z,4,0,4,0,4,4,1,0,0,4,231.63965060949062,,,,,,,,25.478953143061787,185.9568567426916,4.200000286102295,PS_034,,,2.4182602762989434
22.806758121030924,,2024-10-20T12:15:00Z,4,0,4,0,4,4,1,0,0,4,317.15035076620916,,,,,,,,29.244815901158752,270.78804085172544,4.200000286102295,PS_034,,,2.4288980704285383
23.206335311260894,,2024-10-20T12:30:00Z,3,0,3,0,3,3,1,0,0,3,243.03374836965435,,,,,,,,29.570395494731212,205.84188702848058,4.200000286102295,PS_034,,,3.0782302151642438
23.35405504541462,,2024-10-20T12:45:00Z,4,0,4,0,4,4,1,0,0,4,245.42565591169136,,,,,,,,28.47861064063337,215.0427322955313,4.200000286102295,PS_034,,,2.038244306841174
23.834100377597427,,2024-10-20T13:00:00Z,4,0,4,0,4,4,1,0,0,4,357.0047829839748,,,,,,,,29.147412158684386,318.70639516467514,4.200000286102295,PS_034,,,2.900038739809664
23.89200095895364,,2024-10-20T13:15:00Z,4,0,4,0,4,4,1,0,0,4,342.4791813495947,,,,,,,,27.331713191439917,318.96128517876866,4.200000286102295,PS_034,,,3.2501691554940293
24.295791626411564,,2024-10-20T13:30:00Z,3,0,3,0,3,3,1,0,0,3,338.7562016183509,,,,,,,,29.14584793360314,334.81626112881366,4.200000286102295,PS_034,,,2.946720761996448
24.930301681962383,,2024-10-20T13:45:00Z,4,0,4,0,4,4,1,0,0,4,367.0316558944692,,,,,,,,33.15127717895096,368.6950046724908,4.200000286102295,PS_034,,,2.9402768794888368
25.099307834677084,,2024-10-20T14:00:00Z,4,0,4,0,4,4,1,0,0,4,292.1383219015775,,,,,,,,32.6336198220185,293.6171274117622,4.200000286102295,PS_034,,,3.601737667950001
25.24858288378594,,2024-10-20T14:15:00Z,3,0,3,0,3,3,1,0,0,3,349.33548204149366,,,,,,,,32.89461827329736,352.98249683837116,4.200000286102295,PS_034,,,3.634054770661994
25.205873647575277,,2024-10-20T14:30:00Z,4,0,4,0,4,4,1,0,0,4,278.93114791298865,,,,,,,,32.48192406622906,287.0269538997424,4.200000286102295,PS_034,,,2.720358436704056
25.596820270243203,,2024-10-20T14:45:00Z,4,0,4,0,4,4,1,0,0,4,493.7770337806697,,,,,,,,33.741772062419976,512.5138614003334,4.200000286102295,PS_034,,,2.7782705912608034
26.19011602630897,,2024-10-20T15:00:00Z,4,0,4,0,4,4,1,0,0,4,609.583412971108,,,,,,,,37.88401791115656,632.0883747260767,4.200000286102295,PS_034,,,2.60413273059229
26.162430298555986,,2024-10-20T15:15:00Z,3,0,3,0,3,3,1,0,0,3,397.53269344143206,,,,,,,,36.068124012301446,418.53580169900414,4.200000286102295,PS_034,,,3.364879328970686
26.02361909815167,,2024-10-20T15:30:00Z,4,0,4,0,4,4,1,0,0,4,318.7959601606565,,,,,,,,32.369530334105264,338.5926667361019,4.200000286102295,PS_034,,,3.4628095709109847
25.509505342511115,,2024-10-20T15:45:00Z,4,0,4,0,4,4,1,0,0,4,398.6256731824687,,,,,,,,31.300861735836033,420.97700948822524,4.200000286102295,PS_034,,,3.1016455639689156
25.281523453575698,,2024-10-20T16:00:00Z,3,0,3,0,3,3,1,0,0,3,149.22872038744276,,,,,,,,29.880633326615264,159.19387753526814,4.200000286102295,PS_034,,,3.1453230942588237
24.202652596921112,,2024-10-20T16:15:00Z,4,0,4,0,4,4,1,0,0,4,204.79421219817579,,,,,,,,26.321829695592086,199.6020384728666,4.200000286102295,PS_034,,,2.0345103003555582
24.189381479045657,,2024-10-20T16:30:00Z,4,0,4,0,4,4,1,0,0,4,163.12329540002492,,,,,,,,27.550881655194722,158.2804810103396,4.200000286102295,PS_034,,,1.9755234225051141
23.857632245774372,,2024-10-20T16:45:00Z,4,0,4,0,4,4,1,0,0,4,71.91127975633357,,,,,,,,26.05398231109027,67.17583008629836,4.200000286102295,PS_034,,,3.357223354072899
22.58976626518857,,2024-10-20T17:00:00Z,3,0,3,0,3,3,1,0,0,3,14.773215752786356,,,,,,,,22.62887807235332,17.68129763196908,4.200000286102295,PS_034,,,4.217715145652103
21.861895787729075,,2024-10-20T17:15:00Z,4,0,4,0,4,4,1,0,0,4,12.36718066634525,,,,,,,,21.90769480842684,15.059563820748759,4.200000286102295,PS_034,,,1.7710632526704326
21.813589904190028,,2024-10-20T17:30:00Z,4,0,4,0,4,4,1,0,0,4,52.856581499128005,,,,,,,,22.101115613110505,54.29960435032767,4.200000286102295,PS_034,,,3.229536674174344
21.715364262478403,,2024-10-20T17:45:00Z,3,0,3,0,3,3,1,0,0,3,92.79820198154107,,,,,,,,22.587721395742083,86.49959796945808,4.200000286102295,PS_034,,,2.0699756474417916
21.770249115128507,,2024-10-20T18:00:00Z,4,0,4,0,4,4,1,0,0,4,94.0913890690401,,,,,,,,22.448971349228582,70.78824900839126,4.200000286102295,PS_034,,,3.3347065720926667
21.877620936629363,,2024-10-20T18:15:00Z,4,0,4,0,4,4,1,0,0,4,173.07028089046403,,,,,,,,22.90344886861687,135.7042167695366,4.200000286102295,PS_034,,,3.654960405055477
21.89185669457425,,2024-10-20T18:30:00Z,4,0,4,0,4,4,1,0,0,4,108.30139320987665,,,,,,,,23.334814765076736,74.3470166961187,4.200000286102295,PS_034,,,3.053142147253158
21.897710823117123,,2024-10-20T18:45:00Z,3,0,3,0,3,3,1,0,0,3,174.37176924652533,,,,,,,,23.6631442346376,128.5041538145517,4.200000286102295,PS_034,,,4.120583467053519
22.014999025416525,,2024-10-20T19:00:00Z,4,0,4,0,4,4,1,0,0,4,172.0471319306,,,,,,,,24.008402851894825,138.59568657669988,4.200000286102295,PS_034,,,4.064450900691708
21.988773421776635,,2024-10-20T19:15:00Z,4,0,4,0,4,4,1,0,0,4,158.13113791282044,,,,,,,,24.03260464726497,123.84202652777896,4.200000286102295,PS_034,,,4.377335061298653
21.916129447518212,,2024-10-20T19:30:00Z,4,0,4,0,4,4,1,0,0,4,131.66687366917103,,,,,,,,23.693107139155916,111.94897617934308,4.200000286102295,PS_034,,,4.164468362463747
21.750200737604246,,2024-10-20T19:45:00Z,3,0,3,0,3,3,1,0,0,3,73.50204516790048,,,,,,,,22.726756972822916,67.43906808356668,4.200000286102295,PS_034,,,3.7316331142917116
21.57475909809887,,2024-10-20T20:00:00Z,4,0,4,0,4,4,1,0,0,4,61.87620753462099,,,,,,,,22.253300417984036,58.592118873031964,4.200000286102295,PS_034,,,3.7798653435548335
21.480396224166277,,2024-10-20T20:15:00Z,4,0,4,0,4,4,1,0,0,4,41.017366516219305,,,,,,,,21.85851512271576,39.85899131367659,4.200000286102295,PS_034,,,3.8246669391062147
21.48487769540866,,2024-10-20T20:30:00Z,3,0,3,0,3,3,1,0,0,3,25.998249427329448,,,,,,,,21.674380736309505,26.46521138224667,4.200000286102295,PS_034,,,3.2181977848607506
21.548054294759535,,2024-10-20T20:45:00Z,4,0,4,0,4,4,1,0,0,4,15.215407373988302,,,,,,,,21.508803816565173,16.104517325017298,4.200000286102295,PS_034,,,3.3696568456537888
21.57187670289298,,2024-10-20T21:00:00Z,4,0,4,0,4,4,1,0,0,4,8.108373730163724,,,,,,,,21.253826019298295,9.247253270162446,4.200000286102295,PS_034,,,4.007972185495471
21.549352173302513,,2024-10-20T21:15:00Z,4,0,4,0,4,4,1,0,0,4,2.087855927263749,,,,,,,,21.154434436280578,2.8473172911998224,4.200000286102295,PS_034,,,3.3256492609217823
21.5361679389343,,2024-10-20T21:30:00Z,3,0,3,0,3,3,1,0,0,3,0.0,,,,,,,,21.22587417621235,0.143410949421817,4.200000286102295,PS_034,,,3.696486751957399
21.505677095534857,,2024-10-20T21:45:00Z,4,0,4,0,4,4,1,0,0,4,0.0,,,,,,,,21.163243685035706,-0.21013843437511076,4.200000286102295,PS_034,,,3.5696169132839364
21.47176205045616,,2024-10-20T22:00:00Z,4,0,4,0,4,4,1,0,0,4,0.0,,,,,,,,21.082319649133535,-0.22747599254726925,4.200000286102295,PS_034,,,3.7580576078172028
21.53999900817871,,2024-10-20T22:15:00Z,3,0,3,0,3,3,1,0,0,3,0.0,,,,,,,,21.061367673499067,-0.3233850651028346,4.200000286102295,PS_034,,,3.436927923307438
21.651314818313356,,2024-10-20T22:30:00Z,4,0,4,0,4,4,1,0,0,4,0.0,,,,,,,,21.14142672523823,-0.32641895995843395,4.200000286102295,PS_034,,,2.6828793046148527
21.730474739663165,,2024-10-20T22:45:00Z,4,0,4,0,4,4,1,0,0,4,0.0,,,,,,,,21.0453997710077,-0.5694086672230999,4.200000286102295,PS_034,,,2.933838469160498
21.741322330866087,,2024-10-20T23:00:00Z,4,0,4,0,4,4,1,0,0,4,0.0,,,,,,,,21.023455843625307,-0.424232095802789,4.200000286102295,PS_034,,,2.7656614009434572
21.597625177462856,,2024-10-20T23:15:00Z,3,0,3,0,3,3,1,0,0,3,0.0,,,,,,,,20.875312022256498,-0.49621623827888584,4.200000286102295,PS_034,,,3.0154296373333276
21.600452975080177,,2024-10-20T23:30:00Z,4,0,4,0,4,4,1,0,0,4,0.0,,,,,,,,20.96872303442283,-0.43387604507663224,4.200000286102295,PS_034,,,2.5787404629297397
21.677564055903293,,2024-10-20T23:45:00Z,4,0,4,0,4,4,1,0,0,4,0.0,,,,,,,,20.854004111388317,-0.6050464764419193,4.200000286102295,PS_034,,,2.8079840485075005
21.61339728339201,,2024-10-21T00:00:00Z,3,0,3,0,3,3,1,0,0,3,0.0,,,,,,,,20.666855028959816,-0.6900909508173826,4.200000286102295,PS_034,,,2.245730982579759
21.47819049614759,,2024-10-21T00:15:00Z,4,0,4,0,4,4,1,0,0,4,0.0,,,,,,,,20.64649574160153,-0.38182178934641026,4.200000286102295,PS_034,,,2.403327184910126
21.441649078241298,,2024-10-21T00:30:00Z,4,0,4,0,4,4,1,0,0,4,0.0,,,,,,,,20.78727628905582,-0.288477497771926,4.200000286102295,PS_034,,,3.2417016853607414
21.528465837475206,,2024-10-21T00:45:00Z,4,0,4,0,4,4,1,0,0,4,0.0,,,,,,,,21.024133141473655,-0.24259889495428263,4.200000286102295,PS_034,,,3.572881976606336
21.677107419966465,,2024-10-21T01:00:00Z,3,0,3,0,3,3,1,0,0,3,0.0,,,,,,,,21.235792035568544,-0.018389354862709446,4.200000286102295,PS_034,,,2.6421166929768596
21.719999313354492,,2024-10-21T01:15:00Z,4,0,4,0,4,4,1,0,0,4,0.0,,,,,,,,21.14645027529414,-0.25099143664807033,4.200000286102295,PS_034,,,3.325809414428168
21.63093911624688,,2024-10-21T01:30:00Z,4,0,4,0,4,4,1,0,0,4,0.0,,,,,,,,20.982910039156742,-0.33499352992775117,4.200000286102295,PS_034,,,2.914627071394057
21.55895479125978,,2024-10-21T01:45:00Z,4,0,4,0,4,4,1,0,0,4,0.0,,,,,,,,21.009585323597538,-0.21336860771480584,4.200000286102295,PS_034,,,2.901392855389199
21.516334918206528,,2024-10-21T02:00:00Z,3,0,3,0,3,3,1,0,0,3,0.0,,,,,,,,20.996296196219365,-0.19572013360957577,4.200000286102295,PS_034,,,2.7173603747682202
21.507031297757642,,2024-10-21T02:15:00Z,4,0,4,0,4,4,1,0,0,4,0.0,,,,,,,,20.907931268533122,-0.25709578260499505,4.200000286102295,PS_034,,,2.39004658279879
21.431870101858493,,2024-10-21T02:30:00Z,4,0,4,0,4,4,1,0,0,4,0.0,,,,,,,,20.87661537974846,-0.21118903720618126,4.200000286102295,PS_034,,,1.894376637059866
21.41870824548761,,2024-10-21T02:45:00Z,3,0,3,0,3,3,1,0,0,3,0.0,,,,,,,,20.822095489572245,-0.1678854649674801,4.200000286102295,PS_034,,,1.8396332740906403
21.538758109794006,,2024-10-21T03:00:00Z,4,0,4,0,4,4,1,0,0,4,0.0,,,,,,,,20.87693785027927,-0.1904035534487352,4.200000286102295,PS_034,,,3.168531866197221
21.577536720023858,,2024-10-21T03:15:00Z,4,0,4,0,4,4,1,0,0,4,0.0,,,,,,,,20.876157408140465,-0.19469575938434058,4.200000286102295,PS_034,,,2.9135195632132707
21.472897147369505,,2024-10-21T03:30:00Z,4,0,4,0,4,4,1,0,0,4,0.0,,,,,,,,20.832726014519412,-0.17631946257929423,4.200000286102295,PS_034,,,2.337238099972821
21.464787599892507,,2024-10-21T03:45:00Z,3,0,3,0,3,3,1,0,0,3,0.0,,,,,,,,20.78999373073569,-0.21637929343560852,4.200000286102295,PS_034,,,2.843811819180566
21.425257618381497,,2024-10-21T04:00:00Z,4,0,4,0,4,4,1,0,0,4,0.0,,,,,,,,20.754016588796382,-0.277833122315983,4.200000286102295,PS_034,,,2.451283642103269
21.35491051884189,,2024-10-21T04:15:00Z,4,0,4,0,4,4,1,0,0,4,0.0,,,,,,,,20.770259870032802,-0.13759450240019566,4.200000286102295,PS_034,,,2.241577779605441
21.280064749634708,,2024-10-21T04:30:00Z,3,0,3,0,3,3,1,0,0,3,0.0,,,,,,,,20.694590011272197,-0.3013336761754216,4.200000286102295,PS_034,,,2.411774237695739
21.165174046785218,,2024-10-21T04:45:00Z,4,0,4,0,4,4,1,0,0,4,0.0,,,,,,,,20.5405573454949,-0.252737311150943,4.200000286102295,PS_034,,,2.182065647480207
21.08436780427003,,2024-10-21T05:00:00Z,4,0,4,0,4,4,1,0,0,4,0.0,,,,,,,,20.524994692275122,-0.24818435675991596,4.200000286102295,PS_034,,,2.4849005827253707
20.989173730296212,,2024-10-21T05:15:00Z,4,0,4,0,4,4,1,0,0,4,0.0,,,,,,,,20.406467145360413,-0.32131068079545905,4.200000286102295,PS_034,,,3.195995597861399
21.102865087210553,,2024-10-21T05:30:00Z,3,0,3,0,3,3,1,0,0,3,0.0,,,,,,,,20.69818661146811,-0.11182141333005222,4.200000286102295,PS_034,,,2.679242777959325
21.256888002068983,,2024-10-21T05:45:00Z,4,0,4,0,4,4,1,0,0,4,0.004915749627044644,,,,,,,,20.86097289319767,-0.008858170570270519,4.200000286102295,PS_034,,,2.8825402100953275
21.301833551656046,,2024-10-21T06:00:00Z,4,0,4,0,4,4,1,0,0,4,0.0,,,,,,,,20.767993189828672,-0.19519860529964098,4.200000286102295,PS_034,,,3.460358835615965
21.42589905153503,,2024-10-21T06:15:00Z,4,0,4,0,4,4,1,0,0,4,0.0,,,,,,,,20.720633160442194,-0.27817476010131065,4.200000286102295,PS_034,,,3.480611759203777
21.442001214256123,,2024-10-21T06:30:00Z,3,0,3,0,3,3,1,0,0,3,0.0,,,,,,,,20.669070634559535,-0.279052529327742,4.200000286102295,PS_034,,,2.692284185679045
21.270686140097983,,2024-10-21T06:45:00Z,4,0,4,0,4,4,1,0,0,4,0.0,,,,,,,,20.588713140379475,-0.27510758816862335,4.200000286102295,PS_034,,,2.058942355577006
21.187467917627885,,2024-10-21T07:00:00Z,4,0,4,0,4,4,1,0,0,4,0.0,,,,,,,,20.44331298278732,-0.2865816331918301,4.200000286102295,PS_034,,,2.729155505269747
21.063641509300812,,2024-10-21T07:15:00Z,3,0,3,0,3,3,1,0,0,3,0.0,,,,,,,,20.390403091955115,-0.27812712924099037,4.200000286102295,PS_034,,,2.7625817434555526
21.03172908393805,,2024-10-21T07:30:00Z,4,0,4,0,4,4,1,0,0,4,0.0,,,,,,,,20.363378355001842,-0.2463719425393125,4.200000286102295,PS_034,,,2.0671023383737244
21.051996876077343,,2024-10-21T07:45:00Z,4,0,4,0,4,4,1,0,0,4,0.0,,,,,,,,20.305184350815107,-0.3744366899040271,4.200000286102295,PS_034,,,2.1341202539166884
20.974969566424715,,2024-10-21T08:00:00Z,4,0,4,0,4,4,1,0,0,4,0.0,,,,,,,,20.140928063848918,-0.4923844593472153,4.200000286102295,PS_034,,,2.0771568194656935
20.973818617629284,,2024-10-21T08:15:00Z,3,0,3,0,3,3,1,0,0,3,0.0,,,,,,,,20.141217924318497,-0.40612579700262835,4.200000286102295,PS_034,,,2.3770424124329073
20.95772691622961,,2024-10-21T08:30:00Z,4,0,4,0,4,4,1,0,0,4,0.042755606426455074,,,,,,,,20.04292790515049,-0.08018223589838012,4.200000286102295,PS_034,,,1.4579099053822948
20.950286411038448,,2024-10-21T08:45:00Z,4,0,4,0,4,4,1,0,0,4,2.034538914662767,,,,,,,,20.204450079189165,2.4403099615412804,4.200000286102295,PS_034,,,1.7058037192168785
21.07698506312731,,2024-10-21T09:00:00Z,3,0,3,0,3,3,1,0,0,3,6.211759302700153,,,,,,,,20.619667708712832,6.878677607486321,4.200000286102295,PS_034,,,1.794899089327853
21.24818563300304,,2024-10-21T09:15:00Z,4,0,4,0,4,4,1,0,0,4,24.383327622305345,,,,,,,,20.891708406608362,25.774575828685997,4.200000286102295,PS_034,,,2.46633042713235
21.466851640721128,,2024-10-21T09:30:00Z,4,0,4,0,4,4,1,0,0,4,56.22434640259353,,,,,,,,21.38092402159353,58.8285935155801,4.200000286102295,PS_034,,,2.095187258878422
21.732249440709925,,2024-10-21T09:45:00Z,4,0,4,0,4,4,1,0,0,4,85.41562095961622,,,,,,,,21.906771237553023,85.26804480993052,4.200000286102295,PS_034,,,2.483047573844569
22.009884964048993,,2024-10-21T10:00:00Z,3,0,3,0,3,3,1,0,0,3,101.526645284861,,,,,,,,22.425427800472672,91.65121286732176,4.200000286102295,PS_034,,,2.688005949130714
22.345106867559366,,2024-10-21T10:15:00Z,4,0,4,0,4,4,1,0,0,4,135.58567661983997,,,,,,,,23.391028775044845,120.73379806187549,4.200000286102295,PS_034,,,3.193312088290776
22.776809282279324,,2024-10-21T10:30:00Z,4,0,4,0,4,4,1,0,0,4,156.19608858821712,,,,,,,,25.33465514631567,130.7773334400799,4.200000286102295,PS_034,,,3.4646626014960145
22.682130388423584,,2024-10-21T10:45:00Z,4,0,4,0,4,4,1,0,0,4,82.27126487355645,,,,,,,,24.201524573211216,66.26874250066615,4.200000286102295,PS_034,,,2.8985283412989626
22.805045329330113,,2024-10-21T11:00:00Z,2,0,2,0,2,2,1,0,0,2,193.73588953444693,,,,,,,,23.958010004483587,153.8810309191723,4.200000286102295,PS_034,,,2.9459648681868704
22.759127571792394,,2024-10-21T11:15:00Z,4,0,4,0,4,4,1,0,0,4,99.98727235174279,,,,,,,,24.2866028248243,69.19670869373826,4.200000286102295,PS_034,,,3.1817757705224423
22.646534155263296,,2024-10-21T11:30:00Z,4,0,4,0,4,4,1,0,0,4,188.3577138575499,,,,,,,,24.126130932351515,178.59155419147018,4.200000286102295,PS_034,,,3.861137079305618
23.616723761360483,,2024-10-21T11:45:00Z,3,0,3,0,3,3,1,0,0,3,359.53716505219353,,,,,,,,28.092053597447936,377.03260147747454,4.200000286102295,PS_034,,,2.2625671332383996
24.308087883365012,,2024-10-21T12:00:00Z,4,0,4,0,4,4,1,0,0,4,406.7788145601724,,,,,,,,32.26567520604663,433.6454286265346,4.200000286102295,PS_034,,,3.032368144141597
25.221627167829006,,2024-10-21T12:15:00Z,4,0,4,0,4,4,1,0,0,4,767.0823405214537,,,,,,,,36.08064568139863,878.8420011785561,4.200000286102295,PS_034,,,3.192914596719407
25.623344800885377,,2024-10-21T12:30:00Z,4,0,4,0,4,4,1,0,0,4,595.1121391582494,,,,,,,,39.69628351069046,711.8055023520122,4.200000286102295,PS_034,,,4.228280633737456
26.39478129345273,,2024-10-21T12:45:00Z,3,0,3,0,3,3,1,0,0,3,1078.0903290248434,,,,,,,,42.65301736901696,1206.1845274885363,4.200000286102295,PS_034,,,4.853266239295801
26.524519446254,,2024-10-21T13:00:00Z,4,0,4,0,4,4,1,0,0,4,766.8852040457776,,,,,,,,44.79442229880172,867.2983616964366,4.200000286102295,PS_034,,,5.574876827039489
26.40846772613668,,2024-10-21T13:15:00Z,4,0,4,0,4,4,1,0,0,4,568.2115306499765,,,,,,,,43.03985377277021,598.8518815897734,4.200000286102295,PS_034,,,3.9050891555203586
25.422384961929655,,2024-10-21T13:30:00Z,3,0,3,0,3,3,1,0,0,3,367.412279794491,,,,,,,,35.54466485773524,352.5431791236411,4.200000286102295,PS_034,,,4.093050843645886
25.742016666947617,,2024-10-21T13:45:00Z,4,0,4,0,4,4,1,0,0,4,428.63689318661216,,,,,,,,34.763640410734375,434.6225365505925,4.200000286102295,PS_034,,,3.5996763956856506
26.126919427678025,,2024-10-21T14:00:00Z,4,0,4,0,4,4,1,0,0,4,449.8357339329677,,,,,,,,35.57075230147755,454.246406650825,4.200000286102295,PS_034,,,3.9252742349658134
26.55926911432884,,2024-10-21T14:15:00Z,4,0,4,0,4,4,1,0,0,4,598.2136186591523,,,,,,,,37.702156018322846,600.8692541271892,4.200000286102295,PS_034,,,4.57912841249413
26.157636152694277,,2024-10-21T14:30:00Z,3,0,3,0,3,3,1,0,0,3,582.3419665371861,,,,,,,,35.7315620989502,595.1033205278442,4.200000286102295,PS_034,,,3.370042917613303
27.068672654561315,,2024-10-21T14:45:00Z,4,0,4,0,4,4,1,0,0,4,650.1855861779658,,,,,,,,39.97716151632183,668.8288431043828,4.200000286102295,PS_034,,,4.905098075414859
27.051544206266442,,2024-10-21T15:00:00Z,4,0,4,0,4,4,1,0,0,4,769.5113423863694,,,,,,,,41.53548725914124,778.6807921618552,4.200000286102295,PS_034,,,3.3367943974024663
26.7432126889252,,2024-10-21T15:15:00Z,3,0,3,0,3,3,1,0,0,3,461.1396534165391,,,,,,,,37.32395392862665,482.96280181990346,4.200000286102295,PS_034,,,3.432634100971786
27.078457178168957,,2024-10-21T15:30:00Z,4,0,4,0,4,4,1,0,0,4,498.5637309374609,,,,,,,,36.466792947045406,524.5935948570383,4.200000286102295,PS_034,,,3.1020393964592397
27.55165608848555,,2024-10-21T15:45:00Z,4,0,4,0,4,4,1,0,0,4,481.58736319100774,,,,,,,,36.31176869615493,498.4528649935747,4.200000286102295,PS_034,,,3.005572304667035
27.90496269631417,,2024-10-21T16:00:00Z,4,0,4,0,4,4,1,0,0,4,641.2807028388224,,,,,,,,38.250608447446766,663.790044488737,4.200000286102295,PS_034,,,2.843905010158606
28.175788877095616,,2024-10-21T16:15:00Z,3,0,3,0,3,3,1,0,0,3,815.0519553455769,,,,,,,,43.468461248969504,850.9926907290842,4.200000286102295,PS_034,,,2.0328178077565706
28.779428591365583,,2024-10-21T16:30:00Z,4,0,4,0,4,4,1,0,0,4,858.1046692951973,,,,,,,,47.15974212466486,856.4695088900855,4.200000286102295,PS_034,,,2.3433772258305603
29.537618204069727,,2024-10-21T16:45:00Z,4,0,4,0,4,4,1,0,0,4,693.0252473202291,,,,,,,,49.35489566924444,762.7076509426928,4.200000286102295,PS_034,,,1.4224896438986547
30.008341574563776,,2024-10-21T17:00:00Z,3,0,3,0,3,3,1,0,0,3,473.174440939205,,,,,,,,46.49978178314999,496.13433586454846,4.200000286102295,PS_034,,,1.8534773549463175
29.027027716183444,,2024-10-21T17:15:00Z,4,0,4,0,4,4,1,0,0,4,352.03406425169214,,,,,,,,39.87866284179902,344.7280446457505,4.200000286102295,PS_034,,,1.8479447874585588
29.549899557848832,,2024-10-21T17:30:00Z,4,0,4,0,4,4,1,0,0,4,643.291863364268,,,,,,,,40.25411143470908,700.7845705589746,4.200000286102295,PS_034,,,1.4848248681644314
30.553732127548358,,2024-10-21T17:45:00Z,4,0,4,0,4,4,1,0,0,4,766.3551629973956,,,,,,,,52.0268596509071,914.9096973806699,4.200000286102295,PS_034,,,1.8373308755616764
30.32637654473107,,2024-10-21T18:00:00Z,3,0,3,0,3,3,1,0,0,3,380.9016974122206,,,,,,,,50.16870740740997,420.7485863911971,4.200000286102295,PS_034,,,3.756357130897914
29.14405913608852,,2024-10-21T18:15:00Z,4,0,4,0,4,4,1,0,0,4,223.8024663489427,,,,,,,,35.066155931316416,177.80756767132885,4.200000286102295,PS_034,,,4.090432671989489
29.245366475579576,,2024-10-21T18:30:00Z,4,0,4,0,4,4,1,0,0,4,232.88623587582282,,,,,,,,33.066790197813766,189.1575405175274,4.200000286102295,PS_034,,,2.625330685536575
29.23994397637325,,2024-10-21T18:45:00Z,4,0,4,0,4,4,1,0,0,4,407.96371671111694,,,,,,,,34.98796894469279,491.4335824279367,4.200000286102295,PS_034,,,3.9996081566546726
29.593567506673672,,2024-10-21T19:00:00Z,3,0,3,0,3,3,1,0,0,3,520.9167508965086,,,,,,,,40.12313815869335,765.8626652489077,4.200000286102295,PS_034,,,5.392542583787218
29.25440449371855,,2024-10-21T19:15:00Z,4,0,4,0,4,4,1,0,0,4,398.6912759137198,,,,,,,,41.064589821643374,599.2353288185928,4.200000286102295,PS_034,,,4.031248989046065
29.439861563886,,2024-10-21T19:30:00Z,4,0,4,0,4,4,1,0,0,4,412.1937664332423,,,,,,,,42.26972934547496,709.6300952588585,4.200000286102295,PS_034,,,4.592206860212337
29.475846714434738,,2024-10-21T19:45:00Z,3,0,3,0,3,3,1,0,0,3,429.1736093344352,,,,,,,,40.11978185345752,782.2467296587399,4.200000286102295,PS_034,,,4.469586194607955
29.61588304332145,,2024-10-21T20:00:00Z,4,0,4,0,4,4,1,0,0,4,278.3684452593286,,,,,,,,38.79150578885413,450.23307205461384,4.200000286102295,PS_034,,,3.773870489094357
29.315125182695983,,2024-10-21T20:15:00Z,4,0,4,0,4,4,1,0,0,4,114.43520742743111,,,,,,,,32.94921728860351,137.31376268720666,4.200000286102295,PS_034,,,2.8831970368877102
28.65860456003794,,2024-10-21T20:30:00Z,4,0,4,0,4,4,1,0,0,4,41.85393722303852,,,,,,,,29.301118298720386,48.85819423847929,4.200000286102295,PS_034,,,3.2562291586968084
27.53951808490044,,2024-10-21T20:45:00Z,3,0,3,0,3,3,1,0,0,3,13.998063417273244,,,,,,,,27.17813053082542,15.373150709806156,4.200000286102295,PS_034,,,4.232821465086511
26.402563003523163,,2024-10-21T21:00:00Z,4,0,4,0,4,4,1,0,0,4,3.6084896977930256,,,,,,,,25.824487614211552,3.8202617744259237,4.200000286102295,PS_034,,,5.4197610825121085
25.401923244255435,,2024-10-21T21:15:00Z,4,0,4,0,4,4,1,0,0,4,0.6251465711053503,,,,,,,,24.78041731900462,0.5939394453791949,4.200000286102295,PS_034,,,5.119201982745941
24.832717730452796,,2024-10-21T21:30:00Z,3,0,3,0,3,3,1,0,0,3,0.0,,,,,,,,24.01841134559878,-0.1296914023751992,4.200000286102295,PS_034,,,3.6266380752931817
24.054805227198347,,2024-10-21T21:45:00Z,4,0,4,0,4,4,1,0,0,4,0.0,,,,,,,,22.951434448931668,-0.9118225823464099,4.200000286102295,PS_034,,,3.588224449849585
23.58562619735128,,2024-10-21T22:00:00Z,4,0,4,0,4,4,1,0,0,4,0.0,,,,,,,,22.576796148207624,-0.8005864566161943,4.200000286102295,PS_034,,,2.9142742939414807
23.25632145817441,,2024-10-21T22:15:00Z,4,0,4,0,4,4,1,0,0,4,0.0,,,,,,,,22.35537640550924,-0.6606642202274015,4.200000286102295,PS_034,,,3.0406327880325588
23.15003431477665,,2024-10-21T22:30:00Z,3,0,3,0,2,3,1,0,0,3,0.0,,,,,,,,22.282100285978686,-0.32652409974756513,4.200000286102295,PS_034,,,2.433353510295906
22.981609347841083,,2024-10-21T22:45:00Z,4,0,4,0,4,4,1,0,0,4,0.0,,,,,,,,22.222082901441947,-0.3362533653394561,4.200000286102295,PS_034,,,2.2514629248229903
22.797793368442306,,2024-10-21T23:00:00Z,4,0,4,0,4,4,1,0,0,4,0.0,,,,,,,,22.203293102156167,-0.29363345663517443,4.200000286102295,PS_034,,,2.6394700902193957
22.85946326161736,,2024-10-21T23:15:00Z,4,0,4,0,4,4,1,0,0,4,0.0,,,,,,,,22.343826911275528,-0.30265519374866207,4.200000286102295,PS_034,,,3.220719803146197
22.837168794324224,,2024-10-21T23:30:00Z,3,0,3,0,3,3,1,0,0,3,0.0,,,,,,,,22.23526114175347,-0.23061331256733347,4.200000286102295,PS_034,,,2.753315951433543
22.887194041637724,,2024-10-21T23:45:00Z,4,0,4,0,4,4,1,0,0,4,0.0,,,,,,,,22.195267618305287,-0.30374219176882944,4.200000286102295,PS_034,,,2.787063184028433
22.938335540958995,,2024-10-22T00:00:00Z,4,0,4,0,4,4,1,0,0,4,0.0,,,,,,,,22.113390375502192,-0.3139538583898384,4.200000286102295,PS_034,,,2.428429197508402
22.993631248351637,,2024-10-22T00:15:00Z,3,0,3,0,3,3,1,0,0,3,0.0,,,,,,,,22.028993292713366,-0.3998231724770435,4.200000286102295,PS_034,,,2.2002968941306067
22.801765765119967,,2024-10-22T00:30:00Z,4,0,4,0,4,4,1,0,0,4,0.0,,,,,,,,21.731848134784062,-0.40753252258323674,4.200000286102295,PS_034,,,1.5420836302606145
22.74353209566792,,2024-10-22T00:45:00Z,4,0,4,0,4,4,1,0,0,4,0.0,,,,,,,,21.549045689279197,-0.3402158589248455,4.200000286102295,PS_034,,,2.5561037592683284
22.578241563472098,,2024-10-22T01:00:00Z,4,0,4,0,4,4,1,0,0,4,0.0,,,,,,,,21.46450836184948,-0.36725612353608994,4.200000286102295,PS_034,,,2.743047562872168
22.609763200602135,,2024-10-22T01:15:00Z,3,0,3,0,3,3,1,0,0,3,0.0,,,,,,,,21.437036736005204,-0.5065159695695626,4.200000286102295,PS_034,,,3.184022330039248
22.59973187149014,,2024-10-22T01:30:00Z,4,0,4,0,4,4,1,0,0,4,0.0,,,,,,,,21.408603082968927,-0.4648688505168366,4.200000286102295,PS_034,,,2.476346994733403
22.334459513280766,,2024-10-22T01:45:00Z,4,0,4,0,4,4,1,0,0,4,0.0,,,,,,,,21.149526771765785,-0.45754633974431075,4.200000286102295,PS_034,,,1.6781919277058701
22.163757299514145,,2024-10-22T02:00:00Z,3,0,3,0,3,3,1,0,0,3,0.0,,,,,,,,21.056847953153078,-0.41877366171832614,4.200000286102295,PS_034,,,2.0112095948547783
22.064811138524345,,2024-10-22T02:15:00Z,4,0,4,0,4,4,1,0,0,4,0.0,,,,,,,,21.239440599631862,-0.31937091204359164,4.200000286102295,PS_034,,,1.8327506215458724
22.276394919694248,,2024-10-22T02:30:00Z,4,0,4,0,4,4,1,0,0,4,0.0,,,,,,,,21.591599046367925,-0.17215360831404372,4.200000286102295,PS_034,,,2.5865287074118726
22.545564571468834,,2024-10-22T02:45:00Z,4,0,4,0,4,4,1,0,0,4,0.0,,,,,,,,21.735358347770383,-0.30250531654710594,4.200000286102295,PS_034,,,2.6544482973862107
22.601077514553367,,2024-10-22T03:00:00Z,3,0,3,0,3,3,1,0,0,3,0.0,,,,,,,,21.7825962480268,-0.3879996377756668,4.200000286102295,PS_034,,,3.1137842726205758
22.660073443571584,,2024-10-22T03:15:00Z,4,0,4,0,4,4,1,0,0,4,0.0,,,,,,,,21.830412036949514,-0.4261208396073702,4.200000286102295,PS_034,,,3.044096150080568
22.570029597670363,,2024-10-22T03:30:00Z,4,0,4,0,4,4,1,0,0,4,0.0,,,,,,,,21.682041619849517,-0.5346333939474066,4.200000286102295,PS_034,,,3.1258200591961303
22.46865059213971,,2024-10-22T03:45:00Z,4,0,4,0,4,4,1,0,0,4,0.0,,,,,,,,21.467746024264606,-0.49019870205368077,4.200000286102295,PS_034,,,3.4545652487437106
22.62227623946135,,2024-10-22T04:00:00Z,3,0,3,0,3,3,1,0,0,3,0.0,,,,,,,,21.521093695298962,-0.6377751309107621,4.200000286102295,PS_034,,,2.932002958284837
22.46122670082549,,2024-10-22T04:15:00Z,4,0,4,0,4,4,1,0,0,4,0.0,,,,,,,,21.434831389869938,-0.4588174268957507,4.200000286102295,PS_034,,,2.8596859782739354
22.39278569964809,,2024-10-22T04:30:00Z,4,0,4,0,4,4,1,0,0,4,0.0,,,,,,,,21.474507466612835,-0.33924633386088965,4.200000286102295,PS_034,,,2.0507239102256665
22.378016144925088,,2024-10-22T04:45:00Z,3,0,3,0,3,3,1,0,0,3,0.0,,,,,,,,21.70496056957161,-0.18020636380730817,4.200000286102295,PS_034,,,2.392850199566029
22.384163003582344,,2024-10-22T05:00:00Z,4,0,4,0,4,4,1,0,0,4,0.0,,,,,,,,21.673957573038923,-0.27666732882101686,4.200000286102295,PS_034,,,2.5446332455318785
22.54712162627387,,2024-10-22T05:15:00Z,4,0,4,0,4,4,1,0,0,4,0.0,,,,,,,,21.771531938581997,-0.310505339690888,4.200000286102295,PS_034,,,3.150612885895911
22.557288790416184,,2024-10-22T05:30:00Z,4,0,4,0,4,4,1,0,0,4,0.0,,,,,,,,21.70695652857364,-0.38548132373616006,4.200000286102295,PS_034,,,2.454822664955839
22.503960668409025,,2024-10-22T05:45:00Z,3,0,3,0,3,3,1,0,0,3,0.0,,,,,,,,21.734101887692475,-0.4787406962772065,4.200000286102295,PS_034,,,3.131025594029586
22.403115082734082,,2024-10-22T06:00:00Z,4,0,4,0,4,4,1,0,0,4,0.0,,,,,,,,21.57722874480631,-0.3815990754706868,4.200000286102295,PS_034,,,2.3191903921458867
22.440694469715375,,2024-10-22T06:15:00Z,4,0,4,0,4,4,1,0,0,4,0.0,,,,,,,,21.5688500601166,-0.34857221201804733,4.200000286102295,PS_034,,,2.194534172631541
22.429708578692942,,2024-10-22T06:30:00Z,3,0,3,0,3,3,1,0,0,3,0.0,,,,,,,,21.560086929307666,-0.2774779996164233,4.200000286102295,PS_034,,,1.4140791623250777
22.3573777356199,,2024-10-22T06:45:00Z,4,0,4,0,4,4,1,0,0,4,0.0,,,,,,,,21.60249759615659,-0.23556358256069798,4.200000286102295,PS_034,,,1.8821860777763182
22.33262291555292,,2024-10-22T07:00:00Z,4,0,4,0,4,4,1,0,0,4,0.0,,,,,,,,21.580346127574362,-0.17138475342610723,4.200000286102295,PS_034,,,1.830766604548146
22.332848667607298,,2024-10-22T07:15:00Z,4,0,4,0,4,4,1,0,0,4,0.0,,,,,,,,21.607540637124337,-0.1283638317854848,4.200000286102295,PS_034,,,2.7660344710767983
22.351361606243064,,2024-10-22T07:30:00Z,3,0,3,0,3,3,1,0,0,3,0.0,,,,,,,,21.590224140256606,-0.2685288800580478,4.200000286102295,PS_034,,,2.4841194871919714
22.29152508914709,,2024-10-22T07:45:00Z,4,0,4,0,4,4,1,0,0,4,0.0,,,,,,,,21.574344373269486,-0.19517095415794417,4.200000286102295,PS_034,,,2.3440971062344187
22.245582984033593,,2024-10-22T08:00:00Z,4,0,4,0,4,4,1,0,0,4,0.0,,,,,,,,21.557470349338796,-0.18305295860289175,4.200000286102295,PS_034,,,2.7661040420884744
22.33113463268936,,2024-10-22T08:15:00Z,4,0,4,0,4,4,1,0,0,4,0.0,,,,,,,,21.59511076269786,-0.09360109892983963,4.200000286102295,PS_034,,,3.0502688982858004
22.310781807921916,,2024-10-22T08:30:00Z,3,0,3,0,3,3,1,0,0,3,0.038818997407606436,,,,,,,,21.585063195932744,0.14005862622244297,4.200000286102295,PS_034,,,2.27275782062326
22.258839685071553,,2024-10-22T08:45:00Z,4,0,4,0,4,4,1,0,0,4,1.9273474560037702,,,,,,,,21.594281203173697,2.2404496218359267,4.200000286102295,PS_034,,,3.5350298897199925
22.297026082132827,,2024-10-22T09:00:00Z,4,0,4,0,4,4,1,0,0,4,6.842386581884849,,,,,,,,21.6800730302271,7.584707918632949,4.200000286102295,PS_034,,,2.7520167278994223
22.345585651967344,,2024-10-22T09:15:00Z,3,0,3,0,3,3,1,0,0,3,24.104006146595793,,,,,,,,21.821508363335013,25.907426315016664,4.200000286102295,PS_034,,,2.490467218209368
22.465460120046224,,2024-10-22T09:30:00Z,4,0,4,0,4,4,1,0,0,4,42.7867257465102,,,,,,,,22.203230082575637,47.761718565927055,4.200000286102295,PS_034,,,2.0632219450518487
22.863972935167624,,2024-10-22T09:45:00Z,4,0,4,0,4,4,1,0,0,4,97.03395883748455,,,,,,,,23.22937720447257,121.09416635168284,4.200000286102295,PS_034,,,2.117235128838199
23.0400598521755,,2024-10-22T10:00:00Z,4,0,4,0,4,4,1,0,0,4,109.7470696947302,,,,,,,,24.66003170402364,123.42264146252653,4.200000286102295,PS_034,,,2.723850062603174
23.3330504947493,,2024-10-22T10:15:00Z,3,0,3,0,3,3,1,0,0,3,109.61218027313258,,,,,,,,24.805252251133503,106.7771965192038,4.200000286102295,PS_034,,,2.3917665790851177
23.77322300307867,,2024-10-22T10:30:00Z,4,0,4,0,4,4,1,0,0,4,174.8238081999912,,,,,,,,26.160932116843753,149.39175900560966,4.200000286102295,PS_034,,,1.5966827881971235
24.10489691757657,,2024-10-22T10:45:00Z,4,0,4,0,4,4,1,0,0,4,262.4517348234953,,,,,,,,28.855712969220175,266.11136104701137,4.200000286102295,PS_034,,,2.625509954960869
25.15524358226039,,2024-10-22T11:00:00Z,3,0,3,0,3,3,1,0,0,3,687.5452937056506,,,,,,,,35.19572967822461,1033.6915732305085,4.200000286102295,PS_034,,,3.286413113552152
26.34283280643853,,2024-10-22T11:15:00Z,4,0,4,0,4,4,1,0,0,4,525.5579893839663,,,,,,,,39.7667431177916,700.5247744776568,4.200000286102295,PS_034,,,5.082058428720074
26.531067651317805,,2024-10-22T11:30:00Z,4,0,4,0,4,4,1,0,0,4,358.36726901033546,,,,,,,,37.310563963590454,384.49916140524397,4.200000286102295,PS_034,,,4.047347780168908
27.352306165038208,,2024-10-22T11:45:00Z,4,0,4,0,4,4,1,0,0,4,461.89603127004835,,,,,,,,39.39968054285677,542.0444367170036,4.200000286102295,PS_034,,,4.108124579824789
26.5745512000366,,2024-10-22T12:00:00Z,3,0,3,0,3,3,1,0,0,3,420.23838017832685,,,,,,,,35.99214964212044,472.1081231275352,4.200000286102295,PS_034,,,4.098484293376569
27.218888079167375,,2024-10-22T12:15:00Z,4,0,4,0,4,4,1,0,0,4,509.5610506568661,,,,,,,,37.70131648464332,553.3166030056434,4.200000286102295,PS_034,,,3.670048389516648
27.558904381851384,,2024-10-22T12:30:00Z,4,0,4,0,4,4,1,0,0,4,447.86229868954405,,,,,,,,39.83745712475579,481.90284768702475,4.200000286102295,PS_034,,,4.582461037154112
27.44026213531877,,2024-10-22T12:45:00Z,4,0,4,0,4,4,1,0,0,4,362.6549823324676,,,,,,,,35.83946628199789,355.17606511225586,4.200000286102295,PS_034,,,4.015516838765376
27.77500771137049,,2024-10-22T13:00:00Z,3,0,3,0,3,3,1,0,0,3,397.61181705239903,,,,,,,,36.18263393361285,396.12493088514725,4.200000286102295,PS_034,,,3.795606723191794
27.67273033937695,,2024-10-22T13:15:00Z,4,0,4,0,4,4,1,0,0,4,297.41409584308036,,,,,,,,34.38727720262148,276.34725638955325,4.200000286102295,PS_034,,,4.711515968832717
27.910334708433464,,2024-10-22T13:30:00Z,4,0,4,0,4,4,1,0,0,4,377.3934340641483,,,,,,,,33.91652095402355,363.2535351116869,4.200000286102295,PS_034,,,5.144409422795562
28.256965008738277,,2024-10-22T13:45:00Z,3,0,3,0,3,3,1,0,0,3,382.7341043188286,,,,,,,,35.416363232881125,377.0151988191823,4.200000286102295,PS_034,,,4.072104874540385
28.16821044363135,,2024-10-22T14:00:00Z,4,0,4,0,4,4,1,0,0,4,330.7975592167493,,,,,,,,35.23025205925408,336.79028876569714,4.200000286102295,PS_034,,,4.503639664506451
28.41720961595069,,2024-10-22T14:15:00Z,4,0,4,0,4,4,1,0,0,4,388.60823007324876,,,,,,,,36.019428943950885,410.4671445878171,4.200000286102295,PS_034,,,3.838301039557561
29.595621211659473,,2024-10-22T14:30:00Z,4,0,4,0,4,4,1,0,0,4,1039.4265323693007,,,,,,,,42.37117741235084,1073.7124712735883,4.200000286102295,PS_034,,,4.4223754840585086
30.961549969619952,,2024-10-22T14:45:00Z,3,0,3,0,3,3,1,0,0,3,652.693363248113,,,,,,,,49.27338509494033,697.824782197867,4.200000286102295,PS_034,,,5.0991765593813145
30.03159551871558,,2024-10-22T15:00:00Z,4,0,4,0,4,4,1,0,0,4,611.5156241984753,,,,,,,,42.90327547312842,632.2373202827459,4.200000286102295,PS_034,,,4.315703405727134
30.535021203277623,,2024-10-22T15:15:00Z,4,0,4,0,4,4,1,0,0,4,608.0056163774095,,,,,,,,43.00419538413355,615.1768154098669,4.200000286102295,PS_034,,,4.638765738296927
30.66933435486959,,2024-10-22T15:30:00Z,3,0,3,0,3,3,1,0,0,3,594.8555094714507,,,,,,,,41.8877583188329,619.7105478238574,4.200000286102295,PS_034,,,4.469267713759602
31.135446247304465,,2024-10-22T15:45:00Z,4,0,4,0,4,4,1,0,0,4,716.3427570036768,,,,,,,,44.910095936795194,723.2913356717469,4.200000286102295,PS_034,,,4.243201727196135
30.639156986191637,,2024-10-22T16:00:00Z,4,0,4,0,4,4,1,0,0,4,476.7864349663304,,,,,,,,44.69700680708214,486.0215448940678,4.200000286102295,PS_034,,,3.511368669903123
30.81887686604801,,2024-10-22T16:15:00Z,4,0,4,0,4,4,1,0,0,4,569.7282984592658,,,,,,,,42.32144605306091,572.3716099317012,4.200000286102295,PS_034,,,4.102412883661525
31.126249422441074,,2024-10-22T16:30:00Z,3,0,3,0,3,3,1,0,0,3,603.7860879765802,,,,,,,,47.315543188209055,639.1103607168698,4.200000286102295,PS_034,,,1.9995783401098766
31.880044823880752,,2024-10-22T16:45:00Z,4,0,4,0,4,4,1,0,0,4,628.3374381786681,,,,,,,,45.968424547348654,656.4772000662333,4.200000286102295,PS_034,,,4.369536646584924
31.671658071674333,,2024-10-22T17:00:00Z,4,0,4,0,4,4,1,0,0,4,454.9368077218006,,,,,,,,45.000074393898856,466.84608605123293,4.200000286102295,PS_034,,,5.597952902905037
30.804284291063176,,2024-10-22T17:15:00Z,4,0,4,0,4,4,1,0,0,4,434.5844611259405,,,,,,,,40.53593933458827,458.04036364055685,4.200000286102295,PS_034,,,3.267019503759178
31.327032668051796,,2024-10-22T17:30:00Z,3,0,3,0,3,3,1,0,0,3,806.597653548344,,,,,,,,45.192541182302286,982.4445886846933,4.200000286102295,PS_034,,,2.9945914212745106
32.4509254601822,,2024-10-22T17:45:00Z,4,0,4,0,4,4,1,0,0,4,928.0850867978537,,,,,,,,58.97993160944516,1023.0752733220382,4.200000286102295,PS_034,,,2.7787963026254396
31.68412458946016,,2024-10-22T18:00:00Z,4,0,4,0,4,4,1,0,0,4,311.9137541101269,,,,,,,,45.55566193318764,278.687321574482,4.200000286102295,PS_034,,,3.7158860841475576
31.505309115121776,,2024-10-22T18:15:00Z,3,0,3,0,3,3,1,0,0,3,340.58984417199116,,,,,,,,40.10878889430194,327.6857173156175,4.200000286102295,PS_034,,,3.627680283120676
31.025478126363677,,2024-10-22T18:30:00Z,4,0,4,0,4,4,1,0,0,4,278.00504022208,,,,,,,,38.33337209730307,322.8674167965051,4.200000286102295,PS_034,,,3.6647862985936044
31.30232560429613,,2024-10-22T18:45:00Z,4,0,4,0,4,4,1,0,0,4,480.47856355449545,,,,,,,,42.711269522891634,704.2294215210111,4.200000286102295,PS_034,,,4.053622466275664
31.558650997825225,,2024-10-22T19:00:00Z,4,0,4,0,4,4,1,0,0,4,387.68384050104527,,,,,,,,49.0186905227106,543.4732719456229,4.200000286102295,PS_034,,,2.932211906229882
31.48780474799696,,2024-10-22T19:15:00Z,3,0,3,0,3,3,1,0,0,3,226.79787211808352,,,,,,,,44.81100889744748,257.50260324736144,4.200000286102295,PS_034,,,1.4568309810358813
31.14728756094994,,2024-10-22T19:30:00Z,4,0,4,0,4,4,1,0,0,4,174.79979421802904,,,,,,,,38.76477152476019,216.39538591481212,4.200000286102295,PS_034,,,1.8866060932977757
30.676585333231476,,2024-10-22T19:45:00Z,4,0,4,0,4,4,1,0,0,4,90.40965152138149,,,,,,,,35.41580140204274,115.17607852300226,4.200000286102295,PS_034,,,2.8241709858777555
30.367872617377735,,2024-10-22T20:00:00Z,3,0,3,0,3,3,1,0,0,3,112.75162687264525,,,,,,,,32.40427073320191,125.95919669265749,4.200000286102295,PS_034,,,1.879595702577164
30.418037144791573,,2024-10-22T20:15:00Z,4,0,4,0,4,4,1,0,0,4,110.4691886394184,,,,,,,,32.43746431951693,129.05710173552706,4.200000286102295,PS_034,,,1.6188880579429836
30.476333473135117,,2024-10-22T20:30:00Z,4,0,4,0,4,4,1,0,0,4,108.46179929120079,,,,,,,,32.754586416045264,148.28683674673348,4.200000286102295,PS_034,,,2.410697822194702
30.15475118790271,,2024-10-22T20:45:00Z,4,0,4,0,4,4,1,0,0,4,24.63126827194717,,,,,,,,30.648447028486622,25.309975849708295,4.200000286102295,PS_034,,,1.8482862664878457
29.693290986636917,,2024-10-22T21:00:00Z,3,0,3,0,3,3,1,0,0,3,8.396367497050113,,,,,,,,28.975352974088015,8.650871880859857,4.200000286102295,PS_034,,,3.1971641505746295
28.95633027655929,,2024-10-22T21:15:00Z,4,0,4,0,4,4,1,0,0,4,4.5765852509617,,,,,,,,27.91284634950004,4.8078721736448,4.200000286102295,PS_034,,,3.262398447451708
28.465845866083257,,2024-10-22T21:30:00Z,4,0,4,0,4,4,1,0,0,4,0.3846551655173642,,,,,,,,27.06317572656258,0.37393334618158725,4.200000286102295,PS_034,,,2.4027930888579347
28.277128175709233,,2024-10-22T21:45:00Z,3,0,3,0,3,3,1,0,0,3,0.0,,,,,,,,26.695260949257005,-0.4036059079483529,4.200000286102295,PS_034,,,2.2460806024602027
27.95232854031121,,2024-10-22T22:00:00Z,4,0,4,0,4,4,1,0,0,4,0.0,,,,,,,,26.252293678273247,-0.3713230062794728,4.200000286102295,PS_034,,,1.6842301708950285
27.760179445233863,,2024-10-22T22:15:00Z,4,0,4,0,4,4,1,0,0,4,0.0,,,,,,,,26.02807615971249,-0.23069352560482576,4.200000286102295,PS_034,,,1.938591867160108
27.4536162513641,,2024-10-22T22:30:00Z,4,0,4,0,4,4,1,0,0,4,0.0,,,,,,,,25.756811587564705,-0.2928487157119668,4.200000286102295,PS_034,,,2.1764296673791343
27.149879775886358,,2024-10-22T22:45:00Z,3,0,3,0,3,3,1,0,0,3,0.0,,,,,,,,25.25648458510211,-0.5061694960011538,4.200000286102295,PS_034,,,1.9050374844954976
26.94959847069505,,2024-10-22T23:00:00Z,4,0,4,0,4,4,1,0,0,4,0.0,,,,,,,,24.86348427006174,-0.45578220227953986,4.200000286102295,PS_034,,,1.5348944170870495
26.83659699133905,,2024-10-22T23:15:00Z,4,0,4,0,4,4,1,0,0,4,0.0,,,,,,,,24.50120788871161,-0.44514224186329143,4.200000286102295,PS_034,,,0.7984781368106387
26.32061067691761,,2024-10-22T23:30:00Z,4,0,4,0,4,4,1,0,0,4,0.0,,,,,,,,24.375997100999623,-0.38372228312142675,4.200000286102295,PS_034,,,1.1385294258135286
26.17135562525968,,2024-10-22T23:45:00Z,3,0,3,0,3,3,1,0,0,3,0.0,,,,,,,,24.275300863534177,-0.6294027828734193,4.200000286102295,PS_034,,,0.26033563304202506
26.42498214702912,,2024-10-23T00:00:00Z,4,0,4,0,4,4,1,0,0,4,0.0,,,,,,,,24.39488892630868,-0.2672917713270716,4.200000286102295,PS_034,,,0.26059007966631476
26.556940760765492,,2024-10-23T00:15:00Z,4,0,4,0,4,4,1,0,0,4,0.0,,,,,,,,24.2845068131346,-0.1532357246675905,4.200000286102295,PS_034,,,0.261089976095157
26.391392008565656,,2024-10-23T00:30:00Z,3,0,3,0,3,3,1,0,0,3,0.0,,,,,,,,24.324110991647117,-0.1660056858509548,4.200000286102295,PS_034,,,0.2616067510104749
25.685022621571083,,2024-10-23T00:45:00Z,4,0,4,0,4,4,1,0,0,4,0.0,,,,,,,,24.42588983625016,-0.3812461871479904,4.200000286102295,PS_034,,,0.9348377340458207
25.863791910887983,,2024-10-23T01:00:00Z,4,0,4,0,4,4,1,0,0,4,0.0,,,,,,,,24.239065324344853,-0.4163422439855399,4.200000286102295,PS_034,,,0.25966021394381444
26.101230431832768,,2024-10-23T01:15:00Z,4,0,4,0,4,4,1,0,0,4,0.0,,,,,,,,24.169483454475944,0.06036238203975272,4.200000286102295,PS_034,,,0.5410194873294836
26.11319082486879,,2024-10-23T01:30:00Z,3,0,3,0,3,3,1,0,0,3,0.0,,,,,,,,24.27885893270152,0.05523998301710037,4.200000286102295,PS_034,,,1.5139694761004938
24.885962945454093,,2024-10-23T01:45:00Z,4,0,4,0,4,4,1,0,0,4,0.0,,,,,,,,24.004962458480566,-0.3667558181722762,4.200000286102295,PS_034,,,1.0820647387219782
24.533547475001907,,2024-10-23T02:00:00Z,4,0,4,0,4,4,1,0,0,4,0.0,,,,,,,,23.5120733917635,-0.5032964831588891,4.200000286102295,PS_034,,,0.3570350238809034
25.07648311333947,,2024-10-23T02:15:00Z,3,0,3,0,3,3,1,0,0,3,0.0,,,,,,,,23.4918415156581,-0.11295495557007605,4.200000286102295,PS_034,,,1.2042304677328497
24.993417855933174,,2024-10-23T02:30:00Z,4,0,4,0,4,4,1,0,0,4,0.0,,,,,,,,23.454061035514794,-0.27959855528661975,4.200000286102295,PS_034,,,1.480144596445044
24.65728369354777,,2024-10-23T02:45:00Z,4,0,4,0,4,4,1,0,0,4,0.0,,,,,,,,23.13176176748111,-0.5325205339834503,4.200000286102295,PS_034,,,1.321027666488257
24.319807493021838,,2024-10-23T03:00:00Z,4,0,4,0,4,4,1,0,0,4,0.0,,,,,,,,22.7161225041687,-0.650956995138666,4.200000286102295,PS_034,,,1.8788372146644094
24.274299253750012,,2024-10-23T03:15:00Z,3,0,3,0,3,3,1,0,0,3,0.0,,,,,,,,22.411481106972595,-0.5651001924678761,4.200000286102295,PS_034,,,1.7420079967478326
24.04425001177997,,2024-10-23T03:30:00Z,4,0,4,0,4,4,1,0,0,4,0.0,,,,,,,,22.52240725220202,-0.3864928863496842,4.200000286102295,PS_034,,,1.9870303607760476
24.267087379412903,,2024-10-23T03:45:00Z,4,0,4,0,4,4,1,0,0,4,0.0,,,,,,,,22.767547286979585,-0.2242358575013509,4.200000286102295,PS_034,,,1.8595458220054888
24.12970473312335,,2024-10-23T04:00:00Z,4,0,4,0,4,4,1,0,0,4,0.0,,,,,,,,22.81367515547401,-0.21174867067345873,4.200000286102295,PS_034,,,1.861429300487915
24.334939372407987,,2024-10-23T04:15:00Z,3,0,3,0,3,3,1,0,0,3,0.0,,,,,,,,23.104855080020048,-0.18585571876511958,4.200000286102295,PS_034,,,1.8979767643534555
24.205396070403772,,2024-10-23T04:30:00Z,4,0,4,0,4,4,1,0,0,4,0.0,,,,,,,,23.149230887339822,-0.16606534037647647,4.200000286102295,PS_034,,,1.8629835284474403
24.10146515358534,,2024-10-23T04:45:00Z,4,0,4,0,4,4,1,0,0,4,0.0,,,,,,,,22.977117893219468,-0.2687422321598953,4.200000286102295,PS_034,,,1.708172211097456
24.07312149618353,,2024-10-23T05:00:00Z,3,0,3,0,3,3,1,0,0,3,0.0,,,,,,,,22.617146068678053,-0.26481180063550586,4.200000286102295,PS_034,,,0.48259402774404647
23.842563639171427,,2024-10-23T05:15:00Z,4,0,4,0,4,4,1,0,0,4,0.0,,,,,,,,22.297559250511874,-0.4638553700949526,4.200000286102295,PS_034,,,1.086034010296804
23.819404929954324,,2024-10-23T05:30:00Z,4,0,4,0,4,4,1,0,0,4,0.0,,,,,,,,21.947741304954658,-0.4672087733809191,4.200000286102295,PS_034,,,0.2570054056627167
23.881498216354192,,2024-10-23T05:45:00Z,4,0,4,0,4,4,1,0,0,4,0.0,,,,,,,,22.017003110359884,-0.06930461950769759,4.200000286102295,PS_034,,,0.7891355325678621
23.61482239040258,,2024-10-23T06:00:00Z,3,0,3,0,3,3,1,0,0,3,0.0,,,,,,,,22.330717343157986,-0.22474138681867192,4.200000286102295,PS_034,,,1.0158410523706354
23.393006934016416,,2024-10-23T06:15:00Z,4,0,4,0,4,4,1,0,0,4,0.0,,,,,,,,22.199988493423874,-0.3847933309698734,4.200000286102295,PS_034,,,1.2742046476478899
23.03565782883963,,2024-10-23T06:30:00Z,4,0,4,0,4,4,1,0,0,4,0.0,,,,,,,,21.833298334629383,-0.4785848824959803,4.200000286102295,PS_034,,,1.8569725984330734
23.059851600961586,,2024-10-23T06:45:00Z,3,0,3,0,3,3,1,0,0,3,0.0,,,,,,,,21.737279890873644,-0.42249921102664606,4.200000286102295,PS_034,,,1.9668542918008325
22.912284878149507,,2024-10-23T07:00:00Z,4,0,4,0,4,4,1,0,0,4,0.0,,,,,,,,21.673018235512345,-0.3271559511263464,4.200000286102295,PS_034,,,1.332425864407697
23.20495114630559,,2024-10-23T07:15:00Z,4,0,4,0,4,4,1,0,0,4,0.0,,,,,,,,21.82867168839059,-0.21454985031009438,4.200000286102295,PS_034,,,2.038799306090267
23.258696887192023,,2024-10-23T07:30:00Z,4,0,4,0,4,4,1,0,0,4,0.0,,,,,,,,21.953868256604657,-0.23948109346902904,4.200000286102295,PS_034,,,1.3915997396663051
23.22551672516997,,2024-10-23T07:45:00Z,3,0,3,0,3,3,1,0,0,3,0.0,,,,,,,,21.67770313045429,-0.3767685018190523,4.200000286102295,PS_034,,,1.5638504790373804
23.025455534551,,2024-10-23T08:00:00Z,4,0,4,0,4,4,1,0,0,4,0.0,,,,,,,,21.33476621281668,-0.4301868662109911,4.200000286102295,PS_034,,,0.684908524351426
23.07243284302317,,2024-10-23T08:15:00Z,4,0,4,0,4,4,1,0,0,4,0.0,,,,,,,,21.171627613426153,-0.1523436352502237,4.200000286102295,PS_034,,,1.041324535240713
22.97462593181826,,2024-10-23T08:30:00Z,4,0,4,0,4,4,1,0,0,4,0.09289709053376377,,,,,,,,21.291371722357578,0.4209618031595644,4.200000286102295,PS_034,,,2.262080441627908
22.99874408468511,,2024-10-23T08:45:00Z,3,0,3,0,3,3,1,0,0,3,3.252840893167257,,,,,,,,21.31401716281334,4.144253088169088,4.200000286102295,PS_034,,,2.5678087038090323
22.867118889667022,,2024-10-23T09:00:00Z,4,0,4,0,4,4,1,0,0,4,14.469191060437248,,,,,,,,21.48754668722442,16.980430289576454,4.200000286102295,PS_034,,,1.3884008416445885
23.275296643527035,,2024-10-23T09:15:00Z,4,0,4,0,4,4,1,0,0,4,90.85928671227215,,,,,,,,22.80992498898385,155.75111023493793,4.200000286102295,PS_034,,,1.3245576408618085
24.324932752257663,,2024-10-23T09:30:00Z,3,0,3,0,3,3,1,0,0,3,163.73379111640423,,,,,,,,26.960583500951795,321.8744318380902,4.200000286102295,PS_034,,,1.3641221838906543
24.282246353308974,,2024-10-23T09:45:00Z,4,0,4,0,4,4,1,0,0,4,90.9264216497491,,,,,,,,27.407729855300552,106.07254293429266,4.200000286102295,PS_034,,,1.169514348321746
24.43964283958043,,2024-10-23T10:00:00Z,4,0,4,0,4,4,1,0,0,4,109.69368003124589,,,,,,,,27.258200034364336,112.43357840091484,4.200000286102295,PS_034,,,1.344440606538303
24.759712805261607,,2024-10-23T10:15:00Z,4,0,4,0,4,4,1,0,0,4,143.91303558024197,,,,,,,,27.917520432981128,145.6013801766469,4.200000286102295,PS_034,,,1.5550040205402877
25.056277532966902,,2024-10-23T10:30:00Z,3,0,3,0,3,3,1,0,0,3,159.53940121124492,,,,,,,,29.3052022527324,149.81362831123417,4.200000286102295,PS_034,,,2.4408320382002278
25.297817362810452,,2024-10-23T10:45:00Z,4,0,4,0,4,4,1,0,0,4,176.92313254530578,,,,,,,,29.38056325434099,151.76077306489418,4.200000286102295,PS_034,,,1.8408941050171983
25.692489906002095,,2024-10-23T11:00:00Z,4,0,4,0,4,4,1,0,0,4,178.92677866965482,,,,,,,,29.767169922795002,144.15908062258268,4.200000286102295,PS_034,,,1.6675563938943423
26.059586762886532,,2024-10-23T11:15:00Z,3,0,3,0,3,3,1,0,0,3,219.0128955672284,,,,,,,,30.30714031740663,169.94022679020168,4.200000286102295,PS_034,,,1.9071516832609612
26.647333858147384,,2024-10-23T11:30:00Z,4,0,4,0,4,4,1,0,0,4,286.07945562066084,,,,,,,,32.389005012160084,252.93508447830712,4.200000286102295,PS_034,,,2.9394922006408173
27.32369058266243,,2024-10-23T11:45:00Z,4,0,4,0,4,4,1,0,0,4,293.84434719305636,,,,,,,,33.72248371445839,273.4900143791087,4.200000286102295,PS_034,,,3.3124961456520343
27.438345120085206,,2024-10-23T12:00:00Z,4,0,4,0,4,4,1,0,0,4,254.57759496003453,,,,,,,,32.76703017844263,240.00461967989594,4.200000286102295,PS_034,,,4.467038945294998
27.75663103817494,,2024-10-23T12:15:00Z,3,0,3,0,3,3,1,0,0,3,366.4174263614343,,,,,,,,33.77018035670242,358.4066054701515,4.200000286102295,PS_034,,,2.8701267007233118
28.785690820493315,,2024-10-23T12:30:00Z,4,0,4,0,4,4,1,0,0,4,552.7271937009332,,,,,,,,38.82029998955712,578.9808723727589,4.200000286102295,PS_034,,,3.0287086013485136
29.556855618427015,,2024-10-23T12:45:00Z,4,0,4,0,4,4,1,0,0,4,672.0390933500175,,,,,,,,41.955656831655034,715.3462699452974,4.200000286102295,PS_034,,,3.484106717079473
30.974493445275325,,2024-10-23T13:00:00Z,4,0,4,0,4,4,1,0,0,4,747.0722454489872,,,,,,,,50.85542892544455,800.4961690316647,4.200000286102295,PS_034,,,5.6443613068374034
31.37659154211923,,2024-10-23T13:15:00Z,3,0,3,0,3,3,1,0,0,3,1001.2969396717277,,,,,,,,52.45980322388514,1085.6828965260981,4.200000286102295,PS_034,,,4.142067925036336
31.548826986878797,,2024-10-23T13:30:00Z,4,0,4,0,4,4,1,0,0,4,910.8558722204011,,,,,,,,50.359281751638214,964.5537028710373,4.200000286102295,PS_034,,,5.5832287510692655
31.777967771409497,,2024-10-23T13:45:00Z,4,0,4,0,4,4,1,0,0,4,1106.0666985230635,,,,,,,,51.621689801630076,1176.123629684852,4.200000286102295,PS_034,,,5.42251262143245
31.635047106736064,,2024-10-23T14:00:00Z,3,0,3,0,3,3,1,0,0,3,1077.6827419665974,,,,,,,,50.2696268765414,1117.0508188804893,4.200000286102295,PS_034,,,5.496600080872429
32.149129346286095,,2024-10-23T14:15:00Z,4,0,4,0,4,4,1,0,0,4,1078.659495890736,,,,,,,,52.25392358241478,1090.4733676621263,4.200000286102295,PS_034,,,4.9221841106587805
32.20722047096855,,2024-10-23T14:30:00Z,4,0,4,0,4,4,1,0,0,4,870.3512688603599,,,,,,,,52.111217281967214,859.3216300425082,4.200000286102295,PS_034,,,3.4804940902268013
32.771796642963814,,2024-10-23T14:45:00Z,4,0,4,0,4,4,1,0,0,4,1177.154986611113,,,,,,,,47.24451272050826,1176.3064198563593,4.200000286102295,PS_034,,,5.466553791653353
32.9274421883119,,2024-10-23T15:00:00Z,3,0,3,0,3,3,1,0,0,3,1086.9984066964935,,,,,,,,50.57315267399412,1092.050873700152,4.200000286102295,PS_034,,,2.940530605616779
34.302667499799675,,2024-10-23T15:15:00Z,4,0,4,0,4,4,1,0,0,4,1226.3367231189438,,,,,,,,58.18676612230439,1220.1246645440285,4.200000286102295,PS_034,,,3.690997088969088
33.47597211027221,,2024-10-23T15:30:00Z,4,0,4,0,4,4,1,0,0,4,430.8706936555272,,,,,,,,50.132677635493856,448.9416903156474,4.200000286102295,PS_034,,,3.996879820070311
34.49765572546558,,2024-10-23T15:45:00Z,3,0,3,0,3,3,1,0,0,3,1316.5349912804477,,,,,,,,51.89522363367274,1341.1397598277633,4.200000286102295,PS_034,,,4.665187431009384
33.95125355721556,,2024-10-23T16:00:00Z,4,0,4,0,4,4,1,0,0,4,1060.8945660267627,,,,,,,,54.33158058414449,1030.0397032738101,4.200000286102295,PS_034,,,4.862722257634858
32.68798364150013,,2024-10-23T16:15:00Z,4,0,4,0,4,4,1,0,0,4,335.7178893620257,,,,,,,,42.2233434510854,365.47143910891975,4.200000286102295,PS_034,,,3.1704325858839537
34.04237793842799,,2024-10-23T16:30:00Z,4,0,4,0,4,4,1,0,0,4,890.3069683729804,,,,,,,,46.507436413846534,965.9710954582655,4.200000286102295,PS_034,,,5.098097579119888
34.36593801921933,,2024-10-23T16:45:00Z,3,0,3,0,3,3,1,0,0,3,685.3182920650564,,,,,,,,47.77562980784606,692.633959443704,4.200000286102295,PS_034,,,4.528028069918953
34.43637442202213,,2024-10-23T17:00:00Z,4,0,4,0,4,4,1,0,0,4,782.3213452119054,,,,,,,,50.1410469675574,855.5599221265254,4.200000286102295,PS_034,,,4.245752847977028
34.067752395137795,,2024-10-23T17:15:00Z,4,0,4,0,4,4,1,0,0,4,564.4220335364284,,,,,,,,51.82680893759567,632.5311083685848,4.200000286102295,PS_034,,,2.7575000878903713
33.97759220500605,,2024-10-23T17:30:00Z,3,0,3,0,3,3,1,0,0,3,417.07971498437934,,,,,,,,47.02731269783439,468.3794559193294,4.200000286102295,PS_034,,,2.884698914159609
32.716181948751235,,2024-10-23T17:45:00Z,4,0,4,0,4,4,1,0,0,4,313.5103785540679,,,,,,,,42.02078992952882,326.0796948249914,4.200000286102295,PS_034,,,3.15456033820466
32.91485472414221,,2024-10-23T18:00:00Z,4,0,4,0,4,4,1,0,0,4,554.7772590418133,,,,,,,,40.90542728083035,640.2398310708891,4.200000286102295,PS_034,,,5.474951349927137
32.114659704729576,,2024-10-23T18:15:00Z,4,0,4,0,4,4,1,0,0,4,332.52657246289493,,,,,,,,39.50145949706732,307.38562813939427,4.200000286102295,PS_034,,,4.210907688704943
31.918358826756332,,2024-10-23T18:30:00Z,3,0,3,0,3,3,1,0,0,3,627.5148267455459,,,,,,,,39.23715343737567,951.4367994454884,4.200000286102295,PS_034,,,4.73261000428546
30.976891702047144,,2024-10-23T18:45:00Z,4,0,4,0,4,4,1,0,0,4,182.8424792125742,,,,,,,,37.114164275900436,149.76948016920565,4.200000286102295,PS_034,,,4.145970394948879
31.31766745200936,,2024-10-23T19:00:00Z,4,0,4,0,4,4,1,0,0,4,515.5503320581928,,,,,,,,41.15630819156372,890.3536797132409,4.200000286102295,PS_034,,,4.5079994232974325
31.577907368425635,,2024-10-23T19:15:00Z,4,0,4,0,4,4,1,0,0,4,372.42429429320146,,,,,,,,43.558161251503606,699.6170163617535,4.200000286102295,PS_034,,,3.78587776348262
31.976572781068686,,2024-10-23T19:30:00Z,3,0,3,0,3,3,1,0,0,3,323.2338285461903,,,,,,,,45.921826209361804,592.1664082739884,4.200000286102295,PS_034,,,3.3169989580483543
31.04731662301947,,2024-10-23T19:45:00Z,4,0,4,0,4,4,1,0,0,4,77.79841155988669,,,,,,,,36.61925725609761,86.50828302314112,4.200000286102295,PS_034,,,2.579455665484581
30.447658841824673,,2024-10-23T20:00:00Z,4,0,4,0,4,4,1,0,0,4,50.980555133418925,,,,,,,,31.678298995263624,49.32105716929567,4.200000286102295,PS_034,,,2.5057014322660827
30.327583356452173,,2024-10-23T20:15:00Z,3,0,3,0,3,3,1,0,0,3,26.96010317896606,,,,,,,,30.504588274794706,26.386739018602178,4.200000286102295,PS_034,,,2.204981679162384
30.028032060092972,,2024-10-23T20:30:00Z,4,0,4,0,4,4,1,0,0,4,17.841927956975596,,,,,,,,29.7828682743063,18.679885322644413,4.200000286102295,PS_034,,,1.8735530375746883
29.13137256151108,,2024-10-23T20:45:00Z,4,0,4,0,4,4,1,0,0,4,10.316385710383429,,,,,,,,27.04267667439724,10.611237076355552,4.200000286102295,PS_034,,,3.0273947707721427
27.648334790218936,,2024-10-23T21:00:00Z,4,0,4,0,4,4,1,0,0,4,3.502090029370174,,,,,,,,26.013066785819824,3.206561517152959,4.200000286102295,PS_034,,,2.6327269869527585
27.428552673810927,,2024-10-23T21:15:00Z,3,0,3,0,3,3,1,0,0,3,0.9485380454713583,,,,,,,,26.3476144179046,1.0662951410779806,4.200000286102295,PS_034,,,1.2931556141832068
27.78722911153552,,2024-10-23T21:30:00Z,4,0,4,0,4,4,1,0,0,4,0.0,,,,,,,,26.59439998427404,-0.23471965437753084,4.200000286102295,PS_034,,,1.5452326902166191
27.708278844687705,,2024-10-23T21:45:00Z,4,0,4,0,4,4,1,0,0,4,0.0,,,,,,,,26.100573937410356,-0.6387454958279969,4.200000286102295,PS_034,,,1.551649707659346
27.55147347520677,,2024-10-23T22:00:00Z,3,0,3,0,3,3,1,0,0,3,0.0,,,,,,,,25.61430933290369,-0.49490249619693905,4.200000286102295,PS_034,,,2.0469935790045852
26.763969736532413,,2024-10-23T22:15:00Z,4,0,4,0,4,4,1,0,0,4,0.0,,,,,,,,25.0764259830903,-0.4256286783368201,4.200000286102295,PS_034,,,0.7522073472445963
26.91943154841219,,2024-10-23T22:30:00Z,4,0,4,0,4,4,1,0,0,4,0.0,,,,,,,,25.24398766031614,-0.41992988156828015,4.200000286102295,PS_034,,,2.210848615903552
27.299001727941487,,2024-10-23T22:45:00Z,4,0,4,0,4,4,1,0,0,4,0.0,,,,,,,,25.9368927242297,-0.13320675302343352,4.200000286102295,PS_034,,,2.9162091043183045
27.47550540530504,,2024-10-23T23:00:00Z,3,0,3,0,3,3,1,0,0,3,0.0,,,,,,,,26.144965274728005,-0.3173279671615322,4.200000286102295,PS_034,,,2.403280471103556
27.49902475783875,,2024-10-23T23:15:00Z,4,0,4,0,4,4,1,0,0,4,0.0,,,,,,,,26.281317493009784,-0.310245338095122,4.200000286102295,PS_034,,,2.733584829357852
27.260004862548136,,2024-10-23T23:30:00Z,4,0,4,0,4,4,1,0,0,4,0.0,,,,,,,,25.94423647404816,-0.44321514090463643,4.200000286102295,PS_034,,,1.36894708600649
26.643747568489363,,2024-10-23T23:45:00Z,4,0,4,0,4,4,1,0,0,4,0.0,,,,,,,,25.417245020967048,-0.5430474328844046,4.200000286102295,PS_034,,,1.6447222385064741
25.776933993492303,,2024-10-24T00:00:00Z,3,0,3,0,3,3,1,0,0,3,0.0,,,,,,,,24.38846626074665,-0.9311342061648956,4.200000286102295,PS_034,,,1.9292207963080783
25.803909213917663,,2024-10-24T00:15:00Z,4,0,4,0,4,4,1,0,0,4,0.0,,,,,,,,23.811272022427595,-0.6141896049269026,4.200000286102295,PS_034,,,2.2387544606392917
25.567031471564544,,2024-10-24T00:30:00Z,4,0,4,0,4,4,1,0,0,4,0.0,,,,,,,,23.462969433498877,-0.5708994971756383,4.200000286102295,PS_034,,,0.9940483036226703
25.13653253390994,,2024-10-24T00:45:00Z,3,0,3,0,3,3,1,0,0,3,0.0,,,,,,,,23.058243662685506,-0.7845903611568488,4.200000286102295,PS_034,,,0.7583820279882283
24.831808182393505,,2024-10-24T01:00:00Z,4,0,4,0,4,4,1,0,0,4,0.0,,,,,,,,22.85738341594546,-0.6992144995449628,4.200000286102295,PS_034,,,1.2695551212013318
24.461087416111482,,2024-10-24T01:15:00Z,4,0,4,0,4,4,1,0,0,4,0.0,,,,,,,,23.47690883997191,-0.42008730443409736,4.200000286102295,PS_034,,,2.1986620307082947
24.81084718301635,,2024-10-24T01:30:00Z,4,0,4,0,4,4,1,0,0,4,0.0,,,,,,,,24.06949033963235,-0.40707704748731355,4.200000286102295,PS_034,,,2.2977294581022094
24.63871185848429,,2024-10-24T01:45:00Z,3,0,3,0,3,3,1,0,0,3,0.0,,,,,,,,23.89688909354374,-0.44339221561437386,4.200000286102295,PS_034,,,4.111190099106272
23.784634713717693,,2024-10-24T02:00:00Z,4,0,4,0,4,4,1,0,0,4,0.0,,,,,,,,23.099096475647855,-0.3772455959119296,4.200000286102295,PS_034,,,4.138080540002298
23.28797512204397,,2024-10-24T02:15:00Z,4,0,4,0,4,4,1,0,0,4,0.0,,,,,,,,22.717617569980106,-0.30279725909159005,4.200000286102295,PS_034,,,4.335795989620501
23.144659111936512,,2024-10-24T02:30:00Z,3,0,3,0,3,3,1,0,0,3,0.0,,,,,,,,22.447314420773694,-0.5400196216250494,4.200000286102295,PS_034,,,3.581436193497118
23.126721206148428,,2024-10-24T02:45:00Z,4,0,4,0,4,4,1,0,0,4,0.0,,,,,,,,22.506103746492617,-0.3143904363686115,4.200000286102295,PS_034,,,3.180222293658841
23.138950056198446,,2024-10-24T03:00:00Z,4,0,4,0,4,4,1,0,0,4,0.0,,,,,,,,22.709726365062412,-0.21599482107943002,4.200000286102295,PS_034,,,2.380711015200007
23.223222133748752,,2024-10-24T03:15:00Z,4,0,4,0,4,4,1,0,0,4,0.0,,,,,,,,22.823479444924406,-0.16889103712782533,4.200000286102295,PS_034,,,2.9528682309308625
23.145768095196523,,2024-10-24T03:30:00Z,3,0,3,0,3,3,1,0,0,3,0.0,,,,,,,,22.70516127712079,-0.3632576138876229,4.200000286102295,PS_034,,,2.8191425723463537
22.95352028974199,,2024-10-24T03:45:00Z,4,0,4,0,4,4,1,0,0,4,0.0,,,,,,,,22.322905642847502,-0.4087679857629492,4.200000286102295,PS_034,,,3.079591278184052
22.825230498955502,,2024-10-24T04:00:00Z,4,0,4,0,4,4,1,0,0,4,0.0,,,,,,,,22.061858362478436,-0.5252005302329722,4.200000286102295,PS_034,,,2.8142519290891217
22.810557173264026,,2024-10-24T04:15:00Z,4,0,4,0,4,4,1,0,0,4,0.01334211093392119,,,,,,,,22.02520318504111,-0.3654186707811297,4.200000286102295,PS_034,,,2.5762562006872702
22.731697390648502,,2024-10-24T04:30:00Z,3,0,3,0,3,3,1,0,0,3,0.0,,,,,,,,21.98180902017925,-0.42447748208495445,4.200000286102295,PS_034,,,1.627953692651835
22.514742083610365,,2024-10-24T04:45:00Z,4,0,4,0,4,4,1,0,0,4,0.0,,,,,,,,21.98190762474313,-0.3621842992933788,4.200000286102295,PS_034,,,2.7140352974803315
22.41519208324801,,2024-10-24T05:00:00Z,4,0,4,0,4,4,1,0,0,4,0.0,,,,,,,,21.932414481692966,-0.2280984884564918,4.200000286102295,PS_034,,,2.148898237794385
22.30805937284168,,2024-10-24T05:15:00Z,3,0,3,0,3,3,1,0,0,3,0.0,,,,,,,,21.731898754533024,-0.3307961001529953,4.200000286102295,PS_034,,,2.849394969641885
22.367587921261595,,2024-10-24T05:30:00Z,4,0,4,0,4,4,1,0,0,4,0.0,,,,,,,,21.73185596253467,-0.3076037096666486,4.200000286102295,PS_034,,,2.631851182774545
22.312288725738355,,2024-10-24T05:45:00Z,4,0,4,0,4,4,1,0,0,4,0.0,,,,,,,,21.69843595142826,-0.2654107227986657,4.200000286102295,PS_034,,,2.369892043310433
22.279034306393406,,2024-10-24T06:00:00Z,4,0,4,0,4,4,1,0,0,4,0.0,,,,,,,,21.690570846747764,-0.3012532749043745,4.200000286102295,PS_034,,,2.849256910076581
22.147103026440693,,2024-10-24T06:15:00Z,3,0,3,0,3,3,1,0,0,3,0.0,,,,,,,,21.653129982016075,-0.3441210380649537,4.200000286102295,PS_034,,,2.563124979761787
22.113271784485185,,2024-10-24T06:30:00Z,4,0,4,0,4,4,1,0,0,4,0.0,,,,,,,,21.615149874506276,-0.2804275187524027,4.200000286102295,PS_034,,,2.5540062324828456
22.189388425744358,,2024-10-24T06:45:00Z,4,0,4,0,4,4,1,0,0,4,0.0,,,,,,,,21.486912828735065,-0.262417999200373,4.200000286102295,PS_034,,,1.8984449722614973
22.188718329115073,,2024-10-24T07:00:00Z,3,0,3,0,3,3,1,0,0,3,0.0,,,,,,,,21.434397449729598,-0.24285803022520433,4.200000286102295,PS_034,,,2.1962859114330153
22.135576039113857,,2024-10-24T07:15:00Z,4,0,4,0,4,4,1,0,0,4,0.0,,,,,,,,21.430566541577466,-0.28886753197234644,4.200000286102295,PS_034,,,2.4120229234734563
22.072991355780562,,2024-10-24T07:30:00Z,4,0,4,0,4,4,1,0,0,4,0.0,,,,,,,,21.347849109610152,-0.4181177099683359,4.200000286102295,PS_034,,,2.74208979158614
22.104808168141,,2024-10-24T07:45:00Z,4,0,4,0,4,4,1,0,0,4,0.0,,,,,,,,21.309906478428317,-0.25389493465470636,4.200000286102295,PS_034,,,2.144918299378529
22.128624115934944,,2024-10-24T08:00:00Z,3,0,3,0,3,3,1,0,0,3,0.0,,,,,,,,21.33475702786154,-0.14363788911743633,4.200000286102295,PS_034,,,3.174533036052659
22.061999756029195,,2024-10-24T08:15:00Z,4,0,4,0,4,4,1,0,0,4,0.0,,,,,,,,21.212719426787242,-0.17953101147283118,4.200000286102295,PS_034,,,3.179477812257864
22.13900750205172,,2024-10-24T08:30:00Z,4,0,4,0,4,4,1,0,0,4,0.15111736862677524,,,,,,,,21.235286153410417,0.3656996605023996,4.200000286102295,PS_034,,,3.3710605968552225
22.17200956059301,,2024-10-24T08:45:00Z,3,0,3,0,3,3,1,0,0,3,8.007017527547717,,,,,,,,21.32240519098665,8.994278488256738,4.200000286102295,PS_034,,,4.317445949567723
22.409891959996024,,2024-10-24T09:00:00Z,4,0,4,0,4,4,1,0,0,4,22.193438941135522,,,,,,,,21.61936200195364,26.742915876102074,4.200000286102295,PS_034,,,2.557213374734872
22.688075017399566,,2024-10-24T09:15:00Z,4,0,4,0,4,4,1,0,0,4,41.648697363414236,,,,,,,,22.19187821106468,47.52131932946748,4.200000286102295,PS_034,,,2.7932133980622007
23.0284280098716,,2024-10-24T09:30:00Z,4,0,4,0,4,4,1,0,0,4,80.92054392488755,,,,,,,,22.980043389131126,97.27296289650417,4.200000286102295,PS_034,,,2.210240358021197
23.521688397846667,,2024-10-24T09:45:00Z,3,0,3,0,3,3,1,0,0,3,123.42653695450214,,,,,,,,24.90370499214522,162.43428435933578,4.200000286102295,PS_034,,,1.618586623736003
23.82196379236991,,2024-10-24T10:00:00Z,4,0,4,0,4,4,1,0,0,4,150.45979811542193,,,,,,,,27.254910373466778,215.56807370692738,4.200000286102295,PS_034,,,1.532036846414297
24.31355673211982,,2024-10-24T10:15:00Z,4,0,4,0,4,4,1,0,0,4,201.01986318360747,,,,,,,,31.22582256004919,337.4152421104882,4.200000286102295,PS_034,,,2.5302552030566163
24.19570001237113,,2024-10-24T10:30:00Z,3,0,3,0,3,3,1,0,0,3,195.19919006547678,,,,,,,,30.717385436725614,209.1980905679601,4.200000286102295,PS_034,,,3.041259429048657
24.723202894157367,,2024-10-24T10:45:00Z,4,0,4,0,4,4,1,0,0,4,298.988206786349,,,,,,,,31.239167632606332,354.12488143968824,4.200000286102295,PS_034,,,3.3958292297732067
25.468967010173515,,2024-10-24T11:00:00Z,4,0,4,0,4,4,1,0,0,4,425.2983119970297,,,,,,,,34.07785298851358,749.917516793459,4.200000286102295,PS_034,,,4.190112083743699
25.98609756237898,,2024-10-24T11:15:00Z,4,0,4,0,4,4,1,0,0,4,345.93897057187036,,,,,,,,36.2432316791095,505.3154288298996,4.200000286102295,PS_034,,,3.3078694788685845
26.985186235367497,,2024-10-24T11:30:00Z,3,0,3,0,3,3,1,0,0,3,598.6898100372379,,,,,,,,41.08426230756997,922.9030950743995,4.200000286102295,PS_034,,,3.297061413811077
28.435912814148125,,2024-10-24T11:45:00Z,4,0,4,0,4,4,1,0,0,4,654.0575542233485,,,,,,,,45.45548611043882,959.0907850511885,4.200000286102295,PS_034,,,4.882521926287146
29.08659259283708,,2024-10-24T12:00:00Z,4,0,4,0,4,4,1,0,0,4,711.917331121488,,,,,,,,45.82461195688331,979.6680448546076,4.200000286102295,PS_034,,,4.726642668667599
29.735554922079366,,2024-10-24T12:15:00Z,3,0,3,0,3,3,1,0,0,3,760.8785980015219,,,,,,,,46.88978777591272,998.8938588128915,4.200000286102295,PS_034,,,4.164073737708227
30.277839222885053,,2024-10-24T12:30:00Z,4,0,4,0,4,4,1,0,0,4,804.4962415009846,,,,,,,,47.778860417598075,1000.5168926871829,4.200000286102295,PS_034,,,4.406185933248935
31.24839576423178,,2024-10-24T12:45:00Z,4,0,4,0,4,4,1,0,0,4,846.6512327892932,,,,,,,,48.10018513661836,1006.1206097696916,4.200000286102295,PS_034,,,7.260074663324069
32.124553009144826,,2024-10-24T13:00:00Z,4,0,4,0,4,4,1,0,0,4,898.0054363383009,,,,,,,,49.40951644248454,1019.7448621664264,4.200000286102295,PS_034,,,5.99044948948768
32.32194274670368,,2024-10-24T13:15:00Z,3,0,3,0,3,3,1,0,0,3,929.66460536452,,,,,,,,47.42285830327141,1019.9558378007438,4.200000286102295,PS_034,,,4.84809213316397
32.936184113927105,,2024-10-24T13:30:00Z,4,0,4,0,4,4,1,0,0,4,985.3715383696377,,,,,,,,48.28302602064774,1038.4331625574036,4.200000286102295,PS_034,,,6.621225578442925
33.540896977705536,,2024-10-24T13:45:00Z,4,0,4,0,4,4,1,0,0,4,948.9459145203411,,,,,,,,50.45688696541035,1044.5310198138902,4.200000286102295,PS_034,,,6.079587842329516
33.50923550323684,,2024-10-24T14:00:00Z,4,0,4,0,4,4,1,0,0,4,662.0399152386796,,,,,,,,46.7298816235956,689.4360000134538,4.200000286102295,PS_034,,,6.962234473652114
33.38552201826509,,2024-10-24T14:15:00Z,3,0,3,0,3,3,1,0,0,3,880.0998466762479,,,,,,,,45.410887269642295,891.4910012078768,4.200000286102295,PS_034,,,6.629318798301379
33.74154947850863,,2024-10-24T14:30:00Z,4,0,4,0,4,4,1,0,0,4,682.6451208801105,,,,,,,,44.885058031061526,718.5776143191999,4.200000286102295,PS_034,,,6.08734100344714
33.445481162646296,,2024-10-24T14:45:00Z,4,0,4,0,4,4,1,0,0,4,581.7721920880153,,,,,,,,42.35408963055517,617.2665850565189,4.200000286102295,PS_034,,,6.278497463393898
34.878528328724215,,2024-10-24T15:00:00Z,3,0,3,0,3,3,1,0,0,3,1123.2241461337928,,,,,,,,49.699594837998106,1147.0874478054125,4.200000286102295,PS_034,,,6.659775964809742
33.718174406861145,,2024-10-24T15:15:00Z,4,0,4,0,4,4,1,0,0,4,490.2052719916249,,,,,,,,45.32432711480784,454.5224902285452,4.200000286102295,PS_034,,,5.946654654244236
34.296142136510326,,2024-10-24T15:30:00Z,4,0,4,0,4,4,1,0,0,4,422.82719665527605,,,,,,,,45.23652114773923,437.33077817415625,4.200000286102295,PS_034,,,5.92175651015271
33.99826456608147,,2024-10-24T15:45:00Z,4,0,4,0,4,4,1,0,0,4,285.43187796075455,,,,,,,,41.448348410965174,298.3317433032607,4.200000286102295,PS_034,,,4.698365734044179
35.26951451704252,,2024-10-24T16:00:00Z,3,0,3,0,3,3,1,0,0,3,1155.0468302538945,,,,,,,,47.52431863629408,1180.0255903043396,4.200000286102295,PS_034,,,6.1762599785118555
35.875003749001465,,2024-10-24T16:15:00Z,4,0,4,0,4,4,1,0,0,4,679.5094795783442,,,,,,,,53.03601528370663,717.8316180863156,4.200000286102295,PS_034,,,6.160109456482242
35.56900716561821,,2024-10-24T16:30:00Z,4,0,4,0,4,4,1,0,0,4,1053.377949900837,,,,,,,,54.98435625996291,1113.0490771998689,4.200000286102295,PS_034,,,6.717961857044122
35.913187044389595,,2024-10-24T16:45:00Z,3,0,3,0,3,3,1,0,0,3,999.1235421291769,,,,,,,,53.31292722401071,1072.7203904773528,4.200000286102295,PS_034,,,3.9655438653928425
35.93988424186832,,2024-10-24T17:00:00Z,4,0,4,0,4,4,1,0,0,4,841.9574045966219,,,,,,,,52.11261449226959,934.9335005937772,4.200000286102295,PS_034,,,5.260717010380849
35.73841280019098,,2024-10-24T17:15:00Z,4,0,4,0,4,4,1,0,0,4,801.7597309185904,,,,,,,,51.83907601300507,958.6002596809045,4.200000286102295,PS_034,,,4.027374986465272
36.60659672681122,,2024-10-24T17:30:00Z,4,0,4,0,4,4,1,0,0,4,898.0194920580733,,,,,,,,54.57873286148542,1071.9197774836896,4.200000286102295,PS_034,,,4.4666452005583075
36.236703929699644,,2024-10-24T17:45:00Z,3,0,3,0,3,3,1,0,0,3,863.8076245380086,,,,,,,,56.2212108300483,1086.0371983855405,4.200000286102295,PS_034,,,7.097684899029859
36.64239675953981,,2024-10-24T18:00:00Z,4,0,4,0,4,4,1,0,0,4,765.1904082589458,,,,,,,,53.49145712064697,981.8278944083986,4.200000286102295,PS_034,,,5.708883166204378
35.595245004169854,,2024-10-24T18:15:00Z,4,0,4,0,4,4,1,0,0,4,424.07048197216915,,,,,,,,48.40349145418621,557.4826485056793,4.200000286102295,PS_034,,,6.512595049405902
35.31785113319917,,2024-10-24T18:30:00Z,3,0,3,0,3,3,1,0,0,3,391.6193976984841,,,,,,,,46.36393761835037,544.018157454507,4.200000286102295,PS_034,,,5.571421331920398
35.16688652245134,,2024-10-24T18:45:00Z,4,0,4,0,4,4,1,0,0,4,551.4055318920012,,,,,,,,43.34561336427851,750.2078377369758,4.200000286102295,PS_034,,,5.583917758214005
35.55845264105539,,2024-10-24T19:00:00Z,4,0,4,0,4,4,1,0,0,4,330.9953738347051,,,,,,,,46.49940754541017,386.0960302514675,4.200000286102295,PS_034,,,3.8129053751185586
35.025414081240996,,2024-10-24T19:15:00Z,4,0,4,0,4,4,1,0,0,4,267.2063898691384,,,,,,,,42.620472475262986,421.31073929022995,4.200000286102295,PS_034,,,4.698665049211229
35.443059947898284,,2024-10-24T19:30:00Z,3,0,3,0,3,3,1,0,0,3,413.5584669161607,,,,,,,,43.91257744998878,751.9297653105406,4.200000286102295,PS_034,,,5.330966947197972
35.25269611962283,,2024-10-24T19:45:00Z,4,0,4,0,4,4,1,0,0,4,339.516514215949,,,,,,,,46.80694692217355,704.0165192926269,4.200000286102295,PS_034,,,6.156073065983704
34.920966947598856,,2024-10-24T20:00:00Z,4,0,4,0,4,4,1,0,0,4,254.08260177870045,,,,,,,,44.72252235698248,526.4429400063485,4.200000286102295,PS_034,,,5.325491710528927
34.45160225111644,,2024-10-24T20:15:00Z,3,0,3,0,3,3,1,0,0,3,99.09749895703395,,,,,,,,40.33141027967058,150.55182524762495,4.200000286102295,PS_034,,,3.8359252967670177
33.60171621574342,,2024-10-24T20:30:00Z,4,0,4,0,4,4,1,0,0,4,25.838172651273606,,,,,,,,34.225633488300915,26.047471383863524,4.200000286102295,PS_034,,,5.166214909756006
31.844142115645347,,2024-10-24T20:45:00Z,4,0,4,0,4,4,1,0,0,4,13.43549024845347,,,,,,,,30.484845726951445,12.198977784138446,4.200000286102295,PS_034,,,5.685004552791777
30.908038092405157,,2024-10-24T21:00:00Z,4,0,4,0,4,4,1,0,0,4,6.098116618553899,,,,,,,,29.845096849994462,6.468082762553033,4.200000286102295,PS_034,,,4.422291056227203
30.36580203293625,,2024-10-24T21:15:00Z,3,0,3,0,3,3,1,0,0,3,2.121544993291476,,,,,,,,29.654762669827406,2.2309233052744517,4.200000286102295,PS_034,,,6.149133373046312
28.907230036124066,,2024-10-24T21:30:00Z,4,0,4,0,4,4,1,0,0,4,1.3548126735515162,,,,,,,,28.55263985195338,1.117062551406209,4.200000286102295,PS_034,,,4.363082299753669
27.46409456160487,,2024-10-24T21:45:00Z,4,0,4,0,4,4,1,0,0,4,0.0,,,,,,,,26.973056781427353,-0.5491196758279119,4.200000286102295,PS_034,,,2.181665865614133
27.512188080388846,,2024-10-24T22:00:00Z,3,0,3,0,3,3,1,0,0,3,0.0,,,,,,,,26.642021089521197,-0.7695671581965159,4.200000286102295,PS_034,,,0.9019551740162629
27.54807914473132,,2024-10-24T22:15:00Z,4,0,4,0,4,4,1,0,0,4,0.0,,,,,,,,26.4242376946264,-0.7640924387509633,4.200000286102295,PS_034,,,1.1101602591715152
26.94654401498234,,2024-10-24T22:30:00Z,4,0,4,0,4,4,1,0,0,4,0.0,,,,,,,,26.105571303150246,-0.7880042123607226,4.200000286102295,PS_034,,,1.718500222067655
27.424859709277374,,2024-10-24T22:45:00Z,4,0,4,0,4,4,1,0,0,4,0.0,,,,,,,,26.18381933463081,-0.5041795320311169,4.200000286102295,PS_034,,,2.489703427704994
28.26235841008638,,2024-10-24T23:00:00Z,3,0,3,0,3,3,1,0,0,3,0.0,,,,,,,,26.92582888986503,-0.23033819000604822,4.200000286102295,PS_034,,,3.3630156381940197
28.2355852770919,,2024-10-24T23:15:00Z,4,0,4,0,4,4,1,0,0,4,0.0,,,,,,,,26.2756305169547,-0.5902023023263778,4.200000286102295,PS_034,,,5.904648904159251
26.680630836463404,,2024-10-24T23:30:00Z,4,0,4,0,4,4,1,0,0,4,2.0615145490102846,,,,,,,,24.85376104602882,2.0726360969604434,4.200000286102295,PS_034,,,10.039733128038531
26.0023024696143,,2024-10-24T23:45:00Z,3,0,3,0,3,3,1,0,0,3,0.0,,,,,,,,24.031642380279646,0.03285197892772495,4.200000286102295,PS_034,,,8.232930861079577
