ambient_temperature_celsius,battery_voltage,datetime,document_count_ambient_temperature_celsius,document_count_battery_voltage,document_count_ghi_irradiance_wm2,document_count_gri_irradiance_wm2,document_count_panel_temperature_celsius,document_count_poa_irradiance_wm2,document_count_precipitation_accumulated_mm,document_count_tracker_albedo_index,document_count_wind_direction_degrees,document_count_wind_speed_ms,ghi_irradiance_wm2,gri_irradiance_wm2,interpolated_keys_ambient_temperature_celsius,interpolated_keys_ghi_irradiance_wm2,interpolated_keys_panel_temperature_celsius,interpolated_keys_poa_irradiance_wm2,interpolated_keys_wind_speed_ms,panel_temperature_celsius,poa_irradiance_wm2,precipitation_accumulated_mm,ps_id,tracker_albedo_index,wind_direction_degrees,wind_speed_ms
,,2024-10-08T00:00:00Z,0,0,0,0,0,0,0,0,0,0,,,,,,,,,,,PS_033,,,
,,2024-10-08T00:15:00Z,0,0,0,0,0,0,0,0,0,0,,,,,,,,,,,PS_033,,,
,,2024-10-08T00:30:00Z,0,0,0,0,0,0,0,0,0,0,,,,,,,,,,,PS_033,,,
,,2024-10-08T00:45:00Z,0,0,0,0,0,0,0,0,0,0,,,,,,,,,,,PS_033,,,
,,2024-10-08T01:00:00Z,0,0,0,0,0,0,0,0,0,0,,,,,,,,,,,PS_033,,,
,,2024-10-08T01:15:00Z,0,0,0,0,0,0,0,0,0,0,,,,,,,,,,,PS_033,,,
,,2024-10-08T01:30:00Z,0,0,0,0,0,0,0,0,0,0,,,,,,,,,,,PS_033,,,
,,2024-10-08T01:45:00Z,0,0,0,0,0,0,0,0,0,0,,,,,,,,,,,PS_033,,,
,,2024-10-08T02:00:00Z,0,0,0,0,0,0,0,0,0,0,,,,,,,,,,,PS_033,,,
,,2024-10-08T02:15:00Z,0,0,0,0,0,0,0,0,0,0,,,,,,,,,,,PS_033,,,
,,2024-10-08T02:30:00Z,0,0,0,0,0,0,0,0,0,0,,,,,,,,,,,PS_033,,,
,,2024-10-08T02:45:00Z,0,0,0,0,0,0,0,0,0,0,,,,,,,,,,,PS_033,,,
,,2024-10-08T03:00:00Z,0,0,0,0,0,0,0,0,0,0,,,,,,,,,,,PS_033,,,
,,2024-10-08T03:15:00Z,0,0,0,0,0,0,0,0,0,0,,,,,,,,,,,PS_033,,,
,,2024-10-08T03:30:00Z,0,0,0,0,0,0,0,0,0,0,,,,,,,,,,,PS_033,,,
,,2024-10-08T03:45:00Z,0,0,0,0,0,0,0,0,0,0,,,,,,,,,,,PS_033,,,
,,2024-10-08T04:00:00Z,0,0,0,0,0,0,0,0,0,0,,,,,,,,,,,PS_033,,,
,,2024-10-08T04:15:00Z,0,0,0,0,0,0,0,0,0,0,,,,,,,,,,,PS_033,,,
,,2024-10-08T04:30:00Z,0,0,0,0,0,0,0,0,0,0,,,,,,,,,,,PS_033,,,
,,2024-10-08T04:45:00Z,0,0,0,0,0,0,0,0,0,0,,,,,,,,,,,PS_033,,,
,,2024-10-08T05:00:00Z,0,0,0,0,0,0,0,0,0,0,,,,,,,,,,,PS_033,,,
,,2024-10-08T05:15:00Z,0,0,0,0,0,0,0,0,0,0,,,,,,,,,,,PS_033,,,
,,2024-10-08T05:30:00Z,0,0,0,0,0,0,0,0,0,0,,,,,,,,,,,PS_033,,,
,,2024-10-08T05:45:00Z,0,0,0,0,0,0,0,0,0,0,,,,,,,,,,,PS_033,,,
,,2024-10-08T06:00:00Z,0,0,0,0,0,0,0,0,0,0,,,,,,,,,,,PS_033,,,
,,2024-10-08T06:15:00Z,0,0,0,0,0,0,0,0,0,0,,,,,,,,,,,PS_033,,,
,,2024-10-08T06:30:00Z,0,0,0,0,0,0,0,0,0,0,,,,,,,,,,,PS_033,,,
,,2024-10-08T06:45:00Z,0,0,0,0,0,0,0,0,0,0,,,,,,,,,,,PS_033,,,
,,2024-10-08T07:00:00Z,0,0,0,0,0,0,0,0,0,0,,,,,,,,,,,PS_033,,,
,,2024-10-08T07:15:00Z,0,0,0,0,0,0,0,0,0,0,,,,,,,,,,,PS_033,,,
,,2024-10-08T07:30:00Z,0,0,0,0,0,0,0,0,0,0,,,,,,,,,,,PS_033,,,
,,2024-10-08T07:45:00Z,0,0,0,0,0,0,0,0,0,0,,,,,,,,,,,PS_033,,,
,,2024-10-08T08:00:00Z,0,0,0,0,0,0,0,0,0,0,,,,,,,,,,,PS_033,,,
,,2024-10-08T08:15:00Z,0,0,0,0,0,0,0,0,0,0,,,,,,,,,,,PS_033,,,
,,2024-10-08T08:30:00Z,0,0,0,0,0,0,0,0,0,0,,,,,,,,,,,PS_033,,,
,,2024-10-08T08:45:00Z,0,0,0,0,0,0,0,0,0,0,,,,,,,,,,,PS_033,,,
,,2024-10-08T09:00:00Z,0,0,0,0,0,0,0,0,0,0,,,,,,,,,,,PS_033,,,
,,2024-10-08T09:15:00Z,0,0,0,0,0,0,0,0,0,0,,,,,,,,,,,PS_033,,,
,,2024-10-08T09:30:00Z,0,0,0,0,0,0,0,0,0,0,,,,,,,,,,,PS_033,,,
,,2024-10-08T09:45:00Z,0,0,0,0,0,0,0,0,0,0,,,,,,,,,,,PS_033,,,
,,2024-10-08T10:00:00Z,0,0,0,0,0,0,0,0,0,0,,,,,,,,,,,PS_033,,,
,,2024-10-08T10:15:00Z,0,0,0,0,0,0,0,0,0,0,,,,,,,,,,,PS_033,,,
,,2024-10-08T10:30:00Z,0,0,0,0,0,0,0,0,0,0,,,,,,,,,,,PS_033,,,
,,2024-10-08T10:45:00Z,0,0,0,0,0,0,0,0,0,0,,,,,,,,,,,PS_033,,,
,,2024-10-08T11:00:00Z,0,0,0,0,0,0,0,0,0,0,,,,,,,,,,,PS_033,,,
,,2024-10-08T11:15:00Z,0,0,0,0,0,0,0,0,0,0,,,,,,,,,,,PS_033,,,
,,2024-10-08T11:30:00Z,0,0,0,0,0,0,0,0,0,0,,,,,,,,,,,PS_033,,,
,,2024-10-08T11:45:00Z,0,0,0,0,0,0,0,0,0,0,,,,,,,,,,,PS_033,,,
,,2024-10-08T12:00:00Z,0,0,0,0,0,0,0,0,0,0,,,,,,,,,,,PS_033,,,
,,2024-10-08T12:15:00Z,0,0,0,0,0,0,0,0,0,0,,,,,,,,,,,PS_033,,,
,,2024-10-08T12:30:00Z,0,0,0,0,0,0,0,0,0,0,,,,,,,,,,,PS_033,,,
,,2024-10-08T12:45:00Z,0,0,0,0,0,0,0,0,0,0,,,,,,,,,,,PS_033,,,
,,2024-10-08T13:00:00Z,0,0,0,0,0,0,0,0,0,0,,,,,,,,,,,PS_033,,,
,,2024-10-08T13:15:00Z,0,0,0,0,0,0,0,0,0,0,,,,,,,,,,,PS_033,,,
,,2024-10-08T13:30:00Z,0,0,0,0,0,0,0,0,0,0,,,,,,,,,,,PS_033,,,
,,2024-10-08T13:45:00Z,0,0,0,0,0,0,0,0,0,0,,,,,,,,,,,PS_033,,,
,,2024-10-08T14:00:00Z,0,0,0,0,0,0,0,0,0,0,,,,,,,,,,,PS_033,,,
,,2024-10-08T14:15:00Z,0,0,0,0,0,0,0,0,0,0,,,,,,,,,,,PS_033,,,
,,2024-10-08T14:30:00Z,0,0,0,0,0,0,0,0,0,0,,,,,,,,,,,PS_033,,,
,,2024-10-08T14:45:00Z,0,0,0,0,0,0,0,0,0,0,,,,,,,,,,,PS_033,,,
39.586669921875,,2024-10-08T15:00:00Z,1,0,1,0,1,1,0,0,0,1,912.8599853515624,,,,,,,630.0,761.4199829101562,,PS_033,,,4.432000160217285
,,2024-10-08T15:15:00Z,0,0,0,0,0,0,1,0,0,0,,,,,,,,,,0.0,PS_033,,,
,,2024-10-08T15:30:00Z,0,0,0,0,0,0,1,0,0,0,,,,,,,,,,0.0,PS_033,,,
,,2024-10-08T15:45:00Z,0,0,0,0,0,0,1,0,0,0,,,,,,,,,,0.0,PS_033,,,
,,2024-10-08T16:00:00Z,0,0,0,0,0,0,1,0,0,0,,,,,,,,,,0.0,PS_033,,,
,,2024-10-08T16:15:00Z,0,0,0,0,0,0,1,0,0,0,,,,,,,,,,0.0,PS_033,,,
,,2024-10-08T16:30:00Z,0,0,0,0,0,0,1,0,0,0,,,,,,,,,,0.0,PS_033,,,
41.0,,2024-10-08T16:45:00Z,1,0,1,0,1,1,1,0,0,1,793.8099975585938,,,,,,,42.599998474121094,481.2900085449218,0.0,PS_033,,,4.567999839782715
,,2024-10-08T17:00:00Z,0,0,0,0,0,0,1,0,0,0,,,,,,,,,,0.0,PS_033,,,
,,2024-10-08T17:15:00Z,0,0,0,0,0,0,1,0,0,0,,,,,,,,,,0.0,PS_033,,,
,,2024-10-08T17:30:00Z,0,0,0,0,0,0,1,0,0,0,,,,,,,,,,0.0,PS_033,,,
,,2024-10-08T17:45:00Z,0,0,0,0,0,0,1,0,0,0,,,,,,,,,,0.0,PS_033,,,
,,2024-10-08T18:00:00Z,0,0,0,0,0,0,1,0,0,0,,,,,,,,,,0.0,PS_033,,,
,,2024-10-08T18:15:00Z,0,0,0,0,0,0,1,0,0,0,,,,,,,,,,0.0,PS_033,,,
,,2024-10-08T18:30:00Z,0,0,0,0,0,0,1,0,0,0,,,,,,,,,,0.0,PS_033,,,
,,2024-10-08T18:45:00Z,0,0,0,0,0,0,1,0,0,0,,,,,,,,,,0.0,PS_033,,,
,,2024-10-08T19:00:00Z,0,0,0,0,0,0,1,0,0,0,,,,,,,,,,0.0,PS_033,,,
,,2024-10-08T19:15:00Z,0,0,0,0,0,0,1,0,0,0,,,,,,,,,,0.0,PS_033,,,
,,2024-10-08T19:30:00Z,0,0,0,0,0,0,1,0,0,0,,,,,,,,,,0.0,PS_033,,,
,,2024-10-08T19:45:00Z,0,0,0,0,0,0,1,0,0,0,,,,,,,,,,0.0,PS_033,,,
,,2024-10-08T20:00:00Z,0,0,0,0,0,0,1,0,0,0,,,,,,,,,,0.0,PS_033,,,
,,2024-10-08T20:15:00Z,0,0,0,0,0,0,1,0,0,0,,,,,,,,,,0.0,PS_033,,,
,,2024-10-08T20:30:00Z,0,0,0,0,0,0,1,0,0,0,,,,,,,,,,0.0,PS_033,,,
,,2024-10-08T20:45:00Z,0,0,0,0,0,0,1,0,0,0,,,,,,,,,,0.0,PS_033,,,
,,2024-10-08T21:00:00Z,0,0,0,0,0,0,1,0,0,0,,,,,,,,,,0.0,PS_033,,,
,,2024-10-08T21:15:00Z,0,0,0,0,0,0,1,0,0,0,,,,,,,,,,0.0,PS_033,,,
,,2024-10-08T21:30:00Z,0,0,0,0,0,0,1,0,0,0,,,,,,,,,,0.0,PS_033,,,
,,2024-10-08T21:45:00Z,0,0,0,0,0,0,1,0,0,0,,,,,,,,,,0.0,PS_033,,,
,,2024-10-08T22:00:00Z,0,0,0,0,0,0,1,0,0,0,,,,,,,,,,0.0,PS_033,,,
,,2024-10-08T22:15:00Z,0,0,0,0,0,0,1,0,0,0,,,,,,,,,,0.0,PS_033,,,
,,2024-10-08T22:30:00Z,0,0,0,0,0,0,1,0,0,0,,,,,,,,,,0.0,PS_033,,,
,,2024-10-08T22:45:00Z,0,0,0,0,0,0,1,0,0,0,,,,,,,,,,0.0,PS_033,,,
,,2024-10-08T23:00:00Z,0,0,0,0,0,0,1,0,0,0,,,,,,,,,,0.0,PS_033,,,
,,2024-10-08T23:15:00Z,0,0,0,0,0,0,1,0,0,0,,,,,,,,,,0.0,PS_033,,,
,,2024-10-08T23:30:00Z,0,0,0,0,0,0,1,0,0,0,,,,,,,,,,0.0,PS_033,,,
,,2024-10-08T23:45:00Z,0,0,0,0,0,0,1,0,0,0,,,,,,,,,,0.0,PS_033,,,
,,2024-10-09T00:00:00Z,0,0,0,0,0,0,1,0,0,0,,,,,,,,,,0.0,PS_033,,,
,,2024-10-09T00:15:00Z,0,0,0,0,0,0,1,0,0,0,,,,,,,,,,0.0,PS_033,,,
,,2024-10-09T00:30:00Z,0,0,0,0,0,0,1,0,0,0,,,,,,,,,,0.0,PS_033,,,
,,2024-10-09T00:45:00Z,0,0,0,0,0,0,1,0,0,0,,,,,,,,,,0.0,PS_033,,,
,,2024-10-09T01:00:00Z,0,0,0,0,0,0,1,0,0,0,,,,,,,,,,0.0,PS_033,,,
,,2024-10-09T01:15:00Z,0,0,0,0,0,0,1,0,0,0,,,,,,,,,,0.0,PS_033,,,
,,2024-10-09T01:30:00Z,0,0,0,0,0,0,1,0,0,0,,,,,,,,,,0.0,PS_033,,,
,,2024-10-09T01:45:00Z,0,0,0,0,0,0,1,0,0,0,,,,,,,,,,0.0,PS_033,,,
,,2024-10-09T02:00:00Z,0,0,0,0,0,0,1,0,0,0,,,,,,,,,,0.0,PS_033,,,
,,2024-10-09T02:15:00Z,0,0,0,0,0,0,1,0,0,0,,,,,,,,,,0.0,PS_033,,,
,,2024-10-09T02:30:00Z,0,0,0,0,0,0,1,0,0,0,,,,,,,,,,0.0,PS_033,,,
,,2024-10-09T02:45:00Z,0,0,0,0,0,0,1,0,0,0,,,,,,,,,,0.0,PS_033,,,
,,2024-10-09T03:00:00Z,0,0,0,0,0,0,1,0,0,0,,,,,,,,,,0.0,PS_033,,,
,,2024-10-09T03:15:00Z,0,0,0,0,0,0,1,0,0,0,,,,,,,,,,0.0,PS_033,,,
,,2024-10-09T03:30:00Z,0,0,0,0,0,0,1,0,0,0,,,,,,,,,,0.0,PS_033,,,
,,2024-10-09T03:45:00Z,0,0,0,0,0,0,1,0,0,0,,,,,,,,,,0.0,PS_033,,,
,,2024-10-09T04:00:00Z,0,0,0,0,0,0,1,0,0,0,,,,,,,,,,0.0,PS_033,,,
,,2024-10-09T04:15:00Z,0,0,0,0,0,0,1,0,0,0,,,,,,,,,,0.0,PS_033,,,
,,2024-10-09T04:30:00Z,0,0,0,0,0,0,1,0,0,0,,,,,,,,,,0.0,PS_033,,,
,,2024-10-09T04:45:00Z,0,0,0,0,0,0,1,0,0,0,,,,,,,,,,0.0,PS_033,,,
,,2024-10-09T05:00:00Z,0,0,0,0,0,0,1,0,0,0,,,,,,,,,,0.0,PS_033,,,
,,2024-10-09T05:15:00Z,0,0,0,0,0,0,1,0,0,0,,,,,,,,,,0.0,PS_033,,,
,,2024-10-09T05:30:00Z,0,0,0,0,0,0,1,0,0,0,,,,,,,,,,0.0,PS_033,,,
,,2024-10-09T05:45:00Z,0,0,0,0,0,0,1,0,0,0,,,,,,,,,,0.0,PS_033,,,
,,2024-10-09T06:00:00Z,0,0,0,0,0,0,1,0,0,0,,,,,,,,,,0.0,PS_033,,,
,,2024-10-09T06:15:00Z,0,0,0,0,0,0,1,0,0,0,,,,,,,,,,0.0,PS_033,,,
,,2024-10-09T06:30:00Z,0,0,0,0,0,0,1,0,0,0,,,,,,,,,,0.0,PS_033,,,
,,2024-10-09T06:45:00Z,0,0,0,0,0,0,1,0,0,0,,,,,,,,,,0.0,PS_033,,,
,,2024-10-09T07:00:00Z,0,0,0,0,0,0,1,0,0,0,,,,,,,,,,0.0,PS_033,,,
,,2024-10-09T07:15:00Z,0,0,0,0,0,0,1,0,0,0,,,,,,,,,,0.0,PS_033,,,
,,2024-10-09T07:30:00Z,0,0,0,0,0,0,1,0,0,0,,,,,,,,,,0.0,PS_033,,,
,,2024-10-09T07:45:00Z,0,0,0,0,0,0,1,0,0,0,,,,,,,,,,0.0,PS_033,,,
,,2024-10-09T08:00:00Z,0,0,0,0,0,0,1,0,0,0,,,,,,,,,,0.0,PS_033,,,
,,2024-10-09T08:15:00Z,0,0,0,0,0,0,1,0,0,0,,,,,,,,,,0.0,PS_033,,,
,,2024-10-09T08:30:00Z,0,0,0,0,0,0,1,0,0,0,,,,,,,,,,0.0,PS_033,,,
,,2024-10-09T08:45:00Z,0,0,0,0,0,0,1,0,0,0,,,,,,,,,,0.0,PS_033,,,
,,2024-10-09T09:00:00Z,0,0,0,0,0,0,1,0,0,0,,,,,,,,,,0.0,PS_033,,,
,,2024-10-09T09:15:00Z,0,0,0,0,0,0,1,0,0,0,,,,,,,,,,0.0,PS_033,,,
,,2024-10-09T09:30:00Z,0,0,0,0,0,0,1,0,0,0,,,,,,,,,,0.0,PS_033,,,
,,2024-10-09T09:45:00Z,0,0,0,0,0,0,1,0,0,0,,,,,,,,,,0.0,PS_033,,,
,,2024-10-09T10:00:00Z,0,0,0,0,0,0,1,0,0,0,,,,,,,,,,0.0,PS_033,,,
,,2024-10-09T10:15:00Z,0,0,0,0,0,0,1,0,0,0,,,,,,,,,,0.0,PS_033,,,
,,2024-10-09T10:30:00Z,0,0,0,0,0,0,1,0,0,0,,,,,,,,,,0.0,PS_033,,,
,,2024-10-09T10:45:00Z,0,0,0,0,0,0,1,0,0,0,,,,,,,,,,0.0,PS_033,,,
,,2024-10-09T11:00:00Z,0,0,0,0,0,0,1,0,0,0,,,,,,,,,,0.0,PS_033,,,
,,2024-10-09T11:15:00Z,0,0,0,0,0,0,1,0,0,0,,,,,,,,,,0.0,PS_033,,,
,,2024-10-09T11:30:00Z,0,0,0,0,0,0,1,0,0,0,,,,,,,,,,0.0,PS_033,,,
,,2024-10-09T11:45:00Z,0,0,0,0,0,0,1,0,0,0,,,,,,,,,,0.0,PS_033,,,
,,2024-10-09T12:00:00Z,0,0,0,0,0,0,1,0,0,0,,,,,,,,,,0.0,PS_033,,,
,,2024-10-09T12:15:00Z,0,0,0,0,0,0,1,0,0,0,,,,,,,,,,0.0,PS_033,,,
,,2024-10-09T12:30:00Z,0,0,0,0,0,0,1,0,0,0,,,,,,,,,,0.0,PS_033,,,
,,2024-10-09T12:45:00Z,0,0,0,0,0,0,1,0,0,0,,,,,,,,,,0.0,PS_033,,,
,,2024-10-09T13:00:00Z,0,0,0,0,0,0,1,0,0,0,,,,,,,,,,0.0,PS_033,,,
,,2024-10-09T13:15:00Z,0,0,0,0,0,0,1,0,0,0,,,,,,,,,,0.0,PS_033,,,
,,2024-10-09T13:30:00Z,0,0,0,0,0,0,1,0,0,0,,,,,,,,,,0.0,PS_033,,,
,,2024-10-09T13:45:00Z,0,0,0,0,0,0,1,0,0,0,,,,,,,,,,0.0,PS_033,,,
,,2024-10-09T14:00:00Z,0,0,0,0,0,0,1,0,0,0,,,,,,,,,,0.0,PS_033,,,
,,2024-10-09T14:15:00Z,0,0,0,0,0,0,1,0,0,0,,,,,,,,,,0.0,PS_033,,,
,,2024-10-09T14:30:00Z,0,0,0,0,0,0,1,0,0,0,,,,,,,,,,0.0,PS_033,,,
,,2024-10-09T14:45:00Z,0,0,0,0,0,0,1,0,0,0,,,,,,,,,,0.0,PS_033,,,
,,2024-10-09T15:00:00Z,0,0,0,0,0,0,1,0,0,0,,,,,,,,,,0.0,PS_033,,,
,,2024-10-09T15:15:00Z,0,0,0,0,0,0,1,0,0,0,,,,,,,,,,0.0,PS_033,,,
,,2024-10-09T15:30:00Z,0,0,0,0,0,0,1,0,0,0,,,,,,,,,,0.0,PS_033,,,
,,2024-10-09T15:45:00Z,0,0,0,0,0,0,1,0,0,0,,,,,,,,,,0.0,PS_033,,,
,,2024-10-09T16:00:00Z,0,0,0,0,0,0,1,0,0,0,,,,,,,,,,0.0,PS_033,,,
,,2024-10-09T16:15:00Z,0,0,0,0,0,0,1,0,0,0,,,,,,,,,,0.0,PS_033,,,
,,2024-10-09T16:30:00Z,0,0,0,0,0,0,1,0,0,0,,,,,,,,,,0.0,PS_033,,,
,,2024-10-09T16:45:00Z,0,0,0,0,0,0,1,0,0,0,,,,,,,,,,0.0,PS_033,,,
,,2024-10-09T17:00:00Z,0,0,0,0,0,0,1,0,0,0,,,,,,,,,,0.0,PS_033,,,
,,2024-10-09T17:15:00Z,0,0,0,0,0,0,1,0,0,0,,,,,,,,,,0.0,PS_033,,,
,,2024-10-09T17:30:00Z,0,0,0,0,0,0,1,0,0,0,,,,,,,,,,0.0,PS_033,,,
,,2024-10-09T17:45:00Z,0,0,0,0,0,0,1,0,0,0,,,,,,,,,,0.0,PS_033,,,
,,2024-10-09T18:00:00Z,0,0,0,0,0,0,1,0,0,0,,,,,,,,,,0.0,PS_033,,,
,,2024-10-09T18:15:00Z,0,0,0,0,0,0,1,0,0,0,,,,,,,,,,0.0,PS_033,,,
,,2024-10-09T18:30:00Z,0,0,0,0,0,0,1,0,0,0,,,,,,,,,,0.0,PS_033,,,
,,2024-10-09T18:45:00Z,0,0,0,0,0,0,1,0,0,0,,,,,,,,,,0.0,PS_033,,,
,,2024-10-09T19:00:00Z,0,0,0,0,0,0,1,0,0,0,,,,,,,,,,0.0,PS_033,,,
,,2024-10-09T19:15:00Z,0,0,0,0,0,0,1,0,0,0,,,,,,,,,,0.0,PS_033,,,
,,2024-10-09T19:30:00Z,0,0,0,0,0,0,1,0,0,0,,,,,,,,,,0.0,PS_033,,,
,,2024-10-09T19:45:00Z,0,0,0,0,0,0,1,0,0,0,,,,,,,,,,0.0,PS_033,,,
,,2024-10-09T20:00:00Z,0,0,0,0,0,0,1,0,0,0,,,,,,,,,,0.0,PS_033,,,
31.31905720313487,,2024-10-09T20:15:00Z,3,0,3,0,3,3,1,0,0,3,15.284578430350797,,,,,,,30.244762347366542,15.032819658358383,0.0,PS_033,,,5.058197153985211
31.25608958083938,,2024-10-09T20:30:00Z,4,0,4,0,4,4,1,0,0,4,4.790395484574528,,,,,,,30.20000076293945,5.151711677885545,0.0,PS_033,,,1.9459231119398719
31.157232543116702,,2024-10-09T20:45:00Z,3,0,3,0,3,3,1,0,0,3,0.623899979649273,,,,,,,29.899999618530277,0.6148391041646825,0.0,PS_033,,,3.0556213008636197
30.99911505661329,,2024-10-09T21:00:00Z,4,0,4,0,4,4,1,0,0,4,0.32759157345335127,,,,,,,29.600000381469727,0.2586230844927162,0.0,PS_033,,,2.643893495110439
30.873850308665315,,2024-10-09T21:15:00Z,4,0,4,0,4,4,1,0,0,4,-0.5257924636099859,,,,,,,29.519603735284665,-0.36241388892545506,0.0,PS_033,,,3.6673727667994345
30.40417930941988,,2024-10-09T21:30:00Z,3,0,3,0,3,3,1,0,0,3,-0.6514434769219253,,,,,,,29.051354389263636,-0.3069277534822397,0.0,PS_033,,,5.023998146923546
29.06434751121012,,2024-10-09T21:45:00Z,4,0,4,0,4,4,1,0,0,4,0.08760838093832651,,,,,,,28.151345642587653,0.5803639097488927,0.0,PS_033,,,3.792091042963627
28.317565146246924,,2024-10-09T22:00:00Z,3,0,3,0,3,3,1,0,0,3,-0.3837229051761067,,,,,,,27.442799720534897,-0.19998859200573235,0.0,PS_033,,,5.090930533058884
27.923887982174318,,2024-10-09T22:15:00Z,4,0,4,0,4,4,1,0,0,4,-0.6776404728059615,,,,,,,27.018919773721223,-0.4721651335619262,0.0,PS_033,,,3.1999149193661567
27.56886788031458,,2024-10-09T22:30:00Z,4,0,4,0,4,4,1,0,0,4,-0.7496211826364633,,,,,,,26.70000076293945,-0.5636540551259177,0.0,PS_033,,,3.9050703352860667
27.189920283722184,,2024-10-09T22:45:00Z,3,0,3,0,3,3,1,0,0,3,-0.6740946232285787,,,,,,,26.347974608645092,-0.5379905762282644,0.0,PS_033,,,4.250678556898037
26.864590267106045,,2024-10-09T23:00:00Z,4,0,4,0,4,4,1,0,0,4,-0.8377392589439892,,,,,,,26.010341085292463,-0.5454110038247156,0.0,PS_033,,,3.9726764577037845
26.486463897953332,,2024-10-09T23:15:00Z,3,0,3,0,3,3,1,0,0,3,-0.6999174111591665,,,,,,,25.642691401426656,-0.45275879252582524,0.0,PS_033,,,5.364905429125091
26.016050930842155,,2024-10-09T23:30:00Z,4,0,4,0,4,4,1,0,0,4,-0.6906104545071247,,,,,,,25.383905544964833,-0.43898890165159443,0.0,PS_033,,,4.155321964810603
25.609055035827815,,2024-10-09T23:45:00Z,3,0,3,0,3,3,1,0,0,3,-0.7783666630621785,,,,,,,25.016976019399976,-0.620396106853958,0.0,PS_033,,,4.333204706417117
25.202122773894114,,2024-10-10T00:00:00Z,4,0,4,0,4,4,1,0,0,4,-0.832861658429549,,,,,,,24.538357308765654,-0.5590211763122482,0.0,PS_033,,,4.158720027976592
24.835365937581905,,2024-10-10T00:15:00Z,4,0,4,0,4,4,1,0,0,4,-0.7600794327137821,,,,,,,24.175590487226756,-0.5597028754920672,0.0,PS_033,,,3.8726422826544824
24.56754482768028,,2024-10-10T00:30:00Z,3,0,3,0,3,3,1,0,0,3,-0.8092520466935933,,,,,,,23.8141937011556,-0.5926169120365239,0.0,PS_033,,,4.781277931002946
24.423256268571254,,2024-10-10T00:45:00Z,4,0,4,0,4,4,1,0,0,4,-0.9266302712310199,,,,,,,23.70000076293945,-0.7838863403746335,0.0,PS_033,,,3.0716950247764725
24.27349791117929,,2024-10-10T01:00:00Z,3,0,3,0,3,3,1,0,0,3,-0.9786655095753801,,,,,,,23.70000076293945,-0.8758044560182844,0.0,PS_033,,,3.5719987246444282
24.096098410022652,,2024-10-10T01:15:00Z,4,0,4,0,4,4,1,0,0,4,-0.8755252750556539,,,,,,,23.552224552701137,-0.6212888789094804,0.0,PS_033,,,3.511627291491889
23.9254032791069,,2024-10-10T01:30:00Z,3,0,3,0,3,3,1,0,0,3,-0.8637636415759997,,,,,,,23.39999961853027,-0.7051830314259432,0.0,PS_033,,,3.1696465340256603
23.739349879223184,,2024-10-10T01:45:00Z,4,0,4,0,4,4,1,0,0,4,-0.9788512558782847,,,,,,,23.22500775868914,-0.744725270659339,0.0,PS_033,,,3.313770592625567
23.56123171406197,,2024-10-10T02:00:00Z,4,0,4,0,4,4,1,0,0,4,-0.9706184711298793,,,,,,,23.08084029467644,-0.853039486206853,0.0,PS_033,,,3.6524955128410554
23.398457580773556,,2024-10-10T02:15:00Z,3,0,3,0,3,3,1,0,0,3,-0.9130541103992774,,,,,,,22.945811099574108,-0.6485877519091001,0.0,PS_033,,,3.813000747933132
23.27227359156707,,2024-10-10T02:30:00Z,4,0,4,0,4,4,1,0,0,4,-0.7639663237217198,,,,,,,22.899999618530273,-0.5108156715246438,0.0,PS_033,,,3.001989647619597
23.429347555199268,,2024-10-10T02:45:00Z,3,0,3,0,3,3,1,0,0,3,-0.9328947060731874,,,,,,,23.200000762939453,-0.6740838992241031,0.0,PS_033,,,3.2257277625729617
23.51545174082159,,2024-10-10T03:00:00Z,2,0,2,0,2,2,1,0,0,2,-0.8768254530098774,,,,,,,23.200000762939453,-0.6798809162030564,0.0,PS_033,,,2.2258027656638193
,,2024-10-10T03:15:00Z,0,0,0,0,0,0,1,0,0,0,,,,,,,,,,0.0,PS_033,,,
,,2024-10-10T03:30:00Z,0,0,0,0,0,0,1,0,0,0,,,,,,,,,,0.0,PS_033,,,
,,2024-10-10T03:45:00Z,0,0,0,0,0,0,1,0,0,0,,,,,,,,,,0.0,PS_033,,,
,,2024-10-10T04:00:00Z,0,0,0,0,0,0,1,0,0,0,,,,,,,,,,0.0,PS_033,,,
,,2024-10-10T04:15:00Z,0,0,0,0,0,0,1,0,0,0,,,,,,,,,,0.0,PS_033,,,
,,2024-10-10T04:30:00Z,0,0,0,0,0,0,1,0,0,0,,,,,,,,,,0.0,PS_033,,,
,,2024-10-10T04:45:00Z,0,0,0,0,0,0,1,0,0,0,,,,,,,,,,0.0,PS_033,,,
,,2024-10-10T05:00:00Z,0,0,0,0,0,0,1,0,0,0,,,,,,,,,,0.0,PS_033,,,
,,2024-10-10T05:15:00Z,0,0,0,0,0,0,1,0,0,0,,,,,,,,,,0.0,PS_033,,,
,,2024-10-10T05:30:00Z,0,0,0,0,0,0,1,0,0,0,,,,,,,,,,0.0,PS_033,,,
,,2024-10-10T05:45:00Z,0,0,0,0,0,0,1,0,0,0,,,,,,,,,,0.0,PS_033,,,
,,2024-10-10T06:00:00Z,0,0,0,0,0,0,1,0,0,0,,,,,,,,,,0.0,PS_033,,,
,,2024-10-10T06:15:00Z,0,0,0,0,0,0,1,0,0,0,,,,,,,,,,0.0,PS_033,,,
,,2024-10-10T06:30:00Z,0,0,0,0,0,0,1,0,0,0,,,,,,,,,,0.0,PS_033,,,
,,2024-10-10T06:45:00Z,0,0,0,0,0,0,1,0,0,0,,,,,,,,,,0.0,PS_033,,,
,,2024-10-10T07:00:00Z,0,0,0,0,0,0,1,0,0,0,,,,,,,,,,0.0,PS_033,,,
,,2024-10-10T07:15:00Z,0,0,0,0,0,0,1,0,0,0,,,,,,,,,,0.0,PS_033,,,
,,2024-10-10T07:30:00Z,0,0,0,0,0,0,1,0,0,0,,,,,,,,,,0.0,PS_033,,,
,,2024-10-10T07:45:00Z,0,0,0,0,0,0,1,0,0,0,,,,,,,,,,0.0,PS_033,,,
,,2024-10-10T08:00:00Z,0,0,0,0,0,0,1,0,0,0,,,,,,,,,,0.0,PS_033,,,
,,2024-10-10T08:15:00Z,0,0,0,0,0,0,1,0,0,0,,,,,,,,,,0.0,PS_033,,,
,,2024-10-10T08:30:00Z,0,0,0,0,0,0,1,0,0,0,,,,,,,,,,0.0,PS_033,,,
,,2024-10-10T08:45:00Z,0,0,0,0,0,0,1,0,0,0,,,,,,,,,,0.0,PS_033,,,
21.320239957941112,,2024-10-10T09:00:00Z,2,0,2,0,2,2,1,0,0,2,2.1904692928221356,,,,,,,21.299999237060543,1.9923441835399938,0.0,PS_033,,,3.0089298698870235
21.275251168224056,,2024-10-10T09:15:00Z,3,0,3,0,3,3,1,0,0,3,8.004812449782378,,,,,,,21.227155118701287,7.009137777271962,0.0,PS_033,,,2.944566161746652
21.288012972941818,,2024-10-10T09:30:00Z,4,0,4,0,4,4,1,0,0,4,11.430796873269227,,,,,,,21.299999237060547,11.610857219151738,0.0,PS_033,,,1.904374837298012
21.527025928644417,,2024-10-10T09:45:00Z,4,0,4,0,4,4,1,0,0,4,11.427127752229632,,,,,,,21.76829555587399,11.017797767117576,0.0,PS_033,,,0.6399303143338027
21.41510812601295,,2024-10-10T10:00:00Z,3,0,3,0,3,3,1,0,0,3,13.96560524931968,,,,,,,21.76113475664587,12.12657679800015,0.0,PS_033,,,1.1236355152970539
21.415027266103767,,2024-10-10T10:15:00Z,4,0,4,0,4,4,1,0,0,4,34.143660800343625,,,,,,,21.948902005818223,29.070011427770797,0.0,PS_033,,,1.830341435684178
21.756017156948136,,2024-10-10T10:30:00Z,3,0,3,0,3,3,1,0,0,3,66.48979668894552,,,,,,,22.876771305726606,59.188253272895686,0.0,PS_033,,,0.4216778825668642
22.331372953906204,,2024-10-10T10:45:00Z,4,0,4,0,4,4,1,0,0,4,111.3294121703788,,,,,,,23.505641217983467,109.83485004938045,0.0,PS_033,,,2.4997104697475225
22.659289061241797,,2024-10-10T11:00:00Z,4,0,4,0,4,4,1,0,0,4,94.45728995784742,,,,,,,23.295172662978022,86.82109080800343,0.0,PS_033,,,3.042489905145632
22.90312118582716,,2024-10-10T11:15:00Z,3,0,3,0,3,3,1,0,0,3,65.02861226923093,,,,,,,23.251263484385188,57.44018385090423,0.0,PS_033,,,2.092723992182364
23.101157148929488,,2024-10-10T11:30:00Z,4,0,4,0,4,4,1,0,0,4,75.35336373161078,,,,,,,23.29397776922414,61.81659018393099,0.0,PS_033,,,2.4148744550987438
23.276942611411524,,2024-10-10T11:45:00Z,3,0,3,0,3,3,1,0,0,3,119.68265614077823,,,,,,,23.71500839015761,105.90060061130283,0.0,PS_033,,,2.0800650888040457
23.40297309751791,,2024-10-10T12:00:00Z,4,0,4,0,4,4,1,0,0,4,111.71174263224907,,,,,,,21.971591028997604,100.72952132150016,0.0,PS_033,,,2.3954755582280156
23.089583262350573,,2024-10-10T12:15:00Z,3,0,3,0,3,3,1,0,0,3,75.46785388653588,,,,,,,22.10000038146973,70.64396299665248,0.0,PS_033,,,1.7493392276209827
23.01446307210132,,2024-10-10T12:30:00Z,4,0,4,0,4,4,1,0,0,4,58.29344710900408,,,,,,,21.98498579292959,50.45008136056318,0.0,PS_033,,,1.9646719900829022
23.03680911132209,,2024-10-10T12:45:00Z,4,0,4,0,4,4,1,0,0,4,95.3212742278782,,,,,,,22.100000381469727,78.65290191631182,0.0,PS_033,,,2.0592173863176355
23.207912599626933,,2024-10-10T13:00:00Z,3,0,3,0,3,3,1,0,0,3,148.96634671459887,,,,,,,22.342270893324788,125.1050071669435,0.0,PS_033,,,2.2614987176213384
23.660379368496265,,2024-10-10T13:15:00Z,4,0,4,0,4,4,1,0,0,4,250.85706808832995,,,,,,,23.033667109056445,208.66415809158264,0.0,PS_033,,,3.7016595269497214
24.63396196409911,,2024-10-10T13:30:00Z,3,0,3,0,3,3,1,0,0,3,275.59819936417296,,,,,,,24.196369819495843,254.88501919580148,0.0,PS_033,,,3.6760779991677577
24.512692505018514,,2024-10-10T13:45:00Z,4,0,4,0,4,4,1,0,0,4,204.30534627933818,,,,,,,23.999999999999996,186.66890397724035,0.0,PS_033,,,3.597900626635963
24.475367616707096,,2024-10-10T14:00:00Z,4,0,4,0,4,4,1,0,0,4,204.2346137623025,,,,,,,23.93071839112017,174.00188328248058,0.0,PS_033,,,4.53609384295077
24.592333200193305,,2024-10-10T14:15:00Z,3,0,3,0,3,3,1,0,0,3,257.10416063619385,,,,,,,24.258900364314954,207.33966629359207,0.0,PS_033,,,4.774002483857326
25.339047386207067,,2024-10-10T14:30:00Z,4,0,4,0,4,4,1,0,0,4,458.2301564619562,,,,,,,25.20322913193297,390.648593618274,0.0,PS_033,,,4.5540288276193035
25.869117615766914,,2024-10-10T14:45:00Z,3,0,3,0,3,3,1,0,0,3,385.1398997697618,,,,,,,25.96653666589159,337.97612046694906,0.0,PS_033,,,5.31415164035499
26.176743336667695,,2024-10-10T15:00:00Z,4,0,4,0,4,4,1,0,0,4,451.66488331302077,,,,,,,26.50163106664673,385.44326803710317,0.0,PS_033,,,3.734654691116053
27.23725165178759,,2024-10-10T15:15:00Z,4,0,4,0,4,4,1,0,0,4,687.129107940459,,,,,,,27.64744091284141,575.6936791074603,0.0,PS_033,,,4.054309166128902
27.337415507313835,,2024-10-10T15:30:00Z,3,0,3,0,3,3,1,0,0,3,458.0254806433738,,,,,,,27.859711940720857,385.11655878916395,0.0,PS_033,,,3.787802773897935
28.577720313420492,,2024-10-10T15:45:00Z,4,0,4,0,4,4,1,0,0,4,798.6273974533051,,,,,,,29.329579616860553,637.0556063519235,0.0,PS_033,,,4.053222384965176
28.963018973448172,,2024-10-10T16:00:00Z,4,0,4,0,4,4,1,0,0,4,650.9815693420483,,,,,,,30.14244411832843,499.459761701999,0.0,PS_033,,,3.715024488481188
28.825068311174725,,2024-10-10T16:15:00Z,3,0,3,0,3,3,1,0,0,3,433.89480526579325,,,,,,,29.600000381469723,350.64242426614226,0.0,PS_033,,,3.4837420441418794
29.1444983836072,,2024-10-10T16:30:00Z,4,0,4,0,4,4,1,0,0,4,514.5104407247999,,,,,,,29.87375299219122,408.5130324701125,0.0,PS_033,,,3.7441357972806872
30.104358945723746,,2024-10-10T16:45:00Z,4,0,4,0,4,4,1,0,0,4,595.5163695743787,,,,,,,30.366723235467116,444.62363043559634,0.0,PS_033,,,3.1935472716527826
29.875374211993574,,2024-10-10T17:00:00Z,3,0,3,0,3,3,1,0,0,3,408.89632441493603,,,,,,,29.737033073703003,322.91767246192694,0.0,PS_033,,,3.0275275190230344
29.482776485358773,,2024-10-10T17:15:00Z,4,0,4,0,4,4,1,0,0,4,312.68723142194636,,,,,,,28.656575707663205,267.48732137276284,0.0,PS_033,,,3.689195454636368
29.754826457843123,,2024-10-10T17:30:00Z,4,0,4,0,4,4,1,0,0,4,265.0650486349083,,,,,,,29.018427824671075,227.8117789473024,0.0,PS_033,,,2.594088120521897
29.69678443446202,,2024-10-10T17:45:00Z,3,0,3,0,3,3,1,0,0,3,257.4081756745774,,,,,,,28.737108090481424,213.38789990141288,0.0,PS_033,,,3.1875562364308525
29.687024994129303,,2024-10-10T18:00:00Z,4,0,4,0,4,4,1,0,0,4,288.2469845591318,,,,,,,28.587075660607262,230.02312716317675,0.0,PS_033,,,4.6597691408894955
29.911578621216115,,2024-10-10T18:15:00Z,3,0,3,0,3,3,1,0,0,3,309.38084798490803,,,,,,,29.201693176888885,223.9101438880662,0.0,PS_033,,,4.531198106678778
30.03495738574969,,2024-10-10T18:30:00Z,4,0,4,0,4,4,1,0,0,4,313.5145330847147,,,,,,,29.058096088035978,213.96220092830492,0.0,PS_033,,,3.519530343048994
29.68282600368664,,2024-10-10T18:45:00Z,4,0,4,0,4,4,1,0,0,4,245.95017564868294,,,,,,,28.589325933838673,182.0340600407542,0.0,PS_033,,,3.7717139458922184
29.563421698986655,,2024-10-10T19:00:00Z,3,0,3,0,3,3,1,0,0,3,198.89200392193487,,,,,,,28.60000038146973,161.82519426937333,0.0,PS_033,,,3.2884316920863856
29.40559892341722,,2024-10-10T19:15:00Z,4,0,4,0,4,4,1,0,0,4,164.23496967659125,,,,,,,28.33641865957047,136.36150207421653,0.0,PS_033,,,4.346329368653955
29.380968719208507,,2024-10-10T19:30:00Z,4,0,4,0,4,4,1,0,0,4,161.37701378714908,,,,,,,28.416614187946163,116.38965971381104,0.0,PS_033,,,4.589093060001428
29.10724074408158,,2024-10-10T19:45:00Z,3,0,3,0,3,3,1,0,0,3,87.77018094016225,,,,,,,27.597341814858943,76.22631308719852,0.0,PS_033,,,4.319310756658833
27.186133278556802,,2024-10-10T20:00:00Z,4,0,4,0,4,4,1,0,0,4,71.85859672259734,,,,,,,25.89138585652103,62.52435011641644,0.0,PS_033,,,4.520561742790515
26.369096893292404,,2024-10-10T20:15:00Z,4,0,4,0,4,4,1,0,0,4,43.97232534333317,,,,,,,24.97415031627715,37.62355630555799,0.0,PS_033,,,5.996708388672372
25.784013813024984,,2024-10-10T20:30:00Z,3,0,3,0,3,3,1,0,0,3,48.97570888802983,,,,,,,24.249348808295498,39.338057934682425,0.0,PS_033,,,3.988191637306409
25.25952577119021,,2024-10-10T20:45:00Z,4,0,4,0,4,4,1,0,0,4,39.55733249547707,,,,,,,24.0,30.801391245987045,0.0,PS_033,,,5.206973490647348
24.85022345566678,,2024-10-10T21:00:00Z,4,0,4,0,4,4,1,0,0,4,21.320357559210468,,,,,,,23.572117124357764,18.780056327301644,0.0,PS_033,,,4.531773528742173
24.519333036494245,,2024-10-10T21:15:00Z,3,0,3,0,3,3,1,0,0,3,1.749522325040276,,,,,,,23.200000762939453,1.5973924934878094,0.0,PS_033,,,5.042597172217691
24.389342691466663,,2024-10-10T21:30:00Z,4,0,4,0,4,4,1,0,0,4,-0.7964951221025764,,,,,,,23.044251122145383,-0.5499723581621023,0.0,PS_033,,,3.761580040486647
24.156205944063483,,2024-10-10T21:45:00Z,4,0,4,0,4,4,1,0,0,4,-0.7985373864251988,,,,,,,22.899999618530273,-0.5565743715513294,0.0,PS_033,,,2.781320129900419
24.087694628863463,,2024-10-10T22:00:00Z,3,0,3,0,3,3,1,0,0,3,-0.847366030536021,,,,,,,22.784660840014087,-0.6598182675901494,0.0,PS_033,,,3.504571176904182
24.06982434407331,,2024-10-10T22:15:00Z,4,0,4,0,4,4,1,0,0,4,-0.8431362797024655,,,,,,,22.74770179300402,-0.5976927543560078,0.0,PS_033,,,3.234092198704056
23.97000122070312,,2024-10-10T22:30:00Z,3,0,3,0,3,3,1,0,0,3,-0.8898272248604684,,,,,,,22.600000381469727,-0.6085630069866481,0.0,PS_033,,,2.5797136049645313
23.725422713114067,,2024-10-10T22:45:00Z,4,0,4,0,4,4,1,0,0,4,-1.3343897227359374,,,,,,,22.453199491508293,-1.4892166184191227,0.0,PS_033,,,1.2266139290313864
23.747602129514995,,2024-10-10T23:00:00Z,4,0,4,0,4,4,1,0,0,4,-0.8864375666218116,,,,,,,22.600000381469727,-0.8336947950787588,0.0,PS_033,,,1.9532926340251555
23.70100826950607,,2024-10-10T23:15:00Z,3,0,3,0,3,3,1,0,0,3,-0.839376290731862,,,,,,,22.437356500384496,-0.7175253570869458,0.0,PS_033,,,0.971102084109778
23.755781291991035,,2024-10-10T23:30:00Z,4,0,4,0,4,4,1,0,0,4,-0.9130727427609528,,,,,,,22.525140838804024,-0.7647333915940128,0.0,PS_033,,,1.1423363739794858
23.599920951461648,,2024-10-10T23:45:00Z,4,0,4,0,4,4,1,0,0,4,-0.8625026367445038,,,,,,,22.399999618530277,-0.6766040161029805,0.0,PS_033,,,1.840462810040161
23.430128884837796,,2024-10-11T00:00:00Z,3,0,3,0,3,3,1,0,0,3,-1.2941947133116363,,,,,,,22.10000038146973,-1.020771867390892,0.0,PS_033,,,2.1019888464380667
23.107052780679155,,2024-10-11T00:15:00Z,4,0,4,0,4,4,1,0,0,4,-1.6956023765580754,,,,,,,21.656678282446865,-1.6255843534936398,0.0,PS_033,,,2.3562146987921495
22.882171934967182,,2024-10-11T00:30:00Z,4,0,4,0,4,4,1,0,0,4,-1.863266503141951,,,,,,,21.62858572359159,-1.5423439195891542,0.0,PS_033,,,2.0705903407318815
22.771301891487596,,2024-10-11T00:45:00Z,3,0,3,0,3,3,1,0,0,3,-1.6261733357731796,,,,,,,21.55582738755191,-1.0158394275611218,0.0,PS_033,,,2.0595812266500397
22.663441394797484,,2024-10-11T01:00:00Z,4,0,4,0,4,4,1,0,0,4,-1.4384261576508088,,,,,,,21.299999237060547,-1.0834163951853295,0.0,PS_033,,,2.357670656909164
22.715915995768817,,2024-10-11T01:15:00Z,4,0,4,0,4,4,1,0,0,4,-1.0223078213118753,,,,,,,21.299999237060547,-0.8485759852125379,0.0,PS_033,,,0.9013873333945911
22.725280720831982,,2024-10-11T01:30:00Z,3,0,3,0,3,3,1,0,0,3,-0.8960020214275181,,,,,,,21.299999237060547,-0.39974842486830275,0.0,PS_033,,,1.1238684820442462
22.665103081791585,,2024-10-11T01:45:00Z,4,0,4,0,4,4,1,0,0,4,-1.340311435230288,,,,,,,21.299999237060547,-0.8582282704402018,0.0,PS_033,,,1.1318398619277685
22.32263378623697,,2024-10-11T02:00:00Z,4,0,4,0,4,4,1,0,0,4,-1.4457259811208683,,,,,,,21.0,-1.5791370265083673,0.0,PS_033,,,0.6670090367826937
22.19702492451287,,2024-10-11T02:15:00Z,3,0,3,0,3,3,1,0,0,3,-1.730370825939621,,,,,,,20.88936210860369,-1.5107797901961086,0.0,PS_033,,,0.10141331434838395
22.173536787772974,,2024-10-11T02:30:00Z,4,0,4,0,4,4,1,0,0,4,-1.7096557618096972,,,,,,,20.700000762939453,-1.4992132112100347,0.0,PS_033,,,0.6990511456591689
22.086299258981843,,2024-10-11T02:45:00Z,4,0,4,0,4,4,1,0,0,4,-1.35698112196676,,,,,,,20.700000762939453,-1.3973183149289774,0.0,PS_033,,,0.3991452239605759
21.893333435058594,,2024-10-11T03:00:00Z,1,0,1,0,1,1,1,0,0,1,-1.2400000095367432,,,,,,,20.5,-1.1699999570846558,0.0,PS_033,,,0.28999999165534973
,,2024-10-11T03:15:00Z,0,0,0,0,0,0,1,0,0,0,,,,,,,,,,0.0,PS_033,,,
,,2024-10-11T03:30:00Z,0,0,0,0,0,0,1,0,0,0,,,,,,,,,,0.0,PS_033,,,
,,2024-10-11T03:45:00Z,0,0,0,0,0,0,1,0,0,0,,,,,,,,,,0.0,PS_033,,,
,,2024-10-11T04:00:00Z,0,0,0,0,0,0,1,0,0,0,,,,,,,,,,0.0,PS_033,,,
,,2024-10-11T04:15:00Z,0,0,0,0,0,0,1,0,0,0,,,,,,,,,,0.0,PS_033,,,
,,2024-10-11T04:30:00Z,0,0,0,0,0,0,1,0,0,0,,,,,,,,,,0.0,PS_033,,,
,,2024-10-11T04:45:00Z,0,0,0,0,0,0,1,0,0,0,,,,,,,,,,0.0,PS_033,,,
,,2024-10-11T05:00:00Z,0,0,0,0,0,0,1,0,0,0,,,,,,,,,,0.0,PS_033,,,
,,2024-10-11T05:15:00Z,0,0,0,0,0,0,1,0,0,0,,,,,,,,,,0.0,PS_033,,,
,,2024-10-11T05:30:00Z,0,0,0,0,0,0,1,0,0,0,,,,,,,,,,0.0,PS_033,,,
,,2024-10-11T05:45:00Z,0,0,0,0,0,0,1,0,0,0,,,,,,,,,,0.0,PS_033,,,
,,2024-10-11T06:00:00Z,0,0,0,0,0,0,1,0,0,0,,,,,,,,,,0.0,PS_033,,,
,,2024-10-11T06:15:00Z,0,0,0,0,0,0,1,0,0,0,,,,,,,,,,0.0,PS_033,,,
,,2024-10-11T06:30:00Z,0,0,0,0,0,0,1,0,0,0,,,,,,,,,,0.0,PS_033,,,
,,2024-10-11T06:45:00Z,0,0,0,0,0,0,1,0,0,0,,,,,,,,,,0.0,PS_033,,,
,,2024-10-11T07:00:00Z,0,0,0,0,0,0,1,0,0,0,,,,,,,,,,0.0,PS_033,,,
,,2024-10-11T07:15:00Z,0,0,0,0,0,0,1,0,0,0,,,,,,,,,,0.0,PS_033,,,
,,2024-10-11T07:30:00Z,0,0,0,0,0,0,1,0,0,0,,,,,,,,,,0.0,PS_033,,,
,,2024-10-11T07:45:00Z,0,0,0,0,0,0,1,0,0,0,,,,,,,,,,0.0,PS_033,,,
,,2024-10-11T08:00:00Z,0,0,0,0,0,0,1,0,0,0,,,,,,,,,,0.0,PS_033,,,
,,2024-10-11T08:15:00Z,0,0,0,0,0,0,1,0,0,0,,,,,,,,,,0.0,PS_033,,,
,,2024-10-11T08:30:00Z,0,0,0,0,0,0,1,0,0,0,,,,,,,,,,0.0,PS_033,,,
,,2024-10-11T08:45:00Z,0,0,0,0,0,0,1,0,0,0,,,,,,,,,,0.0,PS_033,,,
20.033732387101125,,2024-10-11T09:00:00Z,2,0,2,0,2,2,1,0,0,2,12.801513842674678,,,,,,,18.65373309710738,14.891664418835179,0.0,PS_033,,,0.16038767418592043
20.38275495739383,,2024-10-11T09:15:00Z,4,0,4,0,4,4,1,0,0,4,43.94756160329664,,,,,,,19.120061267696776,77.12208890761478,0.4000000059604645,PS_033,,,0.5513982948821837
20.9326055851295,,2024-10-11T09:30:00Z,4,0,4,0,4,4,1,0,0,4,60.182198248974096,,,,,,,19.724851521921245,85.23695482457248,0.4000000059604645,PS_033,,,1.0346423074532731
21.766291843638395,,2024-10-11T09:45:00Z,3,0,3,0,3,3,1,0,0,3,129.55341949696165,,,,,,,20.52632133536113,259.00157153410623,0.4000000059604645,PS_033,,,1.4398788270339233
22.317736488910775,,2024-10-11T10:00:00Z,4,0,4,0,4,4,1,0,0,4,173.58498811886795,,,,,,,21.66818046197667,336.4194081310809,0.4000000059604645,PS_033,,,1.4697500804594716
23.112094447758658,,2024-10-11T10:15:00Z,4,0,4,0,4,4,1,0,0,4,224.75679007330208,,,,,,,22.491497280456827,415.8745357135354,0.4000000059604645,PS_033,,,1.2967161308593191
23.588367724241238,,2024-10-11T10:30:00Z,3,0,3,0,3,3,1,0,0,3,275.38690208135944,,,,,,,23.034922373228675,487.14971408449713,0.4000000059604645,PS_033,,,1.2910909401442943
23.961811553691973,,2024-10-11T10:45:00Z,4,0,4,0,4,4,1,0,0,4,350.6908611998245,,,,,,,24.177926988683474,600.5800017956637,0.4000000059604645,PS_033,,,1.8569887492197272
24.47479469857834,,2024-10-11T11:00:00Z,3,0,3,0,3,3,1,0,0,3,418.7408253168295,,,,,,,24.62451286449549,690.288666880347,0.4000000059604645,PS_033,,,1.8469483334795336
25.354458802765837,,2024-10-11T11:15:00Z,4,0,4,0,4,4,1,0,0,4,479.91633376404934,,,,,,,25.61306060518543,757.6140936455134,0.4000000059604645,PS_033,,,2.2716220920795145
26.140897652713885,,2024-10-11T11:30:00Z,4,0,4,0,4,4,1,0,0,4,540.6414871331233,,,,,,,26.582506392561072,819.1802762600055,0.4000000059604645,PS_033,,,3.061504897867498
26.997809209117438,,2024-10-11T11:45:00Z,3,0,3,0,3,3,1,0,0,3,549.6833606547788,,,,,,,27.230471009636208,796.2807106195953,0.4000000059604645,PS_033,,,2.363759520495809
27.751086671314482,,2024-10-11T12:00:00Z,4,0,4,0,4,4,1,0,0,4,657.7236149170744,,,,,,,28.69789789956483,895.0591896774918,0.4000000059604645,PS_033,,,2.9348713335520444
28.68167599237473,,2024-10-11T12:15:00Z,4,0,4,0,4,4,1,0,0,4,800.1584466217931,,,,,,,29.501579696012396,1003.4978953961147,0.4000000059604645,PS_033,,,2.9181205759468107
28.802122278765953,,2024-10-11T12:30:00Z,3,0,3,0,3,3,1,0,0,3,462.8793201548243,,,,,,,28.82453631302222,525.3926987149058,0.4000000059604645,PS_033,,,2.451555521708255
29.04421629337955,,2024-10-11T12:45:00Z,4,0,4,0,4,4,1,0,0,4,453.17267987302915,,,,,,,28.558620005326294,519.797866151417,0.4000000059604645,PS_033,,,2.9208367965027975
30.02942351753409,,2024-10-11T13:00:00Z,4,0,4,0,4,4,1,0,0,4,766.8316163004446,,,,,,,30.05631063369779,900.392334547223,0.4000000059604645,PS_033,,,4.529613071929601
31.14522804353331,,2024-10-11T13:15:00Z,3,0,3,0,3,3,1,0,0,3,761.4363084420108,,,,,,,30.943565248654153,850.9303098623088,0.4000000059604645,PS_033,,,3.8425033192000546
31.495515291635208,,2024-10-11T13:30:00Z,4,0,4,0,4,4,1,0,0,4,757.9014720132116,,,,,,,31.03852003501997,786.7554709746191,0.4000000059604645,PS_033,,,3.9113304247929364
32.089328045248855,,2024-10-11T13:45:00Z,4,0,4,0,4,4,1,0,0,4,922.1906208126342,,,,,,,31.77660557010153,958.0792147182675,0.4000000059604645,PS_033,,,3.5374868580223837
32.72077403374865,,2024-10-11T14:00:00Z,3,0,3,0,3,3,1,0,0,3,779.5593506764907,,,,,,,33.08504781951232,748.8643506622478,0.4000000059604645,PS_033,,,4.250728518739853
32.37937684502523,,2024-10-11T14:15:00Z,4,0,4,0,4,4,1,0,0,4,660.4449973841782,,,,,,,31.755313771621356,594.0089324165249,0.4000000059604645,PS_033,,,4.667369741300225
32.83615742335518,,2024-10-11T14:30:00Z,4,0,4,0,4,4,1,0,0,4,958.8243606806783,,,,,,,32.28762028509884,869.0733069068043,0.4000000059604645,PS_033,,,5.486726485639196
33.04315519985737,,2024-10-11T14:45:00Z,3,0,3,0,3,3,1,0,0,3,791.0989367935842,,,,,,,32.85264146748065,704.8633836471921,0.4000000059604645,PS_033,,,4.127830431006684
33.74591032063426,,2024-10-11T15:00:00Z,4,0,4,0,4,4,1,0,0,4,887.3858012903389,,,,,,,33.461545473526016,735.1093709412438,0.4000000059604645,PS_033,,,5.703480052466798
32.5821799225525,,2024-10-11T15:15:00Z,3,0,3,0,3,3,1,0,0,3,288.7483752809275,,,,,,,31.573554264891175,278.32395810527964,0.4000000059604645,PS_033,,,4.397222380152239
32.75378092989782,,2024-10-11T15:30:00Z,4,0,4,0,4,4,1,0,0,4,404.5689036759755,,,,,,,31.847551328546704,341.0449227984181,0.4000000059604645,PS_033,,,2.913009522348099
33.42001708190929,,2024-10-11T15:45:00Z,4,0,4,0,4,4,1,0,0,4,646.6076863735739,,,,,,,32.568591637354714,517.021145841535,0.4000000059604645,PS_033,,,5.609400905317006
32.35916588050379,,2024-10-11T16:00:00Z,3,0,3,0,3,3,1,0,0,3,136.55044367803325,,,,,,,31.0823446085112,128.9983909610201,0.4000000059604645,PS_033,,,4.455768007682632
32.40534297084285,,2024-10-11T16:15:00Z,4,0,4,0,4,4,1,0,0,4,324.0886154951097,,,,,,,31.30120425875316,239.06391411185803,0.4000000059604645,PS_033,,,3.3621514826075964
33.73991663129169,,2024-10-11T16:30:00Z,4,0,4,0,4,4,1,0,0,4,544.0438666075206,,,,,,,32.94978418958807,411.0480434809486,0.4000000059604645,PS_033,,,3.3448754288293205
33.92703781897687,,2024-10-11T16:45:00Z,3,0,3,0,3,3,1,0,0,3,858.207870950089,,,,,,,33.974215690723426,562.0626025038578,0.4000000059604645,PS_033,,,4.517461621753056
34.31483047238752,,2024-10-11T17:00:00Z,4,0,4,0,4,4,1,0,0,4,676.142612654678,,,,,,,33.7912064929136,420.4039822606254,0.4000000059604645,PS_033,,,4.663111983850884
34.34454951333851,,2024-10-11T17:15:00Z,4,0,4,0,4,4,1,0,0,4,570.7771707083369,,,,,,,33.55891256057426,363.7653727781764,0.4000000059604645,PS_033,,,4.2115897775486895
34.02052300747667,,2024-10-11T17:30:00Z,3,0,3,0,3,3,1,0,0,3,350.9041473635884,,,,,,,33.11254936316311,260.81171141897454,0.4000000059604645,PS_033,,,5.282161544970505
34.115838761378406,,2024-10-11T17:45:00Z,4,0,4,0,4,4,1,0,0,4,350.65361241896966,,,,,,,33.29709982856159,261.7401331403193,0.4000000059604645,PS_033,,,4.023541346608792
33.81600290082786,,2024-10-11T18:00:00Z,4,0,4,0,4,4,1,0,0,4,283.54667297147427,,,,,,,32.805303343124635,212.19531339168978,0.4000000059604645,PS_033,,,4.059115698473276
33.81930479001264,,2024-10-11T18:15:00Z,3,0,3,0,3,3,1,0,0,3,204.38221227738126,,,,,,,32.899151740703765,174.10949803570938,0.4000000059604645,PS_033,,,4.823947197734169
33.75749923784178,,2024-10-11T18:30:00Z,4,0,4,0,4,4,1,0,0,4,169.09061617143902,,,,,,,32.386848992262216,147.41025014932092,0.4000000059604645,PS_033,,,4.1345218065193
33.367026600742115,,2024-10-11T18:45:00Z,4,0,4,0,4,4,1,0,0,4,119.62801704215914,,,,,,,31.81001511731897,104.51670225384922,0.4000000059604645,PS_033,,,5.865872876138244
27.177156350081297,,2024-10-11T19:00:00Z,3,0,3,0,3,3,1,0,0,3,121.67301688914583,,,,,,,25.629971097425305,106.36404104367062,0.4000000059604645,PS_033,,,4.313910228188845
26.72250726168365,,2024-10-11T19:15:00Z,4,0,4,0,4,4,1,0,0,4,150.84715046883534,,,,,,,25.133914463976108,127.22547323831373,0.4000000059604645,PS_033,,,2.284873107834497
26.630363950784844,,2024-10-11T19:30:00Z,4,0,4,0,4,4,1,0,0,4,96.56505966893812,,,,,,,25.1583863814528,89.02746914659936,0.4000000059604645,PS_033,,,2.914474721989362
25.719178791600587,,2024-10-11T19:45:00Z,3,0,3,0,3,3,1,0,0,3,141.15913107567116,,,,,,,24.841567491020776,95.65618577684533,0.4000000059604645,PS_033,,,3.6984614144531323
25.735415646541544,,2024-10-11T20:00:00Z,4,0,4,0,4,4,1,0,0,4,87.19382904940127,,,,,,,24.411627453984355,62.77630589143255,0.4000000059604645,PS_033,,,2.1177929794992165
26.169929615266387,,2024-10-11T20:15:00Z,4,0,4,0,4,4,1,0,0,4,76.68255469759697,,,,,,,25.004008901877047,57.48386227442054,0.4000000059604645,PS_033,,,1.016065846830758
26.57182136928818,,2024-10-11T20:30:00Z,3,0,3,0,3,3,1,0,0,3,45.736305761804395,,,,,,,25.407517571784407,38.742188777597086,0.4000000059604645,PS_033,,,0.8705296961416812
26.598343603966068,,2024-10-11T20:45:00Z,4,0,4,0,4,4,1,0,0,4,13.45696653311637,,,,,,,25.507341618184473,13.662615338706763,0.4000000059604645,PS_033,,,1.460119905696427
26.352403795378187,,2024-10-11T21:00:00Z,4,0,4,0,4,4,1,0,0,4,1.0187197008797322,,,,,,,25.172488008608454,1.1181411256016698,0.4000000059604645,PS_033,,,2.370658572334669
25.4178117805002,,2024-10-11T21:15:00Z,3,0,3,0,3,3,1,0,0,3,-0.0204744986543692,,,,,,,23.989611747053306,-0.7682459943925,0.4000000059604645,PS_033,,,1.3923315169273298
23.328190025198744,,2024-10-11T21:30:00Z,4,0,4,0,4,4,1,0,0,4,3.1175587698955662,,,,,,,21.68478964305219,1.5748064633820869,1.399999976158142,PS_033,,,9.203328435216628
20.264488680234855,,2024-10-11T21:45:00Z,4,0,4,0,4,4,1,0,0,4,-0.10726540693955296,,,,,,,18.655897217619167,0.20718119084754955,4.800000190734863,PS_033,,,5.134023898440479
21.29351855878561,,2024-10-11T22:00:00Z,3,0,3,0,3,3,1,0,0,3,-0.5405764971817963,,,,,,,19.37368138104469,-0.20413883152690346,5.0,PS_033,,,1.9851066847098255
22.029909054392103,,2024-10-11T22:15:00Z,4,0,4,0,4,4,1,0,0,4,-0.6196104038987982,,,,,,,20.466803739033786,-0.48091108599327803,5.0,PS_033,,,3.8489984247235984
22.28672524418191,,2024-10-11T22:30:00Z,4,0,4,0,4,4,1,0,0,4,-0.24080597190899772,,,,,,,21.299999237060547,-0.4882125905241761,5.0,PS_033,,,1.5037236439546993
22.331706161305043,,2024-10-11T22:45:00Z,3,0,3,0,3,3,1,0,0,3,-0.6127341096339682,,,,,,,21.36278617235155,-0.6087217223570445,5.0,PS_033,,,1.7419337562356112
22.316007409767153,,2024-10-11T23:00:00Z,4,0,4,0,4,4,1,0,0,4,-0.8394209536205631,,,,,,,21.299999237060547,-0.5767361017726913,5.0,PS_033,,,1.6283986935875951
22.347539758554007,,2024-10-11T23:15:00Z,3,0,3,0,3,3,1,0,0,3,-0.7176494662753807,,,,,,,21.236494951239262,-0.7753402448474132,5.0,PS_033,,,1.3646767891674043
22.049690775266814,,2024-10-11T23:30:00Z,4,0,4,0,4,4,1,0,0,4,-0.601462110427825,,,,,,,20.79837160052806,-0.7193568651297415,5.0,PS_033,,,2.0649694544924406
21.705108308248978,,2024-10-11T23:45:00Z,4,0,4,0,4,4,1,0,0,4,-0.49167805684727384,,,,,,,20.559647958849702,-0.6935634431860079,5.0,PS_033,,,1.2967184908739855
21.388922448580598,,2024-10-12T00:00:00Z,3,0,3,0,3,3,1,0,0,3,-0.5189443706689852,,,,,,,20.200000762939453,-0.5824867758940456,5.0,PS_033,,,1.4187234998478002
21.385674391815456,,2024-10-12T00:15:00Z,4,0,4,0,4,4,1,0,0,4,-0.5672437823292519,,,,,,,20.200000762939453,-0.6205638062182464,5.0,PS_033,,,1.4170134350551689
21.416111799207748,,2024-10-12T00:30:00Z,4,0,4,0,4,4,1,0,0,4,-0.621195799606868,,,,,,,20.200000762939457,-0.699561532945901,5.0,PS_033,,,1.434992995135145
21.464755853082487,,2024-10-12T00:45:00Z,3,0,3,0,3,3,1,0,0,3,-0.5789384540146337,,,,,,,20.20000076293945,-0.6472947181662091,5.0,PS_033,,,1.1978063529283773
21.222383914222238,,2024-10-12T01:00:00Z,4,0,4,0,4,4,1,0,0,4,-0.7206309917908111,,,,,,,19.93465487067731,-0.6125913463439108,5.0,PS_033,,,1.4946594217080502
21.256852926961738,,2024-10-12T01:15:00Z,4,0,4,0,4,4,1,0,0,4,-0.7409113165657584,,,,,,,20.153762746126105,-0.6003171391097194,5.0,PS_033,,,0.46174661915772536
21.422067669237972,,2024-10-12T01:30:00Z,3,0,3,0,3,3,1,0,0,3,-0.5495788760370688,,,,,,,20.200000762939453,-0.479639797291712,5.0,PS_033,,,0.9764836524401022
21.627310006989315,,2024-10-12T01:45:00Z,4,0,4,0,4,4,1,0,0,4,0.14506321753789578,,,,,,,19.94336150961778,0.13730086790251947,7.599999904632568,PS_033,,,2.775752914682166
21.377818185194446,,2024-10-12T02:00:00Z,4,0,4,0,4,4,1,0,0,4,-0.012736824771656151,,,,,,,20.200000762939453,0.020631852332542736,12.600000381469727,PS_033,,,2.5811514044851873
21.19544100508091,,2024-10-12T02:15:00Z,3,0,3,0,3,3,1,0,0,3,-0.4331875850320509,,,,,,,19.94422466013999,-0.42772183801095354,12.800000190734863,PS_033,,,0.7989974358496771
21.06344615490483,,2024-10-12T02:30:00Z,4,0,4,0,4,4,1,0,0,4,-0.6326844065250969,,,,,,,20.02742938651504,-0.4305660309542561,13.0,PS_033,,,0.0901305366675689
21.429709774457983,,2024-10-12T02:45:00Z,4,0,4,0,4,4,1,0,0,4,-0.44400327504614184,,,,,,,20.324321739062167,-0.40961189166744677,13.199999809265137,PS_033,,,2.405144026795617
21.46505288607161,,2024-10-12T03:00:00Z,2,0,2,0,2,2,1,0,0,2,-0.48149167278734706,,,,,,,20.200000762939453,-0.43341566902711404,13.199999809265137,PS_033,,,2.258637483676505
,,2024-10-12T03:15:00Z,0,0,0,0,0,0,1,0,0,0,,,,,,,,,,13.199999809265137,PS_033,,,
,,2024-10-12T03:30:00Z,0,0,0,0,0,0,1,0,0,0,,,,,,,,,,13.199999809265137,PS_033,,,
,,2024-10-12T03:45:00Z,0,0,0,0,0,0,1,0,0,0,,,,,,,,,,13.199999809265137,PS_033,,,
,,2024-10-12T04:00:00Z,0,0,0,0,0,0,1,0,0,0,,,,,,,,,,13.199999809265137,PS_033,,,
,,2024-10-12T04:15:00Z,0,0,0,0,0,0,1,0,0,0,,,,,,,,,,13.199999809265137,PS_033,,,
,,2024-10-12T04:30:00Z,0,0,0,0,0,0,1,0,0,0,,,,,,,,,,13.199999809265137,PS_033,,,
,,2024-10-12T04:45:00Z,0,0,0,0,0,0,1,0,0,0,,,,,,,,,,13.199999809265137,PS_033,,,
,,2024-10-12T05:00:00Z,0,0,0,0,0,0,1,0,0,0,,,,,,,,,,13.199999809265137,PS_033,,,
,,2024-10-12T05:15:00Z,0,0,0,0,0,0,1,0,0,0,,,,,,,,,,13.199999809265137,PS_033,,,
,,2024-10-12T05:30:00Z,0,0,0,0,0,0,1,0,0,0,,,,,,,,,,13.199999809265137,PS_033,,,
,,2024-10-12T05:45:00Z,0,0,0,0,0,0,1,0,0,0,,,,,,,,,,13.199999809265137,PS_033,,,
,,2024-10-12T06:00:00Z,0,0,0,0,0,0,1,0,0,0,,,,,,,,,,13.199999809265137,PS_033,,,
,,2024-10-12T06:15:00Z,0,0,0,0,0,0,1,0,0,0,,,,,,,,,,13.199999809265137,PS_033,,,
,,2024-10-12T06:30:00Z,0,0,0,0,0,0,1,0,0,0,,,,,,,,,,13.199999809265137,PS_033,,,
,,2024-10-12T06:45:00Z,0,0,0,0,0,0,1,0,0,0,,,,,,,,,,13.199999809265137,PS_033,,,
,,2024-10-12T07:00:00Z,0,0,0,0,0,0,1,0,0,0,,,,,,,,,,13.199999809265137,PS_033,,,
,,2024-10-12T07:15:00Z,0,0,0,0,0,0,1,0,0,0,,,,,,,,,,13.199999809265137,PS_033,,,
,,2024-10-12T07:30:00Z,0,0,0,0,0,0,1,0,0,0,,,,,,,,,,13.199999809265137,PS_033,,,
,,2024-10-12T07:45:00Z,0,0,0,0,0,0,1,0,0,0,,,,,,,,,,13.199999809265137,PS_033,,,
,,2024-10-12T08:00:00Z,0,0,0,0,0,0,1,0,0,0,,,,,,,,,,13.199999809265137,PS_033,,,
,,2024-10-12T08:15:00Z,0,0,0,0,0,0,1,0,0,0,,,,,,,,,,13.199999809265137,PS_033,,,
,,2024-10-12T08:30:00Z,0,0,0,0,0,0,1,0,0,0,,,,,,,,,,13.199999809265137,PS_033,,,
,,2024-10-12T08:45:00Z,0,0,0,0,0,0,1,0,0,0,,,,,,,,,,13.199999809265137,PS_033,,,
21.839996337890625,,2024-10-12T09:00:00Z,1,0,1,0,1,1,1,0,0,1,8.3100004196167,,,,,,,20.79999923706055,6.550000190734863,13.199999809265137,PS_033,,,1.6779999732971191
21.93988355281918,,2024-10-12T09:15:00Z,4,0,4,0,4,4,1,0,0,4,20.51962253926876,,,,,,,20.79999923706055,17.121801735219716,13.199999809265137,PS_033,,,1.1243007595352468
22.128668844241165,,2024-10-12T09:30:00Z,4,0,4,0,4,4,1,0,0,4,44.5403855673487,,,,,,,20.89573107155385,39.586594413304326,13.199999809265137,PS_033,,,1.081962724497339
22.28785134342756,,2024-10-12T09:45:00Z,3,0,3,0,3,3,1,0,0,3,59.61475514722609,,,,,,,21.061406802507395,49.444538841775156,13.199999809265137,PS_033,,,1.5380991957492018
22.963236263623816,,2024-10-12T10:00:00Z,4,0,4,0,4,4,1,0,0,4,174.58665190824595,,,,,,,21.743888523307177,219.32681760871694,13.199999809265137,PS_033,,,0.6223152378422696
23.896740012408372,,2024-10-12T10:15:00Z,4,0,4,0,4,4,1,0,0,4,277.1390242213114,,,,,,,22.68374580203869,398.52666244192875,13.199999809265137,PS_033,,,0.6584651371503093
23.22273313520102,,2024-10-12T10:30:00Z,3,0,3,0,3,3,1,0,0,3,161.995434463328,,,,,,,22.567207532333693,152.513220072665,13.199999809265137,PS_033,,,1.92023999505411
23.717426163983454,,2024-10-12T10:45:00Z,4,0,4,0,4,4,1,0,0,4,276.16896156098346,,,,,,,22.737754988814256,357.085042051817,13.199999809265137,PS_033,,,2.401695126689005
24.081821528216338,,2024-10-12T11:00:00Z,4,0,4,0,4,4,1,0,0,4,305.25225019055733,,,,,,,23.47095965924513,403.6634546589974,13.199999809265137,PS_033,,,2.3530580277246065
24.613906294760465,,2024-10-12T11:15:00Z,3,0,3,0,3,3,1,0,0,3,312.069891035284,,,,,,,23.91229412221643,356.1361626620864,13.199999809265137,PS_033,,,3.0310598951346934
25.30851656029894,,2024-10-12T11:30:00Z,4,0,4,0,4,4,1,0,0,4,624.8098557522841,,,,,,,24.921029852054403,858.359275300595,13.199999809265137,PS_033,,,2.549949179574688
26.135283864647974,,2024-10-12T11:45:00Z,4,0,4,0,4,4,1,0,0,4,526.4874927559637,,,,,,,25.373250731649254,693.6219874522177,13.199999809265137,PS_033,,,3.121307096281008
25.605069271490553,,2024-10-12T12:00:00Z,3,0,3,0,3,3,1,0,0,3,370.3309330416733,,,,,,,24.615225381346825,422.3109108958236,13.199999809265137,PS_033,,,2.780137142315178
26.14819791397554,,2024-10-12T12:15:00Z,4,0,4,0,4,4,1,0,0,4,469.2121629870224,,,,,,,24.885475366240282,680.0016312473433,13.199999809265137,PS_033,,,1.6912377745330833
26.625690974991173,,2024-10-12T12:30:00Z,4,0,4,0,4,4,1,0,0,4,620.3582283379989,,,,,,,26.09969885626597,664.6943383570672,13.199999809265137,PS_033,,,2.670495635246486
26.463297876125086,,2024-10-12T12:45:00Z,3,0,3,0,3,3,1,0,0,3,378.6706878958828,,,,,,,25.908047633767577,338.9290037755576,13.199999809265137,PS_033,,,2.5681421940189337
26.711390968175262,,2024-10-12T13:00:00Z,4,0,4,0,4,4,1,0,0,4,368.02173563831946,,,,,,,25.55317037400298,341.8684499997958,13.199999809265137,PS_033,,,1.013501465785591
27.92293296843985,,2024-10-12T13:15:00Z,4,0,4,0,4,4,1,0,0,4,812.4075028151852,,,,,,,26.555707106980467,835.8394751587617,13.199999809265137,PS_033,,,1.4628317203556656
27.64790128039777,,2024-10-12T13:30:00Z,3,0,3,0,3,3,1,0,0,3,443.95323489479557,,,,,,,26.725992397993895,429.1132709072179,13.199999809265137,PS_033,,,2.5527205426767434
27.602755460496052,,2024-10-12T13:45:00Z,4,0,4,0,4,4,1,0,0,4,464.79695845073616,,,,,,,26.659343941514067,440.95366561241383,13.199999809265137,PS_033,,,2.734525087552464
28.69632272825525,,2024-10-12T14:00:00Z,4,0,4,0,4,4,1,0,0,4,611.7012803671842,,,,,,,27.666431782182258,580.6067568533531,13.199999809265137,PS_033,,,2.189670337544596
29.516146115155955,,2024-10-12T14:15:00Z,3,0,3,0,3,3,1,0,0,3,1075.2839635227904,,,,,,,28.334361283991903,1003.0197307286948,13.199999809265137,PS_033,,,3.971271224379875
29.949844749171277,,2024-10-12T14:30:00Z,4,0,4,0,4,4,1,0,0,4,1134.1586909292143,,,,,,,28.871953621694516,1015.1177784094823,13.199999809265137,PS_033,,,3.3586750644412486
29.57355188678964,,2024-10-12T14:45:00Z,4,0,4,0,4,4,1,0,0,4,539.4586496454081,,,,,,,28.17579851275053,482.3518519627209,13.199999809265137,PS_033,,,3.5377794043343354
30.279869811492723,,2024-10-12T15:00:00Z,3,0,3,0,3,3,1,0,0,3,1040.6293745221324,,,,,,,28.979878206696185,853.4750235798291,13.199999809265137,PS_033,,,2.3753686466905335
30.010179341240196,,2024-10-12T15:15:00Z,4,0,4,0,4,4,1,0,0,4,856.2995930281983,,,,,,,29.112985997391082,685.1291629064832,13.199999809265137,PS_033,,,2.439857369941781
30.061192903037217,,2024-10-12T15:30:00Z,3,0,3,0,3,3,1,0,0,3,963.4837963525864,,,,,,,28.968022821905908,743.1889550518507,13.199999809265137,PS_033,,,2.254654705858703
30.778561858375355,,2024-10-12T15:45:00Z,4,0,4,0,4,4,1,0,0,4,943.0591894559371,,,,,,,29.811977955162792,678.9636963926844,13.199999809265137,PS_033,,,2.9425821290309595
30.89072615103453,,2024-10-12T16:00:00Z,4,0,4,0,4,4,1,0,0,4,511.9796463622649,,,,,,,29.385811798895386,360.326218287799,13.199999809265137,PS_033,,,2.293054689919243
31.337739737530462,,2024-10-12T16:15:00Z,3,0,3,0,3,3,1,0,0,3,1001.8995245643952,,,,,,,30.142985340129055,635.3848203226352,13.199999809265137,PS_033,,,3.26988638510978
31.18476977140089,,2024-10-12T16:30:00Z,4,0,4,0,4,4,1,0,0,4,681.4361405625142,,,,,,,29.90894651585889,418.67311722142324,13.199999809265137,PS_033,,,3.4704743838357945
31.918267509495383,,2024-10-12T16:45:00Z,4,0,4,0,4,4,1,0,0,4,884.2343374105178,,,,,,,30.70953333453356,508.5097282026632,13.199999809265137,PS_033,,,3.9119837028521784
31.883316628832496,,2024-10-12T17:00:00Z,3,0,3,0,3,3,1,0,0,3,818.5761014913714,,,,,,,30.70000076293945,410.03865648086673,13.199999809265137,PS_033,,,3.2517835347410924
32.12938612926972,,2024-10-12T17:15:00Z,4,0,4,0,4,4,1,0,0,4,810.9325187971422,,,,,,,30.76885551454774,381.6449097681409,13.199999809265137,PS_033,,,2.330598012799416
32.55294511089278,,2024-10-12T17:30:00Z,4,0,4,0,4,4,1,0,0,4,418.35132776317073,,,,,,,31.43837520187597,207.51347121067909,13.199999809265137,PS_033,,,2.023309519778852
33.019239119043306,,2024-10-12T17:45:00Z,3,0,3,0,3,3,1,0,0,3,797.7485207727362,,,,,,,32.47715455487007,310.2529795517484,13.199999809265137,PS_033,,,4.450879509086125
33.23563878464625,,2024-10-12T18:00:00Z,4,0,4,0,4,4,1,0,0,4,785.3312595526315,,,,,,,32.82390131288855,280.77823076398056,13.199999809265137,PS_033,,,3.9635209723738076
33.14998775179285,,2024-10-12T18:15:00Z,4,0,4,0,4,4,1,0,0,4,676.8547925986935,,,,,,,32.97862567386738,195.37893777681404,13.199999809265137,PS_033,,,4.480651694165766
33.53087802180638,,2024-10-12T18:30:00Z,3,0,3,0,3,3,1,0,0,3,587.3000943415898,,,,,,,33.26931115541992,122.09250992748149,13.199999809265137,PS_033,,,3.341233269637587
33.65070962321615,,2024-10-12T18:45:00Z,4,0,4,0,4,4,1,0,0,4,530.7242632139737,,,,,,,32.96038913740863,103.27949245751363,13.199999809265137,PS_033,,,2.6554974534157703
32.93817708321558,,2024-10-12T19:00:00Z,4,0,4,0,4,4,1,0,0,4,486.9732851871907,,,,,,,32.69588271899824,98.33627016435348,13.199999809265137,PS_033,,,3.2035324463176478
32.44829155983293,,2024-10-12T19:15:00Z,3,0,3,0,3,3,1,0,0,3,425.3003786283921,,,,,,,32.74731936541905,98.2378499156986,13.199999809265137,PS_033,,,3.3489211983022558
32.135588640454266,,2024-10-12T19:30:00Z,4,0,4,0,4,4,1,0,0,4,346.91483682204876,,,,,,,32.69761167461444,77.44829496771597,13.199999809265137,PS_033,,,3.62162512081003
31.71067219932146,,2024-10-12T19:45:00Z,4,0,4,0,4,4,1,0,0,4,277.19114369798734,,,,,,,32.0388125569093,67.74082261549613,13.199999809265137,PS_033,,,3.3164856402455705
32.121476502692566,,2024-10-12T20:00:00Z,3,0,3,0,3,3,1,0,0,3,229.11650686934945,,,,,,,32.57553530320572,58.72042720628304,13.199999809265137,PS_033,,,1.499710124966811
32.316664731985256,,2024-10-12T20:15:00Z,4,0,4,0,4,4,1,0,0,4,172.95732821637893,,,,,,,31.58635165999727,55.90689979865105,13.199999809265137,PS_033,,,2.2626651934328463
31.97972152486186,,2024-10-12T20:30:00Z,4,0,4,0,4,4,1,0,0,4,118.31655711272252,,,,,,,30.898552318834405,46.06560619208187,13.199999809265137,PS_033,,,1.9837541506031544
30.975315476298793,,2024-10-12T20:45:00Z,3,0,3,0,3,3,1,0,0,3,64.61236848335966,,,,,,,29.57649801072132,31.23753030649847,13.199999809265137,PS_033,,,1.9575313124198979
29.923758302764114,,2024-10-12T21:00:00Z,4,0,4,0,4,4,1,0,0,4,22.270197354010612,,,,,,,28.042739932534424,13.15600136042322,13.199999809265137,PS_033,,,2.1218438316052772
28.983807907666414,,2024-10-12T21:15:00Z,4,0,4,0,4,4,1,0,0,4,2.8329760439056817,,,,,,,27.374998486030307,1.384151265455689,13.199999809265137,PS_033,,,2.3885934177515287
28.20211714490723,,2024-10-12T21:30:00Z,3,0,3,0,3,3,1,0,0,3,-1.5678475383434165,,,,,,,26.74573966940914,-1.6099476851331538,13.199999809265137,PS_033,,,0.9994861266607638
27.67024031021739,,2024-10-12T21:45:00Z,4,0,4,0,4,4,1,0,0,4,-2.074859203410516,,,,,,,26.04604228380176,-1.8791759165269433,13.199999809265137,PS_033,,,1.6966829077145953
27.3238845670755,,2024-10-12T22:00:00Z,3,0,3,0,3,3,1,0,0,3,-2.171898198765011,,,,,,,25.600000381469727,-2.0103048683186087,13.199999809265137,PS_033,,,1.5055599740812804
26.90088803941358,,2024-10-12T22:15:00Z,4,0,4,0,4,4,1,0,0,4,-2.101169468220384,,,,,,,25.333224291449334,-2.121034568346728,13.199999809265137,PS_033,,,0.47735904188900924
26.71168345374351,,2024-10-12T22:30:00Z,4,0,4,0,4,4,1,0,0,4,-2.086561656485262,,,,,,,25.072705214486607,-2.306357539863617,13.199999809265137,PS_033,,,0.27889428003525013
25.852324176171084,,2024-10-12T22:45:00Z,3,0,3,0,3,3,1,0,0,3,-2.004493449133256,,,,,,,24.239401869213125,-2.1762651775280184,13.199999809265137,PS_033,,,0.9525636084710983
25.37912123787379,,2024-10-12T23:00:00Z,4,0,4,0,4,4,1,0,0,4,-2.001270358084864,,,,,,,23.721309325801364,-2.1257609891129094,13.199999809265137,PS_033,,,0.7931444608541969
25.316279451367517,,2024-10-12T23:15:00Z,4,0,4,0,4,4,1,0,0,4,-2.084113150426761,,,,,,,23.653525008536796,-2.312680392248074,13.199999809265137,PS_033,,,1.0052090850845885
24.890842722383123,,2024-10-12T23:30:00Z,3,0,3,0,3,3,1,0,0,3,-1.8227659830009573,,,,,,,23.225976361353357,-1.7400867624146226,13.199999809265137,PS_033,,,1.2182107928882964
24.60234812560551,,2024-10-12T23:45:00Z,4,0,4,0,4,4,1,0,0,4,-1.9506903057472673,,,,,,,23.238204686747796,-1.8443370237134702,13.199999809265137,PS_033,,,1.7027139680489314
24.56286748876455,,2024-10-13T00:00:00Z,4,0,4,0,4,4,1,0,0,4,-1.998630024173938,,,,,,,23.160604584974593,-1.8482236023091279,13.199999809265137,PS_033,,,1.4236651030773173
24.38744122380728,,2024-10-13T00:15:00Z,3,0,3,0,3,3,1,0,0,3,-1.9174369991346116,,,,,,,22.90134839213474,-1.9953579933342145,13.199999809265137,PS_033,,,1.3154549174712928
24.208848184302507,,2024-10-13T00:30:00Z,4,0,4,0,4,4,1,0,0,4,-1.7562374514335581,,,,,,,22.72842964301467,-1.9573169921990714,13.199999809265137,PS_033,,,0.9051852784548733
23.915856491178854,,2024-10-13T00:45:00Z,4,0,4,0,4,4,1,0,0,4,-1.8135738721257983,,,,,,,22.39493849708628,-1.6939351756997443,13.199999809265137,PS_033,,,1.50395597093559
23.69251332379403,,2024-10-13T01:00:00Z,3,0,3,0,3,3,1,0,0,3,-1.713933302534032,,,,,,,22.051994314030196,-1.6538307810477355,13.199999809265137,PS_033,,,1.2453667013269663
23.25969399597748,,2024-10-13T01:15:00Z,4,0,4,0,4,4,1,0,0,4,-1.7341588077618466,,,,,,,21.581704895017143,-1.4577613186859668,13.199999809265137,PS_033,,,0.33790489222199155
22.677258870144836,,2024-10-13T01:30:00Z,4,0,4,0,4,4,1,0,0,4,-1.5680707322326635,,,,,,,21.117969633091278,-1.2707851641187655,13.199999809265137,PS_033,,,0.8799393602872626
22.697388598764913,,2024-10-13T01:45:00Z,3,0,3,0,3,3,1,0,0,3,-1.5254483644625305,,,,,,,21.24098209707434,-1.1533549596978334,13.199999809265137,PS_033,,,1.0907433268221942
22.564233728281337,,2024-10-13T02:00:00Z,4,0,4,0,4,4,1,0,0,4,-1.5126198327113938,,,,,,,21.000000000000004,-1.1673418375447848,13.199999809265137,PS_033,,,1.0622797075816894
22.37415435306658,,2024-10-13T02:15:00Z,3,0,3,0,3,3,1,0,0,3,-1.5042603728293864,,,,,,,20.814776851949965,-0.9814776557544949,13.199999809265137,PS_033,,,1.3633625742256201
22.735893841045126,,2024-10-13T02:30:00Z,4,0,4,0,4,4,1,0,0,4,-1.49231529218086,,,,,,,21.04725623313814,-0.9612485222201934,13.199999809265137,PS_033,,,0.8709052990985257
22.543004744965344,,2024-10-13T02:45:00Z,4,0,4,0,4,4,1,0,0,4,-1.385707267445455,,,,,,,20.830864660992532,-0.9125007733607479,13.199999809265137,PS_033,,,0.9873699204662547
22.5679928850006,,2024-10-13T03:00:00Z,2,0,2,0,2,2,1,0,0,2,-1.482000750151011,,,,,,,21.0,-0.8240014550024921,13.199999809265137,PS_033,,,1.23358587555776
,,2024-10-13T03:15:00Z,0,0,0,0,0,0,1,0,0,0,,,,,,,,,,13.199999809265137,PS_033,,,
,,2024-10-13T03:30:00Z,0,0,0,0,0,0,1,0,0,0,,,,,,,,,,13.199999809265137,PS_033,,,
,,2024-10-13T03:45:00Z,0,0,0,0,0,0,1,0,0,0,,,,,,,,,,13.199999809265137,PS_033,,,
,,2024-10-13T04:00:00Z,0,0,0,0,0,0,1,0,0,0,,,,,,,,,,13.199999809265137,PS_033,,,
,,2024-10-13T04:15:00Z,0,0,0,0,0,0,1,0,0,0,,,,,,,,,,13.199999809265137,PS_033,,,
,,2024-10-13T04:30:00Z,0,0,0,0,0,0,1,0,0,0,,,,,,,,,,13.199999809265137,PS_033,,,
,,2024-10-13T04:45:00Z,0,0,0,0,0,0,1,0,0,0,,,,,,,,,,13.199999809265137,PS_033,,,
,,2024-10-13T05:00:00Z,0,0,0,0,0,0,1,0,0,0,,,,,,,,,,13.199999809265137,PS_033,,,
,,2024-10-13T05:15:00Z,0,0,0,0,0,0,1,0,0,0,,,,,,,,,,13.199999809265137,PS_033,,,
,,2024-10-13T05:30:00Z,0,0,0,0,0,0,1,0,0,0,,,,,,,,,,13.199999809265137,PS_033,,,
,,2024-10-13T05:45:00Z,0,0,0,0,0,0,1,0,0,0,,,,,,,,,,13.199999809265137,PS_033,,,
,,2024-10-13T06:00:00Z,0,0,0,0,0,0,1,0,0,0,,,,,,,,,,13.199999809265137,PS_033,,,
,,2024-10-13T06:15:00Z,0,0,0,0,0,0,1,0,0,0,,,,,,,,,,13.199999809265137,PS_033,,,
,,2024-10-13T06:30:00Z,0,0,0,0,0,0,1,0,0,0,,,,,,,,,,13.199999809265137,PS_033,,,
,,2024-10-13T06:45:00Z,0,0,0,0,0,0,1,0,0,0,,,,,,,,,,13.199999809265137,PS_033,,,
,,2024-10-13T07:00:00Z,0,0,0,0,0,0,1,0,0,0,,,,,,,,,,13.199999809265137,PS_033,,,
,,2024-10-13T07:15:00Z,0,0,0,0,0,0,1,0,0,0,,,,,,,,,,13.199999809265137,PS_033,,,
,,2024-10-13T07:30:00Z,0,0,0,0,0,0,1,0,0,0,,,,,,,,,,13.199999809265137,PS_033,,,
,,2024-10-13T07:45:00Z,0,0,0,0,0,0,1,0,0,0,,,,,,,,,,13.199999809265137,PS_033,,,
,,2024-10-13T08:00:00Z,0,0,0,0,0,0,1,0,0,0,,,,,,,,,,13.199999809265137,PS_033,,,
,,2024-10-13T08:15:00Z,0,0,0,0,0,0,1,0,0,0,,,,,,,,,,13.199999809265137,PS_033,,,
,,2024-10-13T08:30:00Z,0,0,0,0,0,0,1,0,0,0,,,,,,,,,,13.199999809265137,PS_033,,,
,,2024-10-13T08:45:00Z,0,0,0,0,0,0,1,0,0,0,,,,,,,,,,13.199999809265137,PS_033,,,
20.61833377913414,,2024-10-13T09:00:00Z,2,0,2,0,2,2,1,0,0,2,44.3825454419473,,,,,,,19.100000381469727,104.29444768632153,13.199999809265137,PS_033,,,2.2872259065303306
21.002415418468658,,2024-10-13T09:15:00Z,3,0,3,0,3,3,1,0,0,3,68.55928563446412,,,,,,,19.335765734294988,182.81188099533765,13.199999809265137,PS_033,,,1.682852461140286
21.01211289036568,,2024-10-13T09:30:00Z,4,0,4,0,4,4,1,0,0,4,91.48818040858102,,,,,,,19.44517126067942,209.87135265033845,13.199999809265137,PS_033,,,3.1156614760980395
21.665031345822463,,2024-10-13T09:45:00Z,4,0,4,0,4,4,1,0,0,4,168.27661852560064,,,,,,,20.20084571136852,404.582583743386,13.199999809265137,PS_033,,,3.3151102840510354
22.38984603703394,,2024-10-13T10:00:00Z,3,0,3,0,3,3,1,0,0,3,231.56827096257012,,,,,,,20.95377433370835,524.7200630448164,13.199999809265137,PS_033,,,2.4644018077982026
22.994572148800824,,2024-10-13T10:15:00Z,4,0,4,0,4,4,1,0,0,4,292.23355114019853,,,,,,,21.742389105847284,611.651905641425,13.199999809265137,PS_033,,,3.5927028928793154
23.20808223593997,,2024-10-13T10:30:00Z,3,0,3,0,3,3,1,0,0,3,340.94333014615444,,,,,,,22.100000381469727,658.2701517026843,13.199999809265137,PS_033,,,4.698771791391706
23.66007571019465,,2024-10-13T10:45:00Z,4,0,4,0,4,4,1,0,0,4,338.32567840337845,,,,,,,22.527416038266853,589.9800386524456,13.199999809265137,PS_033,,,4.3316508664438045
24.225865706831733,,2024-10-13T11:00:00Z,4,0,4,0,4,4,1,0,0,4,444.5496057145749,,,,,,,23.070712948238793,739.3652374782621,13.199999809265137,PS_033,,,4.6911136654021615
24.788343179980203,,2024-10-13T11:15:00Z,3,0,3,0,3,3,1,0,0,3,502.53476620167913,,,,,,,23.702179985208318,797.6999097351467,13.199999809265137,PS_033,,,3.737475992688694
25.182524885733933,,2024-10-13T11:30:00Z,4,0,4,0,4,4,1,0,0,4,522.6548533516852,,,,,,,24.081310409415824,789.7504006733245,13.199999809265137,PS_033,,,3.5827343838430608
25.879603630492365,,2024-10-13T11:45:00Z,4,0,4,0,4,4,1,0,0,4,639.9618274263873,,,,,,,24.969816474586068,935.9508863694354,13.199999809265137,PS_033,,,4.698844796004732
26.028548093701286,,2024-10-13T12:00:00Z,3,0,3,0,3,3,1,0,0,3,694.1488634385006,,,,,,,25.13135569496918,960.325315759416,13.199999809265137,PS_033,,,5.004325231035565
27.023789832283278,,2024-10-13T12:15:00Z,4,0,4,0,4,4,1,0,0,4,738.3606209949502,,,,,,,26.13744909735537,963.1034481949766,13.199999809265137,PS_033,,,4.406039934071394
27.74030286975945,,2024-10-13T12:30:00Z,4,0,4,0,4,4,1,0,0,4,765.0955986733712,,,,,,,27.158024615272584,959.1983815555958,13.199999809265137,PS_033,,,5.06807861169729
28.49674292195576,,2024-10-13T12:45:00Z,3,0,3,0,3,3,1,0,0,3,844.2053867436042,,,,,,,28.261208327446173,1014.0721867881434,13.199999809265137,PS_033,,,2.866768299105341
28.948687100771878,,2024-10-13T13:00:00Z,4,0,4,0,4,4,1,0,0,4,865.6678682755046,,,,,,,28.631070500272916,994.7595676546165,13.199999809265137,PS_033,,,3.1224117194601204
29.819902298621724,,2024-10-13T13:15:00Z,4,0,4,0,4,4,1,0,0,4,923.3704909178786,,,,,,,29.28847830717955,1019.7005418756186,13.199999809265137,PS_033,,,3.518647965687505
30.551130769919247,,2024-10-13T13:30:00Z,3,0,3,0,3,3,1,0,0,3,791.6968249517372,,,,,,,29.88634845974527,841.0687511958077,13.199999809265137,PS_033,,,4.001345668246898
30.59701952535403,,2024-10-13T13:45:00Z,4,0,4,0,4,4,1,0,0,4,827.7018236072984,,,,,,,30.000972825596627,842.2140537828883,13.199999809265137,PS_033,,,3.054019281385874
31.353938733766647,,2024-10-13T14:00:00Z,3,0,3,0,3,3,1,0,0,3,782.4702948901393,,,,,,,30.655443489897735,778.1745008348555,13.199999809265137,PS_033,,,4.968344170950804
32.386028353781036,,2024-10-13T14:15:00Z,4,0,4,0,4,4,1,0,0,4,1004.4111907002102,,,,,,,32.01263771665853,945.2282941815315,13.199999809265137,PS_033,,,4.118846453050202
32.94901027925315,,2024-10-13T14:30:00Z,4,0,4,0,4,4,1,0,0,4,1044.1299941237025,,,,,,,32.17705481291962,926.4254485572491,13.199999809265137,PS_033,,,1.85457402028654
33.4431190506329,,2024-10-13T14:45:00Z,3,0,3,0,3,3,1,0,0,3,1083.2595167790216,,,,,,,33.37799279951681,915.7841717883128,13.199999809265137,PS_033,,,2.5010888702631298
33.87861386590866,,2024-10-13T15:00:00Z,4,0,4,0,4,4,1,0,0,4,1111.13821007678,,,,,,,33.49500076072907,891.4821324275953,13.199999809265137,PS_033,,,1.15896307791499
34.403661353290715,,2024-10-13T15:15:00Z,4,0,4,0,4,4,1,0,0,4,1049.8379939407714,,,,,,,34.35779250670946,826.6725191096956,13.199999809265137,PS_033,,,2.1690643718783065
35.003827405376065,,2024-10-13T15:30:00Z,3,0,3,0,3,3,1,0,0,3,1073.3322951037983,,,,,,,33.79739542861221,829.4882849830107,13.199999809265137,PS_033,,,2.7853824609839966
34.50588646807267,,2024-10-13T15:45:00Z,4,0,4,0,4,4,1,0,0,4,1065.845675675529,,,,,,,35.12644899127865,758.6198680969957,13.199999809265137,PS_033,,,3.392712947435922
34.904696191021294,,2024-10-13T16:00:00Z,4,0,4,0,4,4,1,0,0,4,1088.1901082316278,,,,,,,34.24627280828377,744.1650935675304,13.199999809265137,PS_033,,,2.509950669476992
34.75142756856865,,2024-10-13T16:15:00Z,3,0,3,0,3,3,1,0,0,3,946.4515231642522,,,,,,,33.985721151957456,588.5457724370493,13.199999809265137,PS_033,,,1.4603035530318453
35.22391005264226,,2024-10-13T16:30:00Z,4,0,4,0,4,4,1,0,0,4,742.1145864242707,,,,,,,34.92256631998252,494.93628770418564,13.199999809265137,PS_033,,,1.8950120143251434
35.57154462148432,,2024-10-13T16:45:00Z,4,0,4,0,4,4,1,0,0,4,661.6041262808864,,,,,,,35.071750290678104,455.46678893607015,13.199999809265137,PS_033,,,2.9567693969669366
35.27119962476535,,2024-10-13T17:00:00Z,3,0,3,0,3,3,1,0,0,3,310.4555218059245,,,,,,,33.610269211879654,267.25137049586704,13.199999809265137,PS_033,,,2.382467927151911
34.313220647942536,,2024-10-13T17:15:00Z,4,0,4,0,4,4,1,0,0,4,276.3616853638238,,,,,,,33.48812270974357,240.53489103759972,13.199999809265137,PS_033,,,0.9710932297829493
35.07691575920769,,2024-10-13T17:30:00Z,4,0,4,0,4,4,1,0,0,4,429.8570350626076,,,,,,,34.390628138433144,320.42473405726736,13.199999809265137,PS_033,,,1.9119980601047653
34.7565997432649,,2024-10-13T17:45:00Z,3,0,3,0,3,3,1,0,0,3,344.56624909945435,,,,,,,34.91895022528566,265.84734149226347,13.199999809265137,PS_033,,,2.5244434865981953
35.73065482955786,,2024-10-13T18:00:00Z,4,0,4,0,4,4,1,0,0,4,673.0946714060252,,,,,,,35.654747295084356,320.18987461336525,13.199999809265137,PS_033,,,2.4095483055305116
36.33121217641549,,2024-10-13T18:15:00Z,3,0,3,0,3,3,1,0,0,3,665.0548694717035,,,,,,,36.94134538769828,270.97208346734374,13.199999809265137,PS_033,,,1.4006925647013522
36.32903215553083,,2024-10-13T18:30:00Z,4,0,4,0,4,4,1,0,0,4,688.0355425120003,,,,,,,36.53952722737917,253.06259918979453,13.199999809265137,PS_033,,,2.7144515103176405
37.33233457066084,,2024-10-13T18:45:00Z,4,0,4,0,4,4,1,0,0,4,644.2746118516676,,,,,,,37.61256523045162,220.06511574002624,13.199999809265137,PS_033,,,1.8912445209508881
36.43390695618827,,2024-10-13T19:00:00Z,3,0,3,0,3,3,1,0,0,3,388.390373907924,,,,,,,36.100739419472035,139.8060222136407,13.199999809265137,PS_033,,,1.3921450914488074
35.12163702661286,,2024-10-13T19:15:00Z,4,0,4,0,4,4,1,0,0,4,201.90472791598086,,,,,,,34.36260926335406,91.58537741805726,13.199999809265137,PS_033,,,2.5278657706208563
34.80653051743172,,2024-10-13T19:30:00Z,4,0,4,0,4,4,1,0,0,4,190.64077914843392,,,,,,,33.86056471992684,90.86969629988104,13.199999809265137,PS_033,,,1.9045165297358944
34.842036626225436,,2024-10-13T19:45:00Z,3,0,3,0,3,3,1,0,0,3,182.96236700459264,,,,,,,33.309327012902905,93.37839461598647,13.199999809265137,PS_033,,,1.8134158206638602
35.939041956231804,,2024-10-13T20:00:00Z,4,0,4,0,4,4,1,0,0,4,270.78185482685836,,,,,,,35.17375135006362,105.00969402546848,13.199999809265137,PS_033,,,1.9175231117639526
34.28665626223436,,2024-10-13T20:15:00Z,4,0,4,0,4,4,1,0,0,4,100.61852272238329,,,,,,,32.64434863744386,70.03770687600364,13.199999809265137,PS_033,,,2.7125976741561653
33.417151374403964,,2024-10-13T20:30:00Z,3,0,3,0,3,3,1,0,0,3,44.82396217952574,,,,,,,31.79999923706055,33.20362949532711,13.199999809265137,PS_033,,,1.651522773411782
33.11089214496823,,2024-10-13T20:45:00Z,4,0,4,0,4,4,1,0,0,4,34.206010569383395,,,,,,,31.561374491914403,19.95612476037908,13.199999809265137,PS_033,,,1.1838151472173293
32.72178577887994,,2024-10-13T21:00:00Z,4,0,4,0,4,4,1,0,0,4,25.78581343946666,,,,,,,30.86682177102667,12.672180172692087,13.199999809265137,PS_033,,,2.14718653331575
31.71438340687123,,2024-10-13T21:15:00Z,3,0,3,0,3,3,1,0,0,3,4.269927782755082,,,,,,,30.20800694890999,1.796076336174245,13.199999809265137,PS_033,,,1.7034591377833272
31.214234203879837,,2024-10-13T21:30:00Z,4,0,4,0,4,4,1,0,0,4,-1.60233030955281,,,,,,,29.565849566465147,-1.736665871295959,13.199999809265137,PS_033,,,1.6034527390611906
30.47262861334925,,2024-10-13T21:45:00Z,4,0,4,0,4,4,1,0,0,4,-2.150878576008215,,,,,,,28.74370900080374,-2.09628878178782,13.199999809265137,PS_033,,,0.5836602448139422
29.695560674375123,,2024-10-13T22:00:00Z,3,0,3,0,3,3,1,0,0,3,-2.068451229571366,,,,,,,28.02787626709427,-1.8965579004342759,13.199999809265137,PS_033,,,0.7034124135821948
28.85752287635742,,2024-10-13T22:15:00Z,4,0,4,0,4,4,1,0,0,4,-2.0062799111493406,,,,,,,27.05807558767413,-1.9153362671872016,13.199999809265137,PS_033,,,0.5498119599876743
28.82754287822695,,2024-10-13T22:30:00Z,4,0,4,0,4,4,1,0,0,4,-1.5174520605963755,,,,,,,27.185682460522685,-1.7389029609879336,13.199999809265137,PS_033,,,0.5533550955914741
28.681123410990004,,2024-10-13T22:45:00Z,3,0,3,0,3,3,1,0,0,3,-1.5660691398877744,,,,,,,26.81237157331035,-1.6442887932763597,13.199999809265137,PS_033,,,0.2709030791327808
28.54520726888362,,2024-10-13T23:00:00Z,4,0,4,0,4,4,1,0,0,4,-1.479754749492646,,,,,,,26.83464564454705,-1.4574742046743803,13.199999809265137,PS_033,,,0.1861510720494579
28.32760960045741,,2024-10-13T23:15:00Z,3,0,3,0,3,3,1,0,0,3,-1.6597489151729432,,,,,,,26.642253833387393,-1.3614656322929195,13.199999809265137,PS_033,,,1.7331339621763793
27.948418075049574,,2024-10-13T23:30:00Z,4,0,4,0,4,4,1,0,0,4,-1.7918971273104591,,,,,,,26.136889728102215,-1.139329092963801,13.199999809265137,PS_033,,,0.8293968414951038
27.26639613072085,,2024-10-13T23:45:00Z,4,0,4,0,4,4,1,0,0,4,-1.7775586370637766,,,,,,,25.562052821840176,-1.2269299830707427,13.199999809265137,PS_033,,,0.8523729638315938
26.370343994072694,,2024-10-14T00:00:00Z,3,0,3,0,3,3,1,0,0,3,-1.5867945518241982,,,,,,,24.834549483913616,-1.0231040919035885,13.199999809265137,PS_033,,,1.8094503428589765
26.784150392590924,,2024-10-14T00:15:00Z,4,0,4,0,4,4,1,0,0,4,-2.1471768600059913,,,,,,,25.361574670081204,-1.7618390167273914,13.199999809265137,PS_033,,,2.380349222373118
27.52811745736656,,2024-10-14T00:30:00Z,4,0,4,0,4,4,1,0,0,4,-1.9620858694778038,,,,,,,25.931630044837462,-1.9153119909208292,13.199999809265137,PS_033,,,4.866386676573738
27.102518041756994,,2024-10-14T00:45:00Z,3,0,3,0,3,3,1,0,0,3,-1.3870947216491643,,,,,,,25.601994358859713,-1.2763906720681146,13.199999809265137,PS_033,,,3.0998335629449953
26.58048278796845,,2024-10-14T01:00:00Z,4,0,4,0,4,4,1,0,0,4,-1.2691634085419747,,,,,,,25.1273097416115,-1.0916833848469887,13.199999809265137,PS_033,,,5.371970314498049
26.2188238604858,,2024-10-14T01:15:00Z,4,0,4,0,4,4,1,0,0,4,-1.3039966770366116,,,,,,,24.799999237060547,-1.0895854051232206,13.199999809265137,PS_033,,,3.9244890627507094
25.892210853532287,,2024-10-14T01:30:00Z,3,0,3,0,3,3,1,0,0,3,-1.2278736018654233,,,,,,,24.29999923706055,-1.1216857372512374,13.199999809265137,PS_033,,,3.6628617886729096
25.693442044773654,,2024-10-14T01:45:00Z,4,0,4,0,4,4,1,0,0,4,-1.2805428930248353,,,,,,,24.36543542886948,-1.122976884880728,13.199999809265137,PS_033,,,4.784053124142354
25.3999657227364,,2024-10-14T02:00:00Z,4,0,4,0,4,4,1,0,0,4,-1.2863432899982432,,,,,,,23.96711385599478,-1.0962088943953527,13.199999809265137,PS_033,,,4.321180410586411
25.087343881674634,,2024-10-14T02:15:00Z,3,0,3,0,3,3,1,0,0,3,-1.2637233862653745,,,,,,,23.700000762939446,-0.9250747698779654,13.199999809265137,PS_033,,,3.610415308366595
24.817434464894806,,2024-10-14T02:30:00Z,4,0,4,0,4,4,1,0,0,4,-1.2002933345215665,,,,,,,23.30104970761961,-1.0397641228716956,13.199999809265137,PS_033,,,4.183150953213548
24.50335066689247,,2024-10-14T02:45:00Z,3,0,3,0,3,3,1,0,0,3,-1.1370197719902029,,,,,,,23.01583346728261,-1.0665634254306078,13.199999809265137,PS_033,,,4.754933526295234
24.320257295555702,,2024-10-14T03:00:00Z,2,0,2,0,2,2,1,0,0,2,-1.206146412160003,,,,,,,22.89999961853027,-0.9998439233572217,13.199999809265137,PS_033,,,4.672268924545869
,,2024-10-14T03:15:00Z,0,0,0,0,0,0,1,0,0,0,,,,,,,,,,13.199999809265137,PS_033,,,
,,2024-10-14T03:30:00Z,0,0,0,0,0,0,1,0,0,0,,,,,,,,,,13.199999809265137,PS_033,,,
,,2024-10-14T03:45:00Z,0,0,0,0,0,0,1,0,0,0,,,,,,,,,,13.199999809265137,PS_033,,,
,,2024-10-14T04:00:00Z,0,0,0,0,0,0,1,0,0,0,,,,,,,,,,13.199999809265137,PS_033,,,
,,2024-10-14T04:15:00Z,0,0,0,0,0,0,1,0,0,0,,,,,,,,,,13.199999809265137,PS_033,,,
,,2024-10-14T04:30:00Z,0,0,0,0,0,0,1,0,0,0,,,,,,,,,,13.199999809265137,PS_033,,,
,,2024-10-14T04:45:00Z,0,0,0,0,0,0,1,0,0,0,,,,,,,,,,13.199999809265137,PS_033,,,
,,2024-10-14T05:00:00Z,0,0,0,0,0,0,1,0,0,0,,,,,,,,,,13.199999809265137,PS_033,,,
,,2024-10-14T05:15:00Z,0,0,0,0,0,0,1,0,0,0,,,,,,,,,,13.199999809265137,PS_033,,,
,,2024-10-14T05:30:00Z,0,0,0,0,0,0,1,0,0,0,,,,,,,,,,13.199999809265137,PS_033,,,
,,2024-10-14T05:45:00Z,0,0,0,0,0,0,1,0,0,0,,,,,,,,,,13.199999809265137,PS_033,,,
,,2024-10-14T06:00:00Z,0,0,0,0,0,0,1,0,0,0,,,,,,,,,,13.199999809265137,PS_033,,,
,,2024-10-14T06:15:00Z,0,0,0,0,0,0,1,0,0,0,,,,,,,,,,13.199999809265137,PS_033,,,
,,2024-10-14T06:30:00Z,0,0,0,0,0,0,1,0,0,0,,,,,,,,,,13.199999809265137,PS_033,,,
,,2024-10-14T06:45:00Z,0,0,0,0,0,0,1,0,0,0,,,,,,,,,,13.199999809265137,PS_033,,,
,,2024-10-14T07:00:00Z,0,0,0,0,0,0,1,0,0,0,,,,,,,,,,13.199999809265137,PS_033,,,
,,2024-10-14T07:15:00Z,0,0,0,0,0,0,1,0,0,0,,,,,,,,,,13.199999809265137,PS_033,,,
,,2024-10-14T07:30:00Z,0,0,0,0,0,0,1,0,0,0,,,,,,,,,,13.199999809265137,PS_033,,,
,,2024-10-14T07:45:00Z,0,0,0,0,0,0,1,0,0,0,,,,,,,,,,13.199999809265137,PS_033,,,
,,2024-10-14T08:00:00Z,0,0,0,0,0,0,1,0,0,0,,,,,,,,,,13.199999809265137,PS_033,,,
,,2024-10-14T08:15:00Z,0,0,0,0,0,0,1,0,0,0,,,,,,,,,,13.199999809265137,PS_033,,,
,,2024-10-14T08:30:00Z,0,0,0,0,0,0,1,0,0,0,,,,,,,,,,13.199999809265137,PS_033,,,
,,2024-10-14T08:45:00Z,0,0,0,0,0,0,1,0,0,0,,,,,,,,,,13.199999809265137,PS_033,,,
22.091560544696044,,2024-10-14T09:00:00Z,2,0,2,0,2,2,1,0,0,2,36.14891098511899,,,,,,,20.55855815254535,65.72340493000546,13.199999809265137,PS_033,,,0.9083358243607026
22.668455830319086,,2024-10-14T09:15:00Z,4,0,4,0,4,4,1,0,0,4,61.67783460177704,,,,,,,21.210268902345334,114.1774420115105,13.199999809265137,PS_033,,,1.9675931455638955
23.11459940767946,,2024-10-14T09:30:00Z,4,0,4,0,4,4,1,0,0,4,90.51437088463304,,,,,,,21.768006602950383,163.4590672143492,13.199999809265137,PS_033,,,2.0629224642116877
23.33109143700735,,2024-10-14T09:45:00Z,3,0,3,0,3,3,1,0,0,3,113.80140161604028,,,,,,,22.04080065612515,189.87021851321907,13.199999809265137,PS_033,,,3.8963593220336485
23.82365528366971,,2024-10-14T10:00:00Z,4,0,4,0,4,4,1,0,0,4,192.89201781737273,,,,,,,22.476284599005126,351.50923905284094,13.199999809265137,PS_033,,,2.697815286603465
24.772525001032392,,2024-10-14T10:15:00Z,3,0,3,0,3,3,1,0,0,3,273.91914183892106,,,,,,,23.50212281384958,527.1451218787741,13.199999809265137,PS_033,,,2.616635009623294
25.30908430200883,,2024-10-14T10:30:00Z,4,0,4,0,4,4,1,0,0,4,306.0204759940804,,,,,,,24.326546708825934,569.9398612092347,13.199999809265137,PS_033,,,3.6930172764300537
25.94202255964596,,2024-10-14T10:45:00Z,4,0,4,0,4,4,1,0,0,4,394.93604180347216,,,,,,,24.9822409543509,691.8984071581997,13.199999809265137,PS_033,,,3.9627837669944936
26.195523715054655,,2024-10-14T11:00:00Z,3,0,3,0,3,3,1,0,0,3,436.2712576314074,,,,,,,25.090796792650927,724.337610164902,13.199999809265137,PS_033,,,4.754864355726321
26.69913486484228,,2024-10-14T11:15:00Z,4,0,4,0,4,4,1,0,0,4,491.3301738818034,,,,,,,25.911428260293007,782.9911363649586,13.199999809265137,PS_033,,,4.436531974169608
27.365767611320095,,2024-10-14T11:30:00Z,4,0,4,0,4,4,1,0,0,4,543.8097807797093,,,,,,,26.65164544692243,830.8944099929729,13.199999809265137,PS_033,,,4.055142527445206
28.00872466300575,,2024-10-14T11:45:00Z,3,0,3,0,3,3,1,0,0,3,614.4589597107206,,,,,,,27.508791841110686,899.2716436008898,13.199999809265137,PS_033,,,4.2192010483739315
28.709357389865925,,2024-10-14T12:00:00Z,4,0,4,0,4,4,1,0,0,4,668.2204709568945,,,,,,,28.19346111298216,930.0882806530101,13.199999809265137,PS_033,,,4.912339778582881
29.03761972353388,,2024-10-14T12:15:00Z,4,0,4,0,4,4,1,0,0,4,715.9717570690811,,,,,,,28.720456891694898,948.7950332951202,13.199999809265137,PS_033,,,3.9833351052574595
29.955274701171906,,2024-10-14T12:30:00Z,3,0,3,0,3,3,1,0,0,3,742.4761145985472,,,,,,,29.721604166344367,943.0958209970662,13.199999809265137,PS_033,,,4.360216026474649
30.329201846757094,,2024-10-14T12:45:00Z,4,0,4,0,4,4,1,0,0,4,799.0408536849237,,,,,,,30.01248461618294,973.3952667360988,13.199999809265137,PS_033,,,4.913900564591512
30.81102868925748,,2024-10-14T13:00:00Z,4,0,4,0,4,4,1,0,0,4,839.0263612756569,,,,,,,30.564824766015825,977.3284223954839,13.199999809265137,PS_033,,,5.303955727435375
31.434166677195574,,2024-10-14T13:15:00Z,3,0,3,0,3,3,1,0,0,3,875.3762526377517,,,,,,,31.67934330626346,969.5227347633318,13.199999809265137,PS_033,,,2.2465685134839797
32.157557809465715,,2024-10-14T13:30:00Z,4,0,4,0,4,4,1,0,0,4,889.2378744873978,,,,,,,31.966913911784026,943.5636945465458,13.199999809265137,PS_033,,,4.529890945206482
32.736530934230515,,2024-10-14T13:45:00Z,4,0,4,0,4,4,1,0,0,4,883.3279791266173,,,,,,,32.85400231055523,913.0362177097883,13.199999809265137,PS_033,,,3.382872210643147
33.576375426517316,,2024-10-14T14:00:00Z,3,0,3,0,3,3,1,0,0,3,965.198044111639,,,,,,,34.11119148888188,944.5582071696689,13.199999809265137,PS_033,,,3.4759370165360073
33.42711194483574,,2024-10-14T14:15:00Z,4,0,4,0,4,4,1,0,0,4,996.3927904902679,,,,,,,33.69848339878244,933.5847398546458,13.199999809265137,PS_033,,,4.158799702181315
33.9210537481272,,2024-10-14T14:30:00Z,3,0,3,0,3,3,1,0,0,3,945.3918404540145,,,,,,,34.35592532998589,852.0216484551152,13.199999809265137,PS_033,,,2.3166826820964808
33.72186212967266,,2024-10-14T14:45:00Z,4,0,4,0,4,4,1,0,0,4,525.2375707071653,,,,,,,34.476185404853375,444.28680046143285,13.199999809265137,PS_033,,,2.78553832334941
33.30123165311893,,2024-10-14T15:00:00Z,3,0,3,0,3,3,1,0,0,3,553.7315729805882,,,,,,,33.480642037970796,474.14771645082686,13.199999809265137,PS_033,,,3.2369262095239133
33.59449084225604,,2024-10-14T15:15:00Z,4,0,4,0,4,4,1,0,0,4,492.08401629968955,,,,,,,33.56973358817955,407.37471270507365,13.199999809265137,PS_033,,,2.2677226000935065
33.937305647173936,,2024-10-14T15:30:00Z,4,0,4,0,4,4,1,0,0,4,414.7601686593692,,,,,,,34.05444558267524,346.89032206485354,13.199999809265137,PS_033,,,3.412238803744295
34.106705744836816,,2024-10-14T15:45:00Z,3,0,3,0,3,3,1,0,0,3,428.5440594304885,,,,,,,34.75428368700083,342.1377897746538,13.199999809265137,PS_033,,,2.1791841454061243
34.80652824568162,,2024-10-14T16:00:00Z,4,0,4,0,4,4,1,0,0,4,613.1248188584286,,,,,,,34.97452908278379,444.3754143665183,13.199999809265137,PS_033,,,2.314655054675114
35.44101127461575,,2024-10-14T16:15:00Z,4,0,4,0,4,4,1,0,0,4,970.3592997773527,,,,,,,35.88064477238335,655.9637852005212,13.199999809265137,PS_033,,,2.946105901328602
35.235375937725394,,2024-10-14T16:30:00Z,3,0,3,0,3,3,1,0,0,3,386.6007347126687,,,,,,,35.79111388454084,306.9359418523448,13.199999809265137,PS_033,,,3.1547642705320613
36.16459924428033,,2024-10-14T16:45:00Z,4,0,4,0,4,4,1,0,0,4,876.7321648649539,,,,,,,35.875386511660615,514.5511132796563,13.199999809265137,PS_033,,,2.160987503789867
34.88505915889806,,2024-10-14T17:00:00Z,3,0,3,0,3,3,1,0,0,3,247.88257985743132,,,,,,,34.62634498278198,197.0095852126907,13.199999809265137,PS_033,,,3.7306785550594412
34.44070599703861,,2024-10-14T17:15:00Z,4,0,4,0,4,4,1,0,0,4,212.08304475543108,,,,,,,34.03197062086227,178.18817799275726,13.199999809265137,PS_033,,,1.847735915739646
36.32368410709608,,2024-10-14T17:30:00Z,4,0,4,0,4,4,1,0,0,4,792.9159898268737,,,,,,,36.072670681936906,384.3880500078059,13.199999809265137,PS_033,,,3.42626762922092
35.227772213327455,,2024-10-14T17:45:00Z,3,0,3,0,3,3,1,0,0,3,320.2666528825247,,,,,,,35.27361017288172,196.45631613434028,13.199999809265137,PS_033,,,3.9012567254921993
34.63026352149398,,2024-10-14T18:00:00Z,4,0,4,0,4,4,1,0,0,4,163.1469418278655,,,,,,,34.04754460120964,132.74491928538595,13.199999809265137,PS_033,,,3.5150118885954713
34.28398426660053,,2024-10-14T18:15:00Z,3,0,3,0,3,3,1,0,0,3,147.4055596748653,,,,,,,33.45123243108019,128.18244230278356,13.199999809265137,PS_033,,,2.2722200926838867
34.48296138906102,,2024-10-14T18:30:00Z,4,0,4,0,4,4,1,0,0,4,189.26300766591464,,,,,,,33.19708632253453,147.4371408367308,13.199999809265137,PS_033,,,2.3566689365599154
35.55409965132961,,2024-10-14T18:45:00Z,4,0,4,0,4,4,1,0,0,4,512.3616755938813,,,,,,,36.73030419656208,149.6353984490214,13.199999809265137,PS_033,,,2.3492199917864536
36.030351469776356,,2024-10-14T19:00:00Z,3,0,3,0,3,3,1,0,0,3,475.5684428706423,,,,,,,37.42895766433755,142.5798708634135,13.199999809265137,PS_033,,,2.8579885504197438
35.638512657830226,,2024-10-14T19:15:00Z,4,0,4,0,4,4,1,0,0,4,400.9055775173707,,,,,,,37.28099194332685,124.40590934031378,13.199999809265137,PS_033,,,3.672222067973542
35.34913246116584,,2024-10-14T19:30:00Z,4,0,4,0,4,4,1,0,0,4,328.1672928696091,,,,,,,36.22756303113078,103.23301121978783,13.199999809265137,PS_033,,,4.452588780081345
34.88751401997775,,2024-10-14T19:45:00Z,3,0,3,0,3,3,1,0,0,3,233.59414130807934,,,,,,,35.1686682907473,85.20085115950862,13.199999809265137,PS_033,,,3.8608883137332595
34.99071374406131,,2024-10-14T20:00:00Z,4,0,4,0,4,4,1,0,0,4,189.8538151967879,,,,,,,35.195931076292126,76.36315611869566,13.199999809265137,PS_033,,,2.3300035524375784
34.57080466897984,,2024-10-14T20:15:00Z,3,0,3,0,3,3,1,0,0,3,150.75021948217824,,,,,,,34.11041132427245,68.82557940024391,13.199999809265137,PS_033,,,3.5182742247404035
34.08993932860625,,2024-10-14T20:30:00Z,4,0,4,0,4,4,1,0,0,4,91.99130188418809,,,,,,,33.398775228694326,50.8025273897362,13.199999809265137,PS_033,,,3.535871918708659
33.652723464301985,,2024-10-14T20:45:00Z,4,0,4,0,4,4,1,0,0,4,50.3582818438744,,,,,,,32.234009564799166,30.862151226444244,13.199999809265137,PS_033,,,5.1950941425728745
33.16162224645176,,2024-10-14T21:00:00Z,3,0,3,0,3,3,1,0,0,3,19.38977398388128,,,,,,,31.55532445840925,13.746630953029618,13.199999809265137,PS_033,,,3.331149453439739
32.77310407054753,,2024-10-14T21:15:00Z,4,0,4,0,4,4,1,0,0,4,2.1675891238930776,,,,,,,31.143663704170418,1.6961615553486653,13.199999809265137,PS_033,,,4.0440069595590264
32.4531116228197,,2024-10-14T21:30:00Z,3,0,3,0,3,3,1,0,0,3,-1.0957003554835099,,,,,,,30.934258070592524,-0.8729241538316038,13.199999809265137,PS_033,,,3.2669534866337893
31.810884134848887,,2024-10-14T21:45:00Z,4,0,4,0,4,4,1,0,0,4,-1.1737290292518678,,,,,,,30.18781340144907,-0.8117680062358896,13.199999809265137,PS_033,,,2.122797450744107
31.426094197232125,,2024-10-14T22:00:00Z,4,0,4,0,4,4,1,0,0,4,-1.308705050655287,,,,,,,29.721740970007072,-0.8957052485369292,13.199999809265137,PS_033,,,2.7309295264312174
31.25454997632673,,2024-10-14T22:15:00Z,3,0,3,0,3,3,1,0,0,3,-1.2663050265682905,,,,,,,29.61524641722384,-0.9031691806977059,13.199999809265137,PS_033,,,2.6711712098780716
30.834206907117707,,2024-10-14T22:30:00Z,4,0,4,0,4,4,1,0,0,4,-1.1196298913400269,,,,,,,29.35328131881057,-0.7949773808172523,13.199999809265137,PS_033,,,3.102852850824614
30.40981565997342,,2024-10-14T22:45:00Z,4,0,4,0,4,4,1,0,0,4,-1.0223801828226784,,,,,,,28.824828062218522,-0.6653878213226484,13.199999809265137,PS_033,,,2.403174364965778
30.15763922111299,,2024-10-14T23:00:00Z,3,0,3,0,3,3,1,0,0,3,-0.9555734248934052,,,,,,,28.643799380809174,-0.6631778582721484,13.199999809265137,PS_033,,,2.3631903381408863
29.98251552019831,,2024-10-14T23:15:00Z,4,0,4,0,4,4,1,0,0,4,-0.9910263611770437,,,,,,,28.488890366170043,-0.7722300530457118,13.199999809265137,PS_033,,,2.1034547334565623
29.84547678120328,,2024-10-14T23:30:00Z,3,0,3,0,3,3,1,0,0,3,-1.0182907398537864,,,,,,,28.299999237060547,-0.8201186448824603,13.199999809265137,PS_033,,,1.2475513210361764
29.714979021238033,,2024-10-14T23:45:00Z,4,0,4,0,4,4,1,0,0,4,-1.09016343057502,,,,,,,28.12223648584721,-0.8289023913026541,13.199999809265137,PS_033,,,0.7311851338667447
29.69918736065234,,2024-10-15T00:00:00Z,4,0,4,0,4,4,1,0,0,4,-1.131465978458756,,,,,,,28.035897615112344,-0.8742059996950053,13.199999809265137,PS_033,,,0.8939126356611355
29.12489053732778,,2024-10-15T00:15:00Z,3,0,3,0,3,3,1,0,0,3,-0.4679206146661025,,,,,,,27.502402512330747,-0.6366970724998231,13.199999809265137,PS_033,,,3.524473674172816
26.473308719683473,,2024-10-15T00:30:00Z,4,0,4,0,4,4,1,0,0,4,0.9462644897297833,,,,,,,25.10518783104608,0.32826742801482495,13.199999809265137,PS_033,,,5.27159667211911
25.81426289394436,,2024-10-15T00:45:00Z,3,0,3,0,3,3,1,0,0,3,-0.34200543761882374,,,,,,,24.5,-0.34904754652079156,13.199999809265137,PS_033,,,3.7283770223261956
25.76247774294724,,2024-10-15T01:00:00Z,4,0,4,0,4,4,1,0,0,4,-0.6711032853769349,,,,,,,24.342762608370997,-0.5124396734936365,13.199999809265137,PS_033,,,4.074713217215159
25.734309200759615,,2024-10-15T01:15:00Z,4,0,4,0,4,4,1,0,0,4,-0.8487102556698578,,,,,,,24.459652059287624,-0.6462795900382161,13.199999809265137,PS_033,,,3.7994011165493107
25.46999146373202,,2024-10-15T01:30:00Z,3,0,3,0,3,3,1,0,0,3,-0.8633874678686535,,,,,,,24.17025076516842,-0.6522287946387182,13.199999809265137,PS_033,,,3.129186583705674
25.278745538298093,,2024-10-15T01:45:00Z,4,0,4,0,4,4,1,0,0,4,-0.945973006295536,,,,,,,23.898401525963383,-0.7623180072398433,13.199999809265137,PS_033,,,2.549530420678187
25.26646230090948,,2024-10-15T02:00:00Z,3,0,3,0,3,3,1,0,0,3,-1.0353887337011338,,,,,,,23.93837596859907,-0.8908859078178467,13.199999809265137,PS_033,,,2.941998511034325
25.10233943820339,,2024-10-15T02:15:00Z,4,0,4,0,4,4,1,0,0,4,-0.9880878462621047,,,,,,,23.736203050379153,-0.7591672468686439,13.199999809265137,PS_033,,,2.5952465905206186
25.151481456770924,,2024-10-15T02:30:00Z,4,0,4,0,4,4,1,0,0,4,-1.0771957728886181,,,,,,,23.700000762939453,-0.9034670240242747,13.199999809265137,PS_033,,,1.8261979690992347
25.057661747468263,,2024-10-15T02:45:00Z,3,0,3,0,3,3,1,0,0,3,-1.0870845206772408,,,,,,,23.742901053961788,-0.9741572006152328,13.199999809265137,PS_033,,,0.5946568855970896
25.06490806153209,,2024-10-15T03:00:00Z,2,0,2,0,2,2,1,0,0,2,-1.0957993205356031,,,,,,,23.700000762939453,-0.9721189955816579,13.199999809265137,PS_033,,,1.3322760898776382
,,2024-10-15T03:15:00Z,0,0,0,0,0,0,1,0,0,0,,,,,,,,,,13.199999809265137,PS_033,,,
,,2024-10-15T03:30:00Z,0,0,0,0,0,0,1,0,0,0,,,,,,,,,,13.199999809265137,PS_033,,,
,,2024-10-15T03:45:00Z,0,0,0,0,0,0,1,0,0,0,,,,,,,,,,13.199999809265137,PS_033,,,
,,2024-10-15T04:00:00Z,0,0,0,0,0,0,1,0,0,0,,,,,,,,,,13.199999809265137,PS_033,,,
,,2024-10-15T04:15:00Z,0,0,0,0,0,0,1,0,0,0,,,,,,,,,,13.199999809265137,PS_033,,,
,,2024-10-15T04:30:00Z,0,0,0,0,0,0,1,0,0,0,,,,,,,,,,13.199999809265137,PS_033,,,
,,2024-10-15T04:45:00Z,0,0,0,0,0,0,1,0,0,0,,,,,,,,,,13.199999809265137,PS_033,,,
,,2024-10-15T05:00:00Z,0,0,0,0,0,0,1,0,0,0,,,,,,,,,,13.199999809265137,PS_033,,,
,,2024-10-15T05:15:00Z,0,0,0,0,0,0,1,0,0,0,,,,,,,,,,13.199999809265137,PS_033,,,
,,2024-10-15T05:30:00Z,0,0,0,0,0,0,1,0,0,0,,,,,,,,,,13.199999809265137,PS_033,,,
,,2024-10-15T05:45:00Z,0,0,0,0,0,0,1,0,0,0,,,,,,,,,,13.199999809265137,PS_033,,,
,,2024-10-15T06:00:00Z,0,0,0,0,0,0,1,0,0,0,,,,,,,,,,13.199999809265137,PS_033,,,
,,2024-10-15T06:15:00Z,0,0,0,0,0,0,1,0,0,0,,,,,,,,,,13.199999809265137,PS_033,,,
,,2024-10-15T06:30:00Z,0,0,0,0,0,0,1,0,0,0,,,,,,,,,,13.199999809265137,PS_033,,,
,,2024-10-15T06:45:00Z,0,0,0,0,0,0,1,0,0,0,,,,,,,,,,13.199999809265137,PS_033,,,
,,2024-10-15T07:00:00Z,0,0,0,0,0,0,1,0,0,0,,,,,,,,,,13.199999809265137,PS_033,,,
,,2024-10-15T07:15:00Z,0,0,0,0,0,0,1,0,0,0,,,,,,,,,,13.199999809265137,PS_033,,,
,,2024-10-15T07:30:00Z,0,0,0,0,0,0,1,0,0,0,,,,,,,,,,13.199999809265137,PS_033,,,
,,2024-10-15T07:45:00Z,0,0,0,0,0,0,1,0,0,0,,,,,,,,,,13.199999809265137,PS_033,,,
,,2024-10-15T08:00:00Z,0,0,0,0,0,0,1,0,0,0,,,,,,,,,,13.199999809265137,PS_033,,,
,,2024-10-15T08:15:00Z,0,0,0,0,0,0,1,0,0,0,,,,,,,,,,13.199999809265137,PS_033,,,
,,2024-10-15T08:30:00Z,0,0,0,0,0,0,1,0,0,0,,,,,,,,,,13.199999809265137,PS_033,,,
,,2024-10-15T08:45:00Z,0,0,0,0,0,0,1,0,0,0,,,,,,,,,,13.199999809265137,PS_033,,,
22.52016190988328,,2024-10-15T09:00:00Z,2,0,2,0,2,2,1,0,0,2,28.3787067901939,,,,,,,21.0,54.10324848084927,13.199999809265137,PS_033,,,0.5529459204770544
22.623031978315737,,2024-10-15T09:15:00Z,4,0,4,0,4,4,1,0,0,4,43.48253260328187,,,,,,,21.197397400722124,57.013030107951884,13.199999809265137,PS_033,,,0.7003971309379303
22.58493286089007,,2024-10-15T09:30:00Z,3,0,3,0,3,3,1,0,0,3,87.1305591390789,,,,,,,21.10678573638767,146.6230476234951,13.199999809265137,PS_033,,,0.602062490259047
22.90229379652462,,2024-10-15T09:45:00Z,4,0,4,0,4,4,1,0,0,4,71.5286564923598,,,,,,,21.70597697527131,103.18897260762206,13.199999809265137,PS_033,,,0.5768965810755675
22.78413522626789,,2024-10-15T10:00:00Z,3,0,3,0,3,3,1,0,0,3,72.33198594102689,,,,,,,21.799999237060543,84.66783777643305,13.199999809265137,PS_033,,,1.3597886927569753
22.936760575905907,,2024-10-15T10:15:00Z,4,0,4,0,4,4,1,0,0,4,87.75247101498769,,,,,,,22.061662515514914,113.04681484611346,13.199999809265137,PS_033,,,1.3193513383533493
23.272425391463845,,2024-10-15T10:30:00Z,4,0,4,0,4,4,1,0,0,4,150.1244302891673,,,,,,,22.468736590119274,226.03851127000965,13.199999809265137,PS_033,,,1.8955892649205792
24.62730802780992,,2024-10-15T10:45:00Z,3,0,3,0,3,3,1,0,0,3,341.3451652261092,,,,,,,23.791130892072555,587.4668534239444,13.199999809265137,PS_033,,,1.8146638077803179
25.978832679846526,,2024-10-15T11:00:00Z,4,0,4,0,4,4,1,0,0,4,472.4957424478222,,,,,,,25.200831655362,783.6250662714408,13.199999809265137,PS_033,,,2.5244400926477377
26.89634006323222,,2024-10-15T11:15:00Z,3,0,3,0,3,3,1,0,0,3,415.37711987850815,,,,,,,25.64609393071979,633.3733031558187,13.199999809265137,PS_033,,,1.2429617324058557
27.40477277380674,,2024-10-15T11:30:00Z,4,0,4,0,4,4,1,0,0,4,552.2500933452002,,,,,,,27.048115379280976,814.0284957772081,13.199999809265137,PS_033,,,1.9250019598470118
27.96193012953422,,2024-10-15T11:45:00Z,4,0,4,0,4,4,1,0,0,4,504.6756226198749,,,,,,,28.104149518937135,692.4010903187854,13.199999809265137,PS_033,,,2.435009088079799
28.731710387744247,,2024-10-15T12:00:00Z,3,0,3,0,3,3,1,0,0,3,716.7093840370511,,,,,,,29.246008044864244,961.0783849556357,13.199999809265137,PS_033,,,2.981254497071884
28.851329003246143,,2024-10-15T12:15:00Z,4,0,4,0,4,4,1,0,0,4,619.983491648632,,,,,,,29.967266744942687,726.1819166227932,13.199999809265137,PS_033,,,3.388531948226972
28.873871233401445,,2024-10-15T12:30:00Z,4,0,4,0,4,4,1,0,0,4,676.7476155814282,,,,,,,29.310702774405613,757.5055188920038,13.199999809265137,PS_033,,,2.257186227552722
29.433625604707462,,2024-10-15T12:45:00Z,3,0,3,0,3,3,1,0,0,3,694.6578838105268,,,,,,,29.73816575231623,734.6464262445692,13.199999809265137,PS_033,,,2.7425391773777728
29.35692596326391,,2024-10-15T13:00:00Z,4,0,4,0,4,4,1,0,0,4,426.3614073391151,,,,,,,29.734490581992077,408.0118374332782,13.199999809265137,PS_033,,,3.2164855203681237
29.361959400289717,,2024-10-15T13:15:00Z,3,0,3,0,3,3,1,0,0,3,431.09459355655474,,,,,,,29.0033213698779,385.7114628426121,13.199999809265137,PS_033,,,3.6779559736737024
30.142370422517992,,2024-10-15T13:30:00Z,4,0,4,0,4,4,1,0,0,4,629.9663257115805,,,,,,,30.1116021946063,601.7022624503668,13.199999809265137,PS_033,,,2.7782991497989205
30.099860839190978,,2024-10-15T13:45:00Z,4,0,4,0,4,4,1,0,0,4,601.6957295910647,,,,,,,30.187023573287256,562.6101635896936,13.199999809265137,PS_033,,,3.7603874870855063
30.46096733703743,,2024-10-15T14:00:00Z,3,0,3,0,3,3,1,0,0,3,581.343375120161,,,,,,,30.896489542415686,533.3890710455601,13.199999809265137,PS_033,,,3.831950027946204
30.6730737335,,2024-10-15T14:15:00Z,4,0,4,0,4,4,1,0,0,4,630.9294976943959,,,,,,,30.834586369223377,569.4529421027205,13.199999809265137,PS_033,,,3.1148379853067127
31.414711990956587,,2024-10-15T14:30:00Z,3,0,3,0,3,3,1,0,0,3,614.7115354326526,,,,,,,31.63176234129581,549.9126992320417,13.199999809265137,PS_033,,,3.519074121699884
31.10775930684631,,2024-10-15T14:45:00Z,4,0,4,0,4,4,1,0,0,4,552.9455976900038,,,,,,,31.533123585268434,480.2021975245006,13.199999809265137,PS_033,,,3.9757225173545763
31.47901415479902,,2024-10-15T15:00:00Z,4,0,4,0,4,4,1,0,0,4,618.8182564622199,,,,,,,31.248013496716403,515.0847005585263,13.199999809265137,PS_033,,,4.707990134983034
31.530905852427967,,2024-10-15T15:15:00Z,3,0,3,0,3,3,1,0,0,3,609.5464304905425,,,,,,,31.548991992238523,503.5135115477626,13.199999809265137,PS_033,,,1.5727010869143463
31.570262279347425,,2024-10-15T15:30:00Z,4,0,4,0,4,4,1,0,0,4,508.80926240064065,,,,,,,31.911489220559726,432.5375045673142,13.199999809265137,PS_033,,,3.1229709519876696
32.034540417081985,,2024-10-15T15:45:00Z,3,0,3,0,3,3,1,0,0,3,569.8733301973092,,,,,,,32.30227737146977,470.1013665519228,13.199999809265137,PS_033,,,2.4965757689196963
31.730925403084647,,2024-10-15T16:00:00Z,4,0,4,0,4,4,1,0,0,4,537.2134559071253,,,,,,,31.70931183588849,434.361842460118,13.199999809265137,PS_033,,,2.293120906786076
32.92324353749892,,2024-10-15T16:15:00Z,4,0,4,0,4,4,1,0,0,4,807.5009007345353,,,,,,,32.92185665196532,574.2454724099457,13.199999809265137,PS_033,,,2.5001551934512927
32.72992413049736,,2024-10-15T16:30:00Z,3,0,3,0,3,3,1,0,0,3,676.100278275478,,,,,,,32.52665444003275,479.8922700235485,13.199999809265137,PS_033,,,3.1274020912183813
33.42008541360991,,2024-10-15T16:45:00Z,4,0,4,0,4,4,1,0,0,4,624.7073426326625,,,,,,,33.5004317319217,438.6074891146513,13.199999809265137,PS_033,,,2.336952307891829
33.118574777077484,,2024-10-15T17:00:00Z,4,0,4,0,4,4,1,0,0,4,578.9779272960304,,,,,,,32.78141771438871,394.7616229028759,13.199999809265137,PS_033,,,2.559100963806519
34.38800901392499,,2024-10-15T17:15:00Z,3,0,3,0,3,3,1,0,0,3,825.88737230547,,,,,,,34.748188632816344,453.39319600706636,13.199999809265137,PS_033,,,2.798150273223818
33.9727837212893,,2024-10-15T17:30:00Z,4,0,4,0,4,4,1,0,0,4,464.51405904197486,,,,,,,33.351037129570294,299.2139819067488,13.199999809265137,PS_033,,,2.724348558427224
33.529680853328756,,2024-10-15T17:45:00Z,3,0,3,0,3,3,1,0,0,3,400.6794762130017,,,,,,,34.35643182277275,266.05303229546894,13.199999809265137,PS_033,,,3.0872525807559095
33.56755123999279,,2024-10-15T18:00:00Z,4,0,4,0,4,4,1,0,0,4,523.4901033188786,,,,,,,34.155991969822225,293.20689037057895,13.199999809265137,PS_033,,,2.64510923191512
34.605421615494635,,2024-10-15T18:15:00Z,4,0,4,0,4,4,1,0,0,4,550.5693623496069,,,,,,,35.32999178548774,281.6086042076385,13.199999809265137,PS_033,,,1.6452168011302704
33.56437815417613,,2024-10-15T18:30:00Z,3,0,3,0,3,3,1,0,0,3,252.2797805125835,,,,,,,33.60714402674313,161.12885031206068,13.199999809265137,PS_033,,,2.5672907398805243
33.58352023955162,,2024-10-15T18:45:00Z,4,0,4,0,4,4,1,0,0,4,444.89923179144097,,,,,,,34.14047746259585,185.07910782466257,13.199999809265137,PS_033,,,2.1838310264508616
32.925359946757716,,2024-10-15T19:00:00Z,3,0,3,0,3,3,1,0,0,3,124.05639323364956,,,,,,,33.11464926510511,109.89248366185943,13.199999809265137,PS_033,,,3.0271593827088146
30.36233665344433,,2024-10-15T19:15:00Z,4,0,4,0,4,4,1,0,0,4,68.81488390802797,,,,,,,29.38414637946695,59.51245103589439,13.199999809265137,PS_033,,,4.161898068792538
29.620436518726585,,2024-10-15T19:30:00Z,4,0,4,0,4,4,1,0,0,4,84.53741801392545,,,,,,,28.414897597228787,68.28986545345262,13.199999809265137,PS_033,,,3.3259453804342067
28.940460529449915,,2024-10-15T19:45:00Z,3,0,3,0,3,3,1,0,0,3,81.50981483885761,,,,,,,27.700000762939453,75.42305522815403,13.199999809265137,PS_033,,,4.815307339712141
28.799573417919614,,2024-10-15T20:00:00Z,4,0,4,0,4,4,1,0,0,4,63.9450679100493,,,,,,,27.5,61.11204003208197,13.199999809265137,PS_033,,,3.9024175000389336
28.49453167910594,,2024-10-15T20:15:00Z,3,0,3,0,3,3,1,0,0,3,44.67855103245972,,,,,,,27.20000076293945,44.19468069130633,13.199999809265137,PS_033,,,3.478330832457071
28.728063591416255,,2024-10-15T20:30:00Z,4,0,4,0,4,4,1,0,0,4,33.87461169908276,,,,,,,27.465351927765855,33.20237171310116,13.199999809265137,PS_033,,,2.7314901711897295
27.85450602378668,,2024-10-15T20:45:00Z,4,0,4,0,4,4,1,0,0,4,17.593520399268034,,,,,,,26.477861005273596,16.651730924967804,13.199999809265137,PS_033,,,2.91418667535937
28.022557961442764,,2024-10-15T21:00:00Z,3,0,3,0,3,3,1,0,0,3,12.689298366153412,,,,,,,26.65776126799583,9.976827567027312,13.199999809265137,PS_033,,,1.8459269046392501
27.43049323157253,,2024-10-15T21:15:00Z,4,0,4,0,4,4,1,0,0,4,3.4616672495779266,,,,,,,26.100000381469727,2.619068465474479,13.199999809265137,PS_033,,,2.648756630352475
27.008048447533486,,2024-10-15T21:30:00Z,4,0,4,0,4,4,1,0,0,4,-0.4799095484987288,,,,,,,25.716005337126713,-0.4176130231316057,13.199999809265137,PS_033,,,3.4684501349127252
26.417776486580003,,2024-10-15T21:45:00Z,3,0,3,0,3,3,1,0,0,3,-0.8191633722168867,,,,,,,25.24899623723694,-0.6322370755681996,13.199999809265137,PS_033,,,3.128189615164041
26.025657078170585,,2024-10-15T22:00:00Z,4,0,4,0,4,4,1,0,0,4,-0.9625978357958614,,,,,,,24.725024995441874,-0.7083641197703077,13.199999809265137,PS_033,,,4.051577049773964
25.6154779707454,,2024-10-15T22:15:00Z,3,0,3,0,3,3,1,0,0,3,-0.9141803940963767,,,,,,,24.247338600895826,-0.789256330901031,13.199999809265137,PS_033,,,3.43923335756487
24.893762855721555,,2024-10-15T22:30:00Z,4,0,4,0,4,4,1,0,0,4,-0.7888353281762557,,,,,,,23.652211839996948,-0.5971880184529557,13.199999809265137,PS_033,,,3.261551160775419
24.63833406069468,,2024-10-15T22:45:00Z,4,0,4,0,4,4,1,0,0,4,-0.8668995779292378,,,,,,,23.31035053133478,-0.5953751814606507,13.199999809265137,PS_033,,,2.5646216992765907
24.896985540466368,,2024-10-15T23:00:00Z,3,0,3,0,3,3,1,0,0,3,-0.9536196025743174,,,,,,,23.649018122958427,-0.7026873371312323,13.199999809265137,PS_033,,,3.025773168220844
25.110592111019372,,2024-10-15T23:15:00Z,4,0,4,0,4,4,1,0,0,4,-0.8825878152153827,,,,,,,23.700000762939453,-0.6295869931979927,13.199999809265137,PS_033,,,3.756467813682539
25.403940283430174,,2024-10-15T23:30:00Z,4,0,4,0,4,4,1,0,0,4,-1.039048412171778,,,,,,,24.043048312824297,-0.7237967651939015,13.199999809265137,PS_033,,,3.4552141429049392
25.183627109919776,,2024-10-15T23:45:00Z,3,0,3,0,3,3,1,0,0,3,-0.7417605074901146,,,,,,,23.947185145346012,-0.49181636236271786,13.199999809265137,PS_033,,,3.9985991818499564
24.66048423394933,,2024-10-16T00:00:00Z,4,0,4,0,4,4,1,0,0,4,-0.45637006981978373,,,,,,,23.37590841334057,-0.471030842405875,13.199999809265137,PS_033,,,2.0780167303274446
24.214558901962615,,2024-10-16T00:15:00Z,3,0,3,0,3,3,1,0,0,3,-3.787042583534071,,,,,,,22.942257722536908,-2.8213435525876926,13.199999809265137,PS_033,,,3.078467688671972
23.3006483818433,,2024-10-16T00:30:00Z,4,0,4,0,4,4,1,0,0,4,0.5098292960529226,,,,,,,21.763870124928477,0.599749078299378,14.40000057220459,PS_033,,,0.9489331676654493
22.104963962566075,,2024-10-16T00:45:00Z,4,0,4,0,4,4,1,0,0,4,-0.03349458537471491,,,,,,,20.97655997842627,-0.5853438076226533,15.40000057220459,PS_033,,,2.8307004691810302
23.259448892502398,,2024-10-16T01:00:00Z,3,0,3,0,3,3,1,0,0,3,-1.1272997722239309,,,,,,,21.74584191025962,-2.7037489499061413,15.40000057220459,PS_033,,,2.2584038280778014
23.558185079819154,,2024-10-16T01:15:00Z,4,0,4,0,4,4,1,0,0,4,0.7849028718958775,,,,,,,22.23062524062707,-1.9469685091261486,15.40000057220459,PS_033,,,1.6096628462240785
23.006874559064464,,2024-10-16T01:30:00Z,3,0,3,0,3,3,1,0,0,3,0.9592644361869546,,,,,,,21.43569061077004,-1.5330642035380613,15.40000057220459,PS_033,,,1.7324069758998182
22.578013105452943,,2024-10-16T01:45:00Z,4,0,4,0,4,4,1,0,0,4,0.27227664559167114,,,,,,,21.336598630403117,-0.9968596750243583,15.40000057220459,PS_033,,,0.3633941203367719
22.681275821319883,,2024-10-16T02:00:00Z,4,0,4,0,4,4,1,0,0,4,-0.035612000693058234,,,,,,,21.552338944572565,-1.0675465580822343,15.40000057220459,PS_033,,,1.1544681601108349
21.977135659048514,,2024-10-16T02:15:00Z,3,0,3,0,3,3,1,0,0,3,-0.3107954487997703,,,,,,,20.47762832555209,-0.9513666034533129,15.40000057220459,PS_033,,,0.6354802565337927
22.272887770671176,,2024-10-16T02:30:00Z,4,0,4,0,4,4,1,0,0,4,-0.4703007740655569,,,,,,,21.02257570549023,-1.0948107498502282,15.40000057220459,PS_033,,,0.9368366090718503
22.248413699894098,,2024-10-16T02:45:00Z,3,0,3,0,3,3,1,0,0,3,-0.5396013049544773,,,,,,,20.706404531168232,-0.9261098271375298,15.40000057220459,PS_033,,,1.0769968744396958
21.38999351602664,,2024-10-16T03:00:00Z,2,0,2,0,2,2,1,0,0,2,-0.6399999856948853,,,,,,,20.10257809159609,-0.7375261274210886,15.40000057220459,PS_033,,,1.1072042584220598
,,2024-10-16T03:15:00Z,0,0,0,0,0,0,1,0,0,0,,,,,,,,,,15.40000057220459,PS_033,,,
,,2024-10-16T03:30:00Z,0,0,0,0,0,0,1,0,0,0,,,,,,,,,,15.40000057220459,PS_033,,,
,,2024-10-16T03:45:00Z,0,0,0,0,0,0,1,0,0,0,,,,,,,,,,15.40000057220459,PS_033,,,
,,2024-10-16T04:00:00Z,0,0,0,0,0,0,1,0,0,0,,,,,,,,,,15.40000057220459,PS_033,,,
,,2024-10-16T04:15:00Z,0,0,0,0,0,0,1,0,0,0,,,,,,,,,,15.40000057220459,PS_033,,,
,,2024-10-16T04:30:00Z,0,0,0,0,0,0,1,0,0,0,,,,,,,,,,15.40000057220459,PS_033,,,
,,2024-10-16T04:45:00Z,0,0,0,0,0,0,1,0,0,0,,,,,,,,,,15.40000057220459,PS_033,,,
,,2024-10-16T05:00:00Z,0,0,0,0,0,0,1,0,0,0,,,,,,,,,,15.40000057220459,PS_033,,,
,,2024-10-16T05:15:00Z,0,0,0,0,0,0,1,0,0,0,,,,,,,,,,15.40000057220459,PS_033,,,
,,2024-10-16T05:30:00Z,0,0,0,0,0,0,1,0,0,0,,,,,,,,,,15.40000057220459,PS_033,,,
,,2024-10-16T05:45:00Z,0,0,0,0,0,0,1,0,0,0,,,,,,,,,,15.40000057220459,PS_033,,,
,,2024-10-16T06:00:00Z,0,0,0,0,0,0,1,0,0,0,,,,,,,,,,15.40000057220459,PS_033,,,
,,2024-10-16T06:15:00Z,0,0,0,0,0,0,1,0,0,0,,,,,,,,,,15.40000057220459,PS_033,,,
,,2024-10-16T06:30:00Z,0,0,0,0,0,0,1,0,0,0,,,,,,,,,,15.40000057220459,PS_033,,,
,,2024-10-16T06:45:00Z,0,0,0,0,0,0,1,0,0,0,,,,,,,,,,15.40000057220459,PS_033,,,
,,2024-10-16T07:00:00Z,0,0,0,0,0,0,1,0,0,0,,,,,,,,,,15.40000057220459,PS_033,,,
,,2024-10-16T07:15:00Z,0,0,0,0,0,0,1,0,0,0,,,,,,,,,,15.40000057220459,PS_033,,,
,,2024-10-16T07:30:00Z,0,0,0,0,0,0,1,0,0,0,,,,,,,,,,15.40000057220459,PS_033,,,
,,2024-10-16T07:45:00Z,0,0,0,0,0,0,1,0,0,0,,,,,,,,,,15.40000057220459,PS_033,,,
,,2024-10-16T08:00:00Z,0,0,0,0,0,0,1,0,0,0,,,,,,,,,,15.40000057220459,PS_033,,,
,,2024-10-16T08:15:00Z,0,0,0,0,0,0,1,0,0,0,,,,,,,,,,15.40000057220459,PS_033,,,
,,2024-10-16T08:30:00Z,0,0,0,0,0,0,1,0,0,0,,,,,,,,,,15.40000057220459,PS_033,,,
,,2024-10-16T08:45:00Z,0,0,0,0,0,0,1,0,0,0,,,,,,,,,,15.40000057220459,PS_033,,,
19.96982827842321,,2024-10-16T09:00:00Z,2,0,2,0,2,2,1,0,0,2,30.686041483745345,,,,,,,18.36933921373768,104.89647669296093,15.40000057220459,PS_033,,,0.8752451543031536
20.19040273291462,,2024-10-16T09:15:00Z,4,0,4,0,4,4,1,0,0,4,67.51818298873074,,,,,,,18.22304646038613,225.57588565028635,15.40000057220459,PS_033,,,0.15904487458789338
20.62345785280539,,2024-10-16T09:30:00Z,3,0,3,0,3,3,1,0,0,3,119.12741371246219,,,,,,,18.408443917054935,352.31615620349123,15.40000057220459,PS_033,,,0.22270966611702622
22.370657468541594,,2024-10-16T09:45:00Z,4,0,4,0,4,4,1,0,0,4,176.98704894629176,,,,,,,20.496221765222337,456.5943173107607,15.40000057220459,PS_033,,,0.1665347071607264
24.21269379790729,,2024-10-16T10:00:00Z,4,0,4,0,4,4,1,0,0,4,235.61146952247674,,,,,,,22.15659724456436,541.5290368685045,15.40000057220459,PS_033,,,0.11600000411272049
25.402833108210487,,2024-10-16T10:15:00Z,3,0,3,0,3,3,1,0,0,3,336.2857897547882,,,,,,,22.97460953227818,666.0004015679948,15.40000057220459,PS_033,,,0.8336173294908399
24.20546970965899,,2024-10-16T10:30:00Z,4,0,4,0,4,4,1,0,0,4,294.07487110022635,,,,,,,24.200000762939457,496.0703385850263,15.40000057220459,PS_033,,,1.4371785686024394
24.444611837225583,,2024-10-16T10:45:00Z,3,0,3,0,3,3,1,0,0,3,267.5408923304049,,,,,,,23.846488941490637,455.9086951580101,15.40000057220459,PS_033,,,0.9643738504298813
25.855506774889946,,2024-10-16T11:00:00Z,4,0,4,0,4,4,1,0,0,4,495.0291320237563,,,,,,,25.077711938853433,826.084181250918,15.40000057220459,PS_033,,,1.8830384711775963
26.85531687377293,,2024-10-16T11:15:00Z,4,0,4,0,4,4,1,0,0,4,556.6686522599248,,,,,,,26.71939716073789,874.746387315043,15.40000057220459,PS_033,,,1.3475327953443417
27.54840224174884,,2024-10-16T11:30:00Z,3,0,3,0,3,3,1,0,0,3,521.9521863581431,,,,,,,27.368892920313794,802.7156037135995,15.40000057220459,PS_033,,,1.401252543026944
27.609364428560973,,2024-10-16T11:45:00Z,4,0,4,0,4,4,1,0,0,4,639.8307278218031,,,,,,,28.00312688920289,938.4971918565109,15.40000057220459,PS_033,,,2.714135857781127
28.473657482798796,,2024-10-16T12:00:00Z,3,0,3,0,3,3,1,0,0,3,695.7649041263709,,,,,,,28.93781852831168,962.4619227749113,15.40000057220459,PS_033,,,2.138935702332481
29.480652034201267,,2024-10-16T12:15:00Z,4,0,4,0,4,4,1,0,0,4,699.299757182316,,,,,,,29.398180565862788,913.5336088009375,15.40000057220459,PS_033,,,2.3012971665181166
30.38544918754043,,2024-10-16T12:30:00Z,4,0,4,0,4,4,1,0,0,4,764.0015568822298,,,,,,,29.93960078147238,949.0167678113362,15.40000057220459,PS_033,,,3.077694405396674
30.658851800027122,,2024-10-16T12:45:00Z,3,0,3,0,3,3,1,0,0,3,760.6869295496894,,,,,,,30.07546509557134,906.6926606965271,15.40000057220459,PS_033,,,2.0719455895968673
31.190140356064497,,2024-10-16T13:00:00Z,4,0,4,0,4,4,1,0,0,4,788.5716120362856,,,,,,,30.973895894813623,912.0765591748349,15.40000057220459,PS_033,,,2.9380717818756947
31.921480886423744,,2024-10-16T13:15:00Z,4,0,4,0,4,4,1,0,0,4,887.3882873604985,,,,,,,31.32744156750626,999.7935606472658,15.40000057220459,PS_033,,,1.733503054165192
32.0424687276902,,2024-10-16T13:30:00Z,3,0,3,0,3,3,1,0,0,3,927.2280507460224,,,,,,,31.927318254948485,986.7142788002926,15.40000057220459,PS_033,,,4.127576978370063
32.32597350115686,,2024-10-16T13:45:00Z,4,0,4,0,4,4,1,0,0,4,893.2893961482177,,,,,,,32.603106303977995,902.1932030883936,15.40000057220459,PS_033,,,2.9686760346872854
33.03498269136042,,2024-10-16T14:00:00Z,3,0,3,0,3,3,1,0,0,3,1007.047299702003,,,,,,,32.98840407072263,987.1253623372505,15.40000057220459,PS_033,,,2.0046457875874895
33.26487241801855,,2024-10-16T14:15:00Z,4,0,4,0,4,4,1,0,0,4,689.2098986619961,,,,,,,33.689740321395085,653.4769192849035,15.40000057220459,PS_033,,,2.21292755745108
33.7262957107084,,2024-10-16T14:30:00Z,4,0,4,0,4,4,1,0,0,4,1022.3424613616855,,,,,,,33.70244491799287,916.8195789907361,15.40000057220459,PS_033,,,3.572712342068629
33.65743009977573,,2024-10-16T14:45:00Z,4,0,4,0,4,4,1,0,0,4,945.9659819771159,,,,,,,34.0640863800969,799.9732328124682,15.40000057220459,PS_033,,,2.343712622381036
33.1935060817281,,2024-10-16T15:00:00Z,4,0,4,0,4,4,1,0,0,4,561.8407526106258,,,,,,,32.630993783343946,501.94940245782124,15.40000057220459,PS_033,,,3.1876601814955503
33.4289530771297,,2024-10-16T15:15:00Z,3,0,3,0,3,3,1,0,0,3,410.2905159374779,,,,,,,33.95190644386122,334.64765653463786,15.40000057220459,PS_033,,,2.869411808988312
33.871871019167216,,2024-10-16T15:30:00Z,4,0,4,0,4,4,1,0,0,4,1068.8020120825768,,,,,,,34.63635569746125,798.3813413981892,15.40000057220459,PS_033,,,1.8983664922244166
33.90090846916674,,2024-10-16T15:45:00Z,3,0,3,0,3,3,1,0,0,3,254.2386735778925,,,,,,,33.395167442956556,206.3553315599595,15.40000057220459,PS_033,,,1.5776061983235306
34.049766897590935,,2024-10-16T16:00:00Z,4,0,4,0,4,4,1,0,0,4,366.8669918850926,,,,,,,33.14917070451672,275.9875178109065,15.40000057220459,PS_033,,,1.7957065322405152
34.08623289990508,,2024-10-16T16:15:00Z,4,0,4,0,4,4,1,0,0,4,835.3528932691995,,,,,,,34.02929415693788,503.74281899039414,15.40000057220459,PS_033,,,2.239403978338407
35.05230753326313,,2024-10-16T16:30:00Z,3,0,3,0,3,3,1,0,0,3,995.101652494124,,,,,,,34.83988132936319,597.6932760455117,15.40000057220459,PS_033,,,2.0324759594284987
36.04743746134476,,2024-10-16T16:45:00Z,4,0,4,0,4,4,1,0,0,4,865.7541298071252,,,,,,,35.901044462753504,492.5444381799438,15.40000057220459,PS_033,,,1.991732500800898
35.347670959408646,,2024-10-16T17:00:00Z,4,0,4,0,4,4,1,0,0,4,525.4487561123642,,,,,,,34.61305661255413,320.6914533396442,15.40000057220459,PS_033,,,2.7639441591638496
35.49065149160889,,2024-10-16T17:15:00Z,5,0,5,0,5,5,1,0,0,5,637.1324922010192,,,,,,,34.92666183465875,340.3036063507445,15.40000057220459,PS_033,,,2.632568506869484
34.79195666492607,,2024-10-16T17:30:00Z,3,0,3,0,3,3,1,0,0,3,336.5695366019111,,,,,,,33.98087216060618,190.9818486135092,15.40000057220459,PS_033,,,2.9458335295379463
34.77216197501567,,2024-10-16T17:45:00Z,4,0,4,0,4,4,1,0,0,4,337.86379872897845,,,,,,,33.96817543261682,196.9275740624454,15.40000057220459,PS_033,,,2.635457899989834
36.29870545235721,,2024-10-16T18:00:00Z,4,0,4,0,4,4,1,0,0,4,739.4565023553943,,,,,,,38.281653370759976,236.36316457909322,15.40000057220459,PS_033,,,1.4869761827356263
36.01211186117777,,2024-10-16T18:15:00Z,5,0,5,0,5,5,1,0,0,5,482.68293938734234,,,,,,,35.2735498072773,159.22760396008601,15.40000057220459,PS_033,,,2.4450945979427674
35.93709374365096,,2024-10-16T18:30:00Z,3,0,3,0,3,3,1,0,0,3,614.5058003018302,,,,,,,37.51005898995636,116.01272039376711,15.40000057220459,PS_033,,,1.6364320004015946
37.121168493487765,,2024-10-16T18:45:00Z,4,0,4,0,4,4,1,0,0,4,548.0022637512238,,,,,,,36.98835779291192,112.77044198920439,15.40000057220459,PS_033,,,3.028203723739448
36.56301786044258,,2024-10-16T19:00:00Z,4,0,4,0,4,4,1,0,0,4,469.41571511170037,,,,,,,36.22742756264351,96.88961651141521,15.40000057220459,PS_033,,,2.398028640433305
36.075188677984784,,2024-10-16T19:15:00Z,3,0,3,0,3,3,1,0,0,3,397.9977493392687,,,,,,,36.241316381736674,84.53736363838695,15.40000057220459,PS_033,,,1.9703810571657308
36.71258830275796,,2024-10-16T19:30:00Z,4,0,4,0,4,4,1,0,0,4,331.9010383743566,,,,,,,37.03771570879493,75.05682679336611,15.40000057220459,PS_033,,,1.3384832658090953
36.10793638082129,,2024-10-16T19:45:00Z,3,0,3,0,3,3,1,0,0,3,281.630900772413,,,,,,,36.177284766889784,72.343955078443,15.40000057220459,PS_033,,,1.8208314122571365
35.87853719493318,,2024-10-16T20:00:00Z,4,0,4,0,4,4,1,0,0,4,224.51992971719795,,,,,,,35.65214297706411,61.75601173152236,15.40000057220459,PS_033,,,2.403768744972749
35.71597877706886,,2024-10-16T20:15:00Z,4,0,4,0,4,4,1,0,0,4,172.40655003220795,,,,,,,35.06676968050046,58.22766067698126,15.40000057220459,PS_033,,,1.640660762384327
35.16972639856854,,2024-10-16T20:30:00Z,3,0,3,0,3,3,1,0,0,3,124.10096258005575,,,,,,,33.9853272750228,52.37377119288245,15.40000057220459,PS_033,,,2.1599820131192597
33.66385079400223,,2024-10-16T20:45:00Z,4,0,4,0,4,4,1,0,0,4,56.47396845487738,,,,,,,32.061777217858214,38.43222531561756,15.40000057220459,PS_033,,,3.02930232852147
33.20766103037419,,2024-10-16T21:00:00Z,4,0,4,0,4,4,1,0,0,4,22.939104190930635,,,,,,,31.306152004836438,14.430150000021422,15.40000057220459,PS_033,,,2.5003818565940774
32.55453417975953,,2024-10-16T21:15:00Z,3,0,3,0,3,3,1,0,0,3,3.1254299500473546,,,,,,,30.71553126686332,1.6848757232576899,15.40000057220459,PS_033,,,2.0358616397493976
32.132672373087445,,2024-10-16T21:30:00Z,4,0,4,0,4,4,1,0,0,4,-1.402527664629998,,,,,,,30.399999618530277,-1.5532063938402243,15.40000057220459,PS_033,,,1.1472827325577866
31.830916179127957,,2024-10-16T21:45:00Z,3,0,3,0,3,3,1,0,0,3,-1.6968941897071288,,,,,,,30.087195684843223,-1.7298170546773017,15.40000057220459,PS_033,,,0.5392281051395129
30.42579200032778,,2024-10-16T22:00:00Z,4,0,4,0,4,4,1,0,0,4,-1.4722980532341734,,,,,,,28.90427642185084,-1.6242934126493331,15.40000057220459,PS_033,,,1.5527434883242117
30.68279307436047,,2024-10-16T22:15:00Z,4,0,4,0,4,4,1,0,0,4,-1.7109887770956036,,,,,,,29.06051267119652,-1.556335378832302,15.40000057220459,PS_033,,,0.8093831662292614
30.186336933345142,,2024-10-16T22:30:00Z,3,0,3,0,3,3,1,0,0,3,-1.7945740081140698,,,,,,,28.600000381469723,-1.7248687145509212,15.40000057220459,PS_033,,,0.9271497707946892
30.076199333431358,,2024-10-16T22:45:00Z,4,0,4,0,4,4,1,0,0,4,-1.697335214962463,,,,,,,28.405139888824817,-1.6194403166127929,15.40000057220459,PS_033,,,0.3580282434006991
29.62712083614055,,2024-10-16T23:00:00Z,3,0,3,0,3,3,1,0,0,3,-1.9059613466849419,,,,,,,27.647818435642236,-1.779883871955565,15.40000057220459,PS_033,,,0.11600000411272049
28.657569325803482,,2024-10-16T23:15:00Z,4,0,4,0,4,4,1,0,0,4,-1.9274075547958285,,,,,,,26.79440045153155,-1.3825535089366556,15.40000057220459,PS_033,,,1.0224115369702917
28.284286714892197,,2024-10-16T23:30:00Z,4,0,4,0,4,4,1,0,0,4,-1.8808032410230133,,,,,,,26.310160202262118,-1.3732156441021286,15.40000057220459,PS_033,,,0.9310873575246834
27.3126297231625,,2024-10-16T23:45:00Z,3,0,3,0,3,3,1,0,0,3,-2.0445156246575262,,,,,,,25.462176906366174,-1.7778571629806286,15.40000057220459,PS_033,,,0.7464061480654259
27.061852913083055,,2024-10-17T00:00:00Z,4,0,4,0,4,4,1,0,0,4,-1.9061942444507636,,,,,,,25.418886008270697,-1.4622225851546304,15.40000057220459,PS_033,,,0.21551597332610745
26.722368900516585,,2024-10-17T00:15:00Z,4,0,4,0,4,4,1,0,0,4,-1.649867878622353,,,,,,,25.041242491592488,-1.2616882000722032,15.40000057220459,PS_033,,,0.29973982132455324
25.219429965847404,,2024-10-17T00:30:00Z,3,0,3,0,3,3,1,0,0,3,-1.880900308225235,,,,,,,23.813000069213906,-1.3590446734696051,15.40000057220459,PS_033,,,0.10174798127761582
25.365444921747574,,2024-10-17T00:45:00Z,4,0,4,0,4,4,1,0,0,4,-1.3021757501390534,,,,,,,23.736967047585424,-0.8428896811152875,15.40000057220459,PS_033,,,1.145025749738032
25.137478355852526,,2024-10-17T01:00:00Z,3,0,3,0,3,3,1,0,0,3,-1.6216578639397201,,,,,,,23.906603904984863,-1.0447595485508228,15.40000057220459,PS_033,,,0.6223085565605041
25.95596810530719,,2024-10-17T01:15:00Z,4,0,4,0,4,4,1,0,0,4,-1.65269186024549,,,,,,,24.424973655202663,-1.3003717890361237,15.40000057220459,PS_033,,,1.9931503920849114
26.2267966243339,,2024-10-17T01:30:00Z,4,0,4,0,4,4,1,0,0,4,-1.537729720402077,,,,,,,24.71286660559102,-1.2352961705178436,15.40000057220459,PS_033,,,0.9144441235253815
25.445415329252224,,2024-10-17T01:45:00Z,3,0,3,0,3,3,1,0,0,3,-1.3778548974563836,,,,,,,24.000000000000004,-1.079706569909198,15.40000057220459,PS_033,,,1.4450899127637788
25.58634475441029,,2024-10-17T02:00:00Z,4,0,4,0,4,4,1,0,0,4,-1.492762670946414,,,,,,,23.934396611344845,-1.1451665113563738,15.40000057220459,PS_033,,,1.2179843058895587
24.963147138216005,,2024-10-17T02:15:00Z,3,0,3,0,3,3,1,0,0,3,-1.7457971911524948,,,,,,,23.473262109624013,-1.3415293214085646,15.40000057220459,PS_033,,,0.09800000488758087
25.21512731197144,,2024-10-17T02:30:00Z,4,0,4,0,4,4,1,0,0,4,-1.6616960342524818,,,,,,,23.552432788491373,-1.1499013236406286,15.40000057220459,PS_033,,,0.9330402165909695
25.055786068164693,,2024-10-17T02:45:00Z,4,0,4,0,4,4,1,0,0,4,-1.6455194725663338,,,,,,,23.56552307858022,-1.2844192614366094,15.40000057220459,PS_033,,,1.0277223532134767
24.85404882470457,,2024-10-17T03:00:00Z,2,0,2,0,2,2,1,0,0,2,-1.4787778552174697,,,,,,,23.2351119019445,-1.1610667904802512,15.40000057220459,PS_033,,,0.7253609321441258
,,2024-10-17T03:15:00Z,0,0,0,0,0,0,1,0,0,0,,,,,,,,,,15.40000057220459,PS_033,,,
,,2024-10-17T03:30:00Z,0,0,0,0,0,0,1,0,0,0,,,,,,,,,,15.40000057220459,PS_033,,,
,,2024-10-17T03:45:00Z,0,0,0,0,0,0,1,0,0,0,,,,,,,,,,15.40000057220459,PS_033,,,
,,2024-10-17T04:00:00Z,0,0,0,0,0,0,1,0,0,0,,,,,,,,,,15.40000057220459,PS_033,,,
,,2024-10-17T04:15:00Z,0,0,0,0,0,0,1,0,0,0,,,,,,,,,,15.40000057220459,PS_033,,,
,,2024-10-17T04:30:00Z,0,0,0,0,0,0,1,0,0,0,,,,,,,,,,15.40000057220459,PS_033,,,
,,2024-10-17T04:45:00Z,0,0,0,0,0,0,1,0,0,0,,,,,,,,,,15.40000057220459,PS_033,,,
,,2024-10-17T05:00:00Z,0,0,0,0,0,0,1,0,0,0,,,,,,,,,,15.40000057220459,PS_033,,,
,,2024-10-17T05:15:00Z,0,0,0,0,0,0,1,0,0,0,,,,,,,,,,15.40000057220459,PS_033,,,
,,2024-10-17T05:30:00Z,0,0,0,0,0,0,1,0,0,0,,,,,,,,,,15.40000057220459,PS_033,,,
,,2024-10-17T05:45:00Z,0,0,0,0,0,0,1,0,0,0,,,,,,,,,,15.40000057220459,PS_033,,,
,,2024-10-17T06:00:00Z,0,0,0,0,0,0,1,0,0,0,,,,,,,,,,15.40000057220459,PS_033,,,
,,2024-10-17T06:15:00Z,0,0,0,0,0,0,1,0,0,0,,,,,,,,,,15.40000057220459,PS_033,,,
,,2024-10-17T06:30:00Z,0,0,0,0,0,0,1,0,0,0,,,,,,,,,,15.40000057220459,PS_033,,,
,,2024-10-17T06:45:00Z,0,0,0,0,0,0,1,0,0,0,,,,,,,,,,15.40000057220459,PS_033,,,
,,2024-10-17T07:00:00Z,0,0,0,0,0,0,1,0,0,0,,,,,,,,,,15.40000057220459,PS_033,,,
,,2024-10-17T07:15:00Z,0,0,0,0,0,0,1,0,0,0,,,,,,,,,,15.40000057220459,PS_033,,,
,,2024-10-17T07:30:00Z,0,0,0,0,0,0,1,0,0,0,,,,,,,,,,15.40000057220459,PS_033,,,
,,2024-10-17T07:45:00Z,0,0,0,0,0,0,1,0,0,0,,,,,,,,,,15.40000057220459,PS_033,,,
,,2024-10-17T08:00:00Z,0,0,0,0,0,0,1,0,0,0,,,,,,,,,,15.40000057220459,PS_033,,,
,,2024-10-17T08:15:00Z,0,0,0,0,0,0,1,0,0,0,,,,,,,,,,15.40000057220459,PS_033,,,
,,2024-10-17T08:30:00Z,0,0,0,0,0,0,1,0,0,0,,,,,,,,,,15.40000057220459,PS_033,,,
,,2024-10-17T08:45:00Z,0,0,0,0,0,0,1,0,0,0,,,,,,,,,,15.40000057220459,PS_033,,,
20.53333282470703,,2024-10-17T09:00:00Z,1,0,1,0,1,1,1,0,0,1,39.119998931884766,,,,,,,19.100000381469727,110.37999725341797,15.40000057220459,PS_033,,,1.2719999551773074
21.24003684992276,,2024-10-17T09:15:00Z,4,0,4,0,4,4,1,0,0,4,67.71537779358272,,,,,,,19.335274976849185,187.48197813392093,15.40000057220459,PS_033,,,0.4370637558305033
22.12133701783589,,2024-10-17T09:30:00Z,4,0,4,0,4,4,1,0,0,4,113.63498279715158,,,,,,,20.110206876249105,290.14301516321694,15.40000057220459,PS_033,,,0.3875200166834875
23.20462620403434,,2024-10-17T09:45:00Z,3,0,3,0,3,3,1,0,0,3,167.86882296424923,,,,,,,22.090954151360584,398.3349067705757,15.40000057220459,PS_033,,,0.962245499656438
24.52961294338202,,2024-10-17T10:00:00Z,4,0,4,0,4,4,1,0,0,4,222.70301737580488,,,,,,,23.267273985882575,491.2358713669415,15.40000057220459,PS_033,,,0.831760641276358
25.753598480008183,,2024-10-17T10:15:00Z,3,0,3,0,3,3,1,0,0,3,277.35531023004927,,,,,,,24.481846031841574,568.0494132803288,15.40000057220459,PS_033,,,1.3882639502752165
25.744092224651236,,2024-10-17T10:30:00Z,4,0,4,0,4,4,1,0,0,4,350.62495329813777,,,,,,,25.680464026395864,661.1592819747225,15.40000057220459,PS_033,,,2.5311495432550277
26.57348511075927,,2024-10-17T10:45:00Z,4,0,4,0,4,4,1,0,0,4,422.5418243658388,,,,,,,26.949932643762377,741.7133278051988,15.40000057220459,PS_033,,,2.791353563307969
27.578961612144784,,2024-10-17T11:00:00Z,3,0,3,0,3,3,1,0,0,3,434.55694870991675,,,,,,,27.71110564034695,722.2580259297374,15.40000057220459,PS_033,,,3.005720512648706
28.44335815597503,,2024-10-17T11:15:00Z,4,0,4,0,4,4,1,0,0,4,508.759381966599,,,,,,,28.21243696861822,804.013770373601,15.40000057220459,PS_033,,,2.0465623568648588
28.739404249948834,,2024-10-17T11:30:00Z,4,0,4,0,4,4,1,0,0,4,575.5997601140953,,,,,,,29.32771554360103,866.5461706254257,15.40000057220459,PS_033,,,2.6527560152554215
29.519613111988104,,2024-10-17T11:45:00Z,3,0,3,0,3,3,1,0,0,3,643.468148613323,,,,,,,29.887541165641736,920.3580809595944,15.40000057220459,PS_033,,,3.124966552146643
29.803063845310454,,2024-10-17T12:00:00Z,4,0,4,0,4,4,1,0,0,4,694.8187727609647,,,,,,,30.698530406981074,947.3624853862659,15.40000057220459,PS_033,,,2.9108010226530734
30.638411192259106,,2024-10-17T12:15:00Z,3,0,3,0,3,3,1,0,0,3,719.3344529517302,,,,,,,30.908038532094658,941.1269132386519,15.40000057220459,PS_033,,,1.7974863489574238
31.469241777659956,,2024-10-17T12:30:00Z,4,0,4,0,4,4,1,0,0,4,765.9930511817896,,,,,,,31.373923519507848,960.8654346214902,15.40000057220459,PS_033,,,3.0403604309931094
31.52064073465293,,2024-10-17T12:45:00Z,4,0,4,0,4,4,1,0,0,4,794.4361389584658,,,,,,,30.490412738411507,961.6238750362269,15.40000057220459,PS_033,,,2.3859737044784057
32.10362233378971,,2024-10-17T13:00:00Z,3,0,3,0,3,3,1,0,0,3,849.0387177203087,,,,,,,32.54000695966642,991.578833352882,15.40000057220459,PS_033,,,2.721562200362344
32.61826579727564,,2024-10-17T13:15:00Z,4,0,4,0,4,4,1,0,0,4,877.3305417071848,,,,,,,31.458380778032502,979.485082566084,15.40000057220459,PS_033,,,1.6678451114880104
33.00473621853627,,2024-10-17T13:30:00Z,3,0,3,0,3,3,1,0,0,3,906.3878770369373,,,,,,,32.68338442349944,972.1572747229065,15.40000057220459,PS_033,,,2.988819169148732
33.590576795202374,,2024-10-17T13:45:00Z,4,0,4,0,4,4,1,0,0,4,932.7321229089649,,,,,,,33.127721402954194,955.5934249360818,15.40000057220459,PS_033,,,2.3066473534585428
33.955385546269184,,2024-10-17T14:00:00Z,4,0,4,0,4,4,1,0,0,4,957.6608769607046,,,,,,,33.54019692747546,935.6992397245996,15.40000057220459,PS_033,,,3.353164225458838
34.11508428798994,,2024-10-17T14:15:00Z,3,0,3,0,3,3,1,0,0,3,971.8135111951417,,,,,,,32.8119587814129,911.4677028366882,15.40000057220459,PS_033,,,2.5162533396468456
35.086605565205886,,2024-10-17T14:30:00Z,4,0,4,0,4,4,1,0,0,4,991.3694041307139,,,,,,,35.1379389366197,891.0021808789065,15.40000057220459,PS_033,,,2.765264121571924
35.873183245977664,,2024-10-17T14:45:00Z,3,0,3,0,3,3,1,0,0,3,1020.5656906730284,,,,,,,34.28558593795728,880.5359541335563,15.40000057220459,PS_033,,,2.1117046633667607
35.84162644382304,,2024-10-17T15:00:00Z,4,0,4,0,4,4,1,0,0,4,1061.6350106349223,,,,,,,34.67903602139421,889.6079242640608,15.40000057220459,PS_033,,,1.697869960435769
35.676731528785666,,2024-10-17T15:15:00Z,4,0,4,0,4,4,1,0,0,4,866.2280025933059,,,,,,,35.802640542777844,684.6028441866071,15.40000057220459,PS_033,,,1.9341003479065746
36.529370240321505,,2024-10-17T15:30:00Z,3,0,3,0,3,3,1,0,0,3,943.2502937703337,,,,,,,36.01833937366069,723.4454365639289,15.40000057220459,PS_033,,,3.257307340101457
35.659484899264264,,2024-10-17T15:45:00Z,4,0,4,0,4,4,1,0,0,4,405.51319483406763,,,,,,,34.197884122807224,318.6114725370118,15.40000057220459,PS_033,,,2.514731698853009
36.595513917289566,,2024-10-17T16:00:00Z,4,0,4,0,4,4,1,0,0,4,966.1174458192423,,,,,,,35.56780980702927,675.18712531233,15.40000057220459,PS_033,,,1.1849351989243304
35.25407677842092,,2024-10-17T16:15:00Z,3,0,3,0,3,3,1,0,0,3,229.69584408550034,,,,,,,34.230440648539414,201.0776641677304,15.40000057220459,PS_033,,,1.4246778825652706
36.322276887227986,,2024-10-17T16:30:00Z,4,0,4,0,4,4,1,0,0,4,643.8970889271695,,,,,,,36.240204144743636,418.22551023847603,15.40000057220459,PS_033,,,0.52501003059731
37.286620592080254,,2024-10-17T16:45:00Z,3,0,3,0,3,3,1,0,0,3,844.5060461939772,,,,,,,36.50985930401986,507.5398836428461,15.40000057220459,PS_033,,,2.8702115943524316
36.541128168162274,,2024-10-17T17:00:00Z,4,0,4,0,4,4,1,0,0,4,599.0370931236828,,,,,,,35.96991416172647,355.16629648728986,15.40000057220459,PS_033,,,2.899161991227258
36.0763645628729,,2024-10-17T17:15:00Z,4,0,4,0,4,4,1,0,0,4,431.37562537255684,,,,,,,35.455758354212,269.882951233227,15.40000057220459,PS_033,,,1.9260972685874096
35.31339215217562,,2024-10-17T17:30:00Z,3,0,3,0,3,3,1,0,0,3,196.98258094042103,,,,,,,34.485894783984186,159.71344484759163,15.40000057220459,PS_033,,,3.69343783148877
36.309463588620076,,2024-10-17T17:45:00Z,4,0,4,0,4,4,1,0,0,4,648.2655595672987,,,,,,,36.84408842826984,268.47570465689125,15.40000057220459,PS_033,,,2.359971550814823
36.339316457587124,,2024-10-17T18:00:00Z,3,0,3,0,3,3,1,0,0,3,524.2129107997196,,,,,,,36.10084073249662,210.70975850784723,15.40000057220459,PS_033,,,2.0872600169011206
33.60282843605068,,2024-10-17T18:15:00Z,4,0,4,0,4,4,1,0,0,4,164.67211663672188,,,,,,,32.15551290104418,118.90400619214599,15.40000057220459,PS_033,,,2.3337630576099104
30.15987201870547,,2024-10-17T18:30:00Z,4,0,4,0,4,4,1,0,0,4,180.04558274602982,,,,,,,26.42108086163859,142.36162052224736,17.0,PS_033,,,4.538339122782582
30.94470178456103,,2024-10-17T18:45:00Z,3,0,3,0,3,3,1,0,0,3,260.02166985387436,,,,,,,29.489364143534686,149.30774500300762,19.200000762939453,PS_033,,,3.288821177133135
32.14051351726125,,2024-10-17T19:00:00Z,4,0,4,0,4,4,1,0,0,4,491.04180437357167,,,,,,,32.30689321637036,116.92814617139452,19.200000762939453,PS_033,,,2.545058928994142
33.197853123300696,,2024-10-17T19:15:00Z,4,0,4,0,4,4,1,0,0,4,395.78334103079794,,,,,,,34.01150497383878,86.93177718047245,19.200000762939453,PS_033,,,2.1209186004987735
34.34948766055621,,2024-10-17T19:30:00Z,3,0,3,0,3,3,1,0,0,3,326.28334289351926,,,,,,,35.18771171471992,74.1362692735133,19.200000762939453,PS_033,,,0.7640537422688298
34.49680716446683,,2024-10-17T19:45:00Z,4,0,4,0,4,4,1,0,0,4,269.72754896847334,,,,,,,35.243762981119865,64.33630933785423,19.200000762939453,PS_033,,,0.7485154706120878
35.51477029118851,,2024-10-17T20:00:00Z,3,0,3,0,3,3,1,0,0,3,212.73957905992214,,,,,,,36.027781662895826,57.112252714076874,19.200000762939453,PS_033,,,1.084766804005172
35.12648767705438,,2024-10-17T20:15:00Z,4,0,4,0,4,4,1,0,0,4,157.21364661855765,,,,,,,35.39246414120421,50.25611199631227,19.200000762939453,PS_033,,,0.8946096272195923
34.307330768619465,,2024-10-17T20:30:00Z,4,0,4,0,4,4,1,0,0,4,98.51151662345741,,,,,,,33.65960044037923,38.26410847901594,19.200000762939453,PS_033,,,1.3155989640109584
33.77849459046793,,2024-10-17T20:45:00Z,3,0,3,0,3,3,1,0,0,3,40.82745870708241,,,,,,,32.35954139439601,24.242565931751606,19.200000762939453,PS_033,,,1.0945786706380474
31.78384020858104,,2024-10-17T21:00:00Z,4,0,4,0,4,4,1,0,0,4,17.565343409525983,,,,,,,29.79278992681044,10.668712508870637,19.200000762939453,PS_033,,,0.6147366654197505
30.702919631146216,,2024-10-17T21:15:00Z,4,0,4,0,4,4,1,0,0,4,3.115313127310297,,,,,,,28.612716690063735,1.8329753294288138,19.200000762939453,PS_033,,,0.4173480887122345
28.845220808378656,,2024-10-17T21:30:00Z,3,0,3,0,3,3,1,0,0,3,-1.183465498020032,,,,,,,27.005986469783164,-1.0469180871951331,19.200000762939453,PS_033,,,0.824509977836884
28.66513152500672,,2024-10-17T21:45:00Z,4,0,4,0,4,4,1,0,0,4,-1.796356248537527,,,,,,,26.931679966264515,-1.499632643395619,19.200000762939453,PS_033,,,0.48436981905761817
27.6173134588669,,2024-10-17T22:00:00Z,3,0,3,0,3,3,1,0,0,3,-1.7880402047864885,,,,,,,26.058022001754157,-1.4228943221474244,19.200000762939453,PS_033,,,0.26138547197031387
27.411507001107857,,2024-10-17T22:15:00Z,4,0,4,0,4,4,1,0,0,4,-1.7390744819179178,,,,,,,25.63147830201943,-1.258899023018662,19.200000762939453,PS_033,,,0.8612362961438776
27.765054345433402,,2024-10-17T22:30:00Z,4,0,4,0,4,4,1,0,0,4,-1.5841652267270079,,,,,,,26.062089458949494,-1.0554231865581818,19.200000762939453,PS_033,,,0.7153274968577323
26.355995252318614,,2024-10-17T22:45:00Z,3,0,3,0,3,3,1,0,0,3,-1.6026932211343994,,,,,,,24.52288875321017,-1.2229858464554384,19.200000762939453,PS_033,,,0.1288769704291524
26.485927569967473,,2024-10-17T23:00:00Z,4,0,4,0,4,4,1,0,0,4,-1.3586320055167966,,,,,,,24.6181834481067,-1.080318962968475,19.200000762939453,PS_033,,,0.6700538790470171
26.185528868788506,,2024-10-17T23:15:00Z,3,0,3,0,3,3,1,0,0,3,-1.4951195987282972,,,,,,,24.750375576600884,-1.051585608862828,19.200000762939453,PS_033,,,0.11302257704132324
26.751260440368615,,2024-10-17T23:30:00Z,4,0,4,0,4,4,1,0,0,4,-1.4146751294424504,,,,,,,25.047750650288904,-1.0433316385286397,19.200000762939453,PS_033,,,0.43822980591332616
25.581074635061167,,2024-10-17T23:45:00Z,4,0,4,0,4,4,1,0,0,4,-1.3583850636607913,,,,,,,24.1033270876259,-1.1131188219386847,19.200000762939453,PS_033,,,0.9034576312087071
27.300560017954986,,2024-10-18T00:00:00Z,3,0,3,0,3,3,1,0,0,3,-1.3342982541230048,,,,,,,25.60738171565767,-0.7857564909212071,19.200000762939453,PS_033,,,0.8300591158526794
27.03283405130036,,2024-10-18T00:15:00Z,4,0,4,0,4,4,1,0,0,4,-1.5238433692296063,,,,,,,25.441337837840855,-1.5411323407104889,19.200000762939453,PS_033,,,0.9515063655828452
27.363463933118744,,2024-10-18T00:30:00Z,4,0,4,0,4,4,1,0,0,4,-1.2099823033120636,,,,,,,26.02115021105343,-1.4514379111122333,19.200000762939453,PS_033,,,0.15186496799695284
27.06949380632899,,2024-10-18T00:45:00Z,3,0,3,0,3,3,1,0,0,3,-1.7953232518373095,,,,,,,25.15933538827955,-1.1312776616494664,19.200000762939453,PS_033,,,1.1773060015661851
26.682950003574494,,2024-10-18T01:00:00Z,4,0,4,0,4,4,1,0,0,4,-1.5876190886233768,,,,,,,24.799999237060543,-1.0516986042503365,19.200000762939453,PS_033,,,1.4759274850681534
26.33718743161222,,2024-10-18T01:15:00Z,3,0,3,0,3,3,1,0,0,3,-1.4708017024970392,,,,,,,24.5,-1.0594086894062955,19.200000762939453,PS_033,,,1.568255341857302
25.957223932594516,,2024-10-18T01:30:00Z,4,0,4,0,4,4,1,0,0,4,-1.4026400892992772,,,,,,,24.121697617316457,-0.976289260118994,19.200000762939453,PS_033,,,1.0285190426754212
25.668769657182363,,2024-10-18T01:45:00Z,4,0,4,0,4,4,1,0,0,4,-1.3409117363999576,,,,,,,23.747167590005674,-0.856785291055913,19.200000762939453,PS_033,,,0.6744887846908706
25.685221572141806,,2024-10-18T02:00:00Z,3,0,3,0,3,3,1,0,0,3,-1.4589884886238438,,,,,,,23.750172312775085,-0.989700947951136,19.200000762939453,PS_033,,,1.1759564700821634
25.52113284420983,,2024-10-18T02:15:00Z,4,0,4,0,4,4,1,0,0,4,-1.469805474457542,,,,,,,23.700000762939453,-1.0477719812526958,19.200000762939453,PS_033,,,0.8552523797102191
25.98475136268216,,2024-10-18T02:30:00Z,3,0,3,0,3,3,1,0,0,3,-1.4242000870964535,,,,,,,24.24296419280372,-1.22737812168031,19.200000762939453,PS_033,,,2.471153752421197
26.060138702284867,,2024-10-18T02:45:00Z,4,0,4,0,4,4,1,0,0,4,-1.083934317805804,,,,,,,24.42101808546285,-0.7733147101633729,19.200000762939453,PS_033,,,0.6666188419564272
25.21749392251176,,2024-10-18T03:00:00Z,2,0,2,0,2,2,1,0,0,2,-1.3714043647906973,,,,,,,23.48270480354083,-0.9700000286102294,19.200000762939453,PS_033,,,0.7815864024126108
,,2024-10-18T03:15:00Z,0,0,0,0,0,0,1,0,0,0,,,,,,,,,,19.200000762939453,PS_033,,,
,,2024-10-18T03:30:00Z,0,0,0,0,0,0,1,0,0,0,,,,,,,,,,19.200000762939453,PS_033,,,
,,2024-10-18T03:45:00Z,0,0,0,0,0,0,1,0,0,0,,,,,,,,,,19.200000762939453,PS_033,,,
,,2024-10-18T04:00:00Z,0,0,0,0,0,0,1,0,0,0,,,,,,,,,,19.200000762939453,PS_033,,,
,,2024-10-18T04:15:00Z,0,0,0,0,0,0,1,0,0,0,,,,,,,,,,19.200000762939453,PS_033,,,
,,2024-10-18T04:30:00Z,0,0,0,0,0,0,1,0,0,0,,,,,,,,,,19.200000762939453,PS_033,,,
,,2024-10-18T04:45:00Z,0,0,0,0,0,0,1,0,0,0,,,,,,,,,,19.200000762939453,PS_033,,,
,,2024-10-18T05:00:00Z,0,0,0,0,0,0,1,0,0,0,,,,,,,,,,19.200000762939453,PS_033,,,
,,2024-10-18T05:15:00Z,0,0,0,0,0,0,1,0,0,0,,,,,,,,,,19.200000762939453,PS_033,,,
,,2024-10-18T05:30:00Z,0,0,0,0,0,0,1,0,0,0,,,,,,,,,,19.200000762939453,PS_033,,,
,,2024-10-18T05:45:00Z,0,0,0,0,0,0,1,0,0,0,,,,,,,,,,19.200000762939453,PS_033,,,
,,2024-10-18T06:00:00Z,0,0,0,0,0,0,1,0,0,0,,,,,,,,,,19.200000762939453,PS_033,,,
,,2024-10-18T06:15:00Z,0,0,0,0,0,0,1,0,0,0,,,,,,,,,,19.200000762939453,PS_033,,,
,,2024-10-18T06:30:00Z,0,0,0,0,0,0,1,0,0,0,,,,,,,,,,19.200000762939453,PS_033,,,
,,2024-10-18T06:45:00Z,0,0,0,0,0,0,1,0,0,0,,,,,,,,,,19.200000762939453,PS_033,,,
,,2024-10-18T07:00:00Z,0,0,0,0,0,0,1,0,0,0,,,,,,,,,,19.200000762939453,PS_033,,,
,,2024-10-18T07:15:00Z,0,0,0,0,0,0,1,0,0,0,,,,,,,,,,19.200000762939453,PS_033,,,
,,2024-10-18T07:30:00Z,0,0,0,0,0,0,1,0,0,0,,,,,,,,,,19.200000762939453,PS_033,,,
,,2024-10-18T07:45:00Z,0,0,0,0,0,0,1,0,0,0,,,,,,,,,,19.200000762939453,PS_033,,,
,,2024-10-18T08:00:00Z,0,0,0,0,0,0,1,0,0,0,,,,,,,,,,19.200000762939453,PS_033,,,
,,2024-10-18T08:15:00Z,0,0,0,0,0,0,1,0,0,0,,,,,,,,,,19.200000762939453,PS_033,,,
,,2024-10-18T08:30:00Z,0,0,0,0,0,0,1,0,0,0,,,,,,,,,,19.200000762939453,PS_033,,,
,,2024-10-18T08:45:00Z,0,0,0,0,0,0,1,0,0,0,,,,,,,,,,19.200000762939453,PS_033,,,
22.84843078346471,,2024-10-18T09:00:00Z,2,0,2,0,2,2,1,0,0,2,17.613475435835237,,,,,,,21.299999237060547,17.30838342563646,19.200000762939453,PS_033,,,0.09800000488758086
22.862581898225322,,2024-10-18T09:15:00Z,3,0,3,0,3,3,1,0,0,3,30.69373839733279,,,,,,,21.299999237060543,28.26406893246523,19.200000762939453,PS_033,,,0.09800000488758086
22.90701864113638,,2024-10-18T09:30:00Z,4,0,4,0,4,4,1,0,0,4,56.0315919128353,,,,,,,21.46331590606136,54.40709395975253,19.200000762939453,PS_033,,,0.5429192970260348
23.296499288161463,,2024-10-18T09:45:00Z,4,0,4,0,4,4,1,0,0,4,74.54973194785296,,,,,,,21.79730988021823,73.8685213891068,19.200000762939453,PS_033,,,1.2952498173865457
23.09044786088923,,2024-10-18T10:00:00Z,3,0,3,0,3,3,1,0,0,3,102.11871653853366,,,,,,,22.15158912378228,96.93868229984821,19.200000762939453,PS_033,,,1.1317621564550309
23.713452272832054,,2024-10-18T10:15:00Z,4,0,4,0,4,4,1,0,0,4,109.1665694587902,,,,,,,22.7871731142757,101.98362424185203,19.200000762939453,PS_033,,,0.22318150334697717
24.44990784122969,,2024-10-18T10:30:00Z,3,0,3,0,3,3,1,0,0,3,117.07547857438394,,,,,,,22.949137901553144,105.59469090184142,19.200000762939453,PS_033,,,0.2903765468147993
24.534629457311976,,2024-10-18T10:45:00Z,5,0,5,0,5,5,1,0,0,5,137.0153545780005,,,,,,,23.215377768820662,120.30166491467436,19.200000762939453,PS_033,,,1.018478920439109
24.507257465056394,,2024-10-18T11:00:00Z,3,0,3,0,3,3,1,0,0,3,186.47013245469302,,,,,,,23.20000076293945,160.76914383937853,19.200000762939453,PS_033,,,2.7473742459867867
25.343841195760596,,2024-10-18T11:15:00Z,4,0,4,0,4,4,1,0,0,4,253.16741730223578,,,,,,,23.699578365477073,238.38418188384927,19.200000762939453,PS_033,,,0.9946403057631624
25.505374972724734,,2024-10-18T11:30:00Z,3,0,3,0,3,3,1,0,0,3,265.591146750019,,,,,,,24.100085975876603,259.66290637941887,19.200000762939453,PS_033,,,0.7831322915275024
26.173223440993564,,2024-10-18T11:45:00Z,4,0,4,0,4,4,1,0,0,4,354.4690866456446,,,,,,,25.348662793268414,380.2018676063511,19.200000762939453,PS_033,,,0.3100313309786176
27.333949162722433,,2024-10-18T12:00:00Z,4,0,4,0,4,4,1,0,0,4,553.2179443546943,,,,,,,26.18310159304488,662.0815259529852,19.200000762939453,PS_033,,,1.5730743068409212
27.669210458147248,,2024-10-18T12:15:00Z,3,0,3,0,3,3,1,0,0,3,491.90354078699517,,,,,,,27.13642521621184,525.4130001450826,19.200000762939453,PS_033,,,1.5364278232669122
27.605513246403035,,2024-10-18T12:30:00Z,4,0,4,0,4,4,1,0,0,4,426.40666742679906,,,,,,,26.772339434402074,410.90869227662705,19.200000762939453,PS_033,,,1.6122622595821625
27.794744693096426,,2024-10-18T12:45:00Z,3,0,3,0,3,3,1,0,0,3,394.9981575665093,,,,,,,26.734367055031232,359.752404138263,19.200000762939453,PS_033,,,1.8294567019084544
28.01829377772534,,2024-10-18T13:00:00Z,4,0,4,0,4,4,1,0,0,4,364.0937567906644,,,,,,,27.24744366219187,311.4550150357539,19.200000762939453,PS_033,,,0.9114045857646889
28.327149790153943,,2024-10-18T13:15:00Z,4,0,4,0,4,4,1,0,0,4,343.30578669471583,,,,,,,27.74141457230493,289.5035851721049,19.200000762939453,PS_033,,,0.8820826645275301
28.77673222536351,,2024-10-18T13:30:00Z,3,0,3,0,3,3,1,0,0,3,399.11644161310386,,,,,,,28.332675241761166,350.89700999645555,19.200000762939453,PS_033,,,0.595016993323602
29.685193311547344,,2024-10-18T13:45:00Z,4,0,4,0,4,4,1,0,0,4,537.271246883378,,,,,,,28.801543250039405,481.8781852144548,19.200000762939453,PS_033,,,1.2356469760073034
30.16900111864567,,2024-10-18T14:00:00Z,4,0,4,0,4,4,1,0,0,4,611.1889113283797,,,,,,,28.651375536223984,523.9602467092078,19.200000762939453,PS_033,,,3.577643632001344
29.677331984085438,,2024-10-18T14:15:00Z,3,0,3,0,3,3,1,0,0,3,199.44511198327143,,,,,,,28.712892077152443,159.48720818521414,19.200000762939453,PS_033,,,1.1001008588071641
29.727819806291823,,2024-10-18T14:30:00Z,4,0,4,0,4,4,1,0,0,4,181.24483880494336,,,,,,,28.04579854928769,158.23503258164757,19.200000762939453,PS_033,,,1.611713926243406
29.2949128949551,,2024-10-18T14:45:00Z,3,0,3,0,3,3,1,0,0,3,167.15338593554907,,,,,,,28.194981518357515,161.6125284055017,19.200000762939453,PS_033,,,0.9733465026498896
29.45815254478311,,2024-10-18T15:00:00Z,4,0,4,0,4,4,1,0,0,4,207.16463879691275,,,,,,,28.22397381629355,190.77629960240887,19.200000762939453,PS_033,,,0.894844657759496
29.524707039221298,,2024-10-18T15:15:00Z,4,0,4,0,4,4,1,0,0,4,201.3696346134819,,,,,,,29.09638896089768,168.3458216732732,19.200000762939453,PS_033,,,1.407521927858727
29.249320582270318,,2024-10-18T15:30:00Z,3,0,3,0,3,3,1,0,0,3,175.88953033983069,,,,,,,28.630370296575077,160.64501398548413,19.200000762939453,PS_033,,,0.8754721516022153
29.063748740191027,,2024-10-18T15:45:00Z,4,0,4,0,4,4,1,0,0,4,187.30147170763374,,,,,,,28.441753232665043,153.14829632914353,19.200000762939453,PS_033,,,1.3082062045579883
29.113945263386604,,2024-10-18T16:00:00Z,3,0,3,0,3,3,1,0,0,3,197.67145153166857,,,,,,,28.642873077700607,142.90698101014428,19.200000762939453,PS_033,,,1.047438585687294
29.5081468499002,,2024-10-18T16:15:00Z,4,0,4,0,4,4,1,0,0,4,329.09566305400983,,,,,,,28.96695217747695,236.2072189329572,19.200000762939453,PS_033,,,2.0416176971864233
28.842604547920686,,2024-10-18T16:30:00Z,4,0,4,0,4,4,1,0,0,4,433.78170084078585,,,,,,,28.658440530952216,322.13968553525916,19.200000762939453,PS_033,,,3.4905028829278946
29.383366156829357,,2024-10-18T16:45:00Z,3,0,3,0,3,3,1,0,0,3,457.39040776316534,,,,,,,29.189603479033092,354.3421602980062,19.200000762939453,PS_033,,,2.0302888760666367
28.872510489248175,,2024-10-18T17:00:00Z,4,0,4,0,4,4,1,0,0,4,226.82528551883559,,,,,,,28.320061395415323,182.39280793438255,19.200000762939453,PS_033,,,2.881638198396231
29.30929657671958,,2024-10-18T17:15:00Z,4,0,4,0,4,4,1,0,0,4,370.0478847515205,,,,,,,28.931393463894825,281.8147875576672,19.200000762939453,PS_033,,,3.4200685220297395
29.622852675977832,,2024-10-18T17:30:00Z,3,0,3,0,3,3,1,0,0,3,629.9440139277074,,,,,,,29.585675476157817,334.80857078210573,19.200000762939453,PS_033,,,3.5320633014971876
31.03766426204173,,2024-10-18T17:45:00Z,4,0,4,0,4,4,1,0,0,4,827.0663899051771,,,,,,,32.040407182739955,345.6213898970343,19.200000762939453,PS_033,,,3.585353786304283
31.529436816436863,,2024-10-18T18:00:00Z,3,0,3,0,3,3,1,0,0,3,744.5944372246993,,,,,,,32.665577273575835,251.983186933586,19.200000762939453,PS_033,,,3.2432189745955706
31.3406210273111,,2024-10-18T18:15:00Z,4,0,4,0,4,4,1,0,0,4,719.0088768486331,,,,,,,33.88136444331454,240.30454196729028,19.200000762939453,PS_033,,,3.0350965873809153
31.44782740470595,,2024-10-18T18:30:00Z,4,0,4,0,4,4,1,0,0,4,479.10674117252944,,,,,,,33.39505752083254,219.92630044933762,19.200000762939453,PS_033,,,3.816758417359111
31.37478181143082,,2024-10-18T18:45:00Z,3,0,3,0,3,3,1,0,0,3,577.4914504617205,,,,,,,33.59151954290019,199.0586496313611,19.200000762939453,PS_033,,,3.478767524475074
31.44731652156792,,2024-10-18T19:00:00Z,4,0,4,0,4,4,1,0,0,4,235.18982197087166,,,,,,,30.559021228485417,168.84824184656856,19.200000762939453,PS_033,,,1.964035744433038
31.429611971075545,,2024-10-18T19:15:00Z,3,0,3,0,3,3,1,0,0,3,196.81770797501062,,,,,,,29.879656651603586,146.44679523874456,19.200000762939453,PS_033,,,0.7564745667707862
31.473294641958507,,2024-10-18T19:30:00Z,4,0,4,0,4,4,1,0,0,4,156.99751596183305,,,,,,,29.63470702121005,105.63574342768398,19.200000762939453,PS_033,,,0.8248953037215295
31.675884980971404,,2024-10-18T19:45:00Z,4,0,4,0,4,4,1,0,0,4,256.7011324419927,,,,,,,31.3772252373335,74.93644419408585,19.200000762939453,PS_033,,,1.0296559397757097
32.0078991173454,,2024-10-18T20:00:00Z,3,0,3,0,3,3,1,0,0,3,210.48310302991743,,,,,,,32.003379914955595,63.37802059592148,19.200000762939453,PS_033,,,1.626683823180545
31.75857886066663,,2024-10-18T20:15:00Z,4,0,4,0,4,4,1,0,0,4,121.83063862811733,,,,,,,31.034883258464845,49.99097385604365,19.200000762939453,PS_033,,,0.765261618874981
31.34790454352932,,2024-10-18T20:30:00Z,4,0,4,0,4,4,1,0,0,4,79.4890415501024,,,,,,,30.27056662240043,34.042360997883044,19.200000762939453,PS_033,,,1.0080969305188485
30.390602618280443,,2024-10-18T20:45:00Z,3,0,3,0,3,3,1,0,0,3,35.28437557999209,,,,,,,28.87057603409096,21.502773741387855,19.200000762939453,PS_033,,,0.12423235549225066
29.87617996388206,,2024-10-18T21:00:00Z,4,0,4,0,4,4,1,0,0,4,11.655674085966092,,,,,,,28.392381110443743,8.799639900105166,19.200000762939453,PS_033,,,0.1160000041127205
28.811152738629467,,2024-10-18T21:15:00Z,3,0,3,0,3,3,1,0,0,3,3.2830290307526546,,,,,,,27.242123541965476,2.2021363451466662,19.200000762939453,PS_033,,,1.0472201261756742
27.894493728538265,,2024-10-18T21:30:00Z,4,0,4,0,4,4,1,0,0,4,-0.8045682594776509,,,,,,,26.394085686116792,-0.6681752398606967,19.200000762939453,PS_033,,,1.3709039827338594
27.505620547034475,,2024-10-18T21:45:00Z,4,0,4,0,4,4,1,0,0,4,-1.5472802650967434,,,,,,,25.931634872751317,-1.1309131682569968,19.200000762939453,PS_033,,,1.0024625799543248
27.62581374573335,,2024-10-18T22:00:00Z,3,0,3,0,3,3,1,0,0,3,-1.6826775184394749,,,,,,,26.151085377371555,-1.1096139287429676,19.200000762939453,PS_033,,,1.4876527157100028
27.664855568694716,,2024-10-18T22:15:00Z,4,0,4,0,4,4,1,0,0,4,-1.5526770439342523,,,,,,,25.930167575216267,-1.109636605419076,19.200000762939453,PS_033,,,1.1972828644056792
27.07381014211274,,2024-10-18T22:30:00Z,3,0,3,0,3,3,1,0,0,3,-1.7157521727098426,,,,,,,25.311203204347525,-1.3414581648492692,19.200000762939453,PS_033,,,0.1160000041127205
26.602168009125823,,2024-10-18T22:45:00Z,4,0,4,0,4,4,1,0,0,4,-1.6155022486701942,,,,,,,24.939785478216116,-1.1690093890505846,19.200000762939453,PS_033,,,1.1303214786760545
26.22665862031926,,2024-10-18T23:00:00Z,4,0,4,0,4,4,1,0,0,4,-1.4941382074826204,,,,,,,24.510100093912627,-1.0688483313995465,19.200000762939453,PS_033,,,1.4016386837659376
25.632274230275005,,2024-10-18T23:15:00Z,3,0,3,0,3,3,1,0,0,3,-1.2769730100880368,,,,,,,24.166989179041906,-1.0400965243702893,19.200000762939453,PS_033,,,2.081552252017468
25.07436850789045,,2024-10-18T23:30:00Z,4,0,4,0,4,4,1,0,0,4,-1.206470092776943,,,,,,,23.655714796252415,-0.9336111442592362,19.200000762939453,PS_033,,,2.135136264367541
25.04431370650533,,2024-10-18T23:45:00Z,3,0,3,0,3,3,1,0,0,3,-1.419069555496315,,,,,,,23.63457815019389,-1.026655651188115,19.200000762939453,PS_033,,,1.636147105727273
24.67715460885705,,2024-10-19T00:00:00Z,4,0,4,0,4,4,1,0,0,4,-1.3423554332743732,,,,,,,23.222969085639967,-1.0416663959482921,19.200000762939453,PS_033,,,0.7724156727936153
24.54560170773295,,2024-10-19T00:15:00Z,4,0,4,0,4,4,1,0,0,4,-1.083520057052761,,,,,,,23.15838621217039,-0.8356818988370129,19.200000762939453,PS_033,,,1.7905258364724044
24.0131733197591,,2024-10-19T00:30:00Z,3,0,3,0,3,3,1,0,0,3,-1.1069629314508478,,,,,,,22.600000381469727,-0.8880720238387217,19.200000762939453,PS_033,,,1.0407954599570945
23.980321887345973,,2024-10-19T00:45:00Z,4,0,4,0,4,4,1,0,0,4,-1.2237474796646932,,,,,,,22.568707077907987,-0.9217644331864783,19.200000762939453,PS_033,,,0.3086168618709574
23.766512922883052,,2024-10-19T01:00:00Z,3,0,3,0,3,3,1,0,0,3,-1.3389856113518943,,,,,,,22.151875491399938,-1.1294430657556815,19.200000762939453,PS_033,,,0.7334849360073341
23.52188967046364,,2024-10-19T01:15:00Z,4,0,4,0,4,4,1,0,0,4,-1.1461712168124332,,,,,,,22.133715908062378,-0.9896333665996037,19.200000762939453,PS_033,,,0.8118303424748913
23.67672826729806,,2024-10-19T01:30:00Z,4,0,4,0,4,4,1,0,0,4,-0.9661491798582184,,,,,,,22.442546227235134,-0.7140294489925667,19.200000762939453,PS_033,,,0.6349067512084047
24.11574798131527,,2024-10-19T01:45:00Z,3,0,3,0,3,3,1,0,0,3,-0.943859271753468,,,,,,,22.60000038146973,-0.6640777648879831,19.200000762939453,PS_033,,,0.565498806992937
24.13596272182784,,2024-10-19T02:00:00Z,4,0,4,0,4,4,1,0,0,4,-0.9819248436126137,,,,,,,22.600000381469727,-0.7392287327831363,19.200000762939453,PS_033,,,1.5556415492389342
24.162377738192582,,2024-10-19T02:15:00Z,4,0,4,0,4,4,1,0,0,4,-0.9538683829901158,,,,,,,22.718446516308557,-0.7963661010945364,19.200000762939453,PS_033,,,0.5306660831726114
23.811975525904256,,2024-10-19T02:30:00Z,3,0,3,0,3,3,1,0,0,3,-0.8093127868928197,,,,,,,21.88982419910714,-0.6060491559059136,19.200000762939453,PS_033,,,0.7034508296210581
23.90622200184234,,2024-10-19T02:45:00Z,4,0,4,0,4,4,1,0,0,4,-1.0273970237659567,,,,,,,22.73974714171462,-0.7311311308295126,19.200000762939453,PS_033,,,0.7356404633520767
24.324011243076587,,2024-10-19T03:00:00Z,2,0,2,0,2,2,1,0,0,2,-1.0639627551021287,,,,,,,22.899999618530273,-0.7619880055252842,19.200000762939453,PS_033,,,0.40875131295645706
,,2024-10-19T03:15:00Z,0,0,0,0,0,0,1,0,0,0,,,,,,,,,,19.200000762939453,PS_033,,,
,,2024-10-19T03:30:00Z,0,0,0,0,0,0,1,0,0,0,,,,,,,,,,19.200000762939453,PS_033,,,
,,2024-10-19T03:45:00Z,0,0,0,0,0,0,1,0,0,0,,,,,,,,,,19.200000762939453,PS_033,,,
,,2024-10-19T04:00:00Z,0,0,0,0,0,0,1,0,0,0,,,,,,,,,,19.200000762939453,PS_033,,,
,,2024-10-19T04:15:00Z,0,0,0,0,0,0,1,0,0,0,,,,,,,,,,19.200000762939453,PS_033,,,
,,2024-10-19T04:30:00Z,0,0,0,0,0,0,1,0,0,0,,,,,,,,,,19.200000762939453,PS_033,,,
,,2024-10-19T04:45:00Z,0,0,0,0,0,0,1,0,0,0,,,,,,,,,,19.200000762939453,PS_033,,,
,,2024-10-19T05:00:00Z,0,0,0,0,0,0,1,0,0,0,,,,,,,,,,19.200000762939453,PS_033,,,
,,2024-10-19T05:15:00Z,0,0,0,0,0,0,1,0,0,0,,,,,,,,,,19.200000762939453,PS_033,,,
,,2024-10-19T05:30:00Z,0,0,0,0,0,0,1,0,0,0,,,,,,,,,,19.200000762939453,PS_033,,,
,,2024-10-19T05:45:00Z,0,0,0,0,0,0,1,0,0,0,,,,,,,,,,19.200000762939453,PS_033,,,
,,2024-10-19T06:00:00Z,0,0,0,0,0,0,1,0,0,0,,,,,,,,,,19.200000762939453,PS_033,,,
,,2024-10-19T06:15:00Z,0,0,0,0,0,0,1,0,0,0,,,,,,,,,,19.200000762939453,PS_033,,,
,,2024-10-19T06:30:00Z,0,0,0,0,0,0,1,0,0,0,,,,,,,,,,19.200000762939453,PS_033,,,
,,2024-10-19T06:45:00Z,0,0,0,0,0,0,1,0,0,0,,,,,,,,,,19.200000762939453,PS_033,,,
,,2024-10-19T07:00:00Z,0,0,0,0,0,0,1,0,0,0,,,,,,,,,,19.200000762939453,PS_033,,,
,,2024-10-19T07:15:00Z,0,0,0,0,0,0,1,0,0,0,,,,,,,,,,19.200000762939453,PS_033,,,
,,2024-10-19T07:30:00Z,0,0,0,0,0,0,1,0,0,0,,,,,,,,,,19.200000762939453,PS_033,,,
,,2024-10-19T07:45:00Z,0,0,0,0,0,0,1,0,0,0,,,,,,,,,,19.200000762939453,PS_033,,,
,,2024-10-19T08:00:00Z,0,0,0,0,0,0,1,0,0,0,,,,,,,,,,19.200000762939453,PS_033,,,
,,2024-10-19T08:15:00Z,0,0,0,0,0,0,1,0,0,0,,,,,,,,,,19.200000762939453,PS_033,,,
,,2024-10-19T08:30:00Z,0,0,0,0,0,0,1,0,0,0,,,,,,,,,,19.200000762939453,PS_033,,,
,,2024-10-19T08:45:00Z,0,0,0,0,0,0,1,0,0,0,,,,,,,,,,19.200000762939453,PS_033,,,
21.816669464111328,,2024-10-19T09:00:00Z,1,0,1,0,1,1,1,0,0,1,23.129999160766598,,,,,,,20.5,25.40999984741211,19.200000762939453,PS_033,,,0.36800000071525574
21.9824029569433,,2024-10-19T09:15:00Z,4,0,4,0,4,4,1,0,0,4,41.30846717289395,,,,,,,20.763080089101084,48.539038174280385,19.200000762939453,PS_033,,,0.40292266489241096
21.81623837801775,,2024-10-19T09:30:00Z,4,0,4,0,4,4,1,0,0,4,76.03179939447907,,,,,,,20.623809007749692,114.62114486031008,19.200000762939453,PS_033,,,0.9924909932666225
22.40129005558557,,2024-10-19T09:45:00Z,3,0,3,0,3,3,1,0,0,3,113.44300264058897,,,,,,,21.299449578078207,174.4352092374502,19.200000762939453,PS_033,,,0.9037491972184599
23.317649382014856,,2024-10-19T10:00:00Z,4,0,4,0,4,4,1,0,0,4,172.23409787958752,,,,,,,22.317645414844225,245.2986107091654,19.200000762939453,PS_033,,,1.9686877497234991
23.71231053865409,,2024-10-19T10:15:00Z,4,0,4,0,4,4,1,0,0,4,175.12748069966253,,,,,,,22.970384409035546,207.16088752964848,19.200000762939453,PS_033,,,1.8828439760491542
24.04666434692627,,2024-10-19T10:30:00Z,3,0,3,0,3,3,1,0,0,3,211.37445409799878,,,,,,,23.28939397272028,235.9916628612102,19.200000762939453,PS_033,,,2.5835430092463834
24.411687761311843,,2024-10-19T10:45:00Z,4,0,4,0,4,4,1,0,0,4,216.61493373432324,,,,,,,23.828485338984272,238.37475138904045,19.200000762939453,PS_033,,,2.574893217978922
25.05867657948548,,2024-10-19T11:00:00Z,3,0,3,0,3,3,1,0,0,3,294.0493568918663,,,,,,,24.7301057096004,326.183187311871,19.200000762939453,PS_033,,,1.7101501085140036
25.85031298912344,,2024-10-19T11:15:00Z,4,0,4,0,4,4,1,0,0,4,409.5833349447227,,,,,,,25.4900955441721,517.5880689426818,19.200000762939453,PS_033,,,2.611392644710504
26.880013474366,,2024-10-19T11:30:00Z,4,0,4,0,4,4,1,0,0,4,484.9692413646513,,,,,,,26.92855880236441,624.821526889615,19.200000762939453,PS_033,,,1.7933609946059261
27.304047436869478,,2024-10-19T11:45:00Z,3,0,3,0,3,3,1,0,0,3,565.4967887697801,,,,,,,27.696329610573322,679.1031829632576,19.200000762939453,PS_033,,,1.9383941158641487
27.195297973108435,,2024-10-19T12:00:00Z,4,0,4,0,4,4,1,0,0,4,359.401568271921,,,,,,,27.317943733767287,379.1282828686992,19.200000762939453,PS_033,,,2.139321167042483
28.058825872448928,,2024-10-19T12:15:00Z,3,0,3,0,3,3,1,0,0,3,395.27414266020804,,,,,,,26.93121223464113,402.736531274265,19.200000762939453,PS_033,,,1.0316472041363056
27.706490179553057,,2024-10-19T12:30:00Z,4,0,4,0,4,4,1,0,0,4,407.6369166008652,,,,,,,27.642396931714433,377.29805633980715,19.200000762939453,PS_033,,,1.7962690170807314
27.99506980594208,,2024-10-19T12:45:00Z,4,0,4,0,4,4,1,0,0,4,374.0666077020486,,,,,,,28.329604280202574,342.8117760500131,19.200000762939453,PS_033,,,1.9835178371271953
27.799954452422217,,2024-10-19T13:00:00Z,3,0,3,0,3,3,1,0,0,3,420.0658791502238,,,,,,,28.203786135955525,383.57324404454937,19.200000762939453,PS_033,,,2.2944005922251005
28.34987988861612,,2024-10-19T13:15:00Z,4,0,4,0,4,4,1,0,0,4,413.9712288274545,,,,,,,28.398787683306676,371.2511313613627,19.200000762939453,PS_033,,,2.824849063257932
28.487557448289117,,2024-10-19T13:30:00Z,3,0,3,0,3,3,1,0,0,3,409.1226246339365,,,,,,,28.123560671699742,357.19946536459145,19.200000762939453,PS_033,,,2.3984717678459133
28.44821748342833,,2024-10-19T13:45:00Z,4,0,4,0,4,4,1,0,0,4,416.91877103532084,,,,,,,28.70317401851718,360.5989576203889,19.200000762939453,PS_033,,,3.3642085320583286
28.486166012785713,,2024-10-19T14:00:00Z,4,0,4,0,4,4,1,0,0,4,424.91060573973573,,,,,,,28.017020409957304,367.2780572494143,19.200000762939453,PS_033,,,3.9295977666271242
29.13313510864775,,2024-10-19T14:15:00Z,3,0,3,0,3,3,1,0,0,3,570.5958377927165,,,,,,,28.628905427585938,522.5096074768793,19.200000762939453,PS_033,,,1.1825126844277856
29.794570208846807,,2024-10-19T14:30:00Z,4,0,4,0,4,4,1,0,0,4,771.8279218068614,,,,,,,29.569977914038542,680.010114601423,19.200000762939453,PS_033,,,4.125604018758271
30.002058529579248,,2024-10-19T14:45:00Z,4,0,4,0,4,4,1,0,0,4,694.2663196244122,,,,,,,29.867806638536937,592.4514201466243,19.200000762939453,PS_033,,,3.2999502834082546
29.452666182369004,,2024-10-19T15:00:00Z,3,0,3,0,3,3,1,0,0,3,349.7248399478663,,,,,,,29.913833126456073,288.2888344919059,19.200000762939453,PS_033,,,3.826583365357959
29.721319229048277,,2024-10-19T15:15:00Z,4,0,4,0,4,4,1,0,0,4,289.096000923681,,,,,,,29.499565228494713,249.17762283957103,19.200000762939453,PS_033,,,2.900784017842318
29.78937836509072,,2024-10-19T15:30:00Z,3,0,3,0,3,3,1,0,0,3,449.11327442859994,,,,,,,29.91994814105102,361.7074219073495,19.200000762939453,PS_033,,,2.5316229479955776
29.945569973998772,,2024-10-19T15:45:00Z,4,0,4,0,4,4,1,0,0,4,310.81617724549153,,,,,,,29.753413759206936,280.627556039938,19.200000762939453,PS_033,,,2.8784374619806083
30.36716152420025,,2024-10-19T16:00:00Z,4,0,4,0,4,4,1,0,0,4,685.5044205488578,,,,,,,30.574459798355917,539.3425827341421,19.200000762939453,PS_033,,,2.033568863218427
30.265088065477247,,2024-10-19T16:15:00Z,3,0,3,0,3,3,1,0,0,3,219.7114099124753,,,,,,,29.75602664055071,194.45843319865813,19.200000762939453,PS_033,,,2.3692598957057696
30.125392184638443,,2024-10-19T16:30:00Z,4,0,4,0,4,4,1,0,0,4,290.9424055298992,,,,,,,29.855113839865272,261.12107373833015,19.200000762939453,PS_033,,,2.507388265305834
30.41485027132176,,2024-10-19T16:45:00Z,3,0,3,0,3,3,1,0,0,3,398.29204582014717,,,,,,,30.366278202193552,322.42085685603905,19.200000762939453,PS_033,,,2.64879797202954
30.52215335449409,,2024-10-19T17:00:00Z,4,0,4,0,4,4,1,0,0,4,358.9582663809802,,,,,,,30.77206386960903,275.1057377467865,19.200000762939453,PS_033,,,2.7105861024906104
30.941348658031874,,2024-10-19T17:15:00Z,4,0,4,0,4,4,1,0,0,4,342.7333279806599,,,,,,,31.192222777114775,268.1172598106269,19.200000762939453,PS_033,,,2.529078800237264
32.09176138766483,,2024-10-19T17:30:00Z,3,0,3,0,3,3,1,0,0,3,395.1313502079962,,,,,,,31.91285511303873,260.021898443716,19.200000762939453,PS_033,,,0.9182884476382996
31.715032510964786,,2024-10-19T17:45:00Z,4,0,4,0,4,4,1,0,0,4,489.0653024163451,,,,,,,32.20163727450108,294.4902968775396,19.200000762939453,PS_033,,,1.5536551847684898
31.73463773577558,,2024-10-19T18:00:00Z,4,0,4,0,4,4,1,0,0,4,251.98914302698822,,,,,,,31.379967300368993,192.43021643634316,19.200000762939453,PS_033,,,1.6667583709283653
30.550898801308655,,2024-10-19T18:15:00Z,3,0,3,0,3,3,1,0,0,3,55.29302599195744,,,,,,,29.917436512946402,52.368246868412584,19.200000762939453,PS_033,,,2.8190191302690444
24.410945058621074,,2024-10-19T18:30:00Z,4,0,4,0,4,4,1,0,0,4,35.08075499137142,,,,,,,22.799630845442778,34.093070709096544,21.600000381469727,PS_033,,,3.6688149961197665
23.317987339166205,,2024-10-19T18:45:00Z,3,0,3,0,3,3,1,0,0,3,29.849091936772282,,,,,,,22.05665469710714,27.625179393203307,26.0,PS_033,,,3.5663087040491344
23.497493713133178,,2024-10-19T19:00:00Z,4,0,4,0,4,4,1,0,0,4,42.264029604462074,,,,,,,22.422939870838697,34.486912860787555,27.600000381469727,PS_033,,,1.4924683058248145
23.51979718168628,,2024-10-19T19:15:00Z,4,0,4,0,4,4,1,0,0,4,79.08357469240356,,,,,,,22.20649935792814,63.10819421061004,27.80000114440918,PS_033,,,2.131848528647251
23.57159954851586,,2024-10-19T19:30:00Z,3,0,3,0,3,3,1,0,0,3,127.20802738937252,,,,,,,22.479563186812985,85.57309502705115,27.80000114440918,PS_033,,,2.018063519133355
23.655274593638435,,2024-10-19T19:45:00Z,4,0,4,0,4,4,1,0,0,4,126.20439361088634,,,,,,,22.238046008929654,103.37128254175228,27.80000114440918,PS_033,,,2.4924974794876644
23.30112135472177,,2024-10-19T20:00:00Z,3,0,3,0,3,3,1,0,0,3,72.04418460133006,,,,,,,21.78585328108972,69.92410422883668,27.80000114440918,PS_033,,,3.84524024070713
22.860032397478005,,2024-10-19T20:15:00Z,4,0,4,0,4,4,1,0,0,4,37.21375827097017,,,,,,,21.500000000000004,36.74897300902581,27.80000114440918,PS_033,,,3.1076517314260967
22.753797485703032,,2024-10-19T20:30:00Z,4,0,4,0,4,4,1,0,0,4,23.768472665729636,,,,,,,21.390940776409217,19.80413003408541,27.80000114440918,PS_033,,,2.5183887903368607
22.467716953453795,,2024-10-19T20:45:00Z,3,0,3,0,3,3,1,0,0,3,15.098694722522199,,,,,,,21.255338843929533,11.861413522525572,27.80000114440918,PS_033,,,1.929521810147711
22.31020095197771,,2024-10-19T21:00:00Z,4,0,4,0,4,4,1,0,0,4,6.612697788550143,,,,,,,21.0,5.646022326687054,27.80000114440918,PS_033,,,3.2717130601114643
22.342138128569662,,2024-10-19T21:15:00Z,4,0,4,0,4,4,1,0,0,4,1.060731926753277,,,,,,,20.999999999999996,-0.02311742790912396,27.80000114440918,PS_033,,,2.18258617991889
22.38660387535801,,2024-10-19T21:30:00Z,3,0,3,0,3,3,1,0,0,3,0.3220246985320044,,,,,,,21.0,-0.45191656997123636,27.80000114440918,PS_033,,,2.1991446975593707
22.26286693004407,,2024-10-19T21:45:00Z,4,0,4,0,4,4,1,0,0,4,0.32756923742084654,,,,,,,20.95874094277421,-0.38210723179625344,27.80000114440918,PS_033,,,2.9624682284848087
21.950865199635338,,2024-10-19T22:00:00Z,3,0,3,0,3,3,1,0,0,3,-0.5444015875472306,,,,,,,20.672169540250636,-0.7280687465657876,27.80000114440918,PS_033,,,2.5398321095599976
21.752156677665972,,2024-10-19T22:15:00Z,4,0,4,0,4,4,1,0,0,4,-0.07697902045366184,,,,,,,20.5,-0.5764775056261585,27.80000114440918,PS_033,,,3.467650182377489
21.631412735166336,,2024-10-19T22:30:00Z,4,0,4,0,4,4,1,0,0,4,0.06078547243641948,,,,,,,20.430221817209095,-0.41214293319797074,27.80000114440918,PS_033,,,4.141672316092117
21.53453097309037,,2024-10-19T22:45:00Z,3,0,3,0,3,3,1,0,0,3,-0.0227135080502415,,,,,,,20.200000762939453,-0.29379604881371835,27.80000114440918,PS_033,,,3.902035676933341
21.383561543236926,,2024-10-19T23:00:00Z,4,0,4,0,4,4,1,0,0,4,0.31918338056675494,,,,,,,20.053209954709907,-0.1020380750849896,27.80000114440918,PS_033,,,7.333535540879686
21.17639194404253,,2024-10-19T23:15:00Z,3,0,3,0,3,3,1,0,0,3,0.24790051306872843,,,,,,,19.899999618530277,-0.12475589393312113,27.80000114440918,PS_033,,,4.923867619644446
20.904263212740794,,2024-10-19T23:30:00Z,4,0,4,0,4,4,1,0,0,4,0.4607785100150886,,,,,,,19.65249814784328,-0.31297852555151373,27.80000114440918,PS_033,,,4.233982704686571
20.56470446873641,,2024-10-19T23:45:00Z,4,0,4,0,4,4,1,0,0,4,-0.3408927986128501,,,,,,,19.260549149868265,-0.38683964053198616,28.399999618530273,PS_033,,,3.438686816914031
20.44861083215597,,2024-10-20T00:00:00Z,3,0,3,0,3,3,1,0,0,3,-0.36756937253332045,,,,,,,19.159180544141705,-0.28670358821459263,28.80000114440918,PS_033,,,3.786631559517762
20.187950175756672,,2024-10-20T00:15:00Z,4,0,4,0,4,4,1,0,0,4,-0.30369966296219336,,,,,,,18.890596318275378,-0.15236308869402315,29.600000381469727,PS_033,,,4.53155586053428
20.00252220421289,,2024-10-20T00:30:00Z,3,0,3,0,3,3,1,0,0,3,-0.39025545209926615,,,,,,,18.83362707261201,-0.2667254577220492,31.399999618530273,PS_033,,,3.8632774262655167
19.94509007656354,,2024-10-20T00:45:00Z,4,0,4,0,4,4,1,0,0,4,-0.3934124973494998,,,,,,,18.70135451587086,-0.2580532883875399,32.400001525878906,PS_033,,,2.778657662489173
19.94575603185842,,2024-10-20T01:00:00Z,4,0,4,0,4,4,1,0,0,4,-0.3437626580762497,,,,,,,18.689307931746164,-0.2765879930666034,34.79999923706055,PS_033,,,3.8424812726929356
19.893333435058594,,2024-10-20T01:15:00Z,3,0,3,0,3,3,1,0,0,3,-0.28210804295503333,,,,,,,18.600000381469727,-0.24771865587313605,36.400001525878906,PS_033,,,3.3546779793017043
19.860081577903525,,2024-10-20T01:30:00Z,4,0,4,0,4,4,1,0,0,4,-0.348823257413173,,,,,,,18.600000381469727,-0.26759566733978,37.60000228881836,PS_033,,,3.133086172543919
19.8498666768973,,2024-10-20T01:45:00Z,4,0,4,0,4,4,1,0,0,4,-0.12266116740971862,,,,,,,18.697074742690905,-0.17825980026543825,38.20000076293945,PS_033,,,4.316222489643905
19.785361149367272,,2024-10-20T02:00:00Z,3,0,3,0,3,3,1,0,0,3,-0.3323091723668413,,,,,,,18.422062613978973,-0.3634497221932687,38.400001525878906,PS_033,,,4.022086724741256
19.74369446095664,,2024-10-20T02:15:00Z,4,0,4,0,4,4,1,0,0,4,-0.33619063153124606,,,,,,,18.60000038146973,-0.32463725839147506,38.60000228881836,PS_033,,,4.243453057595195
19.67748558997357,,2024-10-20T02:30:00Z,3,0,3,0,3,3,1,0,0,3,-0.25769470081505086,,,,,,,18.600000381469727,-0.32886136722977954,38.79999923706055,PS_033,,,4.57593669763797
19.61859382944103,,2024-10-20T02:45:00Z,4,0,4,0,4,4,1,0,0,4,-0.3188088850610901,,,,,,,18.337995668145147,-0.36071392685412257,38.79999923706055,PS_033,,,3.7741231416849677
19.609996795654293,,2024-10-20T03:00:00Z,2,0,2,0,2,2,1,0,0,2,-0.4399999976158142,,,,,,,18.299999237060547,-0.4421522453781257,38.79999923706055,PS_033,,,2.755227319563951
,,2024-10-20T03:15:00Z,0,0,0,0,0,0,1,0,0,0,,,,,,,,,,38.79999923706055,PS_033,,,
,,2024-10-20T03:30:00Z,0,0,0,0,0,0,1,0,0,0,,,,,,,,,,38.79999923706055,PS_033,,,
,,2024-10-20T03:45:00Z,0,0,0,0,0,0,1,0,0,0,,,,,,,,,,38.79999923706055,PS_033,,,
,,2024-10-20T04:00:00Z,0,0,0,0,0,0,1,0,0,0,,,,,,,,,,38.79999923706055,PS_033,,,
,,2024-10-20T04:15:00Z,0,0,0,0,0,0,1,0,0,0,,,,,,,,,,38.79999923706055,PS_033,,,
,,2024-10-20T04:30:00Z,0,0,0,0,0,0,1,0,0,0,,,,,,,,,,38.79999923706055,PS_033,,,
,,2024-10-20T04:45:00Z,0,0,0,0,0,0,1,0,0,0,,,,,,,,,,38.79999923706055,PS_033,,,
,,2024-10-20T05:00:00Z,0,0,0,0,0,0,1,0,0,0,,,,,,,,,,38.79999923706055,PS_033,,,
,,2024-10-20T05:15:00Z,0,0,0,0,0,0,1,0,0,0,,,,,,,,,,38.79999923706055,PS_033,,,
,,2024-10-20T05:30:00Z,0,0,0,0,0,0,1,0,0,0,,,,,,,,,,38.79999923706055,PS_033,,,
,,2024-10-20T05:45:00Z,0,0,0,0,0,0,1,0,0,0,,,,,,,,,,38.79999923706055,PS_033,,,
,,2024-10-20T06:00:00Z,0,0,0,0,0,0,1,0,0,0,,,,,,,,,,38.79999923706055,PS_033,,,
,,2024-10-20T06:15:00Z,0,0,0,0,0,0,1,0,0,0,,,,,,,,,,38.79999923706055,PS_033,,,
,,2024-10-20T06:30:00Z,0,0,0,0,0,0,1,0,0,0,,,,,,,,,,38.79999923706055,PS_033,,,
,,2024-10-20T06:45:00Z,0,0,0,0,0,0,1,0,0,0,,,,,,,,,,38.79999923706055,PS_033,,,
,,2024-10-20T07:00:00Z,0,0,0,0,0,0,1,0,0,0,,,,,,,,,,38.79999923706055,PS_033,,,
,,2024-10-20T07:15:00Z,0,0,0,0,0,0,1,0,0,0,,,,,,,,,,38.79999923706055,PS_033,,,
,,2024-10-20T07:30:00Z,0,0,0,0,0,0,1,0,0,0,,,,,,,,,,38.79999923706055,PS_033,,,
,,2024-10-20T07:45:00Z,0,0,0,0,0,0,1,0,0,0,,,,,,,,,,38.79999923706055,PS_033,,,
,,2024-10-20T08:00:00Z,0,0,0,0,0,0,1,0,0,0,,,,,,,,,,38.79999923706055,PS_033,,,
,,2024-10-20T08:15:00Z,0,0,0,0,0,0,1,0,0,0,,,,,,,,,,38.79999923706055,PS_033,,,
,,2024-10-20T08:30:00Z,0,0,0,0,0,0,1,0,0,0,,,,,,,,,,38.79999923706055,PS_033,,,
,,2024-10-20T08:45:00Z,0,0,0,0,0,0,1,0,0,0,,,,,,,,,,38.79999923706055,PS_033,,,
19.7720036689445,,2024-10-20T09:00:00Z,2,0,2,0,2,2,1,0,0,2,6.7165374884433735,,,,,,,18.600000381469727,5.231189507619895,38.79999923706055,PS_033,,,2.396707712536843
19.798712297885412,,2024-10-20T09:15:00Z,3,0,3,0,3,3,1,0,0,3,13.901488778731489,,,,,,,18.600000381469727,10.089308559865954,45.0,PS_033,,,2.3831281552499095
19.896437017579665,,2024-10-20T09:30:00Z,4,0,4,0,4,4,1,0,0,4,24.588007806962604,,,,,,,18.55481406745256,17.562115376887117,45.400001525878906,PS_033,,,2.025317117541899
20.052333985159656,,2024-10-20T09:45:00Z,3,0,3,0,3,3,1,0,0,3,49.587629189154185,,,,,,,18.89999961853027,36.87019605834617,45.79999923706055,PS_033,,,2.0809425739033998
20.341714270951904,,2024-10-20T10:00:00Z,4,0,4,0,4,4,1,0,0,4,93.23691755279468,,,,,,,19.3383711494642,73.22653713633933,45.79999923706055,PS_033,,,3.034036975326167
20.700532685876905,,2024-10-20T10:15:00Z,4,0,4,0,4,4,1,0,0,4,130.9986693013336,,,,,,,19.6929402660439,112.68379045652438,46.0,PS_033,,,2.998417735347377
21.044879263479388,,2024-10-20T10:30:00Z,3,0,3,0,3,3,1,0,0,3,139.97230501923679,,,,,,,20.143171291109823,119.52475805774215,46.0,PS_033,,,2.6911337450086017
21.400440618906707,,2024-10-20T10:45:00Z,4,0,4,0,4,4,1,0,0,4,175.71468664480219,,,,,,,20.657515385127216,148.56441316123102,46.0,PS_033,,,2.350172994503822
21.795626049230208,,2024-10-20T11:00:00Z,3,0,3,0,3,3,1,0,0,3,244.21902976667866,,,,,,,21.07228624522135,220.24743937783023,46.0,PS_033,,,3.269629324064236
22.44769468120369,,2024-10-20T11:15:00Z,4,0,4,0,4,4,1,0,0,4,315.51751591023253,,,,,,,21.749849370715424,343.1255061878473,46.0,PS_033,,,2.43128761425513
23.059770732987285,,2024-10-20T11:30:00Z,4,0,4,0,4,4,1,0,0,4,404.4942570852924,,,,,,,22.746879950366996,438.70549280500114,46.0,PS_033,,,2.9459108732338577
23.056772850525213,,2024-10-20T11:45:00Z,3,0,3,0,3,3,1,0,0,3,244.94041534052005,,,,,,,22.899999618530277,230.42000207125605,46.0,PS_033,,,3.222163067892452
23.176166193748585,,2024-10-20T12:00:00Z,4,0,4,0,4,4,1,0,0,4,262.9680219451406,,,,,,,22.821702364283883,243.41654119869295,46.0,PS_033,,,3.2581581606994794
23.42884448768379,,2024-10-20T12:15:00Z,4,0,4,0,4,4,1,0,0,4,237.10289892354206,,,,,,,23.152226396822364,216.1505207109952,46.0,PS_033,,,2.8717682477264113
23.535357974726846,,2024-10-20T12:30:00Z,3,0,3,0,3,3,1,0,0,3,233.7213316381886,,,,,,,23.15173963673639,207.87988671090883,46.0,PS_033,,,3.354023625822435
23.697231997750244,,2024-10-20T12:45:00Z,4,0,4,0,4,4,1,0,0,4,190.4043050677882,,,,,,,23.530361528008758,173.2892689881787,46.0,PS_033,,,2.2616911293825304
23.743070233322396,,2024-10-20T13:00:00Z,3,0,3,0,3,3,1,0,0,3,178.4000492807095,,,,,,,23.5,141.0274255012786,46.0,PS_033,,,2.6362704800401193
23.831894443888398,,2024-10-20T13:15:00Z,4,0,4,0,4,4,1,0,0,4,191.33295436865635,,,,,,,23.42090285499883,157.27821761172297,46.0,PS_033,,,2.253192974182235
24.010798805534886,,2024-10-20T13:30:00Z,4,0,4,0,4,4,1,0,0,4,239.82224625229628,,,,,,,23.902270674552035,200.91488095149035,46.0,PS_033,,,2.7434036019938826
24.300805162548492,,2024-10-20T13:45:00Z,3,0,3,0,3,3,1,0,0,3,268.03123381625664,,,,,,,24.201677425285794,234.83746916236964,46.0,PS_033,,,2.3019368620281977
24.373803268372427,,2024-10-20T14:00:00Z,4,0,4,0,4,4,1,0,0,4,236.6928417039328,,,,,,,24.392966049448468,216.10894694558868,46.0,PS_033,,,2.7873864163501505
24.432389654850798,,2024-10-20T14:15:00Z,4,0,4,0,4,4,1,0,0,4,218.0860166984637,,,,,,,24.29999923706055,190.87304496137705,46.0,PS_033,,,3.137863101659762
24.782897009428577,,2024-10-20T14:30:00Z,3,0,3,0,3,3,1,0,0,3,250.5351958476564,,,,,,,24.924392621052725,213.7217802137002,46.0,PS_033,,,2.296650512712733
24.61395122266866,,2024-10-20T14:45:00Z,4,0,4,0,4,4,1,0,0,4,170.77173698727742,,,,,,,24.39295571450318,154.8783221641359,46.0,PS_033,,,2.6713091151457027
24.97802603579774,,2024-10-20T15:00:00Z,3,0,3,0,3,3,1,0,0,3,210.95269043887046,,,,,,,25.012788305692855,191.30854016689037,46.0,PS_033,,,1.4389623044202655
25.42285261967289,,2024-10-20T15:15:00Z,4,0,4,0,4,4,1,0,0,4,323.4339872400966,,,,,,,25.4484729425867,297.52718229149116,46.0,PS_033,,,1.7855851243285943
25.681649065914254,,2024-10-20T15:30:00Z,4,0,4,0,4,4,1,0,0,4,262.84288699030293,,,,,,,25.600000381469727,259.78738352882226,46.0,PS_033,,,1.41183326214341
25.889781983621877,,2024-10-20T15:45:00Z,3,0,3,0,3,3,1,0,0,3,338.171254045573,,,,,,,25.85179935548761,303.2083728950182,46.0,PS_033,,,1.192591502024915
26.31550436392418,,2024-10-20T16:00:00Z,4,0,4,0,4,4,1,0,0,4,480.8139976030263,,,,,,,26.725687836844642,391.5880956408657,46.0,PS_033,,,1.9963907774643015
26.952426667770194,,2024-10-20T16:15:00Z,3,0,3,0,3,3,1,0,0,3,503.66888099062584,,,,,,,26.770914688006627,425.4469303110279,46.0,PS_033,,,1.592136409251693
27.63081492770246,,2024-10-20T16:30:00Z,4,0,4,0,4,4,1,0,0,4,503.48630933378905,,,,,,,27.373087599302952,426.31123511542097,46.0,PS_033,,,0.7611074289893032
28.169870035371375,,2024-10-20T16:45:00Z,4,0,4,0,4,4,1,0,0,4,859.9601440212117,,,,,,,28.115973608069726,583.1332755127822,46.0,PS_033,,,2.410539792125845
28.25492356569397,,2024-10-20T17:00:00Z,3,0,3,0,3,3,1,0,0,3,599.8944185559714,,,,,,,28.768410965536404,413.1732819766354,46.0,PS_033,,,1.9523255250565252
27.942361834779593,,2024-10-20T17:15:00Z,4,0,4,0,4,4,1,0,0,4,375.9692957680708,,,,,,,27.885490034564103,302.5524121010779,46.0,PS_033,,,2.234169475004596
27.702538082005987,,2024-10-20T17:30:00Z,4,0,4,0,4,4,1,0,0,4,249.57211045182447,,,,,,,26.801722313496057,220.76548883442965,46.0,PS_033,,,2.1754898256518227
27.228227057674015,,2024-10-20T17:45:00Z,3,0,3,0,3,3,1,0,0,3,182.93286158961004,,,,,,,26.451923406010874,174.45395947888846,46.0,PS_033,,,2.6524239987560456
27.358082736079762,,2024-10-20T18:00:00Z,4,0,4,0,4,4,1,0,0,4,176.270152668389,,,,,,,26.399999618530273,178.97173911078647,46.0,PS_033,,,1.8850226262577614
27.115785547921742,,2024-10-20T18:15:00Z,3,0,3,0,3,3,1,0,0,3,130.83953211566572,,,,,,,25.97049299031258,132.91209887189223,46.0,PS_033,,,2.6688282989777967
26.799534060275292,,2024-10-20T18:30:00Z,4,0,4,0,4,4,1,0,0,4,99.08760659101351,,,,,,,25.601192283118333,92.52477910841968,46.0,PS_033,,,2.3973902844098047
26.399672217207595,,2024-10-20T18:45:00Z,4,0,4,0,4,4,1,0,0,4,82.15458444743653,,,,,,,25.239845957173614,70.36975906735162,46.0,PS_033,,,2.989404278607874
23.994315506658285,,2024-10-20T19:00:00Z,3,0,3,0,3,3,1,0,0,3,25.718825628180223,,,,,,,22.846901965556455,22.37789755723994,46.0,PS_033,,,6.428151687453799
22.455746724608122,,2024-10-20T19:15:00Z,4,0,4,0,4,4,1,0,0,4,22.222339190563613,,,,,,,21.133769874757373,23.304057501144502,46.0,PS_033,,,5.097746312320731
21.989157039528763,,2024-10-20T19:30:00Z,3,0,3,0,3,3,1,0,0,3,10.133955057086238,,,,,,,20.221207042037726,9.241343667839537,46.400001525878906,PS_033,,,3.956480316596914
21.576152541836148,,2024-10-20T19:45:00Z,4,0,4,0,4,4,1,0,0,4,6.404807240854755,,,,,,,20.212917119108393,6.277531242395812,49.400001525878906,PS_033,,,3.172441842230829
21.500199114853082,,2024-10-20T20:00:00Z,4,0,4,0,4,4,1,0,0,4,3.6787663645055484,,,,,,,20.336501319616524,3.461637250514951,49.79999923706055,PS_033,,,2.1660916096202216
21.4564987125946,,2024-10-20T20:15:00Z,3,0,3,0,3,3,1,0,0,3,1.6966489231562167,,,,,,,20.292669690469577,1.6715033585707115,49.79999923706055,PS_033,,,2.3248039084883696
21.438286325809596,,2024-10-20T20:30:00Z,4,0,4,0,4,4,1,0,0,4,1.0640464349156296,,,,,,,20.153376819749035,0.9684196395523934,50.20000076293945,PS_033,,,2.5371702718505733
21.380762714314052,,2024-10-20T20:45:00Z,4,0,4,0,4,4,1,0,0,4,1.1585345793615092,,,,,,,19.901743874954736,1.0081601689450108,52.60000228881836,PS_033,,,1.959903932855531
21.430000305175785,,2024-10-20T21:00:00Z,3,0,3,0,3,3,1,0,0,3,0.7344343819945973,,,,,,,20.200000762939453,0.726087716262558,53.400001525878906,PS_033,,,2.6929089793459733
21.345001286182843,,2024-10-20T21:15:00Z,4,0,4,0,4,4,1,0,0,4,-0.009200657632618065,,,,,,,19.945974688846118,0.06495065758065786,54.20000076293945,PS_033,,,2.6193972125780345
21.29831840405386,,2024-10-20T21:30:00Z,3,0,3,0,3,3,1,0,0,3,-0.3308770410429972,,,,,,,19.96493889008056,-0.23796751966949398,55.0,PS_033,,,3.5694381379337212
21.276668548583984,,2024-10-20T21:45:00Z,4,0,4,0,4,4,1,0,0,4,-0.4935985641286953,,,,,,,19.915971404087713,-0.23570386214477462,55.400001525878906,PS_033,,,1.9061925721256896
21.27589187188958,,2024-10-20T22:00:00Z,4,0,4,0,4,4,1,0,0,4,-0.4299525804054393,,,,,,,19.98707570575432,-0.267754537737556,55.79999923706055,PS_033,,,2.922680852887641
21.374873979330193,,2024-10-20T22:15:00Z,3,0,3,0,3,3,1,0,0,3,-0.6072519997650672,,,,,,,20.15057001369615,-0.33306200140884396,55.79999923706055,PS_033,,,2.4434491086350083
21.495328363677707,,2024-10-20T22:30:00Z,4,0,4,0,4,4,1,0,0,4,-0.4946870191497773,,,,,,,20.244987464795464,-0.40030214322105717,56.0,PS_033,,,3.247815483154226
21.587800835037363,,2024-10-20T22:45:00Z,3,0,3,0,3,3,1,0,0,3,-0.551244568223784,,,,,,,20.250235060080897,-0.37542324160976304,56.0,PS_033,,,3.0066809096960925
21.63815270507247,,2024-10-20T23:00:00Z,4,0,4,0,4,4,1,0,0,4,-0.49527883476724094,,,,,,,20.23595535379004,-0.3361548951254907,56.0,PS_033,,,2.520545499980589
21.64664371657423,,2024-10-20T23:15:00Z,4,0,4,0,4,4,1,0,0,4,-0.5219567391091424,,,,,,,20.459222397175715,-0.42354242687487076,56.0,PS_033,,,2.036565999360736
21.671021191773107,,2024-10-20T23:30:00Z,3,0,3,0,3,3,1,0,0,3,-0.46315397055571134,,,,,,,20.287321406838128,-0.3532197621873556,56.0,PS_033,,,2.460273444702769
21.79811855936327,,2024-10-20T23:45:00Z,4,0,4,0,4,4,1,0,0,4,-0.22416757956245206,,,,,,,20.5,-0.3907054348510369,56.0,PS_033,,,2.41351214300637
21.7748107412635,,2024-10-21T00:00:00Z,3,0,3,0,3,3,1,0,0,3,-0.09893079876354707,,,,,,,20.500000000000004,-0.38699559853318877,56.0,PS_033,,,2.201035421875564
21.82229420663251,,2024-10-21T00:15:00Z,4,0,4,0,4,4,1,0,0,4,-0.12845878652027404,,,,,,,20.547227071116286,-0.4187938840413794,56.0,PS_033,,,2.368738661027794
21.851091340241414,,2024-10-21T00:30:00Z,4,0,4,0,4,4,1,0,0,4,-0.15476370430397102,,,,,,,20.547405658177823,-0.3961024464532932,56.0,PS_033,,,2.107041380011701
21.859420112688326,,2024-10-21T00:45:00Z,3,0,3,0,3,3,1,0,0,3,-0.19502245713780536,,,,,,,20.499999999999996,-0.4425678462488688,56.0,PS_033,,,2.2239837469904535
21.67201447256355,,2024-10-21T01:00:00Z,4,0,4,0,4,4,1,0,0,4,-0.27858628355745013,,,,,,,20.5,-0.19693538426922003,56.60000228881836,PS_033,,,2.628479806373586
21.63944734341579,,2024-10-21T01:15:00Z,4,0,4,0,4,4,1,0,0,4,-0.4666085260945366,,,,,,,20.416496582753048,-0.2854303629468494,57.79999923706055,PS_033,,,2.004037619881263
21.69109103399191,,2024-10-21T01:30:00Z,3,0,3,0,3,3,1,0,0,3,-0.37685509712681386,,,,,,,20.4396145314335,-0.20497078934467575,57.79999923706055,PS_033,,,2.5125311917693836
21.73744992298955,,2024-10-21T01:45:00Z,4,0,4,0,4,4,1,0,0,4,-0.39480580505981555,,,,,,,20.500000000000004,-0.36748708234465977,57.79999923706055,PS_033,,,2.290872602327614
21.816591825663487,,2024-10-21T02:00:00Z,3,0,3,0,3,3,1,0,0,3,-0.30847132101562325,,,,,,,20.500000000000004,-0.4368969771518257,57.79999923706055,PS_033,,,2.442982826856697
21.869263724664204,,2024-10-21T02:15:00Z,4,0,4,0,4,4,1,0,0,4,-0.09797015851380368,,,,,,,20.71477280517014,-0.45128665992024664,57.79999923706055,PS_033,,,1.463975775898932
21.805886696027663,,2024-10-21T02:30:00Z,4,0,4,0,4,4,1,0,0,4,-0.23559666362840537,,,,,,,20.499999999999996,-0.43351355677938747,57.79999923706055,PS_033,,,1.3136953469063495
21.81585270779419,,2024-10-21T02:45:00Z,3,0,3,0,3,3,1,0,0,3,-0.15302106645865932,,,,,,,20.5,-0.5564069263091156,57.79999923706055,PS_033,,,1.540888566784977
21.823907620245762,,2024-10-21T03:00:00Z,2,0,2,0,2,2,1,0,0,2,-0.14620585114672244,,,,,,,20.5,-0.42172048519969046,57.79999923706055,PS_033,,,1.133131147497413
,,2024-10-21T03:15:00Z,0,0,0,0,0,0,1,0,0,0,,,,,,,,,,57.79999923706055,PS_033,,,
,,2024-10-21T03:30:00Z,0,0,0,0,0,0,1,0,0,0,,,,,,,,,,57.79999923706055,PS_033,,,
,,2024-10-21T03:45:00Z,0,0,0,0,0,0,1,0,0,0,,,,,,,,,,57.79999923706055,PS_033,,,
,,2024-10-21T04:00:00Z,0,0,0,0,0,0,1,0,0,0,,,,,,,,,,57.79999923706055,PS_033,,,
,,2024-10-21T04:15:00Z,0,0,0,0,0,0,1,0,0,0,,,,,,,,,,57.79999923706055,PS_033,,,
,,2024-10-21T04:30:00Z,0,0,0,0,0,0,1,0,0,0,,,,,,,,,,57.79999923706055,PS_033,,,
,,2024-10-21T04:45:00Z,0,0,0,0,0,0,1,0,0,0,,,,,,,,,,57.79999923706055,PS_033,,,
,,2024-10-21T05:00:00Z,0,0,0,0,0,0,1,0,0,0,,,,,,,,,,57.79999923706055,PS_033,,,
,,2024-10-21T05:15:00Z,0,0,0,0,0,0,1,0,0,0,,,,,,,,,,57.79999923706055,PS_033,,,
,,2024-10-21T05:30:00Z,0,0,0,0,0,0,1,0,0,0,,,,,,,,,,57.79999923706055,PS_033,,,
,,2024-10-21T05:45:00Z,0,0,0,0,0,0,1,0,0,0,,,,,,,,,,57.79999923706055,PS_033,,,
,,2024-10-21T06:00:00Z,0,0,0,0,0,0,1,0,0,0,,,,,,,,,,57.79999923706055,PS_033,,,
,,2024-10-21T06:15:00Z,0,0,0,0,0,0,1,0,0,0,,,,,,,,,,57.79999923706055,PS_033,,,
,,2024-10-21T06:30:00Z,0,0,0,0,0,0,1,0,0,0,,,,,,,,,,57.79999923706055,PS_033,,,
,,2024-10-21T06:45:00Z,0,0,0,0,0,0,1,0,0,0,,,,,,,,,,57.79999923706055,PS_033,,,
,,2024-10-21T07:00:00Z,0,0,0,0,0,0,1,0,0,0,,,,,,,,,,57.79999923706055,PS_033,,,
,,2024-10-21T07:15:00Z,0,0,0,0,0,0,1,0,0,0,,,,,,,,,,57.79999923706055,PS_033,,,
,,2024-10-21T07:30:00Z,0,0,0,0,0,0,1,0,0,0,,,,,,,,,,57.79999923706055,PS_033,,,
,,2024-10-21T07:45:00Z,0,0,0,0,0,0,1,0,0,0,,,,,,,,,,57.79999923706055,PS_033,,,
,,2024-10-21T08:00:00Z,0,0,0,0,0,0,1,0,0,0,,,,,,,,,,57.79999923706055,PS_033,,,
,,2024-10-21T08:15:00Z,0,0,0,0,0,0,1,0,0,0,,,,,,,,,,57.79999923706055,PS_033,,,
,,2024-10-21T08:30:00Z,0,0,0,0,0,0,1,0,0,0,,,,,,,,,,57.79999923706055,PS_033,,,
,,2024-10-21T08:45:00Z,0,0,0,0,0,0,1,0,0,0,,,,,,,,,,57.79999923706055,PS_033,,,
21.26455945336214,,2024-10-21T09:00:00Z,2,0,2,0,2,2,1,0,0,2,23.21179295683956,,,,,,,19.78189170062783,25.986894718704168,57.79999923706055,PS_033,,,2.3726153745401715
21.40200199247877,,2024-10-21T09:15:00Z,4,0,4,0,4,4,1,0,0,4,50.65581232158278,,,,,,,20.07614094867193,65.3785367836896,57.79999923706055,PS_033,,,2.5751838390934982
21.594003947791755,,2024-10-21T09:30:00Z,3,0,3,0,3,3,1,0,0,3,71.16739661055786,,,,,,,20.248855494735796,94.51068978052268,57.79999923706055,PS_033,,,3.1884999856751604
22.021860947360004,,2024-10-21T09:45:00Z,4,0,4,0,4,4,1,0,0,4,148.12587918634443,,,,,,,20.832860420581678,269.0148161602372,57.79999923706055,PS_033,,,2.12433726026909
22.266940584201894,,2024-10-21T10:00:00Z,3,0,3,0,3,3,1,0,0,3,150.6204398868167,,,,,,,21.299999237060547,205.89580399978823,57.79999923706055,PS_033,,,2.701233123302846
22.70626445159483,,2024-10-21T10:15:00Z,4,0,4,0,4,4,1,0,0,4,139.89557107708032,,,,,,,21.897223771529642,183.26273769084705,57.79999923706055,PS_033,,,2.6184148246335726
22.857235095872472,,2024-10-21T10:30:00Z,4,0,4,0,4,4,1,0,0,4,133.55652577831697,,,,,,,21.95004847932419,135.70283381563624,57.79999923706055,PS_033,,,2.9900014437744797
23.37911865194572,,2024-10-21T10:45:00Z,3,0,3,0,3,3,1,0,0,3,229.6318896709049,,,,,,,22.700000762939453,226.84403288514284,57.79999923706055,PS_033,,,2.099766934517024
23.887571082665882,,2024-10-21T11:00:00Z,4,0,4,0,4,4,1,0,0,4,271.6819564513772,,,,,,,23.426087027207814,258.17224585593976,57.79999923706055,PS_033,,,2.596748739576894
24.27026091440424,,2024-10-21T11:15:00Z,4,0,4,0,4,4,1,0,0,4,360.05097388946604,,,,,,,23.92015369943696,350.75759124427526,57.79999923706055,PS_033,,,3.107090571930552
24.203416835024893,,2024-10-21T11:30:00Z,3,0,3,0,3,3,1,0,0,3,209.36339129968525,,,,,,,23.70000076293945,229.54159040333343,57.79999923706055,PS_033,,,2.4957164906137876
24.58297155740908,,2024-10-21T11:45:00Z,4,0,4,0,4,4,1,0,0,4,303.8724563959547,,,,,,,24.0579461080769,333.20485249247804,57.79999923706055,PS_033,,,2.512002795172047
24.735531982341303,,2024-10-21T12:00:00Z,3,0,3,0,3,3,1,0,0,3,258.89629697572275,,,,,,,24.67642142020252,225.0950659931565,57.79999923706055,PS_033,,,2.895114921213008
24.8349927918012,,2024-10-21T12:15:00Z,4,0,4,0,4,4,1,0,0,4,189.54177092057304,,,,,,,24.881720902010564,165.4221960826422,57.79999923706055,PS_033,,,2.4861854146336
24.27666473388672,,2024-10-21T12:30:00Z,1,0,1,0,1,1,1,0,0,1,179.38999938964844,,,,,,,24.0,186.25999450683594,58.0,PS_033,,,1.503999948501587
25.332776720471333,,2024-10-21T12:45:00Z,3,0,3,0,3,3,1,0,0,3,330.32759187369686,,,,,,,24.500000000000004,300.7650942810309,58.0,PS_033,,,1.0855985119344018
26.01462029828824,,2024-10-21T13:00:00Z,4,0,4,0,4,4,1,0,0,4,513.2642924890982,,,,,,,26.260196297117282,497.1830870436681,58.0,PS_033,,,1.9978256333544757
26.93030075104416,,2024-10-21T13:15:00Z,3,0,3,0,3,3,1,0,0,3,573.3845328857174,,,,,,,27.361743962470754,578.682227926195,58.0,PS_033,,,1.4945437503715324
27.851620440766798,,2024-10-21T13:30:00Z,4,0,4,0,4,4,1,0,0,4,635.1157588436603,,,,,,,27.433979916826885,618.2638714610722,58.0,PS_033,,,1.773750204899953
27.929331932265033,,2024-10-21T13:45:00Z,3,0,3,0,3,3,1,0,0,3,627.2772321238047,,,,,,,27.810958117884255,600.6107852487556,58.0,PS_033,,,2.37584739433934
27.502937224172424,,2024-10-21T14:00:00Z,4,0,4,0,4,4,1,0,0,4,506.03785067723265,,,,,,,27.274923022812033,446.8795080558024,58.0,PS_033,,,2.9934593994658107
28.023316210865946,,2024-10-21T14:15:00Z,4,0,4,0,4,4,1,0,0,4,520.7283450257368,,,,,,,28.1745161947774,462.58990613866615,58.0,PS_033,,,1.7037440572835323
27.42447426654371,,2024-10-21T14:30:00Z,3,0,3,0,3,3,1,0,0,3,413.5584662568331,,,,,,,28.092009203537998,380.3275712362128,58.0,PS_033,,,2.0926967126369407
28.31085717648521,,2024-10-21T14:45:00Z,4,0,4,0,4,4,1,0,0,4,521.2710020029914,,,,,,,27.376143634951546,446.20655080858575,58.0,PS_033,,,2.742139700881035
29.01254889123333,,2024-10-21T15:00:00Z,4,0,4,0,4,4,1,0,0,4,957.8111170998509,,,,,,,28.450691857292544,797.4670663254069,58.0,PS_033,,,2.13193659387454
29.26295484014489,,2024-10-21T15:15:00Z,3,0,3,0,3,3,1,0,0,3,935.8238667443967,,,,,,,28.937774309795362,735.3106680628727,58.0,PS_033,,,2.745568146226626
29.415914927434304,,2024-10-21T15:30:00Z,4,0,4,0,4,4,1,0,0,4,848.8933592534478,,,,,,,28.94180040889308,678.8999278659337,58.0,PS_033,,,3.3866647343778613
29.533776495536067,,2024-10-21T15:45:00Z,3,0,3,0,3,3,1,0,0,3,419.3707377883299,,,,,,,28.884168563061227,342.5490421894397,58.0,PS_033,,,3.093838027432251
30.426092045182703,,2024-10-21T16:00:00Z,4,0,4,0,4,4,1,0,0,4,907.5463355470142,,,,,,,29.649911672973708,650.0677774165936,58.0,PS_033,,,2.576688480497773
30.169699334350433,,2024-10-21T16:15:00Z,4,0,4,0,4,4,1,0,0,4,674.7472246967045,,,,,,,30.37606676941494,441.2622760950947,58.0,PS_033,,,1.3586563743788294
29.506129968322025,,2024-10-21T16:30:00Z,3,0,3,0,3,3,1,0,0,3,457.91572269939473,,,,,,,29.39997587314754,311.92108704070085,58.0,PS_033,,,1.2963088820616033
28.4932654253927,,2024-10-21T16:45:00Z,4,0,4,0,4,4,1,0,0,4,597.5797374173844,,,,,,,28.18275795595268,424.89679119951495,58.0,PS_033,,,3.8925353774191747
26.632611579839423,,2024-10-21T17:00:00Z,3,0,3,0,3,3,1,0,0,3,152.53957825770593,,,,,,,26.161048543599527,110.4635662596822,58.0,PS_033,,,5.147970488924958
24.596116250217637,,2024-10-21T17:15:00Z,4,0,4,0,4,4,1,0,0,4,120.51162160180303,,,,,,,23.661957853206598,104.1845127767624,58.0,PS_033,,,5.042509980140651
24.0221328354671,,2024-10-21T17:30:00Z,4,0,4,0,4,4,1,0,0,4,62.17252475824946,,,,,,,22.871490572950126,52.62785223246729,58.0,PS_033,,,4.2324089402933405
23.558786772439163,,2024-10-21T17:45:00Z,3,0,3,0,3,3,1,0,0,3,35.50108135989666,,,,,,,22.52831828482829,26.547729933307483,58.0,PS_033,,,3.3429485083949677
,,2024-10-21T18:00:00Z,0,0,0,0,0,0,1,0,0,0,,,,,,,,,,58.0,PS_033,,,
,,2024-10-21T18:15:00Z,0,0,0,0,0,0,1,0,0,0,,,,,,,,,,58.0,PS_033,,,
,,2024-10-21T18:30:00Z,0,0,0,0,0,0,1,0,0,0,,,,,,,,,,58.0,PS_033,,,
,,2024-10-21T18:45:00Z,0,0,0,0,0,0,1,0,0,0,,,,,,,,,,58.0,PS_033,,,
,,2024-10-21T19:00:00Z,0,0,0,0,0,0,1,0,0,0,,,,,,,,,,58.0,PS_033,,,
,,2024-10-21T19:15:00Z,0,0,0,0,0,0,1,0,0,0,,,,,,,,,,58.0,PS_033,,,
,,2024-10-21T19:30:00Z,0,0,0,0,0,0,1,0,0,0,,,,,,,,,,58.0,PS_033,,,
,,2024-10-21T19:45:00Z,0,0,0,0,0,0,1,0,0,0,,,,,,,,,,58.0,PS_033,,,
,,2024-10-21T20:00:00Z,0,0,0,0,0,0,1,0,0,0,,,,,,,,,,58.0,PS_033,,,
,,2024-10-21T20:15:00Z,0,0,0,0,0,0,1,0,0,0,,,,,,,,,,58.0,PS_033,,,
,,2024-10-21T20:30:00Z,0,0,0,0,0,0,1,0,0,0,,,,,,,,,,58.0,PS_033,,,
,,2024-10-21T20:45:00Z,0,0,0,0,0,0,1,0,0,0,,,,,,,,,,58.0,PS_033,,,
,,2024-10-21T21:00:00Z,0,0,0,0,0,0,1,0,0,0,,,,,,,,,,58.0,PS_033,,,
,,2024-10-21T21:15:00Z,0,0,0,0,0,0,1,0,0,0,,,,,,,,,,58.0,PS_033,,,
,,2024-10-21T21:30:00Z,0,0,0,0,0,0,1,0,0,0,,,,,,,,,,58.0,PS_033,,,
,,2024-10-21T21:45:00Z,0,0,0,0,0,0,1,0,0,0,,,,,,,,,,58.0,PS_033,,,
,,2024-10-21T22:00:00Z,0,0,0,0,0,0,1,0,0,0,,,,,,,,,,58.0,PS_033,,,
,,2024-10-21T22:15:00Z,0,0,0,0,0,0,1,0,0,0,,,,,,,,,,58.0,PS_033,,,
,,2024-10-21T22:30:00Z,0,0,0,0,0,0,1,0,0,0,,,,,,,,,,58.0,PS_033,,,
,,2024-10-21T22:45:00Z,0,0,0,0,0,0,1,0,0,0,,,,,,,,,,58.0,PS_033,,,
,,2024-10-21T23:00:00Z,0,0,0,0,0,0,1,0,0,0,,,,,,,,,,58.0,PS_033,,,
,,2024-10-21T23:15:00Z,0,0,0,0,0,0,1,0,0,0,,,,,,,,,,58.0,PS_033,,,
,,2024-10-21T23:30:00Z,0,0,0,0,0,0,1,0,0,0,,,,,,,,,,58.0,PS_033,,,
,,2024-10-21T23:45:00Z,0,0,0,0,0,0,1,0,0,0,,,,,,,,,,58.0,PS_033,,,
,,2024-10-22T00:00:00Z,0,0,0,0,0,0,1,0,0,0,,,,,,,,,,58.0,PS_033,,,
,,2024-10-22T00:15:00Z,0,0,0,0,0,0,1,0,0,0,,,,,,,,,,58.0,PS_033,,,
,,2024-10-22T00:30:00Z,0,0,0,0,0,0,1,0,0,0,,,,,,,,,,58.0,PS_033,,,
,,2024-10-22T00:45:00Z,0,0,0,0,0,0,1,0,0,0,,,,,,,,,,58.0,PS_033,,,
,,2024-10-22T01:00:00Z,0,0,0,0,0,0,1,0,0,0,,,,,,,,,,58.0,PS_033,,,
,,2024-10-22T01:15:00Z,0,0,0,0,0,0,1,0,0,0,,,,,,,,,,58.0,PS_033,,,
,,2024-10-22T01:30:00Z,0,0,0,0,0,0,1,0,0,0,,,,,,,,,,58.0,PS_033,,,
,,2024-10-22T01:45:00Z,0,0,0,0,0,0,1,0,0,0,,,,,,,,,,58.0,PS_033,,,
,,2024-10-22T02:00:00Z,0,0,0,0,0,0,1,0,0,0,,,,,,,,,,58.0,PS_033,,,
,,2024-10-22T02:15:00Z,0,0,0,0,0,0,1,0,0,0,,,,,,,,,,58.0,PS_033,,,
,,2024-10-22T02:30:00Z,0,0,0,0,0,0,1,0,0,0,,,,,,,,,,58.0,PS_033,,,
,,2024-10-22T02:45:00Z,0,0,0,0,0,0,1,0,0,0,,,,,,,,,,58.0,PS_033,,,
,,2024-10-22T03:00:00Z,0,0,0,0,0,0,1,0,0,0,,,,,,,,,,58.0,PS_033,,,
,,2024-10-22T03:15:00Z,0,0,0,0,0,0,1,0,0,0,,,,,,,,,,58.0,PS_033,,,
,,2024-10-22T03:30:00Z,0,0,0,0,0,0,1,0,0,0,,,,,,,,,,58.0,PS_033,,,
,,2024-10-22T03:45:00Z,0,0,0,0,0,0,1,0,0,0,,,,,,,,,,58.0,PS_033,,,
,,2024-10-22T04:00:00Z,0,0,0,0,0,0,1,0,0,0,,,,,,,,,,58.0,PS_033,,,
,,2024-10-22T04:15:00Z,0,0,0,0,0,0,1,0,0,0,,,,,,,,,,58.0,PS_033,,,
,,2024-10-22T04:30:00Z,0,0,0,0,0,0,1,0,0,0,,,,,,,,,,58.0,PS_033,,,
,,2024-10-22T04:45:00Z,0,0,0,0,0,0,1,0,0,0,,,,,,,,,,58.0,PS_033,,,
,,2024-10-22T05:00:00Z,0,0,0,0,0,0,1,0,0,0,,,,,,,,,,58.0,PS_033,,,
,,2024-10-22T05:15:00Z,0,0,0,0,0,0,1,0,0,0,,,,,,,,,,58.0,PS_033,,,
,,2024-10-22T05:30:00Z,0,0,0,0,0,0,1,0,0,0,,,,,,,,,,58.0,PS_033,,,
,,2024-10-22T05:45:00Z,0,0,0,0,0,0,1,0,0,0,,,,,,,,,,58.0,PS_033,,,
,,2024-10-22T06:00:00Z,0,0,0,0,0,0,1,0,0,0,,,,,,,,,,58.0,PS_033,,,
,,2024-10-22T06:15:00Z,0,0,0,0,0,0,1,0,0,0,,,,,,,,,,58.0,PS_033,,,
,,2024-10-22T06:30:00Z,0,0,0,0,0,0,1,0,0,0,,,,,,,,,,58.0,PS_033,,,
,,2024-10-22T06:45:00Z,0,0,0,0,0,0,1,0,0,0,,,,,,,,,,58.0,PS_033,,,
,,2024-10-22T07:00:00Z,0,0,0,0,0,0,1,0,0,0,,,,,,,,,,58.0,PS_033,,,
,,2024-10-22T07:15:00Z,0,0,0,0,0,0,1,0,0,0,,,,,,,,,,58.0,PS_033,,,
,,2024-10-22T07:30:00Z,0,0,0,0,0,0,1,0,0,0,,,,,,,,,,58.0,PS_033,,,
,,2024-10-22T07:45:00Z,0,0,0,0,0,0,1,0,0,0,,,,,,,,,,58.0,PS_033,,,
,,2024-10-22T08:00:00Z,0,0,0,0,0,0,1,0,0,0,,,,,,,,,,58.0,PS_033,,,
,,2024-10-22T08:15:00Z,0,0,0,0,0,0,1,0,0,0,,,,,,,,,,58.0,PS_033,,,
,,2024-10-22T08:30:00Z,0,0,0,0,0,0,1,0,0,0,,,,,,,,,,58.0,PS_033,,,
,,2024-10-22T08:45:00Z,0,0,0,0,0,0,1,0,0,0,,,,,,,,,,58.0,PS_033,,,
,,2024-10-22T09:00:00Z,0,0,0,0,0,0,1,0,0,0,,,,,,,,,,58.0,PS_033,,,
,,2024-10-22T09:15:00Z,0,0,0,0,0,0,1,0,0,0,,,,,,,,,,58.0,PS_033,,,
,,2024-10-22T09:30:00Z,0,0,0,0,0,0,1,0,0,0,,,,,,,,,,58.0,PS_033,,,
,,2024-10-22T09:45:00Z,0,0,0,0,0,0,1,0,0,0,,,,,,,,,,58.0,PS_033,,,
,,2024-10-22T10:00:00Z,0,0,0,0,0,0,1,0,0,0,,,,,,,,,,58.0,PS_033,,,
23.55999755859375,,2024-10-22T10:15:00Z,1,0,1,0,1,1,1,0,0,1,146.22999572753906,,,,,,,22.700000762939453,162.3999938964844,58.0,PS_033,,,1.4839999675750732
24.069344341181193,,2024-10-22T10:30:00Z,4,0,4,0,4,4,1,0,0,4,207.6492461206778,,,,,,,23.091214393059172,257.41683125680623,60.20000076293945,PS_033,,,2.319115102942407
24.827484424258486,,2024-10-22T10:45:00Z,3,0,3,0,3,3,1,0,0,3,224.40935995242253,,,,,,,24.300009106006463,271.65873960450614,60.20000076293945,PS_033,,,2.478092921727162
25.542433232192455,,2024-10-22T11:00:00Z,4,0,4,0,4,4,1,0,0,4,371.41460514531906,,,,,,,25.205421357343017,467.3570277116504,60.20000076293945,PS_033,,,2.113297933578713
25.875929043376214,,2024-10-22T11:15:00Z,3,0,3,0,3,3,1,0,0,3,366.4904739717878,,,,,,,26.01230077645432,417.936272509488,60.20000076293945,PS_033,,,3.6809769927659417
26.15387575722784,,2024-10-22T11:30:00Z,4,0,4,0,4,4,1,0,0,4,443.78519808859835,,,,,,,26.172258460505383,514.3856628656196,60.20000076293945,PS_033,,,2.6759715021378674
26.81761136143062,,2024-10-22T11:45:00Z,3,0,3,0,3,3,1,0,0,3,509.4560158301687,,,,,,,26.9156545061258,617.3701647966177,60.20000076293945,PS_033,,,3.020847337584214
26.78204712494349,,2024-10-22T12:00:00Z,4,0,4,0,4,4,1,0,0,4,494.0049319548184,,,,,,,26.900074321081664,553.556496011006,60.20000076293945,PS_033,,,2.767158303880249
27.104551838495496,,2024-10-22T12:15:00Z,3,0,3,0,3,3,1,0,0,3,599.353632224693,,,,,,,27.258161073098595,675.2507333121323,60.20000076293945,PS_033,,,4.181909655944101
27.48927903015179,,2024-10-22T12:30:00Z,4,0,4,0,4,4,1,0,0,4,766.6300426261549,,,,,,,27.903504224669884,876.5556130589699,60.20000076293945,PS_033,,,3.64722499632655
28.34987818100291,,2024-10-22T12:45:00Z,3,0,3,0,3,3,1,0,0,3,904.5734587074351,,,,,,,28.724406551781772,1035.9936049564242,60.20000076293945,PS_033,,,3.244842981177588
28.60841405034501,,2024-10-22T13:00:00Z,4,0,4,0,4,4,1,0,0,4,1026.267561664069,,,,,,,29.546665817977175,1090.4159706968,60.20000076293945,PS_033,,,2.9965035877043795
29.2200640954024,,2024-10-22T13:15:00Z,3,0,3,0,3,3,1,0,0,3,1000.6240121966742,,,,,,,29.73741442045927,1078.5428890616674,60.20000076293945,PS_033,,,4.122792100978809
29.140166144775836,,2024-10-22T13:30:00Z,4,0,4,0,4,4,1,0,0,4,734.9427394861406,,,,,,,30.14434984575156,782.2983664550383,60.20000076293945,PS_033,,,3.7675032937706194
29.266743842669772,,2024-10-22T13:45:00Z,3,0,3,0,3,3,1,0,0,3,937.1456187206984,,,,,,,29.911809475853183,926.4697049127138,60.20000076293945,PS_033,,,2.799149236634881
29.974971508628215,,2024-10-22T14:00:00Z,4,0,4,0,4,4,1,0,0,4,724.9212310644913,,,,,,,30.04861215087941,712.9847607721406,60.20000076293945,PS_033,,,2.590443529315003
29.855570406176014,,2024-10-22T14:15:00Z,3,0,3,0,3,3,1,0,0,3,494.31734547255013,,,,,,,30.046066173560078,466.7744223958648,60.20000076293945,PS_033,,,4.376927067729042
30.390203557257557,,2024-10-22T14:30:00Z,4,0,4,0,4,4,1,0,0,4,864.9001856563165,,,,,,,30.885473356711838,791.8524732580072,60.20000076293945,PS_033,,,3.31005785636962
30.433020192819686,,2024-10-22T14:45:00Z,3,0,3,0,3,3,1,0,0,3,483.368136385574,,,,,,,30.973834462591313,413.4485720288133,60.20000076293945,PS_033,,,3.369096586144995
30.083784496330985,,2024-10-22T15:00:00Z,4,0,4,0,4,4,1,0,0,4,453.970545203772,,,,,,,30.215773016753086,379.0215774405196,60.20000076293945,PS_033,,,3.0726807511736056
30.579621488137626,,2024-10-22T15:15:00Z,3,0,3,0,3,3,1,0,0,3,630.9850759395492,,,,,,,30.75012315245549,514.0180643012471,60.20000076293945,PS_033,,,2.2066612636566507
30.63191538454174,,2024-10-22T15:30:00Z,4,0,4,0,4,4,1,0,0,4,394.4479394840638,,,,,,,29.4457857190953,296.99323170308196,60.20000076293945,PS_033,,,3.4816686433711874
27.15352574302752,,2024-10-22T15:45:00Z,3,0,3,0,3,3,1,0,0,3,213.2222969711332,,,,,,,25.85918700791758,174.09531551508786,60.20000076293945,PS_033,,,5.213430868583281
27.652765014969663,,2024-10-22T16:00:00Z,4,0,4,0,4,4,1,0,0,4,392.5936094853214,,,,,,,26.456395776825165,303.74607298979174,60.20000076293945,PS_033,,,3.431619222278249
29.239422687062415,,2024-10-22T16:15:00Z,3,0,3,0,3,3,1,0,0,3,528.2042125609813,,,,,,,28.056906859107045,359.6756353365665,60.20000076293945,PS_033,,,2.3375622715001434
29.077086454199573,,2024-10-22T16:30:00Z,4,0,4,0,4,4,1,0,0,4,404.739842047014,,,,,,,28.983321751131975,278.2653985188393,60.20000076293945,PS_033,,,3.333189823515639
27.318452952635376,,2024-10-22T16:45:00Z,3,0,3,0,3,3,1,0,0,3,396.70721022209386,,,,,,,26.838424088002917,311.7705040235844,60.20000076293945,PS_033,,,3.1126012813536192
28.15199041962628,,2024-10-22T17:00:00Z,4,0,4,0,4,4,1,0,0,4,524.565835031737,,,,,,,27.90926278487927,337.4163306279612,60.20000076293945,PS_033,,,2.7923088577673325
28.63994567819965,,2024-10-22T17:15:00Z,4,0,4,0,4,4,1,0,0,4,270.9652523709611,,,,,,,28.431584911172898,206.38729718198758,60.400001525878906,PS_033,,,1.8778776107717712
28.661637877684182,,2024-10-22T17:30:00Z,3,0,3,0,3,3,1,0,0,3,196.49914719292354,,,,,,,26.852215146915405,172.16498417125834,60.79999923706055,PS_033,,,0.4739986658686605
28.56174555510726,,2024-10-22T17:45:00Z,4,0,4,0,4,4,1,0,0,4,211.18098133963815,,,,,,,27.551850087113205,186.12281186659135,60.79999923706055,PS_033,,,1.3766265883608786
28.5625876831409,,2024-10-22T18:00:00Z,3,0,3,0,3,3,1,0,0,3,299.53890532379927,,,,,,,27.96237055940148,236.16016741111503,60.79999923706055,PS_033,,,2.365935250093495
30.659614614355338,,2024-10-22T18:15:00Z,4,0,4,0,4,4,1,0,0,4,632.2392455720226,,,,,,,30.91397216515374,232.70672976968882,60.79999923706055,PS_033,,,1.2332402361660884
32.16329876846022,,2024-10-22T18:30:00Z,3,0,3,0,3,3,1,0,0,3,534.1291935200483,,,,,,,31.2866708373727,181.86179373528938,60.79999923706055,PS_033,,,1.2973115886395172
31.408058635542982,,2024-10-22T18:45:00Z,4,0,4,0,4,4,1,0,0,4,295.9550114738502,,,,,,,29.878942253454333,183.1032237892865,60.79999923706055,PS_033,,,1.2646654022065733
30.13752438558209,,2024-10-22T19:00:00Z,3,0,3,0,3,3,1,0,0,3,123.63705559158218,,,,,,,28.631600772935666,113.81710907143052,60.79999923706055,PS_033,,,2.0255667007211375
28.196851904594613,,2024-10-22T19:15:00Z,4,0,4,0,4,4,1,0,0,4,49.51644956376492,,,,,,,26.66673282927586,45.50991062599476,60.79999923706055,PS_033,,,3.804033312723208
27.46357451088229,,2024-10-22T19:30:00Z,3,0,3,0,3,3,1,0,0,3,73.79280278709192,,,,,,,26.011548854687025,58.20850040430557,60.79999923706055,PS_033,,,4.09912900887809
25.96785568557752,,2024-10-22T19:45:00Z,4,0,4,0,4,4,1,0,0,4,46.98642501828835,,,,,,,24.542568424964273,25.901020058471378,60.79999923706055,PS_033,,,2.2412770513076743
23.490654419329974,,2024-10-22T20:00:00Z,3,0,3,0,3,3,1,0,0,3,30.906309784278037,,,,,,,21.353578906781053,24.118485011415366,70.4000015258789,PS_033,,,4.345662060252871
22.80054232957602,,2024-10-22T20:15:00Z,4,0,4,0,4,4,1,0,0,4,37.14015131071969,,,,,,,21.04799716769769,28.076547961076987,91.0,PS_033,,,2.7360663221142976
23.042374876019522,,2024-10-22T20:30:00Z,3,0,3,0,3,3,1,0,0,3,66.9957330644648,,,,,,,21.65095111555522,46.44383390101245,97.80000305175781,PS_033,,,1.3220276406089746
23.51418794707302,,2024-10-22T20:45:00Z,4,0,4,0,4,4,1,0,0,4,77.29341089177287,,,,,,,22.426991677923596,50.11762036323655,97.80000305175781,PS_033,,,0.8012223443271668
23.694065529868197,,2024-10-22T21:00:00Z,4,0,4,0,4,4,1,0,0,4,36.58297518616242,,,,,,,22.221513443466094,25.06092984460704,97.80000305175781,PS_033,,,0.8560268934388829
23.393564302140454,,2024-10-22T21:15:00Z,3,0,3,0,3,3,1,0,0,3,7.133082823288549,,,,,,,22.149034578625702,5.269212988230722,97.80000305175781,PS_033,,,0.7803074990572585
23.528486508679386,,2024-10-22T21:30:00Z,4,0,4,0,4,4,1,0,0,4,0.18872246447121724,,,,,,,22.39999961853027,-0.18200810646171636,97.80000305175781,PS_033,,,0.6673820208532931
23.578830296283996,,2024-10-22T21:45:00Z,3,0,3,0,3,3,1,0,0,3,0.5300952510010819,,,,,,,22.44576576454876,-0.273683243975326,97.80000305175781,PS_033,,,1.001734656102765
23.475413501101098,,2024-10-22T22:00:00Z,4,0,4,0,4,4,1,0,0,4,-0.13075118368247343,,,,,,,22.35562948100759,-0.34024689046017803,97.80000305175781,PS_033,,,0.6262617723178969
23.420048290180983,,2024-10-22T22:15:00Z,3,0,3,0,3,3,1,0,0,3,-0.20041659780163387,,,,,,,22.39999961853027,-0.30615309220828657,97.80000305175781,PS_033,,,0.44753121879328783
23.636011961136337,,2024-10-22T22:30:00Z,4,0,4,0,4,4,1,0,0,4,-0.015367620637447019,,,,,,,22.399999618530273,-0.41820685408834707,97.80000305175781,PS_033,,,0.1778858490911959
23.735684818900282,,2024-10-22T22:45:00Z,3,0,3,0,3,3,1,0,0,3,-0.061210555298322845,,,,,,,22.700000762939453,-0.40391884975283177,97.80000305175781,PS_033,,,0.39864180048305453
23.69274893722002,,2024-10-22T23:00:00Z,4,0,4,0,4,4,1,0,0,4,-0.27213886102698975,,,,,,,22.653820471498552,-0.4735864483582281,97.80000305175781,PS_033,,,0.11277764190490958
23.66673199188936,,2024-10-22T23:15:00Z,3,0,3,0,3,3,1,0,0,3,-0.061207948917013505,,,,,,,22.461208434307725,-0.37920234904515787,97.80000305175781,PS_033,,,0.5569602354406176
23.54800551342109,,2024-10-22T23:30:00Z,4,0,4,0,4,4,1,0,0,4,0.3027691789075266,,,,,,,22.60521454007,-0.36438239480663615,97.80000305175781,PS_033,,,0.1923962851857427
23.46279700669114,,2024-10-22T23:45:00Z,3,0,3,0,3,3,1,0,0,3,0.4778437052155541,,,,,,,22.416141479064198,-0.17830142840511004,97.80000305175781,PS_033,,,0.148737472707945
