ambient_temperature_celsius,battery_voltage,datetime,document_count_ambient_temperature_celsius,document_count_battery_voltage,document_count_ghi_irradiance_wm2,document_count_gri_irradiance_wm2,document_count_panel_temperature_celsius,document_count_poa_irradiance_wm2,document_count_precipitation_accumulated_mm,document_count_tracker_albedo_index,document_count_wind_direction_degrees,document_count_wind_speed_ms,ghi_irradiance_wm2,gri_irradiance_wm2,interpolated_keys_ambient_temperature_celsius,interpolated_keys_battery_voltage,interpolated_keys_ghi_irradiance_wm2,interpolated_keys_gri_irradiance_wm2,interpolated_keys_panel_temperature_celsius,interpolated_keys_poa_irradiance_wm2,interpolated_keys_tracker_albedo_index,interpolated_keys_wind_direction_degrees,interpolated_keys_wind_speed_ms,panel_temperature_celsius,poa_irradiance_wm2,precipitation_accumulated_mm,ps_id,tracker_albedo_index,wind_direction_degrees,wind_speed_ms
,,2024-05-14T00:00:00Z,0,0,0,0,0,0,0,0,0,0,,,,,,,,,,,,,,,PS_008,,,
,,2024-05-14T00:15:00Z,0,0,0,0,0,0,0,0,0,0,,,,,,,,,,,,,,,PS_008,,,
,,2024-05-14T00:30:00Z,0,0,0,0,0,0,0,0,0,0,,,,,,,,,,,,,,,PS_008,,,
,,2024-05-14T00:45:00Z,0,0,0,0,0,0,0,0,0,0,,,,,,,,,,,,,,,PS_008,,,
,,2024-05-14T01:00:00Z,0,0,0,0,0,0,0,0,0,0,,,,,,,,,,,,,,,PS_008,,,
,,2024-05-14T01:15:00Z,0,0,0,0,0,0,0,0,0,0,,,,,,,,,,,,,,,PS_008,,,
,,2024-05-14T01:30:00Z,0,0,0,0,0,0,0,0,0,0,,,,,,,,,,,,,,,PS_008,,,
,,2024-05-14T01:45:00Z,0,0,0,0,0,0,0,0,0,0,,,,,,,,,,,,,,,PS_008,,,
,,2024-05-14T02:00:00Z,0,0,0,0,0,0,0,0,0,0,,,,,,,,,,,,,,,PS_008,,,
,,2024-05-14T02:15:00Z,0,0,0,0,0,0,0,0,0,0,,,,,,,,,,,,,,,PS_008,,,
,,2024-05-14T02:30:00Z,0,0,0,0,0,0,0,0,0,0,,,,,,,,,,,,,,,PS_008,,,
,,2024-05-14T02:45:00Z,0,0,0,0,0,0,0,0,0,0,,,,,,,,,,,,,,,PS_008,,,
,,2024-05-14T03:00:00Z,0,0,0,0,0,0,0,0,0,0,,,,,,,,,,,,,,,PS_008,,,
,,2024-05-14T03:15:00Z,0,0,0,0,0,0,0,0,0,0,,,,,,,,,,,,,,,PS_008,,,
,,2024-05-14T03:30:00Z,0,0,0,0,0,0,0,0,0,0,,,,,,,,,,,,,,,PS_008,,,
,,2024-05-14T03:45:00Z,0,0,0,0,0,0,0,0,0,0,,,,,,,,,,,,,,,PS_008,,,
,,2024-05-14T04:00:00Z,0,0,0,0,0,0,0,0,0,0,,,,,,,,,,,,,,,PS_008,,,
,,2024-05-14T04:15:00Z,0,0,0,0,0,0,0,0,0,0,,,,,,,,,,,,,,,PS_008,,,
,,2024-05-14T04:30:00Z,0,0,0,0,0,0,0,0,0,0,,,,,,,,,,,,,,,PS_008,,,
,,2024-05-14T04:45:00Z,0,0,0,0,0,0,0,0,0,0,,,,,,,,,,,,,,,PS_008,,,
,,2024-05-14T05:00:00Z,0,0,0,0,0,0,0,0,0,0,,,,,,,,,,,,,,,PS_008,,,
,,2024-05-14T05:15:00Z,0,0,0,0,0,0,0,0,0,0,,,,,,,,,,,,,,,PS_008,,,
,,2024-05-14T05:30:00Z,0,0,0,0,0,0,0,0,0,0,,,,,,,,,,,,,,,PS_008,,,
,,2024-05-14T05:45:00Z,0,0,0,0,0,0,0,0,0,0,,,,,,,,,,,,,,,PS_008,,,
,,2024-05-14T06:00:00Z,0,0,0,0,0,0,0,0,0,0,,,,,,,,,,,,,,,PS_008,,,
,,2024-05-14T06:15:00Z,0,0,0,0,0,0,0,0,0,0,,,,,,,,,,,,,,,PS_008,,,
,,2024-05-14T06:30:00Z,0,0,0,0,0,0,0,0,0,0,,,,,,,,,,,,,,,PS_008,,,
,,2024-05-14T06:45:00Z,0,0,0,0,0,0,0,0,0,0,,,,,,,,,,,,,,,PS_008,,,
,,2024-05-14T07:00:00Z,0,0,0,0,0,0,0,0,0,0,,,,,,,,,,,,,,,PS_008,,,
,,2024-05-14T07:15:00Z,0,0,0,0,0,0,0,0,0,0,,,,,,,,,,,,,,,PS_008,,,
,,2024-05-14T07:30:00Z,0,0,0,0,0,0,0,0,0,0,,,,,,,,,,,,,,,PS_008,,,
,,2024-05-14T07:45:00Z,0,0,0,0,0,0,0,0,0,0,,,,,,,,,,,,,,,PS_008,,,
,,2024-05-14T08:00:00Z,0,0,0,0,0,0,0,0,0,0,,,,,,,,,,,,,,,PS_008,,,
,,2024-05-14T08:15:00Z,0,0,0,0,0,0,0,0,0,0,,,,,,,,,,,,,,,PS_008,,,
,,2024-05-14T08:30:00Z,0,0,0,0,0,0,0,0,0,0,,,,,,,,,,,,,,,PS_008,,,
,,2024-05-14T08:45:00Z,0,0,0,0,0,0,0,0,0,0,,,,,,,,,,,,,,,PS_008,,,
,,2024-05-14T09:00:00Z,0,0,0,0,0,0,0,0,0,0,,,,,,,,,,,,,,,PS_008,,,
,,2024-05-14T09:15:00Z,0,0,0,0,0,0,0,0,0,0,,,,,,,,,,,,,,,PS_008,,,
,,2024-05-14T09:30:00Z,0,0,0,0,0,0,0,0,0,0,,,,,,,,,,,,,,,PS_008,,,
,,2024-05-14T09:45:00Z,0,0,0,0,0,0,0,0,0,0,,,,,,,,,,,,,,,PS_008,,,
,,2024-05-14T10:00:00Z,0,0,0,0,0,0,0,0,0,0,,,,,,,,,,,,,,,PS_008,,,
,,2024-05-14T10:15:00Z,0,0,0,0,0,0,0,0,0,0,,,,,,,,,,,,,,,PS_008,,,
,,2024-05-14T10:30:00Z,0,0,0,0,0,0,0,0,0,0,,,,,,,,,,,,,,,PS_008,,,
,,2024-05-14T10:45:00Z,0,0,0,0,0,0,0,0,0,0,,,,,,,,,,,,,,,PS_008,,,
,,2024-05-14T11:00:00Z,0,0,0,0,0,0,0,0,0,0,,,,,,,,,,,,,,,PS_008,,,
,,2024-05-14T11:15:00Z,0,0,0,0,0,0,0,0,0,0,,,,,,,,,,,,,,,PS_008,,,
,,2024-05-14T11:30:00Z,0,0,0,0,0,0,0,0,0,0,,,,,,,,,,,,,,,PS_008,,,
,,2024-05-14T11:45:00Z,0,0,0,0,0,0,0,0,0,0,,,,,,,,,,,,,,,PS_008,,,
,,2024-05-14T12:00:00Z,0,0,0,0,0,0,0,0,0,0,,,,,,,,,,,,,,,PS_008,,,
,,2024-05-14T12:15:00Z,0,0,0,0,0,0,0,0,0,0,,,,,,,,,,,,,,,PS_008,,,
,,2024-05-14T12:30:00Z,0,0,0,0,0,0,0,0,0,0,,,,,,,,,,,,,,,PS_008,,,
,,2024-05-14T12:45:00Z,0,0,0,0,0,0,0,0,0,0,,,,,,,,,,,,,,,PS_008,,,
,,2024-05-14T13:00:00Z,0,0,0,0,0,0,0,0,0,0,,,,,,,,,,,,,,,PS_008,,,
,,2024-05-14T13:15:00Z,0,0,0,0,0,0,0,0,0,0,,,,,,,,,,,,,,,PS_008,,,
,,2024-05-14T13:30:00Z,0,0,0,0,0,0,0,0,0,0,,,,,,,,,,,,,,,PS_008,,,
,,2024-05-14T13:45:00Z,0,0,0,0,0,0,0,0,0,0,,,,,,,,,,,,,,,PS_008,,,
,,2024-05-14T14:00:00Z,0,0,0,0,0,0,0,0,0,0,,,,,,,,,,,,,,,PS_008,,,
,,2024-05-14T14:15:00Z,0,0,0,0,0,0,0,0,0,0,,,,,,,,,,,,,,,PS_008,,,
,,2024-05-14T14:30:00Z,0,0,0,0,0,0,0,0,0,0,,,,,,,,,,,,,,,PS_008,,,
,,2024-05-14T14:45:00Z,0,0,0,0,0,0,0,0,0,0,,,,,,,,,,,,,,,PS_008,,,
,,2024-05-14T15:00:00Z,0,0,0,0,0,0,0,0,0,0,,,,,,,,,,,,,,,PS_008,,,
,,2024-05-14T15:15:00Z,0,0,0,0,0,0,0,0,0,0,,,,,,,,,,,,,,,PS_008,,,
,,2024-05-14T15:30:00Z,0,0,0,0,0,0,0,0,0,0,,,,,,,,,,,,,,,PS_008,,,
,,2024-05-14T15:45:00Z,0,0,0,0,0,0,0,0,0,0,,,,,,,,,,,,,,,PS_008,,,
,,2024-05-14T16:00:00Z,0,0,0,0,0,0,0,0,0,0,,,,,,,,,,,,,,,PS_008,,,
,,2024-05-14T16:15:00Z,0,0,0,0,0,0,0,0,0,0,,,,,,,,,,,,,,,PS_008,,,
,,2024-05-14T16:30:00Z,0,0,0,0,0,0,0,0,0,0,,,,,,,,,,,,,,,PS_008,,,
,,2024-05-14T16:45:00Z,0,0,0,0,0,0,0,0,0,0,,,,,,,,,,,,,,,PS_008,,,
,,2024-05-14T17:00:00Z,0,0,0,0,0,0,0,0,0,0,,,,,,,,,,,,,,,PS_008,,,
,,2024-05-14T17:15:00Z,0,0,0,0,0,0,0,0,0,0,,,,,,,,,,,,,,,PS_008,,,
,,2024-05-14T17:30:00Z,0,0,0,0,0,0,0,0,0,0,,,,,,,,,,,,,,,PS_008,,,
,,2024-05-14T17:45:00Z,0,0,0,0,0,0,0,0,0,0,,,,,,,,,,,,,,,PS_008,,,
29.827954789415603,13.151277597044912,2024-05-14T18:00:00Z,4,4,4,4,4,4,0,4,4,4,202.44572557019865,60.5368184922354,,,,,,,,,,33.71560966425005,207.90246501717957,,PS_008,33.87842404503186,360.00000000000006,3.4601682185966016
30.146269004525973,13.029200239916,2024-05-14T18:15:00Z,4,4,4,4,4,4,1,4,4,4,248.4176741284951,57.79260074239325,,,,,,,,,,35.68180225762064,314.13360505766224,0.0,PS_008,20.125245725745575,360.00000000000006,4.731024720478792
30.642746556494668,13.049524122259447,2024-05-14T18:30:00Z,3,3,3,3,3,3,1,3,3,3,474.1997710612,75.54385381840515,,,,,,,,,,42.65106518182634,772.1722226645402,0.0,PS_008,9.783681595532247,359.99999999999994,4.025238083051237
30.688256177609237,13.093779410921162,2024-05-14T18:45:00Z,4,4,4,4,4,4,1,4,4,4,425.4001888215186,70.52142513895623,,,,,,,,,,40.864677274492,731.5912622878496,0.0,PS_008,9.65589335369407,360.0,3.6970061524870386
30.25185656262054,13.149273595358283,2024-05-14T19:00:00Z,4,4,4,4,4,4,1,4,4,4,309.33221933096837,54.652779991647215,,,,,,,,,,41.09799406400879,565.5649125901734,0.0,PS_008,9.977990252257303,359.99999999999994,4.531974697985144
30.133194439444758,13.213331119491677,2024-05-14T19:15:00Z,3,3,3,3,3,3,1,3,3,3,292.21205547646116,48.8399973827102,,,,,,,,,,38.01378541778249,584.7474876425267,0.0,PS_008,8.35988973273903,360.0,2.8516975674976393
29.674822257215006,13.263983440985427,2024-05-14T19:30:00Z,4,4,4,4,4,4,1,4,4,4,191.69561347135416,28.016666713310396,,,,,,,,,,35.54792928099464,358.8229621191628,0.0,PS_008,9.774480186263427,360.0,3.0107629261935336
29.25159733448557,13.319170524090753,2024-05-14T19:45:00Z,3,3,3,3,3,3,1,3,3,3,134.00966147695763,21.971935463102167,,,,,,,,,,32.78099175304809,186.31690822184459,0.0,PS_008,14.245294149403707,360.0,2.8693594813634635
29.137757013043274,13.375011190695602,2024-05-14T20:00:00Z,4,4,4,4,4,4,1,4,4,4,146.2503229762488,17.157548254713415,,,,,,,,,,31.248078761751607,245.35837203196328,0.0,PS_008,7.001465936917417,360.00000000000006,3.3004992814287495
28.865148338208854,13.428431076717573,2024-05-14T20:15:00Z,4,4,4,4,4,4,1,4,4,4,93.82669527108963,14.771625674507419,,,,,,,,,,30.374935529642947,153.02733225289222,0.0,PS_008,10.18336520063524,360.00000000000006,1.9941255734787724
28.18101478313275,13.477295462699995,2024-05-14T20:30:00Z,3,3,3,3,3,3,1,3,3,3,37.77516979250905,7.970080471423575,,,,,,,,,,27.50576159344936,51.82949278460001,0.0,PS_008,15.032871021859563,360.0,1.9524401156291644
27.142886124601077,13.52709688580918,2024-05-14T20:45:00Z,3,3,3,3,3,3,1,3,3,3,5.88357332081545,0.002047487223863836,,,,,,,,,,25.056269527006204,4.816909335586258,0.0,PS_008,8.650653817835703,360.0,1.7753115898366905
26.229238932442648,13.579770892523852,2024-05-14T21:00:00Z,4,4,4,4,4,4,1,4,4,4,-2.344970412981869,-1.070875980668303,,,,,,,,,,23.268772589433233,-3.2088213786655344,0.0,PS_008,32.85962591436266,360.0,0.992098974710424
25.669548986250682,13.62611514536914,2024-05-14T21:15:00Z,3,3,3,3,3,3,1,3,3,3,-3.018736201015173,-1.3179589822643705,,,,,,,,,,22.168746508193344,-3.357580385850421,0.0,PS_008,39.253315121959474,360.0,0.9481553210001271
24.742812518145254,13.671504492827726,2024-05-14T21:30:00Z,4,4,4,4,4,4,1,4,4,4,-3.1027924664948237,-1.2604300543930342,,,,,,,,,,21.295305265896857,-3.27398557328009,0.0,PS_008,39.103773769296076,360.0,0.3875807299074399
24.29607143112297,13.715623448300736,2024-05-14T21:45:00Z,4,4,4,4,4,4,1,4,4,4,-2.4334150460668837,-0.9750810201046581,,,,,,,,,,20.512865271707714,-2.9430535702941416,0.0,PS_008,33.02808432455257,360.00000000000006,1.0926026411133687
24.463465902191103,13.754209276297969,2024-05-14T22:00:00Z,3,3,3,3,3,3,1,3,3,3,-2.047622665197105,-0.04377445835616656,,,,,,,,,,20.685831539512684,-2.5654567423723673,0.0,PS_008,5.15801913457237,360.0,0.9143063932904786
24.070275008684863,13.790445224762761,2024-05-14T22:15:00Z,4,4,4,4,4,4,1,4,4,4,-2.6770941867905647,-0.699813122079,,,,,,,,,,20.321295509066704,-3.1480869601358465,0.0,PS_008,21.7287370806802,360.0,0.2654621729615522
23.537508377105542,13.822653639717117,2024-05-14T22:30:00Z,3,3,3,3,3,3,1,3,3,3,-2.2861992241802587,-0.9460778951492439,,,,,,,,,,19.409019761214136,-2.8859201608830367,0.0,PS_008,35.65753834185683,360.00000000000006,0.664384569774275
23.100000381469727,13.854157529943283,2024-05-14T22:45:00Z,4,4,4,4,4,4,1,4,4,4,-2.24818366259849,-0.6973721655603934,,,,,,,,,,19.175521520090903,-2.9005656641720683,0.0,PS_008,23.741081359092053,359.99999999999994,0.4500375525411708
22.757903033498255,13.881030644321257,2024-05-14T23:00:00Z,4,4,4,4,4,4,1,4,4,4,-2.167928012095628,-0.7672846110522834,,,,,,,,,,18.38897572865805,-2.753189858445562,0.0,PS_008,30.427602502572743,360.00000000000006,0.13770025193536087
22.09759166709823,13.90374593059777,2024-05-14T23:15:00Z,3,3,3,3,3,3,1,3,3,3,-1.9335070858202554,-0.6954382424875358,,,,,,,,,,18.3803768538513,-2.1260852489491953,0.0,PS_008,38.809801133546415,360.0,0.6279786052474159
21.772213609400804,13.928503539182785,2024-05-14T23:30:00Z,4,4,4,4,4,4,1,4,4,4,-2.2636283791598273,-0.6855952762343881,,,,,,,,,,17.919835799844357,-2.3889803534286185,0.0,PS_008,24.72685149768966,359.99999999999994,0.2637972893828586
21.321329721880428,13.946783063948095,2024-05-14T23:45:00Z,4,4,4,4,4,4,1,4,4,4,-2.078457726227518,-0.3465903729247702,,,,,,,,,,17.879689951202725,-2.4622442600572594,0.0,PS_008,11.242662284790956,359.99999999999994,0.4539817464636561
20.69676231870135,13.965200067167457,2024-05-15T00:00:00Z,3,3,3,3,3,3,1,3,3,3,-2.0853059671388423,-0.3273181218000817,,,,,,,,,,17.799999237060543,-2.396962554643526,0.0,PS_008,14.000800620197587,359.99999999999994,0.43727019483192403
20.782504862442142,13.981532283271106,2024-05-15T00:15:00Z,4,4,4,4,4,4,1,4,4,4,-1.854175012951897,-0.4166645272962769,,,,,,,,,,17.581665126964236,-2.1329747819145917,0.0,PS_008,22.15151431305417,360.0,-0.012664036638132585
20.865774447280565,13.996256631673184,2024-05-15T00:30:00Z,4,4,4,4,4,4,1,4,4,4,-1.4423422919343316,-0.44882678832801437,,,,,,,,,,17.232628595624906,-1.7294918453267876,0.0,PS_008,21.533575163414962,360.0,0.8967328821667889
20.899999618530277,14.005393060817132,2024-05-15T00:45:00Z,3,3,3,3,3,3,1,3,3,3,-1.569145708093705,0.010581259536870911,,,,,,,,,,17.54778449149836,-1.8372303324000454,0.0,PS_008,2.623112508386097,359.99999999999994,0.8867247368037912
20.502737757690884,14.016708603080254,2024-05-15T01:00:00Z,4,4,4,4,4,4,1,4,4,4,-2.169667273363554,-0.29605644478491405,,,,,,,,,,17.40839385567926,-2.2011228618444707,0.0,PS_008,14.137013583739217,360.00000000000006,0.14946578622151974
19.640180872858814,14.027315139770508,2024-05-15T01:15:00Z,3,3,3,3,3,3,1,3,3,3,-1.4877639267625087,-0.7291935452840219,,,,,,,,,,16.939729071319757,-1.1072913252175396,0.0,PS_008,43.00334046817761,360.0,1.2789652418537798
20.790548322420285,14.03761447155997,2024-05-15T01:30:00Z,3,3,3,3,3,3,1,3,3,3,-1.0728893148849004,0.39048284523278204,,,,,,,,,,17.97452777122234,-0.517887016678267,0.0,PS_008,-98.59638017246901,360.00000000000006,1.4569788977026388
21.159108008051376,14.044696247736782,2024-05-15T01:45:00Z,4,4,4,4,4,4,1,4,4,4,-1.2502300259206964,-0.23234410497631056,,,,,,,,,,18.183195215875735,-1.3641752665292282,0.0,PS_008,-0.6674592116133367,359.99999999999994,1.1333002256763693
19.858426074992696,14.05271244049072,2024-05-15T02:00:00Z,3,3,3,3,3,3,1,3,3,3,-2.9082106348450125,-1.4824720172655226,,,,,,,,,,16.99854991197372,-3.0076246826605555,0.0,PS_008,45.54946580845738,360.0,0.26430970026262834
19.55243924550083,14.058907124678887,2024-05-15T02:15:00Z,4,4,4,4,4,4,1,4,4,4,-1.4908163897182676,-0.8400365792865458,,,,,,,,,,16.526325159550634,-1.8232340128020381,0.0,PS_008,41.769122178421604,360.0,0.7630041584951726
19.75766154767915,14.063993033224696,2024-05-15T02:30:00Z,4,4,4,4,4,4,1,4,4,4,-0.9468705257751128,0.036596355956146125,,,,,,,,,,16.614585446759882,-0.9126068723469565,0.0,PS_008,-2.2261790292790447,360.0,1.4140581304393
19.79999923706055,14.07246122280092,2024-05-15T02:45:00Z,3,3,3,3,3,3,1,3,3,3,-1.644321009606508,-0.08859196002356154,,,,,,,,,,17.000000000000004,-1.3678524341876583,0.0,PS_008,2.1081496512520017,360.0,1.329239565807068
19.392914250045706,14.076295740882527,2024-05-15T03:00:00Z,4,4,4,4,4,4,1,4,4,4,-2.155840897369905,-0.6751644332946591,,,,,,,,,,16.58952499091358,-1.8708313995368435,0.0,PS_008,32.536385460714286,360.0,0.11053414013057476
18.614607427471,14.080352569062816,2024-05-15T03:15:00Z,4,4,4,4,4,4,1,4,4,4,-2.075368913517147,-0.6711508342237645,,,,,,,,,,15.947680810462073,-1.3896990829167915,0.0,PS_008,55.983954557155165,359.99999999999994,0.19399898325833992
18.267199166320346,14.084378454862943,2024-05-15T03:30:00Z,3,3,3,3,3,3,1,3,3,3,-1.8818846141247025,-0.7827342520178023,,,,,,,,,,15.46719823552968,-1.7825696283345343,0.0,PS_008,51.374415064147215,360.0,-0.07800000160932541
18.200000762939453,14.089586198478644,2024-05-15T03:45:00Z,4,4,4,4,4,4,1,4,4,4,-1.2552942356840986,-0.20197644321153121,,,,,,,,,,15.398357177365968,-1.1183277287199502,0.0,PS_008,18.460177536262112,360.0,0.06669216330587686
18.160241566024226,14.094149589538574,2024-05-15T04:00:00Z,3,3,3,3,3,3,1,3,3,3,-1.3704524264387636,0.005010880907821517,,,,,,,,,,15.459638224317212,-1.2361029869839015,0.0,PS_008,5.258860566439616,359.99999999999994,0.9205989924682489
18.10394503239284,14.098827362060547,2024-05-15T04:15:00Z,4,4,4,4,4,4,1,4,4,4,-1.4520448892116211,-0.0014458342400164954,,,,,,,,,,15.627704227752693,-1.3827143658176286,0.0,PS_008,-3.795181025122578,359.99999999999994,0.6206279881013335
17.907522747688326,14.10196461284428,2024-05-15T04:30:00Z,4,4,4,4,4,4,1,4,4,4,-1.6303429218123213,-0.213507330800286,,,,,,,,,,15.447219498647648,-1.4915265102666142,0.0,PS_008,14.867225772124595,360.0,0.8746041014847221
17.78787422710316,14.104173660278322,2024-05-15T04:45:00Z,3,3,3,3,3,3,1,3,3,3,-1.9455094174369343,-0.28750888833295574,,,,,,,,,,15.443436995856262,-0.9493245350021853,0.0,PS_008,24.478113312357962,360.0,1.417977786101162
18.17331549871784,14.10952091217041,2024-05-15T05:00:00Z,4,4,4,4,4,4,1,4,4,4,-1.0124490674920772,0.04827417609314788,,,,,,,,,,15.572876397213756,-1.1064616296578225,0.0,PS_008,-3.803831014554698,360.0,1.1963099640161403
18.20000076293945,14.110106175254309,2024-05-15T05:15:00Z,4,4,4,4,4,4,1,4,4,4,-1.4189756769438693,-0.07716265952465702,,,,,,,,,,15.562595201490238,-1.4309558618679232,0.0,PS_008,7.905089284097857,360.0,0.6378006813029578
18.44645692312885,14.114199638366696,2024-05-15T05:30:00Z,3,3,3,3,3,3,1,3,3,3,-1.2178864809018224,-0.1396975769250252,,,,,,,,,,15.5329079771193,-0.9476426841254928,0.0,PS_008,16.545416145462596,359.99999999999994,0.3192381192040001
18.457179714494984,14.118782834590203,2024-05-15T05:45:00Z,4,4,4,4,4,4,1,4,4,4,-1.1429112691953618,0.0123044207917416,,,,,,,,,,15.917813568454088,-0.9935150210180709,0.0,PS_008,0.6552514812791548,359.99999999999994,1.2307573309404467
18.348157248042668,14.11954593658447,2024-05-15T06:00:00Z,4,4,4,4,4,4,1,4,4,4,-1.3617087398732373,-0.17539922629723156,,,,,,,,,,16.000670794852624,-1.239855122097657,0.0,PS_008,11.802490558843433,360.0,1.7299013136714858
18.200000762939453,14.123696634812882,2024-05-15T06:15:00Z,3,3,3,3,3,3,1,3,3,3,-1.4930214183160286,-0.226681577958035,,,,,,,,,,16.148015140526482,-1.3761690512255467,0.0,PS_008,18.137103379606273,360.00000000000006,1.9034737762505252
17.955652845755676,14.124893188476562,2024-05-15T06:30:00Z,4,4,4,4,4,4,1,4,4,4,-1.6993800497171383,-0.48947924380571656,,,,,,,,,,15.730232660986438,-1.9499739777691913,0.0,PS_008,26.434395497957137,359.99999999999994,1.2126346017966843
17.94960675162446,14.124893188476564,2024-05-15T06:45:00Z,3,3,3,3,3,3,1,3,3,3,-0.4878396087132226,0.05897913138831146,,,,,,,,,,16.10874032136266,-0.36191420549545555,0.0,PS_008,-17.625689387021193,360.0,0.8172762258550416
18.143899418560363,14.12873981982777,2024-05-15T07:00:00Z,4,4,4,4,4,4,1,4,4,4,-0.6349233976522216,-0.037317192027506774,,,,,,,,,,16.27307599001461,-0.49016943606853597,0.0,PS_008,-5.172743882089364,360.0,1.9076995244246087
18.172538337806078,14.130239486694334,2024-05-15T07:15:00Z,4,4,4,4,4,4,1,4,4,4,-0.7898721355709643,-0.14980560147451819,,,,,,,,,,16.200000762939453,-0.804834482677206,0.0,PS_008,8.06745009630301,360.0,2.270500681760765
18.0,14.130239486694338,2024-05-15T07:30:00Z,3,3,3,3,3,3,1,3,3,3,-0.8738986199432396,-0.07243949989494675,,,,,,,,,,16.5,-0.8908183208412981,0.0,PS_008,14.334237124341755,360.0,1.7333797114168603
18.02642527405653,14.132997515538612,2024-05-15T07:45:00Z,4,4,4,4,4,4,1,4,4,4,-0.862197611878311,-0.13780785632430403,,,,,,,,,,16.76036157798585,-0.7566525904149792,0.0,PS_008,14.191689143791205,360.00000000000006,1.6618545837067347
18.200000762939453,14.134917259216309,2024-05-15T08:00:00Z,4,4,4,4,4,4,1,4,4,4,-0.8435281890069581,-0.11358023938496555,,,,,,,,,,16.8318340534658,-0.6765233855543543,0.0,PS_008,24.150912125416646,359.99999999999994,0.9725006115017945
18.0,14.134917259216309,2024-05-15T08:15:00Z,3,3,3,3,3,3,1,3,3,3,-1.3361919501124753,-0.28809603582644944,,,,,,,,,,16.555272673862532,-1.1372343980335502,0.0,PS_008,17.306691648751624,360.0,0.8664346170204108
18.028532728662412,14.139500837961647,2024-05-15T08:30:00Z,4,4,4,4,4,4,1,4,4,4,-1.0746540724247386,-0.19985974622575134,,,,,,,,,,16.341348573026035,-0.9408953417263135,0.0,PS_008,20.585531821766484,360.0,1.5225478283515828
17.999999999999996,14.139100491566548,2024-05-15T08:45:00Z,4,4,4,4,4,4,1,4,4,4,-1.3236464806918946,-0.24339695418348506,,,,,,,,,,16.246899503829887,-1.2748458713829092,0.0,PS_008,22.583088550077587,360.0,1.102647403178158
17.999999999999996,14.14026355743408,2024-05-15T09:00:00Z,3,3,3,3,3,3,1,3,3,3,-0.9689096055864534,-0.03332566577155872,,,,,,,,,,16.252202057780554,-0.8110364960147368,0.0,PS_008,3.6013585283562475,360.0,0.9163589074741038
18.000000000000004,14.141050267917619,2024-05-15T09:15:00Z,4,4,4,4,4,4,1,4,4,4,-0.9112810647810977,-0.10301781550705714,,,,,,,,,,16.200000762939453,-0.6915536054863156,0.0,PS_008,8.204689224773908,360.0,0.9183648990181071
18.0,14.140263557434084,2024-05-15T09:30:00Z,3,3,3,3,3,3,1,3,3,3,-0.24961887745317105,-0.0941874003932186,,,,,,,,,,16.106512861020853,-0.16048591058264916,0.0,PS_008,-14.638457810377936,360.0,1.068215329524126
17.80815813346707,14.14497327778092,2024-05-15T09:45:00Z,4,4,4,4,4,4,1,4,4,4,3.0605039492367765,0.34927861618883904,,,,,,,,,,16.16807048516751,3.530538157485084,0.0,PS_008,9.728631984311663,359.99999999999994,0.46610570926322714
17.952735354796904,14.145610809326174,2024-05-15T10:00:00Z,4,4,4,4,4,4,1,4,4,4,20.103408730296906,3.635360867714336,,,,,,,,,,16.299453592437725,20.19388479680717,0.0,PS_008,16.730911587686954,360.0,1.199284559139806
18.02860647058238,14.146272771301593,2024-05-15T10:15:00Z,3,3,3,3,3,3,1,3,3,3,45.71548556114386,8.873158632022726,,,,,,,,,,17.300464038219236,50.99927359797817,0.0,PS_008,17.423834283733942,360.0,0.4118473762653238
18.03153445893124,14.14693545632956,2024-05-15T10:30:00Z,4,4,4,4,4,4,1,4,4,4,83.2826604041837,17.439229109431817,,,,,,,,,,18.1011682324329,110.99328390757167,0.0,PS_008,15.720454322840114,360.00000000000006,1.5109769645747708
18.743529775148353,14.150289535522461,2024-05-15T10:45:00Z,3,3,3,3,3,3,1,3,3,3,102.07323966012196,20.18076062358166,,,,,,,,,,19.926727574921554,134.23944476336092,0.0,PS_008,15.115080085611929,360.0,1.2931230433353536
18.79999923706055,14.150289535522463,2024-05-15T11:00:00Z,4,4,4,4,4,4,1,4,4,4,107.23557841619277,22.8979703008147,,,,,,,,,,21.100000381469727,118.08727140248264,0.0,PS_008,19.45357297813216,359.99999999999994,1.2501608915799047
19.172516979746955,14.152273388835026,2024-05-15T11:15:00Z,4,4,4,4,4,4,1,4,4,4,160.44567625891338,32.52873109263852,,,,,,,,,,22.24956839276339,249.29062839281784,0.0,PS_008,14.8407053185646,360.0,1.576119300773458
20.185564671710956,14.152521946351717,2024-05-15T11:30:00Z,4,4,4,4,4,4,1,4,4,4,329.68531914739935,64.25954908109892,,,,,,,,,,27.096313567476475,686.535161013485,0.0,PS_008,9.613404430690156,360.0,2.601525365009785
21.185622105926218,14.1594681229588,2024-05-15T11:45:00Z,3,3,3,3,3,3,1,3,3,3,388.16878190241437,69.98054726355305,,,,,,,,,,33.91335951396338,751.8390116078978,0.0,PS_008,9.308304428894061,359.99999999999994,2.230666843184825
21.91964533820778,14.158029059249763,2024-05-15T12:00:00Z,4,4,4,4,4,4,1,4,4,4,414.75251644299397,65.20074869013362,,,,,,,,,,35.53943668980058,754.2561769583027,0.0,PS_008,8.648945405939626,359.99999999999994,2.36661866640058
23.0878981682156,14.160983085632324,2024-05-15T12:15:00Z,4,4,4,4,4,4,1,4,4,4,460.74361912978003,68.00445085750782,,,,,,,,,,38.127013681349,769.2383826647133,0.0,PS_008,8.841770472983285,360.0,1.7556369798527263
23.733676581620585,14.160089584387487,2024-05-15T12:30:00Z,3,3,3,3,3,3,1,3,3,3,498.79275913280077,67.22276451756697,,,,,,,,,,38.51152910758307,774.0099163019362,0.0,PS_008,8.695208683367795,360.0,1.5753620306700138
24.48967064258307,14.160983085632324,2024-05-15T12:45:00Z,4,4,4,4,4,4,1,4,4,4,534.873087625469,67.47127854208475,,,,,,,,,,39.47313472633894,772.0516124218423,0.0,PS_008,8.743687991737701,360.0,2.1875417685083236
25.25476647624585,14.155635833740234,2024-05-15T13:00:00Z,3,3,3,3,3,3,1,3,3,3,570.3090174413131,66.7919553372602,,,,,,,,,,39.930817718243496,787.3957226893123,0.0,PS_008,8.478959912809165,359.99999999999994,0.7955377923797236
25.962548515847278,14.156218623681319,2024-05-15T13:15:00Z,4,4,4,4,4,4,1,4,4,4,621.4722631498973,71.6800048193226,,,,,,,,,,40.81586648731741,799.5967512585471,0.0,PS_008,8.959568357835046,360.0,2.4531864102932754
26.49207931679468,14.155635833740236,2024-05-15T13:30:00Z,4,4,4,4,4,4,1,4,4,4,631.4821041401373,68.26357276793351,,,,,,,,,,40.920843921011574,772.9436260128,0.0,PS_008,8.848404949941438,359.99999999999994,1.6027627997891654
27.30411818666988,14.150289535522461,2024-05-15T13:45:00Z,3,3,3,3,3,3,1,3,3,3,654.3392796408382,69.11674708377656,,,,,,,,,,42.504255548284554,773.302431329713,0.0,PS_008,8.935541602689915,359.99999999999994,0.6521624127662706
28.478740965247038,14.150289535522463,2024-05-15T14:00:00Z,4,4,4,4,4,4,1,4,4,4,726.93267226851,82.73987431293968,,,,,,,,,,46.77736530004277,807.5104296542914,0.0,PS_008,10.257548049484726,360.00000000000006,1.5034822550675366
28.426483400079942,14.149653745404954,2024-05-15T14:15:00Z,4,4,4,4,4,4,1,4,4,4,471.3335317456865,67.0746461536833,,,,,,,,,,44.411087673132826,491.10396448053035,0.0,PS_008,13.697586411261762,360.0,1.3059738110976493
28.580814398273795,14.14561080932617,2024-05-15T14:30:00Z,3,3,3,3,3,3,1,3,3,3,601.052144202972,79.49349202858139,,,,,,,,,,44.16807913479299,621.9133697926856,0.0,PS_008,13.020505769120714,360.0,0.5305312124234919
28.976189908096067,14.145610809326174,2024-05-15T14:45:00Z,4,4,4,4,4,4,1,4,4,4,663.2010692244204,76.34074103506313,,,,,,,,,,44.62060486597381,713.6087527540318,0.0,PS_008,11.150064121477392,360.0,1.8178869428289073
29.020356115949763,14.141422830782561,2024-05-15T15:00:00Z,3,3,3,3,3,3,1,3,3,3,802.4050216870503,78.86571360117141,,,,,,,,,,46.477169036398514,845.1771989851336,0.0,PS_008,9.312406713577175,359.99999999999994,1.837331611687976
29.14593106899793,14.145007247235867,2024-05-15T15:15:00Z,4,4,4,4,4,4,1,4,4,4,779.7413978506033,75.18222759566032,,,,,,,,,,46.35290361790062,817.742992464089,0.0,PS_008,9.19888600234104,360.0,0.8660949429979747
29.8517556022902,14.140263557434084,2024-05-15T15:30:00Z,4,4,4,4,4,4,1,4,4,4,832.468629023808,85.43519263167741,,,,,,,,,,47.90825534301168,872.1194030047819,0.0,PS_008,9.802866549056885,360.00000000000006,2.3354071993711956
28.817568637295405,14.141115836963648,2024-05-15T15:45:00Z,3,3,3,3,3,3,1,3,3,3,306.7909437271531,37.48096087947136,,,,,,,,,,44.0782592614636,309.9441818117901,0.0,PS_008,13.103756660106638,360.0,0.6913086492189132
29.24836854730049,14.140263557434082,2024-05-15T16:00:00Z,4,4,4,4,4,4,1,4,4,4,595.1042171443793,64.07844643395092,,,,,,,,,,38.83196914251226,608.0155864410561,0.0,PS_008,10.674229486161472,360.0,2.058800222751128
30.3616550067724,14.140263557434082,2024-05-15T16:15:00Z,4,4,4,4,4,4,1,4,4,4,810.5669803784341,87.44431011319492,,,,,,,,,,46.1713586130023,847.099652963301,0.0,PS_008,10.311195353199,360.0,1.0465811665268114
30.463310567089138,14.140263557434082,2024-05-15T16:30:00Z,3,3,3,3,3,3,1,3,3,3,753.2216884613209,84.76903331391576,,,,,,,,,,49.47249971720777,811.324730294366,0.0,PS_008,10.523700521339176,360.0,0.38074041340196796
30.763093502841414,14.141106156285536,2024-05-15T16:45:00Z,4,4,4,4,4,4,1,4,4,4,766.5017404739681,91.89469712779079,,,,,,,,,,51.17838521816829,844.258517364276,0.0,PS_008,10.934278180312237,360.00000000000006,2.5000489242673374
30.366043485062498,14.140263557434082,2024-05-15T17:00:00Z,4,4,4,4,4,4,1,4,4,4,605.8769307028629,77.43618816277043,,,,,,,,,,49.67846405958673,674.8675313839091,0.0,PS_008,12.676465292739262,360.0,2.3906589644063216
30.549866485851737,14.14026355743408,2024-05-15T17:15:00Z,3,3,3,3,3,3,1,3,3,3,651.1944324954484,88.48370944247604,,,,,,,,,,45.861599850957326,751.014494842727,0.0,PS_008,12.626440750562239,359.99999999999994,1.3794589303353386
30.358957465719687,14.142098437758696,2024-05-15T17:30:00Z,4,4,4,4,4,4,1,4,4,4,366.48760447585346,64.2472968364064,,,,,,,,,,45.34363666028576,409.98478106165925,0.0,PS_008,16.678422425768048,360.0,1.4693865633067453
30.128757342731245,14.14561080932617,2024-05-15T17:45:00Z,4,4,4,4,4,4,1,4,4,4,425.0787892891701,72.78636258160452,,,,,,,,,,41.71501731063928,505.71583638786257,0.0,PS_008,16.717912545590952,359.99999999999994,0.5025376365085464
30.744084150210888,14.144739491930064,2024-05-15T18:00:00Z,3,3,3,3,3,3,1,3,3,3,604.3398622424022,98.36375571329478,,,,,,,,,,44.972051729848666,741.0431298141037,0.0,PS_008,13.317042763802325,360.0,2.201505401568568
31.09067462995449,14.14612085024922,2024-05-15T18:15:00Z,5,5,5,5,5,5,1,5,5,5,542.5236659134792,89.07124811613089,,,,,,,,,,45.34413720773055,774.020424973453,0.0,PS_008,11.540828658080803,360.0,3.1065623815975694
29.648055422932686,14.14561080932617,2024-05-15T18:30:00Z,3,3,3,3,3,3,1,3,3,3,210.4007426964118,48.93931779791987,,,,,,,,,,39.979114292639686,287.471605788918,0.0,PS_008,23.5598476409612,360.00000000000006,2.462749886708806
29.193420907734396,14.146313420027838,2024-05-15T18:45:00Z,4,4,4,4,4,4,1,4,4,4,175.11654058188577,41.05083890947585,,,,,,,,,,34.425490107443466,243.2626164712243,0.0,PS_008,20.125962698824047,360.0,1.3077769181239942
30.903217411734577,14.150289535522463,2024-05-15T19:00:00Z,3,3,3,3,3,3,1,3,3,3,351.57144753685185,63.06248759287309,,,,,,,,,,45.14948583743584,623.2735470759984,0.0,PS_008,10.032136248294416,360.00000000000006,0.5363916469652641
29.998404471119994,14.150289535522461,2024-05-15T19:15:00Z,4,4,4,4,4,4,1,4,4,4,268.51682353445227,43.374924548399335,,,,,,,,,,40.266585675394786,470.623643156654,0.0,PS_008,9.618752189001526,360.0,1.7569966973249211
30.446203481618127,14.151075546442677,2024-05-15T19:30:00Z,4,4,4,4,4,4,1,4,4,4,234.12346599097478,37.40773385705918,,,,,,,,,,38.632463617992066,372.03317582806494,0.0,PS_008,10.327921532220607,359.99999999999994,2.664479191721034
29.68597596389642,14.155635833740234,2024-05-15T19:45:00Z,3,3,3,3,3,3,1,3,3,3,184.74275591281136,22.7726469580464,,,,,,,,,,32.95572529620659,317.26459307662657,0.0,PS_008,7.229613446825081,360.0,1.9902260676992636
28.78710771059795,14.154446907520322,2024-05-15T20:00:00Z,4,4,4,4,4,4,1,4,4,4,69.028838779746,10.933350933461782,,,,,,,,,,29.520496520824,77.12104265484136,0.0,PS_008,14.485730941015834,360.0,2.9119859391682157
28.314861005853576,14.157387087916067,2024-05-15T20:15:00Z,4,4,4,4,4,4,1,4,4,4,36.40021769181353,5.82309144268671,,,,,,,,,,27.833695446382205,36.80485143834329,0.0,PS_008,15.798574536391591,360.00000000000006,1.8199281458342016
27.89999961853027,14.15668284001413,2024-05-15T20:30:00Z,3,3,3,3,3,3,1,3,3,3,14.122464438246086,1.817774825801887,,,,,,,,,,26.582685929990177,13.822827317895662,0.0,PS_008,11.599257305384823,360.0,1.8990285726032363
27.470298621304874,14.160983085632324,2024-05-15T20:45:00Z,4,4,4,4,4,4,1,4,4,4,2.786954680486165,-0.0565814913652926,,,,,,,,,,25.625891057206236,1.9518504865321946,0.0,PS_008,12.806393325397485,360.00000000000006,1.091315538026728
27.005623850396525,14.163525203918079,2024-05-15T21:00:00Z,4,4,4,4,4,4,1,4,4,4,-1.4254957370310897,-0.5828469837471708,,,,,,,,,,24.916507911669594,-1.6740224202679181,0.0,PS_008,37.63786884842723,360.0,1.891781168348237
27.100000381469727,14.165660858154295,2024-05-15T21:15:00Z,3,3,3,3,3,3,1,3,3,3,-1.7997036187931756,-0.3739090692934197,,,,,,,,,,24.763420801252806,-1.846386227413117,0.0,PS_008,31.854123825301055,360.0,1.4089424809427527
26.708874745930842,14.166513186660682,2024-05-15T21:30:00Z,4,4,4,4,4,4,1,4,4,4,-1.9313445614155849,-0.6141777029638245,,,,,,,,,,24.43315449833495,-1.8155066266981197,0.0,PS_008,37.66076708545101,360.00000000000006,1.5464959464730827
26.256285071033314,14.168552322733957,2024-05-15T21:45:00Z,4,4,4,4,4,4,1,4,4,4,-1.63598264714179,-0.6634632308746683,,,,,,,,,,24.047017359673884,-1.7013469038593463,0.0,PS_008,35.479667820437335,360.00000000000006,1.2641636350112375
26.01253389349293,14.171007156372072,2024-05-15T22:00:00Z,3,3,3,3,3,3,1,3,3,3,-1.889124079724776,-0.653115186733144,,,,,,,,,,23.965665094162837,-1.7414510757461337,0.0,PS_008,31.601177361440516,360.0,1.1983029196457615
25.61276623919759,14.171860123278012,2024-05-15T22:15:00Z,4,4,4,4,4,4,1,4,4,4,-2.065971070661981,-0.8466737524147664,,,,,,,,,,23.302032424869,-2.0140580383511897,0.0,PS_008,36.646948247292386,359.99999999999994,1.0479913461051187
25.03148239830739,14.173308298310126,2024-05-15T22:30:00Z,4,4,4,4,4,4,1,4,4,4,-1.9830697484971036,-0.7878898552272039,,,,,,,,,,22.618121255806567,-1.9569961451260163,0.0,PS_008,46.001233472607424,360.00000000000006,0.7935736080660845
24.90683944481241,14.17710180241537,2024-05-15T22:45:00Z,3,3,3,3,3,3,1,3,3,3,-1.7157223612948602,-0.8767526233850116,,,,,,,,,,21.89999961853027,-1.7523777366816529,0.0,PS_008,52.23761204383239,360.0,0.21562016188483404
24.604217260923743,14.178336789837388,2024-05-15T23:00:00Z,4,4,4,4,4,4,1,4,4,4,-2.0485702473973757,-1.023010593398978,,,,,,,,,,21.168796259405777,-1.8209741565111308,0.0,PS_008,54.39964811099155,360.00000000000006,0.22360040576989973
23.64939689865883,14.18103313446045,2024-05-15T23:15:00Z,4,4,4,4,4,4,1,4,4,4,-2.3825964883903197,-1.2769614426118234,,,,,,,,,,20.347928571000615,-2.0942703109371417,0.0,PS_008,51.658265241521384,360.0,0.49408469742464406
23.270980111190525,14.181033134460447,2024-05-15T23:30:00Z,3,3,3,3,3,3,1,3,3,3,-2.228427740025466,-0.7725807021056657,,,,,,,,,,19.743529590119255,-1.3537173692751912,0.0,PS_008,70.74916553979222,359.99999999999994,0.39775243201393523
23.213569168700687,14.182493914007228,2024-05-15T23:45:00Z,4,4,4,4,4,4,1,4,4,4,-1.6768851511980383,-0.4296044089464127,,,,,,,,,,19.958287052205154,-0.6608167497228338,0.0,PS_008,31.786985860700664,359.99999999999994,1.526195446909694
23.24207969023701,14.186379432678223,2024-05-16T00:00:00Z,4,4,4,4,4,4,1,4,4,4,-1.8809607760352605,-0.06275827211524113,,,,,,,,,,21.1329595070933,-0.5621040444540634,0.0,PS_008,14.821474273973909,360.0,2.5285981455787505
23.086148587237705,14.186379432678223,2024-05-16T00:15:00Z,3,3,3,3,3,3,1,3,3,3,-2.362458606380639,-0.4409316277171827,,,,,,,,,,21.042740937272214,-2.0358087908165063,0.0,PS_008,25.970582192696686,360.0,2.2186055678529635
22.468398633396838,14.187906363360133,2024-05-16T00:30:00Z,4,4,4,4,4,4,1,4,4,4,-2.5864761946514574,-0.7148948810811869,,,,,,,,,,19.77856713308478,-2.5673570530571266,0.0,PS_008,29.69308382991053,360.0,1.2668414267239763
22.078378530059066,14.19032894402523,2024-05-16T00:45:00Z,4,4,4,4,4,4,1,4,4,4,-2.0906946603601377,-0.4630909608667547,,,,,,,,,,19.51641270920918,-2.082001533413282,0.0,PS_008,17.534657598636173,360.00000000000006,2.4659760170304987
21.70000076293945,14.191725730895994,2024-05-16T01:00:00Z,3,3,3,3,3,3,1,3,3,3,-2.170747378553507,-0.5398158354450171,,,,,,,,,,19.310345027230586,-2.0419791082179115,0.0,PS_008,22.470158289604374,359.99999999999994,1.3361585934157927
21.52735746645971,14.191725730895996,2024-05-16T01:15:00Z,4,4,4,4,4,4,1,4,4,4,-2.171887268451391,-0.4043508426447904,,,,,,,,,,19.200000762939453,-2.140399835580722,0.0,PS_008,19.02735260146313,360.0,1.7380815789388984
21.247906302392455,14.195714295422066,2024-05-16T01:30:00Z,4,4,4,4,4,4,1,4,4,4,-2.0036312940345877,-0.23529739636670383,,,,,,,,,,19.162687499737658,-1.8493614339539557,0.0,PS_008,14.473304747214598,360.00000000000006,1.5081990949417887
21.200000762939457,14.196153179514308,2024-05-16T01:45:00Z,3,3,3,3,3,3,1,3,3,3,-2.0639727777513617,-0.43552953527858396,,,,,,,,,,18.698667134942966,-2.1633063530568117,0.0,PS_008,20.56615668147649,360.0,2.425275479720794
20.853025159355987,14.195447962917552,2024-05-16T02:00:00Z,4,4,4,4,4,4,1,4,4,4,-2.0916090602547937,-0.30914854415700604,,,,,,,,,,18.641805916186986,-1.912692246766827,0.0,PS_008,14.85034673215615,360.00000000000006,1.9541644075623132
20.647899820471554,14.197072982788088,2024-05-16T02:15:00Z,4,4,4,4,4,4,1,4,4,4,-2.092226466696514,-0.49159674731464054,,,,,,,,,,18.395456691102147,-2.1246532159864144,0.0,PS_008,21.52503657432273,360.0,1.6945613471193377
20.399999618530273,14.1978267793825,2024-05-16T02:30:00Z,3,3,3,3,3,3,1,3,3,3,-1.9544354629351715,-0.23922475705425253,,,,,,,,,,17.99655855076928,-1.5799291712236778,0.0,PS_008,12.822563372957635,360.00000000000006,1.091803047346251
20.237009170445436,14.199552107109747,2024-05-16T02:45:00Z,4,4,4,4,4,4,1,4,4,4,-1.7652046645306951,-0.40909580034901655,,,,,,,,,,17.600000381469727,-1.8080705381221136,0.0,PS_008,20.80733196750011,360.0,1.2876291162650653
20.100000381469723,14.200652415013387,2024-05-16T03:00:00Z,4,4,4,4,4,4,1,4,4,4,-1.5934875766726477,-0.22694418063797778,,,,,,,,,,17.646960083197786,-1.4078334925905158,0.0,PS_008,8.84348660620227,360.0,1.686156203645129
20.050629257097025,14.200980935283459,2024-05-16T03:15:00Z,3,3,3,3,3,3,1,3,3,3,-1.8120499447204932,-0.25961541056369086,,,,,,,,,,17.550629257097025,-1.5359710436641854,0.0,PS_008,20.199642926155175,360.0,1.0377518568104325
19.88939431625049,14.20175075531006,2024-05-16T03:30:00Z,4,4,4,4,4,4,1,4,4,4,-1.4263763131454759,-0.1733897730799244,,,,,,,,,,17.50292266091216,-1.5298680383513856,0.0,PS_008,14.130181838934293,360.0,1.408996527201484
19.777031833793835,14.201750755310059,2024-05-16T03:45:00Z,4,4,4,4,4,4,1,4,4,4,-1.7923532212588873,-0.15507056113012088,,,,,,,,,,17.66548303339745,-1.7683627760414606,0.0,PS_008,9.666542524206577,360.0,1.8875042726962452
19.489374684255065,14.202643377179603,2024-05-16T04:00:00Z,3,3,3,3,3,3,1,3,3,3,-2.011810728238261,-0.44916757851356137,,,,,,,,,,17.06053690134383,-2.1231315851688213,0.0,PS_008,15.81851423846731,360.0,0.6876765865513372
19.0437304039109,14.204340969488214,2024-05-16T04:15:00Z,4,4,4,4,4,4,1,4,4,4,-2.2591907032648653,-0.5578515301892644,,,,,,,,,,16.372441889074093,-2.3977398290960976,0.0,PS_008,25.27847749202468,360.00000000000006,0.8758822886689973
18.902102234397734,14.204480110261864,2024-05-16T04:30:00Z,4,4,4,4,4,4,1,4,4,4,-1.8611483985659394,-0.2154839771825825,,,,,,,,,,16.100532241960003,-1.7183916799595889,0.0,PS_008,12.729109707094606,360.0,0.6486933029174489
18.799999237060547,14.203798510695993,2024-05-16T04:45:00Z,3,3,3,3,3,3,1,3,3,3,-1.7038384012093173,-0.024901327406812716,,,,,,,,,,16.085093413175855,-1.5074575449841077,0.0,PS_008,4.3694877868968405,360.00000000000006,1.1304193377542788
18.652592633930336,14.205166938291462,2024-05-16T05:00:00Z,4,4,4,4,4,4,1,4,4,4,-1.8806287672910185,-0.4558019436567104,,,,,,,,,,15.654632560292878,-2.1098156086467013,0.0,PS_008,16.321416456816234,360.00000000000006,0.33541093709259073
18.40451748856636,14.20709705352783,2024-05-16T05:15:00Z,4,4,4,4,4,4,1,4,4,4,-1.8029377577523489,-0.3223516325146599,,,,,,,,,,15.414478868332019,-1.683556417556927,0.0,PS_008,18.597944480245964,360.0,0.4006895646314314
18.200000762939453,14.207097053527834,2024-05-16T05:30:00Z,3,3,3,3,3,3,1,3,3,3,-1.7409415430442483,-0.42086870110865104,,,,,,,,,,15.151923242771815,-1.870125890793268,0.0,PS_008,23.588493783948437,360.00000000000006,0.6000236719973159
17.84950242711289,14.207097053527832,2024-05-16T05:45:00Z,4,4,4,4,4,4,1,4,4,4,-1.819211566286893,-0.31703145655574716,,,,,,,,,,15.030193712503873,-1.6997752322872224,0.0,PS_008,19.36932677827724,360.00000000000006,0.44017774951598876
17.700000762939453,14.207097053527834,2024-05-16T06:00:00Z,3,3,3,3,3,3,1,3,3,3,-1.6974899836432498,-0.23312451352680522,,,,,,,,,,14.899999618530273,-1.5010941131210385,0.0,PS_008,18.32108459946716,360.0,0.15036037816356274
17.165230897894908,14.20709705352783,2024-05-16T06:15:00Z,4,4,4,4,4,4,1,4,4,4,-1.963360240291226,-0.6000167687080961,,,,,,,,,,14.521504466040682,-1.985513300124759,0.0,PS_008,32.40660469137212,359.99999999999994,0.13495580077878994
17.110374513562068,14.207097053527834,2024-05-16T06:30:00Z,4,4,4,4,4,4,1,4,4,4,-1.2073292645831166,-0.09824253914527965,,,,,,,,,,14.196980294292148,-1.402152326962932,0.0,PS_008,7.252625305228202,360.0,0.12100916611827034
16.899999618530273,14.207097053527832,2024-05-16T06:45:00Z,3,3,3,3,3,3,1,3,3,3,-1.262913278659859,-0.10549375090598712,,,,,,,,,,14.300000190734865,-1.4148007191273755,0.0,PS_008,18.004272067458835,360.00000000000006,0.5094945732353817
17.144070261821756,14.20981431413363,2024-05-16T07:00:00Z,4,4,4,4,4,4,1,4,4,4,-1.2875615993869916,0.209201722061897,,,,,,,,,,14.718646005301634,-1.1058239863608335,0.0,PS_008,-23.328962792897325,360.00000000000006,0.7538859865008564
17.156555526074893,14.20884599115407,2024-05-16T07:15:00Z,4,4,4,4,4,4,1,4,4,4,-1.5636782883284772,0.03234780754762362,,,,,,,,,,14.458433549897583,-1.6282264041795147,0.0,PS_008,-1.9592969068721475,360.00000000000006,0.10631816821187434
16.839993703689267,14.212444305419924,2024-05-16T07:30:00Z,3,3,3,3,3,3,1,3,3,3,-1.569317355981824,-0.12071211829570912,,,,,,,,,,14.259996183922809,-1.5653748834822196,0.0,PS_008,13.359062770932262,360.00000000000006,0.11024768890911317
16.40438403333805,14.209185419967552,2024-05-16T07:45:00Z,4,4,4,4,4,4,1,4,4,4,-1.6844770522559145,-0.4039766778461486,,,,,,,,,,14.1463244225966,-1.1924381919373315,0.0,PS_008,32.86797600317781,360.00000000000006,0.17551322588454743
16.407271409210974,14.212444305419922,2024-05-16T08:00:00Z,4,4,4,4,4,4,1,4,4,4,-1.1034993073381465,-0.09275794228070627,,,,,,,,,,13.938213718428628,-1.0586677960358033,0.0,PS_008,3.7615769132260297,359.99999999999994,0.46279616431629506
16.60000038146973,14.212444305419922,2024-05-16T08:15:00Z,3,3,3,3,3,3,1,3,3,3,-1.477155869515153,-0.1033510017638591,,,,,,,,,,14.100000381469727,-1.4565593575634843,0.0,PS_008,6.798910608867632,360.0,0.5821603877136825
16.60000038146973,14.212444305419922,2024-05-16T08:30:00Z,4,4,4,4,4,4,1,4,4,4,-1.5386702214806294,0.02862493222544333,,,,,,,,,,14.100000381469728,-1.0915927121119786,0.0,PS_008,-8.671736986168229,360.00000000000006,0.48403685468954155
16.221179965785375,14.212444305419922,2024-05-16T08:45:00Z,4,4,4,4,4,4,1,4,4,4,-1.4427265540676255,-0.1935643057762559,,,,,,,,,,13.888956860009289,-1.3146915861155564,0.0,PS_008,18.236133276671872,360.0,0.10858790340803119
16.35182072387093,14.212444305419922,2024-05-16T09:00:00Z,3,3,3,3,3,3,1,3,3,3,-1.2220620439426875,0.0203257652800754,,,,,,,,,,13.898756345762127,-0.7534326379530286,0.0,PS_008,-8.663386491796816,360.0,0.32521721848442475
16.299999237060547,14.212444305419922,2024-05-16T09:15:00Z,4,4,4,4,4,4,1,4,4,4,-1.2981361478447553,0.031676542931101365,,,,,,,,,,14.100000381469727,-1.4592631968805454,0.0,PS_008,-0.285314953475042,360.00000000000006,0.7859668702596475
16.388563751995306,14.212444305419924,2024-05-16T09:30:00Z,4,4,4,4,4,4,1,4,4,4,0.6770278093423292,0.6275459632913839,,,,,,,,,,14.217976312772477,1.7696030768816005,0.0,PS_008,87.47602083941493,360.0,0.6665172507332676
16.299999237060547,14.21391221096434,2024-05-16T09:45:00Z,3,3,3,3,3,3,1,3,3,3,8.694777598107018,2.2000380291820156,,,,,,,,,,14.267633839283707,11.26197620976627,0.0,PS_008,20.025436218920476,359.9999999999999,0.02611450879851793
16.531239230748376,14.212444305419922,2024-05-16T10:00:00Z,4,4,4,4,4,4,1,4,4,4,33.086451712806934,6.275857244697408,,,,,,,,,,14.370293674173034,33.14393672261818,0.0,PS_008,19.80121010827323,359.99999999999994,0.62812734848088
17.236105409955314,14.216382099661551,2024-05-16T10:15:00Z,4,4,4,4,4,4,1,4,4,4,70.79189319903678,19.355570651493906,,,,,,,,,,15.630127749532159,113.1759149667423,0.0,PS_008,16.95612576173579,360.0,0.9911918872298642
17.489895808112674,14.21712303161621,2024-05-16T10:30:00Z,3,3,3,3,3,3,1,3,3,3,118.52253814881853,34.63125126603909,,,,,,,,,,16.832362826617196,210.0496012155119,0.0,PS_008,16.578664659792253,360.0,1.0307760002992883
18.427494654522764,14.217973965238796,2024-05-16T10:45:00Z,4,4,4,4,4,4,1,4,4,4,164.19627579127578,46.11639049552833,,,,,,,,,,19.087893470073073,332.8231619997269,0.0,PS_008,13.95105705505679,359.99999999999994,1.3831464809257024
19.062311016799274,14.222469329833984,2024-05-16T11:00:00Z,3,3,3,3,3,3,1,3,3,3,145.59570950345122,35.17428449252915,,,,,,,,,,22.888394412740848,290.3759361726985,0.0,PS_008,12.44002507947115,360.0,1.8539098776812386
,,2024-05-16T11:15:00Z,0,0,0,0,0,0,1,0,0,0,,,,,,,,,,,,,,0.0,PS_008,,,
,,2024-05-16T11:30:00Z,0,0,0,0,0,0,1,0,0,0,,,,,,,,,,,,,,0.0,PS_008,,,
,,2024-05-16T11:45:00Z,0,0,0,0,0,0,1,0,0,0,,,,,,,,,,,,,,0.0,PS_008,,,
,,2024-05-16T12:00:00Z,0,0,0,0,0,0,1,0,0,0,,,,,,,,,,,,,,0.0,PS_008,,,
24.399999618530273,13.11169910430908,2024-05-16T12:15:00Z,1,1,1,1,1,1,1,1,1,1,455.3999938964844,86.55000305175783,,,,,,,,,,28.100000381469727,440.19000244140625,0.0,PS_008,19.214149475097656,360.0,0.7099999785423279
25.18536078136081,13.114501912189734,2024-05-16T12:30:00Z,4,4,4,4,4,4,1,4,4,4,486.8073816988181,66.67155684794996,,,,,,,,,,40.18644582929404,752.7660180047291,0.0,PS_008,8.85987638459456,360.00000000000006,1.5640545072770866
25.493756107326,13.121461709487567,2024-05-16T12:45:00Z,3,3,3,3,3,3,1,3,3,3,533.788329193229,69.16926081033989,,,,,,,,,,42.29375534438655,763.8790056644217,0.0,PS_008,9.048369046334576,360.0,2.3928966451181974
26.456581828413103,13.126547988884111,2024-05-16T13:00:00Z,4,4,4,4,4,4,1,4,4,4,571.3960821057182,69.27200020234456,,,,,,,,,,42.723531667874035,770.6450384634368,0.0,PS_008,8.996914094762504,360.0,2.5807732407957182
27.475893172082763,13.127070426940916,2024-05-16T13:15:00Z,5,5,5,5,5,5,1,5,5,5,608.4247212364779,70.38420287933009,,,,,,,,,,43.19854087266735,778.2981504912703,0.0,PS_008,9.049023104464656,359.99999999999994,1.927261875224655
28.57636934447347,13.131177700426184,2024-05-16T13:30:00Z,3,3,3,3,3,3,1,3,3,3,639.9736643161566,69.95282268358035,,,,,,,,,,45.090174696359576,781.2610469603216,0.0,PS_008,8.949434931552991,359.99999999999994,1.707267969665119
28.837624977831567,13.13241672515869,2024-05-16T13:45:00Z,4,4,4,4,4,4,1,4,4,4,647.6034774426504,68.00171617411063,,,,,,,,,,45.188870924147935,756.6272186819583,0.0,PS_008,8.989102415164282,359.9999999999999,2.416553244309468
29.55570176910307,13.13776397705078,2024-05-16T14:00:00Z,3,3,3,3,3,3,1,3,3,3,693.5971134811284,70.90514423957353,,,,,,,,,,44.814283949801165,789.2388916060697,0.0,PS_008,8.98201751119213,359.99999999999994,1.7913336075430357
30.369657715054238,13.137077074379519,2024-05-16T14:15:00Z,4,4,4,4,4,4,1,4,4,4,701.084527843272,68.92531094397286,,,,,,,,,,46.23703384597413,772.1892552545859,0.0,PS_008,8.921264969649917,360.0,1.6754075023395747
31.05285089073496,13.13776397705078,2024-05-16T14:30:00Z,4,4,4,4,4,4,1,4,4,4,725.3973901679086,68.90856162620477,,,,,,,,,,46.9712329792704,783.1088346437498,0.0,PS_008,8.809319171694286,359.99999999999994,1.9637059331267057
31.113530165184745,13.13776397705078,2024-05-16T14:45:00Z,3,3,3,3,3,3,1,3,3,3,735.9339075175086,68.63249125695914,,,,,,,,,,46.26423773571054,777.6485300833235,0.0,PS_008,8.8286222163559,360.0,1.276193299575477
30.78578266961049,13.135380311077581,2024-05-16T15:00:00Z,4,4,4,4,4,4,1,4,4,4,589.6373229177342,53.59407459321899,,,,,,,,,,45.188661501583574,611.4807221893741,0.0,PS_008,8.672642203174707,359.99999999999994,2.0782126575510356
31.94639943221946,13.132416725158691,2024-05-16T15:15:00Z,4,4,4,4,4,4,1,4,4,4,688.6897138382358,65.41249678662894,,,,,,,,,,44.579723244557556,715.7638544719113,0.0,PS_008,9.13253216666129,359.99999999999994,3.2329084867259064
31.438438194728516,13.131503998512168,2024-05-16T15:30:00Z,3,3,3,3,3,3,1,3,3,3,651.452515933962,62.14351091291019,,,,,,,,,,41.87802085997169,674.7096388785777,0.0,PS_008,9.171862683046204,360.00000000000006,1.983795408180724
32.10014348651533,13.127870334187708,2024-05-16T15:45:00Z,4,4,4,4,4,4,1,4,4,4,708.9533840812317,67.87996142114646,,,,,,,,,,46.04890446252559,739.6336389575637,0.0,PS_008,9.191336180988326,360.00000000000006,2.612231362771988
32.66370381319558,13.124174169917426,2024-05-16T16:00:00Z,3,3,3,3,3,3,1,3,3,3,755.2218047780526,73.88829830532624,,,,,,,,,,48.26115628160827,797.3155797728905,0.0,PS_008,9.280990144472918,360.0,1.566134458560859
32.62744573485552,13.118925726177196,2024-05-16T16:15:00Z,4,4,4,4,4,4,1,4,4,4,730.9149064351051,72.33261748005104,,,,,,,,,,47.97367371462449,784.697254949374,0.0,PS_008,9.213057971774512,360.0,2.2326524184324628
33.19485560488143,13.117884199048817,2024-05-16T16:30:00Z,4,4,4,4,4,4,1,4,4,4,714.5847503860531,72.64509324621362,,,,,,,,,,47.500202478460494,786.8960157671653,0.0,PS_008,9.234849250104476,360.0,3.3552599352191725
33.090968702170564,13.111699104309082,2024-05-16T16:45:00Z,3,3,3,3,3,3,1,3,3,3,698.0340656678918,73.13024483841073,,,,,,,,,,47.13113881052519,791.4922266064834,0.0,PS_008,9.237863529695698,360.00000000000006,3.635250688934478
33.247260128974276,13.10763235858537,2024-05-16T17:00:00Z,4,4,4,4,4,4,1,4,4,4,661.5967161314421,73.57642523716854,,,,,,,,,,48.52913213221275,775.2326552093566,0.0,PS_008,9.482812647023614,359.99999999999994,3.645125087463445
33.29999923706055,13.107020378112795,2024-05-16T17:15:00Z,1,1,1,1,1,1,1,1,1,1,619.280029296875,71.76000213623047,,,,,,,,,,47.400001525878906,729.9600219726562,0.0,PS_008,9.900921821594238,360.0,3.254000186920166
33.29999923706055,13.098174527665282,2024-05-16T17:30:00Z,3,3,3,3,3,3,1,3,3,3,633.2528582647918,78.01902612228015,,,,,,,,,,51.84665433605505,794.0512752862909,0.0,PS_008,9.816437617796641,360.0,3.6753406150271126
33.85197972242085,13.092484701221567,2024-05-16T17:45:00Z,3,3,3,3,3,3,1,3,3,3,577.6139860550935,74.26384208203949,,,,,,,,,,47.99139859637289,766.1704515291129,0.0,PS_008,9.712374507407796,359.99999999999994,3.7242371759736987
33.081805793135935,13.088800800453862,2024-05-16T18:00:00Z,4,4,4,4,4,4,1,4,4,4,426.91503116821934,58.78979088381798,,,,,,,,,,45.34088339425388,578.899051211344,0.0,PS_008,10.685313327035772,360.0,3.507716792931863
33.42363150853718,13.086302757263184,2024-05-16T18:15:00Z,3,3,3,3,3,3,1,3,3,3,416.9906889973246,60.848989288772835,,,,,,,,,,45.906460689491645,599.7314024235153,0.0,PS_008,10.140290362166944,359.99999999999994,2.3404682949460023
33.502993913758104,13.077591727016543,2024-05-16T18:30:00Z,4,4,4,4,4,4,1,4,4,4,445.1718246249667,66.6180144172623,,,,,,,,,,46.63283733047763,675.0529665797771,0.0,PS_008,9.887491521421273,360.0,2.5832848029228668
33.186964212176626,13.073172525479452,2024-05-16T18:45:00Z,4,4,4,4,4,4,1,4,4,4,363.8772006772078,54.9992961350272,,,,,,,,,,46.29033366727639,626.4237539019471,0.0,PS_008,8.785503867468314,360.00000000000006,2.248166951543769
32.96486425014372,13.069991253555715,2024-05-16T19:00:00Z,3,3,3,3,3,3,1,3,3,3,325.11757025065384,49.9933948811718,,,,,,,,,,45.92560047028415,605.4582535167882,0.0,PS_008,8.256093103119074,359.99999999999994,3.661240751287083
32.942521648667935,13.062322776024718,2024-05-16T19:15:00Z,4,4,4,4,4,4,1,4,4,4,272.9688198911541,42.44718911225506,,,,,,,,,,45.01116009017628,497.3502846800187,0.0,PS_008,8.536038400530478,360.00000000000006,2.0552414086885973
32.71153456730976,13.05836142110062,2024-05-16T19:30:00Z,4,4,4,4,4,4,1,4,4,4,220.1293441509656,30.067468498269314,,,,,,,,,,42.57216521182208,392.6778982297366,0.0,PS_008,7.605570859549556,360.0,1.7252242760775336
32.200000762939446,13.051086070946267,2024-05-16T19:45:00Z,3,3,3,3,3,3,1,3,3,3,161.280778002837,16.184038269574188,,,,,,,,,,38.6146808008534,276.2508228762214,0.0,PS_008,5.840269492965671,359.99999999999994,0.6631462540316798
31.76992279468135,13.045613389648391,2024-05-16T20:00:00Z,4,4,4,4,4,4,1,4,4,4,111.48691321084289,9.412291611317423,,,,,,,,,,34.7741193296744,177.27976964996944,0.0,PS_008,5.360514457392718,360.0,1.6157365365768706
31.129831752499523,13.039578283301614,2024-05-16T20:15:00Z,4,4,4,4,4,4,1,4,4,4,63.48414563007084,9.175280801696879,,,,,,,,,,31.262172430650732,90.86427456328596,0.0,PS_008,10.569139716899334,360.0,0.5980971907291875
30.092346225086786,13.030669201155671,2024-05-16T20:30:00Z,3,3,3,3,3,3,1,3,3,3,21.95039063524338,2.158928525754678,,,,,,,,,,27.48659627812646,22.23326305992031,0.0,PS_008,7.949383679508345,359.99999999999994,0.10350704698830039
28.318853322642656,13.025904379511736,2024-05-16T20:45:00Z,3,3,3,3,3,3,1,3,3,3,0.6529615248519,-1.614801595846809,,,,,,,,,,24.533563722002278,-1.0930134347595,0.0,PS_008,42.946885232414004,360.0,0.26790906194969866
26.560930332147496,13.018374472481405,2024-05-16T21:00:00Z,3,3,3,3,3,3,1,3,3,3,-3.232397818480228,-2.3525097395152264,,,,,,,,,,23.222363083786878,-3.9233882189562093,0.0,PS_008,58.57081106358669,360.0,0.7375415997287482
25.53510060331711,13.006358972217397,2024-05-16T21:15:00Z,4,4,4,4,4,4,1,4,4,4,-2.6038384834420065,-1.46839631833013,,,,,,,,,,22.24002350782067,-1.9688906996612705,0.0,PS_008,313.070039999058,360.0,1.0290688879173044
25.1021887418163,12.99884437951473,2024-05-16T21:30:00Z,4,4,4,4,4,4,1,4,4,4,-2.8635843730258266,-1.0195966712558127,,,,,,,,,,21.98107368003405,-1.3656416033686651,0.0,PS_008,96.3491985022863,360.0,0.8522590315174596
24.53822303830649,12.988574801540079,2024-05-16T21:45:00Z,3,3,3,3,3,3,1,3,3,3,-3.1389668909075397,-1.656593159063128,,,,,,,,,,21.313133199907384,-2.282807017517947,0.0,PS_008,79.61971941545852,360.0,0.8755730182462814
24.91321918446882,12.977983276295127,2024-05-16T22:00:00Z,4,4,4,4,4,4,1,4,4,4,-1.8323246756048037,-0.6992409012922939,,,,,,,,,,20.621001831248005,-1.064154347464446,0.0,PS_008,88.30706955750769,360.00000000000006,0.06745091577432606
23.735712462364493,12.971265773547882,2024-05-16T22:15:00Z,4,4,4,4,4,4,1,4,4,4,-1.8049623278327027,-1.1397226776904976,,,,,,,,,,20.38282425539084,-1.1526716593522806,0.0,PS_008,103.52284734789028,360.0,0.848495033496797
23.751744792777146,12.961917603440664,2024-05-16T22:30:00Z,3,3,3,3,3,3,1,3,3,3,-1.4139575950379994,-0.5608943560580446,,,,,,,,,,19.952337304417593,-0.14772304339171072,0.0,PS_008,-86.64112210450537,360.00000000000006,0.9366738716999782
23.08197131865163,12.951805441152649,2024-05-16T22:45:00Z,4,4,4,4,4,4,1,4,4,4,-2.4044384719748066,-1.3448682275611075,,,,,,,,,,19.228477260447534,-1.751834878295736,0.0,PS_008,87.52125004302992,360.00000000000006,0.18039076533386897
22.833721439041106,12.942785867752795,2024-05-16T23:00:00Z,4,4,4,4,4,4,1,4,4,4,-1.736400605409559,-0.5776796527947762,,,,,,,,,,18.981053946747615,-1.6361702786538646,0.0,PS_008,26.980600760423687,360.0,0.487417378535216
23.0347050722177,12.930753567672351,2024-05-16T23:15:00Z,2,2,2,2,2,2,1,2,2,2,-1.4371791496581816,-0.1022955940086574,,,,,,,,,,19.200000762939453,-0.4335300232143849,0.0,PS_008,23.881471818991077,360.0,0.7108944202954407
21.79003933672066,12.925874867498596,2024-05-16T23:30:00Z,4,4,4,4,4,4,1,4,4,4,-3.0665617161055656,-1.7075908108481401,,,,,,,,,,18.660089722486138,-2.490183552643376,0.0,PS_008,68.91102345514105,360.00000000000006,0.6365941657111825
21.13852847581788,12.920797431312991,2024-05-16T23:45:00Z,3,3,3,3,3,3,1,3,3,3,-2.274691164505167,-0.49889004701399287,,,,,,,,,,18.038528094348152,-1.0867717217004509,0.0,PS_008,47.26648866561775,360.0,0.7016997173761911
20.785212671491962,12.90881574300221,2024-05-17T00:00:00Z,4,4,4,4,4,4,1,4,4,4,-1.348254008636513,-0.4030195537970964,,,,,,,,,,17.655354418746498,-0.497388145593188,0.0,PS_008,98.36511755573471,360.0,1.1597709954170796
20.63572716837085,12.903999854332053,2024-05-17T00:15:00Z,2,2,2,2,2,2,1,2,2,2,-1.7166848421464356,-0.4361325156117098,,,,,,,,,,17.799999237060547,-0.7364086945672738,0.0,PS_008,69.16954753516596,359.99999999999994,0.7860000133514403
20.349476324537697,12.895827293395998,2024-05-17T00:30:00Z,3,3,3,3,3,3,1,3,3,3,-2.6648039003991433,-0.9746964685954951,,,,,,,,,,17.249475943067974,-1.7568357419786866,0.0,PS_008,50.25615089414502,360.00000000000006,0.7012119856424243
19.869323699973194,12.889594767194412,2024-05-17T00:45:00Z,3,3,3,3,3,3,1,3,3,3,-2.4658400676119085,-1.253769445652444,,,,,,,,,,16.769324785100718,-1.6126619563704363,0.0,PS_008,78.79436053931205,360.0,0.3276739631495138
19.655667162860823,12.88205597650672,2024-05-17T01:00:00Z,4,4,4,4,4,4,1,4,4,4,-1.9406176569226754,-0.8802286786314214,,,,,,,,,,16.20811450449153,-1.4158457742089405,0.0,PS_008,13.412195051776413,360.00000000000006,0.44824977668718413
19.73838380899624,12.870430946350096,2024-05-17T01:15:00Z,3,3,3,3,3,3,1,3,3,3,-1.0899152365464309,0.35543915852383134,,,,,,,,,,16.24756586133776,-1.2022708598664438,0.0,PS_008,-19.52006383680738,360.0,0.3042241024031633
19.81456348505954,12.866142253306228,2024-05-17T01:30:00Z,3,3,3,3,3,3,1,3,3,3,-1.7701291831336419,-0.26666562978214375,,,,,,,,,,16.200000762939453,-1.7535765513008532,0.0,PS_008,6.913077740511268,360.00000000000006,1.0545952001291314
19.70265310568481,12.858078844041941,2024-05-17T01:45:00Z,4,4,4,4,4,4,1,4,4,4,-1.9858793833821473,-0.3082420747051967,,,,,,,,,,16.187906193682625,-1.719041185649437,0.0,PS_008,17.98481059646099,359.99999999999994,0.5773092430992777
19.499894861111546,12.849713325500487,2024-05-17T02:00:00Z,3,3,3,3,3,3,1,3,3,3,-2.135895987709525,-0.36853459133461935,,,,,,,,,,16.149947843647023,-1.604559707238521,0.0,PS_008,32.254107031506315,360.0,0.2509993643683136
18.596625734094015,12.845164985952016,2024-05-17T02:15:00Z,4,4,4,4,4,4,1,4,4,4,-2.1138600552331215,-0.8008361698467581,,,,,,,,,,15.753882675304816,-1.2181647520402208,0.0,PS_008,96.96433953247642,359.99999999999994,0.5992852419432156
18.327251666345017,12.838553475731711,2024-05-17T02:30:00Z,3,3,3,3,3,3,1,3,3,3,-0.6632819183349115,-0.3313261855684254,,,,,,,,,,15.399999618530273,-1.6358511405973464,0.0,PS_008,24.802079300242116,359.99999999999994,0.643454676616217
18.45953682686932,12.830881235079424,2024-05-17T02:45:00Z,4,4,4,4,4,4,1,4,4,4,-1.90668432992385,-0.18367092456949696,,,,,,,,,,15.399999618530275,-0.978497774232644,0.0,PS_008,20.22135291574979,360.00000000000006,0.31360162610617487
18.15890044854131,12.824316024780273,2024-05-17T03:00:00Z,4,4,4,4,4,4,1,4,4,4,-2.204284480601527,-0.5714282499382525,,,,,,,,,,15.11930042190106,-1.4804695218031698,0.0,PS_008,40.699952648835634,359.99999999999994,0.049623087319768215
17.95456168571626,12.818969726562498,2024-05-17T03:15:00Z,3,3,3,3,3,3,1,3,3,3,-1.556111777518135,-0.24528400630240585,,,,,,,,,,15.070697336816707,-0.5469981008992932,0.0,PS_008,28.444711719052407,359.99999999999994,0.46462019744281935
17.39999961853027,12.812777122674385,2024-05-17T03:30:00Z,4,4,4,4,4,4,1,4,4,4,-1.8988351512195534,-0.40980564108511064,,,,,,,,,,14.767124283280952,-1.6298157584416564,0.0,PS_008,27.73912377065121,360.0,0.4551265603130598
17.516198032149163,12.80550845947513,2024-05-17T03:45:00Z,4,4,4,4,4,4,1,4,4,4,-1.5363351333768205,0.07084690053381719,,,,,,,,,,14.636761280635646,-0.8909335542209944,0.0,PS_008,-30.884439177094123,359.99999999999994,0.6318853380223206
17.366813367239317,12.799299180786612,2024-05-17T04:00:00Z,3,3,3,3,3,3,1,3,3,3,-1.7037243373919961,0.02946612548067421,,,,,,,,,,14.600000381469727,-1.145823095848663,0.0,PS_008,9.884513097681133,360.0,0.08520779851965336
17.229269674342287,12.79297676979855,2024-05-17T04:15:00Z,4,4,4,4,4,4,1,4,4,4,-1.4458463318884445,-0.09706592295497765,,,,,,,,,,14.499831626624221,-0.6577592268790542,0.0,PS_008,20.977809435336496,360.00000000000006,0.7405547472772938
16.899999618530277,12.788226127624512,2024-05-17T04:30:00Z,3,3,3,3,3,3,1,3,3,3,-1.7344216377204325,-0.2660003740463776,,,,,,,,,,14.530505393337508,-1.7566985256887957,0.0,PS_008,13.340999214459305,360.00000000000006,1.3673661017754992
16.47858625787603,12.782879829406738,2024-05-17T04:45:00Z,4,4,4,4,4,4,1,4,4,4,-2.0236092302132205,-0.5246723493455129,,,,,,,,,,13.920005892822575,-1.826174645526985,0.0,PS_008,22.504316146784305,360.00000000000006,0.5321788249095404
16.608205735045026,12.776866803508158,2024-05-17T05:00:00Z,4,4,4,4,4,4,1,4,4,4,-1.4467376877863436,0.01554809754296019,,,,,,,,,,14.290491848027488,-1.0234517017870617,0.0,PS_008,123.31700712092965,360.00000000000006,1.1319103752947042
16.002005373421575,12.771938720650681,2024-05-17T05:15:00Z,3,3,3,3,3,3,1,3,3,3,-1.8696046238947168,-0.3100814936769967,,,,,,,,,,13.79529259460037,-1.382598583004386,0.0,PS_008,15.43370146118464,359.99999999999994,0.27373869102188986
16.25737538052894,12.763062573061509,2024-05-17T05:30:00Z,3,3,3,3,3,3,1,3,3,3,-1.786584153500994,-0.2363402967448575,,,,,,,,,,13.429113627062218,-1.8402237307010818,0.0,PS_008,14.885111356978323,360.0,0.46294193779300963
15.499999999999998,12.75822326036368,2024-05-17T05:45:00Z,4,4,4,4,4,4,1,4,4,4,-1.9759345544743434,-0.3686972521991796,,,,,,,,,,13.227798691632803,-1.0376653347999407,0.0,PS_008,34.758974175722436,360.00000000000006,0.5851230320926512
15.54837845638967,12.75299822831365,2024-05-17T06:00:00Z,3,3,3,3,3,3,1,3,3,3,-1.556047252424308,0.030479642177342028,,,,,,,,,,13.45162154361033,-0.3084746719141434,0.0,PS_008,12.39469511251149,360.0,0.6874038158083199
15.40116438124832,12.747539841049711,2024-05-17T06:15:00Z,4,4,4,4,4,4,1,4,4,4,-1.9487133262062162,-0.09049268371064845,,,,,,,,,,13.31700417413305,-0.8308532158312952,0.0,PS_008,9.148831859341088,359.99999999999994,1.085777828178092
15.576487848170478,12.74239568970663,2024-05-17T06:30:00Z,3,3,3,3,3,3,1,3,3,3,-1.4691047633263863,0.14656029905726056,,,,,,,,,,13.300000190734863,-0.8438507329837232,0.0,PS_008,-70.50891651776105,360.00000000000006,0.25072502710407735
17.07816775570868,12.737730711772372,2024-05-17T06:45:00Z,3,3,3,3,3,3,1,3,3,3,-0.5612454327791159,0.893591305118928,,,,,,,,,,14.225056463087935,0.102861119570576,0.0,PS_008,169.9545893448003,360.0,0.6045182957002281
15.754799264316725,12.734062860156634,2024-05-17T07:00:00Z,4,4,4,4,4,4,1,4,4,4,-2.265585128696512,-0.4496791582705822,,,,,,,,,,13.500000000000002,-2.4698379915519997,0.0,PS_008,10.970496923890503,360.0,1.1863380467484523
15.550736482530612,12.730294401172634,2024-05-17T07:15:00Z,3,3,3,3,3,3,1,3,3,3,-2.1569797732069262,-0.290713784467948,,,,,,,,,,13.084560750455408,-1.5144263721496054,0.0,PS_008,23.498481541746727,360.0,-0.06586691885769058
15.205348038847024,12.724594233316019,2024-05-17T07:30:00Z,3,3,3,3,3,3,1,3,3,3,-1.428662765518279,-0.6459396312048838,,,,,,,,,,12.336898284235344,-1.5803949626888747,0.0,PS_008,36.447851661178255,360.00000000000006,0.1286905493296256
15.170088406304329,12.720284211002717,2024-05-17T07:45:00Z,3,3,3,3,3,3,1,3,3,3,-0.8693331112573788,0.008253258108122816,,,,,,,,,,12.587072024638585,-0.7436944841935652,0.0,PS_008,-13.977944203162648,360.0,0.716262130169282
15.366242546119887,12.711538393323227,2024-05-17T08:00:00Z,3,3,3,3,3,3,1,3,3,3,-1.7058648219409942,0.040628581203070564,,,,,,,,,,12.947679630939827,-0.711949893687595,0.0,PS_008,-31.44951786458232,359.99999999999994,1.0178504268797055
15.22049980653651,12.707861761256137,2024-05-17T08:15:00Z,4,4,4,4,4,4,1,4,4,4,-1.1746448806455017,-0.23071451439649596,,,,,,,,,,12.31514976432428,-1.0344895139479053,0.0,PS_008,-1.8403651942879138,360.0,-0.02503437055990589
15.554001628016614,12.70342129453375,2024-05-17T08:30:00Z,3,3,3,3,3,3,1,3,3,3,-2.081348946621581,-0.04036136922392441,,,,,,,,,,12.630656612377486,-1.3968390365899284,0.0,PS_008,28.858521593458434,360.0,0.43404844581233515
14.747605133496002,12.70067405700684,2024-05-17T08:45:00Z,3,3,3,3,3,3,1,3,3,3,-2.4984909864165488,-0.4532807053277125,,,,,,,,,,12.369976432599167,-1.9499569991653245,0.0,PS_008,18.999115717459652,360.0,0.9469104496212943
14.793962458591178,12.695327758789062,2024-05-17T09:00:00Z,4,4,4,4,4,4,1,4,4,4,-1.2873122984011984,0.16767928157410286,,,,,,,,,,12.419090632820588,-1.1299973942075414,0.0,PS_008,-50.29664078632897,360.00000000000006,0.6717693782666377
15.000000000000002,12.68942433454593,2024-05-17T09:15:00Z,4,4,4,4,4,4,1,4,4,4,-1.40649955265207,0.1317000568097498,,,,,,,,,,12.816193563791508,-1.049817380126836,0.0,PS_008,-8.698675438714602,360.0,0.9170984056646396
14.999999999999998,12.685301780700684,2024-05-17T09:30:00Z,2,2,2,2,2,2,1,2,2,2,-0.3996830586286385,0.24498057937551504,,,,,,,,,,12.56559170846507,0.580422625685262,0.0,PS_008,17.343442592625273,360.0,0.35996332122417657
15.104124955190409,12.679155358603067,2024-05-17T09:45:00Z,4,4,4,4,4,4,1,4,4,4,5.273963695337949,1.1560829646055324,,,,,,,,,,12.655573174501962,6.967757555912042,0.0,PS_008,16.365265620428104,360.0,0.25193248434771576
14.699999809265137,12.675519974868372,2024-05-17T10:00:00Z,3,3,3,3,3,3,1,3,3,3,28.27993760454624,3.6355327326385334,,,,,,,,,,12.584832397384847,23.037420513143914,0.0,PS_008,16.225070592340547,360.0,0.3017268051411101
16.26067640024411,12.672808603967445,2024-05-17T10:15:00Z,4,4,4,4,4,4,1,4,4,4,65.1814847479536,19.121277199508476,,,,,,,,,,14.315000999750913,116.82174893099476,0.0,PS_008,16.204070720313258,360.0,1.2225241848552153
17.108717418156516,12.669930458068848,2024-05-17T10:30:00Z,4,4,4,4,4,4,1,4,4,4,106.56860643563047,34.638449587575295,,,,,,,,,,16.55802914567761,211.32378227634345,0.0,PS_008,16.469219426062832,360.00000000000006,0.5129438323620684
18.836133941623988,12.665459374637328,2024-05-17T10:45:00Z,3,3,3,3,3,3,1,3,3,3,151.03703631989012,46.09879316997974,,,,,,,,,,20.187135130925917,331.2616355638531,0.0,PS_008,13.96013780617905,360.0,-0.07800000160932542
18.855290553218502,12.668375987477578,2024-05-17T11:00:00Z,4,4,4,4,4,4,1,4,4,4,201.8663899951482,50.77953197968772,,,,,,,,,,23.675043799832885,459.09671800842995,0.0,PS_008,11.11116394148864,360.00000000000006,0.6308688355717674
19.667832462611873,12.669082414158437,2024-05-17T11:15:00Z,4,4,4,4,4,4,1,4,4,4,253.63630724232843,51.01928814112067,,,,,,,,,,29.452846481785738,578.0169955161297,0.0,PS_008,8.84449155384699,360.0,0.41274671622820885
21.10633013837659,12.66993045806885,2024-05-17T11:30:00Z,4,4,4,4,4,4,1,4,4,4,304.77161637564694,52.85177724087426,,,,,,,,,,35.78177019004367,674.7669809165687,0.0,PS_008,7.828371805486256,360.00000000000006,0.5150816929088777
22.55920094119831,12.67076523515074,2024-05-17T11:45:00Z,3,3,3,3,3,3,1,3,3,3,353.76303077413826,56.86459162222491,,,,,,,,,,38.594884683748546,714.0422326724604,0.0,PS_008,7.95640323225492,360.0,1.0657371086109522
23.694528729074765,12.672571163410538,2024-05-17T12:00:00Z,4,4,4,4,4,4,1,4,4,4,402.0941202824244,60.09563102536778,,,,,,,,,,41.50149485046972,735.9221478215677,0.0,PS_008,8.16654380896978,360.0,0.7144801622135792
24.676833960474205,12.67593742263609,2024-05-17T12:15:00Z,4,4,4,4,4,4,1,4,4,4,451.280673214643,63.55011263486959,,,,,,,,,,43.197748143294504,751.2854172725263,0.0,PS_008,8.456436891615514,360.0,1.6231630792056313
25.759615180311478,12.679956436157227,2024-05-17T12:30:00Z,3,3,3,3,3,3,1,3,3,3,493.23614000876137,65.58357913255468,,,,,,,,,,43.60411755991578,755.2563780045472,0.0,PS_008,8.691146966398659,360.0,1.2078704410103067
26.49199283256895,12.682670713929104,2024-05-17T12:45:00Z,4,4,4,4,4,4,1,4,4,4,534.4925407039983,67.54786351724626,,,,,,,,,,43.39715708323255,763.0595656974541,0.0,PS_008,8.844768231312395,359.99999999999994,1.5736515266967148
26.97676853232678,12.685301780700684,2024-05-17T13:00:00Z,3,3,3,3,3,3,1,3,3,3,573.5623094441137,68.57776982686195,,,,,,,,,,42.50976303425107,773.1675478460273,0.0,PS_008,8.867751711080965,359.99999999999994,2.318580346596425
28.491485279552723,12.685301780700685,2024-05-17T13:15:00Z,4,4,4,4,4,4,1,4,4,4,606.5721630376228,68.87236700062327,,,,,,,,,,44.318999993500114,773.9003068980809,0.0,PS_008,8.894020792047296,360.0,1.7736583339121945
29.438998975724022,12.686036430787473,2024-05-17T13:30:00Z,4,4,4,4,4,4,1,4,4,4,639.6472923741496,69.43582077494048,,,,,,,,,,44.18903956922299,778.2674611383217,0.0,PS_008,8.928386802014565,360.00000000000006,2.5081881807260498
30.27218005395921,12.689073668722685,2024-05-17T13:45:00Z,3,3,3,3,3,3,1,3,3,3,667.1607845934922,69.38443790277461,,,,,,,,,,43.27094839761278,781.780692055775,0.0,PS_008,8.861442792940226,360.0,2.9318021272165113
31.333303332619874,12.689118564512928,2024-05-17T14:00:00Z,4,4,4,4,4,4,1,4,4,4,688.8573537369318,70.18184476797673,,,,,,,,,,44.159983093163675,781.6403161162403,0.0,PS_008,8.965121136379908,360.0,3.8640983318899864
32.02301276928798,12.689794586186256,2024-05-17T14:15:00Z,4,4,4,4,4,4,1,4,4,4,708.1969039540755,69.39145469234292,,,,,,,,,,44.20471538869036,779.7547099952957,0.0,PS_008,8.907117509388943,360.00000000000006,4.651746371381069
32.634806948849544,12.68627720957143,2024-05-17T14:30:00Z,3,3,3,3,3,3,1,3,3,3,722.1257506116098,69.30367425425787,,,,,,,,,,44.48066120720745,777.5328934847065,0.0,PS_008,8.909959343764355,360.0,3.701164076459083
32.7312587085172,12.688878515845808,2024-05-17T14:45:00Z,4,4,4,4,4,4,1,4,4,4,733.6466501390345,68.97523875801011,,,,,,,,,,43.20657041452303,777.3501627731774,0.0,PS_008,8.879762724987506,360.0,5.205220070196508
33.4944734397566,12.687497335223584,2024-05-17T15:00:00Z,3,3,3,3,3,3,1,3,3,3,742.6109220396161,69.38342377737861,,,,,,,,,,43.14694253853393,777.2546705498935,0.0,PS_008,8.92117110976838,360.0,6.090982336238503
33.802656448408314,12.685301780700687,2024-05-17T15:15:00Z,4,4,4,4,4,4,1,4,4,4,739.9816984358245,68.28747343253711,,,,,,,,,,43.701722633247314,769.5502388980618,0.0,PS_008,8.87551720576611,360.0,3.846823725776807
33.64319522230063,12.685301780700684,2024-05-17T15:30:00Z,4,4,4,4,4,4,1,4,4,4,742.6668731773117,68.052007640812,,,,,,,,,,42.999622963226,771.9138938971367,0.0,PS_008,8.807679742387153,360.0,5.024778849159432
33.495311487657986,12.680812742533586,2024-05-17T15:45:00Z,3,3,3,3,3,3,1,3,3,3,737.4072146035952,68.54368311403181,,,,,,,,,,42.683377137932936,771.2510384463546,0.0,PS_008,8.886662976944962,360.00000000000006,4.381551525963805
34.1973373109617,12.680610664877728,2024-05-17T16:00:00Z,4,4,4,4,4,4,1,4,4,4,733.4121112213927,70.1893071061779,,,,,,,,,,43.5164232156322,776.0762882685934,0.0,PS_008,9.04476827373038,360.0,4.312090648432832
34.194936641327224,12.675455278194583,2024-05-17T16:15:00Z,4,4,4,4,4,4,1,4,4,4,722.7254944437911,69.44970925420466,,,,,,,,,,44.49068312590371,778.2438890413857,0.0,PS_008,8.923663713761512,359.99999999999994,4.26161997017224
34.31239596501377,12.674609184265138,2024-05-17T16:30:00Z,3,3,3,3,3,3,1,3,3,3,695.0124104350208,69.25208907047636,,,,,,,,,,45.355028934081055,765.2042174538701,0.0,PS_008,9.045390478623888,360.0,3.7357968256064424
34.53701417814976,12.671335464510378,2024-05-17T16:45:00Z,4,4,4,4,4,4,1,4,4,4,679.5529375723582,69.71957404116674,,,,,,,,,,45.261409398887125,769.1740434124281,0.0,PS_008,9.068026619353901,360.0,4.011935851102557
34.660383338176686,12.66543157826904,2024-05-17T17:00:00Z,4,4,4,4,4,4,1,4,4,4,667.2363077697553,70.33117210417163,,,,,,,,,,46.11859673854827,782.3024446724233,0.0,PS_008,8.978702298934495,359.99999999999994,3.3294228810749145
34.6499094923165,12.664584159851072,2024-05-17T17:15:00Z,3,3,3,3,3,3,1,3,3,3,632.4510999481072,69.44614235717647,,,,,,,,,,48.961539317877566,770.5558564883848,0.0,PS_008,9.017635312015305,360.0,2.538390515748077
34.6112584931737,12.660064662956888,2024-05-17T17:30:00Z,4,4,4,4,4,4,1,4,4,4,602.8683006294025,68.12624205730759,,,,,,,,,,49.70794248673422,773.1264810425296,0.0,PS_008,8.81827969618496,360.00000000000006,2.5972918337723994
35.09679173612544,12.65541762456002,2024-05-17T17:45:00Z,3,3,3,3,3,3,1,3,3,3,565.5862177289722,66.53261810799705,,,,,,,,,,50.91484693302148,763.7348518585225,0.0,PS_008,8.71276400245274,359.99999999999994,2.0566538760968127
34.751323256557946,12.654558181762695,2024-05-17T18:00:00Z,4,4,4,4,4,4,1,4,4,4,523.1207868409504,64.99360540711233,,,,,,,,,,51.11011807114058,750.2843752634759,0.0,PS_008,8.663616887996128,359.99999999999994,2.3832865670743324
34.40000152587891,12.649211883544922,2024-05-17T18:15:00Z,3,3,3,3,3,3,1,3,3,3,486.8283926887573,62.4382087830159,,,,,,,,,,48.99805263007509,746.3902813095148,0.0,PS_008,8.35823464546702,360.00000000000006,2.1308295717453847
34.400001525878906,12.644459619040264,2024-05-17T18:30:00Z,4,4,4,4,4,4,1,4,4,4,439.8305086081342,59.566662027093734,,,,,,,,,,48.92465461886721,724.1288874191229,0.0,PS_008,8.229826910965478,359.99999999999994,3.6875031359524257
34.25833443333266,12.639906919600946,2024-05-17T18:45:00Z,4,4,4,4,4,4,1,4,4,4,386.81663523572337,54.58095173429207,,,,,,,,,,49.49796461690893,684.3584182719094,0.0,PS_008,7.983312915678417,360.00000000000006,3.061742360327362
33.93585421711598,12.638229231323113,2024-05-17T19:00:00Z,3,3,3,3,3,3,1,3,3,3,341.42175656683486,50.68881149422525,,,,,,,,,,47.59101989832979,645.7379750605513,0.0,PS_008,7.83083779542954,360.0,1.3105304293835907
33.900001525878906,12.631378106713921,2024-05-17T19:15:00Z,4,4,4,4,4,4,1,4,4,4,284.2283389074827,43.67456206750033,,,,,,,,,,46.807020723643966,530.1526094280857,0.0,PS_008,8.234922010093998,360.00000000000006,2.430794760557274
33.476311440833655,12.626289638012752,2024-05-17T19:30:00Z,4,4,4,4,4,4,1,4,4,4,231.4965695072973,30.26059034976651,,,,,,,,,,42.959129359621755,425.47728535710456,0.0,PS_008,7.078544155803567,360.0,1.7566129784071034
32.969933005159795,12.62244363730437,2024-05-17T19:45:00Z,3,3,3,3,3,3,1,3,3,3,178.99498070227057,16.571503890518628,,,,,,,,,,39.25320039976509,320.7861490298429,0.0,PS_008,5.145631525276761,360.00000000000006,1.5812614258952933
32.45287476912309,12.617628613819114,2024-05-17T20:00:00Z,4,4,4,4,4,4,1,4,4,4,125.58790011901795,9.504279559983505,,,,,,,,,,35.56922379393291,209.9139081449453,0.0,PS_008,4.578285151650611,360.0,1.8902936158077546
31.582723962645623,12.611232815804112,2024-05-17T20:15:00Z,4,4,4,4,4,4,1,4,4,4,72.11044159465132,10.650756937892243,,,,,,,,,,31.759847162361137,105.8826897935623,0.0,PS_008,10.700080425387867,360.00000000000006,1.1309742044075424
30.211470247458383,12.60404292259488,2024-05-17T20:30:00Z,3,3,3,3,3,3,1,3,3,3,22.472254799260103,2.3693068263998214,,,,,,,,,,28.13842868701585,23.686114496492813,0.0,PS_008,7.028075385984205,360.0,1.1281895401247986
29.10016745660532,12.59853855316595,2024-05-17T20:45:00Z,4,4,4,4,4,4,1,4,4,4,1.0545551770496864,-1.624566837461691,,,,,,,,,,24.869836149240925,-0.9639311257620055,0.0,PS_008,62.651618519967506,360.0,0.07445203528969373
28.004465844648788,12.59134211055202,2024-05-17T21:00:00Z,3,3,3,3,3,3,1,3,3,3,-3.3323892500291414,-2.5914736520796646,,,,,,,,,,22.959058233059874,-2.646876228429239,0.0,PS_008,97.2718866230992,360.0,-0.061633636177029175
26.920510528720897,12.586879700092226,2024-05-17T21:15:00Z,4,4,4,4,4,4,1,4,4,4,-3.2664436253499938,-2.366969230749784,,,,,,,,,,21.86724597770239,-2.3928896700524436,0.0,PS_008,88.88057288533061,360.00000000000006,-0.017567312310308832
25.89488844718428,12.576361676243812,2024-05-17T21:30:00Z,4,4,4,4,4,4,1,4,4,4,-2.072555090733087,-1.8745043822095924,,,,,,,,,,21.44880175773928,-1.8961005445710277,0.0,PS_008,94.129572874849,360.0,0.47167016919899524
25.599171638376802,12.567843384606089,2024-05-17T21:45:00Z,3,3,3,3,3,3,1,3,3,3,-2.3115587848217607,-1.02474448037819,,,,,,,,,,20.831249618729455,-1.6830458841063394,0.0,PS_008,66.11972994519253,360.0,0.006764928403905802
24.501961186058477,12.561486375585877,2024-05-17T22:00:00Z,4,4,4,4,4,4,1,4,4,4,-1.877858550522134,-1.3999212170952235,,,,,,,,,,20.91201277472496,-1.5703023772671019,0.0,PS_008,89.89063048384727,359.99999999999994,0.8742337788535378
24.356238779655715,12.55440145435593,2024-05-17T22:15:00Z,4,4,4,4,4,4,1,4,4,4,-1.7440594364914443,-1.2737705488119644,,,,,,,,,,20.351037291065573,-1.1513135740778047,0.0,PS_008,229.2125187118778,360.00000000000006,0.24046519086328164
23.467538854406882,12.545504135690791,2024-05-17T22:30:00Z,3,3,3,3,3,3,1,3,3,3,-3.7270397274698395,-0.9429267040865256,,,,,,,,,,19.74402145815515,-1.4087085695780448,0.0,PS_008,111.68295275229393,360.0,1.0373928770709535
22.921971798571025,12.540210425709065,2024-05-17T22:45:00Z,4,4,4,4,4,4,1,4,4,4,-1.7099941737811355,-0.5822557628802766,,,,,,,,,,19.910226859941066,-0.3520486031791097,0.0,PS_008,-140.9184218587111,360.0,0.8337442516650894
22.94302750132689,12.52900542259757,2024-05-17T23:00:00Z,4,4,4,4,4,4,1,4,4,4,-1.5275187532885497,-0.25803184721488387,,,,,,,,,,19.807275373874578,0.7344122360985913,0.0,PS_008,34.905074191942234,360.0,1.0423478594664222
22.475829836947305,12.52089214324951,2024-05-17T23:15:00Z,3,3,3,3,3,3,1,3,3,3,-4.005006353713697,-1.961448746685797,,,,,,,,,,18.947506850922014,-3.5084111781745992,0.0,PS_008,53.92703481579506,360.0,-0.015120077139005626
22.13100595706688,12.515544891357422,2024-05-17T23:30:00Z,3,3,3,3,3,3,1,3,3,3,-1.2637879300744863,-0.8302243803681159,,,,,,,,,,18.521689143165244,0.039815552872699105,0.0,PS_008,67.86844805855026,360.0,0.39412863651998714
21.04443706988026,12.505669479445631,2024-05-17T23:45:00Z,4,4,4,4,4,4,1,4,4,4,-1.7356686151150311,-0.791884751058392,,,,,,,,,,18.49777797140079,-0.9214490993756678,0.0,PS_008,88.70823562504255,360.0,0.9166300441100556
21.32272443879099,12.4992342087518,2024-05-18T00:00:00Z,3,3,3,3,3,3,1,3,3,3,-2.044537324004299,-1.0780121368947062,,,,,,,,,,18.163860249485158,-1.6327812906845152,0.0,PS_008,58.316306897257554,360.0,0.10112069313581133
20.8043341705351,12.488799663145745,2024-05-18T00:15:00Z,4,4,4,4,4,4,1,4,4,4,-2.7037438462318715,-0.9602894512091421,,,,,,,,,,17.38934792476657,-1.9055885485610775,0.0,PS_008,75.66033565847718,359.99999999999994,0.5838275562468798
20.426634410628346,12.480332991387867,2024-05-18T00:30:00Z,3,3,3,3,3,3,1,3,3,3,-0.33396580276734067,-0.6067247005597203,,,,,,,,,,17.358282264073285,-0.512286143554331,0.0,PS_008,107.07314301290701,360.0,1.3415924405722428
19.618274642107036,12.474010812453997,2024-05-18T00:45:00Z,4,4,4,4,4,4,1,4,4,4,-3.321931069209574,-0.8037420356915508,,,,,,,,,,17.505992066160008,-2.1319293806546544,0.0,PS_008,17.104346813189988,359.99999999999994,1.066361539750571
19.369597839756914,12.465512991193243,2024-05-18T01:00:00Z,3,3,3,3,3,3,1,3,3,3,-1.621096836608498,-0.3392207849675317,,,,,,,,,,16.989447619113662,-0.9027887356860477,0.0,PS_008,34.70773715463315,360.0,1.3092412306520664
19.55372649346795,12.459537003819044,2024-05-18T01:15:00Z,3,3,3,3,3,3,1,3,3,3,-1.1508646140032404,-0.18511476589475045,,,,,,,,,,16.95372640619855,-0.8886298656777835,0.0,PS_008,15.626568080572246,360.00000000000006,1.239172853070542
19.212790748517666,12.45382914269505,2024-05-18T01:30:00Z,4,4,4,4,4,4,1,4,4,4,-1.1871494295106813,-0.26122988724510077,,,,,,,,,,16.67357396443368,-0.4420605829530653,0.0,PS_008,88.79818015872279,359.99999999999994,1.2043596022938994
18.904477522673805,12.441619983402845,2024-05-18T01:45:00Z,3,3,3,3,3,3,1,3,3,3,-1.950794504203813,-0.37077409802926914,,,,,,,,,,16.489516833900264,-1.5047672825908902,0.0,PS_008,32.99717106391403,360.00000000000006,0.5245981356046342
19.73292543042821,12.437741253791172,2024-05-18T02:00:00Z,3,3,3,3,3,3,1,3,3,3,-1.3518999276466441,0.16764493347373952,,,,,,,,,,15.953131285344899,-1.2739875952053845,0.0,PS_008,-19.169880546894206,359.99999999999994,0.23389715304152212
19.138783106567,12.43175646873981,2024-05-18T02:15:00Z,4,4,4,4,4,4,1,4,4,4,-1.4178703621991775,-0.4038570366598733,,,,,,,,,,16.015112909518813,-0.8731713397763391,0.0,PS_008,48.97200271136627,360.0,1.0672642175733449
18.799999237060547,12.422130304133944,2024-05-18T02:30:00Z,4,4,4,4,4,4,1,4,4,4,-2.07763243765252,-0.3626600817494961,,,,,,,,,,15.60216642324114,-1.9745908049702854,0.0,PS_008,21.512976639493573,360.0,0.17519201804625958
18.516336216527268,12.41384578569201,2024-05-18T02:45:00Z,3,3,3,3,3,3,1,3,3,3,-1.609142120802516,-0.2894883836350104,,,,,,,,,,15.631354105019351,-0.7701150105720805,0.0,PS_008,60.83550236249771,360.0,1.2152873907731092
17.855270469176542,12.409228856799706,2024-05-18T03:00:00Z,4,4,4,4,4,4,1,4,4,4,-2.0985126005678185,-0.5656885224662439,,,,,,,,,,15.715472757077434,-1.495759214470233,0.0,PS_008,29.84773187345228,360.0,0.7550922535624014
17.508122479358303,12.402597427368164,2024-05-18T03:15:00Z,3,3,3,3,3,3,1,3,3,3,-1.8213985875100949,-0.5716882765623319,,,,,,,,,,14.899999618530272,-1.5656755758658583,0.0,PS_008,34.3191087375968,360.0,-0.021170945802444285
17.817261102022847,12.393136200725857,2024-05-18T03:30:00Z,3,3,3,3,3,3,1,3,3,3,-1.5629092584929791,-0.41616178545421184,,,,,,,,,,14.899999618530275,-1.3739087083142392,0.0,PS_008,25.3974834075105,360.00000000000006,0.20571337526635805
17.266953062449534,12.387959803046796,2024-05-18T03:45:00Z,4,4,4,4,4,4,1,4,4,4,-1.7288544123556893,-0.36459930814282865,,,,,,,,,,14.347106117927847,-1.4838132428977202,0.0,PS_008,26.135734488014524,360.0,0.0754528338636431
17.324331658423322,12.381878852844237,2024-05-18T04:00:00Z,3,3,3,3,3,3,1,3,3,3,-0.8687763931299377,-0.13844952421222134,,,,,,,,,,14.031032391900666,-1.3773083393138412,0.0,PS_008,1.7750387264448955,360.0,0.8088532613059295
17.439681944046356,12.372473403237615,2024-05-18T04:15:00Z,4,4,4,4,4,4,1,4,4,4,-1.3505178158960676,-0.0880516929006095,,,,,,,,,,14.300000190734863,-1.4122099992299189,0.0,PS_008,1.840022712447924,360.0,0.8052473459412253
17.200000762939453,12.365848122494702,2024-05-18T04:30:00Z,4,4,4,4,4,4,1,4,4,4,-1.7972044103262375,-0.10165011078358578,,,,,,,,,,14.193436129941878,-1.5802340330465177,0.0,PS_008,7.309774067086997,360.0,0.800460591503393
16.899999618530273,12.360285405252325,2024-05-18T04:45:00Z,3,3,3,3,3,3,1,3,3,3,-1.8357400091454117,-0.42443819772770713,,,,,,,,,,13.994285311266571,-1.7961778960532289,0.0,PS_008,15.976267466160872,359.99999999999994,0.1253468205169155
16.90830508132931,12.350992910848099,2024-05-18T05:00:00Z,4,4,4,4,4,4,1,4,4,4,-1.443130450667569,-0.05038968307371028,,,,,,,,,,13.941369254798843,-1.4664633762980341,0.0,PS_008,7.616268327118922,360.0,0.30105634057111375
16.35282310338938,12.344506071333786,2024-05-18T05:15:00Z,3,3,3,3,3,3,1,3,3,3,-1.8932271607058713,-0.44289729185355153,,,,,,,,,,13.25282350767206,-1.6691054459891181,0.0,PS_008,34.9906023983484,360.0,-0.09800000488758087
16.07132211271809,12.335442445402794,2024-05-18T05:30:00Z,4,4,4,4,4,4,1,4,4,4,-1.5112986601135134,-0.2904980339686962,,,,,,,,,,13.468758863786464,-1.0532032349907559,0.0,PS_008,18.259041176758853,360.0,0.24855650669223717
16.12080101005587,12.328041700214712,2024-05-18T05:45:00Z,3,3,3,3,3,3,1,3,3,3,-0.9678132961626215,0.04748234653233415,,,,,,,,,,13.276360298218243,-0.4592830358959125,0.0,PS_008,-14.760535677315945,360.0,0.16963736241827396
16.100000381469727,12.320392608642578,2024-05-18T06:00:00Z,1,1,1,1,1,1,1,1,1,1,-0.9499999880790709,0.07999999821186066,,,,,,,,,,13.500000000000002,0.33000001311302185,0.0,PS_008,14.705883026123047,360.0,0.6899999976158142
15.859617637954308,12.31161799012376,2024-05-18T06:15:00Z,4,4,4,4,4,4,1,4,4,4,-1.713905396045739,-0.23286121145765723,,,,,,,,,,13.355374039505001,-0.8718620812250004,0.0,PS_008,28.745741022911663,359.99999999999994,1.2520235221346891
15.800000190734863,12.302270880289273,2024-05-18T06:30:00Z,3,3,3,3,3,3,1,3,3,3,-1.7761446966236532,-0.23308021075132102,,,,,,,,,,13.251445054206588,-1.97030159095827,0.0,PS_008,10.699489703977402,360.0,0.7991659536927601
16.128405972339653,12.29431380888621,2024-05-18T06:45:00Z,3,3,3,3,3,3,1,3,3,3,-1.5588900256346345,0.07808414229232966,,,,,,,,,,13.399264731212734,-1.0433075465034405,0.0,PS_008,-21.171190386156578,360.0,0.3563084979244999
15.903728208527665,12.286620149257788,2024-05-18T07:00:00Z,3,3,3,3,3,3,1,3,3,3,-1.5156969358069745,-0.086921653994615,,,,,,,,,,12.999999999999998,-1.3687565746549721,0.0,PS_008,4.874178367942661,360.0,0.14224832965268108
15.652737697120267,12.277757814747265,2024-05-18T07:15:00Z,4,4,4,4,4,4,1,4,4,4,-1.3394613076944235,-0.2845103320478378,,,,,,,,,,12.922679749356028,-0.8122445239660544,0.0,PS_008,41.78839441325842,359.99999999999994,0.3914590705488113
15.80676632401751,12.26893138885498,2024-05-18T07:30:00Z,3,3,3,3,3,3,1,3,3,3,-1.408040879852562,0.04493951147376455,,,,,,,,,,13.006766133282648,-0.9458131924569709,0.0,PS_008,12.63746773085781,360.00000000000006,-0.018171484131126077
15.84341428592059,12.259011520585616,2024-05-18T07:45:00Z,4,4,4,4,4,4,1,4,4,4,-1.3687671905788228,-0.1843170044272063,,,,,,,,,,12.654024800531415,-1.499656917311668,0.0,PS_008,19.595544590062474,360.0,0.0402991586028874
15.48327364880627,12.251859241629994,2024-05-18T08:00:00Z,4,4,4,4,4,4,1,4,4,4,-1.6849873263579311,-0.06746913152637013,,,,,,,,,,12.399999618530275,-1.1162580066418453,0.0,PS_008,6.182209633763955,360.0,0.03862383833396068
15.730334942738777,12.242048346087119,2024-05-18T08:15:00Z,3,3,3,3,3,3,1,3,3,3,-0.5815222321155393,0.2271932935401142,,,,,,,,,,12.752410451354836,-0.9484484513757486,0.0,PS_008,22.984664838912593,360.0,1.1292350648807643
15.545776967965748,12.234044045793555,2024-05-18T08:30:00Z,4,4,4,4,4,4,1,4,4,4,-1.2674723173658167,0.0138732905950424,,,,,,,,,,13.283411689582369,-0.7423395571792898,0.0,PS_008,-7.525504293977598,359.99999999999994,1.124495057700863
15.608059521277074,12.219130056110261,2024-05-18T08:45:00Z,3,3,3,3,3,3,1,3,3,3,-0.8688598355056039,0.10329836376411834,,,,,,,,,,13.800000190734862,-0.6719110343594191,0.0,PS_008,-9.683901553879155,359.99999999999994,1.2622570283858694
16.052708290613808,12.206641185702948,2024-05-18T09:00:00Z,3,3,3,3,3,3,1,3,3,3,-0.5291810426290559,0.30584014885837674,,,,,,,,,,14.100000381469727,-0.6801423838821367,0.0,PS_008,-100.35121457538499,360.0,0.28578674520774344
15.88835855457608,12.193897742423282,2024-05-18T09:15:00Z,4,4,4,4,4,4,1,4,4,4,-1.3912250237253727,-0.10924495997472546,,,,,,,,,,13.413487128623528,-1.4454728437603237,0.0,PS_008,7.184915279517992,360.0,-0.05862835409055435
15.550773509397537,12.182284152071368,2024-05-18T09:30:00Z,2,2,2,2,2,2,1,2,2,2,-1.3261602237451737,-0.38184714821838484,,,,,,,,,,12.750773318662674,-1.0163149267245688,0.0,PS_008,47.743836600965615,360.0,-0.09800000488758086
15.168576733006585,12.162730124368744,2024-05-18T09:45:00Z,4,4,4,4,4,4,1,4,4,4,5.064383180215692,0.9578219252777075,,,,,,,,,,12.828774182444002,6.8742819567117355,0.0,PS_008,11.730700769056709,360.00000000000006,0.1548430991864764
15.277077624249761,12.143521102555054,2024-05-18T10:00:00Z,4,4,4,4,4,4,1,4,4,4,19.244138710899406,3.110816757157141,,,,,,,,,,12.814309678297233,21.798736109909505,0.0,PS_008,14.73884750978579,360.0,-0.08562065594884015
16.323173432329405,12.119881602973017,2024-05-18T10:15:00Z,3,3,3,3,3,3,1,3,3,3,60.78788965532229,16.649980172302936,,,,,,,,,,13.837934496484102,99.06786219417666,0.0,PS_008,16.662243532027958,360.00000000000006,-0.09800000488758087
17.053182094314586,12.09345447359774,2024-05-18T10:30:00Z,4,4,4,4,4,4,1,4,4,4,113.60631980613461,34.951648185007315,,,,,,,,,,16.640329385093352,210.06408991376668,0.0,PS_008,16.741914888819117,360.0,0.26263091427647395
18.456260022945603,12.061774797382123,2024-05-18T10:45:00Z,4,4,4,4,4,4,1,4,4,4,180.65182495848637,51.75247474850457,,,,,,,,,,20.315803679771193,352.96519316377254,0.0,PS_008,14.70611093317571,360.0,0.6962551730724328
20.03890718012764,12.027526890993602,2024-05-18T11:00:00Z,3,3,3,3,3,3,1,3,3,3,216.82688347374014,52.2918281326787,,,,,,,,,,27.961881753196526,421.76351239114774,0.0,PS_008,12.657295919567556,360.0,0.1256702372382524
19.889725816939816,11.996467274981002,2024-05-18T11:15:00Z,4,4,4,4,4,4,1,4,4,4,151.27651717735841,30.477776485304684,,,,,,,,,,27.133050616879597,239.3572363555766,0.0,PS_008,14.521139481953883,360.00000000000006,0.25965302970823007
21.049590630994484,11.963225226753941,2024-05-18T11:30:00Z,3,3,3,3,3,3,1,3,3,3,283.01510758749697,54.08671940537947,,,,,,,,,,30.48495680717628,501.4111388946017,0.0,PS_008,11.788146705398153,360.0,0.8530934553496298
22.295547740415394,11.92474839930027,2024-05-18T11:45:00Z,4,4,4,4,4,4,1,4,4,4,230.4935160168717,48.12519344556296,,,,,,,,,,31.828729427779678,321.34106399855756,0.0,PS_008,17.125608059204854,360.0,0.01368517895471225
23.56382837886219,11.890471652423368,2024-05-18T12:00:00Z,4,4,4,4,4,4,1,4,4,4,444.91615885664845,78.56437798876206,,,,,,,,,,36.89329984290786,720.3840910169113,0.0,PS_008,10.919164181471164,360.0,0.7013026001028246
22.922145341895437,11.853214352214907,2024-05-18T12:15:00Z,3,3,3,3,3,3,1,3,3,3,487.7615599099284,88.81262131912582,,,,,,,,,,37.081558684376525,682.4007470910261,0.0,PS_008,14.483880470545389,359.99999999999994,1.2299967473891529
24.248663698779133,11.823955380003559,2024-05-18T12:30:00Z,4,4,4,4,4,4,1,4,4,4,229.42056037079158,49.924857122750666,,,,,,,,,,35.369568901482296,257.890153508626,0.0,PS_008,19.43868928263622,359.99999999999994,0.6853260260403559
25.07975200294602,11.79850414459118,2024-05-18T12:45:00Z,4,4,4,4,4,4,1,4,4,4,481.4618002840302,65.26370714860836,,,,,,,,,,38.268238375147064,681.5323759048003,0.0,PS_008,9.689868005190446,360.00000000000006,0.9780240631362429
26.51470126648025,11.776914804106635,2024-05-18T13:00:00Z,3,3,3,3,3,3,1,3,3,3,559.127016949288,68.74928247283138,,,,,,,,,,42.921438585770524,754.6218376187868,0.0,PS_008,9.11647996782616,360.0,2.0237579155364367
27.100000381469727,11.76134033963219,2024-05-18T13:15:00Z,4,4,4,4,4,4,1,4,4,4,590.0393820527431,68.89936331222756,,,,,,,,,,44.876990645949,753.4967969871728,0.0,PS_008,9.150511203791226,360.0,1.6478824678055597
28.26895682026949,11.742564479633149,2024-05-18T13:30:00Z,4,4,4,4,4,4,1,4,4,4,623.0455593745753,69.3204568733414,,,,,,,,,,44.962212859510586,758.1571586481243,0.0,PS_008,9.12650185849555,360.0,1.5284249307137028
29.36781794225018,11.730152391764332,2024-05-18T13:45:00Z,3,3,3,3,3,3,1,3,3,3,650.2230846819724,69.08158251512876,,,,,,,,,,45.89035949724628,762.5608269547623,0.0,PS_008,9.052589226003846,360.0,1.112241960965462
30.440795620748396,11.716259909865615,2024-05-18T14:00:00Z,4,4,4,4,4,4,1,4,4,4,674.978071676483,69.28769040937,,,,,,,,,,45.639342009738925,764.7857973300758,0.0,PS_008,9.049527934380292,360.0,2.3813415877654758
31.796827465551875,11.701966479316471,2024-05-18T14:15:00Z,3,3,3,3,3,3,1,3,3,3,695.0690527707012,69.45433523232393,,,,,,,,,,46.634955216219964,767.0453671718384,0.0,PS_008,9.063854887965567,360.00000000000006,2.4897921685704207
31.571592494244886,11.683477094186028,2024-05-18T14:30:00Z,4,4,4,4,4,4,1,4,4,4,708.8730671200314,68.82689070073512,,,,,,,,,,43.90064387496651,764.9884621132894,0.0,PS_008,8.998435208676046,359.99999999999994,3.608783081817739
31.84592286213012,11.663808998875368,2024-05-18T14:45:00Z,4,4,4,4,4,4,1,4,4,4,722.9094345287657,69.51909039887374,,,,,,,,,,42.3119881758045,767.8186997297637,0.0,PS_008,9.054658088299314,360.0,3.0760912173197035
32.056448816304496,11.645205492581422,2024-05-18T15:00:00Z,3,3,3,3,3,3,1,3,3,3,724.2916449545011,69.05903784827561,,,,,,,,,,41.9436508922393,761.1001993747129,0.0,PS_008,9.071131468001672,360.0,3.255549471266897
32.6821163217684,11.621354086851026,2024-05-18T15:15:00Z,4,4,4,4,4,4,1,4,4,4,737.068223427014,69.5895852847015,,,,,,,,,,43.808530394334355,768.9334178238369,0.0,PS_008,9.06372719674531,359.99999999999994,3.754829707096877
32.72346506113422,11.603080637085247,2024-05-18T15:30:00Z,4,4,4,4,4,4,1,4,4,4,738.3872185658005,69.49342797590279,,,,,,,,,,44.515966733223074,769.6037276264282,0.0,PS_008,9.01867241563853,359.99999999999994,3.6097247774519876
33.24036126862403,11.583435981366184,2024-05-18T15:45:00Z,3,3,3,3,3,3,1,3,3,3,730.6738597883606,68.33782607100551,,,,,,,,,,45.864861348832385,764.503937757697,0.0,PS_008,8.94910926882337,360.0,3.077805255308569
33.19047889797531,11.564368267309478,2024-05-18T16:00:00Z,4,4,4,4,4,4,1,4,4,4,719.9441708756821,68.38104916477491,,,,,,,,,,47.121210496689585,762.077730980556,0.0,PS_008,8.96475500004846,360.0,3.083044535185105
33.42764492598345,11.54752498688786,2024-05-18T16:15:00Z,3,3,3,3,3,3,1,3,3,3,709.9316045635034,68.2923760036925,,,,,,,,,,48.54909521403064,765.5536240750141,0.0,PS_008,8.926901690293073,359.99999999999994,2.28337629839092
33.202930427100384,11.524245292263487,2024-05-18T16:30:00Z,4,4,4,4,4,4,1,4,4,4,691.4054415868436,68.55602511823906,,,,,,,,,,51.64428724763065,761.1859430201905,0.0,PS_008,9.007863939008862,360.0,2.6622262272250747
33.21983744221561,11.50685944929589,2024-05-18T16:45:00Z,4,4,4,4,4,4,1,4,4,4,673.1766742007703,68.17490560932042,,,,,,,,,,50.425936820594416,764.9123391388691,0.0,PS_008,8.907978086813463,360.00000000000006,3.0019046525855035
33.347471778684096,11.491373756095486,2024-05-18T17:00:00Z,3,3,3,3,3,3,1,3,3,3,650.6611545733409,67.60793917504913,,,,,,,,,,48.401951245804455,763.173078406879,0.0,PS_008,8.860255046165236,360.00000000000006,3.0807518602063153
33.3742505876986,11.475416998496511,2024-05-18T17:15:00Z,4,4,4,4,4,4,1,4,4,4,625.7184550591293,67.49964177535136,,,,,,,,,,49.31290748547402,762.9398367075526,0.0,PS_008,8.849526552575352,360.0,2.539864903642129
33.64485548679475,11.452811289966998,2024-05-18T17:30:00Z,4,4,4,4,4,4,1,4,4,4,588.408234109484,67.28290392146123,,,,,,,,,,49.279389332231446,751.327070766677,0.0,PS_008,8.961457976602507,360.00000000000006,2.7350687975920374
33.64495447653338,11.442416116938768,2024-05-18T17:45:00Z,3,3,3,3,3,3,1,3,3,3,549.7941619889499,65.81515148799441,,,,,,,,,,50.45263259739193,740.091693889316,0.0,PS_008,8.896490931040118,360.00000000000006,2.3560733351335923
33.509595570345205,11.423078428023508,2024-05-18T18:00:00Z,4,4,4,4,4,4,1,4,4,4,514.9525272537987,64.6247209059815,,,,,,,,,,48.247428254501045,736.5088925957118,0.0,PS_008,8.77065119445686,360.0,3.379837783486809
33.4051566354238,11.402115323413584,2024-05-18T18:15:00Z,4,4,4,4,4,4,1,4,4,4,472.06321370300736,61.0509006889651,,,,,,,,,,47.66494913829971,727.2192373837722,0.0,PS_008,8.395550981800648,360.00000000000006,2.807211772874246
33.42104235119172,11.369987893325884,2024-05-18T18:30:00Z,3,3,3,3,3,3,1,3,3,3,423.4600436329344,57.93443607279491,,,,,,,,,,48.755065796030614,702.619118419647,0.0,PS_008,8.251792239741603,360.0,3.356032458971957
33.149699034840054,11.345323850858582,2024-05-18T18:45:00Z,4,4,4,4,4,4,1,4,4,4,379.6287721328928,54.241108048597646,,,,,,,,,,47.295577223171065,674.3884759127509,0.0,PS_008,8.036917546923878,360.0,2.6946441312380633
33.18714171014402,11.301567305427595,2024-05-18T19:00:00Z,3,3,3,3,3,3,1,3,3,3,334.6166701432074,49.99772629364014,,,,,,,,,,46.73364383376046,631.9286552433282,0.0,PS_008,7.910778656575392,360.0,3.0194246407172796
32.87064398767235,11.2428403980965,2024-05-18T19:15:00Z,4,4,4,4,4,4,1,4,4,4,283.02984397370363,43.5142650008164,,,,,,,,,,44.534361635808196,523.6814210330058,0.0,PS_008,8.305393587678186,360.0,3.42372262999836
32.79999923706055,11.17786466267743,2024-05-18T19:30:00Z,4,4,4,4,4,4,1,4,4,4,223.27425949374197,29.68913720242713,,,,,,,,,,41.83588797282469,402.77911964683545,0.0,PS_008,7.3216185840807455,360.0,1.4645728212220022
32.169662888646045,11.08894059365752,2024-05-18T19:45:00Z,3,3,3,3,3,3,1,3,3,3,165.59532987078845,15.486445221046546,,,,,,,,,,38.15355951579442,290.4772028671054,0.0,PS_008,5.295348876367971,360.0,1.8791575434023748
31.692472713693437,10.960723395398215,2024-05-18T20:00:00Z,4,4,4,4,4,4,1,4,4,4,111.14033986614325,8.689988903050216,,,,,,,,,,34.580356663442615,181.1179444027539,0.0,PS_008,4.840066066510045,360.0,0.8614744653119217
30.797198515351486,10.73467230967247,2024-05-18T20:15:00Z,4,4,4,4,4,4,1,4,4,4,61.319305384804856,9.686681391414023,,,,,,,,,,30.56828706867599,85.90401879241679,0.0,PS_008,11.848246007558478,360.0,0.985922785432623
29.843261919307515,9.639885708516346,2024-05-18T20:30:00Z,3,3,3,3,3,3,1,3,3,3,21.53754985633906,3.0211237333868084,,,,,,,,,,27.269323082516664,24.045646097269127,0.0,PS_008,10.60455917691306,359.99999999999994,0.57174697665479
28.712621016241922,9.389300698333294,2024-05-18T20:45:00Z,3,3,3,3,3,3,1,3,3,3,0.45380358704092544,-1.2526733682289433,,,,,,,,,,24.39494247100086,-1.0771450158663676,0.0,PS_008,36.34182439675611,360.00000000000006,0.38691982896376415
27.82602244141693,9.267071165602637,2024-05-18T21:00:00Z,4,4,4,4,4,4,1,4,4,4,-2.7964227848419623,-1.7912945408266863,,,,,,,,,,22.894927098698236,-3.350881428175042,0.0,PS_008,54.33849142782341,360.0,0.055491086013033326
27.013733230660446,9.037876449370266,2024-05-18T21:15:00Z,3,3,3,3,3,3,1,3,3,3,-2.8926430370246234,-2.0412882908737373,,,,,,,,,,21.832189748084094,-2.554921176312067,0.0,PS_008,81.21998365022331,359.99999999999994,-0.04865519489205296
26.088379092218453,8.581287374078403,2024-05-18T21:30:00Z,2,2,2,2,2,2,1,2,2,2,-2.38202876235696,-1.8036494498890518,,,,,,,,,,21.68837947368818,-2.5798367958959876,0.0,PS_008,76.45804873854169,360.0,0.2591822920110601
,,2024-05-18T21:45:00Z,0,0,0,0,0,0,1,0,0,0,,,,,,,,,,,,,,0.0,PS_008,,,
,,2024-05-18T22:00:00Z,0,0,0,0,0,0,1,0,0,0,,,,,,,,,,,,,,0.0,PS_008,,,
,,2024-05-18T22:15:00Z,0,0,0,0,0,0,1,0,0,0,,,,,,,,,,,,,,0.0,PS_008,,,
,,2024-05-18T22:30:00Z,0,0,0,0,0,0,1,0,0,0,,,,,,,,,,,,,,0.0,PS_008,,,
,,2024-05-18T22:45:00Z,0,0,0,0,0,0,1,0,0,0,,,,,,,,,,,,,,0.0,PS_008,,,
,,2024-05-18T23:00:00Z,0,0,0,0,0,0,1,0,0,0,,,,,,,,,,,,,,0.0,PS_008,,,
,,2024-05-18T23:15:00Z,0,0,0,0,0,0,1,0,0,0,,,,,,,,,,,,,,0.0,PS_008,,,
,,2024-05-18T23:30:00Z,0,0,0,0,0,0,1,0,0,0,,,,,,,,,,,,,,0.0,PS_008,,,
,,2024-05-18T23:45:00Z,0,0,0,0,0,0,1,0,0,0,,,,,,,,,,,,,,0.0,PS_008,,,
,,2024-05-19T00:00:00Z,0,0,0,0,0,0,1,0,0,0,,,,,,,,,,,,,,0.0,PS_008,,,
,,2024-05-19T00:15:00Z,0,0,0,0,0,0,1,0,0,0,,,,,,,,,,,,,,0.0,PS_008,,,
,,2024-05-19T00:30:00Z,0,0,0,0,0,0,1,0,0,0,,,,,,,,,,,,,,0.0,PS_008,,,
,,2024-05-19T00:45:00Z,0,0,0,0,0,0,1,0,0,0,,,,,,,,,,,,,,0.0,PS_008,,,
,,2024-05-19T01:00:00Z,0,0,0,0,0,0,1,0,0,0,,,,,,,,,,,,,,0.0,PS_008,,,
,,2024-05-19T01:15:00Z,0,0,0,0,0,0,1,0,0,0,,,,,,,,,,,,,,0.0,PS_008,,,
,,2024-05-19T01:30:00Z,0,0,0,0,0,0,1,0,0,0,,,,,,,,,,,,,,0.0,PS_008,,,
,,2024-05-19T01:45:00Z,0,0,0,0,0,0,1,0,0,0,,,,,,,,,,,,,,0.0,PS_008,,,
,,2024-05-19T02:00:00Z,0,0,0,0,0,0,1,0,0,0,,,,,,,,,,,,,,0.0,PS_008,,,
,,2024-05-19T02:15:00Z,0,0,0,0,0,0,1,0,0,0,,,,,,,,,,,,,,0.0,PS_008,,,
,,2024-05-19T02:30:00Z,0,0,0,0,0,0,1,0,0,0,,,,,,,,,,,,,,0.0,PS_008,,,
,,2024-05-19T02:45:00Z,0,0,0,0,0,0,1,0,0,0,,,,,,,,,,,,,,0.0,PS_008,,,
,,2024-05-19T03:00:00Z,0,0,0,0,0,0,1,0,0,0,,,,,,,,,,,,,,0.0,PS_008,,,
,,2024-05-19T03:15:00Z,0,0,0,0,0,0,1,0,0,0,,,,,,,,,,,,,,0.0,PS_008,,,
,,2024-05-19T03:30:00Z,0,0,0,0,0,0,1,0,0,0,,,,,,,,,,,,,,0.0,PS_008,,,
,,2024-05-19T03:45:00Z,0,0,0,0,0,0,1,0,0,0,,,,,,,,,,,,,,0.0,PS_008,,,
,,2024-05-19T04:00:00Z,0,0,0,0,0,0,1,0,0,0,,,,,,,,,,,,,,0.0,PS_008,,,
,,2024-05-19T04:15:00Z,0,0,0,0,0,0,1,0,0,0,,,,,,,,,,,,,,0.0,PS_008,,,
,,2024-05-19T04:30:00Z,0,0,0,0,0,0,1,0,0,0,,,,,,,,,,,,,,0.0,PS_008,,,
,,2024-05-19T04:45:00Z,0,0,0,0,0,0,1,0,0,0,,,,,,,,,,,,,,0.0,PS_008,,,
,,2024-05-19T05:00:00Z,0,0,0,0,0,0,1,0,0,0,,,,,,,,,,,,,,0.0,PS_008,,,
,,2024-05-19T05:15:00Z,0,0,0,0,0,0,1,0,0,0,,,,,,,,,,,,,,0.0,PS_008,,,
,,2024-05-19T05:30:00Z,0,0,0,0,0,0,1,0,0,0,,,,,,,,,,,,,,0.0,PS_008,,,
,,2024-05-19T05:45:00Z,0,0,0,0,0,0,1,0,0,0,,,,,,,,,,,,,,0.0,PS_008,,,
,,2024-05-19T06:00:00Z,0,0,0,0,0,0,1,0,0,0,,,,,,,,,,,,,,0.0,PS_008,,,
,,2024-05-19T06:15:00Z,0,0,0,0,0,0,1,0,0,0,,,,,,,,,,,,,,0.0,PS_008,,,
,,2024-05-19T06:30:00Z,0,0,0,0,0,0,1,0,0,0,,,,,,,,,,,,,,0.0,PS_008,,,
,,2024-05-19T06:45:00Z,0,0,0,0,0,0,1,0,0,0,,,,,,,,,,,,,,0.0,PS_008,,,
,,2024-05-19T07:00:00Z,0,0,0,0,0,0,1,0,0,0,,,,,,,,,,,,,,0.0,PS_008,,,
,,2024-05-19T07:15:00Z,0,0,0,0,0,0,1,0,0,0,,,,,,,,,,,,,,0.0,PS_008,,,
,,2024-05-19T07:30:00Z,0,0,0,0,0,0,1,0,0,0,,,,,,,,,,,,,,0.0,PS_008,,,
,,2024-05-19T07:45:00Z,0,0,0,0,0,0,1,0,0,0,,,,,,,,,,,,,,0.0,PS_008,,,
,,2024-05-19T08:00:00Z,0,0,0,0,0,0,1,0,0,0,,,,,,,,,,,,,,0.0,PS_008,,,
,,2024-05-19T08:15:00Z,0,0,0,0,0,0,1,0,0,0,,,,,,,,,,,,,,0.0,PS_008,,,
,,2024-05-19T08:30:00Z,0,0,0,0,0,0,1,0,0,0,,,,,,,,,,,,,,0.0,PS_008,,,
,,2024-05-19T08:45:00Z,0,0,0,0,0,0,1,0,0,0,,,,,,,,,,,,,,0.0,PS_008,,,
,,2024-05-19T09:00:00Z,0,0,0,0,0,0,1,0,0,0,,,,,,,,,,,,,,0.0,PS_008,,,
,,2024-05-19T09:15:00Z,0,0,0,0,0,0,1,0,0,0,,,,,,,,,,,,,,0.0,PS_008,,,
,,2024-05-19T09:30:00Z,0,0,0,0,0,0,1,0,0,0,,,,,,,,,,,,,,0.0,PS_008,,,
,,2024-05-19T09:45:00Z,0,0,0,0,0,0,1,0,0,0,,,,,,,,,,,,,,0.0,PS_008,,,
,,2024-05-19T10:00:00Z,0,0,0,0,0,0,1,0,0,0,,,,,,,,,,,,,,0.0,PS_008,,,
,,2024-05-19T10:15:00Z,0,0,0,0,0,0,1,0,0,0,,,,,,,,,,,,,,0.0,PS_008,,,
,,2024-05-19T10:30:00Z,0,0,0,0,0,0,1,0,0,0,,,,,,,,,,,,,,0.0,PS_008,,,
,,2024-05-19T10:45:00Z,0,0,0,0,0,0,1,0,0,0,,,,,,,,,,,,,,0.0,PS_008,,,
,,2024-05-19T11:00:00Z,0,0,0,0,0,0,1,0,0,0,,,,,,,,,,,,,,0.0,PS_008,,,
,,2024-05-19T11:15:00Z,0,0,0,0,0,0,1,0,0,0,,,,,,,,,,,,,,0.0,PS_008,,,
,,2024-05-19T11:30:00Z,0,0,0,0,0,0,1,0,0,0,,,,,,,,,,,,,,0.0,PS_008,,,
,,2024-05-19T11:45:00Z,0,0,0,0,0,0,1,0,0,0,,,,,,,,,,,,,,0.0,PS_008,,,
,,2024-05-19T12:00:00Z,0,0,0,0,0,0,1,0,0,0,,,,,,,,,,,,,,0.0,PS_008,,,
,,2024-05-19T12:15:00Z,0,0,0,0,0,0,1,0,0,0,,,,,,,,,,,,,,0.0,PS_008,,,
,,2024-05-19T12:30:00Z,0,0,0,0,0,0,1,0,0,0,,,,,,,,,,,,,,0.0,PS_008,,,
,,2024-05-19T12:45:00Z,0,0,0,0,0,0,1,0,0,0,,,,,,,,,,,,,,0.0,PS_008,,,
,,2024-05-19T13:00:00Z,0,0,0,0,0,0,1,0,0,0,,,,,,,,,,,,,,0.0,PS_008,,,
,,2024-05-19T13:15:00Z,0,0,0,0,0,0,1,0,0,0,,,,,,,,,,,,,,0.0,PS_008,,,
,,2024-05-19T13:30:00Z,0,0,0,0,0,0,1,0,0,0,,,,,,,,,,,,,,0.0,PS_008,,,
,,2024-05-19T13:45:00Z,0,0,0,0,0,0,1,0,0,0,,,,,,,,,,,,,,0.0,PS_008,,,
,,2024-05-19T14:00:00Z,0,0,0,0,0,0,1,0,0,0,,,,,,,,,,,,,,0.0,PS_008,,,
,,2024-05-19T14:15:00Z,0,0,0,0,0,0,1,0,0,0,,,,,,,,,,,,,,0.0,PS_008,,,
,,2024-05-19T14:30:00Z,0,0,0,0,0,0,1,0,0,0,,,,,,,,,,,,,,0.0,PS_008,,,
,,2024-05-19T14:45:00Z,0,0,0,0,0,0,1,0,0,0,,,,,,,,,,,,,,0.0,PS_008,,,
,,2024-05-19T15:00:00Z,0,0,0,0,0,0,1,0,0,0,,,,,,,,,,,,,,0.0,PS_008,,,
,,2024-05-19T15:15:00Z,0,0,0,0,0,0,1,0,0,0,,,,,,,,,,,,,,0.0,PS_008,,,
,,2024-05-19T15:30:00Z,0,0,0,0,0,0,1,0,0,0,,,,,,,,,,,,,,0.0,PS_008,,,
,,2024-05-19T15:45:00Z,0,0,0,0,0,0,1,0,0,0,,,,,,,,,,,,,,0.0,PS_008,,,
,,2024-05-19T16:00:00Z,0,0,0,0,0,0,1,0,0,0,,,,,,,,,,,,,,0.0,PS_008,,,
,,2024-05-19T16:15:00Z,0,0,0,0,0,0,1,0,0,0,,,,,,,,,,,,,,0.0,PS_008,,,
,,2024-05-19T16:30:00Z,0,0,0,0,0,0,1,0,0,0,,,,,,,,,,,,,,0.0,PS_008,,,
,,2024-05-19T16:45:00Z,0,0,0,0,0,0,1,0,0,0,,,,,,,,,,,,,,0.0,PS_008,,,
,,2024-05-19T17:00:00Z,0,0,0,0,0,0,1,0,0,0,,,,,,,,,,,,,,0.0,PS_008,,,
,,2024-05-19T17:15:00Z,0,0,0,0,0,0,1,0,0,0,,,,,,,,,,,,,,0.0,PS_008,,,
,,2024-05-19T17:30:00Z,0,0,0,0,0,0,1,0,0,0,,,,,,,,,,,,,,0.0,PS_008,,,
,,2024-05-19T17:45:00Z,0,0,0,0,0,0,1,0,0,0,,,,,,,,,,,,,,0.0,PS_008,,,
,,2024-05-19T18:00:00Z,0,0,0,0,0,0,1,0,0,0,,,,,,,,,,,,,,0.0,PS_008,,,
,,2024-05-19T18:15:00Z,0,0,0,0,0,0,1,0,0,0,,,,,,,,,,,,,,0.0,PS_008,,,
,,2024-05-19T18:30:00Z,0,0,0,0,0,0,1,0,0,0,,,,,,,,,,,,,,0.0,PS_008,,,
,,2024-05-19T18:45:00Z,0,0,0,0,0,0,1,0,0,0,,,,,,,,,,,,,,0.0,PS_008,,,
,,2024-05-19T19:00:00Z,0,0,0,0,0,0,1,0,0,0,,,,,,,,,,,,,,0.0,PS_008,,,
,,2024-05-19T19:15:00Z,0,0,0,0,0,0,1,0,0,0,,,,,,,,,,,,,,0.0,PS_008,,,
,,2024-05-19T19:30:00Z,0,0,0,0,0,0,1,0,0,0,,,,,,,,,,,,,,0.0,PS_008,,,
,,2024-05-19T19:45:00Z,0,0,0,0,0,0,1,0,0,0,,,,,,,,,,,,,,0.0,PS_008,,,
,,2024-05-19T20:00:00Z,0,0,0,0,0,0,1,0,0,0,,,,,,,,,,,,,,0.0,PS_008,,,
,,2024-05-19T20:15:00Z,0,0,0,0,0,0,1,0,0,0,,,,,,,,,,,,,,0.0,PS_008,,,
,,2024-05-19T20:30:00Z,0,0,0,0,0,0,1,0,0,0,,,,,,,,,,,,,,0.0,PS_008,,,
,,2024-05-19T20:45:00Z,0,0,0,0,0,0,1,0,0,0,,,,,,,,,,,,,,0.0,PS_008,,,
,,2024-05-19T21:00:00Z,0,0,0,0,0,0,1,0,0,0,,,,,,,,,,,,,,0.0,PS_008,,,
,,2024-05-19T21:15:00Z,0,0,0,0,0,0,1,0,0,0,,,,,,,,,,,,,,0.0,PS_008,,,
,,2024-05-19T21:30:00Z,0,0,0,0,0,0,1,0,0,0,,,,,,,,,,,,,,0.0,PS_008,,,
,,2024-05-19T21:45:00Z,0,0,0,0,0,0,1,0,0,0,,,,,,,,,,,,,,0.0,PS_008,,,
,,2024-05-19T22:00:00Z,0,0,0,0,0,0,1,0,0,0,,,,,,,,,,,,,,0.0,PS_008,,,
,,2024-05-19T22:15:00Z,0,0,0,0,0,0,1,0,0,0,,,,,,,,,,,,,,0.0,PS_008,,,
,,2024-05-19T22:30:00Z,0,0,0,0,0,0,1,0,0,0,,,,,,,,,,,,,,0.0,PS_008,,,
,,2024-05-19T22:45:00Z,0,0,0,0,0,0,1,0,0,0,,,,,,,,,,,,,,0.0,PS_008,,,
,,2024-05-19T23:00:00Z,0,0,0,0,0,0,1,0,0,0,,,,,,,,,,,,,,0.0,PS_008,,,
,,2024-05-19T23:15:00Z,0,0,0,0,0,0,1,0,0,0,,,,,,,,,,,,,,0.0,PS_008,,,
,,2024-05-19T23:30:00Z,0,0,0,0,0,0,1,0,0,0,,,,,,,,,,,,,,0.0,PS_008,,,
,,2024-05-19T23:45:00Z,0,0,0,0,0,0,1,0,0,0,,,,,,,,,,,,,,0.0,PS_008,,,
,,2024-05-20T00:00:00Z,0,0,0,0,0,0,1,0,0,0,,,,,,,,,,,,,,0.0,PS_008,,,
,,2024-05-20T00:15:00Z,0,0,0,0,0,0,1,0,0,0,,,,,,,,,,,,,,0.0,PS_008,,,
,,2024-05-20T00:30:00Z,0,0,0,0,0,0,1,0,0,0,,,,,,,,,,,,,,0.0,PS_008,,,
,,2024-05-20T00:45:00Z,0,0,0,0,0,0,1,0,0,0,,,,,,,,,,,,,,0.0,PS_008,,,
,,2024-05-20T01:00:00Z,0,0,0,0,0,0,1,0,0,0,,,,,,,,,,,,,,0.0,PS_008,,,
,,2024-05-20T01:15:00Z,0,0,0,0,0,0,1,0,0,0,,,,,,,,,,,,,,0.0,PS_008,,,
,,2024-05-20T01:30:00Z,0,0,0,0,0,0,1,0,0,0,,,,,,,,,,,,,,0.0,PS_008,,,
,,2024-05-20T01:45:00Z,0,0,0,0,0,0,1,0,0,0,,,,,,,,,,,,,,0.0,PS_008,,,
,,2024-05-20T02:00:00Z,0,0,0,0,0,0,1,0,0,0,,,,,,,,,,,,,,0.0,PS_008,,,
,,2024-05-20T02:15:00Z,0,0,0,0,0,0,1,0,0,0,,,,,,,,,,,,,,0.0,PS_008,,,
,,2024-05-20T02:30:00Z,0,0,0,0,0,0,1,0,0,0,,,,,,,,,,,,,,0.0,PS_008,,,
,,2024-05-20T02:45:00Z,0,0,0,0,0,0,1,0,0,0,,,,,,,,,,,,,,0.0,PS_008,,,
,,2024-05-20T03:00:00Z,0,0,0,0,0,0,1,0,0,0,,,,,,,,,,,,,,0.0,PS_008,,,
,,2024-05-20T03:15:00Z,0,0,0,0,0,0,1,0,0,0,,,,,,,,,,,,,,0.0,PS_008,,,
,,2024-05-20T03:30:00Z,0,0,0,0,0,0,1,0,0,0,,,,,,,,,,,,,,0.0,PS_008,,,
,,2024-05-20T03:45:00Z,0,0,0,0,0,0,1,0,0,0,,,,,,,,,,,,,,0.0,PS_008,,,
,,2024-05-20T04:00:00Z,0,0,0,0,0,0,1,0,0,0,,,,,,,,,,,,,,0.0,PS_008,,,
,,2024-05-20T04:15:00Z,0,0,0,0,0,0,1,0,0,0,,,,,,,,,,,,,,0.0,PS_008,,,
,,2024-05-20T04:30:00Z,0,0,0,0,0,0,1,0,0,0,,,,,,,,,,,,,,0.0,PS_008,,,
,,2024-05-20T04:45:00Z,0,0,0,0,0,0,1,0,0,0,,,,,,,,,,,,,,0.0,PS_008,,,
,,2024-05-20T05:00:00Z,0,0,0,0,0,0,1,0,0,0,,,,,,,,,,,,,,0.0,PS_008,,,
,,2024-05-20T05:15:00Z,0,0,0,0,0,0,1,0,0,0,,,,,,,,,,,,,,0.0,PS_008,,,
,,2024-05-20T05:30:00Z,0,0,0,0,0,0,1,0,0,0,,,,,,,,,,,,,,0.0,PS_008,,,
,,2024-05-20T05:45:00Z,0,0,0,0,0,0,1,0,0,0,,,,,,,,,,,,,,0.0,PS_008,,,
,,2024-05-20T06:00:00Z,0,0,0,0,0,0,1,0,0,0,,,,,,,,,,,,,,0.0,PS_008,,,
,,2024-05-20T06:15:00Z,0,0,0,0,0,0,1,0,0,0,,,,,,,,,,,,,,0.0,PS_008,,,
,,2024-05-20T06:30:00Z,0,0,0,0,0,0,1,0,0,0,,,,,,,,,,,,,,0.0,PS_008,,,
,,2024-05-20T06:45:00Z,0,0,0,0,0,0,1,0,0,0,,,,,,,,,,,,,,0.0,PS_008,,,
,,2024-05-20T07:00:00Z,0,0,0,0,0,0,1,0,0,0,,,,,,,,,,,,,,0.0,PS_008,,,
,,2024-05-20T07:15:00Z,0,0,0,0,0,0,1,0,0,0,,,,,,,,,,,,,,0.0,PS_008,,,
,,2024-05-20T07:30:00Z,0,0,0,0,0,0,1,0,0,0,,,,,,,,,,,,,,0.0,PS_008,,,
,,2024-05-20T07:45:00Z,0,0,0,0,0,0,1,0,0,0,,,,,,,,,,,,,,0.0,PS_008,,,
,,2024-05-20T08:00:00Z,0,0,0,0,0,0,1,0,0,0,,,,,,,,,,,,,,0.0,PS_008,,,
,,2024-05-20T08:15:00Z,0,0,0,0,0,0,1,0,0,0,,,,,,,,,,,,,,0.0,PS_008,,,
,,2024-05-20T08:30:00Z,0,0,0,0,0,0,1,0,0,0,,,,,,,,,,,,,,0.0,PS_008,,,
,,2024-05-20T08:45:00Z,0,0,0,0,0,0,1,0,0,0,,,,,,,,,,,,,,0.0,PS_008,,,
,,2024-05-20T09:00:00Z,0,0,0,0,0,0,1,0,0,0,,,,,,,,,,,,,,0.0,PS_008,,,
,,2024-05-20T09:15:00Z,0,0,0,0,0,0,1,0,0,0,,,,,,,,,,,,,,0.0,PS_008,,,
,,2024-05-20T09:30:00Z,0,0,0,0,0,0,1,0,0,0,,,,,,,,,,,,,,0.0,PS_008,,,
,,2024-05-20T09:45:00Z,0,0,0,0,0,0,1,0,0,0,,,,,,,,,,,,,,0.0,PS_008,,,
,,2024-05-20T10:00:00Z,0,0,0,0,0,0,1,0,0,0,,,,,,,,,,,,,,0.0,PS_008,,,
,,2024-05-20T10:15:00Z,0,0,0,0,0,0,1,0,0,0,,,,,,,,,,,,,,0.0,PS_008,,,
,,2024-05-20T10:30:00Z,0,0,0,0,0,0,1,0,0,0,,,,,,,,,,,,,,0.0,PS_008,,,
,,2024-05-20T10:45:00Z,0,0,0,0,0,0,1,0,0,0,,,,,,,,,,,,,,0.0,PS_008,,,
,,2024-05-20T11:00:00Z,0,0,0,0,0,0,1,0,0,0,,,,,,,,,,,,,,0.0,PS_008,,,
,,2024-05-20T11:15:00Z,0,0,0,0,0,0,1,0,0,0,,,,,,,,,,,,,,0.0,PS_008,,,
,,2024-05-20T11:30:00Z,0,0,0,0,0,0,1,0,0,0,,,,,,,,,,,,,,0.0,PS_008,,,
,,2024-05-20T11:45:00Z,0,0,0,0,0,0,1,0,0,0,,,,,,,,,,,,,,0.0,PS_008,,,
,,2024-05-20T12:00:00Z,0,0,0,0,0,0,1,0,0,0,,,,,,,,,,,,,,0.0,PS_008,,,
,,2024-05-20T12:15:00Z,0,0,0,0,0,0,1,0,0,0,,,,,,,,,,,,,,0.0,PS_008,,,
,,2024-05-20T12:30:00Z,0,0,0,0,0,0,1,0,0,0,,,,,,,,,,,,,,0.0,PS_008,,,
,,2024-05-20T12:45:00Z,0,0,0,0,0,0,1,0,0,0,,,,,,,,,,,,,,0.0,PS_008,,,
,,2024-05-20T13:00:00Z,0,0,0,0,0,0,1,0,0,0,,,,,,,,,,,,,,0.0,PS_008,,,
,,2024-05-20T13:15:00Z,0,0,0,0,0,0,1,0,0,0,,,,,,,,,,,,,,0.0,PS_008,,,
,,2024-05-20T13:30:00Z,0,0,0,0,0,0,1,0,0,0,,,,,,,,,,,,,,0.0,PS_008,,,
,,2024-05-20T13:45:00Z,0,0,0,0,0,0,1,0,0,0,,,,,,,,,,,,,,0.0,PS_008,,,
,,2024-05-20T14:00:00Z,0,0,0,0,0,0,1,0,0,0,,,,,,,,,,,,,,0.0,PS_008,,,
,,2024-05-20T14:15:00Z,0,0,0,0,0,0,1,0,0,0,,,,,,,,,,,,,,0.0,PS_008,,,
,,2024-05-20T14:30:00Z,0,0,0,0,0,0,1,0,0,0,,,,,,,,,,,,,,0.0,PS_008,,,
,,2024-05-20T14:45:00Z,0,0,0,0,0,0,1,0,0,0,,,,,,,,,,,,,,0.0,PS_008,,,
,,2024-05-20T15:00:00Z,0,0,0,0,0,0,1,0,0,0,,,,,,,,,,,,,,0.0,PS_008,,,
,,2024-05-20T15:15:00Z,0,0,0,0,0,0,1,0,0,0,,,,,,,,,,,,,,0.0,PS_008,,,
,,2024-05-20T15:30:00Z,0,0,0,0,0,0,1,0,0,0,,,,,,,,,,,,,,0.0,PS_008,,,
,,2024-05-20T15:45:00Z,0,0,0,0,0,0,1,0,0,0,,,,,,,,,,,,,,0.0,PS_008,,,
,,2024-05-20T16:00:00Z,0,0,0,0,0,0,1,0,0,0,,,,,,,,,,,,,,0.0,PS_008,,,
,,2024-05-20T16:15:00Z,0,0,0,0,0,0,1,0,0,0,,,,,,,,,,,,,,0.0,PS_008,,,
,,2024-05-20T16:30:00Z,0,0,0,0,0,0,1,0,0,0,,,,,,,,,,,,,,0.0,PS_008,,,
,,2024-05-20T16:45:00Z,0,0,0,0,0,0,1,0,0,0,,,,,,,,,,,,,,0.0,PS_008,,,
,,2024-05-20T17:00:00Z,0,0,0,0,0,0,1,0,0,0,,,,,,,,,,,,,,0.0,PS_008,,,
,,2024-05-20T17:15:00Z,0,0,0,0,0,0,1,0,0,0,,,,,,,,,,,,,,0.0,PS_008,,,
,,2024-05-20T17:30:00Z,0,0,0,0,0,0,1,0,0,0,,,,,,,,,,,,,,0.0,PS_008,,,
,,2024-05-20T17:45:00Z,0,0,0,0,0,0,1,0,0,0,,,,,,,,,,,,,,0.0,PS_008,,,
,,2024-05-20T18:00:00Z,0,0,0,0,0,0,1,0,0,0,,,,,,,,,,,,,,0.0,PS_008,,,
,,2024-05-20T18:15:00Z,0,0,0,0,0,0,1,0,0,0,,,,,,,,,,,,,,0.0,PS_008,,,
,,2024-05-20T18:30:00Z,0,0,0,0,0,0,1,0,0,0,,,,,,,,,,,,,,0.0,PS_008,,,
,,2024-05-20T18:45:00Z,0,0,0,0,0,0,1,0,0,0,,,,,,,,,,,,,,0.0,PS_008,,,
,,2024-05-20T19:00:00Z,0,0,0,0,0,0,1,0,0,0,,,,,,,,,,,,,,0.0,PS_008,,,
,,2024-05-20T19:15:00Z,0,0,0,0,0,0,1,0,0,0,,,,,,,,,,,,,,0.0,PS_008,,,
,,2024-05-20T19:30:00Z,0,0,0,0,0,0,1,0,0,0,,,,,,,,,,,,,,0.0,PS_008,,,
,,2024-05-20T19:45:00Z,0,0,0,0,0,0,1,0,0,0,,,,,,,,,,,,,,0.0,PS_008,,,
,,2024-05-20T20:00:00Z,0,0,0,0,0,0,1,0,0,0,,,,,,,,,,,,,,0.0,PS_008,,,
,,2024-05-20T20:15:00Z,0,0,0,0,0,0,1,0,0,0,,,,,,,,,,,,,,0.0,PS_008,,,
,,2024-05-20T20:30:00Z,0,0,0,0,0,0,1,0,0,0,,,,,,,,,,,,,,0.0,PS_008,,,
,,2024-05-20T20:45:00Z,0,0,0,0,0,0,1,0,0,0,,,,,,,,,,,,,,0.0,PS_008,,,
,,2024-05-20T21:00:00Z,0,0,0,0,0,0,1,0,0,0,,,,,,,,,,,,,,0.0,PS_008,,,
,,2024-05-20T21:15:00Z,0,0,0,0,0,0,1,0,0,0,,,,,,,,,,,,,,0.0,PS_008,,,
,,2024-05-20T21:30:00Z,0,0,0,0,0,0,1,0,0,0,,,,,,,,,,,,,,0.0,PS_008,,,
,,2024-05-20T21:45:00Z,0,0,0,0,0,0,1,0,0,0,,,,,,,,,,,,,,0.0,PS_008,,,
,,2024-05-20T22:00:00Z,0,0,0,0,0,0,1,0,0,0,,,,,,,,,,,,,,0.0,PS_008,,,
,,2024-05-20T22:15:00Z,0,0,0,0,0,0,1,0,0,0,,,,,,,,,,,,,,0.0,PS_008,,,
,,2024-05-20T22:30:00Z,0,0,0,0,0,0,1,0,0,0,,,,,,,,,,,,,,0.0,PS_008,,,
,,2024-05-20T22:45:00Z,0,0,0,0,0,0,1,0,0,0,,,,,,,,,,,,,,0.0,PS_008,,,
,,2024-05-20T23:00:00Z,0,0,0,0,0,0,1,0,0,0,,,,,,,,,,,,,,0.0,PS_008,,,
,,2024-05-20T23:15:00Z,0,0,0,0,0,0,1,0,0,0,,,,,,,,,,,,,,0.0,PS_008,,,
,,2024-05-20T23:30:00Z,0,0,0,0,0,0,1,0,0,0,,,,,,,,,,,,,,0.0,PS_008,,,
,,2024-05-20T23:45:00Z,0,0,0,0,0,0,1,0,0,0,,,,,,,,,,,,,,0.0,PS_008,,,
,,2024-05-21T00:00:00Z,0,0,0,0,0,0,1,0,0,0,,,,,,,,,,,,,,0.0,PS_008,,,
,,2024-05-21T00:15:00Z,0,0,0,0,0,0,1,0,0,0,,,,,,,,,,,,,,0.0,PS_008,,,
,,2024-05-21T00:30:00Z,0,0,0,0,0,0,1,0,0,0,,,,,,,,,,,,,,0.0,PS_008,,,
,,2024-05-21T00:45:00Z,0,0,0,0,0,0,1,0,0,0,,,,,,,,,,,,,,0.0,PS_008,,,
,,2024-05-21T01:00:00Z,0,0,0,0,0,0,1,0,0,0,,,,,,,,,,,,,,0.0,PS_008,,,
,,2024-05-21T01:15:00Z,0,0,0,0,0,0,1,0,0,0,,,,,,,,,,,,,,0.0,PS_008,,,
,,2024-05-21T01:30:00Z,0,0,0,0,0,0,1,0,0,0,,,,,,,,,,,,,,0.0,PS_008,,,
,,2024-05-21T01:45:00Z,0,0,0,0,0,0,1,0,0,0,,,,,,,,,,,,,,0.0,PS_008,,,
,,2024-05-21T02:00:00Z,0,0,0,0,0,0,1,0,0,0,,,,,,,,,,,,,,0.0,PS_008,,,
,,2024-05-21T02:15:00Z,0,0,0,0,0,0,1,0,0,0,,,,,,,,,,,,,,0.0,PS_008,,,
,,2024-05-21T02:30:00Z,0,0,0,0,0,0,1,0,0,0,,,,,,,,,,,,,,0.0,PS_008,,,
,,2024-05-21T02:45:00Z,0,0,0,0,0,0,1,0,0,0,,,,,,,,,,,,,,0.0,PS_008,,,
,,2024-05-21T03:00:00Z,0,0,0,0,0,0,1,0,0,0,,,,,,,,,,,,,,0.0,PS_008,,,
,,2024-05-21T03:15:00Z,0,0,0,0,0,0,1,0,0,0,,,,,,,,,,,,,,0.0,PS_008,,,
,,2024-05-21T03:30:00Z,0,0,0,0,0,0,1,0,0,0,,,,,,,,,,,,,,0.0,PS_008,,,
,,2024-05-21T03:45:00Z,0,0,0,0,0,0,1,0,0,0,,,,,,,,,,,,,,0.0,PS_008,,,
,,2024-05-21T04:00:00Z,0,0,0,0,0,0,1,0,0,0,,,,,,,,,,,,,,0.0,PS_008,,,
,,2024-05-21T04:15:00Z,0,0,0,0,0,0,1,0,0,0,,,,,,,,,,,,,,0.0,PS_008,,,
,,2024-05-21T04:30:00Z,0,0,0,0,0,0,1,0,0,0,,,,,,,,,,,,,,0.0,PS_008,,,
,,2024-05-21T04:45:00Z,0,0,0,0,0,0,1,0,0,0,,,,,,,,,,,,,,0.0,PS_008,,,
,,2024-05-21T05:00:00Z,0,0,0,0,0,0,1,0,0,0,,,,,,,,,,,,,,0.0,PS_008,,,
,,2024-05-21T05:15:00Z,0,0,0,0,0,0,1,0,0,0,,,,,,,,,,,,,,0.0,PS_008,,,
,,2024-05-21T05:30:00Z,0,0,0,0,0,0,1,0,0,0,,,,,,,,,,,,,,0.0,PS_008,,,
,,2024-05-21T05:45:00Z,0,0,0,0,0,0,1,0,0,0,,,,,,,,,,,,,,0.0,PS_008,,,
,,2024-05-21T06:00:00Z,0,0,0,0,0,0,1,0,0,0,,,,,,,,,,,,,,0.0,PS_008,,,
,,2024-05-21T06:15:00Z,0,0,0,0,0,0,1,0,0,0,,,,,,,,,,,,,,0.0,PS_008,,,
,,2024-05-21T06:30:00Z,0,0,0,0,0,0,1,0,0,0,,,,,,,,,,,,,,0.0,PS_008,,,
,,2024-05-21T06:45:00Z,0,0,0,0,0,0,1,0,0,0,,,,,,,,,,,,,,0.0,PS_008,,,
,,2024-05-21T07:00:00Z,0,0,0,0,0,0,1,0,0,0,,,,,,,,,,,,,,0.0,PS_008,,,
,,2024-05-21T07:15:00Z,0,0,0,0,0,0,1,0,0,0,,,,,,,,,,,,,,0.0,PS_008,,,
,,2024-05-21T07:30:00Z,0,0,0,0,0,0,1,0,0,0,,,,,,,,,,,,,,0.0,PS_008,,,
,,2024-05-21T07:45:00Z,0,0,0,0,0,0,1,0,0,0,,,,,,,,,,,,,,0.0,PS_008,,,
,,2024-05-21T08:00:00Z,0,0,0,0,0,0,1,0,0,0,,,,,,,,,,,,,,0.0,PS_008,,,
,,2024-05-21T08:15:00Z,0,0,0,0,0,0,1,0,0,0,,,,,,,,,,,,,,0.0,PS_008,,,
,,2024-05-21T08:30:00Z,0,0,0,0,0,0,1,0,0,0,,,,,,,,,,,,,,0.0,PS_008,,,
,,2024-05-21T08:45:00Z,0,0,0,0,0,0,1,0,0,0,,,,,,,,,,,,,,0.0,PS_008,,,
,,2024-05-21T09:00:00Z,0,0,0,0,0,0,1,0,0,0,,,,,,,,,,,,,,0.0,PS_008,,,
,,2024-05-21T09:15:00Z,0,0,0,0,0,0,1,0,0,0,,,,,,,,,,,,,,0.0,PS_008,,,
,,2024-05-21T09:30:00Z,0,0,0,0,0,0,1,0,0,0,,,,,,,,,,,,,,0.0,PS_008,,,
,,2024-05-21T09:45:00Z,0,0,0,0,0,0,1,0,0,0,,,,,,,,,,,,,,0.0,PS_008,,,
,,2024-05-21T10:00:00Z,0,0,0,0,0,0,1,0,0,0,,,,,,,,,,,,,,0.0,PS_008,,,
,,2024-05-21T10:15:00Z,0,0,0,0,0,0,1,0,0,0,,,,,,,,,,,,,,0.0,PS_008,,,
,,2024-05-21T10:30:00Z,0,0,0,0,0,0,1,0,0,0,,,,,,,,,,,,,,0.0,PS_008,,,
,,2024-05-21T10:45:00Z,0,0,0,0,0,0,1,0,0,0,,,,,,,,,,,,,,0.0,PS_008,,,
,,2024-05-21T11:00:00Z,0,0,0,0,0,0,1,0,0,0,,,,,,,,,,,,,,0.0,PS_008,,,
,,2024-05-21T11:15:00Z,0,0,0,0,0,0,1,0,0,0,,,,,,,,,,,,,,0.0,PS_008,,,
,,2024-05-21T11:30:00Z,0,0,0,0,0,0,1,0,0,0,,,,,,,,,,,,,,0.0,PS_008,,,
,,2024-05-21T11:45:00Z,0,0,0,0,0,0,1,0,0,0,,,,,,,,,,,,,,0.0,PS_008,,,
,,2024-05-21T12:00:00Z,0,0,0,0,0,0,1,0,0,0,,,,,,,,,,,,,,0.0,PS_008,,,
,,2024-05-21T12:15:00Z,0,0,0,0,0,0,1,0,0,0,,,,,,,,,,,,,,0.0,PS_008,,,
,,2024-05-21T12:30:00Z,0,0,0,0,0,0,1,0,0,0,,,,,,,,,,,,,,0.0,PS_008,,,
,,2024-05-21T12:45:00Z,0,0,0,0,0,0,1,0,0,0,,,,,,,,,,,,,,0.0,PS_008,,,
,,2024-05-21T13:00:00Z,0,0,0,0,0,0,1,0,0,0,,,,,,,,,,,,,,0.0,PS_008,,,
,,2024-05-21T13:15:00Z,0,0,0,0,0,0,1,0,0,0,,,,,,,,,,,,,,0.0,PS_008,,,
,,2024-05-21T13:30:00Z,0,0,0,0,0,0,1,0,0,0,,,,,,,,,,,,,,0.0,PS_008,,,
,,2024-05-21T13:45:00Z,0,0,0,0,0,0,1,0,0,0,,,,,,,,,,,,,,0.0,PS_008,,,
,,2024-05-21T14:00:00Z,0,0,0,0,0,0,1,0,0,0,,,,,,,,,,,,,,0.0,PS_008,,,
,,2024-05-21T14:15:00Z,0,0,0,0,0,0,1,0,0,0,,,,,,,,,,,,,,0.0,PS_008,,,
,,2024-05-21T14:30:00Z,0,0,0,0,0,0,1,0,0,0,,,,,,,,,,,,,,0.0,PS_008,,,
,,2024-05-21T14:45:00Z,0,0,0,0,0,0,1,0,0,0,,,,,,,,,,,,,,0.0,PS_008,,,
,,2024-05-21T15:00:00Z,0,0,0,0,0,0,1,0,0,0,,,,,,,,,,,,,,0.0,PS_008,,,
,,2024-05-21T15:15:00Z,0,0,0,0,0,0,1,0,0,0,,,,,,,,,,,,,,0.0,PS_008,,,
,,2024-05-21T15:30:00Z,0,0,0,0,0,0,1,0,0,0,,,,,,,,,,,,,,0.0,PS_008,,,
,,2024-05-21T15:45:00Z,0,0,0,0,0,0,1,0,0,0,,,,,,,,,,,,,,0.0,PS_008,,,
,,2024-05-21T16:00:00Z,0,0,0,0,0,0,1,0,0,0,,,,,,,,,,,,,,0.0,PS_008,,,
,,2024-05-21T16:15:00Z,0,0,0,0,0,0,1,0,0,0,,,,,,,,,,,,,,0.0,PS_008,,,
,,2024-05-21T16:30:00Z,0,0,0,0,0,0,1,0,0,0,,,,,,,,,,,,,,0.0,PS_008,,,
,,2024-05-21T16:45:00Z,0,0,0,0,0,0,1,0,0,0,,,,,,,,,,,,,,0.0,PS_008,,,
,,2024-05-21T17:00:00Z,0,0,0,0,0,0,1,0,0,0,,,,,,,,,,,,,,0.0,PS_008,,,
,,2024-05-21T17:15:00Z,0,0,0,0,0,0,1,0,0,0,,,,,,,,,,,,,,0.0,PS_008,,,
,,2024-05-21T17:30:00Z,0,0,0,0,0,0,1,0,0,0,,,,,,,,,,,,,,0.0,PS_008,,,
,,2024-05-21T17:45:00Z,0,0,0,0,0,0,1,0,0,0,,,,,,,,,,,,,,0.0,PS_008,,,
,,2024-05-21T18:00:00Z,0,0,0,0,0,0,1,0,0,0,,,,,,,,,,,,,,0.0,PS_008,,,
,,2024-05-21T18:15:00Z,0,0,0,0,0,0,1,0,0,0,,,,,,,,,,,,,,0.0,PS_008,,,
,,2024-05-21T18:30:00Z,0,0,0,0,0,0,1,0,0,0,,,,,,,,,,,,,,0.0,PS_008,,,
,,2024-05-21T18:45:00Z,0,0,0,0,0,0,1,0,0,0,,,,,,,,,,,,,,0.0,PS_008,,,
,,2024-05-21T19:00:00Z,0,0,0,0,0,0,1,0,0,0,,,,,,,,,,,,,,0.0,PS_008,,,
,,2024-05-21T19:15:00Z,0,0,0,0,0,0,1,0,0,0,,,,,,,,,,,,,,0.0,PS_008,,,
,,2024-05-21T19:30:00Z,0,0,0,0,0,0,1,0,0,0,,,,,,,,,,,,,,0.0,PS_008,,,
,,2024-05-21T19:45:00Z,0,0,0,0,0,0,1,0,0,0,,,,,,,,,,,,,,0.0,PS_008,,,
,,2024-05-21T20:00:00Z,0,0,0,0,0,0,1,0,0,0,,,,,,,,,,,,,,0.0,PS_008,,,
,,2024-05-21T20:15:00Z,0,0,0,0,0,0,1,0,0,0,,,,,,,,,,,,,,0.0,PS_008,,,
,,2024-05-21T20:30:00Z,0,0,0,0,0,0,1,0,0,0,,,,,,,,,,,,,,0.0,PS_008,,,
,,2024-05-21T20:45:00Z,0,0,0,0,0,0,1,0,0,0,,,,,,,,,,,,,,0.0,PS_008,,,
,,2024-05-21T21:00:00Z,0,0,0,0,0,0,1,0,0,0,,,,,,,,,,,,,,0.0,PS_008,,,
,,2024-05-21T21:15:00Z,0,0,0,0,0,0,1,0,0,0,,,,,,,,,,,,,,0.0,PS_008,,,
,,2024-05-21T21:30:00Z,0,0,0,0,0,0,1,0,0,0,,,,,,,,,,,,,,0.0,PS_008,,,
,,2024-05-21T21:45:00Z,0,0,0,0,0,0,1,0,0,0,,,,,,,,,,,,,,0.0,PS_008,,,
,,2024-05-21T22:00:00Z,0,0,0,0,0,0,1,0,0,0,,,,,,,,,,,,,,0.0,PS_008,,,
,,2024-05-21T22:15:00Z,0,0,0,0,0,0,1,0,0,0,,,,,,,,,,,,,,0.0,PS_008,,,
,,2024-05-21T22:30:00Z,0,0,0,0,0,0,1,0,0,0,,,,,,,,,,,,,,0.0,PS_008,,,
,,2024-05-21T22:45:00Z,0,0,0,0,0,0,1,0,0,0,,,,,,,,,,,,,,0.0,PS_008,,,
,,2024-05-21T23:00:00Z,0,0,0,0,0,0,1,0,0,0,,,,,,,,,,,,,,0.0,PS_008,,,
,,2024-05-21T23:15:00Z,0,0,0,0,0,0,1,0,0,0,,,,,,,,,,,,,,0.0,PS_008,,,
,,2024-05-21T23:30:00Z,0,0,0,0,0,0,1,0,0,0,,,,,,,,,,,,,,0.0,PS_008,,,
,,2024-05-21T23:45:00Z,0,0,0,0,0,0,1,0,0,0,,,,,,,,,,,,,,0.0,PS_008,,,
,,2024-05-22T00:00:00Z,0,0,0,0,0,0,1,0,0,0,,,,,,,,,,,,,,0.0,PS_008,,,
,,2024-05-22T00:15:00Z,0,0,0,0,0,0,1,0,0,0,,,,,,,,,,,,,,0.0,PS_008,,,
,,2024-05-22T00:30:00Z,0,0,0,0,0,0,1,0,0,0,,,,,,,,,,,,,,0.0,PS_008,,,
,,2024-05-22T00:45:00Z,0,0,0,0,0,0,1,0,0,0,,,,,,,,,,,,,,0.0,PS_008,,,
,,2024-05-22T01:00:00Z,0,0,0,0,0,0,1,0,0,0,,,,,,,,,,,,,,0.0,PS_008,,,
,,2024-05-22T01:15:00Z,0,0,0,0,0,0,1,0,0,0,,,,,,,,,,,,,,0.0,PS_008,,,
,,2024-05-22T01:30:00Z,0,0,0,0,0,0,1,0,0,0,,,,,,,,,,,,,,0.0,PS_008,,,
,,2024-05-22T01:45:00Z,0,0,0,0,0,0,1,0,0,0,,,,,,,,,,,,,,0.0,PS_008,,,
,,2024-05-22T02:00:00Z,0,0,0,0,0,0,1,0,0,0,,,,,,,,,,,,,,0.0,PS_008,,,
,,2024-05-22T02:15:00Z,0,0,0,0,0,0,1,0,0,0,,,,,,,,,,,,,,0.0,PS_008,,,
,,2024-05-22T02:30:00Z,0,0,0,0,0,0,1,0,0,0,,,,,,,,,,,,,,0.0,PS_008,,,
,,2024-05-22T02:45:00Z,0,0,0,0,0,0,1,0,0,0,,,,,,,,,,,,,,0.0,PS_008,,,
,,2024-05-22T03:00:00Z,0,0,0,0,0,0,1,0,0,0,,,,,,,,,,,,,,0.0,PS_008,,,
,,2024-05-22T03:15:00Z,0,0,0,0,0,0,1,0,0,0,,,,,,,,,,,,,,0.0,PS_008,,,
,,2024-05-22T03:30:00Z,0,0,0,0,0,0,1,0,0,0,,,,,,,,,,,,,,0.0,PS_008,,,
,,2024-05-22T03:45:00Z,0,0,0,0,0,0,1,0,0,0,,,,,,,,,,,,,,0.0,PS_008,,,
,,2024-05-22T04:00:00Z,0,0,0,0,0,0,1,0,0,0,,,,,,,,,,,,,,0.0,PS_008,,,
,,2024-05-22T04:15:00Z,0,0,0,0,0,0,1,0,0,0,,,,,,,,,,,,,,0.0,PS_008,,,
,,2024-05-22T04:30:00Z,0,0,0,0,0,0,1,0,0,0,,,,,,,,,,,,,,0.0,PS_008,,,
,,2024-05-22T04:45:00Z,0,0,0,0,0,0,1,0,0,0,,,,,,,,,,,,,,0.0,PS_008,,,
,,2024-05-22T05:00:00Z,0,0,0,0,0,0,1,0,0,0,,,,,,,,,,,,,,0.0,PS_008,,,
,,2024-05-22T05:15:00Z,0,0,0,0,0,0,1,0,0,0,,,,,,,,,,,,,,0.0,PS_008,,,
,,2024-05-22T05:30:00Z,0,0,0,0,0,0,1,0,0,0,,,,,,,,,,,,,,0.0,PS_008,,,
,,2024-05-22T05:45:00Z,0,0,0,0,0,0,1,0,0,0,,,,,,,,,,,,,,0.0,PS_008,,,
,,2024-05-22T06:00:00Z,0,0,0,0,0,0,1,0,0,0,,,,,,,,,,,,,,0.0,PS_008,,,
,,2024-05-22T06:15:00Z,0,0,0,0,0,0,1,0,0,0,,,,,,,,,,,,,,0.0,PS_008,,,
,,2024-05-22T06:30:00Z,0,0,0,0,0,0,1,0,0,0,,,,,,,,,,,,,,0.0,PS_008,,,
,,2024-05-22T06:45:00Z,0,0,0,0,0,0,1,0,0,0,,,,,,,,,,,,,,0.0,PS_008,,,
,,2024-05-22T07:00:00Z,0,0,0,0,0,0,1,0,0,0,,,,,,,,,,,,,,0.0,PS_008,,,
,,2024-05-22T07:15:00Z,0,0,0,0,0,0,1,0,0,0,,,,,,,,,,,,,,0.0,PS_008,,,
,,2024-05-22T07:30:00Z,0,0,0,0,0,0,1,0,0,0,,,,,,,,,,,,,,0.0,PS_008,,,
,,2024-05-22T07:45:00Z,0,0,0,0,0,0,1,0,0,0,,,,,,,,,,,,,,0.0,PS_008,,,
,,2024-05-22T08:00:00Z,0,0,0,0,0,0,1,0,0,0,,,,,,,,,,,,,,0.0,PS_008,,,
,,2024-05-22T08:15:00Z,0,0,0,0,0,0,1,0,0,0,,,,,,,,,,,,,,0.0,PS_008,,,
,,2024-05-22T08:30:00Z,0,0,0,0,0,0,1,0,0,0,,,,,,,,,,,,,,0.0,PS_008,,,
,,2024-05-22T08:45:00Z,0,0,0,0,0,0,1,0,0,0,,,,,,,,,,,,,,0.0,PS_008,,,
,,2024-05-22T09:00:00Z,0,0,0,0,0,0,1,0,0,0,,,,,,,,,,,,,,0.0,PS_008,,,
,,2024-05-22T09:15:00Z,0,0,0,0,0,0,1,0,0,0,,,,,,,,,,,,,,0.0,PS_008,,,
,,2024-05-22T09:30:00Z,0,0,0,0,0,0,1,0,0,0,,,,,,,,,,,,,,0.0,PS_008,,,
,,2024-05-22T09:45:00Z,0,0,0,0,0,0,1,0,0,0,,,,,,,,,,,,,,0.0,PS_008,,,
,,2024-05-22T10:00:00Z,0,0,0,0,0,0,1,0,0,0,,,,,,,,,,,,,,0.0,PS_008,,,
,,2024-05-22T10:15:00Z,0,0,0,0,0,0,1,0,0,0,,,,,,,,,,,,,,0.0,PS_008,,,
,,2024-05-22T10:30:00Z,0,0,0,0,0,0,1,0,0,0,,,,,,,,,,,,,,0.0,PS_008,,,
,,2024-05-22T10:45:00Z,0,0,0,0,0,0,1,0,0,0,,,,,,,,,,,,,,0.0,PS_008,,,
,,2024-05-22T11:00:00Z,0,0,0,0,0,0,1,0,0,0,,,,,,,,,,,,,,0.0,PS_008,,,
,,2024-05-22T11:15:00Z,0,0,0,0,0,0,1,0,0,0,,,,,,,,,,,,,,0.0,PS_008,,,
,,2024-05-22T11:30:00Z,0,0,0,0,0,0,1,0,0,0,,,,,,,,,,,,,,0.0,PS_008,,,
,,2024-05-22T11:45:00Z,0,0,0,0,0,0,1,0,0,0,,,,,,,,,,,,,,0.0,PS_008,,,
,,2024-05-22T12:00:00Z,0,0,0,0,0,0,1,0,0,0,,,,,,,,,,,,,,0.0,PS_008,,,
,,2024-05-22T12:15:00Z,0,0,0,0,0,0,1,0,0,0,,,,,,,,,,,,,,0.0,PS_008,,,
,,2024-05-22T12:30:00Z,0,0,0,0,0,0,1,0,0,0,,,,,,,,,,,,,,0.0,PS_008,,,
,,2024-05-22T12:45:00Z,0,0,0,0,0,0,1,0,0,0,,,,,,,,,,,,,,0.0,PS_008,,,
,,2024-05-22T13:00:00Z,0,0,0,0,0,0,1,0,0,0,,,,,,,,,,,,,,0.0,PS_008,,,
,,2024-05-22T13:15:00Z,0,0,0,0,0,0,1,0,0,0,,,,,,,,,,,,,,0.0,PS_008,,,
,,2024-05-22T13:30:00Z,0,0,0,0,0,0,1,0,0,0,,,,,,,,,,,,,,0.0,PS_008,,,
,,2024-05-22T13:45:00Z,0,0,0,0,0,0,1,0,0,0,,,,,,,,,,,,,,0.0,PS_008,,,
,,2024-05-22T14:00:00Z,0,0,0,0,0,0,1,0,0,0,,,,,,,,,,,,,,0.0,PS_008,,,
,,2024-05-22T14:15:00Z,0,0,0,0,0,0,1,0,0,0,,,,,,,,,,,,,,0.0,PS_008,,,
,,2024-05-22T14:30:00Z,0,0,0,0,0,0,1,0,0,0,,,,,,,,,,,,,,0.0,PS_008,,,
,,2024-05-22T14:45:00Z,0,0,0,0,0,0,1,0,0,0,,,,,,,,,,,,,,0.0,PS_008,,,
,,2024-05-22T15:00:00Z,0,0,0,0,0,0,1,0,0,0,,,,,,,,,,,,,,0.0,PS_008,,,
,,2024-05-22T15:15:00Z,0,0,0,0,0,0,1,0,0,0,,,,,,,,,,,,,,0.0,PS_008,,,
,,2024-05-22T15:30:00Z,0,0,0,0,0,0,1,0,0,0,,,,,,,,,,,,,,0.0,PS_008,,,
,,2024-05-22T15:45:00Z,0,0,0,0,0,0,1,0,0,0,,,,,,,,,,,,,,0.0,PS_008,,,
,,2024-05-22T16:00:00Z,0,0,0,0,0,0,1,0,0,0,,,,,,,,,,,,,,0.0,PS_008,,,
,,2024-05-22T16:15:00Z,0,0,0,0,0,0,1,0,0,0,,,,,,,,,,,,,,0.0,PS_008,,,
,,2024-05-22T16:30:00Z,0,0,0,0,0,0,1,0,0,0,,,,,,,,,,,,,,0.0,PS_008,,,
,,2024-05-22T16:45:00Z,0,0,0,0,0,0,1,0,0,0,,,,,,,,,,,,,,0.0,PS_008,,,
,,2024-05-22T17:00:00Z,0,0,0,0,0,0,1,0,0,0,,,,,,,,,,,,,,0.0,PS_008,,,
,,2024-05-22T17:15:00Z,0,0,0,0,0,0,1,0,0,0,,,,,,,,,,,,,,0.0,PS_008,,,
,,2024-05-22T17:30:00Z,0,0,0,0,0,0,1,0,0,0,,,,,,,,,,,,,,0.0,PS_008,,,
,,2024-05-22T17:45:00Z,0,0,0,0,0,0,1,0,0,0,,,,,,,,,,,,,,0.0,PS_008,,,
,,2024-05-22T18:00:00Z,0,0,0,0,0,0,1,0,0,0,,,,,,,,,,,,,,0.0,PS_008,,,
,,2024-05-22T18:15:00Z,0,0,0,0,0,0,1,0,0,0,,,,,,,,,,,,,,0.0,PS_008,,,
,,2024-05-22T18:30:00Z,0,0,0,0,0,0,1,0,0,0,,,,,,,,,,,,,,0.0,PS_008,,,
,,2024-05-22T18:45:00Z,0,0,0,0,0,0,1,0,0,0,,,,,,,,,,,,,,0.0,PS_008,,,
,,2024-05-22T19:00:00Z,0,0,0,0,0,0,1,0,0,0,,,,,,,,,,,,,,0.0,PS_008,,,
,,2024-05-22T19:15:00Z,0,0,0,0,0,0,1,0,0,0,,,,,,,,,,,,,,0.0,PS_008,,,
,,2024-05-22T19:30:00Z,0,0,0,0,0,0,1,0,0,0,,,,,,,,,,,,,,0.0,PS_008,,,
,,2024-05-22T19:45:00Z,0,0,0,0,0,0,1,0,0,0,,,,,,,,,,,,,,0.0,PS_008,,,
,,2024-05-22T20:00:00Z,0,0,0,0,0,0,1,0,0,0,,,,,,,,,,,,,,0.0,PS_008,,,
,,2024-05-22T20:15:00Z,0,0,0,0,0,0,1,0,0,0,,,,,,,,,,,,,,0.0,PS_008,,,
,,2024-05-22T20:30:00Z,0,0,0,0,0,0,1,0,0,0,,,,,,,,,,,,,,0.0,PS_008,,,
,,2024-05-22T20:45:00Z,0,0,0,0,0,0,1,0,0,0,,,,,,,,,,,,,,0.0,PS_008,,,
,,2024-05-22T21:00:00Z,0,0,0,0,0,0,1,0,0,0,,,,,,,,,,,,,,0.0,PS_008,,,
,,2024-05-22T21:15:00Z,0,0,0,0,0,0,1,0,0,0,,,,,,,,,,,,,,0.0,PS_008,,,
,,2024-05-22T21:30:00Z,0,0,0,0,0,0,1,0,0,0,,,,,,,,,,,,,,0.0,PS_008,,,
,,2024-05-22T21:45:00Z,0,0,0,0,0,0,1,0,0,0,,,,,,,,,,,,,,0.0,PS_008,,,
,,2024-05-22T22:00:00Z,0,0,0,0,0,0,1,0,0,0,,,,,,,,,,,,,,0.0,PS_008,,,
,,2024-05-22T22:15:00Z,0,0,0,0,0,0,1,0,0,0,,,,,,,,,,,,,,0.0,PS_008,,,
,,2024-05-22T22:30:00Z,0,0,0,0,0,0,1,0,0,0,,,,,,,,,,,,,,0.0,PS_008,,,
,,2024-05-22T22:45:00Z,0,0,0,0,0,0,1,0,0,0,,,,,,,,,,,,,,0.0,PS_008,,,
,,2024-05-22T23:00:00Z,0,0,0,0,0,0,1,0,0,0,,,,,,,,,,,,,,0.0,PS_008,,,
,,2024-05-22T23:15:00Z,0,0,0,0,0,0,1,0,0,0,,,,,,,,,,,,,,0.0,PS_008,,,
,,2024-05-22T23:30:00Z,0,0,0,0,0,0,1,0,0,0,,,,,,,,,,,,,,0.0,PS_008,,,
,,2024-05-22T23:45:00Z,0,0,0,0,0,0,1,0,0,0,,,,,,,,,,,,,,0.0,PS_008,,,
,,2024-05-23T00:00:00Z,0,0,0,0,0,0,1,0,0,0,,,,,,,,,,,,,,0.0,PS_008,,,
,,2024-05-23T00:15:00Z,0,0,0,0,0,0,1,0,0,0,,,,,,,,,,,,,,0.0,PS_008,,,
,,2024-05-23T00:30:00Z,0,0,0,0,0,0,1,0,0,0,,,,,,,,,,,,,,0.0,PS_008,,,
,,2024-05-23T00:45:00Z,0,0,0,0,0,0,1,0,0,0,,,,,,,,,,,,,,0.0,PS_008,,,
,,2024-05-23T01:00:00Z,0,0,0,0,0,0,1,0,0,0,,,,,,,,,,,,,,0.0,PS_008,,,
,,2024-05-23T01:15:00Z,0,0,0,0,0,0,1,0,0,0,,,,,,,,,,,,,,0.0,PS_008,,,
,,2024-05-23T01:30:00Z,0,0,0,0,0,0,1,0,0,0,,,,,,,,,,,,,,0.0,PS_008,,,
,,2024-05-23T01:45:00Z,0,0,0,0,0,0,1,0,0,0,,,,,,,,,,,,,,0.0,PS_008,,,
,,2024-05-23T02:00:00Z,0,0,0,0,0,0,1,0,0,0,,,,,,,,,,,,,,0.0,PS_008,,,
,,2024-05-23T02:15:00Z,0,0,0,0,0,0,1,0,0,0,,,,,,,,,,,,,,0.0,PS_008,,,
,,2024-05-23T02:30:00Z,0,0,0,0,0,0,1,0,0,0,,,,,,,,,,,,,,0.0,PS_008,,,
,,2024-05-23T02:45:00Z,0,0,0,0,0,0,1,0,0,0,,,,,,,,,,,,,,0.0,PS_008,,,
,,2024-05-23T03:00:00Z,0,0,0,0,0,0,1,0,0,0,,,,,,,,,,,,,,0.0,PS_008,,,
,,2024-05-23T03:15:00Z,0,0,0,0,0,0,1,0,0,0,,,,,,,,,,,,,,0.0,PS_008,,,
,,2024-05-23T03:30:00Z,0,0,0,0,0,0,1,0,0,0,,,,,,,,,,,,,,0.0,PS_008,,,
,,2024-05-23T03:45:00Z,0,0,0,0,0,0,1,0,0,0,,,,,,,,,,,,,,0.0,PS_008,,,
,,2024-05-23T04:00:00Z,0,0,0,0,0,0,1,0,0,0,,,,,,,,,,,,,,0.0,PS_008,,,
,,2024-05-23T04:15:00Z,0,0,0,0,0,0,1,0,0,0,,,,,,,,,,,,,,0.0,PS_008,,,
,,2024-05-23T04:30:00Z,0,0,0,0,0,0,1,0,0,0,,,,,,,,,,,,,,0.0,PS_008,,,
,,2024-05-23T04:45:00Z,0,0,0,0,0,0,1,0,0,0,,,,,,,,,,,,,,0.0,PS_008,,,
,,2024-05-23T05:00:00Z,0,0,0,0,0,0,1,0,0,0,,,,,,,,,,,,,,0.0,PS_008,,,
,,2024-05-23T05:15:00Z,0,0,0,0,0,0,1,0,0,0,,,,,,,,,,,,,,0.0,PS_008,,,
,,2024-05-23T05:30:00Z,0,0,0,0,0,0,1,0,0,0,,,,,,,,,,,,,,0.0,PS_008,,,
,,2024-05-23T05:45:00Z,0,0,0,0,0,0,1,0,0,0,,,,,,,,,,,,,,0.0,PS_008,,,
,,2024-05-23T06:00:00Z,0,0,0,0,0,0,1,0,0,0,,,,,,,,,,,,,,0.0,PS_008,,,
,,2024-05-23T06:15:00Z,0,0,0,0,0,0,1,0,0,0,,,,,,,,,,,,,,0.0,PS_008,,,
,,2024-05-23T06:30:00Z,0,0,0,0,0,0,1,0,0,0,,,,,,,,,,,,,,0.0,PS_008,,,
,,2024-05-23T06:45:00Z,0,0,0,0,0,0,1,0,0,0,,,,,,,,,,,,,,0.0,PS_008,,,
,,2024-05-23T07:00:00Z,0,0,0,0,0,0,1,0,0,0,,,,,,,,,,,,,,0.0,PS_008,,,
,,2024-05-23T07:15:00Z,0,0,0,0,0,0,1,0,0,0,,,,,,,,,,,,,,0.0,PS_008,,,
,,2024-05-23T07:30:00Z,0,0,0,0,0,0,1,0,0,0,,,,,,,,,,,,,,0.0,PS_008,,,
,,2024-05-23T07:45:00Z,0,0,0,0,0,0,1,0,0,0,,,,,,,,,,,,,,0.0,PS_008,,,
,,2024-05-23T08:00:00Z,0,0,0,0,0,0,1,0,0,0,,,,,,,,,,,,,,0.0,PS_008,,,
,,2024-05-23T08:15:00Z,0,0,0,0,0,0,1,0,0,0,,,,,,,,,,,,,,0.0,PS_008,,,
,,2024-05-23T08:30:00Z,0,0,0,0,0,0,1,0,0,0,,,,,,,,,,,,,,0.0,PS_008,,,
,,2024-05-23T08:45:00Z,0,0,0,0,0,0,1,0,0,0,,,,,,,,,,,,,,0.0,PS_008,,,
,,2024-05-23T09:00:00Z,0,0,0,0,0,0,1,0,0,0,,,,,,,,,,,,,,0.0,PS_008,,,
,,2024-05-23T09:15:00Z,0,0,0,0,0,0,1,0,0,0,,,,,,,,,,,,,,0.0,PS_008,,,
,,2024-05-23T09:30:00Z,0,0,0,0,0,0,1,0,0,0,,,,,,,,,,,,,,0.0,PS_008,,,
,,2024-05-23T09:45:00Z,0,0,0,0,0,0,1,0,0,0,,,,,,,,,,,,,,0.0,PS_008,,,
,,2024-05-23T10:00:00Z,0,0,0,0,0,0,1,0,0,0,,,,,,,,,,,,,,0.0,PS_008,,,
,,2024-05-23T10:15:00Z,0,0,0,0,0,0,1,0,0,0,,,,,,,,,,,,,,0.0,PS_008,,,
,,2024-05-23T10:30:00Z,0,0,0,0,0,0,1,0,0,0,,,,,,,,,,,,,,0.0,PS_008,,,
,,2024-05-23T10:45:00Z,0,0,0,0,0,0,1,0,0,0,,,,,,,,,,,,,,0.0,PS_008,,,
,,2024-05-23T11:00:00Z,0,0,0,0,0,0,1,0,0,0,,,,,,,,,,,,,,0.0,PS_008,,,
,,2024-05-23T11:15:00Z,0,0,0,0,0,0,1,0,0,0,,,,,,,,,,,,,,0.0,PS_008,,,
,,2024-05-23T11:30:00Z,0,0,0,0,0,0,1,0,0,0,,,,,,,,,,,,,,0.0,PS_008,,,
,,2024-05-23T11:45:00Z,0,0,0,0,0,0,1,0,0,0,,,,,,,,,,,,,,0.0,PS_008,,,
,,2024-05-23T12:00:00Z,0,0,0,0,0,0,1,0,0,0,,,,,,,,,,,,,,0.0,PS_008,,,
,,2024-05-23T12:15:00Z,0,0,0,0,0,0,1,0,0,0,,,,,,,,,,,,,,0.0,PS_008,,,
,,2024-05-23T12:30:00Z,0,0,0,0,0,0,1,0,0,0,,,,,,,,,,,,,,0.0,PS_008,,,
,,2024-05-23T12:45:00Z,0,0,0,0,0,0,1,0,0,0,,,,,,,,,,,,,,0.0,PS_008,,,
,,2024-05-23T13:00:00Z,0,0,0,0,0,0,1,0,0,0,,,,,,,,,,,,,,0.0,PS_008,,,
,,2024-05-23T13:15:00Z,0,0,0,0,0,0,1,0,0,0,,,,,,,,,,,,,,0.0,PS_008,,,
,,2024-05-23T13:30:00Z,0,0,0,0,0,0,1,0,0,0,,,,,,,,,,,,,,0.0,PS_008,,,
,,2024-05-23T13:45:00Z,0,0,0,0,0,0,1,0,0,0,,,,,,,,,,,,,,0.0,PS_008,,,
,,2024-05-23T14:00:00Z,0,0,0,0,0,0,1,0,0,0,,,,,,,,,,,,,,0.0,PS_008,,,
,,2024-05-23T14:15:00Z,0,0,0,0,0,0,1,0,0,0,,,,,,,,,,,,,,0.0,PS_008,,,
,,2024-05-23T14:30:00Z,0,0,0,0,0,0,1,0,0,0,,,,,,,,,,,,,,0.0,PS_008,,,
,,2024-05-23T14:45:00Z,0,0,0,0,0,0,1,0,0,0,,,,,,,,,,,,,,0.0,PS_008,,,
,,2024-05-23T15:00:00Z,0,0,0,0,0,0,1,0,0,0,,,,,,,,,,,,,,0.0,PS_008,,,
,,2024-05-23T15:15:00Z,0,0,0,0,0,0,1,0,0,0,,,,,,,,,,,,,,0.0,PS_008,,,
,,2024-05-23T15:30:00Z,0,0,0,0,0,0,1,0,0,0,,,,,,,,,,,,,,0.0,PS_008,,,
,,2024-05-23T15:45:00Z,0,0,0,0,0,0,1,0,0,0,,,,,,,,,,,,,,0.0,PS_008,,,
,,2024-05-23T16:00:00Z,0,0,0,0,0,0,1,0,0,0,,,,,,,,,,,,,,0.0,PS_008,,,
,,2024-05-23T16:15:00Z,0,0,0,0,0,0,1,0,0,0,,,,,,,,,,,,,,0.0,PS_008,,,
,,2024-05-23T16:30:00Z,0,0,0,0,0,0,1,0,0,0,,,,,,,,,,,,,,0.0,PS_008,,,
,,2024-05-23T16:45:00Z,0,0,0,0,0,0,1,0,0,0,,,,,,,,,,,,,,0.0,PS_008,,,
,,2024-05-23T17:00:00Z,0,0,0,0,0,0,1,0,0,0,,,,,,,,,,,,,,0.0,PS_008,,,
,,2024-05-23T17:15:00Z,0,0,0,0,0,0,1,0,0,0,,,,,,,,,,,,,,0.0,PS_008,,,
,,2024-05-23T17:30:00Z,0,0,0,0,0,0,1,0,0,0,,,,,,,,,,,,,,0.0,PS_008,,,
,,2024-05-23T17:45:00Z,0,0,0,0,0,0,1,0,0,0,,,,,,,,,,,,,,0.0,PS_008,,,
,,2024-05-23T18:00:00Z,0,0,0,0,0,0,1,0,0,0,,,,,,,,,,,,,,0.0,PS_008,,,
,,2024-05-23T18:15:00Z,0,0,0,0,0,0,1,0,0,0,,,,,,,,,,,,,,0.0,PS_008,,,
,,2024-05-23T18:30:00Z,0,0,0,0,0,0,1,0,0,0,,,,,,,,,,,,,,0.0,PS_008,,,
,,2024-05-23T18:45:00Z,0,0,0,0,0,0,1,0,0,0,,,,,,,,,,,,,,0.0,PS_008,,,
,,2024-05-23T19:00:00Z,0,0,0,0,0,0,1,0,0,0,,,,,,,,,,,,,,0.0,PS_008,,,
,,2024-05-23T19:15:00Z,0,0,0,0,0,0,1,0,0,0,,,,,,,,,,,,,,0.0,PS_008,,,
,,2024-05-23T19:30:00Z,0,0,0,0,0,0,1,0,0,0,,,,,,,,,,,,,,0.0,PS_008,,,
,,2024-05-23T19:45:00Z,0,0,0,0,0,0,1,0,0,0,,,,,,,,,,,,,,0.0,PS_008,,,
,,2024-05-23T20:00:00Z,0,0,0,0,0,0,1,0,0,0,,,,,,,,,,,,,,0.0,PS_008,,,
,,2024-05-23T20:15:00Z,0,0,0,0,0,0,1,0,0,0,,,,,,,,,,,,,,0.0,PS_008,,,
,,2024-05-23T20:30:00Z,0,0,0,0,0,0,1,0,0,0,,,,,,,,,,,,,,0.0,PS_008,,,
,,2024-05-23T20:45:00Z,0,0,0,0,0,0,1,0,0,0,,,,,,,,,,,,,,0.0,PS_008,,,
,,2024-05-23T21:00:00Z,0,0,0,0,0,0,1,0,0,0,,,,,,,,,,,,,,0.0,PS_008,,,
,,2024-05-23T21:15:00Z,0,0,0,0,0,0,1,0,0,0,,,,,,,,,,,,,,0.0,PS_008,,,
,,2024-05-23T21:30:00Z,0,0,0,0,0,0,1,0,0,0,,,,,,,,,,,,,,0.0,PS_008,,,
,,2024-05-23T21:45:00Z,0,0,0,0,0,0,1,0,0,0,,,,,,,,,,,,,,0.0,PS_008,,,
,,2024-05-23T22:00:00Z,0,0,0,0,0,0,1,0,0,0,,,,,,,,,,,,,,0.0,PS_008,,,
,,2024-05-23T22:15:00Z,0,0,0,0,0,0,1,0,0,0,,,,,,,,,,,,,,0.0,PS_008,,,
,,2024-05-23T22:30:00Z,0,0,0,0,0,0,1,0,0,0,,,,,,,,,,,,,,0.0,PS_008,,,
,,2024-05-23T22:45:00Z,0,0,0,0,0,0,1,0,0,0,,,,,,,,,,,,,,0.0,PS_008,,,
,,2024-05-23T23:00:00Z,0,0,0,0,0,0,1,0,0,0,,,,,,,,,,,,,,0.0,PS_008,,,
,,2024-05-23T23:15:00Z,0,0,0,0,0,0,1,0,0,0,,,,,,,,,,,,,,0.0,PS_008,,,
,,2024-05-23T23:30:00Z,0,0,0,0,0,0,1,0,0,0,,,,,,,,,,,,,,0.0,PS_008,,,
,,2024-05-23T23:45:00Z,0,0,0,0,0,0,1,0,0,0,,,,,,,,,,,,,,0.0,PS_008,,,
,,2024-05-24T00:00:00Z,0,0,0,0,0,0,1,0,0,0,,,,,,,,,,,,,,0.0,PS_008,,,
,,2024-05-24T00:15:00Z,0,0,0,0,0,0,1,0,0,0,,,,,,,,,,,,,,0.0,PS_008,,,
,,2024-05-24T00:30:00Z,0,0,0,0,0,0,1,0,0,0,,,,,,,,,,,,,,0.0,PS_008,,,
,,2024-05-24T00:45:00Z,0,0,0,0,0,0,1,0,0,0,,,,,,,,,,,,,,0.0,PS_008,,,
,,2024-05-24T01:00:00Z,0,0,0,0,0,0,1,0,0,0,,,,,,,,,,,,,,0.0,PS_008,,,
,,2024-05-24T01:15:00Z,0,0,0,0,0,0,1,0,0,0,,,,,,,,,,,,,,0.0,PS_008,,,
,,2024-05-24T01:30:00Z,0,0,0,0,0,0,1,0,0,0,,,,,,,,,,,,,,0.0,PS_008,,,
,,2024-05-24T01:45:00Z,0,0,0,0,0,0,1,0,0,0,,,,,,,,,,,,,,0.0,PS_008,,,
,,2024-05-24T02:00:00Z,0,0,0,0,0,0,1,0,0,0,,,,,,,,,,,,,,0.0,PS_008,,,
,,2024-05-24T02:15:00Z,0,0,0,0,0,0,1,0,0,0,,,,,,,,,,,,,,0.0,PS_008,,,
,,2024-05-24T02:30:00Z,0,0,0,0,0,0,1,0,0,0,,,,,,,,,,,,,,0.0,PS_008,,,
,,2024-05-24T02:45:00Z,0,0,0,0,0,0,1,0,0,0,,,,,,,,,,,,,,0.0,PS_008,,,
,,2024-05-24T03:00:00Z,0,0,0,0,0,0,1,0,0,0,,,,,,,,,,,,,,0.0,PS_008,,,
,,2024-05-24T03:15:00Z,0,0,0,0,0,0,1,0,0,0,,,,,,,,,,,,,,0.0,PS_008,,,
,,2024-05-24T03:30:00Z,0,0,0,0,0,0,1,0,0,0,,,,,,,,,,,,,,0.0,PS_008,,,
,,2024-05-24T03:45:00Z,0,0,0,0,0,0,1,0,0,0,,,,,,,,,,,,,,0.0,PS_008,,,
,,2024-05-24T04:00:00Z,0,0,0,0,0,0,1,0,0,0,,,,,,,,,,,,,,0.0,PS_008,,,
,,2024-05-24T04:15:00Z,0,0,0,0,0,0,1,0,0,0,,,,,,,,,,,,,,0.0,PS_008,,,
,,2024-05-24T04:30:00Z,0,0,0,0,0,0,1,0,0,0,,,,,,,,,,,,,,0.0,PS_008,,,
,,2024-05-24T04:45:00Z,0,0,0,0,0,0,1,0,0,0,,,,,,,,,,,,,,0.0,PS_008,,,
,,2024-05-24T05:00:00Z,0,0,0,0,0,0,1,0,0,0,,,,,,,,,,,,,,0.0,PS_008,,,
,,2024-05-24T05:15:00Z,0,0,0,0,0,0,1,0,0,0,,,,,,,,,,,,,,0.0,PS_008,,,
,,2024-05-24T05:30:00Z,0,0,0,0,0,0,1,0,0,0,,,,,,,,,,,,,,0.0,PS_008,,,
,,2024-05-24T05:45:00Z,0,0,0,0,0,0,1,0,0,0,,,,,,,,,,,,,,0.0,PS_008,,,
,,2024-05-24T06:00:00Z,0,0,0,0,0,0,1,0,0,0,,,,,,,,,,,,,,0.0,PS_008,,,
,,2024-05-24T06:15:00Z,0,0,0,0,0,0,1,0,0,0,,,,,,,,,,,,,,0.0,PS_008,,,
,,2024-05-24T06:30:00Z,0,0,0,0,0,0,1,0,0,0,,,,,,,,,,,,,,0.0,PS_008,,,
,,2024-05-24T06:45:00Z,0,0,0,0,0,0,1,0,0,0,,,,,,,,,,,,,,0.0,PS_008,,,
,,2024-05-24T07:00:00Z,0,0,0,0,0,0,1,0,0,0,,,,,,,,,,,,,,0.0,PS_008,,,
,,2024-05-24T07:15:00Z,0,0,0,0,0,0,1,0,0,0,,,,,,,,,,,,,,0.0,PS_008,,,
,,2024-05-24T07:30:00Z,0,0,0,0,0,0,1,0,0,0,,,,,,,,,,,,,,0.0,PS_008,,,
,,2024-05-24T07:45:00Z,0,0,0,0,0,0,1,0,0,0,,,,,,,,,,,,,,0.0,PS_008,,,
,,2024-05-24T08:00:00Z,0,0,0,0,0,0,1,0,0,0,,,,,,,,,,,,,,0.0,PS_008,,,
,,2024-05-24T08:15:00Z,0,0,0,0,0,0,1,0,0,0,,,,,,,,,,,,,,0.0,PS_008,,,
,,2024-05-24T08:30:00Z,0,0,0,0,0,0,1,0,0,0,,,,,,,,,,,,,,0.0,PS_008,,,
,,2024-05-24T08:45:00Z,0,0,0,0,0,0,1,0,0,0,,,,,,,,,,,,,,0.0,PS_008,,,
,,2024-05-24T09:00:00Z,0,0,0,0,0,0,1,0,0,0,,,,,,,,,,,,,,0.0,PS_008,,,
,,2024-05-24T09:15:00Z,0,0,0,0,0,0,1,0,0,0,,,,,,,,,,,,,,0.0,PS_008,,,
,,2024-05-24T09:30:00Z,0,0,0,0,0,0,1,0,0,0,,,,,,,,,,,,,,0.0,PS_008,,,
,,2024-05-24T09:45:00Z,0,0,0,0,0,0,1,0,0,0,,,,,,,,,,,,,,0.0,PS_008,,,
,,2024-05-24T10:00:00Z,0,0,0,0,0,0,1,0,0,0,,,,,,,,,,,,,,0.0,PS_008,,,
,,2024-05-24T10:15:00Z,0,0,0,0,0,0,1,0,0,0,,,,,,,,,,,,,,0.0,PS_008,,,
,,2024-05-24T10:30:00Z,0,0,0,0,0,0,1,0,0,0,,,,,,,,,,,,,,0.0,PS_008,,,
,,2024-05-24T10:45:00Z,0,0,0,0,0,0,1,0,0,0,,,,,,,,,,,,,,0.0,PS_008,,,
,,2024-05-24T11:00:00Z,0,0,0,0,0,0,1,0,0,0,,,,,,,,,,,,,,0.0,PS_008,,,
,,2024-05-24T11:15:00Z,0,0,0,0,0,0,1,0,0,0,,,,,,,,,,,,,,0.0,PS_008,,,
,,2024-05-24T11:30:00Z,0,0,0,0,0,0,1,0,0,0,,,,,,,,,,,,,,0.0,PS_008,,,
,,2024-05-24T11:45:00Z,0,0,0,0,0,0,1,0,0,0,,,,,,,,,,,,,,0.0,PS_008,,,
,,2024-05-24T12:00:00Z,0,0,0,0,0,0,1,0,0,0,,,,,,,,,,,,,,0.0,PS_008,,,
,,2024-05-24T12:15:00Z,0,0,0,0,0,0,1,0,0,0,,,,,,,,,,,,,,0.0,PS_008,,,
,,2024-05-24T12:30:00Z,0,0,0,0,0,0,1,0,0,0,,,,,,,,,,,,,,0.0,PS_008,,,
,,2024-05-24T12:45:00Z,0,0,0,0,0,0,1,0,0,0,,,,,,,,,,,,,,0.0,PS_008,,,
,,2024-05-24T13:00:00Z,0,0,0,0,0,0,1,0,0,0,,,,,,,,,,,,,,0.0,PS_008,,,
,,2024-05-24T13:15:00Z,0,0,0,0,0,0,1,0,0,0,,,,,,,,,,,,,,0.0,PS_008,,,
,,2024-05-24T13:30:00Z,0,0,0,0,0,0,1,0,0,0,,,,,,,,,,,,,,0.0,PS_008,,,
,,2024-05-24T13:45:00Z,0,0,0,0,0,0,1,0,0,0,,,,,,,,,,,,,,0.0,PS_008,,,
,,2024-05-24T14:00:00Z,0,0,0,0,0,0,1,0,0,0,,,,,,,,,,,,,,0.0,PS_008,,,
,,2024-05-24T14:15:00Z,0,0,0,0,0,0,1,0,0,0,,,,,,,,,,,,,,0.0,PS_008,,,
,,2024-05-24T14:30:00Z,0,0,0,0,0,0,1,0,0,0,,,,,,,,,,,,,,0.0,PS_008,,,
,,2024-05-24T14:45:00Z,0,0,0,0,0,0,1,0,0,0,,,,,,,,,,,,,,0.0,PS_008,,,
,,2024-05-24T15:00:00Z,0,0,0,0,0,0,1,0,0,0,,,,,,,,,,,,,,0.0,PS_008,,,
,,2024-05-24T15:15:00Z,0,0,0,0,0,0,1,0,0,0,,,,,,,,,,,,,,0.0,PS_008,,,
,,2024-05-24T15:30:00Z,0,0,0,0,0,0,1,0,0,0,,,,,,,,,,,,,,0.0,PS_008,,,
,,2024-05-24T15:45:00Z,0,0,0,0,0,0,1,0,0,0,,,,,,,,,,,,,,0.0,PS_008,,,
,,2024-05-24T16:00:00Z,0,0,0,0,0,0,1,0,0,0,,,,,,,,,,,,,,0.0,PS_008,,,
,,2024-05-24T16:15:00Z,0,0,0,0,0,0,1,0,0,0,,,,,,,,,,,,,,0.0,PS_008,,,
,,2024-05-24T16:30:00Z,0,0,0,0,0,0,1,0,0,0,,,,,,,,,,,,,,0.0,PS_008,,,
,,2024-05-24T16:45:00Z,0,0,0,0,0,0,1,0,0,0,,,,,,,,,,,,,,0.0,PS_008,,,
,,2024-05-24T17:00:00Z,0,0,0,0,0,0,1,0,0,0,,,,,,,,,,,,,,0.0,PS_008,,,
,,2024-05-24T17:15:00Z,0,0,0,0,0,0,1,0,0,0,,,,,,,,,,,,,,0.0,PS_008,,,
,,2024-05-24T17:30:00Z,0,0,0,0,0,0,1,0,0,0,,,,,,,,,,,,,,0.0,PS_008,,,
,,2024-05-24T17:45:00Z,0,0,0,0,0,0,1,0,0,0,,,,,,,,,,,,,,0.0,PS_008,,,
,,2024-05-24T18:00:00Z,0,0,0,0,0,0,1,0,0,0,,,,,,,,,,,,,,0.0,PS_008,,,
,,2024-05-24T18:15:00Z,0,0,0,0,0,0,1,0,0,0,,,,,,,,,,,,,,0.0,PS_008,,,
,,2024-05-24T18:30:00Z,0,0,0,0,0,0,1,0,0,0,,,,,,,,,,,,,,0.0,PS_008,,,
,,2024-05-24T18:45:00Z,0,0,0,0,0,0,1,0,0,0,,,,,,,,,,,,,,0.0,PS_008,,,
,,2024-05-24T19:00:00Z,0,0,0,0,0,0,1,0,0,0,,,,,,,,,,,,,,0.0,PS_008,,,
,,2024-05-24T19:15:00Z,0,0,0,0,0,0,1,0,0,0,,,,,,,,,,,,,,0.0,PS_008,,,
,,2024-05-24T19:30:00Z,0,0,0,0,0,0,1,0,0,0,,,,,,,,,,,,,,0.0,PS_008,,,
,,2024-05-24T19:45:00Z,0,0,0,0,0,0,1,0,0,0,,,,,,,,,,,,,,0.0,PS_008,,,
,,2024-05-24T20:00:00Z,0,0,0,0,0,0,1,0,0,0,,,,,,,,,,,,,,0.0,PS_008,,,
,,2024-05-24T20:15:00Z,0,0,0,0,0,0,1,0,0,0,,,,,,,,,,,,,,0.0,PS_008,,,
,,2024-05-24T20:30:00Z,0,0,0,0,0,0,1,0,0,0,,,,,,,,,,,,,,0.0,PS_008,,,
,,2024-05-24T20:45:00Z,0,0,0,0,0,0,1,0,0,0,,,,,,,,,,,,,,0.0,PS_008,,,
,,2024-05-24T21:00:00Z,0,0,0,0,0,0,1,0,0,0,,,,,,,,,,,,,,0.0,PS_008,,,
,,2024-05-24T21:15:00Z,0,0,0,0,0,0,1,0,0,0,,,,,,,,,,,,,,0.0,PS_008,,,
,,2024-05-24T21:30:00Z,0,0,0,0,0,0,1,0,0,0,,,,,,,,,,,,,,0.0,PS_008,,,
,,2024-05-24T21:45:00Z,0,0,0,0,0,0,1,0,0,0,,,,,,,,,,,,,,0.0,PS_008,,,
,,2024-05-24T22:00:00Z,0,0,0,0,0,0,1,0,0,0,,,,,,,,,,,,,,0.0,PS_008,,,
,,2024-05-24T22:15:00Z,0,0,0,0,0,0,1,0,0,0,,,,,,,,,,,,,,0.0,PS_008,,,
,,2024-05-24T22:30:00Z,0,0,0,0,0,0,1,0,0,0,,,,,,,,,,,,,,0.0,PS_008,,,
,,2024-05-24T22:45:00Z,0,0,0,0,0,0,1,0,0,0,,,,,,,,,,,,,,0.0,PS_008,,,
,,2024-05-24T23:00:00Z,0,0,0,0,0,0,1,0,0,0,,,,,,,,,,,,,,0.0,PS_008,,,
,,2024-05-24T23:15:00Z,0,0,0,0,0,0,1,0,0,0,,,,,,,,,,,,,,0.0,PS_008,,,
,,2024-05-24T23:30:00Z,0,0,0,0,0,0,1,0,0,0,,,,,,,,,,,,,,0.0,PS_008,,,
,,2024-05-24T23:45:00Z,0,0,0,0,0,0,1,0,0,0,,,,,,,,,,,,,,0.0,PS_008,,,
,,2024-05-25T00:00:00Z,0,0,0,0,0,0,1,0,0,0,,,,,,,,,,,,,,0.0,PS_008,,,
,,2024-05-25T00:15:00Z,0,0,0,0,0,0,1,0,0,0,,,,,,,,,,,,,,0.0,PS_008,,,
,,2024-05-25T00:30:00Z,0,0,0,0,0,0,1,0,0,0,,,,,,,,,,,,,,0.0,PS_008,,,
,,2024-05-25T00:45:00Z,0,0,0,0,0,0,1,0,0,0,,,,,,,,,,,,,,0.0,PS_008,,,
,,2024-05-25T01:00:00Z,0,0,0,0,0,0,1,0,0,0,,,,,,,,,,,,,,0.0,PS_008,,,
,,2024-05-25T01:15:00Z,0,0,0,0,0,0,1,0,0,0,,,,,,,,,,,,,,0.0,PS_008,,,
,,2024-05-25T01:30:00Z,0,0,0,0,0,0,1,0,0,0,,,,,,,,,,,,,,0.0,PS_008,,,
,,2024-05-25T01:45:00Z,0,0,0,0,0,0,1,0,0,0,,,,,,,,,,,,,,0.0,PS_008,,,
,,2024-05-25T02:00:00Z,0,0,0,0,0,0,1,0,0,0,,,,,,,,,,,,,,0.0,PS_008,,,
,,2024-05-25T02:15:00Z,0,0,0,0,0,0,1,0,0,0,,,,,,,,,,,,,,0.0,PS_008,,,
,,2024-05-25T02:30:00Z,0,0,0,0,0,0,1,0,0,0,,,,,,,,,,,,,,0.0,PS_008,,,
,,2024-05-25T02:45:00Z,0,0,0,0,0,0,1,0,0,0,,,,,,,,,,,,,,0.0,PS_008,,,
,,2024-05-25T03:00:00Z,0,0,0,0,0,0,1,0,0,0,,,,,,,,,,,,,,0.0,PS_008,,,
,,2024-05-25T03:15:00Z,0,0,0,0,0,0,1,0,0,0,,,,,,,,,,,,,,0.0,PS_008,,,
,,2024-05-25T03:30:00Z,0,0,0,0,0,0,1,0,0,0,,,,,,,,,,,,,,0.0,PS_008,,,
,,2024-05-25T03:45:00Z,0,0,0,0,0,0,1,0,0,0,,,,,,,,,,,,,,0.0,PS_008,,,
,,2024-05-25T04:00:00Z,0,0,0,0,0,0,1,0,0,0,,,,,,,,,,,,,,0.0,PS_008,,,
,,2024-05-25T04:15:00Z,0,0,0,0,0,0,1,0,0,0,,,,,,,,,,,,,,0.0,PS_008,,,
,,2024-05-25T04:30:00Z,0,0,0,0,0,0,1,0,0,0,,,,,,,,,,,,,,0.0,PS_008,,,
,,2024-05-25T04:45:00Z,0,0,0,0,0,0,1,0,0,0,,,,,,,,,,,,,,0.0,PS_008,,,
,,2024-05-25T05:00:00Z,0,0,0,0,0,0,1,0,0,0,,,,,,,,,,,,,,0.0,PS_008,,,
,,2024-05-25T05:15:00Z,0,0,0,0,0,0,1,0,0,0,,,,,,,,,,,,,,0.0,PS_008,,,
,,2024-05-25T05:30:00Z,0,0,0,0,0,0,1,0,0,0,,,,,,,,,,,,,,0.0,PS_008,,,
,,2024-05-25T05:45:00Z,0,0,0,0,0,0,1,0,0,0,,,,,,,,,,,,,,0.0,PS_008,,,
,,2024-05-25T06:00:00Z,0,0,0,0,0,0,1,0,0,0,,,,,,,,,,,,,,0.0,PS_008,,,
,,2024-05-25T06:15:00Z,0,0,0,0,0,0,1,0,0,0,,,,,,,,,,,,,,0.0,PS_008,,,
,,2024-05-25T06:30:00Z,0,0,0,0,0,0,1,0,0,0,,,,,,,,,,,,,,0.0,PS_008,,,
,,2024-05-25T06:45:00Z,0,0,0,0,0,0,1,0,0,0,,,,,,,,,,,,,,0.0,PS_008,,,
,,2024-05-25T07:00:00Z,0,0,0,0,0,0,1,0,0,0,,,,,,,,,,,,,,0.0,PS_008,,,
,,2024-05-25T07:15:00Z,0,0,0,0,0,0,1,0,0,0,,,,,,,,,,,,,,0.0,PS_008,,,
,,2024-05-25T07:30:00Z,0,0,0,0,0,0,1,0,0,0,,,,,,,,,,,,,,0.0,PS_008,,,
,,2024-05-25T07:45:00Z,0,0,0,0,0,0,1,0,0,0,,,,,,,,,,,,,,0.0,PS_008,,,
,,2024-05-25T08:00:00Z,0,0,0,0,0,0,1,0,0,0,,,,,,,,,,,,,,0.0,PS_008,,,
,,2024-05-25T08:15:00Z,0,0,0,0,0,0,1,0,0,0,,,,,,,,,,,,,,0.0,PS_008,,,
,,2024-05-25T08:30:00Z,0,0,0,0,0,0,1,0,0,0,,,,,,,,,,,,,,0.0,PS_008,,,
,,2024-05-25T08:45:00Z,0,0,0,0,0,0,1,0,0,0,,,,,,,,,,,,,,0.0,PS_008,,,
,,2024-05-25T09:00:00Z,0,0,0,0,0,0,1,0,0,0,,,,,,,,,,,,,,0.0,PS_008,,,
,,2024-05-25T09:15:00Z,0,0,0,0,0,0,1,0,0,0,,,,,,,,,,,,,,0.0,PS_008,,,
,,2024-05-25T09:30:00Z,0,0,0,0,0,0,1,0,0,0,,,,,,,,,,,,,,0.0,PS_008,,,
,,2024-05-25T09:45:00Z,0,0,0,0,0,0,1,0,0,0,,,,,,,,,,,,,,0.0,PS_008,,,
,,2024-05-25T10:00:00Z,0,0,0,0,0,0,1,0,0,0,,,,,,,,,,,,,,0.0,PS_008,,,
,,2024-05-25T10:15:00Z,0,0,0,0,0,0,1,0,0,0,,,,,,,,,,,,,,0.0,PS_008,,,
,,2024-05-25T10:30:00Z,0,0,0,0,0,0,1,0,0,0,,,,,,,,,,,,,,0.0,PS_008,,,
,,2024-05-25T10:45:00Z,0,0,0,0,0,0,1,0,0,0,,,,,,,,,,,,,,0.0,PS_008,,,
,,2024-05-25T11:00:00Z,0,0,0,0,0,0,1,0,0,0,,,,,,,,,,,,,,0.0,PS_008,,,
,,2024-05-25T11:15:00Z,0,0,0,0,0,0,1,0,0,0,,,,,,,,,,,,,,0.0,PS_008,,,
,,2024-05-25T11:30:00Z,0,0,0,0,0,0,1,0,0,0,,,,,,,,,,,,,,0.0,PS_008,,,
,,2024-05-25T11:45:00Z,0,0,0,0,0,0,1,0,0,0,,,,,,,,,,,,,,0.0,PS_008,,,
,,2024-05-25T12:00:00Z,0,0,0,0,0,0,1,0,0,0,,,,,,,,,,,,,,0.0,PS_008,,,
,,2024-05-25T12:15:00Z,0,0,0,0,0,0,1,0,0,0,,,,,,,,,,,,,,0.0,PS_008,,,
,,2024-05-25T12:30:00Z,0,0,0,0,0,0,1,0,0,0,,,,,,,,,,,,,,0.0,PS_008,,,
,,2024-05-25T12:45:00Z,0,0,0,0,0,0,1,0,0,0,,,,,,,,,,,,,,0.0,PS_008,,,
,,2024-05-25T13:00:00Z,0,0,0,0,0,0,1,0,0,0,,,,,,,,,,,,,,0.0,PS_008,,,
,,2024-05-25T13:15:00Z,0,0,0,0,0,0,1,0,0,0,,,,,,,,,,,,,,0.0,PS_008,,,
,,2024-05-25T13:30:00Z,0,0,0,0,0,0,1,0,0,0,,,,,,,,,,,,,,0.0,PS_008,,,
,,2024-05-25T13:45:00Z,0,0,0,0,0,0,1,0,0,0,,,,,,,,,,,,,,0.0,PS_008,,,
,,2024-05-25T14:00:00Z,0,0,0,0,0,0,1,0,0,0,,,,,,,,,,,,,,0.0,PS_008,,,
,,2024-05-25T14:15:00Z,0,0,0,0,0,0,1,0,0,0,,,,,,,,,,,,,,0.0,PS_008,,,
,,2024-05-25T14:30:00Z,0,0,0,0,0,0,1,0,0,0,,,,,,,,,,,,,,0.0,PS_008,,,
,,2024-05-25T14:45:00Z,0,0,0,0,0,0,1,0,0,0,,,,,,,,,,,,,,0.0,PS_008,,,
,,2024-05-25T15:00:00Z,0,0,0,0,0,0,1,0,0,0,,,,,,,,,,,,,,0.0,PS_008,,,
,,2024-05-25T15:15:00Z,0,0,0,0,0,0,1,0,0,0,,,,,,,,,,,,,,0.0,PS_008,,,
,,2024-05-25T15:30:00Z,0,0,0,0,0,0,1,0,0,0,,,,,,,,,,,,,,0.0,PS_008,,,
,,2024-05-25T15:45:00Z,0,0,0,0,0,0,1,0,0,0,,,,,,,,,,,,,,0.0,PS_008,,,
,,2024-05-25T16:00:00Z,0,0,0,0,0,0,1,0,0,0,,,,,,,,,,,,,,0.0,PS_008,,,
,,2024-05-25T16:15:00Z,0,0,0,0,0,0,1,0,0,0,,,,,,,,,,,,,,0.0,PS_008,,,
,,2024-05-25T16:30:00Z,0,0,0,0,0,0,1,0,0,0,,,,,,,,,,,,,,0.0,PS_008,,,
,,2024-05-25T16:45:00Z,0,0,0,0,0,0,1,0,0,0,,,,,,,,,,,,,,0.0,PS_008,,,
,,2024-05-25T17:00:00Z,0,0,0,0,0,0,1,0,0,0,,,,,,,,,,,,,,0.0,PS_008,,,
,,2024-05-25T17:15:00Z,0,0,0,0,0,0,1,0,0,0,,,,,,,,,,,,,,0.0,PS_008,,,
,,2024-05-25T17:30:00Z,0,0,0,0,0,0,1,0,0,0,,,,,,,,,,,,,,0.0,PS_008,,,
,,2024-05-25T17:45:00Z,0,0,0,0,0,0,1,0,0,0,,,,,,,,,,,,,,0.0,PS_008,,,
,,2024-05-25T18:00:00Z,0,0,0,0,0,0,1,0,0,0,,,,,,,,,,,,,,0.0,PS_008,,,
,,2024-05-25T18:15:00Z,0,0,0,0,0,0,1,0,0,0,,,,,,,,,,,,,,0.0,PS_008,,,
,,2024-05-25T18:30:00Z,0,0,0,0,0,0,1,0,0,0,,,,,,,,,,,,,,0.0,PS_008,,,
,,2024-05-25T18:45:00Z,0,0,0,0,0,0,1,0,0,0,,,,,,,,,,,,,,0.0,PS_008,,,
,,2024-05-25T19:00:00Z,0,0,0,0,0,0,1,0,0,0,,,,,,,,,,,,,,0.0,PS_008,,,
,,2024-05-25T19:15:00Z,0,0,0,0,0,0,1,0,0,0,,,,,,,,,,,,,,0.0,PS_008,,,
,,2024-05-25T19:30:00Z,0,0,0,0,0,0,1,0,0,0,,,,,,,,,,,,,,0.0,PS_008,,,
,,2024-05-25T19:45:00Z,0,0,0,0,0,0,1,0,0,0,,,,,,,,,,,,,,0.0,PS_008,,,
,,2024-05-25T20:00:00Z,0,0,0,0,0,0,1,0,0,0,,,,,,,,,,,,,,0.0,PS_008,,,
,,2024-05-25T20:15:00Z,0,0,0,0,0,0,1,0,0,0,,,,,,,,,,,,,,0.0,PS_008,,,
,,2024-05-25T20:30:00Z,0,0,0,0,0,0,1,0,0,0,,,,,,,,,,,,,,0.0,PS_008,,,
,,2024-05-25T20:45:00Z,0,0,0,0,0,0,1,0,0,0,,,,,,,,,,,,,,0.0,PS_008,,,
,,2024-05-25T21:00:00Z,0,0,0,0,0,0,1,0,0,0,,,,,,,,,,,,,,0.0,PS_008,,,
,,2024-05-25T21:15:00Z,0,0,0,0,0,0,1,0,0,0,,,,,,,,,,,,,,0.0,PS_008,,,
,,2024-05-25T21:30:00Z,0,0,0,0,0,0,1,0,0,0,,,,,,,,,,,,,,0.0,PS_008,,,
,,2024-05-25T21:45:00Z,0,0,0,0,0,0,1,0,0,0,,,,,,,,,,,,,,0.0,PS_008,,,
,,2024-05-25T22:00:00Z,0,0,0,0,0,0,1,0,0,0,,,,,,,,,,,,,,0.0,PS_008,,,
,,2024-05-25T22:15:00Z,0,0,0,0,0,0,1,0,0,0,,,,,,,,,,,,,,0.0,PS_008,,,
,,2024-05-25T22:30:00Z,0,0,0,0,0,0,1,0,0,0,,,,,,,,,,,,,,0.0,PS_008,,,
,,2024-05-25T22:45:00Z,0,0,0,0,0,0,1,0,0,0,,,,,,,,,,,,,,0.0,PS_008,,,
,,2024-05-25T23:00:00Z,0,0,0,0,0,0,1,0,0,0,,,,,,,,,,,,,,0.0,PS_008,,,
,,2024-05-25T23:15:00Z,0,0,0,0,0,0,1,0,0,0,,,,,,,,,,,,,,0.0,PS_008,,,
,,2024-05-25T23:30:00Z,0,0,0,0,0,0,1,0,0,0,,,,,,,,,,,,,,0.0,PS_008,,,
,,2024-05-25T23:45:00Z,0,0,0,0,0,0,1,0,0,0,,,,,,,,,,,,,,0.0,PS_008,,,
,,2024-05-26T00:00:00Z,0,0,0,0,0,0,1,0,0,0,,,,,,,,,,,,,,0.0,PS_008,,,
,,2024-05-26T00:15:00Z,0,0,0,0,0,0,1,0,0,0,,,,,,,,,,,,,,0.0,PS_008,,,
,,2024-05-26T00:30:00Z,0,0,0,0,0,0,1,0,0,0,,,,,,,,,,,,,,0.0,PS_008,,,
,,2024-05-26T00:45:00Z,0,0,0,0,0,0,1,0,0,0,,,,,,,,,,,,,,0.0,PS_008,,,
,,2024-05-26T01:00:00Z,0,0,0,0,0,0,1,0,0,0,,,,,,,,,,,,,,0.0,PS_008,,,
,,2024-05-26T01:15:00Z,0,0,0,0,0,0,1,0,0,0,,,,,,,,,,,,,,0.0,PS_008,,,
,,2024-05-26T01:30:00Z,0,0,0,0,0,0,1,0,0,0,,,,,,,,,,,,,,0.0,PS_008,,,
,,2024-05-26T01:45:00Z,0,0,0,0,0,0,1,0,0,0,,,,,,,,,,,,,,0.0,PS_008,,,
,,2024-05-26T02:00:00Z,0,0,0,0,0,0,1,0,0,0,,,,,,,,,,,,,,0.0,PS_008,,,
,,2024-05-26T02:15:00Z,0,0,0,0,0,0,1,0,0,0,,,,,,,,,,,,,,0.0,PS_008,,,
,,2024-05-26T02:30:00Z,0,0,0,0,0,0,1,0,0,0,,,,,,,,,,,,,,0.0,PS_008,,,
,,2024-05-26T02:45:00Z,0,0,0,0,0,0,1,0,0,0,,,,,,,,,,,,,,0.0,PS_008,,,
,,2024-05-26T03:00:00Z,0,0,0,0,0,0,1,0,0,0,,,,,,,,,,,,,,0.0,PS_008,,,
,,2024-05-26T03:15:00Z,0,0,0,0,0,0,1,0,0,0,,,,,,,,,,,,,,0.0,PS_008,,,
,,2024-05-26T03:30:00Z,0,0,0,0,0,0,1,0,0,0,,,,,,,,,,,,,,0.0,PS_008,,,
,,2024-05-26T03:45:00Z,0,0,0,0,0,0,1,0,0,0,,,,,,,,,,,,,,0.0,PS_008,,,
,,2024-05-26T04:00:00Z,0,0,0,0,0,0,1,0,0,0,,,,,,,,,,,,,,0.0,PS_008,,,
,,2024-05-26T04:15:00Z,0,0,0,0,0,0,1,0,0,0,,,,,,,,,,,,,,0.0,PS_008,,,
,,2024-05-26T04:30:00Z,0,0,0,0,0,0,1,0,0,0,,,,,,,,,,,,,,0.0,PS_008,,,
,,2024-05-26T04:45:00Z,0,0,0,0,0,0,1,0,0,0,,,,,,,,,,,,,,0.0,PS_008,,,
,,2024-05-26T05:00:00Z,0,0,0,0,0,0,1,0,0,0,,,,,,,,,,,,,,0.0,PS_008,,,
,,2024-05-26T05:15:00Z,0,0,0,0,0,0,1,0,0,0,,,,,,,,,,,,,,0.0,PS_008,,,
,,2024-05-26T05:30:00Z,0,0,0,0,0,0,1,0,0,0,,,,,,,,,,,,,,0.0,PS_008,,,
,,2024-05-26T05:45:00Z,0,0,0,0,0,0,1,0,0,0,,,,,,,,,,,,,,0.0,PS_008,,,
,,2024-05-26T06:00:00Z,0,0,0,0,0,0,1,0,0,0,,,,,,,,,,,,,,0.0,PS_008,,,
,,2024-05-26T06:15:00Z,0,0,0,0,0,0,1,0,0,0,,,,,,,,,,,,,,0.0,PS_008,,,
,,2024-05-26T06:30:00Z,0,0,0,0,0,0,1,0,0,0,,,,,,,,,,,,,,0.0,PS_008,,,
,,2024-05-26T06:45:00Z,0,0,0,0,0,0,1,0,0,0,,,,,,,,,,,,,,0.0,PS_008,,,
,,2024-05-26T07:00:00Z,0,0,0,0,0,0,1,0,0,0,,,,,,,,,,,,,,0.0,PS_008,,,
,,2024-05-26T07:15:00Z,0,0,0,0,0,0,1,0,0,0,,,,,,,,,,,,,,0.0,PS_008,,,
,,2024-05-26T07:30:00Z,0,0,0,0,0,0,1,0,0,0,,,,,,,,,,,,,,0.0,PS_008,,,
,,2024-05-26T07:45:00Z,0,0,0,0,0,0,1,0,0,0,,,,,,,,,,,,,,0.0,PS_008,,,
,,2024-05-26T08:00:00Z,0,0,0,0,0,0,1,0,0,0,,,,,,,,,,,,,,0.0,PS_008,,,
,,2024-05-26T08:15:00Z,0,0,0,0,0,0,1,0,0,0,,,,,,,,,,,,,,0.0,PS_008,,,
,,2024-05-26T08:30:00Z,0,0,0,0,0,0,1,0,0,0,,,,,,,,,,,,,,0.0,PS_008,,,
,,2024-05-26T08:45:00Z,0,0,0,0,0,0,1,0,0,0,,,,,,,,,,,,,,0.0,PS_008,,,
,,2024-05-26T09:00:00Z,0,0,0,0,0,0,1,0,0,0,,,,,,,,,,,,,,0.0,PS_008,,,
,,2024-05-26T09:15:00Z,0,0,0,0,0,0,1,0,0,0,,,,,,,,,,,,,,0.0,PS_008,,,
,,2024-05-26T09:30:00Z,0,0,0,0,0,0,1,0,0,0,,,,,,,,,,,,,,0.0,PS_008,,,
,,2024-05-26T09:45:00Z,0,0,0,0,0,0,1,0,0,0,,,,,,,,,,,,,,0.0,PS_008,,,
,,2024-05-26T10:00:00Z,0,0,0,0,0,0,1,0,0,0,,,,,,,,,,,,,,0.0,PS_008,,,
,,2024-05-26T10:15:00Z,0,0,0,0,0,0,1,0,0,0,,,,,,,,,,,,,,0.0,PS_008,,,
,,2024-05-26T10:30:00Z,0,0,0,0,0,0,1,0,0,0,,,,,,,,,,,,,,0.0,PS_008,,,
,,2024-05-26T10:45:00Z,0,0,0,0,0,0,1,0,0,0,,,,,,,,,,,,,,0.0,PS_008,,,
,,2024-05-26T11:00:00Z,0,0,0,0,0,0,1,0,0,0,,,,,,,,,,,,,,0.0,PS_008,,,
,,2024-05-26T11:15:00Z,0,0,0,0,0,0,1,0,0,0,,,,,,,,,,,,,,0.0,PS_008,,,
,,2024-05-26T11:30:00Z,0,0,0,0,0,0,1,0,0,0,,,,,,,,,,,,,,0.0,PS_008,,,
,,2024-05-26T11:45:00Z,0,0,0,0,0,0,1,0,0,0,,,,,,,,,,,,,,0.0,PS_008,,,
,,2024-05-26T12:00:00Z,0,0,0,0,0,0,1,0,0,0,,,,,,,,,,,,,,0.0,PS_008,,,
,,2024-05-26T12:15:00Z,0,0,0,0,0,0,1,0,0,0,,,,,,,,,,,,,,0.0,PS_008,,,
,,2024-05-26T12:30:00Z,0,0,0,0,0,0,1,0,0,0,,,,,,,,,,,,,,0.0,PS_008,,,
,,2024-05-26T12:45:00Z,0,0,0,0,0,0,1,0,0,0,,,,,,,,,,,,,,0.0,PS_008,,,
,,2024-05-26T13:00:00Z,0,0,0,0,0,0,1,0,0,0,,,,,,,,,,,,,,0.0,PS_008,,,
,,2024-05-26T13:15:00Z,0,0,0,0,0,0,1,0,0,0,,,,,,,,,,,,,,0.0,PS_008,,,
,,2024-05-26T13:30:00Z,0,0,0,0,0,0,1,0,0,0,,,,,,,,,,,,,,0.0,PS_008,,,
,,2024-05-26T13:45:00Z,0,0,0,0,0,0,1,0,0,0,,,,,,,,,,,,,,0.0,PS_008,,,
,,2024-05-26T14:00:00Z,0,0,0,0,0,0,1,0,0,0,,,,,,,,,,,,,,0.0,PS_008,,,
,,2024-05-26T14:15:00Z,0,0,0,0,0,0,1,0,0,0,,,,,,,,,,,,,,0.0,PS_008,,,
,,2024-05-26T14:30:00Z,0,0,0,0,0,0,1,0,0,0,,,,,,,,,,,,,,0.0,PS_008,,,
,,2024-05-26T14:45:00Z,0,0,0,0,0,0,1,0,0,0,,,,,,,,,,,,,,0.0,PS_008,,,
,,2024-05-26T15:00:00Z,0,0,0,0,0,0,1,0,0,0,,,,,,,,,,,,,,0.0,PS_008,,,
,,2024-05-26T15:15:00Z,0,0,0,0,0,0,1,0,0,0,,,,,,,,,,,,,,0.0,PS_008,,,
,,2024-05-26T15:30:00Z,0,0,0,0,0,0,1,0,0,0,,,,,,,,,,,,,,0.0,PS_008,,,
,,2024-05-26T15:45:00Z,0,0,0,0,0,0,1,0,0,0,,,,,,,,,,,,,,0.0,PS_008,,,
,,2024-05-26T16:00:00Z,0,0,0,0,0,0,1,0,0,0,,,,,,,,,,,,,,0.0,PS_008,,,
,,2024-05-26T16:15:00Z,0,0,0,0,0,0,1,0,0,0,,,,,,,,,,,,,,0.0,PS_008,,,
,,2024-05-26T16:30:00Z,0,0,0,0,0,0,1,0,0,0,,,,,,,,,,,,,,0.0,PS_008,,,
,,2024-05-26T16:45:00Z,0,0,0,0,0,0,1,0,0,0,,,,,,,,,,,,,,0.0,PS_008,,,
,,2024-05-26T17:00:00Z,0,0,0,0,0,0,1,0,0,0,,,,,,,,,,,,,,0.0,PS_008,,,
,,2024-05-26T17:15:00Z,0,0,0,0,0,0,1,0,0,0,,,,,,,,,,,,,,0.0,PS_008,,,
,,2024-05-26T17:30:00Z,0,0,0,0,0,0,1,0,0,0,,,,,,,,,,,,,,0.0,PS_008,,,
,,2024-05-26T17:45:00Z,0,0,0,0,0,0,1,0,0,0,,,,,,,,,,,,,,0.0,PS_008,,,
,,2024-05-26T18:00:00Z,0,0,0,0,0,0,1,0,0,0,,,,,,,,,,,,,,0.0,PS_008,,,
,,2024-05-26T18:15:00Z,0,0,0,0,0,0,1,0,0,0,,,,,,,,,,,,,,0.0,PS_008,,,
,,2024-05-26T18:30:00Z,0,0,0,0,0,0,1,0,0,0,,,,,,,,,,,,,,0.0,PS_008,,,
,,2024-05-26T18:45:00Z,0,0,0,0,0,0,1,0,0,0,,,,,,,,,,,,,,0.0,PS_008,,,
,,2024-05-26T19:00:00Z,0,0,0,0,0,0,1,0,0,0,,,,,,,,,,,,,,0.0,PS_008,,,
,,2024-05-26T19:15:00Z,0,0,0,0,0,0,1,0,0,0,,,,,,,,,,,,,,0.0,PS_008,,,
,,2024-05-26T19:30:00Z,0,0,0,0,0,0,1,0,0,0,,,,,,,,,,,,,,0.0,PS_008,,,
,,2024-05-26T19:45:00Z,0,0,0,0,0,0,1,0,0,0,,,,,,,,,,,,,,0.0,PS_008,,,
,,2024-05-26T20:00:00Z,0,0,0,0,0,0,1,0,0,0,,,,,,,,,,,,,,0.0,PS_008,,,
,,2024-05-26T20:15:00Z,0,0,0,0,0,0,1,0,0,0,,,,,,,,,,,,,,0.0,PS_008,,,
,,2024-05-26T20:30:00Z,0,0,0,0,0,0,1,0,0,0,,,,,,,,,,,,,,0.0,PS_008,,,
,,2024-05-26T20:45:00Z,0,0,0,0,0,0,1,0,0,0,,,,,,,,,,,,,,0.0,PS_008,,,
,,2024-05-26T21:00:00Z,0,0,0,0,0,0,1,0,0,0,,,,,,,,,,,,,,0.0,PS_008,,,
,,2024-05-26T21:15:00Z,0,0,0,0,0,0,1,0,0,0,,,,,,,,,,,,,,0.0,PS_008,,,
,,2024-05-26T21:30:00Z,0,0,0,0,0,0,1,0,0,0,,,,,,,,,,,,,,0.0,PS_008,,,
,,2024-05-26T21:45:00Z,0,0,0,0,0,0,1,0,0,0,,,,,,,,,,,,,,0.0,PS_008,,,
,,2024-05-26T22:00:00Z,0,0,0,0,0,0,1,0,0,0,,,,,,,,,,,,,,0.0,PS_008,,,
,,2024-05-26T22:15:00Z,0,0,0,0,0,0,1,0,0,0,,,,,,,,,,,,,,0.0,PS_008,,,
,,2024-05-26T22:30:00Z,0,0,0,0,0,0,1,0,0,0,,,,,,,,,,,,,,0.0,PS_008,,,
,,2024-05-26T22:45:00Z,0,0,0,0,0,0,1,0,0,0,,,,,,,,,,,,,,0.0,PS_008,,,
,,2024-05-26T23:00:00Z,0,0,0,0,0,0,1,0,0,0,,,,,,,,,,,,,,0.0,PS_008,,,
,,2024-05-26T23:15:00Z,0,0,0,0,0,0,1,0,0,0,,,,,,,,,,,,,,0.0,PS_008,,,
,,2024-05-26T23:30:00Z,0,0,0,0,0,0,1,0,0,0,,,,,,,,,,,,,,0.0,PS_008,,,
,,2024-05-26T23:45:00Z,0,0,0,0,0,0,1,0,0,0,,,,,,,,,,,,,,0.0,PS_008,,,
,,2024-05-27T00:00:00Z,0,0,0,0,0,0,1,0,0,0,,,,,,,,,,,,,,0.0,PS_008,,,
,,2024-05-27T00:15:00Z,0,0,0,0,0,0,1,0,0,0,,,,,,,,,,,,,,0.0,PS_008,,,
,,2024-05-27T00:30:00Z,0,0,0,0,0,0,1,0,0,0,,,,,,,,,,,,,,0.0,PS_008,,,
,,2024-05-27T00:45:00Z,0,0,0,0,0,0,1,0,0,0,,,,,,,,,,,,,,0.0,PS_008,,,
,,2024-05-27T01:00:00Z,0,0,0,0,0,0,1,0,0,0,,,,,,,,,,,,,,0.0,PS_008,,,
,,2024-05-27T01:15:00Z,0,0,0,0,0,0,1,0,0,0,,,,,,,,,,,,,,0.0,PS_008,,,
,,2024-05-27T01:30:00Z,0,0,0,0,0,0,1,0,0,0,,,,,,,,,,,,,,0.0,PS_008,,,
,,2024-05-27T01:45:00Z,0,0,0,0,0,0,1,0,0,0,,,,,,,,,,,,,,0.0,PS_008,,,
,,2024-05-27T02:00:00Z,0,0,0,0,0,0,1,0,0,0,,,,,,,,,,,,,,0.0,PS_008,,,
,,2024-05-27T02:15:00Z,0,0,0,0,0,0,1,0,0,0,,,,,,,,,,,,,,0.0,PS_008,,,
,,2024-05-27T02:30:00Z,0,0,0,0,0,0,1,0,0,0,,,,,,,,,,,,,,0.0,PS_008,,,
,,2024-05-27T02:45:00Z,0,0,0,0,0,0,1,0,0,0,,,,,,,,,,,,,,0.0,PS_008,,,
,,2024-05-27T03:00:00Z,0,0,0,0,0,0,1,0,0,0,,,,,,,,,,,,,,0.0,PS_008,,,
,,2024-05-27T03:15:00Z,0,0,0,0,0,0,1,0,0,0,,,,,,,,,,,,,,0.0,PS_008,,,
,,2024-05-27T03:30:00Z,0,0,0,0,0,0,1,0,0,0,,,,,,,,,,,,,,0.0,PS_008,,,
,,2024-05-27T03:45:00Z,0,0,0,0,0,0,1,0,0,0,,,,,,,,,,,,,,0.0,PS_008,,,
,,2024-05-27T04:00:00Z,0,0,0,0,0,0,1,0,0,0,,,,,,,,,,,,,,0.0,PS_008,,,
,,2024-05-27T04:15:00Z,0,0,0,0,0,0,1,0,0,0,,,,,,,,,,,,,,0.0,PS_008,,,
,,2024-05-27T04:30:00Z,0,0,0,0,0,0,1,0,0,0,,,,,,,,,,,,,,0.0,PS_008,,,
,,2024-05-27T04:45:00Z,0,0,0,0,0,0,1,0,0,0,,,,,,,,,,,,,,0.0,PS_008,,,
,,2024-05-27T05:00:00Z,0,0,0,0,0,0,1,0,0,0,,,,,,,,,,,,,,0.0,PS_008,,,
,,2024-05-27T05:15:00Z,0,0,0,0,0,0,1,0,0,0,,,,,,,,,,,,,,0.0,PS_008,,,
,,2024-05-27T05:30:00Z,0,0,0,0,0,0,1,0,0,0,,,,,,,,,,,,,,0.0,PS_008,,,
,,2024-05-27T05:45:00Z,0,0,0,0,0,0,1,0,0,0,,,,,,,,,,,,,,0.0,PS_008,,,
,,2024-05-27T06:00:00Z,0,0,0,0,0,0,1,0,0,0,,,,,,,,,,,,,,0.0,PS_008,,,
,,2024-05-27T06:15:00Z,0,0,0,0,0,0,1,0,0,0,,,,,,,,,,,,,,0.0,PS_008,,,
,,2024-05-27T06:30:00Z,0,0,0,0,0,0,1,0,0,0,,,,,,,,,,,,,,0.0,PS_008,,,
,,2024-05-27T06:45:00Z,0,0,0,0,0,0,1,0,0,0,,,,,,,,,,,,,,0.0,PS_008,,,
,,2024-05-27T07:00:00Z,0,0,0,0,0,0,1,0,0,0,,,,,,,,,,,,,,0.0,PS_008,,,
,,2024-05-27T07:15:00Z,0,0,0,0,0,0,1,0,0,0,,,,,,,,,,,,,,0.0,PS_008,,,
,,2024-05-27T07:30:00Z,0,0,0,0,0,0,1,0,0,0,,,,,,,,,,,,,,0.0,PS_008,,,
,,2024-05-27T07:45:00Z,0,0,0,0,0,0,1,0,0,0,,,,,,,,,,,,,,0.0,PS_008,,,
,,2024-05-27T08:00:00Z,0,0,0,0,0,0,1,0,0,0,,,,,,,,,,,,,,0.0,PS_008,,,
,,2024-05-27T08:15:00Z,0,0,0,0,0,0,1,0,0,0,,,,,,,,,,,,,,0.0,PS_008,,,
,,2024-05-27T08:30:00Z,0,0,0,0,0,0,1,0,0,0,,,,,,,,,,,,,,0.0,PS_008,,,
,,2024-05-27T08:45:00Z,0,0,0,0,0,0,1,0,0,0,,,,,,,,,,,,,,0.0,PS_008,,,
,,2024-05-27T09:00:00Z,0,0,0,0,0,0,1,0,0,0,,,,,,,,,,,,,,0.0,PS_008,,,
,,2024-05-27T09:15:00Z,0,0,0,0,0,0,1,0,0,0,,,,,,,,,,,,,,0.0,PS_008,,,
,,2024-05-27T09:30:00Z,0,0,0,0,0,0,1,0,0,0,,,,,,,,,,,,,,0.0,PS_008,,,
,,2024-05-27T09:45:00Z,0,0,0,0,0,0,1,0,0,0,,,,,,,,,,,,,,0.0,PS_008,,,
,,2024-05-27T10:00:00Z,0,0,0,0,0,0,1,0,0,0,,,,,,,,,,,,,,0.0,PS_008,,,
,,2024-05-27T10:15:00Z,0,0,0,0,0,0,1,0,0,0,,,,,,,,,,,,,,0.0,PS_008,,,
,,2024-05-27T10:30:00Z,0,0,0,0,0,0,1,0,0,0,,,,,,,,,,,,,,0.0,PS_008,,,
,,2024-05-27T10:45:00Z,0,0,0,0,0,0,1,0,0,0,,,,,,,,,,,,,,0.0,PS_008,,,
,,2024-05-27T11:00:00Z,0,0,0,0,0,0,1,0,0,0,,,,,,,,,,,,,,0.0,PS_008,,,
,,2024-05-27T11:15:00Z,0,0,0,0,0,0,1,0,0,0,,,,,,,,,,,,,,0.0,PS_008,,,
,,2024-05-27T11:30:00Z,0,0,0,0,0,0,1,0,0,0,,,,,,,,,,,,,,0.0,PS_008,,,
,,2024-05-27T11:45:00Z,0,0,0,0,0,0,1,0,0,0,,,,,,,,,,,,,,0.0,PS_008,,,
,,2024-05-27T12:00:00Z,0,0,0,0,0,0,1,0,0,0,,,,,,,,,,,,,,0.0,PS_008,,,
,,2024-05-27T12:15:00Z,0,0,0,0,0,0,1,0,0,0,,,,,,,,,,,,,,0.0,PS_008,,,
,,2024-05-27T12:30:00Z,0,0,0,0,0,0,1,0,0,0,,,,,,,,,,,,,,0.0,PS_008,,,
,,2024-05-27T12:45:00Z,0,0,0,0,0,0,1,0,0,0,,,,,,,,,,,,,,0.0,PS_008,,,
,,2024-05-27T13:00:00Z,0,0,0,0,0,0,1,0,0,0,,,,,,,,,,,,,,0.0,PS_008,,,
,,2024-05-27T13:15:00Z,0,0,0,0,0,0,1,0,0,0,,,,,,,,,,,,,,0.0,PS_008,,,
,,2024-05-27T13:30:00Z,0,0,0,0,0,0,1,0,0,0,,,,,,,,,,,,,,0.0,PS_008,,,
,,2024-05-27T13:45:00Z,0,0,0,0,0,0,1,0,0,0,,,,,,,,,,,,,,0.0,PS_008,,,
,,2024-05-27T14:00:00Z,0,0,0,0,0,0,1,0,0,0,,,,,,,,,,,,,,0.0,PS_008,,,
,,2024-05-27T14:15:00Z,0,0,0,0,0,0,1,0,0,0,,,,,,,,,,,,,,0.0,PS_008,,,
,,2024-05-27T14:30:00Z,0,0,0,0,0,0,1,0,0,0,,,,,,,,,,,,,,0.0,PS_008,,,
,,2024-05-27T14:45:00Z,0,0,0,0,0,0,1,0,0,0,,,,,,,,,,,,,,0.0,PS_008,,,
,,2024-05-27T15:00:00Z,0,0,0,0,0,0,1,0,0,0,,,,,,,,,,,,,,0.0,PS_008,,,
,,2024-05-27T15:15:00Z,0,0,0,0,0,0,1,0,0,0,,,,,,,,,,,,,,0.0,PS_008,,,
,,2024-05-27T15:30:00Z,0,0,0,0,0,0,1,0,0,0,,,,,,,,,,,,,,0.0,PS_008,,,
,,2024-05-27T15:45:00Z,0,0,0,0,0,0,1,0,0,0,,,,,,,,,,,,,,0.0,PS_008,,,
,,2024-05-27T16:00:00Z,0,0,0,0,0,0,1,0,0,0,,,,,,,,,,,,,,0.0,PS_008,,,
,,2024-05-27T16:15:00Z,0,0,0,0,0,0,1,0,0,0,,,,,,,,,,,,,,0.0,PS_008,,,
,,2024-05-27T16:30:00Z,0,0,0,0,0,0,1,0,0,0,,,,,,,,,,,,,,0.0,PS_008,,,
,,2024-05-27T16:45:00Z,0,0,0,0,0,0,1,0,0,0,,,,,,,,,,,,,,0.0,PS_008,,,
,,2024-05-27T17:00:00Z,0,0,0,0,0,0,1,0,0,0,,,,,,,,,,,,,,0.0,PS_008,,,
,,2024-05-27T17:15:00Z,0,0,0,0,0,0,1,0,0,0,,,,,,,,,,,,,,0.0,PS_008,,,
,,2024-05-27T17:30:00Z,0,0,0,0,0,0,1,0,0,0,,,,,,,,,,,,,,0.0,PS_008,,,
,,2024-05-27T17:45:00Z,0,0,0,0,0,0,1,0,0,0,,,,,,,,,,,,,,0.0,PS_008,,,
,,2024-05-27T18:00:00Z,0,0,0,0,0,0,1,0,0,0,,,,,,,,,,,,,,0.0,PS_008,,,
,,2024-05-27T18:15:00Z,0,0,0,0,0,0,1,0,0,0,,,,,,,,,,,,,,0.0,PS_008,,,
,,2024-05-27T18:30:00Z,0,0,0,0,0,0,1,0,0,0,,,,,,,,,,,,,,0.0,PS_008,,,
,,2024-05-27T18:45:00Z,0,0,0,0,0,0,1,0,0,0,,,,,,,,,,,,,,0.0,PS_008,,,
,,2024-05-27T19:00:00Z,0,0,0,0,0,0,1,0,0,0,,,,,,,,,,,,,,0.0,PS_008,,,
,,2024-05-27T19:15:00Z,0,0,0,0,0,0,1,0,0,0,,,,,,,,,,,,,,0.0,PS_008,,,
,,2024-05-27T19:30:00Z,0,0,0,0,0,0,1,0,0,0,,,,,,,,,,,,,,0.0,PS_008,,,
,,2024-05-27T19:45:00Z,0,0,0,0,0,0,1,0,0,0,,,,,,,,,,,,,,0.0,PS_008,,,
,,2024-05-27T20:00:00Z,0,0,0,0,0,0,1,0,0,0,,,,,,,,,,,,,,0.0,PS_008,,,
,,2024-05-27T20:15:00Z,0,0,0,0,0,0,1,0,0,0,,,,,,,,,,,,,,0.0,PS_008,,,
,,2024-05-27T20:30:00Z,0,0,0,0,0,0,1,0,0,0,,,,,,,,,,,,,,0.0,PS_008,,,
,,2024-05-27T20:45:00Z,0,0,0,0,0,0,1,0,0,0,,,,,,,,,,,,,,0.0,PS_008,,,
,,2024-05-27T21:00:00Z,0,0,0,0,0,0,1,0,0,0,,,,,,,,,,,,,,0.0,PS_008,,,
,,2024-05-27T21:15:00Z,0,0,0,0,0,0,1,0,0,0,,,,,,,,,,,,,,0.0,PS_008,,,
,,2024-05-27T21:30:00Z,0,0,0,0,0,0,1,0,0,0,,,,,,,,,,,,,,0.0,PS_008,,,
,,2024-05-27T21:45:00Z,0,0,0,0,0,0,1,0,0,0,,,,,,,,,,,,,,0.0,PS_008,,,
,,2024-05-27T22:00:00Z,0,0,0,0,0,0,1,0,0,0,,,,,,,,,,,,,,0.0,PS_008,,,
,,2024-05-27T22:15:00Z,0,0,0,0,0,0,1,0,0,0,,,,,,,,,,,,,,0.0,PS_008,,,
,,2024-05-27T22:30:00Z,0,0,0,0,0,0,1,0,0,0,,,,,,,,,,,,,,0.0,PS_008,,,
,,2024-05-27T22:45:00Z,0,0,0,0,0,0,1,0,0,0,,,,,,,,,,,,,,0.0,PS_008,,,
,,2024-05-27T23:00:00Z,0,0,0,0,0,0,1,0,0,0,,,,,,,,,,,,,,0.0,PS_008,,,
,,2024-05-27T23:15:00Z,0,0,0,0,0,0,1,0,0,0,,,,,,,,,,,,,,0.0,PS_008,,,
,,2024-05-27T23:30:00Z,0,0,0,0,0,0,1,0,0,0,,,,,,,,,,,,,,0.0,PS_008,,,
,,2024-05-27T23:45:00Z,0,0,0,0,0,0,1,0,0,0,,,,,,,,,,,,,,0.0,PS_008,,,
,,2024-05-28T00:00:00Z,0,0,0,0,0,0,1,0,0,0,,,,,,,,,,,,,,0.0,PS_008,,,
,,2024-05-28T00:15:00Z,0,0,0,0,0,0,1,0,0,0,,,,,,,,,,,,,,0.0,PS_008,,,
,,2024-05-28T00:30:00Z,0,0,0,0,0,0,1,0,0,0,,,,,,,,,,,,,,0.0,PS_008,,,
,,2024-05-28T00:45:00Z,0,0,0,0,0,0,1,0,0,0,,,,,,,,,,,,,,0.0,PS_008,,,
,,2024-05-28T01:00:00Z,0,0,0,0,0,0,1,0,0,0,,,,,,,,,,,,,,0.0,PS_008,,,
,,2024-05-28T01:15:00Z,0,0,0,0,0,0,1,0,0,0,,,,,,,,,,,,,,0.0,PS_008,,,
,,2024-05-28T01:30:00Z,0,0,0,0,0,0,1,0,0,0,,,,,,,,,,,,,,0.0,PS_008,,,
,,2024-05-28T01:45:00Z,0,0,0,0,0,0,1,0,0,0,,,,,,,,,,,,,,0.0,PS_008,,,
,,2024-05-28T02:00:00Z,0,0,0,0,0,0,1,0,0,0,,,,,,,,,,,,,,0.0,PS_008,,,
,,2024-05-28T02:15:00Z,0,0,0,0,0,0,1,0,0,0,,,,,,,,,,,,,,0.0,PS_008,,,
,,2024-05-28T02:30:00Z,0,0,0,0,0,0,1,0,0,0,,,,,,,,,,,,,,0.0,PS_008,,,
,,2024-05-28T02:45:00Z,0,0,0,0,0,0,1,0,0,0,,,,,,,,,,,,,,0.0,PS_008,,,
,,2024-05-28T03:00:00Z,0,0,0,0,0,0,1,0,0,0,,,,,,,,,,,,,,0.0,PS_008,,,
,,2024-05-28T03:15:00Z,0,0,0,0,0,0,1,0,0,0,,,,,,,,,,,,,,0.0,PS_008,,,
,,2024-05-28T03:30:00Z,0,0,0,0,0,0,1,0,0,0,,,,,,,,,,,,,,0.0,PS_008,,,
,,2024-05-28T03:45:00Z,0,0,0,0,0,0,1,0,0,0,,,,,,,,,,,,,,0.0,PS_008,,,
,,2024-05-28T04:00:00Z,0,0,0,0,0,0,1,0,0,0,,,,,,,,,,,,,,0.0,PS_008,,,
,,2024-05-28T04:15:00Z,0,0,0,0,0,0,1,0,0,0,,,,,,,,,,,,,,0.0,PS_008,,,
,,2024-05-28T04:30:00Z,0,0,0,0,0,0,1,0,0,0,,,,,,,,,,,,,,0.0,PS_008,,,
,,2024-05-28T04:45:00Z,0,0,0,0,0,0,1,0,0,0,,,,,,,,,,,,,,0.0,PS_008,,,
,,2024-05-28T05:00:00Z,0,0,0,0,0,0,1,0,0,0,,,,,,,,,,,,,,0.0,PS_008,,,
,,2024-05-28T05:15:00Z,0,0,0,0,0,0,1,0,0,0,,,,,,,,,,,,,,0.0,PS_008,,,
,,2024-05-28T05:30:00Z,0,0,0,0,0,0,1,0,0,0,,,,,,,,,,,,,,0.0,PS_008,,,
,,2024-05-28T05:45:00Z,0,0,0,0,0,0,1,0,0,0,,,,,,,,,,,,,,0.0,PS_008,,,
,,2024-05-28T06:00:00Z,0,0,0,0,0,0,1,0,0,0,,,,,,,,,,,,,,0.0,PS_008,,,
,,2024-05-28T06:15:00Z,0,0,0,0,0,0,1,0,0,0,,,,,,,,,,,,,,0.0,PS_008,,,
,,2024-05-28T06:30:00Z,0,0,0,0,0,0,1,0,0,0,,,,,,,,,,,,,,0.0,PS_008,,,
,,2024-05-28T06:45:00Z,0,0,0,0,0,0,1,0,0,0,,,,,,,,,,,,,,0.0,PS_008,,,
,,2024-05-28T07:00:00Z,0,0,0,0,0,0,1,0,0,0,,,,,,,,,,,,,,0.0,PS_008,,,
,,2024-05-28T07:15:00Z,0,0,0,0,0,0,1,0,0,0,,,,,,,,,,,,,,0.0,PS_008,,,
,,2024-05-28T07:30:00Z,0,0,0,0,0,0,1,0,0,0,,,,,,,,,,,,,,0.0,PS_008,,,
,,2024-05-28T07:45:00Z,0,0,0,0,0,0,1,0,0,0,,,,,,,,,,,,,,0.0,PS_008,,,
,,2024-05-28T08:00:00Z,0,0,0,0,0,0,1,0,0,0,,,,,,,,,,,,,,0.0,PS_008,,,
,,2024-05-28T08:15:00Z,0,0,0,0,0,0,1,0,0,0,,,,,,,,,,,,,,0.0,PS_008,,,
,,2024-05-28T08:30:00Z,0,0,0,0,0,0,1,0,0,0,,,,,,,,,,,,,,0.0,PS_008,,,
,,2024-05-28T08:45:00Z,0,0,0,0,0,0,1,0,0,0,,,,,,,,,,,,,,0.0,PS_008,,,
,,2024-05-28T09:00:00Z,0,0,0,0,0,0,1,0,0,0,,,,,,,,,,,,,,0.0,PS_008,,,
,,2024-05-28T09:15:00Z,0,0,0,0,0,0,1,0,0,0,,,,,,,,,,,,,,0.0,PS_008,,,
,,2024-05-28T09:30:00Z,0,0,0,0,0,0,1,0,0,0,,,,,,,,,,,,,,0.0,PS_008,,,
,,2024-05-28T09:45:00Z,0,0,0,0,0,0,1,0,0,0,,,,,,,,,,,,,,0.0,PS_008,,,
,,2024-05-28T10:00:00Z,0,0,0,0,0,0,1,0,0,0,,,,,,,,,,,,,,0.0,PS_008,,,
,,2024-05-28T10:15:00Z,0,0,0,0,0,0,1,0,0,0,,,,,,,,,,,,,,0.0,PS_008,,,
,,2024-05-28T10:30:00Z,0,0,0,0,0,0,1,0,0,0,,,,,,,,,,,,,,0.0,PS_008,,,
,,2024-05-28T10:45:00Z,0,0,0,0,0,0,1,0,0,0,,,,,,,,,,,,,,0.0,PS_008,,,
,,2024-05-28T11:00:00Z,0,0,0,0,0,0,1,0,0,0,,,,,,,,,,,,,,0.0,PS_008,,,
,,2024-05-28T11:15:00Z,0,0,0,0,0,0,1,0,0,0,,,,,,,,,,,,,,0.0,PS_008,,,
,,2024-05-28T11:30:00Z,0,0,0,0,0,0,1,0,0,0,,,,,,,,,,,,,,0.0,PS_008,,,
,,2024-05-28T11:45:00Z,0,0,0,0,0,0,1,0,0,0,,,,,,,,,,,,,,0.0,PS_008,,,
,,2024-05-28T12:00:00Z,0,0,0,0,0,0,1,0,0,0,,,,,,,,,,,,,,0.0,PS_008,,,
,,2024-05-28T12:15:00Z,0,0,0,0,0,0,1,0,0,0,,,,,,,,,,,,,,0.0,PS_008,,,
,,2024-05-28T12:30:00Z,0,0,0,0,0,0,1,0,0,0,,,,,,,,,,,,,,0.0,PS_008,,,
,,2024-05-28T12:45:00Z,0,0,0,0,0,0,1,0,0,0,,,,,,,,,,,,,,0.0,PS_008,,,
,,2024-05-28T13:00:00Z,0,0,0,0,0,0,1,0,0,0,,,,,,,,,,,,,,0.0,PS_008,,,
,,2024-05-28T13:15:00Z,0,0,0,0,0,0,1,0,0,0,,,,,,,,,,,,,,0.0,PS_008,,,
,,2024-05-28T13:30:00Z,0,0,0,0,0,0,1,0,0,0,,,,,,,,,,,,,,0.0,PS_008,,,
,,2024-05-28T13:45:00Z,0,0,0,0,0,0,1,0,0,0,,,,,,,,,,,,,,0.0,PS_008,,,
,,2024-05-28T14:00:00Z,0,0,0,0,0,0,1,0,0,0,,,,,,,,,,,,,,0.0,PS_008,,,
,,2024-05-28T14:15:00Z,0,0,0,0,0,0,1,0,0,0,,,,,,,,,,,,,,0.0,PS_008,,,
,,2024-05-28T14:30:00Z,0,0,0,0,0,0,1,0,0,0,,,,,,,,,,,,,,0.0,PS_008,,,
,,2024-05-28T14:45:00Z,0,0,0,0,0,0,1,0,0,0,,,,,,,,,,,,,,0.0,PS_008,,,
,,2024-05-28T15:00:00Z,0,0,0,0,0,0,1,0,0,0,,,,,,,,,,,,,,0.0,PS_008,,,
,,2024-05-28T15:15:00Z,0,0,0,0,0,0,1,0,0,0,,,,,,,,,,,,,,0.0,PS_008,,,
,,2024-05-28T15:30:00Z,0,0,0,0,0,0,1,0,0,0,,,,,,,,,,,,,,0.0,PS_008,,,
,,2024-05-28T15:45:00Z,0,0,0,0,0,0,1,0,0,0,,,,,,,,,,,,,,0.0,PS_008,,,
,,2024-05-28T16:00:00Z,0,0,0,0,0,0,1,0,0,0,,,,,,,,,,,,,,0.0,PS_008,,,
,,2024-05-28T16:15:00Z,0,0,0,0,0,0,1,0,0,0,,,,,,,,,,,,,,0.0,PS_008,,,
,,2024-05-28T16:30:00Z,0,0,0,0,0,0,1,0,0,0,,,,,,,,,,,,,,0.0,PS_008,,,
,,2024-05-28T16:45:00Z,0,0,0,0,0,0,1,0,0,0,,,,,,,,,,,,,,0.0,PS_008,,,
,,2024-05-28T17:00:00Z,0,0,0,0,0,0,1,0,0,0,,,,,,,,,,,,,,0.0,PS_008,,,
,,2024-05-28T17:15:00Z,0,0,0,0,0,0,1,0,0,0,,,,,,,,,,,,,,0.0,PS_008,,,
,,2024-05-28T17:30:00Z,0,0,0,0,0,0,1,0,0,0,,,,,,,,,,,,,,0.0,PS_008,,,
,,2024-05-28T17:45:00Z,0,0,0,0,0,0,1,0,0,0,,,,,,,,,,,,,,0.0,PS_008,,,
,,2024-05-28T18:00:00Z,0,0,0,0,0,0,1,0,0,0,,,,,,,,,,,,,,0.0,PS_008,,,
,,2024-05-28T18:15:00Z,0,0,0,0,0,0,1,0,0,0,,,,,,,,,,,,,,0.0,PS_008,,,
,,2024-05-28T18:30:00Z,0,0,0,0,0,0,1,0,0,0,,,,,,,,,,,,,,0.0,PS_008,,,
,,2024-05-28T18:45:00Z,0,0,0,0,0,0,1,0,0,0,,,,,,,,,,,,,,0.0,PS_008,,,
,,2024-05-28T19:00:00Z,0,0,0,0,0,0,1,0,0,0,,,,,,,,,,,,,,0.0,PS_008,,,
,,2024-05-28T19:15:00Z,0,0,0,0,0,0,1,0,0,0,,,,,,,,,,,,,,0.0,PS_008,,,
,,2024-05-28T19:30:00Z,0,0,0,0,0,0,1,0,0,0,,,,,,,,,,,,,,0.0,PS_008,,,
,,2024-05-28T19:45:00Z,0,0,0,0,0,0,1,0,0,0,,,,,,,,,,,,,,0.0,PS_008,,,
,,2024-05-28T20:00:00Z,0,0,0,0,0,0,1,0,0,0,,,,,,,,,,,,,,0.0,PS_008,,,
,,2024-05-28T20:15:00Z,0,0,0,0,0,0,1,0,0,0,,,,,,,,,,,,,,0.0,PS_008,,,
,,2024-05-28T20:30:00Z,0,0,0,0,0,0,1,0,0,0,,,,,,,,,,,,,,0.0,PS_008,,,
,,2024-05-28T20:45:00Z,0,0,0,0,0,0,1,0,0,0,,,,,,,,,,,,,,0.0,PS_008,,,
,,2024-05-28T21:00:00Z,0,0,0,0,0,0,1,0,0,0,,,,,,,,,,,,,,0.0,PS_008,,,
,,2024-05-28T21:15:00Z,0,0,0,0,0,0,1,0,0,0,,,,,,,,,,,,,,0.0,PS_008,,,
,,2024-05-28T21:30:00Z,0,0,0,0,0,0,1,0,0,0,,,,,,,,,,,,,,0.0,PS_008,,,
,,2024-05-28T21:45:00Z,0,0,0,0,0,0,1,0,0,0,,,,,,,,,,,,,,0.0,PS_008,,,
,,2024-05-28T22:00:00Z,0,0,0,0,0,0,1,0,0,0,,,,,,,,,,,,,,0.0,PS_008,,,
,,2024-05-28T22:15:00Z,0,0,0,0,0,0,1,0,0,0,,,,,,,,,,,,,,0.0,PS_008,,,
,,2024-05-28T22:30:00Z,0,0,0,0,0,0,1,0,0,0,,,,,,,,,,,,,,0.0,PS_008,,,
,,2024-05-28T22:45:00Z,0,0,0,0,0,0,1,0,0,0,,,,,,,,,,,,,,0.0,PS_008,,,
,,2024-05-28T23:00:00Z,0,0,0,0,0,0,1,0,0,0,,,,,,,,,,,,,,0.0,PS_008,,,
,,2024-05-28T23:15:00Z,0,0,0,0,0,0,1,0,0,0,,,,,,,,,,,,,,0.0,PS_008,,,
,,2024-05-28T23:30:00Z,0,0,0,0,0,0,1,0,0,0,,,,,,,,,,,,,,0.0,PS_008,,,
,,2024-05-28T23:45:00Z,0,0,0,0,0,0,1,0,0,0,,,,,,,,,,,,,,0.0,PS_008,,,
