ambient_temperature_celsius,battery_voltage,datetime,document_count_ambient_temperature_celsius,document_count_battery_voltage,document_count_ghi_irradiance_wm2,document_count_gri_irradiance_wm2,document_count_panel_temperature_celsius,document_count_poa_irradiance_wm2,document_count_precipitation_accumulated_mm,document_count_tracker_albedo_index,document_count_wind_direction_degrees,document_count_wind_speed_ms,ghi_irradiance_wm2,gri_irradiance_wm2,interpolated_keys_ambient_temperature_celsius,interpolated_keys_battery_voltage,interpolated_keys_ghi_irradiance_wm2,interpolated_keys_gri_irradiance_wm2,interpolated_keys_panel_temperature_celsius,interpolated_keys_poa_irradiance_wm2,interpolated_keys_wind_speed_ms,panel_temperature_celsius,poa_irradiance_wm2,precipitation_accumulated_mm,ps_id,tracker_albedo_index,wind_direction_degrees,wind_speed_ms
,,2025-02-28T00:00:00Z,0,0,0,0,0,0,0,0,0,0,,,,,,,,,,,,,PS_050,,,
,,2025-02-28T00:15:00Z,0,0,0,0,0,0,0,0,0,0,,,,,,,,,,,,,PS_050,,,
,,2025-02-28T00:30:00Z,0,0,0,0,0,0,0,0,0,0,,,,,,,,,,,,,PS_050,,,
,,2025-02-28T00:45:00Z,0,0,0,0,0,0,0,0,0,0,,,,,,,,,,,,,PS_050,,,
,,2025-02-28T01:00:00Z,0,0,0,0,0,0,0,0,0,0,,,,,,,,,,,,,PS_050,,,
,,2025-02-28T01:15:00Z,0,0,0,0,0,0,0,0,0,0,,,,,,,,,,,,,PS_050,,,
,,2025-02-28T01:30:00Z,0,0,0,0,0,0,0,0,0,0,,,,,,,,,,,,,PS_050,,,
,,2025-02-28T01:45:00Z,0,0,0,0,0,0,0,0,0,0,,,,,,,,,,,,,PS_050,,,
,,2025-02-28T02:00:00Z,0,0,0,0,0,0,0,0,0,0,,,,,,,,,,,,,PS_050,,,
,,2025-02-28T02:15:00Z,0,0,0,0,0,0,0,0,0,0,,,,,,,,,,,,,PS_050,,,
,,2025-02-28T02:30:00Z,0,0,0,0,0,0,0,0,0,0,,,,,,,,,,,,,PS_050,,,
,,2025-02-28T02:45:00Z,0,0,0,0,0,0,0,0,0,0,,,,,,,,,,,,,PS_050,,,
,,2025-02-28T03:00:00Z,0,0,0,0,0,0,0,0,0,0,,,,,,,,,,,,,PS_050,,,
,,2025-02-28T03:15:00Z,0,0,0,0,0,0,0,0,0,0,,,,,,,,,,,,,PS_050,,,
,,2025-02-28T03:30:00Z,0,0,0,0,0,0,0,0,0,0,,,,,,,,,,,,,PS_050,,,
,,2025-02-28T03:45:00Z,0,0,0,0,0,0,0,0,0,0,,,,,,,,,,,,,PS_050,,,
,,2025-02-28T04:00:00Z,0,0,0,0,0,0,0,0,0,0,,,,,,,,,,,,,PS_050,,,
,,2025-02-28T04:15:00Z,0,0,0,0,0,0,0,0,0,0,,,,,,,,,,,,,PS_050,,,
,,2025-02-28T04:30:00Z,0,0,0,0,0,0,0,0,0,0,,,,,,,,,,,,,PS_050,,,
,,2025-02-28T04:45:00Z,0,0,0,0,0,0,0,0,0,0,,,,,,,,,,,,,PS_050,,,
,,2025-02-28T05:00:00Z,0,0,0,0,0,0,0,0,0,0,,,,,,,,,,,,,PS_050,,,
,,2025-02-28T05:15:00Z,0,0,0,0,0,0,0,0,0,0,,,,,,,,,,,,,PS_050,,,
,,2025-02-28T05:30:00Z,0,0,0,0,0,0,0,0,0,0,,,,,,,,,,,,,PS_050,,,
,,2025-02-28T05:45:00Z,0,0,0,0,0,0,0,0,0,0,,,,,,,,,,,,,PS_050,,,
,,2025-02-28T06:00:00Z,0,0,0,0,0,0,0,0,0,0,,,,,,,,,,,,,PS_050,,,
,,2025-02-28T06:15:00Z,0,0,0,0,0,0,0,0,0,0,,,,,,,,,,,,,PS_050,,,
,,2025-02-28T06:30:00Z,0,0,0,0,0,0,0,0,0,0,,,,,,,,,,,,,PS_050,,,
,,2025-02-28T06:45:00Z,0,0,0,0,0,0,0,0,0,0,,,,,,,,,,,,,PS_050,,,
,,2025-02-28T07:00:00Z,0,0,0,0,0,0,0,0,0,0,,,,,,,,,,,,,PS_050,,,
,,2025-02-28T07:15:00Z,0,0,0,0,0,0,0,0,0,0,,,,,,,,,,,,,PS_050,,,
,,2025-02-28T07:30:00Z,0,0,0,0,0,0,0,0,0,0,,,,,,,,,,,,,PS_050,,,
,,2025-02-28T07:45:00Z,0,0,0,0,0,0,0,0,0,0,,,,,,,,,,,,,PS_050,,,
,,2025-02-28T08:00:00Z,0,0,0,0,0,0,0,0,0,0,,,,,,,,,,,,,PS_050,,,
,,2025-02-28T08:15:00Z,0,0,0,0,0,0,0,0,0,0,,,,,,,,,,,,,PS_050,,,
,,2025-02-28T08:30:00Z,0,0,0,0,0,0,0,0,0,0,,,,,,,,,,,,,PS_050,,,
,,2025-02-28T08:45:00Z,0,0,0,0,0,0,0,0,0,0,,,,,,,,,,,,,PS_050,,,
,,2025-02-28T09:00:00Z,0,0,0,0,0,0,0,0,0,0,,,,,,,,,,,,,PS_050,,,
,,2025-02-28T09:15:00Z,0,0,0,0,0,0,0,0,0,0,,,,,,,,,,,,,PS_050,,,
,,2025-02-28T09:30:00Z,0,0,0,0,0,0,0,0,0,0,,,,,,,,,,,,,PS_050,,,
,,2025-02-28T09:45:00Z,0,0,0,0,0,0,0,0,0,0,,,,,,,,,,,,,PS_050,,,
,,2025-02-28T10:00:00Z,0,0,0,0,0,0,0,0,0,0,,,,,,,,,,,,,PS_050,,,
,,2025-02-28T10:15:00Z,0,0,0,0,0,0,0,0,0,0,,,,,,,,,,,,,PS_050,,,
,,2025-02-28T10:30:00Z,0,0,0,0,0,0,0,0,0,0,,,,,,,,,,,,,PS_050,,,
,,2025-02-28T10:45:00Z,0,0,0,0,0,0,0,0,0,0,,,,,,,,,,,,,PS_050,,,
,,2025-02-28T11:00:00Z,0,0,0,0,0,0,0,0,0,0,,,,,,,,,,,,,PS_050,,,
,,2025-02-28T11:15:00Z,0,0,0,0,0,0,0,0,0,0,,,,,,,,,,,,,PS_050,,,
,,2025-02-28T11:30:00Z,0,0,0,0,0,0,0,0,0,0,,,,,,,,,,,,,PS_050,,,
,,2025-02-28T11:45:00Z,0,0,0,0,0,0,0,0,0,0,,,,,,,,,,,,,PS_050,,,
,,2025-02-28T12:00:00Z,0,0,0,0,0,0,0,0,0,0,,,,,,,,,,,,,PS_050,,,
,,2025-02-28T12:15:00Z,0,0,0,0,0,0,0,0,0,0,,,,,,,,,,,,,PS_050,,,
,,2025-02-28T12:30:00Z,0,0,0,0,0,0,0,0,0,0,,,,,,,,,,,,,PS_050,,,
,,2025-02-28T12:45:00Z,0,0,0,0,0,0,0,0,0,0,,,,,,,,,,,,,PS_050,,,
,,2025-02-28T13:00:00Z,0,0,0,0,0,0,0,0,0,0,,,,,,,,,,,,,PS_050,,,
,,2025-02-28T13:15:00Z,0,0,0,0,0,0,0,0,0,0,,,,,,,,,,,,,PS_050,,,
,,2025-02-28T13:30:00Z,0,0,0,0,0,0,0,0,0,0,,,,,,,,,,,,,PS_050,,,
,,2025-02-28T13:45:00Z,0,0,0,0,0,0,0,0,0,0,,,,,,,,,,,,,PS_050,,,
,,2025-02-28T14:00:00Z,0,0,0,0,0,0,0,0,0,0,,,,,,,,,,,,,PS_050,,,
,,2025-02-28T14:15:00Z,0,0,0,0,0,0,0,0,0,0,,,,,,,,,,,,,PS_050,,,
,,2025-02-28T14:30:00Z,0,0,0,0,0,0,0,0,0,0,,,,,,,,,,,,,PS_050,,,
,,2025-02-28T14:45:00Z,0,0,0,0,0,0,0,0,0,0,,,,,,,,,,,,,PS_050,,,
,,2025-02-28T15:00:00Z,0,0,0,0,0,0,0,0,0,0,,,,,,,,,,,,,PS_050,,,
,,2025-02-28T15:15:00Z,0,0,0,0,0,0,0,0,0,0,,,,,,,,,,,,,PS_050,,,
,,2025-02-28T15:30:00Z,0,0,0,0,0,0,0,0,0,0,,,,,,,,,,,,,PS_050,,,
,,2025-02-28T15:45:00Z,0,0,0,0,0,0,0,0,0,0,,,,,,,,,,,,,PS_050,,,
30.340003967285156,16.421649932861328,2025-02-28T16:00:00Z,1,1,1,1,1,1,0,0,0,1,1080.239990234375,66.0,,,,,,,,48.70000076293945,1084.4000244140625,,PS_050,,,3.5460000038146973
30.29756296475081,16.34539474740428,2025-02-28T16:15:00Z,3,3,3,3,3,3,1,0,0,3,1063.0038599492304,66.1925540964065,,,,,,,,50.681274866130174,1067.9580635481805,7.800000190734863,PS_050,,,2.807272377424019
30.814485489723733,16.357791842957475,2025-02-28T16:30:00Z,3,3,3,3,3,3,1,0,0,3,1112.4633761894577,70.479133076648,,,,,,,,52.09984563704206,1117.5870224104337,7.800000190734863,PS_050,,,3.169096886383662
30.986235294738808,16.30144208404351,2025-02-28T16:45:00Z,4,4,4,4,4,4,1,0,0,4,1041.6574802777538,71.69214273407256,,,,,,,,50.82204648480292,1050.7442654498325,7.800000190734863,PS_050,,,4.136967743025927
31.060587735624985,16.218972203992397,2025-02-28T17:00:00Z,3,3,3,3,3,3,1,0,0,3,1008.0846015286348,75.0968047116868,,,,,,,,51.11325931046318,1020.4681566826956,7.800000190734863,PS_050,,,3.7998528139413166
31.17915601555877,16.109755789404932,2025-02-28T17:15:00Z,4,4,4,4,4,4,1,0,0,4,963.558427413171,76.51939309033786,,,,,,,,50.72862629948921,977.2325778753685,7.800000190734863,PS_050,,,4.494269987591189
31.305046948985694,15.419201393281158,2025-02-28T17:30:00Z,4,4,4,4,4,4,1,0,0,4,693.6308161671985,56.22842608349741,,,,,,,,50.82182111107773,676.1642896908913,7.800000190734863,PS_050,,,2.523289656608728
31.163450163446605,14.729766764854684,2025-02-28T17:45:00Z,3,3,3,3,3,3,1,0,0,3,429.89958915169956,40.22429168364322,,,,,,,,50.29773208772223,436.1938434473545,7.800000190734863,PS_050,,,1.6969906639765397
31.11892372057437,15.105109153980287,2025-02-28T18:00:00Z,4,4,4,4,4,4,1,0,0,4,774.413798167756,88.02813166003143,,,,,,,,45.023281399548345,799.0101324083963,7.800000190734863,PS_050,,,3.3686744957879577
32.342107942393504,15.241470394357574,2025-02-28T18:15:00Z,4,4,4,4,4,4,1,0,0,4,795.7237400513103,90.73048373126419,,,,,,,,50.81428283000096,809.0638413797576,7.800000190734863,PS_050,,,1.1460270010974265
31.80665308408787,14.567860831172508,2025-02-28T18:30:00Z,3,3,3,3,3,3,1,0,0,3,745.4348773110361,95.551833090444,,,,,,,,47.099998474121094,759.7833933972469,7.800000190734863,PS_050,,,2.3747386268817534
32.25064897757381,14.931783368871306,2025-02-28T18:45:00Z,4,4,4,4,4,4,1,0,0,4,690.3735146109727,95.39603448594573,,,,,,,,48.065981218781005,703.6443714659988,7.800000190734863,PS_050,,,2.614184328011831
31.883160958677504,14.793597286576384,2025-02-28T19:00:00Z,4,4,4,4,4,4,1,0,0,4,613.9406739547703,95.71675597965685,,,,,,,,45.00402452721649,631.9283970826641,7.800000190734863,PS_050,,,2.9136041470217604
32.12649141207682,14.694587269540596,2025-02-28T19:15:00Z,3,3,3,3,3,3,1,0,0,3,561.1186782686677,94.96230679992908,,,,,,,,43.25582252284066,580.3298800058391,7.800000190734863,PS_050,,,3.030349882608264
32.414867250867296,14.64814806257897,2025-02-28T19:30:00Z,4,4,4,4,4,4,1,0,0,4,527.2411507060598,91.78799272035519,,,,,,,,43.484186673577824,540.4822308527705,7.800000190734863,PS_050,,,2.7158875821204083
31.846016459864234,14.716380626750313,2025-02-28T19:45:00Z,4,4,4,4,4,4,1,0,0,4,531.5445729860526,89.71213918087122,,,,,,,,40.513135992766536,544.9980502355053,7.800000190734863,PS_050,,,2.831241750409296
30.64565626209396,14.47263678430831,2025-02-28T20:00:00Z,3,3,3,3,3,3,1,0,0,3,418.40030911105714,74.75605687658005,,,,,,,,37.93523783480128,428.65945092158427,7.800000190734863,PS_050,,,5.092371458899298
29.650657049200365,14.174024010483626,2025-02-28T20:15:00Z,4,4,4,4,4,4,1,0,0,4,217.56718015934933,33.79163447563855,,,,,,,,32.837343417862115,220.21875972645597,7.800000190734863,PS_050,,,2.708383150098007
29.171486327924878,14.144125596652248,2025-02-28T20:30:00Z,4,4,4,4,4,4,1,0,0,4,219.67658426507668,37.551430553320714,,,,,,,,30.95078480857807,216.78396318512117,7.800000190734863,PS_050,,,2.590750315447981
28.69168062180236,14.052468903747247,2025-02-28T20:45:00Z,3,3,3,3,3,3,1,0,0,3,133.81755919134312,16.173815021445662,,,,,,,,29.46266398057277,135.2967169312029,7.800000190734863,PS_050,,,2.570879444466984
28.790459307871515,14.024511309970583,2025-02-28T21:00:00Z,4,4,4,4,4,4,1,0,0,4,69.7136605238929,22.361765800356103,,,,,,,,29.134880992899955,119.6388984127282,7.800000190734863,PS_050,,,2.711262152793861
27.997192022622198,13.878565410974524,2025-02-28T21:15:00Z,3,3,3,3,3,3,1,0,0,3,31.454880410541527,4.80971340979477,,,,,,,,27.470066045266183,34.120841401104215,7.800000190734863,PS_050,,,1.94957096874092
26.947811662301923,13.714362996264727,2025-02-28T21:30:00Z,4,4,4,4,4,4,1,0,0,4,8.279686820109502,1.569562662740374,,,,,,,,24.936797539931867,9.67110394726358,7.800000190734863,PS_050,,,1.8729254082792537
26.298433899002244,13.559917859897068,2025-02-28T21:45:00Z,4,4,4,4,4,4,1,0,0,4,0.21116465057730247,-0.1659019080566172,,,,,,,,23.313572118518124,-0.02480107423925827,7.800000190734863,PS_050,,,2.3393322153311016
26.026209876381653,13.47346189370194,2025-02-28T22:00:00Z,3,3,3,3,3,3,1,0,0,3,-1.4231204819504863,-0.37841855480030334,,,,,,,,22.612154886174512,-1.4572584104745574,7.800000190734863,PS_050,,,2.318669192733094
25.70560508636404,13.442996931023945,2025-02-28T22:15:00Z,4,4,4,4,4,4,1,0,0,4,-1.3649863991545619,-0.40695053700734074,,,,,,,,22.052093407216933,-1.448033251582161,7.800000190734863,PS_050,,,1.9766117552967493
25.18742893014569,13.45074752266037,2025-02-28T22:30:00Z,4,4,4,4,4,4,1,0,0,4,-1.3282087568579224,-0.3669005304144284,,,,,,,,21.71508586337821,-1.3588445817828487,7.800000190734863,PS_050,,,3.118009023351145
25.26487038030212,13.462719206834612,2025-02-28T22:45:00Z,3,3,3,3,3,3,1,0,0,3,-1.392837516681418,-0.3842658250802439,,,,,,,,21.600000381469727,-1.2729393650678362,7.800000190734863,PS_050,,,2.422475989671776
24.656664625321813,13.465817296930902,2025-02-28T23:00:00Z,4,4,4,4,4,4,1,0,0,4,-1.2589711987180279,-0.38790318151572434,,,,,,,,21.133813249666698,-1.3503180166339792,7.800000190734863,PS_050,,,1.337256921048576
24.31077716095085,13.462110181883906,2025-02-28T23:15:00Z,4,4,4,4,4,4,1,0,0,4,-1.270936968207594,-0.3725005495323027,,,,,,,,20.601198661878573,-1.6078366298403401,7.800000190734863,PS_050,,,2.2626605117324083
24.07412789994293,13.454821860179559,2025-02-28T23:30:00Z,3,3,3,3,3,3,1,0,0,3,-1.6044286575144036,-0.34205383607641676,,,,,,,,20.0,-1.7458621632456597,7.800000190734863,PS_050,,,2.890079788938362
24.02443330500508,13.453249931335451,2025-02-28T23:45:00Z,4,4,4,4,4,4,1,0,0,4,-1.7281377551705013,-0.39501307216213877,,,,,,,,20.109021198580606,-1.5190322925422155,7.800000190734863,PS_050,,,2.9000204492269743
23.921617065838905,13.447149907955925,2025-03-01T00:00:00Z,4,4,4,4,4,4,1,0,0,4,-1.527523635322569,-0.3631026690870934,,,,,,,,20.17685559037695,-1.6552121642216282,7.800000190734863,PS_050,,,2.923531533691284
23.99365069441692,13.441507361521326,2025-03-01T00:15:00Z,3,3,3,3,3,3,1,0,0,3,-1.72855593137247,-0.428522656613032,,,,,,,,20.075501996669868,-1.8026633514872918,7.800000190734863,PS_050,,,4.301239795369995
23.565627319596576,13.434731978928,2025-03-01T00:30:00Z,4,4,4,4,4,4,1,0,0,4,-1.5776552265173538,-0.33370140588471314,,,,,,,,19.737885195684353,-1.565885606597758,7.800000190734863,PS_050,,,3.1817315033165565
22.666380231686443,13.43083454755879,2025-03-01T00:45:00Z,3,3,3,3,3,3,1,0,0,3,-1.075339720274582,-0.12896900153866236,,,,,,,,19.167019264028898,-1.540423485513933,7.800000190734863,PS_050,,,2.170753764094179
22.136162312935088,13.422199558145547,2025-03-01T01:00:00Z,4,4,4,4,4,4,1,0,0,4,-1.7117974000266398,-0.33630752008292425,,,,,,,,18.00261352419475,-1.591181297427255,7.800000190734863,PS_050,,,2.1274623701066164
21.7574075787749,13.418189060715353,2025-03-01T01:15:00Z,4,4,4,4,4,4,1,0,0,4,-1.7587637306712733,-0.31249436091387234,,,,,,,,17.799999237060547,-1.578610145559951,7.800000190734863,PS_050,,,2.336392316183451
21.683093200059908,13.410882949829103,2025-03-01T01:30:00Z,3,3,3,3,3,3,1,0,0,3,-1.4423700232750463,-0.22954147165473449,,,,,,,,17.85430600002026,-1.6171408873648507,7.800000190734863,PS_050,,,2.3387615507210855
21.564133800669772,13.406106609880979,2025-03-01T01:45:00Z,4,4,4,4,4,4,1,0,0,4,-1.7128947304646898,-0.3797974724343553,,,,,,,,17.6252495238923,-1.548730215182549,7.800000190734863,PS_050,,,2.181292274294571
21.448924257246116,13.402777516508761,2025-03-01T02:00:00Z,4,4,4,4,4,4,1,0,0,4,-1.7041990553101798,-0.35087169465730195,,,,,,,,17.600000381469723,-1.433291009388495,7.800000190734863,PS_050,,,2.545477495209628
21.276528504466267,13.395166397094727,2025-03-01T02:15:00Z,3,3,3,3,3,3,1,0,0,3,-1.701412437118408,-0.4171652955136625,,,,,,,,17.351465580231498,-1.7137441579128527,7.800000190734863,PS_050,,,1.850811947823517
21.117366881959935,13.390475950249535,2025-03-01T02:30:00Z,4,4,4,4,4,4,1,0,0,4,-1.666085835359551,-0.3635520701864976,,,,,,,,17.29999923706055,-1.627447685886414,7.800000190734863,PS_050,,,2.123810121060682
21.38856950782226,13.384916305541992,2025-03-01T02:45:00Z,4,4,4,4,4,4,1,0,0,4,-1.9315557110744657,-0.38783159337626466,,,,,,,,17.0,-1.3957953306829824,7.800000190734863,PS_050,,,1.847302275876017
20.749536751234327,13.383984095848515,2025-03-01T03:00:00Z,3,3,3,3,3,3,1,0,0,3,-1.4441556385188001,-0.2993937753910299,,,,,,,,17.0,-1.6162951037046027,7.800000190734863,PS_050,,,2.502883210384783
20.562958507248737,13.378629128853525,2025-03-01T03:15:00Z,4,4,4,4,4,4,1,0,0,4,-1.6384793279340049,-0.3592496496199582,,,,,,,,16.754966249372732,-1.4719929150383848,7.800000190734863,PS_050,,,2.382269760173555
20.417267153519507,13.373982429504395,2025-03-01T03:30:00Z,3,3,3,3,3,3,1,0,0,3,-1.5269725785317663,-0.3592354388602333,,,,,,,,16.5,-1.429529153687286,7.800000190734863,PS_050,,,2.236497238409052
20.66379012778416,13.3707516616259,2025-03-01T03:45:00Z,4,4,4,4,4,4,1,0,0,4,-1.7030711685588684,-0.4184801864666562,,,,,,,,16.54719520388974,-1.4498525928181438,7.800000190734863,PS_050,,,2.3009676163902406
20.466892256092237,13.369200706481935,2025-03-01T04:00:00Z,4,4,4,4,4,4,1,0,0,4,-1.4953462725419375,-0.32598290612704084,,,,,,,,16.783078764718862,-1.3566308744061042,7.800000190734863,PS_050,,,2.293472091495432
19.721849788748955,13.362680569019126,2025-03-01T04:15:00Z,3,3,3,3,3,3,1,0,0,3,-1.0874863281284128,-0.24977482283586952,,,,,,,,16.799999237060547,-1.3372360362662905,7.800000190734863,PS_050,,,2.380203265126938
19.825333718951473,13.363733291625975,2025-03-01T04:30:00Z,4,4,4,4,4,4,1,0,0,4,-1.6420244077744075,-0.4247112574748695,,,,,,,,16.34354355550846,-1.2770317372513158,7.800000190734863,PS_050,,,1.5550051276006238
20.113351147043193,13.361330212693156,2025-03-01T04:45:00Z,4,4,4,4,4,4,1,0,0,4,-1.7794507800492196,-0.34781816476126687,,,,,,,,16.112079600783964,-1.299790098940935,7.800000190734863,PS_050,,,1.7517585737931467
20.109017494141796,13.357495618111406,2025-03-01T05:00:00Z,3,3,3,3,3,3,1,0,0,3,-1.616464802806881,-0.4092894023631251,,,,,,,,16.032243932538403,-1.1839323420883308,7.800000190734863,PS_050,,,1.697603361584338
20.693333817272112,13.353483200073242,2025-03-01T05:15:00Z,4,4,4,4,4,4,1,0,0,4,-1.7254915007931735,-0.515709149633054,,,,,,,,16.642157687522985,-1.4202394182633902,7.800000190734863,PS_050,,,2.921438874027689
20.766125601779294,13.352614279735281,2025-03-01T05:30:00Z,4,4,4,4,4,4,1,0,0,4,-1.634412490324583,-0.4572839275056803,,,,,,,,17.259868489501237,-1.532087993061728,7.800000190734863,PS_050,,,3.5266708276188843
20.712457923306467,13.353483200073242,2025-03-01T05:45:00Z,3,3,3,3,3,3,1,0,0,3,-1.4748655571981704,-0.3450442119531036,,,,,,,,17.04526786434374,-1.5102304033223368,7.800000190734863,PS_050,,,2.5018367164253568
20.19788698479694,13.348016738891603,2025-03-01T06:00:00Z,4,4,4,4,4,4,1,0,0,4,-1.2027420502525306,-0.3252683072487356,,,,,,,,16.827073959804256,-1.2957901426416631,7.800000190734863,PS_050,,,2.8702221976144857
20.322664255148954,13.348016738891602,2025-03-01T06:15:00Z,4,4,4,4,4,4,1,0,0,4,-1.5009306746676896,-0.3264451398106501,,,,,,,,16.875144879274313,-1.3083144659239125,7.800000190734863,PS_050,,,3.136991150809211
20.458367126780225,13.346133708155094,2025-03-01T06:30:00Z,3,3,3,3,3,3,1,0,0,3,-1.6161299651363925,-0.3990031324897098,,,,,,,,17.29999923706055,-1.2932829556906584,7.800000190734863,PS_050,,,2.9080879015504038
20.4970437930584,13.34333012098598,2025-03-01T06:45:00Z,4,4,4,4,4,4,1,0,0,4,-1.4090991934046397,-0.3877529508287611,,,,,,,,17.507395699459757,-1.3234991154741822,7.800000190734863,PS_050,,,3.1547630273428813
20.259704627210304,13.343414267191346,2025-03-01T07:00:00Z,4,4,4,4,4,4,1,0,0,4,-1.505906156835037,-0.3512440034143945,,,,,,,,16.945950035540488,-1.2939410904189987,7.800000190734863,PS_050,,,2.7480934927230694
19.086239954346674,13.342549324035645,2025-03-01T07:15:00Z,3,3,3,3,3,3,1,0,0,3,-1.4135396592465477,-0.39055677893227675,,,,,,,,15.764479542074067,-1.5509671529816016,7.800000190734863,PS_050,,,1.41800903034707
19.648158674982092,13.342549324035645,2025-03-01T07:30:00Z,4,4,4,4,4,4,1,0,0,4,-1.5898824157504088,-0.33703907603487393,,,,,,,,15.745315250378091,-1.3440256857139161,7.800000190734863,PS_050,,,2.3682911697981845
19.39452483618293,13.339263511338594,2025-03-01T07:45:00Z,3,3,3,3,3,3,1,0,0,3,-1.2395726314828188,-0.2833798063680711,,,,,,,,15.632106595939794,-1.1882622578767537,7.800000190734863,PS_050,,,1.7781407952204082
18.01176075791586,13.341013944729418,2025-03-01T08:00:00Z,10,10,10,10,10,10,1,0,0,10,-1.3993191636817792,-0.30671284713328856,,,,,,,,14.639710483469296,-1.4188186678818413,7.800000190734863,PS_050,,,0.5733104109521643
18.77029216309331,13.341653597613826,2025-03-01T08:15:00Z,15,15,15,15,15,15,1,0,0,15,-1.7012829067120905,-0.34369760647406394,,,,,,,,15.142987100568869,-1.0821053157331213,7.800000190734863,PS_050,,,1.9830555843070619
19.025290339207718,13.339513068127959,2025-03-01T08:30:00Z,15,15,15,15,15,15,1,0,0,15,-1.3844743149788916,-0.28325057475188303,,,,,,,,15.325087906947568,-1.2731672589526457,7.800000190734863,PS_050,,,1.830448264324389
18.382743047907315,13.337001790660647,2025-03-01T08:45:00Z,14,14,14,14,14,14,1,0,0,14,-1.3983818747604821,-0.24743622349522687,,,,,,,,15.199999809265138,-1.2344764329860771,7.800000190734863,PS_050,,,1.419179190537822
18.820352025758023,13.337430930772662,2025-03-01T09:00:00Z,9,9,9,9,9,9,1,0,0,9,-0.9706286075932892,-0.24995392919961376,,,,,,,,15.232230705480267,-0.6588327859293067,7.800000190734863,PS_050,,,2.0708588261896947
18.50986079497548,13.350036239757683,2025-03-01T09:15:00Z,4,4,4,4,4,4,1,0,0,4,5.596550316801285,0.42086867545275647,,,,,,,,15.231836823029447,5.899911871589733,7.800000190734863,PS_050,,,1.3543078878887476
18.63796177133557,13.449921128889974,2025-03-01T09:30:00Z,4,4,4,4,4,4,1,0,0,4,17.770313863131268,2.2600459815237772,,,,,,,,15.60406474779373,21.689605665450994,7.800000190734863,PS_050,,,1.8414748190370562
19.02613490468114,13.694147220535175,2025-03-01T09:45:00Z,3,3,3,3,3,3,1,0,0,3,41.63361886841887,4.955433002570931,,,,,,,,16.063876999556825,44.17110170298964,7.800000190734863,PS_050,,,1.3904590957461351
19.31200317699936,14.213038496192274,2025-03-01T10:00:00Z,4,4,4,4,4,4,1,0,0,4,103.27238225117632,11.056078954855927,,,,,,,,17.16641595698559,105.76985904385941,7.800000190734863,PS_050,,,1.7462566654216827
19.837892667739577,14.634322019108158,2025-03-01T10:15:00Z,4,4,4,4,4,4,1,0,0,4,126.0236143815622,13.578433855872088,,,,,,,,19.02136246245006,128.81822030139605,7.800000190734863,PS_050,,,1.699419850083512
20.20610132721469,14.92752891396232,2025-03-01T10:30:00Z,3,3,3,3,3,3,1,0,0,3,139.45759593943663,19.618245114344088,,,,,,,,20.748622688939076,142.77481050233825,7.800000190734863,PS_050,,,2.5037518604813522
22.433645218503507,17.016874783731026,2025-03-01T10:45:00Z,4,4,4,4,4,4,1,0,0,4,408.16283571799215,70.61160146418065,,,,,,,,26.041090756148975,402.49443710500526,7.800000190734863,PS_050,,,2.892652629731482
23.06200353191061,16.792921254279587,2025-03-01T11:00:00Z,4,4,4,4,4,4,1,0,0,4,464.51523290999825,79.55578765771085,,,,,,,,29.6043423987152,452.2612573251449,7.800000190734863,PS_050,,,3.6802122328640796
23.293430711260932,16.326169405710658,2025-03-01T11:15:00Z,3,3,3,3,3,3,1,0,0,3,479.95840656729916,81.77420722350617,,,,,,,,29.64011724270437,470.73889087457064,7.800000190734863,PS_050,,,3.33797921533709
23.933463283994207,16.304083487333546,2025-03-01T11:30:00Z,4,4,4,4,4,4,1,0,0,4,532.66725149247,84.53960400002705,,,,,,,,30.779773529212775,526.1900715411856,7.800000190734863,PS_050,,,5.4676380139260194
24.213296616630984,16.39613710704701,2025-03-01T11:45:00Z,4,4,4,4,4,4,1,0,0,4,596.5500202258227,87.61333369856062,,,,,,,,32.04242748476719,589.6068438867577,7.800000190734863,PS_050,,,5.316360223863753
23.49054889213903,15.140066598832316,2025-03-01T12:00:00Z,3,3,3,3,3,3,1,0,0,3,420.09813096892674,53.9540626590969,,,,,,,,28.739786150778293,419.7004974815153,7.800000190734863,PS_050,,,4.492451735130498
25.054614515214883,16.146596250976252,2025-03-01T12:15:00Z,4,4,4,4,4,4,1,0,0,4,616.6869917903788,77.72280261576306,,,,,,,,33.54850728903631,626.9424012184792,7.800000190734863,PS_050,,,3.831497666464323
25.619378750802863,15.913267301185444,2025-03-01T12:30:00Z,4,4,4,4,4,4,1,0,0,4,600.401939571867,71.8019537431168,,,,,,,,34.80820245317632,616.0724976192274,7.800000190734863,PS_050,,,6.597343951860242
25.444044387692855,15.19229409942659,2025-03-01T12:45:00Z,3,3,3,3,3,3,1,0,0,3,563.4102776292121,79.10446243053224,,,,,,,,32.88073716003369,577.3064009670951,7.800000190734863,PS_050,,,4.640098761301184
25.737311076536777,16.677842700542794,2025-03-01T13:00:00Z,4,4,4,4,4,4,1,0,0,4,888.0921298507926,85.59915089614705,,,,,,,,34.051366729664295,869.4998262737486,7.800000190734863,PS_050,,,5.520197759733607
26.361977665353976,15.64290818289704,2025-03-01T13:15:00Z,3,3,3,3,3,3,1,0,0,3,673.122656609816,59.24163965717518,,,,,,,,37.1088220778854,672.1033161691643,7.800000190734863,PS_050,,,4.789624473598396
26.504535265723344,15.930451590706625,2025-03-01T13:30:00Z,4,4,4,4,4,4,1,0,0,4,794.5647369698228,66.05027552855175,,,,,,,,36.075647465463504,782.1365618022905,7.800000190734863,PS_050,,,4.2834769963607995
27.34516492963977,16.264797111508145,2025-03-01T13:45:00Z,4,4,4,4,4,4,1,0,0,4,876.55419565493,68.32684181941138,,,,,,,,40.297113222608374,862.3887479793974,7.800000190734863,PS_050,,,4.356444374846401
27.41387123590472,14.788537909892169,2025-03-01T14:00:00Z,3,3,3,3,3,3,1,0,0,3,410.9556838663173,32.78091923780308,,,,,,,,42.870446382728424,413.0667038694456,7.800000190734863,PS_050,,,4.385417902217586
27.51378976086072,16.116231580208098,2025-03-01T14:15:00Z,4,4,4,4,4,4,1,0,0,4,942.1241476005945,63.08066219251992,,,,,,,,41.59610213354931,908.292544984514,7.800000190734863,PS_050,,,4.5162812829209305
28.31764810562978,16.72159499310594,2025-03-01T14:30:00Z,3,3,3,3,3,3,1,0,0,3,1211.9636896323905,76.36078901856642,,,,,,,,45.32079104792614,1199.798027602512,7.800000190734863,PS_050,,,5.6100859969021
28.749082956609957,16.565552754993522,2025-03-01T14:45:00Z,4,4,4,4,4,4,1,0,0,4,1211.9519205038898,76.05328737955536,,,,,,,,48.02591897715881,1199.2121092794418,7.800000190734863,PS_050,,,3.342106310154269
28.728602414670675,16.10019175195631,2025-03-01T15:00:00Z,3,3,3,3,3,3,1,0,0,3,954.1853799491477,58.92307683620894,,,,,,,,49.025219731635254,956.138309060483,7.800000190734863,PS_050,,,4.037176119443607
28.733447787494164,16.57956878685332,2025-03-01T15:15:00Z,4,4,4,4,4,4,1,0,0,4,1170.9313224554826,70.447121568941,,,,,,,,47.55999838670308,1173.3392794197841,7.800000190734863,PS_050,,,4.700328996431455
29.014115594428784,16.57452454627941,2025-03-01T15:30:00Z,3,3,3,3,3,3,1,0,0,3,1195.6743454750376,75.22601085006102,,,,,,,,48.147518820748246,1206.239496714651,7.800000190734863,PS_050,,,3.5347512788165227
28.94264383674893,15.630662312881629,2025-03-01T15:45:00Z,4,4,4,4,4,4,1,0,0,4,849.8068214968029,54.139274159033626,,,,,,,,46.1603944953809,834.3342330495597,7.800000190734863,PS_050,,,5.009892580033414
29.34744015980934,16.345626708131963,2025-03-01T16:00:00Z,3,3,3,3,3,3,1,0,0,3,1120.4109431809861,66.45061673505451,,,,,,,,44.18502301009782,1114.9517172520975,7.800000190734863,PS_050,,,5.34944266491686
29.904330022249926,16.329030792901733,2025-03-01T16:15:00Z,4,4,4,4,4,4,1,0,0,4,1101.5375948051076,70.62654276125605,,,,,,,,49.07533023451558,1108.3592339434308,7.800000190734863,PS_050,,,4.987777494084499
30.34373782645189,16.306227805691027,2025-03-01T16:30:00Z,4,4,4,4,4,4,1,0,0,4,1098.7666915111229,74.70272273237053,,,,,,,,49.943236441317616,1105.092777035623,7.800000190734863,PS_050,,,4.4487202328934385
30.34118100007068,16.30783293867591,2025-03-01T16:45:00Z,3,3,3,3,3,3,1,0,0,3,1081.332740945979,76.55035397331757,,,,,,,,50.15324038215341,1089.5803245791014,7.800000190734863,PS_050,,,3.535571281223955
30.948034331728895,16.179978293961277,2025-03-01T17:00:00Z,4,4,4,4,4,4,1,0,0,4,1009.4657349614706,74.89233453556726,,,,,,,,48.39532796119645,1022.5089871882403,7.800000190734863,PS_050,,,4.007089205213183
30.209094972031,16.131418795003547,2025-03-01T17:15:00Z,4,4,4,4,4,4,1,0,0,4,968.4571796412549,79.24318820347108,,,,,,,,48.207230912400036,983.7003725374221,7.800000190734863,PS_050,,,4.175190108493654
30.538003930457243,16.06166995300963,2025-03-01T17:30:00Z,3,3,3,3,3,3,1,0,0,3,949.1702827021987,84.13523593491757,,,,,,,,47.537691129743585,966.5053962953245,7.800000190734863,PS_050,,,4.344827531596828
30.494596762834274,15.369325523972384,2025-03-01T17:45:00Z,4,4,4,4,4,4,1,0,0,4,687.9681443736453,68.58926085067576,,,,,,,,47.88617248719761,699.9000262158074,7.800000190734863,PS_050,,,4.461250598491108
30.742288177096334,15.516749473407025,2025-03-01T18:00:00Z,3,3,3,3,3,3,1,0,0,3,885.0110466936106,86.80240164302404,,,,,,,,46.10409597534982,884.6474381213964,7.800000190734863,PS_050,,,4.380898527751349
29.538427911979866,14.188877006637393,2025-03-01T18:15:00Z,4,4,4,4,4,4,1,0,0,4,280.6150004307125,30.752512273768108,,,,,,,,38.02160186410042,288.6092691478881,7.800000190734863,PS_050,,,3.7347595368997806
29.679557208173,14.557598448472024,2025-03-01T18:30:00Z,4,4,4,4,4,4,1,0,0,4,477.61253823580154,50.14880673418281,,,,,,,,35.51254745324186,452.9039500596917,7.800000190734863,PS_050,,,3.512516335627068
30.98907025604266,15.153565366158384,2025-03-01T18:45:00Z,3,3,3,3,3,3,1,0,0,3,724.3462740011988,103.65869553057821,,,,,,,,42.676493946533604,746.3224950643764,7.800000190734863,PS_050,,,3.979507723436765
29.544221790647953,14.289403292242328,2025-03-01T19:00:00Z,4,4,4,4,4,4,1,0,0,4,312.65110191941494,43.24621696746529,,,,,,,,36.23175152992897,319.12607552748494,7.800000190734863,PS_050,,,3.716360621263692
30.835484270073817,14.858672999746126,2025-03-01T19:15:00Z,3,3,3,3,3,3,1,0,0,3,563.173796311874,88.38294473305235,,,,,,,,38.180917366920674,577.8025255364287,7.800000190734863,PS_050,,,2.9291941534996413
30.521901157479544,14.64544277520927,2025-03-01T19:30:00Z,4,4,4,4,4,4,1,0,0,4,446.23947526024733,65.34801070860684,,,,,,,,37.61902179592729,453.4537617312596,7.800000190734863,PS_050,,,3.0704713541198956
29.67845442823228,14.273564367927385,2025-03-01T19:45:00Z,4,4,4,4,4,4,1,0,0,4,253.5144916625474,30.438729051993732,,,,,,,,35.97977809203923,264.30157966247793,7.800000190734863,PS_050,,,4.501975726312682
30.51056833099621,14.542874686590608,2025-03-01T20:00:00Z,3,3,3,3,3,3,1,0,0,3,373.3007742917832,56.204294807237986,,,,,,,,35.8234505323094,378.83284134817103,7.800000190734863,PS_050,,,3.106675796037289
29.65628776107391,14.332797136201604,2025-03-01T20:15:00Z,4,4,4,4,4,4,1,0,0,4,235.22327759660868,37.717107355182044,,,,,,,,32.14849069578602,237.27457896708268,7.800000190734863,PS_050,,,4.007915104226303
29.81926646392398,14.363351319007919,2025-03-01T20:30:00Z,4,4,4,4,4,4,1,0,0,4,275.79920627527565,46.894620014588355,,,,,,,,32.018524796930684,272.65525139031297,7.800000190734863,PS_050,,,3.3928272514588986
29.236069512727784,14.16952020655163,2025-03-01T20:45:00Z,3,3,3,3,3,3,1,0,0,3,175.63004238894337,22.262012354749874,,,,,,,,29.941656095548264,176.3967350772003,7.800000190734863,PS_050,,,3.916643923422911
27.698503400287624,14.011693504212634,2025-03-01T21:00:00Z,4,4,4,4,4,4,1,0,0,4,61.57187693691049,9.536907577382767,,,,,,,,27.144696997135185,69.35994201272841,7.800000190734863,PS_050,,,3.263886220238488
26.855010735658887,13.928840850527338,2025-03-01T21:15:00Z,3,3,3,3,3,3,1,0,0,3,40.99876303853617,5.083428547571718,,,,,,,,25.24176047092114,45.307567391969386,7.800000190734863,PS_050,,,2.3781472504614487
26.107437433412233,13.841618065815872,2025-03-01T21:30:00Z,4,4,4,4,4,4,1,0,0,4,21.5787989374175,3.769024117162493,,,,,,,,24.13232844775083,22.682705433934206,7.800000190734863,PS_050,,,2.832941690044586
26.082647662954138,13.680852098364811,2025-03-01T21:45:00Z,4,4,4,4,4,4,1,0,0,4,2.4615648201336855,0.25950639299010825,,,,,,,,23.89256457944795,2.4424799891942297,7.800000190734863,PS_050,,,4.345456035123069
25.30159891783638,13.56903930043306,2025-03-01T22:00:00Z,3,3,3,3,3,3,1,0,0,3,-0.8581512668208454,-0.2585510692748134,,,,,,,,22.425590631427063,-1.136943880084589,7.800000190734863,PS_050,,,2.7418243167415994
24.815151777860663,13.495631485047216,2025-03-01T22:15:00Z,4,4,4,4,4,4,1,0,0,4,-1.153906421690443,-0.26450448552895817,,,,,,,,21.486032645199966,-1.345088951609419,7.800000190734863,PS_050,,,2.7267295354492926
24.198448697673935,13.443784129576565,2025-03-01T22:30:00Z,4,4,4,4,4,4,1,0,0,4,-1.1948678764879215,-0.265462964174145,,,,,,,,20.926383222152698,-1.3178342373542133,7.800000190734863,PS_050,,,2.1588622192860893
24.10163182771232,13.426600456237793,2025-03-01T22:45:00Z,3,3,3,3,3,3,1,0,0,3,-1.3876813828656949,-0.3387885566827522,,,,,,,,20.5,-1.414841979427132,7.800000190734863,PS_050,,,2.6834330466581235
23.605241185694698,13.439489518828653,2025-03-01T23:00:00Z,4,4,4,4,4,4,1,0,0,4,-0.8721516670105804,-0.22310729472043447,,,,,,,,20.6302622469153,-1.0160053475027084,7.800000190734863,PS_050,,,2.7114351579231717
23.169123772328476,13.4449144676943,2025-03-01T23:15:00Z,4,4,4,4,4,4,1,0,0,4,-1.2870485285406568,-0.31676066267559017,,,,,,,,20.42847280916064,-1.041406385465457,7.800000190734863,PS_050,,,2.717563469483682
23.79957371776393,13.451230716475042,2025-03-01T23:30:00Z,3,3,3,3,3,3,1,0,0,3,-1.5514058533863577,-0.7025160450306327,,,,,,,,20.959539869708042,-1.1334920920540783,7.800000190734863,PS_050,,,3.6129416367217577
23.71971647313128,13.448584400055864,2025-03-01T23:45:00Z,4,4,4,4,4,4,1,0,0,4,-1.1743466322193417,-0.4122367260361486,,,,,,,,21.255999564919083,-1.042376326558471,7.800000190734863,PS_050,,,3.800799752664268
23.445205495878078,13.4466432724065,2025-03-02T00:00:00Z,4,4,4,4,4,4,1,0,0,4,-0.8822118153426257,-0.30050482862293865,,,,,,,,20.973042744507637,-0.988974346621298,7.800000190734863,PS_050,,,2.2983378757412924
23.013020285656918,13.442316055297852,2025-03-02T00:15:00Z,3,3,3,3,3,3,1,0,0,3,-0.896945164183701,-0.32784741155952535,,,,,,,,20.269049943516226,-1.0811929518039227,7.800000190734863,PS_050,,,2.4926703591714205
22.669704342109217,13.437533378601076,2025-03-02T00:30:00Z,4,4,4,4,4,4,1,0,0,4,-0.8948486369956974,-0.275653958727751,,,,,,,,20.000000000000004,-0.9842218706427328,7.800000190734863,PS_050,,,2.433194948918147
22.79489761998439,13.432066917419434,2025-03-02T00:45:00Z,3,3,3,3,3,3,1,0,0,3,-1.2061239744563812,-0.3171683290572691,,,,,,,,19.700000762939453,-0.994304714250264,7.800000190734863,PS_050,,,2.1696917985951916
22.402828371737343,13.426600456237795,2025-03-02T01:00:00Z,4,4,4,4,4,4,1,0,0,4,-1.0244653466409057,-0.270755656502017,,,,,,,,19.652325452004238,-1.0763413917157134,7.800000190734863,PS_050,,,2.691394444571712
22.32618285527918,13.421988211935517,2025-03-02T01:15:00Z,4,4,4,4,4,4,1,0,0,4,-1.0562403315715032,-0.34632016227126877,,,,,,,,19.44692346673414,-0.9597058781066026,7.800000190734863,PS_050,,,2.0970091315136923
22.378354981345947,13.416349411010742,2025-03-02T01:30:00Z,3,3,3,3,3,3,1,0,0,3,-1.2445313025189242,-0.3133309572250699,,,,,,,,19.36689456366275,-0.9945360597683042,7.800000190734863,PS_050,,,2.419915591904626
22.24892994686253,13.410011240300538,2025-03-02T01:45:00Z,4,4,4,4,4,4,1,0,0,4,-1.1608489398139494,-0.3149367799313892,,,,,,,,19.241351398034606,-1.0233458884639293,7.800000190734863,PS_050,,,2.291921445863908
21.94651025094036,13.406282654340254,2025-03-02T02:00:00Z,4,4,4,4,4,4,1,0,0,4,-1.3296640891707796,-0.3488283172429443,,,,,,,,18.864561538451536,-1.1684882111882813,7.800000190734863,PS_050,,,1.6319235251859863
21.665526890242674,13.400633811950684,2025-03-02T02:15:00Z,3,3,3,3,3,3,1,0,0,3,-1.0827523009766782,-0.251306700808608,,,,,,,,18.856632380517148,-0.9613959890330525,7.800000190734863,PS_050,,,1.9930013768491843
21.687113302008004,13.397557915956074,2025-03-02T02:30:00Z,4,4,4,4,4,4,1,0,0,4,-1.2246390054388696,-0.30195062005167495,,,,,,,,18.58728338663735,-0.7796428853115925,7.800000190734863,PS_050,,,1.7520614596729
21.77979514424159,13.389699935913088,2025-03-02T02:45:00Z,4,4,4,4,4,4,1,0,0,4,-1.126872545113923,-0.3480177376556507,,,,,,,,18.899999618530273,-0.9041399784346938,7.800000190734863,PS_050,,,1.579343720575545
21.709929257941337,13.38795472992454,2025-03-02T03:00:00Z,3,3,3,3,3,3,1,0,0,3,-1.067240915722742,-0.30110028624621743,,,,,,,,18.600000381469727,-0.9401232291894674,7.800000190734863,PS_050,,,1.9562717843395139
21.290847274718143,13.382093781341162,2025-03-02T03:15:00Z,4,4,4,4,4,4,1,0,0,4,-0.8713698122008027,-0.29906600260484956,,,,,,,,18.745099569175178,-0.8334627963319667,7.800000190734863,PS_050,,,2.3355129048280427
21.684481802148174,13.379449844360352,2025-03-02T03:30:00Z,4,4,4,4,4,4,1,0,0,4,-1.2308563632598133,-0.359706311769484,,,,,,,,18.632331447489534,-0.8573989873174939,7.800000190734863,PS_050,,,2.6748532334407726
22.065809130467073,13.375259803310332,2025-03-02T03:45:00Z,3,3,3,3,3,3,1,0,0,3,-1.2768057615409365,-0.4193501564546892,,,,,,,,19.42990998903172,-0.8962252832117159,7.800000190734863,PS_050,,,3.589767882855427
21.991894208702515,13.373982429504395,2025-03-02T04:00:00Z,4,4,4,4,4,4,1,0,0,4,-1.1197423549717525,-0.3772281058502431,,,,,,,,19.403869930150005,-1.0512777502646984,7.800000190734863,PS_050,,,2.199397268243247
22.06285069191253,13.369200706481934,2025-03-02T04:15:00Z,3,3,3,3,3,3,1,0,0,3,-1.2135362854656346,-0.3573163038284412,,,,,,,,19.193422438889087,-0.956182738982054,7.800000190734863,PS_050,,,1.572115388140627
21.168060756190897,13.363733291625978,2025-03-02T04:30:00Z,4,4,4,4,4,4,1,0,0,4,-1.0152118701486308,-0.32944411205559204,,,,,,,,18.376815080853678,-1.070467100339107,7.800000190734863,PS_050,,,0.7745616945583823
21.40250138907864,13.362161122754577,2025-03-02T04:45:00Z,4,4,4,4,4,4,1,0,0,4,-1.1409912050512943,-0.36260169790119123,,,,,,,,18.457520373421215,-0.9087140880316222,7.800000190734863,PS_050,,,2.131219652270548
21.245430265231853,13.362939557923255,2025-03-02T05:00:00Z,3,3,3,3,3,3,1,0,0,3,-0.9771029122857705,-0.30435603151690255,,,,,,,,18.356439535080767,-0.914798415092868,7.800000190734863,PS_050,,,1.862443830488194
20.90736669223021,13.359783766367023,2025-03-02T05:15:00Z,4,4,4,4,4,4,1,0,0,4,-1.1321482516895873,-0.2793489190839726,,,,,,,,17.969133454692095,-0.9957670837065329,7.800000190734863,PS_050,,,1.8895764802865123
21.07489185947571,13.357506801661525,2025-03-02T05:30:00Z,4,4,4,4,4,4,1,0,0,4,-1.0922815722223784,-0.31012653598252005,,,,,,,,18.052335849108506,-0.9320576789557118,7.800000190734863,PS_050,,,1.5688065208630393
21.106950833809783,13.35424955816067,2025-03-02T05:45:00Z,3,3,3,3,3,3,1,0,0,3,-1.1430230884422836,-0.35658418267627,,,,,,,,18.19289483136717,-1.05680432661994,7.800000190734863,PS_050,,,1.8703311874793003
21.125764421415248,13.35348320007324,2025-03-02T06:00:00Z,4,4,4,4,4,4,1,0,0,4,-1.0437264618177198,-0.281324027535241,,,,,,,,18.399999618530273,-1.0591275027135296,7.800000190734863,PS_050,,,2.440175924656115
20.960037698818912,13.352609998154616,2025-03-02T06:15:00Z,4,4,4,4,4,4,1,0,0,4,-1.1420707291844683,-0.33681544021233406,,,,,,,,17.956117823607354,-1.0531994421547608,7.800000190734863,PS_050,,,1.7618499429386172
21.050112992541735,13.348910995894618,2025-03-02T06:30:00Z,3,3,3,3,3,3,1,0,0,3,-1.278431078981927,-0.32878757939247344,,,,,,,,17.767281474825648,-1.0882337042857646,7.800000190734863,PS_050,,,1.4446770362257564
20.466049684974692,13.348016738891602,2025-03-02T06:45:00Z,4,4,4,4,4,4,1,0,0,4,-1.020418483246657,-0.3312814750466387,,,,,,,,17.441284966907943,-1.130290426068811,7.800000190734863,PS_050,,,1.4632097051851907
20.329120650081,13.348016738891602,2025-03-02T07:00:00Z,4,4,4,4,4,4,1,0,0,4,-1.2528982969347846,-0.30148392115938616,,,,,,,,17.033404910711045,-1.211738208787656,7.800000190734863,PS_050,,,1.879297436646033
20.7344436145106,13.348016738891602,2025-03-02T07:15:00Z,3,3,3,3,3,3,1,0,0,3,-1.4120480895679675,-0.4038290079687934,,,,,,,,17.53421774863113,-1.2782684906339534,7.800000190734863,PS_050,,,2.117976483578055
20.416343818240883,13.343372333849219,2025-03-02T07:30:00Z,4,4,4,4,4,4,1,0,0,4,-1.2540728961346526,-0.32474662908078217,,,,,,,,17.70336959864699,-1.0369484305813126,7.800000190734863,PS_050,,,2.2650423496456598
20.310834595159033,13.342549324035645,2025-03-02T07:45:00Z,3,3,3,3,3,3,1,0,0,3,-1.135611364904594,-0.25126105491895184,,,,,,,,17.53127976950205,-1.062426120092659,7.800000190734863,PS_050,,,2.413935072623328
19.787290039382782,13.342549324035645,2025-03-02T08:00:00Z,10,10,10,10,10,10,1,0,0,10,-1.2849301880472779,-0.2866777091674965,,,,,,,,16.871188094941484,-1.1413278208990723,7.800000190734863,PS_050,,,1.8854278177332473
20.07584101661879,13.343057442856699,2025-03-02T08:15:00Z,15,15,15,15,15,15,1,0,0,15,-1.4644292308623674,-0.2892248398468625,,,,,,,,16.90470725160197,-1.187475500647907,7.800000190734863,PS_050,,,2.4242617416554273
20.1577367294221,13.342549324035645,2025-03-02T08:30:00Z,15,15,15,15,15,15,1,0,0,15,-1.1388714404428573,-0.3179204265519706,,,,,,,,17.217397971754586,-1.132773036539554,7.800000190734863,PS_050,,,2.4947612366695964
20.0854918633758,13.34219162938157,2025-03-02T08:45:00Z,15,15,15,15,15,15,1,0,0,15,-1.1911277649285459,-0.2832986952989883,,,,,,,,17.135863632731624,-1.020489657487136,7.800000190734863,PS_050,,,2.406005537958113
20.13577003850671,13.340022122391394,2025-03-02T09:00:00Z,8,8,8,8,8,8,1,0,0,8,-0.7320259286629638,-0.20294773818584613,,,,,,,,17.60000038146973,-0.6704837577711645,7.800000190734863,PS_050,,,2.0034941172675014
19.541362034735226,13.334788817868574,2025-03-02T09:15:00Z,4,4,4,4,4,4,1,0,0,4,1.4772182993018217,-0.07023044872638985,,,,,,,,17.108284558681913,0.9989783929820328,7.800000190734863,PS_050,,,0.7757290914440582
19.24979921076456,13.37428355006192,2025-03-02T09:30:00Z,4,4,4,4,4,4,1,0,0,4,8.984426082958413,0.8795856532653226,,,,,,,,16.88939257209886,9.425645167261608,7.800000190734863,PS_050,,,1.585640443015938
19.895006598348647,13.51415486331252,2025-03-02T09:45:00Z,3,3,3,3,3,3,1,0,0,3,25.6276405947362,2.452290398727249,,,,,,,,17.35146305945599,26.342472991524485,7.800000190734863,PS_050,,,2.275712293815923
20.10683084012524,13.823186224447026,2025-03-02T10:00:00Z,4,4,4,4,4,4,1,0,0,4,46.277733892353865,4.7803710518920814,,,,,,,,18.30924696618018,46.94113061664373,7.800000190734863,PS_050,,,1.8025016233353055
20.475199089666756,14.172348304210969,2025-03-02T10:15:00Z,4,4,4,4,4,4,1,0,0,4,63.830302463604745,7.130362917887527,,,,,,,,19.095740518226425,64.5650576793699,7.800000190734863,PS_050,,,2.023130437644378
20.466739412454785,14.450359924268769,2025-03-02T10:30:00Z,3,3,3,3,3,3,1,0,0,3,95.5141998033866,12.575844461247792,,,,,,,,20.001044115001747,95.63989467263264,7.800000190734863,PS_050,,,1.6306414072650954
20.97215145563276,14.701659693918474,2025-03-02T10:45:00Z,4,4,4,4,4,4,1,0,0,4,122.72857520807446,14.464531460691864,,,,,,,,21.895642876152085,123.34438570163671,7.800000190734863,PS_050,,,2.393063715590133
21.14918066972429,14.833561928681378,2025-03-02T11:00:00Z,4,4,4,4,4,4,1,0,0,4,141.75736620629394,14.187604212695776,,,,,,,,22.09924003567941,142.72223349983273,7.800000190734863,PS_050,,,1.8011626466107635
21.417306890424417,15.638235809773734,2025-03-02T11:15:00Z,3,3,3,3,3,3,1,0,0,3,179.44787637199903,18.872488762577987,,,,,,,,22.997911468590324,181.60376902460325,7.800000190734863,PS_050,,,1.7236142540694566
21.89305229186983,16.4772872215166,2025-03-02T11:30:00Z,4,4,4,4,4,4,1,0,0,4,236.82432204927983,24.730988308475467,,,,,,,,24.387641593217555,239.28910398996317,7.800000190734863,PS_050,,,3.119425055556013
22.736453086057477,16.944239654439873,2025-03-02T11:45:00Z,4,4,4,4,4,4,1,0,0,4,450.01515566905255,54.87149719496174,,,,,,,,26.767049912340795,449.0294138909569,7.800000190734863,PS_050,,,3.271609228258084
23.246885755383957,15.274496592757396,2025-03-02T12:00:00Z,3,3,3,3,3,3,1,0,0,3,362.92608749022025,40.70316822151456,,,,,,,,29.75648630098547,363.54460469945286,7.800000190734863,PS_050,,,2.3475405835646455
24.01576416771019,16.637275561820186,2025-03-02T12:15:00Z,4,4,4,4,4,4,1,0,0,4,579.5525479671073,67.66826448765252,,,,,,,,30.530050364023946,579.5002494739111,7.800000190734863,PS_050,,,4.5641539393220745
24.34559497779633,16.797155552054814,2025-03-02T12:30:00Z,3,3,3,3,3,3,1,0,0,3,620.5104295661563,70.54872274104346,,,,,,,,30.99044454647186,625.593372056724,7.800000190734863,PS_050,,,4.402138766664106
25.181378150977324,16.636960551593294,2025-03-02T12:45:00Z,4,4,4,4,4,4,1,0,0,4,700.6156041431245,73.35568631440877,,,,,,,,35.18047254927289,718.007988773411,7.800000190734863,PS_050,,,5.1182067501095245
25.45824385687268,15.980817737623612,2025-03-02T13:00:00Z,4,4,4,4,4,4,1,0,0,4,593.9550514144607,57.934244746668995,,,,,,,,33.41584900431921,600.7186507869061,7.800000190734863,PS_050,,,4.920744654047174
26.35201519184462,15.702187314898273,2025-03-02T13:15:00Z,3,3,3,3,3,3,1,0,0,3,638.5624371084491,56.35595277010528,,,,,,,,35.17825520481124,637.7204989840201,7.800000190734863,PS_050,,,4.129074513870227
26.967009795143444,16.860803770833368,2025-03-02T13:30:00Z,4,4,4,4,4,4,1,0,0,4,969.7772510585946,78.73219533915473,,,,,,,,37.185173953168295,958.5152016598577,7.800000190734863,PS_050,,,6.543933333837863
26.901986947747673,15.703508551515473,2025-03-02T13:45:00Z,4,4,4,4,4,4,1,0,0,4,738.671169085076,57.011824727414485,,,,,,,,36.4779916271627,729.3690892642703,7.800000190734863,PS_050,,,4.919623878540431
26.121049360012265,15.088615332643109,2025-03-02T14:00:00Z,3,3,3,3,3,3,1,0,0,3,554.2150295237873,47.23917723178199,,,,,,,,32.08023178215876,572.4102222784661,7.800000190734863,PS_050,,,4.619207232618653
27.88715604320017,16.443029190636747,2025-03-02T14:15:00Z,4,4,4,4,4,4,1,0,0,4,1090.011492899669,80.55034692760773,,,,,,,,41.12656343696515,1093.9656145948202,7.800000190734863,PS_050,,,4.937729042505926
27.36558020655822,15.031887038134043,2025-03-02T14:30:00Z,4,4,4,4,4,4,1,0,0,4,492.51292809786815,48.54963199456328,,,,,,,,38.13302084130364,526.4169907699218,7.800000190734863,PS_050,,,4.167267116417273
28.551155532109824,16.99515073651123,2025-03-02T14:45:00Z,3,3,3,3,3,3,1,0,0,3,1241.4260936054889,85.41969127292367,,,,,,,,41.1520249936381,1225.731258907319,7.800000190734863,PS_050,,,5.114201514599865
28.29829984972737,16.23737712474251,2025-03-02T15:00:00Z,4,4,4,4,4,4,1,0,0,4,1000.0643573223132,80.05232543146785,,,,,,,,46.98312247443919,1122.2422420243252,7.800000190734863,PS_050,,,5.671958440332051
28.432965255439118,16.653144756096005,2025-03-02T15:15:00Z,3,3,3,3,3,3,1,0,0,3,1155.1776303802683,76.24493741073164,,,,,,,,42.58329537451914,1168.241199825462,7.800000190734863,PS_050,,,4.787103863344231
28.233578174028338,15.28342214548862,2025-03-02T15:30:00Z,4,4,4,4,4,4,1,0,0,4,696.0413206899981,56.718358486762426,,,,,,,,43.634918611135845,711.2270999361449,7.800000190734863,PS_050,,,4.238999486162084
28.93216514987522,15.943760558872375,2025-03-02T15:45:00Z,4,4,4,4,4,4,1,0,0,4,911.3222663264467,68.52693495591184,,,,,,,,42.06350547316915,904.0506970859961,7.800000190734863,PS_050,,,4.447689494344257
28.511834124432703,14.847750306030216,2025-03-02T16:00:00Z,3,3,3,3,3,3,1,0,0,3,540.4354372866516,46.95713435413178,,,,,,,,39.49629508621377,540.5952266818357,7.800000190734863,PS_050,,,4.2694210685980325
28.202871274618715,14.667343973606075,2025-03-02T16:15:00Z,4,4,4,4,4,4,1,0,0,4,485.7949740468439,47.30195098428944,,,,,,,,37.347247663747375,486.85261042399117,7.800000190734863,PS_050,,,4.140307543167592
28.714383925473054,15.140176020964589,2025-03-02T16:30:00Z,4,4,4,4,4,4,1,0,0,4,650.6873173142759,58.37596785842627,,,,,,,,36.85715854406575,654.5699422443721,7.800000190734863,PS_050,,,4.5117793037536025
28.766882838307684,14.975313879526858,2025-03-02T16:45:00Z,3,3,3,3,3,3,1,0,0,3,635.8560655741873,57.88991477650724,,,,,,,,40.41236312476127,634.9824948593368,7.800000190734863,PS_050,,,4.015056071498705
28.48017406552709,14.662159496684666,2025-03-02T17:00:00Z,4,4,4,4,4,4,1,0,0,4,481.2343829763809,46.62225051823617,,,,,,,,39.09457918490882,482.7087628359873,7.800000190734863,PS_050,,,3.66287890057509
27.76505197362678,14.48828903690662,2025-03-02T17:15:00Z,4,4,4,4,4,4,1,0,0,4,330.8942648877233,31.982784256661507,,,,,,,,33.5675724344653,333.597671452527,7.800000190734863,PS_050,,,4.685299168746629
27.773715366404577,14.592160136545019,2025-03-02T17:30:00Z,3,3,3,3,3,3,1,0,0,3,377.28532168203606,36.88393281791505,,,,,,,,33.54371572985408,378.7031879030843,7.800000190734863,PS_050,,,4.493031652547212
27.86047870191004,14.877932374058084,2025-03-02T17:45:00Z,4,4,4,4,4,4,1,0,0,4,471.3333947708482,47.741117698881396,,,,,,,,34.142831130975395,476.40463302620054,7.800000190734863,PS_050,,,3.478803721999434
28.591855011173255,15.746341681518645,2025-03-02T18:00:00Z,4,4,4,4,4,4,1,0,0,4,735.9341814250193,77.61121087132761,,,,,,,,37.27454697824403,743.3398514613837,7.800000190734863,PS_050,,,3.7987751136306542
29.001263338012684,14.890461118576118,2025-03-02T18:15:00Z,3,3,3,3,3,3,1,0,0,3,557.2006555410821,60.666762758290474,,,,,,,,40.14644455064258,561.4866754751447,7.800000190734863,PS_050,,,5.134946880483548
27.811816782103584,14.533713641455398,2025-03-02T18:30:00Z,4,4,4,4,4,4,1,0,0,4,339.7854936466663,35.62296442525943,,,,,,,,33.307651779747644,342.245139081202,7.800000190734863,PS_050,,,3.8285681122383513
27.805511224868994,14.626650848705417,2025-03-02T18:45:00Z,3,3,3,3,3,3,1,0,0,3,366.3629032967604,39.41475892608161,,,,,,,,32.467948162110055,368.47221581627224,7.800000190734863,PS_050,,,4.018403547880381
27.68424920419739,14.444762903117583,2025-03-02T19:00:00Z,4,4,4,4,4,4,1,0,0,4,267.24093944052385,27.09796137089602,,,,,,,,31.283393434671915,267.7839427801571,7.800000190734863,PS_050,,,3.535068668929728
26.979495144926698,14.348308619896704,2025-03-02T19:15:00Z,4,4,4,4,4,4,1,0,0,4,194.05538483323127,19.41593660108176,,,,,,,,29.15810998356619,194.66880845039154,7.800000190734863,PS_050,,,4.710362432688888
26.247230527073263,14.339439351256244,2025-03-02T19:30:00Z,3,3,3,3,3,3,1,0,0,3,163.58817887467913,16.608219314890285,,,,,,,,27.211881042778828,164.56016100185636,7.800000190734863,PS_050,,,3.7964402961264687
25.863043211540305,14.330933681546467,2025-03-02T19:45:00Z,4,4,4,4,4,4,1,0,0,4,136.4676762532825,13.937428207700979,,,,,,,,26.518030827505104,137.91606076533284,7.800000190734863,PS_050,,,3.598274356725764
25.49949978834359,14.37504011795075,2025-03-02T20:00:00Z,4,4,4,4,4,4,1,0,0,4,127.8026469098109,13.163297491919868,,,,,,,,26.07173162231925,129.41536541048904,7.800000190734863,PS_050,,,2.488660342351546
25.38992200413972,14.47302978072438,2025-03-02T20:15:00Z,3,3,3,3,3,3,1,0,0,3,137.6105554166474,15.120445111533323,,,,,,,,25.687472592718258,139.69812413900473,7.800000190734863,PS_050,,,2.8677645235281934
25.685631129043205,14.558646918432986,2025-03-02T20:30:00Z,4,4,4,4,4,4,1,0,0,4,191.60429570209553,26.282750366726617,,,,,,,,26.325819242466018,191.49753860497296,7.800000190734863,PS_050,,,2.7546894046326114
25.5602832398653,14.389740068711113,2025-03-02T20:45:00Z,4,4,4,4,4,4,1,0,0,4,127.1009404601339,14.495350430212968,,,,,,,,26.100588174080823,127.02091070891743,7.800000190734863,PS_050,,,2.8596054411250234
24.871110832741845,14.25112282117607,2025-03-02T21:00:00Z,3,3,3,3,3,3,1,0,0,3,70.81594151851377,7.4574354956642415,,,,,,,,24.293471850046704,70.74574523557423,7.800000190734863,PS_050,,,2.5204709429813583
24.148339612604502,14.116101868106748,2025-03-02T21:15:00Z,4,4,4,4,4,4,1,0,0,4,31.700439066722723,3.2962578237823896,,,,,,,,22.673717380970555,31.540738050257694,7.800000190734863,PS_050,,,1.8177843602003079
23.373936261697658,13.922874058575191,2025-03-02T21:30:00Z,4,4,4,4,4,4,1,0,0,4,5.086690934850681,0.305574895353524,,,,,,,,20.746209623695623,4.705207881489739,7.800000190734863,PS_050,,,1.7634591768237
22.856677418879467,13.765215672516032,2025-03-02T21:45:00Z,3,3,3,3,3,3,1,0,0,3,-0.5175873891848443,-0.16126219236468506,,,,,,,,19.809454320032103,-0.6790269868740383,7.800000190734863,PS_050,,,1.9034909323400264
22.600876725189057,13.674472019623062,2025-03-02T22:00:00Z,4,4,4,4,4,4,1,0,0,4,-1.1564727591419923,-0.34474187134402473,,,,,,,,19.415421219734448,-1.155944025459174,7.800000190734863,PS_050,,,1.9320316013040946
22.27570082513655,13.608837254653773,2025-03-02T22:15:00Z,3,3,3,3,3,3,1,0,0,3,-1.4311801181956323,-0.29052724830421134,,,,,,,,18.950495684957353,-1.2706022237602292,7.800000190734863,PS_050,,,2.176681387326457
22.204003548342072,13.542130627112522,2025-03-02T22:30:00Z,4,4,4,4,4,4,1,0,0,4,-1.5180626474467047,-0.33750978395722464,,,,,,,,18.40489335848276,-1.277635775293981,7.800000190734863,PS_050,,,1.6256494051326025
22.026987327438707,13.484387040920002,2025-03-02T22:45:00Z,4,4,4,4,4,4,1,0,0,4,-1.659331603425327,-0.3705302385521711,,,,,,,,17.846857869791474,-1.3842508777401528,7.800000190734863,PS_050,,,1.2826826038823835
21.861246499536865,13.442317127731378,2025-03-02T23:00:00Z,3,3,3,3,3,3,1,0,0,3,-1.5350607100912104,-0.31514496904529793,,,,,,,,17.545456110330143,-1.221903569035044,7.800000190734863,PS_050,,,1.3274537528507753
22.01700577335216,13.40607448960095,2025-03-02T23:15:00Z,4,4,4,4,4,4,1,0,0,4,-1.7163248754933509,-0.3699598404363814,,,,,,,,17.380016530207726,-1.2093076924221737,7.800000190734863,PS_050,,,1.2520052841849116
21.998923898000548,13.396738243857536,2025-03-02T23:30:00Z,4,4,4,4,4,4,1,0,0,4,-1.784098275478855,-0.31875198896476087,,,,,,,,17.29999923706055,-1.4871536323512191,7.800000190734863,PS_050,,,1.2691945964446247
21.610971532555787,13.406248083592269,2025-03-02T23:45:00Z,3,3,3,3,3,3,1,0,0,3,-1.7129787346566694,-0.42494500295928656,,,,,,,,16.954362092641656,-1.4199839176836289,7.800000190734863,PS_050,,,1.5740726153215139
21.499108712314044,13.41634229784284,2025-03-03T00:00:00Z,4,4,4,4,4,4,1,0,0,4,-1.7773506895504778,-0.38187440567337433,,,,,,,,17.0,-1.4781067230483105,7.800000190734863,PS_050,,,1.726130810387937
21.397650134661095,13.423103381598986,2025-03-03T00:15:00Z,4,4,4,4,4,4,1,0,0,4,-1.6872478135628486,-0.3759335696105814,,,,,,,,17.14412267641601,-1.4752129225232806,7.800000190734863,PS_050,,,1.6594433826980617
21.65179155360499,13.421133041381836,2025-03-03T00:30:00Z,3,3,3,3,3,3,1,0,0,3,-1.7114720914832633,-0.3939491732901544,,,,,,,,17.048753408524238,-1.3441763768677926,7.800000190734863,PS_050,,,1.745993619919063
21.565741035757952,13.424806654112087,2025-03-03T00:45:00Z,4,4,4,4,4,4,1,0,0,4,-1.5692893869985665,-0.41287585008984895,,,,,,,,17.398426501998955,-1.2229478329165622,7.800000190734863,PS_050,,,1.5282340479930816
21.541671655794328,13.421133041381836,2025-03-03T01:00:00Z,4,4,4,4,4,4,1,0,0,4,-1.4743958844935037,-0.5175513952405678,,,,,,,,17.60000038146972,-1.3517237665602835,7.800000190734863,PS_050,,,1.6215574229057985
20.75173331171724,13.416349411010744,2025-03-03T01:15:00Z,3,3,3,3,3,3,1,0,0,3,-1.0851239716032925,-0.21789831666816792,,,,,,,,17.367579819043883,-1.123798931162983,7.800000190734863,PS_050,,,1.9137713014871889
20.26658202981968,13.416349411010742,2025-03-03T01:30:00Z,4,4,4,4,4,4,1,0,0,4,-1.2241413367022866,-0.2703498854650064,,,,,,,,17.389586058161683,-1.0491650236712742,7.800000190734863,PS_050,,,2.3413842832093774
20.464881656188712,13.410882949829102,2025-03-03T01:45:00Z,3,3,3,3,3,3,1,0,0,3,-1.4131330197754035,-0.37543965780089616,,,,,,,,17.549558004735815,-1.1244606752623176,7.800000190734863,PS_050,,,2.4568806267661083
20.264777865387,13.405416488647463,2025-03-03T02:00:00Z,4,4,4,4,4,4,1,0,0,4,-1.1544865089720413,-0.31877535643127625,,,,,,,,17.334413623209144,-1.23123524865569,7.800000190734863,PS_050,,,2.6930323257562474
20.195933084989296,13.400606002802306,2025-03-03T02:15:00Z,4,4,4,4,4,4,1,0,0,4,-1.315031674843506,-0.30088260632464575,,,,,,,,17.139575714780214,-1.143368642336295,7.800000190734863,PS_050,,,2.3123480433886754
20.50890954357333,13.395166397094727,2025-03-03T02:30:00Z,3,3,3,3,3,3,1,0,0,3,-1.6007072220689198,-0.3584277979146676,,,,,,,,17.0,-1.3054761774584307,7.800000190734863,PS_050,,,2.4572871005381103
20.54023995255801,13.389699935913086,2025-03-03T02:45:00Z,4,4,4,4,4,4,1,0,0,4,-1.5480954247898897,-0.4066698843830985,,,,,,,,17.5248949092244,-1.1606413170255618,7.800000190734863,PS_050,,,2.6342866390585526
20.95178647943008,13.386944013593821,2025-03-03T03:00:00Z,4,4,4,4,4,4,1,0,0,4,-1.6026677074999365,-0.4607615172470182,,,,,,,,17.60000038146973,-1.1451231119948018,7.800000190734863,PS_050,,,2.4343103717042234
21.095760740542605,13.380245391813933,2025-03-03T03:15:00Z,3,3,3,3,3,3,1,0,0,3,-1.4242624499801722,-0.4655550883650011,,,,,,,,17.55707947630282,-1.1341540604714972,7.800000190734863,PS_050,,,2.267898398188797
20.950164107194983,13.374720559928763,2025-03-03T03:30:00Z,4,4,4,4,4,4,1,0,0,4,-1.237802273958836,-0.4163239875078957,,,,,,,,17.600000381469727,-1.0584525574368535,7.800000190734863,PS_050,,,2.22582022976604
20.70113361135339,13.373386212989372,2025-03-03T03:45:00Z,4,4,4,4,4,4,1,0,0,4,-1.2946462595581327,-0.36253975770006563,,,,,,,,17.42445691594544,-1.1665589498063422,7.800000190734863,PS_050,,,1.465814049227515
20.610540556565635,13.365554281741797,2025-03-03T04:00:00Z,3,3,3,3,3,3,1,0,0,3,-1.474776609758433,-0.300509733451738,,,,,,,,17.09991845503475,-1.252377210467024,7.800000190734863,PS_050,,,1.4260844665633314
20.25150390093382,13.363656928140474,2025-03-03T04:15:00Z,4,4,4,4,4,4,1,0,0,4,-1.1698649768666383,-0.32368884031464223,,,,,,,,16.781652286909512,-1.1012493407472923,7.800000190734863,PS_050,,,1.4344240747453365
20.30234044421141,13.358266830444338,2025-03-03T04:30:00Z,4,4,4,4,4,4,1,0,0,4,-1.4514741562097069,-0.35903661359551936,,,,,,,,16.46538092453631,-1.1251941952517017,7.800000190734863,PS_050,,,0.7250416493611801
19.78042405413611,13.354512607264978,2025-03-03T04:45:00Z,3,3,3,3,3,3,1,0,0,3,-1.527911744120138,-0.4629116115046005,,,,,,,,16.07724167044704,-1.3243448328436946,7.800000190734863,PS_050,,,0.37559317210940574
20.060820724211712,13.350747318771429,2025-03-03T05:00:00Z,4,4,4,4,4,4,1,0,0,4,-1.167111194631606,-0.30002910618511164,,,,,,,,16.395122281811886,-0.7684746423461191,7.800000190734863,PS_050,,,1.1756854966366004
19.797082941720827,13.348016738891602,2025-03-03T05:15:00Z,3,3,3,3,3,3,1,0,0,3,-1.2237518785415762,-0.2737202326507328,,,,,,,,16.5,-1.0721770369626327,7.800000190734863,PS_050,,,1.0
20.16010877806168,13.342549324035643,2025-03-03T05:30:00Z,4,4,4,4,4,4,1,0,0,4,-1.4808376678063184,-0.37407553194945026,,,,,,,,16.234362948558562,-1.1395026357283946,7.800000190734863,PS_050,,,0.9825489746680613
19.800916895635677,13.338709524934842,2025-03-03T05:45:00Z,4,4,4,4,4,4,1,0,0,4,-1.4015094766468574,-0.3184127376882981,,,,,,,,16.10761006368618,-1.2095049879599689,7.800000190734863,PS_050,,,0.6884796989494412
19.609802385358172,13.336316469313743,2025-03-03T06:00:00Z,3,3,3,3,3,3,1,0,0,3,-1.4933688780947245,-0.3512990568559349,,,,,,,,16.0,-1.051710418584214,7.800000190734863,PS_050,,,1.6024962661469389
20.093960388175255,13.332300186157228,2025-03-03T06:15:00Z,4,4,4,4,4,4,1,0,0,4,-1.324549352511115,-0.3129149540978527,,,,,,,,16.20000076293945,-1.133842641461285,7.800000190734863,PS_050,,,0.6558009482001522
19.71084404376344,13.332300186157225,2025-03-03T06:30:00Z,4,4,4,4,4,4,1,0,0,4,-1.3034764479200338,-0.31389757280510344,,,,,,,,16.118034102143223,-1.0259359651965376,7.800000190734863,PS_050,,,1.320660384801294
19.885014095078613,13.328471956759438,2025-03-03T06:45:00Z,3,3,3,3,3,3,1,0,0,3,-1.380015169669853,-0.2861176911580761,,,,,,,,16.245649183298415,-1.0901078219705937,7.800000190734863,PS_050,,,1.3418768575710276
19.81202033322634,13.326833724975584,2025-03-03T07:00:00Z,4,4,4,4,4,4,1,0,0,4,-1.25380334753575,-0.33576272720385486,,,,,,,,16.200000762939453,-1.1283351018678227,7.800000190734863,PS_050,,,0.9051571587942575
19.6337813870712,13.323704070956959,2025-03-03T07:15:00Z,4,4,4,4,4,4,1,0,0,4,-1.2476891380852744,-0.32567796994469,,,,,,,,15.842181081009869,-1.1901678631940846,7.800000190734863,PS_050,,,0.04169286553968526
19.203754634395416,13.322173919762875,2025-03-03T07:30:00Z,3,3,3,3,3,3,1,0,0,3,-1.289730768298615,-0.30546555119960067,,,,,,,,15.699999809265138,-0.9394564076832719,7.800000190734863,PS_050,,,1.2858380315701898
19.40040791312154,13.321367263793945,2025-03-03T07:45:00Z,4,4,4,4,4,4,1,0,0,4,-1.4801273495126404,-0.3057398372361581,,,,,,,,15.952681067782263,-1.1027020469797428,7.800000190734863,PS_050,,,1.5393600622808994
19.302107308556526,13.320669006079585,2025-03-03T08:00:00Z,10,10,10,10,10,10,1,0,0,10,-1.3778920835820845,-0.2953836176717071,,,,,,,,15.717992091986888,-1.2302364700175958,7.800000190734863,PS_050,,,0.6984489797223356
19.22000928873809,13.32038256244412,2025-03-03T08:15:00Z,15,15,15,15,15,15,1,0,0,15,-1.4655099152949205,-0.3228639405275619,,,,,,,,15.507251015870429,-1.2322392082843618,7.800000190734863,PS_050,,,0.9111729682646723
19.586940870093322,13.320112860037389,2025-03-03T08:30:00Z,14,14,14,14,14,14,1,0,0,14,-1.516916784680405,-0.2895420299927428,,,,,,,,15.635816195275172,-1.2609287904427375,7.800000190734863,PS_050,,,0.6545845585156039
19.47642559135157,13.318052554479856,2025-03-03T08:45:00Z,15,15,15,15,15,15,1,0,0,15,-1.5199836961456312,-0.31167737240509197,,,,,,,,15.658776790310503,-1.2469614988272626,7.800000190734863,PS_050,,,1.172026609172894
19.060518555394694,13.316940717014639,2025-03-03T09:00:00Z,9,9,9,9,9,9,1,0,0,9,-0.5861604098385822,-0.14099203219184792,,,,,,,,15.699999809265138,-0.5009579647511646,7.800000190734863,PS_050,,,1.4646541937523094
18.557281333404323,13.323201800794838,2025-03-03T09:15:00Z,4,4,4,4,4,4,1,0,0,4,4.636544259010749,0.46270232817918655,,,,,,,,15.626480143348486,5.215055695073372,7.800000190734863,PS_050,,,1.7211744203593313
18.820263383127912,13.457122498093026,2025-03-03T09:30:00Z,4,4,4,4,4,4,1,0,0,4,24.2052581593003,3.9080187208787356,,,,,,,,15.741529302381368,31.02516543445541,7.800000190734863,PS_050,,,1.2565753762942977
19.560454272706583,13.75557585270986,2025-03-03T09:45:00Z,3,3,3,3,3,3,1,0,0,3,40.02463617739294,9.454527632813848,,,,,,,,16.50376062879066,64.94056976843443,7.800000190734863,PS_050,,,1.716217668653532
20.305895442540162,14.197168001441023,2025-03-03T10:00:00Z,4,4,4,4,4,4,1,0,0,4,89.60045935602547,12.128578239386808,,,,,,,,17.533231477795862,103.53680054950195,7.800000190734863,PS_050,,,1.6371799481242686
21.03451550159115,14.765844065014742,2025-03-03T10:15:00Z,4,4,4,4,4,4,1,0,0,4,210.57502701162275,32.66207667303672,,,,,,,,19.13822747310038,212.2183083136604,7.800000190734863,PS_050,,,2.0058672342383637
22.004392107975786,16.566446068646695,2025-03-03T10:30:00Z,3,3,3,3,3,3,1,0,0,3,298.38994676415297,54.542552654996804,,,,,,,,22.678578911588062,297.3080949658813,7.800000190734863,PS_050,,,2.4105905993144323
22.674105955940913,16.93948191384762,2025-03-03T10:45:00Z,4,4,4,4,4,4,1,0,0,4,353.79127862502395,63.546915365692314,,,,,,,,26.430588411217325,350.946138632383,7.800000190734863,PS_050,,,3.65131019771888
22.92064206863287,16.836211347685126,2025-03-03T11:00:00Z,4,4,4,4,4,4,1,0,0,4,417.49038112164794,70.88532306517814,,,,,,,,28.256714864033984,409.7581040796697,7.800000190734863,PS_050,,,3.591386860354129
23.60502167395952,16.623204961436333,2025-03-03T11:15:00Z,3,3,3,3,3,3,1,0,0,3,486.02401260625254,79.2408396760268,,,,,,,,29.64197547883317,480.67782490530374,7.800000190734863,PS_050,,,3.6105510159071366
23.800363734023396,15.779128440828739,2025-03-03T11:30:00Z,4,4,4,4,4,4,1,0,0,4,475.71468559464677,72.66563204691663,,,,,,,,30.28268596548794,472.70612601520793,7.800000190734863,PS_050,,,5.517701476195524
24.460068838645043,16.60283341878588,2025-03-03T11:45:00Z,4,4,4,4,4,4,1,0,0,4,616.3550242875303,89.90064777241012,,,,,,,,31.86504638380726,611.1276981638501,7.800000190734863,PS_050,,,5.025315566717808
25.156427447827184,16.48981699805819,2025-03-03T12:00:00Z,3,3,3,3,3,3,1,0,0,3,680.8712892136507,91.78557271423301,,,,,,,,33.379809370329525,676.1153381925639,7.800000190734863,PS_050,,,3.595877270631463
25.649957202964824,16.41451943671495,2025-03-03T12:15:00Z,4,4,4,4,4,4,1,0,0,4,724.6735735095497,89.51135775353517,,,,,,,,35.50964079017822,723.6026548064945,7.800000190734863,PS_050,,,4.739521776684417
26.356450739549405,16.355481537346723,2025-03-03T12:30:00Z,4,4,4,4,4,4,1,0,0,4,753.8846755163426,85.33639046812146,,,,,,,,35.657845574131265,759.2847308702218,7.800000190734863,PS_050,,,6.470770637408237
26.62392534103825,16.6516647597361,2025-03-03T12:45:00Z,3,3,3,3,3,3,1,0,0,3,825.9224836304876,86.11842274239436,,,,,,,,36.92678688409388,837.4387760158987,7.800000190734863,PS_050,,,5.629622435448736
27.40268161933034,16.595155770853367,2025-03-03T13:00:00Z,4,4,4,4,4,4,1,0,0,4,851.9470774931667,79.38299672071588,,,,,,,,37.83712206206964,861.8806970289253,7.800000190734863,PS_050,,,4.520986191920378
27.923687850253284,16.562207191922543,2025-03-03T13:15:00Z,4,4,4,4,4,4,1,0,0,4,921.5089407703341,80.87527021719856,,,,,,,,39.77507587652857,925.0182973300265,7.800000190734863,PS_050,,,5.88364637503021
27.85269889664444,16.283017934018115,2025-03-03T13:30:00Z,3,3,3,3,3,3,1,0,0,3,878.7799661362184,72.74446274078598,,,,,,,,40.22332241273798,867.8683885575388,7.800000190734863,PS_050,,,4.724954471214409
28.910700031656496,16.650790611447754,2025-03-03T13:45:00Z,4,4,4,4,4,4,1,0,0,4,1067.7690396855241,81.35932740292384,,,,,,,,44.05275548495498,1062.596471775177,7.800000190734863,PS_050,,,5.138416644903215
28.60930802134783,15.725604767427164,2025-03-03T14:00:00Z,3,3,3,3,3,3,1,0,0,3,745.3144250950214,52.88601254537696,,,,,,,,44.47236144717372,732.0389646227829,7.800000190734863,PS_050,,,5.92278927192494
28.687206948119247,16.136894275724107,2025-03-03T14:15:00Z,4,4,4,4,4,4,1,0,0,4,935.0305653401379,68.1041511509915,,,,,,,,42.546561172005546,929.0031737190988,7.800000190734863,PS_050,,,5.972966749404209
28.972884370507177,15.958972287405995,2025-03-03T14:30:00Z,4,4,4,4,4,4,1,0,0,4,925.9933083803046,65.11833028897883,,,,,,,,46.39525843566352,911.1260277353247,7.800000190734863,PS_050,,,4.631545729252755
29.13608069517382,16.606888663858676,2025-03-03T14:45:00Z,3,3,3,3,3,3,1,0,0,3,1152.2245340719346,78.04262054691881,,,,,,,,45.05685934197938,1150.0018941798987,7.800000190734863,PS_050,,,4.560793400869286
29.06405616329635,15.137679812801581,2025-03-03T15:00:00Z,4,4,4,4,4,4,1,0,0,4,705.5824063335285,52.04994579354418,,,,,,,,43.79921157838732,694.9811765736341,7.800000190734863,PS_050,,,5.692644147593973
28.592658322497464,14.838245227458,2025-03-03T15:15:00Z,4,4,4,4,4,4,1,0,0,4,564.9821461198992,47.20325433372532,,,,,,,,38.047649430881556,566.9644107358413,7.800000190734863,PS_050,,,4.611728703420427
29.345023139227358,16.299156102657673,2025-03-03T15:30:00Z,3,3,3,3,3,3,1,0,0,3,1064.1560549855985,73.70863311693026,,,,,,,,43.76831622182835,1068.818790514233,7.800000190734863,PS_050,,,4.156466420674026
30.759168144617256,16.307809671792516,2025-03-03T15:45:00Z,4,4,4,4,4,4,1,0,0,4,1175.716529167506,82.58563144852411,,,,,,,,49.95397094304848,1184.6348211075554,7.800000190734863,PS_050,,,4.257614381924432
30.188523028878016,16.144812299614877,2025-03-03T16:00:00Z,4,4,4,4,4,4,1,0,0,4,1019.1095900788398,73.81902418680336,,,,,,,,46.989321167613156,1023.3244021475248,7.800000190734863,PS_050,,,4.795383524709718
30.15957151516124,15.81534002012226,2025-03-03T16:15:00Z,3,3,3,3,3,3,1,0,0,3,894.7621298639417,67.57026204277814,,,,,,,,44.35180438362114,893.4779452962333,7.800000190734863,PS_050,,,4.9754107979881645
29.886466666492364,15.052897718338667,2025-03-03T16:30:00Z,4,4,4,4,4,4,1,0,0,4,673.3641972416275,55.137751747595054,,,,,,,,42.170877197693514,678.5583201594851,7.800000190734863,PS_050,,,4.558845544259378
30.29334333216286,14.890697684006428,2025-03-03T16:45:00Z,4,4,4,4,4,4,1,0,0,4,617.5916474732458,53.75048879149433,,,,,,,,43.97491526044984,620.2985671224296,7.800000190734863,PS_050,,,1.9639014938975814
30.32536986490234,15.215585734087101,2025-03-03T17:00:00Z,3,3,3,3,3,3,1,0,0,3,773.3895012317959,66.9557475088568,,,,,,,,42.47190652672494,780.091024731443,7.800000190734863,PS_050,,,2.301139862444362
30.92934774132439,15.156737880569112,2025-03-03T17:15:00Z,4,4,4,4,4,4,1,0,0,4,748.5543831169038,67.55059989224657,,,,,,,,44.23654530749729,752.7663154169097,7.800000190734863,PS_050,,,4.325842933823853
30.864213333224424,15.266620705919829,2025-03-03T17:30:00Z,3,3,3,3,3,3,1,0,0,3,771.9217665414941,72.1512169070569,,,,,,,,45.570742249891964,775.1183789651768,7.800000190734863,PS_050,,,3.984723208043906
31.011235433373578,15.200263239063405,2025-03-03T17:45:00Z,4,4,4,4,4,4,1,0,0,4,719.1469015783956,74.12071351419841,,,,,,,,44.91752200056043,727.0968465430961,7.800000190734863,PS_050,,,2.949259312965476
31.561442629873635,15.19672433567729,2025-03-03T18:00:00Z,4,4,4,4,4,4,1,0,0,4,717.740303969176,77.34746740882812,,,,,,,,47.81966387269872,724.2606570150779,7.800000190734863,PS_050,,,3.228305968607834
30.231004006453194,14.348459179658677,2025-03-03T18:15:00Z,3,3,3,3,3,3,1,0,0,3,323.46142572026355,35.28698474557441,,,,,,,,40.18283663488719,326.0276721605586,7.800000190734863,PS_050,,,2.7158866497982475
29.860731140898192,14.281067335296383,2025-03-03T18:30:00Z,4,4,4,4,4,4,1,0,0,4,263.9076266497124,29.405157148374823,,,,,,,,36.089969143748085,267.34731826327396,7.800000190734863,PS_050,,,1.4605228774730434
29.119251456255373,13.95300347008818,2025-03-03T18:45:00Z,4,4,4,4,4,4,1,0,0,4,115.36133371854918,12.356491176257721,,,,,,,,31.860333653557365,116.22999636461172,7.800000190734863,PS_050,,,1.2366293315864465
28.614612170162566,14.165669175221106,2025-03-03T19:00:00Z,3,3,3,3,3,3,1,0,0,3,180.63010955188173,17.298715945179833,,,,,,,,29.995417954537967,182.30144613530112,7.800000190734863,PS_050,,,2.214196671589586
29.05748307891911,14.499970925661135,2025-03-03T19:15:00Z,4,4,4,4,4,4,1,0,0,4,250.95174468232554,25.82751412548882,,,,,,,,31.834747627974853,253.09971022033662,7.800000190734863,PS_050,,,1.9912129729505599
29.57145199916247,14.501428187666875,2025-03-03T19:30:00Z,4,4,4,4,4,4,1,0,0,4,248.30568463746002,27.299055252648863,,,,,,,,32.93389387856022,249.60722212427913,7.800000190734863,PS_050,,,1.7425595431342262
29.991298464917538,14.371709152150467,2025-03-03T19:45:00Z,3,3,3,3,3,3,1,0,0,3,200.69311453656013,21.4639891262955,,,,,,,,32.70708638846254,200.40562961266113,7.800000190734863,PS_050,,,0.9827133648362728
29.466074802614724,14.246916396401147,2025-03-03T20:00:00Z,4,4,4,4,4,4,1,0,0,4,143.67495553755197,14.468550312804153,,,,,,,,31.010739948061044,143.63141799061717,7.800000190734863,PS_050,,,0.8534658894441963
29.00546025372798,14.169370083616414,2025-03-03T20:15:00Z,3,3,3,3,3,3,1,0,0,3,108.42423736571416,10.986057108460882,,,,,,,,29.61490024376147,108.03618662995126,7.800000190734863,PS_050,,,0.8458020778985209
28.292716534607628,14.100106547245934,2025-03-03T20:30:00Z,4,4,4,4,4,4,1,0,0,4,67.5856120693051,7.185961338919472,,,,,,,,27.668011866366296,67.27426148106507,7.800000190734863,PS_050,,,0.9454610023775564
27.46784055963044,13.921392832574334,2025-03-03T20:45:00Z,4,4,4,4,4,4,1,0,0,4,19.76334247730845,1.8628404386444828,,,,,,,,26.201159813394742,19.691617290713992,7.800000190734863,PS_050,,,1.4190669333550585
24.573982047220042,13.75835538355821,2025-03-03T21:00:00Z,3,3,3,3,3,3,1,0,0,3,11.832972716100706,0.6374498232584912,,,,,,,,21.613198297654815,10.18812777974342,7.800000190734863,PS_050,,,0.9045474776536762
23.700172277360014,13.651816737932673,2025-03-03T21:15:00Z,4,4,4,4,4,4,1,0,0,4,4.3336350414978355,0.25571298053485225,,,,,,,,21.0,4.261980285925086,7.800000190734863,PS_050,,,1.361650620576292
23.87638672669841,13.558344238453861,2025-03-03T21:30:00Z,4,4,4,4,4,4,1,0,0,4,3.1945046448930534,-0.09580486026946458,,,,,,,,20.88961038640078,2.202957850663711,7.800000190734863,PS_050,,,0.5450265981539084
23.613101181389055,13.475742464670155,2025-03-03T21:45:00Z,3,3,3,3,3,3,1,0,0,3,0.46391262212869006,-0.36362277127045756,,,,,,,,20.75384562139397,0.08390023275667575,7.800000190734863,PS_050,,,0.12450469378330975
23.018278537767895,13.432962028074218,2025-03-03T22:00:00Z,4,4,4,4,4,4,1,0,0,4,0.3228147317651328,-0.40887551565809516,,,,,,,,20.34087826547589,-0.23545622268385322,8.0,PS_050,,,0.029491961033132525
23.612710233510374,13.41795343753495,2025-03-03T22:15:00Z,4,4,4,4,4,4,1,0,0,4,0.5207772313303155,-0.2625522989926421,,,,,,,,20.51336389683041,-0.18799390064692317,8.0,PS_050,,,0.7477620353497748
22.96842596407195,13.42632959636511,2025-03-03T22:30:00Z,3,3,3,3,3,3,1,0,0,3,-0.43949067851413237,-0.36602324698136507,,,,,,,,20.16540848027679,-0.5775114055574913,8.0,PS_050,,,0.5302213949981147
22.169081850329455,13.43742555028762,2025-03-03T22:45:00Z,4,4,4,4,4,4,1,0,0,4,-0.933954262899881,-0.34559957710003547,,,,,,,,19.445032946222724,-0.7452137594519197,8.0,PS_050,,,0.13496386337605148
22.35881312422744,13.44231605529785,2025-03-03T23:00:00Z,3,3,3,3,3,3,1,0,0,3,-0.8965705685379823,-0.27631507752905726,,,,,,,,19.357692927754893,-0.7898137202715348,8.0,PS_050,,,0.5524485251385152
23.072334021023234,13.44231605529785,2025-03-03T23:15:00Z,4,4,4,4,4,4,1,0,0,4,-0.3979307132335882,-0.1886734708493148,,,,,,,,19.152533516090248,-0.9046186048461516,8.0,PS_050,,,0.21785852053695617
24.158576558105338,13.440163392267122,2025-03-03T23:30:00Z,4,4,4,4,4,4,1,0,0,4,-0.0659326294121103,-0.28761038388187943,,,,,,,,19.063145902975208,0.18162851477635028,8.0,PS_050,,,0.2973222943344138
23.31446988508488,13.438274108404803,2025-03-03T23:45:00Z,3,3,3,3,3,3,1,0,0,3,0.3412360536491466,-0.2665444996968113,,,,,,,,20.135407085694826,-0.05574189551294191,8.0,PS_050,,,1.6649575026857861
22.809364305415162,13.432762849113649,2025-03-04T00:00:00Z,4,4,4,4,4,4,1,0,0,4,-0.4589578859808972,-0.3159451703747652,,,,,,,,19.485099414260723,-0.4779251854238002,8.0,PS_050,,,0.866436778273813
23.50109510210096,13.431348352956782,2025-03-04T00:15:00Z,4,4,4,4,4,4,1,0,0,4,-0.838025998603354,-0.32492920298775646,,,,,,,,18.79867278098368,-0.4797019157875127,8.0,PS_050,,,0.355444783402881
23.527620196433844,13.425810750132243,2025-03-04T00:30:00Z,3,3,3,3,3,3,1,0,0,3,-0.8751536449420486,-0.4920356818702676,,,,,,,,18.188201764924237,-0.5798107884127669,8.0,PS_050,,,0.6477923016248393
22.39545264869247,13.421133041381834,2025-03-04T00:45:00Z,4,4,4,4,4,4,1,0,0,4,-0.9087866271284457,-0.3651635679703004,,,,,,,,17.842085401410102,-0.6901774571441693,8.0,PS_050,,,1.5021698142421005
22.429175886428684,13.417179733622993,2025-03-04T01:00:00Z,3,3,3,3,3,3,1,0,0,3,-1.1109382428577137,-0.36222899721880014,,,,,,,,18.02986839564864,-0.6920330369125139,8.0,PS_050,,,0.9743370088846837
22.30122863192189,13.410882949829103,2025-03-04T01:15:00Z,4,4,4,4,4,4,1,0,0,4,-0.9746691903360475,-0.30965758224010687,,,,,,,,17.95406627839282,-0.6522367830559305,8.0,PS_050,,,1.5135317588469832
22.186829441193712,13.40625999065781,2025-03-04T01:30:00Z,4,4,4,4,4,4,1,0,0,4,-1.130531005563676,-0.3541386727855601,,,,,,,,17.707266288450462,-0.5749988294406154,8.0,PS_050,,,0.897939098783164
23.01400796315262,13.400633811950685,2025-03-04T01:45:00Z,3,3,3,3,3,3,1,0,0,3,-1.2033677923642059,-0.45525267878535286,,,,,,,,17.76798829279589,-0.5305820369235907,8.0,PS_050,,,1.0664162288091672
23.025331649218536,13.396550228006092,2025-03-04T02:00:00Z,4,4,4,4,4,4,1,0,0,4,-1.0315444157946696,-0.4309824104383805,,,,,,,,18.14781795776747,-0.696462616242462,8.0,PS_050,,,1.2991670208690893
22.963061940151835,13.390563400448466,2025-03-04T02:15:00Z,4,4,4,4,4,4,1,0,0,4,-0.9928231829713573,-0.4769792941759024,,,,,,,,18.360033479358712,-0.6409279194694938,8.0,PS_050,,,1.4390590370995713
22.338694526802108,13.389015292682638,2025-03-04T02:30:00Z,3,3,3,3,3,3,1,0,0,3,-0.9267312599298471,-0.5268269504681448,,,,,,,,17.843522141753876,-0.7554162724632055,8.0,PS_050,,,1.6452518180622706
22.265637502326857,13.385557254318202,2025-03-04T02:45:00Z,4,4,4,4,4,4,1,0,0,4,-0.8186106058110875,-0.39811904139910814,,,,,,,,17.768396592571833,-0.6692834533871986,8.0,PS_050,,,1.4259406443871014
22.23181542307564,13.379637025956292,2025-03-04T03:00:00Z,4,4,4,4,4,4,1,0,0,4,-1.0205512561585945,-0.4435625863083699,,,,,,,,17.77492736087754,-0.6939620538897934,8.0,PS_050,,,1.1408299490726628
22.200197153209576,13.378590553140342,2025-03-04T03:15:00Z,3,3,3,3,3,3,1,0,0,3,-1.2147083217202892,-0.46247335410415713,,,,,,,,17.600000381469727,-0.8196476591964439,8.0,PS_050,,,1.8358663536654343
22.002110548244804,13.373239971763674,2025-03-04T03:30:00Z,4,4,4,4,4,4,1,0,0,4,-1.1561209665825811,-0.4279047248675877,,,,,,,,17.600000381469727,-0.8026061426225327,8.0,PS_050,,,1.8075798381215877
21.713929789424135,13.369200706481935,2025-03-04T03:45:00Z,4,4,4,4,4,4,1,0,0,4,-1.4897170053995246,-0.4127677238688108,,,,,,,,17.53050131784138,-0.760676343736923,8.0,PS_050,,,1.8743310290495918
21.0740780489375,13.367108873192926,2025-03-04T04:00:00Z,3,3,3,3,3,3,1,0,0,3,-1.245139387374845,-0.2406101567021363,,,,,,,,17.600000381469727,-0.8975589763275345,8.199999809265137,PS_050,,,2.596102537658889
20.764563978592964,13.363733291625977,2025-03-04T04:15:00Z,4,4,4,4,4,4,1,0,0,4,-1.4480665725903086,-0.27180630916049725,,,,,,,,16.943473644099683,-0.8941944566682916,8.199999809265137,PS_050,,,1.9483009751000742
20.745180388601216,13.358266830444336,2025-03-04T04:30:00Z,3,3,3,3,3,3,1,0,0,3,-1.620432304207858,-0.2575332645070249,,,,,,,,16.921697332447717,-0.9423449279801837,8.199999809265137,PS_050,,,2.160945269234328
20.878505697742106,13.35721428881843,2025-03-04T04:45:00Z,4,4,4,4,4,4,1,0,0,4,-1.7261554095301586,-0.3704696906415078,,,,,,,,16.59955313494976,-0.9827146948849133,8.199999809265137,PS_050,,,1.5465882192956915
20.690468108540617,13.354217464423593,2025-03-04T05:00:00Z,4,4,4,4,4,4,1,0,0,4,-1.703157217544316,-0.38247133859431165,,,,,,,,16.499999999999996,-1.0747697217964853,8.199999809265137,PS_050,,,1.324727074067761
20.648840634065543,13.352597489945472,2025-03-04T05:15:00Z,3,3,3,3,3,3,1,0,0,3,-1.7621210189789072,-0.39714426345502973,,,,,,,,16.200000762939453,-0.945831414133636,8.199999809265137,PS_050,,,1.64343253388374
20.259422427061825,13.348016738891602,2025-03-04T05:30:00Z,4,4,4,4,4,4,1,0,0,4,-1.6252043534693674,-0.38134931829528007,,,,,,,,16.16825774944224,-1.112627330157533,8.199999809265137,PS_050,,,1.5094047202361898
20.21641201062547,13.348016738891602,2025-03-04T05:45:00Z,4,4,4,4,4,4,1,0,0,4,-1.719708924955039,-0.34624229733447365,,,,,,,,16.08225194544902,-1.1008960885560422,8.199999809265137,PS_050,,,1.8971014485968134
20.011203278865178,13.34335603162805,2025-03-04T06:00:00Z,3,3,3,3,3,3,1,0,0,3,-1.6138009064475434,-0.39359138511602854,,,,,,,,16.0,-0.9200148155444215,8.199999809265137,PS_050,,,1.7950513498390628
19.77618653230784,13.342549324035645,2025-03-04T06:15:00Z,4,4,4,4,4,4,1,0,0,4,-1.646932059119862,-0.33437868533139176,,,,,,,,16.0,-1.2317626634205232,8.199999809265137,PS_050,,,1.6258066888696276
19.730376361285785,13.341847013107364,2025-03-04T06:30:00Z,4,4,4,4,4,4,1,0,0,4,-1.712093796468619,-0.3877965730083909,,,,,,,,16.0,-0.9793912693442985,8.199999809265137,PS_050,,,2.1597275575141754
19.712439663857374,13.337082862854004,2025-03-04T06:45:00Z,3,3,3,3,3,3,1,0,0,3,-1.6318600543162431,-0.31771506312000947,,,,,,,,16.137628711125625,-1.1975488372040402,8.199999809265137,PS_050,,,1.7890537024456485
19.27220342163017,13.336331268197494,2025-03-04T07:00:00Z,4,4,4,4,4,4,1,0,0,4,-1.3694484122084853,-0.3167429406673968,,,,,,,,16.0,-1.2086792848910368,8.199999809265137,PS_050,,,2.5175684895092934
19.439931000502057,13.333491105304844,2025-03-04T07:15:00Z,4,4,4,4,4,4,1,0,0,4,-1.534597108862811,-0.3110799166613789,,,,,,,,16.0,-1.2231154594246123,8.199999809265137,PS_050,,,2.6830257575904075
18.8815118320827,13.333058534546273,2025-03-04T07:30:00Z,3,3,3,3,3,3,1,0,0,3,-1.283700793236205,-0.26279568074909854,,,,,,,,15.753201450684369,-1.2081158868468633,8.199999809265137,PS_050,,,2.441833324557928
19.046119443419656,13.33416221769392,2025-03-04T07:45:00Z,4,4,4,4,4,4,1,0,0,4,-1.4598874806779198,-0.3146376953969521,,,,,,,,15.653391915983274,-1.0115910571253186,8.199999809265137,PS_050,,,2.69051164076371
19.494796881729172,13.332004187888186,2025-03-04T08:00:00Z,10,10,10,10,10,10,1,0,0,10,-1.5771886791775152,-0.44160297530227866,,,,,,,,15.858487422237422,-1.045942131443802,8.199999809265137,PS_050,,,2.50014539165217
19.391115050066208,13.331482890863013,2025-03-04T08:15:00Z,15,15,15,15,15,15,1,0,0,15,-1.3733657393715362,-0.32313028474090166,,,,,,,,15.895733408470605,-1.0226104154189815,8.199999809265137,PS_050,,,2.8122575052110577
19.32035072999081,13.331078959142237,2025-03-04T08:30:00Z,15,15,15,15,15,15,1,0,0,15,-1.4120441564756194,-0.31631304384281,,,,,,,,15.770104050969895,-1.1035192211210165,8.199999809265137,PS_050,,,3.3395129505360237
19.009362600151103,13.330026476895625,2025-03-04T08:45:00Z,15,15,15,15,15,15,1,0,0,15,-1.2431405686075805,-0.2331606935044013,,,,,,,,15.584868322601007,-1.0845492993815977,8.199999809265137,PS_050,,,2.983289231139479
18.668125130574158,13.32593250065618,2025-03-04T09:00:00Z,8,8,8,8,8,8,1,0,0,8,-0.5107323018264678,-0.06360002801663522,,,,,,,,15.355330137654034,-0.42507358224240194,8.199999809265137,PS_050,,,2.8210850787080815
18.67700946272072,13.35072056741796,2025-03-04T09:15:00Z,4,4,4,4,4,4,1,0,0,4,5.719910210517963,0.4677104206119893,,,,,,,,15.330571767005853,6.726609284961348,8.199999809265137,PS_050,,,2.9501657656962994
19.052203603237086,13.4522885613861,2025-03-04T09:30:00Z,4,4,4,4,4,4,1,0,0,4,14.449223284520414,1.8435698305745818,,,,,,,,15.61078666755272,23.19322315124049,8.199999809265137,PS_050,,,1.9482145557579933
18.658442230888355,13.612858148533743,2025-03-04T09:45:00Z,3,3,3,3,3,3,1,0,0,3,23.52720070231628,2.96251325756441,,,,,,,,15.651650764415498,32.17700355624174,8.40000057220459,PS_050,,,1.6433483121925454
19.041095330857267,14.109643534918076,2025-03-04T10:00:00Z,4,4,4,4,4,4,1,0,0,4,120.28391340983714,15.354947559565948,,,,,,,,16.561983685984686,142.67520494812905,8.40000057220459,PS_050,,,2.5494729280698163
20.112416518110535,14.785402446459425,2025-03-04T10:15:00Z,4,4,4,4,4,4,1,0,0,4,210.27554268109924,31.815652737226365,,,,,,,,18.62196282004237,216.31564829360704,8.40000057220459,PS_050,,,2.722578186483009
20.751762083240806,16.305114831993148,2025-03-04T10:30:00Z,3,3,3,3,3,3,1,0,0,3,277.41013846108206,49.846504718998105,,,,,,,,21.47003516213934,278.9372245523455,8.40000057220459,PS_050,,,3.04770886268885
21.321137831421016,16.903324427704433,2025-03-04T10:45:00Z,4,4,4,4,4,4,1,0,0,4,338.78473303677123,60.89570354360343,,,,,,,,24.56013192840564,336.18105056616196,8.40000057220459,PS_050,,,3.5709410748352437
22.080223166379216,16.878612141093495,2025-03-04T11:00:00Z,4,4,4,4,4,4,1,0,0,4,404.2953240824521,70.14421711104858,,,,,,,,26.751219535238093,397.5639906269791,8.40000057220459,PS_050,,,2.969493029254612
22.827827027102735,16.76423762012075,2025-03-04T11:15:00Z,3,3,3,3,3,3,1,0,0,3,477.54141721493,79.22502212393128,,,,,,,,28.826071126349408,474.6940050629377,8.40000057220459,PS_050,,,3.53260473412592
23.509560952760584,16.588309615012033,2025-03-04T11:30:00Z,4,4,4,4,4,4,1,0,0,4,541.3057364846801,84.05133243126514,,,,,,,,30.136114497093747,538.8508219179924,8.40000057220459,PS_050,,,3.430158434522407
24.133193229600558,16.467713670135428,2025-03-04T11:45:00Z,4,4,4,4,4,4,1,0,0,4,600.5650928233466,86.32464474275413,,,,,,,,31.267154778252618,598.7986785936923,8.40000057220459,PS_050,,,5.438502203027096
24.508545208856617,16.42980066818594,2025-03-04T12:00:00Z,3,3,3,3,3,3,1,0,0,3,657.4334590394805,86.42189833407932,,,,,,,,32.49429917495419,656.7904206877222,8.40000057220459,PS_050,,,4.309251136407042
24.937919561347762,16.425148314073045,2025-03-04T12:15:00Z,4,4,4,4,4,4,1,0,0,4,709.9720637831725,85.3262392996246,,,,,,,,33.71118359653017,712.9296885267423,8.40000057220459,PS_050,,,5.2886318288842995
25.661966183851874,16.417776145512157,2025-03-04T12:30:00Z,4,4,4,4,4,4,1,0,0,4,759.5345711862752,82.70302072543242,,,,,,,,35.42605554854779,768.9599436681806,8.40000057220459,PS_050,,,4.3561818486817945
26.539974248262535,16.43296651208232,2025-03-04T12:45:00Z,3,3,3,3,3,3,1,0,0,3,800.6680509680984,79.3969991394332,,,,,,,,36.47032489023191,817.1509538706764,8.40000057220459,PS_050,,,5.680829597875446
26.764366352431242,16.482773414349555,2025-03-04T13:00:00Z,4,4,4,4,4,4,1,0,0,4,851.827832450299,75.94272752850894,,,,,,,,38.08923447991377,866.9496925436191,8.40000057220459,PS_050,,,5.027450096363993
27.266874670790585,16.616381537119377,2025-03-04T13:15:00Z,4,4,4,4,4,4,1,0,0,4,913.5603229712823,72.86300160828162,,,,,,,,38.052020148754444,920.3210961764146,8.40000057220459,PS_050,,,5.226462687846732
27.6363139869905,16.597739662358588,2025-03-04T13:30:00Z,3,3,3,3,3,3,1,0,0,3,944.9599229996188,68.22183756797483,,,,,,,,41.52914018731083,943.970568838457,8.40000057220459,PS_050,,,5.330296712166879
27.945370705209598,16.5543443350138,2025-03-04T13:45:00Z,4,4,4,4,4,4,1,0,0,4,982.959734489251,65.53574947756104,,,,,,,,42.15946757210951,973.6648733687491,8.40000057220459,PS_050,,,5.598032988608788
28.28120768747599,16.31826130805387,2025-03-04T14:00:00Z,3,3,3,3,3,3,1,0,0,3,986.491980998506,64.70982787385455,,,,,,,,42.86913349470757,953.3261293253622,8.40000057220459,PS_050,,,5.267803085971643
27.767785970029216,15.713823067955,2025-03-04T14:15:00Z,4,4,4,4,4,4,1,0,0,4,807.3034333723533,64.81626279585548,,,,,,,,42.85476894645862,802.0062046682525,8.40000057220459,PS_050,,,5.154009372702873
28.37888895691201,15.733146943624309,2025-03-04T14:30:00Z,4,4,4,4,4,4,1,0,0,4,795.8290396489748,49.61560427521079,,,,,,,,42.26869462668394,789.4033847628444,8.40000057220459,PS_050,,,4.601369556118777
29.15209150970483,16.544824343412756,2025-03-04T14:45:00Z,3,3,3,3,3,3,1,0,0,3,1122.979709067569,66.05770187772151,,,,,,,,44.958539512638005,1118.61848561962,8.40000057220459,PS_050,,,4.792830710783267
29.167991913828395,16.514519865171586,2025-03-04T15:00:00Z,4,4,4,4,4,4,1,0,0,4,1147.8940544624832,68.44804221721526,,,,,,,,45.81880483147005,1144.7444080861105,8.40000057220459,PS_050,,,5.512653144178484
29.384143467679305,16.182968085444482,2025-03-04T15:15:00Z,4,4,4,4,4,4,1,0,0,4,1033.1163014178062,61.41895500408545,,,,,,,,47.142971016299015,1034.5985579763994,8.40000057220459,PS_050,,,5.9502668840495625
29.086401751138943,16.44822328302975,2025-03-04T15:30:00Z,3,3,3,3,3,3,1,0,0,3,1201.1219342939432,73.36428885312837,,,,,,,,44.44266851481908,1200.7950179611726,8.40000057220459,PS_050,,,5.392649839984634
29.394283939601404,15.160442639248851,2025-03-04T15:45:00Z,3,3,3,3,3,3,1,0,0,3,724.4831050054837,46.411900384341735,,,,,,,,42.9026589298957,661.7086038107095,8.40000057220459,PS_050,,,4.5694956741232735
29.926191535310657,16.366166595700378,2025-03-04T16:00:00Z,4,4,4,4,4,4,1,0,0,4,1122.5766184127774,68.97388657175028,,,,,,,,46.996526654844125,1120.92337134428,8.40000057220459,PS_050,,,5.634763071033341
29.761080334517523,16.008312636272937,2025-03-04T16:15:00Z,4,4,4,4,4,4,1,0,0,4,1004.4197519748325,66.07682570316582,,,,,,,,44.790980936741505,1003.6881626443469,8.40000057220459,PS_050,,,5.1757979851625
29.81839573176448,14.832726588534545,2025-03-04T16:30:00Z,3,3,3,3,3,3,1,0,0,3,546.5509199954762,81.00459680826421,,,,,,,,44.4751209273397,626.2663975378503,8.40000057220459,PS_050,,,4.061932769568766
30.643330113605867,16.12407567803439,2025-03-04T16:45:00Z,4,4,4,4,4,4,1,0,0,4,1122.8680620478094,81.91076182189143,,,,,,,,48.210376101515344,1121.4295803314667,8.40000057220459,PS_050,,,5.484427418679044
29.888827892281853,14.93625169921084,2025-03-04T17:00:00Z,4,4,4,4,4,4,1,0,0,4,936.5122219529231,74.6434773774381,,,,,,,,43.54150725386846,937.605410803561,8.40000057220459,PS_050,,,4.114792651483929
30.55085257245751,15.402430371486641,2025-03-04T17:15:00Z,3,3,3,3,3,3,1,0,0,3,731.819967116689,85.31862683734656,,,,,,,,47.582650704975755,860.1097677759583,8.40000057220459,PS_050,,,3.4667357394940006
30.47767268598471,15.251946675651643,2025-03-04T17:30:00Z,4,4,4,4,4,4,1,0,0,4,874.6862014993807,69.13215773822466,,,,,,,,46.63372135077175,892.1951387439152,8.40000057220459,PS_050,,,3.703453864031637
30.579617408108046,15.537796238236343,2025-03-04T17:45:00Z,4,4,4,4,4,4,1,0,0,4,954.2877868504999,93.41108480871088,,,,,,,,46.18015044248495,958.4848736372002,8.40000057220459,PS_050,,,3.379616997840119
30.722412799804932,15.2494381831296,2025-03-04T18:00:00Z,3,3,3,3,3,3,1,0,0,3,726.0568170518064,78.43467433084945,,,,,,,,44.37313407161145,728.5015422215108,8.40000057220459,PS_050,,,3.756627175934056
30.650391777245073,15.291044185824544,2025-03-04T18:15:00Z,4,4,4,4,4,4,1,0,0,4,790.636427244119,93.25915353627158,,,,,,,,43.282556798620945,793.830621090755,8.40000057220459,PS_050,,,4.6655093586522485
30.728983045886796,14.98785451167943,2025-03-04T18:30:00Z,3,3,3,3,3,3,1,0,0,3,724.256986241532,94.85076777637059,,,,,,,,42.10858497231396,726.9995262451154,8.40000057220459,PS_050,,,3.4323787505575813
31.005041723783364,14.841080317891448,2025-03-04T18:45:00Z,4,4,4,4,4,4,1,0,0,4,679.0333683706294,96.58281945901874,,,,,,,,42.62037075815319,681.7938946311169,8.40000057220459,PS_050,,,3.5146834620899052
31.02307221795796,14.740824602377932,2025-03-04T19:00:00Z,4,4,4,4,4,4,1,0,0,4,610.5318781142165,89.8221063766964,,,,,,,,41.407794796251714,620.4742332596311,8.40000057220459,PS_050,,,5.990404412733981
30.85936554780868,14.69826429217195,2025-03-04T19:15:00Z,3,3,3,3,3,3,1,0,0,3,533.0993377048537,92.10632589240285,,,,,,,,39.33301200264534,538.4788925235741,8.40000057220459,PS_050,,,4.870772317778394
30.513438826146498,14.559203661759907,2025-03-04T19:30:00Z,4,4,4,4,4,4,1,0,0,4,433.1732734763921,78.09490716919554,,,,,,,,37.968114232243934,433.73954665484507,8.40000057220459,PS_050,,,5.093760053266545
30.430536784712118,14.597183704844067,2025-03-04T19:45:00Z,4,4,4,4,4,4,1,0,0,4,433.50681040085794,82.33206080430556,,,,,,,,34.88644562362374,437.67538789667174,8.40000057220459,PS_050,,,5.184434297708301
29.872212693141392,14.296326580775293,2025-03-04T20:00:00Z,3,3,3,3,3,3,1,0,0,3,352.3197544147231,72.10104341620377,,,,,,,,33.537837043978044,354.19468228037397,8.40000057220459,PS_050,,,4.238795449585918
29.75894592336662,14.293266203166679,2025-03-04T20:15:00Z,4,4,4,4,4,4,1,0,0,4,279.24199985866176,55.79558535296658,,,,,,,,31.764107013833822,267.5187587076038,8.40000057220459,PS_050,,,4.706922457255488
29.212670964476285,14.102110865808326,2025-03-04T20:30:00Z,4,4,4,4,4,4,1,0,0,4,178.32754242512385,29.285284869775744,,,,,,,,29.510868717984927,166.38313857010849,8.40000057220459,PS_050,,,3.4272855924937615
28.889452820015148,14.0638404989812,2025-03-04T20:45:00Z,3,3,3,3,3,3,1,0,0,3,140.38433978946293,17.370340455139072,,,,,,,,28.03912141069813,139.18689206086916,8.40000057220459,PS_050,,,4.738283193951207
27.667340133751043,13.866981754019335,2025-03-04T21:00:00Z,4,4,4,4,4,4,1,0,0,4,26.924251001801412,4.543648080333024,,,,,,,,25.69210417437273,34.03376506056784,8.40000057220459,PS_050,,,3.8313579465061003
26.731354791556488,13.72055538252467,2025-03-04T21:15:00Z,3,3,3,3,3,3,1,0,0,3,14.402537606564755,1.589761114821673,,,,,,,,23.458961825111725,15.016023307403671,8.40000057220459,PS_050,,,2.7764128489156885
26.047220981246053,13.613082174834528,2025-03-04T21:30:00Z,4,4,4,4,4,4,1,0,0,4,5.479072649823515,1.0390185037654969,,,,,,,,22.29844988121946,5.566292580017816,8.40000057220459,PS_050,,,2.849053738405728
25.13137193968673,13.493231230613388,2025-03-04T21:45:00Z,4,4,4,4,4,4,1,0,0,4,-0.8550150412940113,-0.3685474962000421,,,,,,,,21.069561757368945,-0.9833530089279116,8.40000057220459,PS_050,,,1.7209960702755152
24.83774807649531,13.454852208227111,2025-03-04T22:00:00Z,3,3,3,3,3,3,1,0,0,3,-1.6525811418158745,-0.43311131891521704,,,,,,,,20.247397932942174,-1.680564731669521,8.40000057220459,PS_050,,,1.841215196860112
24.737838965838602,13.466978257835482,2025-03-04T22:15:00Z,4,4,4,4,4,4,1,0,0,4,-1.765529723236809,-0.5191279404061515,,,,,,,,20.01371113326549,-1.5575312396625531,8.40000057220459,PS_050,,,2.1745323662457787
24.182999888403305,13.47448832879641,2025-03-04T22:30:00Z,4,4,4,4,4,4,1,0,0,4,-1.7365661034999393,-0.4466940161124783,,,,,,,,19.659442060025025,-1.4990328854364736,8.40000057220459,PS_050,,,1.9314320862837655
23.851684623215824,13.47921657562256,2025-03-04T22:45:00Z,3,3,3,3,3,3,1,0,0,3,-1.735835318043887,-0.605271211153926,,,,,,,,19.356504753995576,-1.4513347022058771,8.40000057220459,PS_050,,,1.788165435543805
23.92971522356078,13.476059005948459,2025-03-04T23:00:00Z,4,4,4,4,4,4,1,0,0,4,-1.842846550417855,-0.5335673637098405,,,,,,,,19.11582110153478,-1.483712395420285,8.40000057220459,PS_050,,,1.9270156910776093
23.597771676196913,13.473156290810811,2025-03-04T23:15:00Z,4,4,4,4,4,4,1,0,0,4,-1.8171759435817016,-0.47596303464273637,,,,,,,,18.797760721512947,-1.538833465298665,8.40000057220459,PS_050,,,1.4076835762570554
24.013411537953704,13.468092750439483,2025-03-04T23:30:00Z,3,3,3,3,3,3,1,0,0,3,-2.0303815685839703,-0.516558819182959,,,,,,,,18.26803235385161,-1.3171590955283876,8.40000057220459,PS_050,,,1.3020492550431984
23.8642873033609,13.461878062508974,2025-03-04T23:45:00Z,4,4,4,4,4,4,1,0,0,4,-1.9607877022966556,-0.5612065322275711,,,,,,,,18.353858109006875,-1.5890691738108291,8.40000057220459,PS_050,,,1.4948691369452414
23.384756734271523,13.454004463029058,2025-03-05T00:00:00Z,4,4,4,4,4,4,1,0,0,4,-1.7258479441742933,-0.5014095623592794,,,,,,,,18.453631534997303,-1.6435064846709007,8.40000057220459,PS_050,,,1.9797707536200617
23.12637480667327,13.452293757267018,2025-03-05T00:15:00Z,3,3,3,3,3,3,1,0,0,3,-1.574995871195905,-0.5885537413794104,,,,,,,,18.565023057043614,-1.700613794468015,8.40000057220459,PS_050,,,1.9129806152803428
23.019378972126642,13.44231605529785,2025-03-05T00:30:00Z,4,4,4,4,4,4,1,0,0,4,-1.764952822914107,-0.48093592196591806,,,,,,,,18.35619381964644,-1.5862054882116874,8.40000057220459,PS_050,,,1.8975133582979957
22.6219036821782,13.438328136719964,2025-03-05T00:45:00Z,3,3,3,3,3,3,1,0,0,3,-1.7680455881782684,-0.5043551236388165,,,,,,,,18.040253220663626,-1.6223670501990997,8.40000057220459,PS_050,,,2.0915623050999765
21.754911520269584,13.434127118466042,2025-03-05T01:00:00Z,4,4,4,4,4,4,1,0,0,4,-1.3644500989055102,-0.3516869508656111,,,,,,,,17.43762903147751,-1.249617088561843,8.40000057220459,PS_050,,,1.8502232152162077
21.701629200085087,13.428243098867618,2025-03-05T01:15:00Z,4,4,4,4,4,4,1,0,0,4,-1.704119014571904,-0.36899277462582275,,,,,,,,17.299999237060547,-1.2511401842717136,8.40000057220459,PS_050,,,1.6174074421682927
21.869374267690603,13.421133041381834,2025-03-05T01:30:00Z,3,3,3,3,3,3,1,0,0,3,-1.672911589734172,-0.4227644107353763,,,,,,,,17.600000381469727,-1.1023836119661317,8.40000057220459,PS_050,,,1.8671007933606987
21.63191959364178,13.416172191331048,2025-03-05T01:45:00Z,4,4,4,4,4,4,1,0,0,4,-1.4366945011461523,-0.4216671628781019,,,,,,,,17.62799284709592,-1.1468655285062592,8.40000057220459,PS_050,,,2.0497354819951457
21.358368428299983,13.410882949829102,2025-03-05T02:00:00Z,4,4,4,4,4,4,1,0,0,4,-1.39175765907195,-0.3913925409982392,,,,,,,,17.566474079304726,-1.33811679937745,8.40000057220459,PS_050,,,2.0319738388001665
21.238034322116743,13.406617323193519,2025-03-05T02:15:00Z,3,3,3,3,3,3,1,0,0,3,-1.536884112495271,-0.4079590786582597,,,,,,,,17.534098196108182,-1.254622877665966,8.40000057220459,PS_050,,,2.6561150867489762
20.698476391565297,13.403051518311052,2025-03-05T02:30:00Z,4,4,4,4,4,4,1,0,0,4,-1.1040066661606667,-0.25133448131782227,,,,,,,,17.45165378553647,-1.0997168646519888,8.40000057220459,PS_050,,,2.4461501848362968
20.872872569735986,13.400633811950684,2025-03-05T02:45:00Z,3,3,3,3,3,3,1,0,0,3,-1.6234300794046617,-0.4083252474011535,,,,,,,,17.299999237060547,-1.2677861890040882,8.40000057220459,PS_050,,,2.8429483233628767
21.05063361044946,13.39429987768302,2025-03-05T03:00:00Z,4,4,4,4,4,4,1,0,0,4,-1.583357798024323,-0.4030861363157663,,,,,,,,17.600000381469727,-1.4032354189678817,8.40000057220459,PS_050,,,3.213562849063286
21.341479016223662,13.389020859894831,2025-03-05T03:15:00Z,4,4,4,4,4,4,1,0,0,4,-1.5215976976120746,-0.3930868998746709,,,,,,,,17.663452038812608,-1.2639772406797374,8.40000057220459,PS_050,,,2.6787758038865506
20.94674641539355,13.388853627629956,2025-03-05T03:30:00Z,3,3,3,3,3,3,1,0,0,3,-1.4511274032679007,-0.25275118263018354,,,,,,,,17.600000381469727,-1.3802564061035694,8.40000057220459,PS_050,,,3.2776568021157484
19.94099297025221,13.384047316859867,2025-03-05T03:45:00Z,4,4,4,4,4,4,1,0,0,4,-1.0110046763538791,-0.1760051468862293,,,,,,,,16.901354413976982,-1.289790318414479,8.40000057220459,PS_050,,,2.2810288585865965
19.423696480397236,13.382608266352747,2025-03-05T04:00:00Z,4,4,4,4,4,4,1,0,0,4,-1.4185846692771176,-0.2118651656833503,,,,,,,,16.247259806382065,-1.3636153072646515,8.40000057220459,PS_050,,,2.02691529617069
19.58870861282926,13.373982429504395,2025-03-05T04:15:00Z,3,3,3,3,3,3,1,0,0,3,-1.5204104873882112,-0.324372094593237,,,,,,,,16.200000762939453,-1.181381127004511,8.40000057220459,PS_050,,,1.5124503618836889
19.701237836120324,13.373982429504396,2025-03-05T04:30:00Z,4,4,4,4,4,4,1,0,0,4,-1.5480933547645515,-0.332393995150299,,,,,,,,15.87190286394451,-1.1258240370076997,8.40000057220459,PS_050,,,1.5438650972276775
19.924928495869462,13.37211629763286,2025-03-05T04:45:00Z,4,4,4,4,4,4,1,0,0,4,-1.654786493949389,-0.36720072761082573,,,,,,,,16.16807178582371,-1.0770283103862517,8.40000057220459,PS_050,,,2.1438486193329163
20.090647462645755,13.369200706481935,2025-03-05T05:00:00Z,3,3,3,3,3,3,1,0,0,3,-1.4649238354878658,-0.3191593904903459,,,,,,,,16.449229694993928,-1.1404142980315775,8.40000057220459,PS_050,,,1.6797871763113963
19.78546020929228,13.365400422084406,2025-03-05T05:15:00Z,4,4,4,4,4,4,1,0,0,4,-1.1790789711058058,-0.26553034561649086,,,,,,,,16.5,-0.776344050402909,8.40000057220459,PS_050,,,1.5974884738991826
20.244030297217098,13.363733291625975,2025-03-05T05:30:00Z,4,4,4,4,4,4,1,0,0,4,-1.190124690833959,-0.43935653777529105,,,,,,,,16.97841563611966,-0.9408124788847902,8.40000057220459,PS_050,,,2.1003304582449083
20.40795813653599,13.35933578649039,2025-03-05T05:45:00Z,3,3,3,3,3,3,1,0,0,3,-1.309699983914442,-0.37741848958909857,,,,,,,,17.600000381469727,-1.1245787253210306,8.40000057220459,PS_050,,,3.2163039010418477
20.41188027314434,13.358266830444334,2025-03-05T06:00:00Z,4,4,4,4,4,4,1,0,0,4,-1.0515131703277807,-0.3578072907782842,,,,,,,,17.55426191574177,-0.968417759266084,8.40000057220459,PS_050,,,3.00879745543013
20.00930311750578,13.358266830444334,2025-03-05T06:15:00Z,4,4,4,4,4,4,1,0,0,4,-1.1236292415753202,-0.18797488119726802,,,,,,,,17.314485406675654,-1.0541250653066265,8.40000057220459,PS_050,,,2.5606851195117346
19.23811130051221,13.355401498759733,2025-03-05T06:30:00Z,3,3,3,3,3,3,1,0,0,3,-0.9038194530333349,-0.1977284224296951,,,,,,,,16.799999237060547,-1.047880773728117,8.40000057220459,PS_050,,,2.237693246444577
19.321083551818074,13.35348320007324,2025-03-05T06:45:00Z,4,4,4,4,4,4,1,0,0,4,-1.0635726173938953,-0.2990753557839165,,,,,,,,16.607685841892174,-0.9337794437925333,8.40000057220459,PS_050,,,3.2433895625856723
19.378668394849175,13.353483200073244,2025-03-05T07:00:00Z,3,3,3,3,3,3,1,0,0,3,-1.2578420884673236,-0.2533171875363967,,,,,,,,16.739807436485012,-1.0313747757712854,8.40000057220459,PS_050,,,2.0105107835869136
19.18868584057782,13.35081954317791,2025-03-05T07:15:00Z,4,4,4,4,4,4,1,0,0,4,-1.319460949641405,-0.33228178199251185,,,,,,,,16.477056808759677,-1.1555354805025768,8.40000057220459,PS_050,,,2.1344138236629546
19.285752379374323,13.34969448176557,2025-03-05T07:30:00Z,4,4,4,4,4,4,1,0,0,4,-1.3605767918726475,-0.2784668013652882,,,,,,,,16.5,-1.0599035951498177,8.40000057220459,PS_050,,,2.2217784551879336
19.287703873706505,13.348856591467369,2025-03-05T07:45:00Z,3,3,3,3,3,3,1,0,0,3,-1.4295877267486132,-0.25153637197249284,,,,,,,,16.5,-1.090602656862692,8.40000057220459,PS_050,,,2.1283160929641434
19.185541716718706,13.348016738891603,2025-03-05T08:00:00Z,9,9,9,9,9,9,1,0,0,9,-1.3208289592305125,-0.2589154965592575,,,,,,,,16.385164301600337,-1.2167091352402835,8.40000057220459,PS_050,,,2.5868343919648358
19.400781189741153,13.347997924620746,2025-03-05T08:15:00Z,15,15,15,15,15,15,1,0,0,15,-1.4185508803825049,-0.3196309044360383,,,,,,,,16.555633217714828,-1.2363065381744862,8.40000057220459,PS_050,,,2.5980844323951637
19.55414059657744,13.346804442718996,2025-03-05T08:30:00Z,15,15,15,15,15,15,1,0,0,15,-1.4248234489358746,-0.34858059107635636,,,,,,,,16.764864101083617,-1.2020268010324988,8.40000057220459,PS_050,,,2.912894445708266
20.014356979656508,13.346024203291034,2025-03-05T08:45:00Z,15,15,15,15,15,15,1,0,0,15,-1.6152033800576027,-0.44881944511447264,,,,,,,,17.04252277288851,-1.2158419195327332,8.40000057220459,PS_050,,,3.498984167512314
19.788141802948292,13.343472247941614,2025-03-05T09:00:00Z,9,9,9,9,9,9,1,0,0,9,-0.43213205660385245,-0.19160231929651517,,,,,,,,17.055123688776128,-0.37168225422124285,8.40000057220459,PS_050,,,2.6309100639045426
19.752775048221977,13.358743693178425,2025-03-05T09:15:00Z,4,4,4,4,4,4,1,0,0,4,4.846002645758463,0.3769779700909767,,,,,,,,16.884102269877484,5.1858456998273805,8.40000057220459,PS_050,,,2.975953869159969
20.072506410497187,13.509359296356982,2025-03-05T09:30:00Z,4,4,4,4,4,4,1,0,0,4,26.833251023769005,4.372078330930642,,,,,,,,17.44118445760837,42.001268131302965,8.40000057220459,PS_050,,,3.111359207283981
20.525569090080236,13.85853112081955,2025-03-05T09:45:00Z,3,3,3,3,3,3,1,0,0,3,48.802228483668365,7.218849458627235,,,,,,,,17.93217636373739,65.43796599391992,8.40000057220459,PS_050,,,3.3972966637573037
20.471128694873446,14.266535713880364,2025-03-05T10:00:00Z,4,4,4,4,4,4,1,0,0,4,72.90371170434464,8.077181712355742,,,,,,,,18.660073063425923,76.87302988652729,8.40000057220459,PS_050,,,3.51468677886422
20.66884828847882,14.636234192080805,2025-03-05T10:15:00Z,4,4,4,4,4,4,1,0,0,4,108.82192339890523,11.810231841271191,,,,,,,,19.89850755897399,112.32801951815549,8.40000057220459,PS_050,,,2.3949105804981916
21.033358167982378,14.882344321788649,2025-03-05T10:30:00Z,3,3,3,3,3,3,1,0,0,3,148.0151043102934,16.686532690589445,,,,,,,,21.38243963766666,152.31503286528053,8.40000057220459,PS_050,,,3.0255752230431234
21.38648256217098,15.660932557787161,2025-03-05T10:45:00Z,4,4,4,4,4,4,1,0,0,4,179.47919282187385,21.366114085046068,,,,,,,,22.575906910314743,183.4292489407688,8.40000057220459,PS_050,,,3.9510069090261726
21.78250814296371,16.368821111019493,2025-03-05T11:00:00Z,4,4,4,4,4,4,1,0,0,4,229.83980834552747,29.41690428445397,,,,,,,,23.29241605672125,234.74007589431568,8.40000057220459,PS_050,,,4.379709743238136
23.62827553184464,16.74374678948042,2025-03-05T11:15:00Z,3,3,3,3,3,3,1,0,0,3,458.167133032402,67.97568537529013,,,,,,,,28.639354102043452,461.4388465720854,8.40000057220459,PS_050,,,4.231055046433801
23.523688892423756,17.03328976558837,2025-03-05T11:30:00Z,4,4,4,4,4,4,1,0,0,4,608.8269116047143,90.6334013831448,,,,,,,,29.042138517833592,616.5676171292258,8.40000057220459,PS_050,,,5.735773608564583
24.441918014485434,16.54734862050801,2025-03-05T11:45:00Z,3,3,3,3,3,3,1,0,0,3,624.2049237060854,87.24245175327603,,,,,,,,32.665435444747374,630.8999193864184,8.40000057220459,PS_050,,,3.2954390105898783
25.240191257235963,16.690576388776336,2025-03-05T12:00:00Z,4,4,4,4,4,4,1,0,0,4,745.138209586105,96.53363194048104,,,,,,,,34.36838272547036,753.348964545423,8.40000057220459,PS_050,,,4.914483448102422
25.199725902867385,16.055443121636355,2025-03-05T12:15:00Z,4,4,4,4,4,4,1,0,0,4,692.5317064015715,81.44928095311552,,,,,,,,33.455981168062266,705.8241888110387,8.40000057220459,PS_050,,,6.417171450677944
25.61776207064151,15.833755180359374,2025-03-05T12:30:00Z,3,3,3,3,3,3,1,0,0,3,686.5801152084279,74.95013723374613,,,,,,,,34.20076046356163,699.6128045139511,8.40000057220459,PS_050,,,7.427586803818392
25.75660094921279,16.151536200192123,2025-03-05T12:45:00Z,4,4,4,4,4,4,1,0,0,4,736.2128287741364,74.44574829777639,,,,,,,,33.34431279492282,756.4342439184472,8.40000057220459,PS_050,,,5.936894402857088
26.611202276708344,16.532809934266172,2025-03-05T13:00:00Z,4,4,4,4,4,4,1,0,0,4,857.7495866329033,78.81700490761722,,,,,,,,37.0230909606154,881.521313543802,8.40000057220459,PS_050,,,6.6689592892347775
27.218912877016233,16.471566557542996,2025-03-05T13:15:00Z,3,3,3,3,3,3,1,0,0,3,944.891862335182,80.6625400778135,,,,,,,,39.0061698958056,966.1530164367017,8.40000057220459,PS_050,,,5.480447570080905
27.33681823061278,15.992374924145851,2025-03-05T13:30:00Z,4,4,4,4,4,4,1,0,0,4,788.1415828570687,60.43706760082123,,,,,,,,38.16513626980852,790.534113857878,8.40000057220459,PS_050,,,5.063867663381235
27.61739430465499,15.372270060083844,2025-03-05T13:45:00Z,4,4,4,4,4,4,1,0,0,4,666.5759085821488,44.534096132925015,,,,,,,,37.35103411965464,555.9232520588598,8.40000057220459,PS_050,,,5.755219160621324
27.801734628762905,15.262893415242136,2025-03-05T14:00:00Z,3,3,3,3,3,3,1,0,0,3,672.698694131262,44.076539973811926,,,,,,,,38.919055215008356,591.4461014156327,8.40000057220459,PS_050,,,5.795512139746639
27.409058015099625,14.968346419443654,2025-03-05T14:15:00Z,4,4,4,4,4,4,1,0,0,4,516.0186722607133,35.12457010120889,,,,,,,,37.77291487340713,559.0253332669091,8.40000057220459,PS_050,,,4.614852664420184
28.555052538265212,15.540135253171703,2025-03-05T14:30:00Z,3,3,3,3,3,3,1,0,0,3,749.561016157424,52.63916133831682,,,,,,,,42.25024443083463,748.356300129366,8.40000057220459,PS_050,,,8.515182627344199
28.4251780793264,16.088999953922666,2025-03-05T14:45:00Z,4,4,4,4,4,4,1,0,0,4,948.8455727826663,60.317644690206215,,,,,,,,42.342805018430006,981.2114954243426,8.40000057220459,PS_050,,,5.9059777355723515
29.29491833717887,16.395363333601438,2025-03-05T15:00:00Z,4,4,4,4,4,4,1,0,0,4,1147.1361869621883,66.86670658795697,,,,,,,,45.25936841761609,1147.429810195805,8.40000057220459,PS_050,,,4.253860004428184
29.07797407662718,16.322329553602593,2025-03-05T15:15:00Z,3,3,3,3,3,3,1,0,0,3,1152.6541556912427,66.33154513217384,,,,,,,,46.72213150855575,1150.9961515055263,8.40000057220459,PS_050,,,4.3214413603706925
29.363623219597105,16.224446749303773,2025-03-05T15:30:00Z,4,4,4,4,4,4,1,0,0,4,1073.3164490253912,60.03537818884053,,,,,,,,46.67759409722215,1051.9479798534092,8.40000057220459,PS_050,,,6.00909162064396
29.434667390575118,16.227914304874528,2025-03-05T15:45:00Z,3,3,3,3,3,3,1,0,0,3,1081.4533604033566,62.2378440150813,,,,,,,,45.66065058321846,1077.8996604983706,8.40000057220459,PS_050,,,5.689528551436988
29.958863298119276,16.177261108971113,2025-03-05T16:00:00Z,4,4,4,4,4,4,1,0,0,4,1083.3064017008942,63.940330816784176,,,,,,,,46.4831017825685,1078.0358124684954,8.40000057220459,PS_050,,,5.4605328394422346
29.923896199964133,16.059896530132796,2025-03-05T16:15:00Z,3,3,3,3,3,3,1,0,0,3,1063.185549118873,63.51753405183422,,,,,,,,47.32690300059247,1088.6117940048937,8.40000057220459,PS_050,,,6.770236353665644
30.16733160864548,16.290284738557197,2025-03-05T16:30:00Z,4,4,4,4,4,4,1,0,0,4,1168.6942630626463,79.1237076025719,,,,,,,,46.08914065030354,1162.7642488472186,8.40000057220459,PS_050,,,6.304147546681233
30.650931711837128,16.164649634975458,2025-03-05T16:45:00Z,4,4,4,4,4,4,1,0,0,4,1060.6066685890219,71.21704511595568,,,,,,,,49.108480930925296,1054.8127329969602,8.40000057220459,PS_050,,,5.3993823711815665
30.44454850413683,15.985988117303426,2025-03-05T17:00:00Z,3,3,3,3,3,3,1,0,0,3,1000.4984477475424,76.08989886516653,,,,,,,,45.12773166066462,1000.1441760742557,8.40000057220459,PS_050,,,5.7743123010392186
30.833627257814417,15.560129161408666,2025-03-05T17:15:00Z,4,4,4,4,4,4,1,0,0,4,899.131891040427,67.24657242729495,,,,,,,,45.98900857617848,857.6469367445236,8.40000057220459,PS_050,,,5.888120354796709
29.89541752427683,14.584908173220668,2025-03-05T17:30:00Z,4,4,4,4,4,4,1,0,0,4,717.9158979559695,51.59403560789933,,,,,,,,40.25351842778619,723.8542052619949,8.40000057220459,PS_050,,,4.096000126926536
30.671470285227358,14.75793603671538,2025-03-05T17:45:00Z,3,3,3,3,3,3,1,0,0,3,511.93673560648205,50.76692508557344,,,,,,,,42.54487111077734,511.9718052761817,8.40000057220459,PS_050,,,5.104274950151253
30.503131162617162,15.213049247288128,2025-03-05T18:00:00Z,4,4,4,4,4,4,1,0,0,4,749.7854798639378,81.6460894399239,,,,,,,,41.24225507819921,749.845993827603,8.40000057220459,PS_050,,,4.352951291745284
30.95078302734633,14.942386467385923,2025-03-05T18:15:00Z,3,3,3,3,3,3,1,0,0,3,806.6257046591287,95.55556969746932,,,,,,,,42.821429130982644,806.6619635467501,8.40000057220459,PS_050,,,6.35457412926886
30.94158389278203,14.63632616905198,2025-03-05T18:30:00Z,4,4,4,4,4,4,1,0,0,4,448.34325889580816,54.22094141208615,,,,,,,,41.310865979625035,449.2351146477222,8.40000057220459,PS_050,,,3.7819072058662506
31.007364937550985,14.92074776765423,2025-03-05T18:45:00Z,4,4,4,4,4,4,1,0,0,4,652.4228578596574,94.1096735857741,,,,,,,,39.024428058748285,653.5876274314044,8.40000057220459,PS_050,,,4.567347567129127
31.145246224279653,14.622095963311741,2025-03-05T19:00:00Z,3,3,3,3,3,3,1,0,0,3,505.0308521907377,70.18008722270415,,,,,,,,40.43949330532956,494.3879957330155,8.40000057220459,PS_050,,,3.7050434342191174
29.826241659211366,14.395924039013861,2025-03-05T19:15:00Z,4,4,4,4,4,4,1,0,0,4,334.2978755455466,53.541365839822184,,,,,,,,33.58207345182869,334.83951024725843,8.40000057220459,PS_050,,,4.156639364503632
30.78863216616609,14.814584476312524,2025-03-05T19:30:00Z,3,3,3,3,3,3,1,0,0,3,518.8163341867896,89.8001514571666,,,,,,,,36.694957301466225,518.084696789325,8.40000057220459,PS_050,,,3.8834078400304257
30.740620135094,14.507314294772755,2025-03-05T19:45:00Z,4,4,4,4,4,4,1,0,0,4,375.6679212694415,71.66190097841,,,,,,,,36.110048827218726,378.88898714205465,8.40000057220459,PS_050,,,3.640463727916929
30.493363882230103,14.512919225183943,2025-03-05T20:00:00Z,3,3,3,3,3,3,1,0,0,3,328.4777064589389,68.03718356349654,,,,,,,,34.47368864430561,332.7888663102562,8.40000057220459,PS_050,,,3.6519635887606072
30.517361727235834,14.39367739513746,2025-03-05T20:15:00Z,4,4,4,4,4,4,1,0,0,4,291.37215966943404,57.103499812732835,,,,,,,,33.25328882944832,280.2697035753594,8.40000057220459,PS_050,,,3.3890315895315837
29.921402382356767,14.164578978355872,2025-03-05T20:30:00Z,4,4,4,4,4,4,1,0,0,4,182.47406821459802,28.082815710583347,,,,,,,,31.014329445838523,172.60403811227434,8.40000057220459,PS_050,,,3.3683234399895787
29.460887346899536,14.154635454720612,2025-03-05T20:45:00Z,3,3,3,3,3,3,1,0,0,3,143.74148497145663,19.16649036529796,,,,,,,,28.97835449698895,143.92088980713257,8.40000057220459,PS_050,,,3.2571029259765316
28.56646579246979,13.973769441987479,2025-03-05T21:00:00Z,4,4,4,4,4,4,1,0,0,4,46.77895736844091,10.023449494852919,,,,,,,,27.24696882246199,60.6582082503155,8.40000057220459,PS_050,,,2.694359657866166
27.9616624032351,13.903494761942014,2025-03-05T21:15:00Z,3,3,3,3,3,3,1,0,0,3,36.21803916634388,5.277283257646665,,,,,,,,25.400903999839326,43.89526629566545,8.40000057220459,PS_050,,,2.1613827666029803
27.233376838391774,13.742163647321656,2025-03-05T21:30:00Z,4,4,4,4,4,4,1,0,0,4,5.478246312544859,0.5651409467254498,,,,,,,,24.616907605213026,5.219093791564327,8.40000057220459,PS_050,,,2.601651951224391
26.637225896069822,13.580103992571802,2025-03-05T21:45:00Z,3,3,3,3,3,3,1,0,0,3,-0.6114233799754016,-0.25708181675741565,,,,,,,,23.23231263354239,-0.8604548805951473,8.40000057220459,PS_050,,,1.8873398039217926
25.64963569494822,13.492107306754809,2025-03-05T22:00:00Z,4,4,4,4,4,4,1,0,0,4,-1.2478855565091957,-0.4048238687951097,,,,,,,,22.221244757361216,-1.431388527795249,8.40000057220459,PS_050,,,2.0184751633966993
25.23829151581196,13.450836252859395,2025-03-05T22:15:00Z,3,3,3,3,3,3,1,0,0,3,-1.3803553287974866,-0.43610815183554036,,,,,,,,21.246906032870495,-1.4298179179490884,8.40000057220459,PS_050,,,1.9604203572737047
25.32557734979851,13.465681715585024,2025-03-05T22:30:00Z,4,4,4,4,4,4,1,0,0,4,-1.615314932505227,-0.48923504951063423,,,,,,,,21.21140510164369,-1.6166997995236934,8.40000057220459,PS_050,,,1.6936685837901346
24.543280144945154,13.473749160766603,2025-03-05T22:45:00Z,3,3,3,3,3,3,1,0,0,3,-1.4643369877428363,-0.44670018642831344,,,,,,,,20.503609141793653,-1.6980492892253463,8.40000057220459,PS_050,,,1.6600543301124346
24.486532599453426,13.479216575622557,2025-03-05T23:00:00Z,4,4,4,4,4,4,1,0,0,4,-1.6625854721054416,-0.47995261629956504,,,,,,,,19.98498539492063,-1.597717842422468,8.40000057220459,PS_050,,,2.024172334238753
24.577154500520304,13.479216575622559,2025-03-05T23:15:00Z,3,3,3,3,3,3,1,0,0,3,-1.6329818063323165,-0.47293343018654194,,,,,,,,20.171383177660246,-1.422465560755061,8.40000057220459,PS_050,,,2.301438409288701
24.219569018942934,13.473749160766602,2025-03-05T23:30:00Z,4,4,4,4,4,4,1,0,0,4,-1.4665663958746562,-0.4353582268433266,,,,,,,,20.09420691000435,-1.52508793083836,8.40000057220459,PS_050,,,2.2992651600906875
24.104431214082027,13.472799388882322,2025-03-05T23:45:00Z,3,3,3,3,3,3,1,0,0,3,-1.6229241137710386,-0.43738863850279736,,,,,,,,19.940424398567988,-1.7663410186732267,8.40000057220459,PS_050,,,3.115905341384392
23.92671163625156,13.465734817919524,2025-03-06T00:00:00Z,4,4,4,4,4,4,1,0,0,4,-1.6619722398133498,-0.4518310063350059,,,,,,,,19.739675641155525,-1.4798165990305039,8.40000057220459,PS_050,,,2.3507674559394074
23.747819463536665,13.461395681276464,2025-03-06T00:15:00Z,4,4,4,4,4,4,1,0,0,4,-1.594537958958735,-0.4475331181810376,,,,,,,,19.58451381978437,-1.6586640211413104,8.40000057220459,PS_050,,,2.5443461726638352
23.42523568743896,13.454069945154139,2025-03-06T00:30:00Z,3,3,3,3,3,3,1,0,0,3,-1.584989374997922,-0.38977873558683573,,,,,,,,19.601746527521282,-1.5613183459362727,8.40000057220459,PS_050,,,3.2884691080153368
23.352433917149984,13.448554158669143,2025-03-06T00:45:00Z,4,4,4,4,4,4,1,0,0,4,-1.6079012965457997,-0.37601202784446525,,,,,,,,19.610921520375417,-1.552568561251978,8.40000057220459,PS_050,,,3.2583974233961603
22.534343075615794,13.443181964685373,2025-03-06T01:00:00Z,4,4,4,4,4,4,1,0,0,4,-1.3621474094182477,-0.2127147460766961,,,,,,,,19.00212549563842,-1.5288788378995144,8.40000057220459,PS_050,,,2.6305413795792987
21.918970927095835,13.437533378601074,2025-03-06T01:15:00Z,3,3,3,3,3,3,1,0,0,3,-1.421361804150609,-0.22315805052639842,,,,,,,,18.100000381469727,-1.5270340011051622,8.40000057220459,PS_050,,,2.3258195138380406
21.26547105856123,13.432879752743398,2025-03-06T01:30:00Z,4,4,4,4,4,4,1,0,0,4,-1.4163706445855284,-0.2260887284537783,,,,,,,,17.698666481520487,-1.3095487053472301,8.40000057220459,PS_050,,,2.036343966787006
20.694825336222415,13.427540154715974,2025-03-06T01:45:00Z,3,3,3,3,3,3,1,0,0,3,-1.5614471129916037,-0.3317609787858915,,,,,,,,17.351570191190927,-1.3389934453951327,8.40000057220459,PS_050,,,2.405251730902609
20.602043612743167,13.42174943043477,2025-03-06T02:00:00Z,4,4,4,4,4,4,1,0,0,4,-1.4382818417238978,-0.28361551458380646,,,,,,,,16.95266461159396,-1.4566060329362867,8.40000057220459,PS_050,,,2.313432125968625
20.347061517348312,13.416349411010742,2025-03-06T02:15:00Z,4,4,4,4,4,4,1,0,0,4,-1.495442378649519,-0.249196499709393,,,,,,,,16.877030023166657,-1.5050811527041288,8.40000057220459,PS_050,,,2.2759681629393103
20.199809095000933,13.411732775569977,2025-03-06T02:30:00Z,3,3,3,3,3,3,1,0,0,3,-1.5343808323769044,-0.3706161893005206,,,,,,,,16.779835646490252,-1.3552626491186268,8.40000057220459,PS_050,,,2.2982420537640205
20.16911489313885,13.402643538108421,2025-03-06T02:45:00Z,4,4,4,4,4,4,1,0,0,4,-1.6255465607568096,-0.2672659909237402,,,,,,,,16.79999923706055,-1.2986707438383316,8.40000057220459,PS_050,,,2.4129533844747635
20.128697630789784,13.400728608891582,2025-03-06T03:00:00Z,4,4,4,4,4,4,1,0,0,4,-1.6584191098043095,-0.3223746299161617,,,,,,,,16.499999999999996,-1.3696220439084696,8.40000057220459,PS_050,,,1.926149629481027
19.926558722124916,13.395166397094727,2025-03-06T03:15:00Z,3,3,3,3,3,3,1,0,0,3,-1.6304646624485173,-0.3188095042095566,,,,,,,,16.499999999999996,-1.3106457547375727,8.40000057220459,PS_050,,,2.50992602888069
19.934188956667175,13.389699935913084,2025-03-06T03:30:00Z,4,4,4,4,4,4,1,0,0,4,-1.6802470131538545,-0.42230236976245383,,,,,,,,16.5,-1.3684435637446135,8.40000057220459,PS_050,,,2.6068831956730736
20.074835390181416,13.389699935913088,2025-03-06T03:45:00Z,3,3,3,3,3,3,1,0,0,3,-1.6463875504502912,-0.39479166082032147,,,,,,,,16.5,-1.4015536965307491,8.40000057220459,PS_050,,,2.533389461945621
20.032580189117038,13.38491630554199,2025-03-06T04:00:00Z,4,4,4,4,4,4,1,0,0,4,-1.6429267284569684,-0.39509509880348276,,,,,,,,16.587193165322798,-1.3417988897144923,8.40000057220459,PS_050,,,2.516946274638501
20.194163800678545,13.379449844360353,2025-03-06T04:15:00Z,4,4,4,4,4,4,1,0,0,4,-1.614746384789462,-0.3799059411314021,,,,,,,,16.5,-1.3672474274995092,8.40000057220459,PS_050,,,2.521857301680878
19.757033670426953,13.373982429504395,2025-03-06T04:30:00Z,3,3,3,3,3,3,1,0,0,3,-1.2963891141078128,-0.32065288651610757,,,,,,,,16.5,-1.2632635835004324,8.40000057220459,PS_050,,,2.5298426535968406
19.665489861533356,13.373982429504395,2025-03-06T04:45:00Z,4,4,4,4,4,4,1,0,0,4,-1.3319750974627422,-0.33923967264108845,,,,,,,,16.20000076293945,-1.2995513981888138,8.40000057220459,PS_050,,,3.003745713132367
19.374813532634487,13.371354798414881,2025-03-06T05:00:00Z,4,4,4,4,4,4,1,0,0,4,-1.4661754316341864,-0.29776722333829614,,,,,,,,16.121816269965557,-1.3026135620566532,8.40000057220459,PS_050,,,2.659323231665465
19.336757882629065,13.369200706481932,2025-03-06T05:15:00Z,3,3,3,3,3,3,1,0,0,3,-1.6731772619184682,-0.4149185699120781,,,,,,,,15.751998411421233,-1.5190057633408527,8.40000057220459,PS_050,,,2.57069596896497
19.455178841022914,13.363733291625978,2025-03-06T05:30:00Z,4,4,4,4,4,4,1,0,0,4,-1.7020533450853037,-0.34809774790773595,,,,,,,,15.699999809265135,-1.3789767056567164,8.40000057220459,PS_050,,,2.3531010884369623
19.547891472302513,13.363733291625978,2025-03-06T05:45:00Z,4,4,4,4,4,4,1,0,0,4,-1.6469638382739087,-0.4319049039125511,,,,,,,,15.652634569218742,-1.3333325197587773,8.40000057220459,PS_050,,,2.2565851053060486
19.956614858341666,13.358266830444336,2025-03-06T06:00:00Z,3,3,3,3,3,3,1,0,0,3,-1.7824869665119172,-0.4791964669139922,,,,,,,,16.154713588024393,-1.5546677968283844,8.40000057220459,PS_050,,,2.724257961149329
19.98510909087956,13.358266830444336,2025-03-06T06:15:00Z,4,4,4,4,4,4,1,0,0,4,-1.369383184839913,-0.42762552507917373,,,,,,,,16.710150241735047,-1.1317741000856312,8.40000057220459,PS_050,,,2.620549494209164
19.74379038428523,13.35348320007324,2025-03-06T06:30:00Z,3,3,3,3,3,3,1,0,0,3,-1.222150015808033,-0.3855741078636008,,,,,,,,16.54844607313347,-1.3247507246526284,8.40000057220459,PS_050,,,3.165268214468306
19.72118868209988,13.354687024929651,2025-03-06T06:45:00Z,4,4,4,4,4,4,1,0,0,4,-1.437251136398801,-0.3737101175423209,,,,,,,,16.68739606381677,-1.3969984989367892,8.40000057220459,PS_050,,,4.043277855632209
19.77132911571778,13.353483200073242,2025-03-06T07:00:00Z,4,4,4,4,4,4,1,0,0,4,-1.2538043576104743,-0.3877089312153838,,,,,,,,17.052539315943893,-1.3684439998721893,8.40000057220459,PS_050,,,4.445176165396529
19.224187260566946,13.35348320007324,2025-03-06T07:15:00Z,3,3,3,3,3,3,1,0,0,3,-1.0051487735238787,-0.1456318711173334,,,,,,,,16.327160563246697,-1.2772631140376909,8.40000057220459,PS_050,,,2.9196077205143394
18.99367727325171,13.348016738891605,2025-03-06T07:30:00Z,4,4,4,4,4,4,1,0,0,4,-1.0268915537451249,-0.2383302872530429,,,,,,,,16.24050131292501,-1.2025752134893888,8.40000057220459,PS_050,,,3.3600997189072705
18.93465202447051,13.3480167388916,2025-03-06T07:45:00Z,4,4,4,4,4,4,1,0,0,4,-1.2005619378715104,-0.2269594242072667,,,,,,,,16.125605972425372,-1.2833630134512288,8.40000057220459,PS_050,,,3.3045249133778327
19.031761315116764,13.3480167388916,2025-03-06T08:00:00Z,8,8,8,8,8,8,1,0,0,8,-1.4468414093970132,-0.35767665234542745,,,,,,,,16.166418002869175,-1.3221071862085414,8.40000057220459,PS_050,,,3.690846691461628
19.310520598901924,13.346364930257662,2025-03-06T08:15:00Z,16,16,16,16,16,16,1,0,0,16,-1.553314300869297,-0.429176682229339,,,,,,,,16.208149797575835,-1.4392844904906397,8.40000057220459,PS_050,,,3.5914109195819655
19.791679375520935,13.345150328522854,2025-03-06T08:30:00Z,14,14,14,14,14,14,1,0,0,14,-1.6578665898052012,-0.4890671983372952,,,,,,,,16.618321627400345,-1.3790483834678027,8.40000057220459,PS_050,,,3.6437172843777104
19.462255145323766,13.344747841689287,2025-03-06T08:45:00Z,15,15,15,15,15,15,1,0,0,15,-1.2065990958242891,-0.24839038445159245,,,,,,,,16.475492258704218,-1.2294448847979356,8.40000057220459,PS_050,,,2.939377080303536
18.937520775475985,13.342058295983458,2025-03-06T09:00:00Z,9,9,9,9,9,9,1,0,0,9,-0.4449439512310823,-0.0851865322008795,,,,,,,,15.964795627463827,-0.5095266306610938,8.40000057220459,PS_050,,,2.5961809919846788
18.969309534984518,13.36822796753937,2025-03-06T09:15:00Z,4,4,4,4,4,4,1,0,0,4,6.4528137194831245,0.7251050242204992,,,,,,,,15.699999809265137,7.250650596768205,8.40000057220459,PS_050,,,2.587280801839367
19.074594417546642,13.494884268806928,2025-03-06T09:30:00Z,4,4,4,4,4,4,1,0,0,4,21.277469470059902,3.4686616716065934,,,,,,,,15.88174558417037,34.918921768551286,8.40000057220459,PS_050,,,2.3380953740289723
19.85107756749989,13.822724225219021,2025-03-06T09:45:00Z,3,3,3,3,3,3,1,0,0,3,37.43448893720557,13.929847636065139,,,,,,,,17.358719985650442,100.30550676774139,8.40000057220459,PS_050,,,2.306020653639795
20.550430759073855,14.3572839858413,2025-03-06T10:00:00Z,4,4,4,4,4,4,1,0,0,4,110.0590064859159,17.256755717350885,,,,,,,,19.172125790317317,149.97689341697415,8.40000057220459,PS_050,,,2.5961023202326357
21.038119778543837,14.8020252460592,2025-03-06T10:15:00Z,3,3,3,3,3,3,1,0,0,3,195.94648944436028,30.115375282212163,,,,,,,,21.37266871806705,212.51524381574924,8.40000057220459,PS_050,,,2.2517789887695288
21.73377072576916,16.295564973955525,2025-03-06T10:30:00Z,4,4,4,4,4,4,1,0,0,4,262.66911750797027,49.908262198125634,,,,,,,,23.52738690067777,277.23888632803335,8.40000057220459,PS_050,,,2.9427649090211716
22.328212999744412,16.89759322700982,2025-03-06T10:45:00Z,4,4,4,4,4,4,1,0,0,4,333.8424464041844,63.566084634051656,,,,,,,,25.903705423373186,345.262041586787,8.40000057220459,PS_050,,,3.9955255503278355
23.084335798570116,16.873322180032467,2025-03-06T11:00:00Z,3,3,3,3,3,3,1,0,0,3,401.86181045801055,73.63755239574378,,,,,,,,28.027401482432857,411.4365423549012,8.40000057220459,PS_050,,,4.020177308113445
23.589266890128663,16.72951247807395,2025-03-06T11:15:00Z,4,4,4,4,4,4,1,0,0,4,467.9791883950164,80.79614970139878,,,,,,,,29.047087586495742,480.07166144134317,8.40000057220459,PS_050,,,4.356488639970382
24.10664246227908,16.531008493886592,2025-03-06T11:30:00Z,3,3,3,3,3,3,1,0,0,3,527.860807649717,84.72378143446052,,,,,,,,30.603676781554984,539.7955009659632,8.40000057220459,PS_050,,,5.3162058911764305
24.630739532205173,16.44483873457187,2025-03-06T11:45:00Z,4,4,4,4,4,4,1,0,0,4,590.2920646778741,87.35867653855523,,,,,,,,31.425294919064537,601.3611361709285,8.40000057220459,PS_050,,,5.251172641193387
25.16138542026377,16.474440458726555,2025-03-06T12:00:00Z,4,4,4,4,4,4,1,0,0,4,659.7377566120214,88.88819792792165,,,,,,,,33.22862706345523,672.1839811887722,8.40000057220459,PS_050,,,4.964981814551915
26.07198778795107,16.42326738606391,2025-03-06T12:15:00Z,3,3,3,3,3,3,1,0,0,3,711.0674671600436,87.02356115246413,,,,,,,,34.857177039146336,727.4113602438308,8.40000057220459,PS_050,,,4.104833771181131
25.930889999059268,16.566875494140483,2025-03-06T12:30:00Z,4,4,4,4,4,4,1,0,0,4,777.4298472157135,85.45083757839221,,,,,,,,34.941284401088495,798.1271856290476,8.40000057220459,PS_050,,,5.0132054869786185
26.41192068232576,16.344156899476747,2025-03-06T12:45:00Z,3,3,3,3,3,3,1,0,0,3,763.3847422274657,76.54968108199162,,,,,,,,35.589435581553246,788.1293712951683,8.40000057220459,PS_050,,,6.225343221729933
27.238020579478295,16.09230884022717,2025-03-06T13:00:00Z,4,4,4,4,4,4,1,0,0,4,774.0483390712822,70.60911485507341,,,,,,,,38.35643066140875,798.7243467686752,8.40000057220459,PS_050,,,5.311075686772472
26.442776387008145,15.74133370918151,2025-03-06T13:15:00Z,4,4,4,4,4,4,1,0,0,4,689.4566137148413,57.478429463904085,,,,,,,,34.59166861164833,704.6331393460923,8.40000057220459,PS_050,,,4.955401249148432
27.967129532973825,16.54983118468095,2025-03-06T13:30:00Z,3,3,3,3,3,3,1,0,0,3,944.9026020496447,69.91886191897758,,,,,,,,40.991008553461484,955.0723255103858,8.40000057220459,PS_050,,,4.848989803216387
27.783728410317977,16.50639631353436,2025-03-06T13:45:00Z,4,4,4,4,4,4,1,0,0,4,981.4530309618983,66.18832453091397,,,,,,,,41.02337808583597,980.9470768982329,8.40000057220459,PS_050,,,5.304373870756375
27.804455533705315,16.47972167986202,2025-03-06T14:00:00Z,3,3,3,3,3,3,1,0,0,3,1020.4123907227123,64.2824270440619,,,,,,,,41.32548722625518,1015.5485187464434,8.40000057220459,PS_050,,,4.512653129554934
28.832534773856853,16.38261691629736,2025-03-06T14:15:00Z,4,4,4,4,4,4,1,0,0,4,1049.5054501146185,63.45176356956858,,,,,,,,43.406295646591815,1042.9198594502654,8.40000057220459,PS_050,,,5.353758080802783
28.348746852598904,16.415148010739507,2025-03-06T14:30:00Z,4,4,4,4,4,4,1,0,0,4,1063.0403812595084,63.42402760711833,,,,,,,,43.47929928894772,1058.622351701248,8.40000057220459,PS_050,,,6.237474081775646
28.594759977959008,16.51434292466871,2025-03-06T14:45:00Z,3,3,3,3,3,3,1,0,0,3,1137.2454854868763,67.38360905340542,,,,,,,,43.37914747110216,1136.4966758063042,8.40000057220459,PS_050,,,3.8105226492054673
29.022257741386117,16.427112071194898,2025-03-06T15:00:00Z,4,4,4,4,4,4,1,0,0,4,1132.1832080809252,66.3757964763571,,,,,,,,46.317855296525465,1132.9300301008086,8.40000057220459,PS_050,,,4.664515549628168
28.8626037863967,16.3694950141567,2025-03-06T15:15:00Z,3,3,3,3,3,3,1,0,0,3,1194.7682031299119,71.42637137175234,,,,,,,,45.94381024117513,1196.714374550701,8.40000057220459,PS_050,,,4.5240851250683
29.432860765125433,16.390020413558595,2025-03-06T15:30:00Z,4,4,4,4,4,4,1,0,0,4,1156.1834428614065,69.96976026391368,,,,,,,,46.40888008213855,1161.459951319637,8.40000057220459,PS_050,,,5.277491094112473
30.114566064034438,16.22264172323277,2025-03-06T15:45:00Z,3,3,3,3,3,3,1,0,0,3,1112.6660751877284,67.46015472967464,,,,,,,,49.3981352004025,1111.9843511961842,8.40000057220459,PS_050,,,4.552598488351814
29.15703123127668,15.521662352862124,2025-03-06T16:00:00Z,4,4,4,4,4,4,1,0,0,4,907.3650167832401,63.49539401166769,,,,,,,,43.90407395356846,906.7864366318802,8.40000057220459,PS_050,,,5.283906281890654
29.82932833754958,15.630569166862658,2025-03-06T16:15:00Z,3,3,3,3,3,3,1,0,0,3,941.6216321854096,64.41453480244921,,,,,,,,44.00704448677947,938.0709124651073,8.40000057220459,PS_050,,,4.220681322658216
29.61604392512467,15.579222768623328,2025-03-06T16:30:00Z,4,4,4,4,4,4,1,0,0,4,921.1453779311256,65.0244532248877,,,,,,,,44.7856895928122,918.225410586335,8.40000057220459,PS_050,,,3.9918653660266177
29.838874015249253,15.186892733537315,2025-03-06T16:45:00Z,3,3,3,3,3,3,1,0,0,3,797.2491560603577,61.22595600338916,,,,,,,,42.17645769892973,796.1466424227829,8.40000057220459,PS_050,,,3.332276651679034
30.30582307847461,16.129786760460547,2025-03-06T17:00:00Z,4,4,4,4,4,4,1,0,0,4,1078.4581003116614,84.42977993516934,,,,,,,,44.46001643388484,1068.518817376847,8.40000057220459,PS_050,,,4.933429391981926
30.79256830891065,16.034597624805574,2025-03-06T17:15:00Z,3,3,3,3,3,3,1,0,0,3,1075.167723728265,90.75195559905323,,,,,,,,50.11296806534125,1066.8536650311637,8.40000057220459,PS_050,,,4.035207914670044
30.7104030633682,14.682337580011094,2025-03-06T17:30:00Z,3,3,3,3,3,3,1,0,0,3,488.98658368274886,93.42868964912188,,,,,,,,47.60931769169937,518.5549390508655,8.40000057220459,PS_050,,,4.5166303133065
30.742224769236216,15.781806470392233,2025-03-06T17:45:00Z,4,4,4,4,4,4,1,0,0,4,957.534363492329,97.03384292203121,,,,,,,,45.16600992096285,952.413732747684,8.40000057220459,PS_050,,,4.261041343911485
31.35854366300015,15.260914968443473,2025-03-06T18:00:00Z,3,3,3,3,3,3,1,0,0,3,800.0261730128682,87.3336661282548,,,,,,,,46.73631150315879,796.6959647257804,8.40000057220459,PS_050,,,4.547044451751243
30.245915770516078,14.42367690169168,2025-03-06T18:15:00Z,4,4,4,4,4,4,1,0,0,4,443.1742530934979,58.556862461471354,,,,,,,,41.79476127891985,451.33100428733934,8.40000057220459,PS_050,,,3.2301486717383074
29.802179364032007,14.157444564649893,2025-03-06T18:30:00Z,3,3,3,3,3,3,1,0,0,3,237.42608426814675,26.963185793213327,,,,,,,,37.13342867910525,238.00924660436547,8.40000057220459,PS_050,,,3.1888204871793127
29.223545216347365,14.255455147584309,2025-03-06T18:45:00Z,4,4,4,4,4,4,1,0,0,4,260.41645807978256,30.76230714765475,,,,,,,,32.60483818180835,262.2808776172135,8.40000057220459,PS_050,,,3.38548537717846
30.522135466276232,14.74790912262977,2025-03-06T19:00:00Z,3,3,3,3,3,3,1,0,0,3,453.08195405374613,60.97820760083998,,,,,,,,36.56473039868642,447.69685886864147,8.40000057220459,PS_050,,,4.3326739465221085
29.74932720423565,14.539291796255213,2025-03-06T19:15:00Z,4,4,4,4,4,4,1,0,0,4,352.9922929998569,54.45604141228662,,,,,,,,34.788224324664576,357.1972482946276,8.40000057220459,PS_050,,,3.281105951478256
30.127288257370232,14.69105465953307,2025-03-06T19:30:00Z,3,3,3,3,3,3,1,0,0,3,392.0749747884369,63.58764960477783,,,,,,,,35.815536247027275,393.11609016092507,8.40000057220459,PS_050,,,3.0149724646683764
29.964856980570787,14.511185459219616,2025-03-06T19:45:00Z,4,4,4,4,4,4,1,0,0,4,299.8361563214244,49.08463088052869,,,,,,,,34.613513236215034,302.49012354657987,8.40000057220459,PS_050,,,3.8133686364912305
30.06191964581011,14.589302932701521,2025-03-06T20:00:00Z,3,3,3,3,3,3,1,0,0,3,306.648647075078,56.97434360507689,,,,,,,,33.227361171427084,307.3241077572975,8.40000057220459,PS_050,,,2.4373857866312054
30.19654174850323,14.521171094253145,2025-03-06T20:15:00Z,4,4,4,4,4,4,1,0,0,4,289.8677378907071,52.51176881376978,,,,,,,,33.490577000032964,278.8032405134792,8.40000057220459,PS_050,,,3.4621054633070463
30.139566817277213,14.368558737049659,2025-03-06T20:30:00Z,3,3,3,3,3,3,1,0,0,3,244.76922872238765,38.86401350048843,,,,,,,,31.72302907062158,229.78913135485405,8.40000057220459,PS_050,,,3.3820669954557134
28.907441422417758,14.095485616638888,2025-03-06T20:45:00Z,4,4,4,4,4,4,1,0,0,4,88.24707091217726,11.171687018430221,,,,,,,,28.90864224871671,89.51017233219177,8.40000057220459,PS_050,,,2.9830173403988183
27.823103184305495,13.95792469045603,2025-03-06T21:00:00Z,3,3,3,3,3,3,1,0,0,3,33.965731570908794,4.487033760770673,,,,,,,,26.05794136215114,37.920484025830596,8.40000057220459,PS_050,,,1.928424093625587
27.62199909275814,13.851632464422776,2025-03-06T21:15:00Z,4,4,4,4,4,4,1,0,0,4,21.1977169916837,3.111213959399218,,,,,,,,24.463221459333663,29.808974792983754,8.40000057220459,PS_050,,,1.4071475307970824
26.554470384024214,13.714834278021069,2025-03-06T21:30:00Z,3,3,3,3,3,3,1,0,0,3,4.793169530453793,0.2872392670340068,,,,,,,,22.845097039710613,4.525804212681513,8.40000057220459,PS_050,,,1.5549913439941858
25.83882305062896,13.571181439781855,2025-03-06T21:45:00Z,4,4,4,4,4,4,1,0,0,4,-0.8811008418973206,-0.4291622114449873,,,,,,,,21.580539397829778,-1.2711188602198011,8.40000057220459,PS_050,,,2.083119013232405
24.988062882009505,13.489747924873074,2025-03-06T22:00:00Z,3,3,3,3,3,3,1,0,0,3,-1.620815554089923,-0.48196338434663083,,,,,,,,20.585471102046547,-1.657519937753772,8.40000057220459,PS_050,,,1.3590690411189672
24.00119301902433,13.454569886382174,2025-03-06T22:15:00Z,4,4,4,4,4,4,1,0,0,4,-1.5476060114295287,-0.45329019636166296,,,,,,,,19.764388238891943,-1.3586497031288904,8.40000057220459,PS_050,,,2.1179703492639663
24.440374135243538,13.464365336388612,2025-03-06T22:30:00Z,4,4,4,4,4,4,1,0,0,4,-1.7729084449186305,-0.4589751945623924,,,,,,,,19.762716679588717,-1.3429193568761997,8.40000057220459,PS_050,,,1.4262129688747194
24.33632805256599,13.474705858132474,2025-03-06T22:45:00Z,3,3,3,3,3,3,1,0,0,3,-1.773451590295566,-0.5093217475175906,,,,,,,,19.5765242437324,-1.3831247428910594,8.40000057220459,PS_050,,,1.6436092084418459
24.06347815971212,13.47836267016128,2025-03-06T23:00:00Z,4,4,4,4,4,4,1,0,0,4,-1.624811939448263,-0.453173747103048,,,,,,,,19.52083638763195,-1.4339689413771715,8.40000057220459,PS_050,,,1.6947375811441208
23.682820910136666,13.478361571389069,2025-03-06T23:15:00Z,3,3,3,3,3,3,1,0,0,3,-1.6806655815090559,-0.5343326266895301,,,,,,,,19.399999618530277,-1.4146342028228303,8.40000057220459,PS_050,,,1.7893760368690068
23.376895066093812,13.473749160766602,2025-03-06T23:30:00Z,4,4,4,4,4,4,1,0,0,4,-1.418281815795218,-0.3847075982338813,,,,,,,,19.399999618530273,-1.456157816059507,8.40000057220459,PS_050,,,2.26043970085506
23.279614164494703,13.468966484069826,2025-03-06T23:45:00Z,3,3,3,3,3,3,1,0,0,3,-1.686928174236124,-0.5502948955717499,,,,,,,,18.965254269415983,-1.3694281670015316,8.40000057220459,PS_050,,,2.378515839309545
22.798817134038565,13.465087298195908,2025-03-07T00:00:00Z,4,4,4,4,4,4,1,0,0,4,-1.4194443679843378,-0.38664103514347486,,,,,,,,18.950158975218663,-1.4127290220069395,8.40000057220459,PS_050,,,2.238947289329348
23.441766987623403,13.458943872730547,2025-03-07T00:15:00Z,3,3,3,3,3,3,1,0,0,3,-1.9453748117251417,-0.557826853699455,,,,,,,,18.946148632867413,-1.6593757687915056,8.40000057220459,PS_050,,,3.1836807397478357
23.249540531411455,13.453924152360978,2025-03-07T00:30:00Z,4,4,4,4,4,4,1,0,0,4,-1.535538752095981,-0.4881771027261884,,,,,,,,19.25943364013124,-1.6651855063326315,8.40000057220459,PS_050,,,2.4708046693086367
22.893172825598423,13.448644062875193,2025-03-07T00:45:00Z,4,4,4,4,4,4,1,0,0,4,-1.5718353343136144,-0.36448154254620047,,,,,,,,18.64727377633948,-1.668083934364601,8.40000057220459,PS_050,,,2.505126126239959
22.742266366427092,13.443525719188937,2025-03-07T01:00:00Z,3,3,3,3,3,3,1,0,0,3,-1.627236579584943,-0.478760870686533,,,,,,,,18.718166710484976,-1.4467292857715606,8.40000057220459,PS_050,,,1.9999042346509257
22.283631832532535,13.438249516613258,2025-03-07T01:15:00Z,4,4,4,4,4,4,1,0,0,4,-1.4493600673857443,-0.30510790488002937,,,,,,,,18.72064250522921,-1.4482457467118455,8.40000057220459,PS_050,,,3.3024814515907908
21.846710594728044,13.432066917419434,2025-03-07T01:30:00Z,3,3,3,3,3,3,1,0,0,3,-1.3428976149661045,-0.31646213932664136,,,,,,,,18.33603949576517,-1.537425754276605,8.40000057220459,PS_050,,,2.130791806516846
20.69079110368031,13.427230982385963,2025-03-07T01:45:00Z,4,4,4,4,4,4,1,0,0,4,-1.2022680163545318,-0.0955698989800201,,,,,,,,17.378732074195717,-1.1823753046999275,8.40000057220459,PS_050,,,2.292029681023413
20.53851916337587,13.421982895002952,2025-03-07T02:00:00Z,4,4,4,4,4,4,1,0,0,4,-1.5895616894788398,-0.32410361814992145,,,,,,,,17.092751847549284,-1.4492569914643152,8.40000057220459,PS_050,,,2.744124514937451
21.139869867783474,13.420329338674229,2025-03-07T02:15:00Z,3,3,3,3,3,3,1,0,0,3,-1.9807412390932633,-0.4888031914035599,,,,,,,,17.253622525144465,-1.6071231067748744,8.40000057220459,PS_050,,,3.2108620947285713
21.30412541244672,13.41158723133906,2025-03-07T02:30:00Z,4,4,4,4,4,4,1,0,0,4,-1.7166764103784087,-0.5469808949333034,,,,,,,,17.51875002853695,-1.5580107134449968,8.40000057220459,PS_050,,,3.0932172467840795
21.198336963930476,13.40869887672973,2025-03-07T02:45:00Z,4,4,4,4,4,4,1,0,0,4,-1.7173999235243993,-0.4820479160933875,,,,,,,,17.600000381469723,-1.6030454890329873,8.40000057220459,PS_050,,,2.5827125107223177
20.997704369342742,13.404683621939688,2025-03-07T03:00:00Z,3,3,3,3,3,3,1,0,0,3,-1.5568022265620456,-0.3699625324380053,,,,,,,,17.303512311724173,-1.519222492270502,8.40000057220459,PS_050,,,2.442029927941292
20.08690546602556,13.399780711302306,2025-03-07T03:15:00Z,4,4,4,4,4,4,1,0,0,4,-1.2549123615879725,-0.18606918747641266,,,,,,,,16.781172981649018,-1.5514929649987474,8.40000057220459,PS_050,,,2.3080567280722564
20.363506286907228,13.394533599836103,2025-03-07T03:30:00Z,4,4,4,4,4,4,1,0,0,4,-2.000043037864319,-0.429681120007663,,,,,,,,16.247567108736355,-1.4132953185407284,8.40000057220459,PS_050,,,2.955100643167442
20.551884718929465,13.390858467159033,2025-03-07T03:45:00Z,3,3,3,3,3,3,1,0,0,3,-1.4254061629718666,-0.42884850809817976,,,,,,,,16.749198045258076,-1.5421760314255728,8.40000057220459,PS_050,,,2.712193244019948
20.397670888806864,13.38898616975186,2025-03-07T04:00:00Z,4,4,4,4,4,4,1,0,0,4,-1.557124277646524,-0.4249910618717376,,,,,,,,16.500000000000004,-1.5307725952329188,8.40000057220459,PS_050,,,2.291652768573426
20.47964039933642,13.38491630554199,2025-03-07T04:15:00Z,3,3,3,3,3,3,1,0,0,3,-1.7969251724437065,-0.3586049487991013,,,,,,,,16.5,-1.5481433581172859,8.40000057220459,PS_050,,,2.7682228824549955
19.736717318885347,13.38073201197382,2025-03-07T04:30:00Z,4,4,4,4,4,4,1,0,0,4,-1.3261865892411282,-0.25043788380276194,,,,,,,,16.27396953073928,-1.4914734988936962,8.40000057220459,PS_050,,,2.498822174521201
19.188741503717427,13.378694868397682,2025-03-07T04:45:00Z,4,4,4,4,4,4,1,0,0,4,-1.4479708410649323,-0.22888481789978585,,,,,,,,15.747065366840351,-1.2363629272482977,8.40000057220459,PS_050,,,2.8571831728407364
19.422257291840623,13.373982429504395,2025-03-07T05:00:00Z,3,3,3,3,3,3,1,0,0,3,-1.7755580578218884,-0.4454885822227221,,,,,,,,15.699999809265138,-1.6024837865313204,8.40000057220459,PS_050,,,2.741122288615348
19.269275317595035,13.369833115570032,2025-03-07T05:15:00Z,4,4,4,4,4,4,1,0,0,4,-1.4634318781548092,-0.2732993514530553,,,,,,,,15.96032332986235,-1.4603344018149536,8.40000057220459,PS_050,,,2.946704693976346
18.95382208300061,13.367829139517479,2025-03-07T05:30:00Z,4,4,4,4,4,4,1,0,0,4,-1.3919966713038603,-0.3029046135316318,,,,,,,,15.775258475706664,-1.4238691057843753,8.40000057220459,PS_050,,,2.686772173957141
18.91616657457853,13.364747732334646,2025-03-07T05:45:00Z,3,3,3,3,3,3,1,0,0,3,-1.493746274469607,-0.3030969407302822,,,,,,,,15.699999809265137,-1.3645643640455623,8.40000057220459,PS_050,,,2.411784832265135
18.814898824877883,13.359060635153957,2025-03-07T06:00:00Z,4,4,4,4,4,4,1,0,0,4,-1.559881746325485,-0.3325466145402022,,,,,,,,15.369299628205995,-1.2999694453855601,8.40000057220459,PS_050,,,3.2939381519779656
18.678154933183723,13.358266830444336,2025-03-07T06:15:00Z,3,3,3,3,3,3,1,0,0,3,-1.3702640869097593,-0.299128253758084,,,,,,,,15.235017075386857,-1.0995986966650393,8.40000057220459,PS_050,,,2.6971535517404788
18.5028844473365,13.357508853682415,2025-03-07T06:30:00Z,4,4,4,4,4,4,1,0,0,4,-1.5714708832000417,-0.3140884211380763,,,,,,,,15.245776049329729,-1.2067699009187822,8.40000057220459,PS_050,,,2.963384756142255
18.700205005526723,13.355673427414217,2025-03-07T06:45:00Z,4,4,4,4,4,4,1,0,0,4,-1.6156307176186893,-0.37168215186395553,,,,,,,,15.308427942530926,-1.352510468044738,8.40000057220459,PS_050,,,2.870691483251975
18.593729502912872,13.354177409031825,2025-03-07T07:00:00Z,3,3,3,3,3,3,1,0,0,3,-1.4849704147815475,-0.2998876252802463,,,,,,,,15.399999618530273,-1.536315239929172,8.40000057220459,PS_050,,,3.1934277744926645
18.4091552791131,13.350293036699783,2025-03-07T07:15:00Z,4,4,4,4,4,4,1,0,0,4,-1.3975014376692445,-0.2806781117922976,,,,,,,,15.283282048421274,-1.3729967536016356,8.40000057220459,PS_050,,,3.5242015178036343
18.499530128004736,13.3480167388916,2025-03-07T07:30:00Z,4,4,4,4,4,4,1,0,0,4,-1.5130296028483063,-0.29769027221181465,,,,,,,,15.306717525198321,-1.3663452967644256,8.40000057220459,PS_050,,,3.3965256599842575
18.35424058975785,13.347129169461033,2025-03-07T07:45:00Z,3,3,3,3,3,3,1,0,0,3,-1.3725369619030585,-0.20177284977713006,,,,,,,,15.199999809265137,-1.1238654661624643,8.40000057220459,PS_050,,,3.449532638885049
18.078778333822168,13.347091192860605,2025-03-07T08:00:00Z,10,10,10,10,10,10,1,0,0,10,-1.4383405493135994,-0.28976439008778976,,,,,,,,14.842751299416387,-1.3814454851016094,8.40000057220459,PS_050,,,2.9739965239565436
17.92587249317009,13.34501646222033,2025-03-07T08:15:00Z,15,15,15,15,15,15,1,0,0,15,-1.3900416189603617,-0.23710532043467608,,,,,,,,14.646389214560829,-1.38030984842505,8.40000057220459,PS_050,,,2.689407743676352
17.489895886995914,13.343363981996188,2025-03-07T08:30:00Z,14,14,14,14,14,14,1,0,0,14,-1.3173590456887274,-0.20139573003751968,,,,,,,,14.452513348624665,-1.4166267139499582,8.40000057220459,PS_050,,,2.664590562880579
17.32515501858538,13.34216896207605,2025-03-07T08:45:00Z,15,15,15,15,15,15,1,0,0,15,-1.375175883788522,-0.1829430881524125,,,,,,,,14.327254091389065,-1.3297561778834515,8.40000057220459,PS_050,,,2.484467436000969
17.185709614210744,13.339624090832821,2025-03-07T09:00:00Z,9,9,9,9,9,9,1,0,0,9,-0.7458211091452402,-0.04961981007199848,,,,,,,,14.137967371490282,-0.45347436770150257,8.40000057220459,PS_050,,,2.212183678820844
17.152982319513185,13.36270636540721,2025-03-07T09:15:00Z,4,4,4,4,4,4,1,0,0,4,5.698531455555094,0.49173787066504804,,,,,,,,14.14690054748599,6.404556259920462,8.40000057220459,PS_050,,,2.2997471080287117
17.854701919478128,13.480448622773542,2025-03-07T09:30:00Z,3,3,3,3,3,3,1,0,0,3,17.359018067650894,2.8016335524296316,,,,,,,,14.56428685010178,26.15190846958102,8.40000057220459,PS_050,,,2.5060000419616695
18.684269138052404,13.772132613221672,2025-03-07T09:45:00Z,4,4,4,4,4,4,1,0,0,4,29.706790174607466,12.423564350973368,,,,,,,,15.505141173935854,92.52282063540873,8.40000057220459,PS_050,,,2.97613202606863
19.593936909099913,14.362324937589953,2025-03-07T10:00:00Z,4,4,4,4,4,4,1,0,0,4,108.85248437254076,17.505943035730322,,,,,,,,17.73158925525631,155.02864773050965,8.40000057220459,PS_050,,,2.2689928831837674
20.41420722340272,14.846596297741467,2025-03-07T10:15:00Z,3,3,3,3,3,3,1,0,0,3,200.96017810303994,31.593753786699292,,,,,,,,20.28487968752905,219.0017614417804,8.40000057220459,PS_050,,,3.47487950985089
21.051215089944534,16.417532882582137,2025-03-07T10:30:00Z,4,4,4,4,4,4,1,0,0,4,268.22434387143124,51.60123738968951,,,,,,,,22.566358739275795,283.56461056371677,8.40000057220459,PS_050,,,4.040683638067979
21.775633532836007,16.956915447098073,2025-03-07T10:45:00Z,3,3,3,3,3,3,1,0,0,3,332.3600458432955,64.03870721106047,,,,,,,,24.81765767427917,344.7651645017084,8.40000057220459,PS_050,,,2.7595960075593466
22.63223782323895,16.926912851513784,2025-03-07T11:00:00Z,4,4,4,4,4,4,1,0,0,4,400.1756327827455,74.61078528219575,,,,,,,,27.16651416749462,411.48049150809106,8.40000057220459,PS_050,,,3.5719639627802793
22.936952540798398,16.798861570767667,2025-03-07T11:15:00Z,4,4,4,4,4,4,1,0,0,4,470.72989251717917,82.18849699578915,,,,,,,,28.956179301357302,483.2164253913444,8.40000057220459,PS_050,,,5.331537280164733
23.865821203336527,16.58617564005614,2025-03-07T11:30:00Z,3,3,3,3,3,3,1,0,0,3,533.1259282646823,86.26363515259663,,,,,,,,30.896186634257774,546.1159724573757,8.40000057220459,PS_050,,,4.714060305904815
24.21533463463359,16.506537995900587,2025-03-07T11:45:00Z,4,4,4,4,4,4,1,0,0,4,593.6051700869858,88.6865210100838,,,,,,,,31.54391963615502,605.9497937749572,8.40000057220459,PS_050,,,4.921635510230008
24.895061722508792,16.444072299491083,2025-03-07T12:00:00Z,3,3,3,3,3,3,1,0,0,3,650.8768736505485,88.87100187323024,,,,,,,,32.405412367569035,665.1377352568458,8.40000057220459,PS_050,,,5.683063006282104
25.008559191646818,16.44284784349057,2025-03-07T12:15:00Z,4,4,4,4,4,4,1,0,0,4,703.9068933756839,87.27824414554175,,,,,,,,33.71316598908328,722.5739000232012,8.40000057220459,PS_050,,,5.42711820259863
25.866838349297502,16.474839115958137,2025-03-07T12:30:00Z,4,4,4,4,4,4,1,0,0,4,721.5521064605783,89.53512076817833,,,,,,,,35.66552162060574,792.7423857127827,8.40000057220459,PS_050,,,5.013708446028247
26.126641693553914,16.612659738205654,2025-03-07T12:45:00Z,3,3,3,3,3,3,1,0,0,3,835.3869854640708,60.38956639764674,,,,,,,,36.47708015663598,854.1980203760146,8.40000057220459,PS_050,,,4.962134449917963
26.598028779927514,16.48285334659989,2025-03-07T13:00:00Z,4,4,4,4,4,4,1,0,0,4,855.0731516133935,77.64369929310898,,,,,,,,37.141087690671235,885.4225227971333,8.40000057220459,PS_050,,,5.610191998116559
26.965303235450474,16.325996164983163,2025-03-07T13:15:00Z,3,3,3,3,3,3,1,0,0,3,877.3838914939225,69.36791838013069,,,,,,,,39.366676520405754,841.6380543563719,8.40000057220459,PS_050,,,5.420035940913846
26.754419098121314,16.13350988872956,2025-03-07T13:30:00Z,4,4,4,4,4,4,1,0,0,4,956.5299184108194,75.90451377420082,,,,,,,,36.283931624728964,955.1066476897834,8.40000057220459,PS_050,,,4.482223564214663
27.325719852632982,15.313450192760078,2025-03-07T13:45:00Z,3,3,3,3,3,3,1,0,0,3,760.3312031415525,49.788204569806005,,,,,,,,39.126018303308314,694.985692965659,8.40000057220459,PS_050,,,6.404481375972432
27.75664931867799,15.630787713486548,2025-03-07T14:00:00Z,4,4,4,4,4,4,1,0,0,4,723.4963813338187,54.76439437858978,,,,,,,,39.876184157598594,712.7698812537989,8.40000057220459,PS_050,,,5.9043671909262
28.50897826334045,16.47094221444223,2025-03-07T14:15:00Z,4,4,4,4,4,4,1,0,0,4,1154.8610483053512,75.55978502120438,,,,,,,,41.198665763631645,1157.2709728919542,8.40000057220459,PS_050,,,4.145006487609369
27.50295983287753,16.40926443488521,2025-03-07T14:30:00Z,3,3,3,3,3,3,1,0,0,3,1214.2384231833132,76.89425429295544,,,,,,,,37.24568434466614,1214.654089178654,8.40000057220459,PS_050,,,5.239839899468612
29.153573695687626,16.444757844793603,2025-03-07T14:45:00Z,4,4,4,4,4,4,1,0,0,4,1132.9019948104851,67.41850385540374,,,,,,,,45.37278381376301,1133.0377343463128,8.40000057220459,PS_050,,,4.289023407563303
29.017515057205255,16.204820059047055,2025-03-07T15:00:00Z,3,3,3,3,3,3,1,0,0,3,1131.2696491522747,67.06747515967852,,,,,,,,47.02220234838345,1133.3840467307568,8.40000057220459,PS_050,,,4.958259462166731
29.123515631146883,15.885317153840562,2025-03-07T15:15:00Z,3,3,3,3,3,3,1,0,0,3,1068.1790105599757,62.186282214783354,,,,,,,,46.577419081128554,1016.0431118670517,8.40000057220459,PS_050,,,4.548855147165889
29.34670128708928,16.252692899037616,2025-03-07T15:30:00Z,4,4,4,4,4,4,1,0,0,4,1136.9969132165302,66.25058126985574,,,,,,,,46.48191794384815,1135.8536850105468,8.40000057220459,PS_050,,,5.492385211872714
29.072394975290088,15.633579706092057,2025-03-07T15:45:00Z,4,4,4,4,4,4,1,0,0,4,855.0179299403843,64.6137937231392,,,,,,,,44.70531189354826,1023.9457588623453,8.40000057220459,PS_050,,,4.44671930768339
30.131038485786128,16.166784673217464,2025-03-07T16:00:00Z,3,3,3,3,3,3,1,0,0,3,1131.158773894693,68.45680949437886,,,,,,,,46.78313842472328,1127.1237155739018,8.40000057220459,PS_050,,,3.7374253166362377
30.295005019688134,15.714784016685185,2025-03-07T16:15:00Z,4,4,4,4,4,4,1,0,0,4,960.84208669745,63.00748719406408,,,,,,,,47.935688207637085,937.7405613905547,8.40000057220459,PS_050,,,4.10369557376588
30.23374826576958,16.04610089528956,2025-03-07T16:30:00Z,3,3,3,3,3,3,1,0,0,3,1062.076345120849,71.04582224224671,,,,,,,,49.405974592038405,1060.5693043356157,8.40000057220459,PS_050,,,3.770653470155533
29.5641197298607,15.387421482432341,2025-03-07T16:45:00Z,4,4,4,4,4,4,1,0,0,4,1091.7212669132573,67.52974605697057,,,,,,,,44.67037018979662,1079.906630927744,8.40000057220459,PS_050,,,3.707160074015433
30.20214034008072,15.793791765540936,2025-03-07T17:00:00Z,3,3,3,3,3,3,1,0,0,3,983.925074715944,74.1662240817852,,,,,,,,46.178792601988164,978.512183668346,8.40000057220459,PS_050,,,3.9943874468848755
30.804271321789628,15.69729024350352,2025-03-07T17:15:00Z,4,4,4,4,4,4,1,0,0,4,966.6868797791537,78.98408782257877,,,,,,,,48.03141235175555,956.9323419373156,8.40000057220459,PS_050,,,4.26720925425903
30.399069921800216,15.589240297816419,2025-03-07T17:30:00Z,3,3,3,3,3,3,1,0,0,3,907.0123382670859,82.27056772134237,,,,,,,,46.41560816264618,897.6083722764641,8.40000057220459,PS_050,,,2.7413049852695854
30.401079526461224,15.165895465882425,2025-03-07T17:45:00Z,4,4,4,4,4,4,1,0,0,4,747.6490348934121,72.85769051617226,,,,,,,,47.49262416765917,742.6118385443715,8.40000057220459,PS_050,,,3.540589277595146
30.634172033363903,15.226822027844804,2025-03-07T18:00:00Z,4,4,4,4,4,4,1,0,0,4,828.1564520633793,90.38987948864552,,,,,,,,43.969646316482645,824.3948191424728,8.40000057220459,PS_050,,,1.2804716123399102
31.120809183363207,15.070476052488536,2025-03-07T18:15:00Z,3,3,3,3,3,3,1,0,0,3,753.1552413372874,91.01043438401406,,,,,,,,45.11495898704765,752.2109451512235,8.40000057220459,PS_050,,,3.8436148845256954
30.8159967456061,14.943095280523519,2025-03-07T18:30:00Z,4,4,4,4,4,4,1,0,0,4,702.5331026686041,93.79151168056002,,,,,,,,44.07482446953647,702.537499884819,8.40000057220459,PS_050,,,2.0425388441738046
30.898752830141042,14.822715077104435,2025-03-07T18:45:00Z,3,3,3,3,3,3,1,0,0,3,643.0256762389412,95.92901472001545,,,,,,,,42.19100529913959,641.9245874248421,8.40000057220459,PS_050,,,3.716676776627496
31.191355646324183,14.74605993594451,2025-03-07T19:00:00Z,3,3,3,3,3,3,1,0,0,3,577.6637468632779,94.0541969120389,,,,,,,,42.65896019654834,577.0964468290716,8.40000057220459,PS_050,,,2.93303761092914
31.01076352422628,14.66314861862759,2025-03-07T19:15:00Z,4,4,4,4,4,4,1,0,0,4,510.62749748399403,90.84324527536921,,,,,,,,40.96153487766743,509.6528473218406,8.40000057220459,PS_050,,,2.602165311777092
31.298688268072887,14.585769322140633,2025-03-07T19:30:00Z,3,3,3,3,3,3,1,0,0,3,450.37614171580884,85.46527387647258,,,,,,,,39.05409824326304,447.9130629054065,8.40000057220459,PS_050,,,2.628344075400145
30.921513475413636,14.48771848127624,2025-03-07T19:45:00Z,4,4,4,4,4,4,1,0,0,4,381.060357113617,77.52651480325771,,,,,,,,37.40948259240965,383.75469088756336,8.40000057220459,PS_050,,,2.829099738259578
30.59200188456378,14.387300695994917,2025-03-07T20:00:00Z,3,3,3,3,3,3,1,0,0,3,317.7081166098554,67.68478775217352,,,,,,,,34.91775533461012,317.70047898353135,8.40000057220459,PS_050,,,3.395031249958093
30.357609598148603,14.271913731209347,2025-03-07T20:15:00Z,4,4,4,4,4,4,1,0,0,4,267.48407031982,54.19689211915081,,,,,,,,32.80355779321897,252.30009376992948,8.40000057220459,PS_050,,,3.962529216523381
29.714224730231518,14.050187410192049,2025-03-07T20:30:00Z,4,4,4,4,4,4,1,0,0,4,137.67879348319735,19.0196958191095,,,,,,,,29.902232039736955,125.92403222729446,8.40000057220459,PS_050,,,2.6520678204972232
29.746746467753347,14.04592057776779,2025-03-07T20:45:00Z,3,3,3,3,3,3,1,0,0,3,112.19519269184893,15.893240471724718,,,,,,,,28.264264868804332,122.08741587248372,8.40000057220459,PS_050,,,1.9730344019849941
29.205023064285204,13.926717655873253,2025-03-07T21:00:00Z,4,4,4,4,4,4,1,0,0,4,32.18369908806804,14.94308613616276,,,,,,,,26.67007622853948,68.43703756226851,8.40000057220459,PS_050,,,1.938942910941835
28.208767111558473,13.793099708632061,2025-03-07T21:15:00Z,3,3,3,3,3,3,1,0,0,3,17.530495476073153,1.8367583129529108,,,,,,,,24.24431430987642,24.808628884875155,8.40000057220459,PS_050,,,1.3639749323402324
26.659501961881883,13.65777244963762,2025-03-07T21:30:00Z,4,4,4,4,4,4,1,0,0,4,5.125730166684966,0.3700166358121211,,,,,,,,22.484799915917524,4.701642689133399,8.40000057220459,PS_050,,,1.4742255963460225
25.98554013612637,13.519521644993723,2025-03-07T21:45:00Z,3,3,3,3,3,3,1,0,0,3,-1.6482326451993656,-0.6345848911471317,,,,,,,,20.618754946690416,-1.6143192849029095,8.40000057220459,PS_050,,,1.12763846663375
25.643771913489893,13.471234819413707,2025-03-07T22:00:00Z,4,4,4,4,4,4,1,0,0,4,-2.127491063973417,-0.6485976930671288,,,,,,,,20.031225162853126,-1.787072839521458,8.40000057220459,PS_050,,,1.3032590048793855
24.937790898831867,13.479794482474844,2025-03-07T22:15:00Z,3,3,3,3,3,3,1,0,0,3,-1.863709515533216,-0.47881270664244374,,,,,,,,19.47453700005664,-1.7649741470727807,8.40000057220459,PS_050,,,1.6626500231496628
24.991559414641305,13.494889285386478,2025-03-07T22:30:00Z,4,4,4,4,4,4,1,0,0,4,-1.9027874082754772,-0.4501302943189071,,,,,,,,19.55560307277848,-1.5689342081638853,8.40000057220459,PS_050,,,1.8164658925419492
24.621510380358227,13.494933128356935,2025-03-07T22:45:00Z,3,3,3,3,3,3,1,0,0,3,-1.9866742938765658,-0.4820233111985948,,,,,,,,19.183821148234856,-1.2725294483254599,8.40000057220459,PS_050,,,1.4392530610617402
24.587811767158694,13.494894232093568,2025-03-07T23:00:00Z,4,4,4,4,4,4,1,0,0,4,-1.9527936728385011,-0.46627112249569713,,,,,,,,19.18885709583341,-1.575473683093003,8.40000057220459,PS_050,,,2.050219836390959
24.15992775373655,13.488840471975697,2025-03-07T23:15:00Z,3,3,3,3,3,3,1,0,0,3,-1.794454877713525,-0.45676402555037054,,,,,,,,18.92881943109903,-1.671547948436373,8.40000057220459,PS_050,,,1.6294779210721821
23.85602436754383,13.482303092095949,2025-03-07T23:30:00Z,4,4,4,4,4,4,1,0,0,4,-1.6754402881863883,-0.5255922983850819,,,,,,,,19.312588972609884,-1.4252359257886404,8.40000057220459,PS_050,,,1.9134380350376334
24.115679943987644,13.475512854409919,2025-03-07T23:45:00Z,3,3,3,3,3,3,1,0,0,3,-1.4758869953728673,-0.4586143088884133,,,,,,,,20.000000000000004,-0.8211370939090558,8.40000057220459,PS_050,,,1.702562064111245
24.147600321132977,13.473043175630055,2025-03-08T00:00:00Z,4,4,4,4,4,4,1,0,0,4,-1.452833826173846,-0.5501730464891443,,,,,,,,20.102051598459312,-1.0410336434831404,8.40000057220459,PS_050,,,1.8666300678496257
23.945177137573914,13.467952842709593,2025-03-08T00:15:00Z,3,3,3,3,3,3,1,0,0,3,-1.0822025748464883,-0.5100210001316444,,,,,,,,19.999999999999996,-1.0155350104242518,8.40000057220459,PS_050,,,1.6888775858845166
23.341337224831467,13.462628142437772,2025-03-08T00:30:00Z,4,4,4,4,4,4,1,0,0,4,-0.8903319094126996,-0.3244749580897461,,,,,,,,19.952151225218607,-1.1365157550247116,8.40000057220459,PS_050,,,2.5230606528067865
22.632786905495387,13.457391431707858,2025-03-08T00:45:00Z,4,4,4,4,4,4,1,0,0,4,-1.2105549546104453,-0.3894713502377003,,,,,,,,19.238667110375083,-1.4726742592282125,8.40000057220459,PS_050,,,1.859427646721186
23.25750782443959,13.452458129734877,2025-03-08T01:00:00Z,3,3,3,3,3,3,1,0,0,3,-1.667317357568952,-0.43870836908596733,,,,,,,,18.856553148428123,-1.3624969906190603,8.40000057220459,PS_050,,,1.6071475384996428
23.178325954648415,13.444601986514629,2025-03-08T01:15:00Z,4,4,4,4,4,4,1,0,0,4,-1.932196273944509,-0.5238578911236841,,,,,,,,18.647628805144148,-1.6087412120603728,8.40000057220459,PS_050,,,1.8309722986975554
22.994586466335196,13.44108746654039,2025-03-08T01:30:00Z,4,4,4,4,4,4,1,0,0,4,-1.648417018788416,-0.5592707494105407,,,,,,,,18.67481371057216,-1.6922592950308035,8.40000057220459,PS_050,,,2.2610065743340804
22.014248613946553,13.433034217344009,2025-03-08T01:45:00Z,3,3,3,3,3,3,1,0,0,3,-1.700917361044165,-0.4404991110345724,,,,,,,,17.79999923706055,-1.684460452173259,8.40000057220459,PS_050,,,1.6471152494167391
21.909835525842045,13.431220264413163,2025-03-08T02:00:00Z,4,4,4,4,4,4,1,0,0,4,-1.9388893873638942,-0.4804052745539191,,,,,,,,17.484182943138023,-1.711705514753528,8.40000057220459,PS_050,,,2.2148362067977954
21.753324132487062,13.424755463611815,2025-03-08T02:15:00Z,4,4,4,4,4,4,1,0,0,4,-1.8570831813533086,-0.4719543079548535,,,,,,,,17.246234105268837,-1.596911052471267,8.40000057220459,PS_050,,,1.8892989615319236
21.240369081827964,13.421133041381836,2025-03-08T02:30:00Z,3,3,3,3,3,3,1,0,0,3,-1.6697060388386062,-0.4306060104382302,,,,,,,,16.92262181428963,-1.5307910056972167,8.40000057220459,PS_050,,,1.969610817562908
20.88568042648063,13.415534846554225,2025-03-08T02:45:00Z,4,4,4,4,4,4,1,0,0,4,-1.7323056304727575,-0.4392607126743109,,,,,,,,16.755295962424288,-1.4412329850246701,8.40000057220459,PS_050,,,1.9424103752108315
20.930657954533405,13.410882949829102,2025-03-08T03:00:00Z,3,3,3,3,3,3,1,0,0,3,-1.784615143281659,-0.3914662968918836,,,,,,,,16.5,-1.4984080744828159,8.40000057220459,PS_050,,,2.2575402845382384
20.754201787734054,13.40529035307257,2025-03-08T03:15:00Z,4,4,4,4,4,4,1,0,0,4,-1.9041212349254832,-0.5074558246028278,,,,,,,,16.431510200729495,-1.3346521345454605,8.40000057220459,PS_050,,,2.2985567801049727
20.81099140222604,13.401380892169229,2025-03-08T03:30:00Z,4,4,4,4,4,4,1,0,0,4,-1.8470575557692108,-0.4977702678599085,,,,,,,,16.5,-1.51295876752839,8.40000057220459,PS_050,,,2.2649070602570887
21.04351505079768,13.399745204056408,2025-03-08T03:45:00Z,3,3,3,3,3,3,1,0,0,3,-1.9629133874636089,-0.41857862637509236,,,,,,,,16.5,-1.4535401498761913,8.40000057220459,PS_050,,,2.574480880719058
20.70189866902703,13.391881781577155,2025-03-08T04:00:00Z,4,4,4,4,4,4,1,0,0,4,-1.7874190665959622,-0.4918797900333539,,,,,,,,16.238795235907265,-1.6104183299400001,8.40000057220459,PS_050,,,2.1619044767145423
20.396043154945517,13.392127966153744,2025-03-08T04:15:00Z,4,4,4,4,4,4,1,0,0,4,-1.5100802111805471,-0.3940486638438003,,,,,,,,16.24788228342051,-1.185632591492791,8.40000057220459,PS_050,,,2.396768774931509
20.55139309290494,13.38896410751462,2025-03-08T04:30:00Z,3,3,3,3,3,3,1,0,0,3,-1.8722954716715403,-0.4391126343310523,,,,,,,,16.06411183108185,-1.5983274559883138,8.40000057220459,PS_050,,,2.522276017478095
20.47983477865189,13.38491630554199,2025-03-08T04:45:00Z,4,4,4,4,4,4,1,0,0,4,-1.747512240441044,-0.4491356600364102,,,,,,,,16.200000762939453,-1.5102223161894133,8.40000057220459,PS_050,,,2.2589677164649817
20.562393768022005,13.37944984436035,2025-03-08T05:00:00Z,4,4,4,4,4,4,1,0,0,4,-1.6854793808660975,-0.43962807873200954,,,,,,,,16.20000076293945,-1.3703717029169526,8.40000057220459,PS_050,,,2.4400719897345273
20.25037175370136,13.379449844360353,2025-03-08T05:15:00Z,3,3,3,3,3,3,1,0,0,3,-1.5102638297690654,-0.49196683050181717,,,,,,,,16.55159888875277,-1.346341189356995,8.40000057220459,PS_050,,,2.5819997787475586
20.12028336935468,13.375836610710795,2025-03-08T05:30:00Z,4,4,4,4,4,4,1,0,0,4,-1.5664472532426055,-0.46622808681660066,,,,,,,,16.5,-1.4789552483030644,8.40000057220459,PS_050,,,2.5194589946718025
20.158243003210217,13.373042004223777,2025-03-08T05:45:00Z,3,3,3,3,3,3,1,0,0,3,-1.6876350030573208,-0.49253812982011563,,,,,,,,16.450369360819202,-1.3995229721953915,8.40000057220459,PS_050,,,2.4304687614784353
20.19044465680015,13.369200706481932,2025-03-08T06:00:00Z,4,4,4,4,4,4,1,0,0,4,-1.389098834902287,-0.4096839734613054,,,,,,,,16.763383935730058,-1.1046003366712795,8.40000057220459,PS_050,,,2.461111138715356
20.112185424001666,13.369200706481935,2025-03-08T06:15:00Z,4,4,4,4,4,4,1,0,0,4,-1.4834144612506095,-0.5025009487668495,,,,,,,,16.67237777901412,-1.227958680159857,8.40000057220459,PS_050,,,2.1618041738471923
19.961042444110912,13.363733291625977,2025-03-08T06:30:00Z,3,3,3,3,3,3,1,0,0,3,-1.4691653133265226,-0.42569451205535663,,,,,,,,16.5,-1.3325243445803667,8.40000057220459,PS_050,,,2.4918402985012085
19.911186766275552,13.36296504538332,2025-03-08T06:45:00Z,4,4,4,4,4,4,1,0,0,4,-1.5570886236180024,-0.4761016268471276,,,,,,,,16.42220035960153,-1.3963840752326413,8.40000057220459,PS_050,,,2.3522350838752644
20.150213868020565,13.363112885145572,2025-03-08T07:00:00Z,4,4,4,4,4,4,1,0,0,4,-1.7591453528008913,-0.5966002821262015,,,,,,,,16.168480235835823,-1.5928321150872584,8.40000057220459,PS_050,,,2.4857390088602025
19.935767556802965,13.363733291625977,2025-03-08T07:15:00Z,3,3,3,3,3,3,1,0,0,3,-1.6129295068452925,-0.44860695735859524,,,,,,,,15.948219976640862,-1.5886326722398019,8.40000057220459,PS_050,,,2.2058070847084164
19.594390395470725,13.360113420834173,2025-03-08T07:30:00Z,4,4,4,4,4,4,1,0,0,4,-1.4180916760954667,-0.3801137160830787,,,,,,,,15.491063530219327,-1.462127192928749,8.40000057220459,PS_050,,,2.2721240145699997
19.32598359465115,13.358266830444338,2025-03-08T07:45:00Z,3,3,3,3,3,3,1,0,0,3,-1.5965385170468516,-0.3618322573526306,,,,,,,,15.399999618530273,-1.5884531841927971,8.40000057220459,PS_050,,,2.3256828816223307
19.010956528090123,13.356397757805535,2025-03-08T08:00:00Z,9,9,9,9,9,9,1,0,0,9,-1.4410541067547846,-0.33513007594563293,,,,,,,,15.223456106088824,-1.4200133666406254,8.40000057220459,PS_050,,,2.775067544257683
18.700633217570335,13.35557882450485,2025-03-08T08:15:00Z,15,15,15,15,15,15,1,0,0,15,-1.3641904467775627,-0.28235611683347045,,,,,,,,15.077368443307211,-1.355342493960477,8.40000057220459,PS_050,,,2.8165490991092232
18.27541090065204,13.353741105322364,2025-03-08T08:30:00Z,15,15,15,15,15,15,1,0,0,15,-1.433689716580649,-0.31842583974113203,,,,,,,,14.818999630626127,-1.4379805768741052,8.40000057220459,PS_050,,,2.6727392726948382
18.390589518498764,13.353088904166787,2025-03-08T08:45:00Z,15,15,15,15,15,15,1,0,0,15,-1.5127854207503673,-0.39319641668291433,,,,,,,,14.798582071877073,-1.4100857558686242,8.40000057220459,PS_050,,,2.8322258872486135
18.159630330882955,13.349291396536339,2025-03-08T09:00:00Z,9,9,9,9,9,9,1,0,0,9,-0.8862684449649785,-0.2108580754066447,,,,,,,,14.694878349115887,-0.5373526955162898,8.40000057220459,PS_050,,,2.444046016486236
18.013018415862835,13.374306761283288,2025-03-08T09:15:00Z,4,4,4,4,4,4,1,0,0,4,5.6458414235616505,0.48193019594759445,,,,,,,,14.48848562482346,6.374038176471286,8.40000057220459,PS_050,,,2.5274210379972852
18.82974447353008,13.492102030265324,2025-03-08T09:30:00Z,3,3,3,3,3,3,1,0,0,3,17.331688094877514,2.4811217335342985,,,,,,,,14.96840920286681,26.16955881715921,8.40000057220459,PS_050,,,2.6533723588396025
19.57672789808969,13.799728273895381,2025-03-08T09:45:00Z,4,4,4,4,4,4,1,0,0,4,30.025859679537746,12.125524616289752,,,,,,,,16.64509746379165,90.73696228514912,8.40000057220459,PS_050,,,2.5030562311005484
20.505622451681788,14.39492721169648,2025-03-08T10:00:00Z,4,4,4,4,4,4,1,0,0,4,106.02526970508933,17.48351534869756,,,,,,,,18.717142768385674,153.32702958440467,8.40000057220459,PS_050,,,2.2535442023814074
21.609166283185058,14.873439039327602,2025-03-08T10:15:00Z,3,3,3,3,3,3,1,0,0,3,198.86062290367673,31.17803764815329,,,,,,,,21.139665030320565,217.4871871711657,8.40000057220459,PS_050,,,2.8749087691624617
22.292965410272814,16.40191663626003,2025-03-08T10:30:00Z,4,4,4,4,4,4,1,0,0,4,267.01998118599516,51.739305530935574,,,,,,,,23.757341706058376,282.7531447953867,8.40000057220459,PS_050,,,3.249942226848886
23.086940329206513,16.91580420670442,2025-03-08T10:45:00Z,3,3,3,3,3,3,1,0,0,3,332.1297988905189,64.71151040596314,,,,,,,,26.05652495699828,344.8596302726507,8.40000057220459,PS_050,,,3.666193233444408
23.933294097707567,16.899072713016402,2025-03-08T11:00:00Z,4,4,4,4,4,4,1,0,0,4,402.4606843273524,75.11815041329317,,,,,,,,27.871779804823593,412.97780188419426,8.40000057220459,PS_050,,,5.122822530125468
24.3906917252156,16.75064840816269,2025-03-08T11:15:00Z,4,4,4,4,4,4,1,0,0,4,470.24465086403586,82.627748620749,,,,,,,,29.39261737030046,483.2892925627516,8.40000057220459,PS_050,,,4.504273815072774
24.812522501138645,16.61741848251778,2025-03-08T11:30:00Z,3,3,3,3,3,3,1,0,0,3,538.9247148874385,88.29324906981452,,,,,,,,30.748360287870547,552.8389860146406,8.40000057220459,PS_050,,,6.261461747047656
25.13793743159072,16.55707917975079,2025-03-08T11:45:00Z,4,4,4,4,4,4,1,0,0,4,596.1735964323473,89.78907578504382,,,,,,,,31.748036025065996,608.7961752646876,8.40000057220459,PS_050,,,4.629841177201279
25.908368111851797,16.409493294253526,2025-03-08T12:00:00Z,3,3,3,3,3,3,1,0,0,3,652.0366077369821,90.10905271087232,,,,,,,,33.23905413495191,665.8060819313922,8.40000057220459,PS_050,,,5.341961401658075
26.16680684280533,16.378953575156466,2025-03-08T12:15:00Z,4,4,4,4,4,4,1,0,0,4,709.2903709432715,88.40986530227407,,,,,,,,34.638695761530464,728.7482700938308,8.40000057220459,PS_050,,,5.761970326561004
27.021682558455556,16.31900821719715,2025-03-08T12:30:00Z,4,4,4,4,4,4,1,0,0,4,751.9610938961002,85.08263783699365,,,,,,,,35.498082898768075,777.9692322411773,8.40000057220459,PS_050,,,4.93031475271397
27.24743695885166,16.36459472327641,2025-03-08T12:45:00Z,3,3,3,3,3,3,1,0,0,3,793.7053770571338,81.30045948646571,,,,,,,,37.27739032306036,827.1334944058909,8.40000057220459,PS_050,,,4.182689589684067
27.927146089879887,16.37236394873671,2025-03-08T13:00:00Z,4,4,4,4,4,4,1,0,0,4,840.1797130354558,77.89892292339647,,,,,,,,38.604531798613486,873.089038493333,8.40000057220459,PS_050,,,5.754848025243046
28.45293498604458,16.37778860835921,2025-03-08T13:15:00Z,3,3,3,3,3,3,1,0,0,3,888.5408483794619,74.26109768824072,,,,,,,,39.7695951392615,913.6344768710411,8.40000057220459,PS_050,,,4.239216195392731
28.508414420843305,16.521658311448675,2025-03-08T13:30:00Z,4,4,4,4,4,4,1,0,0,4,977.393058574891,75.80728054008658,,,,,,,,41.60514974315039,991.5599555782602,8.40000057220459,PS_050,,,4.05440380643
29.175378563673796,16.385013978232468,2025-03-08T13:45:00Z,4,4,4,4,4,4,1,0,0,4,1027.3197394933832,73.42707386697151,,,,,,,,44.1325988597647,1030.2460496055253,8.40000057220459,PS_050,,,6.106946087795198
29.205563299443966,16.392477842635547,2025-03-08T14:00:00Z,3,3,3,3,3,3,1,0,0,3,1035.7210742071213,68.6962808175625,,,,,,,,44.798386699187894,1034.643764102834,8.40000057220459,PS_050,,,4.422126405258565
28.433094657443352,15.417190513931901,2025-03-08T14:15:00Z,4,4,4,4,4,4,1,0,0,4,981.5214124799902,62.808186531508746,,,,,,,,42.587557316596886,988.675808726306,8.40000057220459,PS_050,,,4.555577095181842
29.65826301464499,16.400320516974997,2025-03-08T14:30:00Z,3,3,3,3,3,3,1,0,0,3,1131.574155416887,71.32187869821264,,,,,,,,43.51162140451468,1120.1747262158178,8.40000057220459,PS_050,,,5.692504581069258
29.787209791370042,16.064856701407464,2025-03-08T14:45:00Z,4,4,4,4,4,4,1,0,0,4,1095.4755393959304,69.60155860238973,,,,,,,,46.48004670545727,1079.1552732178254,8.40000057220459,PS_050,,,3.8983120297776566
30.104925637025932,16.051287866594908,2025-03-08T15:00:00Z,3,3,3,3,3,3,1,0,0,3,1148.3238623210686,75.1298977303148,,,,,,,,50.108988498996226,1129.8537201438096,8.40000057220459,PS_050,,,5.551380249585486
29.478021187570075,15.377495962072224,2025-03-08T15:15:00Z,4,4,4,4,4,4,1,0,0,4,799.5161116060267,50.060678485835794,,,,,,,,45.164820907617035,778.7836001863581,8.40000057220459,PS_050,,,2.2901189236394393
30.790286115045884,16.17753975499384,2025-03-08T15:30:00Z,4,4,4,4,4,4,1,0,0,4,1181.5180875543995,72.0841369479055,,,,,,,,51.068096877585795,1216.2109864203333,8.40000057220459,PS_050,,,3.198688836408537
30.985448288261534,16.186301188201448,2025-03-08T15:45:00Z,3,3,3,3,3,3,1,0,0,3,1176.1422890252545,73.68594445323734,,,,,,,,51.93710764991795,1169.403372252613,8.40000057220459,PS_050,,,4.536050860020028
31.31450141316303,15.667610199334865,2025-03-08T16:00:00Z,4,4,4,4,4,4,1,0,0,4,1059.481151438366,69.39505818395435,,,,,,,,57.004145605266416,1059.753523210004,8.40000057220459,PS_050,,,1.991118965808518
31.05594502218273,15.746663007607983,2025-03-08T16:15:00Z,3,3,3,3,3,3,1,0,0,3,1038.447869698853,70.35745431837012,,,,,,,,53.40054804908241,1034.2858019435912,8.40000057220459,PS_050,,,1.0237614596885523
31.62153201066384,15.969419257476797,2025-03-08T16:30:00Z,4,4,4,4,4,4,1,0,0,4,1153.8131757643016,79.02982996614968,,,,,,,,53.43088125280248,1147.372827250255,8.40000057220459,PS_050,,,3.234073835848044
31.529722211339262,15.91727052223135,2025-03-08T16:45:00Z,3,3,3,3,3,3,1,0,0,3,1106.9797523931222,77.48950420669287,,,,,,,,49.106597823374365,1078.1608024214486,8.40000057220459,PS_050,,,2.521401505805611
32.408831943684845,15.670450876431868,2025-03-08T17:00:00Z,4,4,4,4,4,4,1,0,0,4,1079.3348155038022,83.60566864998007,,,,,,,,56.86231801703126,1070.3171385769622,8.40000057220459,PS_050,,,2.153373555790843
32.13708327374053,15.761467688213488,2025-03-08T17:15:00Z,3,3,3,3,3,3,1,0,0,3,1032.9852988058838,87.55459132120171,,,,,,,,54.43375820549179,1020.961522509537,8.40000057220459,PS_050,,,2.517460995479712
32.185525979404076,15.377668643205583,2025-03-08T17:30:00Z,4,4,4,4,4,4,1,0,0,4,948.6315420127772,61.74994524178243,,,,,,,,54.65340907629837,863.5437189972165,8.40000057220459,PS_050,,,1.9725339917010085
30.88415304541057,14.247750185001534,2025-03-08T17:45:00Z,4,4,4,4,4,4,1,0,0,4,441.38511020721745,29.882963714652107,,,,,,,,46.08353221200675,423.4909857121169,8.40000057220459,PS_050,,,2.178622042476084
30.245584443805143,14.239914983872778,2025-03-08T18:00:00Z,3,3,3,3,3,3,1,0,0,3,241.05203621102913,20.512511028719125,,,,,,,,38.36934262102137,230.06445096364365,8.40000057220459,PS_050,,,2.7361937617307572
29.887030552610366,14.162813720687152,2025-03-08T18:15:00Z,4,4,4,4,4,4,1,0,0,4,222.70641397132567,21.078383374516264,,,,,,,,35.915119656168216,230.13444914762312,8.40000057220459,PS_050,,,1.4451100948065536
30.673322055617422,15.465425640099895,2025-03-08T18:30:00Z,3,3,3,3,3,3,1,0,0,3,730.3062555018467,88.90805568117521,,,,,,,,35.688138024757116,698.2968259371037,8.40000057220459,PS_050,,,1.691010468993141
31.486156227414998,14.987086206455682,2025-03-08T18:45:00Z,4,4,4,4,4,4,1,0,0,4,615.8219836301313,71.73891668604512,,,,,,,,42.92298432357285,607.4660722650301,8.40000057220459,PS_050,,,0.9985185217679999
32.5654763009566,14.818896254252575,2025-03-08T19:00:00Z,3,3,3,3,3,3,1,0,0,3,509.85062782649464,93.59102968158906,,,,,,,,43.73911130007985,506.31791831985794,8.40000057220459,PS_050,,,1.248903353174077
30.27882755747671,14.058947884197295,2025-03-08T19:15:00Z,4,4,4,4,4,4,1,0,0,4,128.90692431486772,16.22199368432347,,,,,,,,35.18484914894755,130.48841489518156,8.40000057220459,PS_050,,,1.266565206354158
30.24037757887237,14.325761022130811,2025-03-08T19:30:00Z,4,4,4,4,4,4,1,0,0,4,266.31173201496125,49.06483136765991,,,,,,,,33.31209154725229,273.8028034324022,8.40000057220459,PS_050,,,2.4262666208167976
29.68109915879664,14.14414560905701,2025-03-08T19:45:00Z,3,3,3,3,3,3,1,0,0,3,210.413878177644,48.321532782483,,,,,,,,31.262918882572546,218.82415159243527,8.40000057220459,PS_050,,,2.1727965705445684
30.492605412511754,14.624720647016288,2025-03-08T20:00:00Z,4,4,4,4,4,4,1,0,0,4,317.15678043854183,68.44899706191413,,,,,,,,32.01873597026448,320.1481725542958,8.40000057220459,PS_050,,,2.1478132244974044
30.485471767171813,14.477178353489704,2025-03-08T20:15:00Z,3,3,3,3,3,3,1,0,0,3,263.64140677663346,53.68621091680728,,,,,,,,31.819181302803425,249.12882582351074,8.40000057220459,PS_050,,,4.13418562194609
30.051831465348208,14.306503407628242,2025-03-08T20:30:00Z,4,4,4,4,4,4,1,0,0,4,202.04748120815853,32.666504778132705,,,,,,,,29.751688009896135,184.8947099139847,8.40000057220459,PS_050,,,2.7523908695484085
29.515530108467818,14.156546797221933,2025-03-08T20:45:00Z,3,3,3,3,3,3,1,0,0,3,110.74427589318755,16.514855262065115,,,,,,,,28.00818639297625,121.06445436646037,8.40000057220459,PS_050,,,3.234731738355969
28.69709043111003,14.029952598733056,2025-03-08T21:00:00Z,4,4,4,4,4,4,1,0,0,4,31.174276074413996,15.26409913868828,,,,,,,,26.097837367955925,66.68349014828648,8.40000057220459,PS_050,,,2.1410764613386344
27.664186372521694,13.887363056195637,2025-03-08T21:15:00Z,3,3,3,3,3,3,1,0,0,3,17.14434602870381,2.125470847266816,,,,,,,,24.021163574452498,24.326328807897383,8.40000057220459,PS_050,,,1.6014390867327795
26.338834163521344,13.738984901262748,2025-03-08T21:30:00Z,4,4,4,4,4,4,1,0,0,4,4.30929827681838,0.4301141954458225,,,,,,,,22.07024509651763,3.9697958034484215,8.40000057220459,PS_050,,,1.4984920330585965
25.502009375766924,13.599681799195775,2025-03-08T21:45:00Z,3,3,3,3,3,3,1,0,0,3,-1.4044342072161418,-0.5697741842267136,,,,,,,,20.64135998187645,-1.7686028471493087,8.40000057220459,PS_050,,,1.527321152404481
25.363960964300755,13.517863491023087,2025-03-08T22:00:00Z,4,4,4,4,4,4,1,0,0,4,-2.0174338511535783,-0.710858833762897,,,,,,,,19.678228002816045,-2.0682526352675694,8.40000057220459,PS_050,,,1.1529609168864492
25.206300626198264,13.46088616218868,2025-03-08T22:15:00Z,4,4,4,4,4,4,1,0,0,4,-2.033794121806684,-0.705037635126415,,,,,,,,19.2943879961349,-1.702307243758171,8.40000057220459,PS_050,,,0.850618955941614
25.244476040181112,13.450927828751672,2025-03-08T22:30:00Z,3,3,3,3,3,3,1,0,0,3,-1.975324640826343,-0.5924084491452887,,,,,,,,18.67469501813479,-1.6159926874952693,8.40000057220459,PS_050,,,0.4017221923041214
25.070084434865606,13.465429057712885,2025-03-08T22:45:00Z,4,4,4,4,4,4,1,0,0,4,-1.9531073530021519,-0.6563290155017931,,,,,,,,18.416224495612337,-1.8359234243677414,8.40000057220459,PS_050,,,0.26707881488258756
23.78399747101696,13.473749160766602,2025-03-08T23:00:00Z,3,3,3,3,3,3,1,0,0,3,-2.102971384141949,-0.7383131240239165,,,,,,,,17.52970400440239,-1.6074120419472644,8.40000057220459,PS_050,,,0.0
23.46519413341513,13.475409525148804,2025-03-08T23:15:00Z,4,4,4,4,4,4,1,0,0,4,-1.983121309778125,-0.5898216774674749,,,,,,,,16.86704199961747,-1.0999520524193638,8.40000057220459,PS_050,,,0.0
23.760079941873084,13.4737491607666,2025-03-08T23:30:00Z,3,3,3,3,3,3,1,0,0,3,-2.11365557096851,-0.43903294956624267,,,,,,,,17.249795534311627,-1.0571105644044407,8.40000057220459,PS_050,,,0.16348204107618658
23.351629386513075,13.47140937324091,2025-03-08T23:45:00Z,4,4,4,4,4,4,1,0,0,4,-1.9433558891350668,-0.4974828239664918,,,,,,,,16.89684721765354,-0.9515380820217498,8.40000057220459,PS_050,,,0.060624875302356
23.47699515915581,13.468966484069822,2025-03-09T00:00:00Z,3,3,3,3,3,3,1,0,0,3,-2.106789991727143,-0.4436770245327995,,,,,,,,17.0,-0.8186267021414322,8.40000057220459,PS_050,,,0.08843691628562249
23.3344970835339,13.460301471188176,2025-03-09T00:15:00Z,4,4,4,4,4,4,1,0,0,4,-1.768167863791507,-0.5202897812023181,,,,,,,,17.0,-0.54195835039337,8.40000057220459,PS_050,,,0.0
24.808863067480686,13.457434211615924,2025-03-09T00:30:00Z,4,4,4,4,4,4,1,0,0,4,-1.745610833776494,-0.4640203744863225,,,,,,,,17.468139590252655,-0.7549718350665064,8.40000057220459,PS_050,,,0.3766274268254257
21.05564795005542,13.45238920534166,2025-03-09T00:45:00Z,3,3,3,3,3,3,1,0,0,3,-0.07876268692570083,-0.03948859906443497,,,,,,,,17.46851421376018,-1.386445826484524,8.40000057220459,PS_050,,,2.6278915809927996
22.060323566225694,13.447713377737685,2025-03-09T01:00:00Z,4,4,4,4,4,4,1,0,0,4,-2.0863118954882087,-0.48128322044356214,,,,,,,,17.55729056024438,-1.4798891508386713,8.40000057220459,PS_050,,,2.0807081558264415
22.56494983931504,13.441017051417559,2025-03-09T01:15:00Z,4,4,4,4,4,4,1,0,0,4,-1.9898691421039483,-0.4765301639445196,,,,,,,,17.314152788241884,-1.437555963755031,8.40000057220459,PS_050,,,1.0490455607911278
23.39190489740371,13.433273576962554,2025-03-09T01:30:00Z,3,3,3,3,3,3,1,0,0,3,-2.0791705451646254,-0.5418663139524806,,,,,,,,17.83170251930559,-1.3630145203527007,8.40000057220459,PS_050,,,1.3369828981052332
23.748672433362586,13.429403659298853,2025-03-09T01:45:00Z,4,4,4,4,4,4,1,0,0,4,-2.1311644251798048,-0.8048921051434706,,,,,,,,18.054741044474824,-1.2808199394453734,8.40000057220459,PS_050,,,1.4736414512841478
23.72014340623076,13.426600456237793,2025-03-09T02:00:00Z,3,3,3,3,3,3,1,0,0,3,-2.1403294634079626,-0.549867350476174,,,,,,,,18.399999618530273,-1.442740688036,8.40000057220459,PS_050,,,2.0249595361235078
23.726246891929904,13.421133041381838,2025-03-09T02:15:00Z,4,4,4,4,4,4,1,0,0,4,-1.9085560668145474,-0.7228710751764107,,,,,,,,18.135228115323414,-1.4876768738550012,8.40000057220459,PS_050,,,1.664275403738736
23.32006969099568,13.416349411010742,2025-03-09T02:30:00Z,4,4,4,4,4,4,1,0,0,4,-1.6074543848169873,-0.661682162810414,,,,,,,,18.461047166390703,-1.4819235015815782,8.40000057220459,PS_050,,,1.669737472943786
23.13437488173247,13.410882949829103,2025-03-09T02:45:00Z,3,3,3,3,3,3,1,0,0,3,-1.7978912583258357,-0.6537839667853643,,,,,,,,18.351393810674228,-1.4578607920548179,8.40000057220459,PS_050,,,1.2869350288854156
22.656549910458878,13.41001407395392,2025-03-09T03:00:00Z,4,4,4,4,4,4,1,0,0,4,-1.512850098838947,-0.5144669343472308,,,,,,,,18.052316194526423,-1.584208647243562,8.40000057220459,PS_050,,,1.8535433164780195
22.787434695676122,13.40541648864746,2025-03-09T03:15:00Z,4,4,4,4,4,4,1,0,0,4,-1.8546278367691755,-0.6409262249065582,,,,,,,,17.799999237060543,-1.472244373836174,8.40000057220459,PS_050,,,1.5964092549983993
22.803238518693597,13.400633811950682,2025-03-09T03:30:00Z,3,3,3,3,3,3,1,0,0,3,-1.5813021228825126,-0.43635048767089873,,,,,,,,18.353871928353634,-1.409713606190086,8.40000057220459,PS_050,,,1.792885537475371
22.19134301569708,13.397679509590818,2025-03-09T03:45:00Z,4,4,4,4,4,4,1,0,0,4,-1.6259082878665703,-0.5258262732681883,,,,,,,,17.829432735274143,-1.375184801850698,8.40000057220459,PS_050,,,1.879790923559008
21.36984774619921,13.395166397094727,2025-03-09T04:00:00Z,4,4,4,4,4,4,1,0,0,4,-1.348687782748079,-0.2404254096742542,,,,,,,,17.847376538270968,-1.5047153306598924,8.40000057220459,PS_050,,,2.328350682428218
21.27054154375194,13.389699935913088,2025-03-09T04:15:00Z,3,3,3,3,3,3,1,0,0,3,-1.44797206608824,-0.3426513901816533,,,,,,,,17.799999237060547,-1.3634562630907512,8.40000057220459,PS_050,,,2.379998781397456
21.131413659843506,13.386343217764301,2025-03-09T04:30:00Z,4,4,4,4,4,4,1,0,0,4,-1.4184053881654866,-0.39083008939529595,,,,,,,,17.54221620197708,-1.5024052596937438,8.40000057220459,PS_050,,,1.7122156440385459
20.275165854535462,13.384916305541992,2025-03-09T04:45:00Z,3,3,3,3,3,3,1,0,0,3,-1.410150825276673,-0.37706284301639664,,,,,,,,16.741449654938595,-1.521292292921922,8.40000057220459,PS_050,,,1.3432700307604901
20.16431218570866,13.381450424369628,2025-03-09T05:00:00Z,4,4,4,4,4,4,1,0,0,4,-1.591724741407126,-0.36585543525737496,,,,,,,,16.247846932684443,-1.3988621473065947,8.40000057220459,PS_050,,,2.044251140070222
20.747792607677855,13.379449844360352,2025-03-09T05:15:00Z,4,4,4,4,4,4,1,0,0,4,-1.8754252519541488,-0.43561224611087895,,,,,,,,16.367009709131935,-1.1547482456196678,8.40000057220459,PS_050,,,2.061817484295859
20.821975228917655,13.373982429504395,2025-03-09T05:30:00Z,3,3,3,3,3,3,1,0,0,3,-1.6801090309789035,-0.6028384428978824,,,,,,,,16.871053664607086,-1.3882703908059335,8.40000057220459,PS_050,,,2.8358139606161417
21.019417966978704,13.373982429504393,2025-03-09T05:45:00Z,4,4,4,4,4,4,1,0,0,4,-1.6571001289185407,-0.5159794574191793,,,,,,,,17.299999237060547,-1.3277951755737585,8.40000057220459,PS_050,,,2.915188099592374
21.122113303614867,13.369200706481934,2025-03-09T06:00:00Z,4,4,4,4,4,4,1,0,0,4,-1.6533100881144258,-0.49191596946558175,,,,,,,,17.48043199203178,-1.3434740497341608,8.40000057220459,PS_050,,,2.990381240189143
21.108329307202194,13.369200706481932,2025-03-09T06:15:00Z,3,3,3,3,3,3,1,0,0,3,-1.65114627169885,-0.4894538550963943,,,,,,,,17.600000381469723,-1.3592217640328967,8.40000057220459,PS_050,,,2.811559995841903
21.01659947529622,13.363733291625977,2025-03-09T06:30:00Z,4,4,4,4,4,4,1,0,0,4,-1.4937293028316383,-0.454460613626833,,,,,,,,17.600000381469727,-1.4608753515069643,8.40000057220459,PS_050,,,2.923468034255462
20.760104035611313,13.363733291625977,2025-03-09T06:45:00Z,3,3,3,3,3,3,1,0,0,3,-1.5441867693225437,-0.5147996983634591,,,,,,,,17.600000381469727,-1.5324404196927424,8.40000057220459,PS_050,,,2.82714431131141
20.994578751221376,13.35955167849999,2025-03-09T07:00:00Z,4,4,4,4,4,4,1,0,0,4,-1.655974505803682,-0.46767856603630276,,,,,,,,17.4463892812855,-1.4827375943823813,8.40000057220459,PS_050,,,2.4880118644406686
21.272364240240123,13.35912169231131,2025-03-09T07:15:00Z,4,4,4,4,4,4,1,0,0,4,-1.78046458975569,-0.6125359536515151,,,,,,,,17.046914795397395,-1.4711563622446895,8.40000057220459,PS_050,,,1.8296652469381285
20.189547384154626,13.35493016943872,2025-03-09T07:30:00Z,3,3,3,3,3,3,1,0,0,3,-0.9889150247448597,-0.18302483949388018,,,,,,,,16.829591725465338,-1.4416036429245527,8.40000057220459,PS_050,,,2.5300473439643696
19.995768201390913,13.358266830444338,2025-03-09T07:45:00Z,4,4,4,4,4,4,1,0,0,4,-1.5184187412340495,-0.39022994627495683,,,,,,,,16.539537683774036,-1.468706281159365,8.40000057220459,PS_050,,,2.119296383695147
20.283845112802734,13.35557692680956,2025-03-09T08:00:00Z,10,10,10,10,10,10,1,0,0,10,-1.6336220847708947,-0.41710375083792595,,,,,,,,16.500000000000004,-1.3596435660308193,8.40000057220459,PS_050,,,2.3403077239333565
20.22249227070749,13.353925973355004,2025-03-09T08:15:00Z,15,15,15,15,15,15,1,0,0,15,-1.6289550342537025,-0.40931711275311844,,,,,,,,16.18295180123333,-1.432322683765472,8.40000057220459,PS_050,,,1.6440997877202754
20.30363316354531,13.353308775603509,2025-03-09T08:30:00Z,15,15,15,15,15,15,1,0,0,15,-1.7050755291820907,-0.40208462003437806,,,,,,,,16.013531533399824,-1.4777867685613528,8.40000057220459,PS_050,,,1.6498775765750657
20.5849823482997,13.352647391949345,2025-03-09T08:45:00Z,15,15,15,15,15,15,1,0,0,15,-1.8764395646908365,-0.5243392442526418,,,,,,,,15.977556280910166,-1.357832221935273,8.40000057220459,PS_050,,,1.561286755418511
20.367015044337716,13.348761268147253,2025-03-09T09:00:00Z,8,8,8,8,8,8,1,0,0,8,-0.7118284219896105,-0.3054564970411054,,,,,,,,16.07203207037252,-0.31991694456308756,8.40000057220459,PS_050,,,1.909435586842789
20.22255163568724,13.38197783055871,2025-03-09T09:15:00Z,4,4,4,4,4,4,1,0,0,4,7.238738229940543,0.8194075798777826,,,,,,,,16.499999999999996,8.324748777319227,8.40000057220459,PS_050,,,2.5023850364825484
20.70207393621841,13.543189348888948,2025-03-09T09:30:00Z,4,4,4,4,4,4,1,0,0,4,24.759301053353227,3.913073529068122,,,,,,,,16.959357113657237,40.49623866228523,8.40000057220459,PS_050,,,2.687790481002022
20.932844206220278,13.892069824354673,2025-03-09T09:45:00Z,3,3,3,3,3,3,1,0,0,3,42.90269969307849,9.965005634337757,,,,,,,,17.934784690000452,78.89764606963988,8.40000057220459,PS_050,,,1.767609140806592
22.081288508831204,14.455210021628282,2025-03-09T10:00:00Z,4,4,4,4,4,4,1,0,0,4,105.45960388383767,15.100304169835493,,,,,,,,19.745274895518723,137.22185196955218,8.40000057220459,PS_050,,,1.5948610798871194
22.495612679295732,14.81251672341973,2025-03-09T10:15:00Z,3,3,3,3,3,3,1,0,0,3,183.2243413817991,28.75306265782989,,,,,,,,22.369461749811148,200.1817116182245,8.40000057220459,PS_050,,,2.2314768540607552
23.073944406082116,16.361867962267965,2025-03-09T10:30:00Z,4,4,4,4,4,4,1,0,0,4,263.08816410449333,50.3822526752742,,,,,,,,24.585016510074635,279.58514513333796,8.40000057220459,PS_050,,,1.9703203241291114
23.547639564489646,16.967285512993598,2025-03-09T10:45:00Z,3,3,3,3,3,3,1,0,0,3,357.1691341943052,68.24585598333563,,,,,,,,27.137238205895297,371.52916689037943,8.40000057220459,PS_050,,,3.1075581260973966
24.323471573552332,16.467696518223327,2025-03-09T11:00:00Z,4,4,4,4,4,4,1,0,0,4,394.1128563130125,72.69844730121933,,,,,,,,29.983548105778375,406.046983413562,8.40000057220459,PS_050,,,3.18059498859957
24.82315784308791,16.54536571522245,2025-03-09T11:15:00Z,4,4,4,4,4,4,1,0,0,4,454.23158740310106,79.10605351953541,,,,,,,,31.14038762603293,468.8082563131452,8.40000057220459,PS_050,,,2.603589689402914
25.616923184321642,16.385024022258268,2025-03-09T11:30:00Z,3,3,3,3,3,3,1,0,0,3,516.4101505572755,84.08980274492552,,,,,,,,33.19498712203024,531.4402129286265,8.40000057220459,PS_050,,,3.08903556781886
25.887811290524436,16.402393433206196,2025-03-09T11:45:00Z,4,4,4,4,4,4,1,0,0,4,588.4883268277215,89.15471288166002,,,,,,,,35.1614456729884,603.2169511637738,8.40000057220459,PS_050,,,3.245767082950416
26.632109445476512,16.402062864442204,2025-03-09T12:00:00Z,3,3,3,3,3,3,1,0,0,3,663.8663039424313,92.15968811877094,,,,,,,,36.65733771694801,680.1680468448916,8.40000057220459,PS_050,,,2.8817431644669433
27.140556933111913,16.256314032655908,2025-03-09T12:15:00Z,4,4,4,4,4,4,1,0,0,4,696.6851649459977,87.54346631238285,,,,,,,,37.20643995886414,718.177080989385,8.40000057220459,PS_050,,,3.7739090379890765
28.15647724456791,16.25235489603869,2025-03-09T12:30:00Z,3,3,3,3,3,3,1,0,0,3,741.2753552961599,85.34825804052177,,,,,,,,39.62972033163322,768.5907638366065,8.40000057220459,PS_050,,,4.538995141068404
28.253965192727474,16.27886612124199,2025-03-09T12:45:00Z,4,4,4,4,4,4,1,0,0,4,785.0693459476296,81.6466739178858,,,,,,,,40.47062490905797,818.6856732343997,8.40000057220459,PS_050,,,3.6461935208534504
28.69924221166014,16.29710449030795,2025-03-09T13:00:00Z,3,3,3,3,3,3,1,0,0,3,836.3911694595743,78.95151120156342,,,,,,,,42.630504588932986,871.216495090078,8.40000057220459,PS_050,,,2.3682676877486712
29.01317652545445,16.29271235692393,2025-03-09T13:15:00Z,4,4,4,4,4,4,1,0,0,4,873.7176412438067,74.37235028891158,,,,,,,,42.343197988294285,899.342184561121,8.40000057220459,PS_050,,,3.970943795170473
29.28471885649294,16.316468966715018,2025-03-09T13:30:00Z,3,3,3,3,3,3,1,0,0,3,933.0932291739941,71.47921144462526,,,,,,,,43.07749692004848,948.3960616664581,8.40000057220459,PS_050,,,3.826454174932232
29.95259444364848,16.32506843615379,2025-03-09T13:45:00Z,4,4,4,4,4,4,1,0,0,4,998.6346583984731,70.79666980726735,,,,,,,,46.35950815830772,1002.5992681920077,8.40000057220459,PS_050,,,3.315780509595004
30.29398865707387,16.24629428745201,2025-03-09T14:00:00Z,3,3,3,3,3,3,1,0,0,3,1031.6234869041443,69.28141184621819,,,,,,,,47.651694355388656,1032.039936318413,8.40000057220459,PS_050,,,4.52791317330512
30.57018348266428,16.00419417755036,2025-03-09T14:15:00Z,4,4,4,4,4,4,1,0,0,4,959.5968655035325,63.33841549889136,,,,,,,,47.488907315576476,959.4187279517627,8.40000057220459,PS_050,,,3.46243050058743
30.943740647145194,15.159771977368433,2025-03-09T14:30:00Z,3,3,3,3,3,3,1,0,0,3,744.146303744102,52.38984274556385,,,,,,,,49.394913650036074,748.3311436068675,8.40000057220459,PS_050,,,1.7180566126332948
30.41500051991772,15.376987695629214,2025-03-09T14:45:00Z,4,4,4,4,4,4,1,0,0,4,759.4073445170853,55.31453872058779,,,,,,,,44.48697865523641,764.7648617607141,8.40000057220459,PS_050,,,2.8083018928282955
30.49774261914847,15.251100189349536,2025-03-09T15:00:00Z,3,3,3,3,3,3,1,0,0,3,738.7690455727882,54.25214403667302,,,,,,,,44.18646263866842,739.8703738189207,8.40000057220459,PS_050,,,2.983060846293482
31.05870414213029,15.619198399294026,2025-03-09T15:15:00Z,4,4,4,4,4,4,1,0,0,4,845.1378518385369,60.99424260227622,,,,,,,,45.66051802776438,848.6027468165513,8.40000057220459,PS_050,,,1.4862823930071127
31.61104240062334,15.83423576466114,2025-03-09T15:30:00Z,4,4,4,4,4,4,1,0,0,4,978.414208322373,68.43120719250831,,,,,,,,52.12178087898704,976.5235952292936,8.40000057220459,PS_050,,,3.1033593654548994
31.4607362400858,15.826155369740588,2025-03-09T15:45:00Z,3,3,3,3,3,3,1,0,0,3,989.4073499181071,69.08473266789609,,,,,,,,53.367352579182025,990.2998753181282,8.40000057220459,PS_050,,,3.376458972779615
32.07608771588481,15.786543107074273,2025-03-09T16:00:00Z,3,3,3,3,3,3,1,0,0,3,1026.423612189495,72.41099970199411,,,,,,,,54.06555745721385,1020.7631286294333,8.40000057220459,PS_050,,,3.5446684644776316
31.497634391663897,15.304843269401399,2025-03-09T16:15:00Z,4,4,4,4,4,4,1,0,0,4,798.2859371402571,60.521440302707916,,,,,,,,48.49158189322902,801.7400546955137,8.40000057220459,PS_050,,,2.4802115952632793
31.76168235940729,15.434868909290246,2025-03-09T16:30:00Z,4,4,4,4,4,4,1,0,0,4,827.0062259721453,63.57264192649102,,,,,,,,47.915609410160286,827.2102015610454,8.40000057220459,PS_050,,,3.6039101776293863
32.806765295753074,15.668196561436863,2025-03-09T16:45:00Z,3,3,3,3,3,3,1,0,0,3,921.3176743780855,70.8936131941808,,,,,,,,48.19495530304655,917.1826586027789,8.40000057220459,PS_050,,,2.29726405639373
32.5255416614564,15.86147682707167,2025-03-09T17:00:00Z,4,4,4,4,4,4,1,0,0,4,1029.7693554946597,81.08933522717929,,,,,,,,52.541563471146056,1020.1794599366214,8.40000057220459,PS_050,,,1.7719655330293003
33.04115015980579,15.797652705530174,2025-03-09T17:15:00Z,3,3,3,3,3,3,1,0,0,3,1021.5054804544881,87.01954377333409,,,,,,,,53.23517379069729,1008.4841564529331,8.40000057220459,PS_050,,,3.0022011838866733
32.89407848795049,15.652874325589632,2025-03-09T17:30:00Z,4,4,4,4,4,4,1,0,0,4,958.2355831925497,89.07839409029154,,,,,,,,55.214455806493774,949.4438020804145,8.40000057220459,PS_050,,,1.7349763998148215
32.758387964896656,14.92245976462064,2025-03-09T17:45:00Z,3,3,3,3,3,3,1,0,0,3,655.766628208066,70.14517448914799,,,,,,,,49.745349596465765,651.9841217941001,8.40000057220459,PS_050,,,4.428533949260631
32.842917975100335,15.467472473619095,2025-03-09T18:00:00Z,4,4,4,4,4,4,1,0,0,4,803.7553887125479,92.01423676889999,,,,,,,,47.51742411259136,803.047897692651,8.40000057220459,PS_050,,,2.384248920127934
32.2660984945222,14.533635541603017,2025-03-09T18:15:00Z,4,4,4,4,4,4,1,0,0,4,481.5881987962965,58.57210040024876,,,,,,,,44.27795017889582,483.1554120766214,8.40000057220459,PS_050,,,1.3986744862738407
32.395929060952284,14.706283099181414,2025-03-09T18:30:00Z,3,3,3,3,3,3,1,0,0,3,552.91054928466,69.80104174110053,,,,,,,,44.35907149862089,555.5224168861018,8.40000057220459,PS_050,,,1.8427910583390341
32.65699979224645,14.810949011375785,2025-03-09T18:45:00Z,4,4,4,4,4,4,1,0,0,4,599.837872887357,83.48337000832728,,,,,,,,44.423682578003394,599.5596075706903,8.40000057220459,PS_050,,,3.545370162820607
32.27579717439008,14.835061618183266,2025-03-09T19:00:00Z,3,3,3,3,3,3,1,0,0,3,584.1515197218112,91.71441375640546,,,,,,,,41.8192432358945,583.7924020734434,8.40000057220459,PS_050,,,2.432001157467901
31.867967452771488,14.133899405366556,2025-03-09T19:15:00Z,4,4,4,4,4,4,1,0,0,4,215.658034902292,27.66592743253404,,,,,,,,39.685430407927875,218.573283701467,8.40000057220459,PS_050,,,0.35442364808614374
32.089230717935116,14.3435505426474,2025-03-09T19:30:00Z,3,3,3,3,3,3,1,0,0,3,268.37983956355123,34.89249399737502,,,,,,,,35.65714855472197,269.68206709114065,8.40000057220459,PS_050,,,0.16646957213373983
32.532804720029155,14.439787604349533,2025-03-09T19:45:00Z,4,4,4,4,4,4,1,0,0,4,284.0452753175873,41.25660036470018,,,,,,,,36.27323876377031,286.9098602575479,8.40000057220459,PS_050,,,0.9829179507065937
32.60654698299607,14.47960490965159,2025-03-09T20:00:00Z,3,3,3,3,3,3,1,0,0,3,300.30384567266185,51.33965663593723,,,,,,,,35.61005419692252,301.93764461175516,8.40000057220459,PS_050,,,1.30507363743107
32.18899475025153,14.174232038649697,2025-03-09T20:15:00Z,4,4,4,4,4,4,1,0,0,4,165.36300057470226,23.844610697033474,,,,,,,,33.00187755161442,162.76564148943862,8.40000057220459,PS_050,,,0.7496113430787414
31.392016050951444,14.07518579213495,2025-03-09T20:30:00Z,3,3,3,3,3,3,1,0,0,3,103.93572738083148,12.491503128077015,,,,,,,,30.272465115673306,103.62882755623309,8.40000057220459,PS_050,,,0.06744358882742663
33.18463510172029,14.222925479022745,2025-03-09T20:45:00Z,4,4,4,4,4,4,1,0,0,4,134.7001073213259,20.564095458069303,,,,,,,,29.811118624584033,149.2574462689457,8.40000057220459,PS_050,,,0.017587100875608972
31.979911056814863,14.01446442451573,2025-03-09T21:00:00Z,3,3,3,3,3,3,1,0,0,3,53.81392748592012,9.062482164447498,,,,,,,,28.476435180926146,64.39958497075527,8.40000057220459,PS_050,,,0.015577896126290205
29.73368801322656,13.882584890789701,2025-03-09T21:15:00Z,4,4,4,4,4,4,1,0,0,4,32.0232752440024,3.0234646129708618,,,,,,,,25.935025087957023,31.233496601602752,8.40000057220459,PS_050,,,0.18244672994545205
28.317282190418375,13.730656317716534,2025-03-09T21:30:00Z,3,3,3,3,3,3,1,0,0,3,4.928439329723433,-0.05140059193830991,,,,,,,,23.735275794258314,5.031583164521611,8.40000057220459,PS_050,,,0.034028704711998314
27.973448630747814,13.573582643115403,2025-03-09T21:45:00Z,4,4,4,4,4,4,1,0,0,4,-1.6633526189394012,-0.7441052521801665,,,,,,,,22.448579806151574,-1.6883232358405558,8.40000057220459,PS_050,,,0.8583940502646943
27.290213904794552,13.489829136111881,2025-03-09T22:00:00Z,3,3,3,3,3,3,1,0,0,3,-2.1125949211499218,-0.6958197538440423,,,,,,,,21.334028633850945,-1.9185852581153724,8.40000057220459,PS_050,,,1.050270317638419
26.38773027563772,13.467499030395174,2025-03-09T22:15:00Z,4,4,4,4,4,4,1,0,0,4,-1.8518505067326125,-0.5763279770343697,,,,,,,,20.707356106536388,-1.969440159492343,8.40000057220459,PS_050,,,1.5523014876825783
25.575764687885247,13.479572355468278,2025-03-09T22:30:00Z,3,3,3,3,3,3,1,0,0,3,-1.905631731995145,-0.620927936025804,,,,,,,,20.006778876340082,-1.783294598188404,8.40000057220459,PS_050,,,1.2252129716545213
25.839714571967352,13.492014573114949,2025-03-09T22:45:00Z,4,4,4,4,4,4,1,0,0,4,-1.9915678116319857,-0.5901321274328747,,,,,,,,19.700000762939457,-1.5479105146550194,8.40000057220459,PS_050,,,1.4423030456829216
25.637803397959118,13.49426374564185,2025-03-09T23:00:00Z,4,4,4,4,4,4,1,0,0,4,-1.931413135549812,-0.6103550368453333,,,,,,,,19.811202655937976,-1.5061257750265438,8.40000057220459,PS_050,,,1.4834048114828446
25.598394268105267,13.489466667175291,2025-03-09T23:15:00Z,3,3,3,3,3,3,1,0,0,3,-1.9218868956717337,-0.5949508838633436,,,,,,,,19.9172512071749,-1.445106649923319,8.40000057220459,PS_050,,,1.4398490910327904
25.576667780058365,13.483809522974433,2025-03-09T23:30:00Z,4,4,4,4,4,4,1,0,0,4,-1.9836839029828415,-0.5983851851524208,,,,,,,,20.080994526312338,-1.5888450787647845,8.40000057220459,PS_050,,,1.9772751740907504
25.14327100162267,13.479216575622557,2025-03-09T23:45:00Z,3,3,3,3,3,3,1,0,0,3,-1.5080097756458735,-0.6047051009784848,,,,,,,,20.20000076293945,-1.45299452788955,8.40000057220459,PS_050,,,2.079920172169446
24.69686352332404,13.474551420365623,2025-03-10T00:00:00Z,4,4,4,4,4,4,1,0,0,4,-1.7424486790838192,-0.6310077477911967,,,,,,,,20.029347056352396,-1.2901508697681527,8.40000057220459,PS_050,,,2.2773853839770806
25.239458341087214,13.470042235707748,2025-03-10T00:15:00Z,3,3,3,3,3,3,1,0,0,3,-1.8161282838845765,-0.5846627770599528,,,,,,,,20.2674785982825,-0.8745660096349693,8.40000057220459,PS_050,,,2.5433310655435584
23.93347079099134,13.468082080948054,2025-03-10T00:30:00Z,4,4,4,4,4,4,1,0,0,4,-1.0128692085360127,-0.5294624453254151,,,,,,,,20.057337107360052,-1.3691626513755415,8.40000057220459,PS_050,,,1.4560459980759373
23.8070755081602,13.463500022888185,2025-03-10T00:45:00Z,4,4,4,4,4,4,1,0,0,4,-1.6003826351493906,-0.5079207423537513,,,,,,,,19.543945997941798,-1.4813462465141451,8.40000057220459,PS_050,,,1.302803326267889
23.96490766749391,13.453934895119403,2025-03-10T01:00:00Z,3,3,3,3,3,3,1,0,0,3,-1.798479539655643,-0.47852558401228473,,,,,,,,19.399999618530273,-1.3388837890965577,8.40000057220459,PS_050,,,1.1591211929881589
23.635673461176125,13.450063362374433,2025-03-10T01:15:00Z,4,4,4,4,4,4,1,0,0,4,-1.7680666066128496,-0.520659988871763,,,,,,,,18.7605665033333,-1.1178942507573015,8.40000057220459,PS_050,,,0.21730596508302485
23.426082180080122,13.445736460768014,2025-03-10T01:30:00Z,4,4,4,4,4,4,1,0,0,4,-1.8039543181963995,-0.5557790062502264,,,,,,,,18.376770125480203,-0.9642835225743199,8.40000057220459,PS_050,,,0.6376242190235352
23.50926758924414,13.438308143196785,2025-03-10T01:45:00Z,3,3,3,3,3,3,1,0,0,3,-1.8543477656265703,-0.5508546461619881,,,,,,,,18.600000381469727,-0.7334036959955329,8.40000057220459,PS_050,,,0.8317911320443448
23.64152351472964,13.434614791072363,2025-03-10T02:00:00Z,4,4,4,4,4,4,1,0,0,4,-1.476645280905778,-0.4870874099910168,,,,,,,,19.060172638986757,-0.7414461121742582,8.40000057220459,PS_050,,,0.8217397976249765
23.507625726115503,13.431456078002155,2025-03-10T02:15:00Z,4,4,4,4,4,4,1,0,0,4,-1.756575764367183,-0.469685486905102,,,,,,,,18.84806499760973,-1.0699945256884282,8.40000057220459,PS_050,,,0.8892775857187479
23.531332497549347,13.426600456237795,2025-03-10T02:30:00Z,3,3,3,3,3,3,1,0,0,3,-1.8764217207630765,-0.5169748769499454,,,,,,,,18.521268054986592,-1.199219354633632,8.40000057220459,PS_050,,,1.0947930325227568
23.71620941965668,13.420430020650564,2025-03-10T02:45:00Z,4,4,4,4,4,4,1,0,0,4,-1.9076933357321628,-0.4764802082856714,,,,,,,,18.570607499555916,-0.8057351094437835,8.40000057220459,PS_050,,,1.048130142699355
23.555205055785258,13.416349411010742,2025-03-10T03:00:00Z,3,3,3,3,3,3,1,0,0,3,-1.8920893675597865,-0.4489216922344763,,,,,,,,18.533017765807628,-0.6968764755351828,8.40000057220459,PS_050,,,1.2836831210253499
23.77527304945178,13.41283989907949,2025-03-10T03:15:00Z,4,4,4,4,4,4,1,0,0,4,-1.601536807581894,-0.5247330147168605,,,,,,,,19.4479449441756,-0.8421647542802694,8.40000057220459,PS_050,,,0.8932708799988779
23.494842210780025,13.410125839805614,2025-03-10T03:30:00Z,4,4,4,4,4,4,1,0,0,4,-1.784864018697618,-0.5464112522991468,,,,,,,,19.05775370759178,-0.88602253237648,8.40000057220459,PS_050,,,0.8246789980265901
23.469943513162093,13.405416488647461,2025-03-10T03:45:00Z,3,3,3,3,3,3,1,0,0,3,-1.7058599037136035,-0.5402467828473669,,,,,,,,18.429844329008873,-1.2104326218508143,8.40000057220459,PS_050,,,0.8745324330206048
22.946851928449608,13.400633811950682,2025-03-10T04:00:00Z,4,4,4,4,4,4,1,0,0,4,-1.6681533108247766,-0.5551689493287222,,,,,,,,18.09149687536135,-1.1173807563256821,8.40000057220459,PS_050,,,0.8143772696143762
23.017667441750415,13.400633811950684,2025-03-10T04:15:00Z,4,4,4,4,4,4,1,0,0,4,-1.9685536655721494,-0.43230024982503207,,,,,,,,17.9180918035507,-0.7291454685030082,8.40000057220459,PS_050,,,0.8876139886910648
22.978331787371793,13.395166397094727,2025-03-10T04:30:00Z,3,3,3,3,3,3,1,0,0,3,-1.557578812761871,-0.49602645687569286,,,,,,,,18.100000381469727,-0.5554352826496648,8.40000057220459,PS_050,,,1.7127226399480788
22.152071557952674,13.391405725772374,2025-03-10T04:45:00Z,4,4,4,4,4,4,1,0,0,4,-1.4400695363381115,-0.575647357192585,,,,,,,,17.581522795658515,-1.3209741932425993,8.40000057220459,PS_050,,,1.1666378868829275
22.4189827839231,13.389699935913086,2025-03-10T05:00:00Z,4,4,4,4,4,4,1,0,0,4,-1.6278905635144285,-0.6096035895264431,,,,,,,,17.92625171376401,-1.5064555515480973,8.40000057220459,PS_050,,,2.381381353001254
22.813927939818132,13.384916305541992,2025-03-10T05:15:00Z,3,3,3,3,3,3,1,0,0,3,-1.2943086583418695,-0.49482709308362605,,,,,,,,18.348831648984046,-1.024327036441055,8.40000057220459,PS_050,,,0.29119150928212745
22.076574019627916,13.385636911574752,2025-03-10T05:30:00Z,4,4,4,4,4,4,1,0,0,4,-1.6029107766793982,-0.5284016862739831,,,,,,,,17.77260569744153,-1.3337938460950292,8.40000057220459,PS_050,,,0.6451538634186804
23.074939767780183,13.384000039647175,2025-03-10T05:45:00Z,3,3,3,3,3,3,1,0,0,3,-1.4496013036629547,-0.5343323011915111,,,,,,,,18.100000381469723,-0.8527837224170768,8.40000057220459,PS_050,,,0.6432315145991515
22.53743290354362,13.380760002834615,2025-03-10T06:00:00Z,4,4,4,4,4,4,1,0,0,4,-1.5175377868694004,-0.42833995063975344,,,,,,,,17.67183073323824,-1.093874272775365,8.40000057220459,PS_050,,,0.8523751547416191
22.038315146845097,13.37944984436035,2025-03-10T06:15:00Z,4,4,4,4,4,4,1,0,0,4,-1.3859716030193412,-0.4643392034569594,,,,,,,,17.922805796405473,-1.3846792743760925,8.40000057220459,PS_050,,,1.6495066373051663
21.230856598286156,13.373982429504395,2025-03-10T06:30:00Z,3,3,3,3,3,3,1,0,0,3,-1.2964702600036688,-0.4898747217223021,,,,,,,,17.299999237060547,-1.4942646242013384,8.40000057220459,PS_050,,,1.830767995993445
20.73931792400411,13.373982429504395,2025-03-10T06:45:00Z,4,4,4,4,4,4,1,0,0,4,-1.0336700624664805,-0.36010838966972947,,,,,,,,17.405587423117773,-1.3054422130457501,8.40000057220459,PS_050,,,1.3182414187671612
20.78282365932293,13.372202082276408,2025-03-10T07:00:00Z,4,4,4,4,4,4,1,0,0,4,-1.507847053401366,-0.3718924594224107,,,,,,,,16.911325247970304,-1.078067911664332,8.40000057220459,PS_050,,,1.459251414191928
20.60166411476438,13.372303868323112,2025-03-10T07:15:00Z,3,3,3,3,3,3,1,0,0,3,-1.1911677954047246,-0.39575004282120474,,,,,,,,16.83772915466619,-1.1302379750338547,8.40000057220459,PS_050,,,1.39931478216431
21.44165563223565,13.369200706481935,2025-03-10T07:30:00Z,4,4,4,4,4,4,1,0,0,4,-1.481767942187893,-0.4149202931223429,,,,,,,,16.904799827512623,-1.041987224151691,8.40000057220459,PS_050,,,0.9923552680454953
21.129403547461752,13.369200706481934,2025-03-10T07:45:00Z,3,3,3,3,3,3,1,0,0,3,-1.1215390368896618,-0.3615059758939628,,,,,,,,17.0,-1.0883786320790911,8.40000057220459,PS_050,,,1.1123525414565116
20.700958839400435,13.366275942469,2025-03-10T08:00:00Z,9,9,9,9,9,9,1,0,0,9,-1.5676261539802578,-0.4131868777313897,,,,,,,,16.318365465563662,-1.3553537319669549,8.40000057220459,PS_050,,,1.3597567642510096
20.72344049362922,13.365005038422131,2025-03-10T08:15:00Z,15,15,15,15,15,15,1,0,0,15,-1.4460941825508555,-0.452843966064001,,,,,,,,16.672410303078717,-1.1334143083619916,8.40000057220459,PS_050,,,1.6743493233764233
20.527029879469534,13.364025951925239,2025-03-10T08:30:00Z,15,15,15,15,15,15,1,0,0,15,-1.0850010473500937,-0.3515031942562235,,,,,,,,17.230143580818773,-0.8142257030664319,8.40000057220459,PS_050,,,1.4022776714696543
20.206116789913832,13.362032994870777,2025-03-10T08:45:00Z,15,15,15,15,15,15,1,0,0,15,-1.2408807219858762,-0.3944356302913736,,,,,,,,16.823731274098588,-0.9598868856362788,8.40000057220459,PS_050,,,0.738227402345202
19.874937084393665,13.358848982180143,2025-03-10T09:00:00Z,9,9,9,9,9,9,1,0,0,9,0.05935546834098484,-0.26960078404604076,,,,,,,,16.805552836307506,-0.08183076950721842,8.40000057220459,PS_050,,,0.3103905462732143
20.388515812530443,13.37148673777891,2025-03-10T09:15:00Z,4,4,4,4,4,4,1,0,0,4,6.96276852953537,0.6480355225268098,,,,,,,,17.45010157098939,7.622188120916217,8.40000057220459,PS_050,,,0.025862154886155068
21.69532259021203,13.51720179915494,2025-03-10T09:30:00Z,3,3,3,3,3,3,1,0,0,3,25.962720112203787,3.9987518036323233,,,,,,,,18.384909989358665,38.82110889954911,8.40000057220459,PS_050,,,2.1391021501068974
22.328080095025207,13.926449650719919,2025-03-10T09:45:00Z,4,4,4,4,4,4,1,0,0,4,44.5186639702918,12.167097178844422,,,,,,,,19.394111788648775,88.99629657231097,8.40000057220459,PS_050,,,0.73233800232682
22.241056025008525,14.425724347498472,2025-03-10T10:00:00Z,4,4,4,4,4,4,1,0,0,4,100.24363494575326,17.092231549043138,,,,,,,,20.70402972875227,142.46210906857064,8.40000057220459,PS_050,,,2.0533890687605134
22.747840790764783,14.833995359222255,2025-03-10T10:15:00Z,3,3,3,3,3,3,1,0,0,3,184.51378292869475,29.095404904426243,,,,,,,,22.38953220476219,204.04147552115595,8.40000057220459,PS_050,,,1.4507071546171848
23.88963116202704,16.272317601817704,2025-03-10T10:30:00Z,4,4,4,4,4,4,1,0,0,4,252.25901324172102,48.81372028712696,,,,,,,,25.473228713250123,269.77164658952637,8.40000057220459,PS_050,,,1.976944937713693
25.53478069002063,16.79762195627403,2025-03-10T10:45:00Z,3,3,3,3,3,3,1,0,0,3,319.2970311421354,61.828851694565365,,,,,,,,28.70060640156459,334.44296748412523,8.40000057220459,PS_050,,,1.5735449738348442
26.901747008406325,16.760259069825143,2025-03-10T11:00:00Z,4,4,4,4,4,4,1,0,0,4,393.58078952093035,73.06152902376316,,,,,,,,32.928350777915774,408.2576358388806,8.40000057220459,PS_050,,,1.2149745303114319
27.646081226996387,16.64538655332147,2025-03-10T11:15:00Z,4,4,4,4,4,4,1,0,0,4,474.7319172948018,81.76091990718358,,,,,,,,35.58196444657324,490.0487405385109,8.40000057220459,PS_050,,,1.890763153096747
28.171204817359914,16.597532260301865,2025-03-10T11:30:00Z,3,3,3,3,3,3,1,0,0,3,565.1851332877976,88.9026558318796,,,,,,,,38.420387816931665,583.270236290128,8.40000057220459,PS_050,,,1.2008787191961907
28.853136004142787,16.42593247816784,2025-03-10T11:45:00Z,4,4,4,4,4,4,1,0,0,4,642.6729729744657,93.56589090120582,,,,,,,,41.26404607213974,660.2465904375196,8.40000057220459,PS_050,,,1.1933746449396319
30.563054300299886,16.080375743385368,2025-03-10T12:00:00Z,3,3,3,3,3,3,1,0,0,3,671.105458795319,91.82049279444414,,,,,,,,44.470279578846615,690.6348853673677,8.40000057220459,PS_050,,,1.7264817359380338
31.154857048327198,15.423204806575075,2025-03-10T12:15:00Z,4,4,4,4,4,4,1,0,0,4,542.1508412908204,61.013545392179054,,,,,,,,45.53947040917098,547.0867278031176,8.40000057220459,PS_050,,,1.2793475723822432
29.78877004618486,15.476097124448724,2025-03-10T12:30:00Z,3,3,3,3,3,3,1,0,0,3,536.6653567385041,56.25894766778589,,,,,,,,42.38615426409711,547.7436327752113,8.40000057220459,PS_050,,,1.8127900679389457
29.717796979465504,14.982771785184879,2025-03-10T12:45:00Z,4,4,4,4,4,4,1,0,0,4,446.2637864158676,44.536306631180906,,,,,,,,41.69401377318155,454.162021560952,8.40000057220459,PS_050,,,1.0415702822372304
28.906607891657462,14.783515581157873,2025-03-10T13:00:00Z,4,4,4,4,4,4,1,0,0,4,313.4952017240616,32.36969668319186,,,,,,,,36.79841481607076,315.94881603320044,8.40000057220459,PS_050,,,2.326351423760138
29.633566158625527,15.261226571129749,2025-03-10T13:15:00Z,3,3,3,3,3,3,1,0,0,3,535.4643221908775,52.88066084288959,,,,,,,,40.50843269733672,544.4747468974065,8.40000057220459,PS_050,,,3.278322464033226
29.56942440711506,16.144666774926755,2025-03-10T13:30:00Z,4,4,4,4,4,4,1,0,0,4,847.6129202640918,68.45425480052921,,,,,,,,41.24827501511005,870.1589124363865,8.40000057220459,PS_050,,,3.716524463711475
30.711971070655057,16.459597968590423,2025-03-10T13:45:00Z,3,3,3,3,3,3,1,0,0,3,1032.7832398357334,69.96721407072424,,,,,,,,48.23558292076268,1019.1751034025431,8.40000057220459,PS_050,,,2.6662386396706386
31.506751764676054,16.260048010342274,2025-03-10T14:00:00Z,4,4,4,4,4,4,1,0,0,4,980.5854756365318,62.79854744339837,,,,,,,,46.741582262457634,979.9234173734302,8.40000057220459,PS_050,,,3.4366062378715574
31.541551286373327,16.18842500530048,2025-03-10T14:15:00Z,4,4,4,4,4,4,1,0,0,4,1006.9629811290388,60.7812293313108,,,,,,,,47.50164128586092,1003.395978879755,8.40000057220459,PS_050,,,4.0008020079217825
32.133134030812194,16.073547582671125,2025-03-10T14:30:00Z,3,3,3,3,3,3,1,0,0,3,1025.8106915456024,59.79099897649137,,,,,,,,49.94102575879599,1023.3328723902116,8.40000057220459,PS_050,,,2.3031122492296263
32.32015431594428,16.034619087011013,2025-03-10T14:45:00Z,4,4,4,4,4,4,1,0,0,4,1040.0513337336595,58.94845383917297,,,,,,,,51.65462723265619,1036.4594168172312,8.40000057220459,PS_050,,,3.1641021782528305
33.50588648895938,15.784185643987124,2025-03-10T15:00:00Z,3,3,3,3,3,3,1,0,0,3,1055.0738336432921,59.44860444240085,,,,,,,,55.4823084911575,1055.1066672094937,8.40000057220459,PS_050,,,1.663677156683194
32.47837535962085,15.924492924005651,2025-03-10T15:15:00Z,4,4,4,4,4,4,1,0,0,4,1060.6441708608686,60.35944027375278,,,,,,,,54.537543669013736,1061.102437800952,8.40000057220459,PS_050,,,2.323797151898356
32.6335105127025,15.966376706056462,2025-03-10T15:30:00Z,3,3,3,3,3,3,1,0,0,3,1074.7450778544014,62.20402367165942,,,,,,,,53.80424804054482,1071.2937068994233,8.40000057220459,PS_050,,,2.4774518556229648
32.409158705329524,16.01662333360484,2025-03-10T15:45:00Z,4,4,4,4,4,4,1,0,0,4,1057.3553569347637,61.7336957094403,,,,,,,,51.42678844830708,1054.7782675015587,8.40000057220459,PS_050,,,3.6942564752926956
32.83422955561356,15.943112613910417,2025-03-10T16:00:00Z,3,3,3,3,3,3,1,0,0,3,1044.2100141422193,62.15660675120637,,,,,,,,52.19651344509772,1038.822044182049,8.40000057220459,PS_050,,,3.302250259015724
33.29673412031649,15.752122378749121,2025-03-10T16:15:00Z,4,4,4,4,4,4,1,0,0,4,1034.4138663061187,64.88283913645057,,,,,,,,55.53645477950633,1030.2047118700686,8.40000057220459,PS_050,,,2.5643546869274694
33.850045384703215,15.67039405191681,2025-03-10T16:30:00Z,3,3,3,3,3,3,1,0,0,3,1010.824713062673,66.35189475607363,,,,,,,,55.25755591483753,1004.9385451980158,8.40000057220459,PS_050,,,2.2694113378222784
33.13577861064691,15.74735697609834,2025-03-10T16:45:00Z,4,4,4,4,4,4,1,0,0,4,982.5672523042408,68.33081652863325,,,,,,,,54.177427987698394,978.5661942381041,8.40000057220459,PS_050,,,2.0839919888440837
32.29579831128178,14.681025466972631,2025-03-10T17:00:00Z,4,4,4,4,4,4,1,0,0,4,529.8844136712447,37.24128143240184,,,,,,,,47.23266777502922,500.46621767738264,8.40000057220459,PS_050,,,2.3922151606105007
33.47435353166886,15.581966791261515,2025-03-10T17:15:00Z,3,3,3,3,3,3,1,0,0,3,915.9510137706739,76.0796518237181,,,,,,,,51.279010450707666,905.9408420286335,8.40000057220459,PS_050,,,0.7442110979914311
34.07556342304462,15.478007092578963,2025-03-10T17:30:00Z,4,4,4,4,4,4,1,0,0,4,875.5219374035714,79.85535980049843,,,,,,,,52.36941437558856,863.5098718912783,8.40000057220459,PS_050,,,2.8477559297432387
32.86119744318334,14.407508816671957,2025-03-10T17:45:00Z,3,3,3,3,3,3,1,0,0,3,369.9556808734378,24.148168595123252,,,,,,,,50.8231962250646,399.31301036329336,8.40000057220459,PS_050,,,2.4289444889679968
33.023770636370095,14.940798394867526,2025-03-10T18:00:00Z,4,4,4,4,4,4,1,0,0,4,702.3950248917403,78.03023303345222,,,,,,,,43.49229188316392,698.3776385838336,8.40000057220459,PS_050,,,2.087293790094377
32.84447228165864,14.197307098083616,2025-03-10T18:15:00Z,3,3,3,3,3,3,1,0,0,3,209.27408604327564,23.69999007629218,,,,,,,,47.11254790767527,199.73104365533823,8.40000057220459,PS_050,,,1.0621384530342481
33.436128858439595,15.050205569545021,2025-03-10T18:30:00Z,4,4,4,4,4,4,1,0,0,4,675.1498421414251,92.15966025409651,,,,,,,,45.09087710924844,674.4455148941202,8.40000057220459,PS_050,,,1.5024532868719915
33.59980308107809,14.84817323865945,2025-03-10T18:45:00Z,3,3,3,3,3,3,1,0,0,3,598.9727827034325,89.05886098617677,,,,,,,,45.498263565141215,591.5431981925684,8.40000057220459,PS_050,,,3.0191010345027083
34.250169371526056,14.766869894262591,2025-03-10T19:00:00Z,4,4,4,4,4,4,1,0,0,4,542.1785022809618,89.38838799186433,,,,,,,,45.9440346415568,542.2834439186881,8.40000057220459,PS_050,,,2.0977461964327713
33.59416332815155,14.688648800021546,2025-03-10T19:15:00Z,3,3,3,3,3,3,1,0,0,3,485.70441967366855,86.99598595368093,,,,,,,,42.81115842901833,483.2835698374195,8.40000057220459,PS_050,,,3.218638961713623
33.21537126902281,14.597690817704652,2025-03-10T19:30:00Z,4,4,4,4,4,4,1,0,0,4,421.45324293134786,81.12447389518935,,,,,,,,40.14606637602022,420.2024542840464,8.40000057220459,PS_050,,,2.8585308706834733
32.98681129655068,14.490713543466077,2025-03-10T19:45:00Z,3,3,3,3,3,3,1,0,0,3,349.8909396944048,72.46704498339791,,,,,,,,38.49565587590291,356.2534309562727,8.40000057220459,PS_050,,,2.9926788450474517
32.85202284663061,14.38793254881393,2025-03-10T20:00:00Z,4,4,4,4,4,4,1,0,0,4,293.1993249658456,62.80015147810198,,,,,,,,36.67181102818986,294.6949333099078,8.40000057220459,PS_050,,,2.783876361335233
32.565634704562235,14.258634563980491,2025-03-10T20:15:00Z,4,4,4,4,4,4,1,0,0,4,244.25115972905957,48.74707817483617,,,,,,,,34.63075515619792,230.2772790972478,8.40000057220459,PS_050,,,2.5494459757255448
32.14798803412264,14.13641921878788,2025-03-10T20:30:00Z,3,3,3,3,3,3,1,0,0,3,181.88501666511874,27.32140376042486,,,,,,,,32.31651875432679,166.44010055603147,8.40000057220459,PS_050,,,1.5225674024346674
31.912887468745982,14.03466521692741,2025-03-10T20:45:00Z,3,3,3,3,3,3,1,0,0,3,95.4429704968824,15.922394774325195,,,,,,,,30.341901214227956,112.95068144740146,8.40000057220459,PS_050,,,2.1481675982271655
31.375245137084693,13.908125926946799,2025-03-10T21:00:00Z,4,4,4,4,4,4,1,0,0,4,31.731616791449405,11.045542391652576,,,,,,,,28.194785376653908,58.431442799039374,8.40000057220459,PS_050,,,0.7488383226946155
30.39303684081675,13.767763538104303,2025-03-10T21:15:00Z,3,3,3,3,3,3,1,0,0,3,15.652925339990489,1.233442212326004,,,,,,,,25.775268057772355,19.311043681328265,8.40000057220459,PS_050,,,0.724247841254435
29.242796453349456,13.607821882825942,2025-03-10T21:30:00Z,4,4,4,4,4,4,1,0,0,4,1.787281684546645,-0.6676644212508814,,,,,,,,23.79704510797304,1.5538431802433008,8.40000057220459,PS_050,,,0.32073790409282704
28.95674248432753,13.486097216285101,2025-03-10T21:45:00Z,3,3,3,3,3,3,1,0,0,3,-2.0843510453541065,-0.8655946829170441,,,,,,,,22.39347326021566,-1.9138143053789334,8.40000057220459,PS_050,,,0.24687903254203855
28.791089439116853,13.478533718294461,2025-03-10T22:00:00Z,4,4,4,4,4,4,1,0,0,4,-2.122882913091214,-0.7578302716932064,,,,,,,,22.184324405020902,-1.7647288351351618,8.40000057220459,PS_050,,,0.9085815351758545
28.783543879143604,13.49942649058163,2025-03-10T22:15:00Z,3,3,3,3,3,3,1,0,0,3,-2.2134430614298757,-0.6935828206008892,,,,,,,,22.100000381469727,-1.8044082583280023,8.40000057220459,PS_050,,,0.8155141465783546
27.369250333115154,13.505867004394531,2025-03-10T22:30:00Z,4,4,4,4,4,4,1,0,0,4,-1.7841420101000973,-0.7346980333021889,,,,,,,,21.635827888133655,-1.691063621179942,8.40000057220459,PS_050,,,0.6846835186616359
27.002978398827416,13.505188495403816,2025-03-10T22:45:00Z,4,4,4,4,4,4,1,0,0,4,-1.8752390028495831,-0.710704616141017,,,,,,,,20.931643479774042,-1.8492787849961905,8.40000057220459,PS_050,,,0.09996032688304513
27.22636789917396,13.50040054321289,2025-03-10T23:00:00Z,3,3,3,3,3,3,1,0,0,3,-1.7420078964089614,-0.5229832376552677,,,,,,,,20.664726407678643,-1.3512751221595927,8.40000057220459,PS_050,,,0.19722388847980402
26.528588285160488,13.498195222548697,2025-03-10T23:15:00Z,4,4,4,4,4,4,1,0,0,4,-1.8194472545084899,-0.5504937570364214,,,,,,,,20.45209188722569,-1.5685033532958608,8.40000057220459,PS_050,,,0.22870324526955882
26.88188420278339,13.489466667175291,2025-03-10T23:30:00Z,3,3,3,3,3,3,1,0,0,3,-1.7809458179733895,-0.40007690196427403,,,,,,,,20.45002493120688,-1.2443460172301435,8.40000057220459,PS_050,,,0.02650339197550546
25.67617392397174,13.487275413354503,2025-03-10T23:45:00Z,4,4,4,4,4,4,1,0,0,4,-1.860488654198667,-0.6877194838485627,,,,,,,,19.808385463073165,-1.0666989582989084,8.40000057220459,PS_050,,,0.16896962600033122
26.766342182445513,13.474662575361823,2025-03-11T00:00:00Z,3,3,3,3,3,3,1,0,0,3,-2.088904036045877,-0.5655443038644411,,,,,,,,20.116468177678605,-1.2283089935457232,8.40000057220459,PS_050,,,1.0665073026748704
26.791783080605807,13.474525172027903,2025-03-11T00:15:00Z,4,4,4,4,4,4,1,0,0,4,-1.9616949525487144,-0.6144085913339299,,,,,,,,20.61728820548802,-1.3971102944196476,8.40000057220459,PS_050,,,1.1283737507766871
27.54768726952355,13.46910786010733,2025-03-11T00:30:00Z,4,4,4,4,4,4,1,0,0,4,-2.022933801530261,-0.7160728102968923,,,,,,,,21.06840875258478,-1.2457850711700516,8.40000057220459,PS_050,,,0.9883525294220883
27.219655270524157,13.463500022888184,2025-03-11T00:45:00Z,3,3,3,3,3,3,1,0,0,3,-1.8898816217141317,-0.6736570455972326,,,,,,,,21.18212033946617,-1.5098088888388406,8.40000057220459,PS_050,,,1.1694219581254521
26.329613317993406,13.460775235577833,2025-03-11T01:00:00Z,4,4,4,4,4,4,1,0,0,4,-1.6760065060656038,-0.7721103697032302,,,,,,,,20.829935753725906,-1.7041040008667048,8.40000057220459,PS_050,,,0.9505336712487858
27.35408563756994,13.454063711062439,2025-03-11T01:15:00Z,3,3,3,3,3,3,1,0,0,3,-2.0214989915912622,-0.7128732046343991,,,,,,,,21.029582209420564,-1.337465702579453,8.40000057220459,PS_050,,,1.113141562847094
27.167014400975194,13.448425205660385,2025-03-11T01:30:00Z,4,4,4,4,4,4,1,0,0,4,-1.8226588971574298,-0.682899222316101,,,,,,,,21.405576453558147,-1.6665108729303926,8.40000057220459,PS_050,,,0.9100467812091263
23.409388440990494,13.445417110176265,2025-03-11T01:45:00Z,4,4,4,4,4,4,1,0,0,4,-0.35558365958044225,-0.13425491116954277,,,,,,,,20.289638880104427,-1.28872368849411,8.40000057220459,PS_050,,,1.6286148424031246
23.861822591519015,13.441578654407376,2025-03-11T02:00:00Z,3,3,3,3,3,3,1,0,0,3,-1.4958036792707934,-0.5399078209352707,,,,,,,,19.909309202160955,-1.724222836602331,8.40000057220459,PS_050,,,2.624601239512595
23.68146954892403,13.436664457686106,2025-03-11T02:15:00Z,4,4,4,4,4,4,1,0,0,4,-1.4490791381632224,-0.46784869346680086,,,,,,,,19.901299013599235,-1.4806662263191124,8.40000057220459,PS_050,,,2.0957968686466604
23.60611512401347,13.431481092695138,2025-03-11T02:30:00Z,4,4,4,4,4,4,1,0,0,4,-1.5496955727010908,-0.4407545839723638,,,,,,,,20.03182743521857,-1.4208143038471293,8.40000057220459,PS_050,,,1.8590718790132872
23.270733895575045,13.427505179119839,2025-03-11T02:45:00Z,3,3,3,3,3,3,1,0,0,3,-1.5370141337073733,-0.42762545586414985,,,,,,,,19.700000762939453,-1.6050509720730066,8.40000057220459,PS_050,,,1.7447326973868074
22.756519784933833,13.421904156395696,2025-03-11T03:00:00Z,4,4,4,4,4,4,1,0,0,4,-1.4740514856716462,-0.4032788064523033,,,,,,,,19.0487130954005,-1.5012533877291567,8.40000057220459,PS_050,,,0.9720594524128798
22.66028380939792,13.417105443624859,2025-03-11T03:15:00Z,4,4,4,4,4,4,1,0,0,4,-1.732817022821187,-0.46135577281024576,,,,,,,,18.399999618530273,-1.4145680385742836,8.40000057220459,PS_050,,,1.344932899757662
22.729354275119967,13.416349411010744,2025-03-11T03:30:00Z,3,3,3,3,3,3,1,0,0,3,-1.7131173540722229,-0.4191857060887272,,,,,,,,18.114665273124636,-1.3305472666515017,8.40000057220459,PS_050,,,0.6310369629058388
22.605917538035047,13.4100764093621,2025-03-11T03:45:00Z,4,4,4,4,4,4,1,0,0,4,-1.6887192850763284,-0.4832571818230302,,,,,,,,17.560052865769425,-1.2948489405254056,8.40000057220459,PS_050,,,0.031082543346285414
21.586843272411254,13.409796302643304,2025-03-11T04:00:00Z,3,3,3,3,3,3,1,0,0,3,-1.667414939046412,-0.5705924897411275,,,,,,,,17.049836205203434,-1.5103840554397525,8.40000057220459,PS_050,,,0.042994711476114764
21.95642508038687,13.40351188065098,2025-03-11T04:15:00Z,4,4,4,4,4,4,1,0,0,4,-1.811258916573346,-0.43530904279033134,,,,,,,,16.67616531722791,-1.2342643414784673,8.40000057220459,PS_050,,,0.25032710599929275
22.666664693439632,13.400633811950685,2025-03-11T04:30:00Z,4,4,4,4,4,4,1,0,0,4,-1.7042487714430052,-0.3461820160391601,,,,,,,,16.99422372583896,-1.1318896385394108,8.40000057220459,PS_050,,,0.8511596119191445
22.520325646981806,13.39600255072612,2025-03-11T04:45:00Z,3,3,3,3,3,3,1,0,0,3,-1.5856159070519051,-0.4913161616062749,,,,,,,,17.509880325482733,-1.0698599158027056,8.40000057220459,PS_050,,,0.39385131815826985
22.448671956092788,13.39042614209794,2025-03-11T05:00:00Z,4,4,4,4,4,4,1,0,0,4,-1.6196725213302732,-0.5536606024464662,,,,,,,,16.82404250330967,-1.2867873320941672,8.40000057220459,PS_050,,,0.36341796975608126
21.896625019313433,13.390571196739954,2025-03-11T05:15:00Z,4,4,4,4,4,4,1,0,0,4,-1.5929573430075274,-0.38858650648531945,,,,,,,,16.924113759387367,-1.429087215379088,8.40000057220459,PS_050,,,1.0068449858285746
22.236671449558,13.388034974052339,2025-03-11T05:30:00Z,3,3,3,3,3,3,1,0,0,3,-1.7528433934561243,-0.3918153457774911,,,,,,,,17.097085379419617,-1.4542606989345637,8.40000057220459,PS_050,,,1.4012879725262597
21.823984152269983,13.38564693584591,2025-03-11T05:45:00Z,4,4,4,4,4,4,1,0,0,4,-1.521843712661509,-0.37370458641350224,,,,,,,,17.39669174002877,-1.2901009462438795,8.40000057220459,PS_050,,,0.6558655059088104
21.74914099628212,13.383652180467356,2025-03-11T06:00:00Z,3,3,3,3,3,3,1,0,0,3,-1.3856671766899364,-0.39837480081750026,,,,,,,,17.006085155205064,-1.243466962309691,8.40000057220459,PS_050,,,0.10746259888579489
21.1381992179255,13.37944984436035,2025-03-11T06:15:00Z,4,4,4,4,4,4,1,0,0,4,-1.6672166006933558,-0.43666268919398477,,,,,,,,16.453155256505287,-1.2598854059888789,8.40000057220459,PS_050,,,0.07835139402820497
20.42586397886764,13.376561199151649,2025-03-11T06:30:00Z,4,4,4,4,4,4,1,0,0,4,-1.619169345352307,-0.38974955877376544,,,,,,,,15.871547823301814,-1.2494425561064681,8.40000057220459,PS_050,,,0.029397455847012696
20.899873820272507,13.374832679507751,2025-03-11T06:45:00Z,3,3,3,3,3,3,1,0,0,3,-1.3485945312876688,-0.22753435809816633,,,,,,,,15.951356073363495,-0.8815480424942733,8.40000057220459,PS_050,,,0.0
20.909134174426356,13.373982429504395,2025-03-11T07:00:00Z,4,4,4,4,4,4,1,0,0,4,-1.248143543876491,-0.21597795808675424,,,,,,,,15.93861544005955,-0.7381637538400845,8.40000057220459,PS_050,,,0.0
21.621472835894586,13.373982429504395,2025-03-11T07:15:00Z,4,4,4,4,4,4,1,0,0,4,-1.7089545389491045,-0.3889758922115726,,,,,,,,16.357192380204932,-1.1280202048654036,8.40000057220459,PS_050,,,0.8808158969489147
21.404950251212004,13.37001779648542,2025-03-11T07:30:00Z,3,3,3,3,3,3,1,0,0,3,-1.4364385591278865,-0.4135158195554303,,,,,,,,16.799999237060543,-1.4345262297908157,8.40000057220459,PS_050,,,1.0875989754877153
21.477493803719646,13.369200706481934,2025-03-11T07:45:00Z,4,4,4,4,4,4,1,0,0,4,-1.6065488230176346,-0.44077387815161234,,,,,,,,16.799999237060547,-1.3157355079509128,8.40000057220459,PS_050,,,0.9991209091583005
21.083580524113483,13.367455578413972,2025-03-11T08:00:00Z,9,9,9,9,9,9,1,0,0,9,-1.5368669136318922,-0.46327347647425976,,,,,,,,16.799999237060547,-1.3423779329573144,8.40000057220459,PS_050,,,0.7869796412266761
21.128043951767722,13.366606966918331,2025-03-11T08:15:00Z,16,16,16,16,16,16,1,0,0,16,-1.61691487348702,-0.4229111973557077,,,,,,,,16.539969597424864,-1.4923861706150774,8.40000057220459,PS_050,,,0.9197968588950088
20.382978406811972,13.366169491915585,2025-03-11T08:30:00Z,14,14,14,14,14,14,1,0,0,14,-1.6724265997250003,-0.5942297928365111,,,,,,,,15.84655479151406,-1.5898762219351508,8.40000057220459,PS_050,,,0.22260487961994885
19.711143298528125,13.364525901550477,2025-03-11T08:45:00Z,16,16,16,16,16,16,1,0,0,16,-1.456971141803392,-0.38566392274882344,,,,,,,,15.594046843576791,-1.3665201683391142,8.40000057220459,PS_050,,,0.6715706245957185
19.60805439557674,13.361713466304856,2025-03-11T09:00:00Z,8,8,8,8,8,8,1,0,0,8,-0.9496921982684844,-0.1930524193546393,,,,,,,,16.035019436019667,-0.7207672673243769,8.40000057220459,PS_050,,,1.1260458342481714
20.185857111101015,13.389537038594982,2025-03-11T09:15:00Z,4,4,4,4,4,4,1,0,0,4,6.552867281515967,0.6010030827844581,,,,,,,,16.412241173214067,7.509576578231057,8.40000057220459,PS_050,,,1.414525295919361
20.64231452761488,13.530044893120259,2025-03-11T09:30:00Z,4,4,4,4,4,4,1,0,0,4,21.368893581023578,3.075301764968485,,,,,,,,17.163539130514632,38.15814574647746,8.40000057220459,PS_050,,,2.227045966269063
20.975259128063353,13.856268849771922,2025-03-11T09:45:00Z,3,3,3,3,3,3,1,0,0,3,36.169749731174655,10.66554978656927,,,,,,,,17.904859065618382,86.71165111384204,8.40000057220459,PS_050,,,2.777483654856532
21.593381409025692,14.410032847146967,2025-03-11T10:00:00Z,4,4,4,4,4,4,1,0,0,4,95.96782909367106,17.107670911217216,,,,,,,,19.499529924982657,143.86080585554868,8.40000057220459,PS_050,,,2.5527489798716543
22.319425352050573,14.915245188224446,2025-03-11T10:15:00Z,4,4,4,4,4,4,1,0,0,4,186.76184876133183,29.12501366964662,,,,,,,,21.83646943075202,206.79038687562982,8.40000057220459,PS_050,,,3.0396683078788307
23.478746692470867,16.381293547731776,2025-03-11T10:30:00Z,3,3,3,3,3,3,1,0,0,3,254.23797802227762,48.920975669567966,,,,,,,,24.55812385071875,271.25577921022506,8.40000057220459,PS_050,,,2.2708218158258693
23.98966804047324,16.84650578760522,2025-03-11T10:45:00Z,4,4,4,4,4,4,1,0,0,4,319.7371206122695,62.04182498227277,,,,,,,,26.638291702258805,333.8698472372431,8.40000057220459,PS_050,,,2.818028321550532
25.106445359521413,16.820782837036724,2025-03-11T11:00:00Z,3,3,3,3,3,3,1,0,0,3,384.51266608728554,71.96306041033512,,,,,,,,29.96483065591862,397.6476493267135,8.40000057220459,PS_050,,,2.854641696839101
26.22262806404201,16.615100335439898,2025-03-11T11:15:00Z,4,4,4,4,4,4,1,0,0,4,447.71997949784264,79.20708973418365,,,,,,,,33.57181911414022,462.2664858798726,8.40000057220459,PS_050,,,1.4912177778186868
26.64397010448431,16.406477370172595,2025-03-11T11:30:00Z,4,4,4,4,4,4,1,0,0,4,510.7739643294648,83.69518974938983,,,,,,,,36.184141308678285,527.635611958587,8.40000057220459,PS_050,,,1.9503373880911017
26.849232611326677,16.341254706838516,2025-03-11T11:45:00Z,3,3,3,3,3,3,1,0,0,3,574.9708812156879,86.29372580548349,,,,,,,,37.86909462371588,589.0580686175209,8.40000057220459,PS_050,,,2.4125610082305076
27.50404295904493,16.26041417929851,2025-03-11T12:00:00Z,4,4,4,4,4,4,1,0,0,4,627.0462361867877,86.63850662784817,,,,,,,,39.616494490228966,644.6564858140717,8.40000057220459,PS_050,,,1.968290632233033
28.216568641026246,16.26364493591554,2025-03-11T12:15:00Z,3,3,3,3,3,3,1,0,0,3,681.0375702149213,84.97859160406966,,,,,,,,39.28479550601041,702.3266709746857,8.40000057220459,PS_050,,,2.875713706152362
28.439757762497475,16.271720860151337,2025-03-11T12:30:00Z,4,4,4,4,4,4,1,0,0,4,727.9003364106588,82.76579767793528,,,,,,,,40.48160154137759,756.7568509496858,8.40000057220459,PS_050,,,3.5412337351266876
28.811714184173972,16.220426792854692,2025-03-11T12:45:00Z,3,3,3,3,3,3,1,0,0,3,765.2956915868781,78.80500960210202,,,,,,,,42.44221826855027,802.0821836634842,8.40000057220459,PS_050,,,2.5805992379228466
29.511517759105487,16.237027546904383,2025-03-11T13:00:00Z,4,4,4,4,4,4,1,0,0,4,807.1659071383707,75.23368099421212,,,,,,,,43.82039491964361,844.2795671216319,8.40000057220459,PS_050,,,3.515959230016799
29.761880694956897,16.25303177422778,2025-03-11T13:15:00Z,3,3,3,3,3,3,1,0,0,3,854.0604950900376,71.25246991978801,,,,,,,,43.914376405540786,882.189991157265,8.40000057220459,PS_050,,,4.174593672015522
30.618952004057682,16.18042861872601,2025-03-11T13:30:00Z,4,4,4,4,4,4,1,0,0,4,900.2572713988394,66.9446020284763,,,,,,,,45.194067677454235,917.869594268759,8.40000057220459,PS_050,,,2.849783138947793
30.799227024290637,16.176326930891367,2025-03-11T13:45:00Z,3,3,3,3,3,3,1,0,0,3,945.7315451770363,64.28627035033647,,,,,,,,46.55349962089446,949.276663245999,8.40000057220459,PS_050,,,3.371348388170859
31.17519086985856,16.188417988974173,2025-03-11T14:00:00Z,3,3,3,3,3,3,1,0,0,3,975.7407471709625,61.85359483883095,,,,,,,,46.95766752484264,973.9554647296279,8.40000057220459,PS_050,,,3.2416169592250204
31.49939249805156,16.11340451001709,2025-03-11T14:15:00Z,4,4,4,4,4,4,1,0,0,4,999.3858131285333,60.1867963279859,,,,,,,,47.861707274561155,996.5747461614864,8.40000057220459,PS_050,,,4.143307418062327
31.940005737552227,16.061116033869027,2025-03-11T14:30:00Z,3,3,3,3,3,3,1,0,0,3,1019.5746277783973,58.534560619905385,,,,,,,,49.95111140856097,1016.1080156213178,8.40000057220459,PS_050,,,2.9909255128769248
32.42306972376835,15.976985678366562,2025-03-11T14:45:00Z,4,4,4,4,4,4,1,0,0,4,1032.710290696706,57.97454452785262,,,,,,,,51.99166907655881,1030.360531003633,8.40000057220459,PS_050,,,3.037712983611346
32.50116468538615,15.990624795523226,2025-03-11T15:00:00Z,3,3,3,3,3,3,1,0,0,3,1045.0567025080304,58.44764713328614,,,,,,,,53.24490940997792,1046.539151165129,8.40000057220459,PS_050,,,3.840263023294506
32.63761309049463,14.843624176178224,2025-03-11T15:15:00Z,4,4,4,4,4,4,1,0,0,4,479.5849608952445,34.84652275756885,,,,,,,,50.98146739805355,487.8906510885753,8.40000057220459,PS_050,,,2.3525669279893258
32.65072212375268,15.059718462436791,2025-03-11T15:30:00Z,3,3,3,3,3,3,1,0,0,3,697.696974548818,46.688256802983624,,,,,,,,50.15697026212843,700.5292238209004,8.40000057220459,PS_050,,,3.385468833067281
33.22975760640329,16.0632592143791,2025-03-11T15:45:00Z,4,4,4,4,4,4,1,0,0,4,1137.792088031396,63.33966911302033,,,,,,,,48.53099267331295,1114.1634108636317,8.40000057220459,PS_050,,,3.747195970918526
34.14422265170248,15.853402309516438,2025-03-11T16:00:00Z,3,3,3,3,3,3,1,0,0,3,1121.8986491059145,71.46006488579599,,,,,,,,57.95788209830524,1117.9544833605976,8.40000057220459,PS_050,,,2.909218835180493
33.82242096153007,15.691661266596862,2025-03-11T16:15:00Z,4,4,4,4,4,4,1,0,0,4,1055.6846307395178,72.43387705487433,,,,,,,,56.7668090786608,1091.1247917766154,8.40000057220459,PS_050,,,3.305737194158937
33.48794065786364,15.78327523779986,2025-03-11T16:30:00Z,3,3,3,3,3,3,1,0,0,3,1037.3539732720858,69.7737952525445,,,,,,,,54.72102784068864,1034.7359511276325,8.40000057220459,PS_050,,,3.209406132302253
34.570218496038194,15.735768348244152,2025-03-11T16:45:00Z,4,4,4,4,4,4,1,0,0,4,1010.5151452646858,71.98874081814243,,,,,,,,54.43646110520232,1003.2193415586152,8.40000057220459,PS_050,,,3.5798916381432697
34.04471181181802,15.611319549984618,2025-03-11T17:00:00Z,4,4,4,4,4,4,1,0,0,4,975.9476981319092,75.91506845186768,,,,,,,,55.4240276546771,967.6831114321152,8.40000057220459,PS_050,,,2.653862166388629
34.35388377152218,15.243799844742332,2025-03-11T17:15:00Z,3,3,3,3,3,3,1,0,0,3,787.1733292929883,66.34635872276574,,,,,,,,55.92809358910519,779.8045383258465,8.40000057220459,PS_050,,,0.7809589640199843
32.81008497090619,14.070549438841674,2025-03-11T17:30:00Z,3,3,3,3,3,3,1,0,0,3,286.69643809222805,55.63680286200014,,,,,,,,43.284506919077586,309.8406553340455,8.40000057220459,PS_050,,,2.3280429500951976
34.19435210663904,15.100348325666284,2025-03-11T17:45:00Z,4,4,4,4,4,4,1,0,0,4,711.1997211998148,69.45472606167132,,,,,,,,47.42962764201978,697.2268587263221,8.40000057220459,PS_050,,,2.2174098918901843
33.32361433560232,14.090315377052496,2025-03-11T18:00:00Z,4,4,4,4,4,4,1,0,0,4,260.7647614693193,20.01157947735385,,,,,,,,42.93025798877807,239.34397333460134,8.40000057220459,PS_050,,,2.569525222211681
33.54583797779507,14.987962716458016,2025-03-11T18:15:00Z,3,3,3,3,3,3,1,0,0,3,612.1824476257368,74.56297082427892,,,,,,,,41.37152677863044,610.7594432989389,8.40000057220459,PS_050,,,3.3918542112750085
34.6464610652374,15.013960911259263,2025-03-11T18:30:00Z,4,4,4,4,4,4,1,0,0,4,672.9121534028332,91.33741271402866,,,,,,,,46.66408883982014,670.0356648722455,8.40000057220459,PS_050,,,3.065418343254145
35.07844470620534,14.853429684885988,2025-03-11T18:45:00Z,3,3,3,3,3,3,1,0,0,3,604.4181202496206,90.70654942226523,,,,,,,,46.973677581346394,603.063495902829,8.40000057220459,PS_050,,,3.555458388615302
34.27583537881962,14.800604968576808,2025-03-11T19:00:00Z,4,4,4,4,4,4,1,0,0,4,554.6466207407904,91.60110964911733,,,,,,,,45.31665903370878,554.8121126471806,8.40000057220459,PS_050,,,2.9451726752972736
35.474361092518194,14.688925319012952,2025-03-11T19:15:00Z,3,3,3,3,3,3,1,0,0,3,490.15215374591037,88.7297724533763,,,,,,,,44.67663622817564,489.77088491970625,8.40000057220459,PS_050,,,1.5673222373138538
32.93135233608054,13.942166227312661,2025-03-11T19:30:00Z,4,4,4,4,4,4,1,0,0,4,126.25588948019573,17.784481692489635,,,,,,,,37.803566165563254,126.78729055064089,8.40000057220459,PS_050,,,2.33247091807486
32.72333523178132,14.203901739358901,2025-03-11T19:45:00Z,3,3,3,3,3,3,1,0,0,3,272.94889638418886,59.69213324906914,,,,,,,,33.42495678799157,286.97367970550596,8.40000057220459,PS_050,,,2.57757497277459
33.78530242951461,14.37554681069034,2025-03-11T20:00:00Z,4,4,4,4,4,4,1,0,0,4,252.38695784300128,58.104303086046635,,,,,,,,36.51619587043916,262.92011770825724,8.40000057220459,PS_050,,,2.096141917583798
32.8967408866589,14.170079949915356,2025-03-11T20:15:00Z,4,4,4,4,4,4,1,0,0,4,177.09640011085335,24.699421338558533,,,,,,,,33.577851762206926,160.71268879833463,8.40000057220459,PS_050,,,2.1332243580015775
33.015145752365584,14.21495430947582,2025-03-11T20:30:00Z,3,3,3,3,3,3,1,0,0,3,176.60583124512127,25.168055753874924,,,,,,,,32.042478653019835,162.2406618087368,8.40000057220459,PS_050,,,1.847803828969302
32.341098220638614,14.082174693148573,2025-03-11T20:45:00Z,3,3,3,3,3,3,1,0,0,3,89.38163030374072,16.278435207035344,,,,,,,,30.63146221867836,112.16629835670591,8.40000057220459,PS_050,,,1.2900494859406444
31.250844008295225,13.96383444045851,2025-03-11T21:00:00Z,4,4,4,4,4,4,1,0,0,4,35.77584117748634,8.71834239015149,,,,,,,,28.644993543085096,54.407644950969726,8.40000057220459,PS_050,,,1.5634355957380646
29.815739850222457,13.798171952677176,2025-03-11T21:15:00Z,3,3,3,3,3,3,1,0,0,3,11.58192815464287,0.3888546149161867,,,,,,,,26.39097732897468,12.018121546125371,8.40000057220459,PS_050,,,1.2110479933276501
28.695794538983996,13.605153224262203,2025-03-11T21:30:00Z,4,4,4,4,4,4,1,0,0,4,1.1973662464625572,-0.49224064402253787,,,,,,,,24.31860521113805,0.8386584142762161,8.40000057220459,PS_050,,,0.6741933223457135
28.27872085057283,13.486874155762871,2025-03-11T21:45:00Z,4,4,4,4,4,4,1,0,0,4,-1.79377268722418,-0.7857115696727333,,,,,,,,23.029783418698916,-1.819513945140176,8.40000057220459,PS_050,,,0.620189799486243
28.25083795998625,13.4726854178549,2025-03-11T22:00:00Z,3,3,3,3,3,3,1,0,0,3,-1.8130547561901225,-0.7018261700413687,,,,,,,,22.14448328894424,-1.700943037621699,8.40000057220459,PS_050,,,0.5250132379160187
28.111504902874678,13.491906907739194,2025-03-11T22:15:00Z,4,4,4,4,4,4,1,0,0,4,-1.7975669227128284,-0.6864633498851207,,,,,,,,21.841755153202314,-1.7027507222985174,8.40000057220459,PS_050,,,0.648706307421495
27.06433251167057,13.5050769177937,2025-03-11T22:30:00Z,3,3,3,3,3,3,1,0,0,3,-1.72115421273857,-0.9718577933251519,,,,,,,,21.331951721339124,-2.2095759127896955,8.40000057220459,PS_050,,,0.5755275777854579
25.745954105274276,13.503232926766053,2025-03-11T22:45:00Z,4,4,4,4,4,4,1,0,0,4,-1.8286365532479574,-0.69023532891371,,,,,,,,20.34545050048167,-1.5346906446411805,8.40000057220459,PS_050,,,0.012639437524593441
25.972060303976008,13.495694043445344,2025-03-11T23:00:00Z,3,3,3,3,3,3,1,0,0,3,-1.6673741767787111,-0.40798143717369384,,,,,,,,20.158248782646154,-1.2649685491929914,8.40000057220459,PS_050,,,0.49406229306923605
26.10409487243561,13.494933128356934,2025-03-11T23:15:00Z,4,4,4,4,4,4,1,0,0,4,-1.8791960820339824,-0.47480871173298717,,,,,,,,20.2038024659311,-1.3017689546867308,8.40000057220459,PS_050,,,1.6972513917390784
26.144422003715157,13.489466667175293,2025-03-11T23:30:00Z,3,3,3,3,3,3,1,0,0,3,-2.13273412616024,-0.5482777972880748,,,,,,,,20.91510681872957,-1.1134260847393682,8.40000057220459,PS_050,,,1.877501742213034
26.285754590152923,13.484411666987766,2025-03-11T23:45:00Z,4,4,4,4,4,4,1,0,0,4,-2.002048184092942,-0.5923630801382097,,,,,,,,20.831683600405533,-1.285299010733239,8.40000057220459,PS_050,,,1.730033220657861
26.35216068127973,13.47921657562256,2025-03-12T00:00:00Z,3,3,3,3,3,3,1,0,0,3,-1.9680934301410569,-0.5972729849172531,,,,,,,,20.88232770027427,-1.3407238635087875,8.40000057220459,PS_050,,,1.425422730416067
25.994897348364212,13.473749160766602,2025-03-12T00:15:00Z,4,4,4,4,4,4,1,0,0,4,-1.760992574353603,-0.6456661098890113,,,,,,,,20.53235939455195,-1.2626101602185693,8.40000057220459,PS_050,,,0.7732203996743919
26.608209481915747,13.469695164364618,2025-03-12T00:30:00Z,4,4,4,4,4,4,1,0,0,4,-1.8492752936262442,-0.5904310926964543,,,,,,,,20.5,-1.1276400324135694,8.40000057220459,PS_050,,,0.4226918853336564
25.24822574168922,13.464411181987055,2025-03-12T00:45:00Z,3,3,3,3,3,3,1,0,0,3,-1.3745596956383785,-0.39516088981979614,,,,,,,,20.55000438591234,-1.4859776383552423,8.40000057220459,PS_050,,,2.2320927521785983
24.646139518556346,13.458673402164255,2025-03-12T01:00:00Z,4,4,4,4,4,4,1,0,0,4,-1.6710781008358557,-0.5757600171744136,,,,,,,,20.210165826457185,-1.9194867875191644,8.40000057220459,PS_050,,,1.2018971373368743
24.17608343179804,13.455109578907523,2025-03-12T01:15:00Z,4,4,4,4,4,4,1,0,0,4,-1.6544838020621329,-0.49359435876109153,,,,,,,,19.371031326814343,-1.6928256517177862,8.40000057220459,PS_050,,,0.9754535175965335
24.141148134525945,13.45150691219923,2025-03-12T01:30:00Z,3,3,3,3,3,3,1,0,0,3,-1.6076208209744909,-0.41975840115872043,,,,,,,,20.0,-1.6825999249304155,8.40000057220459,PS_050,,,1.4608312581137055
23.610606765716092,13.446910322462768,2025-03-12T01:45:00Z,4,4,4,4,4,4,1,0,0,4,-1.5754800263857138,-0.43601728427663006,,,,,,,,19.315850343635834,-1.620159244763316,8.40000057220459,PS_050,,,0.8788070041223364
23.4856182609248,13.440339017333159,2025-03-12T02:00:00Z,4,4,4,4,4,4,1,0,0,4,-1.606483460782226,-0.36660802932073544,,,,,,,,19.322508440993133,-1.6526944280233806,8.40000057220459,PS_050,,,2.121037530749485
23.359616701623285,13.432847390107101,2025-03-12T02:15:00Z,3,3,3,3,3,3,1,0,0,3,-1.579958730512012,-0.35288793383823086,,,,,,,,19.700000762939453,-1.7687903644935596,8.40000057220459,PS_050,,,2.1612221143931007
23.189343315660174,13.429770674604555,2025-03-12T02:30:00Z,4,4,4,4,4,4,1,0,0,4,-1.4344316502410084,-0.3283179882689593,,,,,,,,19.52656375316879,-1.6036118462642146,8.40000057220459,PS_050,,,1.726798431359057
22.64329882911869,13.426600456237791,2025-03-12T02:45:00Z,4,4,4,4,4,4,1,0,0,4,-1.5156918726560413,-0.3222130369875286,,,,,,,,19.08649166633705,-1.4470625699082176,8.40000057220459,PS_050,,,1.4990066421560921
22.800003051757812,13.424970212579028,2025-03-12T03:00:00Z,3,3,3,3,3,3,1,0,0,3,-1.6125801796322043,-0.380515255060799,,,,,,,,19.00135826210356,-1.3659883815151832,8.40000057220459,PS_050,,,2.2447968861785608
22.853499042121108,13.417035526493327,2025-03-12T03:15:00Z,4,4,4,4,4,4,1,0,0,4,-1.5325670435511682,-0.31554871843525995,,,,,,,,19.27630546879153,-1.467971521170817,8.40000057220459,PS_050,,,1.6997505691852812
21.6323140159192,13.413665387276,2025-03-12T03:30:00Z,4,4,4,4,4,4,1,0,0,4,-1.3943837174725557,-0.5192514341902139,,,,,,,,18.19803502740881,-1.7360681243735632,8.40000057220459,PS_050,,,0.2609370843800981
21.81586294044091,13.410882949829102,2025-03-12T03:45:00Z,3,3,3,3,3,3,1,0,0,3,-1.5725633042109823,-0.37185957599434294,,,,,,,,17.334337297847572,-1.3637432158166527,8.40000057220459,PS_050,,,0.4290820933895791
22.11179788753644,13.406235826397493,2025-03-12T04:00:00Z,4,4,4,4,4,4,1,0,0,4,-1.481798942869252,-0.31898888708056544,,,,,,,,17.286714341842554,-1.3347371629934206,8.40000057220459,PS_050,,,0.23317173399080762
21.14260777814395,13.401446441580177,2025-03-12T04:15:00Z,3,3,3,3,3,3,1,0,0,3,-1.645829717959043,-0.41802052543456913,,,,,,,,16.750973948943066,-1.456704152397851,8.40000057220459,PS_050,,,0.10466520753766455
21.181834473992723,13.400633811950682,2025-03-12T04:30:00Z,4,4,4,4,4,4,1,0,0,4,-1.723073426484887,-0.252234936692671,,,,,,,,16.668353541835486,-1.2364809923810212,8.40000057220459,PS_050,,,0.010820752897602882
22.06589233575908,13.396017415785515,2025-03-12T04:45:00Z,4,4,4,4,4,4,1,0,0,4,-1.4626457778621003,-0.23247511311015348,,,,,,,,16.817624753642455,-1.1557131181141143,8.40000057220459,PS_050,,,0.4540134507618338
22.18474350742274,13.390541504344668,2025-03-12T05:00:00Z,3,3,3,3,3,3,1,0,0,3,-1.7107393362993986,-0.3239535767307707,,,,,,,,17.507629583762686,-1.4925443317455267,8.40000057220459,PS_050,,,1.0954825894121352
21.576494023174373,13.388937013832667,2025-03-12T05:15:00Z,4,4,4,4,4,4,1,0,0,4,-1.6229343911385345,-0.37386568058495845,,,,,,,,17.03853260495888,-1.4885927196863085,8.40000057220459,PS_050,,,0.0839104926117058
20.102666486706692,13.387786845952927,2025-03-12T05:30:00Z,4,4,4,4,4,4,1,0,0,4,-1.3968035693252074,-0.4268578877904579,,,,,,,,16.46655346554768,-1.1890258925500958,8.40000057220459,PS_050,,,0.5997139668586496
21.145746289569576,13.384916305541989,2025-03-12T05:45:00Z,3,3,3,3,3,3,1,0,0,3,-1.2645595675721197,-0.22114092845250966,,,,,,,,16.751347216536928,-0.8907239524183361,8.40000057220459,PS_050,,,0.30769658008060935
21.96804058114287,13.379449844360352,2025-03-12T06:00:00Z,4,4,4,4,4,4,1,0,0,4,-1.7880668170231495,-0.3217040731477007,,,,,,,,17.018825737760512,-1.024337348589614,8.40000057220459,PS_050,,,0.973821734592158
21.84711558425228,13.378191329750841,2025-03-12T06:15:00Z,4,4,4,4,4,4,1,0,0,4,-1.6085329669051753,-0.372647227748102,,,,,,,,16.85490109137989,-1.0910127531030855,8.40000057220459,PS_050,,,0.24444564999221807
21.921076256696626,13.378298306827391,2025-03-12T06:30:00Z,3,3,3,3,3,3,1,0,0,3,-1.4651738337516285,-0.28163002301619466,,,,,,,,16.915227818738025,-0.9733757063342728,8.40000057220459,PS_050,,,0.04001747339117705
21.35770519462414,13.373982429504396,2025-03-12T06:45:00Z,4,4,4,4,4,4,1,0,0,4,-1.595520676474779,-0.3083862160886323,,,,,,,,16.5,-0.9238092032859113,8.40000057220459,PS_050,,,0.23903489050801902
21.842428470513575,13.373982429504395,2025-03-12T07:00:00Z,3,3,3,3,3,3,1,0,0,3,-1.4663142227738384,-0.5012845575457126,,,,,,,,17.320233143495162,-1.0992174530366698,8.40000057220459,PS_050,,,1.8964740127488229
22.000431537742735,13.370513386199791,2025-03-12T07:15:00Z,4,4,4,4,4,4,1,0,0,4,-1.3482765576641886,-0.3549218870376811,,,,,,,,17.700832661129294,-0.9989940813697376,8.40000057220459,PS_050,,,1.8524902289594536
21.75811387396996,13.369176468432787,2025-03-12T07:30:00Z,4,4,4,4,4,4,1,0,0,4,-1.3447135623820776,-0.44893870833677035,,,,,,,,17.690073185201825,-1.2944300874879289,8.40000057220459,PS_050,,,1.7545156132182353
21.68846258371762,13.368309986403126,2025-03-12T07:45:00Z,3,3,3,3,3,3,1,0,0,3,-1.3830181953773613,-0.4140124739398843,,,,,,,,17.799999237060543,-1.073609870173908,8.40000057220459,PS_050,,,1.5805833167155172
21.554581514108932,13.368872223319123,2025-03-12T08:00:00Z,10,10,10,10,10,10,1,0,0,10,-1.3366189472484753,-0.39362460479373473,,,,,,,,17.694716908729692,-1.1830183428194876,8.40000057220459,PS_050,,,1.567320903361828
21.621164375937507,13.367091827253846,2025-03-12T08:15:00Z,15,15,15,15,15,15,1,0,0,15,-1.4948524484641883,-0.498957438673612,,,,,,,,17.955658929251697,-1.255423367294065,8.40000057220459,PS_050,,,1.9127448498363462
21.458446992708602,13.36555803341597,2025-03-12T08:30:00Z,15,15,15,15,15,15,1,0,0,15,-1.3364996016229487,-0.38849831259807344,,,,,,,,18.362890353572993,-1.2427618221682948,8.40000057220459,PS_050,,,2.2984815992121184
21.226782959993447,13.364993497771717,2025-03-12T08:45:00Z,15,15,15,15,15,15,1,0,0,15,-1.272078767559397,-0.34316170617920216,,,,,,,,18.399999618530273,-1.2307762357153877,8.40000057220459,PS_050,,,2.563239170135651
21.108954642696798,13.361625225607138,2025-03-12T09:00:00Z,8,8,8,8,8,8,1,0,0,8,-0.3692579033596201,-0.06832844500821687,,,,,,,,18.507295318524964,-0.24107344850390727,8.40000057220459,PS_050,,,2.9116696515044267
20.819582502265103,13.390211897882917,2025-03-12T09:15:00Z,4,4,4,4,4,4,1,0,0,4,8.657967330177996,1.171191775239823,,,,,,,,18.731728840713792,9.316145951130709,8.40000057220459,PS_050,,,3.270708455774874
21.083270001357903,13.582121136535818,2025-03-12T09:30:00Z,4,4,4,4,4,4,1,0,0,4,34.378167667340236,4.586746590575665,,,,,,,,19.01176336551367,39.98026813197323,8.40000057220459,PS_050,,,2.7098338509122364
20.950491641046543,13.992392516832917,2025-03-12T09:45:00Z,3,3,3,3,3,3,1,0,0,3,61.28667491841792,8.589363436341891,,,,,,,,19.656784181697446,70.21900834755995,8.40000057220459,PS_050,,,2.8673312806565074
21.598143627909064,14.53082469899166,2025-03-12T10:00:00Z,4,4,4,4,4,4,1,0,0,4,111.68300997159838,18.110795836783577,,,,,,,,20.716804102423588,146.71144556651777,8.40000057220459,PS_050,,,2.541232484907226
22.71600846980578,15.041182651327755,2025-03-12T10:15:00Z,3,3,3,3,3,3,1,0,0,3,189.73775889094648,29.23482760631414,,,,,,,,23.018480125480323,209.6550954751415,8.40000057220459,PS_050,,,1.7672986586343358
23.73905442120935,16.597187534392113,2025-03-12T10:30:00Z,4,4,4,4,4,4,1,0,0,4,273.3010813547709,50.36313133300249,,,,,,,,25.960734991080283,291.3865754060515,8.40000057220459,PS_050,,,2.627406955301617
24.111446598474032,16.780091575029072,2025-03-12T10:45:00Z,4,4,4,4,4,4,1,0,0,4,320.28282494290534,61.36434655693932,,,,,,,,27.814973604565566,334.5192407705618,8.40000057220459,PS_050,,,3.6641719772212937
24.57388233424882,16.801400552198384,2025-03-12T11:00:00Z,3,3,3,3,3,3,1,0,0,3,407.08831207769276,73.92766006086268,,,,,,,,29.603762348785956,420.318023075757,8.40000057220459,PS_050,,,3.9180171125624605
25.41427468048861,16.920630726922425,2025-03-12T11:15:00Z,4,4,4,4,4,4,1,0,0,4,523.3368744238733,85.92138972520739,,,,,,,,32.03223080743348,540.2163124995587,8.40000057220459,PS_050,,,4.255328430966511
25.59668081830388,16.36280450656669,2025-03-12T11:30:00Z,3,3,3,3,3,3,1,0,0,3,508.44878479657405,77.5555234266271,,,,,,,,31.82522322221086,524.2838818202731,8.40000057220459,PS_050,,,5.031231119751911
26.345602819370214,16.764899753965242,2025-03-12T11:45:00Z,4,4,4,4,4,4,1,0,0,4,643.3881370421324,82.36158853506241,,,,,,,,32.14404127989215,659.0103647216697,8.40000057220459,PS_050,,,5.330429639822103
26.47544688327801,15.188061863996673,2025-03-12T12:00:00Z,4,4,4,4,4,4,1,0,0,4,399.46483228646116,43.00564797974013,,,,,,,,33.00906846710664,399.48484007464674,8.40000057220459,PS_050,,,4.744001084427543
27.67825525101934,16.459497395547327,2025-03-12T12:15:00Z,3,3,3,3,3,3,1,0,0,3,703.3092930626564,86.1452431369339,,,,,,,,36.259474627373464,723.9832672139937,8.40000057220459,PS_050,,,4.521495546315593
28.762293133146844,16.180571954791827,2025-03-12T12:30:00Z,4,4,4,4,4,4,1,0,0,4,717.3362830425507,81.7155653642314,,,,,,,,39.25828814050519,747.6870592970707,8.40000057220459,PS_050,,,3.3260761475102085
29.606113496234002,16.136904277822893,2025-03-12T12:45:00Z,3,3,3,3,3,3,1,0,0,3,751.9578695096985,78.04049997339084,,,,,,,,40.676622263281985,789.0468375506846,8.40000057220459,PS_050,,,4.879303408252826
29.5349441535997,16.160961701785208,2025-03-12T13:00:00Z,4,4,4,4,4,4,1,0,0,4,787.9276718251458,73.93403544586062,,,,,,,,42.4495076676872,826.6752809424412,8.40000057220459,PS_050,,,4.233782049344714
29.898302188630794,16.136016367104187,2025-03-12T13:15:00Z,4,4,4,4,4,4,1,0,0,4,837.9526879377353,69.82285155298084,,,,,,,,43.944367539374234,867.8888132024113,8.40000057220459,PS_050,,,2.580324046349213
30.169206974883906,16.18527350169857,2025-03-12T13:30:00Z,3,3,3,3,3,3,1,0,0,3,885.0406998752801,65.90721238674992,,,,,,,,44.585287455229036,904.7002991324182,8.40000057220459,PS_050,,,3.0509855944802915
30.987004707157013,16.12567833377537,2025-03-12T13:45:00Z,4,4,4,4,4,4,1,0,0,4,927.9332423206729,62.89001305532458,,,,,,,,46.07406415713176,933.5416595242052,8.40000057220459,PS_050,,,4.304144494799423
31.232022850901195,16.146940401969832,2025-03-12T14:00:00Z,3,3,3,3,3,3,1,0,0,3,961.5733854049035,61.368720002375646,,,,,,,,45.79493929865283,961.6485974014919,8.40000057220459,PS_050,,,6.185185713753042
31.624453791485074,16.04056811401501,2025-03-12T14:15:00Z,4,4,4,4,4,4,1,0,0,4,984.0379892042824,59.339827835393706,,,,,,,,48.095256269863576,982.4750930734491,8.40000057220459,PS_050,,,3.311393139489312
32.212606538034386,16.00189223237941,2025-03-12T14:30:00Z,4,4,4,4,4,4,1,0,0,4,1003.0273909825792,57.925755185053475,,,,,,,,49.12065047423018,1000.5052775059735,8.40000057220459,PS_050,,,3.946126843390868
32.3602116992421,16.044286932208074,2025-03-12T14:45:00Z,3,3,3,3,3,3,1,0,0,3,1018.4315368665325,57.86197679483155,,,,,,,,49.03444380630242,1017.6044559065745,8.40000057220459,PS_050,,,4.745077950068426
32.57344266627093,15.950168335679539,2025-03-12T15:00:00Z,4,4,4,4,4,4,1,0,0,4,1024.6613112398736,57.166662929159386,,,,,,,,51.28836477224892,1026.394462257979,8.40000057220459,PS_050,,,4.371608685957448
32.30737582056944,15.997069235483169,2025-03-12T15:15:00Z,3,3,3,3,3,3,1,0,0,3,1024.0290872201135,57.73201436848794,,,,,,,,50.72670451060289,1027.0421735925208,8.40000057220459,PS_050,,,3.312357409634372
32.559265388659675,15.946682017689367,2025-03-12T15:30:00Z,4,4,4,4,4,4,1,0,0,4,1026.855699870101,58.11806650537845,,,,,,,,50.63351843343674,1026.8032826793203,8.40000057220459,PS_050,,,4.811368308015611
32.381642553741244,15.924675101906208,2025-03-12T15:45:00Z,3,3,3,3,3,3,1,0,0,3,1033.6971075145852,59.40237891149932,,,,,,,,51.15569618626222,1032.8568727088702,8.40000057220459,PS_050,,,3.930274385213763
33.297240978132436,15.881847837265962,2025-03-12T16:00:00Z,4,4,4,4,4,4,1,0,0,4,1034.7741863802046,62.747212017410675,,,,,,,,51.096624033718776,1030.6189048899846,8.40000057220459,PS_050,,,4.823620158694668
33.10889127004988,15.072857929944306,2025-03-12T16:15:00Z,4,4,4,4,4,4,1,0,0,4,712.698627185617,47.13118184880471,,,,,,,,52.93672902727208,712.4531709459903,8.40000057220459,PS_050,,,0.6582411826966972
33.422945148076124,15.74474534585994,2025-03-12T16:30:00Z,3,3,3,3,3,3,1,0,0,3,1066.706479127762,74.43795390748947,,,,,,,,50.6674991280645,1065.2457602363593,8.40000057220459,PS_050,,,3.715592960431555
34.66248445058495,15.161067592301375,2025-03-12T16:45:00Z,3,3,3,3,3,3,1,0,0,3,800.6636586005235,59.98249248340351,,,,,,,,58.33255187377786,798.787828471807,8.40000057220459,PS_050,,,1.674361141938778
33.68468909287005,15.494854165905103,2025-03-12T17:00:00Z,4,4,4,4,4,4,1,0,0,4,1053.9026715017067,86.16101120548763,,,,,,,,49.9541275531512,1044.5466151276169,8.40000057220459,PS_050,,,3.230092707770875
32.94906157605367,14.423315038469854,2025-03-12T17:15:00Z,3,3,3,3,3,3,1,0,0,3,442.4404006598761,40.42942296094917,,,,,,,,48.959572386290084,447.4362826292811,8.40000057220459,PS_050,,,2.456679905595529
34.0912651976817,15.416644617644458,2025-03-12T17:30:00Z,4,4,4,4,4,4,1,0,0,4,876.1312020045699,81.9306429756901,,,,,,,,49.051166356993036,869.3144463773045,8.40000057220459,PS_050,,,2.9103305857726403
32.35998203639248,14.137312654789934,2025-03-12T17:45:00Z,3,3,3,3,3,3,1,0,0,3,236.64477111481807,23.89435033888357,,,,,,,,41.52741947399931,238.14843231555975,8.40000057220459,PS_050,,,2.6064183928240117
32.697757984689595,15.117811037234407,2025-03-12T18:00:00Z,3,3,3,3,3,3,1,0,0,3,723.1713986469169,81.24827037445027,,,,,,,,38.6098807595466,713.6481972027746,8.40000057220459,PS_050,,,1.4807851194342596
34.11209311298437,15.066399077578346,2025-03-12T18:15:00Z,4,4,4,4,4,4,1,0,0,4,668.9370827857249,80.89005396743414,,,,,,,,49.4806455488218,667.3336214060736,8.40000057220459,PS_050,,,2.4170171370232056
33.583122292199434,14.543249260299747,2025-03-12T18:30:00Z,3,3,3,3,3,3,1,0,0,3,474.75398681373713,47.930972371297834,,,,,,,,42.14779953029547,456.1472052862654,8.40000057220459,PS_050,,,1.2145819573044554
32.92977791865595,14.48787669108545,2025-03-12T18:45:00Z,4,4,4,4,4,4,1,0,0,4,416.1035332318004,70.14839689747234,,,,,,,,38.40459463305609,446.763046349025,8.40000057220459,PS_050,,,2.3128935497097265
33.823542202162166,14.910831232770958,2025-03-12T19:00:00Z,3,3,3,3,3,3,1,0,0,3,522.6025413980797,86.78504771307206,,,,,,,,41.16278765666371,522.324050228279,8.40000057220459,PS_050,,,2.2402080305025662
33.85031857698487,14.804435517173557,2025-03-12T19:15:00Z,4,4,4,4,4,4,1,0,0,4,477.9559157504562,86.26203602157835,,,,,,,,42.48499264442059,479.2706140494367,8.40000057220459,PS_050,,,2.696581592995244
33.40634911983769,14.379232793134081,2025-03-12T19:30:00Z,4,4,4,4,4,4,1,0,0,4,286.02738215417986,49.17611726772267,,,,,,,,39.87166672055381,284.7349193258634,8.40000057220459,PS_050,,,1.8263281394089759
33.706109798575824,14.583278620581368,2025-03-12T19:45:00Z,3,3,3,3,3,3,1,0,0,3,332.6032855975862,69.0322972427327,,,,,,,,38.68896436154131,342.6978400319423,8.40000057220459,PS_050,,,2.610277277888807
33.60519372338767,14.453296236948086,2025-03-12T20:00:00Z,4,4,4,4,4,4,1,0,0,4,280.2627853935283,59.42508581543219,,,,,,,,37.173412550023336,283.38849931484066,8.40000057220459,PS_050,,,1.5940857011885325
32.72592488728141,14.029548641935106,2025-03-12T20:15:00Z,3,3,3,3,3,3,1,0,0,3,85.52518824556387,11.676164371694671,,,,,,,,34.4919831951302,86.12328126086466,8.40000057220459,PS_050,,,1.0660060790457877
33.14344616776042,14.157041842462394,2025-03-12T20:30:00Z,4,4,4,4,4,4,1,0,0,4,158.91496653372386,23.754889883278505,,,,,,,,31.908729101592684,148.30077204209144,8.40000057220459,PS_050,,,0.7926266984565434
33.43691856088701,14.041103449263117,2025-03-12T20:45:00Z,3,3,3,3,3,3,1,0,0,3,64.31215227627841,11.628766100351648,,,,,,,,30.621054384038914,83.87838238088068,8.40000057220459,PS_050,,,0.15381541501963042
32.034786180927966,13.81981713300268,2025-03-12T21:00:00Z,4,4,4,4,4,4,1,0,0,4,18.004529177254515,1.1612158582817418,,,,,,,,27.70917942257072,20.97929662061598,8.40000057220459,PS_050,,,0.0
30.435724037454918,13.64070991295031,2025-03-12T21:15:00Z,3,3,3,3,3,3,1,0,0,3,4.959269526608515,-0.7860853868439671,,,,,,,,25.386704988443356,4.8109272363106745,8.40000057220459,PS_050,,,0.2833918412274125
29.831992748217356,13.49972645151808,2025-03-12T21:30:00Z,4,4,4,4,4,4,1,0,0,4,0.12921550464493728,-0.631003142505695,,,,,,,,24.830256395443946,-0.17463532192871534,8.40000057220459,PS_050,,,0.9080351828319991
28.59364347903114,13.47800687339463,2025-03-12T21:45:00Z,4,4,4,4,4,4,1,0,0,4,-1.4773645986887245,-0.7536286274968417,,,,,,,,23.857024876826895,-1.743779523607547,8.40000057220459,PS_050,,,0.9590457586139823
27.919751603952808,13.505405926822661,2025-03-12T22:00:00Z,3,3,3,3,3,3,1,0,0,3,-1.5404986351035226,-0.739615947898826,,,,,,,,23.18875450768489,-1.631613892758775,8.40000057220459,PS_050,,,0.8865559564507202
28.102687276177125,13.509906086841626,2025-03-12T22:15:00Z,4,4,4,4,4,4,1,0,0,4,-1.5369433644083237,-0.5232688268961978,,,,,,,,23.25893617499234,-1.2718912571182928,8.40000057220459,PS_050,,,0.6865603429038974
26.684406233111545,13.510649681091309,2025-03-12T22:30:00Z,3,3,3,3,3,3,1,0,0,3,-1.1625814238331207,-0.4301295610766222,,,,,,,,23.399999618530273,-1.265220797153042,8.40000057220459,PS_050,,,1.4127129381497128
26.06355232263456,13.507440485773378,2025-03-12T22:45:00Z,4,4,4,4,4,4,1,0,0,4,-0.4278209218892783,-0.10383301428833207,,,,,,,,23.299954384417628,-1.1625931631768815,8.40000057220459,PS_050,,,3.3513389605490937
25.366705087688644,13.5012340398045,2025-03-12T23:00:00Z,3,3,3,3,3,3,1,0,0,3,-1.236747876148577,-0.3112757823825971,,,,,,,,22.17623769148756,-1.377869293553692,8.40000057220459,PS_050,,,1.8752790507213082
25.073101884272305,13.495729251293316,2025-03-12T23:15:00Z,4,4,4,4,4,4,1,0,0,4,-1.3717080728796367,-0.3445701339361892,,,,,,,,21.843683098318095,-0.8484047911897425,8.40000057220459,PS_050,,,1.550326299740861
24.841721218372825,13.489466667175293,2025-03-12T23:30:00Z,3,3,3,3,3,3,1,0,0,3,-1.2674300405370773,-0.37326076521684837,,,,,,,,21.629851504683227,-0.7066012649999529,8.40000057220459,PS_050,,,0.9540302868436114
24.88646575010449,13.483831615418307,2025-03-12T23:45:00Z,4,4,4,4,4,4,1,0,0,4,-1.0434719749483086,-0.3734114384729961,,,,,,,,21.635516736737163,-0.7013850501320434,8.40000057220459,PS_050,,,1.7010013528006336
24.91310796513927,13.47921657562256,2025-03-13T00:00:00Z,3,3,3,3,3,3,1,0,0,3,-0.9379710499970928,-0.3626741990145826,,,,,,,,22.600514595540773,-0.824523915491102,8.40000057220459,PS_050,,,2.6681616588863935
25.63519309558801,13.473146808951801,2025-03-13T00:15:00Z,4,4,4,4,4,4,1,0,0,4,-1.2425343788513412,-0.4529451216944261,,,,,,,,23.053030967128937,-0.8128972491623497,8.40000057220459,PS_050,,,1.9295083125385957
25.97002778543809,13.469725608390965,2025-03-13T00:30:00Z,4,4,4,4,4,4,1,0,0,4,-1.037927698861332,-0.44047159852696727,,,,,,,,23.573936738643923,-0.9880290954740095,8.40000057220459,PS_050,,,2.7866798396265677
25.946037685137195,13.464527431147808,2025-03-13T00:45:00Z,3,3,3,3,3,3,1,0,0,3,-0.4876049215828436,-0.4708388429171192,,,,,,,,23.700000762939453,-0.8613635154114955,8.40000057220459,PS_050,,,2.7446877803210854
25.865544758651435,13.45981907630823,2025-03-13T01:00:00Z,4,4,4,4,4,4,1,0,0,4,-0.7805269831711883,-0.37826372980662104,,,,,,,,23.500741674000743,-1.0309345241945929,8.40000057220459,PS_050,,,2.0195915602309356
25.048512858237633,13.453249931335447,2025-03-13T01:15:00Z,4,4,4,4,4,4,1,0,0,4,-1.783151851520726,-0.2319765700026581,,,,,,,,21.251237674454053,-3.696655881066908,8.40000057220459,PS_050,,,1.9515765176606166
24.92635908777479,13.449978590692725,2025-03-13T01:30:00Z,3,3,3,3,3,3,1,0,0,3,-1.121451259134188,-0.4080333166813446,,,,,,,,21.000000000000004,-2.0237752100863604,8.40000057220459,PS_050,,,0.5795817074138206
23.374419563109747,13.443146727653318,2025-03-13T01:45:00Z,4,4,4,4,4,4,1,0,0,4,3.584796345344085,0.15833012246264205,,,,,,,,20.586219016765988,0.8002109602676848,8.40000057220459,PS_050,,,2.017805169753763
22.841212987348122,13.441352886168703,2025-03-13T02:00:00Z,3,3,3,3,3,3,1,0,0,3,0.18923647360531204,-0.15965542005145988,,,,,,,,20.09930724023092,0.10204118731621101,8.40000057220459,PS_050,,,1.9326151932082227
21.94143990584276,13.43400118046097,2025-03-13T02:15:00Z,4,4,4,4,4,4,1,0,0,4,-0.10412483246700381,-0.04673740156551993,,,,,,,,19.806153064666944,-0.12337174771447253,8.40000057220459,PS_050,,,3.38084740151592
22.00301224329103,13.432066917419435,2025-03-13T02:30:00Z,4,4,4,4,4,4,1,0,0,4,-0.040211648281456396,-0.22126104209167657,,,,,,,,19.704969999406398,-0.31989626831536844,8.40000057220459,PS_050,,,2.4285105192204797
21.867182121277473,13.42555915105897,2025-03-13T02:45:00Z,3,3,3,3,3,3,1,0,0,3,1.3982943167973765,-0.21072083889417692,,,,,,,,19.642863568569506,0.39051556807465654,8.40000057220459,PS_050,,,2.7817724371752695
21.835329436890657,13.421133041381836,2025-03-13T03:00:00Z,3,3,3,3,3,3,1,0,0,3,0.7031123047915132,-0.2787072242025636,,,,,,,,19.650016649581136,0.03872553584871576,8.40000057220459,PS_050,,,4.038033494414528
21.59578412226447,13.417066525115002,2025-03-13T03:15:00Z,4,4,4,4,4,4,1,0,0,4,0.11683327120415118,-0.16195549794042874,,,,,,,,19.700000762939453,-0.12048258974861592,8.40000057220459,PS_050,,,3.1878865012768034
21.369417798006445,13.41180134948787,2025-03-13T03:30:00Z,3,3,3,3,3,3,1,0,0,3,0.3190398342837192,-0.12244860980334024,,,,,,,,19.700000762939453,0.0783325270824628,8.40000057220459,PS_050,,,5.176848291402306
21.263707492807217,13.40869746791999,2025-03-13T03:45:00Z,4,4,4,4,4,4,1,0,0,4,0.14755280949732738,-0.17477886458271527,,,,,,,,19.74790949348647,0.03195191488353838,8.40000057220459,PS_050,,,2.9661138049103557
21.558699008025673,13.40541648864746,2025-03-13T04:00:00Z,3,3,3,3,3,3,1,0,0,3,0.17718042462135702,-0.31634849671077175,,,,,,,,20.060125137099682,0.24703895621838173,8.40000057220459,PS_050,,,2.059591208161527
21.52261158406297,13.401341325791517,2025-03-13T04:15:00Z,4,4,4,4,4,4,1,0,0,4,0.28482696601390345,-0.28666781322316626,,,,,,,,19.750004046237628,0.14829091467528877,8.40000057220459,PS_050,,,1.7931042661936987
21.98921216026578,13.397112509590455,2025-03-13T04:30:00Z,3,3,3,3,3,3,1,0,0,3,0.36947301851407244,-0.3375066669617312,,,,,,,,19.806784732938702,-0.24217487584587524,8.40000057220459,PS_050,,,1.9194481406147235
21.825702696805482,13.395166397094725,2025-03-13T04:45:00Z,3,3,3,3,3,3,1,0,0,3,-0.7399052874969722,-0.2929749780805347,,,,,,,,19.62842606793277,-0.813731210611059,8.600000381469727,PS_050,,,1.2501479976116803
21.738892218611294,13.391389186740877,2025-03-13T05:00:00Z,4,4,4,4,4,4,1,0,0,4,-0.01507968387393314,-0.26265020316158827,,,,,,,,19.56180441845789,-0.31245270644950207,8.600000381469727,PS_050,,,2.71884655599893
21.40468762214087,13.38841136909902,2025-03-13T05:15:00Z,4,4,4,4,4,4,1,0,0,4,0.1227386931949545,-0.17569516398863744,,,,,,,,19.368489304900574,-0.27740504508095587,8.600000381469727,PS_050,,,2.122618756992647
21.55899771821642,13.384916305541994,2025-03-13T05:30:00Z,3,3,3,3,3,3,1,0,0,3,-0.08929287881929071,-0.23886709267047243,,,,,,,,19.536038621104623,-0.24021423578990783,8.600000381469727,PS_050,,,2.3283616281825528
21.711682459164404,13.384916305541992,2025-03-13T05:45:00Z,3,3,3,3,3,3,1,0,0,3,0.06900989627368391,-0.28262162997045825,,,,,,,,19.88932475064065,-0.1622587965360971,8.800000190734863,PS_050,,,1.4096214611934237
21.47499495509123,13.381415583059052,2025-03-13T06:00:00Z,4,4,4,4,4,4,1,0,0,4,-0.6108236820686236,-0.1804189630576378,,,,,,,,19.70000076293945,-0.3249150546231175,8.800000190734863,PS_050,,,2.6339950799591736
21.565624204948673,13.380308904995001,2025-03-13T06:15:00Z,4,4,4,4,4,4,1,0,0,4,0.20058201586335855,-0.32693100168276545,,,,,,,,19.61313509439656,-0.3499761625395265,8.800000190734863,PS_050,,,3.5513053910187984
21.151123027392284,13.379449844360348,2025-03-13T06:30:00Z,3,3,3,3,3,3,1,0,0,3,-0.4788845068685088,-0.20864903401210858,,,,,,,,19.241993129944092,-0.49352672502261685,8.800000190734863,PS_050,,,2.323933188687164
21.4856714848069,13.37944984436035,2025-03-13T06:45:00Z,4,4,4,4,4,4,1,0,0,4,-0.5271831626218895,-0.25796375952880934,,,,,,,,19.5,-0.5577230242069968,9.0,PS_050,,,1.3690416232779665
21.397404681641834,13.376824273259025,2025-03-13T07:00:00Z,4,4,4,4,4,4,1,0,0,4,-0.6668542525229519,-0.24957388553573845,,,,,,,,19.200000762939457,-0.5079911021440361,9.0,PS_050,,,0.8532923998787678
21.438255811960765,13.373982429504395,2025-03-13T07:15:00Z,3,3,3,3,3,3,1,0,0,3,-0.5584115779876248,-0.27856245454828105,,,,,,,,19.149852931293218,-0.6591357689603969,9.0,PS_050,,,1.0304428627388083
21.040394359449714,13.372554676888004,2025-03-13T07:30:00Z,4,4,4,4,4,4,1,0,0,4,-0.5002295443967844,-0.25931470534143475,,,,,,,,19.046136301718413,-0.5893003979121053,9.0,PS_050,,,1.3401597271366552
21.08403722981634,13.372074934449426,2025-03-13T07:45:00Z,3,3,3,3,3,3,1,0,0,3,-0.5373538735416512,-0.2481849755797799,,,,,,,,18.899999618530273,-0.3938117463034319,9.0,PS_050,,,0.4117971318758474
21.088816568833952,13.372537362223705,2025-03-13T08:00:00Z,10,10,10,10,10,10,1,0,0,10,-0.6113779824892687,-0.2635806252988892,,,,,,,,18.901800764687398,-0.4812498800778947,9.0,PS_050,,,0.33447578650507803
21.2284819063655,13.370926044771378,2025-03-13T08:15:00Z,14,14,14,14,14,14,1,0,0,14,-0.5521878745266208,-0.23141790774536056,,,,,,,,18.929223824529927,-0.696201695999413,9.199999809265137,PS_050,,,1.448162316438508
20.992742813987594,13.37011019245739,2025-03-13T08:30:00Z,15,15,15,15,15,15,1,0,0,15,-0.5317673493645321,-0.2465227204908006,,,,,,,,18.99485041539857,-0.5666853356574493,9.199999809265137,PS_050,,,1.167775055744877
20.85564480893895,13.370020169545523,2025-03-13T08:45:00Z,15,15,15,15,15,15,1,0,0,15,-0.4897057185979529,-0.24094208273880405,,,,,,,,19.17039417671409,-0.48809097939478263,9.199999809265137,PS_050,,,0.8574368261812594
21.00648285577829,13.37018991157179,2025-03-13T09:00:00Z,9,9,9,9,9,9,1,0,0,9,-0.2372940286742872,-0.18348312661618252,,,,,,,,19.200000762939453,-0.41787942743400264,9.199999809265137,PS_050,,,1.3430420304447461
21.039227937904215,13.368406768668574,2025-03-13T09:15:00Z,4,4,4,4,4,4,1,0,0,4,4.216523364289048,0.21626004215256495,,,,,,,,19.025024587633744,4.052793068207637,9.199999809265137,PS_050,,,1.0055150752155908
21.127655492079686,13.417155152025057,2025-03-13T09:30:00Z,4,4,4,4,4,4,1,0,0,4,12.01333245842609,0.8890212825204965,,,,,,,,19.45215345081318,12.040836835994144,9.199999809265137,PS_050,,,1.577661219774721
21.154301722012224,13.488693619269085,2025-03-13T09:45:00Z,3,3,3,3,3,3,1,0,0,3,17.287768719051407,1.260119357092386,,,,,,,,19.5,17.2548947969316,9.199999809265137,PS_050,,,1.3792219607727692
21.287872522663978,13.589966985637595,2025-03-13T10:00:00Z,4,4,4,4,4,4,1,0,0,4,22.859493852637165,1.9082592884170784,,,,,,,,19.823970231310554,23.38586398952918,9.199999809265137,PS_050,,,0.07259120799935485
21.224464360111842,13.740667203562221,2025-03-13T10:15:00Z,3,3,3,3,3,3,1,0,0,3,27.003282955674244,2.56398751849033,,,,,,,,19.784014612630312,27.31946212157378,9.199999809265137,PS_050,,,0.6918552136520106
21.466005857527847,13.88310422492892,2025-03-13T10:30:00Z,4,4,4,4,4,4,1,0,0,4,32.77388243644405,3.2978833142970316,,,,,,,,20.159038524480298,33.29888352475471,9.40000057220459,PS_050,,,0.3774523979167429
21.54444428143888,14.004827300842036,2025-03-13T10:45:00Z,3,3,3,3,3,3,1,0,0,3,32.64984384095394,2.9584380821120964,,,,,,,,20.334068459431997,33.37095646849875,9.40000057220459,PS_050,,,0.3980707403255078
21.4900735962578,14.068482584407198,2025-03-13T11:00:00Z,4,4,4,4,4,4,1,0,0,4,29.13932512837203,2.9567339025465786,,,,,,,,20.25033434925952,30.127671629192744,9.40000057220459,PS_050,,,1.6859258072464214
21.471570430181266,14.16124994221027,2025-03-13T11:15:00Z,3,3,3,3,3,3,1,0,0,3,40.41423079979333,4.433574181026178,,,,,,,,20.253565466013566,41.83195514930384,9.40000057220459,PS_050,,,1.604564210149303
21.543061435698583,14.362051086179289,2025-03-13T11:30:00Z,4,4,4,4,4,4,1,0,0,4,62.54195959601333,6.495047205042407,,,,,,,,20.5,63.34719300826688,9.40000057220459,PS_050,,,2.112947798726514
21.810065553793876,14.682233196698233,2025-03-13T11:45:00Z,3,3,3,3,3,3,1,0,0,3,97.98060705590184,10.400238328056613,,,,,,,,21.08318758030684,99.9648739402132,9.40000057220459,PS_050,,,1.2991889510324601
22.38202211787614,15.720864650484087,2025-03-13T12:00:00Z,4,4,4,4,4,4,1,0,0,4,174.45725300841877,16.782698559682405,,,,,,,,22.09082840729276,177.56966588474202,9.40000057220459,PS_050,,,2.0998554294525342
23.22861740352657,16.827328853176763,2025-03-13T12:15:00Z,3,3,3,3,3,3,1,0,0,3,281.5277933461276,24.78679945026417,,,,,,,,23.64269442192368,285.31585843360165,9.40000057220459,PS_050,,,2.5025231949563818
24.237506813548023,16.583131185773556,2025-03-13T12:30:00Z,4,4,4,4,4,4,1,0,0,4,304.8992863729604,25.75858150024047,,,,,,,,27.605070003488173,310.3281490732427,9.40000057220459,PS_050,,,2.1409010313690797
25.496745372713377,16.47349403421018,2025-03-13T12:45:00Z,3,3,3,3,3,3,1,0,0,3,338.3645830986111,30.125631378596495,,,,,,,,30.732400246109886,347.2243416886836,9.40000057220459,PS_050,,,1.038337830969304
24.895038767759722,15.376381783558172,2025-03-13T13:00:00Z,4,4,4,4,4,4,1,0,0,4,295.7969322633652,26.608795743141066,,,,,,,,29.357287663808663,303.5497580645327,9.40000057220459,PS_050,,,1.622516715980427
26.548076712647347,16.98479865515985,2025-03-13T13:15:00Z,3,3,3,3,3,3,1,0,0,3,776.7932272878166,67.94417651653293,,,,,,,,37.4865259594199,810.8687184211226,9.40000057220459,PS_050,,,1.9637361689079031
27.47790354088646,15.24584225847165,2025-03-13T13:30:00Z,3,3,3,3,3,3,1,0,0,3,412.7370071652451,28.884057908029536,,,,,,,,40.91418907130753,509.1650057768551,9.40000057220459,PS_050,,,1.0775443523865593
29.020430158883805,16.56579762009727,2025-03-13T13:45:00Z,4,4,4,4,4,4,1,0,0,4,944.0750853878603,64.13701961932435,,,,,,,,47.551987021089296,948.449652819162,9.40000057220459,PS_050,,,1.0718262991033967
29.337288721539036,16.451458655255266,2025-03-13T14:00:00Z,3,3,3,3,3,3,1,0,0,3,1027.8565615673208,67.92603366227733,,,,,,,,52.997801363637805,1037.18615744997,9.40000057220459,PS_050,,,1.6099699948625643
29.77829553898703,16.37930859976198,2025-03-13T14:15:00Z,4,4,4,4,4,4,1,0,0,4,1116.3979183440536,69.86231591896794,,,,,,,,55.37755738354353,1104.038240354093,9.40000057220459,PS_050,,,1.8967995579956403
29.50952480606343,16.006157378055725,2025-03-13T14:30:00Z,4,4,4,4,4,4,1,0,0,4,934.7456452530733,59.27606378193156,,,,,,,,52.139101388705086,948.4900298371392,9.40000057220459,PS_050,,,1.0272584815242358
30.3101160839102,16.196433154042733,2025-03-13T14:45:00Z,3,3,3,3,3,3,1,0,0,3,1106.9706246165938,69.58750534198175,,,,,,,,55.31422161404596,1112.6935581332757,9.40000057220459,PS_050,,,1.2627120336866888
31.031249456492525,15.823025516641405,2025-03-13T15:00:00Z,4,4,4,4,4,4,1,0,0,4,1012.704388899636,63.6946269500252,,,,,,,,56.95946099736529,1009.2244641339107,9.40000057220459,PS_050,,,1.8760784719722987
31.13559410986515,16.016847802737146,2025-03-13T15:15:00Z,3,3,3,3,3,3,1,0,0,3,1134.541343285799,72.79141425072154,,,,,,,,58.35779893394699,1135.1264871423396,9.40000057220459,PS_050,,,1.1425236229254379
31.341852092553324,15.678565143421311,2025-03-13T15:30:00Z,4,4,4,4,4,4,1,0,0,4,962.1699569384758,63.62352926974857,,,,,,,,55.670471597469344,977.7687865556924,9.40000057220459,PS_050,,,2.33468014308196
31.213082783166058,15.498253434684507,2025-03-13T15:45:00Z,4,4,4,4,4,4,1,0,0,4,846.147620328438,55.941397984051555,,,,,,,,57.286692417751894,846.5308150741779,9.40000057220459,PS_050,,,1.6363681197643498
30.354703841054572,14.40936672079155,2025-03-13T16:00:00Z,3,3,3,3,3,3,1,0,0,3,227.73157819470697,19.854235068951752,,,,,,,,44.40423666752499,218.72675851177073,9.40000057220459,PS_050,,,1.0530202641973736
29.242349194278535,14.314441949823259,2025-03-13T16:15:00Z,4,4,4,4,4,4,1,0,0,4,155.13481119827236,17.535523431008016,,,,,,,,34.04824736642025,161.768998258633,9.40000057220459,PS_050,,,1.3248459020101626
28.55289494342972,15.60301462954872,2025-03-13T16:30:00Z,3,3,3,3,3,3,1,0,0,3,751.0493723851226,60.40726957404926,,,,,,,,30.5956520343308,838.9262725294323,9.40000057220459,PS_050,,,2.9813571215310875
26.4759533259802,14.404693263410739,2025-03-13T16:45:00Z,4,4,4,4,4,4,1,0,0,4,195.57994202789916,18.631229601342458,,,,,,,,25.578495300888914,199.02383465457638,9.40000057220459,PS_050,,,3.1152250138751785
26.145712299839413,14.201509230707712,2025-03-13T17:00:00Z,3,3,3,3,3,3,1,0,0,3,94.61801957798112,9.618171598290285,,,,,,,,25.18418114220479,97.5493259304798,9.40000057220459,PS_050,,,2.76781094267331
23.952716181932686,14.079640843133511,2025-03-13T17:15:00Z,4,4,4,4,4,4,1,0,0,4,61.9065668912022,6.457228844272355,,,,,,,,22.044402166013132,64.03462319633998,9.40000057220459,PS_050,,,4.9390960675223035
22.604584401280444,14.184357293047944,2025-03-13T17:30:00Z,4,4,4,4,4,4,1,0,0,4,81.66997461471342,6.947088965368387,,,,,,,,20.681493325326553,84.65604749869051,9.40000057220459,PS_050,,,3.168611177273792
22.38358749372671,14.3553715840443,2025-03-13T17:45:00Z,3,3,3,3,3,3,1,0,0,3,93.88824148868461,8.676274047712365,,,,,,,,20.832182752033646,97.91488681235762,9.40000057220459,PS_050,,,2.4675423443852034
22.74585131220481,14.505644558602771,2025-03-13T18:00:00Z,4,4,4,4,4,4,1,0,0,4,112.15325126916547,10.823732676343136,,,,,,,,21.629615358133062,116.7158704770991,9.40000057220459,PS_050,,,1.8723006231247903
23.29305363364375,14.587461741424576,2025-03-13T18:15:00Z,3,3,3,3,3,3,1,0,0,3,123.86023633781447,12.768660147277439,,,,,,,,22.825467382258815,129.0519916334936,9.40000057220459,PS_050,,,2.676779403751003
24.486826327840646,14.64454480945787,2025-03-13T18:30:00Z,4,4,4,4,4,4,1,0,0,4,144.0349681824327,15.523808609025798,,,,,,,,24.67683635858829,149.61944954017684,9.40000057220459,PS_050,,,0.7593447513703282
25.381691979823895,14.76000603459133,2025-03-13T18:45:00Z,3,3,3,3,3,3,1,0,0,3,185.73538324451883,20.657064896701694,,,,,,,,25.66278223184608,192.00162315329905,9.40000057220459,PS_050,,,0.9463154578199682
27.5688694372145,15.10215399357363,2025-03-13T19:00:00Z,4,4,4,4,4,4,1,0,0,4,301.75535382040744,36.67848925666533,,,,,,,,30.905768903860377,310.0129821283809,9.40000057220459,PS_050,,,0.32364242064467985
29.106687759109242,14.916820510023133,2025-03-13T19:15:00Z,3,3,3,3,3,3,1,0,0,3,289.4767289981768,33.00420156473023,,,,,,,,34.174666888968794,295.1425716386083,9.40000057220459,PS_050,,,0.697139578038702
28.480854654981655,14.73026074861428,2025-03-13T19:30:00Z,4,4,4,4,4,4,1,0,0,4,212.88174637189283,24.621438560295623,,,,,,,,33.68815548765707,218.33937913959718,9.40000057220459,PS_050,,,0.8012134406449117
28.713994054627186,14.729100583448329,2025-03-13T19:45:00Z,3,3,3,3,3,3,1,0,0,3,209.00580957355658,26.76406300393002,,,,,,,,32.69098870964312,213.09509104768932,9.40000057220459,PS_050,,,0.8234321639639202
28.12513122777616,14.681292097103917,2025-03-13T20:00:00Z,4,4,4,4,4,4,1,0,0,4,191.32165550632382,27.38216786869731,,,,,,,,31.42896363623497,193.0174863779416,9.40000057220459,PS_050,,,1.3182542619423492
28.173459593694616,14.511620806321195,2025-03-13T20:15:00Z,3,3,3,3,3,3,1,0,0,3,126.79547608029267,15.166022023357336,,,,,,,,29.939994902005264,127.81264450867559,9.40000057220459,PS_050,,,0.386602328007109
27.974937260330286,14.450741493342571,2025-03-13T20:30:00Z,4,4,4,4,4,4,1,0,0,4,105.18706218655339,11.4452614745096,,,,,,,,28.190967257263857,103.75635759776344,9.40000057220459,PS_050,,,0.5929539219365547
27.164292545114105,14.278248248579349,2025-03-13T20:45:00Z,4,4,4,4,4,4,1,0,0,4,49.2508171508689,4.87284175962327,,,,,,,,27.052589254823566,49.40918941159213,9.40000057220459,PS_050,,,0.7331409130336034
26.97409802252655,14.106162265640961,2025-03-13T21:00:00Z,3,3,3,3,3,3,1,0,0,3,24.041298054642905,2.225853317962471,,,,,,,,25.87874510233361,24.309626655911682,9.40000057220459,PS_050,,,0.25181242051136765
26.702150389653283,13.966239047324093,2025-03-13T21:15:00Z,4,4,4,4,4,4,1,0,0,4,6.875274771834653,0.09656141713580246,,,,,,,,24.588072580935098,6.785149094001911,9.40000057220459,PS_050,,,0.11310086561219099
26.808183685177294,13.82574287605767,2025-03-13T21:30:00Z,3,3,3,3,3,3,1,0,0,3,0.02808641819551215,-0.5177867520521181,,,,,,,,23.67015093546171,0.042379930887623846,9.40000057220459,PS_050,,,0.32209233714297775
27.107340718736072,13.736889904083291,2025-03-13T21:45:00Z,4,4,4,4,4,4,1,0,0,4,-1.0144207695249414,-0.5357784831580645,,,,,,,,23.455135144437833,-0.1962071397716509,9.40000057220459,PS_050,,,0.05174426290383301
26.132474258751444,13.662261945220575,2025-03-13T22:00:00Z,3,3,3,3,3,3,1,0,0,3,-1.034247691869987,-0.5743206513493588,,,,,,,,22.899999618530277,-0.8572149055666809,9.40000057220459,PS_050,,,0.0
25.87737530946237,13.59773399111663,2025-03-13T22:15:00Z,4,4,4,4,4,4,1,0,0,4,-1.022930971138013,-0.4477841870136854,,,,,,,,22.728753006383762,-0.7446093363114098,9.40000057220459,PS_050,,,0.0668172148309856
25.816743963751208,13.541766783701382,2025-03-13T22:30:00Z,3,3,3,3,3,3,1,0,0,3,-0.992689674582615,-0.4005387199726652,,,,,,,,22.700000762939453,-0.6462037451542909,9.40000057220459,PS_050,,,0.47484772931841146
25.95524949145567,13.489739034474754,2025-03-13T22:45:00Z,4,4,4,4,4,4,1,0,0,4,-0.8982403449078755,-0.44218636425207664,,,,,,,,22.532923281018174,-0.42501694431229164,9.40000057220459,PS_050,,,0.0
26.016784176524563,13.447519708244212,2025-03-13T23:00:00Z,3,3,3,3,3,3,1,0,0,3,-0.5188081473614002,-0.4077472629257895,,,,,,,,22.399999618530277,-0.42430648447065683,9.40000057220459,PS_050,,,0.033580990754243256
25.444694000564134,13.421887375310153,2025-03-13T23:15:00Z,4,4,4,4,4,4,1,0,0,4,-1.0861590762409126,-0.4254803252080587,,,,,,,,22.352899930961083,-0.6855386621787867,9.40000057220459,PS_050,,,0.007299741095644427
25.725087741697,13.433168975429265,2025-03-13T23:30:00Z,3,3,3,3,3,3,1,0,0,3,-1.1905191744464678,-0.3659372101447896,,,,,,,,22.100000381469723,-0.8725117510356544,9.40000057220459,PS_050,,,0.47905257727885536
25.53700855679532,13.455974676402473,2025-03-13T23:45:00Z,4,4,4,4,4,4,1,0,0,4,-1.1543200860946334,-0.45447094552188383,,,,,,,,21.931139862936814,-1.1120392190644657,9.40000057220459,PS_050,,,2.307892766740058
24.868784774089463,13.46804729325141,2025-03-14T00:00:00Z,3,3,3,3,3,3,1,0,0,3,-1.0419221786179744,-0.29047658439266594,,,,,,,,22.058931290396718,-1.0367259753712037,9.40000057220459,PS_050,,,2.2695558833880387
24.392410072405944,13.473749160766602,2025-03-14T00:15:00Z,4,4,4,4,4,4,1,0,0,4,-0.7294086899741494,-0.2513552544243285,,,,,,,,22.10000038146973,-0.9468376912481273,9.40000057220459,PS_050,,,4.33914852415286
23.68184303640354,13.473749160766602,2025-03-14T00:30:00Z,4,4,4,4,4,4,1,0,0,4,-0.8403651659224153,-0.2350922128287638,,,,,,,,21.450327169469695,-1.070335839511085,9.40000057220459,PS_050,,,1.9463859834821764
23.494802007061217,13.473749160766602,2025-03-14T00:45:00Z,3,3,3,3,3,3,1,0,0,3,-1.0553860679627576,-0.2514883871524636,,,,,,,,20.756599883895586,-1.1733550683625666,9.40000057220459,PS_050,,,1.639181979892364
22.906046947346212,13.47103284736596,2025-03-14T01:00:00Z,4,4,4,4,4,4,1,0,0,4,-1.1946773568333016,-0.39445521008031836,,,,,,,,19.721544779769033,-1.3263180875508918,9.40000057220459,PS_050,,,0.8689351140905816
22.628207854672713,13.466453938053451,2025-03-14T01:15:00Z,4,4,4,4,4,4,1,0,0,4,-1.1415289723181767,-0.27761315353623084,,,,,,,,19.59163397802125,-1.097205013353097,9.40000057220459,PS_050,,,1.5572416482521907
22.24285480485562,13.468071527456104,2025-03-14T01:30:00Z,3,3,3,3,3,3,1,0,0,3,-1.0860491811310797,-0.2468504905372026,,,,,,,,19.367256259966172,-1.2427887231932822,9.40000057220459,PS_050,,,1.376891881288084
22.429246676408642,13.46068369141368,2025-03-14T01:45:00Z,4,4,4,4,4,4,1,0,0,4,-1.3604031046044804,-0.3046419805997854,,,,,,,,19.110335252123996,-1.0374055828899815,9.40000057220459,PS_050,,,1.256180585209204
21.89080471615792,13.458033561706543,2025-03-14T02:00:00Z,3,3,3,3,3,3,1,0,0,3,-1.4677415462287442,-0.386809336864186,,,,,,,,18.606352633886917,-1.393278601867319,9.40000057220459,PS_050,,,0.0
21.838530717372336,13.454800973022909,2025-03-14T02:15:00Z,4,4,4,4,4,4,1,0,0,4,-1.2967365403780864,-0.24928703460363438,,,,,,,,18.8670483210724,-1.2575307846724104,9.40000057220459,PS_050,,,1.389486467191725
21.643071329101932,13.450410104369453,2025-03-14T02:30:00Z,4,4,4,4,4,4,1,0,0,4,-1.2114098640404363,-0.22709126935677787,,,,,,,,18.617119802942668,-1.2317969250725858,9.40000057220459,PS_050,,,1.4696942420394996
21.57314858796828,13.443195143953929,2025-03-14T02:45:00Z,3,3,3,3,3,3,1,0,0,3,-1.3946744206045634,-0.2783680949800081,,,,,,,,18.39999961853027,-1.3567040080857575,9.40000057220459,PS_050,,,1.277924003730887
21.450118231579697,13.441553964969401,2025-03-14T03:00:00Z,4,4,4,4,4,4,1,0,0,4,-1.3146718714150247,-0.26358577970978014,,,,,,,,18.596269404598686,-1.0860642103166787,9.40000057220459,PS_050,,,1.6757351739651885
21.441881471847935,13.437533378601074,2025-03-14T03:15:00Z,4,4,4,4,4,4,1,0,0,4,-1.0764257772868693,-0.25862855304637145,,,,,,,,18.852420335177417,-0.8218822106235723,9.40000057220459,PS_050,,,1.4183964498685457
21.340781325000783,13.432066917419435,2025-03-14T03:30:00Z,3,3,3,3,3,3,1,0,0,3,-0.8164356314739385,-0.21753282460395823,,,,,,,,18.60000038146973,-0.6486675960458589,9.40000057220459,PS_050,,,0.8912863498552351
21.263915302467144,13.428249058772701,2025-03-14T03:45:00Z,4,4,4,4,4,4,1,0,0,4,-0.9044424455901102,-0.23945695156783695,,,,,,,,18.641519065303587,-0.7420158758988022,9.40000057220459,PS_050,,,0.35474021199791217
21.34548102055114,13.423799704640084,2025-03-14T04:00:00Z,4,4,4,4,4,4,1,0,0,4,-1.0569213079105233,-0.22128481169589365,,,,,,,,18.47060582338744,-0.6643441522676876,9.40000057220459,PS_050,,,0.747476497234556
21.34569454914846,13.419286938691018,2025-03-14T04:15:00Z,3,3,3,3,3,3,1,0,0,3,-0.7261245209024162,-0.25044496444287034,,,,,,,,18.5842240667947,-0.8018528697311094,9.40000057220459,PS_050,,,0.0
20.921632912251543,13.415537753326543,2025-03-14T04:30:00Z,4,4,4,4,4,4,1,0,0,4,-0.8844171997337735,-0.2680004637418713,,,,,,,,18.540291317335495,-0.8676616014719628,9.40000057220459,PS_050,,,0.08623204245564098
20.858465605066804,13.409760508448395,2025-03-14T04:45:00Z,3,3,3,3,3,3,1,0,0,3,-0.728486271034827,-0.25373136019461107,,,,,,,,18.588059423325255,-0.5915693692440582,9.40000057220459,PS_050,,,0.0
21.43989744482371,13.404655929636103,2025-03-14T05:00:00Z,4,4,4,4,4,4,1,0,0,4,-0.8907897764611581,-0.17021555125014828,,,,,,,,18.49775288616689,-0.6638763052263861,9.40000057220459,PS_050,,,1.332510450554941
21.49273787662319,13.400633811950684,2025-03-14T05:15:00Z,4,4,4,4,4,4,1,0,0,4,-0.8562157525770238,-0.27777612550752545,,,,,,,,18.188449452061242,-0.7449933502778124,9.40000057220459,PS_050,,,0.5977729031620637
20.8984566849787,13.392102201912897,2025-03-14T05:30:00Z,3,3,3,3,3,3,1,0,0,3,-1.0997650599809965,-0.35876928840377087,,,,,,,,18.39999961853027,-1.0436070190446924,9.40000057220459,PS_050,,,0.013653016386564028
20.617572824970434,13.390435299131562,2025-03-14T05:45:00Z,4,4,4,4,4,4,1,0,0,4,-1.2899847472553734,-0.29343690343741186,,,,,,,,17.926427931369293,-1.005578024908629,9.40000057220459,PS_050,,,0.0
20.823562932764236,13.387924811238047,2025-03-14T06:00:00Z,4,4,4,4,4,4,1,0,0,4,-1.3557721456668765,-0.25831626609188924,,,,,,,,17.631898735487276,-1.1806628978653022,9.40000057220459,PS_050,,,0.6098484117522593
20.964497419053895,13.375936184349953,2025-03-14T06:15:00Z,3,3,3,3,3,3,1,0,0,3,-1.0551333941002263,-0.24449418656621796,,,,,,,,17.49279639110057,-1.2583149123676318,9.40000057220459,PS_050,,,0.8544588604620205
20.61605632720451,13.37664197656843,2025-03-14T06:30:00Z,4,4,4,4,4,4,1,0,0,4,-1.2563163202762024,-0.3062914290704865,,,,,,,,16.94148596747535,-1.118374304685026,9.40000057220459,PS_050,,,0.671548718767029
20.616606218368496,13.372953290650724,2025-03-14T06:45:00Z,3,3,3,3,3,3,1,0,0,3,-1.3790704644635623,-0.30582681440727016,,,,,,,,16.83419148491106,-1.333409740565202,9.40000057220459,PS_050,,,0.13471694050714686
20.585760393166854,13.368332480574736,2025-03-14T07:00:00Z,4,4,4,4,4,4,1,0,0,4,-1.481907995731559,-0.3168905575662491,,,,,,,,16.765328031552194,-1.1270798507510773,9.40000057220459,PS_050,,,0.6616763367682322
20.176130016892415,13.361573165596951,2025-03-14T07:15:00Z,4,4,4,4,4,4,1,0,0,4,-1.5527248428945095,-0.32790589686312854,,,,,,,,16.365254422553146,-1.3172902659853285,9.40000057220459,PS_050,,,0.043714257223535065
20.03143429278803,13.358266830444336,2025-03-14T07:30:00Z,3,3,3,3,3,3,1,0,0,3,-1.5170077038259446,-0.3504131972851282,,,,,,,,16.17000734777373,-1.4164942034442702,9.40000057220459,PS_050,,,0.0
19.741755828805218,13.353483200073244,2025-03-14T07:45:00Z,4,4,4,4,4,4,1,0,0,4,-1.5934052817488644,-0.2656328563297659,,,,,,,,16.0,-1.1987928495814284,9.40000057220459,PS_050,,,0.0
19.78601217939423,13.350656079796229,2025-03-14T08:00:00Z,9,9,9,9,9,9,1,0,0,9,-1.6837398266442227,-0.288752988904248,,,,,,,,16.14775817177236,-1.2354703442590567,9.40000057220459,PS_050,,,0.9821631583947987
20.350130013729146,13.34696381476855,2025-03-14T08:15:00Z,15,15,15,15,15,15,1,0,0,15,-1.631199852143518,-0.3127277331053372,,,,,,,,16.82934402649604,-1.270821345431538,9.40000057220459,PS_050,,,1.71009993110255
20.27068995776344,13.342792434549331,2025-03-14T08:30:00Z,15,15,15,15,15,15,1,0,0,15,-1.440306865652511,-0.2618733091975801,,,,,,,,16.933726042524352,-1.183077299237483,9.40000057220459,PS_050,,,1.190341650747105
20.223634151617535,13.338363240747976,2025-03-14T08:45:00Z,15,15,15,15,15,15,1,0,0,15,-1.3823550079130762,-0.3073816253214629,,,,,,,,16.790865986484864,-1.1050694550010354,9.40000057220459,PS_050,,,0.7258974054840814
20.236900608907934,13.336717873428361,2025-03-14T09:00:00Z,9,9,9,9,9,9,1,0,0,9,-0.9648318270629955,-0.2420670979214375,,,,,,,,16.65975964194718,-0.6282610628278575,9.600000381469727,PS_050,,,0.7121843697959429
19.578969252084008,13.345750196615054,2025-03-14T09:15:00Z,4,4,4,4,4,4,1,0,0,4,4.62694380229963,0.4666968790765811,,,,,,,,16.859207635675176,5.091476595488119,9.600000381469727,PS_050,,,0.5838936029118971
19.687762046565368,13.47762088181396,2025-03-14T09:30:00Z,4,4,4,4,4,4,1,0,0,4,22.80724409663591,3.088628173790409,,,,,,,,16.693338715590357,31.99191362303053,9.600000381469727,PS_050,,,0.4253249749475912
20.039308903808077,13.808932884434757,2025-03-14T09:45:00Z,3,3,3,3,3,3,1,0,0,3,40.8998547881957,6.041359946513409,,,,,,,,17.28218533951432,51.52851892575619,9.600000381469727,PS_050,,,0.2566670334707022
20.902003801066602,14.18158631051532,2025-03-14T10:00:00Z,4,4,4,4,4,4,1,0,0,4,53.77700269166465,7.204413294208767,,,,,,,,18.20748636523219,66.39604257258961,9.600000381469727,PS_050,,,0.7285457827142632
22.137840077340417,14.662543091951939,2025-03-14T10:15:00Z,3,3,3,3,3,3,1,0,0,3,144.02965152272074,20.58036217096857,,,,,,,,19.630429939254043,162.28710192306772,9.600000381469727,PS_050,,,1.1478134885989275
22.62223386998965,15.913336761134506,2025-03-14T10:30:00Z,4,4,4,4,4,4,1,0,0,4,225.6241503836474,39.938996800933324,,,,,,,,21.260200312766496,241.4400043014098,9.600000381469727,PS_050,,,2.0400361974934875
23.179403309580266,16.98899171461332,2025-03-14T10:45:00Z,3,3,3,3,3,3,1,0,0,3,312.5226961660969,57.27914511632039,,,,,,,,24.730157352827135,325.4705696273576,9.600000381469727,PS_050,,,2.577221073620337
24.25693558937933,16.831022729118434,2025-03-14T11:00:00Z,4,4,4,4,4,4,1,0,0,4,376.9675368583664,67.00521705660971,,,,,,,,30.23154249557787,389.9971141003831,9.600000381469727,PS_050,,,1.9243108059141782
25.293695262945118,16.488337136023823,2025-03-14T11:15:00Z,4,4,4,4,4,4,1,0,0,4,437.82327297244956,73.47642723770616,,,,,,,,33.57319260858929,453.26111664241614,9.600000381469727,PS_050,,,1.013436865776253
25.46437555333426,16.285260523726297,2025-03-14T11:30:00Z,3,3,3,3,3,3,1,0,0,3,500.9847960479332,78.27173528969985,,,,,,,,35.473285595445525,516.6631747712661,9.600000381469727,PS_050,,,2.3016258256579882
25.797427900932618,16.093661376107796,2025-03-14T11:45:00Z,4,4,4,4,4,4,1,0,0,4,541.7401731600021,78.48631958709035,,,,,,,,36.160400410591954,554.2065939319539,9.600000381469727,PS_050,,,2.352052195256628
27.048736003955714,16.053157003278947,2025-03-14T12:00:00Z,3,3,3,3,3,3,1,0,0,3,585.8021119307277,78.24315074116858,,,,,,,,39.19402721314624,600.6429874713713,9.600000381469727,PS_050,,,1.3717359687555144
27.09014588592523,16.13704599023094,2025-03-14T12:15:00Z,4,4,4,4,4,4,1,0,0,4,643.9327429651481,78.63619628357027,,,,,,,,41.05775708080274,666.1399980717543,9.600000381469727,PS_050,,,1.9332958806076774
27.338296947247127,16.22569214673349,2025-03-14T12:30:00Z,3,3,3,3,3,3,1,0,0,3,700.1804547038495,78.67277428846711,,,,,,,,41.884711890722784,731.302277552854,9.600000381469727,PS_050,,,1.8116829073952374
28.16905723056956,16.15116106916224,2025-03-14T12:45:00Z,4,4,4,4,4,4,1,0,0,4,742.4116906443479,75.90038341047301,,,,,,,,43.87093759101817,783.3776461636935,9.600000381469727,PS_050,,,1.8228402637446037
28.38978591807567,16.194777511980323,2025-03-14T13:00:00Z,4,4,4,4,4,4,1,0,0,4,784.616326202333,72.31327966731455,,,,,,,,44.477273539822285,827.2730191522537,9.600000381469727,PS_050,,,2.9012017786894906
28.851860333484957,16.175835993497493,2025-03-14T13:15:00Z,3,3,3,3,3,3,1,0,0,3,828.1829460389458,68.16627946061752,,,,,,,,43.5782956980313,865.3523117827787,9.600000381469727,PS_050,,,2.6854476871037694
28.882187904276506,16.1365009556777,2025-03-14T13:30:00Z,3,3,3,3,3,3,1,0,0,3,874.4592295716603,64.84231119706824,,,,,,,,44.48975240924535,899.830058926378,9.600000381469727,PS_050,,,2.4526777286623695
29.280873061888993,16.109058521326368,2025-03-14T13:45:00Z,4,4,4,4,4,4,1,0,0,4,918.1799269722395,61.67075465118544,,,,,,,,46.278390535171404,929.3525849026321,9.600000381469727,PS_050,,,2.1666602095010705
29.655996301107578,16.064755953417112,2025-03-14T14:00:00Z,4,4,4,4,4,4,1,0,0,4,955.1676852795072,59.18377846672477,,,,,,,,48.28288999980467,958.464822988342,9.600000381469727,PS_050,,,2.4918097363046816
30.0900616182857,15.983773540276513,2025-03-14T14:15:00Z,3,3,3,3,3,3,1,0,0,3,984.4744440565485,57.60555668448451,,,,,,,,50.46506557994944,984.4900589513821,9.600000381469727,PS_050,,,2.7651473191099325
30.30273008228243,15.98996088906461,2025-03-14T14:30:00Z,4,4,4,4,4,4,1,0,0,4,1003.8883387040374,56.75394163678587,,,,,,,,51.26175150794341,1002.4211706503593,9.600000381469727,PS_050,,,3.2305723125219346
30.38932905909743,15.941467857213897,2025-03-14T14:45:00Z,3,3,3,3,3,3,1,0,0,3,1016.1435345101123,55.749901140543834,,,,,,,,52.103541982445776,1015.2887505782766,9.600000381469727,PS_050,,,3.1874075198255194
30.64159953650614,15.918986163132123,2025-03-14T15:00:00Z,4,4,4,4,4,4,1,0,0,4,1024.14562448396,55.874766284182435,,,,,,,,52.418918008763924,1023.9067604439502,9.600000381469727,PS_050,,,2.029305714458057
30.675447868708467,15.859426962409204,2025-03-14T15:15:00Z,3,3,3,3,3,3,1,0,0,3,1026.6045495069477,55.479160385997,,,,,,,,54.17262634166666,1025.5396004375266,9.600000381469727,PS_050,,,2.8911448288477235
30.808888016882598,15.781498096458874,2025-03-14T15:30:00Z,4,4,4,4,4,4,1,0,0,4,1020.2437884914124,55.24975351705933,,,,,,,,55.85727713592894,1020.2329548884413,9.600000381469727,PS_050,,,2.5938816921294534
31.5209765084865,15.741223526773355,2025-03-14T15:45:00Z,3,3,3,3,3,3,1,0,0,3,1019.100724296908,56.202811728681155,,,,,,,,56.723471699898184,1017.551823989938,9.600000381469727,PS_050,,,1.16260543745061
31.007189295656108,15.764220637942303,2025-03-14T16:00:00Z,4,4,4,4,4,4,1,0,0,4,1007.267575940321,57.84581250041968,,,,,,,,54.789041027420865,1006.6680852691424,9.600000381469727,PS_050,,,1.8020141883669814
31.071139705723482,15.60989991383572,2025-03-14T16:15:00Z,4,4,4,4,4,4,1,0,0,4,900.3604542316641,54.255772921079505,,,,,,,,52.489703101924775,899.4768347391058,9.600000381469727,PS_050,,,2.3139746766720752
31.339053396066433,15.798203935985715,2025-03-14T16:30:00Z,3,3,3,3,3,3,1,0,0,3,977.670170765127,62.03741927678438,,,,,,,,50.1899761241231,975.570742266447,9.600000381469727,PS_050,,,2.662183609360254
31.770071124839383,15.275170667935894,2025-03-14T16:45:00Z,4,4,4,4,4,4,1,0,0,4,781.1010022515129,54.34299275317766,,,,,,,,52.61121697260958,779.8687862258698,9.600000381469727,PS_050,,,1.572914121630359
31.67456722481046,14.866109634801973,2025-03-14T17:00:00Z,3,3,3,3,3,3,1,0,0,3,630.4288682954069,46.06508607832245,,,,,,,,46.36936531476631,593.1045189138633,9.600000381469727,PS_050,,,1.4005443469918761
31.765173389310753,14.163508450227846,2025-03-14T17:15:00Z,4,4,4,4,4,4,1,0,0,4,236.7343095001368,18.781975410288105,,,,,,,,45.37963374891299,251.1771136899933,9.600000381469727,PS_050,,,1.9868113756360612
31.65103420585511,15.402645259922807,2025-03-14T17:30:00Z,3,3,3,3,3,3,1,0,0,3,813.2309776639888,73.74628836695955,,,,,,,,39.707983540577175,812.1590690083017,9.600000381469727,PS_050,,,1.4908535010190491
33.231380619541824,15.416430097584364,2025-03-14T17:45:00Z,4,4,4,4,4,4,1,0,0,4,845.4011480569135,83.12107342138796,,,,,,,,51.88469734784608,844.3808807392703,9.600000381469727,PS_050,,,1.7246079109142929
33.02040474517224,15.359801416284013,2025-03-14T18:00:00Z,3,3,3,3,3,3,1,0,0,3,785.7770133478929,86.24129639073456,,,,,,,,47.08099442837671,784.5443754461446,9.600000381469727,PS_050,,,2.5355294686540697
33.558170696087345,15.106864315110373,2025-03-14T18:15:00Z,4,4,4,4,4,4,1,0,0,4,729.4900768386008,88.53106895348837,,,,,,,,45.63337615581369,727.9802922832619,9.600000381469727,PS_050,,,2.951309724927083
33.22585385925266,15.035553425912129,2025-03-14T18:30:00Z,3,3,3,3,3,3,1,0,0,3,719.8409237186486,94.33843625133376,,,,,,,,47.766831515439094,719.2678021170519,9.600000381469727,PS_050,,,1.558450460015654
32.63430262459594,14.671350031431075,2025-03-14T18:45:00Z,4,4,4,4,4,4,1,0,0,4,534.1929777828411,74.9921661725301,,,,,,,,40.90937556305536,535.1998781052326,9.600000381469727,PS_050,,,4.140084981884804
32.11655104122758,14.35387265032519,2025-03-14T19:00:00Z,4,4,4,4,4,4,1,0,0,4,318.5141591434911,44.884538046967734,,,,,,,,37.29820530881123,319.80686935954964,9.600000381469727,PS_050,,,2.100575261964489
31.112341616255932,14.101324736706315,2025-03-14T19:15:00Z,3,3,3,3,3,3,1,0,0,3,168.7608507315031,22.16882384968314,,,,,,,,32.88655646087905,170.94408443209286,9.600000381469727,PS_050,,,2.8135668562456924
30.611327499717436,14.03275871311003,2025-03-14T19:30:00Z,3,3,3,3,3,3,1,0,0,3,123.82031701912193,15.034192759730015,,,,,,,,30.65339678246612,126.20307119081207,9.600000381469727,PS_050,,,2.0141946648920097
30.409917600773653,14.197328205402748,2025-03-14T19:45:00Z,4,4,4,4,4,4,1,0,0,4,147.15620127781412,21.70835386639868,,,,,,,,29.935788294130727,150.9059777608271,9.600000381469727,PS_050,,,2.369813937704824
30.4769960079361,14.44011810369621,2025-03-14T20:00:00Z,4,4,4,4,4,4,1,0,0,4,203.72107640529276,36.76914773863938,,,,,,,,30.735765077513996,205.25571988677044,9.600000381469727,PS_050,,,2.9420664805567966
29.7811687523623,14.067581759608553,2025-03-14T20:15:00Z,3,3,3,3,3,3,1,0,0,3,86.75723575790313,10.761437002445923,,,,,,,,29.537676691003377,87.61367845826042,9.600000381469727,PS_050,,,2.374359380467123
29.062855816476485,14.011115678947226,2025-03-14T20:30:00Z,4,4,4,4,4,4,1,0,0,4,67.65377845954488,7.889380074273685,,,,,,,,27.60924773864662,68.29630693297271,9.600000381469727,PS_050,,,2.3730190866779988
28.57585972260758,13.972238723499254,2025-03-14T20:45:00Z,3,3,3,3,3,3,1,0,0,3,45.24999755565103,4.898289621297156,,,,,,,,26.415196839984407,45.92058519619299,9.600000381469727,PS_050,,,1.2077329644980086
28.111138094860568,13.892441175274298,2025-03-14T21:00:00Z,4,4,4,4,4,4,1,0,0,4,27.480465224075278,2.5721218325058146,,,,,,,,25.701882223343453,27.740282679658293,9.600000381469727,PS_050,,,1.5577457172987228
27.512080210220777,13.783100951083247,2025-03-14T21:15:00Z,3,3,3,3,3,3,1,0,0,3,10.403984951849027,0.8706009314621987,,,,,,,,25.088820423513834,10.276884383017036,9.600000381469727,PS_050,,,3.190718957367931
26.169591253362597,13.63298780157329,2025-03-14T21:30:00Z,4,4,4,4,4,4,1,0,0,4,0.7919822227353285,0.2315994046220637,,,,,,,,23.858996561794847,0.18742804297165722,9.600000381469727,PS_050,,,3.472570223613624
25.462785806695276,13.537969676988153,2025-03-14T21:45:00Z,3,3,3,3,3,3,1,0,0,3,-1.1930819278619704,-0.16594656341185268,,,,,,,,22.61407130790615,-1.2915134676728561,9.600000381469727,PS_050,,,1.7491359633747947
24.982475937518068,13.47330228848631,2025-03-14T22:00:00Z,4,4,4,4,4,4,1,0,0,4,-1.2213865544662184,-0.2743267120638307,,,,,,,,21.81368533892149,-1.4329486880680542,9.600000381469727,PS_050,,,1.693240589197019
24.50785047339986,13.452387235873745,2025-03-14T22:15:00Z,3,3,3,3,3,3,1,0,0,3,-1.4414008248570787,-0.3688134878875166,,,,,,,,21.055847114329957,-1.6687016627974407,9.600000381469727,PS_050,,,0.6529942465255069
24.057865301172907,13.456671265272963,2025-03-14T22:30:00Z,4,4,4,4,4,4,1,0,0,4,-1.5759114056935606,-0.4946862141837431,,,,,,,,20.097010154410906,-1.255307714830855,9.600000381469727,PS_050,,,0.04367561976455178
24.136671119498914,13.469923124443627,2025-03-14T22:45:00Z,3,3,3,3,3,3,1,0,0,3,-1.4131521495398003,-0.34893999814378723,,,,,,,,20.17582727949415,-1.0375719227796274,9.600000381469727,PS_050,,,1.1667669538210588
24.173083118379314,13.473749160766602,2025-03-14T23:00:00Z,4,4,4,4,4,4,1,0,0,4,-1.318152957085811,-0.33186365266031015,,,,,,,,20.670128279847166,-1.0854609777925122,9.600000381469727,PS_050,,,1.1382197270705223
24.01156965356209,13.4737491607666,2025-03-14T23:15:00Z,3,3,3,3,3,3,1,0,0,3,-1.152881799743705,-0.35620372317973437,,,,,,,,20.55276609339778,-0.9646217777652549,9.600000381469727,PS_050,,,0.6729449074784067
23.62036192205225,13.473749160766602,2025-03-14T23:30:00Z,4,4,4,4,4,4,1,0,0,4,-1.4480806913931086,-0.35582916426769556,,,,,,,,20.0402679305267,-1.0966233717673046,9.600000381469727,PS_050,,,0.06222248657912048
23.810681866461763,13.469790697616666,2025-03-14T23:45:00Z,3,3,3,3,3,3,1,0,0,3,-1.363885039148702,-0.29673229649423105,,,,,,,,19.700000762939453,-0.9720219775243177,9.600000381469727,PS_050,,,0.003883692045059833
