ambient_temperature_celsius,battery_voltage,datetime,document_count_ambient_temperature_celsius,document_count_battery_voltage,document_count_ghi_irradiance_wm2,document_count_gri_irradiance_wm2,document_count_panel_temperature_celsius,document_count_poa_irradiance_wm2,document_count_precipitation_accumulated_mm,document_count_tracker_albedo_index,document_count_wind_direction_degrees,document_count_wind_speed_ms,ghi_irradiance_wm2,gri_irradiance_wm2,interpolated_keys_ghi_irradiance_wm2,interpolated_keys_poa_irradiance_wm2,panel_temperature_celsius,poa_irradiance_wm2,precipitation_accumulated_mm,ps_id,tracker_albedo_index,wind_direction_degrees,wind_speed_ms
,,2024-09-23T00:00:00Z,0,0,0,0,0,0,0,0,0,0,,,,,,,,PS_019,,,
,,2024-09-23T00:15:00Z,0,0,0,0,0,0,0,0,0,0,,,,,,,,PS_019,,,
,,2024-09-23T00:30:00Z,0,0,0,0,0,0,0,0,0,0,,,,,,,,PS_019,,,
,,2024-09-23T00:45:00Z,0,0,0,0,0,0,0,0,0,0,,,,,,,,PS_019,,,
,,2024-09-23T01:00:00Z,0,0,0,0,0,0,0,0,0,0,,,,,,,,PS_019,,,
,,2024-09-23T01:15:00Z,0,0,0,0,0,0,0,0,0,0,,,,,,,,PS_019,,,
,,2024-09-23T01:30:00Z,0,0,0,0,0,0,0,0,0,0,,,,,,,,PS_019,,,
,,2024-09-23T01:45:00Z,0,0,0,0,0,0,0,0,0,0,,,,,,,,PS_019,,,
,,2024-09-23T02:00:00Z,0,0,0,0,0,0,0,0,0,0,,,,,,,,PS_019,,,
,,2024-09-23T02:15:00Z,0,0,0,0,0,0,0,0,0,0,,,,,,,,PS_019,,,
,,2024-09-23T02:30:00Z,0,0,0,0,0,0,0,0,0,0,,,,,,,,PS_019,,,
,,2024-09-23T02:45:00Z,0,0,0,0,0,0,0,0,0,0,,,,,,,,PS_019,,,
,,2024-09-23T03:00:00Z,0,0,0,0,0,0,0,0,0,0,,,,,,,,PS_019,,,
,,2024-09-23T03:15:00Z,0,0,0,0,0,0,0,0,0,0,,,,,,,,PS_019,,,
,,2024-09-23T03:30:00Z,0,0,0,0,0,0,0,0,0,0,,,,,,,,PS_019,,,
,,2024-09-23T03:45:00Z,0,0,0,0,0,0,0,0,0,0,,,,,,,,PS_019,,,
,,2024-09-23T04:00:00Z,0,0,0,0,0,0,0,0,0,0,,,,,,,,PS_019,,,
,,2024-09-23T04:15:00Z,0,0,0,0,0,0,0,0,0,0,,,,,,,,PS_019,,,
,,2024-09-23T04:30:00Z,0,0,0,0,0,0,0,0,0,0,,,,,,,,PS_019,,,
,,2024-09-23T04:45:00Z,0,0,0,0,0,0,0,0,0,0,,,,,,,,PS_019,,,
,,2024-09-23T05:00:00Z,0,0,0,0,0,0,0,0,0,0,,,,,,,,PS_019,,,
,,2024-09-23T05:15:00Z,0,0,0,0,0,0,0,0,0,0,,,,,,,,PS_019,,,
,,2024-09-23T05:30:00Z,0,0,0,0,0,0,0,0,0,0,,,,,,,,PS_019,,,
,,2024-09-23T05:45:00Z,0,0,0,0,0,0,0,0,0,0,,,,,,,,PS_019,,,
,,2024-09-23T06:00:00Z,0,0,0,0,0,0,0,0,0,0,,,,,,,,PS_019,,,
,,2024-09-23T06:15:00Z,0,0,0,0,0,0,0,0,0,0,,,,,,,,PS_019,,,
,,2024-09-23T06:30:00Z,0,0,0,0,0,0,0,0,0,0,,,,,,,,PS_019,,,
,,2024-09-23T06:45:00Z,0,0,0,0,0,0,0,0,0,0,,,,,,,,PS_019,,,
,,2024-09-23T07:00:00Z,0,0,0,0,0,0,0,0,0,0,,,,,,,,PS_019,,,
,,2024-09-23T07:15:00Z,0,0,0,0,0,0,0,0,0,0,,,,,,,,PS_019,,,
,,2024-09-23T07:30:00Z,0,0,0,0,0,0,0,0,0,0,,,,,,,,PS_019,,,
,,2024-09-23T07:45:00Z,0,0,0,0,0,0,0,0,0,0,,,,,,,,PS_019,,,
,,2024-09-23T08:00:00Z,0,0,0,0,0,0,0,0,0,0,,,,,,,,PS_019,,,
,,2024-09-23T08:15:00Z,0,0,0,0,0,0,0,0,0,0,,,,,,,,PS_019,,,
,,2024-09-23T08:30:00Z,0,0,0,0,0,0,0,0,0,0,,,,,,,,PS_019,,,
,,2024-09-23T08:45:00Z,0,0,0,0,0,0,0,0,0,0,,,,,,,,PS_019,,,
,,2024-09-23T09:00:00Z,0,0,0,0,0,0,0,0,0,0,,,,,,,,PS_019,,,
,,2024-09-23T09:15:00Z,0,0,0,0,0,0,0,0,0,0,,,,,,,,PS_019,,,
,,2024-09-23T09:30:00Z,0,0,0,0,0,0,0,0,0,0,,,,,,,,PS_019,,,
,,2024-09-23T09:45:00Z,0,0,0,0,0,0,0,0,0,0,,,,,,,,PS_019,,,
,,2024-09-23T10:00:00Z,0,0,0,0,0,0,0,0,0,0,,,,,,,,PS_019,,,
,,2024-09-23T10:15:00Z,0,0,0,0,0,0,0,0,0,0,,,,,,,,PS_019,,,
,,2024-09-23T10:30:00Z,0,0,0,0,0,0,0,0,0,0,,,,,,,,PS_019,,,
,,2024-09-23T10:45:00Z,0,0,0,0,0,0,0,0,0,0,,,,,,,,PS_019,,,
,,2024-09-23T11:00:00Z,0,0,0,0,0,0,0,0,0,0,,,,,,,,PS_019,,,
,,2024-09-23T11:15:00Z,0,0,0,0,0,0,0,0,0,0,,,,,,,,PS_019,,,
,,2024-09-23T11:30:00Z,0,0,0,0,0,0,0,0,0,0,,,,,,,,PS_019,,,
,,2024-09-23T11:45:00Z,0,0,0,0,0,0,0,0,0,0,,,,,,,,PS_019,,,
,,2024-09-23T12:00:00Z,0,0,5,0,0,5,0,0,0,0,543.8737528346163,,,,,604.6968815998817,,PS_019,,,
,,2024-09-23T12:15:00Z,0,0,3,0,0,3,0,0,0,0,587.7076937834511,,,,,651.7262433486518,,PS_019,,,
,,2024-09-23T12:30:00Z,0,0,4,0,0,4,0,0,0,0,631.9207795049042,,,,,699.4383338500257,,PS_019,,,
,,2024-09-23T12:45:00Z,0,0,4,0,0,4,0,0,0,0,680.2341274001866,,,,,751.5481919863126,,PS_019,,,
,,2024-09-23T13:00:00Z,0,0,3,0,0,3,0,0,0,0,720.5369870869796,,,,,794.3916107667533,,PS_019,,,
,,2024-09-23T13:15:00Z,0,0,4,0,0,4,0,0,0,0,758.5894947751132,,,,,834.0135126554469,,PS_019,,,
,,2024-09-23T13:30:00Z,0,0,4,0,0,4,0,0,0,0,791.558694628386,,,,,869.5610489871264,,PS_019,,,
,,2024-09-23T13:45:00Z,0,0,4,0,0,4,0,0,0,0,822.5781068118944,,,,,902.5308214517587,,PS_019,,,
,,2024-09-23T14:00:00Z,0,0,3,0,0,3,0,0,0,0,848.7501189317153,,,,,930.134523382566,,PS_019,,,
,,2024-09-23T14:15:00Z,0,0,4,0,0,4,0,0,0,0,871.6050040735425,,,,,954.325870683295,,PS_019,,,
,,2024-09-23T14:30:00Z,0,0,4,0,0,4,0,0,0,0,879.5312461978953,,,,,961.4876903146335,,PS_019,,,
,,2024-09-23T14:45:00Z,0,0,3,0,0,3,0,0,0,0,894.205468602104,,,,,977.0940468302762,,PS_019,,,
,,2024-09-23T15:00:00Z,0,0,4,0,0,4,0,0,0,0,903.545945119058,,,,,987.2071777622391,,PS_019,,,
,,2024-09-23T15:15:00Z,0,0,4,0,0,4,0,0,0,0,911.2053907362551,,,,,994.3693422819118,,PS_019,,,
,,2024-09-23T15:30:00Z,0,0,3,0,0,3,0,0,0,0,911.0811503251261,,,,,993.5462196663847,,PS_019,,,
,,2024-09-23T15:45:00Z,0,0,4,0,0,4,0,0,0,0,887.6616796170717,,,,,967.3212115932607,,PS_019,,,
,,2024-09-23T16:00:00Z,0,0,4,0,0,4,0,0,0,0,884.1040375514926,,,,,962.998241463373,,PS_019,,,
,,2024-09-23T16:15:00Z,0,0,3,0,0,3,0,0,0,0,862.8504335626731,,,,,939.9150034245247,,PS_019,,,
,,2024-09-23T16:30:00Z,0,0,4,0,0,4,0,0,0,0,836.0287853006002,,,,,910.1091679943075,,PS_019,,,
,,2024-09-23T16:45:00Z,0,0,4,0,0,4,0,0,0,0,808.794272057147,,,,,880.6361990108574,,PS_019,,,
,,2024-09-23T17:00:00Z,0,0,3,0,0,3,0,0,0,0,767.2229078598218,,,,,836.1789581792639,,PS_019,,,
,,2024-09-23T17:15:00Z,0,0,2,0,0,2,0,0,0,0,751.6644008727022,,,,,818.355047619881,,PS_019,,,
,,2024-09-23T17:30:00Z,0,0,3,0,0,3,0,0,0,0,696.683378442027,,,,,759.0278968429931,,PS_019,,,
,,2024-09-23T17:45:00Z,0,0,3,0,0,3,0,0,0,0,654.7625305405202,,,,,712.7562458277071,,PS_019,,,
,,2024-09-23T18:00:00Z,0,0,4,0,0,4,0,0,0,0,604.6811618962216,,,,,659.9862630004066,,PS_019,,,
,,2024-09-23T18:15:00Z,0,0,4,0,0,4,0,0,0,0,552.8219941448301,,,,,603.5330143257909,,PS_019,,,
,,2024-09-23T18:30:00Z,0,0,3,0,0,3,0,0,0,0,507.5547156893606,,,,,554.4684076154908,,PS_019,,,
,,2024-09-23T18:45:00Z,0,0,4,0,0,4,0,0,0,0,439.36593968152556,,,,,479.53059765333256,,PS_019,,,
,,2024-09-23T19:00:00Z,0,0,4,0,0,4,0,0,0,0,385.96544774395306,,,,,422.30177018493646,,PS_019,,,
,,2024-09-23T19:15:00Z,0,0,3,0,0,3,0,0,0,0,328.68129749862004,,,,,360.1272267455806,,PS_019,,,
,,2024-09-23T19:30:00Z,0,0,4,0,0,4,0,0,0,0,271.2430558637102,,,,,297.10990381377115,,PS_019,,,
,,2024-09-23T19:45:00Z,0,0,4,0,0,4,0,0,0,0,216.45508676377534,,,,,237.72718195103508,,PS_019,,,
,,2024-09-23T20:00:00Z,0,0,3,0,0,3,0,0,0,0,156.80919529941568,,,,,172.62011614605598,,PS_019,,,
,,2024-09-23T20:15:00Z,0,0,4,0,0,4,0,0,0,0,106.32455058932841,,,,,117.66423199310702,,PS_019,,,
,,2024-09-23T20:30:00Z,0,0,4,0,0,4,0,0,0,0,60.61254885197797,,,,,67.8143686951591,,PS_019,,,
,,2024-09-23T20:45:00Z,0,0,4,0,0,4,0,0,0,0,24.360465469616074,,,,,29.522578299123314,,PS_019,,,
,,2024-09-23T21:00:00Z,0,0,3,0,0,3,0,0,0,0,3.7975704227721643,,,,,7.798238196405531,,PS_019,,,
,,2024-09-23T21:15:00Z,0,0,4,0,0,4,0,0,0,0,0.0,,,,,2.0182244435008214,,PS_019,,,
,,2024-09-23T21:30:00Z,0,0,4,0,0,4,0,0,0,0,0.0,,,,,0.8000000119209288,,PS_019,,,
,,2024-09-23T21:45:00Z,0,0,3,0,0,3,0,0,0,0,0.0,,,,,0.800000011920929,,PS_019,,,
,,2024-09-23T22:00:00Z,0,0,4,0,0,4,0,0,0,0,0.0,,,,,0.800000011920929,,PS_019,,,
,,2024-09-23T22:15:00Z,0,0,4,0,0,4,0,0,0,0,0.0,,,,,0.800000011920929,,PS_019,,,
,,2024-09-23T22:30:00Z,0,0,3,0,0,3,0,0,0,0,0.0,,,,,0.800000011920929,,PS_019,,,
,,2024-09-23T22:45:00Z,0,0,4,0,0,4,0,0,0,0,0.0,,,,,0.8000000119209292,,PS_019,,,
,,2024-09-23T23:00:00Z,0,0,4,0,0,4,0,0,0,0,0.0,,,,,0.8000000119209288,,PS_019,,,
,,2024-09-23T23:15:00Z,0,0,4,0,0,4,0,0,0,0,0.0,,,,,0.800000011920929,,PS_019,,,
,,2024-09-23T23:30:00Z,0,0,3,0,0,3,0,0,0,0,0.0,,,,,0.800000011920929,,PS_019,,,
,,2024-09-23T23:45:00Z,0,0,4,0,0,4,0,0,0,0,0.0,,,,,0.800000011920929,,PS_019,,,
,,2024-09-24T00:00:00Z,0,0,4,0,0,4,0,0,0,0,0.0,,,,,0.800000011920929,,PS_019,,,
,,2024-09-24T00:15:00Z,0,0,3,0,0,3,0,0,0,0,0.0,,,,,0.800000011920929,,PS_019,,,
,,2024-09-24T00:30:00Z,0,0,4,0,0,4,0,0,0,0,0.0,,,,,0.8000000119209291,,PS_019,,,
,,2024-09-24T00:45:00Z,0,0,4,0,0,4,0,0,0,0,0.0,,,,,0.800000011920929,,PS_019,,,
,,2024-09-24T01:00:00Z,0,0,4,0,0,4,0,0,0,0,0.0,,,,,0.8000000119209288,,PS_019,,,
,,2024-09-24T01:15:00Z,0,0,3,0,0,3,0,0,0,0,0.0,,,,,0.8000000119209288,,PS_019,,,
,,2024-09-24T01:30:00Z,0,0,4,0,0,4,0,0,0,0,0.0,,,,,0.800000011920929,,PS_019,,,
,,2024-09-24T01:45:00Z,0,0,4,0,0,4,0,0,0,0,0.0,,,,,0.8000000119209291,,PS_019,,,
,,2024-09-24T02:00:00Z,0,0,3,0,0,3,0,0,0,0,0.0,,,,,0.8000000119209291,,PS_019,,,
,,2024-09-24T02:15:00Z,0,0,4,0,0,4,0,0,0,0,0.0,,,,,0.8000000119209291,,PS_019,,,
,,2024-09-24T02:30:00Z,0,0,4,0,0,4,0,0,0,0,0.0,,,,,0.800000011920929,,PS_019,,,
,,2024-09-24T02:45:00Z,0,0,4,0,0,4,0,0,0,0,0.0,,,,,0.8000000119209291,,PS_019,,,
,,2024-09-24T03:00:00Z,0,0,1,0,0,1,0,0,0,0,0.0,,,,,0.800000011920929,,PS_019,,,
,,2024-09-24T03:15:00Z,0,0,0,0,0,0,0,0,0,0,,,,,,,,PS_019,,,
,,2024-09-24T03:30:00Z,0,0,0,0,0,0,0,0,0,0,,,,,,,,PS_019,,,
,,2024-09-24T03:45:00Z,0,0,0,0,0,0,0,0,0,0,,,,,,,,PS_019,,,
,,2024-09-24T04:00:00Z,0,0,0,0,0,0,0,0,0,0,,,,,,,,PS_019,,,
,,2024-09-24T04:15:00Z,0,0,0,0,0,0,0,0,0,0,,,,,,,,PS_019,,,
,,2024-09-24T04:30:00Z,0,0,0,0,0,0,0,0,0,0,,,,,,,,PS_019,,,
,,2024-09-24T04:45:00Z,0,0,0,0,0,0,0,0,0,0,,,,,,,,PS_019,,,
,,2024-09-24T05:00:00Z,0,0,0,0,0,0,0,0,0,0,,,,,,,,PS_019,,,
,,2024-09-24T05:15:00Z,0,0,0,0,0,0,0,0,0,0,,,,,,,,PS_019,,,
,,2024-09-24T05:30:00Z,0,0,0,0,0,0,0,0,0,0,,,,,,,,PS_019,,,
,,2024-09-24T05:45:00Z,0,0,0,0,0,0,0,0,0,0,,,,,,,,PS_019,,,
,,2024-09-24T06:00:00Z,0,0,0,0,0,0,0,0,0,0,,,,,,,,PS_019,,,
,,2024-09-24T06:15:00Z,0,0,0,0,0,0,0,0,0,0,,,,,,,,PS_019,,,
,,2024-09-24T06:30:00Z,0,0,0,0,0,0,0,0,0,0,,,,,,,,PS_019,,,
,,2024-09-24T06:45:00Z,0,0,0,0,0,0,0,0,0,0,,,,,,,,PS_019,,,
,,2024-09-24T07:00:00Z,0,0,0,0,0,0,0,0,0,0,,,,,,,,PS_019,,,
,,2024-09-24T07:15:00Z,0,0,0,0,0,0,0,0,0,0,,,,,,,,PS_019,,,
,,2024-09-24T07:30:00Z,0,0,0,0,0,0,0,0,0,0,,,,,,,,PS_019,,,
,,2024-09-24T07:45:00Z,0,0,0,0,0,0,0,0,0,0,,,,,,,,PS_019,,,
,,2024-09-24T08:00:00Z,0,0,0,0,0,0,0,0,0,0,,,,,,,,PS_019,,,
,,2024-09-24T08:15:00Z,0,0,0,0,0,0,0,0,0,0,,,,,,,,PS_019,,,
,,2024-09-24T08:30:00Z,0,0,0,0,0,0,0,0,0,0,,,,,,,,PS_019,,,
,,2024-09-24T08:45:00Z,0,0,0,0,0,0,0,0,0,0,,,,,,,,PS_019,,,
,,2024-09-24T09:00:00Z,0,0,2,0,0,2,0,0,0,0,3.792985893367949,,,,,6.790461959251596,,PS_019,,,
,,2024-09-24T09:15:00Z,0,0,4,0,0,4,0,0,0,0,17.08229207964107,,,,,21.579947091325028,,PS_019,,,
,,2024-09-24T09:30:00Z,0,0,4,0,0,4,0,0,0,0,39.351470740923375,,,,,45.27992857458066,,PS_019,,,
,,2024-09-24T09:45:00Z,0,0,4,0,0,4,0,0,0,0,68.5348208800371,,,,,78.3039747348141,,PS_019,,,
,,2024-09-24T10:00:00Z,0,0,3,0,0,3,0,0,0,0,109.49595385922491,,,,,124.8166230699493,,PS_019,,,
,,2024-09-24T10:15:00Z,0,0,4,0,0,4,0,0,0,0,155.5559478358891,,,,,177.25807758408513,,PS_019,,,
,,2024-09-24T10:30:00Z,0,0,4,0,0,4,0,0,0,0,208.51582025411835,,,,,236.06241480697216,,PS_019,,,
,,2024-09-24T10:45:00Z,0,0,3,0,0,3,0,0,0,0,261.6535832984874,,,,,295.88730939431974,,PS_019,,,
,,2024-09-24T11:00:00Z,0,0,4,0,0,4,0,0,0,0,316.5906175550654,,,,,357.74038732024337,,PS_019,,,
,,2024-09-24T11:15:00Z,0,0,4,0,0,4,0,0,0,0,372.9303928806379,,,,,418.80932018138674,,PS_019,,,
,,2024-09-24T11:30:00Z,0,0,3,0,0,3,0,0,0,0,429.4099504760217,,,,,480.61808551329125,,PS_019,,,
,,2024-09-24T11:45:00Z,0,0,4,0,0,4,0,0,0,0,485.34571519013207,,,,,541.7363013360438,,PS_019,,,
,,2024-09-24T12:00:00Z,0,0,4,0,0,4,0,0,0,0,538.9893610697503,,,,,600.3631541424149,,PS_019,,,
,,2024-09-24T12:15:00Z,0,0,3,0,0,3,0,0,0,0,588.6651456538029,,,,,653.9867071205008,,PS_019,,,
,,2024-09-24T12:30:00Z,0,0,4,0,0,4,0,0,0,0,643.8357213358028,,,,,713.5059501441262,,PS_019,,,
,,2024-09-24T12:45:00Z,0,0,4,0,0,4,0,0,0,0,688.5900585278429,,,,,761.5471328621413,,PS_019,,,
,,2024-09-24T13:00:00Z,0,0,3,0,0,3,0,0,0,0,728.177029835663,,,,,804.623698055589,,PS_019,,,
,,2024-09-24T13:15:00Z,0,0,4,0,0,4,0,0,0,0,765.030326254453,,,,,842.8026101854252,,PS_019,,,
,,2024-09-24T13:30:00Z,0,0,4,0,0,4,0,0,0,0,796.6936527566021,,,,,875.0575293234775,,PS_019,,,
,,2024-09-24T13:45:00Z,0,0,3,0,0,3,0,0,0,0,826.2479962721073,,,,,908.0735369409728,,PS_019,,,
,,2024-09-24T14:00:00Z,0,0,4,0,0,4,0,0,0,0,847.9697475473915,,,,,930.4670981300973,,PS_019,,,
,,2024-09-24T14:15:00Z,0,0,4,0,0,4,0,0,0,0,867.7476539775566,,,,,950.095994687792,,PS_019,,,
,,2024-09-24T14:30:00Z,0,0,3,0,0,3,0,0,0,0,881.7070084934493,,,,,965.0271621486255,,PS_019,,,
,,2024-09-24T14:45:00Z,0,0,4,0,0,4,0,0,0,0,891.3064645411137,,,,,973.8827696210299,,PS_019,,,
,,2024-09-24T15:00:00Z,0,0,4,0,0,4,0,0,0,0,898.9836514775352,,,,,981.6327396980071,,PS_019,,,
,,2024-09-24T15:15:00Z,0,0,3,0,0,3,0,0,0,0,893.54781062332,,,,,975.2262899586699,,PS_019,,,
,,2024-09-24T15:30:00Z,0,0,4,0,0,4,0,0,0,0,891.2914377050746,,,,,971.3424518045483,,PS_019,,,
,,2024-09-24T15:45:00Z,0,0,4,0,0,4,0,0,0,0,877.031633183329,,,,,955.7441314986653,,PS_019,,,
,,2024-09-24T16:00:00Z,0,0,3,0,0,3,0,0,0,0,876.2437514456639,,,,,954.2745450145923,,PS_019,,,
,,2024-09-24T16:15:00Z,0,0,4,0,0,4,0,0,0,0,846.440094647734,,,,,921.5071218589179,,PS_019,,,
,,2024-09-24T16:30:00Z,0,0,4,0,0,4,0,0,0,0,810.5886895587681,,,,,882.7018288603275,,PS_019,,,
,,2024-09-24T16:45:00Z,0,0,4,0,0,4,0,0,0,0,833.8658927409605,,,,,908.1411259784625,,PS_019,,,
,,2024-09-24T17:00:00Z,0,0,3,0,0,3,0,0,0,0,785.2984584389138,,,,,854.7397968927937,,PS_019,,,
,,2024-09-24T17:15:00Z,0,0,4,0,0,4,0,0,0,0,748.5664711454348,,,,,814.5994760897707,,PS_019,,,
,,2024-09-24T17:30:00Z,0,0,4,0,0,4,0,0,0,0,714.9971548546998,,,,,779.1296197468583,,PS_019,,,
,,2024-09-24T17:45:00Z,0,0,4,0,0,4,0,0,0,0,654.2605548383873,,,,,713.3574876349932,,PS_019,,,
,,2024-09-24T18:00:00Z,0,0,4,0,0,4,0,0,0,0,584.5820748030598,,,,,637.85417514226,,PS_019,,,
,,2024-09-24T18:15:00Z,0,0,3,0,0,3,0,0,0,0,548.0329234531226,,,,,598.377182917912,,PS_019,,,
,,2024-09-24T18:30:00Z,0,0,4,0,0,4,0,0,0,0,487.23990246071145,,,,,531.9877693918542,,PS_019,,,
,,2024-09-24T18:45:00Z,0,0,3,0,0,3,0,0,0,0,433.36459321917914,,,,,473.3749996385033,,PS_019,,,
,,2024-09-24T19:00:00Z,0,0,4,0,0,4,0,0,0,0,367.64015825662653,,,,,402.3253768963121,,PS_019,,,
,,2024-09-24T19:15:00Z,0,0,4,0,0,4,0,0,0,0,307.1580373072901,,,,,336.64402836893385,,PS_019,,,
,,2024-09-24T19:30:00Z,0,0,4,0,0,4,0,0,0,0,250.17549081236487,,,,,274.96653825130164,,PS_019,,,
,,2024-09-24T19:45:00Z,0,0,3,0,0,3,0,0,0,0,199.95550878464996,,,,,220.57450747372522,,PS_019,,,
,,2024-09-24T20:00:00Z,0,0,4,0,0,4,0,0,0,0,150.40468823110027,,,,,165.61560340436472,,PS_019,,,
,,2024-09-24T20:15:00Z,0,0,4,0,0,4,0,0,0,0,101.10568515048922,,,,,112.57817707139596,,PS_019,,,
,,2024-09-24T20:30:00Z,0,0,3,0,0,3,0,0,0,0,60.52967654587791,,,,,67.5473308334408,,PS_019,,,
,,2024-09-24T20:45:00Z,0,0,4,0,0,4,0,0,0,0,29.786223556025348,,,,,34.974159042655195,,PS_019,,,
,,2024-09-24T21:00:00Z,0,0,4,0,0,4,0,0,0,0,7.552187720803542,,,,,11.144230852838916,,PS_019,,,
,,2024-09-24T21:15:00Z,0,0,3,0,0,3,0,0,0,0,0.1540585506260631,,,,,2.3734510288663766,,PS_019,,,
,,2024-09-24T21:30:00Z,0,0,4,0,0,4,0,0,0,0,0.0,,,,,0.800000011920929,,PS_019,,,
,,2024-09-24T21:45:00Z,0,0,4,0,0,4,0,0,0,0,0.0,,,,,0.800000011920929,,PS_019,,,
,,2024-09-24T22:00:00Z,0,0,4,0,0,4,0,0,0,0,0.0,,,,,0.8000000119209292,,PS_019,,,
,,2024-09-24T22:15:00Z,0,0,3,0,0,3,0,0,0,0,0.0,,,,,0.800000011920929,,PS_019,,,
,,2024-09-24T22:30:00Z,0,0,4,0,0,4,0,0,0,0,0.0,,,,,0.8000000119209288,,PS_019,,,
,,2024-09-24T22:45:00Z,0,0,4,0,0,4,0,0,0,0,0.0,,,,,0.800000011920929,,PS_019,,,
,,2024-09-24T23:00:00Z,0,0,3,0,0,3,0,0,0,0,0.0,,,,,0.800000011920929,,PS_019,,,
,,2024-09-24T23:15:00Z,0,0,4,0,0,4,0,0,0,0,0.0,,,,,0.8000000119209288,,PS_019,,,
,,2024-09-24T23:30:00Z,0,0,4,0,0,4,0,0,0,0,0.0,,,,,0.800000011920929,,PS_019,,,
,,2024-09-24T23:45:00Z,0,0,4,0,0,4,0,0,0,0,0.0,,,,,0.800000011920929,,PS_019,,,
,,2024-09-25T00:00:00Z,0,0,3,0,0,3,0,0,0,0,0.0,,,,,0.800000011920929,,PS_019,,,
,,2024-09-25T00:15:00Z,0,0,4,0,0,4,0,0,0,0,0.0,,,,,0.8000000119209288,,PS_019,,,
,,2024-09-25T00:30:00Z,0,0,4,0,0,4,0,0,0,0,0.0,,,,,0.800000011920929,,PS_019,,,
,,2024-09-25T00:45:00Z,0,0,3,0,0,3,0,0,0,0,0.0,,,,,0.800000011920929,,PS_019,,,
,,2024-09-25T01:00:00Z,0,0,4,0,0,4,0,0,0,0,0.0,,,,,0.800000011920929,,PS_019,,,
,,2024-09-25T01:15:00Z,0,0,4,0,0,4,0,0,0,0,0.0,,,,,0.800000011920929,,PS_019,,,
,,2024-09-25T01:30:00Z,0,0,3,0,0,3,0,0,0,0,0.0,,,,,0.8000000119209291,,PS_019,,,
,,2024-09-25T01:45:00Z,0,0,4,0,0,4,0,0,0,0,0.0,,,,,0.8000000119209288,,PS_019,,,
,,2024-09-25T02:00:00Z,0,0,4,0,0,4,0,0,0,0,0.0,,,,,0.800000011920929,,PS_019,,,
,,2024-09-25T02:15:00Z,0,0,4,0,0,4,0,0,0,0,0.0,,,,,0.800000011920929,,PS_019,,,
,,2024-09-25T02:30:00Z,0,0,3,0,0,3,0,0,0,0,0.0,,,,,0.800000011920929,,PS_019,,,
,,2024-09-25T02:45:00Z,0,0,4,0,0,4,0,0,0,0,0.0,,,,,0.800000011920929,,PS_019,,,
,,2024-09-25T03:00:00Z,0,0,2,0,0,2,0,0,0,0,0.0,,,,,0.800000011920929,,PS_019,,,
,,2024-09-25T03:15:00Z,0,0,0,0,0,0,0,0,0,0,,,,,,,,PS_019,,,
,,2024-09-25T03:30:00Z,0,0,0,0,0,0,0,0,0,0,,,,,,,,PS_019,,,
,,2024-09-25T03:45:00Z,0,0,0,0,0,0,0,0,0,0,,,,,,,,PS_019,,,
,,2024-09-25T04:00:00Z,0,0,0,0,0,0,0,0,0,0,,,,,,,,PS_019,,,
,,2024-09-25T04:15:00Z,0,0,0,0,0,0,0,0,0,0,,,,,,,,PS_019,,,
,,2024-09-25T04:30:00Z,0,0,0,0,0,0,0,0,0,0,,,,,,,,PS_019,,,
,,2024-09-25T04:45:00Z,0,0,0,0,0,0,0,0,0,0,,,,,,,,PS_019,,,
,,2024-09-25T05:00:00Z,0,0,0,0,0,0,0,0,0,0,,,,,,,,PS_019,,,
,,2024-09-25T05:15:00Z,0,0,0,0,0,0,0,0,0,0,,,,,,,,PS_019,,,
,,2024-09-25T05:30:00Z,0,0,0,0,0,0,0,0,0,0,,,,,,,,PS_019,,,
,,2024-09-25T05:45:00Z,0,0,0,0,0,0,0,0,0,0,,,,,,,,PS_019,,,
,,2024-09-25T06:00:00Z,0,0,0,0,0,0,0,0,0,0,,,,,,,,PS_019,,,
,,2024-09-25T06:15:00Z,0,0,0,0,0,0,0,0,0,0,,,,,,,,PS_019,,,
,,2024-09-25T06:30:00Z,0,0,0,0,0,0,0,0,0,0,,,,,,,,PS_019,,,
,,2024-09-25T06:45:00Z,0,0,0,0,0,0,0,0,0,0,,,,,,,,PS_019,,,
,,2024-09-25T07:00:00Z,0,0,0,0,0,0,0,0,0,0,,,,,,,,PS_019,,,
,,2024-09-25T07:15:00Z,0,0,0,0,0,0,0,0,0,0,,,,,,,,PS_019,,,
,,2024-09-25T07:30:00Z,0,0,0,0,0,0,0,0,0,0,,,,,,,,PS_019,,,
,,2024-09-25T07:45:00Z,0,0,0,0,0,0,0,0,0,0,,,,,,,,PS_019,,,
,,2024-09-25T08:00:00Z,0,0,0,0,0,0,0,0,0,0,,,,,,,,PS_019,,,
,,2024-09-25T08:15:00Z,0,0,0,0,0,0,0,0,0,0,,,,,,,,PS_019,,,
,,2024-09-25T08:30:00Z,0,0,0,0,0,0,0,0,0,0,,,,,,,,PS_019,,,
,,2024-09-25T08:45:00Z,0,0,0,0,0,0,0,0,0,0,,,,,,,,PS_019,,,
,,2024-09-25T09:00:00Z,0,0,3,0,0,3,0,0,0,0,5.0354463360523685,,,,,8.508665364482697,,PS_019,,,
,,2024-09-25T09:15:00Z,0,0,3,0,0,3,0,0,0,0,17.216929382740254,,,,,22.07976490450838,,PS_019,,,
,,2024-09-25T09:30:00Z,0,0,4,0,0,4,0,0,0,0,37.755628328494765,,,,,43.97824464054537,,PS_019,,,
,,2024-09-25T09:45:00Z,0,0,4,0,0,4,0,0,0,0,66.86275316082985,,,,,77.215291062614,,PS_019,,,
,,2024-09-25T10:00:00Z,0,0,3,0,0,3,0,0,0,0,104.42329298269196,,,,,119.7608869319101,,PS_019,,,
,,2024-09-25T10:15:00Z,0,0,4,0,0,4,0,0,0,0,151.48814337687907,,,,,172.78137982580384,,PS_019,,,
,,2024-09-25T10:30:00Z,0,0,4,0,0,4,0,0,0,0,202.53083081165468,,,,,230.14590461050545,,PS_019,,,
,,2024-09-25T10:45:00Z,0,0,3,0,0,3,0,0,0,0,254.80894522461378,,,,,288.086537586852,,PS_019,,,
,,2024-09-25T11:00:00Z,0,0,4,0,0,4,0,0,0,0,309.2347092064138,,,,,348.95369356843077,,PS_019,,,
,,2024-09-25T11:15:00Z,0,0,5,0,0,5,0,0,0,0,368.39925912712533,,,,,414.52574863172816,,PS_019,,,
,,2024-09-25T11:30:00Z,0,0,3,0,0,3,0,0,0,0,426.5129315037227,,,,,478.8478138824338,,PS_019,,,
,,2024-09-25T11:45:00Z,0,0,4,0,0,4,0,0,0,0,480.8215038174311,,,,,538.2890228364319,,PS_019,,,
,,2024-09-25T12:00:00Z,0,0,4,0,0,4,0,0,0,0,538.6483038698977,,,,,601.0317491118418,,PS_019,,,
,,2024-09-25T12:15:00Z,0,0,4,0,0,4,0,0,0,0,591.8800465475705,,,,,658.2124492621201,,PS_019,,,
,,2024-09-25T12:30:00Z,0,0,3,0,0,3,0,0,0,0,639.3688045688841,,,,,708.7121096724956,,PS_019,,,
,,2024-09-25T12:45:00Z,0,0,4,0,0,4,0,0,0,0,682.2584429508765,,,,,754.8123217298769,,PS_019,,,
,,2024-09-25T13:00:00Z,0,0,4,0,0,4,0,0,0,0,722.7296252848819,,,,,797.8591311784129,,PS_019,,,
,,2024-09-25T13:15:00Z,0,0,3,0,0,3,0,0,0,0,760.0030474950528,,,,,837.697867662064,,PS_019,,,
,,2024-09-25T13:30:00Z,0,0,4,0,0,4,0,0,0,0,791.3943696771341,,,,,870.7537165533581,,PS_019,,,
,,2024-09-25T13:45:00Z,0,0,4,0,0,4,0,0,0,0,821.9371410281668,,,,,902.5344318453085,,PS_019,,,
,,2024-09-25T14:00:00Z,0,0,3,0,0,3,0,0,0,0,844.8076084690323,,,,,927.3022729530416,,PS_019,,,
,,2024-09-25T14:15:00Z,0,0,4,0,0,4,0,0,0,0,867.1491075787867,,,,,950.7407345218445,,PS_019,,,
,,2024-09-25T14:30:00Z,0,0,4,0,0,4,0,0,0,0,884.5033028292115,,,,,968.2297789481507,,PS_019,,,
,,2024-09-25T14:45:00Z,0,0,3,0,0,3,0,0,0,0,894.668813318449,,,,,979.4037062597738,,PS_019,,,
,,2024-09-25T15:00:00Z,0,0,4,0,0,4,0,0,0,0,900.4554527055603,,,,,983.7395678510516,,PS_019,,,
,,2024-09-25T15:15:00Z,0,0,3,0,0,3,0,0,0,0,900.9175556246246,,,,,983.7963997801683,,PS_019,,,
,,2024-09-25T15:30:00Z,0,0,4,0,0,4,0,0,0,0,889.663897198963,,,,,970.8034352057952,,PS_019,,,
,,2024-09-25T15:45:00Z,0,0,4,0,0,4,0,0,0,0,885.8726003900257,,,,,965.4218330118308,,PS_019,,,
,,2024-09-25T16:00:00Z,0,0,3,0,0,3,0,0,0,0,865.9433414768889,,,,,944.0490498234302,,PS_019,,,
,,2024-09-25T16:15:00Z,0,0,4,0,0,4,0,0,0,0,849.5781975881132,,,,,925.4395613250408,,PS_019,,,
,,2024-09-25T16:30:00Z,0,0,4,0,0,4,0,0,0,0,821.9665295187607,,,,,895.0475506965389,,PS_019,,,
,,2024-09-25T16:45:00Z,0,0,3,0,0,3,0,0,0,0,805.0449263581426,,,,,875.9831348164513,,PS_019,,,
,,2024-09-25T17:00:00Z,0,0,4,0,0,4,0,0,0,0,773.712648955595,,,,,843.8445733016805,,PS_019,,,
,,2024-09-25T17:15:00Z,0,0,4,0,0,4,0,0,0,0,726.5764015372828,,,,,792.1626121572685,,PS_019,,,
,,2024-09-25T17:30:00Z,0,0,4,0,0,4,0,0,0,0,685.2383495040302,,,,,746.091946953509,,PS_019,,,
,,2024-09-25T17:45:00Z,0,0,3,0,0,3,0,0,0,0,631.5210497801743,,,,,688.0042129995528,,PS_019,,,
,,2024-09-25T18:00:00Z,0,0,4,0,0,4,0,0,0,0,579.4646490187364,,,,,632.3101596959395,,PS_019,,,
,,2024-09-25T18:15:00Z,0,0,4,0,0,4,0,0,0,0,541.7772889963873,,,,,591.8356182462719,,PS_019,,,
,,2024-09-25T18:30:00Z,0,0,3,0,0,3,0,0,0,0,486.83965889078695,,,,,531.7321617696686,,PS_019,,,
,,2024-09-25T18:45:00Z,0,0,4,0,0,4,0,0,0,0,424.22413387808683,,,,,464.16641989979655,,PS_019,,,
,,2024-09-25T19:00:00Z,0,0,4,0,0,4,0,0,0,0,371.4364413900273,,,,,406.4744781704799,,PS_019,,,
,,2024-09-25T19:15:00Z,0,0,3,0,0,3,0,0,0,0,311.6147587644268,,,,,341.95210290509584,,PS_019,,,
,,2024-09-25T19:30:00Z,0,0,4,0,0,4,0,0,0,0,247.1723459237195,,,,,271.6852775871344,,PS_019,,,
,,2024-09-25T19:45:00Z,0,0,4,0,0,4,0,0,0,0,189.5340154830382,,,,,208.81781789759629,,PS_019,,,
,,2024-09-25T20:00:00Z,0,0,3,0,0,3,0,0,0,0,136.65119425436953,,,,,151.04596672185573,,PS_019,,,
,,2024-09-25T20:15:00Z,0,0,4,0,0,4,0,0,0,0,92.0487945354193,,,,,102.66908031484927,,PS_019,,,
,,2024-09-25T20:30:00Z,0,0,4,0,0,4,0,0,0,0,51.858400068114115,,,,,59.067999688345566,,PS_019,,,
,,2024-09-25T20:45:00Z,0,0,4,0,0,4,0,0,0,0,25.002290141170523,,,,,29.787149893717782,,PS_019,,,
,,2024-09-25T21:00:00Z,0,0,3,0,0,3,0,0,0,0,5.635541743716627,,,,,9.299186916971507,,PS_019,,,
,,2024-09-25T21:15:00Z,0,0,4,0,0,4,0,0,0,0,0.14056416597688515,,,,,1.8025210510474747,,PS_019,,,
,,2024-09-25T21:30:00Z,0,0,4,0,0,4,0,0,0,0,0.0,,,,,0.8000000119209288,,PS_019,,,
,,2024-09-25T21:45:00Z,0,0,3,0,0,3,0,0,0,0,0.0,,,,,0.8000000119209291,,PS_019,,,
,,2024-09-25T22:00:00Z,0,0,4,0,0,4,0,0,0,0,0.0,,,,,0.800000011920929,,PS_019,,,
,,2024-09-25T22:15:00Z,0,0,4,0,0,4,0,0,0,0,0.0,,,,,0.800000011920929,,PS_019,,,
,,2024-09-25T22:30:00Z,0,0,3,0,0,3,0,0,0,0,0.0,,,,,0.8000000119209291,,PS_019,,,
,,2024-09-25T22:45:00Z,0,0,4,0,0,4,0,0,0,0,0.0,,,,,0.800000011920929,,PS_019,,,
,,2024-09-25T23:00:00Z,0,0,4,0,0,4,0,0,0,0,0.0,,,,,0.8000000119209288,,PS_019,,,
,,2024-09-25T23:15:00Z,0,0,4,0,0,4,0,0,0,0,0.0,,,,,0.800000011920929,,PS_019,,,
,,2024-09-25T23:30:00Z,0,0,3,0,0,3,0,0,0,0,0.0,,,,,0.800000011920929,,PS_019,,,
,,2024-09-25T23:45:00Z,0,0,4,0,0,4,0,0,0,0,0.0,,,,,0.8000000119209291,,PS_019,,,
,,2024-09-26T00:00:00Z,0,0,4,0,0,4,0,0,0,0,0.0,,,,,0.800000011920929,,PS_019,,,
,,2024-09-26T00:15:00Z,0,0,3,0,0,3,0,0,0,0,0.0,,,,,0.8000000119209288,,PS_019,,,
,,2024-09-26T00:30:00Z,0,0,4,0,0,4,0,0,0,0,0.0,,,,,0.8000000119209291,,PS_019,,,
,,2024-09-26T00:45:00Z,0,0,4,0,0,4,0,0,0,0,0.0,,,,,0.800000011920929,,PS_019,,,
,,2024-09-26T01:00:00Z,0,0,4,0,0,4,0,0,0,0,0.0,,,,,0.8000000119209291,,PS_019,,,
,,2024-09-26T01:15:00Z,0,0,3,0,0,3,0,0,0,0,0.0,,,,,0.800000011920929,,PS_019,,,
,,2024-09-26T01:30:00Z,0,0,4,0,0,4,0,0,0,0,0.0,,,,,0.800000011920929,,PS_019,,,
,,2024-09-26T01:45:00Z,0,0,4,0,0,4,0,0,0,0,0.0,,,,,0.800000011920929,,PS_019,,,
,,2024-09-26T02:00:00Z,0,0,3,0,0,3,0,0,0,0,0.0,,,,,0.800000011920929,,PS_019,,,
,,2024-09-26T02:15:00Z,0,0,4,0,0,4,0,0,0,0,0.0,,,,,0.800000011920929,,PS_019,,,
,,2024-09-26T02:30:00Z,0,0,4,0,0,4,0,0,0,0,0.0,,,,,0.800000011920929,,PS_019,,,
,,2024-09-26T02:45:00Z,0,0,4,0,0,4,0,0,0,0,0.0,,,,,0.800000011920929,,PS_019,,,
,,2024-09-26T03:00:00Z,0,0,1,0,0,1,0,0,0,0,0.0,,,,,0.800000011920929,,PS_019,,,
,,2024-09-26T03:15:00Z,0,0,0,0,0,0,0,0,0,0,,,,,,,,PS_019,,,
,,2024-09-26T03:30:00Z,0,0,0,0,0,0,0,0,0,0,,,,,,,,PS_019,,,
,,2024-09-26T03:45:00Z,0,0,0,0,0,0,0,0,0,0,,,,,,,,PS_019,,,
,,2024-09-26T04:00:00Z,0,0,0,0,0,0,0,0,0,0,,,,,,,,PS_019,,,
,,2024-09-26T04:15:00Z,0,0,0,0,0,0,0,0,0,0,,,,,,,,PS_019,,,
,,2024-09-26T04:30:00Z,0,0,0,0,0,0,0,0,0,0,,,,,,,,PS_019,,,
,,2024-09-26T04:45:00Z,0,0,0,0,0,0,0,0,0,0,,,,,,,,PS_019,,,
,,2024-09-26T05:00:00Z,0,0,0,0,0,0,0,0,0,0,,,,,,,,PS_019,,,
,,2024-09-26T05:15:00Z,0,0,0,0,0,0,0,0,0,0,,,,,,,,PS_019,,,
,,2024-09-26T05:30:00Z,0,0,0,0,0,0,0,0,0,0,,,,,,,,PS_019,,,
,,2024-09-26T05:45:00Z,0,0,0,0,0,0,0,0,0,0,,,,,,,,PS_019,,,
,,2024-09-26T06:00:00Z,0,0,0,0,0,0,0,0,0,0,,,,,,,,PS_019,,,
,,2024-09-26T06:15:00Z,0,0,0,0,0,0,0,0,0,0,,,,,,,,PS_019,,,
,,2024-09-26T06:30:00Z,0,0,0,0,0,0,0,0,0,0,,,,,,,,PS_019,,,
,,2024-09-26T06:45:00Z,0,0,0,0,0,0,0,0,0,0,,,,,,,,PS_019,,,
,,2024-09-26T07:00:00Z,0,0,0,0,0,0,0,0,0,0,,,,,,,,PS_019,,,
,,2024-09-26T07:15:00Z,0,0,0,0,0,0,0,0,0,0,,,,,,,,PS_019,,,
,,2024-09-26T07:30:00Z,0,0,0,0,0,0,0,0,0,0,,,,,,,,PS_019,,,
,,2024-09-26T07:45:00Z,0,0,0,0,0,0,0,0,0,0,,,,,,,,PS_019,,,
,,2024-09-26T08:00:00Z,0,0,0,0,0,0,0,0,0,0,,,,,,,,PS_019,,,
,,2024-09-26T08:15:00Z,0,0,0,0,0,0,0,0,0,0,,,,,,,,PS_019,,,
,,2024-09-26T08:30:00Z,0,0,0,0,0,0,0,0,0,0,,,,,,,,PS_019,,,
,,2024-09-26T08:45:00Z,0,0,0,0,0,0,0,0,0,0,,,,,,,,PS_019,,,
,,2024-09-26T09:00:00Z,0,0,2,0,0,2,0,0,0,0,4.990624631622907,,,,,7.808363948456703,,PS_019,,,
,,2024-09-26T09:15:00Z,0,0,4,0,0,4,0,0,0,0,15.785860051845289,,,,,19.95997014664556,,PS_019,,,
,,2024-09-26T09:30:00Z,0,0,4,0,0,4,0,0,0,0,36.40940912101467,,,,,42.30371113780173,,PS_019,,,
,,2024-09-26T09:45:00Z,0,0,4,0,0,4,0,0,0,0,63.13533112503259,,,,,72.74143023221218,,PS_019,,,
,,2024-09-26T10:00:00Z,0,0,3,0,0,3,0,0,0,0,97.6971275111795,,,,,111.45439277317678,,PS_019,,,
,,2024-09-26T10:15:00Z,0,0,4,0,0,4,0,0,0,0,141.31295954498623,,,,,160.88268924480792,,PS_019,,,
,,2024-09-26T10:30:00Z,0,0,4,0,0,4,0,0,0,0,190.32088580267546,,,,,216.17780068080992,,PS_019,,,
,,2024-09-26T10:45:00Z,0,0,3,0,0,3,0,0,0,0,247.67527211007229,,,,,280.703657566352,,PS_019,,,
,,2024-09-26T11:00:00Z,0,0,4,0,0,4,0,0,0,0,305.0440740415936,,,,,345.0325082114624,,PS_019,,,
,,2024-09-26T11:15:00Z,0,0,4,0,0,4,0,0,0,0,359.51304733982425,,,,,405.2366922733873,,PS_019,,,
,,2024-09-26T11:30:00Z,0,0,3,0,0,3,0,0,0,0,421.62848646387164,,,,,473.3235084435059,,PS_019,,,
,,2024-09-26T11:45:00Z,0,0,4,0,0,4,0,0,0,0,471.8210406464578,,,,,528.1614448259477,,PS_019,,,
,,2024-09-26T12:00:00Z,0,0,4,0,0,4,0,0,0,0,528.6439985173296,,,,,590.1304117820033,,PS_019,,,
,,2024-09-26T12:15:00Z,0,0,3,0,0,3,0,0,0,0,578.3260828032936,,,,,644.1332149829847,,PS_019,,,
,,2024-09-26T12:30:00Z,0,0,4,0,0,4,0,0,0,0,623.5025612438765,,,,,692.4133579394232,,PS_019,,,
,,2024-09-26T12:45:00Z,0,0,4,0,0,4,0,0,0,0,673.863858093525,,,,,746.6650270982826,,PS_019,,,
,,2024-09-26T13:00:00Z,0,0,3,0,0,3,0,0,0,0,708.6711917467399,,,,,783.4297599090554,,PS_019,,,
,,2024-09-26T13:15:00Z,0,0,4,0,0,4,0,0,0,0,745.6829391025839,,,,,823.012947455609,,PS_019,,,
,,2024-09-26T13:30:00Z,0,0,4,0,0,4,0,0,0,0,780.9136153706128,,,,,860.2395323679727,,PS_019,,,
,,2024-09-26T13:45:00Z,0,0,3,0,0,3,0,0,0,0,807.8721704501311,,,,,887.6608418650343,,PS_019,,,
,,2024-09-26T14:00:00Z,0,0,4,0,0,4,0,0,0,0,834.6633802050035,,,,,916.6196289090057,,PS_019,,,
,,2024-09-26T14:15:00Z,0,0,4,0,0,4,0,0,0,0,857.782533800095,,,,,941.3746770939775,,PS_019,,,
,,2024-09-26T14:30:00Z,0,0,3,0,0,3,0,0,0,0,875.1409334658915,,,,,958.3878647151264,,PS_019,,,
,,2024-09-26T14:45:00Z,0,0,4,0,0,4,0,0,0,0,885.4938993976994,,,,,968.9045695420292,,PS_019,,,
,,2024-09-26T15:00:00Z,0,0,3,0,0,3,0,0,0,0,891.028048278288,,,,,973.9224247091223,,PS_019,,,
,,2024-09-26T15:15:00Z,0,0,4,0,0,4,0,0,0,0,888.7642861144425,,,,,970.937897663478,,PS_019,,,
,,2024-09-26T15:30:00Z,0,0,4,0,0,4,0,0,0,0,879.6216738711448,,,,,960.1703008345198,,PS_019,,,
,,2024-09-26T15:45:00Z,0,0,3,0,0,3,0,0,0,0,865.4142158322235,,,,,943.9771159278056,,PS_019,,,
,,2024-09-26T16:00:00Z,0,0,4,0,0,4,0,0,0,0,845.8704999025582,,,,,922.6308808193356,,PS_019,,,
,,2024-09-26T16:15:00Z,0,0,4,0,0,4,0,0,0,0,828.5286366214916,,,,,902.7623288961889,,PS_019,,,
,,2024-09-26T16:30:00Z,0,0,3,0,0,3,0,0,0,0,803.6479505171599,,,,,875.7839750307057,,PS_019,,,
,,2024-09-26T16:45:00Z,0,0,4,0,0,4,0,0,0,0,783.0679656494605,,,,,853.1748658146478,,PS_019,,,
,,2024-09-26T17:00:00Z,0,0,4,0,0,4,0,0,0,0,745.853495779638,,,,,813.6785288626409,,PS_019,,,
,,2024-09-26T17:15:00Z,0,0,3,0,0,3,0,0,0,0,714.7734764114078,,,,,779.3913996190076,,PS_019,,,
,,2024-09-26T17:30:00Z,0,0,4,0,0,4,0,0,0,0,666.8763810574995,,,,,727.1239628696828,,PS_019,,,
,,2024-09-26T17:45:00Z,0,0,3,0,0,3,0,0,0,0,612.5359830310291,,,,,668.7808969166757,,PS_019,,,
,,2024-09-26T18:00:00Z,0,0,4,0,0,4,0,0,0,0,570.9659488815212,,,,,623.6437847216189,,PS_019,,,
,,2024-09-26T18:15:00Z,0,0,4,0,0,4,0,0,0,0,504.2673253310471,,,,,551.1973475850249,,PS_019,,,
,,2024-09-26T18:30:00Z,0,0,3,0,0,3,0,0,0,0,461.49337241364975,,,,,504.3952555792319,,PS_019,,,
,,2024-09-26T18:45:00Z,0,0,4,0,0,4,0,0,0,0,420.52055178384256,,,,,460.69548936781825,,PS_019,,,
,,2024-09-26T19:00:00Z,0,0,4,0,0,4,0,0,0,0,356.1214115398562,,,,,390.12230269127843,,PS_019,,,
,,2024-09-26T19:15:00Z,0,0,3,0,0,3,0,0,0,0,288.5090739944839,,,,,316.7634773421579,,PS_019,,,
,,2024-09-26T19:30:00Z,0,0,4,0,0,4,0,0,0,0,228.1367948230544,,,,,250.61859491758437,,PS_019,,,
,,2024-09-26T19:45:00Z,0,0,4,0,0,4,0,0,0,0,169.0609506554833,,,,,187.0489298768348,,PS_019,,,
,,2024-09-26T20:00:00Z,0,0,0,0,0,0,0,0,0,0,,,,,,,,PS_019,,,
,,2024-09-26T20:15:00Z,0,0,0,0,0,0,0,0,0,0,,,,,,,,PS_019,,,
,,2024-09-26T20:30:00Z,0,0,0,0,0,0,0,0,0,0,,,,,,,,PS_019,,,
,,2024-09-26T20:45:00Z,0,0,0,0,0,0,0,0,0,0,,,,,,,,PS_019,,,
,,2024-09-26T21:00:00Z,0,0,0,0,0,0,0,0,0,0,,,,,,,,PS_019,,,
,,2024-09-26T21:15:00Z,0,0,3,0,0,3,0,0,0,0,0.0,,,,,1.6357939381521118,,PS_019,,,
,,2024-09-26T21:30:00Z,0,0,4,0,0,4,0,0,0,0,0.0,,,,,0.8000000119209288,,PS_019,,,
,,2024-09-26T21:45:00Z,0,0,4,0,0,4,0,0,0,0,0.0,,,,,0.8000000119209288,,PS_019,,,
,,2024-09-26T22:00:00Z,0,0,3,0,0,3,0,0,0,0,0.0,,,,,0.800000011920929,,PS_019,,,
,,2024-09-26T22:15:00Z,0,0,4,0,0,4,0,0,0,0,0.0,,,,,0.800000011920929,,PS_019,,,
,,2024-09-26T22:30:00Z,0,0,4,0,0,4,0,0,0,0,0.0,,,,,0.800000011920929,,PS_019,,,
,,2024-09-26T22:45:00Z,0,0,3,0,0,3,0,0,0,0,0.0,,,,,0.8000000119209291,,PS_019,,,
,,2024-09-26T23:00:00Z,0,0,4,0,0,4,0,0,0,0,0.0,,,,,0.8000000119209288,,PS_019,,,
,,2024-09-26T23:15:00Z,0,0,4,0,0,4,0,0,0,0,0.0,,,,,0.8000000119209291,,PS_019,,,
,,2024-09-26T23:30:00Z,0,0,4,0,0,4,0,0,0,0,0.0,,,,,0.8000000119209288,,PS_019,,,
,,2024-09-26T23:45:00Z,0,0,3,0,0,3,0,0,0,0,0.0,,,,,0.8000000119209288,,PS_019,,,
,,2024-09-27T00:00:00Z,0,0,4,0,0,4,0,0,0,0,0.0,,,,,0.800000011920929,,PS_019,,,
,,2024-09-27T00:15:00Z,0,0,4,0,0,4,0,0,0,0,0.0,,,,,0.800000011920929,,PS_019,,,
,,2024-09-27T00:30:00Z,0,0,3,0,0,3,0,0,0,0,0.0,,,,,0.800000011920929,,PS_019,,,
,,2024-09-27T00:45:00Z,0,0,4,0,0,4,0,0,0,0,0.0,,,,,0.8000000119209291,,PS_019,,,
,,2024-09-27T01:00:00Z,0,0,4,0,0,4,0,0,0,0,0.0,,,,,0.800000011920929,,PS_019,,,
,,2024-09-27T01:15:00Z,0,0,3,0,0,3,0,0,0,0,0.0,,,,,0.8000000119209291,,PS_019,,,
,,2024-09-27T01:30:00Z,0,0,4,0,0,4,0,0,0,0,0.0,,,,,0.800000011920929,,PS_019,,,
,,2024-09-27T01:45:00Z,0,0,4,0,0,4,0,0,0,0,0.0,,,,,0.800000011920929,,PS_019,,,
,,2024-09-27T02:00:00Z,0,0,4,0,0,4,0,0,0,0,0.0,,,,,0.800000011920929,,PS_019,,,
,,2024-09-27T02:15:00Z,0,0,3,0,0,3,0,0,0,0,0.0,,,,,0.800000011920929,,PS_019,,,
,,2024-09-27T02:30:00Z,0,0,4,0,0,4,0,0,0,0,0.0,,,,,0.800000011920929,,PS_019,,,
,,2024-09-27T02:45:00Z,0,0,4,0,0,4,0,0,0,0,0.0,,,,,0.800000011920929,,PS_019,,,
,,2024-09-27T03:00:00Z,0,0,2,0,0,2,0,0,0,0,0.0,,,,,0.8000000119209291,,PS_019,,,
,,2024-09-27T03:15:00Z,0,0,0,0,0,0,0,0,0,0,,,,,,,,PS_019,,,
,,2024-09-27T03:30:00Z,0,0,0,0,0,0,0,0,0,0,,,,,,,,PS_019,,,
,,2024-09-27T03:45:00Z,0,0,0,0,0,0,0,0,0,0,,,,,,,,PS_019,,,
,,2024-09-27T04:00:00Z,0,0,0,0,0,0,0,0,0,0,,,,,,,,PS_019,,,
,,2024-09-27T04:15:00Z,0,0,0,0,0,0,0,0,0,0,,,,,,,,PS_019,,,
,,2024-09-27T04:30:00Z,0,0,0,0,0,0,0,0,0,0,,,,,,,,PS_019,,,
,,2024-09-27T04:45:00Z,0,0,0,0,0,0,0,0,0,0,,,,,,,,PS_019,,,
,,2024-09-27T05:00:00Z,0,0,0,0,0,0,0,0,0,0,,,,,,,,PS_019,,,
,,2024-09-27T05:15:00Z,0,0,0,0,0,0,0,0,0,0,,,,,,,,PS_019,,,
,,2024-09-27T05:30:00Z,0,0,0,0,0,0,0,0,0,0,,,,,,,,PS_019,,,
,,2024-09-27T05:45:00Z,0,0,0,0,0,0,0,0,0,0,,,,,,,,PS_019,,,
,,2024-09-27T06:00:00Z,0,0,0,0,0,0,0,0,0,0,,,,,,,,PS_019,,,
,,2024-09-27T06:15:00Z,0,0,0,0,0,0,0,0,0,0,,,,,,,,PS_019,,,
,,2024-09-27T06:30:00Z,0,0,0,0,0,0,0,0,0,0,,,,,,,,PS_019,,,
,,2024-09-27T06:45:00Z,0,0,0,0,0,0,0,0,0,0,,,,,,,,PS_019,,,
,,2024-09-27T07:00:00Z,0,0,0,0,0,0,0,0,0,0,,,,,,,,PS_019,,,
,,2024-09-27T07:15:00Z,0,0,0,0,0,0,0,0,0,0,,,,,,,,PS_019,,,
,,2024-09-27T07:30:00Z,0,0,0,0,0,0,0,0,0,0,,,,,,,,PS_019,,,
,,2024-09-27T07:45:00Z,0,0,0,0,0,0,0,0,0,0,,,,,,,,PS_019,,,
,,2024-09-27T08:00:00Z,0,0,0,0,0,0,0,0,0,0,,,,,,,,PS_019,,,
,,2024-09-27T08:15:00Z,0,0,0,0,0,0,0,0,0,0,,,,,,,,PS_019,,,
,,2024-09-27T08:30:00Z,0,0,0,0,0,0,0,0,0,0,,,,,,,,PS_019,,,
,,2024-09-27T08:45:00Z,0,0,0,0,0,0,0,0,0,0,,,,,,,,PS_019,,,
,,2024-09-27T09:00:00Z,0,0,1,0,0,1,0,0,0,0,0.24000000953674316,,,,,2.75,,PS_019,,,
,,2024-09-27T09:15:00Z,0,0,4,0,0,4,0,0,0,0,2.162922146132807,,,,,5.466793326304126,,PS_019,,,
,,2024-09-27T09:30:00Z,0,0,4,0,0,4,0,0,0,0,7.5288335374230675,,,,,10.531467128836528,,PS_019,,,
,,2024-09-27T09:45:00Z,0,0,4,0,0,4,0,0,0,0,17.440732806667423,,,,,21.541359052307417,,PS_019,,,
,,2024-09-27T10:00:00Z,0,0,3,0,0,3,0,0,0,0,24.05598593702051,,,,,28.92078119781976,,PS_019,,,
,,2024-09-27T10:15:00Z,0,0,4,0,0,4,0,0,0,0,30.601352563813645,,,,,36.37230148735145,,PS_019,,,
,,2024-09-27T10:30:00Z,0,0,4,0,0,4,0,0,0,0,44.35059214412239,,,,,51.250570650021345,,PS_019,,,
,,2024-09-27T10:45:00Z,0,0,3,0,0,3,0,0,0,0,31.605860418615666,,,,,37.273869607781194,,PS_019,,,
,,2024-09-27T11:00:00Z,0,0,4,0,0,4,0,0,0,0,31.88631132610046,,,,,38.1191911932977,,PS_019,,,
,,2024-09-27T11:15:00Z,0,0,4,0,0,4,0,0,0,0,24.849874685443687,,,,,30.11743361827257,,PS_019,,,
,,2024-09-27T11:30:00Z,0,0,3,0,0,3,0,0,0,0,17.373907417087377,,,,,21.754501783470243,,PS_019,,,
,,2024-09-27T11:45:00Z,0,0,4,0,0,4,0,0,0,0,29.603795734618398,,,,,34.8774963411196,,PS_019,,,
,,2024-09-27T12:00:00Z,0,0,4,0,0,4,0,0,0,0,66.08573248858121,,,,,73.78361241870302,,PS_019,,,
,,2024-09-27T12:15:00Z,0,0,4,0,0,4,0,0,0,0,39.628883368458645,,,,,45.85955365293644,,PS_019,,,
,,2024-09-27T12:30:00Z,0,0,3,0,0,3,0,0,0,0,49.55426086968291,,,,,56.09136198036241,,PS_019,,,
,,2024-09-27T12:45:00Z,0,0,4,0,0,4,0,0,0,0,71.57231153699806,,,,,79.77439961671948,,PS_019,,,
,,2024-09-27T13:00:00Z,0,0,3,0,0,3,0,0,0,0,110.87911171295899,,,,,122.59434467072728,,PS_019,,,
,,2024-09-27T13:15:00Z,0,0,4,0,0,4,0,0,0,0,260.9433549728574,,,,,285.1304544655996,,PS_019,,,
,,2024-09-27T13:30:00Z,0,0,4,0,0,4,0,0,0,0,74.73452911928156,,,,,83.76382466005077,,PS_019,,,
,,2024-09-27T13:45:00Z,0,0,3,0,0,3,0,0,0,0,123.15745902280786,,,,,135.65908690839026,,PS_019,,,
,,2024-09-27T14:00:00Z,0,0,4,0,0,4,0,0,0,0,374.58184132702456,,,,,408.7498331870972,,PS_019,,,
,,2024-09-27T14:15:00Z,0,0,4,0,0,4,0,0,0,0,561.2620864692119,,,,,614.1799041888827,,PS_019,,,
,,2024-09-27T14:30:00Z,0,0,3,0,0,3,0,0,0,0,402.212306447695,,,,,443.44990847939243,,PS_019,,,
,,2024-09-27T14:45:00Z,0,0,4,0,0,4,0,0,0,0,818.1613031218413,,,,,893.0756446487603,,PS_019,,,
,,2024-09-27T15:00:00Z,0,0,4,0,0,4,0,0,0,0,794.5114429477333,,,,,867.558831297429,,PS_019,,,
,,2024-09-27T15:15:00Z,0,0,3,0,0,3,0,0,0,0,795.0753806402183,,,,,868.4826931892887,,PS_019,,,
,,2024-09-27T15:30:00Z,0,0,4,0,0,4,0,0,0,0,756.7518566387876,,,,,826.5637995913356,,PS_019,,,
,,2024-09-27T15:45:00Z,0,0,4,0,0,4,0,0,0,0,753.4618303177297,,,,,823.6967879729452,,PS_019,,,
,,2024-09-27T16:00:00Z,0,0,3,0,0,3,0,0,0,0,727.7209751715889,,,,,795.6205166185769,,PS_019,,,
,,2024-09-27T16:15:00Z,0,0,4,0,0,4,0,0,0,0,483.6091551420846,,,,,531.9937096717607,,PS_019,,,
,,2024-09-27T16:30:00Z,0,0,4,0,0,4,0,0,0,0,439.6025678954871,,,,,484.68120838515915,,PS_019,,,
,,2024-09-27T16:45:00Z,0,0,3,0,0,3,0,0,0,0,359.1052908496429,,,,,394.6532953169009,,PS_019,,,
,,2024-09-27T17:00:00Z,0,0,4,0,0,4,0,0,0,0,276.06581898461314,,,,,305.270887032612,,PS_019,,,
,,2024-09-27T17:15:00Z,0,0,3,0,0,3,0,0,0,0,272.5898075968187,,,,,301.83724188933763,,PS_019,,,
,,2024-09-27T17:30:00Z,0,0,4,0,0,4,0,0,0,0,184.7359310718801,,,,,205.33533507209498,,PS_019,,,
,,2024-09-27T17:45:00Z,0,0,4,0,0,4,0,0,0,0,508.5869576903529,,,,,556.8839188046506,,PS_019,,,
,,2024-09-27T18:00:00Z,0,0,3,0,0,3,0,0,0,0,383.69268718315,,,,,422.50692521477635,,PS_019,,,
,,2024-09-27T18:15:00Z,0,0,4,0,0,4,0,0,0,0,163.18681247788842,,,,,182.1124999940158,,PS_019,,,
,,2024-09-27T18:30:00Z,0,0,4,0,0,4,0,0,0,0,123.21843274788773,,,,,137.16799354742452,,PS_019,,,
,,2024-09-27T18:45:00Z,0,0,3,0,0,3,0,0,0,0,223.7206874043566,,,,,246.96807189114128,,PS_019,,,
,,2024-09-27T19:00:00Z,0,0,4,0,0,4,0,0,0,0,192.1356310355741,,,,,212.4063633886763,,PS_019,,,
,,2024-09-27T19:15:00Z,0,0,3,0,0,3,0,0,0,0,193.2914986414171,,,,,214.30373174824035,,PS_019,,,
,,2024-09-27T19:30:00Z,0,0,4,0,0,4,0,0,0,0,161.1485671838576,,,,,179.59721955679294,,PS_019,,,
,,2024-09-27T19:45:00Z,0,0,3,0,0,3,0,0,0,0,83.98889691176835,,,,,94.76098450382271,,PS_019,,,
,,2024-09-27T20:00:00Z,0,0,4,0,0,4,0,0,0,0,62.705173544779015,,,,,71.1629534491077,,PS_019,,,
,,2024-09-27T20:15:00Z,0,0,4,0,0,4,0,0,0,0,57.31068737559694,,,,,65.67471480707752,,PS_019,,,
,,2024-09-27T20:30:00Z,0,0,4,0,0,4,0,0,0,0,38.60243537576394,,,,,44.67162396608876,,PS_019,,,
,,2024-09-27T20:45:00Z,0,0,3,0,0,3,0,0,0,0,16.015411867943694,,,,,20.08844241588094,,PS_019,,,
,,2024-09-27T21:00:00Z,0,0,4,0,0,4,0,0,0,0,3.47062680005633,,,,,6.755766274614446,,PS_019,,,
,,2024-09-27T21:15:00Z,0,0,4,0,0,4,0,0,0,0,0.0,,,,,1.3829375524316279,,PS_019,,,
,,2024-09-27T21:30:00Z,0,0,3,0,0,3,0,0,0,0,0.0,,,,,0.8000000119209288,,PS_019,,,
,,2024-09-27T21:45:00Z,0,0,4,0,0,4,0,0,0,0,0.0,,,,,0.8000000119209291,,PS_019,,,
,,2024-09-27T22:00:00Z,0,0,4,0,0,4,0,0,0,0,0.0,,,,,0.8000000119209292,,PS_019,,,
,,2024-09-27T22:15:00Z,0,0,4,0,0,4,0,0,0,0,0.0,,,,,0.8000000119209291,,PS_019,,,
,,2024-09-27T22:30:00Z,0,0,3,0,0,3,0,0,0,0,0.0,,,,,0.800000011920929,,PS_019,,,
,,2024-09-27T22:45:00Z,0,0,4,0,0,4,0,0,0,0,0.0,,,,,0.800000011920929,,PS_019,,,
,,2024-09-27T23:00:00Z,0,0,4,0,0,4,0,0,0,0,0.0,,,,,0.800000011920929,,PS_019,,,
,,2024-09-27T23:15:00Z,0,0,3,0,0,3,0,0,0,0,0.0,,,,,0.8000000119209288,,PS_019,,,
,,2024-09-27T23:30:00Z,0,0,4,0,0,4,0,0,0,0,0.0,,,,,0.8000000119209291,,PS_019,,,
,,2024-09-27T23:45:00Z,0,0,4,0,0,4,0,0,0,0,0.0,,,,,0.800000011920929,,PS_019,,,
,,2024-09-28T00:00:00Z,0,0,4,0,0,4,0,0,0,0,0.0,,,,,0.8000000119209288,,PS_019,,,
,,2024-09-28T00:15:00Z,0,0,3,0,0,3,0,0,0,0,0.0,,,,,0.800000011920929,,PS_019,,,
,,2024-09-28T00:30:00Z,0,0,4,0,0,4,0,0,0,0,0.0,,,,,0.8000000119209291,,PS_019,,,
,,2024-09-28T00:45:00Z,0,0,4,0,0,4,0,0,0,0,0.0,,,,,0.800000011920929,,PS_019,,,
,,2024-09-28T01:00:00Z,0,0,3,0,0,3,0,0,0,0,0.0,,,,,0.800000011920929,,PS_019,,,
,,2024-09-28T01:15:00Z,0,0,4,0,0,4,0,0,0,0,0.0,,,,,0.8000000119209288,,PS_019,,,
,,2024-09-28T01:30:00Z,0,0,4,0,0,4,0,0,0,0,0.0,,,,,0.800000011920929,,PS_019,,,
,,2024-09-28T01:45:00Z,0,0,4,0,0,4,0,0,0,0,0.0,,,,,0.8000000119209288,,PS_019,,,
,,2024-09-28T02:00:00Z,0,0,3,0,0,3,0,0,0,0,0.0,,,,,0.8000000119209288,,PS_019,,,
,,2024-09-28T02:15:00Z,0,0,4,0,0,4,0,0,0,0,0.0,,,,,0.8000000119209288,,PS_019,,,
,,2024-09-28T02:30:00Z,0,0,4,0,0,4,0,0,0,0,0.0,,,,,0.8000000119209288,,PS_019,,,
,,2024-09-28T02:45:00Z,0,0,3,0,0,3,0,0,0,0,0.0,,,,,0.800000011920929,,PS_019,,,
,,2024-09-28T03:00:00Z,0,0,2,0,0,2,0,0,0,0,0.0,,,,,0.800000011920929,,PS_019,,,
,,2024-09-28T03:15:00Z,0,0,0,0,0,0,0,0,0,0,,,,,,,,PS_019,,,
,,2024-09-28T03:30:00Z,0,0,0,0,0,0,0,0,0,0,,,,,,,,PS_019,,,
,,2024-09-28T03:45:00Z,0,0,0,0,0,0,0,0,0,0,,,,,,,,PS_019,,,
,,2024-09-28T04:00:00Z,0,0,0,0,0,0,0,0,0,0,,,,,,,,PS_019,,,
,,2024-09-28T04:15:00Z,0,0,0,0,0,0,0,0,0,0,,,,,,,,PS_019,,,
,,2024-09-28T04:30:00Z,0,0,0,0,0,0,0,0,0,0,,,,,,,,PS_019,,,
,,2024-09-28T04:45:00Z,0,0,0,0,0,0,0,0,0,0,,,,,,,,PS_019,,,
,,2024-09-28T05:00:00Z,0,0,0,0,0,0,0,0,0,0,,,,,,,,PS_019,,,
,,2024-09-28T05:15:00Z,0,0,0,0,0,0,0,0,0,0,,,,,,,,PS_019,,,
,,2024-09-28T05:30:00Z,0,0,0,0,0,0,0,0,0,0,,,,,,,,PS_019,,,
,,2024-09-28T05:45:00Z,0,0,0,0,0,0,0,0,0,0,,,,,,,,PS_019,,,
,,2024-09-28T06:00:00Z,0,0,0,0,0,0,0,0,0,0,,,,,,,,PS_019,,,
,,2024-09-28T06:15:00Z,0,0,0,0,0,0,0,0,0,0,,,,,,,,PS_019,,,
,,2024-09-28T06:30:00Z,0,0,0,0,0,0,0,0,0,0,,,,,,,,PS_019,,,
,,2024-09-28T06:45:00Z,0,0,0,0,0,0,0,0,0,0,,,,,,,,PS_019,,,
,,2024-09-28T07:00:00Z,0,0,0,0,0,0,0,0,0,0,,,,,,,,PS_019,,,
,,2024-09-28T07:15:00Z,0,0,0,0,0,0,0,0,0,0,,,,,,,,PS_019,,,
,,2024-09-28T07:30:00Z,0,0,0,0,0,0,0,0,0,0,,,,,,,,PS_019,,,
,,2024-09-28T07:45:00Z,0,0,0,0,0,0,0,0,0,0,,,,,,,,PS_019,,,
,,2024-09-28T08:00:00Z,0,0,0,0,0,0,0,0,0,0,,,,,,,,PS_019,,,
,,2024-09-28T08:15:00Z,0,0,0,0,0,0,0,0,0,0,,,,,,,,PS_019,,,
,,2024-09-28T08:30:00Z,0,0,0,0,0,0,0,0,0,0,,,,,,,,PS_019,,,
,,2024-09-28T08:45:00Z,0,0,0,0,0,0,0,0,0,0,,,,,,,,PS_019,,,
,,2024-09-28T09:00:00Z,0,0,2,0,0,2,0,0,0,0,6.176791508466939,,,,,10.23679136190711,,PS_019,,,
,,2024-09-28T09:15:00Z,0,0,4,0,0,4,0,0,0,0,20.67884823050481,,,,,25.99777520872103,,PS_019,,,
,,2024-09-28T09:30:00Z,0,0,4,0,0,4,0,0,0,0,43.7472183465466,,,,,51.217600156181554,,PS_019,,,
,,2024-09-28T09:45:00Z,0,0,3,0,0,3,0,0,0,0,75.88022410015205,,,,,87.67194817113104,,PS_019,,,
,,2024-09-28T10:00:00Z,0,0,4,0,0,4,0,0,0,0,121.60027613978991,,,,,140.54765847830905,,PS_019,,,
,,2024-09-28T10:15:00Z,0,0,4,0,0,4,0,0,0,0,178.3306057817835,,,,,204.2827634906392,,PS_019,,,
,,2024-09-28T10:30:00Z,0,0,4,0,0,4,0,0,0,0,239.93728130685707,,,,,273.39949907656484,,PS_019,,,
,,2024-09-28T10:45:00Z,0,0,3,0,0,3,0,0,0,0,300.514146943428,,,,,340.97281883648736,,PS_019,,,
,,2024-09-28T11:00:00Z,0,0,4,0,0,4,0,0,0,0,358.3332790116149,,,,,404.8584306164512,,PS_019,,,
,,2024-09-28T11:15:00Z,0,0,4,0,0,4,0,0,0,0,420.5211951157766,,,,,473.16605061035295,,PS_019,,,
,,2024-09-28T11:30:00Z,0,0,3,0,0,3,0,0,0,0,481.1987999626818,,,,,539.409954850193,,PS_019,,,
,,2024-09-28T11:45:00Z,0,0,4,0,0,4,0,0,0,0,536.7627830331367,,,,,600.6211826022666,,PS_019,,,
,,2024-09-28T12:00:00Z,0,0,4,0,0,4,0,0,0,0,591.4635013701121,,,,,659.0169508129137,,PS_019,,,
,,2024-09-28T12:15:00Z,0,0,3,0,0,3,0,0,0,0,648.2142583300649,,,,,719.9962655182236,,PS_019,,,
,,2024-09-28T12:30:00Z,0,0,4,0,0,4,0,0,0,0,693.5082944630067,,,,,768.3320359683441,,PS_019,,,
,,2024-09-28T12:45:00Z,0,0,4,0,0,4,0,0,0,0,740.7134309953132,,,,,818.0321176074344,,PS_019,,,
,,2024-09-28T13:00:00Z,0,0,3,0,0,3,0,0,0,0,780.0624396931182,,,,,861.7433404846166,,PS_019,,,
,,2024-09-28T13:15:00Z,0,0,4,0,0,4,0,0,0,0,818.0705219990007,,,,,900.9897034078007,,PS_019,,,
,,2024-09-28T13:30:00Z,0,0,4,0,0,4,0,0,0,0,851.3736202365108,,,,,935.5223134486986,,PS_019,,,
,,2024-09-28T13:45:00Z,0,0,3,0,0,3,0,0,0,0,878.3100173195481,,,,,964.7436676241547,,PS_019,,,
,,2024-09-28T14:00:00Z,0,0,4,0,0,4,0,0,0,0,899.9914610849627,,,,,986.644867379345,,PS_019,,,
,,2024-09-28T14:15:00Z,0,0,4,0,0,4,0,0,0,0,921.7436607203401,,,,,1008.5833113551215,,PS_019,,,
,,2024-09-28T14:30:00Z,0,0,3,0,0,3,0,0,0,0,937.1889631818457,,,,,1025.0153629109036,,PS_019,,,
,,2024-09-28T14:45:00Z,0,0,4,0,0,4,0,0,0,0,946.218801237332,,,,,1033.853555278985,,PS_019,,,
,,2024-09-28T15:00:00Z,0,0,4,0,0,4,0,0,0,0,953.1947070317821,,,,,1040.0987092414491,,PS_019,,,
,,2024-09-28T15:15:00Z,0,0,4,0,0,4,0,0,0,0,958.186128850175,,,,,1044.4097080447252,,PS_019,,,
,,2024-09-28T15:30:00Z,0,0,3,0,0,3,0,0,0,0,951.2164139081556,,,,,1035.3270756034465,,PS_019,,,
,,2024-09-28T15:45:00Z,0,0,4,0,0,4,0,0,0,0,941.2273741717119,,,,,1026.2569994165106,,PS_019,,,
,,2024-09-28T16:00:00Z,0,0,4,0,0,4,0,0,0,0,927.3467483869804,,,,,1011.5204157902533,,PS_019,,,
,,2024-09-28T16:15:00Z,0,0,3,0,0,3,0,0,0,0,909.9317071777037,,,,,990.650057076439,,PS_019,,,
,,2024-09-28T16:30:00Z,0,0,4,0,0,4,0,0,0,0,883.8300649505235,,,,,963.637355687577,,PS_019,,,
,,2024-09-28T16:45:00Z,0,0,4,0,0,4,0,0,0,0,854.3357561539726,,,,,931.0985902078335,,PS_019,,,
,,2024-09-28T17:00:00Z,0,0,3,0,0,3,0,0,0,0,827.5497855036276,,,,,900.4600647450529,,PS_019,,,
,,2024-09-28T17:15:00Z,0,0,4,0,0,4,0,0,0,0,788.0206399110762,,,,,859.6295132993934,,PS_019,,,
,,2024-09-28T17:30:00Z,0,0,4,0,0,4,0,0,0,0,750.2054742006447,,,,,818.3440999201706,,PS_019,,,
,,2024-09-28T17:45:00Z,0,0,3,0,0,3,0,0,0,0,708.5126618373677,,,,,771.8518961873294,,PS_019,,,
,,2024-09-28T18:00:00Z,0,0,4,0,0,4,0,0,0,0,658.7053980731355,,,,,719.4363439285262,,PS_019,,,
,,2024-09-28T18:15:00Z,0,0,4,0,0,4,0,0,0,0,604.5034816513462,,,,,661.5530443557826,,PS_019,,,
,,2024-09-28T18:30:00Z,0,0,3,0,0,3,0,0,0,0,541.7520477445019,,,,,594.3964384493228,,PS_019,,,
,,2024-09-28T18:45:00Z,0,0,4,0,0,4,0,0,0,0,488.59603535156907,,,,,536.092162422799,,PS_019,,,
,,2024-09-28T19:00:00Z,0,0,4,0,0,4,0,0,0,0,425.081553870949,,,,,467.3271068639695,,PS_019,,,
,,2024-09-28T19:15:00Z,0,0,3,0,0,3,0,0,0,0,363.1715826875656,,,,,399.70289130614356,,PS_019,,,
,,2024-09-28T19:30:00Z,0,0,4,0,0,4,0,0,0,0,297.1674215702974,,,,,327.42205992314535,,PS_019,,,
,,2024-09-28T19:45:00Z,0,0,4,0,0,4,0,0,0,0,232.666640041391,,,,,257.2453004144993,,PS_019,,,
,,2024-09-28T20:00:00Z,0,0,3,0,0,3,0,0,0,0,173.64295940926218,,,,,192.54423965483795,,PS_019,,,
,,2024-09-28T20:15:00Z,0,0,4,0,0,4,0,0,0,0,122.17578145364588,,,,,135.39543006760985,,PS_019,,,
,,2024-09-28T20:30:00Z,0,0,4,0,0,4,0,0,0,0,70.38102917585545,,,,,78.52322603547037,,PS_019,,,
,,2024-09-28T20:45:00Z,0,0,4,0,0,4,0,0,0,0,32.24352153030922,,,,,37.26467507200813,,PS_019,,,
,,2024-09-28T21:00:00Z,0,0,3,0,0,3,0,0,0,0,9.416777659599612,,,,,13.118615663344768,,PS_019,,,
,,2024-09-28T21:15:00Z,0,0,4,0,0,4,0,0,0,0,0.8194868844353664,,,,,3.3940593260214262,,PS_019,,,
,,2024-09-28T21:30:00Z,0,0,4,0,0,4,0,0,0,0,0.03828944779688144,,,,,0.8638157614188271,,PS_019,,,
,,2024-09-28T21:45:00Z,0,0,3,0,0,3,0,0,0,0,0.0,,,,,0.800000011920929,,PS_019,,,
,,2024-09-28T22:00:00Z,0,0,4,0,0,4,0,0,0,0,0.0,,,,,0.8000000119209291,,PS_019,,,
,,2024-09-28T22:15:00Z,0,0,4,0,0,4,0,0,0,0,0.0,,,,,0.8000000119209288,,PS_019,,,
,,2024-09-28T22:30:00Z,0,0,4,0,0,4,0,0,0,0,0.0,,,,,0.800000011920929,,PS_019,,,
,,2024-09-28T22:45:00Z,0,0,3,0,0,3,0,0,0,0,0.0,,,,,0.8000000119209291,,PS_019,,,
,,2024-09-28T23:00:00Z,0,0,4,0,0,4,0,0,0,0,0.0,,,,,0.8000000119209288,,PS_019,,,
,,2024-09-28T23:15:00Z,0,0,4,0,0,4,0,0,0,0,0.0,,,,,0.8000000119209288,,PS_019,,,
,,2024-09-28T23:30:00Z,0,0,3,0,0,3,0,0,0,0,0.0,,,,,0.800000011920929,,PS_019,,,
,,2024-09-28T23:45:00Z,0,0,4,0,0,4,0,0,0,0,0.0,,,,,0.8000000119209288,,PS_019,,,
,,2024-09-29T00:00:00Z,0,0,4,0,0,4,0,0,0,0,0.0,,,,,0.800000011920929,,PS_019,,,
,,2024-09-29T00:15:00Z,0,0,4,0,0,4,0,0,0,0,0.0,,,,,0.8000000119209291,,PS_019,,,
,,2024-09-29T00:30:00Z,0,0,3,0,0,3,0,0,0,0,0.0,,,,,0.8000000119209288,,PS_019,,,
,,2024-09-29T00:45:00Z,0,0,4,0,0,4,0,0,0,0,0.0,,,,,0.8000000119209288,,PS_019,,,
,,2024-09-29T01:00:00Z,0,0,4,0,0,4,0,0,0,0,0.0,,,,,0.8000000119209288,,PS_019,,,
,,2024-09-29T01:15:00Z,0,0,3,0,0,3,0,0,0,0,0.0,,,,,0.800000011920929,,PS_019,,,
,,2024-09-29T01:30:00Z,0,0,4,0,0,4,0,0,0,0,0.0,,,,,0.800000011920929,,PS_019,,,
,,2024-09-29T01:45:00Z,0,0,4,0,0,4,0,0,0,0,0.0,,,,,0.800000011920929,,PS_019,,,
,,2024-09-29T02:00:00Z,0,0,4,0,0,4,0,0,0,0,0.0,,,,,0.800000011920929,,PS_019,,,
,,2024-09-29T02:15:00Z,0,0,3,0,0,3,0,0,0,0,0.0,,,,,0.800000011920929,,PS_019,,,
,,2024-09-29T02:30:00Z,0,0,4,0,0,4,0,0,0,0,0.0,,,,,0.8000000119209288,,PS_019,,,
,,2024-09-29T02:45:00Z,0,0,4,0,0,4,0,0,0,0,0.0,,,,,0.800000011920929,,PS_019,,,
,,2024-09-29T03:00:00Z,0,0,2,0,0,2,0,0,0,0,0.0,,,,,0.800000011920929,,PS_019,,,
,,2024-09-29T03:15:00Z,0,0,0,0,0,0,0,0,0,0,,,,,,,,PS_019,,,
,,2024-09-29T03:30:00Z,0,0,0,0,0,0,0,0,0,0,,,,,,,,PS_019,,,
,,2024-09-29T03:45:00Z,0,0,0,0,0,0,0,0,0,0,,,,,,,,PS_019,,,
,,2024-09-29T04:00:00Z,0,0,0,0,0,0,0,0,0,0,,,,,,,,PS_019,,,
,,2024-09-29T04:15:00Z,0,0,0,0,0,0,0,0,0,0,,,,,,,,PS_019,,,
,,2024-09-29T04:30:00Z,0,0,0,0,0,0,0,0,0,0,,,,,,,,PS_019,,,
,,2024-09-29T04:45:00Z,0,0,0,0,0,0,0,0,0,0,,,,,,,,PS_019,,,
,,2024-09-29T05:00:00Z,0,0,0,0,0,0,0,0,0,0,,,,,,,,PS_019,,,
,,2024-09-29T05:15:00Z,0,0,0,0,0,0,0,0,0,0,,,,,,,,PS_019,,,
,,2024-09-29T05:30:00Z,0,0,0,0,0,0,0,0,0,0,,,,,,,,PS_019,,,
,,2024-09-29T05:45:00Z,0,0,0,0,0,0,0,0,0,0,,,,,,,,PS_019,,,
,,2024-09-29T06:00:00Z,0,0,0,0,0,0,0,0,0,0,,,,,,,,PS_019,,,
,,2024-09-29T06:15:00Z,0,0,0,0,0,0,0,0,0,0,,,,,,,,PS_019,,,
,,2024-09-29T06:30:00Z,0,0,0,0,0,0,0,0,0,0,,,,,,,,PS_019,,,
,,2024-09-29T06:45:00Z,0,0,0,0,0,0,0,0,0,0,,,,,,,,PS_019,,,
,,2024-09-29T07:00:00Z,0,0,0,0,0,0,0,0,0,0,,,,,,,,PS_019,,,
,,2024-09-29T07:15:00Z,0,0,0,0,0,0,0,0,0,0,,,,,,,,PS_019,,,
,,2024-09-29T07:30:00Z,0,0,0,0,0,0,0,0,0,0,,,,,,,,PS_019,,,
,,2024-09-29T07:45:00Z,0,0,0,0,0,0,0,0,0,0,,,,,,,,PS_019,,,
,,2024-09-29T08:00:00Z,0,0,0,0,0,0,0,0,0,0,,,,,,,,PS_019,,,
,,2024-09-29T08:15:00Z,0,0,0,0,0,0,0,0,0,0,,,,,,,,PS_019,,,
,,2024-09-29T08:30:00Z,0,0,0,0,0,0,0,0,0,0,,,,,,,,PS_019,,,
,,2024-09-29T08:45:00Z,0,0,0,0,0,0,0,0,0,0,,,,,,,,PS_019,,,
,,2024-09-29T09:00:00Z,0,0,1,0,0,1,0,0,0,0,9.440000534057617,,,,,12.749999999999998,,PS_019,,,
,,2024-09-29T09:15:00Z,0,0,4,0,0,4,0,0,0,0,22.072984864079448,,,,,26.67256332805095,,PS_019,,,
,,2024-09-29T09:30:00Z,0,0,4,0,0,4,0,0,0,0,45.229246093058954,,,,,51.91188692067008,,PS_019,,,
,,2024-09-29T09:45:00Z,0,0,4,0,0,4,0,0,0,0,81.5750537109726,,,,,92.48360550746744,,PS_019,,,
,,2024-09-29T10:00:00Z,0,0,3,0,0,3,0,0,0,0,124.70426799364834,,,,,140.89419250761634,,PS_019,,,
,,2024-09-29T10:15:00Z,0,0,4,0,0,4,0,0,0,0,173.0656646238726,,,,,196.34902811632088,,PS_019,,,
,,2024-09-29T10:30:00Z,0,0,4,0,0,4,0,0,0,0,227.07631009905063,,,,,260.38085441845146,,PS_019,,,
,,2024-09-29T10:45:00Z,0,0,3,0,0,3,0,0,0,0,282.8950662082108,,,,,322.66311002872095,,PS_019,,,
,,2024-09-29T11:00:00Z,0,0,4,0,0,4,0,0,0,0,339.8882440343334,,,,,385.1306279284623,,PS_019,,,
,,2024-09-29T11:15:00Z,0,0,4,0,0,4,0,0,0,0,403.2020305965372,,,,,454.416725609766,,PS_019,,,
,,2024-09-29T11:30:00Z,0,0,3,0,0,3,0,0,0,0,459.41175830311767,,,,,516.4983684589906,,PS_019,,,
,,2024-09-29T11:45:00Z,0,0,4,0,0,4,0,0,0,0,509.9344438750875,,,,,571.2578020455123,,PS_019,,,
,,2024-09-29T12:00:00Z,0,0,4,0,0,4,0,0,0,0,561.0119221381032,,,,,627.0373628580203,,PS_019,,,
,,2024-09-29T12:15:00Z,0,0,3,0,0,3,0,0,0,0,607.6838524164059,,,,,677.4589736523136,,PS_019,,,
,,2024-09-29T12:30:00Z,0,0,4,0,0,4,0,0,0,0,650.3602181195341,,,,,723.6577180010547,,PS_019,,,
,,2024-09-29T12:45:00Z,0,0,4,0,0,4,0,0,0,0,699.2429417424896,,,,,777.3139683753412,,PS_019,,,
,,2024-09-29T13:00:00Z,0,0,4,0,0,4,0,0,0,0,745.3524437061002,,,,,825.1967638511898,,PS_019,,,
,,2024-09-29T13:15:00Z,0,0,3,0,0,3,0,0,0,0,783.2999337783019,,,,,866.3685904298283,,PS_019,,,
,,2024-09-29T13:30:00Z,0,0,4,0,0,4,0,0,0,0,818.4130569689383,,,,,902.7362039520126,,PS_019,,,
,,2024-09-29T13:45:00Z,0,0,4,0,0,4,0,0,0,0,846.7703264651276,,,,,931.9127443139278,,PS_019,,,
,,2024-09-29T14:00:00Z,0,0,3,0,0,3,0,0,0,0,864.809686502178,,,,,950.5360186571253,,PS_019,,,
,,2024-09-29T14:15:00Z,0,0,4,0,0,4,0,0,0,0,884.998178028837,,,,,971.768945717233,,PS_019,,,
,,2024-09-29T14:30:00Z,0,0,4,0,0,4,0,0,0,0,905.9423723766208,,,,,994.6062076044224,,PS_019,,,
,,2024-09-29T14:45:00Z,0,0,3,0,0,3,0,0,0,0,918.6139946964987,,,,,1005.5157898253726,,PS_019,,,
,,2024-09-29T15:00:00Z,0,0,4,0,0,4,0,0,0,0,912.9642661316677,,,,,998.9725851995194,,PS_019,,,
,,2024-09-29T15:15:00Z,0,0,4,0,0,4,0,0,0,0,914.8509289346891,,,,,999.79905665117,,PS_019,,,
,,2024-09-29T15:30:00Z,0,0,3,0,0,3,0,0,0,0,903.6531170943314,,,,,987.5286655324636,,PS_019,,,
,,2024-09-29T15:45:00Z,0,0,4,0,0,4,0,0,0,0,900.6137587546846,,,,,983.4153097543144,,PS_019,,,
,,2024-09-29T16:00:00Z,0,0,4,0,0,4,0,0,0,0,884.8421772434194,,,,,965.8894967666844,,PS_019,,,
,,2024-09-29T16:15:00Z,0,0,3,0,0,3,0,0,0,0,862.461671438584,,,,,941.273419396451,,PS_019,,,
,,2024-09-29T16:30:00Z,0,0,4,0,0,4,0,0,0,0,835.6510960857324,,,,,912.0758167564233,,PS_019,,,
,,2024-09-29T16:45:00Z,0,0,4,0,0,4,0,0,0,0,812.9354860040937,,,,,887.0850837147656,,PS_019,,,
,,2024-09-29T17:00:00Z,0,0,3,0,0,3,0,0,0,0,791.8567391081941,,,,,865.0415537339147,,PS_019,,,
,,2024-09-29T17:15:00Z,0,0,4,0,0,4,0,0,0,0,748.3054731584974,,,,,818.1438704235901,,PS_019,,,
,,2024-09-29T17:30:00Z,0,0,4,0,0,4,0,0,0,0,702.326050570245,,,,,767.6135260371526,,PS_019,,,
,,2024-09-29T17:45:00Z,0,0,3,0,0,3,0,0,0,0,671.2050510554488,,,,,733.8155404220469,,PS_019,,,
,,2024-09-29T18:00:00Z,0,0,4,0,0,4,0,0,0,0,618.5605454710484,,,,,676.43600039428,,PS_019,,,
,,2024-09-29T18:15:00Z,0,0,4,0,0,4,0,0,0,0,563.8033805390052,,,,,617.945152473743,,PS_019,,,
,,2024-09-29T18:30:00Z,0,0,3,0,0,3,0,0,0,0,514.7798372314006,,,,,564.6021233712776,,PS_019,,,
,,2024-09-29T18:45:00Z,0,0,4,0,0,4,0,0,0,0,458.0233916266567,,,,,502.47200663312856,,PS_019,,,
,,2024-09-29T19:00:00Z,0,0,4,0,0,4,0,0,0,0,393.16944015410706,,,,,432.2267211874403,,PS_019,,,
,,2024-09-29T19:15:00Z,0,0,3,0,0,3,0,0,0,0,331.072674125289,,,,,364.3215426875133,,PS_019,,,
,,2024-09-29T19:30:00Z,0,0,4,0,0,4,0,0,0,0,259.4205760445945,,,,,286.0128548767575,,PS_019,,,
,,2024-09-29T19:45:00Z,0,0,4,0,0,4,0,0,0,0,200.39304917819348,,,,,222.35499664597236,,PS_019,,,
,,2024-09-29T20:00:00Z,0,0,4,0,0,4,0,0,0,0,154.07480935751153,,,,,171.0672128481509,,PS_019,,,
,,2024-09-29T20:15:00Z,0,0,3,0,0,3,0,0,0,0,108.7800255508258,,,,,121.43621961464682,,PS_019,,,
,,2024-09-29T20:30:00Z,0,0,4,0,0,4,0,0,0,0,66.4338234936808,,,,,74.73701771459241,,PS_019,,,
,,2024-09-29T20:45:00Z,0,0,4,0,0,4,0,0,0,0,32.59901028257489,,,,,37.56600811895599,,PS_019,,,
,,2024-09-29T21:00:00Z,0,0,3,0,0,3,0,0,0,0,10.566997763244773,,,,,14.549787230081916,,PS_019,,,
,,2024-09-29T21:15:00Z,0,0,4,0,0,4,0,0,0,0,0.2869280137309457,,,,,2.932593688172544,,PS_019,,,
,,2024-09-29T21:30:00Z,0,0,4,0,0,4,0,0,0,0,0.0,,,,,0.800000011920929,,PS_019,,,
,,2024-09-29T21:45:00Z,0,0,3,0,0,3,0,0,0,0,0.0,,,,,0.8000000119209291,,PS_019,,,
,,2024-09-29T22:00:00Z,0,0,4,0,0,4,0,0,0,0,0.0,,,,,0.800000011920929,,PS_019,,,
,,2024-09-29T22:15:00Z,0,0,4,0,0,4,0,0,0,0,0.0,,,,,0.800000011920929,,PS_019,,,
,,2024-09-29T22:30:00Z,0,0,4,0,0,4,0,0,0,0,0.0,,,,,0.8000000119209288,,PS_019,,,
,,2024-09-29T22:45:00Z,0,0,3,0,0,3,0,0,0,0,0.0,,,,,0.800000011920929,,PS_019,,,
,,2024-09-29T23:00:00Z,0,0,4,0,0,4,0,0,0,0,0.0,,,,,0.800000011920929,,PS_019,,,
,,2024-09-29T23:15:00Z,0,0,4,0,0,4,0,0,0,0,0.0,,,,,0.8000000119209291,,PS_019,,,
,,2024-09-29T23:30:00Z,0,0,3,0,0,3,0,0,0,0,0.0,,,,,0.8000000119209291,,PS_019,,,
,,2024-09-29T23:45:00Z,0,0,4,0,0,4,0,0,0,0,0.0,,,,,0.800000011920929,,PS_019,,,
,,2024-09-30T00:00:00Z,0,0,4,0,0,4,0,0,0,0,0.0,,,,,0.800000011920929,,PS_019,,,
,,2024-09-30T00:15:00Z,0,0,4,0,0,4,0,0,0,0,0.0,,,,,0.800000011920929,,PS_019,,,
,,2024-09-30T00:30:00Z,0,0,3,0,0,3,0,0,0,0,0.0,,,,,0.8000000119209291,,PS_019,,,
,,2024-09-30T00:45:00Z,0,0,4,0,0,4,0,0,0,0,0.0,,,,,0.800000011920929,,PS_019,,,
,,2024-09-30T01:00:00Z,0,0,4,0,0,4,0,0,0,0,0.0,,,,,0.8000000119209291,,PS_019,,,
,,2024-09-30T01:15:00Z,0,0,3,0,0,3,0,0,0,0,0.0,,,,,0.8000000119209291,,PS_019,,,
,,2024-09-30T01:30:00Z,0,0,4,0,0,4,0,0,0,0,0.0,,,,,0.800000011920929,,PS_019,,,
,,2024-09-30T01:45:00Z,0,0,4,0,0,4,0,0,0,0,0.0,,,,,0.800000011920929,,PS_019,,,
,,2024-09-30T02:00:00Z,0,0,4,0,0,4,0,0,0,0,0.0,,,,,0.800000011920929,,PS_019,,,
,,2024-09-30T02:15:00Z,0,0,3,0,0,3,0,0,0,0,0.0,,,,,0.8000000119209292,,PS_019,,,
,,2024-09-30T02:30:00Z,0,0,4,0,0,4,0,0,0,0,0.0,,,,,0.8000000119209291,,PS_019,,,
,,2024-09-30T02:45:00Z,0,0,4,0,0,4,0,0,0,0,0.0,,,,,0.800000011920929,,PS_019,,,
,,2024-09-30T03:00:00Z,0,0,2,0,0,2,0,0,0,0,0.0,,,,,0.8000000119209288,,PS_019,,,
,,2024-09-30T03:15:00Z,0,0,0,0,0,0,0,0,0,0,,,,,,,,PS_019,,,
,,2024-09-30T03:30:00Z,0,0,0,0,0,0,0,0,0,0,,,,,,,,PS_019,,,
,,2024-09-30T03:45:00Z,0,0,0,0,0,0,0,0,0,0,,,,,,,,PS_019,,,
,,2024-09-30T04:00:00Z,0,0,0,0,0,0,0,0,0,0,,,,,,,,PS_019,,,
,,2024-09-30T04:15:00Z,0,0,0,0,0,0,0,0,0,0,,,,,,,,PS_019,,,
,,2024-09-30T04:30:00Z,0,0,0,0,0,0,0,0,0,0,,,,,,,,PS_019,,,
,,2024-09-30T04:45:00Z,0,0,0,0,0,0,0,0,0,0,,,,,,,,PS_019,,,
,,2024-09-30T05:00:00Z,0,0,0,0,0,0,0,0,0,0,,,,,,,,PS_019,,,
,,2024-09-30T05:15:00Z,0,0,0,0,0,0,0,0,0,0,,,,,,,,PS_019,,,
,,2024-09-30T05:30:00Z,0,0,0,0,0,0,0,0,0,0,,,,,,,,PS_019,,,
,,2024-09-30T05:45:00Z,0,0,0,0,0,0,0,0,0,0,,,,,,,,PS_019,,,
,,2024-09-30T06:00:00Z,0,0,0,0,0,0,0,0,0,0,,,,,,,,PS_019,,,
,,2024-09-30T06:15:00Z,0,0,0,0,0,0,0,0,0,0,,,,,,,,PS_019,,,
,,2024-09-30T06:30:00Z,0,0,0,0,0,0,0,0,0,0,,,,,,,,PS_019,,,
,,2024-09-30T06:45:00Z,0,0,0,0,0,0,0,0,0,0,,,,,,,,PS_019,,,
,,2024-09-30T07:00:00Z,0,0,0,0,0,0,0,0,0,0,,,,,,,,PS_019,,,
,,2024-09-30T07:15:00Z,0,0,0,0,0,0,0,0,0,0,,,,,,,,PS_019,,,
,,2024-09-30T07:30:00Z,0,0,0,0,0,0,0,0,0,0,,,,,,,,PS_019,,,
,,2024-09-30T07:45:00Z,0,0,0,0,0,0,0,0,0,0,,,,,,,,PS_019,,,
,,2024-09-30T08:00:00Z,0,0,0,0,0,0,0,0,0,0,,,,,,,,PS_019,,,
,,2024-09-30T08:15:00Z,0,0,0,0,0,0,0,0,0,0,,,,,,,,PS_019,,,
,,2024-09-30T08:30:00Z,0,0,0,0,0,0,0,0,0,0,,,,,,,,PS_019,,,
,,2024-09-30T08:45:00Z,0,0,0,0,0,0,0,0,0,0,,,,,,,,PS_019,,,
,,2024-09-30T09:00:00Z,0,0,1,0,0,1,0,0,0,0,12.539999961853027,,,,,16.19999885559082,,PS_019,,,
,,2024-09-30T09:15:00Z,0,0,4,0,0,4,0,0,0,0,24.435221770025993,,,,,29.48980889745532,,PS_019,,,
,,2024-09-30T09:30:00Z,0,0,4,0,0,4,0,0,0,0,46.42574821515472,,,,,53.529629016979364,,PS_019,,,
,,2024-09-30T09:45:00Z,0,0,4,0,0,4,0,0,0,0,80.49998238027186,,,,,91.23928346069646,,PS_019,,,
,,2024-09-30T10:00:00Z,0,0,3,0,0,3,0,0,0,0,122.48201161938297,,,,,138.22723367089944,,PS_019,,,
,,2024-09-30T10:15:00Z,0,0,4,0,0,4,0,0,0,0,170.2956847703716,,,,,192.5799943725347,,PS_019,,,
,,2024-09-30T10:30:00Z,0,0,4,0,0,4,0,0,0,0,223.3863539719915,,,,,252.5154749322345,,PS_019,,,
,,2024-09-30T10:45:00Z,0,0,3,0,0,3,0,0,0,0,278.9944325279522,,,,,315.320467202309,,PS_019,,,
,,2024-09-30T11:00:00Z,0,0,4,0,0,4,0,0,0,0,333.01749304834937,,,,,378.745861940789,,PS_019,,,
,,2024-09-30T11:15:00Z,0,0,4,0,0,4,0,0,0,0,390.30196641250836,,,,,441.36762728214745,,PS_019,,,
,,2024-09-30T11:30:00Z,0,0,3,0,0,3,0,0,0,0,450.7301604988808,,,,,506.25204510461003,,PS_019,,,
,,2024-09-30T11:45:00Z,0,0,4,0,0,4,0,0,0,0,501.62175390896994,,,,,562.5326312348959,,PS_019,,,
,,2024-09-30T12:00:00Z,0,0,4,0,0,4,0,0,0,0,556.9926564339504,,,,,622.2653053279604,,PS_019,,,
,,2024-09-30T12:15:00Z,0,0,3,0,0,3,0,0,0,0,604.8728610068479,,,,,674.2512237706289,,PS_019,,,
,,2024-09-30T12:30:00Z,0,0,4,0,0,4,0,0,0,0,652.9577191078536,,,,,726.0576929187256,,PS_019,,,
,,2024-09-30T12:45:00Z,0,0,4,0,0,4,0,0,0,0,698.0331295273048,,,,,774.3036455067528,,PS_019,,,
,,2024-09-30T13:00:00Z,0,0,3,0,0,3,0,0,0,0,739.2852794693839,,,,,819.0783867377884,,PS_019,,,
,,2024-09-30T13:15:00Z,0,0,4,0,0,4,0,0,0,0,775.5948560639279,,,,,856.2689433837245,,PS_019,,,
,,2024-09-30T13:30:00Z,0,0,4,0,0,4,0,0,0,0,809.1278621678226,,,,,892.8698416932552,,PS_019,,,
,,2024-09-30T13:45:00Z,0,0,3,0,0,3,0,0,0,0,839.9401736146875,,,,,923.9355245519595,,PS_019,,,
,,2024-09-30T14:00:00Z,0,0,4,0,0,4,0,0,0,0,862.0541467219484,,,,,947.3415920214819,,PS_019,,,
,,2024-09-30T14:15:00Z,0,0,3,0,0,3,0,0,0,0,879.5669079979933,,,,,963.9277076878227,,PS_019,,,
,,2024-09-30T14:30:00Z,0,0,4,0,0,4,0,0,0,0,896.9750630340238,,,,,983.1538777909324,,PS_019,,,
,,2024-09-30T14:45:00Z,0,0,4,0,0,4,0,0,0,0,901.5979587163055,,,,,986.4904093439717,,PS_019,,,
,,2024-09-30T15:00:00Z,0,0,3,0,0,3,0,0,0,0,908.1693956988747,,,,,994.0045143608776,,PS_019,,,
,,2024-09-30T15:15:00Z,0,0,4,0,0,4,0,0,0,0,899.8385305382636,,,,,983.8645997190691,,PS_019,,,
,,2024-09-30T15:30:00Z,0,0,3,0,0,3,0,0,0,0,910.0151185573397,,,,,994.9623251429357,,PS_019,,,
,,2024-09-30T15:45:00Z,0,0,4,0,0,4,0,0,0,0,920.6950392600935,,,,,1005.1514783357276,,PS_019,,,
,,2024-09-30T16:00:00Z,0,0,4,0,0,4,0,0,0,0,867.1984693538566,,,,,946.5785970445835,,PS_019,,,
,,2024-09-30T16:15:00Z,0,0,3,0,0,3,0,0,0,0,916.4713846165732,,,,,1001.9406020704307,,PS_019,,,
,,2024-09-30T16:30:00Z,0,0,4,0,0,4,0,0,0,0,885.5822195502227,,,,,966.7697004236105,,PS_019,,,
,,2024-09-30T16:45:00Z,0,0,3,0,0,3,0,0,0,0,883.7288660027091,,,,,965.0419151549796,,PS_019,,,
,,2024-09-30T17:00:00Z,0,0,4,0,0,4,0,0,0,0,460.6158393698051,,,,,505.95371453500684,,PS_019,,,
,,2024-09-30T17:15:00Z,0,0,4,0,0,4,0,0,0,0,790.3547900821986,,,,,863.2145240661117,,PS_019,,,
,,2024-09-30T17:30:00Z,0,0,3,0,0,3,0,0,0,0,444.6044388662629,,,,,486.8424162714031,,PS_019,,,
,,2024-09-30T17:45:00Z,0,0,4,0,0,4,0,0,0,0,664.7799827839002,,,,,727.400714985859,,PS_019,,,
,,2024-09-30T18:00:00Z,0,0,3,0,0,3,0,0,0,0,626.0677170133237,,,,,685.2909844934517,,PS_019,,,
,,2024-09-30T18:15:00Z,0,0,4,0,0,4,0,0,0,0,403.707615650137,,,,,443.9678336034856,,PS_019,,,
,,2024-09-30T18:30:00Z,0,0,3,0,0,3,0,0,0,0,436.118658745042,,,,,478.8234353989358,,PS_019,,,
,,2024-09-30T18:45:00Z,0,0,4,0,0,4,0,0,0,0,381.07018402503905,,,,,418.9006731899513,,PS_019,,,
,,2024-09-30T19:00:00Z,0,0,4,0,0,4,0,0,0,0,401.39672624566737,,,,,440.9067277394825,,PS_019,,,
,,2024-09-30T19:15:00Z,0,0,3,0,0,3,0,0,0,0,332.9033145411867,,,,,366.9476848531115,,PS_019,,,
,,2024-09-30T19:30:00Z,0,0,4,0,0,4,0,0,0,0,201.05500618531192,,,,,223.12097332640403,,PS_019,,,
,,2024-09-30T19:45:00Z,0,0,3,0,0,3,0,0,0,0,138.14341650102705,,,,,153.76614242532477,,PS_019,,,
,,2024-09-30T20:00:00Z,0,0,4,0,0,4,0,0,0,0,125.06503638755967,,,,,139.23778822272712,,PS_019,,,
,,2024-09-30T20:15:00Z,0,0,4,0,0,4,0,0,0,0,87.1744673975763,,,,,98.15870521634848,,PS_019,,,
,,2024-09-30T20:30:00Z,0,0,3,0,0,3,0,0,0,0,54.12090128820823,,,,,61.211649906397085,,PS_019,,,
,,2024-09-30T20:45:00Z,0,0,4,0,0,4,0,0,0,0,26.978642848468077,,,,,32.802338831118135,,PS_019,,,
,,2024-09-30T21:00:00Z,0,0,4,0,0,4,0,0,0,0,8.457275226956238,,,,,12.074386746650054,,PS_019,,,
,,2024-09-30T21:15:00Z,0,0,3,0,0,3,0,0,0,0,0.0,,,,,2.623224157844971,,PS_019,,,
,,2024-09-30T21:30:00Z,0,0,4,0,0,4,0,0,0,0,0.05612988396644779,,,,,0.9876515597286585,,PS_019,,,
,,2024-09-30T21:45:00Z,0,0,4,0,0,4,0,0,0,0,0.0,,,,,0.8000000119209291,,PS_019,,,
,,2024-09-30T22:00:00Z,0,0,4,0,0,4,0,0,0,0,0.0,,,,,0.800000011920929,,PS_019,,,
,,2024-09-30T22:15:00Z,0,0,3,0,0,3,0,0,0,0,0.0,,,,,0.800000011920929,,PS_019,,,
,,2024-09-30T22:30:00Z,0,0,4,0,0,4,0,0,0,0,0.0,,,,,0.800000011920929,,PS_019,,,
,,2024-09-30T22:45:00Z,0,0,4,0,0,4,0,0,0,0,0.0,,,,,0.8000000119209291,,PS_019,,,
,,2024-09-30T23:00:00Z,0,0,3,0,0,3,0,0,0,0,0.0,,,,,0.8000000119209292,,PS_019,,,
,,2024-09-30T23:15:00Z,0,0,4,0,0,4,0,0,0,0,0.0,,,,,0.8000000119209288,,PS_019,,,
,,2024-09-30T23:30:00Z,0,0,4,0,0,4,0,0,0,0,0.0,,,,,0.800000011920929,,PS_019,,,
,,2024-09-30T23:45:00Z,0,0,3,0,0,3,0,0,0,0,0.0,,,,,0.800000011920929,,PS_019,,,
,,2024-10-01T00:00:00Z,0,0,4,0,0,4,0,0,0,0,0.0,,,,,0.8000000119209288,,PS_019,,,
,,2024-10-01T00:15:00Z,0,0,4,0,0,4,0,0,0,0,0.0,,,,,0.800000011920929,,PS_019,,,
,,2024-10-01T00:30:00Z,0,0,4,0,0,4,0,0,0,0,0.0,,,,,0.8000000119209288,,PS_019,,,
,,2024-10-01T00:45:00Z,0,0,3,0,0,3,0,0,0,0,0.0,,,,,0.800000011920929,,PS_019,,,
,,2024-10-01T01:00:00Z,0,0,4,0,0,4,0,0,0,0,0.0,,,,,0.800000011920929,,PS_019,,,
,,2024-10-01T01:15:00Z,0,0,4,0,0,4,0,0,0,0,0.0,,,,,0.800000011920929,,PS_019,,,
,,2024-10-01T01:30:00Z,0,0,3,0,0,3,0,0,0,0,0.0,,,,,0.800000011920929,,PS_019,,,
,,2024-10-01T01:45:00Z,0,0,4,0,0,4,0,0,0,0,0.0,,,,,0.800000011920929,,PS_019,,,
,,2024-10-01T02:00:00Z,0,0,4,0,0,4,0,0,0,0,0.0,,,,,0.8000000119209288,,PS_019,,,
,,2024-10-01T02:15:00Z,0,0,4,0,0,4,0,0,0,0,0.0,,,,,0.8000000119209288,,PS_019,,,
,,2024-10-01T02:30:00Z,0,0,3,0,0,3,0,0,0,0,0.0,,,,,0.8000000119209288,,PS_019,,,
,,2024-10-01T02:45:00Z,0,0,4,0,0,4,0,0,0,0,0.0,,,,,0.800000011920929,,PS_019,,,
,,2024-10-01T03:00:00Z,0,0,2,0,0,2,0,0,0,0,0.0,,,,,0.800000011920929,,PS_019,,,
,,2024-10-01T03:15:00Z,0,0,0,0,0,0,0,0,0,0,,,,,,,,PS_019,,,
,,2024-10-01T03:30:00Z,0,0,0,0,0,0,0,0,0,0,,,,,,,,PS_019,,,
,,2024-10-01T03:45:00Z,0,0,0,0,0,0,0,0,0,0,,,,,,,,PS_019,,,
,,2024-10-01T04:00:00Z,0,0,0,0,0,0,0,0,0,0,,,,,,,,PS_019,,,
,,2024-10-01T04:15:00Z,0,0,0,0,0,0,0,0,0,0,,,,,,,,PS_019,,,
,,2024-10-01T04:30:00Z,0,0,0,0,0,0,0,0,0,0,,,,,,,,PS_019,,,
,,2024-10-01T04:45:00Z,0,0,0,0,0,0,0,0,0,0,,,,,,,,PS_019,,,
,,2024-10-01T05:00:00Z,0,0,0,0,0,0,0,0,0,0,,,,,,,,PS_019,,,
,,2024-10-01T05:15:00Z,0,0,0,0,0,0,0,0,0,0,,,,,,,,PS_019,,,
,,2024-10-01T05:30:00Z,0,0,0,0,0,0,0,0,0,0,,,,,,,,PS_019,,,
,,2024-10-01T05:45:00Z,0,0,0,0,0,0,0,0,0,0,,,,,,,,PS_019,,,
,,2024-10-01T06:00:00Z,0,0,0,0,0,0,0,0,0,0,,,,,,,,PS_019,,,
,,2024-10-01T06:15:00Z,0,0,0,0,0,0,0,0,0,0,,,,,,,,PS_019,,,
,,2024-10-01T06:30:00Z,0,0,0,0,0,0,0,0,0,0,,,,,,,,PS_019,,,
,,2024-10-01T06:45:00Z,0,0,0,0,0,0,0,0,0,0,,,,,,,,PS_019,,,
,,2024-10-01T07:00:00Z,0,0,0,0,0,0,0,0,0,0,,,,,,,,PS_019,,,
,,2024-10-01T07:15:00Z,0,0,0,0,0,0,0,0,0,0,,,,,,,,PS_019,,,
,,2024-10-01T07:30:00Z,0,0,0,0,0,0,0,0,0,0,,,,,,,,PS_019,,,
,,2024-10-01T07:45:00Z,0,0,0,0,0,0,0,0,0,0,,,,,,,,PS_019,,,
,,2024-10-01T08:00:00Z,0,0,0,0,0,0,0,0,0,0,,,,,,,,PS_019,,,
,,2024-10-01T08:15:00Z,0,0,0,0,0,0,0,0,0,0,,,,,,,,PS_019,,,
,,2024-10-01T08:30:00Z,0,0,0,0,0,0,0,0,0,0,,,,,,,,PS_019,,,
,,2024-10-01T08:45:00Z,0,0,0,0,0,0,0,0,0,0,,,,,,,,PS_019,,,
,,2024-10-01T09:00:00Z,0,0,2,0,0,2,0,0,0,0,8.62608810219814,,,,,12.526000691154476,,PS_019,,,
,,2024-10-01T09:15:00Z,0,0,4,0,0,4,0,0,0,0,17.118777496485986,,,,,21.536010077417743,,PS_019,,,
,,2024-10-01T09:30:00Z,0,0,4,0,0,4,0,0,0,0,23.70967674420238,,,,,28.622383423862818,,PS_019,,,
,,2024-10-01T09:45:00Z,0,0,4,0,0,4,0,0,0,0,62.37955207415676,,,,,72.72593419182763,,PS_019,,,
,,2024-10-01T10:00:00Z,0,0,3,0,0,3,0,0,0,0,71.72067726107912,,,,,84.23694649901212,,PS_019,,,
,,2024-10-01T10:15:00Z,0,0,4,0,0,4,0,0,0,0,154.17830938748992,,,,,177.82187234715371,,PS_019,,,
,,2024-10-01T10:30:00Z,0,0,4,0,0,4,0,0,0,0,214.4053524181028,,,,,245.79655915770022,,PS_019,,,
,,2024-10-01T10:45:00Z,0,0,3,0,0,3,0,0,0,0,269.86102495490536,,,,,307.55107417524835,,PS_019,,,
,,2024-10-01T11:00:00Z,0,0,4,0,0,4,0,0,0,0,323.25623091690653,,,,,366.61071219007715,,PS_019,,,
,,2024-10-01T11:15:00Z,0,0,4,0,0,4,0,0,0,0,383.13798372480744,,,,,432.72337525389764,,PS_019,,,
,,2024-10-01T11:30:00Z,0,0,3,0,0,3,0,0,0,0,403.8400134790959,,,,,453.8488696648087,,PS_019,,,
,,2024-10-01T11:45:00Z,0,0,4,0,0,4,0,0,0,0,427.2654884741403,,,,,479.53611278414365,,PS_019,,,
,,2024-10-01T12:00:00Z,0,0,3,0,0,3,0,0,0,0,514.4971986453531,,,,,576.3579497715916,,PS_019,,,
,,2024-10-01T12:15:00Z,0,0,4,0,0,4,0,0,0,0,599.8060085750022,,,,,670.1793300195659,,PS_019,,,
,,2024-10-01T12:30:00Z,0,0,4,0,0,4,0,0,0,0,627.2539997169754,,,,,698.8956354609434,,PS_019,,,
,,2024-10-01T12:45:00Z,0,0,3,0,0,3,0,0,0,0,657.9032132088557,,,,,730.8638723321392,,PS_019,,,
,,2024-10-01T13:00:00Z,0,0,4,0,0,4,0,0,0,0,725.7985037249283,,,,,804.1103183465952,,PS_019,,,
,,2024-10-01T13:15:00Z,0,0,3,0,0,3,0,0,0,0,760.7320480883172,,,,,841.1947770454962,,PS_019,,,
,,2024-10-01T13:30:00Z,0,0,4,0,0,4,0,0,0,0,797.0536769884721,,,,,879.433738156799,,PS_019,,,
,,2024-10-01T13:45:00Z,0,0,3,0,0,3,0,0,0,0,825.5320990654538,,,,,909.2536273116268,,PS_019,,,
,,2024-10-01T14:00:00Z,0,0,4,0,0,4,0,0,0,0,854.1484929617243,,,,,939.4858237654788,,PS_019,,,
,,2024-10-01T14:15:00Z,0,0,3,0,0,3,0,0,0,0,884.4305872310147,,,,,971.9452447305839,,PS_019,,,
,,2024-10-01T14:30:00Z,0,0,4,0,0,4,0,0,0,0,810.2524525114798,,,,,889.3723954807194,,PS_019,,,
,,2024-10-01T14:45:00Z,0,0,4,0,0,4,0,0,0,0,792.1925320430181,,,,,868.3996660647776,,PS_019,,,
,,2024-10-01T15:00:00Z,0,0,3,0,0,3,0,0,0,0,923.7150876236,,,,,1010.6585933752906,,PS_019,,,
,,2024-10-01T15:15:00Z,0,0,4,0,0,4,0,0,0,0,821.5632375453254,,,,,899.4255478060779,,PS_019,,,
,,2024-10-01T15:30:00Z,0,0,3,0,0,3,0,0,0,0,925.9876993214971,,,,,1011.7253885822513,,PS_019,,,
,,2024-10-01T15:45:00Z,0,0,4,0,0,4,0,0,0,0,919.0111435769857,,,,,1004.2937966281696,,PS_019,,,
,,2024-10-01T16:00:00Z,0,0,4,0,0,4,0,0,0,0,891.5181962447307,,,,,973.5723669541609,,PS_019,,,
,,2024-10-01T16:15:00Z,0,0,3,0,0,3,0,0,0,0,871.7945280900477,,,,,952.9562971444894,,PS_019,,,
,,2024-10-01T16:30:00Z,0,0,4,0,0,4,0,0,0,0,808.4163831297105,,,,,884.062611504733,,PS_019,,,
,,2024-10-01T16:45:00Z,0,0,3,0,0,3,0,0,0,0,850.7662094619554,,,,,929.6328116055122,,PS_019,,,
,,2024-10-01T17:00:00Z,0,0,4,0,0,4,0,0,0,0,764.8156816485208,,,,,835.6911745035837,,PS_019,,,
,,2024-10-01T17:15:00Z,0,0,4,0,0,4,0,0,0,0,806.1460950420814,,,,,880.5445009895261,,PS_019,,,
,,2024-10-01T17:30:00Z,0,0,3,0,0,3,0,0,0,0,352.6622560689073,,,,,388.55490701578805,,PS_019,,,
,,2024-10-01T17:45:00Z,0,0,4,0,0,4,0,0,0,0,599.5723044336362,,,,,656.739283504753,,PS_019,,,
,,2024-10-01T18:00:00Z,0,0,3,0,0,3,0,0,0,0,639.1931123675314,,,,,700.1941951971554,,PS_019,,,
,,2024-10-01T18:15:00Z,0,0,4,0,0,4,0,0,0,0,376.0029485170892,,,,,413.96740738283745,,PS_019,,,
,,2024-10-01T18:30:00Z,0,0,3,0,0,3,0,0,0,0,520.2498344910296,,,,,570.0899084156545,,PS_019,,,
,,2024-10-01T18:45:00Z,0,0,4,0,0,4,0,0,0,0,448.0154436612501,,,,,491.70935382352104,,PS_019,,,
,,2024-10-01T19:00:00Z,0,0,4,0,0,4,0,0,0,0,336.0691751245336,,,,,369.6259647915674,,PS_019,,,
,,2024-10-01T19:15:00Z,0,0,3,0,0,3,0,0,0,0,250.48328038346986,,,,,276.5661182860647,,PS_019,,,
,,2024-10-01T19:30:00Z,0,0,4,0,0,4,0,0,0,0,99.45115551759456,,,,,111.91162298941748,,PS_019,,,
,,2024-10-01T19:45:00Z,0,0,3,0,0,3,0,0,0,0,179.2049472429967,,,,,198.08675171137625,,PS_019,,,
,,2024-10-01T20:00:00Z,0,0,4,0,0,4,0,0,0,0,97.53928427099162,,,,,109.66520350639901,,PS_019,,,
,,2024-10-01T20:15:00Z,0,0,4,0,0,4,0,0,0,0,110.60106746212121,,,,,123.2098600228261,,PS_019,,,
,,2024-10-01T20:30:00Z,0,0,3,0,0,3,0,0,0,0,69.59532107737905,,,,,78.16979077994255,,PS_019,,,
,,2024-10-01T20:45:00Z,0,0,4,0,0,4,0,0,0,0,34.338091032181396,,,,,40.643568802846076,,PS_019,,,
,,2024-10-01T21:00:00Z,0,0,4,0,0,4,0,0,0,0,14.737892626340724,,,,,19.425470960630335,,PS_019,,,
,,2024-10-01T21:15:00Z,0,0,3,0,0,3,0,0,0,0,4.0244238534510846,,,,,7.474670699894399,,PS_019,,,
,,2024-10-01T21:30:00Z,0,0,4,0,0,4,0,0,0,0,0.0,,,,,0.8419050543030403,,PS_019,,,
,,2024-10-01T21:45:00Z,0,0,4,0,0,4,0,0,0,0,0.0,,,,,0.800000011920929,,PS_019,,,
,,2024-10-01T22:00:00Z,0,0,4,0,0,4,0,0,0,0,0.0,,,,,0.800000011920929,,PS_019,,,
,,2024-10-01T22:15:00Z,0,0,3,0,0,3,0,0,0,0,0.0,,,,,0.8000000119209287,,PS_019,,,
,,2024-10-01T22:30:00Z,0,0,4,0,0,4,0,0,0,0,0.0,,,,,0.8000000119209291,,PS_019,,,
,,2024-10-01T22:45:00Z,0,0,4,0,0,4,0,0,0,0,0.0,,,,,0.8000000119209288,,PS_019,,,
,,2024-10-01T23:00:00Z,0,0,3,0,0,3,0,0,0,0,0.0,,,,,0.800000011920929,,PS_019,,,
,,2024-10-01T23:15:00Z,0,0,4,0,0,4,0,0,0,0,0.0,,,,,0.800000011920929,,PS_019,,,
,,2024-10-01T23:30:00Z,0,0,4,0,0,4,0,0,0,0,0.0,,,,,0.800000011920929,,PS_019,,,
,,2024-10-01T23:45:00Z,0,0,4,0,0,4,0,0,0,0,0.0,,,,,0.8000000119209288,,PS_019,,,
,,2024-10-02T00:00:00Z,0,0,3,0,0,3,0,0,0,0,0.0,,,,,0.8000000119209288,,PS_019,,,
,,2024-10-02T00:15:00Z,0,0,4,0,0,4,0,0,0,0,0.0,,,,,0.800000011920929,,PS_019,,,
,,2024-10-02T00:30:00Z,0,0,4,0,0,4,0,0,0,0,0.0,,,,,0.800000011920929,,PS_019,,,
,,2024-10-02T00:45:00Z,0,0,3,0,0,3,0,0,0,0,0.0,,,,,0.800000011920929,,PS_019,,,
,,2024-10-02T01:00:00Z,0,0,4,0,0,4,0,0,0,0,0.0,,,,,0.8000000119209288,,PS_019,,,
,,2024-10-02T01:15:00Z,0,0,4,0,0,4,0,0,0,0,0.0,,,,,0.8000000119209288,,PS_019,,,
,,2024-10-02T01:30:00Z,0,0,3,0,0,3,0,0,0,0,0.0,,,,,0.8000000119209288,,PS_019,,,
,,2024-10-02T01:45:00Z,0,0,4,0,0,4,0,0,0,0,0.0,,,,,0.800000011920929,,PS_019,,,
,,2024-10-02T02:00:00Z,0,0,4,0,0,4,0,0,0,0,0.0,,,,,0.800000011920929,,PS_019,,,
,,2024-10-02T02:15:00Z,0,0,4,0,0,4,0,0,0,0,0.0,,,,,0.8000000119209292,,PS_019,,,
,,2024-10-02T02:30:00Z,0,0,3,0,0,3,0,0,0,0,0.0,,,,,0.8000000119209288,,PS_019,,,
,,2024-10-02T02:45:00Z,0,0,4,0,0,4,0,0,0,0,0.0,,,,,0.800000011920929,,PS_019,,,
,,2024-10-02T03:00:00Z,0,0,2,0,0,2,0,0,0,0,0.0,,,,,0.800000011920929,,PS_019,,,
,,2024-10-02T03:15:00Z,0,0,0,0,0,0,0,0,0,0,,,,,,,,PS_019,,,
,,2024-10-02T03:30:00Z,0,0,0,0,0,0,0,0,0,0,,,,,,,,PS_019,,,
,,2024-10-02T03:45:00Z,0,0,0,0,0,0,0,0,0,0,,,,,,,,PS_019,,,
,,2024-10-02T04:00:00Z,0,0,0,0,0,0,0,0,0,0,,,,,,,,PS_019,,,
,,2024-10-02T04:15:00Z,0,0,0,0,0,0,0,0,0,0,,,,,,,,PS_019,,,
,,2024-10-02T04:30:00Z,0,0,0,0,0,0,0,0,0,0,,,,,,,,PS_019,,,
,,2024-10-02T04:45:00Z,0,0,0,0,0,0,0,0,0,0,,,,,,,,PS_019,,,
,,2024-10-02T05:00:00Z,0,0,0,0,0,0,0,0,0,0,,,,,,,,PS_019,,,
,,2024-10-02T05:15:00Z,0,0,0,0,0,0,0,0,0,0,,,,,,,,PS_019,,,
,,2024-10-02T05:30:00Z,0,0,0,0,0,0,0,0,0,0,,,,,,,,PS_019,,,
,,2024-10-02T05:45:00Z,0,0,0,0,0,0,0,0,0,0,,,,,,,,PS_019,,,
,,2024-10-02T06:00:00Z,0,0,0,0,0,0,0,0,0,0,,,,,,,,PS_019,,,
,,2024-10-02T06:15:00Z,0,0,0,0,0,0,0,0,0,0,,,,,,,,PS_019,,,
,,2024-10-02T06:30:00Z,0,0,0,0,0,0,0,0,0,0,,,,,,,,PS_019,,,
,,2024-10-02T06:45:00Z,0,0,0,0,0,0,0,0,0,0,,,,,,,,PS_019,,,
,,2024-10-02T07:00:00Z,0,0,0,0,0,0,0,0,0,0,,,,,,,,PS_019,,,
,,2024-10-02T07:15:00Z,0,0,0,0,0,0,0,0,0,0,,,,,,,,PS_019,,,
,,2024-10-02T07:30:00Z,0,0,0,0,0,0,0,0,0,0,,,,,,,,PS_019,,,
,,2024-10-02T07:45:00Z,0,0,0,0,0,0,0,0,0,0,,,,,,,,PS_019,,,
,,2024-10-02T08:00:00Z,0,0,0,0,0,0,0,0,0,0,,,,,,,,PS_019,,,
,,2024-10-02T08:15:00Z,0,0,0,0,0,0,0,0,0,0,,,,,,,,PS_019,,,
,,2024-10-02T08:30:00Z,0,0,0,0,0,0,0,0,0,0,,,,,,,,PS_019,,,
,,2024-10-02T08:45:00Z,0,0,0,0,0,0,0,0,0,0,,,,,,,,PS_019,,,
,,2024-10-02T09:00:00Z,0,0,2,0,0,2,0,0,0,0,10.064175494630073,,,,,13.948350149609462,,PS_019,,,
,,2024-10-02T09:15:00Z,0,0,4,0,0,4,0,0,0,0,21.910179770712773,,,,,27.473564660737114,,PS_019,,,
,,2024-10-02T09:30:00Z,0,0,4,0,0,4,0,0,0,0,43.62729285600294,,,,,52.27575572093498,,PS_019,,,
,,2024-10-02T09:45:00Z,0,0,3,0,0,3,0,0,0,0,68.64487363282403,,,,,80.6761260637971,,PS_019,,,
,,2024-10-02T10:00:00Z,0,0,4,0,0,4,0,0,0,0,103.90011262701674,,,,,120.56452248770105,,PS_019,,,
,,2024-10-02T10:15:00Z,0,0,4,0,0,4,0,0,0,0,149.01823097225616,,,,,171.72858120920242,,PS_019,,,
,,2024-10-02T10:30:00Z,0,0,3,0,0,3,0,0,0,0,203.19928949425173,,,,,232.8654495602686,,PS_019,,,
,,2024-10-02T10:45:00Z,0,0,4,0,0,4,0,0,0,0,253.37900939596844,,,,,289.0895257702968,,PS_019,,,
,,2024-10-02T11:00:00Z,0,0,3,0,0,3,0,0,0,0,308.8458570252326,,,,,351.1539683510908,,PS_019,,,
,,2024-10-02T11:15:00Z,0,0,3,0,0,3,0,0,0,0,366.88076600060765,,,,,415.9147246320126,,PS_019,,,
,,2024-10-02T11:30:00Z,0,0,4,0,0,4,0,0,0,0,421.2771801865985,,,,,475.09837420180014,,PS_019,,,
,,2024-10-02T11:45:00Z,0,0,3,0,0,3,0,0,0,0,475.6295955267855,,,,,534.816944750971,,PS_019,,,
,,2024-10-02T12:00:00Z,0,0,7,0,0,7,0,0,0,0,527.5443641906248,,,,,590.9465099435654,,PS_019,,,
,,2024-10-02T12:15:00Z,0,0,5,0,0,5,0,0,0,0,574.3224100498533,,,,,641.6499220557557,,PS_019,,,
,,2024-10-02T12:30:00Z,0,0,8,0,0,8,0,0,0,0,617.9500464642908,,,,,688.5104808384766,,PS_019,,,
,,2024-10-02T12:45:00Z,0,0,7,0,0,7,0,0,0,0,668.0540086901158,,,,,742.4391208256139,,PS_019,,,
,,2024-10-02T13:00:00Z,0,0,7,0,0,7,0,0,0,0,706.8222882680494,,,,,783.7236250123822,,PS_019,,,
,,2024-10-02T13:15:00Z,0,0,7,0,0,7,0,0,0,0,730.3485827633579,,,,,806.83787584655,,PS_019,,,
,,2024-10-02T13:30:00Z,0,0,7,0,0,7,0,0,0,0,772.2125915494432,,,,,851.6854578762277,,PS_019,,,
,,2024-10-02T13:45:00Z,0,0,6,0,0,6,0,0,0,0,790.5457428234853,,,,,870.6645873414728,,PS_019,,,
,,2024-10-02T14:00:00Z,0,0,4,0,0,4,0,0,0,0,813.8199501385604,,,,,894.5203533512534,,PS_019,,,
,,2024-10-02T14:15:00Z,0,0,6,0,0,6,0,0,0,0,834.3002481669979,,,,,917.3399772927766,,PS_019,,,
,,2024-10-02T14:30:00Z,0,0,3,0,0,3,0,0,0,0,859.9109914153244,,,,,943.5748047578884,,PS_019,,,
,,2024-10-02T14:45:00Z,0,0,3,0,0,3,0,0,0,0,841.3058080395016,,,,,921.6064618038345,,PS_019,,,
,,2024-10-02T15:00:00Z,0,0,6,0,0,6,0,0,0,0,850.4824896472379,,,,,931.4891232809638,,PS_019,,,
,,2024-10-02T15:15:00Z,0,0,4,0,0,4,0,0,0,0,869.9251781936593,,,,,953.0144055829448,,PS_019,,,
,,2024-10-02T15:30:00Z,0,0,4,0,0,4,0,0,0,0,749.2587421471461,,,,,819.4610113130769,,PS_019,,,
,,2024-10-02T15:45:00Z,0,0,3,0,0,3,0,0,0,0,813.5968018645445,,,,,889.6896447202229,,PS_019,,,
,,2024-10-02T16:00:00Z,0,0,4,0,0,4,0,0,0,0,522.038636765279,,,,,571.9643029063968,,PS_019,,,
,,2024-10-02T16:15:00Z,0,0,4,0,0,4,0,0,0,0,340.6635902401984,,,,,377.1393461181746,,PS_019,,,
,,2024-10-02T16:30:00Z,0,0,3,0,0,3,0,0,0,0,481.753204188123,,,,,531.0144737077622,,PS_019,,,
,,2024-10-02T16:45:00Z,0,0,4,0,0,4,0,0,0,0,637.775671324063,,,,,695.7352599793445,,PS_019,,,
,,2024-10-02T17:00:00Z,0,0,4,0,0,4,0,0,0,0,522.0796601815518,,,,,572.4330516943658,,PS_019,,,
,,2024-10-02T17:15:00Z,0,0,4,0,0,4,0,0,0,0,574.8785758182014,,,,,629.2525734357581,,PS_019,,,
,,2024-10-02T17:30:00Z,0,0,3,0,0,3,0,0,0,0,355.6511806381063,,,,,394.0339979893761,,PS_019,,,
,,2024-10-02T17:45:00Z,0,0,4,0,0,4,0,0,0,0,604.9155480476576,,,,,662.423402846091,,PS_019,,,
,,2024-10-02T18:00:00Z,0,0,4,0,0,4,0,0,0,0,559.9538227625219,,,,,613.293498183254,,PS_019,,,
,,2024-10-02T18:15:00Z,0,0,3,0,0,3,0,0,0,0,495.8997823289376,,,,,543.6263614828002,,PS_019,,,
,,2024-10-02T18:30:00Z,0,0,4,0,0,4,0,0,0,0,396.0833202409175,,,,,435.3241555860012,,PS_019,,,
,,2024-10-02T18:45:00Z,0,0,4,0,0,4,0,0,0,0,404.8685538417796,,,,,444.59016157726103,,PS_019,,,
,,2024-10-02T19:00:00Z,0,0,4,0,0,4,0,0,0,0,321.4373155943711,,,,,353.934625517738,,PS_019,,,
,,2024-10-02T19:15:00Z,0,0,3,0,0,3,0,0,0,0,266.5393741745134,,,,,293.82096654245197,,PS_019,,,
,,2024-10-02T19:30:00Z,0,0,4,0,0,4,0,0,0,0,154.31196665485578,,,,,171.62727876828316,,PS_019,,,
,,2024-10-02T19:45:00Z,0,0,4,0,0,4,0,0,0,0,77.29813387149976,,,,,87.76109692177486,,PS_019,,,
,,2024-10-02T20:00:00Z,0,0,3,0,0,3,0,0,0,0,48.19554502632105,,,,,55.82066960112165,,PS_019,,,
,,2024-10-02T20:15:00Z,0,0,4,0,0,4,0,0,0,0,31.04641332024597,,,,,36.96482246305848,,PS_019,,,
,,2024-10-02T20:30:00Z,0,0,4,0,0,4,0,0,0,0,17.219329073219278,,,,,21.79792059866672,,PS_019,,,
,,2024-10-02T20:45:00Z,0,0,4,0,0,4,0,0,0,0,10.972298733849797,,,,,14.617721727604575,,PS_019,,,
,,2024-10-02T21:00:00Z,0,0,3,0,0,3,0,0,0,0,4.872974108346484,,,,,7.80250672719445,,PS_019,,,
,,2024-10-02T21:15:00Z,0,0,4,0,0,4,0,0,0,0,0.10339234662077779,,,,,1.3169617193470518,,PS_019,,,
,,2024-10-02T21:30:00Z,0,0,4,0,0,4,0,0,0,0,0.0,,,,,0.800000011920929,,PS_019,,,
,,2024-10-02T21:45:00Z,0,0,3,0,0,3,0,0,0,0,0.0,,,,,0.800000011920929,,PS_019,,,
,,2024-10-02T22:00:00Z,0,0,4,0,0,4,0,0,0,0,0.0,,,,,0.800000011920929,,PS_019,,,
,,2024-10-02T22:15:00Z,0,0,4,0,0,4,0,0,0,0,0.0,,,,,0.8000000119209288,,PS_019,,,
,,2024-10-02T22:30:00Z,0,0,4,0,0,4,0,0,0,0,0.0,,,,,0.800000011920929,,PS_019,,,
,,2024-10-02T22:45:00Z,0,0,3,0,0,3,0,0,0,0,0.0,,,,,0.800000011920929,,PS_019,,,
,,2024-10-02T23:00:00Z,0,0,4,0,0,4,0,0,0,0,0.0,,,,,0.800000011920929,,PS_019,,,
,,2024-10-02T23:15:00Z,0,0,4,0,0,4,0,0,0,0,0.0,,,,,0.800000011920929,,PS_019,,,
,,2024-10-02T23:30:00Z,0,0,3,0,0,3,0,0,0,0,0.0,,,,,0.800000011920929,,PS_019,,,
,,2024-10-02T23:45:00Z,0,0,4,0,0,4,0,0,0,0,0.0,,,,,0.800000011920929,,PS_019,,,
,,2024-10-03T00:00:00Z,0,0,4,0,0,4,0,0,0,0,0.0,,,,,0.800000011920929,,PS_019,,,
,,2024-10-03T00:15:00Z,0,0,4,0,0,4,0,0,0,0,0.0,,,,,0.8000000119209291,,PS_019,,,
,,2024-10-03T00:30:00Z,0,0,3,0,0,3,0,0,0,0,0.0,,,,,0.800000011920929,,PS_019,,,
,,2024-10-03T00:45:00Z,0,0,4,0,0,4,0,0,0,0,0.0,,,,,0.800000011920929,,PS_019,,,
,,2024-10-03T01:00:00Z,0,0,4,0,0,4,0,0,0,0,0.0,,,,,0.800000011920929,,PS_019,,,
,,2024-10-03T01:15:00Z,0,0,3,0,0,3,0,0,0,0,0.0,,,,,0.8000000119209292,,PS_019,,,
,,2024-10-03T01:30:00Z,0,0,4,0,0,4,0,0,0,0,0.0,,,,,0.8000000119209288,,PS_019,,,
,,2024-10-03T01:45:00Z,0,0,4,0,0,4,0,0,0,0,0.0,,,,,0.8000000119209291,,PS_019,,,
,,2024-10-03T02:00:00Z,0,0,4,0,0,4,0,0,0,0,0.0,,,,,0.8000000119209288,,PS_019,,,
,,2024-10-03T02:15:00Z,0,0,3,0,0,3,0,0,0,0,0.0,,,,,0.8000000119209292,,PS_019,,,
,,2024-10-03T02:30:00Z,0,0,4,0,0,4,0,0,0,0,0.0,,,,,0.8000000119209291,,PS_019,,,
,,2024-10-03T02:45:00Z,0,0,4,0,0,4,0,0,0,0,0.0,,,,,0.8000000119209288,,PS_019,,,
,,2024-10-03T03:00:00Z,0,0,2,0,0,2,0,0,0,0,0.0,,,,,0.8000000119209291,,PS_019,,,
,,2024-10-03T03:15:00Z,0,0,0,0,0,0,0,0,0,0,,,,,,,,PS_019,,,
,,2024-10-03T03:30:00Z,0,0,0,0,0,0,0,0,0,0,,,,,,,,PS_019,,,
,,2024-10-03T03:45:00Z,0,0,0,0,0,0,0,0,0,0,,,,,,,,PS_019,,,
,,2024-10-03T04:00:00Z,0,0,0,0,0,0,0,0,0,0,,,,,,,,PS_019,,,
,,2024-10-03T04:15:00Z,0,0,0,0,0,0,0,0,0,0,,,,,,,,PS_019,,,
,,2024-10-03T04:30:00Z,0,0,0,0,0,0,0,0,0,0,,,,,,,,PS_019,,,
,,2024-10-03T04:45:00Z,0,0,0,0,0,0,0,0,0,0,,,,,,,,PS_019,,,
,,2024-10-03T05:00:00Z,0,0,0,0,0,0,0,0,0,0,,,,,,,,PS_019,,,
,,2024-10-03T05:15:00Z,0,0,0,0,0,0,0,0,0,0,,,,,,,,PS_019,,,
,,2024-10-03T05:30:00Z,0,0,0,0,0,0,0,0,0,0,,,,,,,,PS_019,,,
,,2024-10-03T05:45:00Z,0,0,0,0,0,0,0,0,0,0,,,,,,,,PS_019,,,
,,2024-10-03T06:00:00Z,0,0,0,0,0,0,0,0,0,0,,,,,,,,PS_019,,,
,,2024-10-03T06:15:00Z,0,0,0,0,0,0,0,0,0,0,,,,,,,,PS_019,,,
,,2024-10-03T06:30:00Z,0,0,0,0,0,0,0,0,0,0,,,,,,,,PS_019,,,
,,2024-10-03T06:45:00Z,0,0,0,0,0,0,0,0,0,0,,,,,,,,PS_019,,,
,,2024-10-03T07:00:00Z,0,0,0,0,0,0,0,0,0,0,,,,,,,,PS_019,,,
,,2024-10-03T07:15:00Z,0,0,0,0,0,0,0,0,0,0,,,,,,,,PS_019,,,
,,2024-10-03T07:30:00Z,0,0,0,0,0,0,0,0,0,0,,,,,,,,PS_019,,,
,,2024-10-03T07:45:00Z,0,0,0,0,0,0,0,0,0,0,,,,,,,,PS_019,,,
,,2024-10-03T08:00:00Z,0,0,0,0,0,0,0,0,0,0,,,,,,,,PS_019,,,
,,2024-10-03T08:15:00Z,0,0,0,0,0,0,0,0,0,0,,,,,,,,PS_019,,,
,,2024-10-03T08:30:00Z,0,0,0,0,0,0,0,0,0,0,,,,,,,,PS_019,,,
,,2024-10-03T08:45:00Z,0,0,0,0,0,0,0,0,0,0,,,,,,,,PS_019,,,
,,2024-10-03T09:00:00Z,0,0,1,0,0,1,0,0,0,0,9.84000015258789,,,,,13.149999618530273,,PS_019,,,
,,2024-10-03T09:15:00Z,0,0,4,0,0,4,0,0,0,0,23.88144073900716,,,,,28.28247374153972,,PS_019,,,
,,2024-10-03T09:30:00Z,0,0,4,0,0,4,0,0,0,0,41.974319824806734,,,,,48.60651314050018,,PS_019,,,
,,2024-10-03T09:45:00Z,0,0,3,0,0,3,0,0,0,0,64.89162299252902,,,,,73.73477228900094,,PS_019,,,
,,2024-10-03T10:00:00Z,0,0,4,0,0,4,0,0,0,0,97.99934462517682,,,,,109.75414702001461,,PS_019,,,
,,2024-10-03T10:15:00Z,0,0,4,0,0,4,0,0,0,0,117.68665730958826,,,,,131.82469034671428,,PS_019,,,
,,2024-10-03T10:30:00Z,0,0,4,0,0,4,0,0,0,0,163.63021449639726,,,,,183.2897673995984,,PS_019,,,
,,2024-10-03T10:45:00Z,0,0,3,0,0,3,0,0,0,0,214.2219314902503,,,,,239.81183873824935,,PS_019,,,
,,2024-10-03T11:00:00Z,0,0,4,0,0,4,0,0,0,0,204.62525402813645,,,,,227.15965962427848,,PS_019,,,
,,2024-10-03T11:15:00Z,0,0,4,0,0,4,0,0,0,0,285.67515230329633,,,,,316.56046155243934,,PS_019,,,
,,2024-10-03T11:30:00Z,0,0,3,0,0,3,0,0,0,0,343.6709982584733,,,,,380.2796954199778,,PS_019,,,
,,2024-10-03T11:45:00Z,0,0,4,0,0,4,0,0,0,0,358.34277680349504,,,,,396.27445498337084,,PS_019,,,
,,2024-10-03T12:00:00Z,0,0,4,0,0,4,0,0,0,0,413.2050630802264,,,,,456.1663358577313,,PS_019,,,
,,2024-10-03T12:15:00Z,0,0,4,0,0,4,0,0,0,0,443.5117892457452,,,,,488.43556688814306,,PS_019,,,
,,2024-10-03T12:30:00Z,0,0,3,0,0,3,0,0,0,0,471.98013725685155,,,,,519.3832086725886,,PS_019,,,
,,2024-10-03T12:45:00Z,0,0,4,0,0,4,0,0,0,0,509.73108118767624,,,,,560.678401732762,,PS_019,,,
,,2024-10-03T13:00:00Z,0,0,4,0,0,4,0,0,0,0,555.1653668249555,,,,,610.0281306084918,,PS_019,,,
,,2024-10-03T13:15:00Z,0,0,4,0,0,4,0,0,0,0,595.8171037278722,,,,,653.9414468777826,,PS_019,,,
,,2024-10-03T13:30:00Z,0,0,3,0,0,3,0,0,0,0,635.8503887970561,,,,,697.2123974938826,,PS_019,,,
,,2024-10-03T13:45:00Z,0,0,4,0,0,4,0,0,0,0,690.4594270984476,,,,,756.3096474007523,,PS_019,,,
,,2024-10-03T14:00:00Z,0,0,4,0,0,4,0,0,0,0,730.1575105379111,,,,,799.364269182662,,PS_019,,,
,,2024-10-03T14:15:00Z,0,0,3,0,0,3,0,0,0,0,736.7208703307836,,,,,805.1829187183776,,PS_019,,,
,,2024-10-03T14:30:00Z,0,0,4,0,0,4,0,0,0,0,725.6788424305303,,,,,795.0875422273249,,PS_019,,,
,,2024-10-03T14:45:00Z,0,0,4,0,0,4,0,0,0,0,706.8893263188106,,,,,773.3734046254499,,PS_019,,,
,,2024-10-03T15:00:00Z,0,0,4,0,0,4,0,0,0,0,590.5439532270783,,,,,652.743745959073,,PS_019,,,
,,2024-10-03T15:15:00Z,0,0,3,0,0,3,0,0,0,0,599.5673135352014,,,,,659.7795696733422,,PS_019,,,
,,2024-10-03T15:30:00Z,0,0,4,0,0,4,0,0,0,0,572.936173817846,,,,,627.13854628935,,PS_019,,,
,,2024-10-03T15:45:00Z,0,0,4,0,0,4,0,0,0,0,617.4168107291147,,,,,673.8735020891121,,PS_019,,,
,,2024-10-03T16:00:00Z,0,0,3,0,0,3,0,0,0,0,414.7936992976975,,,,,454.7007658747609,,PS_019,,,
,,2024-10-03T16:15:00Z,0,0,4,0,0,4,0,0,0,0,430.7135876093968,,,,,471.5818062613068,,PS_019,,,
,,2024-10-03T16:30:00Z,0,0,4,0,0,4,0,0,0,0,392.1850994183475,,,,,430.1784050037082,,PS_019,,,
,,2024-10-03T16:45:00Z,0,0,4,0,0,4,0,0,0,0,466.8063017953211,,,,,510.52654815058014,,PS_019,,,
,,2024-10-03T17:00:00Z,0,0,3,0,0,3,0,0,0,0,427.06077284664354,,,,,467.3562925206856,,PS_019,,,
,,2024-10-03T17:15:00Z,0,0,4,0,0,4,0,0,0,0,423.12785952135846,,,,,462.6739388617368,,PS_019,,,
,,2024-10-03T17:30:00Z,0,0,4,0,0,4,0,0,0,0,231.96353374341922,,,,,255.84033941330964,,PS_019,,,
,,2024-10-03T17:45:00Z,0,0,3,0,0,3,0,0,0,0,241.46567095110635,,,,,265.8452179503806,,PS_019,,,
,,2024-10-03T18:00:00Z,0,0,4,0,0,4,0,0,0,0,320.7879924846253,,,,,351.84072742385314,,PS_019,,,
,,2024-10-03T18:15:00Z,0,0,4,0,0,4,0,0,0,0,184.80489341753554,,,,,204.66142008628822,,PS_019,,,
,,2024-10-03T18:30:00Z,0,0,4,0,0,4,0,0,0,0,74.24311220863524,,,,,83.69790663236265,,PS_019,,,
,,2024-10-03T18:45:00Z,0,0,3,0,0,3,0,0,0,0,172.49204147652296,,,,,189.49391274335358,,PS_019,,,
,,2024-10-03T19:00:00Z,0,0,4,0,0,4,0,0,0,0,205.50172803906813,,,,,226.1575390350316,,PS_019,,,
,,2024-10-03T19:15:00Z,0,0,4,0,0,4,0,0,0,0,199.181585839927,,,,,219.3080886231244,,PS_019,,,
,,2024-10-03T19:30:00Z,0,0,3,0,0,3,0,0,0,0,140.18988796394376,,,,,155.6487299397956,,PS_019,,,
,,2024-10-03T19:45:00Z,0,0,4,0,0,4,0,0,0,0,111.29084037200847,,,,,123.83940204781834,,PS_019,,,
,,2024-10-03T20:00:00Z,0,0,4,0,0,4,0,0,0,0,86.30973581846598,,,,,96.49396959445271,,PS_019,,,
,,2024-10-03T20:15:00Z,0,0,4,0,0,4,0,0,0,0,57.721402713324274,,,,,65.26536493876955,,PS_019,,,
,,2024-10-03T20:30:00Z,0,0,3,0,0,3,0,0,0,0,32.108557847428564,,,,,38.01928006870315,,PS_019,,,
,,2024-10-03T20:45:00Z,0,0,4,0,0,4,0,0,0,0,13.928290082777327,,,,,18.267512289126675,,PS_019,,,
,,2024-10-03T21:00:00Z,0,0,4,0,0,4,0,0,0,0,2.361165649648088,,,,,5.497714239560393,,PS_019,,,
,,2024-10-03T21:15:00Z,0,0,3,0,0,3,0,0,0,0,0.0,,,,,1.0572707116614644,,PS_019,,,
,,2024-10-03T21:30:00Z,0,0,4,0,0,4,0,0,0,0,0.0,,,,,0.800000011920929,,PS_019,,,
,,2024-10-03T21:45:00Z,0,0,4,0,0,4,0,0,0,0,0.0,,,,,0.8000000119209291,,PS_019,,,
,,2024-10-03T22:00:00Z,0,0,4,0,0,4,0,0,0,0,0.0,,,,,0.8000000119209288,,PS_019,,,
,,2024-10-03T22:15:00Z,0,0,3,0,0,3,0,0,0,0,0.0,,,,,0.800000011920929,,PS_019,,,
,,2024-10-03T22:30:00Z,0,0,4,0,0,4,0,0,0,0,0.0,,,,,0.800000011920929,,PS_019,,,
,,2024-10-03T22:45:00Z,0,0,4,0,0,4,0,0,0,0,0.0,,,,,0.800000011920929,,PS_019,,,
,,2024-10-03T23:00:00Z,0,0,3,0,0,3,0,0,0,0,0.0,,,,,0.8000000119209288,,PS_019,,,
,,2024-10-03T23:15:00Z,0,0,4,0,0,4,0,0,0,0,0.0,,,,,0.800000011920929,,PS_019,,,
,,2024-10-03T23:30:00Z,0,0,4,0,0,4,0,0,0,0,0.0,,,,,0.800000011920929,,PS_019,,,
,,2024-10-03T23:45:00Z,0,0,4,0,0,4,0,0,0,0,0.0,,,,,0.800000011920929,,PS_019,,,
,,2024-10-04T00:00:00Z,0,0,3,0,0,3,0,0,0,0,0.0,,,,,0.800000011920929,,PS_019,,,
,,2024-10-04T00:15:00Z,0,0,4,0,0,4,0,0,0,0,0.0,,,,,0.800000011920929,,PS_019,,,
,,2024-10-04T00:30:00Z,0,0,4,0,0,4,0,0,0,0,0.0,,,,,0.8000000119209288,,PS_019,,,
,,2024-10-04T00:45:00Z,0,0,3,0,0,3,0,0,0,0,0.0,,,,,0.8000000119209291,,PS_019,,,
,,2024-10-04T01:00:00Z,0,0,4,0,0,4,0,0,0,0,0.0,,,,,0.800000011920929,,PS_019,,,
,,2024-10-04T01:15:00Z,0,0,4,0,0,4,0,0,0,0,0.0,,,,,0.800000011920929,,PS_019,,,
,,2024-10-04T01:30:00Z,0,0,4,0,0,4,0,0,0,0,0.0,,,,,0.8000000119209291,,PS_019,,,
,,2024-10-04T01:45:00Z,0,0,3,0,0,3,0,0,0,0,0.0,,,,,0.8000000119209291,,PS_019,,,
,,2024-10-04T02:00:00Z,0,0,4,0,0,4,0,0,0,0,0.0,,,,,0.8000000119209291,,PS_019,,,
,,2024-10-04T02:15:00Z,0,0,4,0,0,4,0,0,0,0,0.0,,,,,0.800000011920929,,PS_019,,,
,,2024-10-04T02:30:00Z,0,0,3,0,0,3,0,0,0,0,0.0,,,,,0.8000000119209291,,PS_019,,,
,,2024-10-04T02:45:00Z,0,0,4,0,0,4,0,0,0,0,0.0,,,,,0.800000011920929,,PS_019,,,
,,2024-10-04T03:00:00Z,0,0,2,0,0,2,0,0,0,0,0.0,,,,,0.800000011920929,,PS_019,,,
,,2024-10-04T03:15:00Z,0,0,0,0,0,0,0,0,0,0,,,,,,,,PS_019,,,
,,2024-10-04T03:30:00Z,0,0,0,0,0,0,0,0,0,0,,,,,,,,PS_019,,,
,,2024-10-04T03:45:00Z,0,0,0,0,0,0,0,0,0,0,,,,,,,,PS_019,,,
,,2024-10-04T04:00:00Z,0,0,0,0,0,0,0,0,0,0,,,,,,,,PS_019,,,
,,2024-10-04T04:15:00Z,0,0,0,0,0,0,0,0,0,0,,,,,,,,PS_019,,,
,,2024-10-04T04:30:00Z,0,0,0,0,0,0,0,0,0,0,,,,,,,,PS_019,,,
,,2024-10-04T04:45:00Z,0,0,0,0,0,0,0,0,0,0,,,,,,,,PS_019,,,
,,2024-10-04T05:00:00Z,0,0,0,0,0,0,0,0,0,0,,,,,,,,PS_019,,,
,,2024-10-04T05:15:00Z,0,0,0,0,0,0,0,0,0,0,,,,,,,,PS_019,,,
,,2024-10-04T05:30:00Z,0,0,0,0,0,0,0,0,0,0,,,,,,,,PS_019,,,
,,2024-10-04T05:45:00Z,0,0,0,0,0,0,0,0,0,0,,,,,,,,PS_019,,,
,,2024-10-04T06:00:00Z,0,0,0,0,0,0,0,0,0,0,,,,,,,,PS_019,,,
,,2024-10-04T06:15:00Z,0,0,0,0,0,0,0,0,0,0,,,,,,,,PS_019,,,
,,2024-10-04T06:30:00Z,0,0,0,0,0,0,0,0,0,0,,,,,,,,PS_019,,,
,,2024-10-04T06:45:00Z,0,0,0,0,0,0,0,0,0,0,,,,,,,,PS_019,,,
,,2024-10-04T07:00:00Z,0,0,0,0,0,0,0,0,0,0,,,,,,,,PS_019,,,
,,2024-10-04T07:15:00Z,0,0,0,0,0,0,0,0,0,0,,,,,,,,PS_019,,,
,,2024-10-04T07:30:00Z,0,0,0,0,0,0,0,0,0,0,,,,,,,,PS_019,,,
,,2024-10-04T07:45:00Z,0,0,0,0,0,0,0,0,0,0,,,,,,,,PS_019,,,
,,2024-10-04T08:00:00Z,0,0,0,0,0,0,0,0,0,0,,,,,,,,PS_019,,,
,,2024-10-04T08:15:00Z,0,0,0,0,0,0,0,0,0,0,,,,,,,,PS_019,,,
,,2024-10-04T08:30:00Z,0,0,0,0,0,0,0,0,0,0,,,,,,,,PS_019,,,
,,2024-10-04T08:45:00Z,0,0,0,0,0,0,0,0,0,0,,,,,,,,PS_019,,,
,,2024-10-04T09:00:00Z,0,0,2,0,0,2,0,0,0,0,5.437471242928031,,,,,8.848637070978238,,PS_019,,,
,,2024-10-04T09:15:00Z,0,0,4,0,0,4,0,0,0,0,13.876642259943988,,,,,17.895166041799428,,PS_019,,,
,,2024-10-04T09:30:00Z,0,0,4,0,0,4,0,0,0,0,37.890056057879335,,,,,43.79438019996013,,PS_019,,,
,,2024-10-04T09:45:00Z,0,0,4,0,0,4,0,0,0,0,64.54265145632668,,,,,73.38533287071893,,PS_019,,,
,,2024-10-04T10:00:00Z,0,0,3,0,0,3,0,0,0,0,94.75619526705165,,,,,106.73814778266514,,PS_019,,,
,,2024-10-04T10:15:00Z,0,0,4,0,0,4,0,0,0,0,130.88037003936412,,,,,146.81661277964997,,PS_019,,,
,,2024-10-04T10:30:00Z,0,0,4,0,0,4,0,0,0,0,172.24637076932115,,,,,192.7051553806899,,PS_019,,,
,,2024-10-04T10:45:00Z,0,0,3,0,0,3,0,0,0,0,210.280543370921,,,,,235.0525012442357,,PS_019,,,
,,2024-10-04T11:00:00Z,0,0,4,0,0,4,0,0,0,0,274.4990524310745,,,,,306.52620737459415,,PS_019,,,
,,2024-10-04T11:15:00Z,0,0,4,0,0,4,0,0,0,0,336.03500789590214,,,,,375.2232356217214,,PS_019,,,
,,2024-10-04T11:30:00Z,0,0,4,0,0,4,0,0,0,0,399.66290587815627,,,,,445.2592222015638,,PS_019,,,
,,2024-10-04T11:45:00Z,0,0,3,0,0,3,0,0,0,0,427.6209906503192,,,,,474.1041705594814,,PS_019,,,
,,2024-10-04T12:00:00Z,0,0,4,0,0,4,0,0,0,0,490.8049683068146,,,,,544.4756992055538,,PS_019,,,
,,2024-10-04T12:15:00Z,0,0,4,0,0,4,0,0,0,0,525.3232566125596,,,,,580.2947305289392,,PS_019,,,
,,2024-10-04T12:30:00Z,0,0,3,0,0,3,0,0,0,0,377.29231657596705,,,,,415.9835391654859,,PS_019,,,
,,2024-10-04T12:45:00Z,0,0,4,0,0,4,0,0,0,0,384.00777967757034,,,,,423.46934371236415,,PS_019,,,
,,2024-10-04T13:00:00Z,0,0,4,0,0,4,0,0,0,0,379.18279392746956,,,,,418.0309553846979,,PS_019,,,
,,2024-10-04T13:15:00Z,0,0,4,0,0,4,0,0,0,0,368.5380325767313,,,,,405.96186095044385,,PS_019,,,
,,2024-10-04T13:30:00Z,0,0,3,0,0,3,0,0,0,0,423.58093612349984,,,,,465.58204905602753,,PS_019,,,
,,2024-10-04T13:45:00Z,0,0,4,0,0,4,0,0,0,0,445.6006937641915,,,,,490.9788804439467,,PS_019,,,
,,2024-10-04T14:00:00Z,0,0,4,0,0,4,0,0,0,0,567.1211321334963,,,,,622.3141767780992,,PS_019,,,
,,2024-10-04T14:15:00Z,0,0,3,0,0,3,0,0,0,0,661.5038401094706,,,,,725.685251724482,,PS_019,,,
,,2024-10-04T14:30:00Z,0,0,4,0,0,4,0,0,0,0,650.2132139234508,,,,,713.67464105857,,PS_019,,,
,,2024-10-04T14:45:00Z,0,0,4,0,0,4,0,0,0,0,702.1789351106636,,,,,766.3308311323349,,PS_019,,,
,,2024-10-04T15:00:00Z,0,0,4,0,0,4,0,0,0,0,653.3651565443454,,,,,715.6083437145437,,PS_019,,,
,,2024-10-04T15:15:00Z,0,0,3,0,0,3,0,0,0,0,741.7478254262251,,,,,810.1780563076152,,PS_019,,,
,,2024-10-04T15:30:00Z,0,0,4,0,0,4,0,0,0,0,737.574553316008,,,,,807.0479052079994,,PS_019,,,
,,2024-10-04T15:45:00Z,0,0,4,0,0,4,0,0,0,0,748.328745443599,,,,,817.5537724135728,,PS_019,,,
,,2024-10-04T16:00:00Z,0,0,3,0,0,3,0,0,0,0,754.0083510351972,,,,,822.95964250207,,PS_019,,,
,,2024-10-04T16:15:00Z,0,0,4,0,0,4,0,0,0,0,720.1001316703083,,,,,786.9371527555389,,PS_019,,,
,,2024-10-04T16:30:00Z,0,0,4,0,0,4,0,0,0,0,492.04766357848615,,,,,540.4670200179793,,PS_019,,,
,,2024-10-04T16:45:00Z,0,0,4,0,0,4,0,0,0,0,463.1265244127316,,,,,509.10127135954633,,PS_019,,,
,,2024-10-04T17:00:00Z,0,0,3,0,0,3,0,0,0,0,484.71755369706443,,,,,532.8927896857548,,PS_019,,,
,,2024-10-04T17:15:00Z,0,0,4,0,0,4,0,0,0,0,431.2624944387545,,,,,474.0170605137139,,PS_019,,,
,,2024-10-04T17:30:00Z,0,0,4,0,0,4,0,0,0,0,402.03518303631597,,,,,441.35443323359726,,PS_019,,,
,,2024-10-04T17:45:00Z,0,0,3,0,0,3,0,0,0,0,378.1428523712906,,,,,414.91131192060317,,PS_019,,,
,,2024-10-04T18:00:00Z,0,0,4,0,0,4,0,0,0,0,360.1870537527997,,,,,395.69692922582925,,PS_019,,,
,,2024-10-04T18:15:00Z,0,0,4,0,0,4,0,0,0,0,493.658105769193,,,,,539.6497737189828,,PS_019,,,
,,2024-10-04T18:30:00Z,0,0,4,0,0,4,0,0,0,0,451.59064591323397,,,,,494.66739243910723,,PS_019,,,
,,2024-10-04T18:45:00Z,0,0,3,0,0,3,0,0,0,0,383.5782195032154,,,,,420.27255272561524,,PS_019,,,
,,2024-10-04T19:00:00Z,0,0,4,0,0,4,0,0,0,0,360.86498840067776,,,,,395.82623640231697,,PS_019,,,
,,2024-10-04T19:15:00Z,0,0,4,0,0,4,0,0,0,0,271.0389922073637,,,,,298.03403460814087,,PS_019,,,
,,2024-10-04T19:30:00Z,0,0,3,0,0,3,0,0,0,0,130.81708261433428,,,,,145.8138081781186,,PS_019,,,
,,2024-10-04T19:45:00Z,0,0,4,0,0,4,0,0,0,0,110.05437690034222,,,,,123.68405266396691,,PS_019,,,
,,2024-10-04T20:00:00Z,0,0,4,0,0,4,0,0,0,0,90.0985836193224,,,,,101.9153183463356,,PS_019,,,
,,2024-10-04T20:15:00Z,0,0,4,0,0,4,0,0,0,0,56.972086396896195,,,,,65.35749481180558,,PS_019,,,
,,2024-10-04T20:30:00Z,0,0,3,0,0,3,0,0,0,0,48.9267772690566,,,,,56.984867014700185,,PS_019,,,
,,2024-10-04T20:45:00Z,0,0,4,0,0,4,0,0,0,0,30.614587940916294,,,,,35.96234373346263,,PS_019,,,
,,2024-10-04T21:00:00Z,0,0,4,0,0,4,0,0,0,0,10.823967958530664,,,,,14.646175032906902,,PS_019,,,
,,2024-10-04T21:15:00Z,0,0,3,0,0,3,0,0,0,0,0.7791698029253675,,,,,3.7828898547426273,,PS_019,,,
,,2024-10-04T21:30:00Z,0,0,4,0,0,4,0,0,0,0,0.0,,,,,0.8855164162147224,,PS_019,,,
,,2024-10-04T21:45:00Z,0,0,4,0,0,4,0,0,0,0,0.0,,,,,0.8000000119209291,,PS_019,,,
,,2024-10-04T22:00:00Z,0,0,4,0,0,4,0,0,0,0,0.0,,,,,0.8000000119209291,,PS_019,,,
,,2024-10-04T22:15:00Z,0,0,3,0,0,3,0,0,0,0,0.0,,,,,0.8000000119209291,,PS_019,,,
,,2024-10-04T22:30:00Z,0,0,4,0,0,4,0,0,0,0,0.0,,,,,0.800000011920929,,PS_019,,,
,,2024-10-04T22:45:00Z,0,0,4,0,0,4,0,0,0,0,0.0,,,,,0.8000000119209291,,PS_019,,,
,,2024-10-04T23:00:00Z,0,0,3,0,0,3,0,0,0,0,0.0,,,,,0.8000000119209291,,PS_019,,,
,,2024-10-04T23:15:00Z,0,0,4,0,0,4,0,0,0,0,0.0,,,,,0.800000011920929,,PS_019,,,
,,2024-10-04T23:30:00Z,0,0,4,0,0,4,0,0,0,0,0.0,,,,,0.800000011920929,,PS_019,,,
,,2024-10-04T23:45:00Z,0,0,4,0,0,4,0,0,0,0,0.0,,,,,0.8000000119209291,,PS_019,,,
,,2024-10-05T00:00:00Z,0,0,3,0,0,3,0,0,0,0,0.0,,,,,0.800000011920929,,PS_019,,,
,,2024-10-05T00:15:00Z,0,0,4,0,0,4,0,0,0,0,0.0,,,,,0.8000000119209288,,PS_019,,,
,,2024-10-05T00:30:00Z,0,0,4,0,0,4,0,0,0,0,0.0,,,,,0.800000011920929,,PS_019,,,
,,2024-10-05T00:45:00Z,0,0,4,0,0,4,0,0,0,0,0.0,,,,,0.8000000119209288,,PS_019,,,
,,2024-10-05T01:00:00Z,0,0,3,0,0,3,0,0,0,0,0.0,,,,,0.800000011920929,,PS_019,,,
,,2024-10-05T01:15:00Z,0,0,4,0,0,4,0,0,0,0,0.0,,,,,0.8000000119209291,,PS_019,,,
,,2024-10-05T01:30:00Z,0,0,4,0,0,4,0,0,0,0,0.0,,,,,0.8000000119209288,,PS_019,,,
,,2024-10-05T01:45:00Z,0,0,3,0,0,3,0,0,0,0,0.0,,,,,0.8000000119209291,,PS_019,,,
,,2024-10-05T02:00:00Z,0,0,4,0,0,4,0,0,0,0,0.0,,,,,0.800000011920929,,PS_019,,,
,,2024-10-05T02:15:00Z,0,0,4,0,0,4,0,0,0,0,0.0,,,,,0.8000000119209288,,PS_019,,,
,,2024-10-05T02:30:00Z,0,0,4,0,0,4,0,0,0,0,0.0,,,,,0.8000000119209291,,PS_019,,,
,,2024-10-05T02:45:00Z,0,0,3,0,0,3,0,0,0,0,0.0,,,,,0.800000011920929,,PS_019,,,
,,2024-10-05T03:00:00Z,0,0,2,0,0,2,0,0,0,0,0.0,,,,,0.8000000119209291,,PS_019,,,
,,2024-10-05T03:15:00Z,0,0,0,0,0,0,0,0,0,0,,,,,,,,PS_019,,,
,,2024-10-05T03:30:00Z,0,0,0,0,0,0,0,0,0,0,,,,,,,,PS_019,,,
,,2024-10-05T03:45:00Z,0,0,0,0,0,0,0,0,0,0,,,,,,,,PS_019,,,
,,2024-10-05T04:00:00Z,0,0,0,0,0,0,0,0,0,0,,,,,,,,PS_019,,,
,,2024-10-05T04:15:00Z,0,0,0,0,0,0,0,0,0,0,,,,,,,,PS_019,,,
,,2024-10-05T04:30:00Z,0,0,0,0,0,0,0,0,0,0,,,,,,,,PS_019,,,
,,2024-10-05T04:45:00Z,0,0,0,0,0,0,0,0,0,0,,,,,,,,PS_019,,,
,,2024-10-05T05:00:00Z,0,0,0,0,0,0,0,0,0,0,,,,,,,,PS_019,,,
,,2024-10-05T05:15:00Z,0,0,0,0,0,0,0,0,0,0,,,,,,,,PS_019,,,
,,2024-10-05T05:30:00Z,0,0,0,0,0,0,0,0,0,0,,,,,,,,PS_019,,,
,,2024-10-05T05:45:00Z,0,0,0,0,0,0,0,0,0,0,,,,,,,,PS_019,,,
,,2024-10-05T06:00:00Z,0,0,0,0,0,0,0,0,0,0,,,,,,,,PS_019,,,
,,2024-10-05T06:15:00Z,0,0,0,0,0,0,0,0,0,0,,,,,,,,PS_019,,,
,,2024-10-05T06:30:00Z,0,0,0,0,0,0,0,0,0,0,,,,,,,,PS_019,,,
,,2024-10-05T06:45:00Z,0,0,0,0,0,0,0,0,0,0,,,,,,,,PS_019,,,
,,2024-10-05T07:00:00Z,0,0,0,0,0,0,0,0,0,0,,,,,,,,PS_019,,,
,,2024-10-05T07:15:00Z,0,0,0,0,0,0,0,0,0,0,,,,,,,,PS_019,,,
,,2024-10-05T07:30:00Z,0,0,0,0,0,0,0,0,0,0,,,,,,,,PS_019,,,
,,2024-10-05T07:45:00Z,0,0,0,0,0,0,0,0,0,0,,,,,,,,PS_019,,,
,,2024-10-05T08:00:00Z,0,0,0,0,0,0,0,0,0,0,,,,,,,,PS_019,,,
,,2024-10-05T08:15:00Z,0,0,0,0,0,0,0,0,0,0,,,,,,,,PS_019,,,
,,2024-10-05T08:30:00Z,0,0,0,0,0,0,0,0,0,0,,,,,,,,PS_019,,,
,,2024-10-05T08:45:00Z,0,0,0,0,0,0,0,0,0,0,,,,,,,,PS_019,,,
,,2024-10-05T09:00:00Z,0,0,2,0,0,2,0,0,0,0,12.364730614623959,,,,,16.42472971516243,,PS_019,,,
,,2024-10-05T09:15:00Z,0,0,4,0,0,4,0,0,0,0,22.9994020356643,,,,,28.86321301708071,,PS_019,,,
,,2024-10-05T09:30:00Z,0,0,4,0,0,4,0,0,0,0,48.70329039467624,,,,,57.646266376597914,,PS_019,,,
,,2024-10-05T09:45:00Z,0,0,4,0,0,4,0,0,0,0,89.81393348676424,,,,,105.0815811896569,,PS_019,,,
,,2024-10-05T10:00:00Z,0,0,3,0,0,3,0,0,0,0,140.96755158877778,,,,,163.83715258358953,,PS_019,,,
,,2024-10-05T10:15:00Z,0,0,4,0,0,4,0,0,0,0,193.7824426200343,,,,,223.43669587743298,,PS_019,,,
,,2024-10-05T10:30:00Z,0,0,4,0,0,4,0,0,0,0,261.32934237894807,,,,,299.46946925565595,,PS_019,,,
,,2024-10-05T10:45:00Z,0,0,3,0,0,3,0,0,0,0,271.2913759620088,,,,,308.46514787769064,,PS_019,,,
,,2024-10-05T11:00:00Z,0,0,4,0,0,4,0,0,0,0,363.61031397431066,,,,,412.4016143127816,,PS_019,,,
,,2024-10-05T11:15:00Z,0,0,4,0,0,4,0,0,0,0,429.6265547286277,,,,,486.2294323513381,,PS_019,,,
,,2024-10-05T11:30:00Z,0,0,4,0,0,4,0,0,0,0,494.05983719769085,,,,,554.6658057099684,,PS_019,,,
,,2024-10-05T11:45:00Z,0,0,3,0,0,3,0,0,0,0,548.6782437184067,,,,,613.6362362382399,,PS_019,,,
,,2024-10-05T12:00:00Z,0,0,4,0,0,4,0,0,0,0,602.1419298484433,,,,,672.0074900774993,,PS_019,,,
,,2024-10-05T12:15:00Z,0,0,4,0,0,4,0,0,0,0,651.7148935766934,,,,,723.9866439343682,,PS_019,,,
,,2024-10-05T12:30:00Z,0,0,3,0,0,3,0,0,0,0,705.8858032104159,,,,,782.4671075002823,,PS_019,,,
,,2024-10-05T12:45:00Z,0,0,4,0,0,4,0,0,0,0,737.3248240805502,,,,,814.6981468599056,,PS_019,,,
,,2024-10-05T13:00:00Z,0,0,4,0,0,4,0,0,0,0,794.0023505340879,,,,,875.006786969057,,PS_019,,,
,,2024-10-05T13:15:00Z,0,0,4,0,0,4,0,0,0,0,824.4491978483842,,,,,906.7174449970911,,PS_019,,,
,,2024-10-05T13:30:00Z,0,0,3,0,0,3,0,0,0,0,858.3817905967345,,,,,941.867871731505,,PS_019,,,
,,2024-10-05T13:45:00Z,0,0,4,0,0,4,0,0,0,0,885.9085944390333,,,,,969.8127077156358,,PS_019,,,
,,2024-10-05T14:00:00Z,0,0,4,0,0,4,0,0,0,0,904.3200961445594,,,,,990.706404240447,,PS_019,,,
,,2024-10-05T14:15:00Z,0,0,3,0,0,3,0,0,0,0,927.7130149182586,,,,,1013.2020896653617,,PS_019,,,
,,2024-10-05T14:30:00Z,0,0,4,0,0,4,0,0,0,0,945.1528336271928,,,,,1031.0155264933762,,PS_019,,,
,,2024-10-05T14:45:00Z,0,0,4,0,0,4,0,0,0,0,953.2454649267397,,,,,1039.6152875021614,,PS_019,,,
,,2024-10-05T15:00:00Z,0,0,4,0,0,4,0,0,0,0,961.3116621389136,,,,,1047.9879417219013,,PS_019,,,
,,2024-10-05T15:15:00Z,0,0,3,0,0,3,0,0,0,0,958.2976190496172,,,,,1043.723710654568,,PS_019,,,
,,2024-10-05T15:30:00Z,0,0,4,0,0,4,0,0,0,0,953.7622401714622,,,,,1037.8863185104758,,PS_019,,,
,,2024-10-05T15:45:00Z,0,0,4,0,0,4,0,0,0,0,943.60045454696,,,,,1027.0861276635856,,PS_019,,,
,,2024-10-05T16:00:00Z,0,0,3,0,0,3,0,0,0,0,927.0829547861744,,,,,1008.2535911303548,,PS_019,,,
,,2024-10-05T16:15:00Z,0,0,4,0,0,4,0,0,0,0,906.3449194320177,,,,,985.2137355092301,,PS_019,,,
,,2024-10-05T16:30:00Z,0,0,4,0,0,4,0,0,0,0,877.69838939623,,,,,954.8637404233241,,PS_019,,,
,,2024-10-05T16:45:00Z,0,0,4,0,0,4,0,0,0,0,848.1944721244374,,,,,922.7100755577504,,PS_019,,,
,,2024-10-05T17:00:00Z,0,0,3,0,0,3,0,0,0,0,814.7687022593,,,,,885.6681792109896,,PS_019,,,
,,2024-10-05T17:15:00Z,0,0,4,0,0,4,0,0,0,0,786.5537544644071,,,,,856.3149888184566,,PS_019,,,
,,2024-10-05T17:30:00Z,0,0,4,0,0,4,0,0,0,0,744.6740127853427,,,,,809.7621330659449,,PS_019,,,
,,2024-10-05T17:45:00Z,0,0,3,0,0,3,0,0,0,0,697.0990557717935,,,,,760.0550694704962,,PS_019,,,
,,2024-10-05T18:00:00Z,0,0,4,0,0,4,0,0,0,0,645.2522862221554,,,,,703.2235908131546,,PS_019,,,
,,2024-10-05T18:15:00Z,0,0,4,0,0,4,0,0,0,0,610.7792693407907,,,,,667.1097322400248,,PS_019,,,
,,2024-10-05T18:30:00Z,0,0,4,0,0,4,0,0,0,0,540.7385821695168,,,,,591.1757222848535,,PS_019,,,
,,2024-10-05T18:45:00Z,0,0,3,0,0,3,0,0,0,0,482.72244532794326,,,,,528.3745265100781,,PS_019,,,
,,2024-10-05T19:00:00Z,0,0,4,0,0,4,0,0,0,0,423.4295799572783,,,,,464.3531707673599,,PS_019,,,
,,2024-10-05T19:15:00Z,0,0,4,0,0,4,0,0,0,0,361.07114469456695,,,,,396.64612669257554,,PS_019,,,
,,2024-10-05T19:30:00Z,0,0,3,0,0,3,0,0,0,0,300.1531313527732,,,,,330.4740530606391,,PS_019,,,
,,2024-10-05T19:45:00Z,0,0,4,0,0,4,0,0,0,0,240.03991521609018,,,,,264.0813829693091,,PS_019,,,
,,2024-10-05T20:00:00Z,0,0,4,0,0,4,0,0,0,0,177.81825638114097,,,,,196.82465743177067,,PS_019,,,
,,2024-10-05T20:15:00Z,0,0,4,0,0,4,0,0,0,0,120.70055382709822,,,,,133.73140049867993,,PS_019,,,
,,2024-10-05T20:30:00Z,0,0,3,0,0,3,0,0,0,0,70.37351389829394,,,,,78.32086741769353,,PS_019,,,
,,2024-10-05T20:45:00Z,0,0,4,0,0,4,0,0,0,0,32.48383651889487,,,,,37.067304464740204,,PS_019,,,
,,2024-10-05T21:00:00Z,0,0,4,0,0,4,0,0,0,0,10.05150122742406,,,,,13.773692622433618,,PS_019,,,
,,2024-10-05T21:15:00Z,0,0,3,0,0,3,0,0,0,0,0.4678923208930617,,,,,3.170316011780123,,PS_019,,,
,,2024-10-05T21:30:00Z,0,0,4,0,0,4,0,0,0,0,0.0,,,,,0.8456259573080397,,PS_019,,,
,,2024-10-05T21:45:00Z,0,0,4,0,0,4,0,0,0,0,0.0,,,,,0.800000011920929,,PS_019,,,
,,2024-10-05T22:00:00Z,0,0,4,0,0,4,0,0,0,0,0.0,,,,,0.8000000119209288,,PS_019,,,
,,2024-10-05T22:15:00Z,0,0,3,0,0,3,0,0,0,0,0.0,,,,,0.8000000119209288,,PS_019,,,
,,2024-10-05T22:30:00Z,0,0,4,0,0,4,0,0,0,0,0.0,,,,,0.800000011920929,,PS_019,,,
,,2024-10-05T22:45:00Z,0,0,4,0,0,4,0,0,0,0,0.0,,,,,0.800000011920929,,PS_019,,,
,,2024-10-05T23:00:00Z,0,0,3,0,0,3,0,0,0,0,0.0,,,,,0.800000011920929,,PS_019,,,
,,2024-10-05T23:15:00Z,0,0,4,0,0,4,0,0,0,0,0.0,,,,,0.8000000119209291,,PS_019,,,
,,2024-10-05T23:30:00Z,0,0,4,0,0,4,0,0,0,0,0.0,,,,,0.800000011920929,,PS_019,,,
,,2024-10-05T23:45:00Z,0,0,4,0,0,4,0,0,0,0,0.0,,,,,0.800000011920929,,PS_019,,,
,,2024-10-06T00:00:00Z,0,0,3,0,0,3,0,0,0,0,0.0,,,,,0.8000000119209292,,PS_019,,,
,,2024-10-06T00:15:00Z,0,0,4,0,0,4,0,0,0,0,0.0,,,,,0.800000011920929,,PS_019,,,
,,2024-10-06T00:30:00Z,0,0,4,0,0,4,0,0,0,0,0.0,,,,,0.8000000119209291,,PS_019,,,
,,2024-10-06T00:45:00Z,0,0,3,0,0,3,0,0,0,0,0.0,,,,,0.8000000119209291,,PS_019,,,
,,2024-10-06T01:00:00Z,0,0,4,0,0,4,0,0,0,0,0.0,,,,,0.800000011920929,,PS_019,,,
,,2024-10-06T01:15:00Z,0,0,4,0,0,4,0,0,0,0,0.0,,,,,0.8000000119209291,,PS_019,,,
,,2024-10-06T01:30:00Z,0,0,4,0,0,4,0,0,0,0,0.0,,,,,0.800000011920929,,PS_019,,,
,,2024-10-06T01:45:00Z,0,0,3,0,0,3,0,0,0,0,0.0,,,,,0.800000011920929,,PS_019,,,
,,2024-10-06T02:00:00Z,0,0,4,0,0,4,0,0,0,0,0.0,,,,,0.8000000119209288,,PS_019,,,
,,2024-10-06T02:15:00Z,0,0,4,0,0,4,0,0,0,0,0.0,,,,,0.8000000119209291,,PS_019,,,
,,2024-10-06T02:30:00Z,0,0,3,0,0,3,0,0,0,0,0.0,,,,,0.800000011920929,,PS_019,,,
,,2024-10-06T02:45:00Z,0,0,4,0,0,4,0,0,0,0,0.0,,,,,0.800000011920929,,PS_019,,,
,,2024-10-06T03:00:00Z,0,0,2,0,0,2,0,0,0,0,0.0,,,,,0.800000011920929,,PS_019,,,
,,2024-10-06T03:15:00Z,0,0,0,0,0,0,0,0,0,0,,,,,,,,PS_019,,,
,,2024-10-06T03:30:00Z,0,0,0,0,0,0,0,0,0,0,,,,,,,,PS_019,,,
,,2024-10-06T03:45:00Z,0,0,0,0,0,0,0,0,0,0,,,,,,,,PS_019,,,
,,2024-10-06T04:00:00Z,0,0,0,0,0,0,0,0,0,0,,,,,,,,PS_019,,,
,,2024-10-06T04:15:00Z,0,0,0,0,0,0,0,0,0,0,,,,,,,,PS_019,,,
,,2024-10-06T04:30:00Z,0,0,0,0,0,0,0,0,0,0,,,,,,,,PS_019,,,
,,2024-10-06T04:45:00Z,0,0,0,0,0,0,0,0,0,0,,,,,,,,PS_019,,,
,,2024-10-06T05:00:00Z,0,0,0,0,0,0,0,0,0,0,,,,,,,,PS_019,,,
,,2024-10-06T05:15:00Z,0,0,0,0,0,0,0,0,0,0,,,,,,,,PS_019,,,
,,2024-10-06T05:30:00Z,0,0,0,0,0,0,0,0,0,0,,,,,,,,PS_019,,,
,,2024-10-06T05:45:00Z,0,0,0,0,0,0,0,0,0,0,,,,,,,,PS_019,,,
,,2024-10-06T06:00:00Z,0,0,0,0,0,0,0,0,0,0,,,,,,,,PS_019,,,
,,2024-10-06T06:15:00Z,0,0,0,0,0,0,0,0,0,0,,,,,,,,PS_019,,,
,,2024-10-06T06:30:00Z,0,0,0,0,0,0,0,0,0,0,,,,,,,,PS_019,,,
,,2024-10-06T06:45:00Z,0,0,0,0,0,0,0,0,0,0,,,,,,,,PS_019,,,
,,2024-10-06T07:00:00Z,0,0,0,0,0,0,0,0,0,0,,,,,,,,PS_019,,,
,,2024-10-06T07:15:00Z,0,0,0,0,0,0,0,0,0,0,,,,,,,,PS_019,,,
,,2024-10-06T07:30:00Z,0,0,0,0,0,0,0,0,0,0,,,,,,,,PS_019,,,
,,2024-10-06T07:45:00Z,0,0,0,0,0,0,0,0,0,0,,,,,,,,PS_019,,,
,,2024-10-06T08:00:00Z,0,0,0,0,0,0,0,0,0,0,,,,,,,,PS_019,,,
,,2024-10-06T08:15:00Z,0,0,0,0,0,0,0,0,0,0,,,,,,,,PS_019,,,
,,2024-10-06T08:30:00Z,0,0,0,0,0,0,0,0,0,0,,,,,,,,PS_019,,,
,,2024-10-06T08:45:00Z,0,0,0,0,0,0,0,0,0,0,,,,,,,,PS_019,,,
,,2024-10-06T09:00:00Z,0,0,2,0,0,2,0,0,0,0,11.670873127382432,,,,,15.330872974794541,,PS_019,,,
,,2024-10-06T09:15:00Z,0,0,4,0,0,4,0,0,0,0,16.11023636637311,,,,,20.309959677335556,,PS_019,,,
,,2024-10-06T09:30:00Z,0,0,4,0,0,4,0,0,0,0,48.16764395371139,,,,,54.78255713644814,,PS_019,,,
,,2024-10-06T09:45:00Z,0,0,3,0,0,3,0,0,0,0,97.45729786040981,,,,,108.95809366003283,,PS_019,,,
,,2024-10-06T10:00:00Z,0,0,4,0,0,4,0,0,0,0,150.78999314247238,,,,,168.6358108651688,,PS_019,,,
,,2024-10-06T10:15:00Z,0,0,4,0,0,4,0,0,0,0,208.86875841098467,,,,,234.11037032198738,,PS_019,,,
,,2024-10-06T10:30:00Z,0,0,4,0,0,4,0,0,0,0,276.20335731506054,,,,,310.70313152833995,,PS_019,,,
,,2024-10-06T10:45:00Z,0,0,3,0,0,3,0,0,0,0,320.6821247519164,,,,,360.89032281140834,,PS_019,,,
,,2024-10-06T11:00:00Z,0,0,4,0,0,4,0,0,0,0,383.6634276138979,,,,,431.78038765777524,,PS_019,,,
,,2024-10-06T11:15:00Z,0,0,4,0,0,4,0,0,0,0,440.24799656333226,,,,,494.9800119562061,,PS_019,,,
,,2024-10-06T11:30:00Z,0,0,3,0,0,3,0,0,0,0,490.4440697678671,,,,,547.8016157932549,,PS_019,,,
,,2024-10-06T11:45:00Z,0,0,4,0,0,4,0,0,0,0,542.005588518277,,,,,603.5556517030889,,PS_019,,,
,,2024-10-06T12:00:00Z,0,0,4,0,0,4,0,0,0,0,579.5575388543803,,,,,644.3882390872873,,PS_019,,,
,,2024-10-06T12:15:00Z,0,0,4,0,0,4,0,0,0,0,639.7025574538363,,,,,708.7257382246218,,PS_019,,,
,,2024-10-06T12:30:00Z,0,0,3,0,0,3,0,0,0,0,690.0538676391739,,,,,763.3425098788483,,PS_019,,,
,,2024-10-06T12:45:00Z,0,0,4,0,0,4,0,0,0,0,720.6720886809657,,,,,795.3081517690828,,PS_019,,,
,,2024-10-06T13:00:00Z,0,0,4,0,0,4,0,0,0,0,766.2862720854539,,,,,844.1281891797403,,PS_019,,,
,,2024-10-06T13:15:00Z,0,0,3,0,0,3,0,0,0,0,806.5135794084438,,,,,886.3275164572414,,PS_019,,,
,,2024-10-06T13:30:00Z,0,0,4,0,0,4,0,0,0,0,833.3243205758854,,,,,912.8856660697314,,PS_019,,,
,,2024-10-06T13:45:00Z,0,0,4,0,0,4,0,0,0,0,861.6898357451806,,,,,944.1053433506534,,PS_019,,,
,,2024-10-06T14:00:00Z,0,0,4,0,0,4,0,0,0,0,876.7602514255912,,,,,957.3046498774796,,PS_019,,,
,,2024-10-06T14:15:00Z,0,0,3,0,0,3,0,0,0,0,911.3643994341919,,,,,995.6454169408482,,PS_019,,,
,,2024-10-06T14:30:00Z,0,0,4,0,0,4,0,0,0,0,929.2778913163178,,,,,1013.4160256294052,,PS_019,,,
,,2024-10-06T14:45:00Z,0,0,4,0,0,4,0,0,0,0,938.8898859811585,,,,,1022.449725819998,,PS_019,,,
,,2024-10-06T15:00:00Z,0,0,3,0,0,3,0,0,0,0,939.1562724253351,,,,,1020.7371689460981,,PS_019,,,
,,2024-10-06T15:15:00Z,0,0,4,0,0,4,0,0,0,0,940.1339146728802,,,,,1021.9749751124056,,PS_019,,,
,,2024-10-06T15:30:00Z,0,0,4,0,0,4,0,0,0,0,938.6919527845263,,,,,1019.9523195878667,,PS_019,,,
,,2024-10-06T15:45:00Z,0,0,4,0,0,4,0,0,0,0,926.3819176104377,,,,,1005.8930584910046,,PS_019,,,
,,2024-10-06T16:00:00Z,0,0,3,0,0,3,0,0,0,0,906.7843160364113,,,,,985.2276489619823,,PS_019,,,
,,2024-10-06T16:15:00Z,0,0,4,0,0,4,0,0,0,0,884.4314191726094,,,,,960.0649909901853,,PS_019,,,
,,2024-10-06T16:30:00Z,0,0,4,0,0,4,0,0,0,0,855.8439865561601,,,,,928.605963245117,,PS_019,,,
,,2024-10-06T16:45:00Z,0,0,3,0,0,3,0,0,0,0,832.565308055684,,,,,902.6662186167218,,PS_019,,,
,,2024-10-06T17:00:00Z,0,0,4,0,0,4,0,0,0,0,790.254129974728,,,,,858.2301697377293,,PS_019,,,
,,2024-10-06T17:15:00Z,0,0,4,0,0,4,0,0,0,0,747.5916990906426,,,,,811.9582476506037,,PS_019,,,
,,2024-10-06T17:30:00Z,0,0,4,0,0,4,0,0,0,0,710.1691959993465,,,,,771.1797624099521,,PS_019,,,
,,2024-10-06T17:45:00Z,0,0,3,0,0,3,0,0,0,0,651.8321768153247,,,,,708.9993296090931,,PS_019,,,
,,2024-10-06T18:00:00Z,0,0,4,0,0,4,0,0,0,0,607.8048374051422,,,,,661.4404209449362,,PS_019,,,
,,2024-10-06T18:15:00Z,0,0,4,0,0,4,0,0,0,0,557.3306267281406,,,,,606.9289486005335,,PS_019,,,
,,2024-10-06T18:30:00Z,0,0,3,0,0,3,0,0,0,0,497.718610421856,,,,,542.5373305672312,,PS_019,,,
,,2024-10-06T18:45:00Z,0,0,4,0,0,4,0,0,0,0,434.7573667152131,,,,,475.28140537748794,,PS_019,,,
,,2024-10-06T19:00:00Z,0,0,4,0,0,4,0,0,0,0,368.23249026129275,,,,,402.54378624510855,,PS_019,,,
,,2024-10-06T19:15:00Z,0,0,4,0,0,4,0,0,0,0,281.01209819262385,,,,,308.2273383020072,,PS_019,,,
,,2024-10-06T19:30:00Z,0,0,3,0,0,3,0,0,0,0,231.43847972389392,,,,,253.90965914592587,,PS_019,,,
,,2024-10-06T19:45:00Z,0,0,4,0,0,4,0,0,0,0,178.08980066454032,,,,,196.3649049360246,,PS_019,,,
,,2024-10-06T20:00:00Z,0,0,4,0,0,4,0,0,0,0,139.40642783859735,,,,,154.49233622701882,,PS_019,,,
,,2024-10-06T20:15:00Z,0,0,3,0,0,3,0,0,0,0,95.4955081103542,,,,,106.29326679769416,,PS_019,,,
,,2024-10-06T20:30:00Z,0,0,4,0,0,4,0,0,0,0,48.00549032017246,,,,,54.876728106981574,,PS_019,,,
,,2024-10-06T20:45:00Z,0,0,4,0,0,4,0,0,0,0,15.830557281674736,,,,,20.14512896214064,,PS_019,,,
,,2024-10-06T21:00:00Z,0,0,4,0,0,4,0,0,0,0,5.861477852170535,,,,,9.235298234448061,,PS_019,,,
,,2024-10-06T21:15:00Z,0,0,3,0,0,3,0,0,0,0,0.03730083290347992,,,,,1.1652373325568761,,PS_019,,,
,,2024-10-06T21:30:00Z,0,0,4,0,0,4,0,0,0,0,0.0,,,,,0.800000011920929,,PS_019,,,
,,2024-10-06T21:45:00Z,0,0,4,0,0,4,0,0,0,0,0.0,,,,,0.800000011920929,,PS_019,,,
,,2024-10-06T22:00:00Z,0,0,3,0,0,3,0,0,0,0,0.0,,,,,0.8000000119209291,,PS_019,,,
,,2024-10-06T22:15:00Z,0,0,4,0,0,4,0,0,0,0,0.0,,,,,0.8000000119209288,,PS_019,,,
,,2024-10-06T22:30:00Z,0,0,4,0,0,4,0,0,0,0,0.0,,,,,0.8000000119209288,,PS_019,,,
,,2024-10-06T22:45:00Z,0,0,4,0,0,4,0,0,0,0,0.0,,,,,0.8000000119209288,,PS_019,,,
,,2024-10-06T23:00:00Z,0,0,3,0,0,3,0,0,0,0,0.0,,,,,0.800000011920929,,PS_019,,,
,,2024-10-06T23:15:00Z,0,0,4,0,0,4,0,0,0,0,0.0,,,,,0.800000011920929,,PS_019,,,
,,2024-10-06T23:30:00Z,0,0,4,0,0,4,0,0,0,0,0.0,,,,,0.8000000119209291,,PS_019,,,
,,2024-10-06T23:45:00Z,0,0,4,0,0,4,0,0,0,0,0.0,,,,,0.8000000119209288,,PS_019,,,
,,2024-10-07T00:00:00Z,0,0,3,0,0,3,0,0,0,0,0.0,,,,,0.800000011920929,,PS_019,,,
,,2024-10-07T00:15:00Z,0,0,4,0,0,4,0,0,0,0,0.0,,,,,0.8000000119209291,,PS_019,,,
,,2024-10-07T00:30:00Z,0,0,4,0,0,4,0,0,0,0,0.0,,,,,0.800000011920929,,PS_019,,,
,,2024-10-07T00:45:00Z,0,0,3,0,0,3,0,0,0,0,0.0,,,,,0.8000000119209288,,PS_019,,,
,,2024-10-07T01:00:00Z,0,0,4,0,0,4,0,0,0,0,0.0,,,,,0.800000011920929,,PS_019,,,
,,2024-10-07T01:15:00Z,0,0,4,0,0,4,0,0,0,0,0.0,,,,,0.8000000119209288,,PS_019,,,
,,2024-10-07T01:30:00Z,0,0,4,0,0,4,0,0,0,0,0.0,,,,,0.8000000119209292,,PS_019,,,
,,2024-10-07T01:45:00Z,0,0,3,0,0,3,0,0,0,0,0.0,,,,,0.8000000119209291,,PS_019,,,
,,2024-10-07T02:00:00Z,0,0,4,0,0,4,0,0,0,0,0.0,,,,,0.800000011920929,,PS_019,,,
,,2024-10-07T02:15:00Z,0,0,4,0,0,4,0,0,0,0,0.0,,,,,0.800000011920929,,PS_019,,,
,,2024-10-07T02:30:00Z,0,0,3,0,0,3,0,0,0,0,0.0,,,,,0.800000011920929,,PS_019,,,
,,2024-10-07T02:45:00Z,0,0,4,0,0,4,0,0,0,0,0.0,,,,,0.8000000119209291,,PS_019,,,
,,2024-10-07T03:00:00Z,0,0,2,0,0,2,0,0,0,0,0.0,,,,,0.800000011920929,,PS_019,,,
,,2024-10-07T03:15:00Z,0,0,0,0,0,0,0,0,0,0,,,,,,,,PS_019,,,
,,2024-10-07T03:30:00Z,0,0,0,0,0,0,0,0,0,0,,,,,,,,PS_019,,,
,,2024-10-07T03:45:00Z,0,0,0,0,0,0,0,0,0,0,,,,,,,,PS_019,,,
,,2024-10-07T04:00:00Z,0,0,0,0,0,0,0,0,0,0,,,,,,,,PS_019,,,
,,2024-10-07T04:15:00Z,0,0,0,0,0,0,0,0,0,0,,,,,,,,PS_019,,,
,,2024-10-07T04:30:00Z,0,0,0,0,0,0,0,0,0,0,,,,,,,,PS_019,,,
,,2024-10-07T04:45:00Z,0,0,0,0,0,0,0,0,0,0,,,,,,,,PS_019,,,
,,2024-10-07T05:00:00Z,0,0,0,0,0,0,0,0,0,0,,,,,,,,PS_019,,,
,,2024-10-07T05:15:00Z,0,0,0,0,0,0,0,0,0,0,,,,,,,,PS_019,,,
,,2024-10-07T05:30:00Z,0,0,0,0,0,0,0,0,0,0,,,,,,,,PS_019,,,
,,2024-10-07T05:45:00Z,0,0,0,0,0,0,0,0,0,0,,,,,,,,PS_019,,,
,,2024-10-07T06:00:00Z,0,0,0,0,0,0,0,0,0,0,,,,,,,,PS_019,,,
,,2024-10-07T06:15:00Z,0,0,0,0,0,0,0,0,0,0,,,,,,,,PS_019,,,
,,2024-10-07T06:30:00Z,0,0,0,0,0,0,0,0,0,0,,,,,,,,PS_019,,,
,,2024-10-07T06:45:00Z,0,0,0,0,0,0,0,0,0,0,,,,,,,,PS_019,,,
,,2024-10-07T07:00:00Z,0,0,0,0,0,0,0,0,0,0,,,,,,,,PS_019,,,
,,2024-10-07T07:15:00Z,0,0,0,0,0,0,0,0,0,0,,,,,,,,PS_019,,,
,,2024-10-07T07:30:00Z,0,0,0,0,0,0,0,0,0,0,,,,,,,,PS_019,,,
,,2024-10-07T07:45:00Z,0,0,0,0,0,0,0,0,0,0,,,,,,,,PS_019,,,
,,2024-10-07T08:00:00Z,0,0,0,0,0,0,0,0,0,0,,,,,,,,PS_019,,,
,,2024-10-07T08:15:00Z,0,0,0,0,0,0,0,0,0,0,,,,,,,,PS_019,,,
,,2024-10-07T08:30:00Z,0,0,0,0,0,0,0,0,0,0,,,,,,,,PS_019,,,
,,2024-10-07T08:45:00Z,0,0,0,0,0,0,0,0,0,0,,,,,,,,PS_019,,,
,,2024-10-07T09:00:00Z,0,0,2,0,0,2,0,0,0,0,25.011490596033056,,,,,29.22068969462861,,PS_019,,,
,,2024-10-07T09:15:00Z,0,0,4,0,0,4,0,0,0,0,37.85916153058104,,,,,43.74575457422204,,PS_019,,,
,,2024-10-07T09:30:00Z,0,0,4,0,0,4,0,0,0,0,63.295929404339084,,,,,70.68255173098878,,PS_019,,,
,,2024-10-07T09:45:00Z,0,0,3,0,0,3,0,0,0,0,94.62436563787558,,,,,104.80951180459171,,PS_019,,,
,,2024-10-07T10:00:00Z,0,0,4,0,0,4,0,0,0,0,135.84880555544214,,,,,152.15802044923166,,PS_019,,,
,,2024-10-07T10:15:00Z,0,0,4,0,0,4,0,0,0,0,178.5927492484498,,,,,202.3995594979611,,PS_019,,,
,,2024-10-07T10:30:00Z,0,0,4,0,0,4,0,0,0,0,227.04385243673534,,,,,256.98632135614906,,PS_019,,,
,,2024-10-07T10:45:00Z,0,0,3,0,0,3,0,0,0,0,277.92325560815925,,,,,313.7120507642346,,PS_019,,,
,,2024-10-07T11:00:00Z,0,0,4,0,0,4,0,0,0,0,336.76713131789427,,,,,378.3170262343102,,PS_019,,,
,,2024-10-07T11:15:00Z,0,0,4,0,0,4,0,0,0,0,391.323167209748,,,,,437.69522124644703,,PS_019,,,
,,2024-10-07T11:30:00Z,0,0,3,0,0,3,0,0,0,0,444.0427846320365,,,,,495.88797387070383,,PS_019,,,
,,2024-10-07T11:45:00Z,0,0,4,0,0,4,0,0,0,0,499.01209700134024,,,,,555.4755121761215,,PS_019,,,
,,2024-10-07T12:00:00Z,0,0,4,0,0,4,0,0,0,0,549.5950635098935,,,,,610.4155173775061,,PS_019,,,
,,2024-10-07T12:15:00Z,0,0,4,0,0,4,0,0,0,0,602.8217498194782,,,,,667.3389522843263,,PS_019,,,
,,2024-10-07T12:30:00Z,0,0,3,0,0,3,0,0,0,0,652.1689831032321,,,,,721.3858615580773,,PS_019,,,
,,2024-10-07T12:45:00Z,0,0,4,0,0,4,0,0,0,0,690.3280055648032,,,,,762.2986330217727,,PS_019,,,
,,2024-10-07T13:00:00Z,0,0,4,0,0,4,0,0,0,0,735.7764853392955,,,,,809.8447395956379,,PS_019,,,
,,2024-10-07T13:15:00Z,0,0,4,0,0,4,0,0,0,0,773.5441125178115,,,,,849.3066113449248,,PS_019,,,
,,2024-10-07T13:30:00Z,0,0,3,0,0,3,0,0,0,0,806.6161379880896,,,,,886.7709638527546,,PS_019,,,
,,2024-10-07T13:45:00Z,0,0,4,0,0,4,0,0,0,0,834.7160299816437,,,,,913.8137155034734,,PS_019,,,
,,2024-10-07T14:00:00Z,0,0,4,0,0,4,0,0,0,0,858.204256292653,,,,,938.6502960356145,,PS_019,,,
,,2024-10-07T14:15:00Z,0,0,3,0,0,3,0,0,0,0,870.141848177215,,,,,950.9327703702511,,PS_019,,,
,,2024-10-07T14:30:00Z,0,0,4,0,0,4,0,0,0,0,891.7748737806514,,,,,973.3927226455454,,PS_019,,,
,,2024-10-07T14:45:00Z,0,0,4,0,0,4,0,0,0,0,887.7364993369681,,,,,969.6486669613166,,PS_019,,,
,,2024-10-07T15:00:00Z,0,0,4,0,0,4,0,0,0,0,796.7060422228112,,,,,870.3721802777857,,PS_019,,,
,,2024-10-07T15:15:00Z,0,0,3,0,0,3,0,0,0,0,717.3896645288372,,,,,785.7058150216652,,PS_019,,,
,,2024-10-07T15:30:00Z,0,0,4,0,0,4,0,0,0,0,758.4151421395356,,,,,826.8961598132591,,PS_019,,,
,,2024-10-07T15:45:00Z,0,0,4,0,0,4,0,0,0,0,891.8559499994932,,,,,969.3069741911686,,PS_019,,,
,,2024-10-07T16:00:00Z,0,0,3,0,0,3,0,0,0,0,840.2436349782912,,,,,914.509970796495,,PS_019,,,
,,2024-10-07T16:15:00Z,0,0,4,0,0,4,0,0,0,0,827.287867124485,,,,,899.6297518633188,,PS_019,,,
,,2024-10-07T16:30:00Z,0,0,4,0,0,4,0,0,0,0,799.9176799407755,,,,,870.0312021648701,,PS_019,,,
,,2024-10-07T16:45:00Z,0,0,4,0,0,4,0,0,0,0,766.9600474795933,,,,,834.8409874640846,,PS_019,,,
,,2024-10-07T17:00:00Z,0,0,3,0,0,3,0,0,0,0,730.8610296947124,,,,,794.716043157509,,PS_019,,,
,,2024-10-07T17:15:00Z,0,0,4,0,0,4,0,0,0,0,692.6993235202493,,,,,754.1101835710936,,PS_019,,,
,,2024-10-07T17:30:00Z,0,0,4,0,0,4,0,0,0,0,658.0023266142875,,,,,716.4377000432727,,PS_019,,,
,,2024-10-07T17:45:00Z,0,0,3,0,0,3,0,0,0,0,612.9329035023849,,,,,668.2204248382563,,PS_019,,,
,,2024-10-07T18:00:00Z,0,0,4,0,0,4,0,0,0,0,568.6221464228863,,,,,619.7676167839105,,PS_019,,,
,,2024-10-07T18:15:00Z,0,0,4,0,0,4,0,0,0,0,522.0376957035704,,,,,570.3314383802608,,PS_019,,,
,,2024-10-07T18:30:00Z,0,0,4,0,0,4,0,0,0,0,469.83373912761056,,,,,513.1766317397165,,PS_019,,,
,,2024-10-07T18:45:00Z,0,0,3,0,0,3,0,0,0,0,413.6874740447329,,,,,452.77328207718756,,PS_019,,,
,,2024-10-07T19:00:00Z,0,0,4,0,0,4,0,0,0,0,357.4989628141816,,,,,391.52954692433343,,PS_019,,,
,,2024-10-07T19:15:00Z,0,0,4,0,0,4,0,0,0,0,295.57896228005853,,,,,324.300709173266,,PS_019,,,
,,2024-10-07T19:30:00Z,0,0,3,0,0,3,0,0,0,0,239.19908723082008,,,,,263.1268600170635,,PS_019,,,
,,2024-10-07T19:45:00Z,0,0,4,0,0,4,0,0,0,0,187.19950205385013,,,,,206.34736789801744,,PS_019,,,
,,2024-10-07T20:00:00Z,0,0,4,0,0,4,0,0,0,0,126.39487834231689,,,,,140.26845969006595,,PS_019,,,
,,2024-10-07T20:15:00Z,0,0,4,0,0,4,0,0,0,0,52.47240214164921,,,,,57.63686170624039,,PS_019,,,
,,2024-10-07T20:30:00Z,0,0,3,0,0,3,0,0,0,0,23.686543784975022,,,,,28.778884917472286,,PS_019,,,
,,2024-10-07T20:45:00Z,0,0,4,0,0,4,0,0,0,0,17.717101194976976,,,,,21.9852841861005,,PS_019,,,
,,2024-10-07T21:00:00Z,0,0,4,0,0,4,0,0,0,0,7.049881181545719,,,,,10.638204493105043,,PS_019,,,
,,2024-10-07T21:15:00Z,0,0,3,0,0,3,0,0,0,0,0.1011002316617422,,,,,2.283439461430423,,PS_019,,,
,,2024-10-07T21:30:00Z,0,0,4,0,0,4,0,0,0,0,0.024548341691568963,,,,,0.8409139167724259,,PS_019,,,
,,2024-10-07T21:45:00Z,0,0,4,0,0,4,0,0,0,0,0.0,,,,,0.8000000119209288,,PS_019,,,
,,2024-10-07T22:00:00Z,0,0,4,0,0,4,0,0,0,0,0.0,,,,,0.8000000119209291,,PS_019,,,
,,2024-10-07T22:15:00Z,0,0,3,0,0,3,0,0,0,0,0.0,,,,,0.800000011920929,,PS_019,,,
,,2024-10-07T22:30:00Z,0,0,4,0,0,4,0,0,0,0,0.0,,,,,0.800000011920929,,PS_019,,,
,,2024-10-07T22:45:00Z,0,0,4,0,0,4,0,0,0,0,0.0,,,,,0.8000000119209291,,PS_019,,,
,,2024-10-07T23:00:00Z,0,0,4,0,0,4,0,0,0,0,0.0,,,,,0.8000000119209288,,PS_019,,,
,,2024-10-07T23:15:00Z,0,0,3,0,0,3,0,0,0,0,0.0,,,,,0.8000000119209288,,PS_019,,,
,,2024-10-07T23:30:00Z,0,0,4,0,0,4,0,0,0,0,0.0,,,,,0.800000011920929,,PS_019,,,
,,2024-10-07T23:45:00Z,0,0,4,0,0,4,0,0,0,0,0.0,,,,,0.8000000119209288,,PS_019,,,
