ambient_temperature_celsius,battery_voltage,datetime,document_count_ambient_temperature_celsius,document_count_battery_voltage,document_count_ghi_irradiance_wm2,document_count_gri_irradiance_wm2,document_count_panel_temperature_celsius,document_count_poa_irradiance_wm2,document_count_precipitation_accumulated_mm,document_count_tracker_albedo_index,document_count_wind_direction_degrees,document_count_wind_speed_ms,ghi_irradiance_wm2,gri_irradiance_wm2,interpolated_keys_ambient_temperature_celsius,interpolated_keys_battery_voltage,interpolated_keys_ghi_irradiance_wm2,interpolated_keys_gri_irradiance_wm2,interpolated_keys_panel_temperature_celsius,interpolated_keys_poa_irradiance_wm2,interpolated_keys_wind_speed_ms,panel_temperature_celsius,poa_irradiance_wm2,precipitation_accumulated_mm,ps_id,tracker_albedo_index,wind_direction_degrees,wind_speed_ms
,,2025-03-10T00:00:00Z,0,0,0,0,0,0,0,0,0,0,,,,,,,,,,,,,PS_051,,,
,,2025-03-10T00:15:00Z,0,0,0,0,0,0,0,0,0,0,,,,,,,,,,,,,PS_051,,,
,,2025-03-10T00:30:00Z,0,0,0,0,0,0,0,0,0,0,,,,,,,,,,,,,PS_051,,,
,,2025-03-10T00:45:00Z,0,0,0,0,0,0,0,0,0,0,,,,,,,,,,,,,PS_051,,,
,,2025-03-10T01:00:00Z,0,0,0,0,0,0,0,0,0,0,,,,,,,,,,,,,PS_051,,,
,,2025-03-10T01:15:00Z,0,0,0,0,0,0,0,0,0,0,,,,,,,,,,,,,PS_051,,,
,,2025-03-10T01:30:00Z,0,0,0,0,0,0,0,0,0,0,,,,,,,,,,,,,PS_051,,,
,,2025-03-10T01:45:00Z,0,0,0,0,0,0,0,0,0,0,,,,,,,,,,,,,PS_051,,,
,,2025-03-10T02:00:00Z,0,0,0,0,0,0,0,0,0,0,,,,,,,,,,,,,PS_051,,,
,,2025-03-10T02:15:00Z,0,0,0,0,0,0,0,0,0,0,,,,,,,,,,,,,PS_051,,,
,,2025-03-10T02:30:00Z,0,0,0,0,0,0,0,0,0,0,,,,,,,,,,,,,PS_051,,,
,,2025-03-10T02:45:00Z,0,0,0,0,0,0,0,0,0,0,,,,,,,,,,,,,PS_051,,,
,,2025-03-10T03:00:00Z,0,0,0,0,0,0,0,0,0,0,,,,,,,,,,,,,PS_051,,,
,,2025-03-10T03:15:00Z,0,0,0,0,0,0,0,0,0,0,,,,,,,,,,,,,PS_051,,,
,,2025-03-10T03:30:00Z,0,0,0,0,0,0,0,0,0,0,,,,,,,,,,,,,PS_051,,,
,,2025-03-10T03:45:00Z,0,0,0,0,0,0,0,0,0,0,,,,,,,,,,,,,PS_051,,,
,,2025-03-10T04:00:00Z,0,0,0,0,0,0,0,0,0,0,,,,,,,,,,,,,PS_051,,,
,,2025-03-10T04:15:00Z,0,0,0,0,0,0,0,0,0,0,,,,,,,,,,,,,PS_051,,,
,,2025-03-10T04:30:00Z,0,0,0,0,0,0,0,0,0,0,,,,,,,,,,,,,PS_051,,,
,,2025-03-10T04:45:00Z,0,0,0,0,0,0,0,0,0,0,,,,,,,,,,,,,PS_051,,,
,,2025-03-10T05:00:00Z,0,0,0,0,0,0,0,0,0,0,,,,,,,,,,,,,PS_051,,,
,,2025-03-10T05:15:00Z,0,0,0,0,0,0,0,0,0,0,,,,,,,,,,,,,PS_051,,,
,,2025-03-10T05:30:00Z,0,0,0,0,0,0,0,0,0,0,,,,,,,,,,,,,PS_051,,,
,,2025-03-10T05:45:00Z,0,0,0,0,0,0,0,0,0,0,,,,,,,,,,,,,PS_051,,,
,,2025-03-10T06:00:00Z,0,0,0,0,0,0,0,0,0,0,,,,,,,,,,,,,PS_051,,,
,,2025-03-10T06:15:00Z,0,0,0,0,0,0,0,0,0,0,,,,,,,,,,,,,PS_051,,,
,,2025-03-10T06:30:00Z,0,0,0,0,0,0,0,0,0,0,,,,,,,,,,,,,PS_051,,,
,,2025-03-10T06:45:00Z,0,0,0,0,0,0,0,0,0,0,,,,,,,,,,,,,PS_051,,,
,,2025-03-10T07:00:00Z,0,0,0,0,0,0,0,0,0,0,,,,,,,,,,,,,PS_051,,,
,,2025-03-10T07:15:00Z,0,0,0,0,0,0,0,0,0,0,,,,,,,,,,,,,PS_051,,,
,,2025-03-10T07:30:00Z,0,0,0,0,0,0,0,0,0,0,,,,,,,,,,,,,PS_051,,,
,,2025-03-10T07:45:00Z,0,0,0,0,0,0,0,0,0,0,,,,,,,,,,,,,PS_051,,,
,,2025-03-10T08:00:00Z,0,0,0,0,0,0,0,0,0,0,,,,,,,,,,,,,PS_051,,,
,,2025-03-10T08:15:00Z,0,0,0,0,0,0,0,0,0,0,,,,,,,,,,,,,PS_051,,,
,,2025-03-10T08:30:00Z,0,0,0,0,0,0,0,0,0,0,,,,,,,,,,,,,PS_051,,,
,,2025-03-10T08:45:00Z,0,0,0,0,0,0,0,0,0,0,,,,,,,,,,,,,PS_051,,,
,,2025-03-10T09:00:00Z,0,0,0,0,0,0,0,0,0,0,,,,,,,,,,,,,PS_051,,,
,,2025-03-10T09:15:00Z,0,0,0,0,0,0,0,0,0,0,,,,,,,,,,,,,PS_051,,,
,,2025-03-10T09:30:00Z,0,0,0,0,0,0,0,0,0,0,,,,,,,,,,,,,PS_051,,,
,,2025-03-10T09:45:00Z,0,0,0,0,0,0,0,0,0,0,,,,,,,,,,,,,PS_051,,,
,,2025-03-10T10:00:00Z,0,0,0,0,0,0,0,0,0,0,,,,,,,,,,,,,PS_051,,,
,,2025-03-10T10:15:00Z,0,0,0,0,0,0,0,0,0,0,,,,,,,,,,,,,PS_051,,,
,,2025-03-10T10:30:00Z,0,0,0,0,0,0,0,0,0,0,,,,,,,,,,,,,PS_051,,,
,,2025-03-10T10:45:00Z,0,0,0,0,0,0,0,0,0,0,,,,,,,,,,,,,PS_051,,,
,,2025-03-10T11:00:00Z,0,0,0,0,0,0,0,0,0,0,,,,,,,,,,,,,PS_051,,,
,,2025-03-10T11:15:00Z,0,0,0,0,0,0,0,0,0,0,,,,,,,,,,,,,PS_051,,,
,,2025-03-10T11:30:00Z,0,0,0,0,0,0,0,0,0,0,,,,,,,,,,,,,PS_051,,,
,,2025-03-10T11:45:00Z,0,0,0,0,0,0,0,0,0,0,,,,,,,,,,,,,PS_051,,,
,,2025-03-10T12:00:00Z,0,0,0,0,0,0,0,0,0,0,,,,,,,,,,,,,PS_051,,,
,,2025-03-10T12:15:00Z,0,0,0,0,0,0,0,0,0,0,,,,,,,,,,,,,PS_051,,,
,,2025-03-10T12:30:00Z,0,0,0,0,0,0,0,0,0,0,,,,,,,,,,,,,PS_051,,,
,,2025-03-10T12:45:00Z,0,0,0,0,0,0,0,0,0,0,,,,,,,,,,,,,PS_051,,,
,,2025-03-10T13:00:00Z,0,0,0,0,0,0,0,0,0,0,,,,,,,,,,,,,PS_051,,,
,,2025-03-10T13:15:00Z,0,0,0,0,0,0,0,0,0,0,,,,,,,,,,,,,PS_051,,,
,,2025-03-10T13:30:00Z,0,0,0,0,0,0,0,0,0,0,,,,,,,,,,,,,PS_051,,,
33.078611949448,5.793866450239337,2025-03-10T13:45:00Z,3,3,3,3,3,3,0,0,0,3,1031.5844101021862,153.8715558774895,,,,,,,,50.36760053132576,1102.702801019616,,PS_051,,,1.037951025897834
33.20431801666345,10.880044252472167,2025-03-10T14:00:00Z,4,4,4,4,4,4,1,0,0,4,1053.3562866450081,157.69041972252293,,,,,,,,49.16422058483987,1115.544869309782,0.0,PS_051,,,2.112906288636528
33.37431686245628,12.944437493948993,2025-03-10T14:15:00Z,4,4,4,4,4,4,1,0,0,4,1057.3100411698651,157.59942750408877,,,,,,,,47.82641335209696,1109.485642363349,0.0,PS_051,,,2.33548542784212
33.61948038784886,20.090092011821728,2025-03-10T14:30:00Z,3,3,3,3,3,3,1,0,0,3,1059.5296218182377,157.68399293428305,,,,,,,,46.368427558046506,1104.1706870275352,0.0,PS_051,,,2.1593513918159144
34.60183506182531,15.975919029956602,2025-03-10T14:45:00Z,4,4,4,4,4,4,1,0,0,4,1066.5765105367775,157.8502629097005,,,,,,,,48.16626069418972,1103.046930091978,0.0,PS_051,,,3.271396413410806
34.763189521891796,6.034235902137436,2025-03-10T15:00:00Z,4,4,4,4,4,4,1,0,0,4,1082.7258433162456,161.43728710592558,,,,,,,,50.69848297246009,1107.2988901349697,0.0,PS_051,,,2.674115131259833
35.053707373485025,20.154584692285333,2025-03-10T15:15:00Z,3,3,3,3,3,3,1,0,0,3,986.6034932091615,148.86845578190523,,,,,,,,48.54053136021598,1015.7028955810775,0.0,PS_051,,,3.8250565711841045
35.37417387117715,14.755893986649951,2025-03-10T15:30:00Z,4,4,4,4,4,4,1,0,0,4,1109.2037999181484,166.42208094175726,,,,,,,,48.598647697855306,1160.482014317853,0.0,PS_051,,,3.339838508587897
34.99513652266593,7.642962731516147,2025-03-10T15:45:00Z,4,4,4,4,4,4,1,0,0,4,631.8534208130854,97.98577532869443,,,,,,,,45.62992357456302,661.5629839630558,0.0,PS_051,,,2.2849752065358886
35.010670260569626,5.79029231997179,2025-03-10T16:00:00Z,3,3,3,3,3,3,1,0,0,3,741.9799091968599,122.33913074707105,,,,,,,,47.31648802047991,809.5727855385406,0.0,PS_051,,,3.014465812013438
34.99092598643104,6.005902679324087,2025-03-10T16:15:00Z,4,4,4,4,4,4,1,0,0,4,501.60272235887595,89.55397749224099,,,,,,,,43.38927469494976,545.2764388037789,0.0,PS_051,,,2.1390575225947837
35.588145323956546,15.815614715489028,2025-03-10T16:30:00Z,3,3,3,3,3,3,1,0,0,3,552.9473553366199,100.75674497452869,,,,,,,,46.37517274458587,595.8799284329768,0.0,PS_051,,,3.142060128159923
37.23780024969722,18.281744885241537,2025-03-10T16:45:00Z,4,4,4,4,4,4,1,0,0,4,1139.674980946679,192.62236189066564,,,,,,,,51.59391200412044,1305.340255827597,0.0,PS_051,,,2.556636961141344
38.38898412130026,5.750345907271036,2025-03-10T17:00:00Z,4,4,4,4,4,4,1,0,0,4,985.2806639552792,167.17702175087703,,,,,,,,59.049852625453376,1148.4519898038131,0.0,PS_051,,,1.3339170384771801
37.81666050413277,8.284741421079538,2025-03-10T17:15:00Z,3,3,3,3,3,3,1,0,0,3,902.3328232142736,157.94626382318307,,,,,,,,57.57556984256546,1087.1395268780352,0.0,PS_051,,,3.2978102936225397
37.596458647848095,10.439608775784158,2025-03-10T17:30:00Z,4,4,4,4,4,4,1,0,0,4,996.1940571265845,174.36894477824774,,,,,,,,52.80913455374875,1247.1737230167148,0.0,PS_051,,,2.9660173366430764
35.61793052433523,8.413474737420792,2025-03-10T17:45:00Z,4,4,4,4,4,4,1,0,0,4,438.83471794448053,87.95585185221633,,,,,,,,44.477162139589524,544.428215314113,0.0,PS_051,,,3.8386612858295037
35.31342949000253,8.398722121300969,2025-03-10T18:00:00Z,3,3,3,3,3,3,1,0,0,3,738.8455901012107,146.36133054928405,,,,,,,,39.47562679680243,1025.27888594365,0.0,PS_051,,,2.328521525958044
35.92517106274086,11.224197306798713,2025-03-10T18:15:00Z,4,4,4,4,4,4,1,0,0,4,313.2433008293311,78.86709081956603,,,,,,,,43.7733969453196,413.86837962254543,0.0,PS_051,,,1.6471820148336942
35.05246320447025,5.717088948789422,2025-03-10T18:30:00Z,4,4,4,4,4,4,1,0,0,4,198.35993510966358,57.40001280244069,,,,,,,,37.47638789449221,198.33298825140002,0.0,PS_051,,,3.1987530405583398
35.13491607954991,8.588592139536281,2025-03-10T18:45:00Z,3,3,3,3,3,3,1,0,0,3,221.45209770012568,64.4478389162976,,,,,,,,36.7474830287725,177.73236172039347,0.0,PS_051,,,1.791741005198504
35.05772804505945,11.909766458686443,2025-03-10T19:00:00Z,4,4,4,4,4,4,1,0,0,4,206.88506107197193,62.871988210069674,,,,,,,,35.78323991474518,171.3481238695582,0.0,PS_051,,,1.7323374057899836
35.08804206119834,16.18797858075822,2025-03-10T19:15:00Z,4,4,4,4,4,4,1,0,0,4,189.067225005019,58.144520495557096,,,,,,,,35.794936804810526,164.68468160387468,0.0,PS_051,,,3.438986149777535
34.740007744584396,9.087111420742554,2025-03-10T19:30:00Z,3,3,3,3,3,3,1,0,0,3,153.79903870058206,39.194305749190654,,,,,,,,34.66921484976279,149.84451742423636,0.0,PS_051,,,3.5828300720148802
34.59345962111031,5.623293920269129,2025-03-10T19:45:00Z,4,4,4,4,4,4,1,0,0,4,125.16928238947104,27.76340228734875,,,,,,,,34.05071325099964,124.79036009079049,0.0,PS_051,,,3.249186920950875
34.12332621099412,7.1439703764628915,2025-03-10T20:00:00Z,3,3,3,3,3,3,1,0,0,3,101.15602557497009,21.50704802417535,,,,,,,,33.0488740859527,100.45372874027473,0.0,PS_051,,,3.3930233506605227
33.93094050816112,6.901331192059128,2025-03-10T20:15:00Z,4,4,4,4,4,4,1,0,0,4,67.95716798296614,14.234016091337356,,,,,,,,32.47789451925434,70.59642588302314,0.0,PS_051,,,3.5737764729892176
33.55466699550158,8.096438257482758,2025-03-10T20:30:00Z,4,4,4,4,4,4,1,0,0,4,50.3822787698579,10.372238610242078,,,,,,,,31.75183597913699,53.74267374990785,0.0,PS_051,,,4.2830865851009206
33.24908734555733,15.420426253482495,2025-03-10T20:45:00Z,3,3,3,3,3,3,1,0,0,3,38.539306117465074,10.441939254645252,,,,,,,,31.148839447926694,51.236577505409535,0.0,PS_051,,,3.497751963539194
32.74704053028129,9.550531707021719,2025-03-10T21:00:00Z,4,4,4,4,4,4,1,0,0,4,8.51967385617635,2.163693738917437,,,,,,,,30.372981943068208,8.827825801724927,0.0,PS_051,,,3.295318402362213
32.26071348811669,5.9676020157480085,2025-03-10T21:15:00Z,4,4,4,4,4,4,1,0,0,4,0.04067392352049753,0.5496876137269504,,,,,,,,29.46727525573357,1.15771410459577,0.0,PS_051,,,4.03563787346471
31.68413873035835,1.2989106043629777,2025-03-10T21:30:00Z,3,3,3,3,3,3,1,0,0,3,-1.5068972221775565,0.09660200053016059,,,,,,,,28.69442755360927,-1.9700565626356354,0.0,PS_051,,,2.1031831151717726
30.893363421191346,1.1955000162124634,2025-03-10T21:45:00Z,4,4,4,4,4,4,1,0,0,4,-1.813228401350511,-0.16892317520351924,,,,,,,,27.31955601330769,-2.3698042950337843,0.0,PS_051,,,1.2353340776792165
30.553356901736517,1.1955000162124634,2025-03-10T22:00:00Z,3,3,3,3,3,3,1,0,0,3,-1.8410781230238336,-0.06880872354584404,,,,,,,,26.969429029124438,-2.0345370262030564,0.0,PS_051,,,2.0120810129814832
30.41908833379522,1.1955000162124634,2025-03-10T22:15:00Z,4,4,4,4,4,4,1,0,0,4,-2.0072753287164757,-0.05400109295951365,,,,,,,,27.105362262733248,-2.080320590902187,0.0,PS_051,,,2.1388124082146023
30.174093465532334,1.1955000162124634,2025-03-10T22:30:00Z,4,4,4,4,4,4,1,0,0,4,-1.8644547454705604,-0.04348144716868697,,,,,,,,26.831918766976962,-2.0811907736222253,0.0,PS_051,,,1.4104162946493746
29.9584093183468,1.1955000162124632,2025-03-10T22:45:00Z,3,3,3,3,3,3,1,0,0,3,-1.8326542258414484,-0.27259963779539276,,,,,,,,26.61020899451894,-1.8952181450376433,0.0,PS_051,,,0.6511630103396492
30.004684813936695,1.1955000162124634,2025-03-10T23:00:00Z,4,4,4,4,4,4,1,0,0,4,-2.025254169742302,-0.0891640289611849,,,,,,,,26.500012118454244,-2.076084904933354,0.0,PS_051,,,1.998097748327997
30.132462844769982,1.1955000162124632,2025-03-10T23:15:00Z,3,3,3,3,3,3,1,0,0,3,-1.9964967472422848,-0.2054639281470813,,,,,,,,26.83862229908256,-1.9683761727628757,0.0,PS_051,,,2.6212462959698173
30.107803606674317,1.1955000162124634,2025-03-10T23:30:00Z,4,4,4,4,4,4,1,0,0,4,-1.8828479376772076,-0.2794445255303274,,,,,,,,26.748127787308203,-2.088156690588649,0.0,PS_051,,,2.5925998613989045
29.87862147725119,1.1955000162124634,2025-03-10T23:45:00Z,4,4,4,4,4,4,1,0,0,4,-1.7557295418077827,-0.20072959946243532,,,,,,,,26.722527810688085,-1.9302630987908456,0.0,PS_051,,,3.1283965269567857
29.694921443193987,1.1955000162124634,2025-03-11T00:00:00Z,3,3,3,3,3,3,1,0,0,3,-1.7447092762340608,-0.25612453288720793,,,,,,,,26.554384308523407,-1.803241526388607,0.0,PS_051,,,3.1645077113187297
29.724973142642682,1.1955000162124636,2025-03-11T00:15:00Z,4,4,4,4,4,4,1,0,0,4,-1.8253873069274864,-0.21423550816791612,,,,,,,,26.66360566586824,-1.9732076580389442,0.0,PS_051,,,3.5692227447036564
29.73167879990837,1.1955000162124634,2025-03-11T00:30:00Z,4,4,4,4,4,4,1,0,0,4,-1.8251775939101522,-0.04806512137722941,,,,,,,,26.547718840718503,-1.8938045096507667,0.0,PS_051,,,2.498432835915191
29.708367076027926,1.1955000162124636,2025-03-11T00:45:00Z,3,3,3,3,3,3,1,0,0,3,-1.7646641994914096,-0.10982347651655534,,,,,,,,26.79999923706055,-1.7794666404819837,0.0,PS_051,,,4.251465215492926
29.57775715546944,1.1955000162124634,2025-03-11T01:00:00Z,4,4,4,4,4,4,1,0,0,4,-1.6715705376588226,-0.21465224707842784,,,,,,,,26.658865826002728,-1.7447735988302167,0.0,PS_051,,,4.034838820503228
29.513145103972846,1.1955000162124634,2025-03-11T01:15:00Z,4,4,4,4,4,4,1,0,0,4,-1.614979729217254,-0.09375542122895016,,,,,,,,26.799999237060547,-1.709103673825841,0.0,PS_051,,,3.985506909696558
29.34642975899463,1.1955000162124634,2025-03-11T01:30:00Z,3,3,3,3,3,3,1,0,0,3,-1.5933596096828175,-0.024241666671985435,,,,,,,,26.5,-1.693511394147522,0.0,PS_051,,,3.2052419456363332
29.0007977390896,1.1955000162124636,2025-03-11T01:45:00Z,4,4,4,4,4,4,1,0,0,4,-1.5916718281230777,0.01493194972693722,,,,,,,,26.046819337179926,-1.629589297289277,0.0,PS_051,,,4.20278082645736
28.84799575854893,1.1955000162124634,2025-03-11T02:00:00Z,4,4,4,4,4,4,1,0,0,4,-1.565511489667096,-0.21067768949228594,,,,,,,,25.899999618530277,-1.995048216707363,0.0,PS_051,,,3.0443446930054834
28.60144285331432,1.1955000162124634,2025-03-11T02:15:00Z,3,3,3,3,3,3,1,0,0,3,-1.5540567458291807,-0.07957805585694396,,,,,,,,25.647551722916365,-1.764539710977587,0.0,PS_051,,,2.53507959125652
28.314732521956152,1.1955000162124634,2025-03-11T02:30:00Z,4,4,4,4,4,4,1,0,0,4,-1.4385515879141193,-0.11109381623015423,,,,,,,,25.399999618530273,-1.6075492434071463,0.0,PS_051,,,3.2691167937817984
27.981390058666435,1.1955000162124634,2025-03-11T02:45:00Z,3,3,3,3,3,3,1,0,0,3,-1.3837891282270391,0.027677938343705823,,,,,,,,25.058617797459984,-1.4837614308842122,0.0,PS_051,,,3.0238241957062586
27.808392206686314,1.1955000162124632,2025-03-11T03:00:00Z,4,4,4,4,4,4,1,0,0,4,-1.477453399387307,-0.10474493711138796,,,,,,,,24.931721066215868,-1.5882262120174904,0.0,PS_051,,,4.993604623218046
27.82821938392329,1.1955000162124634,2025-03-11T03:15:00Z,4,4,4,4,4,4,1,0,0,4,-1.5770794663360423,-0.2571997281468226,,,,,,,,25.040523929441658,-1.9738212542967382,0.0,PS_051,,,4.516046321055258
27.652794087590973,1.1955000162124634,2025-03-11T03:30:00Z,3,3,3,3,3,3,1,0,0,3,-1.4977367515097186,-0.07774127139104553,,,,,,,,24.797751775518858,-1.465291970771097,0.0,PS_051,,,2.9637874246238773
27.685193721548448,1.1955000162124636,2025-03-11T03:45:00Z,4,4,4,4,4,4,1,0,0,4,-1.6408620745839257,-0.12570342779440588,,,,,,,,24.815238083099402,-1.630671596814379,0.0,PS_051,,,2.941887056536037
27.766809517607026,1.1955000162124632,2025-03-11T04:00:00Z,4,4,4,4,4,4,1,0,0,4,-1.6033194393342451,-0.1898487268206069,,,,,,,,24.77665838676914,-1.7645544172473429,0.0,PS_051,,,1.6435578334981351
27.75884386662747,1.1955000162124634,2025-03-11T04:15:00Z,3,3,3,3,3,3,1,0,0,3,-1.5751552821652008,-0.3163304310131271,,,,,,,,24.810381024319653,-1.7937592403202955,0.0,PS_051,,,1.7854131068448373
27.17482626528607,1.1955000162124632,2025-03-11T04:30:00Z,4,4,4,4,4,4,1,0,0,4,-1.4042756751051086,-0.03936534422866165,,,,,,,,24.299999237060547,-1.537071551761282,0.0,PS_051,,,2.781756623275253
27.028457562962952,1.1955000162124632,2025-03-11T04:45:00Z,4,4,4,4,4,4,1,0,0,4,-1.4433238995122712,-0.1626036418113079,,,,,,,,24.341837158058716,-1.6208932271651586,0.0,PS_051,,,3.0258174663706274
26.84892269753138,1.1955000162124634,2025-03-11T05:00:00Z,3,3,3,3,3,3,1,0,0,3,-1.455673139236845,-0.3473111381016718,,,,,,,,24.0,-1.3994066024241854,0.0,PS_051,,,3.4460479791446197
26.766031395509867,1.1955000162124634,2025-03-11T05:15:00Z,4,4,4,4,4,4,1,0,0,4,-1.5143737025582042,-0.15573209854236636,,,,,,,,24.0,-1.2808606110802707,0.0,PS_051,,,3.319673094955682
26.735403598785147,1.1955000162124632,2025-03-11T05:30:00Z,4,4,4,4,4,4,1,0,0,4,-1.548911142915062,0.00515799540740294,,,,,,,,23.976031559884852,-1.9057887690003366,0.0,PS_051,,,2.6655793313355174
26.550349038167944,1.1955000162124634,2025-03-11T05:45:00Z,3,3,3,3,3,3,1,0,0,3,-1.54212415205805,0.22572857245231884,,,,,,,,23.558090420289226,-1.6101872036948854,0.0,PS_051,,,1.7637903897387721
26.31782490851214,1.1955000162124634,2025-03-11T06:00:00Z,4,4,4,4,4,4,1,0,0,4,-1.565575732042498,-0.008406713395438336,,,,,,,,23.072833046686206,-1.8601810583979845,0.0,PS_051,,,1.2151522074253207
26.278851249451698,1.1955000162124634,2025-03-11T06:15:00Z,4,4,4,4,4,4,1,0,0,4,-1.5689931282371345,-0.012018343122536121,,,,,,,,23.295261122653407,-1.8365562039755916,0.0,PS_051,,,3.89801854625685
26.20744524282069,1.1955000162124634,2025-03-11T06:30:00Z,3,3,3,3,3,3,1,0,0,3,-1.6412751522658926,-0.28762045474632947,,,,,,,,23.37753037442384,-1.5856666849664145,0.0,PS_051,,,3.529962811171841
26.178301467395478,1.1955000162124634,2025-03-11T06:45:00Z,4,4,4,4,4,4,1,0,0,4,-1.5454782221537868,-0.07370007445735516,,,,,,,,23.5,-1.577548160462054,0.0,PS_051,,,3.400224848697527
26.006612535822338,1.1955000162124634,2025-03-11T07:00:00Z,3,3,3,3,3,3,1,0,0,3,-1.4290529832110785,0.012245068000561087,,,,,,,,23.44278949540298,-1.7366642168414315,0.0,PS_051,,,3.9205292041859634
25.82791682004407,1.1955000162124632,2025-03-11T07:15:00Z,4,4,4,4,4,4,1,0,0,4,-1.4032644308791042,0.028952529596229168,,,,,,,,23.1681153832688,-1.4801274778265225,0.0,PS_051,,,2.072890787035031
25.590139041501804,1.1955000162124636,2025-03-11T07:30:00Z,4,4,4,4,4,4,1,0,0,4,-1.429979651625943,-0.09899180678058589,,,,,,,,22.570619732599752,-1.993470446546297,0.0,PS_051,,,1.5031919368643152
25.033430180918458,1.1955000162124634,2025-03-11T07:45:00Z,3,3,3,3,3,3,1,0,0,3,-1.5374695735018609,0.020737360765298845,,,,,,,,22.14339997415436,-1.7449412345544988,0.0,PS_051,,,1.4708379686004256
24.838631771282156,1.1955000162124634,2025-03-11T08:00:00Z,4,4,4,4,4,4,1,0,0,4,-1.6060610093013257,-0.12221815859888949,,,,,,,,21.552514143964647,-1.649334266061792,0.0,PS_051,,,0.6253400525689696
24.47907359808462,1.200973990403561,2025-03-11T08:15:00Z,4,4,4,4,4,4,1,0,0,4,-1.6179035988054686,-0.09921510330140881,,,,,,,,20.989716810198917,-1.711792348037518,0.0,PS_051,,,0.8363357040640516
23.987686577911965,2.040532855338339,2025-03-11T08:30:00Z,3,3,3,3,3,3,1,0,0,3,-1.3233882865163948,-0.12869003421198968,,,,,,,,21.000859139768988,-1.402344006761694,0.0,PS_051,,,1.401952276538731
23.77310028716477,6.750121191186458,2025-03-11T08:45:00Z,4,4,4,4,4,4,1,0,0,4,1.4019541307851484,1.0731673686044427,,,,,,,,21.05478092598257,0.5415780568382543,0.0,PS_051,,,1.5003725141021487
23.644680844612907,11.410511345585602,2025-03-11T09:00:00Z,3,3,3,3,3,3,1,0,0,3,12.945297244193132,2.7071507328926505,,,,,,,,20.5,11.401043682429423,0.0,PS_051,,,0.34593590659192464
24.102018315697986,13.151145504179278,2025-03-11T09:15:00Z,4,4,4,4,4,4,1,0,0,4,49.07394364252363,10.531849523211704,,,,,,,,21.320588948486854,57.19016867897237,0.0,PS_051,,,0.8706503982608936
24.870744810433912,8.765930746985541,2025-03-11T09:30:00Z,4,4,4,4,4,4,1,0,0,4,98.62718812947364,19.908940329344606,,,,,,,,23.714277628542792,180.16419350248012,0.0,PS_051,,,1.0693037257919533
25.977241496081398,12.907206023104706,2025-03-11T09:45:00Z,3,3,3,3,3,3,1,0,0,3,155.662218011207,28.31081872735518,,,,,,,,26.899705876385546,318.64602866959586,0.0,PS_051,,,1.1057396375099533
26.73572255290791,15.140327630301895,2025-03-11T10:00:00Z,4,4,4,4,4,4,1,0,0,4,207.01028148540743,42.13515012100347,,,,,,,,31.38887890565315,457.7544386266051,0.0,PS_051,,,1.418668811432397
27.424134598784583,13.501344662623856,2025-03-11T10:15:00Z,4,4,4,4,4,4,1,0,0,4,291.3611472522612,65.87217773707324,,,,,,,,36.583353831570705,620.2189934414524,0.0,PS_051,,,2.5835422592969555
27.969771441228314,7.978952894208519,2025-03-11T10:30:00Z,3,3,3,3,3,3,1,0,0,3,347.5545881723106,81.60309180417858,,,,,,,,38.84772434583532,782.5159438728153,0.0,PS_051,,,3.165710803547499
28.553627877570587,12.21028309699855,2025-03-11T10:45:00Z,4,4,4,4,4,4,1,0,0,4,404.1642550774492,90.20477432142796,,,,,,,,44.27208837320948,887.3776450694035,0.0,PS_051,,,2.351115232657709
28.920514479405302,8.730140477153615,2025-03-11T11:00:00Z,3,3,3,3,3,3,1,0,0,3,458.4929120236938,96.05319503737519,,,,,,,,44.68221912233728,919.0610744764787,0.0,PS_051,,,2.677430573453943
29.312068497947973,17.691718218660693,2025-03-11T11:15:00Z,4,4,4,4,4,4,1,0,0,4,520.9383803766636,104.2979497171076,,,,,,,,45.90603099526982,954.2289740796675,0.0,PS_051,,,3.121613457918779
29.78649103656245,15.467184779460963,2025-03-11T11:30:00Z,4,4,4,4,4,4,1,0,0,4,581.6654952541201,110.91732115009539,,,,,,,,47.50951980079266,976.2178484069545,0.0,PS_051,,,2.6388564553211937
30.43544707515245,6.766540976807108,2025-03-11T11:45:00Z,3,3,3,3,3,3,1,0,0,3,634.0974401011229,116.53338219990897,,,,,,,,49.7290190101476,1002.6193814255585,0.0,PS_051,,,1.0650444577552864
30.885556127489476,19.390699253303946,2025-03-11T12:00:00Z,4,4,4,4,4,4,1,0,0,4,671.0292103287637,120.59556421397207,,,,,,,,50.891811189011115,1001.0192836156857,0.0,PS_051,,,1.4823190474050127
31.08821921323499,7.812434623173245,2025-03-11T12:15:00Z,4,4,4,4,4,4,1,0,0,4,738.369620732856,128.05284348497233,,,,,,,,48.14048024816131,1030.6433974001986,0.0,PS_051,,,1.8420136311530872
31.164578976268572,19.253084020690814,2025-03-11T12:30:00Z,3,3,3,3,3,3,1,0,0,3,798.4736631769157,132.7100450255689,,,,,,,,46.075085810450965,1040.2669097029282,0.0,PS_051,,,2.6432314422646384
32.394973954960385,13.832133884689455,2025-03-11T12:45:00Z,4,4,4,4,4,4,1,0,0,4,872.8455899359291,139.00455765509207,,,,,,,,50.345115239078396,1078.9155327509325,0.0,PS_051,,,1.842952603620611
32.50472547649112,16.906531834273423,2025-03-11T13:00:00Z,3,3,3,3,3,3,1,0,0,3,931.079844468779,145.36813670287088,,,,,,,,48.00500515843314,1112.3181102089745,0.0,PS_051,,,2.59390132493259
33.156026805020275,14.022404310148296,2025-03-11T13:15:00Z,4,4,4,4,4,4,1,0,0,4,949.9417380667405,145.26532261192665,,,,,,,,49.49844669955079,1092.2752225777347,0.0,PS_051,,,0.9609571371685673
33.87701821592245,5.830192520633022,2025-03-11T13:30:00Z,4,4,4,4,4,4,1,0,0,4,968.5247353102656,147.29647431326836,,,,,,,,50.93366518576447,1074.0925575785575,0.0,PS_051,,,3.4172999582621615
33.44295888701932,17.929724425400686,2025-03-11T13:45:00Z,3,3,3,3,3,3,1,0,0,3,997.1228578618037,150.46456391944432,,,,,,,,45.57995684971838,1081.1843793249157,0.0,PS_051,,,4.061638400200307
33.88319287108158,7.674490907678828,2025-03-11T14:00:00Z,4,4,4,4,4,4,1,0,0,4,1018.8580139793462,152.28031283031513,,,,,,,,45.563332571894044,1083.2521323069893,0.0,PS_051,,,3.9066719577615916
34.50361026544265,12.51575509646627,2025-03-11T14:15:00Z,4,4,4,4,4,4,1,0,0,4,1051.5296904070883,156.51887157178246,,,,,,,,47.308711919333994,1102.844106897346,0.0,PS_051,,,2.7611049477093577
34.06930956542067,8.729404805339051,2025-03-11T14:30:00Z,3,3,3,3,3,3,1,0,0,3,889.9417036775351,130.37276103581007,,,,,,,,44.054451810386766,919.7998407937811,0.0,PS_051,,,2.9739273648122855
35.57981424329796,16.748271311181334,2025-03-11T14:45:00Z,4,4,4,4,4,4,1,0,0,4,903.5483997294707,133.43100791674624,,,,,,,,49.185630481497775,937.2003646113018,0.0,PS_051,,,2.5860533033008624
36.35263082047706,5.829525748137543,2025-03-11T15:00:00Z,3,3,3,3,3,3,1,0,0,3,1068.805802446181,159.47178125999156,,,,,,,,50.58259685224704,1099.4252697348763,0.0,PS_051,,,2.5263558952395413
36.51400412636371,18.885516143019217,2025-03-11T15:15:00Z,4,4,4,4,4,4,1,0,0,4,1071.0364782006557,159.58253376064093,,,,,,,,45.543432000842365,1103.152677634268,0.0,PS_051,,,3.662604013467391
36.18303027748328,11.855108409282295,2025-03-11T15:30:00Z,4,4,4,4,4,4,1,0,0,4,1063.743068698172,159.13560352259313,,,,,,,,48.91122481081811,1101.943860432711,0.0,PS_051,,,2.301100807010073
37.43970162467337,19.957354774150033,2025-03-11T15:45:00Z,3,3,3,3,3,3,1,0,0,3,1077.6318514591148,165.1340058989037,,,,,,,,53.70904000939282,1126.6302385937322,0.0,PS_051,,,2.7311483234695024
37.82290396199799,14.824525717797457,2025-03-11T16:00:00Z,4,4,4,4,4,4,1,0,0,4,1079.4246703143856,168.22523802800683,,,,,,,,51.58560680328479,1150.3507816342471,0.0,PS_051,,,3.3370429174599514
37.910461336141026,11.591682646871185,2025-03-11T16:15:00Z,3,3,3,3,3,3,1,0,0,3,1100.9076575274348,174.40000970092794,,,,,,,,51.7765498979108,1198.3414021576298,0.0,PS_051,,,3.9183540876822263
37.74960385358126,14.421938950646323,2025-03-11T16:30:00Z,4,4,4,4,4,4,1,0,0,4,1110.4546731064754,179.32772692754384,,,,,,,,51.74153192067331,1221.7635100556304,0.0,PS_051,,,4.232214391838483
37.65895659944219,11.050567745196636,2025-03-11T16:45:00Z,4,4,4,4,4,4,1,0,0,4,1037.4976155115942,171.64337743317463,,,,,,,,49.93864671799367,1165.9062856965134,0.0,PS_051,,,3.4006888427013413
36.45708246645745,8.192338694066722,2025-03-11T17:00:00Z,3,3,3,3,3,3,1,0,0,3,355.7600746741949,69.53233700434012,,,,,,,,41.03114952922952,377.25400924170634,0.0,PS_051,,,2.3435460721664887
38.00015364918406,14.38922188518808,2025-03-11T17:15:00Z,4,4,4,4,4,4,1,0,0,4,610.686702249994,110.46398726368565,,,,,,,,49.946678488520135,695.7653593910991,0.0,PS_051,,,2.479231611657045
36.26056757357233,18.140621983326227,2025-03-11T17:30:00Z,3,3,3,3,3,3,1,0,0,3,289.0345904818986,64.09379023323548,,,,,,,,41.596673269618705,308.9670340009432,0.0,PS_051,,,3.247404727148652
35.85256804268252,11.416403921874709,2025-03-11T17:45:00Z,4,4,4,4,4,4,1,0,0,4,256.96355565244556,61.26190637893577,,,,,,,,38.93180676440378,268.03730951103427,0.0,PS_051,,,3.430727697069903
35.72155576014611,10.31777923436886,2025-03-11T18:00:00Z,4,4,4,4,4,4,1,0,0,4,282.47223103105375,70.99727795309303,,,,,,,,36.98252231119147,312.4081427467346,0.0,PS_051,,,3.122342205909316
36.20405839828891,16.917554265677932,2025-03-11T18:15:00Z,3,3,3,3,3,3,1,0,0,3,437.7466111464135,100.09870591769557,,,,,,,,40.59436356389905,578.4505384994599,0.0,PS_051,,,2.331131429061132
36.10389788966902,13.937109453966873,2025-03-11T18:30:00Z,4,4,4,4,4,4,1,0,0,4,281.45372295000925,70.18448688867558,,,,,,,,40.582168837951414,352.4703285573367,0.0,PS_051,,,3.628950612401079
36.80263913725403,8.358540870713593,2025-03-11T18:45:00Z,3,3,3,3,3,3,1,0,0,3,516.3905196972926,112.84372324549193,,,,,,,,44.91123183985713,875.7313544655706,0.0,PS_051,,,2.823766591444114
36.76673649382207,16.372937667143887,2025-03-11T19:00:00Z,4,4,4,4,4,4,1,0,0,4,300.82764563908603,82.0264047817037,,,,,,,,46.186723052043774,533.8277924706714,0.0,PS_051,,,4.337237189166934
37.01421518408874,18.748125089061105,2025-03-11T19:15:00Z,3,3,3,3,3,3,1,0,0,3,460.59494911638666,107.39966594930783,,,,,,,,44.042237896011684,929.8476674447261,0.0,PS_051,,,3.1761098441306133
36.975338578551465,16.038073493718382,2025-03-11T19:30:00Z,4,4,4,4,4,4,1,0,0,4,350.12725802823917,87.09669427659264,,,,,,,,44.64927115863375,800.9557584946552,0.0,PS_051,,,5.060421273852167
35.08406235568074,11.02240451544421,2025-03-11T19:45:00Z,4,4,4,4,4,4,1,0,0,4,63.01553081976165,15.275738301715842,,,,,,,,36.289967381937664,85.93432173187435,0.0,PS_051,,,3.53015188847818
34.724964910500084,7.497001233149213,2025-03-11T20:00:00Z,3,3,3,3,3,3,1,0,0,3,59.27352914174687,13.031898290345945,,,,,,,,33.366235235206936,76.91846655623331,0.0,PS_051,,,3.5227406593524964
34.54141236867019,8.692326293238036,2025-03-11T20:15:00Z,4,4,4,4,4,4,1,0,0,4,63.93568426141868,14.423098086993615,,,,,,,,32.681588071095604,97.83119516726943,0.0,PS_051,,,3.398292438867376
34.53002130574741,12.421459300295847,2025-03-11T20:30:00Z,3,3,3,3,3,3,1,0,0,3,64.39497905615434,19.005427345565852,,,,,,,,32.75807178376792,118.10656066478958,0.0,PS_051,,,3.322049404653904
33.744353531147006,8.161865288035807,2025-03-11T20:45:00Z,4,4,4,4,4,4,1,0,0,4,18.008363385979,3.25104743340687,,,,,,,,31.32056196381076,20.80533224546843,0.0,PS_051,,,3.15281590649218
33.239617957365496,8.083992348441331,2025-03-11T21:00:00Z,3,3,3,3,3,3,1,0,0,3,5.446654945682165,1.4473571719979712,,,,,,,,30.567384609579143,5.629722699873825,0.0,PS_051,,,2.203459970096342
32.83554357154046,3.6779463363235267,2025-03-11T21:15:00Z,4,4,4,4,4,4,1,0,0,4,-0.8774783371682755,0.06887096522855594,,,,,,,,29.80903967386104,-0.9567144710760398,0.0,PS_051,,,2.108322267854777
32.472594641331334,1.229586090737425,2025-03-11T21:30:00Z,4,4,4,4,4,4,1,0,0,4,-1.7707513457174002,0.11757482331764095,,,,,,,,29.492807473945025,-2.1405441878928686,0.0,PS_051,,,2.210343041928155
32.27593151821308,1.1955000162124634,2025-03-11T21:45:00Z,3,3,3,3,3,3,1,0,0,3,-1.8303332069239089,-0.029782111806687633,,,,,,,,29.152162850652875,-2.349762708636847,0.0,PS_051,,,1.8475390257372033
31.951773278155525,1.1955000162124634,2025-03-11T22:00:00Z,4,4,4,4,4,4,1,0,0,4,-1.6495948419549291,0.07937527792344853,,,,,,,,29.110362359960344,-2.016988429581919,0.0,PS_051,,,3.2085623845152282
31.451646116878443,1.1955000162124634,2025-03-11T22:15:00Z,3,3,3,3,3,3,1,0,0,3,-1.6175513664909218,-0.016509470606564994,,,,,,,,28.732388067993938,-1.8456418024130696,0.0,PS_051,,,1.7469707763742521
31.303221648108924,1.1955000162124634,2025-03-11T22:30:00Z,4,4,4,4,4,4,1,0,0,4,-1.7578097948727935,0.05865205169625128,,,,,,,,28.399999618530273,-2.029605371816374,0.0,PS_051,,,1.9858369579585067
31.08379927609242,1.1955000162124634,2025-03-11T22:45:00Z,3,3,3,3,3,3,1,0,0,3,-1.7238465434051993,0.17750698359345402,,,,,,,,28.15238890969714,-1.9574656734569418,0.0,PS_051,,,1.9572881484603355
30.671963217614948,1.1955000162124634,2025-03-11T23:00:00Z,4,4,4,4,4,4,1,0,0,4,-1.5740775100294497,-0.280423917947407,,,,,,,,27.708787557176386,-1.8042948211602323,0.0,PS_051,,,1.941774963858
30.351351575732554,1.1955000162124634,2025-03-11T23:15:00Z,4,4,4,4,4,4,1,0,0,4,-1.6440962765570504,-0.025456093468116957,,,,,,,,27.600000381469727,-1.8323022958162745,0.0,PS_051,,,2.7416627593315783
30.088510608897465,1.1955000162124634,2025-03-11T23:30:00Z,3,3,3,3,3,3,1,0,0,3,-1.683993576962477,0.25551785201898897,,,,,,,,27.307568244542388,-1.7891296282953588,0.0,PS_051,,,2.2678063063362557
29.88988381481882,1.1955000162124632,2025-03-11T23:45:00Z,4,4,4,4,4,4,1,0,0,4,-1.7287001806253022,-0.06804493439411072,,,,,,,,27.0,-1.8953131232343745,0.0,PS_051,,,2.4326569672259266
29.923814195541528,1.1955000162124636,2025-03-12T00:00:00Z,3,3,3,3,3,3,1,0,0,3,-1.7878306037363474,-0.11701633911697157,,,,,,,,27.016144345837017,-1.7620845263536777,0.0,PS_051,,,3.8606925778067636
29.87257502133678,1.1955000162124634,2025-03-12T00:15:00Z,4,4,4,4,4,4,1,0,0,4,-1.5861670141532007,-0.10715463768450721,,,,,,,,27.092221029803635,-1.6576772870341676,0.0,PS_051,,,2.0294636318346857
29.770824388797994,1.1955000162124636,2025-03-12T00:30:00Z,4,4,4,4,4,4,1,0,0,4,-1.7518256574665652,-0.24368532304447152,,,,,,,,26.849852975706817,-2.013307748374007,0.0,PS_051,,,3.17922928658259
29.715703049684258,1.1955000162124634,2025-03-12T00:45:00Z,3,3,3,3,3,3,1,0,0,3,-1.7993559415431115,-0.2951518682721586,,,,,,,,26.799999237060547,-1.7820296515106155,0.0,PS_051,,,3.508435541793182
29.621361620300704,1.1955000162124636,2025-03-12T01:00:00Z,4,4,4,4,4,4,1,0,0,4,-1.6751045501271256,0.05144639306383035,,,,,,,,26.54058527336952,-1.8484844958767364,0.0,PS_051,,,2.852229400360994
29.301582908901093,1.1955000162124634,2025-03-12T01:15:00Z,4,4,4,4,4,4,1,0,0,4,-1.5680384235142117,-0.03626850943355364,,,,,,,,26.384416887372176,-2.0937243397036176,0.0,PS_051,,,2.842448624426958
29.119494538181204,1.1955000162124632,2025-03-12T01:30:00Z,3,3,3,3,3,3,1,0,0,3,-1.6076879930146832,-0.08804291875889277,,,,,,,,26.203808791556455,-1.9089833167063421,0.0,PS_051,,,2.5822743063024416
28.88517232055519,1.1955000162124634,2025-03-12T01:45:00Z,4,4,4,4,4,4,1,0,0,4,-1.7014645170777085,-0.025005754830381303,,,,,,,,25.81905188988847,-2.3393023049500044,0.0,PS_051,,,1.7742586720601414
28.634207430513857,1.1955000162124634,2025-03-12T02:00:00Z,4,4,4,4,4,4,1,0,0,4,-1.5752173802266363,0.08064993817499828,,,,,,,,25.695396909753395,-1.9374611868621856,0.0,PS_051,,,1.888338091452137
28.576424279091214,1.1955000162124634,2025-03-12T02:15:00Z,3,3,3,3,3,3,1,0,0,3,-1.667581757515573,0.1349075731656747,,,,,,,,25.455343960907012,-2.273055704093304,0.0,PS_051,,,2.1627604511888707
28.177192285824763,1.1955000162124634,2025-03-12T02:30:00Z,4,4,4,4,4,4,1,0,0,4,-1.619092971199106,0.03290698711162513,,,,,,,,25.195447387028057,-2.173745048519607,0.0,PS_051,,,1.7952241250353476
27.956029945304394,1.1955000162124634,2025-03-12T02:45:00Z,4,4,4,4,4,4,1,0,0,4,-1.549177390194854,-0.27560039699948236,,,,,,,,25.068297814945897,-1.7756169692850106,0.0,PS_051,,,2.3636101009511865
28.12773309379936,1.1955000162124636,2025-03-12T03:00:00Z,3,3,3,3,3,3,1,0,0,3,-1.742282503223513,-0.15700327984824483,,,,,,,,25.399999618530277,-1.8802356821319186,0.0,PS_051,,,3.516829966362504
27.8196635642098,1.1955000162124634,2025-03-12T03:15:00Z,4,4,4,4,4,4,1,0,0,4,-1.5080037674838782,-0.14462715018327907,,,,,,,,25.100000381469727,-1.5948562638982304,0.0,PS_051,,,3.680348883006059
27.639521162966332,1.1955000162124634,2025-03-12T03:30:00Z,4,4,4,4,4,4,1,0,0,4,-1.5101586098845998,-0.06705671201362104,,,,,,,,24.972690949453373,-1.6501194667520194,0.0,PS_051,,,3.4074085425106175
27.68663550182293,1.1955000162124634,2025-03-12T03:45:00Z,3,3,3,3,3,3,1,0,0,3,-1.5856492622154676,-0.0050536578215685714,,,,,,,,24.847814378382353,-2.10088674986363,0.0,PS_051,,,1.6109315963810356
27.500314300353256,1.1955000162124636,2025-03-12T04:00:00Z,4,4,4,4,4,4,1,0,0,4,-1.5219266110297884,-0.23160639354620466,,,,,,,,24.702143543016096,-1.8218108625523706,0.0,PS_051,,,3.145046371266898
27.143360291013003,1.1955000162124634,2025-03-12T04:15:00Z,3,3,3,3,3,3,1,0,0,3,-1.4944757232543548,-0.09486249170533262,,,,,,,,24.00905629465748,-1.9160468104600537,0.0,PS_051,,,1.283932890959078
26.416767978861394,1.1955000162124636,2025-03-12T04:30:00Z,4,4,4,4,4,4,1,0,0,4,-1.6813898298700365,-0.17777716215351924,,,,,,,,23.30499433022104,-2.109047389186905,0.0,PS_051,,,1.9107244172068598
26.74392149676813,1.1955000162124634,2025-03-12T04:45:00Z,4,4,4,4,4,4,1,0,0,4,-1.7874057398121324,-0.21415503076125317,,,,,,,,23.457372435273825,-2.1260104812876994,0.0,PS_051,,,1.3751000630161505
25.954062311111596,1.1955000162124634,2025-03-12T05:00:00Z,3,3,3,3,3,3,1,0,0,3,-1.5991037817526137,-0.015274327454085634,,,,,,,,22.69405491283921,-2.1480400690023056,0.0,PS_051,,,1.2905786192986775
25.42490881395824,1.1955000162124634,2025-03-12T05:15:00Z,4,4,4,4,4,4,1,0,0,4,-1.6525788938809836,0.16950844507261503,,,,,,,,21.975743619004607,-2.374929830885714,0.0,PS_051,,,0.35324402647341985
25.844601260557596,1.1955000162124634,2025-03-12T05:30:00Z,4,4,4,4,4,4,1,0,0,4,-1.738206198424749,-0.1677837536920489,,,,,,,,22.32101936649563,-2.7702548791215396,0.0,PS_051,,,0.7454719164218482
25.640268990694853,1.1955000162124634,2025-03-12T05:45:00Z,3,3,3,3,3,3,1,0,0,3,-1.7240119375742793,-0.06408928229918454,,,,,,,,22.000519030551867,-2.6059439455956643,0.0,PS_051,,,1.0689016675169931
25.48451788453627,1.1955000162124634,2025-03-12T06:00:00Z,4,4,4,4,4,4,1,0,0,4,-1.446034536213617,-0.1419004382715847,,,,,,,,22.275161987832732,-1.8614444837933262,0.0,PS_051,,,1.0324027546689791
25.116016610300086,1.1955000162124634,2025-03-12T06:15:00Z,4,4,4,4,4,4,1,0,0,4,-1.2708665128935857,-0.13662179028683433,,,,,,,,22.100000381469727,-2.017966248793295,0.0,PS_051,,,0.99525587748778
24.73067777569876,1.1955000162124632,2025-03-12T06:30:00Z,3,3,3,3,3,3,1,0,0,3,-1.544311218675239,-0.16033154766295027,,,,,,,,22.033498065852207,-1.7198985946809184,0.0,PS_051,,,2.9804377552395884
24.586649432508175,1.1955000162124632,2025-03-12T06:45:00Z,4,4,4,4,4,4,1,0,0,4,-1.564485421932083,-0.055434462975168804,,,,,,,,21.944743136681588,-1.9649717822492645,0.0,PS_051,,,2.197194836515119
24.22388213042231,1.1955000162124634,2025-03-12T07:00:00Z,4,4,4,4,4,4,1,0,0,4,-1.5762306752942188,-0.1312400790252379,,,,,,,,21.066112256264397,-2.2447935404051487,0.0,PS_051,,,0.9526901123261283
24.112542528663788,1.1955000162124634,2025-03-12T07:15:00Z,3,3,3,3,3,3,1,0,0,3,-1.7229787844517985,0.14048586176318792,,,,,,,,20.734517074304616,-2.0111743376313522,0.0,PS_051,,,0.5341409419943174
24.24323699879038,1.1955000162124634,2025-03-12T07:30:00Z,4,4,4,4,4,4,1,0,0,4,-1.6900231204419398,-0.15841826351635868,,,,,,,,21.195138538252763,-2.2333264084417754,0.0,PS_051,,,1.7569538196429753
24.149380758607567,1.1955000162124634,2025-03-12T07:45:00Z,3,3,3,3,3,3,1,0,0,3,-1.6114234460800971,-0.053016793876862096,,,,,,,,21.141811504580915,-2.66567489577349,0.0,PS_051,,,2.1837093728542865
24.057019542815738,1.1955000162124634,2025-03-12T08:00:00Z,4,4,4,4,4,4,1,0,0,4,-1.5901287452738067,0.09914293416764897,,,,,,,,21.17082138995907,-1.84870022414479,0.0,PS_051,,,1.372706801257354
23.581516858074743,1.2029733621783594,2025-03-12T08:15:00Z,4,4,4,4,4,4,1,0,0,4,-1.5888346183633244,0.06386840110571378,,,,,,,,20.390228305370115,-2.2767937667907345,0.0,PS_051,,,1.107246191592021
23.406735158206214,1.99788526391192,2025-03-12T08:30:00Z,3,3,3,3,3,3,1,0,0,3,-1.6047904470412184,-0.16647440264491484,,,,,,,,20.0,-1.960672206225504,0.0,PS_051,,,0.6313245835885996
23.711216799817432,8.227885105093138,2025-03-12T08:45:00Z,4,4,4,4,4,4,1,0,0,4,0.9421624853739299,1.226811253380307,,,,,,,,20.598174435082488,-0.005020083005549317,0.0,PS_051,,,2.4692089402610935
24.027399313884814,13.383656021037737,2025-03-12T09:00:00Z,3,3,3,3,3,3,1,0,0,3,11.941221689403603,1.8283449904682896,,,,,,,,21.145343108965363,8.90362742812765,0.0,PS_051,,,1.7278678136799266
24.696149012472798,15.336147150173213,2025-03-12T09:15:00Z,4,4,4,4,4,4,1,0,0,4,53.29802239345131,11.127271744869253,,,,,,,,21.959503465783175,76.34203595130259,0.0,PS_051,,,2.2885314838810022
25.04408415643252,14.482647771965246,2025-03-12T09:30:00Z,4,4,4,4,4,4,1,0,0,4,104.09860536731118,20.053586373114516,,,,,,,,23.784670251160154,207.40971398748542,0.0,PS_051,,,3.00895855252099
25.75396845314776,12.159386094359174,2025-03-12T09:45:00Z,3,3,3,3,3,3,1,0,0,3,161.53708947615775,27.38312308230159,,,,,,,,26.513745682323126,341.24338755081703,0.0,PS_051,,,2.936600775205132
26.360765026101976,12.257095529770472,2025-03-12T10:00:00Z,4,4,4,4,4,4,1,0,0,4,216.6753282725378,42.42794395753523,,,,,,,,29.681482810048006,501.8853962002481,0.0,PS_051,,,3.602254507899896
26.802523693698245,9.432780581314102,2025-03-12T10:15:00Z,4,4,4,4,4,4,1,0,0,4,283.66785299776905,63.553477484368635,,,,,,,,32.61741002519789,667.2471952540362,0.0,PS_051,,,4.184603097686887
27.19546733863672,5.827876292379654,2025-03-12T10:30:00Z,3,3,3,3,3,3,1,0,0,3,349.59554484853123,80.72957585903305,,,,,,,,36.13081538584034,819.9343204025166,0.0,PS_051,,,4.42860554973299
27.763131837674145,10.594193195750293,2025-03-12T10:45:00Z,4,4,4,4,4,4,1,0,0,4,413.50110450456896,91.1160404781165,,,,,,,,40.585463444896554,920.8430473132856,0.0,PS_051,,,2.2776053280058384
28.41256574441079,14.291121930032734,2025-03-12T11:00:00Z,4,4,4,4,4,4,1,0,0,4,478.74931819830425,99.215268322408,,,,,,,,43.58912111257517,962.7709862364799,0.0,PS_051,,,2.5085711843379777
28.93852597957321,18.754797652714544,2025-03-12T11:15:00Z,3,3,3,3,3,3,1,0,0,3,540.6902230782287,106.32339623955323,,,,,,,,45.370789419867286,991.3804462552234,0.0,PS_051,,,3.530711211689197
29.432131587329295,14.651969878701967,2025-03-12T11:30:00Z,4,4,4,4,4,4,1,0,0,4,597.387470116799,112.03953901073996,,,,,,,,46.344160914085734,1012.0930890714345,0.0,PS_051,,,2.7885066725430985
30.388601742497098,5.870362018058702,2025-03-12T11:45:00Z,3,3,3,3,3,3,1,0,0,3,649.566839944144,117.56462787402471,,,,,,,,48.84786926334808,1031.2807504392265,0.0,PS_051,,,4.601749059172839
30.38207499654286,13.477065415043349,2025-03-12T12:00:00Z,4,4,4,4,4,4,1,0,0,4,697.7034269372658,124.09396188865914,,,,,,,,48.72417091498789,1045.5262120250825,0.0,PS_051,,,1.279043457742513
31.07485985830438,14.403906770408447,2025-03-12T12:15:00Z,4,4,4,4,4,4,1,0,0,4,754.3813931841595,128.88544376116903,,,,,,,,51.35170499428445,1054.774097353689,0.0,PS_051,,,1.6133532337420944
31.072694329700425,9.132589243246432,2025-03-12T12:30:00Z,3,3,3,3,3,3,1,0,0,3,817.1443194002252,134.8211907371517,,,,,,,,48.1286640212141,1064.9978233876247,0.0,PS_051,,,2.7332172074596612
31.161348789661066,11.59265352576833,2025-03-12T12:45:00Z,4,4,4,4,4,4,1,0,0,4,870.732557549984,139.17525295217277,,,,,,,,45.62162017415265,1072.3226227858563,0.0,PS_051,,,2.1432877593704034
31.348934637877356,16.496205742523998,2025-03-12T13:00:00Z,3,3,3,3,3,3,1,0,0,3,912.6973149755765,142.9802119557757,,,,,,,,44.41785864607606,1078.7658440823643,0.0,PS_051,,,3.0752675314956797
31.879002500622367,8.409658925487124,2025-03-12T13:15:00Z,4,4,4,4,4,4,1,0,0,4,947.8507295309089,145.43991497650615,,,,,,,,43.72162216881989,1080.7504996960542,0.0,PS_051,,,3.3140280366763357
32.39226914113958,19.993824693490193,2025-03-12T13:30:00Z,4,4,4,4,4,4,1,0,0,4,983.8987104584536,149.08306836942057,,,,,,,,43.920215799337505,1087.722604382183,0.0,PS_051,,,2.162409019211163
32.5288542782612,17.767029536307046,2025-03-12T13:45:00Z,3,3,3,3,3,3,1,0,0,3,1005.9443222990565,151.3207628877368,,,,,,,,43.68582887845458,1088.8654057856913,0.0,PS_051,,,2.3476165217600817
33.63149092814713,14.634496414319296,2025-03-12T14:00:00Z,4,4,4,4,4,4,1,0,0,4,1022.2641075393971,152.74428301203906,,,,,,,,47.63026205488616,1087.4088630085992,0.0,PS_051,,,2.573438918602932
33.26573133649457,5.839854326823058,2025-03-12T14:15:00Z,3,3,3,3,3,3,1,0,0,3,1035.6532226761428,153.71332955346708,,,,,,,,44.75988040266337,1089.3107036923213,0.0,PS_051,,,2.1854506505830082
34.08993092784789,7.816771876468662,2025-03-12T14:30:00Z,4,4,4,4,4,4,1,0,0,4,1040.5839428978227,154.23555901919568,,,,,,,,48.79103121784258,1087.6477626513583,0.0,PS_051,,,1.8193512399162166
34.659936061717225,12.702576104031479,2025-03-12T14:45:00Z,4,4,4,4,4,4,1,0,0,4,1052.1550164133976,155.77337040633597,,,,,,,,46.74195868891738,1090.9855298068521,0.0,PS_051,,,2.5497203036419345
35.167436467041355,8.501463017795688,2025-03-12T15:00:00Z,3,3,3,3,3,3,1,0,0,3,1058.8379279606136,156.61473384171356,,,,,,,,45.26740251207197,1093.494532320274,0.0,PS_051,,,4.169448917077413
35.292655958468806,5.811676441152963,2025-03-12T15:15:00Z,4,4,4,4,4,4,1,0,0,4,1061.109699370136,157.27833256882695,,,,,,,,48.38173234242655,1095.5483992704908,0.0,PS_051,,,3.2264252853643085
36.102391558313855,12.775457376254414,2025-03-12T15:30:00Z,3,3,3,3,3,3,1,0,0,3,1053.3737537862546,155.84614360538822,,,,,,,,47.14093505675197,1093.4724042523692,0.0,PS_051,,,3.643717916375823
36.032330750482075,11.53141589596615,2025-03-12T15:45:00Z,4,4,4,4,4,4,1,0,0,4,1042.5600532283668,155.7283628528049,,,,,,,,46.60373296878409,1097.3070366100465,0.0,PS_051,,,3.902183725868093
36.72806898567773,10.83451787621566,2025-03-12T16:00:00Z,4,4,4,4,4,4,1,0,0,4,1016.4644197782233,154.22049296974734,,,,,,,,49.39100206696278,1094.6548278630335,0.0,PS_051,,,2.69382587890805
36.3426154449312,8.250998472489234,2025-03-12T16:15:00Z,3,3,3,3,3,3,1,0,0,3,969.2999381767058,148.82252863857903,,,,,,,,46.85356212330128,1071.3931224994606,0.0,PS_051,,,4.111236113058862
36.40756914915375,11.326022300956511,2025-03-12T16:30:00Z,4,4,4,4,4,4,1,0,0,4,937.9751596277973,146.83679870689159,,,,,,,,48.50624902059255,1068.5447889224515,0.0,PS_051,,,3.3145318041238587
36.27494520355675,20.16844993424013,2025-03-12T16:45:00Z,3,3,3,3,3,3,1,0,0,3,900.9883782683654,142.38591182210348,,,,,,,,45.79863723517908,1055.1593716697269,0.0,PS_051,,,3.8669842086836996
36.70572275399277,8.564222663971854,2025-03-12T17:00:00Z,4,4,4,4,4,4,1,0,0,4,883.271309290265,141.34650691547685,,,,,,,,46.01760940002802,1071.7824722267123,0.0,PS_051,,,4.425460792771106
37.20732634926029,18.039837569602035,2025-03-12T17:15:00Z,4,4,4,4,4,4,1,0,0,4,851.3957612285974,138.6197077820243,,,,,,,,47.49632271329275,1078.6937754418457,0.0,PS_051,,,2.9210606306944618
37.67872066968034,16.51419897339816,2025-03-12T17:30:00Z,3,3,3,3,3,3,1,0,0,3,798.4898399021808,133.01055205100843,,,,,,,,51.52054384337039,1063.427830969329,0.0,PS_051,,,2.5157856755772414
37.338678873115924,10.540794246920509,2025-03-12T17:45:00Z,4,4,4,4,4,4,1,0,0,4,757.0387592074736,128.57226226107747,,,,,,,,51.07473322669706,1056.739518169567,0.0,PS_051,,,2.7738744233053003
37.43892430143431,11.181320305067409,2025-03-12T18:00:00Z,3,3,3,3,3,3,1,0,0,3,710.730876199197,123.22790077418699,,,,,,,,52.82204201284197,1050.2863881787875,0.0,PS_051,,,5.313990138687538
37.10940171824101,8.50399932793195,2025-03-12T18:15:00Z,4,4,4,4,4,4,1,0,0,4,649.3867797847973,116.58179769564747,,,,,,,,50.21176107760014,1031.0453616152024,0.0,PS_051,,,2.9800021971704633
37.40195129449972,8.406024127747807,2025-03-12T18:30:00Z,4,4,4,4,4,4,1,0,0,4,583.9291735969379,110.23745161530397,,,,,,,,49.14927061289946,1009.8080218928819,0.0,PS_051,,,3.173222874795396
36.75215059922572,5.819646037825318,2025-03-12T18:45:00Z,3,3,3,3,3,3,1,0,0,3,513.0500908823626,103.38917348268612,,,,,,,,50.38453433568375,983.5089881423586,0.0,PS_051,,,3.5329961454493986
37.01657875964274,10.805952874989483,2025-03-12T19:00:00Z,4,4,4,4,4,4,1,0,0,4,450.0598665706461,96.78472570266975,,,,,,,,50.42181361399078,951.5275813948772,0.0,PS_051,,,3.693310281450236
36.500946393832734,10.075422710875506,2025-03-12T19:15:00Z,3,3,3,3,3,3,1,0,0,3,388.3999665133163,89.79357167352141,,,,,,,,46.287209086815736,908.1615498358875,0.0,PS_051,,,3.252982320296196
36.98966745033231,5.7876386170871825,2025-03-12T19:30:00Z,4,4,4,4,4,4,1,0,0,4,326.6451156491034,81.7539333006246,,,,,,,,45.97594603816133,784.191329256069,0.0,PS_051,,,2.2176329480154333
36.493073821542204,5.776758419785532,2025-03-12T19:45:00Z,3,3,3,3,3,3,1,0,0,3,262.5625035951628,65.97194916803238,,,,,,,,41.78972787744408,632.3872476029583,0.0,PS_051,,,2.7533330105092273
36.199236916320345,10.992307081961268,2025-03-12T20:00:00Z,4,4,4,4,4,4,1,0,0,4,198.16530927408309,48.07148548147905,,,,,,,,39.27706699558836,459.05296719667376,0.0,PS_051,,,2.884717181098874
35.52056846393945,9.560136173313255,2025-03-12T20:15:00Z,4,4,4,4,4,4,1,0,0,4,137.91218663141646,34.62657072079622,,,,,,,,36.128265573152305,306.97311933652645,0.0,PS_051,,,3.9507604522312927
34.75388471423259,5.291054002459636,2025-03-12T20:30:00Z,3,3,3,3,3,3,1,0,0,3,78.47836810093712,26.33183906402561,,,,,,,,33.88328425729041,166.69839082946748,0.0,PS_051,,,3.4624010443713327
33.904055643106105,10.566935511486747,2025-03-12T20:45:00Z,4,4,4,4,4,4,1,0,0,4,32.62614738150818,10.845968035248973,,,,,,,,32.10849106424602,48.79611728768255,0.0,PS_051,,,4.254380616650535
33.18261464475542,6.304312021213759,2025-03-12T21:00:00Z,3,3,3,3,3,3,1,0,0,3,6.281561096474136,1.675366717747619,,,,,,,,30.812938042768856,6.01727311646427,0.0,PS_051,,,4.065319336362037
32.71956782975365,4.560852239685317,2025-03-12T21:15:00Z,4,4,4,4,4,4,1,0,0,4,-0.8184944305110197,0.17626156445809782,,,,,,,,30.04139991321832,-0.6578022242976926,0.0,PS_051,,,3.539373815416437
32.22780290324991,1.2191430098004399,2025-03-12T21:30:00Z,3,3,3,3,3,3,1,0,0,3,-1.6200138897785137,0.03433782380734256,,,,,,,,29.53337460342954,-1.9409509675747498,0.0,PS_051,,,3.7295915938618607
31.975711984758647,1.1955000162124636,2025-03-12T21:45:00Z,4,4,4,4,4,4,1,0,0,4,-1.6036085904569095,0.05529499226584967,,,,,,,,29.23678568944831,-1.998392183097052,0.0,PS_051,,,3.2017727955606277
31.674700483220402,1.1955000162124634,2025-03-12T22:00:00Z,4,4,4,4,4,4,1,0,0,4,-1.6421501220557624,-0.05985312530322363,,,,,,,,28.825960079164005,-2.1050814924996577,0.0,PS_051,,,3.311960668922637
31.302972952903907,1.1955000162124634,2025-03-12T22:15:00Z,3,3,3,3,3,3,1,0,0,3,-1.7667301128888802,0.24720965025018338,,,,,,,,28.399999618530277,-2.2374796643903747,0.0,PS_051,,,2.769408290694236
31.035814456731693,1.1955000162124634,2025-03-12T22:30:00Z,4,4,4,4,4,4,1,0,0,4,-1.7815093754895637,0.1256514527257167,,,,,,,,28.25900385238334,-2.134620320282064,0.0,PS_051,,,2.66542560664506
30.751505093534853,1.1955000162124636,2025-03-12T22:45:00Z,3,3,3,3,3,3,1,0,0,3,-1.5864578384451464,0.08832989641718143,,,,,,,,27.770791136044874,-2.0473411432201045,0.0,PS_051,,,3.229282425470729
30.26033401521746,1.1955000162124634,2025-03-12T23:00:00Z,4,4,4,4,4,4,1,0,0,4,-1.7467363309165247,-0.06926515268151917,,,,,,,,27.2960831173685,-2.1184240120112463,0.0,PS_051,,,2.7095628405972985
30.023843248602883,1.1955000162124634,2025-03-12T23:15:00Z,3,3,3,3,3,3,1,0,0,3,-1.8318208869065091,0.10556964202502478,,,,,,,,26.966897088777603,-2.394070864958323,0.0,PS_051,,,2.70128977072936
29.811208179615242,1.1955000162124634,2025-03-12T23:30:00Z,4,4,4,4,4,4,1,0,0,4,-1.829189633683528,-0.04939929519280796,,,,,,,,26.82636998504136,-2.0982933900861265,0.0,PS_051,,,2.6695460564129947
29.50782757758465,1.1955000162124636,2025-03-12T23:45:00Z,4,4,4,4,4,4,1,0,0,4,-1.8002951179708113,0.08814805678650318,,,,,,,,26.19041705069032,-2.0669158806169707,0.0,PS_051,,,0.7599124564986537
29.17457742447253,1.1955000162124632,2025-03-13T00:00:00Z,3,3,3,3,3,3,1,0,0,3,-1.8867432019984074,-0.02204330462479569,,,,,,,,25.81186032417289,-2.3323995251592247,0.0,PS_051,,,1.3518298861153049
28.835166604402346,1.1955000162124634,2025-03-13T00:15:00Z,4,4,4,4,4,4,1,0,0,4,-1.8487760134932827,-0.045130850599238354,,,,,,,,25.182933925763468,-2.3367269723301027,0.0,PS_051,,,1.4981799375573448
28.634009853193188,1.1955000162124634,2025-03-13T00:30:00Z,3,3,3,3,3,3,1,0,0,3,-1.835986139133015,-0.06309443720838001,,,,,,,,24.899999618530273,-2.243420910326736,0.0,PS_051,,,0.8011708762195997
28.949162765264415,1.1955000162124632,2025-03-13T00:45:00Z,4,4,4,4,4,4,1,0,0,4,-2.1645079635573654,-0.24239521727671495,,,,,,,,25.682931610538827,-2.8603953082268707,0.0,PS_051,,,2.9053297621566543
28.557196847000885,1.1955000162124632,2025-03-13T01:00:00Z,4,4,4,4,4,4,1,0,0,4,-1.7468765897980687,0.040666316723932436,,,,,,,,25.73781038373601,-1.8235276573913535,0.0,PS_051,,,3.6901307253329594
28.342119547221156,1.1955000162124634,2025-03-13T01:15:00Z,3,3,3,3,3,3,1,0,0,3,-1.8072399521487885,0.11365731571822225,,,,,,,,25.348164490198254,-2.0420054576380324,0.0,PS_051,,,1.718154749001113
28.071994093068827,1.1955000162124634,2025-03-13T01:30:00Z,4,4,4,4,4,4,1,0,0,4,-1.7236221262994722,-0.05251136285637693,,,,,,,,24.685417336543285,-2.2728731511971625,0.0,PS_051,,,0.8039504803293236
28.094580013289626,1.1955000162124634,2025-03-13T01:45:00Z,4,4,4,4,4,4,1,0,0,4,-1.8140610338550158,-0.1504375369097064,,,,,,,,24.93594433041009,-2.51617919899301,0.0,PS_051,,,1.7532578799802574
27.700606467475755,1.1955000162124634,2025-03-13T02:00:00Z,3,3,3,3,3,3,1,0,0,3,-1.7779627049272273,-0.19337895873379538,,,,,,,,24.60000038146973,-2.3066589940094455,0.0,PS_051,,,1.1009834304640769
27.42542480940513,1.1955000162124636,2025-03-13T02:15:00Z,4,4,4,4,4,4,1,0,0,4,-1.7840172364798803,-0.0003924381042880687,,,,,,,,24.039196966644756,-2.3425110289963467,0.0,PS_051,,,1.8654731943386789
27.066794979335253,1.1955000162124634,2025-03-13T02:30:00Z,4,4,4,4,4,4,1,0,0,4,-1.777115346859338,0.09757671015222259,,,,,,,,23.368415032114562,-1.7411416967218205,0.0,PS_051,,,1.3284289115166128
26.973187202246265,1.1955000162124634,2025-03-13T02:45:00Z,3,3,3,3,3,3,1,0,0,3,-1.7001991509181793,0.20529154303504718,,,,,,,,23.501686804935325,-1.834804344837885,0.0,PS_051,,,0.70607775280985
26.875972820905197,1.1955000162124634,2025-03-13T03:00:00Z,4,4,4,4,4,4,1,0,0,4,-1.907727338983335,-0.05769541991427603,,,,,,,,23.058757505171098,-2.449498174434706,0.0,PS_051,,,0.40720149385663157
26.490458024342438,1.1955000162124636,2025-03-13T03:15:00Z,4,4,4,4,4,4,1,0,0,4,-1.6638541173670816,-0.0994274722242893,,,,,,,,22.742716326009223,-2.8434285012227307,0.0,PS_051,,,0.2117538290551063
26.295607663237934,1.1955000162124632,2025-03-13T03:30:00Z,3,3,3,3,3,3,1,0,0,3,-1.8166740129384837,-0.06161172723203291,,,,,,,,22.147687128744906,-1.979429281415441,0.0,PS_051,,,0.6392642114593914
26.129952611353414,1.1955000162124632,2025-03-13T03:45:00Z,4,4,4,4,4,4,1,0,0,4,-1.6777269378441182,-0.044890503676070954,,,,,,,,21.9908844627926,-1.9985856070007235,0.0,PS_051,,,0.3724948947423681
26.224034265246004,1.1955000162124636,2025-03-13T04:00:00Z,4,4,4,4,4,4,1,0,0,4,-1.7292236615193013,0.024310385986232724,,,,,,,,22.07665924168966,-2.1191681510329063,0.0,PS_051,,,0.5943650072934729
25.818573858543566,1.1955000162124634,2025-03-13T04:15:00Z,3,3,3,3,3,3,1,0,0,3,-1.659659452214598,-0.11027507285084821,,,,,,,,21.899999618530273,-2.472263889022328,0.0,PS_051,,,0.36514812649100004
25.50077224384051,1.1955000162124634,2025-03-13T04:30:00Z,4,4,4,4,4,4,1,0,0,4,-1.9508052171145456,-0.08766665314491452,,,,,,,,21.675891184386437,-1.8157889218050063,0.0,PS_051,,,1.2361647981514745
25.611784054856347,1.1955000162124634,2025-03-13T04:45:00Z,4,4,4,4,4,4,1,0,0,4,-1.8034723344272021,-0.0013953495331234125,,,,,,,,22.12536573350204,-1.8504638105718432,0.0,PS_051,,,0.2945675227647095
25.103871171905137,1.1955000162124634,2025-03-13T05:00:00Z,3,3,3,3,3,3,1,0,0,3,-1.730209391079217,-0.2363744518490027,,,,,,,,21.216200461199897,-2.0151128482415457,0.0,PS_051,,,0.0
25.146977467728586,1.1955000162124634,2025-03-13T05:15:00Z,4,4,4,4,4,4,1,0,0,4,-1.6273483473651362,0.0627113984216747,,,,,,,,21.69946875698256,-1.8450599813339312,0.0,PS_051,,,1.0035334586561162
25.30179549682493,1.1955000162124634,2025-03-13T05:30:00Z,3,3,3,3,3,3,1,0,0,3,-1.5595969322620657,0.10446174141678316,,,,,,,,21.839505591191095,-2.058299168578322,0.0,PS_051,,,0.5669168206084347
25.22678940502426,1.1955000162124634,2025-03-13T05:45:00Z,4,4,4,4,4,4,1,0,0,4,-1.8133338889171238,0.036309563184584795,,,,,,,,21.555966568479178,-2.2213839640218396,0.0,PS_051,,,0.33816240097869205
24.393353646265826,1.1955000162124634,2025-03-13T06:00:00Z,4,4,4,4,4,4,1,0,0,4,-1.6781479070862901,-0.05322741512830918,,,,,,,,20.71126265681012,-1.6761869220283612,0.0,PS_051,,,0.842738090821848
24.46308782519158,1.1955000162124636,2025-03-13T06:15:00Z,3,3,3,3,3,3,1,0,0,3,-1.7496655501332634,-0.30812282968582266,,,,,,,,20.50339363159044,-1.7535325320795174,0.0,PS_051,,,0.7056891039884197
24.779940652478672,1.1955000162124634,2025-03-13T06:30:00Z,4,4,4,4,4,4,1,0,0,4,-1.8369637519868594,-0.2224925898934331,,,,,,,,21.063039429159247,-1.9399730219820936,0.0,PS_051,,,0.5244693830599586
24.922530626618478,1.1955000162124634,2025-03-13T06:45:00Z,4,4,4,4,4,4,1,0,0,4,-1.7775704721413514,-0.0680832153831465,,,,,,,,21.56079474165984,-2.6422814763395372,0.0,PS_051,,,1.1283265582855078
24.88749202693548,1.1955000162124632,2025-03-13T07:00:00Z,3,3,3,3,3,3,1,0,0,3,-1.6675848986460942,-0.02108539234024261,,,,,,,,21.555598412188573,-2.3909485630591676,0.0,PS_051,,,1.0860021250208647
24.63461582084037,1.1955000162124634,2025-03-13T07:15:00Z,4,4,4,4,4,4,1,0,0,4,-1.6928153903238214,-0.20498026292982344,,,,,,,,21.299999237060547,-2.283140166807469,0.0,PS_051,,,1.7216420672431298
24.572914258170876,1.1955000162124634,2025-03-13T07:30:00Z,4,4,4,4,4,4,1,0,0,4,-1.6839642216329649,-0.24043189241489724,,,,,,,,21.335278233975213,-2.0009553392611843,0.0,PS_051,,,1.5897223688925772
24.54498861389535,1.1955000162124634,2025-03-13T07:45:00Z,3,3,3,3,3,3,1,0,0,3,-1.6838621421092355,-0.13724158296478345,,,,,,,,21.600000381469727,-2.2219337934656824,0.0,PS_051,,,1.9348878981849673
24.560995219965243,1.1955000162124634,2025-03-13T08:00:00Z,4,4,4,4,4,4,1,0,0,4,-1.5532407250686457,-0.057482343364469494,,,,,,,,21.525100841436277,-1.9146078807371614,0.0,PS_051,,,1.9651779870986403
23.94214316722324,1.1976763900970058,2025-03-13T08:15:00Z,3,3,3,3,3,3,1,0,0,3,-1.5589239077567243,-0.2854045827355624,,,,,,,,21.100000381469727,-1.5755597524656477,0.0,PS_051,,,2.319444799630805
23.514895811761008,2.2605144989482913,2025-03-13T08:30:00Z,4,4,4,4,4,4,1,0,0,4,-1.404658372455835,0.1233079639720189,,,,,,,,20.328921743518496,-1.9249022461832839,0.0,PS_051,,,0.6968001763063842
22.873433524300864,7.117635332206405,2025-03-13T08:45:00Z,4,4,4,4,4,4,1,0,0,4,1.2164553909047955,1.1992976238182127,,,,,,,,19.56507208181132,-0.08156909611535866,0.0,PS_051,,,0.8444509564592301
22.822964926869105,13.086438761727354,2025-03-13T09:00:00Z,3,3,3,3,3,3,1,0,0,3,13.287015718623774,1.9934824500549047,,,,,,,,19.242875906537304,10.596021797928309,0.0,PS_051,,,0.32894477984230736
23.171647320083004,11.946634124566131,2025-03-13T09:15:00Z,4,4,4,4,4,4,1,0,0,4,53.13205072753867,10.874476289202759,,,,,,,,20.346449431826713,65.99963894720078,0.0,PS_051,,,1.3320932729266401
23.943874710458495,7.024251788836835,2025-03-13T09:30:00Z,3,3,3,3,3,3,1,0,0,3,98.19021568187466,18.90607532384915,,,,,,,,22.72781008455301,191.18746134287895,0.0,PS_051,,,0.6300563098191629
24.706966993690617,7.073751952245537,2025-03-13T09:45:00Z,4,4,4,4,4,4,1,0,0,4,157.41841984204373,26.160386140838963,,,,,,,,26.199556767661715,343.7129965418357,0.0,PS_051,,,1.720301844978757
25.57653326958381,12.087391441661712,2025-03-13T10:00:00Z,4,4,4,4,4,4,1,0,0,4,212.17071945456564,41.53972865616255,,,,,,,,28.82089100365463,496.6244597157449,0.0,PS_051,,,1.9984180412235508
26.21325839503729,11.19787124416495,2025-03-13T10:15:00Z,3,3,3,3,3,3,1,0,0,3,274.74142296576275,61.340779685077166,,,,,,,,31.622267749597988,665.1499996638598,0.0,PS_051,,,2.631208947793267
27.024469502016796,5.804206766986751,2025-03-13T10:30:00Z,4,4,4,4,4,4,1,0,0,4,341.9374607102599,78.59193294578125,,,,,,,,36.85614096356874,810.4228418051787,0.0,PS_051,,,1.8904614786409426
27.43212097893207,5.821846676325451,2025-03-13T10:45:00Z,4,4,4,4,4,4,1,0,0,4,408.1387221746353,88.97975497454303,,,,,,,,42.27990213208623,914.5485170346491,0.0,PS_051,,,1.3678590909902957
28.48420043908903,15.275459489687682,2025-03-13T11:00:00Z,3,3,3,3,3,3,1,0,0,3,471.53201144324805,96.80581500244645,,,,,,,,47.883533226917706,956.9716366575966,0.0,PS_051,,,1.686120265660923
28.817474005685643,9.490874314320122,2025-03-13T11:15:00Z,4,4,4,4,4,4,1,0,0,4,529.5709981148979,103.57167215392086,,,,,,,,47.59316346855742,981.6467294034122,0.0,PS_051,,,0.9271524656101426
29.081718102349416,8.046072901019174,2025-03-13T11:30:00Z,3,3,3,3,3,3,1,0,0,3,589.6155473693402,110.15708854594611,,,,,,,,46.43969583577353,1006.6424301582115,0.0,PS_051,,,3.009677105694744
29.651165986000624,14.132583355476712,2025-03-13T11:45:00Z,4,4,4,4,4,4,1,0,0,4,644.0551964930523,115.85450124350652,,,,,,,,47.559837917180296,1027.1924130393913,0.0,PS_051,,,1.577374181889767
30.59641015698353,10.528160287217137,2025-03-13T12:00:00Z,4,4,4,4,4,4,1,0,0,4,692.999926002533,121.67905386740962,,,,,,,,49.79263019427395,1040.316812843886,0.0,PS_051,,,0.9578020224302879
30.931779395423394,19.156925142074734,2025-03-13T12:15:00Z,3,3,3,3,3,3,1,0,0,3,751.8031969167974,127.43518333621694,,,,,,,,52.09632821998711,1055.2995405013328,0.0,PS_051,,,1.689886193972257
30.727185002291126,10.005400973462097,2025-03-13T12:30:00Z,4,4,4,4,4,4,1,0,0,4,807.6053668869091,131.91141690278823,,,,,,,,50.70752760642819,1060.394636538046,0.0,PS_051,,,1.8495822033610705
31.473631747854547,8.584000583733038,2025-03-13T12:45:00Z,4,4,4,4,4,4,1,0,0,4,863.4187724942421,136.4033155068728,,,,,,,,48.87949944172822,1065.0608228776834,0.0,PS_051,,,1.6808639525581253
32.015163756366604,14.688668726324545,2025-03-13T13:00:00Z,3,3,3,3,3,3,1,0,0,3,907.2032527120339,140.3637182570136,,,,,,,,48.05244656957076,1069.384006864975,0.0,PS_051,,,2.851304061091843
32.370631022065034,12.135133915155922,2025-03-13T13:15:00Z,4,4,4,4,4,4,1,0,0,4,945.3806038623035,143.94006410342692,,,,,,,,48.106080525805396,1078.1345992776016,0.0,PS_051,,,1.7850340168978467
32.96427504922086,7.569781128669,2025-03-13T13:30:00Z,3,3,3,3,3,3,1,0,0,3,968.9472150331874,145.72080202882918,,,,,,,,49.85526613408112,1075.5606411121964,0.0,PS_051,,,0.9886964765222306
33.63377026717185,10.60310269000001,2025-03-13T13:45:00Z,4,4,4,4,4,4,1,0,0,4,999.9093666472652,148.53056324976168,,,,,,,,50.97859649107952,1082.2864299294795,0.0,PS_051,,,1.7930903066482153
33.40559741954728,7.815536422176977,2025-03-13T14:00:00Z,4,4,4,4,4,4,1,0,0,4,1023.119421409031,152.10665817291513,,,,,,,,47.49711068379386,1087.2697790762768,0.0,PS_051,,,2.5871997420597954
33.53154953325195,8.745702303393733,2025-03-13T14:15:00Z,3,3,3,3,3,3,1,0,0,3,1036.8101281163101,152.6258933374257,,,,,,,,46.47025480844783,1088.4467362137766,0.0,PS_051,,,2.1412156871941805
34.02103834907893,5.799099763721594,2025-03-13T14:30:00Z,4,4,4,4,4,4,1,0,0,4,1042.186221398647,154.287027005148,,,,,,,,48.50816511186002,1088.1678373592167,0.0,PS_051,,,2.59748276085898
34.45060685907883,11.46099820323026,2025-03-13T14:45:00Z,3,3,3,3,3,3,1,0,0,3,1047.5223822213059,154.43432684312802,,,,,,,,49.132240136204786,1084.9818510566067,0.0,PS_051,,,2.8922522360803065
34.66834836905631,10.783662678396697,2025-03-13T15:00:00Z,4,4,4,4,4,4,1,0,0,4,1059.5587624713162,156.52687322717196,,,,,,,,45.85091911257101,1092.859058629784,0.0,PS_051,,,3.1457181337876365
35.36575447105236,12.321601983541852,2025-03-13T15:15:00Z,4,4,4,4,4,4,1,0,0,4,1055.927895735112,155.31501388888898,,,,,,,,53.12301582579886,1087.628903318158,0.0,PS_051,,,1.3296888387048853
35.65362405003736,9.329337423110136,2025-03-13T15:30:00Z,3,3,3,3,3,3,1,0,0,3,1051.9417688519982,155.68605203326229,,,,,,,,46.922125352481075,1091.3681815368434,0.0,PS_051,,,3.119437429370933
35.00996348826923,10.876329864707872,2025-03-13T15:45:00Z,4,4,4,4,4,4,1,0,0,4,1042.6428394531613,155.2081377584998,,,,,,,,48.69185665818681,1094.8371129656864,0.0,PS_051,,,3.3332700574147203
36.10897790022613,17.241795377705923,2025-03-13T16:00:00Z,3,3,3,3,3,3,1,0,0,3,436.8105385625236,63.123294417150014,,,,,,,,48.50075828847862,458.31639755335885,0.0,PS_051,,,4.284227097140023
35.94990143209693,8.228128121178361,2025-03-13T16:15:00Z,4,4,4,4,4,4,1,0,0,4,994.4183894275045,153.4945154504203,,,,,,,,47.05277242373234,1097.211761814488,0.0,PS_051,,,3.0983002219338487
35.65421384496718,12.7437658729983,2025-03-13T16:30:00Z,3,3,3,3,3,3,1,0,0,3,554.9467336804789,88.39871578468188,,,,,,,,48.54289420815881,640.6043750194283,0.0,PS_051,,,2.051167282807562
36.64252818500683,20.714631524887345,2025-03-13T16:45:00Z,4,4,4,4,4,4,1,0,0,4,934.270747543484,148.66363665596023,,,,,,,,51.19949897527963,1091.0759829185301,0.0,PS_051,,,3.5817784693967187
37.10830425823158,8.089369857465178,2025-03-13T17:00:00Z,4,4,4,4,4,4,1,0,0,4,894.5522410207783,145.2227112776936,,,,,,,,52.25500175177433,1087.793235792707,0.0,PS_051,,,2.6024455865281206
36.911043095747125,17.87182706801614,2025-03-13T17:15:00Z,3,3,3,3,3,3,1,0,0,3,858.2420472786506,141.95204630514337,,,,,,,,50.41870883400728,1089.9158193136536,0.0,PS_051,,,4.084612494641891
36.965574051079216,5.790873384962908,2025-03-13T17:30:00Z,4,4,4,4,4,4,1,0,0,4,817.8151047560779,139.73603541538037,,,,,,,,50.97186658002062,1090.815075416771,0.0,PS_051,,,2.2105462908415627
36.584947511293485,5.807529474206565,2025-03-13T17:45:00Z,3,3,3,3,3,3,1,0,0,3,772.030747183344,136.22604310732416,,,,,,,,49.528603749778846,1081.469544470659,0.0,PS_051,,,3.3803769454330355
37.15039309259129,6.801785632845307,2025-03-13T18:00:00Z,4,4,4,4,4,4,1,0,0,4,722.0670064284595,131.60975949801704,,,,,,,,50.07345225118172,1075.467345819106,0.0,PS_051,,,3.3310836807860476
37.08741654437456,15.37737764656935,2025-03-13T18:15:00Z,4,4,4,4,4,4,1,0,0,4,666.654180426128,126.4028800243612,,,,,,,,49.37342725000447,1067.7042061278125,0.0,PS_051,,,3.455608797066023
37.36806680959961,8.63860599695829,2025-03-13T18:30:00Z,3,3,3,3,3,3,1,0,0,3,617.8211595194862,124.20484110392186,,,,,,,,50.220876983883215,1064.9471218932733,0.0,PS_051,,,3.3334132666767426
36.678403771798806,12.837569918146723,2025-03-13T18:45:00Z,4,4,4,4,4,4,1,0,0,4,383.62707998494193,88.74474315618579,,,,,,,,47.14733958101925,695.200954236763,0.0,PS_051,,,4.150766651338019
36.11306223557417,19.313508164911337,2025-03-13T19:00:00Z,3,3,3,3,3,3,1,0,0,3,463.55480611620686,108.57250154204826,,,,,,,,43.15919049421277,975.4252430123798,0.0,PS_051,,,3.1893082599911162
36.040528389497894,8.443935065538621,2025-03-13T19:15:00Z,4,4,4,4,4,4,1,0,0,4,403.35887378536023,101.44885956009695,,,,,,,,43.90354119196178,934.4746432457212,0.0,PS_051,,,4.490181054369146
35.72414145215756,8.644074761726774,2025-03-13T19:30:00Z,3,3,3,3,3,3,1,0,0,3,335.3365788496093,88.08908769506024,,,,,,,,42.12167740233243,802.5763720807755,0.0,PS_051,,,4.632902902707825
35.69910466283114,9.65792758973156,2025-03-13T19:45:00Z,4,4,4,4,4,4,1,0,0,4,267.5431642374807,68.19977964439576,,,,,,,,39.93997588287587,628.3811470018609,0.0,PS_051,,,4.907974861065907
35.30079511222719,17.824451784138947,2025-03-13T20:00:00Z,4,4,4,4,4,4,1,0,0,4,200.87114382369643,48.51411570742421,,,,,,,,38.023510304936586,471.3691430063336,0.0,PS_051,,,4.507009531512568
34.62416582137195,6.018003165892898,2025-03-13T20:15:00Z,3,3,3,3,3,3,1,0,0,3,141.58965942633313,35.31693153733459,,,,,,,,35.39116464357892,316.77339493015,0.0,PS_051,,,4.318144744492785
34.21447132115997,9.7979357893809,2025-03-13T20:30:00Z,4,4,4,4,4,4,1,0,0,4,82.36267423848074,27.847128533363247,,,,,,,,33.594596406282854,176.8160290839269,0.0,PS_051,,,3.1610619723726643
33.577247530153315,14.863637477125664,2025-03-13T20:45:00Z,3,3,3,3,3,3,1,0,0,3,31.742947847451234,11.01852430251257,,,,,,,,31.618573991060185,31.01803517995268,0.0,PS_051,,,3.125716084867312
32.73536632832076,7.404273389275924,2025-03-13T21:00:00Z,4,4,4,4,4,4,1,0,0,4,5.836382653520704,1.780728942206075,,,,,,,,30.23944180978742,6.677100298377911,0.0,PS_051,,,2.785588254070207
32.31984187684759,4.877866617318247,2025-03-13T21:15:00Z,3,3,3,3,3,3,1,0,0,3,-1.1069471065960235,0.06418823032318331,,,,,,,,29.531148949053804,-0.8761046368886892,0.0,PS_051,,,2.9147222232570122
31.847284588144174,1.2374349941070677,2025-03-13T21:30:00Z,4,4,4,4,4,4,1,0,0,4,-1.6966978037241438,0.0108197260620269,,,,,,,,28.9957347340741,-2.1237121517264264,0.0,PS_051,,,2.841096126170403
31.355787939443328,1.1955000162124632,2025-03-13T21:45:00Z,4,4,4,4,4,4,1,0,0,4,-1.8718609022264796,0.11368982733490098,,,,,,,,28.113092432880094,-2.440577659040545,0.0,PS_051,,,2.023534823613503
31.027188183755236,1.1955000162124634,2025-03-13T22:00:00Z,3,3,3,3,3,3,1,0,0,3,-1.9350878660194393,-0.09338196161533684,,,,,,,,27.634842922114277,-2.679966851072865,0.0,PS_051,,,2.8761045642067327
30.72559815947561,1.1955000162124632,2025-03-13T22:15:00Z,4,4,4,4,4,4,1,0,0,4,-1.906874721574343,0.10361259275897225,,,,,,,,27.471172282775072,-2.4448484213705104,0.0,PS_051,,,1.278313992942754
30.110855430694965,1.1955000162124636,2025-03-13T22:30:00Z,3,3,3,3,3,3,1,0,0,3,-2.1935875489877907,0.05288903589298258,,,,,,,,26.169955514078136,-2.6041834126506287,0.0,PS_051,,,0.5516792546396352
29.98023500001089,1.1955000162124636,2025-03-13T22:45:00Z,4,4,4,4,4,4,1,0,0,4,-2.0999162514671696,0.1590332864037227,,,,,,,,25.563862827603426,-2.8273488307531487,0.0,PS_051,,,0.0774693307364621
29.59291373428836,1.1955000162124634,2025-03-13T23:00:00Z,3,3,3,3,3,3,1,0,0,3,-1.9914186903247824,-0.03017906764761057,,,,,,,,24.970343074603694,-2.6061529813206623,0.0,PS_051,,,0.028200331037526533
29.068198565785362,1.1955000162124634,2025-03-13T23:15:00Z,4,4,4,4,4,4,1,0,0,4,-1.8341742064213662,0.12348989436706699,,,,,,,,24.930500828245727,-2.487222223176879,0.0,PS_051,,,0.20642887867530796
28.69232150570224,1.1955000162124632,2025-03-13T23:30:00Z,3,3,3,3,3,3,1,0,0,3,-2.024247445046032,-0.14658146583012502,,,,,,,,24.28895091000359,-1.9518736502027785,0.0,PS_051,,,0.7912990207974755
28.67811567775142,1.1955000162124634,2025-03-13T23:45:00Z,4,4,4,4,4,4,1,0,0,4,-1.9001634737610331,-0.19174558774561531,,,,,,,,24.688328395085627,-2.0270298530533744,0.0,PS_051,,,1.2287207595112093
28.778481408433098,1.1955000162124634,2025-03-14T00:00:00Z,4,4,4,4,4,4,1,0,0,4,-1.7707049198153408,0.19946456564722972,,,,,,,,25.100000381469727,-2.2888085954663016,0.0,PS_051,,,0.8722203654019136
28.41145711592364,1.1955000162124634,2025-03-14T00:15:00Z,3,3,3,3,3,3,1,0,0,3,-1.8201606395308403,0.024593966844698948,,,,,,,,24.71039370193382,-2.7713810549371813,0.0,PS_051,,,0.5738809594160118
28.45457906978042,1.1955000162124634,2025-03-14T00:30:00Z,4,4,4,4,4,4,1,0,0,4,-1.9240300024327441,0.005620135111852265,,,,,,,,24.97453832402209,-2.7698713002266118,0.0,PS_051,,,1.6894668225123963
28.15031913995898,1.1955000162124634,2025-03-14T00:45:00Z,4,4,4,4,4,4,1,0,0,4,-1.8250927998193391,-0.07599034767642858,,,,,,,,24.20051433490889,-2.1639300333452196,0.0,PS_051,,,0.3029373695402172
28.3074938554685,1.1955000162124634,2025-03-14T01:00:00Z,3,3,3,3,3,3,1,0,0,3,-2.012752250743389,-0.17574228940869685,,,,,,,,23.965863466738792,-2.5262631571376715,0.0,PS_051,,,0.5051412127883562
28.046976962919732,1.1955000162124636,2025-03-14T01:15:00Z,4,4,4,4,4,4,1,0,0,4,-1.787611732878106,-0.011354439455126571,,,,,,,,23.94030850285774,-2.2923422009308583,0.0,PS_051,,,0.30494090812691704
27.79333717639807,1.1955000162124634,2025-03-14T01:30:00Z,3,3,3,3,3,3,1,0,0,3,-1.742057462473924,-0.042326098994685944,,,,,,,,23.5,-1.883374225872882,0.0,PS_051,,,0.919652529211669
27.641933611791334,1.1955000162124632,2025-03-14T01:45:00Z,4,4,4,4,4,4,1,0,0,4,-1.9114939152696409,0.1332971761950275,,,,,,,,23.45312004883962,-1.9988586904069676,0.0,PS_051,,,0.33174777445073084
27.004065459974687,1.1955000162124634,2025-03-14T02:00:00Z,4,4,4,4,4,4,1,0,0,4,-1.8341682761505802,-0.15307799351472978,,,,,,,,22.838828043456058,-2.1054134066354924,0.0,PS_051,,,0.5534161148515915
26.95452801502412,1.1955000162124634,2025-03-14T02:15:00Z,3,3,3,3,3,3,1,0,0,3,-1.8397279975438587,0.27889149863702095,,,,,,,,23.364073461622617,-2.5104779467527805,0.0,PS_051,,,2.6242168869878726
26.99052320672372,1.1955000162124634,2025-03-14T02:30:00Z,4,4,4,4,4,4,1,0,0,4,-1.7626834682601384,-0.007904762319597426,,,,,,,,23.056567347254987,-2.683788428961378,0.0,PS_051,,,0.5886829085333223
26.663410649299177,1.1955000162124636,2025-03-14T02:45:00Z,4,4,4,4,4,4,1,0,0,4,-2.1360920778284775,-0.13959063775713323,,,,,,,,23.074809152563322,-2.3963451635524367,0.0,PS_051,,,1.8817548384067873
26.97527190384268,1.1955000162124634,2025-03-14T03:00:00Z,3,3,3,3,3,3,1,0,0,3,-1.8895394683495972,-0.27299802555092234,,,,,,,,23.97535644844127,-2.3870805660148533,0.0,PS_051,,,1.9168996572288153
27.12451171282567,1.1955000162124636,2025-03-14T03:15:00Z,4,4,4,4,4,4,1,0,0,4,-1.630516109782015,0.018907128940027624,,,,,,,,24.03606102329285,-2.216231489343202,0.0,PS_051,,,1.9207626042299042
26.91654848102183,1.1955000162124634,2025-03-14T03:30:00Z,4,4,4,4,4,4,1,0,0,4,-1.7214956286870526,-0.028943370552620074,,,,,,,,23.972278506013872,-2.140831466055075,0.0,PS_051,,,2.7885401647916312
26.5743729449913,1.1955000162124634,2025-03-14T03:45:00Z,3,3,3,3,3,3,1,0,0,3,-1.6639814343611221,-0.053291928070631454,,,,,,,,23.546058454072693,-1.957508565960639,0.0,PS_051,,,1.0608040140804853
25.986466012677095,1.1955000162124634,2025-03-14T04:00:00Z,4,4,4,4,4,4,1,0,0,4,-1.5906771130340838,-0.0830689523089185,,,,,,,,22.929747703511183,-1.805078070396453,0.0,PS_051,,,1.5929599872260658
25.586586837287808,1.1955000162124634,2025-03-14T04:15:00Z,4,4,4,4,4,4,1,0,0,4,-1.7347441805090877,-0.02511131477400358,,,,,,,,22.26746195181897,-1.6354431553063449,0.0,PS_051,,,1.0364715161950935
25.733681953653278,1.1955000162124634,2025-03-14T04:30:00Z,3,3,3,3,3,3,1,0,0,3,-2.0955196552687654,0.05777098292543334,,,,,,,,22.35752852738715,-2.544328661621375,0.0,PS_051,,,1.1531680476468562
25.763271411298447,1.1955000162124636,2025-03-14T04:45:00Z,4,4,4,4,4,4,1,0,0,4,-1.8041391642083346,-0.2465875885030259,,,,,,,,22.87534290886516,-1.9184269873152309,0.0,PS_051,,,2.435529433195504
25.903856977031634,1.1955000162124632,2025-03-14T05:00:00Z,4,4,4,4,4,4,1,0,0,4,-1.6877620359578467,0.01757093585257385,,,,,,,,23.200000762939453,-1.8146061932207238,0.0,PS_051,,,2.4942878178994587
25.753690742297444,1.1955000162124632,2025-03-14T05:15:00Z,3,3,3,3,3,3,1,0,0,3,-1.7757415147827582,-0.07379833371381435,,,,,,,,22.95372609226119,-2.50238160442653,0.0,PS_051,,,2.1970649919287677
25.706950189906845,1.1955000162124634,2025-03-14T05:30:00Z,4,4,4,4,4,4,1,0,0,4,-1.6237239148553002,-0.16861234984042842,,,,,,,,22.742265812088757,-1.988175805820466,0.0,PS_051,,,2.3348002764819165
25.485461717769475,1.1955000162124634,2025-03-14T05:45:00Z,4,4,4,4,4,4,1,0,0,4,-1.5967140079261388,-0.2121461215663919,,,,,,,,22.700000762939453,-1.5908939898223402,0.0,PS_051,,,2.5118796412016073
25.31670855711838,1.1955000162124634,2025-03-14T06:00:00Z,3,3,3,3,3,3,1,0,0,3,-1.5915661622517592,0.1268553696516684,,,,,,,,22.399999618530277,-1.5089511994854334,0.0,PS_051,,,2.680809599750389
25.285322154355583,1.1955000162124636,2025-03-14T06:15:00Z,4,4,4,4,4,4,1,0,0,4,-1.646107962653657,-0.005352260048790639,,,,,,,,22.399999618530273,-1.9053307973695313,0.0,PS_051,,,1.9408225059822584
25.180000305175778,1.1955000162124636,2025-03-14T06:30:00Z,3,3,3,3,3,3,1,0,0,3,-1.5135583292868313,0.017492630462866685,,,,,,,,22.399999618530273,-1.5823522044820029,0.0,PS_051,,,2.6814780971690015
25.199637976298828,1.1955000162124634,2025-03-14T06:45:00Z,4,4,4,4,4,4,1,0,0,4,-1.5705925745771634,-0.21739733085406462,,,,,,,,22.497578328907245,-1.7602959401702185,0.0,PS_051,,,3.4871142273965807
25.013929245328345,1.1955000162124634,2025-03-14T07:00:00Z,4,4,4,4,4,4,1,0,0,4,-1.504411014031131,-0.032943508782595284,,,,,,,,22.051489877989745,-2.0922761772509846,0.0,PS_051,,,1.7684322827595054
24.89435113520496,1.1955000162124636,2025-03-14T07:15:00Z,3,3,3,3,3,3,1,0,0,3,-1.4970730053129604,0.04129932058050622,,,,,,,,22.06332011106501,-1.8739727537006756,0.0,PS_051,,,1.8368283389466
24.710064968666057,1.1955000162124636,2025-03-14T07:30:00Z,4,4,4,4,4,4,1,0,0,4,-1.6133235387092195,0.07321304812545656,,,,,,,,21.64745163155716,-2.1475799534883437,0.0,PS_051,,,2.180612977424635
24.50745517126839,1.1955000162124632,2025-03-14T07:45:00Z,4,4,4,4,4,4,1,0,0,4,-1.5607370809627452,0.10580887694991235,,,,,,,,21.607867526464148,-2.033704928832105,0.0,PS_051,,,1.5169030435144784
23.904788619072416,1.1955000162124636,2025-03-14T08:00:00Z,3,3,3,3,3,3,1,0,0,3,-1.4268799326185728,0.11646115586568109,,,,,,,,21.241412292230674,-1.7787288278770712,0.0,PS_051,,,2.6817217522173684
23.62524617209102,1.2025704545736102,2025-03-14T08:15:00Z,4,4,4,4,4,4,1,0,0,4,-1.5077392375252128,0.13968160985237546,,,,,,,,20.632575748948558,-1.7992992877272915,0.0,PS_051,,,1.2761771777339355
23.292420963762552,2.3224476630234103,2025-03-14T08:30:00Z,4,4,4,4,4,4,1,0,0,4,-1.2248863133742982,0.22422192507099703,,,,,,,,20.400395699735416,-1.52298179639446,0.0,PS_051,,,1.0281077007431678
23.344129622399446,8.055363176545013,2025-03-14T08:45:00Z,3,3,3,3,3,3,1,0,0,3,1.4737804463600659,1.2034747489927609,,,,,,,,19.999999999999996,0.2975611810611403,0.0,PS_051,,,1.2236179835688594
23.24774857620233,13.675414511704087,2025-03-14T09:00:00Z,4,4,4,4,4,4,1,0,0,4,11.416843697344863,2.3371703484178568,,,,,,,,20.41490023669254,10.542948610089184,0.0,PS_051,,,1.0431742746065533
23.57835135952495,6.643102195652615,2025-03-14T09:15:00Z,3,3,3,3,3,3,1,0,0,3,52.472572214493916,10.503250007947717,,,,,,,,20.827848517866297,65.09245886303263,0.0,PS_051,,,0.8486113059004323
23.971804530218883,10.819138419555854,2025-03-14T09:30:00Z,4,4,4,4,4,4,1,0,0,4,98.96198059603229,18.308297473639982,,,,,,,,23.002540154520993,194.78873968205443,0.0,PS_051,,,1.0557479159120684
24.522151855996324,15.520965673450506,2025-03-14T09:45:00Z,4,4,4,4,4,4,1,0,0,4,156.9258247643066,26.011006351056377,,,,,,,,25.584310870928263,333.3763360132195,0.0,PS_051,,,2.0704660214062214
25.240339538947033,8.30462297900743,2025-03-14T10:00:00Z,3,3,3,3,3,3,1,0,0,3,208.98204880000563,41.06712545765327,,,,,,,,28.37135409098499,493.88197418649713,0.0,PS_051,,,2.0841077505404138
25.85643468290934,5.751976788361284,2025-03-14T10:15:00Z,4,4,4,4,4,4,1,0,0,4,271.5476389698063,60.65805386626367,,,,,,,,31.687275666999188,642.7858744847582,0.0,PS_051,,,1.8376245484448415
26.266531137906103,7.177697250727663,2025-03-14T10:30:00Z,3,3,3,3,3,3,1,0,0,3,334.07880652573436,76.89768212326547,,,,,,,,36.20126323257345,791.4309492379235,0.0,PS_051,,,1.8773619452539885
26.940495786215635,7.645985565315436,2025-03-14T10:45:00Z,4,4,4,4,4,4,1,0,0,4,400.68861292836334,87.62703353670742,,,,,,,,42.5079739445346,899.2203327297187,0.0,PS_051,,,0.6988012624364439
27.845474409644996,20.093616627996717,2025-03-14T11:00:00Z,4,4,4,4,4,4,1,0,0,4,464.7001477947888,95.68420016711545,,,,,,,,47.3099166193666,939.8240880586387,0.0,PS_051,,,1.2124804907008084
28.806333662344283,5.834898536971579,2025-03-14T11:15:00Z,3,3,3,3,3,3,1,0,0,3,524.5815109425351,101.97349018284265,,,,,,,,49.18849343261383,967.9541963240825,0.0,PS_051,,,2.552798510557051
28.59470625878523,10.007271276074544,2025-03-14T11:30:00Z,4,4,4,4,4,4,1,0,0,4,581.1103937078076,109.18241375687778,,,,,,,,46.421351766847415,988.1697205305034,0.0,PS_051,,,2.161698041273348
29.053033767582615,18.390854156904627,2025-03-14T11:45:00Z,4,4,4,4,4,4,1,0,0,4,635.1344593231308,114.72381255972033,,,,,,,,46.1187170343813,1007.9172986832243,0.0,PS_051,,,1.0764180893004647
29.999493926451528,19.250104678275466,2025-03-14T12:00:00Z,3,3,3,3,3,3,1,0,0,3,687.1480697991265,120.73257064050887,,,,,,,,47.47934018792428,1029.14128748352,0.0,PS_051,,,2.6402087355509067
29.93306408667002,7.54758271823613,2025-03-14T12:15:00Z,4,4,4,4,4,4,1,0,0,4,743.0879035603687,126.7431335702959,,,,,,,,45.390633883180904,1042.419509917758,0.0,PS_051,,,2.7230947166621
30.492442731904134,8.928664560991475,2025-03-14T12:30:00Z,3,3,3,3,3,3,1,0,0,3,800.2266442365855,131.38958902524064,,,,,,,,44.742508250412676,1052.053527798594,0.0,PS_051,,,1.1447005782441835
30.819105452949977,9.253174169176393,2025-03-14T12:45:00Z,4,4,4,4,4,4,1,0,0,4,856.6502115202919,135.5422324717741,,,,,,,,45.10554241688225,1061.3349586581242,0.0,PS_051,,,2.370098934394289
32.07173233226176,7.857183716142125,2025-03-14T13:00:00Z,4,4,4,4,4,4,1,0,0,4,899.8232921429217,139.43052417620103,,,,,,,,48.0141508070516,1065.6253801933467,0.0,PS_051,,,2.5092558629327377
32.08451806968271,8.610064550352151,2025-03-14T13:15:00Z,3,3,3,3,3,3,1,0,0,3,939.6418638720049,143.4923812856081,,,,,,,,48.347176584588645,1074.4749429340397,0.0,PS_051,,,1.556284393551995
32.333890876272385,8.242029187718865,2025-03-14T13:30:00Z,4,4,4,4,4,4,1,0,0,4,972.7769964196881,146.6126405582137,,,,,,,,47.685150748365416,1078.6107373255034,0.0,PS_051,,,1.5270436144984834
32.82849978999853,12.53344087113689,2025-03-14T13:45:00Z,3,3,3,3,3,3,1,0,0,3,1000.3482645064931,150.39431006241375,,,,,,,,44.35485266175067,1086.8365538938308,0.0,PS_051,,,3.1514138144872774
32.714054018543514,11.211373968539522,2025-03-14T14:00:00Z,4,4,4,4,4,4,1,0,0,4,1032.9242681785859,154.1221225780635,,,,,,,,48.58786535324923,1099.920381711384,0.0,PS_051,,,1.7532349525958995
33.862494561307614,5.802411441316165,2025-03-14T14:15:00Z,4,4,4,4,4,4,1,0,0,4,1064.4377504876738,158.76006597758104,,,,,,,,48.75754971357141,1117.7336520807173,0.0,PS_051,,,2.7938463229882924
34.277012858146435,22.93013232359781,2025-03-14T14:30:00Z,3,3,3,3,3,3,1,0,0,3,1101.3462356016346,166.0917503349187,,,,,,,,46.116236620631675,1143.8864225290754,0.0,PS_051,,,1.8161602031582287
34.24084844632381,12.731457401087145,2025-03-14T14:45:00Z,4,4,4,4,4,4,1,0,0,4,1123.9054010032612,171.41311491817703,,,,,,,,47.95566140718916,1160.08373787301,0.0,PS_051,,,2.276375253173199
34.569500194719964,5.77072095924815,2025-03-14T15:00:00Z,3,3,3,3,3,3,1,0,0,3,1000.9490212669954,148.1049051741612,,,,,,,,51.95656069978763,1031.7256333791986,0.0,PS_051,,,1.6865301816797116
35.42636882729264,12.288769147494879,2025-03-14T15:15:00Z,4,4,4,4,4,4,1,0,0,4,1097.5443656513216,164.94155022577462,,,,,,,,49.26456270920759,1131.4384580189035,0.0,PS_051,,,2.9145857651013345
35.40136947849398,16.559265260207138,2025-03-14T15:30:00Z,4,4,4,4,4,4,1,0,0,4,469.62634535024904,76.00056719820833,,,,,,,,47.536172703468175,501.726558226635,0.0,PS_051,,,2.5212894815007316
35.68529846806016,15.486786873907041,2025-03-14T15:45:00Z,3,3,3,3,3,3,1,0,0,3,1124.231015691708,178.05638500168124,,,,,,,,47.70551870205014,1206.5759802483856,0.0,PS_051,,,2.7420887417439013
37.26331876001189,10.764760387762433,2025-03-14T16:00:00Z,4,4,4,4,4,4,1,0,0,4,1221.5854653773663,194.71929551837619,,,,,,,,57.27555551215457,1302.5669367785933,0.0,PS_051,,,2.1300810122569125
36.263273519322524,17.74612089835798,2025-03-14T16:15:00Z,3,3,3,3,3,3,1,0,0,3,1081.7848398943072,172.7696016963701,,,,,,,,53.23886465810671,1199.6177615550596,0.0,PS_051,,,3.5562011632966675
36.61096960056259,17.712180203721914,2025-03-14T16:30:00Z,4,4,4,4,4,4,1,0,0,4,1089.6669441431245,179.81272707035836,,,,,,,,55.86229605229092,1228.9537292361688,0.0,PS_051,,,2.440645577081871
37.81553684111556,8.424075990343777,2025-03-14T16:45:00Z,4,4,4,4,4,4,1,0,0,4,1071.2995991335922,177.7494154467602,,,,,,,,63.55226493642792,1238.6660880656618,0.0,PS_051,,,3.0545013800404215
36.13869337675201,5.7799440102514055,2025-03-14T17:00:00Z,3,3,3,3,3,3,1,0,0,3,792.7544800375454,131.03788235607632,,,,,,,,53.34225825870035,948.8904939230224,0.0,PS_051,,,1.803754116997396
37.00285663922746,8.128650102568235,2025-03-14T17:15:00Z,4,4,4,4,4,4,1,0,0,4,804.3439522717644,139.77330656266003,,,,,,,,52.31756814047904,1023.7797217121667,0.0,PS_051,,,1.536097857331972
37.43561246921305,19.106957969704055,2025-03-14T17:30:00Z,3,3,3,3,3,3,1,0,0,3,893.3491047169442,157.56231611552835,,,,,,,,51.831651189015425,1179.1315649470864,0.0,PS_051,,,4.485149785181188
36.411994182777995,16.778245262882788,2025-03-14T17:45:00Z,4,4,4,4,4,4,1,0,0,4,812.455019364791,145.14548692584384,,,,,,,,53.26723709121497,1140.2396946230745,0.0,PS_051,,,2.8669438979263413
37.34056657296655,12.816728349608516,2025-03-14T18:00:00Z,4,4,4,4,4,4,1,0,0,4,733.8102174782166,133.6739366576086,,,,,,,,55.024401853263285,1094.5186212740625,0.0,PS_051,,,2.2099333623574045
36.65573751342552,19.906491332141584,2025-03-14T18:15:00Z,3,3,3,3,3,3,1,0,0,3,683.4325131511782,129.97624737679863,,,,,,,,48.28562578286432,1089.3436229557205,0.0,PS_051,,,4.107058281560284
36.68668843691867,13.997950543536493,2025-03-14T18:30:00Z,4,4,4,4,4,4,1,0,0,4,571.2227160236185,114.59848834173823,,,,,,,,51.71423756891066,967.1081867504929,0.0,PS_051,,,4.31723891572257
36.914974056166976,5.805065563226693,2025-03-14T18:45:00Z,3,3,3,3,3,3,1,0,0,3,549.5420456452666,118.06409626959824,,,,,,,,51.80220268485924,1038.3359751026076,0.0,PS_051,,,2.1594296966542075
35.64538115439202,13.943784551849207,2025-03-14T19:00:00Z,4,4,4,4,4,4,1,0,0,4,198.89693120217228,54.62209980003969,,,,,,,,43.57293360214523,381.7635570238055,0.0,PS_051,,,3.225084922582945
35.94158535897561,10.889850603041694,2025-03-14T19:15:00Z,4,4,4,4,4,4,1,0,0,4,337.76651983610606,81.3449465055074,,,,,,,,41.24805822643563,762.8751601263392,0.0,PS_051,,,2.9487756435573287
35.0454006515312,11.59253933764177,2025-03-14T19:30:00Z,3,3,3,3,3,3,1,0,0,3,115.76608319598736,32.65258801844682,,,,,,,,38.591577454639754,245.021953830451,0.0,PS_051,,,2.997512621180477
35.61171202249988,10.200902897838555,2025-03-14T19:45:00Z,4,4,4,4,4,4,1,0,0,4,175.72011529198537,44.33194053472806,,,,,,,,40.01671708613681,412.4784878944827,0.0,PS_051,,,2.3242811810738733
35.71541597397487,16.73864806795389,2025-03-14T20:00:00Z,3,3,3,3,3,3,1,0,0,3,200.26898332707847,47.24644328454102,,,,,,,,39.24256972104872,471.4935063865318,0.0,PS_051,,,2.1397744950294224
35.367422524951884,11.819932803203784,2025-03-14T20:15:00Z,4,4,4,4,4,4,1,0,0,4,138.48407255435072,33.85063707277414,,,,,,,,36.42366591042495,317.4314625793509,0.0,PS_051,,,3.324660452824059
35.07210988695457,13.86666351529047,2025-03-14T20:30:00Z,3,3,3,3,3,3,1,0,0,3,80.9487956994092,28.126692861258206,,,,,,,,34.31679472297025,179.68972012880818,0.0,PS_051,,,2.092879551329123
34.404377883385486,12.4785724281398,2025-03-14T20:45:00Z,4,4,4,4,4,4,1,0,0,4,29.869065088710325,9.982208794920346,,,,,,,,32.05188639661393,40.023210637678794,0.0,PS_051,,,1.4435481052566677
33.19278820982274,13.865381383636134,2025-03-14T21:00:00Z,4,4,4,4,4,4,1,0,0,4,4.295382189709528,1.4460128283732319,,,,,,,,29.819414023680984,4.343105882054831,0.0,PS_051,,,1.7342212137089652
32.48762917351312,4.025200825726739,2025-03-14T21:15:00Z,3,3,3,3,3,3,1,0,0,3,-1.7271674435748134,0.31845265064632977,,,,,,,,28.965201235459887,-1.7597193990141395,0.0,PS_051,,,1.8565932470466888
31.86054876690451,1.2171665657451396,2025-03-14T21:30:00Z,4,4,4,4,4,4,1,0,0,4,-2.1615029601749907,-0.06159025941872856,,,,,,,,28.174325940469323,-2.8101350188101084,0.0,PS_051,,,1.4905807477060453
31.21003786270243,1.1955000162124634,2025-03-14T21:45:00Z,3,3,3,3,3,3,1,0,0,3,-2.1572242603177028,0.10132072641126412,,,,,,,,27.557003140360273,-2.737471183992699,0.0,PS_051,,,1.5182466251573463
30.923287964793857,1.1955000162124634,2025-03-14T22:00:00Z,4,4,4,4,4,4,1,0,0,4,-2.169049751932333,-0.03569236146455775,,,,,,,,27.295894176871226,-2.9905286262071575,0.0,PS_051,,,1.6134683709646636
30.66037640402669,1.1955000162124636,2025-03-14T22:15:00Z,3,3,3,3,3,3,1,0,0,3,-2.113245867610648,0.023756249449258644,,,,,,,,26.769711168666348,-2.9193361606908863,0.0,PS_051,,,1.35462992122092
30.110343359413335,1.1955000162124636,2025-03-14T22:30:00Z,4,4,4,4,4,4,1,0,0,4,-2.135386793363463,0.07029413725532825,,,,,,,,25.97093209505353,-3.2460700157838294,0.0,PS_051,,,0.657941198312476
29.367323992265383,1.1955000162124634,2025-03-14T22:45:00Z,4,4,4,4,4,4,1,0,0,4,-2.222080612020352,-0.19196077665447148,,,,,,,,24.526283010899764,-2.35975962852824,0.0,PS_051,,,0.21116154424812422
28.486150484064986,1.1955000162124634,2025-03-14T23:00:00Z,3,3,3,3,3,3,1,0,0,3,-2.1746634197450407,-0.29887797113570436,,,,,,,,23.799999237060547,-1.8371990400059741,0.0,PS_051,,,0.5656414042372879
28.03785124501881,1.1955000162124634,2025-03-14T23:15:00Z,4,4,4,4,4,4,1,0,0,4,-1.994821866474595,-0.14945899662799383,,,,,,,,23.546859035504106,-1.8128769628214243,0.0,PS_051,,,0.7077731035503317
27.632200540816264,1.1955000162124634,2025-03-14T23:30:00Z,3,3,3,3,3,3,1,0,0,3,-1.9543002836363046,0.19711411369181903,,,,,,,,23.22172740132238,-1.4562237918100986,0.0,PS_051,,,0.9003623802162793
27.516489162199388,1.1955000162124634,2025-03-14T23:45:00Z,4,4,4,4,4,4,1,0,0,4,-2.0227126686428223,0.03179061096982362,,,,,,,,23.09917243421629,-2.0593102659365514,0.0,PS_051,,,0.9597365875819298
27.961239457322947,1.1955000162124634,2025-03-15T00:00:00Z,3,3,3,3,3,3,1,0,0,3,-2.2508425230610656,-0.31647950192246377,,,,,,,,23.92162908547721,-3.4224473437442544,0.0,PS_051,,,1.3619336314615023
27.91973215009673,1.1955000162124634,2025-03-15T00:15:00Z,4,4,4,4,4,4,1,0,0,4,-1.9524906613156017,-0.022287202905120422,,,,,,,,24.124375846268663,-2.7028408608296366,0.0,PS_051,,,0.6567072892591991
28.13552348129625,1.1955000162124634,2025-03-15T00:30:00Z,4,4,4,4,4,4,1,0,0,4,-2.0887081021522933,-0.1093967649006473,,,,,,,,23.831519897765915,-3.0182674861068075,0.0,PS_051,,,0.4070168490303361
28.196040247960582,1.1955000162124632,2025-03-15T00:45:00Z,3,3,3,3,3,3,1,0,0,3,-1.8920307263266591,0.1271267239957904,,,,,,,,23.87888962239261,-2.479728782281652,0.0,PS_051,,,1.3473368023335266
27.881150497709474,1.1955000162124634,2025-03-15T01:00:00Z,4,4,4,4,4,4,1,0,0,4,-1.9547558877008608,-0.1341731774997044,,,,,,,,24.08574166626547,-2.7458350342719045,0.0,PS_051,,,0.48617741930936603
27.854744919427688,1.1955000162124634,2025-03-15T01:15:00Z,4,4,4,4,4,4,1,0,0,4,-1.903736191945139,-0.0180752119648738,,,,,,,,23.539312458852642,-2.1118564245734173,0.0,PS_051,,,0.5759654686867146
27.6742801250168,1.1955000162124634,2025-03-15T01:30:00Z,3,3,3,3,3,3,1,0,0,3,-2.0487850392716775,-0.420535189686554,,,,,,,,23.200000762939453,-2.2713529524142833,0.0,PS_051,,,1.0330104140308802
27.309721348920004,1.1955000162124634,2025-03-15T01:45:00Z,4,4,4,4,4,4,1,0,0,4,-1.8735520883912007,0.041036445893259964,,,,,,,,23.28311800758381,-1.9200245226194297,0.0,PS_051,,,1.3953717566445052
27.288150096494206,1.1955000162124634,2025-03-15T02:00:00Z,4,4,4,4,4,4,1,0,0,4,-1.8105915391260057,-0.04257368839594844,,,,,,,,23.206998147842977,-2.3175776458103994,0.0,PS_051,,,1.0199225062128074
27.566361254168143,1.1955000162124634,2025-03-15T02:15:00Z,3,3,3,3,3,3,1,0,0,3,-2.02561007559954,0.10372884026046972,,,,,,,,23.5,-3.1561451198097545,0.0,PS_051,,,1.307642943802394
26.130791434393565,1.1955000162124632,2025-03-15T02:30:00Z,4,4,4,4,4,4,1,0,0,4,-1.8806821627400683,-0.06342963318916399,,,,,,,,22.277545931898416,-1.9222666586796435,0.0,PS_051,,,0.3528498618486641
25.658504062819155,1.1955000162124636,2025-03-15T02:45:00Z,4,4,4,4,4,4,1,0,0,4,-1.7752874357786568,-0.2207736278718183,,,,,,,,21.523288808346113,-1.8880813434676245,0.0,PS_051,,,0.6917567317225501
25.352014744053786,1.1955000162124632,2025-03-15T03:00:00Z,3,3,3,3,3,3,1,0,0,3,-1.7188899073340507,0.18251819921864978,,,,,,,,21.165009417338553,-1.9083181982176998,0.0,PS_051,,,0.8027975661421018
24.94255804919229,1.1955000162124634,2025-03-15T03:15:00Z,4,4,4,4,4,4,1,0,0,4,-1.6338230123154422,0.032616611505783516,,,,,,,,21.188946991471873,-1.4065964145526324,0.0,PS_051,,,0.9931940344461857
24.685084330499073,1.1955000162124634,2025-03-15T03:30:00Z,4,4,4,4,4,4,1,0,0,4,-1.6995917610756723,0.1065028875102986,,,,,,,,20.59504692046224,-2.0518404861367503,0.0,PS_051,,,0.5019875361453398
24.20972814966413,1.1955000162124634,2025-03-15T03:45:00Z,3,3,3,3,3,3,1,0,0,3,-1.637321418371844,0.10334638013478184,,,,,,,,20.750577452636634,-1.481862309222821,0.0,PS_051,,,0.7967248805755536
24.67773755888373,1.1955000162124634,2025-03-15T04:00:00Z,4,4,4,4,4,4,1,0,0,4,-1.9231254988752475,-0.09455922467659492,,,,,,,,20.480407392980798,-1.986203877752282,0.0,PS_051,,,1.3065223720135617
25.798532409335188,1.1955000162124636,2025-03-15T04:15:00Z,4,4,4,4,4,4,1,0,0,4,-1.865848393381953,0.008159124163623336,,,,,,,,21.87488447180024,-2.0357982104672208,0.0,PS_051,,,1.7790447430984562
25.330461519370647,1.1955000162124634,2025-03-15T04:30:00Z,3,3,3,3,3,3,1,0,0,3,-1.7128118782428956,-0.050450518487021395,,,,,,,,21.710513152636707,-1.9718839826211796,0.0,PS_051,,,0.703430724496986
26.019994216451785,1.1955000162124632,2025-03-15T04:45:00Z,4,4,4,4,4,4,1,0,0,4,-2.123363440474024,-0.2114146310472429,,,,,,,,22.177114304761208,-2.67072087908121,0.0,PS_051,,,1.3803554669734304
26.078147411312894,1.1955000162124636,2025-03-15T05:00:00Z,3,3,3,3,3,3,1,0,0,3,-1.8205688316232653,-0.10241991920502867,,,,,,,,22.399999618530273,-2.496468390531042,0.0,PS_051,,,1.5774470797235014
25.64389428352846,1.1955000162124634,2025-03-15T05:15:00Z,4,4,4,4,4,4,1,0,0,4,-1.6778541967206897,-0.005528748888094144,,,,,,,,22.169089802085434,-2.34368647287315,0.0,PS_051,,,1.0624245109060895
25.434369754895965,1.1955000162124636,2025-03-15T05:30:00Z,4,4,4,4,4,4,1,0,0,4,-1.72865156072728,-0.18666524421294803,,,,,,,,21.73500009775092,-2.52929181099454,0.0,PS_051,,,0.7464155360038485
24.575649530088874,1.1955000162124636,2025-03-15T05:45:00Z,3,3,3,3,3,3,1,0,0,3,-1.501838413919484,-0.08050673157119845,,,,,,,,21.312301042834108,-2.024453626594906,0.0,PS_051,,,0.5718359714401469
24.012218505689827,1.1955000162124636,2025-03-15T06:00:00Z,4,4,4,4,4,4,1,0,0,4,-1.5692106433373156,-0.007233057695938741,,,,,,,,20.500000000000004,-2.148688742802575,0.0,PS_051,,,1.1467084885208652
24.870735315473258,1.1955000162124634,2025-03-15T06:15:00Z,4,4,4,4,4,4,1,0,0,4,-2.1159300203823763,-0.3943986429045661,,,,,,,,21.309428561304365,-2.8495554932157843,0.0,PS_051,,,1.6760743284389723
24.99161533337182,1.1955000162124634,2025-03-15T06:30:00Z,3,3,3,3,3,3,1,0,0,3,-1.7154322326240947,0.05358475994464267,,,,,,,,21.599751346247327,-2.1151646899287435,0.0,PS_051,,,1.179462731320169
24.58780294697461,1.1955000162124634,2025-03-15T06:45:00Z,4,4,4,4,4,4,1,0,0,4,-1.5840669402299854,0.015297410121980768,,,,,,,,21.22075040109926,-2.346415735198072,0.0,PS_051,,,1.6721391426323704
24.278146473489784,1.1955000162124632,2025-03-15T07:00:00Z,4,4,4,4,4,4,1,0,0,4,-1.6917773069908597,-0.030373226410159725,,,,,,,,20.938614385428092,-2.2748207631434645,0.0,PS_051,,,2.2362100188104113
24.66720150848238,1.1955000162124632,2025-03-15T07:15:00Z,3,3,3,3,3,3,1,0,0,3,-1.7023612803890107,-0.11936830211279403,,,,,,,,21.322203583381853,-1.9875633183357082,0.0,PS_051,,,0.8643748020701448
24.085882133169743,1.1955000162124632,2025-03-15T07:30:00Z,4,4,4,4,4,4,1,0,0,4,-1.717477517242481,-0.03794003439672819,,,,,,,,20.592479025337816,-1.9788427877660437,0.0,PS_051,,,0.8095084267884066
23.237437269516732,1.1955000162124634,2025-03-15T07:45:00Z,4,4,4,4,4,4,1,0,0,4,-1.8748328973936788,0.010343319616550656,,,,,,,,19.48138238468975,-2.0747939765331203,0.0,PS_051,,,0.4801288042118549
23.566923533166857,1.1955000162124634,2025-03-15T08:00:00Z,3,3,3,3,3,3,1,0,0,3,-1.546900565413457,-0.09722461771596798,,,,,,,,19.882732935575177,-2.7742010372154025,0.0,PS_051,,,0.6633324089652732
23.28086178047943,1.2033879185891116,2025-03-15T08:15:00Z,4,4,4,4,4,4,1,0,0,4,-1.6514326382216613,0.058949354980864316,,,,,,,,19.305514105959666,-2.652685457280082,0.0,PS_051,,,0.3494976040318763
22.746105166229935,2.0019369498075106,2025-03-15T08:30:00Z,3,3,3,3,3,3,1,0,0,3,-1.5304138509371055,0.14657979520871803,,,,,,,,19.65343314711785,-2.169663514037664,0.0,PS_051,,,2.305637628125025
22.889014866723578,6.657872111511138,2025-03-15T08:45:00Z,4,4,4,4,4,4,1,0,0,4,1.5276659999805997,1.2036540793017134,,,,,,,,19.439885401970024,0.22584423144538004,0.0,PS_051,,,0.7489805030340735
22.979168626945732,7.484164979941284,2025-03-15T09:00:00Z,4,4,4,4,4,4,1,0,0,4,13.516444984494372,2.7677445093606092,,,,,,,,19.399999618530273,10.035919935540031,0.0,PS_051,,,0.4485799220392906
23.28785632070217,13.230143010225571,2025-03-15T09:15:00Z,3,3,3,3,3,3,1,0,0,3,55.089958781350454,11.133649312764577,,,,,,,,20.248665832859924,73.95894263648928,0.0,PS_051,,,0.7610693908125172
23.762152209939778,13.910127332785772,2025-03-15T09:30:00Z,4,4,4,4,4,4,1,0,0,4,102.47990521799694,19.031099240747256,,,,,,,,22.55771974946677,202.14921370663623,0.0,PS_051,,,1.3940363884442333
24.527719764369795,7.105262082158693,2025-03-15T09:45:00Z,3,3,3,3,3,3,1,0,0,3,156.388073089799,26.06528938688222,,,,,,,,25.137657044597837,336.1030654477466,0.0,PS_051,,,1.829919077331303
25.328045625530784,14.841032519769621,2025-03-15T10:00:00Z,4,4,4,4,4,4,1,0,0,4,210.93666041748588,40.686489931515254,,,,,,,,28.39721879545813,494.2181187588707,0.0,PS_051,,,1.2263095483105013
25.904140068998377,20.628199959924313,2025-03-15T10:15:00Z,4,4,4,4,4,4,1,0,0,4,274.3654479458237,61.6082823783791,,,,,,,,31.731040286142893,646.5398393104915,0.0,PS_051,,,1.4739300454932538
26.787140208726807,5.78308716590109,2025-03-15T10:30:00Z,3,3,3,3,3,3,1,0,0,3,335.9952004496012,77.64073676836202,,,,,,,,37.19565860362509,790.2023600321003,0.0,PS_051,,,1.336042416781507
27.249944388919978,13.038274219164542,2025-03-15T10:45:00Z,4,4,4,4,4,4,1,0,0,4,401.67755018025105,87.85735754778914,,,,,,,,43.42105537826956,899.7845420599252,0.0,PS_051,,,0.6369834322536075
28.214660234157485,5.829327434484356,2025-03-15T11:00:00Z,4,4,4,4,4,4,1,0,0,4,468.98243288223244,96.227779331788,,,,,,,,46.556804502509884,947.2299786863674,0.0,PS_051,,,1.4065836983200153
28.484398341600652,5.828762449841751,2025-03-15T11:15:00Z,3,3,3,3,3,3,1,0,0,3,531.7403946434926,103.85492081272139,,,,,,,,46.05123480122022,982.6559709660764,0.0,PS_051,,,1.335811806286037
28.921452283375405,15.089022395173147,2025-03-15T11:30:00Z,4,4,4,4,4,4,1,0,0,4,589.9985270637796,110.25076242139617,,,,,,,,47.681983629743264,1004.2133237188682,0.0,PS_051,,,1.70781188458014
29.333435802760054,8.835365539031686,2025-03-15T11:45:00Z,3,3,3,3,3,3,1,0,0,3,644.3078480158766,116.13365293181535,,,,,,,,46.071395547235866,1026.6744784419432,0.0,PS_051,,,1.782352092600617
30.297521735494744,5.858219710881581,2025-03-15T12:00:00Z,4,4,4,4,4,4,1,0,0,4,693.6014977467598,121.76820209865399,,,,,,,,47.98143632095943,1041.0296235838207,0.0,PS_051,,,1.6872801942740527
30.21248275219481,11.438220572208971,2025-03-15T12:15:00Z,4,4,4,4,4,4,1,0,0,4,752.8633745809558,128.16049222609732,,,,,,,,45.16375208538472,1058.283395115257,0.0,PS_051,,,2.1707234259286734
30.8481120767915,20.21816469277334,2025-03-15T12:30:00Z,3,3,3,3,3,3,1,0,0,3,813.7180027173997,134.06055113069846,,,,,,,,42.4364602347821,1066.0225169236755,0.0,PS_051,,,3.5644029579904104
31.318850561882172,9.315667386107457,2025-03-15T12:45:00Z,4,4,4,4,4,4,1,0,0,4,869.223891304916,138.56187926252204,,,,,,,,46.60911657859868,1075.3279754350897,0.0,PS_051,,,2.0017163238586457
31.665102169832544,14.118658015263417,2025-03-15T13:00:00Z,4,4,4,4,4,4,1,0,0,4,928.2612548799109,145.24251597377548,,,,,,,,45.62554258311164,1098.3330201895642,0.0,PS_051,,,1.8045989359750527
32.51254041545532,18.42774741334584,2025-03-15T13:15:00Z,3,3,3,3,3,3,1,0,0,3,990.1758612339015,154.47315997842213,,,,,,,,49.75752730956261,1116.194181669495,0.0,PS_051,,,1.3440233555118746
32.919995718284994,13.977086068415963,2025-03-15T13:30:00Z,4,4,4,4,4,4,1,0,0,4,1007.1055761653489,154.39753249046882,,,,,,,,52.69072416360965,1111.7752294518805,0.0,PS_051,,,1.1824420568994174
31.8420249494119,8.495773892747527,2025-03-15T13:45:00Z,3,3,3,3,3,3,1,0,0,3,331.13926984275884,54.366881470322525,,,,,,,,42.14442720176105,347.7572424843967,0.0,PS_051,,,3.1219860627951235
32.83978973874413,12.791906156727936,2025-03-15T14:00:00Z,4,4,4,4,4,4,1,0,0,4,994.3700410657701,149.4568869939114,,,,,,,,42.10064414536275,1059.896559842721,0.0,PS_051,,,3.355369242992094
33.96152750501029,13.696235253721644,2025-03-15T14:15:00Z,4,4,4,4,4,4,1,0,0,4,1054.1897868820809,157.01962803560028,,,,,,,,49.780313337694814,1105.2107716327832,0.0,PS_051,,,3.151258896624501
34.150435796478064,20.200798268921833,2025-03-15T14:30:00Z,3,3,3,3,3,3,1,0,0,3,1063.8175113055277,160.55318156601078,,,,,,,,48.02751645633172,1111.337023195261,0.0,PS_051,,,1.697290237764785
34.54494619178584,14.422766754488132,2025-03-15T14:45:00Z,4,4,4,4,4,4,1,0,0,4,1061.8671893867918,157.8562538397836,,,,,,,,48.12386762579782,1101.459753454829,0.0,PS_051,,,3.1491617613258844
34.62146901796306,17.516836833490537,2025-03-15T15:00:00Z,3,3,3,3,3,3,1,0,0,3,1064.9346235876244,158.17745735128594,,,,,,,,46.35162975076162,1097.812016076057,0.0,PS_051,,,3.2705839573117874
35.444975027609445,12.7469954581262,2025-03-15T15:15:00Z,4,4,4,4,4,4,1,0,0,4,1065.61111031849,158.03985372343726,,,,,,,,48.16739358146882,1098.566459173271,0.0,PS_051,,,1.9185358118838796
35.74302327267794,8.033902909848004,2025-03-15T15:30:00Z,4,4,4,4,4,4,1,0,0,4,1054.6387347788002,157.3870946445624,,,,,,,,48.97257809476919,1094.8058428045713,0.0,PS_051,,,4.303839076362214
35.73229805325648,9.95243011761611,2025-03-15T15:45:00Z,3,3,3,3,3,3,1,0,0,3,1049.5960000003868,158.3679337603888,,,,,,,,48.09131723374389,1102.9018123182439,0.0,PS_051,,,2.984809931611973
36.1653128617559,12.382610115037457,2025-03-15T16:00:00Z,4,4,4,4,4,4,1,0,0,4,1021.9899147234885,155.9564244114767,,,,,,,,51.25505775150958,1097.5713760932615,0.0,PS_051,,,2.9758291989244205
36.55273336562548,9.624349271547187,2025-03-15T16:15:00Z,3,3,3,3,3,3,1,0,0,3,995.6010462882956,155.06980499826798,,,,,,,,55.40251613769012,1096.9059343456724,0.0,PS_051,,,3.0557798498144435
37.17876308538314,9.558744446789463,2025-03-15T16:30:00Z,4,4,4,4,4,4,1,0,0,4,966.292024845156,152.99399830993536,,,,,,,,56.09844329473749,1096.468869864207,0.0,PS_051,,,2.695943681771783
36.56416797192529,17.717865469572306,2025-03-15T16:45:00Z,4,4,4,4,4,4,1,0,0,4,930.0627052145551,149.24611751118232,,,,,,,,53.00292786275552,1091.6277451635663,0.0,PS_051,,,1.512977739479318
36.42831834937178,5.789377071370926,2025-03-15T17:00:00Z,3,3,3,3,3,3,1,0,0,3,892.6196716030948,145.76852644796318,,,,,,,,52.12659253707299,1086.204183465984,0.0,PS_051,,,1.7100147006340805
37.474615848181934,7.845360047356439,2025-03-15T17:15:00Z,4,4,4,4,4,4,1,0,0,4,848.641373884682,141.89162326038374,,,,,,,,54.634551795104464,1075.480045205959,0.0,PS_051,,,2.6744614898213444
36.74864486337305,20.081010262852008,2025-03-15T17:30:00Z,3,3,3,3,3,3,1,0,0,3,817.7930982543348,138.4719714372613,,,,,,,,50.793229231596904,1084.8825854063996,0.0,PS_051,,,1.6280093160918894
37.12939510560759,12.23047044744564,2025-03-15T17:45:00Z,4,4,4,4,4,4,1,0,0,4,760.53670268401,131.15758961963226,,,,,,,,50.093551786290284,1064.3938371304591,0.0,PS_051,,,2.652786822043812
37.41891519163909,19.845708847895864,2025-03-15T18:00:00Z,4,4,4,4,4,4,1,0,0,4,705.4327822812476,125.44798727906428,,,,,,,,52.49922164108947,1050.2807313756714,0.0,PS_051,,,1.9766037986654552
37.265634637463464,17.02351509107539,2025-03-15T18:15:00Z,3,3,3,3,3,3,1,0,0,3,642.0263849278394,117.91697086312541,,,,,,,,50.56689601668915,1028.4508152999217,0.0,PS_051,,,3.871271355140991
37.432295933819205,9.801042002055354,2025-03-15T18:30:00Z,4,4,4,4,4,4,1,0,0,4,579.3104855463575,112.17221519516184,,,,,,,,51.39666462858088,1012.1593857684178,0.0,PS_051,,,2.8107762128736686
37.302985093437194,9.595777850129924,2025-03-15T18:45:00Z,3,3,3,3,3,3,1,0,0,3,516.3347857472572,105.98222482374094,,,,,,,,50.735265304098846,996.5831478177828,0.0,PS_051,,,1.7375721613553323
37.05760791528448,17.923351093131313,2025-03-15T19:00:00Z,4,4,4,4,4,4,1,0,0,4,449.2867747641931,97.6900842507105,,,,,,,,47.9332215672667,961.5487831786025,0.0,PS_051,,,3.965617052632689
36.660905268603166,22.028964584674924,2025-03-15T19:15:00Z,4,4,4,4,4,4,1,0,0,4,383.4852888462836,89.76006512604572,,,,,,,,47.934398684371374,912.4712057664755,0.0,PS_051,,,2.4411082244270927
36.51896629560463,5.77794378037779,2025-03-15T19:30:00Z,3,3,3,3,3,3,1,0,0,3,319.3386098849867,80.98164720251722,,,,,,,,46.34025850030794,777.9977104445142,0.0,PS_051,,,3.584803746420706
36.195806256246506,18.572770195678817,2025-03-15T19:45:00Z,4,4,4,4,4,4,1,0,0,4,256.8534398257816,63.306348623043455,,,,,,,,42.02818004956498,628.1830012761719,0.0,PS_051,,,2.8544573990656494
35.80843907706812,18.83321698580231,2025-03-15T20:00:00Z,3,3,3,3,3,3,1,0,0,3,197.50373589855843,45.95890508959972,,,,,,,,38.5487510183456,465.2909957758056,0.0,PS_051,,,4.174307345809925
35.30723127966638,7.2752087491321715,2025-03-15T20:15:00Z,4,4,4,4,4,4,1,0,0,4,138.34425440699283,34.17768283359269,,,,,,,,36.01014699300753,315.0630905281618,0.0,PS_051,,,4.141649227210345
34.76944346563154,14.304831502601619,2025-03-15T20:30:00Z,4,4,4,4,4,4,1,0,0,4,78.21978947581738,27.671088378448136,,,,,,,,33.890010620461474,168.76146557514065,0.0,PS_051,,,3.6959933480039866
33.921432598352105,7.368777043926446,2025-03-15T20:45:00Z,3,3,3,3,3,3,1,0,0,3,27.02704590650092,7.9395846923813425,,,,,,,,31.694374580887157,27.892192903855126,0.0,PS_051,,,3.1411763454922434
33.065770433134354,9.130290579772621,2025-03-15T21:00:00Z,4,4,4,4,4,4,1,0,0,4,4.926497724847862,1.3394490350283796,,,,,,,,30.235741930072365,5.7057270217106,0.0,PS_051,,,3.6394808383775654
32.52258152013602,5.587469401433291,2025-03-15T21:15:00Z,3,3,3,3,3,3,1,0,0,3,-1.0756237870997165,0.1931842876365309,,,,,,,,29.575724368138932,-0.41386131243843627,0.0,PS_051,,,2.496564944289118
32.13168552863037,1.2852764227088513,2025-03-15T21:30:00Z,4,4,4,4,4,4,1,0,0,4,-1.9168812475304364,-0.03955678726556188,,,,,,,,29.280570250284153,-2.170443687233931,0.0,PS_051,,,3.670397831265337
31.811283692766636,1.1955000162124632,2025-03-15T21:45:00Z,5,5,5,5,5,5,1,0,0,5,-1.994445218451588,0.03903001030047694,,,,,,,,28.806540235067107,-2.459810110566418,0.0,PS_051,,,2.9772056191495126
31.41598367420531,1.1955000162124632,2025-03-15T22:00:00Z,3,3,3,3,3,3,1,0,0,3,-1.9705450526526942,-0.034688773076185,,,,,,,,28.470872186061186,-2.2340255561864333,0.0,PS_051,,,3.4434471067455066
31.16894730195282,1.1955000162124636,2025-03-15T22:15:00Z,4,4,4,4,4,4,1,0,0,4,-1.9349363112291804,-0.10219768408054035,,,,,,,,28.058942278385455,-2.4264323518261772,0.0,PS_051,,,2.9241454423880198
30.90855362847924,1.1955000162124634,2025-03-15T22:30:00Z,3,3,3,3,3,3,1,0,0,3,-2.044649556281585,0.0770188016725969,,,,,,,,27.554499430635158,-2.554250008385137,0.0,PS_051,,,1.3152701133351263
30.050425077032994,1.1955000162124634,2025-03-15T22:45:00Z,4,4,4,4,4,4,1,0,0,4,-2.30826255229378,-0.08746902801622233,,,,,,,,25.886230386437973,-2.7610302250339376,0.0,PS_051,,,0.47647376734175634
29.529894108329508,1.1955000162124634,2025-03-15T23:00:00Z,3,3,3,3,3,3,1,0,0,3,-2.2453955797030942,-0.0397793108078136,,,,,,,,24.899999618530273,-2.2252370634291743,0.0,PS_051,,,0.7641118445208953
29.050288360732715,1.1955000162124636,2025-03-15T23:15:00Z,4,4,4,4,4,4,1,0,0,4,-2.559689110482166,-0.18116183946727984,,,,,,,,24.170691149600948,-1.9580690758420547,0.0,PS_051,,,0.6350263589083598
29.39059496872998,1.1955000162124632,2025-03-15T23:30:00Z,4,4,4,4,4,4,1,0,0,4,-2.39004464805635,-0.18457225669652466,,,,,,,,24.670288162471778,-2.7342245768806688,0.0,PS_051,,,0.19623430626434485
29.37297114564159,1.1955000162124632,2025-03-15T23:45:00Z,3,3,3,3,3,3,1,0,0,3,-2.409703188686871,-0.05838630277707656,,,,,,,,24.751902740994325,-3.39895268226546,0.0,PS_051,,,0.5148920544706276
29.410019376819573,1.1955000162124634,2025-03-16T00:00:00Z,4,4,4,4,4,4,1,0,0,4,-2.199896917900136,-0.1225149433922023,,,,,,,,24.96372022590865,-3.4096669039767438,0.0,PS_051,,,0.3730420327131469
28.506483447235585,1.1955000162124632,2025-03-16T00:15:00Z,3,3,3,3,3,3,1,0,0,3,-2.0724435285943255,-0.03290432419872799,,,,,,,,24.3484738237594,-2.944298443971969,0.0,PS_051,,,1.8279891171194775
28.007222271487283,1.1955000162124632,2025-03-16T00:30:00Z,4,4,4,4,4,4,1,0,0,4,-2.03241884492907,0.058439481191836236,,,,,,,,23.956207765696583,-2.5515015143758166,0.0,PS_051,,,0.9283081031791345
27.328682696170254,1.1955000162124634,2025-03-16T00:45:00Z,4,4,4,4,4,4,1,0,0,4,-2.0952157455464246,-0.08284970842045333,,,,,,,,23.059333542293167,-2.7468432575524253,0.0,PS_051,,,0.5620216260604759
27.732162479747377,1.1955000162124634,2025-03-16T01:00:00Z,3,3,3,3,3,3,1,0,0,3,-2.2172585402235754,-0.06394417613533024,,,,,,,,24.02152131242297,-3.3111455037526407,0.0,PS_051,,,2.3223188756403133
27.612248445930724,1.1955000162124634,2025-03-16T01:15:00Z,4,4,4,4,4,4,1,0,0,4,-2.1080274902348446,-0.08108428288038,,,,,,,,24.60000038146973,-2.4638363291307104,0.0,PS_051,,,3.298950272339023
27.39802073877624,1.1955000162124632,2025-03-16T01:30:00Z,4,4,4,4,4,4,1,0,0,4,-1.9080224387577873,0.0923420060805524,,,,,,,,24.21046937988798,-2.291365330411932,0.0,PS_051,,,2.7672366838459292
27.144321968590123,1.1955000162124634,2025-03-16T01:45:00Z,3,3,3,3,3,3,1,0,0,3,-1.8610408241049656,0.1266026861479452,,,,,,,,23.999999999999996,-2.38895236157999,0.0,PS_051,,,1.9893146312068546
26.656258181977332,1.1955000162124632,2025-03-16T02:00:00Z,4,4,4,4,4,4,1,0,0,4,-1.9203607166756034,-0.13870940026721545,,,,,,,,23.284212143949244,-2.486376122066792,0.0,PS_051,,,1.478986675634966
26.238576970334197,1.1955000162124634,2025-03-16T02:15:00Z,4,4,4,4,4,4,1,0,0,4,-1.9599646126576662,0.010413782958736854,,,,,,,,22.156334702976846,-2.318595403074084,0.0,PS_051,,,0.3995050369546418
25.95864183849346,1.1955000162124634,2025-03-16T02:30:00Z,3,3,3,3,3,3,1,0,0,3,-2.112438926237102,-0.12636000605701975,,,,,,,,21.12896010353872,-1.933829624378423,0.0,PS_051,,,0.3410908280498538
25.99381070080632,1.1955000162124634,2025-03-16T02:45:00Z,4,4,4,4,4,4,1,0,0,4,-1.9442210463661715,0.2330449003974176,,,,,,,,21.24205965586317,-2.6095925566745373,0.0,PS_051,,,0.3097803837396296
24.965952745016356,1.1955000162124634,2025-03-16T03:00:00Z,4,4,4,4,4,4,1,0,0,4,-1.9557946307062026,-0.11046032629890529,,,,,,,,20.426926614342747,-1.9928530080657678,0.0,PS_051,,,0.7051301511536987
24.88553060455306,1.1955000162124634,2025-03-16T03:15:00Z,3,3,3,3,3,3,1,0,0,3,-1.9131170157123552,-0.1457974945468148,,,,,,,,20.0589748496531,-1.6857436572821864,0.0,PS_051,,,0.22522242567183204
24.776829898089506,1.1955000162124634,2025-03-16T03:30:00Z,4,4,4,4,4,4,1,0,0,4,-2.010522745731691,-0.1494560739931289,,,,,,,,20.412794553362172,-1.9328902581509777,0.0,PS_051,,,0.9305749191696334
24.40634454438829,1.1955000162124634,2025-03-16T03:45:00Z,4,4,4,4,4,4,1,0,0,4,-1.954354789779969,-0.09474074644949555,,,,,,,,19.918083407948348,-1.9017056448450693,0.0,PS_051,,,0.5386242276416642
24.396243622257533,1.1955000162124636,2025-03-16T04:00:00Z,3,3,3,3,3,3,1,0,0,3,-1.8121872532784906,0.22940686054108436,,,,,,,,19.773470569419246,-1.9733300980500383,0.0,PS_051,,,0.9921038901217837
24.304882477166416,1.1955000162124634,2025-03-16T04:15:00Z,4,4,4,4,4,4,1,0,0,4,-1.7775364068594441,0.040775736511097484,,,,,,,,19.74112184462006,-2.1550244231136286,0.0,PS_051,,,0.0
23.355165964334123,1.1955000162124632,2025-03-16T04:30:00Z,4,4,4,4,4,4,1,0,0,4,-1.7948008798867596,-0.08571817399797929,,,,,,,,19.200000762939457,-1.7730924539385697,0.0,PS_051,,,0.7480370814812415
23.210723956444234,1.1955000162124634,2025-03-16T04:45:00Z,3,3,3,3,3,3,1,0,0,3,-1.8948555415154642,0.33228282206885124,,,,,,,,18.959566166062046,-1.6771452695954057,0.0,PS_051,,,0.904286223507463
23.447355529603144,1.1955000162124634,2025-03-16T05:00:00Z,4,4,4,4,4,4,1,0,0,4,-1.8484787735090957,0.08072134324078198,,,,,,,,18.78986102388236,-1.5445084330233483,0.0,PS_051,,,0.672997814063745
23.36111005734306,1.1955000162124634,2025-03-16T05:15:00Z,3,3,3,3,3,3,1,0,0,3,-1.782585577120294,0.15439398139381347,,,,,,,,18.882332564110794,-1.747754884152361,0.0,PS_051,,,0.1784722013051423
22.90518649291633,1.1955000162124636,2025-03-16T05:30:00Z,4,4,4,4,4,4,1,0,0,4,-1.781632728999744,-0.0455283780644345,,,,,,,,18.69388594592671,-1.7288803097021794,0.0,PS_051,,,0.931048324891407
22.89074284519581,1.1955000162124632,2025-03-16T05:45:00Z,4,4,4,4,4,4,1,0,0,4,-1.78049999457921,0.03856315473969813,,,,,,,,18.842969398856358,-1.8375330068370694,0.0,PS_051,,,0.9384812196114466
22.523248994546034,1.1955000162124632,2025-03-16T06:00:00Z,3,3,3,3,3,3,1,0,0,3,-1.739145427359022,-0.04571497067503447,,,,,,,,18.59021999994473,-1.7469103062502798,0.0,PS_051,,,0.6630720170659583
22.368309592675132,1.1955000162124636,2025-03-16T06:15:00Z,4,4,4,4,4,4,1,0,0,4,-1.6262178841328212,0.017284174986012344,,,,,,,,18.2681571034748,-2.112715245866761,0.0,PS_051,,,0.10372886430122615
22.092865002333628,1.1955000162124634,2025-03-16T06:30:00Z,4,4,4,4,4,4,1,0,0,4,-1.6666818391877982,-0.2876356890054009,,,,,,,,18.194004641411105,-1.8020363836845115,0.0,PS_051,,,0.9366108650638215
22.20138482771056,1.1955000162124632,2025-03-16T06:45:00Z,3,3,3,3,3,3,1,0,0,3,-1.7309095267386738,0.22225416483103713,,,,,,,,18.269471568863118,-1.9525860486107898,0.0,PS_051,,,0.9480821506352921
22.44920180466053,1.1955000162124634,2025-03-16T07:00:00Z,4,4,4,4,4,4,1,0,0,4,-1.628759602880036,0.08231935150491465,,,,,,,,18.322383105679766,-1.745599808473954,0.0,PS_051,,,0.05949683234677827
22.627392589558138,1.1955000162124634,2025-03-16T07:15:00Z,4,4,4,4,4,4,1,0,0,4,-1.4305364410997854,0.21689057069892964,,,,,,,,18.154265974490986,-2.0571040844753106,0.0,PS_051,,,0.0
22.959499714547857,1.1955000162124634,2025-03-16T07:30:00Z,3,3,3,3,3,3,1,0,0,3,-1.5568524559923662,-0.09973757854046184,,,,,,,,18.299999237060547,-2.3313391314472125,0.0,PS_051,,,0.0
22.97562011085328,1.1955000162124634,2025-03-16T07:45:00Z,4,4,4,4,4,4,1,0,0,4,-1.8985413685478083,0.023794259096779784,,,,,,,,19.14777355886434,-2.86301676444432,0.0,PS_051,,,0.8937601516857959
22.52467659049976,1.1955000162124634,2025-03-16T08:00:00Z,4,4,4,4,4,4,1,0,0,4,-1.6657979047649483,-0.17371354490355154,,,,,,,,18.737020861751013,-2.110028191966702,0.0,PS_051,,,0.30722861230268395
22.45225912056487,1.2001186090192144,2025-03-16T08:15:00Z,3,3,3,3,3,3,1,0,0,3,-1.7975043341591714,-0.26257052987780005,,,,,,,,18.699861856141393,-2.420476191908341,0.0,PS_051,,,0.7622440151980959
22.995094471765714,2.251694245790655,2025-03-16T08:30:00Z,4,4,4,4,4,4,1,0,0,4,-1.6942705566191667,0.058516755131863725,,,,,,,,19.515331063429297,-2.6318643478170403,0.0,PS_051,,,1.438888239748584
23.346438360576762,5.267742835578934,2025-03-16T08:45:00Z,3,3,3,3,3,3,1,0,0,3,0.6980961917224517,1.0179215329028117,,,,,,,,19.953740278905695,-0.7520321412377499,0.0,PS_051,,,1.4669523559755453
23.601091869551457,14.917729579214862,2025-03-16T09:00:00Z,4,4,4,4,4,4,1,0,0,4,12.25373241530278,2.312851449129843,,,,,,,,20.347558504413215,9.4156918561182,0.0,PS_051,,,1.3338835871882817
23.963497995342863,11.454875432662156,2025-03-16T09:15:00Z,4,4,4,4,4,4,1,0,0,4,57.160694532131494,11.030326229428594,,,,,,,,21.506416447933297,79.204181335109,0.0,PS_051,,,2.906586648166095
24.36674194578496,15.391923264180813,2025-03-16T09:30:00Z,3,3,3,3,3,3,1,0,0,3,106.47019458061676,19.933398973196738,,,,,,,,23.154372020782954,212.43554193566456,0.0,PS_051,,,1.9374893407477456
25.185986826320946,13.954265188559843,2025-03-16T09:45:00Z,4,4,4,4,4,4,1,0,0,4,165.93227790373882,26.698985719961826,,,,,,,,25.751873599216804,368.0805821966407,0.0,PS_051,,,2.652852469437643
25.78539988914471,16.747299595217903,2025-03-16T10:00:00Z,3,3,3,3,3,3,1,0,0,3,219.2270286342279,41.2583041913332,,,,,,,,28.28236475073988,517.8305646719202,0.0,PS_051,,,2.4018406705750452
26.797029762147893,16.916061533706355,2025-03-16T10:15:00Z,4,4,4,4,4,4,1,0,0,4,284.0384552385202,62.37857686341564,,,,,,,,33.904694714293626,687.5048626385832,0.0,PS_051,,,2.061138305693042
27.616469853735122,8.143153519319293,2025-03-16T10:30:00Z,4,4,4,4,4,4,1,0,0,4,356.01045889864207,81.23441873366156,,,,,,,,38.272010940705,843.3280186667914,0.0,PS_051,,,2.572488152489287
28.262738735538935,7.518533325933947,2025-03-16T10:45:00Z,3,3,3,3,3,3,1,0,0,3,421.46818633853593,91.20619191640368,,,,,,,,43.31520611785139,947.5963247774495,0.0,PS_051,,,2.5361823421521015
28.419911115094934,14.01505629030332,2025-03-16T11:00:00Z,4,4,4,4,4,4,1,0,0,4,486.30374815740646,99.21756972599508,,,,,,,,43.49955685508903,987.5899044848845,0.0,PS_051,,,3.3871955083075953
29.11744100551528,14.600732252883429,2025-03-16T11:15:00Z,4,4,4,4,4,4,1,0,0,4,549.8142697050455,106.35105516649902,,,,,,,,44.44755027070556,1013.4792506451923,0.0,PS_051,,,3.9600057308498062
29.627253837975584,7.974323327282264,2025-03-16T11:30:00Z,3,3,3,3,3,3,1,0,0,3,607.9700278738062,112.56841957890397,,,,,,,,45.719840694798066,1032.0911555806497,0.0,PS_051,,,4.3921080747284815
30.075984330978766,15.710669741069182,2025-03-16T11:45:00Z,4,4,4,4,4,4,1,0,0,4,661.0399549787525,118.1379210389604,,,,,,,,46.187847530200315,1049.5847084153897,0.0,PS_051,,,3.597336819833778
30.81501412281858,20.630359809582426,2025-03-16T12:00:00Z,3,3,3,3,3,3,1,0,0,3,708.9662132177531,123.80320525455585,,,,,,,,47.51460997135223,1063.512756077893,0.0,PS_051,,,2.8629365474483355
31.057995620738417,9.455437181487898,2025-03-16T12:15:00Z,4,4,4,4,4,4,1,0,0,4,761.0019173510419,128.9180240058794,,,,,,,,48.76799155901981,1067.5541077661817,0.0,PS_051,,,2.935799732082646
31.36683364394631,7.917639883053488,2025-03-16T12:30:00Z,4,4,4,4,4,4,1,0,0,4,824.4713981090428,134.82706366156037,,,,,,,,49.59173067320961,1078.4304934725974,0.0,PS_051,,,1.89064904315631
32.14636508527435,13.046169489301588,2025-03-16T12:45:00Z,3,3,3,3,3,3,1,0,0,3,875.4195851931744,138.05373305926292,,,,,,,,51.63600198757266,1077.675914048416,0.0,PS_051,,,1.0282532162781683
32.56629349838534,15.032983379048037,2025-03-16T13:00:00Z,4,4,4,4,4,4,1,0,0,4,920.322322802374,142.74347605810487,,,,,,,,51.20612290151435,1086.5119141090113,0.0,PS_051,,,1.8305542352559054
32.070178425928006,8.606199374759457,2025-03-16T13:15:00Z,4,4,4,4,4,4,1,0,0,4,958.3475773390734,147.5426429513505,,,,,,,,45.7243351009384,1091.6155854784972,0.0,PS_051,,,3.4499816222329818
32.46196279913263,15.346530454420147,2025-03-16T13:30:00Z,3,3,3,3,3,3,1,0,0,3,989.9802115802447,149.99747316707777,,,,,,,,46.961045431469046,1095.2680644826164,0.0,PS_051,,,1.3977126714818753
32.458459673246445,7.968989843361854,2025-03-16T13:45:00Z,4,4,4,4,4,4,1,0,0,4,1016.4287260628877,152.82783849931292,,,,,,,,43.75136403541958,1100.0428752066152,0.0,PS_051,,,3.4950468772913212
33.012384956630626,10.420180419949345,2025-03-16T14:00:00Z,3,3,3,3,3,3,1,0,0,3,1037.5051011243454,154.70466088953316,,,,,,,,44.580361345936204,1102.0352194310701,0.0,PS_051,,,2.877031056404798
33.52880130513898,16.067239576320766,2025-03-16T14:15:00Z,4,4,4,4,4,4,1,0,0,4,1050.9808661205184,156.02434825091345,,,,,,,,44.907055976958446,1102.8494541465693,0.0,PS_051,,,4.018097845561166
33.34297370944011,10.821969865541528,2025-03-16T14:30:00Z,4,4,4,4,4,4,1,0,0,4,1059.2854845032125,158.36579860668505,,,,,,,,43.29647300261468,1105.1183876204234,0.0,PS_051,,,3.313716153783152
34.10562920171046,17.58879403854725,2025-03-16T14:45:00Z,3,3,3,3,3,3,1,0,0,3,1060.2110283567558,157.90997405320553,,,,,,,,48.38129631554576,1099.77197804309,0.0,PS_051,,,2.7375255024542766
35.084645288326925,14.9669183505826,2025-03-16T15:00:00Z,4,4,4,4,4,4,1,0,0,4,1071.3275062559303,159.54654023083438,,,,,,,,47.89219654811804,1105.6326462618947,0.0,PS_051,,,2.0276044348767295
35.948341163335364,18.041414511917996,2025-03-16T15:15:00Z,4,4,4,4,4,4,1,0,0,4,1068.263833936192,158.56296889374832,,,,,,,,51.608786238517574,1100.1528586996064,0.0,PS_051,,,1.689308278087104
35.7134873277509,15.15243127803425,2025-03-16T15:30:00Z,3,3,3,3,3,3,1,0,0,3,1057.4511877697955,157.51154262983982,,,,,,,,48.952670211298084,1099.5779876159554,0.0,PS_051,,,2.3321174053368687
35.76144933351432,12.300596519313382,2025-03-16T15:45:00Z,4,4,4,4,4,4,1,0,0,4,1046.5085283740561,157.5344625829374,,,,,,,,48.01062138231329,1103.0638539065421,0.0,PS_051,,,2.786592955838968
35.74000592740158,10.927868205543248,2025-03-16T16:00:00Z,3,3,3,3,3,3,1,0,0,3,1028.1382070994457,156.9475751288117,,,,,,,,52.35185337868982,1108.629002880227,0.0,PS_051,,,0.9753535225933879
36.54238807153881,10.691687328293748,2025-03-16T16:15:00Z,4,4,4,4,4,4,1,0,0,4,994.2924964931117,153.66371622483703,,,,,,,,51.621626349000294,1101.22626601886,0.0,PS_051,,,3.3284973818445094
36.583047586995924,8.705103637164264,2025-03-16T16:30:00Z,3,3,3,3,3,3,1,0,0,3,968.0570482264084,152.63620030605523,,,,,,,,49.85967345085581,1104.869787421086,0.0,PS_051,,,2.0637611323136054
36.81231796637412,17.64157842648922,2025-03-16T16:45:00Z,4,4,4,4,4,4,1,0,0,4,936.5704947996413,148.97451659590038,,,,,,,,51.203992478661526,1101.9014810169572,0.0,PS_051,,,2.670479617085684
37.316393284129596,12.027843889140398,2025-03-16T17:00:00Z,4,4,4,4,4,4,1,0,0,4,904.0024407830962,146.04244693287845,,,,,,,,52.34717097607346,1102.6050372867148,0.0,PS_051,,,2.1942129420836607
37.57480559950314,22.446054669190058,2025-03-16T17:15:00Z,3,3,3,3,3,3,1,0,0,3,858.3859392887264,140.79752662010188,,,,,,,,52.561965828149155,1093.0185898291109,0.0,PS_051,,,3.254338089853716
37.54022362629257,19.907326416183984,2025-03-16T17:30:00Z,4,4,4,4,4,4,1,0,0,4,809.8198723806369,135.72789165603126,,,,,,,,51.6392725972071,1082.6054639659508,0.0,PS_051,,,2.98767027220888
37.87001610237787,5.792760818846908,2025-03-16T17:45:00Z,4,4,4,4,4,4,1,0,0,4,759.1756133178149,129.47820990610245,,,,,,,,52.235491187185374,1070.1726182090838,0.0,PS_051,,,2.8977974201535748
37.81026839606666,12.614543681649065,2025-03-16T18:00:00Z,3,3,3,3,3,3,1,0,0,3,704.8448033533455,123.30810172810605,,,,,,,,53.730497508351185,1059.1885412162426,0.0,PS_051,,,2.108920504090642
37.64558888473233,14.738825190012017,2025-03-16T18:15:00Z,4,4,4,4,4,4,1,0,0,4,648.8499079465736,117.65917459269285,,,,,,,,50.00912642764239,1046.8268305318986,0.0,PS_051,,,2.0295680335316466
38.61274230301893,17.43415527496539,2025-03-16T18:30:00Z,3,3,3,3,3,3,1,0,0,3,580.8646759717758,110.56775887571978,,,,,,,,51.993815752347075,1023.5213745139158,0.0,PS_051,,,1.9597332050328924
37.50957239518236,14.038665720998349,2025-03-16T18:45:00Z,4,4,4,4,4,4,1,0,0,4,517.5915073811819,104.8349246882242,,,,,,,,46.91191142401794,1005.7708721723584,0.0,PS_051,,,3.2061795593270275
37.714106851486264,15.654731942436447,2025-03-16T19:00:00Z,4,4,4,4,4,4,1,0,0,4,447.6371989575311,97.72689993537325,,,,,,,,48.601688716509074,975.9351479131975,0.0,PS_051,,,2.723664054495873
37.67300503001698,5.777146639680063,2025-03-16T19:15:00Z,3,3,3,3,3,3,1,0,0,3,382.84194771933915,90.65701385026652,,,,,,,,48.46040617609045,927.416101935953,0.0,PS_051,,,1.631751382372025
37.50573827527085,15.35223766116815,2025-03-16T19:30:00Z,4,4,4,4,4,4,1,0,0,4,323.85695618039813,82.31869673843457,,,,,,,,48.713654451342855,795.8914789019756,0.0,PS_051,,,1.9789396412812845
37.29123098531344,5.755659340491038,2025-03-16T19:45:00Z,3,3,3,3,3,3,1,0,0,3,259.2104157335142,63.81227943461279,,,,,,,,43.785226725617214,632.7819372993173,0.0,PS_051,,,2.087851747455894
36.71824275302965,11.132677707214253,2025-03-16T20:00:00Z,4,4,4,4,4,4,1,0,0,4,198.12594633937925,45.77258277909915,,,,,,,,39.71918451222003,479.2130958109214,0.0,PS_051,,,3.7226423513985876
36.116684316340354,8.109786735357968,2025-03-16T20:15:00Z,3,3,3,3,3,3,1,0,0,3,140.98165136157664,34.075527272135,,,,,,,,37.17990129367671,327.08805889892403,0.0,PS_051,,,3.904309122380568
35.75689880483454,11.753807402758163,2025-03-16T20:30:00Z,4,4,4,4,4,4,1,0,0,4,78.15608074129483,27.949573941475432,,,,,,,,34.79091494623243,172.47178185745872,0.0,PS_051,,,2.2800226069354537
34.634236688681526,6.7142747664833,2025-03-16T20:45:00Z,4,4,4,4,4,4,1,0,0,4,23.3627894001208,7.961102862678796,,,,,,,,32.26338313241224,27.139671269219658,0.0,PS_051,,,2.5818945399250883
33.601929152364576,7.087689989027128,2025-03-16T21:00:00Z,3,3,3,3,3,3,1,0,0,3,2.149083400001864,1.2126945000777163,,,,,,,,30.633839614034603,4.170482410071688,0.0,PS_051,,,4.000780352688915
33.055960551313014,3.4492505578566717,2025-03-16T21:15:00Z,4,4,4,4,4,4,1,0,0,4,-1.878497321376827,-0.0347229000997317,,,,,,,,29.860670829284754,-1.5919128473996262,0.0,PS_051,,,1.9784092143554757
32.29061137481398,1.2068989614492294,2025-03-16T21:30:00Z,3,3,3,3,3,3,1,0,0,3,-2.4110375809150546,0.0889523510477505,,,,,,,,28.783509445738837,-2.9183944685496384,0.0,PS_051,,,1.9613280674368418
31.5456222847137,1.1955000162124634,2025-03-16T21:45:00Z,4,4,4,4,4,4,1,0,0,4,-2.2750061555579593,0.10896641079676121,,,,,,,,27.77782550446312,-2.940311030736252,0.0,PS_051,,,1.1058234355947374
30.751893687738097,1.1955000162124636,2025-03-16T22:00:00Z,4,4,4,4,4,4,1,0,0,4,-2.4972886586466827,0.07378968663521324,,,,,,,,26.71976608901068,-3.4568728624694844,0.0,PS_051,,,1.318420080282277
30.524765730461905,1.1955000162124636,2025-03-16T22:15:00Z,3,3,3,3,3,3,1,0,0,3,-2.2198848302486116,-0.00914765059036813,,,,,,,,26.513237213720885,-3.5205269492908418,0.0,PS_051,,,0.5351957337797464
29.62938979025485,1.1955000162124634,2025-03-16T22:30:00Z,4,4,4,4,4,4,1,0,0,4,-2.224332662099781,-0.24450484001612094,,,,,,,,24.967952436759237,-2.901221956501359,0.0,PS_051,,,0.4142386157901453
29.245021714533458,1.1955000162124634,2025-03-16T22:45:00Z,3,3,3,3,3,3,1,0,0,3,-2.2185565850644737,-0.15435392984934762,,,,,,,,24.168041749964264,-2.8699106433795913,0.0,PS_051,,,1.0509592555292202
30.042220014273624,1.1955000162124634,2025-03-16T23:00:00Z,4,4,4,4,4,4,1,0,0,4,-2.4035324298889353,-0.07811038546182114,,,,,,,,25.54930452951138,-3.9445724898808887,0.0,PS_051,,,1.930622639223756
30.681585835373784,1.1955000162124632,2025-03-16T23:15:00Z,3,3,3,3,3,3,1,0,0,3,-2.9034959652136543,-0.032480412962224973,,,,,,,,27.046503603239803,-3.8324687190154707,0.0,PS_051,,,3.213741729016971
30.314790417213036,1.1955000162124636,2025-03-16T23:30:00Z,4,4,4,4,4,4,1,0,0,4,-1.8679778297924967,0.17552138219686264,,,,,,,,27.144204216350623,-2.1888956621912725,0.0,PS_051,,,3.1188464296605374
29.62902672686504,1.1955000162124634,2025-03-16T23:45:00Z,4,4,4,4,4,4,1,0,0,4,-1.9852135226171663,-0.13863317799742478,,,,,,,,26.23870515713614,-2.4677440207775083,0.0,PS_051,,,1.0104795794636028
29.120917548296017,1.1955000162124636,2025-03-17T00:00:00Z,3,3,3,3,3,3,1,0,0,3,-1.9587932021084555,0.19888755498757865,,,,,,,,25.32620277229661,-2.2457018997874907,0.0,PS_051,,,1.8122389739872835
28.887318913358854,1.1955000162124636,2025-03-17T00:15:00Z,4,4,4,4,4,4,1,0,0,4,-1.9282546203780355,-0.04140139432749961,,,,,,,,24.35940933561314,-2.472629919492633,0.0,PS_051,,,0.9364576354057205
28.26508414311218,1.1955000162124632,2025-03-17T00:30:00Z,4,4,4,4,4,4,1,0,0,4,-1.9784152770842558,0.04909903983289457,,,,,,,,24.000072941362696,-1.979701283548188,0.0,PS_051,,,1.5911859684182421
28.324100677020525,1.1955000162124634,2025-03-17T00:45:00Z,3,3,3,3,3,3,1,0,0,3,-1.9641323967136433,-0.15669669936910607,,,,,,,,24.114639757785326,-2.4654746746552676,0.0,PS_051,,,0.31534247965853074
28.141495118111884,1.1955000162124634,2025-03-17T01:00:00Z,4,4,4,4,4,4,1,0,0,4,-1.9328097153195536,0.05179730808502739,,,,,,,,24.345189029533007,-2.5546158209738934,0.0,PS_051,,,0.30809960931007974
28.28904092609423,1.1955000162124634,2025-03-17T01:15:00Z,3,3,3,3,3,3,1,0,0,3,-2.0138921956046425,0.12223721179559983,,,,,,,,24.72188682751442,-2.797917161610542,0.0,PS_051,,,2.2549886852191277
28.186988059864742,1.1955000162124634,2025-03-17T01:30:00Z,4,4,4,4,4,4,1,0,0,4,-1.9064415613080579,-0.2055526888611063,,,,,,,,25.283324324287804,-2.3053154577266532,0.0,PS_051,,,3.441356439392201
28.00103659119927,1.1955000162124636,2025-03-17T01:45:00Z,4,4,4,4,4,4,1,0,0,4,-1.6747291998422702,-0.027922177162261905,,,,,,,,25.115890389368946,-2.03961551852502,0.0,PS_051,,,3.1616981181132537
27.634925658299828,1.1955000162124634,2025-03-17T02:00:00Z,3,3,3,3,3,3,1,0,0,3,-1.7473924745028062,-0.24840288263829605,,,,,,,,24.65096971474371,-2.148164277442019,0.0,PS_051,,,2.4580652061532677
27.387428230710714,1.1955000162124634,2025-03-17T02:15:00Z,4,4,4,4,4,4,1,0,0,4,-1.808411269098196,-0.06495675831102253,,,,,,,,24.28747958256812,-2.4472623776182525,0.0,PS_051,,,1.4403162457870837
26.800559428838916,1.1955000162124634,2025-03-17T02:30:00Z,4,4,4,4,4,4,1,0,0,4,-1.7828155379711765,-0.0727480868280439,,,,,,,,23.098748927579642,-2.0570922450338616,0.0,PS_051,,,0.5298894625263787
26.839209702138458,1.1955000162124634,2025-03-17T02:45:00Z,3,3,3,3,3,3,1,0,0,3,-1.9383884839800478,-0.03509505865362912,,,,,,,,22.7498119896873,-2.010347042124253,0.0,PS_051,,,0.4493600786945118
26.607917699070203,1.1955000162124634,2025-03-17T03:00:00Z,4,4,4,4,4,4,1,0,0,4,-1.8355795346040358,0.1661534730701526,,,,,,,,22.56228440114481,-1.768079249086504,0.0,PS_051,,,1.838652774420314
26.83709333178939,1.1955000162124634,2025-03-17T03:15:00Z,4,4,4,4,4,4,1,0,0,4,-1.750345825151186,-0.1412868432858332,,,,,,,,23.753375272949487,-2.0264369662408996,0.0,PS_051,,,2.1941171998256666
26.778477821011343,1.1955000162124634,2025-03-17T03:30:00Z,3,3,3,3,3,3,1,0,0,3,-1.7236567871391597,-0.19729867430093265,,,,,,,,23.799999237060547,-1.9384059401256937,0.0,PS_051,,,2.46704186414851
26.562051312968343,1.1955000162124636,2025-03-17T03:45:00Z,4,4,4,4,4,4,1,0,0,4,-1.7109459951890595,-0.12633333022459114,,,,,,,,23.22908945451601,-1.828383512663504,0.0,PS_051,,,1.6943272143321868
26.467647206623155,1.1955000162124634,2025-03-17T04:00:00Z,4,4,4,4,4,4,1,0,0,4,-1.7124231246544916,0.03382198445228599,,,,,,,,23.08067518144007,-2.21756373333051,0.0,PS_051,,,1.1085399197474888
26.23050942047694,1.1955000162124634,2025-03-17T04:15:00Z,3,3,3,3,3,3,1,0,0,3,-1.6891612274722052,-0.08738779410358383,,,,,,,,22.113764405187066,-1.860268909284033,0.0,PS_051,,,0.24551642617878752
26.181179962959625,1.1955000162124634,2025-03-17T04:30:00Z,4,4,4,4,4,4,1,0,0,4,-1.7080185999857276,0.007041685939979799,,,,,,,,22.139399514007906,-2.0883200350665683,0.0,PS_051,,,1.053128766441575
25.87717484475939,1.1955000162124634,2025-03-17T04:45:00Z,4,4,4,4,4,4,1,0,0,4,-1.7003263561615163,-0.2276603989867401,,,,,,,,22.36165499145052,-2.3348822012079786,0.0,PS_051,,,2.287329749593405
25.379065814089284,1.1955000162124636,2025-03-17T05:00:00Z,3,3,3,3,3,3,1,0,0,3,-1.6861799779212174,-0.23098522447948128,,,,,,,,21.55444184499918,-1.8286014804991721,0.0,PS_051,,,0.7706166840383242
25.050169841987746,1.1955000162124634,2025-03-17T05:15:00Z,4,4,4,4,4,4,1,0,0,4,-1.7044181271222476,-0.1284890219971543,,,,,,,,21.31016592545714,-1.6858896651498185,0.0,PS_051,,,0.932452427125266
24.7551986043009,1.1955000162124634,2025-03-17T05:30:00Z,4,4,4,4,4,4,1,0,0,4,-1.6385888014441874,-0.10683387243378997,,,,,,,,21.1123287161408,-2.0484458736811306,0.0,PS_051,,,0.8877164906498085
24.29638125706303,1.1955000162124636,2025-03-17T05:45:00Z,3,3,3,3,3,3,1,0,0,3,-1.6177669214152381,0.21162884354521158,,,,,,,,20.69381138349377,-1.8566309218206898,0.0,PS_051,,,1.0010405893084802
24.197448328417632,1.1955000162124634,2025-03-17T06:00:00Z,4,4,4,4,4,4,1,0,0,4,-1.5347808298351195,0.06269242080752091,,,,,,,,20.5,-2.0938978728851603,0.0,PS_051,,,0.4804178048901297
24.092391939629277,1.1955000162124634,2025-03-17T06:15:00Z,4,4,4,4,4,4,1,0,0,4,-1.5322950655409397,-0.07319727188076681,,,,,,,,20.499999999999996,-2.426093920598403,0.0,PS_051,,,0.5094645853117293
23.705164801345706,1.1955000162124632,2025-03-17T06:30:00Z,3,3,3,3,3,3,1,0,0,3,-1.5696351956238745,0.05456128830778566,,,,,,,,20.73168987191487,-1.8393927889389006,0.0,PS_051,,,1.370047954866084
23.76877177381197,1.1955000162124634,2025-03-17T06:45:00Z,4,4,4,4,4,4,1,0,0,4,-1.537907236201107,-0.019647487889598456,,,,,,,,20.501292851274567,-2.2969991784988157,0.0,PS_051,,,0.4945978927856875
23.57628973381053,1.1955000162124634,2025-03-17T07:00:00Z,3,3,3,3,3,3,1,0,0,3,-1.548505267104967,0.050557655026046096,,,,,,,,19.999999999999996,-1.7125225443254335,0.0,PS_051,,,1.0977711184038967
23.453285570531545,1.1955000162124632,2025-03-17T07:15:00Z,4,4,4,4,4,4,1,0,0,4,-1.5459401241161346,0.259620793387958,,,,,,,,19.952195576286528,-2.384878394064673,0.0,PS_051,,,0.21341404093895064
23.464753056709462,1.1955000162124634,2025-03-17T07:30:00Z,4,4,4,4,4,4,1,0,0,4,-1.5698632836358215,0.03984775557394336,,,,,,,,20.000000000000004,-2.557565790124229,0.0,PS_051,,,0.7685088162619812
23.199823144252033,1.1955000162124634,2025-03-17T07:45:00Z,3,3,3,3,3,3,1,0,0,3,-1.683029106735395,0.39270760654713593,,,,,,,,19.49041388535597,-2.131126815048812,0.0,PS_051,,,0.09685904968503094
23.35310993592804,1.1955000162124634,2025-03-17T08:00:00Z,4,4,4,4,4,4,1,0,0,4,-1.5592907338998032,0.00489765855428031,,,,,,,,19.421448375256258,-2.4289247525488578,0.0,PS_051,,,0.6205850806830087
23.18097774639615,1.2056109929090724,2025-03-17T08:15:00Z,4,4,4,4,4,4,1,0,0,4,-1.6874130308847628,0.18214575304171335,,,,,,,,19.436377759309135,-2.0039585264621613,0.0,PS_051,,,0.36104603667799257
23.417401319345124,2.0663708855305214,2025-03-17T08:30:00Z,3,3,3,3,3,3,1,0,0,3,-1.5187596444541864,0.2930053713258951,,,,,,,,19.888664423849807,-2.5500095315133207,0.0,PS_051,,,0.6750834833653558
23.604911069055472,8.37268440789962,2025-03-17T08:45:00Z,4,4,4,4,4,4,1,0,0,4,1.5395905854748027,1.6735178414066636,,,,,,,,19.882399575897097,-0.2555265074587842,0.0,PS_051,,,0.9010595482634849
23.54725125161752,15.230006060524737,2025-03-17T09:00:00Z,3,3,3,3,3,3,1,0,0,3,11.464238507249274,1.573583184728913,,,,,,,,20.40809855698021,9.19442423599455,0.0,PS_051,,,0.21875797161129015
23.870855297248905,12.275547723580326,2025-03-17T09:15:00Z,4,4,4,4,4,4,1,0,0,4,56.52017996626247,10.875348589374854,,,,,,,,21.00609725241332,74.41779403108181,0.0,PS_051,,,0.8447761080998699
24.276390516244888,15.378109149152376,2025-03-17T09:30:00Z,4,4,4,4,4,4,1,0,0,4,101.51052745370625,18.570370585053656,,,,,,,,23.158478710394128,197.60539987145592,0.0,PS_051,,,2.0660933081513746
24.84981424941716,13.832670367803725,2025-03-17T09:45:00Z,3,3,3,3,3,3,1,0,0,3,156.9279903681452,25.522095096567167,,,,,,,,25.192653195836893,343.86263401582545,0.0,PS_051,,,1.409071994574283
26.04473195328305,12.8412609963175,2025-03-17T10:00:00Z,4,4,4,4,4,4,1,0,0,4,207.1737517532236,38.86811983997345,,,,,,,,29.27170508345081,486.6817036486728,0.0,PS_051,,,1.410180940117053
26.73423395387588,7.380467242011164,2025-03-17T10:15:00Z,3,3,3,3,3,3,1,0,0,3,268.8908942015932,59.60140186198403,,,,,,,,33.7214797412507,632.7733644142863,0.0,PS_051,,,2.8164529117840122
27.5801568815633,12.566003933041786,2025-03-17T10:30:00Z,4,4,4,4,4,4,1,0,0,4,342.75759849631834,77.74873171513059,,,,,,,,38.96525781262122,808.2609611783829,0.0,PS_051,,,1.9209731355968322
28.33115006551503,9.400991980228017,2025-03-17T10:45:00Z,4,4,4,4,4,4,1,0,0,4,412.8228901738661,89.66707987754674,,,,,,,,42.064932458835194,918.9191931181377,0.0,PS_051,,,3.8900632288281813
28.805014787261943,10.126565443218452,2025-03-17T11:00:00Z,3,3,3,3,3,3,1,0,0,3,473.3056901532892,97.12704025388128,,,,,,,,43.679077922951116,953.849644013862,0.0,PS_051,,,2.7864337299194415
29.25134354418767,9.636882638863508,2025-03-17T11:15:00Z,4,4,4,4,4,4,1,0,0,4,533.2258696974544,104.25158295539211,,,,,,,,45.92360766748117,980.9001976192964,0.0,PS_051,,,1.9234791837994236
29.22825618022862,8.013370082205187,2025-03-17T11:30:00Z,3,3,3,3,3,3,1,0,0,3,587.2454004072454,110.49813273850059,,,,,,,,45.419303376163136,999.7193739752742,0.0,PS_051,,,1.0871843714067149
29.890364404038976,17.997358338860487,2025-03-17T11:45:00Z,4,4,4,4,4,4,1,0,0,4,641.8570742030173,116.46448001342347,,,,,,,,46.50971847222267,1021.5446380715406,0.0,PS_051,,,1.8075187229773384
30.890402346886734,12.204223291274621,2025-03-17T12:00:00Z,4,4,4,4,4,4,1,0,0,4,697.5430858945347,123.12024323942494,,,,,,,,51.69575740999384,1039.2000901622278,0.0,PS_051,,,1.43401731923264
30.780212427682965,19.874996299988844,2025-03-17T12:15:00Z,3,3,3,3,3,3,1,0,0,3,742.9153100300582,129.86305431042183,,,,,,,,50.58311635984115,1050.0777008174018,0.0,PS_051,,,2.303815559827534
31.15997015826577,18.72388246597431,2025-03-17T12:30:00Z,4,4,4,4,4,4,1,0,0,4,836.7564770049697,141.58632685595646,,,,,,,,48.5435262952537,1086.2393469449967,0.0,PS_051,,,1.4951109757405512
31.267066294207808,10.919254625440821,2025-03-17T12:45:00Z,4,4,4,4,4,4,1,0,0,4,862.3020660070351,141.08596205105303,,,,,,,,48.28659475049769,1058.2659491959978,0.0,PS_051,,,1.6469676155436377
30.760173319560774,13.12015699680284,2025-03-17T13:00:00Z,3,3,3,3,3,3,1,0,0,3,404.05945123498964,70.45645589425354,,,,,,,,45.11534037879091,475.24858197099644,0.0,PS_051,,,1.894309438204286
31.87872790393231,7.55433665101879,2025-03-17T13:15:00Z,4,4,4,4,4,4,1,0,0,4,1014.5227578177029,158.03507875918348,,,,,,,,43.999424324952635,1144.0083289603078,0.0,PS_051,,,2.294450341730064
32.85074494227871,9.072130051598297,2025-03-17T13:30:00Z,3,3,3,3,3,3,1,0,0,3,1012.7069968330194,155.55767608757372,,,,,,,,49.828458637916995,1117.976627196102,0.0,PS_051,,,1.8812204609162122
32.92426789240179,7.74669597886604,2025-03-17T13:45:00Z,4,4,4,4,4,4,1,0,0,4,1045.3735016684604,159.25673766855513,,,,,,,,51.40492282634028,1124.8810852236547,0.0,PS_051,,,1.4470201616711456
33.011627990317926,10.48842824795392,2025-03-17T14:00:00Z,4,4,4,4,4,4,1,0,0,4,1046.044900843829,156.81290579827308,,,,,,,,50.296087109592584,1108.8155646524365,0.0,PS_051,,,1.967743390174605
32.31570153161773,18.40500869948583,2025-03-17T14:15:00Z,3,3,3,3,3,3,1,0,0,3,553.9235770860748,74.93573414907435,,,,,,,,41.704427667309254,548.2975314183245,0.0,PS_051,,,2.777110840333971
33.93648082218033,16.941901080272377,2025-03-17T14:30:00Z,4,4,4,4,4,4,1,0,0,4,1063.0633093502752,158.48787823166492,,,,,,,,48.67250003641457,1107.3877772997935,0.0,PS_051,,,1.5274279142812013
33.73430807373609,12.502562840538838,2025-03-17T14:45:00Z,3,3,3,3,3,3,1,0,0,3,1059.8552311491846,157.9493282794376,,,,,,,,46.153493869948285,1098.3772095195668,0.0,PS_051,,,2.7824552233677893
34.74058140873374,22.52401745153452,2025-03-17T15:00:00Z,4,4,4,4,4,4,1,0,0,4,1068.9830679671484,159.3670173765159,,,,,,,,49.55505496110412,1102.4358553830361,0.0,PS_051,,,1.0789412357373827
34.99160842615755,15.309637534164041,2025-03-17T15:15:00Z,4,4,4,4,4,4,1,0,0,4,1036.0071443868326,154.69162129466636,,,,,,,,49.52666222358805,1041.6241233939609,0.0,PS_051,,,1.8280920582396105
34.71960188991272,5.827679638101658,2025-03-17T15:30:00Z,3,3,3,3,3,3,1,0,0,3,1083.1631899793854,162.16886598021625,,,,,,,,45.251191499643866,1124.8333807712047,0.0,PS_051,,,2.4963890864261122
35.66229978564892,17.282430930081734,2025-03-17T15:45:00Z,4,4,4,4,4,4,1,0,0,4,1048.9496058076002,158.9343421436309,,,,,,,,48.455038590698855,1108.00559530939,0.0,PS_051,,,3.2814707397136775
36.54009454725662,19.625820715663345,2025-03-17T16:00:00Z,3,3,3,3,3,3,1,0,0,3,1023.4752262469896,157.4649317415327,,,,,,,,54.738881214200866,1104.2813755087395,0.0,PS_051,,,1.4099660106643641
35.785867594363516,18.095388985886586,2025-03-17T16:15:00Z,4,4,4,4,4,4,1,0,0,4,1037.1156214777554,161.50322974191982,,,,,,,,47.5796212801299,1151.7627665514633,0.0,PS_051,,,3.2421342527684183
36.25858322495096,22.637547460027882,2025-03-17T16:30:00Z,4,4,4,4,4,4,1,0,0,4,970.8829692028081,154.41500889315648,,,,,,,,51.52016392303653,1111.6353313411028,0.0,PS_051,,,2.3627139704977775
37.26278254999481,8.508212872787764,2025-03-17T16:45:00Z,3,3,3,3,3,3,1,0,0,3,979.710124297603,158.4868015102958,,,,,,,,56.054236760247896,1146.2977399402698,0.0,PS_051,,,1.023724890325063
36.73382475542056,13.725720386715368,2025-03-17T17:00:00Z,4,4,4,4,4,4,1,0,0,4,879.0729366931956,138.37710365760367,,,,,,,,51.061291943264465,1019.4645419944867,0.0,PS_051,,,2.731616043809924
37.5063671519696,10.78741622681636,2025-03-17T17:15:00Z,3,3,3,3,3,3,1,0,0,3,870.8386695671902,145.86022252066925,,,,,,,,53.94571215892781,1112.1454822767273,0.0,PS_051,,,3.417990593685986
36.35319790884691,21.993122364133843,2025-03-17T17:30:00Z,4,4,4,4,4,4,1,0,0,4,774.355174021077,129.91558577400082,,,,,,,,46.72914700700185,995.413588619097,0.0,PS_051,,,2.3329086492422646
37.43528664905603,14.627770439507598,2025-03-17T17:45:00Z,4,4,4,4,4,4,1,0,0,4,776.3606197823549,135.87039122556354,,,,,,,,50.32143086376699,1102.3594432253026,0.0,PS_051,,,2.36795689277862
37.19340062027728,8.618405920981285,2025-03-17T18:00:00Z,3,3,3,3,3,3,1,0,0,3,729.49625892071,130.15156999248876,,,,,,,,49.34178526175573,1087.8298791399313,0.0,PS_051,,,2.757529035387923
36.897948122437604,5.80501519010622,2025-03-17T18:15:00Z,4,4,4,4,4,4,1,0,0,4,689.7294914326582,125.58799127280605,,,,,,,,50.83610575432763,1082.017358874226,0.0,PS_051,,,3.0389709256737776
36.960675320562,20.716796380332838,2025-03-17T18:30:00Z,3,3,3,3,3,3,1,0,0,3,600.7593967535672,115.40542296308598,,,,,,,,50.20565750472874,1038.952336209879,0.0,PS_051,,,1.8585458586460197
36.523889565464195,14.826709380317759,2025-03-17T18:45:00Z,4,4,4,4,4,4,1,0,0,4,527.0365043342553,106.99637351221544,,,,,,,,49.161410684726974,1011.3597716950495,0.0,PS_051,,,3.6451543512493987
36.455556300014614,15.706107783505244,2025-03-17T19:00:00Z,4,4,4,4,4,4,1,0,0,4,455.4428355923835,99.31202555358922,,,,,,,,47.087725363382816,983.5654932677803,0.0,PS_051,,,3.658384689131423
36.81143593347833,15.924399980030886,2025-03-17T19:15:00Z,3,3,3,3,3,3,1,0,0,3,382.7823529333945,90.79991671283904,,,,,,,,47.57000749686911,920.6595839956251,0.0,PS_051,,,2.859826847221022
36.313945385215824,11.970844372066736,2025-03-17T19:30:00Z,4,4,4,4,4,4,1,0,0,4,320.0219930121813,80.72502279469454,,,,,,,,43.94176939824708,784.2279334714533,0.0,PS_051,,,4.342394594457267
36.457869048053475,5.754842875344259,2025-03-17T19:45:00Z,3,3,3,3,3,3,1,0,0,3,250.75746994998227,60.70951586579603,,,,,,,,45.25904031691597,616.0579742225588,0.0,PS_051,,,3.6752823743294494
36.135117648576625,5.73535457253661,2025-03-17T20:00:00Z,4,4,4,4,4,4,1,0,0,4,190.81379857414385,42.7057473905596,,,,,,,,40.50419978989147,454.4684875044234,0.0,PS_051,,,3.0236249794429257
35.59717887526388,5.651029124370494,2025-03-17T20:15:00Z,3,3,3,3,3,3,1,0,0,3,132.30341528212097,31.81251603361912,,,,,,,,36.77837946901861,306.552990760176,0.0,PS_051,,,2.3285896114625158
34.98780177059789,9.8985966841035,2025-03-17T20:30:00Z,4,4,4,4,4,4,1,0,0,4,71.70267402782214,25.283350139146282,,,,,,,,34.35900660419816,154.77183537417145,0.0,PS_051,,,2.0017100508367016
34.10985517808618,9.730292169608253,2025-03-17T20:45:00Z,4,4,4,4,4,4,1,0,0,4,20.74784963093325,6.496003584394421,,,,,,,,31.659165187352837,22.77153950290974,0.0,PS_051,,,1.4815762401116193
33.110241089251794,11.742115767881241,2025-03-17T21:00:00Z,3,3,3,3,3,3,1,0,0,3,1.670418052836514,0.8158415616871132,,,,,,,,29.44029723233025,2.959573772767005,0.0,PS_051,,,0.969891731442159
32.37086278551478,3.5349665671813377,2025-03-17T21:15:00Z,4,4,4,4,4,4,1,0,0,4,-2.017391374350523,0.05357565718754534,,,,,,,,28.25485133933339,-2.577080674221109,0.0,PS_051,,,1.0058344143685851
31.792640503847704,1.2091629994418007,2025-03-17T21:30:00Z,3,3,3,3,3,3,1,0,0,3,-2.334471506761312,-0.09861157310651372,,,,,,,,27.631380923221197,-3.6203077820068352,0.0,PS_051,,,0.3804099236414709
31.31808485952374,1.1955000162124634,2025-03-17T21:45:00Z,4,4,4,4,4,4,1,0,0,4,-2.255067245757246,-0.10115014757634011,,,,,,,,26.959926029963242,-3.4603938613654144,0.0,PS_051,,,0.20813499257668375
30.790629337843523,1.1955000162124634,2025-03-17T22:00:00Z,4,4,4,4,4,4,1,0,0,4,-2.259830146513278,-0.06739442881746396,,,,,,,,26.35304622796142,-3.396393378153516,0.0,PS_051,,,0.500745376919158
30.07893550968561,1.1955000162124634,2025-03-17T22:15:00Z,3,3,3,3,3,3,1,0,0,3,-2.401490055323889,-0.209972757563445,,,,,,,,25.77159536887147,-3.309719271249339,0.0,PS_051,,,0.0
29.23413007614969,1.1955000162124634,2025-03-17T22:30:00Z,4,4,4,4,4,4,1,0,0,4,-2.22327079493858,-0.019981904072875947,,,,,,,,24.652152538760287,-2.3098558580812343,0.0,PS_051,,,0.02117256872224615
29.05307263153729,1.1955000162124634,2025-03-17T22:45:00Z,4,4,4,4,4,4,1,0,0,4,-1.962940483555346,0.009520905833898943,,,,,,,,23.907409555712256,-2.4087296566793945,0.0,PS_051,,,0.16809510875729405
28.45301904803645,1.1955000162124634,2025-03-17T23:00:00Z,3,3,3,3,3,3,1,0,0,3,-2.1397656230056987,0.020506390251208765,,,,,,,,23.254132778961964,-2.2524374043583952,0.0,PS_051,,,0.3342041309479154
28.24719375039743,1.1955000162124634,2025-03-17T23:15:00Z,4,4,4,4,4,4,1,0,0,4,-2.056177545515746,-0.12784554677846682,,,,,,,,23.42711349681759,-2.2638273854616187,0.0,PS_051,,,0.8401480484532509
27.47161084396898,1.1955000162124634,2025-03-17T23:30:00Z,4,4,4,4,4,4,1,0,0,4,-2.000352827284323,-0.04730901142937361,,,,,,,,23.04141101958951,-2.340877514503266,0.0,PS_051,,,0.34520110007985066
27.081655690625478,1.1955000162124634,2025-03-17T23:45:00Z,3,3,3,3,3,3,1,0,0,3,-1.9470550324744709,-0.20979300298959885,,,,,,,,22.700000762939453,-2.2692974526568026,0.0,PS_051,,,0.7185633694428747
26.780895113750983,1.1955000162124634,2025-03-18T00:00:00Z,4,4,4,4,4,4,1,0,0,4,-1.8101380812802492,0.07603841356512334,,,,,,,,22.33205531314614,-1.9033706271717392,0.0,PS_051,,,1.274380400861026
26.74439725894185,1.1955000162124636,2025-03-18T00:15:00Z,3,3,3,3,3,3,1,0,0,3,-1.9304393993117077,0.038576592497540266,,,,,,,,23.20915334192667,-3.0135259083946977,0.0,PS_051,,,1.791231827006245
28.101713776379093,1.1955000162124634,2025-03-18T00:30:00Z,4,4,4,4,4,4,1,0,0,4,-2.385766465210095,-0.36701545860340384,,,,,,,,24.711793813151917,-3.219271519372629,0.0,PS_051,,,2.2377879910944505
27.84621131365886,1.1955000162124636,2025-03-18T00:45:00Z,4,4,4,4,4,4,1,0,0,4,-1.847707303694682,-0.0056025121927863126,,,,,,,,24.768536646001397,-2.127250197249647,0.0,PS_051,,,2.329734570412014
,,2025-03-18T01:00:00Z,0,0,0,0,0,0,1,0,0,0,,,,,,,,,,,,0.0,PS_051,,,
,,2025-03-18T01:15:00Z,0,0,0,0,0,0,1,0,0,0,,,,,,,,,,,,0.0,PS_051,,,
,,2025-03-18T01:30:00Z,0,0,0,0,0,0,1,0,0,0,,,,,,,,,,,,0.0,PS_051,,,
,,2025-03-18T01:45:00Z,0,0,0,0,0,0,1,0,0,0,,,,,,,,,,,,0.0,PS_051,,,
,,2025-03-18T02:00:00Z,0,0,0,0,0,0,1,0,0,0,,,,,,,,,,,,0.0,PS_051,,,
,,2025-03-18T02:15:00Z,0,0,0,0,0,0,1,0,0,0,,,,,,,,,,,,0.0,PS_051,,,
,,2025-03-18T02:30:00Z,0,0,0,0,0,0,1,0,0,0,,,,,,,,,,,,0.0,PS_051,,,
,,2025-03-18T02:45:00Z,0,0,0,0,0,0,1,0,0,0,,,,,,,,,,,,0.0,PS_051,,,
,,2025-03-18T03:00:00Z,0,0,0,0,0,0,1,0,0,0,,,,,,,,,,,,0.0,PS_051,,,
,,2025-03-18T03:15:00Z,0,0,0,0,0,0,1,0,0,0,,,,,,,,,,,,0.0,PS_051,,,
,,2025-03-18T03:30:00Z,0,0,0,0,0,0,1,0,0,0,,,,,,,,,,,,0.0,PS_051,,,
,,2025-03-18T03:45:00Z,0,0,0,0,0,0,1,0,0,0,,,,,,,,,,,,0.0,PS_051,,,
,,2025-03-18T04:00:00Z,0,0,0,0,0,0,1,0,0,0,,,,,,,,,,,,0.0,PS_051,,,
,,2025-03-18T04:15:00Z,0,0,0,0,0,0,1,0,0,0,,,,,,,,,,,,0.0,PS_051,,,
,,2025-03-18T04:30:00Z,0,0,0,0,0,0,1,0,0,0,,,,,,,,,,,,0.0,PS_051,,,
,,2025-03-18T04:45:00Z,0,0,0,0,0,0,1,0,0,0,,,,,,,,,,,,0.0,PS_051,,,
,,2025-03-18T05:00:00Z,0,0,0,0,0,0,1,0,0,0,,,,,,,,,,,,0.0,PS_051,,,
,,2025-03-18T05:15:00Z,0,0,0,0,0,0,1,0,0,0,,,,,,,,,,,,0.0,PS_051,,,
,,2025-03-18T05:30:00Z,0,0,0,0,0,0,1,0,0,0,,,,,,,,,,,,0.0,PS_051,,,
,,2025-03-18T05:45:00Z,0,0,0,0,0,0,1,0,0,0,,,,,,,,,,,,0.0,PS_051,,,
,,2025-03-18T06:00:00Z,0,0,0,0,0,0,1,0,0,0,,,,,,,,,,,,0.0,PS_051,,,
,,2025-03-18T06:15:00Z,0,0,0,0,0,0,1,0,0,0,,,,,,,,,,,,0.0,PS_051,,,
,,2025-03-18T06:30:00Z,0,0,0,0,0,0,1,0,0,0,,,,,,,,,,,,0.0,PS_051,,,
,,2025-03-18T06:45:00Z,0,0,0,0,0,0,1,0,0,0,,,,,,,,,,,,0.0,PS_051,,,
,,2025-03-18T07:00:00Z,0,0,0,0,0,0,1,0,0,0,,,,,,,,,,,,0.0,PS_051,,,
,,2025-03-18T07:15:00Z,0,0,0,0,0,0,1,0,0,0,,,,,,,,,,,,0.0,PS_051,,,
,,2025-03-18T07:30:00Z,0,0,0,0,0,0,1,0,0,0,,,,,,,,,,,,0.0,PS_051,,,
,,2025-03-18T07:45:00Z,0,0,0,0,0,0,1,0,0,0,,,,,,,,,,,,0.0,PS_051,,,
,,2025-03-18T08:00:00Z,0,0,0,0,0,0,1,0,0,0,,,,,,,,,,,,0.0,PS_051,,,
,,2025-03-18T08:15:00Z,0,0,0,0,0,0,1,0,0,0,,,,,,,,,,,,0.0,PS_051,,,
,,2025-03-18T08:30:00Z,0,0,0,0,0,0,1,0,0,0,,,,,,,,,,,,0.0,PS_051,,,
,,2025-03-18T08:45:00Z,0,0,0,0,0,0,1,0,0,0,,,,,,,,,,,,0.0,PS_051,,,
,,2025-03-18T09:00:00Z,0,0,0,0,0,0,1,0,0,0,,,,,,,,,,,,0.0,PS_051,,,
,,2025-03-18T09:15:00Z,0,0,0,0,0,0,1,0,0,0,,,,,,,,,,,,0.0,PS_051,,,
,,2025-03-18T09:30:00Z,0,0,0,0,0,0,1,0,0,0,,,,,,,,,,,,0.0,PS_051,,,
,,2025-03-18T09:45:00Z,0,0,0,0,0,0,1,0,0,0,,,,,,,,,,,,0.0,PS_051,,,
,,2025-03-18T10:00:00Z,0,0,0,0,0,0,1,0,0,0,,,,,,,,,,,,0.0,PS_051,,,
,,2025-03-18T10:15:00Z,0,0,0,0,0,0,1,0,0,0,,,,,,,,,,,,0.0,PS_051,,,
,,2025-03-18T10:30:00Z,0,0,0,0,0,0,1,0,0,0,,,,,,,,,,,,0.0,PS_051,,,
27.82240949143406,13.466773845140535,2025-03-18T10:45:00Z,3,3,3,3,3,3,1,0,0,3,417.1234601109547,91.4389777186405,,,,,,,,39.55345523940082,921.8393691186069,0.0,PS_051,,,2.7465038710717455
28.29613697582954,8.11620280601194,2025-03-18T11:00:00Z,3,3,3,3,3,3,1,0,0,3,477.3350666889448,100.12294345045466,,,,,,,,43.74389763314183,962.5035221456168,0.0,PS_051,,,1.0170667761548662
29.588283327626094,8.422857457799656,2025-03-18T11:15:00Z,4,4,4,4,4,4,1,0,0,4,542.6755405292255,110.24560412456844,,,,,,,,48.71197171986265,987.7748442659206,0.0,PS_051,,,1.2055380598041856
30.12753040841022,13.109667539842201,2025-03-18T11:30:00Z,4,4,4,4,4,4,1,0,0,4,599.5449427234303,113.2711102121014,,,,,,,,48.07792705559168,1013.4977802371637,0.0,PS_051,,,2.336115301168262
30.501693675386516,8.487768715999598,2025-03-18T11:45:00Z,3,3,3,3,3,3,1,0,0,3,651.9675899551394,118.82575020729793,,,,,,,,49.462609675989974,1030.555434064748,0.0,PS_051,,,2.55602449283645
30.45703770773345,19.007957596846822,2025-03-18T12:00:00Z,4,4,4,4,4,4,1,0,0,4,621.4764219805749,111.89660341724759,,,,,,,,46.74102748286086,842.1238868974754,0.0,PS_051,,,2.5567818349660905
30.20497485727088,21.007663714236156,2025-03-18T12:15:00Z,4,4,4,4,4,4,1,0,0,4,566.69077250317,109.23695330539978,,,,,,,,42.251600023618,694.2227572637725,0.0,PS_051,,,2.1935278597004784
31.189541347450557,8.165322652721295,2025-03-18T12:30:00Z,3,3,3,3,3,3,1,0,0,3,346.06101697847737,73.18454392871263,,,,,,,,47.57431061985274,408.66129725125364,0.0,PS_051,,,1.495831035782504
31.24492993241499,6.1194374322582314,2025-03-18T12:45:00Z,4,4,4,4,4,4,1,0,0,4,385.56554534897344,76.33443997457339,,,,,,,,44.70578052042867,428.64738836331605,0.0,PS_051,,,2.444655996264626
31.257735118437814,13.385736734269301,2025-03-18T13:00:00Z,4,4,4,4,4,4,1,0,0,4,829.2403670777503,140.34343030293996,,,,,,,,42.106085966733104,954.4819060462855,0.0,PS_051,,,2.779746180587673
30.44147741462428,8.342738710412327,2025-03-18T13:15:00Z,3,3,3,3,3,3,1,0,0,3,357.85402280992827,68.0159927398933,,,,,,,,38.38864154733172,386.651084582637,0.0,PS_051,,,1.2574922683271
31.64649819842005,16.40144528974761,2025-03-18T13:30:00Z,4,4,4,4,4,4,1,0,0,4,620.778008370528,101.33374097640318,,,,,,,,44.05210377240435,655.451684292968,0.0,PS_051,,,2.204269544441424
33.51762413380181,14.776673135756505,2025-03-18T13:45:00Z,4,4,4,4,4,4,1,0,0,4,1144.347594629633,180.1227167542985,,,,,,,,51.55341210140065,1218.8302971736914,0.0,PS_051,,,2.9550570914977814
33.74162896861805,5.772357345391509,2025-03-18T14:00:00Z,3,3,3,3,3,3,1,0,0,3,989.8285744152154,158.61071382285039,,,,,,,,53.726787578963574,1040.3078147596755,0.0,PS_051,,,1.3701759209461288
32.42166903823756,17.700364679979796,2025-03-18T14:15:00Z,4,4,4,4,4,4,1,0,0,4,694.6097224016095,108.46223511637041,,,,,,,,42.07660038750408,722.5017469556192,0.0,PS_051,,,1.7328326555948272
34.036914380444294,9.257971313562129,2025-03-18T14:30:00Z,3,3,3,3,3,3,1,0,0,3,1109.5209042029521,169.17844290472803,,,,,,,,47.05615648439446,1157.6451030447333,0.0,PS_051,,,2.355033521303758
34.289440802558374,18.139351841171052,2025-03-18T14:45:00Z,4,4,4,4,4,4,1,0,0,4,1099.373474044843,166.38632791283382,,,,,,,,47.53361792047364,1134.214381644751,0.0,PS_051,,,3.0752628335710304
35.1852351133407,5.795108995056964,2025-03-18T15:00:00Z,4,4,4,4,4,4,1,0,0,4,1110.9765013930764,168.2731961808396,,,,,,,,54.0399344033828,1147.2263549725967,0.0,PS_051,,,2.6690073957368194
34.98801561263622,7.986753947677038,2025-03-18T15:15:00Z,3,3,3,3,3,3,1,0,0,3,1093.6053484009772,161.35197937638983,,,,,,,,52.02876254356004,1111.6477493686857,0.0,PS_051,,,2.8985506073229126
35.012194367763335,17.40021997651178,2025-03-18T15:30:00Z,4,4,4,4,4,4,1,0,0,4,1078.149378302739,161.4354412552715,,,,,,,,50.957609105844746,1119.0299321979653,0.0,PS_051,,,2.08784167856432
35.80829085016229,13.181267253694108,2025-03-18T15:45:00Z,4,4,4,4,4,4,1,0,0,4,895.3844598367448,131.2836385983985,,,,,,,,53.90909047173723,908.2791029117752,0.0,PS_051,,,1.954115716069244
34.70511114484396,19.9748345899128,2025-03-18T16:00:00Z,3,3,3,3,3,3,1,0,0,3,901.9149043095309,139.15685977780743,,,,,,,,46.80953943937588,973.7817925371447,0.0,PS_051,,,2.418970007857062
36.14260399097026,13.43446653003786,2025-03-18T16:15:00Z,4,4,4,4,4,4,1,0,0,4,992.5078762788539,154.96886721539158,,,,,,,,53.65544223996049,1098.921701834479,0.0,PS_051,,,2.229543953801194
35.87621940169164,14.089446259897862,2025-03-18T16:30:00Z,4,4,4,4,4,4,1,0,0,4,961.56063930782,152.87461768942302,,,,,,,,51.51786354242008,1098.0317876327315,0.0,PS_051,,,1.4435278795912905
36.465548472633,9.45846892660475,2025-03-18T16:45:00Z,3,3,3,3,3,3,1,0,0,3,929.3660340633992,149.69964304021025,,,,,,,,51.89311698190509,1098.1611374530085,0.0,PS_051,,,2.3929015493484167
37.02330346371356,14.03985451254484,2025-03-18T17:00:00Z,4,4,4,4,4,4,1,0,0,4,888.6102994754846,144.7953732558843,,,,,,,,52.83965862057081,1084.7710317745361,0.0,PS_051,,,2.011694277127585
36.932601616536424,7.602099651339063,2025-03-18T17:15:00Z,3,3,3,3,3,3,1,0,0,3,853.7274742503853,141.84778715160218,,,,,,,,50.64862142113363,1086.566492026053,0.0,PS_051,,,3.2028888520273795
37.03074676174355,14.577856856969204,2025-03-18T17:30:00Z,4,4,4,4,4,4,1,0,0,4,804.1483132896792,137.43500381534523,,,,,,,,51.619263560368054,1077.8713968022591,0.0,PS_051,,,1.8100704575353488
36.702694773003955,15.4882522886584,2025-03-18T17:45:00Z,4,4,4,4,4,4,1,0,0,4,757.316676168351,132.42971062910686,,,,,,,,50.0285876911035,1073.3143967781714,0.0,PS_051,,,3.227821116873918
36.78553404382894,8.120312523057075,2025-03-18T18:00:00Z,3,3,3,3,3,3,1,0,0,3,699.8189581339639,125.99572137352763,,,,,,,,52.216081217235384,1053.0351904253605,0.0,PS_051,,,2.053318257605723
36.9283639015131,14.778060889098624,2025-03-18T18:15:00Z,4,4,4,4,4,4,1,0,0,4,637.1813839518625,118.81883501650877,,,,,,,,54.181742178426425,1029.5804287115118,0.0,PS_051,,,1.804086489666289
37.18206408168251,11.560509397705383,2025-03-18T18:30:00Z,4,4,4,4,4,4,1,0,0,4,574.0612472278704,112.77788889577118,,,,,,,,50.41610570702434,1014.7628592215252,0.0,PS_051,,,2.831774176132117
37.056922264006324,18.837562230959247,2025-03-18T18:45:00Z,3,3,3,3,3,3,1,0,0,3,501.62531734847136,105.02647342845633,,,,,,,,49.713661798998785,982.7942122983033,0.0,PS_051,,,1.8130532228900986
37.07268347943717,5.774649622125465,2025-03-18T19:00:00Z,4,4,4,4,4,4,1,0,0,4,435.3587695896169,97.1015861036146,,,,,,,,51.84087749259505,952.9131915031376,0.0,PS_051,,,1.6075966712677128
37.524179718322976,8.652564830601992,2025-03-18T19:15:00Z,3,3,3,3,3,3,1,0,0,3,374.63905838729585,89.89192070714476,,,,,,,,52.10484640613409,906.7289891636983,0.0,PS_051,,,1.1346902425052645
37.01101286141512,8.233053441627579,2025-03-18T19:30:00Z,4,4,4,4,4,4,1,0,0,4,315.75791789289934,79.40514989320943,,,,,,,,48.085098207502,775.414860862598,0.0,PS_051,,,2.032807804373362
37.018854015815194,11.260743926792994,2025-03-18T19:45:00Z,4,4,4,4,4,4,1,0,0,4,249.0296192843266,59.49480208688494,,,,,,,,43.76304357670297,605.9500205977093,0.0,PS_051,,,1.753805856425407
36.63595695189573,10.968831619795157,2025-03-18T20:00:00Z,3,3,3,3,3,3,1,0,0,3,185.5367067739871,40.73565764458199,,,,,,,,41.57640777287397,449.20615001996475,0.0,PS_051,,,1.656671239234182
36.05839023796177,12.66623491235062,2025-03-18T20:15:00Z,4,4,4,4,4,4,1,0,0,4,130.76974334354824,31.564898673154914,,,,,,,,38.75250182563864,297.4876900384258,0.0,PS_051,,,2.2593686749408253
35.330181783652904,11.929101072006357,2025-03-18T20:30:00Z,3,3,3,3,3,3,1,0,0,3,74.02467092405429,26.552992420000706,,,,,,,,34.64984762583049,161.36235674998247,0.0,PS_051,,,1.9296371531217764
34.33580467977627,7.509414972437571,2025-03-18T20:45:00Z,4,4,4,4,4,4,1,0,0,4,23.100972045904367,7.289555601246269,,,,,,,,32.233654976497704,29.86578351040939,0.0,PS_051,,,3.0544481524238254
33.335140397402206,13.345239934952119,2025-03-18T21:00:00Z,4,4,4,4,4,4,1,0,0,4,3.428332114157143,1.2527851970263622,,,,,,,,30.51283533574552,5.049122911704392,0.0,PS_051,,,2.589204753841919
32.70681118886312,3.9103644039893783,2025-03-18T21:15:00Z,3,3,3,3,3,3,1,0,0,3,-1.6087491973814858,-0.05122138049063615,,,,,,,,29.668153885073675,-1.338828161694131,0.0,PS_051,,,2.775765677856203
32.17788351611205,1.230322955158033,2025-03-18T21:30:00Z,4,4,4,4,4,4,1,0,0,4,-2.024746830838914,0.05535926513475009,,,,,,,,29.01165950511771,-2.345558355914715,0.0,PS_051,,,2.2769822895349057
31.76952902755082,1.1955000162124634,2025-03-18T21:45:00Z,3,3,3,3,3,3,1,0,0,3,-1.9768861437690932,-0.10673700140504457,,,,,,,,28.63348346742455,-2.4323933428362454,0.0,PS_051,,,2.232101473922486
31.3615521779184,1.1955000162124634,2025-03-18T22:00:00Z,4,4,4,4,4,4,1,0,0,4,-2.0155484784738302,-0.09482536215965505,,,,,,,,28.157553621695325,-2.3972406066886576,0.0,PS_051,,,2.1774923060198463
30.976924499738054,1.1955000162124634,2025-03-18T22:15:00Z,4,4,4,4,4,4,1,0,0,4,-2.0524187997528323,0.025798890717645028,,,,,,,,27.434710172387575,-2.689767747634413,0.0,PS_051,,,1.4288092985043674
30.499160911603116,1.1955000162124634,2025-03-18T22:30:00Z,3,3,3,3,3,3,1,0,0,3,-2.0538167663371394,0.02346653887684579,,,,,,,,26.740700848810786,-2.928376383278323,0.0,PS_051,,,0.8284940025373073
29.9492772611685,1.1955000162124634,2025-03-18T22:45:00Z,4,4,4,4,4,4,1,0,0,4,-1.9617611473278724,-0.29414083355267373,,,,,,,,25.75157476184373,-2.8403252360284093,0.0,PS_051,,,0.5947110916046168
29.4867601562872,1.1955000162124632,2025-03-18T23:00:00Z,3,3,3,3,3,3,1,0,0,3,-1.8357300459520316,0.07271460888963242,,,,,,,,25.113373712771754,-2.3580538226373164,0.0,PS_051,,,0.04209909810162186
28.701692292375004,1.1955000162124634,2025-03-18T23:15:00Z,4,4,4,4,4,4,1,0,0,4,-1.9316527139114794,0.12446114604556298,,,,,,,,24.340951958405093,-2.1136202609154906,0.0,PS_051,,,0.0
28.803543664411325,1.1955000162124634,2025-03-18T23:30:00Z,3,3,3,3,3,3,1,0,0,3,-1.8642789026694961,-0.039733691328286504,,,,,,,,24.05181770065471,-1.914874505337166,0.0,PS_051,,,0.03350886596250973
28.040440974596027,1.1955000162124634,2025-03-18T23:45:00Z,4,4,4,4,4,4,1,0,0,4,-1.727925009125949,0.0010615523080850537,,,,,,,,23.77531568359771,-1.5258834444036016,0.0,PS_051,,,0.8311274373852072
27.357655432497513,1.1955000162124634,2025-03-19T00:00:00Z,4,4,4,4,4,4,1,0,0,4,-1.8065228581274253,0.12204431085824016,,,,,,,,23.247578611374937,-2.135662593108181,0.0,PS_051,,,0.06437463782367847
27.714153641919115,1.1955000162124634,2025-03-19T00:15:00Z,3,3,3,3,3,3,1,0,0,3,-1.762778046069337,0.08142878084302717,,,,,,,,23.171340754173098,-1.5091689602053486,0.0,PS_051,,,0.2486857718790195
27.31189134449628,1.1955000162124632,2025-03-19T00:30:00Z,4,4,4,4,4,4,1,0,0,4,-1.7930740928867932,-0.18677725253742758,,,,,,,,23.143418710508442,-1.6525255112023487,0.0,PS_051,,,0.9303753728972247
27.143115971266123,1.1955000162124636,2025-03-19T00:45:00Z,4,4,4,4,4,4,1,0,0,4,-1.7846735110563654,0.1644318326686303,,,,,,,,23.174449636225344,-1.7086932385647966,0.0,PS_051,,,1.2702771915029303
27.445602153064716,1.1955000162124634,2025-03-19T01:00:00Z,3,3,3,3,3,3,1,0,0,3,-2.074814035833784,0.014825524659078005,,,,,,,,24.01092985199137,-3.468288962582838,0.0,PS_051,,,2.57633038765083
28.009763417881953,1.1955000162124634,2025-03-19T01:15:00Z,4,4,4,4,4,4,1,0,0,4,-2.010009016029362,-0.2115255049152755,,,,,,,,24.85270860415591,-2.7081147858647943,0.0,PS_051,,,1.738335402109098
28.012394334273623,1.1955000162124634,2025-03-19T01:30:00Z,4,4,4,4,4,4,1,0,0,4,-1.9437299317781866,-0.1317709459972566,,,,,,,,24.084994744773446,-2.2534287364740306,0.0,PS_051,,,0.6015526089872894
28.365895751338332,1.1955000162124636,2025-03-19T01:45:00Z,3,3,3,3,3,3,1,0,0,3,-1.9414762145568465,-0.1687879664016274,,,,,,,,25.068426095604064,-2.836557561431039,0.0,PS_051,,,1.8769983450315373
27.852709653401718,1.1955000162124634,2025-03-19T02:00:00Z,4,4,4,4,4,4,1,0,0,4,-1.6705394553941297,0.0734017712591972,,,,,,,,25.010059389297968,-1.9735600117757188,0.0,PS_051,,,2.696629469082626
27.531589026047495,1.1955000162124636,2025-03-19T02:15:00Z,4,4,4,4,4,4,1,0,0,4,-1.6528579693611285,0.11205173779171407,,,,,,,,24.61225440239416,-2.3125752636596477,0.0,PS_051,,,3.6359255481058184
27.3057552627836,1.1955000162124634,2025-03-19T02:30:00Z,3,3,3,3,3,3,1,0,0,3,-1.7209129051614602,-0.0002845334247765077,,,,,,,,24.250543139504135,-2.1011988359931726,0.0,PS_051,,,1.1473813182279495
26.835639193750627,1.1955000162124636,2025-03-19T02:45:00Z,4,4,4,4,4,4,1,0,0,4,-1.7094867083545915,-0.020329781144682976,,,,,,,,23.49726218095024,-2.1633789511429935,0.0,PS_051,,,0.8919786183299362
26.659238484231643,1.1955000162124634,2025-03-19T03:00:00Z,4,4,4,4,4,4,1,0,0,4,-1.6617184792266635,0.044817873400621565,,,,,,,,23.247546564284015,-2.2945245435585977,0.0,PS_051,,,0.6438872775568684
26.322605844501464,1.1955000162124636,2025-03-19T03:15:00Z,3,3,3,3,3,3,1,0,0,3,-1.618566561803764,0.0666827707006797,,,,,,,,23.04363678113852,-2.3682841067530136,0.0,PS_051,,,0.18793784721290485
26.202642930744314,1.1955000162124634,2025-03-19T03:30:00Z,4,4,4,4,4,4,1,0,0,4,-1.6472558029390372,0.07296073004978756,,,,,,,,22.50439256571532,-2.5258994598817175,0.0,PS_051,,,0.1009568556379021
26.07188134298845,1.1955000162124636,2025-03-19T03:45:00Z,3,3,3,3,3,3,1,0,0,3,-1.5742236514067882,-0.04805829130018718,,,,,,,,22.23254785624756,-2.556074138830842,0.0,PS_051,,,0.48598463139653425
25.79648320544055,1.1955000162124636,2025-03-19T04:00:00Z,4,4,4,4,4,4,1,0,0,4,-1.5724422379149063,0.02786825575033487,,,,,,,,22.700000762939453,-2.177637956971015,0.0,PS_051,,,1.118464619653911
25.548983909591527,1.1955000162124632,2025-03-19T04:15:00Z,4,4,4,4,4,4,1,0,0,4,-1.5795870810001746,0.07010986878850606,,,,,,,,22.402438898867494,-2.127881020504676,0.0,PS_051,,,0.4955409053456347
25.330667030722903,1.1955000162124634,2025-03-19T04:30:00Z,3,3,3,3,3,3,1,0,0,3,-1.567720533012014,-0.23671662058954837,,,,,,,,21.875303525831853,-2.0891319818850502,0.0,PS_051,,,0.0
24.88884018443587,1.1955000162124634,2025-03-19T04:45:00Z,4,4,4,4,4,4,1,0,0,4,-1.5730738747432995,-0.06637873709104845,,,,,,,,21.173506312150266,-1.646551307323728,0.0,PS_051,,,0.009481652865143075
24.773289471311404,1.1955000162124634,2025-03-19T05:00:00Z,4,4,4,4,4,4,1,0,0,4,-1.486260076443006,0.0129274901555108,,,,,,,,20.93009082603708,-1.7857440507288374,0.0,PS_051,,,0.03706711178941314
24.604774905999143,1.1955000162124636,2025-03-19T05:15:00Z,3,3,3,3,3,3,1,0,0,3,-1.3439299194458365,-0.05348431848714083,,,,,,,,21.130630760972934,-1.8639154168217784,0.0,PS_051,,,0.34386499067485915
24.370414409639068,1.1955000162124634,2025-03-19T05:30:00Z,4,4,4,4,4,4,1,0,0,4,-1.5033785195050633,0.03801205846729209,,,,,,,,20.948697085313267,-1.477089529087739,0.0,PS_051,,,0.07962140465846085
24.140047451486794,1.1955000162124636,2025-03-19T05:45:00Z,4,4,4,4,4,4,1,0,0,4,-1.3668926939642747,0.09912085010963587,,,,,,,,20.83842660354525,-1.5302916017217372,0.0,PS_051,,,0.8323782434280007
24.228300265964517,1.1955000162124634,2025-03-19T06:00:00Z,3,3,3,3,3,3,1,0,0,3,-1.3492267101122069,-0.19790386692570278,,,,,,,,21.55107226412527,-1.536209737240163,0.0,PS_051,,,1.003411563470409
24.542864187870055,1.1955000162124634,2025-03-19T06:15:00Z,4,4,4,4,4,4,1,0,0,4,-1.4707255037599078,-0.024130660786147444,,,,,,,,21.220064830530124,-1.7854360477586122,0.0,PS_051,,,0.5078066678142548
24.77273284107832,1.1955000162124632,2025-03-19T06:30:00Z,4,4,4,4,4,4,1,0,0,4,-1.588084113096467,0.0003551607311014195,,,,,,,,21.371014344252213,-2.425912120573305,0.0,PS_051,,,0.42937419640164437
24.256518037812743,1.1955000162124634,2025-03-19T06:45:00Z,3,3,3,3,3,3,1,0,0,3,-1.5419466980457652,0.2389577172150231,,,,,,,,20.810165923864673,-2.2476004551832998,0.0,PS_051,,,0.0
24.00492562930429,1.1955000162124634,2025-03-19T07:00:00Z,4,4,4,4,4,4,1,0,0,4,-1.4236098793155727,-0.10771291450938174,,,,,,,,20.35230474949742,-1.7950876564352316,0.0,PS_051,,,0.1734832637856518
24.00093206567238,1.1955000162124634,2025-03-19T07:15:00Z,3,3,3,3,3,3,1,0,0,3,-1.373520079011068,0.2510898649770658,,,,,,,,20.26507175080079,-2.0969242784284683,0.0,PS_051,,,0.07548253570918405
22.924668550530605,1.1955000162124632,2025-03-19T07:30:00Z,4,4,4,4,4,4,1,0,0,4,-1.5525549136147259,-0.06546878189890322,,,,,,,,19.754407724772808,-1.5934422807148299,0.0,PS_051,,,0.21326619171161365
22.510432057705103,1.1955000162124634,2025-03-19T07:45:00Z,4,4,4,4,4,4,1,0,0,4,-1.4415217824161743,0.037099211073903134,,,,,,,,19.188628388523515,-1.5864480628201196,0.0,PS_051,,,0.1645961697619749
22.407955327469303,1.1955000162124632,2025-03-19T08:00:00Z,3,3,3,3,3,3,1,0,0,3,-1.3719584327125016,0.28586892882497345,,,,,,,,18.8493523465573,-1.4989416105688564,0.0,PS_051,,,0.0
22.37242717883922,1.19896166421301,2025-03-19T08:15:00Z,4,4,4,4,4,4,1,0,0,4,-1.355038969673103,0.027947532964847886,,,,,,,,18.899999618530277,-1.7055198846921542,0.0,PS_051,,,0.04784280327474085
22.274370116287315,2.1188849357942057,2025-03-19T08:30:00Z,4,4,4,4,4,4,1,0,0,4,-1.129353960055431,0.17685035893078668,,,,,,,,18.85269293417028,-1.5251969467243451,0.0,PS_051,,,0.33825218822419806
22.048926293557617,5.165633475096147,2025-03-19T08:45:00Z,3,3,3,3,3,3,1,0,0,3,1.0617424105452793,1.4294107211800946,,,,,,,,18.600000381469727,-0.1456275573022299,0.0,PS_051,,,0.0
21.810987537030535,15.199814835335763,2025-03-19T09:00:00Z,4,4,4,4,4,4,1,0,0,4,12.039001928508222,2.390630212680316,,,,,,,,18.642831713373482,10.086548280128154,0.0,PS_051,,,0.1340390529486447
22.531216870056877,13.584790015908387,2025-03-19T09:15:00Z,3,3,3,3,3,3,1,0,0,3,51.627690249248374,10.103035657392283,,,,,,,,19.555681097167266,67.44706518940687,0.0,PS_051,,,0.0
23.933746559592198,6.766042470035569,2025-03-19T09:30:00Z,4,4,4,4,4,4,1,0,0,4,98.33024746411077,17.17005624152704,,,,,,,,23.57551537685115,187.86200502595486,0.0,PS_051,,,0.0
25.096010877979314,9.36933042624276,2025-03-19T09:45:00Z,4,4,4,4,4,4,1,0,0,4,156.69317503641795,23.75540727061848,,,,,,,,28.53176387775595,338.020282981097,0.0,PS_051,,,0.2368673259572338
25.979180423848973,8.036102338761651,2025-03-19T10:00:00Z,3,3,3,3,3,3,1,0,0,3,207.53134004169817,38.82484976318027,,,,,,,,30.812531826740486,485.2098785332843,0.0,PS_051,,,0.7413251719017973
26.849862500505132,7.345451660791584,2025-03-19T10:15:00Z,4,4,4,4,4,4,1,0,0,4,267.59864025294996,58.088320963994235,,,,,,,,35.559683804908275,637.0793217311339,0.0,PS_051,,,0.7909248303088354
27.756391695637422,8.57958482361693,2025-03-19T10:30:00Z,3,3,3,3,3,3,1,0,0,3,332.98038243133186,74.95088673977641,,,,,,,,41.789764351481416,787.0217922116457,0.0,PS_051,,,1.8496157400132838
27.99521582964138,10.984877175709697,2025-03-19T10:45:00Z,4,4,4,4,4,4,1,0,0,4,397.8755060883803,85.69602819004417,,,,,,,,46.39794247390814,895.8362741324585,0.0,PS_051,,,0.3062484542591614
28.44402987784847,14.550219100798632,2025-03-19T11:00:00Z,4,4,4,4,4,4,1,0,0,4,461.68636132602205,93.62123352887207,,,,,,,,48.94339069847541,938.5147576180394,0.0,PS_051,,,0.18165902364884487
29.409131627922417,14.238672174799364,2025-03-19T11:15:00Z,3,3,3,3,3,3,1,0,0,3,522.9553845528084,100.81197263092147,,,,,,,,51.29999923706054,969.300826982192,0.0,PS_051,,,0.8408154573070028
30.678680407793987,18.20586625857074,2025-03-19T11:30:00Z,4,4,4,4,4,4,1,0,0,4,577.9349207468708,106.4252153957462,,,,,,,,52.61000442674094,987.7197746684544,0.0,PS_051,,,0.7457099815209463
30.31094947706032,8.510814569441486,2025-03-19T11:45:00Z,4,4,4,4,4,4,1,0,0,4,632.3700050622446,112.69947151791166,,,,,,,,51.49753642409331,1007.0311291820813,0.0,PS_051,,,2.287055252901311
30.156807089357237,8.14336573861214,2025-03-19T12:00:00Z,3,3,3,3,3,3,1,0,0,3,683.787386592214,118.6241822197594,,,,,,,,47.779745311854676,1026.1591801618113,0.0,PS_051,,,1.5930649996030188
30.77096889242695,7.89564385563856,2025-03-19T12:15:00Z,4,4,4,4,4,4,1,0,0,4,734.7064745792394,123.5953209621713,,,,,,,,48.70845685189359,1035.30191593508,0.0,PS_051,,,1.8413281075514922
31.18477711511995,16.78830405378074,2025-03-19T12:30:00Z,3,3,3,3,3,3,1,0,0,3,795.034004418393,128.78847948618093,,,,,,,,48.15419157848955,1051.163921976189,0.0,PS_051,,,0.5184376070240437
32.153858938465625,7.688455356919136,2025-03-19T12:45:00Z,4,4,4,4,4,4,1,0,0,4,850.4782465204465,134.95702030912676,,,,,,,,49.19002514202072,1058.6583675246181,0.0,PS_051,,,1.617899492316322
32.37384319937435,16.259278699096775,2025-03-19T13:00:00Z,4,4,4,4,4,4,1,0,0,4,893.2167632233293,138.64596522489464,,,,,,,,48.609900790900866,1062.5108787228173,0.0,PS_051,,,1.591345790083136
32.80815366194682,5.744712132163166,2025-03-19T13:15:00Z,3,3,3,3,3,3,1,0,0,3,931.0812450480887,143.54995421932932,,,,,,,,47.44601994719869,1069.6199941491984,0.0,PS_051,,,1.1255115008279044
32.98131448842353,9.598731536394547,2025-03-19T13:30:00Z,4,4,4,4,4,4,1,0,0,4,964.0681744930978,147.35788392838413,,,,,,,,44.5470733430502,1072.68717641661,0.0,PS_051,,,2.544852540237471
33.44670454444095,13.661806137695502,2025-03-19T13:45:00Z,3,3,3,3,3,3,1,0,0,3,993.3720647798075,149.84412218920974,,,,,,,,47.22567541884109,1077.2044803750432,0.0,PS_051,,,3.4888057569331705
34.7993360940319,10.035344585594174,2025-03-19T14:00:00Z,4,4,4,4,4,4,1,0,0,4,1030.1958659241138,156.64532526430608,,,,,,,,50.23630839689154,1099.1192124970876,0.0,PS_051,,,1.4939294942786916
34.52302445356205,10.522754856418276,2025-03-19T14:15:00Z,4,4,4,4,4,4,1,0,0,4,1052.3236575374158,157.80699303955222,,,,,,,,46.35587473153207,1104.5687329665323,0.0,PS_051,,,4.05242062804673
34.70013897821428,11.238075391955501,2025-03-19T14:30:00Z,3,3,3,3,3,3,1,0,0,3,1057.3286817968344,157.7354169527282,,,,,,,,50.263427857612314,1104.02405916742,0.0,PS_051,,,2.5052459335561137
35.74050883877774,5.7871937002671325,2025-03-19T14:45:00Z,4,4,4,4,4,4,1,0,0,4,1055.8421306518603,157.72264928892437,,,,,,,,53.732174737141015,1096.5512485202291,0.0,PS_051,,,1.9036167496048753
35.83829514479572,16.115176611290813,2025-03-19T15:00:00Z,3,3,3,3,3,3,1,0,0,3,1080.3530697889973,162.9321238040899,,,,,,,,50.85960851906453,1118.6066954615628,0.0,PS_051,,,1.982774454539382
36.25759244089135,13.125415313135397,2025-03-19T15:15:00Z,4,4,4,4,4,4,1,0,0,4,888.9760664439633,132.71825195226444,,,,,,,,47.21136803269608,921.540187518619,0.0,PS_051,,,4.349016952099159
37.03520641571007,12.972530799458013,2025-03-19T15:30:00Z,4,4,4,4,4,4,1,0,0,4,950.492607121784,142.3855284766388,,,,,,,,47.957877778996554,995.3025234947653,0.0,PS_051,,,4.099027444740523
37.16638708761988,8.494250000403824,2025-03-19T15:45:00Z,3,3,3,3,3,3,1,0,0,3,1083.35735136097,165.651439240689,,,,,,,,50.09515932485859,1147.2401890006083,0.0,PS_051,,,2.934873201683299
37.108258849515764,12.209539924152665,2025-03-19T16:00:00Z,4,4,4,4,4,4,1,0,0,4,952.5442287612626,149.30301212604758,,,,,,,,50.2782758245757,1029.2203197288013,0.0,PS_051,,,3.5167472985909423
37.53871247637338,19.640325483204897,2025-03-19T16:15:00Z,3,3,3,3,3,3,1,0,0,3,1063.911227318885,170.40961679634984,,,,,,,,51.28288440600168,1176.6890638516695,0.0,PS_051,,,3.3710787529183626
36.83417774202542,5.761692503381171,2025-03-19T16:30:00Z,4,4,4,4,4,4,1,0,0,4,770.5074303200695,125.33368914871498,,,,,,,,48.4208516312981,884.0353781974543,0.0,PS_051,,,3.675215469967397
36.250274426433826,10.318753330982585,2025-03-19T16:45:00Z,4,4,4,4,4,4,1,0,0,4,451.4043691203674,75.03621654343841,,,,,,,,40.810526358652005,508.75944067589654,0.0,PS_051,,,2.7361283417974835
38.67489899196896,8.84887341200605,2025-03-19T17:00:00Z,3,3,3,3,3,3,1,0,0,3,934.1257782751734,155.82177144037405,,,,,,,,54.58972974004637,1134.018879427099,0.0,PS_051,,,0.7180452010330141
38.959357370068496,14.447411600359217,2025-03-19T17:15:00Z,4,4,4,4,4,4,1,0,0,4,884.2015397820727,149.18213555506586,,,,,,,,56.87250718321069,1127.1413293165463,0.0,PS_051,,,1.3068236134583444
38.168410017557356,8.247560206856654,2025-03-19T17:30:00Z,3,3,3,3,3,3,1,0,0,3,859.6111808085243,147.8184511933487,,,,,,,,53.94478179121171,1142.7800825943211,0.0,PS_051,,,2.837222658251669
37.15591920054896,10.468019616386432,2025-03-19T17:45:00Z,4,4,4,4,4,4,1,0,0,4,151.8145490245242,36.59165025063616,,,,,,,,45.3283767534134,182.57782511739785,0.0,PS_051,,,2.494887239526693
37.79002517994714,8.465257658595197,2025-03-19T18:00:00Z,3,3,3,3,3,3,1,0,0,3,631.2060031812169,113.9956609819323,,,,,,,,45.18153665921808,944.8986575336658,0.0,PS_051,,,1.0168623962334706
38.895395855980055,13.807000652691864,2025-03-19T18:15:00Z,4,4,4,4,4,4,1,0,0,4,704.1344134129542,130.67473624482625,,,,,,,,53.733184849824006,1123.3128989218617,0.0,PS_051,,,3.187861504277418
38.271463379223015,5.8225497154862,2025-03-19T18:30:00Z,4,4,4,4,4,4,1,0,0,4,464.3365882898495,95.2337103340985,,,,,,,,51.900602497627304,815.23288324788,0.0,PS_051,,,2.0362424224017937
38.54407423373752,11.401777509015252,2025-03-19T18:45:00Z,3,3,3,3,3,3,1,0,0,3,504.55529780424547,106.68897291857668,,,,,,,,50.48843925433177,983.5085575996202,0.0,PS_051,,,1.3618132369038611
38.6275995869599,11.621856051008686,2025-03-19T19:00:00Z,4,4,4,4,4,4,1,0,0,4,443.5512116553557,98.64315505806377,,,,,,,,50.942453151356894,961.2600953234002,0.0,PS_051,,,2.4751662474603826
38.068413145996146,8.491108488636517,2025-03-19T19:15:00Z,3,3,3,3,3,3,1,0,0,3,165.94461824367608,44.840361612974014,,,,,,,,47.12610901584478,355.5968236711058,0.0,PS_051,,,3.4715128274360403
38.10324979906123,8.098516637232967,2025-03-19T19:30:00Z,4,4,4,4,4,4,1,0,0,4,307.21779254027615,76.64892454298169,,,,,,,,43.09215766952312,746.4154838940113,0.0,PS_051,,,2.874009981988364
37.524701019865304,21.80998630621936,2025-03-19T19:45:00Z,3,3,3,3,3,3,1,0,0,3,244.75723811207968,58.16080455731407,,,,,,,,42.214375716278546,598.3482446174974,0.0,PS_051,,,2.995517658906486
37.281391710702216,9.475088003148555,2025-03-19T20:00:00Z,4,4,4,4,4,4,1,0,0,4,181.7310808011678,39.86752392251322,,,,,,,,39.81780494477729,436.4053342162443,0.0,PS_051,,,2.5816040680458725
37.31898890988071,8.287685685832688,2025-03-19T20:15:00Z,4,4,4,4,4,4,1,0,0,4,123.10419726162223,29.96784482701556,,,,,,,,38.22822542108763,279.36789865615566,0.0,PS_051,,,1.8695355424499753
36.59616044395492,6.911354047417005,2025-03-19T20:30:00Z,3,3,3,3,3,3,1,0,0,3,66.2778376692487,23.94043204609156,,,,,,,,35.54910050838588,140.33952625945602,0.0,PS_051,,,2.608285751496416
35.703917103056476,8.625995043254324,2025-03-19T20:45:00Z,4,4,4,4,4,4,1,0,0,4,18.73655172561842,5.080160645688286,,,,,,,,33.24107621777588,23.998058745044837,0.0,PS_051,,,1.3495852253163891
34.79936145268578,4.873776125874863,2025-03-19T21:00:00Z,3,3,3,3,3,3,1,0,0,3,2.1261378692480046,0.5289230281346249,,,,,,,,31.17123746620128,3.152091144264821,0.0,PS_051,,,1.2672325669290283
34.23657197762348,3.09142054204179,2025-03-19T21:15:00Z,3,3,3,3,3,3,1,0,0,3,-2.237403463391568,-0.04432053883590811,,,,,,,,30.25353758829284,-2.9245372348470555,0.0,PS_051,,,1.1017873733208559
33.47334998808806,1.2069607588992075,2025-03-19T21:30:00Z,4,4,4,4,4,4,1,0,0,4,-2.4895429475718616,-0.10107076019748702,,,,,,,,29.039011088430325,-3.5311593927751677,0.0,PS_051,,,0.4367296440202048
32.373518792874776,1.1955000162124634,2025-03-19T21:45:00Z,4,4,4,4,4,4,1,0,0,4,-2.3832268097904405,-0.2763772350954392,,,,,,,,27.79332085471671,-2.9732423101786334,0.0,PS_051,,,0.523228497373803
31.601238024322793,1.1955000162124634,2025-03-19T22:00:00Z,3,3,3,3,3,3,1,0,0,3,-2.536367259477074,-0.3742849992988517,,,,,,,,26.84861771928068,-3.13102985655214,0.0,PS_051,,,0.3937283285808775
30.51125048561353,1.1955000162124636,2025-03-19T22:15:00Z,4,4,4,4,4,4,1,0,0,4,-2.239507638451239,0.07015375956069367,,,,,,,,26.25517361654862,-2.2202912987464836,0.0,PS_051,,,0.4599776332187861
29.928007586809148,1.1955000162124636,2025-03-19T22:30:00Z,3,3,3,3,3,3,1,0,0,3,-2.1771309386527857,-0.20426275870612753,,,,,,,,25.11557397004534,-2.220119428273008,0.0,PS_051,,,0.05695445420723218
29.622779150154173,1.1955000162124634,2025-03-19T22:45:00Z,4,4,4,4,4,4,1,0,0,4,-2.122341424044321,-0.20382019156523629,,,,,,,,24.600000381469727,-2.136527049366404,0.0,PS_051,,,0.0
29.19685769208316,1.1955000162124632,2025-03-19T23:00:00Z,3,3,3,3,3,3,1,0,0,3,-2.0385093238020735,0.010447961905262461,,,,,,,,24.107848026500875,-2.073071198281737,0.0,PS_051,,,0.1876197045542108
28.450610239231803,1.1955000162124634,2025-03-19T23:15:00Z,4,4,4,4,4,4,1,0,0,4,-1.9763124067838713,-0.12106424793201989,,,,,,,,24.42854382102334,-1.9818438710913173,0.0,PS_051,,,1.1874624235625877
28.805135239693346,1.1955000162124632,2025-03-19T23:30:00Z,3,3,3,3,3,3,1,0,0,3,-2.1509707102026723,-0.22118607327121026,,,,,,,,24.89999961853027,-1.9699814541636902,0.0,PS_051,,,1.2142555305391265
28.864493437013806,1.1955000162124636,2025-03-19T23:45:00Z,4,4,4,4,4,4,1,0,0,4,-2.226548728270789,-0.27087977107461975,,,,,,,,24.863947168338758,-1.969320383673597,0.0,PS_051,,,0.9518521606469675
28.675577622995778,1.1955000162124636,2025-03-20T00:00:00Z,4,4,4,4,4,4,1,0,0,4,-1.9703164337037196,-0.26481892633331966,,,,,,,,24.445988017808183,-2.0132656420988293,0.0,PS_051,,,0.5958160876877849
29.07610739019944,1.1955000162124636,2025-03-20T00:15:00Z,3,3,3,3,3,3,1,0,0,3,-2.014201585054971,-0.07028838067495777,,,,,,,,24.510791399847417,-1.8799245852695055,0.0,PS_051,,,0.030536923357090625
28.36038404383741,1.1955000162124636,2025-03-20T00:30:00Z,4,4,4,4,4,4,1,0,0,4,-1.8020528891522665,0.11362784965709562,,,,,,,,24.39401685995269,-2.5280853643789944,0.0,PS_051,,,0.5419621750588483
28.411542184210777,1.1955000162124634,2025-03-20T00:45:00Z,4,4,4,4,4,4,1,0,0,4,-1.8353905888270403,-0.09546360586998914,,,,,,,,24.236621186681674,-2.073343155494505,0.0,PS_051,,,0.9817595337387682
29.540567691508926,1.1955000162124636,2025-03-20T01:00:00Z,3,3,3,3,3,3,1,0,0,3,-1.7577834264470489,0.23186056343190575,,,,,,,,24.353276430322975,-1.8183378829292685,0.0,PS_051,,,0.15414808597873786
29.56298097795404,1.1955000162124636,2025-03-20T01:15:00Z,4,4,4,4,4,4,1,0,0,4,-2.4393518394823137,-0.5286880970742331,,,,,,,,25.480910568655908,-2.551351387480967,0.0,PS_051,,,1.7206278839228084
29.95354548344605,1.1955000162124634,2025-03-20T01:30:00Z,4,4,4,4,4,4,1,0,0,4,-2.0140776108479668,0.010538698301414521,,,,,,,,25.90061613394594,-2.2126910789626852,0.0,PS_051,,,0.827630145475334
29.940879826699373,1.1955000162124634,2025-03-20T01:45:00Z,3,3,3,3,3,3,1,0,0,3,-1.9773453695176078,-0.03097342825415155,,,,,,,,26.14160185147604,-1.989400294397346,0.0,PS_051,,,0.86697550231143
30.055191572915152,1.1955000162124634,2025-03-20T02:00:00Z,4,4,4,4,4,4,1,0,0,4,-1.9802261434776336,-0.29113204992567693,,,,,,,,26.34402189940937,-2.1842654061800313,0.0,PS_051,,,1.229211785058314
29.983235785154584,1.1955000162124634,2025-03-20T02:15:00Z,4,4,4,4,4,4,1,0,0,4,-1.7867045827180486,-0.2553195317474224,,,,,,,,26.73147657950391,-1.9271540893070793,0.0,PS_051,,,1.3946448237105045
29.578495481093228,1.1955000162124632,2025-03-20T02:30:00Z,3,3,3,3,3,3,1,0,0,3,-1.6322483901579223,-0.05501489602776103,,,,,,,,26.56347945704588,-1.6485561532960102,0.0,PS_051,,,2.464515852311005
29.18570269098632,1.1955000162124636,2025-03-20T02:45:00Z,4,4,4,4,4,4,1,0,0,4,-1.7057485038998954,-0.00990762267689827,,,,,,,,25.958462939889568,-1.662625846303175,0.0,PS_051,,,1.734863769323435
28.964922109556362,1.1955000162124634,2025-03-20T03:00:00Z,3,3,3,3,3,3,1,0,0,3,-1.7095061013774902,-0.12051821314715715,,,,,,,,25.631012601231614,-1.7374534571277327,0.0,PS_051,,,1.8991063732957576
28.67411025256859,1.1955000162124634,2025-03-20T03:15:00Z,4,4,4,4,4,4,1,0,0,4,-1.6834939101580197,-0.07207223902772217,,,,,,,,25.6746416654971,-1.7563827347795276,0.0,PS_051,,,2.7649571303639524
28.499483708692804,1.1955000162124634,2025-03-20T03:30:00Z,4,4,4,4,4,4,1,0,0,4,-1.749373653938494,-0.04505445985464897,,,,,,,,25.499071213583164,-1.819244318300621,0.0,PS_051,,,4.389751998096935
28.469637870283183,1.1955000162124634,2025-03-20T03:45:00Z,3,3,3,3,3,3,1,0,0,3,-1.7663754122020607,-0.4139010719938253,,,,,,,,25.650874350644198,-1.7383280096989187,0.0,PS_051,,,4.015891444684773
28.412506947759113,1.1955000162124634,2025-03-20T04:00:00Z,4,4,4,4,4,4,1,0,0,4,-1.7478558364301942,-0.01521688142265786,,,,,,,,25.509147321689113,-1.8621093622533935,0.0,PS_051,,,2.813011531085123
28.418514571464176,1.1955000162124634,2025-03-20T04:15:00Z,4,4,4,4,4,4,1,0,0,4,-1.7192625399381884,-0.0068664392293136525,,,,,,,,25.269873474903623,-1.7494208737648103,0.0,PS_051,,,1.9955988674303637
28.22964861169092,1.1955000162124634,2025-03-20T04:30:00Z,3,3,3,3,3,3,1,0,0,3,-1.7324346269116533,-0.2054073289069357,,,,,,,,25.067027917819164,-1.9079377684323433,0.0,PS_051,,,1.3760182047105496
28.128192912228915,1.1955000162124636,2025-03-20T04:45:00Z,4,4,4,4,4,4,1,0,0,4,-1.9009761153281786,-0.084922626600711,,,,,,,,24.51320826192312,-1.9570168868145887,0.0,PS_051,,,0.6771350340410508
27.75232498865397,1.1955000162124634,2025-03-20T05:00:00Z,4,4,4,4,4,4,1,0,0,4,-1.8341007430856417,-0.21216999038556258,,,,,,,,24.213696615121012,-2.0358399314826108,0.0,PS_051,,,1.3825373118656488
27.525395617383708,1.1955000162124632,2025-03-20T05:15:00Z,3,3,3,3,3,3,1,0,0,3,-1.7933062888639872,-0.23474235512984443,,,,,,,,23.969417166788876,-2.047617218553747,0.0,PS_051,,,0.9890834983218284
26.375993567432854,1.1955000162124634,2025-03-20T05:30:00Z,4,4,4,4,4,4,1,0,0,4,-1.7162262502142005,-0.34875423757269347,,,,,,,,22.55662132817152,-1.7954451954945547,0.0,PS_051,,,0.35085394618322346
25.437634519429547,1.1955000162124634,2025-03-20T05:45:00Z,4,4,4,4,4,4,1,0,0,4,-1.71785885073281,-0.21440122882172785,,,,,,,,21.647662117272017,-1.8585765462290322,0.0,PS_051,,,0.07742985087952994
25.101025288996286,1.1955000162124634,2025-03-20T06:00:00Z,3,3,3,3,3,3,1,0,0,3,-1.5593942583690432,-0.07571689529722835,,,,,,,,21.650019008884573,-1.4853553584711894,0.0,PS_051,,,1.0874087826690875
24.861752172468762,1.1955000162124636,2025-03-20T06:15:00Z,4,4,4,4,4,4,1,0,0,4,-1.524435818552328,-0.1112509566079726,,,,,,,,21.313946524664203,-1.630302972744075,0.0,PS_051,,,0.42534344216820025
23.909043879150808,1.1955000162124632,2025-03-20T06:30:00Z,3,3,3,3,3,3,1,0,0,3,-1.420005525998681,-0.09129975759009838,,,,,,,,20.78448815132836,-1.4373199406529424,0.0,PS_051,,,1.1619297173126466
23.478668034914634,1.1955000162124632,2025-03-20T06:45:00Z,4,4,4,4,4,4,1,0,0,4,-1.41599977444751,0.13216977848367892,,,,,,,,20.233428330476627,-1.4432349267782298,0.0,PS_051,,,0.7958912894250019
23.56529063734101,1.1955000162124634,2025-03-20T07:00:00Z,4,4,4,4,4,4,1,0,0,4,-1.5323278426326385,-0.06019929688106295,,,,,,,,19.88217311659447,-1.559288500253985,0.0,PS_051,,,0.1768011650919845
23.57027351681026,1.1955000162124636,2025-03-20T07:15:00Z,3,3,3,3,3,3,1,0,0,3,-1.4200119883200346,0.22919611345326288,,,,,,,,19.789211299657975,-1.5580932465644621,0.0,PS_051,,,0.0
22.921476833559236,1.1955000162124632,2025-03-20T07:30:00Z,4,4,4,4,4,4,1,0,0,4,-1.342935837525923,0.06969741585065935,,,,,,,,19.6944490401617,-1.422233582497373,0.0,PS_051,,,1.0505286731894947
23.395641508006186,1.1955000162124636,2025-03-20T07:45:00Z,4,4,4,4,4,4,1,0,0,4,-1.4733182482996943,0.09859346292566912,,,,,,,,19.848375555988756,-1.4665756067597506,0.0,PS_051,,,0.9388891313834139
23.144199105962237,1.195500016212463,2025-03-20T08:00:00Z,8,8,8,8,8,8,1,0,0,8,-1.4871799894491913,0.15799642463760014,,,,,,,,19.681048774009895,-1.7271526383683462,0.0,PS_051,,,0.17499631446201505
23.025747700636693,1.1987702953099233,2025-03-20T08:15:00Z,15,15,15,15,15,15,1,0,0,15,-1.4295157251435007,0.20707951369096214,,,,,,,,19.39331779630208,-1.987403826009511,0.0,PS_051,,,0.026101906211967948
22.840501068631976,1.9942247978166299,2025-03-20T08:30:00Z,15,15,15,15,15,15,1,0,0,15,-1.2202580042497717,0.1793257286676498,,,,,,,,19.360786739119572,-1.5135344450108956,0.0,PS_051,,,0.16646162829365624
22.835397596573863,6.102881547956766,2025-03-20T08:45:00Z,15,15,15,15,15,15,1,0,0,15,1.2102848120423602,1.2785698484238253,,,,,,,,19.229900366761374,0.2419657726581111,0.0,PS_051,,,0.021053858155280245
22.894865565184737,12.090231494105383,2025-03-20T09:00:00Z,9,9,9,9,9,9,1,0,0,9,11.20155619692287,2.5749636508638396,,,,,,,,19.271377932495167,10.0477818671719,0.0,PS_051,,,0.0
23.62089445005555,10.679052438767783,2025-03-20T09:15:00Z,4,4,4,4,4,4,1,0,0,4,62.441037253853075,12.48279382529762,,,,,,,,21.173468026787955,79.63728704407258,0.0,PS_051,,,0.13657689717267338
24.528970340857832,12.635471844234436,2025-03-20T09:30:00Z,4,4,4,4,4,4,1,0,0,4,103.47418976439936,19.238120308454125,,,,,,,,24.776381904497367,193.8853067418734,0.0,PS_051,,,0.1430861654724859
25.87299623636097,15.568367563254117,2025-03-20T09:45:00Z,3,3,3,3,3,3,1,0,0,3,161.10265057111306,25.76899699765743,,,,,,,,29.120464283566132,340.1769138889607,0.0,PS_051,,,0.41889820954121015
27.355967015050588,8.422843116518724,2025-03-20T10:00:00Z,4,4,4,4,4,4,1,0,0,4,207.64274816893058,38.72973844414305,,,,,,,,33.956140263211665,481.7037714272868,0.0,PS_051,,,0.7775415982001066
28.399356419917265,5.666214944442816,2025-03-20T10:15:00Z,3,3,3,3,3,3,1,0,0,3,266.96519864145563,57.87993063138719,,,,,,,,37.061486828329684,639.4091003947897,0.0,PS_051,,,1.8160607632860075
28.319954175514887,14.883655403951831,2025-03-20T10:30:00Z,4,4,4,4,4,4,1,0,0,4,334.02862256535167,76.31904973823397,,,,,,,,37.26635092005114,784.4508300179591,0.0,PS_051,,,1.273935160891115
28.85602554256998,8.126490868144002,2025-03-20T10:45:00Z,3,3,3,3,3,3,1,0,0,3,395.5887448779918,86.14420069184867,,,,,,,,43.50599267753761,886.6397164532466,0.0,PS_051,,,0.2627297167243276
28.963995316979677,17.43074880414896,2025-03-20T11:00:00Z,4,4,4,4,4,4,1,0,0,4,458.3369305374043,93.91698251709742,,,,,,,,42.85680728578755,927.2949668427309,0.0,PS_051,,,2.2199483484666747
29.573076605914125,13.33623042839875,2025-03-20T11:15:00Z,4,4,4,4,4,4,1,0,0,4,521.1641261847859,101.2713779711995,,,,,,,,43.9274151970196,959.5527622015371,0.0,PS_051,,,1.620651548808207
29.998064782606782,17.916750387753638,2025-03-20T11:30:00Z,3,3,3,3,3,3,1,0,0,3,577.272449491507,107.3251105072733,,,,,,,,44.4069117740682,980.6358487033369,0.0,PS_051,,,1.899043470141128
30.565783933811623,14.467787460461498,2025-03-20T11:45:00Z,4,4,4,4,4,4,1,0,0,4,627.8598791514612,112.43615001644439,,,,,,,,43.724447954430126,997.8849397142695,0.0,PS_051,,,1.933519498077214
31.142298275362883,8.653644995951513,2025-03-20T12:00:00Z,3,3,3,3,3,3,1,0,0,3,676.2995482394806,117.73499756041481,,,,,,,,45.00024646085627,1013.9091378040869,0.0,PS_051,,,3.1377984243171286
31.55249334533785,18.126365748054926,2025-03-20T12:15:00Z,4,4,4,4,4,4,1,0,0,4,730.1843286735873,122.99765362137902,,,,,,,,47.22457392016398,1026.141460986697,0.0,PS_051,,,1.4021253350754759
32.45261974813258,10.320228766029992,2025-03-20T12:30:00Z,4,4,4,4,4,4,1,0,0,4,797.8729153894642,129.43687515206818,,,,,,,,51.95587677662932,1042.8088473496834,0.0,PS_051,,,1.6922943295853297
32.672828755678516,5.811326734709587,2025-03-20T12:45:00Z,3,3,3,3,3,3,1,0,0,3,868.9130394531375,138.04397447270975,,,,,,,,47.34163678205987,1076.7687083095977,0.0,PS_051,,,2.4590448464938275
33.13635862005969,7.480503469305502,2025-03-20T13:00:00Z,4,4,4,4,4,4,1,0,0,4,897.138818815186,139.9629816311707,,,,,,,,48.597227215545125,1065.1891673773996,0.0,PS_051,,,1.4794467832340028
34.506039149807876,7.875736484882236,2025-03-20T13:15:00Z,3,3,3,3,3,3,1,0,0,3,933.1954404698441,143.08588343212475,,,,,,,,54.979569466309655,1069.909652853794,0.0,PS_051,,,2.0778678698622937
35.03313602940592,7.913507978758751,2025-03-20T13:30:00Z,4,4,4,4,4,4,1,0,0,4,990.170456061068,152.07049008114376,,,,,,,,56.6671118770563,1108.2836668975485,0.0,PS_051,,,0.646995917740039
34.046791317017,11.724000323017421,2025-03-20T13:45:00Z,4,4,4,4,4,4,1,0,0,4,1078.6878102913215,168.6455775066041,,,,,,,,45.8696896492707,1171.765029039481,0.0,PS_051,,,3.124908416225804
35.28475030894307,19.918199133140007,2025-03-20T14:00:00Z,3,3,3,3,3,3,1,0,0,3,1077.330546097319,165.86349858925496,,,,,,,,51.29991017250729,1142.5705757525163,0.0,PS_051,,,1.4574821153119935
35.43728010186429,16.027016469625174,2025-03-20T14:15:00Z,4,4,4,4,4,4,1,0,0,4,1079.8541659819846,162.80675337711173,,,,,,,,51.47625044678928,1135.2579148587383,0.0,PS_051,,,3.2581009763268924
35.14768615092196,16.32320551172636,2025-03-20T14:30:00Z,3,3,3,3,3,3,1,0,0,3,1061.5949615265422,159.73888006331393,,,,,,,,49.41409923690699,1111.7388981618863,0.0,PS_051,,,2.7976473810287263
35.93934533594025,7.0770000289041,2025-03-20T14:45:00Z,4,4,4,4,4,4,1,0,0,4,1036.141334000646,153.83968662146293,,,,,,,,50.54401858576565,1076.6373281659728,0.0,PS_051,,,1.253981498972153
35.88153247252758,13.048437307620913,2025-03-20T15:00:00Z,4,4,4,4,4,4,1,0,0,4,838.1454052606597,123.87622036491965,,,,,,,,48.599674955779534,866.5865931048991,0.0,PS_051,,,2.7523027400005016
36.087833208174416,21.45936582206221,2025-03-20T15:15:00Z,3,3,3,3,3,3,1,0,0,3,1048.7747688878183,155.6820613933956,,,,,,,,50.39898051367295,1084.2223498983017,0.0,PS_051,,,1.7603124503469219
36.64985199595346,12.911317381835373,2025-03-20T15:30:00Z,4,4,4,4,4,4,1,0,0,4,1037.6711228309482,155.37824066467851,,,,,,,,50.744028148782,1080.8354146046245,0.0,PS_051,,,2.8385058840161923
37.02912103892166,5.8013306556721425,2025-03-20T15:45:00Z,3,3,3,3,3,3,1,0,0,3,1057.2068804426103,161.03191933453334,,,,,,,,51.27312473907937,1119.9340095714358,0.0,PS_051,,,5.163250063430858
37.547412607289374,19.839186200271357,2025-03-20T16:00:00Z,4,4,4,4,4,4,1,0,0,4,958.7552385895847,142.11633729530968,,,,,,,,57.11534165119066,992.1921047041379,0.0,PS_051,,,2.871972508343415
37.64137142667988,8.146959428783063,2025-03-20T16:15:00Z,3,3,3,3,3,3,1,0,0,3,999.4934467519944,159.65010990346025,,,,,,,,50.104308905393594,1115.4874302852784,0.0,PS_051,,,2.407159616602345
37.982856994571364,10.782098849457906,2025-03-20T16:30:00Z,4,4,4,4,4,4,1,0,0,4,956.7898766674616,156.0844334640603,,,,,,,,52.004730005017606,1099.5857303141884,0.0,PS_051,,,3.013565073360419
38.663589249115624,5.736989757194794,2025-03-20T16:45:00Z,3,3,3,3,3,3,1,0,0,3,775.9037828384606,137.46613665735563,,,,,,,,53.04776504352219,986.55561764914,0.0,PS_051,,,1.7620854059092543
38.09619643574225,9.428597411120569,2025-03-20T17:00:00Z,4,4,4,4,4,4,1,0,0,4,804.1770329957698,138.78466126023017,,,,,,,,51.373363611991046,981.7710913065495,0.0,PS_051,,,3.9904478702409136
38.345184531550025,10.784784131551856,2025-03-20T17:15:00Z,4,4,4,4,4,4,1,0,0,4,869.9985975203624,152.89680472653941,,,,,,,,49.77054889456485,1110.7327381949817,0.0,PS_051,,,2.7916845829356585
38.086957975690254,17.167781543689536,2025-03-20T17:30:00Z,3,3,3,3,3,3,1,0,0,3,743.6339519985804,137.50673844801346,,,,,,,,51.10167285475338,983.457135360182,0.0,PS_051,,,3.579243535512861
38.087364904243756,19.91654599610996,2025-03-20T17:45:00Z,4,4,4,4,4,4,1,0,0,4,785.9384141100779,145.94694599015907,,,,,,,,47.57640717592235,1107.5633892035967,0.0,PS_051,,,3.868497813001625
38.06732379775895,20.192486635083963,2025-03-20T18:00:00Z,3,3,3,3,3,3,1,0,0,3,707.0760493911135,138.07412380636234,,,,,,,,48.09840525322686,1060.872367045837,0.0,PS_051,,,3.032015060830256
36.596563979510535,12.660653077186723,2025-03-20T18:15:00Z,4,4,4,4,4,4,1,0,0,4,202.91585950741043,58.52064104888468,,,,,,,,41.556873505268655,307.34655606794524,0.0,PS_051,,,3.623186376969293
35.541355410184245,9.403146333452012,2025-03-20T18:30:00Z,3,3,3,3,3,3,1,0,0,3,99.091165315911,42.36783073124358,,,,,,,,35.60571882732025,129.99870512458696,0.0,PS_051,,,3.387589461670186
35.91276695388964,9.11749107150216,2025-03-20T18:45:00Z,4,4,4,4,4,4,1,0,0,4,251.60489793844755,69.8025787702682,,,,,,,,36.64290358648445,422.4610734223447,0.0,PS_051,,,3.0759821719537137
37.22422874227035,12.562477274833036,2025-03-20T19:00:00Z,4,4,4,4,4,4,1,0,0,4,394.9574208660095,94.65458577192169,,,,,,,,42.43270147507853,827.4258007197227,0.0,PS_051,,,2.9797665548013295
37.42755909382617,5.748775748380865,2025-03-20T19:15:00Z,3,3,3,3,3,3,1,0,0,3,357.95330255635946,89.07118814115753,,,,,,,,45.574221446206245,797.2220155183636,0.0,PS_051,,,3.7692591768594954
36.549494151797894,12.878620479291166,2025-03-20T19:30:00Z,4,4,4,4,4,4,1,0,0,4,212.60827279784743,52.975674938514985,,,,,,,,41.04394418900253,454.955624358072,0.0,PS_051,,,3.876227637319782
36.01895926614773,7.316258758054379,2025-03-20T19:45:00Z,3,3,3,3,3,3,1,0,0,3,97.27006867370338,21.92202565365175,,,,,,,,36.76539154543504,158.33318154933556,0.0,PS_051,,,3.6850112254887915
35.90369750676922,17.68846518839071,2025-03-20T20:00:00Z,4,4,4,4,4,4,1,0,0,4,170.48815414007777,36.61912571898869,,,,,,,,36.06522529019169,360.7806123458642,0.0,PS_051,,,3.2302981727120623
36.10045473175928,7.725370313387234,2025-03-20T20:15:00Z,4,4,4,4,4,4,1,0,0,4,134.1592371554867,31.367000138866313,,,,,,,,36.545983278456546,258.68567928477273,0.0,PS_051,,,4.417214035316781
35.03288029085991,13.116099678203305,2025-03-20T20:30:00Z,3,3,3,3,3,3,1,0,0,3,21.957938746341494,4.252398187612398,,,,,,,,33.668529392364455,24.897728860772116,0.0,PS_051,,,3.1961139494532858
34.2351141865701,11.7243759374365,2025-03-20T20:45:00Z,4,4,4,4,4,4,1,0,0,4,8.009503976190748,1.6544863058758528,,,,,,,,32.03200412531211,8.35328375357169,0.0,PS_051,,,2.5798216879158904
33.67670978848269,9.114405270103452,2025-03-20T21:00:00Z,3,3,3,3,3,3,1,0,0,3,0.6965229131508663,0.4292919761059998,,,,,,,,30.89016711220499,1.2944296955247878,0.0,PS_051,,,1.6989016611341075
33.352839208023155,1.8160685755315589,2025-03-20T21:15:00Z,4,4,4,4,4,4,1,0,0,4,-1.7637721083214517,0.07122868145537964,,,,,,,,30.341261115329612,-2.2888754271166554,0.0,PS_051,,,2.8456597532458163
33.18927075831765,1.1955000162124634,2025-03-20T21:30:00Z,3,3,3,3,3,3,1,0,0,3,-1.9497225833076943,0.010727471219060949,,,,,,,,29.986171453390213,-2.3195467791461164,0.0,PS_051,,,1.1531823732481612
32.3505150456766,1.1955000162124634,2025-03-20T21:45:00Z,4,4,4,4,4,4,1,0,0,4,-2.1090185176407217,-0.1342649877138696,,,,,,,,28.769312260062623,-2.345653995932951,0.0,PS_051,,,0.5975429414383601
32.03499965691211,1.1955000162124634,2025-03-20T22:00:00Z,3,3,3,3,3,3,1,0,0,3,-2.0761085133232973,-0.23502876853170515,,,,,,,,28.478946722402544,-2.3356604219011556,0.0,PS_051,,,1.6082070602337721
31.887557168156864,1.1955000162124634,2025-03-20T22:15:00Z,4,4,4,4,4,4,1,0,0,4,-1.9414569198976137,-0.11362756160303782,,,,,,,,28.700000762939453,-2.587074047387188,0.0,PS_051,,,1.0561199858834438
31.671545749727866,1.1955000162124634,2025-03-20T22:30:00Z,4,4,4,4,4,4,1,0,0,4,-2.070225256772514,-0.02307975792380068,,,,,,,,28.147708867736185,-2.7072199657605016,0.0,PS_051,,,1.83774961418095
31.46965017520849,1.1955000162124634,2025-03-20T22:45:00Z,3,3,3,3,3,3,1,0,0,3,-1.9749368638399525,0.2511644136744498,,,,,,,,28.078130169662884,-2.27854258978102,0.0,PS_051,,,0.7342631930728309
31.34223780515869,1.1955000162124636,2025-03-20T23:00:00Z,4,4,4,4,4,4,1,0,0,4,-1.954226284284685,-0.10670785077058495,,,,,,,,27.43526649148506,-2.309971574312972,0.0,PS_051,,,1.2592439596939575
31.189355106594014,1.1955000162124634,2025-03-20T23:15:00Z,3,3,3,3,3,3,1,0,0,3,-1.9224059084621206,0.11256252640505754,,,,,,,,27.553437455016883,-2.7460320632370325,0.0,PS_051,,,1.3176970791834437
30.90879264325889,1.1955000162124636,2025-03-20T23:30:00Z,4,4,4,4,4,4,1,0,0,4,-1.930314920887062,-0.05797517953418945,,,,,,,,27.255771196571068,-2.895538363671683,0.0,PS_051,,,1.5835029806945486
30.60751394560631,1.1955000162124634,2025-03-20T23:45:00Z,3,3,3,3,3,3,1,0,0,3,-1.9404536010657802,-0.3766581998410646,,,,,,,,27.380353834687902,-2.6529748545528506,0.0,PS_051,,,1.9732883120684996
31.12535564451208,1.1955000162124634,2025-03-21T00:00:00Z,4,4,4,4,4,4,1,0,0,4,-1.9280390423749667,-0.15467782074304565,,,,,,,,27.991798407433116,-2.370028620804457,0.0,PS_051,,,2.2474366097052174
30.984460457512352,1.1955000162124632,2025-03-21T00:15:00Z,4,4,4,4,4,4,1,0,0,4,-1.8705012456307641,0.10171864212402953,,,,,,,,27.82491036906631,-2.154547500345533,0.0,PS_051,,,1.7017163508193986
30.453876862149656,1.1955000162124636,2025-03-21T00:30:00Z,3,3,3,3,3,3,1,0,0,3,-1.8425925495085576,-0.09917860631067305,,,,,,,,26.910534157498894,-2.5228663006901293,0.0,PS_051,,,0.8693285648931329
30.42325055148483,1.1955000162124636,2025-03-21T00:45:00Z,4,4,4,4,4,4,1,0,0,4,-2.153845001759847,0.03342782488362911,,,,,,,,27.07645022081998,-3.11806737374747,0.0,PS_051,,,2.74081748952611
30.786042366863942,1.1955000162124634,2025-03-21T01:00:00Z,3,3,3,3,3,3,1,0,0,3,-1.892429654490979,-0.4144330402701795,,,,,,,,27.350930175946964,-2.4200506552798324,0.0,PS_051,,,0.9779903628248718
30.405081148861633,1.1955000162124634,2025-03-21T01:15:00Z,4,4,4,4,4,4,1,0,0,4,-1.83177425162657,-0.11608514538237154,,,,,,,,27.002224420625442,-2.3027577179520353,0.0,PS_051,,,1.0960179498821523
30.033773070431685,1.1955000162124634,2025-03-21T01:30:00Z,4,4,4,4,4,4,1,0,0,4,-1.6140147512136478,-0.09769227523244466,,,,,,,,26.70407691002994,-1.8043283642176122,0.0,PS_051,,,1.8656357690296004
29.934328561547805,1.1955000162124636,2025-03-21T01:45:00Z,3,3,3,3,3,3,1,0,0,3,-1.8677760660785914,-0.034643702442168,,,,,,,,26.836928943949168,-1.8011930146308055,0.0,PS_051,,,2.397239337820205
29.820990651178818,1.1955000162124636,2025-03-21T02:00:00Z,4,4,4,4,4,4,1,0,0,4,-1.7442210128959506,0.13420899011318727,,,,,,,,26.75206085343107,-2.1100213955701013,0.0,PS_051,,,1.3483870031304972
29.61291702966138,1.1955000162124636,2025-03-21T02:15:00Z,4,4,4,4,4,4,1,0,0,4,-1.7783708360215595,0.027858130925995876,,,,,,,,26.5,-1.8113268182481586,0.0,PS_051,,,1.993990521439223
29.602159021969815,1.1955000162124634,2025-03-21T02:30:00Z,3,3,3,3,3,3,1,0,0,3,-1.7560584086392652,0.13648734905577836,,,,,,,,26.291852946566433,-1.8809158962092072,0.0,PS_051,,,2.2432021595041536
29.677126414176428,1.1955000162124634,2025-03-21T02:45:00Z,4,4,4,4,4,4,1,0,0,4,-1.7483826907472158,-0.08107103993840586,,,,,,,,26.718609347301523,-1.907540526467663,0.0,PS_051,,,2.6909247452274356
29.31596808241303,1.1955000162124636,2025-03-21T03:00:00Z,4,4,4,4,4,4,1,0,0,4,-1.5679444457236211,0.11317827331152512,,,,,,,,26.24794568047245,-1.7089217062839641,0.0,PS_051,,,2.1392591227208384
28.995864763848793,1.1955000162124634,2025-03-21T03:15:00Z,3,3,3,3,3,3,1,0,0,3,-1.5363612060615819,-0.14036080706423618,,,,,,,,26.15073535849649,-1.5916756301054942,0.0,PS_051,,,2.8074667399771513
28.729134773293406,1.1955000162124632,2025-03-21T03:30:00Z,4,4,4,4,4,4,1,0,0,4,-1.5664773795336588,0.1467539713891122,,,,,,,,25.94159839702898,-1.846112683309424,0.0,PS_051,,,2.882246532438183
28.362907593234524,1.1955000162124634,2025-03-21T03:45:00Z,4,4,4,4,4,4,1,0,0,4,-1.5836638688308822,-0.0946138828148897,,,,,,,,25.46198991995267,-2.097231033500053,0.0,PS_051,,,0.9401305203132202
28.12497721753331,1.1955000162124634,2025-03-21T04:00:00Z,3,3,3,3,3,3,1,0,0,3,-1.6876970277872372,-0.0035487091105522828,,,,,,,,24.89999961853027,-2.142191492472932,0.0,PS_051,,,1.7664450112397636
27.924286917137664,1.1955000162124634,2025-03-21T04:15:00Z,4,4,4,4,4,4,1,0,0,4,-1.6347568606954093,-0.1681229745710173,,,,,,,,24.70784964600536,-2.179929973453853,0.0,PS_051,,,0.8393867381407975
27.871018760762333,1.1955000162124634,2025-03-21T04:30:00Z,3,3,3,3,3,3,1,0,0,3,-1.79615805978782,-0.1877146346805915,,,,,,,,24.485305112520045,-2.301357003450167,0.0,PS_051,,,1.7705115087230483
27.691803908130737,1.1955000162124634,2025-03-21T04:45:00Z,4,4,4,4,4,4,1,0,0,4,-1.7704832928233025,-0.3006616724760226,,,,,,,,24.834938859518225,-1.731615468275348,0.0,PS_051,,,2.365232556377628
27.37358899582882,1.1955000162124632,2025-03-21T05:00:00Z,4,4,4,4,4,4,1,0,0,4,-1.6160528016905322,-0.1417319007599492,,,,,,,,24.41641506242287,-1.61975387522184,0.0,PS_051,,,2.0296996157881217
27.110817086525252,1.1955000162124636,2025-03-21T05:15:00Z,3,3,3,3,3,3,1,0,0,3,-1.7341358251628463,-0.035588896440752464,,,,,,,,23.869681649857444,-2.069999933242798,0.0,PS_051,,,1.5285525017640846
26.943297273180182,1.1955000162124634,2025-03-21T05:30:00Z,4,4,4,4,4,4,1,0,0,4,-1.6616327641101483,-0.19049995905900405,,,,,,,,23.79999923706055,-1.5962506693829983,0.0,PS_051,,,1.016895302967633
26.69313049803441,1.1955000162124634,2025-03-21T05:45:00Z,4,4,4,4,4,4,1,0,0,4,-1.623788345576741,-0.1411012217619954,,,,,,,,23.459657630441907,-1.729000355584071,0.0,PS_051,,,1.174393267212716
26.41001594049436,1.1955000162124634,2025-03-21T06:00:00Z,3,3,3,3,3,3,1,0,0,3,-1.5241463557652286,0.0031296095170318308,,,,,,,,22.985896779047156,-1.7082583751584546,0.0,PS_051,,,0.3465613470994786
25.59976012819196,1.1955000162124634,2025-03-21T06:15:00Z,4,4,4,4,4,4,1,0,0,4,-1.4648813074897027,-0.02054051562692576,,,,,,,,22.26658690512971,-1.6780374939619018,0.0,PS_051,,,0.8307904481800026
25.33936477110534,1.1955000162124632,2025-03-21T06:30:00Z,4,4,4,4,4,4,1,0,0,4,-1.4676331523105237,0.09664608703036505,,,,,,,,22.11709004549461,-1.9202863229516842,0.0,PS_051,,,0.6049680784424886
24.561978576032725,1.1955000162124636,2025-03-21T06:45:00Z,3,3,3,3,3,3,1,0,0,3,-1.3556288736011213,-0.0827372938921846,,,,,,,,21.35973698514126,-1.3499209875262872,0.0,PS_051,,,0.5191983188451981
24.674448285423768,1.1955000162124634,2025-03-21T07:00:00Z,4,4,4,4,4,4,1,0,0,4,-1.4798532639259399,-0.027767898795860082,,,,,,,,21.63074047308594,-1.3323597342832838,0.0,PS_051,,,1.2797962954911861
26.31022365322978,1.1955000162124636,2025-03-21T07:15:00Z,3,3,3,3,3,3,1,0,0,3,-1.8624177455139947,-0.22904521349863427,,,,,,,,23.512151174761897,-2.00438051543346,0.0,PS_051,,,2.745664461165193
26.40196189952977,1.1955000162124634,2025-03-21T07:30:00Z,4,4,4,4,4,4,1,0,0,4,-1.3888107784245514,-0.14223581010496025,,,,,,,,23.967860402200518,-1.9914417810607266,0.0,PS_051,,,2.8188846932025884
26.3378684138763,1.1955000162124632,2025-03-21T07:45:00Z,4,4,4,4,4,4,1,0,0,4,-1.216841564693092,0.10519351258190471,,,,,,,,23.892840975607722,-1.4577914784700334,0.0,PS_051,,,3.1443028554063073
26.10860817250929,1.1955000162124632,2025-03-21T08:00:00Z,8,8,8,8,8,8,1,0,0,8,-1.3156257036976617,0.061219681255988936,,,,,,,,23.568636697863592,-1.2934323041841653,0.0,PS_051,,,2.1381186040336697
25.634845149753136,1.1983124536040606,2025-03-21T08:15:00Z,15,15,15,15,15,15,1,0,0,15,-1.3649724178944171,0.04530155361908129,,,,,,,,22.946423411615363,-1.4806550218784396,0.0,PS_051,,,1.2040498858271282
25.489834441113093,1.87674956296284,2025-03-21T08:30:00Z,15,15,15,15,15,15,1,0,0,15,-1.3910944361454234,0.0465925958955202,,,,,,,,22.45999712454601,-1.5079374028957062,0.0,PS_051,,,1.9010497607477983
25.75269215789845,6.231098891700282,2025-03-21T08:45:00Z,15,15,15,15,15,15,1,0,0,15,0.9869470259788109,0.8432145366600853,,,,,,,,22.873840486758468,0.37020733996766414,0.0,PS_051,,,1.8702478751035274
25.769211507469805,14.00872798204197,2025-03-21T09:00:00Z,9,9,9,9,9,9,1,0,0,9,9.089023861747084,1.769151291762082,,,,,,,,23.08974914814521,7.960650449790953,0.0,PS_051,,,1.6005786559113202
25.47635117975159,15.304965651676461,2025-03-21T09:15:00Z,4,4,4,4,4,4,1,0,0,4,47.56128659832256,8.325964485629116,,,,,,,,22.879960262254063,64.99700548503357,0.0,PS_051,,,0.8776475202148983
25.223855923099354,10.710576403843232,2025-03-21T09:30:00Z,4,4,4,4,4,4,1,0,0,4,41.57472305368637,6.565294283261204,,,,,,,,23.80430849570163,55.24974481915919,0.0,PS_051,,,1.822429387712456
25.2333699574235,15.435845348370128,2025-03-21T09:45:00Z,3,3,3,3,3,3,1,0,0,3,53.55624317774441,9.642064034676674,,,,,,,,23.547156189217745,70.93715579989323,0.0,PS_051,,,1.1254480058957017
26.68539368762611,9.139760999621029,2025-03-21T10:00:00Z,4,4,4,4,4,4,1,0,0,4,137.37076516965894,27.222262711185337,,,,,,,,26.541545807662356,308.68205629162367,0.0,PS_051,,,1.648194438661778
28.10033971632808,7.531103556176922,2025-03-21T10:15:00Z,3,3,3,3,3,3,1,0,0,3,254.53973812064675,55.932334205417845,,,,,,,,33.42823247794842,582.0193244713827,0.0,PS_051,,,1.3553907693963108
28.756604569962057,13.867036656645444,2025-03-21T10:30:00Z,4,4,4,4,4,4,1,0,0,4,333.7749969405036,75.49176315697721,,,,,,,,40.368659235227604,781.4940186719678,0.0,PS_051,,,1.6262803496560871
29.378775930840767,11.374518848468036,2025-03-21T10:45:00Z,4,4,4,4,4,4,1,0,0,4,397.2113798965456,86.19552923091443,,,,,,,,46.54554260820957,876.608244384673,0.0,PS_051,,,1.3492419758250584
29.156160968313717,5.885934537530304,2025-03-21T11:00:00Z,3,3,3,3,3,3,1,0,0,3,459.7418424186436,95.10676170686503,,,,,,,,44.46685499961551,923.3077651221622,0.0,PS_051,,,1.9691900863880623
30.020477437241095,7.3170367114552395,2025-03-21T11:15:00Z,4,4,4,4,4,4,1,0,0,4,524.9653967111633,103.79558440518315,,,,,,,,46.98915398520324,963.1065595954914,0.0,PS_051,,,2.6359378653843977
30.04576105451093,10.134216827188801,2025-03-21T11:30:00Z,3,3,3,3,3,3,1,0,0,3,591.2152559480764,115.00848627729505,,,,,,,,45.393712045404385,991.9615500418956,0.0,PS_051,,,2.418053169491366
30.624146473119048,8.547160817197048,2025-03-21T11:45:00Z,4,4,4,4,4,4,1,0,0,4,574.778689978861,118.16345586125944,,,,,,,,45.36931928421803,883.8710373078264,0.0,PS_051,,,1.6829086215104911
30.52219508956717,15.919048073399019,2025-03-21T12:00:00Z,4,4,4,4,4,4,1,0,0,4,331.5003619618728,83.03007476231683,,,,,,,,46.505467629500345,393.9769041019079,0.0,PS_051,,,1.931456291491628
29.671267285276056,8.652034460023177,2025-03-21T12:15:00Z,3,3,3,3,3,3,1,0,0,3,243.1483688502848,68.86784913936052,,,,,,,,35.1278313154424,247.29814753490854,0.0,PS_051,,,2.4114152200112184
30.61513015062493,11.776226622336724,2025-03-21T12:30:00Z,4,4,4,4,4,4,1,0,0,4,505.4948893663609,98.57833421718668,,,,,,,,37.56389135521769,574.2746584376687,0.0,PS_051,,,2.4662122349528013
30.540135649665167,11.648736722140413,2025-03-21T12:45:00Z,3,3,3,3,3,3,1,0,0,3,604.1966898054405,106.50326951737075,,,,,,,,37.12245975471762,712.8320772316587,0.0,PS_051,,,1.5561538568133078
31.199050292690174,10.303052604509498,2025-03-21T13:00:00Z,4,4,4,4,4,4,1,0,0,4,713.943431064083,122.46487248745714,,,,,,,,38.388455533059656,822.4140136576364,0.0,PS_051,,,1.4257942023743853
32.569893075668965,15.689735707168131,2025-03-21T13:15:00Z,4,4,4,4,4,4,1,0,0,4,754.3991211994652,129.40238543696896,,,,,,,,47.831616291074305,855.5400353390917,0.0,PS_051,,,2.2362468342647945
31.712139579798887,8.632406153900849,2025-03-21T13:30:00Z,3,3,3,3,3,3,1,0,0,3,396.577478075763,78.1049499242317,,,,,,,,39.540615396819454,422.9539744629083,0.0,PS_051,,,1.1055742195810168
31.974094135331733,7.914651366141581,2025-03-21T13:45:00Z,4,4,4,4,4,4,1,0,0,4,698.7873799842724,113.29604282851822,,,,,,,,40.51266647696423,752.8264665612304,0.0,PS_051,,,4.467717127277102
32.947827604141935,19.619793166870018,2025-03-21T14:00:00Z,3,3,3,3,3,3,1,0,0,3,1039.9974714699133,157.88181913734073,,,,,,,,44.332949344958436,1115.3936996840841,0.0,PS_051,,,3.8754443956835463
33.35742721442528,5.825377217553826,2025-03-21T14:15:00Z,4,4,4,4,4,4,1,0,0,4,1040.5932385703304,155.79540679611074,,,,,,,,47.64272758355855,1097.319009781492,0.0,PS_051,,,2.268227593690273
34.10474657290814,16.730144829112223,2025-03-21T14:30:00Z,4,4,4,4,4,4,1,0,0,4,1066.3252702578682,160.44964387065912,,,,,,,,47.7884516949443,1114.9459969873262,0.0,PS_051,,,3.3574111186882827
34.046834677476426,7.998405678301826,2025-03-21T14:45:00Z,3,3,3,3,3,3,1,0,0,3,984.781556055767,147.13078287449937,,,,,,,,46.8686736423223,1013.4770054439417,0.0,PS_051,,,1.5336627673086558
34.57454200387668,11.302273401067309,2025-03-21T15:00:00Z,4,4,4,4,4,4,1,0,0,4,1053.4975359849968,148.0387316537738,,,,,,,,46.59745328490329,1085.4674045549434,0.0,PS_051,,,2.3586827508935078
34.40029442066608,20.166076412236723,2025-03-21T15:15:00Z,3,3,3,3,3,3,1,0,0,3,797.324600081834,124.22676423591811,,,,,,,,44.948041422646874,869.7580094421552,0.0,PS_051,,,4.655551208317128
35.36171776034541,5.765505888424389,2025-03-21T15:30:00Z,4,4,4,4,4,4,1,0,0,4,957.4140277673707,145.27202159054247,,,,,,,,49.52666310421272,998.7579690407234,0.0,PS_051,,,1.577084888073988
35.10677756850071,12.231510441047531,2025-03-21T15:45:00Z,3,3,3,3,3,3,1,0,0,3,1055.2510533269497,159.62634060577676,,,,,,,,45.31058913517074,1120.125799328368,0.0,PS_051,,,2.472399340808105
35.32362642184866,16.595254599695192,2025-03-21T16:00:00Z,4,4,4,4,4,4,1,0,0,4,1026.0881365984494,157.81307697059984,,,,,,,,48.23521368539638,1116.7246874997127,0.0,PS_051,,,2.2100048594706063
35.76271672293197,8.50665207502905,2025-03-21T16:15:00Z,4,4,4,4,4,4,1,0,0,4,999.1554617710206,156.81437580674915,,,,,,,,50.08180735694235,1116.8160413982923,0.0,PS_051,,,3.587255357573413
34.73988779571007,5.778194453393276,2025-03-21T16:30:00Z,3,3,3,3,3,3,1,0,0,3,640.9798587049913,100.04562796350326,,,,,,,,42.92064566128847,686.3410489229799,0.0,PS_051,,,3.8690576997507464
36.19443614857473,20.397705930516153,2025-03-21T16:45:00Z,4,4,4,4,4,4,1,0,0,4,937.0175167521187,152.58717669477474,,,,,,,,50.10979547492779,1108.6460025840813,0.0,PS_051,,,2.8080698138551634
36.74605877755899,13.093737663586452,2025-03-21T17:00:00Z,3,3,3,3,3,3,1,0,0,3,902.6749080021707,150.7638522755794,,,,,,,,50.47206537020059,1105.2907360127217,0.0,PS_051,,,2.5666254082163142
36.457978535868044,14.596706013152579,2025-03-21T17:15:00Z,4,4,4,4,4,4,1,0,0,4,855.9055463247244,147.84721500190784,,,,,,,,49.37210882321029,1096.2070997523974,0.0,PS_051,,,2.251429105664408
36.91858968667529,21.774121278871263,2025-03-21T17:30:00Z,3,3,3,3,3,3,1,0,0,3,831.1736974628243,147.7700006701456,,,,,,,,51.059180392678165,1093.3885821984973,0.0,PS_051,,,2.4277384771179724
36.0386309544361,16.800735761107937,2025-03-21T17:45:00Z,4,4,4,4,4,4,1,0,0,4,513.2122116984875,94.98947438232362,,,,,,,,43.46429753920062,668.896362350595,0.0,PS_051,,,3.976550725130191
36.99380484112571,21.19182007367025,2025-03-21T18:00:00Z,3,3,3,3,3,3,1,0,0,3,769.525594224466,141.71705868475615,,,,,,,,44.02397931970849,1127.2322741455935,0.0,PS_051,,,4.608124079960295
36.86162782939163,15.054868058947235,2025-03-21T18:15:00Z,4,4,4,4,4,4,1,0,0,4,670.7941019698242,133.67144249375627,,,,,,,,47.45850531845242,1066.4371002583293,0.0,PS_051,,,2.0369422571699003
35.5333345293478,9.153030186235815,2025-03-21T18:30:00Z,3,3,3,3,3,3,1,0,0,3,223.08072488861544,58.90739890226241,,,,,,,,44.53968904454598,357.1974697626157,0.0,PS_051,,,3.1678270249231004
35.80234321380351,11.602891962154663,2025-03-21T18:45:00Z,4,4,4,4,4,4,1,0,0,4,161.65041372132265,48.51134516592889,,,,,,,,42.4616868596381,245.9167196128916,0.0,PS_051,,,2.7889836876590275
36.08989643846195,20.061605398285604,2025-03-21T19:00:00Z,4,4,4,4,4,4,1,0,0,4,389.5746748104527,94.70917711415599,,,,,,,,41.49343518848971,842.9104098847582,0.0,PS_051,,,3.5429784300382914
35.25711601511992,9.34989433279434,2025-03-21T19:15:00Z,4,4,4,4,4,4,1,0,0,4,125.70392949950177,37.80810615908119,,,,,,,,37.848008581420814,238.5691687965659,0.0,PS_051,,,3.5881132918681784
35.24570163194122,12.489756057833265,2025-03-21T19:30:00Z,3,3,3,3,3,3,1,0,0,3,163.06895859834998,40.303449780672075,,,,,,,,38.007590005425754,339.24151053555175,0.0,PS_051,,,4.939367850704596
35.90806053668872,13.86768077877762,2025-03-21T19:45:00Z,4,4,4,4,4,4,1,0,0,4,255.5675066442466,59.28516209165157,,,,,,,,39.84758297144687,611.2092183857408,0.0,PS_051,,,3.346385817348242
35.57421095872563,15.662631994273283,2025-03-21T20:00:00Z,4,4,4,4,4,4,1,0,0,4,166.983872951557,35.44762415732731,,,,,,,,37.894823279605134,355.8484614376619,0.0,PS_051,,,4.962901676470297
34.84744611801196,15.847556876111542,2025-03-21T20:15:00Z,4,4,4,4,4,4,1,0,0,4,112.29680274716596,26.332203778780148,,,,,,,,34.65782578972834,207.9164272494221,0.0,PS_051,,,3.738678150599002
34.05605340383803,12.68169108720701,2025-03-21T20:30:00Z,3,3,3,3,3,3,1,0,0,3,37.716471589223005,8.170534248368947,,,,,,,,32.360632787999066,42.00536969596598,0.0,PS_051,,,2.9177837814026555
33.42631500794988,13.592589252916888,2025-03-21T20:45:00Z,4,4,4,4,4,4,1,0,0,4,16.291519263850997,3.980625822779316,,,,,,,,31.14224094928278,16.812204947736536,0.0,PS_051,,,3.2415655053874914
33.05881043499522,7.584360684493558,2025-03-21T21:00:00Z,3,3,3,3,3,3,1,0,0,3,0.3315285259470585,0.6232376081152751,,,,,,,,30.547903997726767,0.8276669165078014,0.0,PS_051,,,4.22550796460337
32.66630528941664,1.6537723152221737,2025-03-21T21:15:00Z,4,4,4,4,4,4,1,0,0,4,-1.5301018483512985,0.07088908587144416,,,,,,,,30.00842497873224,-1.8309719976131897,0.0,PS_051,,,3.6206139459656406
32.3589091357385,1.1955000162124632,2025-03-21T21:30:00Z,3,3,3,3,3,3,1,0,0,3,-1.6453610635409557,0.06416848937560965,,,,,,,,29.499999999999996,-2.2491900664510327,0.0,PS_051,,,3.0154935887701675
32.17737639268638,1.1955000162124632,2025-03-21T21:45:00Z,3,3,3,3,3,3,1,0,0,3,-1.668709742153966,0.09034862866195938,,,,,,,,29.44274040335481,-2.160221108430532,0.0,PS_051,,,2.814100534090431
31.86013093676211,1.1955000162124632,2025-03-21T22:00:00Z,4,4,4,4,4,4,1,0,0,4,-1.7553284430907496,-0.15703426390706926,,,,,,,,28.910530282536907,-2.338935589560204,0.0,PS_051,,,2.7619837787758144
31.49757693339438,1.1955000162124636,2025-03-21T22:15:00Z,3,3,3,3,3,3,1,0,0,3,-1.8438985427802332,0.0811747660512284,,,,,,,,28.339886946488622,-2.5026604212882875,0.0,PS_051,,,1.9247103215729484
31.301664890001025,1.1955000162124632,2025-03-21T22:30:00Z,4,4,4,4,4,4,1,0,0,4,-1.9885418680494003,-0.0342407802482284,,,,,,,,28.10000038146972,-2.652990457945866,0.0,PS_051,,,2.868132511770328
31.082480270913358,1.1955000162124634,2025-03-21T22:45:00Z,3,3,3,3,3,3,1,0,0,3,-1.9909934775034985,-0.20710127810098136,,,,,,,,27.850556758878742,-2.5169609659561814,0.0,PS_051,,,1.8921402131746132
30.743132480823803,1.1955000162124634,2025-03-21T23:00:00Z,4,4,4,4,4,4,1,0,0,4,-1.8538317936152569,-0.1220629020247937,,,,,,,,27.79999923706055,-2.331290938966852,0.0,PS_051,,,1.6744998832672127
30.436291279398013,1.1955000162124632,2025-03-21T23:15:00Z,3,3,3,3,3,3,1,0,0,3,-1.8122312457156426,-0.1516814454435723,,,,,,,,27.600000381469723,-2.3957287046350597,0.0,PS_051,,,1.774238358330027
30.183561079570996,1.1955000162124636,2025-03-21T23:30:00Z,4,4,4,4,4,4,1,0,0,4,-1.6887329947969374,0.14453031634066024,,,,,,,,27.34751446469239,-2.137913616080936,0.0,PS_051,,,2.922104671883319
30.03314104233486,1.1955000162124634,2025-03-21T23:45:00Z,4,4,4,4,4,4,1,0,0,4,-1.586870067080047,-0.11533265057569402,,,,,,,,27.345929242749662,-1.9453565216496729,0.0,PS_051,,,2.885071468459111
29.799049150359142,1.1955000162124634,2025-03-22T00:00:00Z,3,3,3,3,3,3,1,0,0,3,-1.6659169546173556,-0.18834484532856227,,,,,,,,26.88285715795705,-1.6848219438590386,0.0,PS_051,,,2.4673930509119586
29.56473299915585,1.1955000162124634,2025-03-22T00:15:00Z,4,4,4,4,4,4,1,0,0,4,-1.6902165557253506,-0.10222532559383866,,,,,,,,26.75644968358729,-2.107276868195879,0.0,PS_051,,,2.0830655895227532
29.24502069234332,1.1955000162124634,2025-03-22T00:30:00Z,3,3,3,3,3,3,1,0,0,3,-1.5840600427018074,-0.023282136027878226,,,,,,,,26.24945587284415,-2.474585079598571,0.0,PS_051,,,1.5057700686580653
29.069446049590137,1.1955000162124632,2025-03-22T00:45:00Z,4,4,4,4,4,4,1,0,0,4,-1.596718935605783,-0.1499344139678568,,,,,,,,26.163787204747592,-2.1317835205876485,0.0,PS_051,,,1.341163720269333
28.832070877754486,1.1955000162124634,2025-03-22T01:00:00Z,4,4,4,4,4,4,1,0,0,4,-1.7038735903352231,-0.02029606342417896,,,,,,,,25.750255060587463,-2.041225695477975,0.0,PS_051,,,1.1108902607004114
28.59408958866557,1.1955000162124634,2025-03-22T01:15:00Z,3,3,3,3,3,3,1,0,0,3,-1.6725014672280316,0.12723828296951736,,,,,,,,25.350634557817752,-2.4745767012755078,0.0,PS_051,,,0.715778198249856
28.381022553528716,1.1955000162124634,2025-03-22T01:30:00Z,4,4,4,4,4,4,1,0,0,4,-1.590244247204908,-0.014866674407581387,,,,,,,,25.217030934474977,-1.7951466821720221,0.0,PS_051,,,0.5993440687011335
28.378244967889795,1.1955000162124632,2025-03-22T01:45:00Z,4,4,4,4,4,4,1,0,0,4,-1.6377286229419938,-0.14221810245218475,,,,,,,,25.223935536055816,-2.4348561657028056,0.0,PS_051,,,1.4984827523911906
27.953897273787764,1.1955000162124634,2025-03-22T02:00:00Z,3,3,3,3,3,3,1,0,0,3,-1.497769216407528,0.028627238601852168,,,,,,,,24.856199596243208,-1.8713511361267292,0.0,PS_051,,,0.18424379115493292
27.440617776366818,1.1955000162124634,2025-03-22T02:15:00Z,4,4,4,4,4,4,1,0,0,4,-1.7755327877159492,-0.023203310325274982,,,,,,,,23.879203066057276,-2.2246102394521534,0.0,PS_051,,,0.18167145662800396
27.35888876034673,1.1955000162124636,2025-03-22T02:30:00Z,4,4,4,4,4,4,1,0,0,4,-1.7114710409048577,0.0009843304677186204,,,,,,,,23.584438576776485,-2.3315507551488572,0.0,PS_051,,,0.5102665846248646
27.042387676625598,1.1955000162124634,2025-03-22T02:45:00Z,3,3,3,3,3,3,1,0,0,3,-1.645354879830179,-0.270668868919987,,,,,,,,23.751482575130225,-1.965512017238238,0.0,PS_051,,,0.0937991155764148
27.018621459823482,1.1955000162124634,2025-03-22T03:00:00Z,4,4,4,4,4,4,1,0,0,4,-1.6778157221167012,-0.10770436328355251,,,,,,,,23.545685296633295,-2.094690325988744,0.0,PS_051,,,0.8991183264131133
27.058829254393164,1.1955000162124634,2025-03-22T03:15:00Z,4,4,4,4,4,4,1,0,0,4,-1.75901162435097,0.33581091167811783,,,,,,,,23.753163006848844,-2.295839063879008,0.0,PS_051,,,1.2848868027665796
26.858253398360485,1.1955000162124634,2025-03-22T03:30:00Z,3,3,3,3,3,3,1,0,0,3,-1.7523210945624654,-0.13764406256425743,,,,,,,,23.747529658266323,-2.1953949284090517,0.0,PS_051,,,2.0784911560041457
26.110065772102995,1.1955000162124634,2025-03-22T03:45:00Z,4,4,4,4,4,4,1,0,0,4,-1.7039067245731978,-0.005813470713738861,,,,,,,,22.80090147518759,-1.9705369376778448,0.0,PS_051,,,0.5006850885766105
25.629524661456607,1.1955000162124634,2025-03-22T04:00:00Z,3,3,3,3,3,3,1,0,0,3,-1.6096937197524357,-0.1117059595513556,,,,,,,,21.842318356220726,-1.8261027509617112,0.0,PS_051,,,0.07075586184536217
26.188945213022635,1.1955000162124632,2025-03-22T04:15:00Z,4,4,4,4,4,4,1,0,0,4,-1.7433670527862994,-0.2202661387518418,,,,,,,,22.71940598754576,-2.969788294970829,0.0,PS_051,,,1.4070562623250231
26.05959979297852,1.1955000162124634,2025-03-22T04:30:00Z,4,4,4,4,4,4,1,0,0,4,-1.6813250166135678,-0.015107046698544128,,,,,,,,23.038614056884896,-2.2627251595822897,0.0,PS_051,,,1.7944805072529713
26.245592808176127,1.1955000162124634,2025-03-22T04:45:00Z,3,3,3,3,3,3,1,0,0,3,-1.5911171004985416,-0.02125568521229732,,,,,,,,23.457599234327677,-2.434346117695127,0.0,PS_051,,,1.6052368927475051
25.91179623578042,1.1955000162124634,2025-03-22T05:00:00Z,4,4,4,4,4,4,1,0,0,4,-1.5204014120620144,0.08591447308785981,,,,,,,,23.036506169368312,-1.972485072839289,0.0,PS_051,,,1.3123044188415318
25.531639668541604,1.1955000162124634,2025-03-22T05:15:00Z,4,4,4,4,4,4,1,0,0,4,-1.5855299020782323,-0.08227663719361937,,,,,,,,22.44789988064081,-2.085815481898335,0.0,PS_051,,,1.4079914820491621
25.300392988416213,1.1955000162124634,2025-03-22T05:30:00Z,3,3,3,3,3,3,1,0,0,3,-1.4489821345107237,-0.28925737700280607,,,,,,,,22.351541044521756,-1.8236641080886316,0.0,PS_051,,,0.9352621924778851
25.044941088148246,1.1955000162124636,2025-03-22T05:45:00Z,4,4,4,4,4,4,1,0,0,4,-1.5635060018746205,0.16830086902148808,,,,,,,,21.994212549872188,-1.9865430240368351,0.0,PS_051,,,1.0276071268648481
24.96023972817762,1.1955000162124632,2025-03-22T06:00:00Z,4,4,4,4,4,4,1,0,0,4,-1.5411840276420115,-0.06340051305611491,,,,,,,,21.93115023115286,-1.9313326211520778,0.0,PS_051,,,0.8472103289130684
24.48874678945003,1.1955000162124634,2025-03-22T06:15:00Z,3,3,3,3,3,3,1,0,0,3,-1.4523486381326323,-0.03326751274769009,,,,,,,,21.422727693784744,-1.5749153788247654,0.0,PS_051,,,0.5572859366707466
24.98914690700077,1.1955000162124634,2025-03-22T06:30:00Z,4,4,4,4,4,4,1,0,0,4,-1.4962015183258455,-0.1231576520265865,,,,,,,,21.854236959923576,-2.2840317316831538,0.0,PS_051,,,0.3034088995826787
24.79218320470151,1.1955000162124634,2025-03-22T06:45:00Z,3,3,3,3,3,3,1,0,0,3,-1.400404689204577,-0.15605303599184947,,,,,,,,21.657561973294047,-1.9516367948158515,0.0,PS_051,,,0.41496892678841635
24.718039274549145,1.1955000162124632,2025-03-22T07:00:00Z,4,4,4,4,4,4,1,0,0,4,-1.4118696164686153,0.1041519204471189,,,,,,,,21.917635768650634,-2.1523206721384587,0.0,PS_051,,,1.4966262488134097
24.501989958399324,1.1955000162124634,2025-03-22T07:15:00Z,4,4,4,4,4,4,1,0,0,4,-1.4206235667687201,0.0219851242688754,,,,,,,,21.65712021058161,-1.5374451055006633,0.0,PS_051,,,0.31904073774828545
24.003596809284527,1.1955000162124632,2025-03-22T07:30:00Z,3,3,3,3,3,3,1,0,0,3,-1.4690975827530546,0.19532353535229952,,,,,,,,21.100000381469723,-2.1380091796438903,0.0,PS_051,,,1.0227832140679325
24.439277972156454,1.1955000162124634,2025-03-22T07:45:00Z,4,4,4,4,4,4,1,0,0,4,-1.48077577139897,-0.0588835386385885,,,,,,,,21.600000381469727,-1.6283449107086931,0.0,PS_051,,,1.907173721118706
24.40830244014194,1.1955000162124632,2025-03-22T08:00:00Z,9,9,9,9,9,9,1,0,0,9,-1.3968654652181733,-0.06279314444972887,,,,,,,,21.543914729850865,-1.7302885798153056,0.0,PS_051,,,0.6311708987225352
24.497999907305665,1.203655714110269,2025-03-22T08:15:00Z,15,15,15,15,15,15,1,0,0,15,-1.2779825126155624,0.042042906429160164,,,,,,,,21.784586826792985,-1.7708301470092775,0.0,PS_051,,,1.0382087796736263
24.384629379956035,1.8047232604945402,2025-03-22T08:30:00Z,15,15,15,15,15,15,1,0,0,15,-1.203856874150491,0.1098391634399466,,,,,,,,21.452699985630808,-1.4142420607871165,0.0,PS_051,,,0.3684644976782883
24.409585926475955,8.126346378944646,2025-03-22T08:45:00Z,15,15,15,15,15,15,1,0,0,15,4.938122486168217,3.2145107804318522,,,,,,,,21.6332489965755,2.9060862509203678,0.0,PS_051,,,0.7774900996291468
24.559151317628036,13.879703126986108,2025-03-22T09:00:00Z,9,9,9,9,9,9,1,0,0,9,10.42404370049435,2.663609406124968,,,,,,,,22.081295426193794,8.548942024851728,0.0,PS_051,,,1.4407365499032256
24.89793641249455,9.601980737625667,2025-03-22T09:15:00Z,4,4,4,4,4,4,1,0,0,4,50.57035703017113,9.970969844178072,,,,,,,,22.8321740032028,60.08282736714739,0.0,PS_051,,,0.7507680447467284
24.88079476562342,12.986760387503711,2025-03-22T09:30:00Z,4,4,4,4,4,4,1,0,0,4,52.13463603294432,9.965596670440993,,,,,,,,23.659832424239294,68.34575890498188,0.0,PS_051,,,1.8755267500038397
24.920450009127084,7.778117653125402,2025-03-22T09:45:00Z,3,3,3,3,3,3,1,0,0,3,67.85138081547215,14.84407046977358,,,,,,,,23.482134862962557,84.50145387819975,0.0,PS_051,,,0.22167750464498207
25.345334203141334,11.708054441377795,2025-03-22T10:00:00Z,4,4,4,4,4,4,1,0,0,4,121.6590446473752,26.959420021663902,,,,,,,,24.987673920777336,163.90707719093896,0.0,PS_051,,,0.5319675064007577
26.49296213571615,8.025114957118813,2025-03-22T10:15:00Z,3,3,3,3,3,3,1,0,0,3,298.3753511589915,65.2626892767228,,,,,,,,30.622772478285817,598.4300630801915,0.0,PS_051,,,1.1153436798597114
27.88007814022094,10.587564628124493,2025-03-22T10:30:00Z,4,4,4,4,4,4,1,0,0,4,448.07285928851843,100.40201577646512,,,,,,,,42.88688046967152,988.0750284423485,0.0,PS_051,,,0.9235981466193838
28.47450658504447,8.030096674510556,2025-03-22T10:45:00Z,4,4,4,4,4,4,1,0,0,4,317.32473049507615,73.66739966826705,,,,,,,,46.65771894975448,643.8146399103582,0.0,PS_051,,,1.5616810416538622
27.41276654709527,9.07992267828862,2025-03-22T11:00:00Z,3,3,3,3,3,3,1,0,0,3,168.43608713592846,46.496898314467515,,,,,,,,36.300543637683525,314.9970193152968,0.0,PS_051,,,1.882342813696252
28.592307570460754,5.853156470859347,2025-03-22T11:15:00Z,4,4,4,4,4,4,1,0,0,4,582.9745098442768,115.36020154758302,,,,,,,,39.428424566077084,1092.2591836026547,0.0,PS_051,,,1.8692109655012135
29.171094456451723,8.056764751077564,2025-03-22T11:30:00Z,3,3,3,3,3,3,1,0,0,3,614.9914620465602,116.14944094849716,,,,,,,,48.12039464323745,1055.2389067561899,0.0,PS_051,,,1.9697129652583296
29.206018130107232,11.012990817294389,2025-03-22T11:45:00Z,4,4,4,4,4,4,1,0,0,4,654.4529953950896,118.69300693389704,,,,,,,,46.22664492256014,1034.661691587168,0.0,PS_051,,,2.417281289496965
29.906960012598393,5.828283675709925,2025-03-22T12:00:00Z,3,3,3,3,3,3,1,0,0,3,491.25886338978427,89.5206555789155,,,,,,,,50.27776950651307,724.4910894066468,0.0,PS_051,,,1.20500279356829
29.982561810388216,5.86860676802972,2025-03-22T12:15:00Z,4,4,4,4,4,4,1,0,0,4,780.6081666014181,135.4270118028097,,,,,,,,42.25748301995413,1108.3393215959288,0.0,PS_051,,,3.351309060229372
30.85896938682281,9.8674619432994,2025-03-22T12:30:00Z,4,4,4,4,4,4,1,0,0,4,839.8110228572592,138.15435150740626,,,,,,,,45.24374995627721,1118.439683829309,0.0,PS_051,,,2.806890664529684
31.3230479616665,7.154793998447157,2025-03-22T12:45:00Z,3,3,3,3,3,3,1,0,0,3,869.7715010431358,137.67980532424764,,,,,,,,46.543852375790415,1091.833681815046,0.0,PS_051,,,2.0543619471152628
30.997524778207158,5.720962966723532,2025-03-22T13:00:00Z,4,4,4,4,4,4,1,0,0,4,906.586911623385,139.98288767385705,,,,,,,,43.75756187336646,1082.343139570319,0.0,PS_051,,,2.615793362919804
31.050771251864234,7.291598598097058,2025-03-22T13:15:00Z,3,3,3,3,3,3,1,0,0,3,931.3611304220208,141.13150148947474,,,,,,,,43.51968916274259,1073.2894945226499,0.0,PS_051,,,3.216363073207403
31.984420064812557,10.282424416336369,2025-03-22T13:30:00Z,4,4,4,4,4,4,1,0,0,4,960.2287214430671,143.2943470812736,,,,,,,,45.14439069071189,1070.9092688093222,0.0,PS_051,,,2.4303676333226285
31.96032977026049,7.002438632993315,2025-03-22T13:45:00Z,4,4,4,4,4,4,1,0,0,4,989.2011334429089,141.65153977879538,,,,,,,,43.73321683937548,1066.4968075432234,0.0,PS_051,,,3.8047246805478845
32.5523656499063,5.814692917103492,2025-03-22T14:00:00Z,3,3,3,3,3,3,1,0,0,3,1008.4526438305405,147.35447188318494,,,,,,,,45.69799898897911,1073.4660656704566,0.0,PS_051,,,2.754219660503925
33.137561753199364,10.942934686494203,2025-03-22T14:15:00Z,4,4,4,4,4,4,1,0,0,4,1017.8234121167867,148.58501062428888,,,,,,,,45.820167250289984,1072.2429473160573,0.0,PS_051,,,2.7910825926636336
33.79591925133701,15.772901699042016,2025-03-22T14:30:00Z,3,3,3,3,3,3,1,0,0,3,1026.5100047800195,150.23053396111598,,,,,,,,47.25729663454517,1072.8406151340173,0.0,PS_051,,,3.0529335383981464
33.936593936399895,13.051913779133432,2025-03-22T14:45:00Z,4,4,4,4,4,4,1,0,0,4,1040.2984761042358,152.54673037423333,,,,,,,,51.04130392424413,1077.5627975443388,0.0,PS_051,,,1.570005597765216
34.32450121922489,8.44809605433484,2025-03-22T15:00:00Z,4,4,4,4,4,4,1,0,0,4,1043.4450569383796,152.5948370466475,,,,,,,,48.52173831029978,1078.9410294826619,0.0,PS_051,,,3.1642130888915867
34.6031930570052,12.427501756578929,2025-03-22T15:15:00Z,3,3,3,3,3,3,1,0,0,3,1040.6183836124674,152.20118635966145,,,,,,,,47.48263254293122,1074.3203776764476,0.0,PS_051,,,3.5481379662827464
35.444309307081696,10.517425005790356,2025-03-22T15:30:00Z,4,4,4,4,4,4,1,0,0,4,1037.596486475445,153.11539683052376,,,,,,,,50.554607372987974,1079.2851212606165,0.0,PS_051,,,2.06026134524727
35.6470778585581,8.759988576527252,2025-03-22T15:45:00Z,3,3,3,3,3,3,1,0,0,3,1022.2087388046983,152.59229493564345,,,,,,,,47.353828564182606,1081.3427977951549,0.0,PS_051,,,5.1489118098141455
35.68385033547284,12.921410993796526,2025-03-22T16:00:00Z,4,4,4,4,4,4,1,0,0,4,999.6979974645527,151.96938011708644,,,,,,,,48.45114603615175,1083.4512232159004,0.0,PS_051,,,3.1330664304562275
36.010092094315894,14.090655436607623,2025-03-22T16:15:00Z,4,4,4,4,4,4,1,0,0,4,968.0605889669337,149.269717220857,,,,,,,,49.38023984530403,1080.7575005181975,0.0,PS_051,,,3.8079135041228196
36.19309146425323,11.699771218997078,2025-03-22T16:30:00Z,3,3,3,3,3,3,1,0,0,3,938.3997829460744,146.70180637839593,,,,,,,,49.76540200967283,1079.9739792653327,0.0,PS_051,,,3.075641964850888
36.29355813607455,13.535779964843476,2025-03-22T16:45:00Z,4,4,4,4,4,4,1,0,0,4,910.0889342027322,144.41259576040815,,,,,,,,48.1432728060155,1081.2328699761445,0.0,PS_051,,,3.7152740665993327
36.9324443550583,17.880141940797504,2025-03-22T17:00:00Z,3,3,3,3,3,3,1,0,0,3,871.7787542600304,140.01481698982343,,,,,,,,50.282719216184105,1074.368838792999,0.0,PS_051,,,3.6091591599506647
36.606341269557234,8.604237976452474,2025-03-22T17:15:00Z,4,4,4,4,4,4,1,0,0,4,623.3632807435147,103.0694075530354,,,,,,,,47.40195849858785,800.8291401726766,0.0,PS_051,,,2.4405151886266303
37.111930103217375,21.836497370248313,2025-03-22T17:30:00Z,3,3,3,3,3,3,1,0,0,3,785.6250566791402,131.27992306343504,,,,,,,,46.58400042975314,1062.8141590061196,0.0,PS_051,,,3.2084354119057164
37.053498030681986,13.537632441151006,2025-03-22T17:45:00Z,4,4,4,4,4,4,1,0,0,4,737.7013196039624,126.18832904117174,,,,,,,,48.68349608171649,1055.926081717807,0.0,PS_051,,,4.039577283195184
37.6043460160658,8.4837721226406,2025-03-22T18:00:00Z,4,4,4,4,4,4,1,0,0,4,683.0164314001526,121.2059940265913,,,,,,,,47.75598181792686,1043.657857677952,0.0,PS_051,,,3.2506977857908765
37.21957564195059,8.663542296404449,2025-03-22T18:15:00Z,3,3,3,3,3,3,1,0,0,3,628.6195168165931,116.39670820108148,,,,,,,,47.190206054032615,1031.7278738671873,0.0,PS_051,,,3.418150039163237
36.90688006011944,17.065172529591614,2025-03-22T18:30:00Z,4,4,4,4,4,4,1,0,0,4,552.5155419926597,107.86796695030905,,,,,,,,45.723505367201945,981.3373022685389,0.0,PS_051,,,4.743737351538304
36.89845881958055,10.561443983950781,2025-03-22T18:45:00Z,3,3,3,3,3,3,1,0,0,3,500.7966728446938,103.98706912374294,,,,,,,,45.628547864655474,991.6720225540571,0.0,PS_051,,,2.7474798634653372
36.69040057320441,9.428415158721272,2025-03-22T19:00:00Z,4,4,4,4,4,4,1,0,0,4,417.9611090603108,93.1507497605668,,,,,,,,43.563296886051326,926.4710621496297,0.0,PS_051,,,4.007069931689643
36.94878792485764,5.783249855041503,2025-03-22T19:15:00Z,3,3,3,3,3,3,1,0,0,3,368.49332396067587,89.02098691347858,,,,,,,,44.3390221730089,894.1874375927035,0.0,PS_051,,,4.239611673115119
36.652418807071044,7.6746078895729095,2025-03-22T19:30:00Z,4,4,4,4,4,4,1,0,0,4,309.065908169621,76.36868083987106,,,,,,,,42.34586407409466,755.4235277586074,0.0,PS_051,,,4.207713341306828
36.178231598556835,10.924645796007468,2025-03-22T19:45:00Z,4,4,4,4,4,4,1,0,0,4,243.89397287505656,54.79021026867074,,,,,,,,40.121715713492115,598.0544374290869,0.0,PS_051,,,3.682612953204322
35.926271384975585,7.570892655383704,2025-03-22T20:00:00Z,3,3,3,3,3,3,1,0,0,3,176.8614139105924,35.83736987562803,,,,,,,,37.677559829416,429.2470429989556,0.0,PS_051,,,4.226255413940277
35.83862808925891,12.012940270816886,2025-03-22T20:15:00Z,4,4,4,4,4,4,1,0,0,4,119.12705637917958,29.07742142868652,,,,,,,,36.05787159207989,269.15774431606366,0.0,PS_051,,,3.081817430055959
35.19500447378885,6.964442701658861,2025-03-22T20:30:00Z,3,3,3,3,3,3,1,0,0,3,63.62938335780172,23.46950533630621,,,,,,,,34.028934262607486,139.2965495712368,0.0,PS_051,,,2.6335515868471973
34.3065612217927,12.409802042501582,2025-03-22T20:45:00Z,4,4,4,4,4,4,1,0,0,4,15.182007353130079,3.6428423040114986,,,,,,,,31.872644359492398,20.119562549798754,0.0,PS_051,,,2.326122942054383
33.432085291074934,10.181966468631472,2025-03-22T21:00:00Z,4,4,4,4,4,4,1,0,0,4,0.784278295973834,0.5478013307139252,,,,,,,,30.55755663130759,2.113053961006806,0.0,PS_051,,,2.5197110230268778
32.79915259041567,1.7354497097248638,2025-03-22T21:15:00Z,3,3,3,3,3,3,1,0,0,3,-1.9995864679840474,0.08585342291884693,,,,,,,,29.44738367815165,-2.810632963815423,0.0,PS_051,,,1.865818032606554
32.223995796912995,1.1962081671568825,2025-03-22T21:30:00Z,4,4,4,4,4,4,1,0,0,4,-2.1798415765884727,-0.04817336087396903,,,,,,,,28.55842233609363,-2.9601411598081486,0.0,PS_051,,,1.6615480602143402
31.7354799810798,1.1955000162124636,2025-03-22T21:45:00Z,3,3,3,3,3,3,1,0,0,3,-2.2050017676720772,-0.09324138542137832,,,,,,,,27.799999237060547,-3.1801042826588426,0.0,PS_051,,,1.4038219906088207
31.07930570502793,1.1955000162124634,2025-03-22T22:00:00Z,4,4,4,4,4,4,1,0,0,4,-2.2086158457627367,0.08503803555000017,,,,,,,,27.14648193908293,-3.212809063043785,0.0,PS_051,,,0.3361643113657467
30.646294971934733,1.1955000162124634,2025-03-22T22:15:00Z,3,3,3,3,3,3,1,0,0,3,-2.4104165327073295,-0.0418830968300772,,,,,,,,26.82706346628041,-2.781205920583977,0.0,PS_051,,,2.2597273470961414
31.397952563417395,1.1955000162124632,2025-03-22T22:30:00Z,4,4,4,4,4,4,1,0,0,4,-2.5263027270126384,-0.2072373877558255,,,,,,,,27.945080890829537,-3.3353369328676976,0.0,PS_051,,,2.8485283216999644
31.361038774866493,1.1955000162124634,2025-03-22T22:45:00Z,3,3,3,3,3,3,1,0,0,3,-2.203132678851894,0.20989916054373156,,,,,,,,28.041700367399883,-2.938770103887609,0.0,PS_051,,,2.200760956255546
30.99868149091208,1.1955000162124634,2025-03-22T23:00:00Z,4,4,4,4,4,4,1,0,0,4,-2.3097497304712022,0.038456190708986156,,,,,,,,27.160848670636025,-3.3625274451892917,0.0,PS_051,,,1.3086301018187334
30.56257811150353,1.1955000162124634,2025-03-22T23:15:00Z,3,3,3,3,3,3,1,0,0,3,-2.138744696786864,-0.016456586235007897,,,,,,,,27.000000000000004,-2.5003644082192986,0.0,PS_051,,,1.7164443760754786
30.125330723840452,1.1955000162124632,2025-03-22T23:30:00Z,4,4,4,4,4,4,1,0,0,4,-2.1096323074569003,0.06578764032206236,,,,,,,,27.0,-2.5426795116612197,0.0,PS_051,,,2.686137193475514
30.326170443933176,1.1955000162124632,2025-03-22T23:45:00Z,4,4,4,4,4,4,1,0,0,4,-2.098984778945667,-0.1250991470868459,,,,,,,,27.467268583178708,-2.4792189944018963,0.0,PS_051,,,3.1170038999961505
30.307933270725247,1.1955000162124636,2025-03-23T00:00:00Z,3,3,3,3,3,3,1,0,0,3,-1.8690790211435977,-0.25478301140637566,,,,,,,,27.549833280415612,-2.3362864801200756,0.0,PS_051,,,2.4929308814586606
29.975716378708764,1.1955000162124634,2025-03-23T00:15:00Z,4,4,4,4,4,4,1,0,0,4,-1.9794806195309105,-0.006742083432011565,,,,,,,,26.565948401969152,-2.2201473726560668,0.0,PS_051,,,2.4516739319351277
29.796004714072303,1.1955000162124634,2025-03-23T00:30:00Z,4,4,4,4,4,4,1,0,0,4,-1.9455911434240287,-0.10515423232102544,,,,,,,,26.799999237060547,-2.3905703349547256,0.0,PS_051,,,3.692289125074408
29.580478546523178,1.1955000162124634,2025-03-23T00:45:00Z,3,3,3,3,3,3,1,0,0,3,-1.8008330460365218,-0.2733452314625676,,,,,,,,26.622155778340648,-1.9621511775023337,0.0,PS_051,,,2.734593517309066
29.400276086462302,1.1955000162124634,2025-03-23T01:00:00Z,4,4,4,4,4,4,1,0,0,4,-1.863255116713661,-0.01651876782415754,,,,,,,,26.697973502241016,-2.1391760112585243,0.0,PS_051,,,4.192248829722103
29.187046798984742,1.1955000162124634,2025-03-23T01:15:00Z,3,3,3,3,3,3,1,0,0,3,-1.5860686458451836,-0.12906476596531252,,,,,,,,26.737857307477558,-1.8916395064883291,0.0,PS_051,,,2.111668148847262
28.973432076975865,1.1955000162124632,2025-03-23T01:30:00Z,4,4,4,4,4,4,1,0,0,4,-1.6198206563369832,0.013418454832978073,,,,,,,,26.187139684905667,-2.061671555729918,0.0,PS_051,,,3.7767633615548846
28.785329846014562,1.1955000162124634,2025-03-23T01:45:00Z,4,4,4,4,4,4,1,0,0,4,-1.7079855199386942,-0.013927387652747975,,,,,,,,25.899999618530273,-2.3531065469348924,0.0,PS_051,,,3.7589276344337916
28.70868904161429,1.1955000162124634,2025-03-23T02:00:00Z,3,3,3,3,3,3,1,0,0,3,-1.7524916648730278,-0.1541858258308678,,,,,,,,25.766450057916558,-2.172360161963054,0.0,PS_051,,,4.125459322839992
28.353973490030743,1.1955000162124632,2025-03-23T02:15:00Z,4,4,4,4,4,4,1,0,0,4,-1.5489784634695967,0.05937928809434706,,,,,,,,25.72557851556549,-1.98767787506403,0.0,PS_051,,,3.417519566292355
28.11730805328634,1.1955000162124634,2025-03-23T02:30:00Z,4,4,4,4,4,4,1,0,0,4,-1.7558040968076902,-0.048773565286782714,,,,,,,,24.90570131656123,-1.8076826088650728,0.0,PS_051,,,1.8786029936306474
27.860537449346698,1.1955000162124634,2025-03-23T02:45:00Z,3,3,3,3,3,3,1,0,0,3,-1.850726360584763,-0.3131542343961961,,,,,,,,23.754842189650503,-2.5452343001131035,0.0,PS_051,,,0.4658389435607182
27.972631668357064,1.1955000162124634,2025-03-23T03:00:00Z,4,4,4,4,4,4,1,0,0,4,-1.9800197292239115,-0.050182979810488845,,,,,,,,24.064548976806176,-1.9891254115791757,0.0,PS_051,,,1.5603908692033444
27.550884985892502,1.1955000162124636,2025-03-23T03:15:00Z,4,4,4,4,4,4,1,0,0,4,-1.6387332389028457,-0.18955541059091274,,,,,,,,24.40144907383046,-1.9482158311485271,0.0,PS_051,,,3.158956590334067
27.4724105357775,1.1955000162124634,2025-03-23T03:30:00Z,3,3,3,3,3,3,1,0,0,3,-1.8416431834113929,-0.15214590988067553,,,,,,,,24.665466108482807,-1.9600460924716008,0.0,PS_051,,,2.6101045586282847
27.163435523337245,1.1955000162124634,2025-03-23T03:45:00Z,4,4,4,4,4,4,1,0,0,4,-1.6581514778251647,-0.0789397336155769,,,,,,,,24.363969429837432,-1.7697125864447336,0.0,PS_051,,,1.759808110509553
26.88165863056969,1.1955000162124632,2025-03-23T04:00:00Z,3,3,3,3,3,3,1,0,0,3,-1.785386166224599,-0.23098370419466746,,,,,,,,23.999999999999996,-1.7036196546413567,0.0,PS_051,,,3.3263659203056024
26.612883478946575,1.1955000162124634,2025-03-23T04:15:00Z,4,4,4,4,4,4,1,0,0,4,-1.6518429125204164,-0.15727825846216473,,,,,,,,23.558488507003837,-1.8366373746351172,0.0,PS_051,,,1.759657943944235
26.791813657126927,1.1955000162124634,2025-03-23T04:30:00Z,4,4,4,4,4,4,1,0,0,4,-1.9760365677947362,-0.31358875068203973,,,,,,,,23.706275288275037,-2.2949126351382674,0.0,PS_051,,,2.479579382361684
26.517857670835156,1.1955000162124634,2025-03-23T04:45:00Z,3,3,3,3,3,3,1,0,0,3,-1.8270811127136741,-0.36777933241731453,,,,,,,,23.167868401641567,-2.04552922324287,0.0,PS_051,,,1.5628126084490623
26.12680469862783,1.1955000162124636,2025-03-23T05:00:00Z,4,4,4,4,4,4,1,0,0,4,-1.7702388509614166,0.06628232845924505,,,,,,,,22.779370781085575,-1.6427860941107801,0.0,PS_051,,,2.947351697071612
26.373688922220627,1.1955000162124634,2025-03-23T05:15:00Z,4,4,4,4,4,4,1,0,0,4,-1.7133938507587925,0.12785207571509608,,,,,,,,23.437337112299986,-2.345130555762764,0.0,PS_051,,,1.4233531073500918
25.681870941796557,1.1955000162124634,2025-03-23T05:30:00Z,3,3,3,3,3,3,1,0,0,3,-1.7956576940000233,-0.2568968867521938,,,,,,,,22.15453212991797,-2.060092869569933,0.0,PS_051,,,1.1024394365442058
25.718416034323802,1.1955000162124634,2025-03-23T05:45:00Z,4,4,4,4,4,4,1,0,0,4,-1.677269997836987,-0.07398905406041223,,,,,,,,21.936581550689947,-2.101838906675231,0.0,PS_051,,,0.7350977508995533
25.301974534758255,1.1955000162124634,2025-03-23T06:00:00Z,3,3,3,3,3,3,1,0,0,3,-1.8270027872162533,-0.06285555238569766,,,,,,,,21.35214120014022,-1.700371936775448,0.0,PS_051,,,0.48534134724843947
24.75013597263568,1.1955000162124636,2025-03-23T06:15:00Z,4,4,4,4,4,4,1,0,0,4,-1.737058657973595,0.037649764341829865,,,,,,,,20.722434968261098,-1.7498976666879635,0.0,PS_051,,,0.1288778689067893
25.02872916673466,1.1955000162124632,2025-03-23T06:30:00Z,4,4,4,4,4,4,1,0,0,4,-1.905640339905324,0.23371708237898897,,,,,,,,21.261134771635497,-1.7672331464651012,0.0,PS_051,,,0.8208313700572867
25.4098565181257,1.1955000162124636,2025-03-23T06:45:00Z,3,3,3,3,3,3,1,0,0,3,-1.8001802182262268,-0.22546953147260682,,,,,,,,22.271043715760154,-2.0075094631553227,0.0,PS_051,,,2.038216581242921
25.2954423486322,1.1955000162124634,2025-03-23T07:00:00Z,4,4,4,4,4,4,1,0,0,4,-1.7646937768311322,-0.11563881230467873,,,,,,,,22.399999618530273,-2.307871196528232,0.0,PS_051,,,1.6004143286384804
25.216789040035728,1.1955000162124634,2025-03-23T07:15:00Z,4,4,4,4,4,4,1,0,0,4,-1.7327398294954797,0.07352532610000963,,,,,,,,22.13425705262601,-2.2845079233147563,0.0,PS_051,,,2.6515397100704576
25.17925260855188,1.1955000162124634,2025-03-23T07:30:00Z,3,3,3,3,3,3,1,0,0,3,-1.5125697773703914,0.186716682732532,,,,,,,,22.470037342815687,-2.1651725541568156,0.0,PS_051,,,1.879211142619796
24.715038924560055,1.1955000162124632,2025-03-23T07:45:00Z,4,4,4,4,4,4,1,0,0,4,-1.5714261788024333,-0.13958118918612064,,,,,,,,21.86648846949859,-2.2564781782089263,0.0,PS_051,,,1.563531214358496
24.106490698257737,1.1955000162124634,2025-03-23T08:00:00Z,9,9,9,9,9,9,1,0,0,9,-1.463024154223146,0.09724334297649785,,,,,,,,21.319775308665665,-1.5867277767046888,0.0,PS_051,,,1.995524291498827
23.810249487443695,1.1959917021118356,2025-03-23T08:15:00Z,15,15,15,15,15,15,1,0,0,15,-1.5991535900766893,-0.10564920795269696,,,,,,,,20.90114044569023,-2.0879414489810557,0.0,PS_051,,,1.806795451131835
23.71778263128411,1.5695143613898233,2025-03-23T08:30:00Z,15,15,15,15,15,15,1,0,0,15,-1.5065366239171905,0.07066286006788922,,,,,,,,21.06894979584633,-1.8345682332664601,0.0,PS_051,,,2.075434013444261
23.501249790952286,6.193636199818397,2025-03-23T08:45:00Z,15,15,15,15,15,15,1,0,0,15,0.5070199422998282,0.8677006248643018,,,,,,,,20.287464087907296,-0.7027062097381132,0.0,PS_051,,,0.6338638736871173
23.456312489136113,12.735460682196369,2025-03-23T09:00:00Z,9,9,9,9,9,9,1,0,0,9,8.511146521708005,1.982572792597312,,,,,,,,20.5,6.818785268466951,0.0,PS_051,,,0.8694431647027715
23.767767323430423,12.481744060086537,2025-03-23T09:15:00Z,4,4,4,4,4,4,1,0,0,4,53.700263556931766,9.089890791571479,,,,,,,,21.109940138815375,69.60650118061194,0.0,PS_051,,,0.518603259767745
24.251455795126628,12.502804188626891,2025-03-23T09:30:00Z,4,4,4,4,4,4,1,0,0,4,77.07652095774606,13.5835452349882,,,,,,,,22.719267585902415,141.34942717846724,0.0,PS_051,,,1.7300738892604453
25.152658484652736,9.70709307600195,2025-03-23T09:45:00Z,3,3,3,3,3,3,1,0,0,3,163.13237570427097,24.055657639146535,,,,,,,,26.03416497615704,357.6649654070626,0.0,PS_051,,,2.9493850668365034
25.60292256515297,14.775863139849232,2025-03-23T10:00:00Z,4,4,4,4,4,4,1,0,0,4,208.62136237064044,37.480749864303384,,,,,,,,28.304744674712513,488.96894447438143,0.0,PS_051,,,2.190601081611193
26.107226727035503,7.722945198006519,2025-03-23T10:15:00Z,3,3,3,3,3,3,1,0,0,3,277.75525908474856,60.21147102049177,,,,,,,,30.56120596274805,656.3327949390473,0.0,PS_051,,,3.055346694089647
26.938558339915144,8.498131973813665,2025-03-23T10:30:00Z,4,4,4,4,4,4,1,0,0,4,343.79281412018054,77.94360336135499,,,,,,,,35.36677699411855,814.7426119544415,0.0,PS_051,,,2.0069655504954147
27.4578111553422,7.374274448179046,2025-03-23T10:45:00Z,4,4,4,4,4,4,1,0,0,4,408.5646061115687,88.12657737140893,,,,,,,,41.545206237469515,913.3369612145991,0.0,PS_051,,,1.564114676605868
28.09418898847004,17.231618295751552,2025-03-23T11:00:00Z,3,3,3,3,3,3,1,0,0,3,471.7894030798007,95.54277241926773,,,,,,,,45.058642369400744,954.1939779861675,0.0,PS_051,,,2.625585978969016
28.32333634694481,5.75953417302828,2025-03-23T11:15:00Z,4,4,4,4,4,4,1,0,0,4,532.0957965038793,103.19711738915271,,,,,,,,45.455137645670455,984.8935683348616,0.0,PS_051,,,2.4805435121440333
29.098030608233007,7.920829885513584,2025-03-23T11:30:00Z,3,3,3,3,3,3,1,0,0,3,587.5944262632902,109.9096187664153,,,,,,,,49.25921198336161,1002.9740725967148,0.0,PS_051,,,2.2333837943001695
29.35854912546269,16.31295085027476,2025-03-23T11:45:00Z,4,4,4,4,4,4,1,0,0,4,649.1275780745129,117.39359570175112,,,,,,,,49.99082242850526,1027.516778586902,0.0,PS_051,,,2.9744368398625984
30.622058096222897,13.622763869727718,2025-03-23T12:00:00Z,4,4,4,4,4,4,1,0,0,4,701.3373958107907,122.86745490284196,,,,,,,,53.2505085206672,1043.4651833121686,0.0,PS_051,,,1.2063650560565697
30.079812937928423,11.67655379469477,2025-03-23T12:15:00Z,3,3,3,3,3,3,1,0,0,3,757.4065205356143,129.58825822159136,,,,,,,,50.867268564011944,1055.0584674519553,0.0,PS_051,,,2.0060228206811797
30.89432647484289,14.589879273768904,2025-03-23T12:30:00Z,4,4,4,4,4,4,1,0,0,4,806.4474763085783,132.2595984797831,,,,,,,,51.72743047974893,1057.051003676094,0.0,PS_051,,,1.8798439307182686
30.855905214037744,13.319788741403457,2025-03-23T12:45:00Z,3,3,3,3,3,3,1,0,0,3,853.869207057038,134.98484045330062,,,,,,,,49.85142059004883,1060.55146816874,0.0,PS_051,,,2.1908973373375327
31.57121899248639,8.664410404398309,2025-03-23T13:00:00Z,4,4,4,4,4,4,1,0,0,4,894.3210144404835,137.2405797137674,,,,,,,,47.63083786840695,1059.662216358469,0.0,PS_051,,,2.5632001453358764
31.92497779793298,7.400262691928266,2025-03-23T13:15:00Z,4,4,4,4,4,4,1,0,0,4,915.4347275585358,138.31479451615888,,,,,,,,51.04380696674654,1052.2687740795604,0.0,PS_051,,,2.7373130215659747
31.698839500024775,11.34051782835916,2025-03-23T13:30:00Z,3,3,3,3,3,3,1,0,0,3,955.2241564097371,142.95800366949481,,,,,,,,46.70553614513759,1064.14263928755,0.0,PS_051,,,2.5726339925851858
32.61293626491378,9.720326702730294,2025-03-23T13:45:00Z,4,4,4,4,4,4,1,0,0,4,979.8031494836778,144.58240127343743,,,,,,,,48.36488644196819,1063.9319826189653,0.0,PS_051,,,2.1701896976052444
33.6556547541749,5.828084591578961,2025-03-23T14:00:00Z,3,3,3,3,3,3,1,0,0,3,998.6304581807242,145.74301374662184,,,,,,,,51.26038264059659,1061.833756172794,0.0,PS_051,,,2.5727865688296716
33.22821852578802,8.02074721319685,2025-03-23T14:15:00Z,4,4,4,4,4,4,1,0,0,4,1010.7373013632757,147.48070152539276,,,,,,,,49.55699236831259,1063.8075917136573,0.0,PS_051,,,1.7694901460843924
34.01484317486499,6.113863899651084,2025-03-23T14:30:00Z,4,4,4,4,4,4,1,0,0,4,1014.3284706955593,147.92155283616992,,,,,,,,51.46021885401987,1061.1701140993166,0.0,PS_051,,,1.8297837912056163
34.457214994344426,8.58734974301397,2025-03-23T14:45:00Z,3,3,3,3,3,3,1,0,0,3,1030.6502386247764,150.11810346066233,,,,,,,,48.40796138210327,1070.262512175271,0.0,PS_051,,,3.022882740569141
34.84478522444357,13.113614586605802,2025-03-23T15:00:00Z,4,4,4,4,4,4,1,0,0,4,1032.9522759115057,150.06747443208877,,,,,,,,49.37789378688881,1066.0976375042965,0.0,PS_051,,,2.0723336950175044
35.66499298054724,5.797742802663386,2025-03-23T15:15:00Z,3,3,3,3,3,3,1,0,0,3,1028.8102374022392,150.03448150367913,,,,,,,,54.818583031519125,1061.7741271768552,0.0,PS_051,,,1.3844583219013584
35.64676722857857,15.657782612689681,2025-03-23T15:30:00Z,4,4,4,4,4,4,1,0,0,4,1023.3718418550832,152.95396955584687,,,,,,,,49.45360075830724,1088.6346390379251,0.0,PS_051,,,3.1983859576881306
35.060522043010316,18.053722137366183,2025-03-23T15:45:00Z,4,4,4,4,4,4,1,0,0,4,1019.5472991968858,151.5934505351406,,,,,,,,49.35157691623206,1081.8480555880412,0.0,PS_051,,,2.0908688070691195
35.5924840678137,8.9251399160279,2025-03-23T16:00:00Z,3,3,3,3,3,3,1,0,0,3,989.7544134261144,149.64744252042587,,,,,,,,49.27326122843731,1075.7826713991458,0.0,PS_051,,,4.849781421903599
36.119915384875,10.751844604447403,2025-03-23T16:15:00Z,4,4,4,4,4,4,1,0,0,4,963.8923806413386,148.50758203828818,,,,,,,,53.21300010585816,1075.112273731751,0.0,PS_051,,,2.251287345049456
36.30902429663715,10.916282077040522,2025-03-23T16:30:00Z,3,3,3,3,3,3,1,0,0,3,882.6828763821477,137.17660014738507,,,,,,,,50.04140746024453,994.3014322621108,0.0,PS_051,,,3.968013771123406
37.19713899181627,10.814640965575679,2025-03-23T16:45:00Z,4,4,4,4,4,4,1,0,0,4,905.4543783750897,144.69804671673558,,,,,,,,51.660692476238026,1073.0389182276522,0.0,PS_051,,,3.457550198479021
36.25403323192724,22.673434421466233,2025-03-23T17:00:00Z,3,3,3,3,3,3,1,0,0,3,877.2086143451551,142.9606805870497,,,,,,,,51.88694745056696,1077.6156040284447,0.0,PS_051,,,1.513801341192246
36.40056860563985,13.320039159047171,2025-03-23T17:15:00Z,4,4,4,4,4,4,1,0,0,4,826.9554733711747,137.88754433192196,,,,,,,,49.41361203468957,1067.5945638762184,0.0,PS_051,,,2.6475503594639593
37.39688995969317,20.443240629324816,2025-03-23T17:30:00Z,4,4,4,4,4,4,1,0,0,4,778.8899982501242,132.89924543475328,,,,,,,,55.39608103216941,1058.783479272152,0.0,PS_051,,,2.396455980980762
37.40148434946058,16.07589279426445,2025-03-23T17:45:00Z,3,3,3,3,3,3,1,0,0,3,729.5003938397904,127.96947028219704,,,,,,,,54.10897289825804,1048.5666933872074,0.0,PS_051,,,0.4281356139783276
37.36525498775892,12.039854343665445,2025-03-23T18:00:00Z,4,4,4,4,4,4,1,0,0,4,678.3330472672768,122.82763338599594,,,,,,,,50.93999767568509,1037.3624637530888,0.0,PS_051,,,3.033403100238647
37.26715453878072,19.189066630767982,2025-03-23T18:15:00Z,3,3,3,3,3,3,1,0,0,3,624.1956569549666,116.41688855266628,,,,,,,,47.9566800087618,1024.2188037402295,0.0,PS_051,,,3.1862018607040867
37.26707606359188,8.120366445033993,2025-03-23T18:30:00Z,4,4,4,4,4,4,1,0,0,4,558.2897328396276,111.35498531702272,,,,,,,,53.057437163811706,1001.1358661289102,0.0,PS_051,,,1.9417668318937713
37.13000209272265,19.409539668889796,2025-03-23T18:45:00Z,3,3,3,3,3,3,1,0,0,3,494.5477954728407,108.05705591957128,,,,,,,,47.038948376595364,976.1262146493306,0.0,PS_051,,,4.568045343114338
36.750752327639674,15.586263228849287,2025-03-23T19:00:00Z,4,4,4,4,4,4,1,0,0,4,432.89555173387134,103.42874937050752,,,,,,,,47.872632683714116,948.5406281371464,0.0,PS_051,,,2.7819691594693015
37.12046053589709,11.209100934112929,2025-03-23T19:15:00Z,4,4,4,4,4,4,1,0,0,4,367.9676065646707,94.32639189093969,,,,,,,,47.39604185108544,875.1946802578279,0.0,PS_051,,,2.452389799912515
36.95448543786031,9.146266684737864,2025-03-23T19:30:00Z,3,3,3,3,3,3,1,0,0,3,303.5463914091264,76.0076763312434,,,,,,,,44.076728712755795,722.0262097342014,0.0,PS_051,,,3.274482359565026
36.19459416497189,13.024471407389862,2025-03-23T19:45:00Z,4,4,4,4,4,4,1,0,0,4,239.18925597941808,53.974069462886284,,,,,,,,40.701561274502524,581.8190703660672,0.0,PS_051,,,4.739259885201785
35.971881315664085,17.677434908772234,2025-03-23T20:00:00Z,3,3,3,3,3,3,1,0,0,3,173.83427578701077,34.1393493632259,,,,,,,,38.363478508931955,415.2477338972493,0.0,PS_051,,,2.903311564435082
35.68959770089954,10.506686965722462,2025-03-23T20:15:00Z,4,4,4,4,4,4,1,0,0,4,116.99093529415586,28.962101593274088,,,,,,,,36.09000456724922,269.627967063513,0.0,PS_051,,,3.482179603156396
35.30573731513376,6.741357672734883,2025-03-23T20:30:00Z,3,3,3,3,3,3,1,0,0,3,59.55377150327007,22.292092183959248,,,,,,,,34.09158423173664,129.96535903933787,0.0,PS_051,,,2.996162989304368
34.24704951944279,12.053603045569764,2025-03-23T20:45:00Z,4,4,4,4,4,4,1,0,0,4,13.563169255679165,3.262540116841998,,,,,,,,32.14075392711752,19.124494047899294,0.0,PS_051,,,3.2221070691601854
33.391333471808046,6.619262357274374,2025-03-23T21:00:00Z,3,3,3,3,3,3,1,0,0,3,0.899558187440515,0.7256672619453445,,,,,,,,30.67659400165151,2.294261678270786,0.0,PS_051,,,3.2090020333979776
32.84427619020197,1.781157701344621,2025-03-23T21:15:00Z,4,4,4,4,4,4,1,0,0,4,-1.8243618827645414,-0.007252879221878998,,,,,,,,29.84073225002476,-2.190262514159966,0.0,PS_051,,,1.7836385762643876
32.53640683443338,1.1955000162124632,2025-03-23T21:30:00Z,4,4,4,4,4,4,1,0,0,4,-1.8858563120139926,0.03654193234776046,,,,,,,,29.37919907550222,-2.407451583613982,0.0,PS_051,,,1.8009586825471835
32.25380410017343,1.1955000162124634,2025-03-23T21:45:00Z,3,3,3,3,3,3,1,0,0,3,-1.9405873392215562,0.03261653872639509,,,,,,,,29.200000762939457,-2.6208638227481336,0.0,PS_051,,,1.7963071485379807
31.838340928473286,1.1955000162124634,2025-03-23T22:00:00Z,4,4,4,4,4,4,1,0,0,4,-1.9843004738640333,-0.07997659515908352,,,,,,,,28.808978901100442,-2.3690959865368884,0.0,PS_051,,,2.309881975947429
31.623632732954324,1.1955000162124636,2025-03-23T22:15:00Z,3,3,3,3,3,3,1,0,0,3,-2.0299996352210825,-0.11520545860709609,,,,,,,,28.44339381427309,-2.619782743256007,0.0,PS_051,,,1.2730804407759921
31.57433721068199,1.1955000162124634,2025-03-23T22:30:00Z,4,4,4,4,4,4,1,0,0,4,-2.090709662583144,-0.015126285924614964,,,,,,,,28.654956735072304,-2.435063700288178,0.0,PS_051,,,2.978351325779916
31.2783664354827,1.1955000162124634,2025-03-23T22:45:00Z,3,3,3,3,3,3,1,0,0,3,-2.0789064723502757,-0.07242888048362657,,,,,,,,28.147230261088453,-2.29534865523988,0.0,PS_051,,,1.800910855217971
30.841498459873957,1.1955000162124634,2025-03-23T23:00:00Z,4,4,4,4,4,4,1,0,0,4,-1.9078266169306544,0.05067216771767801,,,,,,,,27.72969677297997,-2.430029952056648,0.0,PS_051,,,1.596080157428962
30.40207029729639,1.1955000162124634,2025-03-23T23:15:00Z,3,3,3,3,3,3,1,0,0,3,-1.8324579654445086,-0.19700839807342166,,,,,,,,27.367690439545623,-1.945039754990038,0.0,PS_051,,,2.9306430050834695
30.186124112828622,1.1955000162124634,2025-03-23T23:30:00Z,4,4,4,4,4,4,1,0,0,4,-1.8225237733528956,-0.10899977976190486,,,,,,,,27.252300122263055,-2.3397672690316544,0.0,PS_051,,,2.7000966235415693
30.05817922711138,1.1955000162124636,2025-03-23T23:45:00Z,4,4,4,4,4,4,1,0,0,4,-1.8939244879787656,0.004634468317736898,,,,,,,,26.719589977738345,-2.5681628802116316,0.0,PS_051,,,0.41886675613093166
30.37104761458513,1.1955000162124632,2025-03-24T00:00:00Z,3,3,3,3,3,3,1,0,0,3,-1.8956641690486693,-0.30336175113861563,,,,,,,,26.919813145740942,-2.797077321253948,0.0,PS_051,,,0.860658796800026
29.850083756803034,1.1955000162124634,2025-03-24T00:15:00Z,4,4,4,4,4,4,1,0,0,4,-1.902403182701449,-0.03931490281655483,,,,,,,,26.457976603441995,-2.535389841759407,0.0,PS_051,,,1.6586028784519724
29.543671552097443,1.1955000162124636,2025-03-24T00:30:00Z,3,3,3,3,3,3,1,0,0,3,-1.8521890038301327,-0.12881716085923467,,,,,,,,25.483105004317174,-2.371933963161895,0.0,PS_051,,,0.14759516705966583
29.145603424630927,1.1955000162124632,2025-03-24T00:45:00Z,4,4,4,4,4,4,1,0,0,4,-1.7337665001130083,0.05841503813088283,,,,,,,,25.219108850402364,-1.9832654603867006,0.0,PS_051,,,0.5155731539086965
28.94153135903364,1.1955000162124632,2025-03-24T01:00:00Z,4,4,4,4,4,4,1,0,0,4,-1.859893136132488,0.024534690377615,,,,,,,,25.597318359587216,-2.4204877956352324,0.0,PS_051,,,1.9099333593972447
28.825790994403338,1.1955000162124634,2025-03-24T01:15:00Z,3,3,3,3,3,3,1,0,0,3,-1.7850904686351348,0.12031123379880133,,,,,,,,25.598239242278428,-2.387237616195314,0.0,PS_051,,,0.7876805454827965
28.004548872054173,1.1955000162124634,2025-03-24T01:30:00Z,4,4,4,4,4,4,1,0,0,4,-1.6585981423998801,-0.17293429496365728,,,,,,,,24.600000381469727,-2.4160803959263597,0.0,PS_051,,,0.5796360485294291
27.87781349604501,1.1955000162124632,2025-03-24T01:45:00Z,4,4,4,4,4,4,1,0,0,4,-1.876542764876514,-0.1185139716783364,,,,,,,,24.16986227808573,-2.219060543721166,0.0,PS_051,,,0.5686512175796703
28.10687422383959,1.1955000162124634,2025-03-24T02:00:00Z,3,3,3,3,3,3,1,0,0,3,-1.806949922424249,-0.3032352939624412,,,,,,,,24.59832711375107,-1.8474086980858608,0.0,PS_051,,,3.1211956338867206
27.975273302466256,1.1955000162124634,2025-03-24T02:15:00Z,4,4,4,4,4,4,1,0,0,4,-1.63783673812976,0.08492304807393201,,,,,,,,24.72888436451748,-1.7075978133286893,0.0,PS_051,,,1.7640220654703054
27.749795802216333,1.1955000162124632,2025-03-24T02:30:00Z,4,4,4,4,4,4,1,0,0,4,-1.518003059914651,-0.039935462326504106,,,,,,,,24.75154240241818,-1.911091509996296,0.0,PS_051,,,2.4205270823748912
27.56686198588167,1.1955000162124632,2025-03-24T02:45:00Z,3,3,3,3,3,3,1,0,0,3,-1.7036131701650319,-0.08520111233809133,,,,,,,,24.54520678996822,-2.4192361092628163,0.0,PS_051,,,2.2349483090692757
27.62438184479272,1.1955000162124634,2025-03-24T03:00:00Z,4,4,4,4,4,4,1,0,0,4,-1.5691930644925118,-0.1317439073197985,,,,,,,,24.139729005598983,-2.111659159829983,0.0,PS_051,,,0.8015887594999092
27.179588268539593,1.1955000162124636,2025-03-24T03:15:00Z,4,4,4,4,4,4,1,0,0,4,-1.583069127014098,0.1721317531757009,,,,,,,,24.146859409791873,-1.7901591191687853,0.0,PS_051,,,2.369442850512125
27.090374670762824,1.1955000162124632,2025-03-24T03:30:00Z,3,3,3,3,3,3,1,0,0,3,-1.515876657549932,-0.14624051150036255,,,,,,,,24.351282037153076,-1.4975416465555405,0.0,PS_051,,,2.685097983005553
26.94148506710177,1.1955000162124634,2025-03-24T03:45:00Z,4,4,4,4,4,4,1,0,0,4,-1.6635294275519596,-0.1235537834646684,,,,,,,,24.089657704974528,-2.2145281022571908,0.0,PS_051,,,2.0370328746434536
26.803155769584787,1.1955000162124636,2025-03-24T04:00:00Z,3,3,3,3,3,3,1,0,0,3,-1.4187467449903732,-0.10085676635728022,,,,,,,,24.29999923706055,-1.8663969330403645,0.0,PS_051,,,2.306778186314723
26.85227761658454,1.1955000162124632,2025-03-24T04:15:00Z,4,4,4,4,4,4,1,0,0,4,-1.449166869175989,-0.23663863712926886,,,,,,,,24.32291949584303,-1.5596223475208362,0.0,PS_051,,,1.8591492935693124
26.78950728931945,1.1955000162124634,2025-03-24T04:30:00Z,4,4,4,4,4,4,1,0,0,4,-1.6130601371543103,0.05440477576706768,,,,,,,,24.0,-1.802221240054823,0.0,PS_051,,,1.8462934306821184
26.750861380498797,1.1955000162124636,2025-03-24T04:45:00Z,3,3,3,3,3,3,1,0,0,3,-1.646558875655167,-0.36427481736136735,,,,,,,,24.29999923706055,-1.72580920450738,0.0,PS_051,,,4.095147033888972
26.638266178229845,1.1955000162124634,2025-03-24T05:00:00Z,4,4,4,4,4,4,1,0,0,4,-1.5009692466569666,-0.12723634035878129,,,,,,,,24.131838871441985,-1.575329729651117,0.0,PS_051,,,2.4197176916983056
26.488773343386562,1.1955000162124634,2025-03-24T05:15:00Z,4,4,4,4,4,4,1,0,0,4,-1.4194592396124235,-0.10819291106456375,,,,,,,,23.940221108137017,-1.5703418803885252,0.0,PS_051,,,3.2213006711940264
26.180830351557187,1.1955000162124634,2025-03-24T05:30:00Z,3,3,3,3,3,3,1,0,0,3,-1.3764733308080583,0.12476429584464808,,,,,,,,23.799999237060547,-1.3864282986973389,0.0,PS_051,,,2.4828593486150403
25.949519224486398,1.1955000162124634,2025-03-24T05:45:00Z,4,4,4,4,4,4,1,0,0,4,-1.342915226099942,-0.04662135865421802,,,,,,,,23.5,-1.4659614352448924,0.0,PS_051,,,3.0328586470448666
25.777815238721562,1.1955000162124632,2025-03-24T06:00:00Z,3,3,3,3,3,3,1,0,0,3,-1.326225870153522,0.1902205665536564,,,,,,,,23.38170951325396,-1.5522981390302395,0.0,PS_051,,,1.9324908439267652
25.689116609226772,1.1955000162124634,2025-03-24T06:15:00Z,4,4,4,4,4,4,1,0,0,4,-1.4915440743838222,-0.129990727358099,,,,,,,,23.233845932877493,-1.532778526565146,0.0,PS_051,,,2.5337576163907576
25.577094833363375,1.1955000162124632,2025-03-24T06:30:00Z,4,4,4,4,4,4,1,0,0,4,-1.480170771112697,-0.04585110755815183,,,,,,,,22.999999999999996,-1.566101374166482,0.0,PS_051,,,1.6246669574459338
25.495999264937375,1.1955000162124634,2025-03-24T06:45:00Z,3,3,3,3,3,3,1,0,0,3,-1.543905384690065,-0.05138871180630182,,,,,,,,22.747080628294096,-1.555247245647325,0.0,PS_051,,,2.609237830519105
25.107816149873507,1.1955000162124636,2025-03-24T07:00:00Z,4,4,4,4,4,4,1,0,0,4,-1.3444222039136957,-0.11567668508775966,,,,,,,,22.3581595049574,-1.424919494229873,0.0,PS_051,,,1.4052802057910674
24.29969767246598,1.1955000162124634,2025-03-24T07:15:00Z,4,4,4,4,4,4,1,0,0,4,-1.571354800055973,-0.010480251867688039,,,,,,,,21.268937543140545,-1.7806619720786665,0.0,PS_051,,,0.3267063447286739
24.831210706752007,1.1955000162124636,2025-03-24T07:30:00Z,3,3,3,3,3,3,1,0,0,3,-2.0641711556618096,0.16431528487173297,,,,,,,,21.78606016752801,-1.7596556908954892,0.0,PS_051,,,3.1350888834098343
24.69404409054531,1.1955000162124634,2025-03-24T07:45:00Z,4,4,4,4,4,4,1,0,0,4,-1.40287357400146,-0.042385766758318504,,,,,,,,21.769691695631234,-1.4081566368418963,0.0,PS_051,,,1.5929896642977652
23.86315272300962,1.1955000162124634,2025-03-24T08:00:00Z,8,8,8,8,8,8,1,0,0,8,-1.5424548849509607,0.009176177310336205,,,,,,,,20.601694183811684,-1.4896648442182416,0.0,PS_051,,,0.304673206170468
23.573094431877585,1.1961795524943182,2025-03-24T08:15:00Z,15,15,15,15,15,15,1,0,0,15,-1.3289622092922118,-0.09965309195341732,,,,,,,,20.548366738658686,-1.6267986995560206,0.0,PS_051,,,0.9582305653867412
24.078387669635763,1.7829695032037864,2025-03-24T08:30:00Z,15,15,15,15,15,15,1,0,0,15,-1.31169678556894,-0.02525560738029663,,,,,,,,21.06327826929142,-1.6207531056311686,0.0,PS_051,,,1.3354956362957475
24.116744519671993,6.923513777361763,2025-03-24T08:45:00Z,15,15,15,15,15,15,1,0,0,15,0.5398171764468676,0.8376084791984306,,,,,,,,21.287635747429825,-0.5733902774548989,0.0,PS_051,,,1.0623033535565856
23.861212888891448,10.178981506326394,2025-03-24T09:00:00Z,9,9,9,9,9,9,1,0,0,9,7.839486197635522,1.5709838862233902,,,,,,,,21.075829063542443,6.818746648813346,0.0,PS_051,,,0.9164138863231438
24.192138639566,7.118032964977048,2025-03-24T09:15:00Z,4,4,4,4,4,4,1,0,0,4,49.562154219017536,8.161654209042116,,,,,,,,21.575875172027608,63.47644496748393,0.0,PS_051,,,0.8081623088895534
24.558220170250756,11.74794578941358,2025-03-24T09:30:00Z,3,3,3,3,3,3,1,0,0,3,92.17871068329414,16.955781838365983,,,,,,,,23.292916875472613,178.67757197918928,0.0,PS_051,,,1.7499130762385524
25.44871732121483,10.319323265676639,2025-03-24T09:45:00Z,4,4,4,4,4,4,1,0,0,4,156.09685130483598,21.605304058071074,,,,,,,,27.123095964831748,329.1144819468093,0.0,PS_051,,,0.9835098122820567
26.199838213847194,7.186445632487554,2025-03-24T10:00:00Z,3,3,3,3,3,3,1,0,0,3,206.9880753177215,36.01934795337382,,,,,,,,30.2775445300186,480.0790449883748,0.0,PS_051,,,0.6265846662970889
26.94676641221871,11.428189710264691,2025-03-24T10:15:00Z,4,4,4,4,4,4,1,0,0,4,270.13380557313417,57.46591366180053,,,,,,,,34.407619799323555,632.0032057107769,0.0,PS_051,,,1.098006746235343
27.6634143345358,8.610667479157028,2025-03-24T10:30:00Z,4,4,4,4,4,4,1,0,0,4,339.25134583944094,75.97248729651677,,,,,,,,39.3233713224078,781.7152504976486,0.0,PS_051,,,1.3491176989152838
28.188459687608688,7.64480882090943,2025-03-24T10:45:00Z,3,3,3,3,3,3,1,0,0,3,404.1112593691686,85.21184439731893,,,,,,,,43.8473557695512,904.0385743628253,0.0,PS_051,,,1.4057212622733126
28.821059922025924,5.6674499791544095,2025-03-24T11:00:00Z,4,4,4,4,4,4,1,0,0,4,462.3859738175285,92.87397582278518,,,,,,,,47.32606088182332,941.5440774452086,0.0,PS_051,,,1.4022896499134647
29.05133341153379,5.783057483033447,2025-03-24T11:15:00Z,3,3,3,3,3,3,1,0,0,3,522.2798334361496,99.94389509543068,,,,,,,,47.20195292802714,970.1235988799878,0.0,PS_051,,,1.6257411330034925
30.166529622589817,16.47448972671671,2025-03-24T11:30:00Z,4,4,4,4,4,4,1,0,0,4,578.3010427334547,105.30298873345971,,,,,,,,50.444074080329756,988.6504847844408,0.0,PS_051,,,1.3575077344491249
30.427498595617074,9.892685649873865,2025-03-24T11:45:00Z,4,4,4,4,4,4,1,0,0,4,631.3159536240017,110.83600689660845,,,,,,,,49.8620087401388,1004.7126666586681,0.0,PS_051,,,1.8216921298677387
30.174577561365137,5.848078908455889,2025-03-24T12:00:00Z,3,3,3,3,3,3,1,0,0,3,713.4234522490397,121.7028750899423,,,,,,,,47.537676443890206,1065.3315278653783,0.0,PS_051,,,2.434199887349546
31.25173797554214,12.13898723758425,2025-03-24T12:15:00Z,4,4,4,4,4,4,1,0,0,4,712.872267724198,124.60648915063672,,,,,,,,47.890457513436424,940.5891027826035,0.0,PS_051,,,2.958061852596274
31.362151956913735,12.40671011630749,2025-03-24T12:30:00Z,3,3,3,3,3,3,1,0,0,3,544.0435153520547,101.90477237135315,,,,,,,,46.20531673185071,687.95575928517,0.0,PS_051,,,2.4069952335024687
31.92541542601693,8.888291875651818,2025-03-24T12:45:00Z,4,4,4,4,4,4,1,0,0,4,898.9553837897761,150.1205242501243,,,,,,,,44.54636259737159,1098.5290516339878,0.0,PS_051,,,4.027114057676816
32.39397427392136,7.151122088233445,2025-03-24T13:00:00Z,4,4,4,4,4,4,1,0,0,4,906.5548638533467,145.25582343467113,,,,,,,,46.87132948779333,1074.5947764366142,0.0,PS_051,,,2.5177019032029704
32.38662813653205,5.838556275551924,2025-03-24T13:15:00Z,3,3,3,3,3,3,1,0,0,3,953.1598336543352,149.43533231941765,,,,,,,,45.89266334099009,1091.3169922976615,0.0,PS_051,,,3.851754944626699
33.32040167480778,10.947877399057294,2025-03-24T13:30:00Z,4,4,4,4,4,4,1,0,0,4,971.9605029290191,149.8246511056045,,,,,,,,48.58748054301745,1083.6208960540007,0.0,PS_051,,,2.6232129655456524
32.84338635640115,7.4848381931924335,2025-03-24T13:45:00Z,3,3,3,3,3,3,1,0,0,3,986.4165724605278,148.47892043232093,,,,,,,,44.26123131607653,1067.1905785879806,0.0,PS_051,,,4.056502244296435
33.640987230395545,10.9014965596743,2025-03-24T14:00:00Z,4,4,4,4,4,4,1,0,0,4,1008.077370201468,149.02209697001908,,,,,,,,43.800175134955666,1068.851675406103,0.0,PS_051,,,3.4552394345148048
34.13089317407908,7.866447292939993,2025-03-24T14:15:00Z,4,4,4,4,4,4,1,0,0,4,1026.3794168033762,150.58181591545284,,,,,,,,45.93310047835599,1076.506714454562,0.0,PS_051,,,2.660278588129746
34.322555595966875,8.75831097110697,2025-03-24T14:30:00Z,3,3,3,3,3,3,1,0,0,3,1051.5694465387512,155.53942409870436,,,,,,,,45.39240869027108,1094.5725871890788,0.0,PS_051,,,3.4534714678820806
34.866570649583466,11.948633596122251,2025-03-24T14:45:00Z,4,4,4,4,4,4,1,0,0,4,877.1415938345568,126.79534472406776,,,,,,,,47.946692706966786,892.0310052844582,0.0,PS_051,,,1.7943791794399233
35.34633819165531,19.767456122619613,2025-03-24T15:00:00Z,3,3,3,3,3,3,1,0,0,3,1075.3021875349102,159.15797908463955,,,,,,,,46.68945996556962,1111.4866973912797,0.0,PS_051,,,2.0123912981076124
35.68569647462751,10.560109312190828,2025-03-24T15:15:00Z,4,4,4,4,4,4,1,0,0,4,1104.744211245152,165.3645007072842,,,,,,,,51.904901421710406,1145.465880971372,0.0,PS_051,,,1.9223330686310356
35.3051689469353,10.944119204170976,2025-03-24T15:30:00Z,3,3,3,3,3,3,1,0,0,3,690.4463495168656,108.98129799114072,,,,,,,,51.02928798248703,731.2049791087645,0.0,PS_051,,,3.9279096285699655
35.772390657971584,12.083863524029836,2025-03-24T15:45:00Z,4,4,4,4,4,4,1,0,0,4,513.6188068414012,84.2615090397273,,,,,,,,46.93926000669921,546.1191964990766,0.0,PS_051,,,1.9857612982500956
34.46980446656003,11.650292360020646,2025-03-24T16:00:00Z,4,4,4,4,4,4,1,0,0,4,286.1431854710619,55.567058763444216,,,,,,,,40.363905748820805,285.5161005496679,0.0,PS_051,,,1.7600485968796848
33.49441388436593,5.763555076858017,2025-03-24T16:15:00Z,3,3,3,3,3,3,1,0,0,3,227.63519774613872,49.99716847949328,,,,,,,,35.102968369725744,225.09207969141482,0.0,PS_051,,,4.463000146814166
34.15535989974259,7.84455071887518,2025-03-24T16:30:00Z,4,4,4,4,4,4,1,0,0,4,390.9359379191394,71.53628275685385,,,,,,,,36.021859219730544,402.4772627655302,0.0,PS_051,,,2.4837473201447624
34.076560496643474,16.412625101124142,2025-03-24T16:45:00Z,3,3,3,3,3,3,1,0,0,3,255.36570895750015,55.86122215352594,,,,,,,,36.83956002193992,239.66030570585156,0.0,PS_051,,,3.1870057826830283
34.7037651660165,8.15663198078333,2025-03-24T17:00:00Z,4,4,4,4,4,4,1,0,0,4,627.2887491280032,110.66060008279183,,,,,,,,39.672195204838374,646.5397501726229,0.0,PS_051,,,3.8354190257723317
33.46183073596104,11.542443323712217,2025-03-24T17:15:00Z,4,4,4,4,4,4,1,0,0,4,372.2154653302292,78.74905210678776,,,,,,,,38.38038943888995,380.8605536445879,0.0,PS_051,,,5.465569762823559
31.711882270065693,8.184253728432155,2025-03-24T17:30:00Z,3,3,3,3,3,3,1,0,0,3,270.48499502823535,68.62302310380122,,,,,,,,34.47832035643745,251.32458437643402,0.0,PS_051,,,3.7603194735877272
31.677875546300356,12.182847129688874,2025-03-24T17:45:00Z,4,4,4,4,4,4,1,0,0,4,323.8597289980707,82.19160818921296,,,,,,,,35.011507635742845,308.0485648656081,0.0,PS_051,,,3.1472797103915933
33.10836644480912,5.812336390035427,2025-03-24T18:00:00Z,3,3,3,3,3,3,1,0,0,3,420.660915598001,102.4695641964046,,,,,,,,39.25786262329343,448.6630642344096,0.0,PS_051,,,2.0560805033920126
35.26944221090955,10.618303935338353,2025-03-24T18:15:00Z,4,4,4,4,4,4,1,0,0,4,741.7808408365212,162.00638934179088,,,,,,,,45.75995151146893,1070.7983640342495,0.0,PS_051,,,2.774811539075875
34.86156867951949,5.817859178921541,2025-03-24T18:30:00Z,3,3,3,3,3,3,1,0,0,3,444.3580150650941,115.0032986770447,,,,,,,,44.41789397999132,591.8984021923686,0.0,PS_051,,,2.801841952166592
34.747118954361746,16.26094816461237,2025-03-24T18:45:00Z,4,4,4,4,4,4,1,0,0,4,607.0140186262712,145.92612536061205,,,,,,,,45.45473936931129,1026.8699138962154,0.0,PS_051,,,4.082597035638855
33.88489880183131,16.09300717135633,2025-03-24T19:00:00Z,3,3,3,3,3,3,1,0,0,3,451.1144685922953,115.47426509902888,,,,,,,,44.42459361461429,851.7774794682784,0.0,PS_051,,,3.0565527108550055
33.96598719502244,10.159461244214478,2025-03-24T19:15:00Z,4,4,4,4,4,4,1,0,0,4,373.8580638015785,100.45655672376317,,,,,,,,42.3716403952404,819.9690007484295,0.0,PS_051,,,5.505410165070116
33.306437713862145,8.599102000261384,2025-03-24T19:30:00Z,4,4,4,4,4,4,1,0,0,4,316.5365004916676,82.85088750261852,,,,,,,,39.0870964755222,713.463818349196,0.0,PS_051,,,4.697648091446228
32.922526028771216,18.18305678665134,2025-03-24T19:45:00Z,3,3,3,3,3,3,1,0,0,3,215.70495921341558,48.679809317353005,,,,,,,,37.66585750138852,467.10000694597335,0.0,PS_051,,,2.965449229852508
32.41112283562814,15.454455566017625,2025-03-24T20:00:00Z,4,4,4,4,4,4,1,0,0,4,185.76170299925846,37.06007051160655,,,,,,,,34.892086368943474,394.628274381262,0.0,PS_051,,,3.1052046854092
31.761487815565047,15.482781255907792,2025-03-24T20:15:00Z,3,3,3,3,3,3,1,0,0,3,79.62845606285096,16.894663480495208,,,,,,,,32.19825649963363,132.92404008234922,0.0,PS_051,,,4.287767597826588
30.71229199999664,5.750275045744416,2025-03-24T20:30:00Z,4,4,4,4,4,4,1,0,0,4,32.64212606907238,6.600904966651762,,,,,,,,29.128506826464562,36.56063345570982,0.0,PS_051,,,3.7680689864676395
29.972059228099198,6.359193035807979,2025-03-24T20:45:00Z,3,3,3,3,3,3,1,0,0,3,12.95594070352311,2.8181177613652664,,,,,,,,28.097795028209603,13.588235297665367,0.0,PS_051,,,2.289554198179286
29.513174004846306,7.080197874417774,2025-03-24T21:00:00Z,4,4,4,4,4,4,1,0,0,4,0.6487176249590224,0.4431255694241265,,,,,,,,27.29660770182637,1.4120186042114058,0.0,PS_051,,,2.0155031285538434
29.516248226973072,1.3635459463676256,2025-03-24T21:15:00Z,3,3,3,3,3,3,1,0,0,3,-1.6099855612073795,0.20538388880683658,,,,,,,,26.87632585300907,-2.0426686505734497,0.0,PS_051,,,1.5362736012183325
29.412795550651275,1.1955000162124634,2025-03-24T21:30:00Z,4,4,4,4,4,4,1,0,0,4,-1.5936343549166436,-0.11451737760438183,,,,,,,,26.824809334551585,-1.9139116230610713,0.0,PS_051,,,3.0608086476978853
29.042651302633864,1.1955000162124636,2025-03-24T21:45:00Z,4,4,4,4,4,4,1,0,0,4,-1.5170484889322786,0.0832521765440872,,,,,,,,26.64251683909342,-1.4052648405355943,0.0,PS_051,,,2.708426109276928
28.838026920106373,1.1955000162124636,2025-03-24T22:00:00Z,3,3,3,3,3,3,1,0,0,3,-1.654596922843927,0.06014342630619602,,,,,,,,25.937548399133192,-1.590646688707118,0.0,PS_051,,,1.813812524202584
28.673467331816667,1.1955000162124634,2025-03-24T22:15:00Z,4,4,4,4,4,4,1,0,0,4,-1.6807957829094438,0.14134340582019625,,,,,,,,25.61145529395731,-1.7170965789727248,0.0,PS_051,,,1.0054145763834823
28.562754524521512,1.1955000162124634,2025-03-24T22:30:00Z,3,3,3,3,3,3,1,0,0,3,-1.6483692518741588,-0.00039235061629667344,,,,,,,,25.170558437480707,-1.8194447169432624,0.0,PS_051,,,0.7076285506465281
28.261833369940028,1.1955000162124634,2025-03-24T22:45:00Z,4,4,4,4,4,4,1,0,0,4,-1.497255794967919,0.049286217469572985,,,,,,,,25.10000038146973,-1.5064919615791228,0.0,PS_051,,,0.8390982941642575
28.446056372442,1.1955000162124636,2025-03-24T23:00:00Z,3,3,3,3,3,3,1,0,0,3,-1.459687871359259,-0.021017585937451688,,,,,,,,25.595055801507808,-1.9647610937788131,0.0,PS_051,,,1.008395993958381
28.14168765672541,1.1955000162124636,2025-03-24T23:15:00Z,4,4,4,4,4,4,1,0,0,4,-1.5469796203567825,0.12019142011782923,,,,,,,,25.19169026771524,-1.585208471441036,0.0,PS_051,,,1.2553613938563803
28.272014417130624,1.1955000162124634,2025-03-24T23:30:00Z,3,3,3,3,3,3,1,0,0,3,-1.4723723856664317,-0.30658531825284296,,,,,,,,25.68356327849101,-1.3247957449343393,0.0,PS_051,,,2.5855323616552646
28.297977601763986,1.1955000162124632,2025-03-24T23:45:00Z,4,4,4,4,4,4,1,0,0,4,-1.2360688198722027,-0.06551725578613345,,,,,,,,25.730387004734624,-1.4508456744167557,0.0,PS_051,,,0.5805675541695312
