ambient_temperature_celsius,battery_voltage,datetime,document_count_ambient_temperature_celsius,document_count_battery_voltage,document_count_ghi_irradiance_wm2,document_count_gri_irradiance_wm2,document_count_panel_temperature_celsius,document_count_poa_irradiance_wm2,document_count_precipitation_accumulated_mm,document_count_tracker_albedo_index,document_count_wind_direction_degrees,document_count_wind_speed_ms,ghi_irradiance_wm2,gri_irradiance_wm2,interpolated_keys_ambient_temperature_celsius,interpolated_keys_battery_voltage,interpolated_keys_ghi_irradiance_wm2,interpolated_keys_gri_irradiance_wm2,interpolated_keys_panel_temperature_celsius,interpolated_keys_poa_irradiance_wm2,interpolated_keys_tracker_albedo_index,interpolated_keys_wind_direction_degrees,interpolated_keys_wind_speed_ms,panel_temperature_celsius,poa_irradiance_wm2,precipitation_accumulated_mm,ps_id,tracker_albedo_index,wind_direction_degrees,wind_speed_ms
,,2024-06-05T00:00:00Z,0,0,0,0,0,0,0,0,0,0,,,,,,,,,,,,,,,PS_006,,,
,,2024-06-05T00:15:00Z,0,0,0,0,0,0,0,0,0,0,,,,,,,,,,,,,,,PS_006,,,
,,2024-06-05T00:30:00Z,0,0,0,0,0,0,0,0,0,0,,,,,,,,,,,,,,,PS_006,,,
,,2024-06-05T00:45:00Z,0,0,0,0,0,0,0,0,0,0,,,,,,,,,,,,,,,PS_006,,,
,,2024-06-05T01:00:00Z,0,0,0,0,0,0,0,0,0,0,,,,,,,,,,,,,,,PS_006,,,
,,2024-06-05T01:15:00Z,0,0,0,0,0,0,0,0,0,0,,,,,,,,,,,,,,,PS_006,,,
,,2024-06-05T01:30:00Z,0,0,0,0,0,0,0,0,0,0,,,,,,,,,,,,,,,PS_006,,,
,,2024-06-05T01:45:00Z,0,0,0,0,0,0,0,0,0,0,,,,,,,,,,,,,,,PS_006,,,
,,2024-06-05T02:00:00Z,0,0,0,0,0,0,0,0,0,0,,,,,,,,,,,,,,,PS_006,,,
,,2024-06-05T02:15:00Z,0,0,0,0,0,0,0,0,0,0,,,,,,,,,,,,,,,PS_006,,,
,,2024-06-05T02:30:00Z,0,0,0,0,0,0,0,0,0,0,,,,,,,,,,,,,,,PS_006,,,
,,2024-06-05T02:45:00Z,0,0,0,0,0,0,0,0,0,0,,,,,,,,,,,,,,,PS_006,,,
,,2024-06-05T03:00:00Z,0,0,0,0,0,0,0,0,0,0,,,,,,,,,,,,,,,PS_006,,,
,,2024-06-05T03:15:00Z,0,0,0,0,0,0,0,0,0,0,,,,,,,,,,,,,,,PS_006,,,
,,2024-06-05T03:30:00Z,0,0,0,0,0,0,0,0,0,0,,,,,,,,,,,,,,,PS_006,,,
,,2024-06-05T03:45:00Z,0,0,0,0,0,0,0,0,0,0,,,,,,,,,,,,,,,PS_006,,,
,,2024-06-05T04:00:00Z,0,0,0,0,0,0,0,0,0,0,,,,,,,,,,,,,,,PS_006,,,
,,2024-06-05T04:15:00Z,0,0,0,0,0,0,0,0,0,0,,,,,,,,,,,,,,,PS_006,,,
,,2024-06-05T04:30:00Z,0,0,0,0,0,0,0,0,0,0,,,,,,,,,,,,,,,PS_006,,,
,,2024-06-05T04:45:00Z,0,0,0,0,0,0,0,0,0,0,,,,,,,,,,,,,,,PS_006,,,
,,2024-06-05T05:00:00Z,0,0,0,0,0,0,0,0,0,0,,,,,,,,,,,,,,,PS_006,,,
,,2024-06-05T05:15:00Z,0,0,0,0,0,0,0,0,0,0,,,,,,,,,,,,,,,PS_006,,,
,,2024-06-05T05:30:00Z,0,0,0,0,0,0,0,0,0,0,,,,,,,,,,,,,,,PS_006,,,
,,2024-06-05T05:45:00Z,0,0,0,0,0,0,0,0,0,0,,,,,,,,,,,,,,,PS_006,,,
,,2024-06-05T06:00:00Z,0,0,0,0,0,0,0,0,0,0,,,,,,,,,,,,,,,PS_006,,,
,,2024-06-05T06:15:00Z,0,0,0,0,0,0,0,0,0,0,,,,,,,,,,,,,,,PS_006,,,
,,2024-06-05T06:30:00Z,0,0,0,0,0,0,0,0,0,0,,,,,,,,,,,,,,,PS_006,,,
,,2024-06-05T06:45:00Z,0,0,0,0,0,0,0,0,0,0,,,,,,,,,,,,,,,PS_006,,,
,,2024-06-05T07:00:00Z,0,0,0,0,0,0,0,0,0,0,,,,,,,,,,,,,,,PS_006,,,
,,2024-06-05T07:15:00Z,0,0,0,0,0,0,0,0,0,0,,,,,,,,,,,,,,,PS_006,,,
,,2024-06-05T07:30:00Z,0,0,0,0,0,0,0,0,0,0,,,,,,,,,,,,,,,PS_006,,,
,,2024-06-05T07:45:00Z,0,0,0,0,0,0,0,0,0,0,,,,,,,,,,,,,,,PS_006,,,
,,2024-06-05T08:00:00Z,0,0,0,0,0,0,0,0,0,0,,,,,,,,,,,,,,,PS_006,,,
,,2024-06-05T08:15:00Z,0,0,0,0,0,0,0,0,0,0,,,,,,,,,,,,,,,PS_006,,,
,,2024-06-05T08:30:00Z,0,0,0,0,0,0,0,0,0,0,,,,,,,,,,,,,,,PS_006,,,
,,2024-06-05T08:45:00Z,0,0,0,0,0,0,0,0,0,0,,,,,,,,,,,,,,,PS_006,,,
,,2024-06-05T09:00:00Z,0,0,0,0,0,0,0,0,0,0,,,,,,,,,,,,,,,PS_006,,,
,,2024-06-05T09:15:00Z,0,0,0,0,0,0,0,0,0,0,,,,,,,,,,,,,,,PS_006,,,
,,2024-06-05T09:30:00Z,0,0,0,0,0,0,0,0,0,0,,,,,,,,,,,,,,,PS_006,,,
,,2024-06-05T09:45:00Z,0,0,0,0,0,0,0,0,0,0,,,,,,,,,,,,,,,PS_006,,,
,,2024-06-05T10:00:00Z,0,0,0,0,0,0,0,0,0,0,,,,,,,,,,,,,,,PS_006,,,
,,2024-06-05T10:15:00Z,0,0,0,0,0,0,0,0,0,0,,,,,,,,,,,,,,,PS_006,,,
,,2024-06-05T10:30:00Z,0,0,0,0,0,0,0,0,0,0,,,,,,,,,,,,,,,PS_006,,,
,,2024-06-05T10:45:00Z,0,0,0,0,0,0,0,0,0,0,,,,,,,,,,,,,,,PS_006,,,
,,2024-06-05T11:00:00Z,0,0,0,0,0,0,0,0,0,0,,,,,,,,,,,,,,,PS_006,,,
,,2024-06-05T11:15:00Z,0,0,0,0,0,0,0,0,0,0,,,,,,,,,,,,,,,PS_006,,,
,,2024-06-05T11:30:00Z,0,0,0,0,0,0,0,0,0,0,,,,,,,,,,,,,,,PS_006,,,
,,2024-06-05T11:45:00Z,0,0,0,0,0,0,0,0,0,0,,,,,,,,,,,,,,,PS_006,,,
,,2024-06-05T12:00:00Z,0,0,0,0,0,0,0,0,0,0,,,,,,,,,,,,,,,PS_006,,,
,,2024-06-05T12:15:00Z,0,0,0,0,0,0,0,0,0,0,,,,,,,,,,,,,,,PS_006,,,
,,2024-06-05T12:30:00Z,0,0,0,0,0,0,0,0,0,0,,,,,,,,,,,,,,,PS_006,,,
,,2024-06-05T12:45:00Z,0,0,0,0,0,0,0,0,0,0,,,,,,,,,,,,,,,PS_006,,,
,,2024-06-05T13:00:00Z,0,0,0,0,0,0,0,0,0,0,,,,,,,,,,,,,,,PS_006,,,
,,2024-06-05T13:15:00Z,0,0,0,0,0,0,0,0,0,0,,,,,,,,,,,,,,,PS_006,,,
,,2024-06-05T13:30:00Z,0,0,0,0,0,0,0,0,0,0,,,,,,,,,,,,,,,PS_006,,,
,,2024-06-05T13:45:00Z,0,0,0,0,0,0,0,0,0,0,,,,,,,,,,,,,,,PS_006,,,
,,2024-06-05T14:00:00Z,0,0,0,0,0,0,0,0,0,0,,,,,,,,,,,,,,,PS_006,,,
,,2024-06-05T14:15:00Z,0,0,0,0,0,0,0,0,0,0,,,,,,,,,,,,,,,PS_006,,,
,,2024-06-05T14:30:00Z,0,0,0,0,0,0,0,0,0,0,,,,,,,,,,,,,,,PS_006,,,
,,2024-06-05T14:45:00Z,0,0,0,0,0,0,0,0,0,0,,,,,,,,,,,,,,,PS_006,,,
,,2024-06-05T15:00:00Z,0,0,0,0,0,0,0,0,0,0,,,,,,,,,,,,,,,PS_006,,,
,,2024-06-05T15:15:00Z,0,0,0,0,0,0,0,0,0,0,,,,,,,,,,,,,,,PS_006,,,
,,2024-06-05T15:30:00Z,0,0,0,0,0,0,0,0,0,0,,,,,,,,,,,,,,,PS_006,,,
,,2024-06-05T15:45:00Z,0,0,0,0,0,0,0,0,0,0,,,,,,,,,,,,,,,PS_006,,,
,,2024-06-05T16:00:00Z,0,0,0,0,0,0,0,0,0,0,,,,,,,,,,,,,,,PS_006,,,
,,2024-06-05T16:15:00Z,0,0,0,0,0,0,0,0,0,0,,,,,,,,,,,,,,,PS_006,,,
,,2024-06-05T16:30:00Z,0,0,0,0,0,0,0,0,0,0,,,,,,,,,,,,,,,PS_006,,,
,,2024-06-05T16:45:00Z,0,0,0,0,0,0,0,0,0,0,,,,,,,,,,,,,,,PS_006,,,
,,2024-06-05T17:00:00Z,0,0,0,0,0,0,0,0,0,0,,,,,,,,,,,,,,,PS_006,,,
,,2024-06-05T17:15:00Z,0,0,0,0,0,0,0,0,0,0,,,,,,,,,,,,,,,PS_006,,,
,,2024-06-05T17:30:00Z,0,0,0,0,0,0,0,0,0,0,,,,,,,,,,,,,,,PS_006,,,
,,2024-06-05T17:45:00Z,0,0,0,0,0,0,0,0,0,0,,,,,,,,,,,,,,,PS_006,,,
,,2024-06-05T18:00:00Z,0,0,0,0,0,0,0,0,0,0,,,,,,,,,,,,,,,PS_006,,,
,,2024-06-05T18:15:00Z,0,0,0,0,0,0,0,0,0,0,,,,,,,,,,,,,,,PS_006,,,
,,2024-06-05T18:30:00Z,0,0,0,0,0,0,0,0,0,0,,,,,,,,,,,,,,,PS_006,,,
,,2024-06-05T18:45:00Z,0,0,0,0,0,0,0,0,0,0,,,,,,,,,,,,,,,PS_006,,,
,,2024-06-05T19:00:00Z,0,0,0,0,0,0,0,0,0,0,,,,,,,,,,,,,,,PS_006,,,
,,2024-06-05T19:15:00Z,0,0,0,0,0,0,0,0,0,0,,,,,,,,,,,,,,,PS_006,,,
,,2024-06-05T19:30:00Z,0,0,0,0,0,0,0,0,0,0,,,,,,,,,,,,,,,PS_006,,,
,,2024-06-05T19:45:00Z,0,0,0,0,0,0,0,0,0,0,,,,,,,,,,,,,,,PS_006,,,
,,2024-06-05T20:00:00Z,0,0,0,0,0,0,0,0,0,0,,,,,,,,,,,,,,,PS_006,,,
25.799999237060547,11.174869537353516,2024-06-05T20:15:00Z,1,1,1,1,1,1,0,1,1,1,9.100000381469727,8.680000305175781,,,,,,,,,,24.600000381469727,0.1000000014901161,,PS_006,7158.33349609375,360.0,1.156000018119812
24.600000381469723,11.144125938415527,2024-06-05T20:30:00Z,1,1,1,1,1,1,1,1,1,1,-0.5199999809265137,-1.1299999952316284,,,,,,,,,,23.299999237060547,-2.0299999713897705,0.0,PS_006,57.29166793823242,360.0,1.9259999990463257
24.600000381469727,11.144125938415527,2024-06-05T20:45:00Z,1,1,1,1,1,1,1,1,1,1,-0.5199999809265137,-1.1299999952316284,,,,,,,,,,23.299999237060547,-2.0299999713897705,0.0,PS_006,57.29166793823242,360.0,1.925999999046326
24.15983170218234,11.133432388305664,2024-06-05T21:00:00Z,3,3,3,3,3,3,1,3,3,3,-1.9616635154701703,-1.4156953512737143,,,,,,,,,,22.859832465121798,-2.1888829675752564,0.0,PS_006,59.663223866682905,359.99999999999994,1.9139910998050713
23.8781994629972,11.136649569685108,2024-06-05T21:15:00Z,4,4,4,4,4,4,1,4,4,4,-1.7479081754744026,-0.5538324959276525,,,,,,,,,,22.670615693470193,-1.7876468682690505,0.0,PS_006,32.16184997833587,359.99999999999994,1.2041446263672264
23.5095799849833,11.133432388305666,2024-06-05T21:30:00Z,4,4,4,4,4,4,1,4,4,4,-1.75425632038218,-0.49454423037112194,,,,,,,,,,22.247857482268373,-1.777047499587424,0.0,PS_006,27.67838909638693,360.00000000000006,1.5073002186060167
23.062395439711583,11.132724487356372,2024-06-05T21:45:00Z,3,3,3,3,3,3,1,3,3,3,-1.4678021285026337,-0.5439578022023785,,,,,,,,,,21.899999618530277,-1.5082255678217036,0.0,PS_006,32.996710148573314,360.0,1.2973687721620784
23.090144213094135,11.130685774461025,2024-06-05T22:00:00Z,4,4,4,4,4,4,1,4,4,4,-1.1063959133202046,-0.1133262774845921,,,,,,,,,,21.86845363422829,-1.1614376424618613,0.0,PS_006,7.291242338068931,360.0,1.2290735172304157
22.92310630693088,11.125861613489109,2024-06-05T22:15:00Z,4,4,4,4,4,4,1,4,4,4,-1.8406753105866207,-0.3692325431301717,,,,,,,,,,21.447831310505077,-2.0182537546617767,0.0,PS_006,17.77934004523478,359.99999999999994,0.08076699677034377
22.79708970269937,11.1234073638916,2024-06-05T22:30:00Z,3,3,3,3,3,3,1,3,3,3,-2.2809578267826742,-0.26658359839436285,,,,,,,,,,21.32252220296607,-3.22230657553777,0.0,PS_006,7.646842739053568,360.0,0.45077270328529034
22.41008083770483,11.121243646223695,2024-06-05T22:45:00Z,4,4,4,4,4,4,1,4,4,4,-2.3976368312409226,-1.5557887043057048,,,,,,,,,,20.060671734775653,-3.365953524250499,0.0,PS_006,46.58417405469995,360.0,0.6264437941543912
21.068367556809676,11.120242236638637,2024-06-05T23:00:00Z,4,4,4,4,4,4,1,4,4,4,-2.630065904701095,-1.5227720097599267,,,,,,,,,,19.173597849213866,-3.4514805274411384,0.0,PS_006,48.910483377386086,359.99999999999994,1.1673196014639633
20.698972939431126,11.1198608267828,2024-06-05T23:15:00Z,3,3,3,3,3,3,1,3,3,3,-2.5106507912705895,-0.5936874159870262,,,,,,,,,,18.700000762939453,-3.365929381203709,0.0,PS_006,17.127360848742338,360.0,1.14892380593189
20.28133313828361,11.118060111999513,2024-06-05T23:30:00Z,4,4,4,4,4,4,1,4,4,4,-2.4876230572860285,-0.6044666544024844,,,,,,,,,,18.35320116278763,-3.2903611788122453,0.0,PS_006,17.905983650937518,360.0,1.0546707337954837
19.676286123418258,11.120642241728458,2024-06-05T23:45:00Z,4,4,4,4,4,4,1,4,4,4,-2.441791963540059,-0.6814858251716596,,,,,,,,,,17.612051710532135,-3.22543483599909,0.0,PS_006,22.721744211574514,360.00000000000006,0.6555193542593208
19.489098385437938,11.114273418415813,2024-06-06T00:00:00Z,3,3,3,3,3,3,1,3,3,3,-2.5548393316195326,-0.34353595436708834,,,,,,,,,,16.99393455373834,-2.5920742695240815,0.0,PS_006,9.72879393701,360.0,0.6301647661400105
19.74418548393342,11.116276459092363,2024-06-06T00:15:00Z,4,4,4,4,4,4,1,4,4,4,-1.1609561115428404,-0.2434285404803001,,,,,,,,,,17.028539844495924,-2.61151497186742,0.0,PS_006,8.689126340190207,360.0,0.7298835141423341
18.865468463160266,11.115714034392857,2024-06-06T00:30:00Z,4,4,4,4,4,4,1,4,4,4,-1.8052404068280212,-0.5542041029308441,,,,,,,,,,16.399671694258313,-2.5084308840312937,0.0,PS_006,20.180171445531666,359.99999999999994,0.7773244205775498
18.78967714459618,11.113383293151855,2024-06-06T00:45:00Z,3,3,3,3,3,3,1,3,3,3,-1.487461040254575,-0.5220916503224939,,,,,,,,,,15.89375545865429,-2.708774076388024,0.0,PS_006,14.583708362704334,359.99999999999994,0.7341221780890765
18.71624520198988,11.11058912389701,2024-06-06T01:00:00Z,4,4,4,4,4,4,1,4,4,4,-1.8901376596956245,0.6050209776301256,,,,,,,,,,16.49645993994857,-2.3821014027358816,0.0,PS_006,-27.13283292967396,360.0,0.5864733783834783
18.98060816556324,11.111613196693433,2024-06-06T01:15:00Z,4,4,4,4,4,4,1,4,4,4,-2.190583550828391,-0.6742082048612235,,,,,,,,,,16.124392383176957,-2.9285905001090593,0.0,PS_006,20.299336203054274,360.0,0.0679885863565983
17.051056044478926,11.108036041259766,2024-06-06T01:30:00Z,3,3,3,3,3,3,1,3,3,3,-2.843885704091332,-0.9071910361460847,,,,,,,,,,14.600000381469727,-2.5770083178815097,0.0,PS_006,38.065455910636466,360.0,-0.0010633705097968405
16.955787086029005,11.106439023463547,2024-06-06T01:45:00Z,4,4,4,4,4,4,1,4,4,4,-1.583947152152125,-0.11979535879840295,,,,,,,,,,15.00818931125246,-2.1351474576157505,0.0,PS_006,5.788282782465446,359.99999999999994,0.8875337477183708
16.647177061296812,11.106917734234928,2024-06-06T02:00:00Z,4,4,4,4,4,4,1,4,4,4,-1.928929130610629,-0.06058693904809899,,,,,,,,,,14.804880965096851,-1.8738676131342875,0.0,PS_006,2.341817807680045,360.0,0.7739965940723005
16.752148157201106,11.104826194975914,2024-06-06T02:15:00Z,3,3,3,3,3,3,1,3,3,3,-1.2793608029276138,0.08847292047598196,,,,,,,,,,14.847852224268623,-1.583761803593972,0.0,PS_006,-3.6555005604411175,360.0,0.17362992282401946
16.95518301436094,11.10457189459076,2024-06-06T02:30:00Z,4,4,4,4,4,4,1,4,4,4,-0.7021283251915286,-0.002370640015166443,,,,,,,,,,14.825304452505542,-1.2362935524709615,0.0,PS_006,-3.3992846172531883,360.0,0.2456169532249929
16.08955613049951,11.102689743041992,2024-06-06T02:45:00Z,3,3,3,3,3,3,1,3,3,3,-1.8886054161343628,-0.5142797253457753,,,,,,,,,,14.333733133984731,-1.518205169028348,0.0,PS_006,37.990971817085324,360.0,0.6949431291983802
16.5797344425982,11.100619090588816,2024-06-06T03:00:00Z,3,3,3,3,3,3,1,3,3,3,-0.05199587382623696,0.8558370965890948,,,,,,,,,,15.06154584860602,-0.1748198112088997,0.0,PS_006,24.13323102402979,360.0,0.9449402960941014
16.925184677921827,11.101996364148556,2024-06-06T03:15:00Z,4,4,4,4,4,4,1,4,4,4,-1.6271791123460944,-0.8378859173544895,,,,,,,,,,15.355880492046523,-1.5325796250254107,0.0,PS_006,697.1728365964764,360.00000000000006,0.6367039451244605
17.482420203913804,11.100074937804536,2024-06-06T03:30:00Z,2,2,2,2,2,2,1,2,2,2,-0.3131852455264455,0.5341938894957433,,,,,,,,,,15.79419372219904,-0.6184269754820679,0.0,PS_006,241.754693758106,360.0,0.657982419692431
17.609297504939544,11.099013283039595,2024-06-06T03:45:00Z,4,4,4,4,4,4,1,4,4,4,-1.5641787392505355,-0.7655368950507064,,,,,,,,,,16.114860088236235,-1.5928122433102208,0.0,PS_006,25.517737461395132,359.99999999999994,0.8146174553622632
16.70000076293945,11.098011016845701,2024-06-06T04:00:00Z,4,4,4,4,4,4,1,4,4,4,-1.7184246263335394,-0.35308061873631674,,,,,,,,,,15.596832206255842,-1.510711828926771,0.0,PS_006,21.20572291855009,360.0,1.5672278268472863
16.658001842965042,11.098011016845703,2024-06-06T04:15:00Z,3,3,3,3,3,3,1,3,3,3,-1.8184534395191667,-0.26677133600467007,,,,,,,,,,15.65800108955642,-1.8142989897192028,0.0,PS_006,14.164419997612187,359.99999999999994,1.4777674714338909
17.485208588019713,11.095987344038344,2024-06-06T04:30:00Z,4,4,4,4,4,4,1,4,4,4,-0.7394683390803618,0.44101241072270897,,,,,,,,,,15.896443327819568,-1.7689035922249905,0.0,PS_006,-26.4527549283823,360.00000000000006,0.9408511451662748
16.1803209526137,11.098011016845701,2024-06-06T04:45:00Z,4,4,4,4,4,4,1,4,4,4,-2.6602352071193716,-1.6050412430344392,,,,,,,,,,14.59703945436055,-2.977198033237697,0.0,PS_006,49.454289836490815,360.0,0.8890973846644058
15.42321572363999,11.093556618915425,2024-06-06T05:00:00Z,3,3,3,3,3,3,1,3,3,3,-2.078410438893205,-0.982737303442089,,,,,,,,,,14.089821295614623,-2.0739194180468004,0.0,PS_006,41.373910490470344,360.0,0.7200928608384071
15.845191554563375,11.093886051927557,2024-06-06T05:15:00Z,4,4,4,4,4,4,1,4,4,4,-1.3689505924632337,0.5517702016108702,,,,,,,,,,14.576918019034474,-1.1811419826051623,0.0,PS_006,-58.6590292433145,360.0,1.5536921264757781
16.039311727249746,11.092663764953613,2024-06-06T05:30:00Z,4,4,4,4,4,4,1,4,4,4,-1.004569403069106,0.44093985875976394,,,,,,,,,,14.739311604470045,-1.1745056646147625,0.0,PS_006,-35.20608605621692,359.99999999999994,1.093373219294565
16.451143121095072,11.09252617634329,2024-06-06T05:45:00Z,3,3,3,3,3,3,1,3,3,3,-0.7805671390343187,0.4064422134033419,,,,,,,,,,15.094556429566207,-1.271068494215243,0.0,PS_006,-31.40625035024137,360.0,0.046211249503882106
16.41640888440346,11.092024817297357,2024-06-06T06:00:00Z,4,4,4,4,4,4,1,4,4,4,-0.8345903448406343,0.05394425782899137,,,,,,,,,,14.600000381469727,-1.1902236355539286,0.0,PS_006,-6.174295208084218,360.0,0.03644767016235363
16.365191477499696,11.090553733479272,2024-06-06T06:15:00Z,4,4,4,4,4,4,1,4,4,4,-1.17776888503345,0.29934863645562176,,,,,,,,,,14.899999618530275,-1.3741093886476956,0.0,PS_006,-20.958366446241378,360.0,0.5931746189445053
15.533375818668517,11.090854542203155,2024-06-06T06:30:00Z,3,3,3,3,3,3,1,3,3,3,-2.118251316774734,-0.6867436780592516,,,,,,,,,,14.431853917710619,-2.2731561373257145,0.0,PS_006,31.182981524629525,360.00000000000006,0.852733231370635
16.1635696117845,11.088628832848865,2024-06-06T06:45:00Z,4,4,4,4,4,4,1,4,4,4,-0.9371540710804845,0.6490066470107972,,,,,,,,,,14.74214339127484,-1.343261053352978,0.0,PS_006,-48.0381384232001,359.99999999999994,0.9313169489051566
15.377642291215142,11.087317466735838,2024-06-06T07:00:00Z,4,4,4,4,4,4,1,4,4,4,-2.255992302246276,-0.7684155516501008,,,,,,,,,,13.800000190734862,-2.4361548819091707,0.0,PS_006,25.0217569300585,360.0,0.6716457495713458
15.100000381469725,11.086484358900817,2024-06-06T07:15:00Z,3,3,3,3,3,3,1,3,3,3,-1.901874865730789,0.0479650549194153,,,,,,,,,,13.765867267032698,-2.2359083811227314,0.0,PS_006,-3.976850047436023,360.0,0.1030957880486908
14.975414945718729,11.087317466735838,2024-06-06T07:30:00Z,4,4,4,4,4,4,1,4,4,4,-1.939941194768234,-0.17122693511782955,,,,,,,,,,13.375877119984732,-2.425121339024838,0.0,PS_006,5.815518077776803,360.0,0.6626570929104735
14.735952213056045,11.08731746673584,2024-06-06T07:45:00Z,4,4,4,4,4,4,1,4,4,4,-1.8990473027851695,0.058048663214066876,,,,,,,,,,13.306044388345097,-2.283521582918065,0.0,PS_006,-2.691219005033831,360.0,0.5588422556491817
14.596626701389642,11.082847843341053,2024-06-06T08:00:00Z,3,3,3,3,3,3,1,3,3,3,-1.5877227052369978,0.13013146131484518,,,,,,,,,,13.254135588885356,-2.195349001095681,0.0,PS_006,-5.936494866524977,360.00000000000006,1.3081137704943087
13.914373574670128,11.082642220183747,2024-06-06T08:15:00Z,4,4,4,4,4,4,1,4,4,4,-1.98205932269072,-0.23888813343236337,,,,,,,,,,12.968107229269293,-2.4867581835562445,0.0,PS_006,10.352569682262079,360.0,0.9168830375435747
13.8269703147178,11.085051222399967,2024-06-06T08:30:00Z,4,4,4,4,4,4,1,4,4,4,-1.633975379060811,0.0433340502883182,,,,,,,,,,12.586166416766762,-2.1460481673379177,0.0,PS_006,-1.4329104082402715,360.0000000000001,0.35855169811470167
13.829122302489194,11.08276937476417,2024-06-06T08:45:00Z,3,3,3,3,3,3,1,3,3,3,-1.7231332388845526,-0.05619777786756731,,,,,,,,,,12.199999809265138,-2.067128835167685,0.0,PS_006,3.131981569923087,360.0,0.10524913986694459
14.047677151971136,11.081970214843752,2024-06-06T09:00:00Z,4,4,4,4,4,4,1,4,4,4,-1.1213543119475444,0.49316710312324896,,,,,,,,,,12.380295358428608,-1.8025347246945869,0.0,PS_006,-25.24859053549106,360.00000000000006,0.4916372398298196
14.021225336340466,11.080609154277957,2024-06-06T09:15:00Z,4,4,4,4,4,4,1,4,4,4,-1.7110469249753943,-0.16526581684955963,,,,,,,,,,11.865580211388426,-2.230364470852402,0.0,PS_006,7.16893642833578,360.0,-0.008132922155160063
13.499754334849895,11.08197021484375,2024-06-06T09:30:00Z,3,3,3,3,3,3,1,3,3,3,-1.3333088093871426,0.19523481472886642,,,,,,,,,,11.985459631086455,-1.0219715116880486,0.0,PS_006,4.5695848068911955,360.0,0.29445996581145534
13.5,11.079935692730388,2024-06-06T09:45:00Z,4,4,4,4,4,4,1,4,4,4,3.237295447866954,0.5970394256021062,,,,,,,,,,11.733196838159511,4.928310204550635,0.0,PS_006,17.6945884307043,359.99999999999994,0.024348090217126285
13.361094782213712,11.08007160151195,2024-06-06T10:00:00Z,4,4,4,4,4,4,1,4,4,4,20.82380352311049,5.118530411721674,,,,,,,,,,11.487041922270787,23.114976807538913,0.0,PS_006,22.521897053078437,360.00000000000006,0.07872971591070886
14.257417891885066,11.073469446189593,2024-06-06T10:15:00Z,3,3,3,3,3,3,1,3,3,3,51.71558545464627,8.378727721158093,,,,,,,,,,12.157104101163487,75.5776530677635,0.0,PS_006,11.281397303877709,360.0,0.01021376818803775
14.568092648087884,11.07729244232178,2024-06-06T10:30:00Z,4,4,4,4,4,4,1,4,4,4,90.65266870728964,15.008966258145076,,,,,,,,,,13.489541483551113,167.89775875943133,0.0,PS_006,8.967353340182816,360.0,0.09563563689136448
16.377722668798924,11.07423414685688,2024-06-06T10:45:00Z,4,4,4,4,4,4,1,4,4,4,127.23078759924178,24.92326331333907,,,,,,,,,,15.828274043453758,296.64867326689466,0.0,PS_006,8.376643029857293,359.99999999999994,0.02940051920485701
17.63045275892789,11.076478400207135,2024-06-06T11:00:00Z,3,3,3,3,3,3,1,3,3,3,170.8071392821696,37.50330383122061,,,,,,,,,,18.907654149263035,411.85377167040565,0.0,PS_006,9.130839073374272,360.00000000000006,1.1200415835356654
18.727246546229786,11.07729244232178,2024-06-06T11:15:00Z,4,4,4,4,4,4,1,4,4,4,219.92924733125886,47.895660930981855,,,,,,,,,,21.76985174622403,544.2346282079477,0.0,PS_006,8.802896720012837,360.0,0.499595898986348
20.245402699920106,11.07476734223029,2024-06-06T11:30:00Z,4,4,4,4,4,4,1,4,4,4,270.2385107191426,54.350377423729434,,,,,,,,,,25.21563590341338,616.3609169630862,0.0,PS_006,8.812994125686247,360.0,0.6715970033459088
21.36708308626649,11.076114455625198,2024-06-06T11:45:00Z,4,4,4,4,4,4,1,4,4,4,321.2888941583428,43.6288124044568,,,,,,,,,,26.34743199839039,151.85987071568326,0.0,PS_006,60.943822141251154,359.99999999999994,0.9461271524437906
22.100000381469727,11.073480348947003,2024-06-06T12:00:00Z,2,2,2,2,2,2,1,2,2,2,368.51846268796356,46.433528255092995,,,,,,,,,,26.65739321672569,54.56000137329101,0.0,PS_006,84.6872404107177,359.99999999999994,1.7192970794540037
23.450226151689826,11.074374690549304,2024-06-06T12:15:00Z,4,4,4,4,4,4,1,4,4,4,418.47500535693564,55.21278486572849,,,,,,,,,,29.2746278954907,699.772563040204,0.0,PS_006,7.902778728616404,360.00000000000006,2.503867485511111
24.599977960267235,11.075785643384885,2024-06-06T12:30:00Z,3,3,3,3,3,3,1,3,3,3,465.40184379776895,57.930371711674034,,,,,,,,,,29.753655597418103,710.8266566708144,0.0,PS_006,8.162485095940536,360.0,3.1079988123019167
25.29105941776934,11.076564408126005,2024-06-06T12:45:00Z,4,4,4,4,4,4,1,4,4,4,505.4469102883839,59.47128935936404,,,,,,,,,,32.352472917637,713.4714317332334,0.0,PS_006,8.329749324266055,360.0,2.805517259432968
25.973870685560332,11.077292442321777,2024-06-06T13:00:00Z,3,3,3,3,3,3,1,3,3,3,539.1696419499171,59.84449371877666,,,,,,,,,,33.04143506962206,707.6504131269727,0.0,PS_006,8.463215938948618,360.0,3.07088412210538
26.278833987955135,11.07774316704853,2024-06-06T13:15:00Z,4,4,4,4,4,4,1,4,4,4,573.4612663743133,60.355390158445964,,,,,,,,,,31.43677311925494,705.3075886024461,0.0,PS_006,8.562856404583107,359.99999999999994,2.5820025135670717
26.973497573550887,11.076549109101599,2024-06-06T13:30:00Z,4,4,4,4,4,4,1,4,4,4,606.1604427709427,61.05941002685873,,,,,,,,,,32.27964184272892,703.3425607522713,0.0,PS_006,8.681278982669678,360.0,2.685988797930812
27.77001294814254,11.076490859520085,2024-06-06T13:45:00Z,3,3,3,3,3,3,1,3,3,3,634.1932885929922,61.64070887054071,,,,,,,,,,33.40019525113727,703.0714804776118,0.0,PS_006,8.754044203527927,360.00000000000006,2.461962334868909
28.29363941142049,11.075733349173614,2024-06-06T14:00:00Z,4,4,4,4,4,4,1,4,4,4,658.7974454954553,59.99050065417772,,,,,,,,,,34.51062832282037,698.4812474911051,0.0,PS_006,8.584815532694778,360.0,3.8381513813426515
28.78374676791828,11.074366828591533,2024-06-06T14:15:00Z,4,4,4,4,4,4,1,4,4,4,676.7842328364445,57.3490943992334,,,,,,,,,,34.648849044344246,690.4591779047387,0.0,PS_006,8.32513380940059,359.99999999999994,4.471425413238933
28.90806311778558,11.072773806397452,2024-06-06T14:30:00Z,3,3,3,3,3,3,1,3,3,3,690.5725568225437,57.087152342909995,,,,,,,,,,33.82856587136133,688.0768202103135,0.0,PS_006,8.308031705958507,360.00000000000006,3.6887588383848873
28.73581108661044,11.07278297665833,2024-06-06T14:45:00Z,4,4,4,4,4,4,1,4,4,4,703.6097924960914,55.689981315722406,,,,,,,,,,31.480202298914886,687.2140191357586,0.0,PS_006,8.108240318245302,359.99999999999994,3.258785740920372
29.414101081615314,11.074706356552095,2024-06-06T15:00:00Z,4,4,4,4,4,4,1,4,4,4,708.8683416116415,56.010996137286675,,,,,,,,,,33.52608553021671,685.1066707607379,0.0,PS_006,8.179898288056155,360.0,2.3903648204703987
29.359056929669332,11.071946144104002,2024-06-06T15:15:00Z,3,3,3,3,3,3,1,3,3,3,714.495214795961,55.19599430700096,,,,,,,,,,32.445324655552334,686.7355833058264,0.0,PS_006,8.04490602635008,360.0,2.9114979727034767
29.433583958282707,11.071946144104002,2024-06-06T15:30:00Z,4,4,4,4,4,4,1,4,4,4,720.2275175506107,57.08153628706503,,,,,,,,,,32.996145519969424,695.5081900266357,0.0,PS_006,8.190043856826104,360.0,1.4931127162865347
29.88526456338215,11.071099665307162,2024-06-06T15:45:00Z,4,4,4,4,4,4,1,4,4,4,748.326932463869,64.33937887654041,,,,,,,,,,35.56192455447878,732.1459600384203,0.0,PS_006,8.784569158500931,360.0,1.420255861546804
30.02983358307367,11.070809310628325,2024-06-06T16:00:00Z,3,3,3,3,3,3,1,3,3,3,787.6782279472859,71.2843926927533,,,,,,,,,,36.61474582801883,778.0888594818036,0.0,PS_006,9.133105613176925,360.0,2.806454889006997
29.518212321901775,11.070120837250544,2024-06-06T16:15:00Z,4,4,4,4,4,4,1,4,4,4,612.5574154475497,64.78286764761539,,,,,,,,,,35.426842154248774,628.786759330126,0.0,PS_006,10.569707069577863,359.99999999999994,0.9125884380073461
30.319236273118907,11.070748484382795,2024-06-06T16:30:00Z,3,3,3,3,3,3,1,3,3,3,665.5125884594677,68.65263421903654,,,,,,,,,,37.53493918747108,729.8689914234928,0.0,PS_006,9.385421952282508,360.0,2.591808791386337
29.395570964286595,11.069976730561958,2024-06-06T16:45:00Z,4,4,4,4,4,4,1,4,4,4,305.8744451966214,42.67931366821967,,,,,,,,,,34.44358699017485,350.41638605090395,0.0,PS_006,13.53780704609184,359.99999999999994,1.075115879220202
29.64833624093529,11.066598892211912,2024-06-06T17:00:00Z,4,4,4,4,4,4,1,4,4,4,487.4755012781401,52.59128388197875,,,,,,,,,,33.045737288240694,568.0158091926353,0.0,PS_006,10.030236456378244,359.99999999999994,1.9401245053350968
30.09840828673253,11.066598892211914,2024-06-06T17:15:00Z,3,3,3,3,3,3,1,3,3,3,605.0567234748746,61.37626692362223,,,,,,,,,,34.50856855892931,739.2297891375424,0.0,PS_006,8.298983591785941,359.99999999999994,1.8701970191445993
30.154123837035183,11.065944217870925,2024-06-06T17:30:00Z,5,5,5,5,5,5,1,5,5,5,546.1603845211887,57.7326624364248,,,,,,,,,,37.69601621099128,710.2690889442928,0.0,PS_006,8.136229928976253,360.0,2.5038532709731456
30.190133266395755,11.062699807046204,2024-06-06T17:45:00Z,3,3,3,3,3,3,1,3,3,3,502.4265250453099,56.58585289242546,,,,,,,,,,38.44012449779654,695.7076836486291,0.0,PS_006,8.13508986096129,359.99999999999994,1.2444681346322666
30.29999923706054,11.063582721284467,2024-06-06T18:00:00Z,4,4,4,4,4,4,1,4,4,4,460.2024307390785,56.094002917925806,,,,,,,,,,37.86580073101595,694.9779627102048,0.0,PS_006,8.076833212979517,360.0,1.7745060151117382
30.470797098491413,11.061920166015625,2024-06-06T18:15:00Z,4,4,4,4,4,4,1,4,4,4,412.9663529933174,61.11586112310967,,,,,,,,,,39.450286221586744,682.4609295819919,0.0,PS_006,8.946595569338449,360.00000000000006,1.0591641564397403
29.95537570070438,11.061920166015625,2024-06-06T18:30:00Z,3,3,3,3,3,3,1,3,3,3,368.915277731394,50.97675409094768,,,,,,,,,,34.868485832905876,674.4765266431887,0.0,PS_006,7.566222013711157,360.0,1.4677849672844483
30.16724314617819,11.056573867797852,2024-06-06T18:45:00Z,4,4,4,4,4,4,1,4,4,4,313.30210344260513,46.850112757121884,,,,,,,,,,35.164764328122864,642.5165445731978,0.0,PS_006,7.281716342766119,359.99999999999994,1.6206647940472982
29.700000762939453,11.058998621830094,2024-06-06T19:00:00Z,4,4,4,4,4,4,1,4,4,4,261.9970306274602,42.0798887791041,,,,,,,,,,35.69117280192872,603.3951005508676,0.0,PS_006,6.971554208138276,360.0,1.1593182343729034
29.652381379698998,11.052076191088677,2024-06-06T19:15:00Z,3,3,3,3,3,3,1,3,3,3,209.96080164131192,33.658249143656775,,,,,,,,,,35.5887096873257,520.4634799441179,0.0,PS_006,6.4833134367284995,359.99999999999994,1.1768611567403746
29.53795921039491,11.052921759034517,2024-06-06T19:30:00Z,4,4,4,4,4,4,1,4,4,4,159.8716607988021,26.844744081856277,,,,,,,,,,35.15452973049477,386.294929150253,0.0,PS_006,6.950347790706961,360.00000000000006,0.6472064776581107
29.415424740538786,11.055976022982348,2024-06-06T19:45:00Z,4,4,4,4,4,4,1,4,4,4,108.70765683115837,15.534128319119343,,,,,,,,,,33.45939287720612,237.63130942845544,0.0,PS_006,6.494019018248132,360.0,0.35278908215233745
28.56536380878064,11.048440960052172,2024-06-06T20:00:00Z,3,3,3,3,3,3,1,3,3,3,62.6323599304118,6.46860345055662,,,,,,,,,,30.57700685965553,107.62584496930936,0.0,PS_006,6.0863836825676225,360.00000000000006,0.9311130186650927
27.70709938837224,11.050548297165935,2024-06-06T20:15:00Z,4,4,4,4,4,4,1,4,4,4,18.66549441003563,-0.006047802061344048,,,,,,,,,,27.038607616750486,19.78330426531561,0.0,PS_006,-1.830545060213886,360.0,0.7289712639883942
25.404793902805395,11.043089872444174,2024-06-06T20:30:00Z,3,3,3,3,3,3,1,3,3,3,4.802832874765952,-2.257638739229599,,,,,,,,,,23.74691185652167,4.419919175506985,0.0,PS_006,-93.66001073360364,360.0,1.0506320766249206
23.10533102356073,11.047292087365168,2024-06-06T20:45:00Z,4,4,4,4,4,4,1,4,4,4,-2.5386762143941843,-2.1997725976676916,,,,,,,,,,21.70604299701696,-2.930121115356275,0.0,PS_006,81.3915633779048,360.0,1.5548755888182626
22.521892270559878,11.046549797058105,2024-06-06T21:00:00Z,4,4,4,4,4,4,1,4,4,4,-2.6466128771532236,-1.1437147859946548,,,,,,,,,,20.857089553130375,-2.762934821462146,0.0,PS_006,39.09214880525375,360.0,0.929637994793082
22.071543731684017,11.041963366635757,2024-06-06T21:15:00Z,3,3,3,3,3,3,1,3,3,3,-2.3757551207580283,-0.9486645413194625,,,,,,,,,,20.257647316509793,-2.354368380781013,0.0,PS_006,42.71601501675358,360.0,1.4518935931591817
22.808574882605704,11.041202545166016,2024-06-06T21:30:00Z,4,4,4,4,4,4,1,4,4,4,-0.05526446405096925,1.105656003920528,,,,,,,,,,20.990614192827078,-0.5283615944465058,0.0,PS_006,-380.26884253881,360.0,1.3594759190652976
23.20918802374581,11.039846252415282,2024-06-06T21:45:00Z,4,4,4,4,4,4,1,4,4,4,-1.7546240030355877,-0.6065556886305078,,,,,,,,,,21.612897447815552,-2.071715800137528,0.0,PS_006,9.839893572964836,360.0,0.9458753974852495
22.586801825770372,11.039371397610198,2024-06-06T22:00:00Z,3,3,3,3,3,3,1,3,3,3,-1.7907938319479157,-0.9727435830978586,,,,,,,,,,20.669435964698472,-1.863723821860059,0.0,PS_006,41.54136050659441,360.0,0.8964073645379314
21.510640983693836,11.038408491591525,2024-06-06T22:15:00Z,4,4,4,4,4,4,1,4,4,4,-2.049477362277593,-1.1968308902209897,,,,,,,,,,19.610779752943003,-2.0612338222123077,0.0,PS_006,58.09357798357233,360.0,0.0020000000949949026
21.89259625213361,11.036794796251998,2024-06-06T22:30:00Z,3,3,3,3,3,3,1,3,3,3,-0.17597775603603819,-0.6972268852231931,,,,,,,,,,19.675557075932467,-1.1163373198519353,0.0,PS_006,74.71988504176059,360.0,0.6121180224742554
21.333734246726046,11.032962204098588,2024-06-06T22:45:00Z,3,3,3,3,3,3,1,3,3,3,-1.052474910457406,-0.6137517798097133,,,,,,,,,,19.048168742750722,-1.169669290232329,0.0,PS_006,51.78818130769304,359.99999999999994,0.021137468708224617
21.29654813457353,11.035141707132714,2024-06-06T23:00:00Z,4,4,4,4,4,4,1,4,4,4,-1.391041265165548,-0.8239803502488805,,,,,,,,,,19.107002106967077,-1.2487907822077617,0.0,PS_006,66.37722165075066,360.00000000000006,0.03866050012196402
20.799999237060547,11.034950483803241,2024-06-06T23:15:00Z,3,3,3,3,3,3,1,3,3,3,-2.8859219724462846,-1.031870698675705,,,,,,,,,,18.10000038146973,-1.513883448745967,0.0,PS_006,90.41816564561361,360.0,0.03970639700301469
21.428072742303584,11.031177520751951,2024-06-06T23:30:00Z,4,4,4,4,4,4,1,4,4,4,-0.9190698726098254,-0.13807129527763354,,,,,,,,,,18.66334831806642,-1.2859719558874498,0.0,PS_006,12.155341268720726,360.0,0.3625652387138879
21.016705468893225,11.029608545854678,2024-06-06T23:45:00Z,4,4,4,4,4,4,1,4,4,4,-2.0739004549304165,-0.8093653129602887,,,,,,,,,,18.50270696170892,-2.1924289055096624,0.0,PS_006,39.68135732269903,360.0,0.9527551996387904
19.669805018503745,11.026610743130755,2024-06-07T00:00:00Z,3,3,3,3,3,3,1,3,3,3,-3.8249504530800085,-2.210118367555346,,,,,,,,,,16.58757486456824,-2.890311588496156,0.0,PS_006,74.9375083462227,360.0,0.053664771928514945
18.458434267694326,11.024317243226148,2024-06-07T00:15:00Z,4,4,4,4,4,4,1,4,4,4,-2.921732574491379,-1.1432541183112168,,,,,,,,,,15.747201174712325,-2.4190927258847728,0.0,PS_006,46.145168494046395,360.0,0.06751824276547337
17.334576991443683,11.01915661771618,2024-06-07T00:30:00Z,4,4,4,4,4,4,1,4,4,4,-2.7943006376957125,-1.5821171164677565,,,,,,,,,,15.390467086972293,-2.7971245190427685,0.0,PS_006,57.66471337879235,360.0,1.2370955518851017
17.799999237060547,11.02048397064209,2024-06-07T00:45:00Z,3,3,3,3,3,3,1,3,3,3,-1.4952609739926075,0.485647761612383,,,,,,,,,,15.944198833597873,-1.7026746639881836,0.0,PS_006,-34.20243957303381,360.0,1.194100405900258
17.88291987327864,11.02048397064209,2024-06-07T01:00:00Z,4,4,4,4,4,4,1,4,4,4,-1.5785190393413007,-0.3267106339946421,,,,,,,,,,15.751063770464002,-2.3165980429474584,0.0,PS_006,12.651719314800909,360.00000000000006,1.2673604994797223
17.82191520943711,11.016846647556259,2024-06-07T01:15:00Z,4,4,4,4,4,4,1,4,4,4,-1.8429542795864453,-0.4691416250950089,,,,,,,,,,15.198680676296156,-2.3516367492746184,0.0,PS_006,20.203008018552314,360.0,0.5945234620814127
16.651789044852357,11.017207040137428,2024-06-07T01:30:00Z,3,3,3,3,3,3,1,3,3,3,-3.144123756549764,-1.4979812808665949,,,,,,,,,,14.170095008770273,-2.7101480861248413,0.0,PS_006,51.26033844092745,360.0,0.0020000000949949026
17.703147244766203,11.017689220227876,2024-06-07T01:45:00Z,4,4,4,4,4,4,1,4,4,4,-0.6934147948635676,1.1565602012127054,,,,,,,,,,14.720278987980258,-0.7828532771906428,0.0,PS_006,-302.74777702336695,360.00000000000006,0.9849437859474494
17.407440514772784,11.015136718750002,2024-06-07T02:00:00Z,3,3,3,3,3,3,1,3,3,3,-2.755140112440377,-0.9021860070849932,,,,,,,,,,14.699045278584881,-1.943705613548002,0.0,PS_006,40.69849849881001,360.0,0.47516153528848665
16.530529234495283,11.027492057730544,2024-06-07T02:15:00Z,4,4,4,4,4,4,1,4,4,4,-2.2496851760428,-0.4941540718795925,,,,,,,,,,14.216009350079762,-1.584840823715584,0.0,PS_006,35.27102876261855,359.99999999999994,0.9843822716506444
16.662535211981737,11.033745376742498,2024-06-07T02:30:00Z,4,4,4,4,4,4,1,4,4,4,-1.3384490922657095,0.22707599079579682,,,,,,,,,,14.780249426508208,-1.6541620590689738,0.0,PS_006,-71.98223997590638,360.0,1.142171747405813
17.34251094308126,11.03185982985498,2024-06-07T02:45:00Z,3,3,3,3,3,3,1,3,3,3,-1.9242919236895988,0.18195899682543767,,,,,,,,,,15.670833389872385,-1.9820146681443367,0.0,PS_006,-18.661676185900365,360.00000000000006,1.2519999742507935
16.99229069530822,11.028892421989877,2024-06-07T03:00:00Z,4,4,4,4,4,4,1,4,4,4,-2.237605118895157,-0.42909341699327397,,,,,,,,,,14.899999618530275,-2.3195841584080186,0.0,PS_006,17.781915233249855,360.0,0.8892416224616011
16.49495761801891,11.031177520751953,2024-06-07T03:15:00Z,4,4,4,4,4,4,1,4,4,4,-2.179800216198496,-0.8266991230344409,,,,,,,,,,14.28322358650672,-2.592762138577301,0.0,PS_006,31.008253775037375,360.0,0.9043115843433261
16.3461969507103,11.030173157487221,2024-06-07T03:30:00Z,3,3,3,3,3,3,1,3,3,3,-1.8920743799276105,-1.1195944911089903,,,,,,,,,,13.551272974973008,-2.421729601304457,0.0,PS_006,37.162092870843104,359.99999999999994,0.5975243180092612
16.123709033414737,11.026606876807785,2024-06-07T03:45:00Z,4,4,4,4,4,4,1,4,4,4,-1.7087553832325029,0.26721917757094005,,,,,,,,,,13.957873012499943,-1.7783014638251535,0.0,PS_006,-18.267857495207885,360.0,1.2862003332765315
15.48654179477175,11.025830268859862,2024-06-07T04:00:00Z,3,3,3,3,3,3,1,3,3,3,-2.2688541844972154,-0.5558012003830376,,,,,,,,,,13.851925529492972,-2.3768048965953836,0.0,PS_006,17.944874448470433,360.0,1.1253221738679742
15.801959344264453,11.025830268859863,2024-06-07T04:15:00Z,4,4,4,4,4,4,1,4,4,4,-1.5911922749870206,0.28303014315572517,,,,,,,,,,14.100000381469725,-1.7812573701646688,0.0,PS_006,-14.86289983301958,359.99999999999994,1.5730378436924841
15.146518341827266,11.025830268859862,2024-06-07T04:30:00Z,4,4,4,4,4,4,1,4,4,4,-1.8099827135165751,-0.30184347891413393,,,,,,,,,,13.846518298969391,-2.1132107787372822,0.0,PS_006,12.8934639040785,360.0,1.7225764418363765
15.298851201630068,11.024027698939012,2024-06-07T04:45:00Z,3,3,3,3,3,3,1,3,3,3,-1.5700338806340075,-0.10710461917720443,,,,,,,,,,14.05236342805934,-1.8148609282479582,0.0,PS_006,5.982602455453285,360.0,2.342300674604665
15.211814177239852,11.020483970642088,2024-06-07T05:00:00Z,4,4,4,4,4,4,1,4,4,4,-1.642981585413009,0.1289056684476878,,,,,,,,,,13.936913414873919,-1.8917114870708058,0.0,PS_006,-2.7051973833120018,360.0,1.3053675420394795
14.81754808431206,11.019781015428748,2024-06-07T05:15:00Z,4,4,4,4,4,4,1,4,4,4,-2.003325815782814,-0.6779834645994246,,,,,,,,,,13.307901831084056,-2.482930001028873,0.0,PS_006,23.320410284907183,360.0,1.0961735954779501
14.55214549588388,11.01513671875,2024-06-07T05:30:00Z,3,3,3,3,3,3,1,3,3,3,-1.9003317118554963,-0.08084648018007565,,,,,,,,,,12.968096793651597,-2.0814329614511844,0.0,PS_006,3.513947056007988,360.00000000000006,1.16571513880026
14.11959832111662,11.017608322778745,2024-06-07T05:45:00Z,4,4,4,4,4,4,1,4,4,4,-1.8119883733678517,-0.2748296365630015,,,,,,,,,,12.999999999999998,-2.0327123718067717,0.0,PS_006,11.355744012678706,359.99999999999994,1.2584265305552607
14.04759736821769,11.015136718749998,2024-06-07T06:00:00Z,4,4,4,4,4,4,1,4,4,4,-1.8141611832424622,-0.17789853317052373,,,,,,,,,,12.831731719110703,-2.0965813699287814,0.0,PS_006,9.400954506092518,359.99999999999994,0.877223666740629
14.235980871253554,11.012255806890627,2024-06-07T06:15:00Z,3,3,3,3,3,3,1,3,3,3,-1.7181924305110436,0.22692204547302416,,,,,,,,,,12.748818888473634,-1.8821215019784867,0.0,PS_006,-13.178660206320625,360.00000000000006,0.694000005722046
14.164653153838449,11.013488180721973,2024-06-07T06:30:00Z,4,4,4,4,4,4,1,4,4,4,-1.7881869594170259,-0.4338785822429897,,,,,,,,,,12.484316429834527,-2.413479503512425,0.0,PS_006,10.569139157850747,360.00000000000006,0.7130200584020646
13.55091466152214,11.010459899902344,2024-06-07T06:45:00Z,3,3,3,3,3,3,1,3,3,3,-2.1422888061607606,-0.7458231843725306,,,,,,,,,,11.513979454679577,-2.37731651887237,0.0,PS_006,29.926516760954936,359.99999999999994,0.7286891169481735
13.476626937452986,11.010459899902342,2024-06-07T07:00:00Z,4,4,4,4,4,4,1,4,4,4,-1.4181800078777314,0.14322663597186494,,,,,,,,,,11.8287724810344,-1.7662483208947513,0.0,PS_006,-10.904961309571076,360.00000000000006,0.8672638714972214
12.909201722694052,11.010459899902344,2024-06-07T07:15:00Z,4,4,4,4,4,4,1,4,4,4,-1.8384059198737168,-0.19522700744005528,,,,,,,,,,11.7910109270442,-1.9255268109186208,0.0,PS_006,9.597741443049287,360.0,1.3236379423668334
12.701292265962133,11.009675047459007,2024-06-07T07:30:00Z,3,3,3,3,3,3,1,3,3,3,-1.636143484866816,-0.09174988173200158,,,,,,,,,,11.610641225349278,-1.921374987484338,0.0,PS_006,3.4616017289784913,360.0,0.8749881441684707
12.226487237763473,11.008126630794012,2024-06-07T07:45:00Z,4,4,4,4,4,4,1,4,4,4,-2.4773273914166443,-0.6299890876039728,,,,,,,,,,10.77063588944988,-1.9748335115790725,0.0,PS_006,29.04725758543267,360.00000000000006,0.013473477427358672
12.520689893734785,11.007552917079671,2024-06-07T08:00:00Z,4,4,4,4,4,4,1,4,4,4,-1.0060402752920616,0.3911601646665787,,,,,,,,,,11.145577627320408,-1.4452007484559894,0.0,PS_006,-24.291292775343692,360.0,0.7913185399855119
13.163607520565364,11.004254412426494,2024-06-07T08:15:00Z,3,3,3,3,3,3,1,3,3,3,-1.1914382979562421,0.3495788774336982,,,,,,,,,,11.100000381469727,-1.8557537110601778,0.0,PS_006,-21.49872759060384,359.99999999999994,-0.01600000075995922
12.887084194063384,11.005112648010252,2024-06-07T08:30:00Z,4,4,4,4,4,4,1,4,4,4,-1.5107680681300575,-0.04656067166561125,,,,,,,,,,10.8825296658808,-2.1857854659669016,0.0,PS_006,2.7456648873967304,360.0,-0.0007705180930467317
13.13578634800932,11.002312423240324,2024-06-07T08:45:00Z,4,4,4,4,4,4,1,4,4,4,-1.193617754014002,0.33541881440167054,,,,,,,,,,10.921779117102886,-1.698795418872298,0.0,PS_006,-17.2144259025583,360.00000000000006,0.0735377084939682
12.434521592034816,11.00293027617584,2024-06-07T09:00:00Z,3,3,3,3,3,3,1,3,3,3,-1.755685367080432,-0.3971122832253367,,,,,,,,,,11.06482471595496,-2.5003025173440334,0.0,PS_006,13.126125740795905,360.0,0.8010081483038392
12.183556972028157,10.999766349792482,2024-06-07T09:15:00Z,4,4,4,4,4,4,1,4,4,4,-1.3293721262165057,0.11365799345421923,,,,,,,,,,11.002405775189622,-1.9268639163140027,0.0,PS_006,-7.009203062949074,360.00000000000006,0.8425376742625776
12.354391070005404,10.999766349792482,2024-06-07T09:30:00Z,3,3,3,3,3,3,1,3,3,3,-1.3742864572918174,-0.21976303572656097,,,,,,,,,,11.005293283466086,-1.4891984918578418,0.0,PS_006,13.4575306807021,360.0,-0.0009459111406947248
12.052768075979483,10.995656522400806,2024-06-07T09:45:00Z,4,4,4,4,4,4,1,4,4,4,2.5124538462241137,0.5823137058153364,,,,,,,,,,10.336478014555567,3.5328818237342334,0.0,PS_006,33.388202512181934,359.99999999999994,0.02323405706864857
12.567567178387812,10.996439690034892,2024-06-07T10:00:00Z,4,4,4,4,4,4,1,4,4,4,19.893109275526697,5.382581311034895,,,,,,,,,,10.640436744246475,21.589269725057814,0.0,PS_006,25.050788284835615,360.0,0.044079958463998065
13.214047138479872,10.995087623596191,2024-06-07T10:15:00Z,3,3,3,3,3,3,1,3,3,3,49.10711673203511,9.582458458080165,,,,,,,,,,11.442372859598292,76.36823923723946,0.0,PS_006,12.852247199814002,359.99999999999994,0.756770391542945
14.306115715198143,10.994253618610463,2024-06-07T10:30:00Z,4,4,4,4,4,4,1,4,4,4,88.9102673149108,13.913712932561403,,,,,,,,,,13.092481085862628,166.65590535315815,0.0,PS_006,8.386671251557772,360.00000000000006,0.42077643768192297
15.60385574063268,10.994450423697522,2024-06-07T10:45:00Z,4,4,4,4,4,4,1,4,4,4,133.0143152851673,25.168523537217308,,,,,,,,,,14.7240834751968,295.4403383103157,0.0,PS_006,8.518580385092916,359.99999999999994,0.029434885828537764
17.10057508046367,10.99309889955472,2024-06-07T11:00:00Z,3,3,3,3,3,3,1,3,3,3,178.0808530043224,37.985558664391554,,,,,,,,,,16.831954384828656,425.7083819281285,0.0,PS_006,8.90686416719028,360.0,0.185175471538333
18.571887441208155,10.993171256458027,2024-06-07T11:15:00Z,4,4,4,4,4,4,1,4,4,4,221.53490805889197,45.18353360591589,,,,,,,,,,20.433134696627228,542.7267024749001,0.0,PS_006,8.318470187051181,360.0,0.6602039630641732
20.25554564573437,10.989740371704102,2024-06-07T11:30:00Z,3,3,3,3,3,3,1,3,3,3,265.01423778497656,47.73549992690482,,,,,,,,,,22.946996901114886,605.1519657754145,0.0,PS_006,7.892906660355258,360.00000000000006,0.1548737438605653
21.556174214362816,10.9897403717041,2024-06-07T11:45:00Z,4,4,4,4,4,4,1,4,4,4,318.8072725016255,52.426818464648264,,,,,,,,,,26.19620635666329,654.6478194742057,0.0,PS_006,8.00352664309959,360.0,0.055963940738001615
22.438948964694347,10.989740371704102,2024-06-07T12:00:00Z,4,4,4,4,4,4,1,4,4,4,369.73547238118283,54.86881544012895,,,,,,,,,,28.784278883827685,681.513594010177,0.0,PS_006,8.054894105036032,360.00000000000006,1.1502629658740018
23.45290293844795,10.9897403717041,2024-06-07T12:15:00Z,3,3,3,3,3,3,1,3,3,3,417.1068747485888,56.94283534817438,,,,,,,,,,29.195220890234182,699.2837650255309,0.0,PS_006,8.145721434314591,360.0,0.9925170393278526
24.095796341918426,10.988886779226688,2024-06-07T12:30:00Z,4,4,4,4,4,4,1,4,4,4,463.19738669229037,58.48585692070707,,,,,,,,,,29.139567000700968,709.8280241943545,0.0,PS_006,8.247751925563552,359.99999999999994,1.9715900632584966
24.92542615157322,10.987505147932403,2024-06-07T12:45:00Z,4,4,4,4,4,4,1,4,4,4,504.878704220958,59.07739340846282,,,,,,,,,,29.410109294278687,712.4891945364853,0.0,PS_006,8.291231277541165,359.99999999999994,1.2928279126636582
25.9569211375249,10.984394073486328,2024-06-07T13:00:00Z,3,3,3,3,3,3,1,3,3,3,543.1347722865605,60.91371374742259,,,,,,,,,,30.782868919596854,712.1667954105939,0.0,PS_006,8.554472318864812,359.99999999999994,2.142017886707373
26.97973072344494,10.98302962075062,2024-06-07T13:15:00Z,4,4,4,4,4,4,1,4,4,4,578.5294267994751,61.492328576128614,,,,,,,,,,32.03776064428277,711.0623399612643,0.0,PS_006,8.65235977875078,360.0,2.6172808386737083
27.627143815114326,10.984394073486328,2024-06-07T13:30:00Z,4,4,4,4,4,4,1,4,4,4,609.9490281909722,61.74675114968987,,,,,,,,,,34.24210879493365,708.6365657549449,0.0,PS_006,8.717830234387476,360.0,2.303676892948379
28.045813959653625,10.98354917085926,2024-06-07T13:45:00Z,3,3,3,3,3,3,1,3,3,3,623.5685155929809,59.89414097775884,,,,,,,,,,32.62886900369381,698.1723260701746,0.0,PS_006,8.585744535422181,360.0,3.216740501786159
28.46354754380665,10.984394073486328,2024-06-07T14:00:00Z,4,4,4,4,4,4,1,4,4,4,654.6592430802465,60.280201491351995,,,,,,,,,,32.7844756028371,694.7961502709027,0.0,PS_006,8.676683955436092,359.99999999999994,1.5090363507060434
28.899999618530273,10.979716300964354,2024-06-07T14:15:00Z,4,4,4,4,4,4,1,4,4,4,674.7535781590057,58.098002277380694,,,,,,,,,,35.008596273153806,690.0075762423502,0.0,PS_006,8.41688619135936,359.99999999999994,2.9108199228247895
29.147655935031583,10.979716300964355,2024-06-07T14:30:00Z,3,3,3,3,3,3,1,3,3,3,688.6780873506654,56.083210127927124,,,,,,,,,,32.91682638593322,683.5801969830777,0.0,PS_006,8.20553509149165,360.0,2.562242174534271
29.309989762949403,10.978933938468693,2024-06-07T14:45:00Z,4,4,4,4,4,4,1,4,4,4,701.7169280333165,56.864431027064356,,,,,,,,,,32.98163661063163,686.6652736335701,0.0,PS_006,8.270828819520194,360.0,3.1959079357858453
29.538844964817073,10.978677921094604,2024-06-07T15:00:00Z,3,3,3,3,3,3,1,3,3,3,707.5526419304568,55.24480191345726,,,,,,,,,,32.365856526464505,682.1845740056735,0.0,PS_006,8.115654600158686,360.0,3.106544641887497
29.26055915568937,10.97437000274658,2024-06-07T15:15:00Z,4,4,4,4,4,4,1,4,4,4,706.9372655162413,54.535773570441584,,,,,,,,,,31.533497745904814,680.0924659787491,0.0,PS_006,8.043134541722619,359.99999999999994,3.5552365798170813
29.765666966064867,10.97211277109609,2024-06-07T15:30:00Z,4,4,4,4,4,4,1,4,4,4,708.0967533586819,54.67461443313231,,,,,,,,,,32.60689218730709,684.7535885414231,0.0,PS_006,7.98578613781433,360.0,2.844242209901689
29.886925352476077,10.9697809780195,2024-06-07T15:45:00Z,3,3,3,3,3,3,1,3,3,3,703.7180731551935,55.854248821967005,,,,,,,,,,35.531582705853175,687.3717700364806,0.0,PS_006,8.149631748970268,360.0,1.4204817118126478
29.780509406225047,10.970564375249033,2024-06-07T16:00:00Z,4,4,4,4,4,4,1,4,4,4,695.0251694150327,55.32265470242734,,,,,,,,,,35.973519376996826,692.0806129652149,0.0,PS_006,7.991780515095395,360.00000000000006,1.6257644311356783
29.890442141458923,10.969022750854492,2024-06-07T16:15:00Z,4,4,4,4,4,4,1,4,4,4,675.7635993288958,55.08681094177446,,,,,,,,,,35.16807061201395,688.7502434982047,0.0,PS_006,8.01252067825484,360.0,2.100147230727133
30.33101608245358,10.964344024658203,2024-06-07T16:30:00Z,3,3,3,3,3,3,1,3,3,3,662.291373731475,54.51231799726399,,,,,,,,,,35.889481774113804,700.5110918024504,0.0,PS_006,7.802060243019228,359.99999999999994,2.2638020888120374
30.267135592448142,10.964344024658203,2024-06-07T16:45:00Z,4,4,4,4,4,4,1,4,4,4,644.688270370962,57.396943600251426,,,,,,,,,,35.266426798362275,706.054943202302,0.0,PS_006,8.124619537746275,360.0,1.4749766741975843
30.51642110446549,10.959638863536194,2024-06-07T17:00:00Z,4,4,4,4,4,4,1,4,4,4,613.6121989035254,58.01113511642704,,,,,,,,,,35.259034589719576,705.2108360510889,0.0,PS_006,8.217048942411498,360.0,2.6211465575340194
30.605253422597585,10.95899772644043,2024-06-07T17:15:00Z,3,3,3,3,3,3,1,3,3,3,592.6994536598336,58.30673579760644,,,,,,,,,,37.866865091292674,724.8287534254315,0.0,PS_006,8.047932237444469,360.0,2.1149040905986034
30.701948068700297,10.956956065109607,2024-06-07T17:30:00Z,4,4,4,4,4,4,1,4,4,4,558.4324707170229,58.60069684056013,,,,,,,,,,38.5,716.419583016404,0.0,PS_006,8.173103115334433,360.0,2.425597430863144
31.586239288692685,10.955770427301095,2024-06-07T17:45:00Z,4,4,4,4,4,4,1,4,4,4,499.8702796689866,54.6764974101822,,,,,,,,,,39.34599022743002,692.0409649944422,0.0,PS_006,7.913873251752083,360.0,0.7732246974272702
30.466420822969578,10.949945597338305,2024-06-07T18:00:00Z,3,3,3,3,3,3,1,3,3,3,461.0601652293238,54.74333752174926,,,,,,,,,,35.60649145056159,684.8677762964544,0.0,PS_006,8.000390594708104,360.0,2.939998008746251
30.982406681895174,10.948972702026367,2024-06-07T18:15:00Z,4,4,4,4,4,4,1,4,4,4,414.17207743461597,59.179069067160896,,,,,,,,,,35.22891369818298,678.1791306373863,0.0,PS_006,8.719986342748596,359.99999999999994,1.4382694118911648
30.500000000000004,10.944552593286124,2024-06-07T18:30:00Z,3,3,3,3,3,3,1,3,3,3,387.20335124167536,54.83911781530275,,,,,,,,,,37.055538222833775,680.6729472279422,0.0,PS_006,8.068350379269845,360.0,1.221320643984549
30.486273277137517,10.94536975083135,2024-06-07T18:45:00Z,4,4,4,4,4,4,1,4,4,4,320.27108502973624,47.39008185941734,,,,,,,,,,37.546901766251636,634.7346756272761,0.0,PS_006,7.458655628026541,360.00000000000006,1.3495178461364756
30.40119680212345,10.941884590677857,2024-06-07T19:00:00Z,4,4,4,4,4,4,1,4,4,4,280.6258300532367,43.42486091174716,,,,,,,,,,38.01025557679716,604.6553883337377,0.0,PS_006,7.179841946059529,360.00000000000006,1.2353026265785385
30.62439689584801,10.939149545677408,2024-06-07T19:15:00Z,3,3,3,3,3,3,1,3,3,3,236.12735404944436,36.15832618569557,,,,,,,,,,37.33083643074176,545.0173360493021,0.0,PS_006,6.621661961029374,359.99999999999994,0.2938612573830291
29.869671734873602,10.938279151916502,2024-06-07T19:30:00Z,4,4,4,4,4,4,1,4,4,4,183.94769239279597,29.580786982653127,,,,,,,,,,35.107089816648276,414.1343271961022,0.0,PS_006,7.1284219161443145,360.00000000000006,1.4500032427453369
29.536839427160906,10.932932853698732,2024-06-07T19:45:00Z,4,4,4,4,4,4,1,4,4,4,124.22546696989428,17.192216690444234,,,,,,,,,,32.40338204112904,272.9973874673733,0.0,PS_006,6.258736757457314,360.0,0.413622697107211
28.689335362490123,10.93293285369873,2024-06-07T20:00:00Z,3,3,3,3,3,3,1,3,3,3,57.88791862908117,5.001168551087534,,,,,,,,,,29.659546758919834,108.89399261313883,0.0,PS_006,4.487028135025115,359.99999999999994,1.1853670845044237
27.507281669505716,10.930146141620241,2024-06-07T20:15:00Z,4,4,4,4,4,4,1,4,4,4,28.481930204022284,1.8408590687877764,,,,,,,,,,26.95296488599624,46.22763461084493,0.0,PS_006,4.076783895346701,360.0,1.0946898766413335
26.006114399228373,10.927570722978805,2024-06-07T20:30:00Z,4,4,4,4,4,4,1,4,4,4,5.83151686061021,-1.132758733630329,,,,,,,,,,24.588000974527255,6.303866985457831,0.0,PS_006,14.37511353837294,360.0,1.0670945836153403
24.541355608862155,10.92655721858341,2024-06-07T20:45:00Z,3,3,3,3,3,3,1,3,3,3,-1.7442767477597882,-1.8542747239420134,,,,,,,,,,22.718882584985405,-2.625850397005623,0.0,PS_006,69.15268244263083,359.99999999999994,1.1678361720261674
23.71130646270584,10.922906875610352,2024-06-07T21:00:00Z,4,4,4,4,4,4,1,4,4,4,-2.662310892020799,-1.2111798408448369,,,,,,,,,,22.061890422569526,-3.007332631203631,0.0,PS_006,41.41250428466136,359.99999999999994,2.336656942320778
23.799999237060543,10.91970151780714,2024-06-07T21:15:00Z,4,4,4,4,4,4,1,4,4,4,-2.1785086957702253,-0.23058755477883933,,,,,,,,,,22.464079440424367,-2.3018786699246534,0.0,PS_006,10.233908243889706,360.0,2.8074506445506557
23.450445945603267,10.917560577392576,2024-06-07T21:30:00Z,3,3,3,3,3,3,1,3,3,3,-3.0103593970482945,-1.3052478319199468,,,,,,,,,,21.68955487540371,-3.3340081795414878,0.0,PS_006,35.365319499242986,360.0,2.486694640491118
22.442705983695376,10.917560577392578,2024-06-07T21:45:00Z,4,4,4,4,4,4,1,4,4,4,-3.5626049812186924,-1.7140589946435716,,,,,,,,,,20.379288996829338,-3.7892954027094103,0.0,PS_006,44.002109079333984,360.0,0.29770504885800153
22.285130910985345,10.913957464238182,2024-06-07T22:00:00Z,3,3,3,3,3,3,1,3,3,3,-2.031901544824014,-0.7232124974878017,,,,,,,,,,19.919098167812407,-2.445967438524594,0.0,PS_006,28.42517642235987,360.0,0.8053610063796109
21.958492920102007,10.912882804870604,2024-06-07T22:15:00Z,4,4,4,4,4,4,1,4,4,4,-1.9607706731950811,-0.429821927069941,,,,,,,,,,19.705155617120504,-2.282040529247066,0.0,PS_006,16.92246960857419,359.99999999999994,1.0294386629152383
21.31573015917294,10.912092046556504,2024-06-07T22:30:00Z,4,4,4,4,4,4,1,4,4,4,-2.597508241279192,-0.9756242625353287,,,,,,,,,,19.683129386540763,-3.090878668606407,0.0,PS_006,35.16216070211324,360.0,0.7352863880373103
20.799999237060547,10.910893211136148,2024-06-07T22:45:00Z,3,3,3,3,3,3,1,3,3,3,-2.4094433885167836,-0.8796580688801405,,,,,,,,,,18.688966287077086,-3.199579705314699,0.0,PS_006,30.223728688426686,360.0,0.5874952087011919
20.583054219500166,10.90753650665283,2024-06-07T23:00:00Z,4,4,4,4,4,4,1,4,4,4,-2.308838973162623,-1.3394660089180161,,,,,,,,,,18.00496077772014,-2.659426107543635,0.0,PS_006,53.06619056817292,360.0,0.42237745820496136
20.663489618149853,10.903020329750843,2024-06-07T23:15:00Z,4,4,4,4,4,4,1,4,4,4,-1.529027372603428,-0.6509122447976712,,,,,,,,,,17.69425494248638,-0.36902910743739537,0.0,PS_006,122.85040876416095,360.0,0.4820801844099734
20.331008781180028,10.902189254760742,2024-06-07T23:30:00Z,3,3,3,3,3,3,1,3,3,3,-1.7664940410844585,-0.8504682047635966,,,,,,,,,,17.548908464908678,-1.5068116334765358,0.0,PS_006,53.05091105859923,360.0,0.026726818556563964
20.037590573261486,10.898096783388215,2024-06-07T23:45:00Z,4,4,4,4,4,4,1,4,4,4,-1.5197841111180754,-1.1113615326129984,,,,,,,,,,16.939954896405485,-1.6752076876998678,0.0,PS_006,68.67209832204257,360.0,0.619054980144624
19.564126174431408,10.897510528564453,2024-06-08T00:00:00Z,3,3,3,3,3,3,1,3,3,3,-1.8532034567695992,-0.9458377964617163,,,,,,,,,,16.75892991400678,-0.8848107216189846,0.0,PS_006,143.72900766690208,360.0,1.6497404720069184
19.39999961853027,10.892164230346678,2024-06-08T00:15:00Z,3,3,3,3,3,3,1,3,3,3,-2.0478015596224575,-0.7791946591436864,,,,,,,,,,16.373265382531873,-0.2239149909213502,0.0,PS_006,344.4440872237393,359.99999999999994,0.5292314187862688
18.214057190265333,10.892164230346678,2024-06-08T00:30:00Z,3,3,3,3,3,3,1,3,3,3,-3.283104612520812,-1.7764119121259412,,,,,,,,,,15.503784083373983,-2.5753221483663133,0.0,PS_006,74.35276442155943,359.99999999999994,0.5947013818855003
16.81666159188968,10.887671050613774,2024-06-08T00:45:00Z,4,4,4,4,4,4,1,4,4,4,-2.5064813706634883,-1.255961195693557,,,,,,,,,,14.88123879818005,-2.3557770469430706,0.0,PS_006,42.31794341299291,359.99999999999994,1.0476488010351737
17.763952927103876,10.886816978454588,2024-06-08T01:00:00Z,3,3,3,3,3,3,1,3,3,3,-1.1952438644609442,0.17639450377799223,,,,,,,,,,15.623495084803405,-1.8154103284407388,0.0,PS_006,-11.978002910126838,360.0,1.1451705000107835
17.651616929405403,10.882784378003828,2024-06-08T01:15:00Z,4,4,4,4,4,4,1,4,4,4,-1.6456088566016884,-0.6412296110179402,,,,,,,,,,14.941323785285366,-2.22813170000517,0.0,PS_006,25.08326081015633,359.99999999999994,0.7804380110701498
17.251113239932046,10.881497036754691,2024-06-08T01:30:00Z,4,4,4,4,4,4,1,4,4,4,-2.203568946131049,-0.39034721772776915,,,,,,,,,,15.055042488243759,-2.1821974793232033,0.0,PS_006,14.574668204497454,360.0,0.781608383694694
16.259402077476963,10.876792907714846,2024-06-08T01:45:00Z,3,3,3,3,3,3,1,3,3,3,-1.9723822116476843,-0.37237607328216477,,,,,,,,,,15.04467918753114,-2.124563726410039,0.0,PS_006,13.401187688457933,360.0,1.8109915590045633
16.4681124213649,10.874377668898083,2024-06-08T02:00:00Z,4,4,4,4,4,4,1,4,4,4,-1.7677425210585656,-0.1528654826668853,,,,,,,,,,14.988969577210156,-2.0729142225080963,0.0,PS_006,4.443495908144842,360.0,1.1325537789977569
16.530710524116277,10.871446609497069,2024-06-08T02:15:00Z,3,3,3,3,3,3,1,3,3,3,-1.994033145095992,-0.14151320562385436,,,,,,,,,,14.899999618530273,-2.1621311761047166,0.0,PS_006,4.7826018026281805,359.99999999999994,1.2254935855811022
14.751444268589383,10.866099357604979,2024-06-08T02:30:00Z,4,4,4,4,4,4,1,4,4,4,-3.7211389006199957,-1.8499136525513233,,,,,,,,,,13.166866777637678,-3.4313583887403265,0.0,PS_006,56.29597745697515,359.99999999999994,0.02149315360370879
14.808858014411166,10.865468323990502,2024-06-08T02:45:00Z,4,4,4,4,4,4,1,4,4,4,-1.4773866665999058,-0.09309656404108876,,,,,,,,,,12.784490789389876,-1.7082622453611436,0.0,PS_006,5.999438196076452,360.0,0.7903047946104615
14.8878950192309,10.861420631408691,2024-06-08T03:00:00Z,3,3,3,3,3,3,1,3,3,3,-1.6085545405561885,0.18007890915050756,,,,,,,,,,13.55565348890294,-1.7449669645653785,0.0,PS_006,-10.338238496907165,359.99999999999994,0.8032535346817431
14.495070962064423,10.856779868756542,2024-06-08T03:15:00Z,4,4,4,4,4,4,1,4,4,4,-2.257064420832614,-0.7182007230600209,,,,,,,,,,12.265983368064742,-2.4379473935231797,0.0,PS_006,21.946249204626657,359.99999999999994,0.3496746724484256
14.96256686340602,10.855391410239774,2024-06-08T03:30:00Z,4,4,4,4,4,4,1,4,4,4,-1.1389530293317391,0.3204322375192053,,,,,,,,,,12.824171611419125,-1.4512643689856504,0.0,PS_006,-35.00329753040726,360.00000000000006,0.8525936584984035
15.09643389444773,10.851611924433668,2024-06-08T03:45:00Z,3,3,3,3,3,3,1,3,3,3,-1.3447176638841514,0.6072897798940803,,,,,,,,,,13.346076753602617,-1.6011983337631686,0.0,PS_006,-30.939525201895282,360.0,1.3907817294730365
14.602477284083236,10.849992624099508,2024-06-08T04:00:00Z,4,4,4,4,4,4,1,4,4,4,-2.5517127453638526,-1.2178894399219953,,,,,,,,,,12.574057510742845,-2.8920319861417476,0.0,PS_006,38.89190078045698,360.00000000000006,0.14390834206129716
14.361504955748131,10.844775126323086,2024-06-08T04:15:00Z,4,4,4,4,4,4,1,4,4,4,-1.8472066691847178,-0.3230601079919439,,,,,,,,,,12.333003574818939,-2.0083698138684425,0.0,PS_006,12.612669212483434,359.99999999999994,0.1749083992686761
13.800000190734863,10.84070301055908,2024-06-08T04:30:00Z,3,3,3,3,3,3,1,3,3,3,-1.96415501958812,-0.4276477819031714,,,,,,,,,,11.899999618530273,-2.182174595819752,0.0,PS_006,23.33573753864035,360.0,0.7855631900221519
13.591290231756869,10.83535671234131,2024-06-08T04:45:00Z,4,4,4,4,4,4,1,4,4,4,-1.3675008288627868,0.29373835281220434,,,,,,,,,,12.104592644112502,-1.4595297620740935,0.0,PS_006,-21.72999787620561,360.0,1.0791321539903636
13.765154128105726,10.83323608468483,2024-06-08T05:00:00Z,4,4,4,4,4,4,1,4,4,4,-1.9689743892122984,-0.3461046257234165,,,,,,,,,,11.925065091979612,-2.1708529679856636,0.0,PS_006,13.52165267751829,359.99999999999994,0.2053110893672462
13.043570966546122,10.829759458193841,2024-06-08T05:15:00Z,3,3,3,3,3,3,1,3,3,3,-2.0086872983996105,-0.4239097488108594,,,,,,,,,,11.065645109878988,-1.905289324880433,0.0,PS_006,23.007886695512358,360.0,-0.008986647049697087
13.62074643827278,10.823439828326661,2024-06-08T05:30:00Z,4,4,4,4,4,4,1,4,4,4,-0.9181098361398063,0.0035473621458546323,,,,,,,,,,11.506105210742897,-1.4060225661481829,0.0,PS_006,-3.201747483795022,359.99999999999994,0.5283222278278257
13.267202282951027,10.819863523599937,2024-06-08T05:45:00Z,3,3,3,3,3,3,1,3,3,3,-1.1815694329246762,0.2844285447690003,,,,,,,,,,11.865315460504503,-1.4553759459223026,0.0,PS_006,-17.035367928769578,360.0,1.0678297443897704
13.7488222892788,10.814982333469601,2024-06-08T06:00:00Z,4,4,4,4,4,4,1,4,4,4,-0.9110429115715369,0.7227850965609217,,,,,,,,,,12.19169745192083,-1.3538310029795222,0.0,PS_006,-58.84974444257073,360.0,1.2911250635545506
13.68401976590339,10.80918432938267,2024-06-08T06:15:00Z,4,4,4,4,4,4,1,4,4,4,-1.887189684875338,-0.3626091488736434,,,,,,,,,,11.829965082364904,-2.2146561325235545,0.0,PS_006,14.72309091324564,360.0,0.3970300182985838
13.095916604966348,10.80461311340332,2024-06-08T06:30:00Z,3,3,3,3,3,3,1,3,3,3,-1.6526063850352342,-0.3611265252448872,,,,,,,,,,11.182392133569815,-1.9201834097832353,0.0,PS_006,10.820036331151314,360.0,0.8677555563036611
13.891816447721105,10.797370151907696,2024-06-08T06:45:00Z,4,4,4,4,4,4,1,4,4,4,-1.122407735506559,0.6339445062337424,,,,,,,,,,12.296028155353655,-1.5877863164777153,0.0,PS_006,-46.366351776055595,360.00000000000006,0.9578310210791237
13.829580462632844,10.791507430722323,2024-06-08T07:00:00Z,4,4,4,4,4,4,1,4,4,4,-1.7692831697190659,-0.3189700942904619,,,,,,,,,,11.702570877826151,-2.2515711565971914,0.0,PS_006,5.017250416435095,360.00000000000006,0.811099943110675
12.445139400942136,10.789240837097166,2024-06-08T07:15:00Z,3,3,3,3,3,3,1,3,3,3,-3.012142231047365,-0.740294250710772,,,,,,,,,,10.17523330432436,-2.505917386136761,0.0,PS_006,36.75186704477186,359.99999999999994,-0.01600000075995922
12.62795870797634,10.783146258838897,2024-06-08T07:30:00Z,4,4,4,4,4,4,1,4,4,4,-1.3708337774666284,0.47100756575996033,,,,,,,,,,10.527959127851872,-1.1792545482045418,0.0,PS_006,-44.671115629243666,360.0,0.3345404363848727
12.822882043582473,10.771679632289867,2024-06-08T07:45:00Z,4,4,4,4,4,4,1,4,4,4,-1.1804608036909152,0.27028166332446507,,,,,,,,,,11.139500187431292,-1.7100464822075898,0.0,PS_006,-20.351631726403145,360.0,1.0904434763894544
12.88312877483316,10.76384449005127,2024-06-08T08:00:00Z,3,3,3,3,3,3,1,3,3,3,-1.7294426361894968,-0.0753177749549051,,,,,,,,,,11.356173030998866,-2.145617470716215,0.0,PS_006,1.5561994292196435,360.0,0.5840297593369669
12.182334192843529,10.757651735405478,2024-06-08T08:15:00Z,4,4,4,4,4,4,1,4,4,4,-1.6516632255403796,-0.6969065224957101,,,,,,,,,,10.592869557325935,-2.1964776566558606,0.0,PS_006,28.501748678327093,360.00000000000006,0.38239362802861915
12.030132069614648,10.751341756700294,2024-06-08T08:30:00Z,4,4,4,4,4,4,1,4,4,4,-1.7024316852901926,-0.14861559721870524,,,,,,,,,,10.184746059260684,-1.613135357550757,0.0,PS_006,10.581299464166074,360.0,0.27285131217294745
11.554644043823348,10.742316811527006,2024-06-08T08:45:00Z,3,3,3,3,3,3,1,3,3,3,-1.7071617137033581,-0.062095015594059146,,,,,,,,,,10.237544024481435,-1.5455142355899025,0.0,PS_006,2.99322563839417,360.0,1.121641329965958
12.185605733171625,10.730104720585755,2024-06-08T09:00:00Z,4,4,4,4,4,4,1,4,4,4,-0.7316519161008319,0.9631315863855507,,,,,,,,,,10.970432284004644,-1.2534770631037109,0.0,PS_006,-97.36932752031402,360.0,1.2458073047179166
11.911736788116995,10.720472398462404,2024-06-08T09:15:00Z,4,4,4,4,4,4,1,4,4,4,-2.2084396541943065,-0.8060638807027077,,,,,,,,,,10.323205932528584,-2.632555882428159,0.0,PS_006,33.72466914231362,360.0,0.23179842432474101
11.9489791997049,10.711509452319172,2024-06-08T09:30:00Z,3,3,3,3,3,3,1,3,3,3,-0.7523758337533978,0.4567660589591953,,,,,,,,,,10.34897977190949,-0.2941329988238085,0.0,PS_006,-8.68462937126526,359.99999999999994,0.7431923772062407
11.529578594346667,10.69687350669974,2024-06-08T09:45:00Z,4,4,4,4,4,4,1,4,4,4,2.2013632517026873,0.06207413003607305,,,,,,,,,,10.073801476205746,3.521809871691777,0.0,PS_006,-3.364934500056433,360.0,0.8466765859935006
11.652721227011254,10.689399630350445,2024-06-08T10:00:00Z,4,4,4,4,4,4,1,4,4,4,16.471493416464824,4.215866949699165,,,,,,,,,,10.399828350824993,17.854732472989856,0.0,PS_006,22.93662424004737,360.0,1.1548431176379983
12.633211267004496,10.675368042824376,2024-06-08T10:15:00Z,3,3,3,3,3,3,1,3,3,3,51.000903417712145,10.371384779862842,,,,,,,,,,11.203740467414297,74.5778727741031,0.0,PS_006,14.301720140541558,360.0,0.7457239357959319
13.648014491894461,10.664321511011062,2024-06-08T10:30:00Z,4,4,4,4,4,4,1,4,4,4,87.71462064000004,14.05296341511626,,,,,,,,,,12.52672719103579,162.15232881153355,0.0,PS_006,8.646890062050332,360.0,0.2930011901155604
14.716863830845426,10.651700695223758,2024-06-08T10:45:00Z,3,3,3,3,3,3,1,3,3,3,118.64033666390718,22.438319144145765,,,,,,,,,,14.114087835187243,257.82383506472746,0.0,PS_006,8.835588022475482,360.0,0.5816004680570365
15.501719123927431,10.639949586929147,2024-06-08T11:00:00Z,4,4,4,4,4,4,1,4,4,4,178.51857660845863,37.755781194628455,,,,,,,,,,15.34711029840837,423.8400558389647,0.0,PS_006,8.972771763252716,359.99999999999994,0.08040373387661612
17.446973446845124,10.628353930033821,2024-06-08T11:15:00Z,4,4,4,4,4,4,1,4,4,4,231.04852248045344,48.54150268569016,,,,,,,,,,20.145870986559398,555.4161068625941,0.0,PS_006,8.760227154925797,360.00000000000006,0.5151370415550112
18.292233506885328,10.61857464293633,2024-06-08T11:30:00Z,3,3,3,3,3,3,1,3,3,3,232.79016256872796,45.03228949827919,,,,,,,,,,24.209797263587888,488.08954262011423,0.0,PS_006,9.185605498237365,359.99999999999994,0.6903336167015885
19.436091597875855,10.608606574307855,2024-06-08T11:45:00Z,4,4,4,4,4,4,1,4,4,4,259.5102717785419,47.77206383305936,,,,,,,,,,25.384746136831904,495.87165974556933,0.0,PS_006,9.637679621117627,360.0,0.7469280669993418
20.74085934095592,10.597804081424888,2024-06-08T12:00:00Z,4,4,4,4,4,4,1,4,4,4,255.05951691346166,43.330620789464625,,,,,,,,,,26.93116615869167,450.2317727795779,0.0,PS_006,9.7111557354098,360.0,0.5275170230120395
22.076345329578288,10.588741302490233,2024-06-08T12:15:00Z,3,3,3,3,3,3,1,3,3,3,433.31369233796534,62.051789924271894,,,,,,,,,,25.59942721203328,725.4993602562287,0.0,PS_006,8.538897038508667,359.99999999999994,0.902354128017552
23.821070728549838,10.58078522724183,2024-06-08T12:30:00Z,4,4,4,4,4,4,1,4,4,4,473.70595460567046,63.87083068881237,,,,,,,,,,27.000420961054513,714.6835563253126,0.0,PS_006,8.937179099290608,360.0,0.9090563416945845
24.44263692212423,10.571161547615446,2024-06-08T12:45:00Z,4,4,4,4,4,4,1,4,4,4,519.9272284590236,64.69642909660878,,,,,,,,,,27.946636147195168,725.8408476714378,0.0,PS_006,8.901498231731605,360.0,1.6580522127048363
25.143616232952567,10.562567536986036,2024-06-08T13:00:00Z,3,3,3,3,3,3,1,3,3,3,555.9742068710581,66.05256251622771,,,,,,,,,,30.870008490333795,725.8246845418553,0.0,PS_006,9.10146110962088,359.99999999999994,1.1242133003451196
25.97020135662107,10.554163998155259,2024-06-08T13:15:00Z,4,4,4,4,4,4,1,4,4,4,491.3394882568924,56.24652027656747,,,,,,,,,,30.875634825457894,600.3902169883689,0.0,PS_006,9.379746136504215,359.99999999999994,1.4696005522912925
27.082598699870562,10.547301898604735,2024-06-08T13:30:00Z,4,4,4,4,4,4,1,4,4,4,619.6864829460314,67.02428675336837,,,,,,,,,,32.86415469547121,719.1103481517542,0.0,PS_006,9.313207128174326,360.00000000000006,2.9352213153473876
27.758741368841672,10.538225017545463,2024-06-08T13:45:00Z,3,3,3,3,3,3,1,3,3,3,638.4958825963647,64.52444170805843,,,,,,,,,,35.106706732703486,703.4337225584651,0.0,PS_006,9.169067314903861,360.00000000000006,3.6410528205924244
27.908261370440623,10.533270227842877,2024-06-08T14:00:00Z,4,4,4,4,4,4,1,4,4,4,596.3692194584237,57.55624142029999,,,,,,,,,,32.59054447506448,625.8747477281477,0.0,PS_006,9.17773281902063,360.0,3.6481704145978755
28.532858581907465,10.525455545946405,2024-06-08T14:15:00Z,4,4,4,4,4,4,1,4,4,4,630.7270695593201,59.62232445561888,,,,,,,,,,32.6078832727239,638.461469007786,0.0,PS_006,9.353813614282881,360.0,3.213752692435235
29.064525799708026,10.517229080200194,2024-06-08T14:30:00Z,3,3,3,3,3,3,1,3,3,3,654.1125085242697,59.31124622414458,,,,,,,,,,34.20352875359534,647.1354638271522,0.0,PS_006,9.178382900398642,360.0,3.396713927661424
29.15464558694556,10.514488170442968,2024-06-08T14:45:00Z,4,4,4,4,4,4,1,4,4,4,686.612837146096,59.08394338459184,,,,,,,,,,33.72110936459886,670.0535841291932,0.0,PS_006,8.842005978300406,360.00000000000006,2.9798187582466373
28.88325967731356,10.50545996297515,2024-06-08T15:00:00Z,3,3,3,3,3,3,1,3,3,3,643.2700974493496,54.319198937800905,,,,,,,,,,34.048850255712196,620.1472440789296,0.0,PS_006,8.778942127438226,359.99999999999994,3.0543068373177475
29.50282126339292,10.50185775756836,2024-06-08T15:15:00Z,4,4,4,4,4,4,1,4,4,4,674.6231160424672,54.03884951777266,,,,,,,,,,34.4753754105578,645.9806987873269,0.0,PS_006,8.363994869691671,360.0,3.067000956549615
29.155890179278007,10.494730331096427,2024-06-08T15:30:00Z,4,4,4,4,4,4,1,4,4,4,717.4266893280653,56.73877838815275,,,,,,,,,,34.339295720784875,691.3085769658534,0.0,PS_006,8.198181453628031,360.0,2.2942637117746774
29.32652733533837,10.486726078818126,2024-06-08T15:45:00Z,3,3,3,3,3,3,1,3,3,3,704.7315032165174,57.74211637388364,,,,,,,,,,33.755456338000904,689.7761494907352,0.0,PS_006,8.367261796439324,360.0,2.816392118464074
29.279468177352516,10.480832004950727,2024-06-08T16:00:00Z,4,4,4,4,4,4,1,4,4,4,554.7218547047698,46.36548953869309,,,,,,,,,,34.89986020745684,554.9893011852175,0.0,PS_006,8.34767023755441,360.0,1.2677204236293926
30.16520046076643,10.472957406388563,2024-06-08T16:15:00Z,4,4,4,4,4,4,1,4,4,4,670.5909346412928,57.05505251090228,,,,,,,,,,33.66715231175871,689.7865499805649,0.0,PS_006,8.266019040203272,360.0,1.6336217076544715
29.693760267462647,10.466519411378934,2024-06-08T16:30:00Z,3,3,3,3,3,3,1,3,3,3,528.262066128663,48.4392716709799,,,,,,,,,,32.74555992550224,559.3428440123138,0.0,PS_006,8.6639405881463,359.99999999999994,1.7666602206131572
30.184618687443326,10.461540399085637,2024-06-08T16:45:00Z,4,4,4,4,4,4,1,4,4,4,612.0935808908731,56.770914190826275,,,,,,,,,,33.90957707799541,664.8216383716584,0.0,PS_006,8.537806729903783,360.0000000000001,0.65044746249014
30.247810590477723,10.453875112651657,2024-06-08T17:00:00Z,4,4,4,4,4,4,1,4,4,4,573.945696379545,55.63645231126217,,,,,,,,,,35.74544881077165,654.0304166527144,0.0,PS_006,8.48863284927962,359.99999999999994,2.7673678910265025
30.04510762990296,10.445853150737532,2024-06-08T17:15:00Z,3,3,3,3,3,3,1,3,3,3,564.5499368385582,58.05532751683754,,,,,,,,,,35.12722238611029,684.0853164342694,0.0,PS_006,8.486082404425407,359.99999999999994,1.799840872948701
30.25065472706478,10.440386602637998,2024-06-08T17:30:00Z,4,4,4,4,4,4,1,4,4,4,539.9959862996094,57.68345773165207,,,,,,,,,,35.53599148779909,689.7903393722337,0.0,PS_006,8.351621089921624,360.00000000000006,1.7217720704132229
30.051584502287852,10.435056866994197,2024-06-08T17:45:00Z,4,4,4,4,4,4,1,4,4,4,496.897633724038,56.05786884814304,,,,,,,,,,34.03846238832228,691.9127911818646,0.0,PS_006,8.105113539722291,360.0,2.4072053351813563
30.07143402526837,10.429677963256836,2024-06-08T18:00:00Z,3,3,3,3,3,3,1,3,3,3,463.3545897367766,57.677743070152914,,,,,,,,,,34.49889112746691,698.7676076595922,0.0,PS_006,8.25757819604816,360.0,2.4805287534497755
30.381313436248114,10.42348167575177,2024-06-08T18:15:00Z,4,4,4,4,4,4,1,4,4,4,409.71206984951664,61.33851565097747,,,,,,,,,,36.98992512227458,679.7187157534788,0.0,PS_006,9.021338119476985,359.99999999999994,0.7111864074464976
30.520657220600153,10.415050355247391,2024-06-08T18:30:00Z,4,4,4,4,4,4,1,4,4,4,329.1103218182956,48.8284253916265,,,,,,,,,,36.82816185023801,598.0587202973936,0.0,PS_006,8.187514341093571,360.00000000000006,1.8639941629439136
29.746882363060287,10.405364750524823,2024-06-08T18:45:00Z,3,3,3,3,3,3,1,3,3,3,300.92415158616006,45.125288447848135,,,,,,,,,,33.655874613121284,615.2796663437107,0.0,PS_006,7.3358872436879,360.0,1.5025102210107628
29.94982305391602,10.403626310506274,2024-06-08T19:00:00Z,4,4,4,4,4,4,1,4,4,4,264.3094026081196,42.95029961630867,,,,,,,,,,34.93161300149946,605.7388934042875,0.0,PS_006,7.0804309676430215,360.00000000000006,1.7129813730578018
29.783636648589887,10.39775874390341,2024-06-08T19:15:00Z,4,4,4,4,4,4,1,4,4,4,200.71105129255045,33.787430805478465,,,,,,,,,,34.91128285614631,499.067296214771,0.0,PS_006,6.770806363775279,360.0,1.0517569490838863
29.757818124584272,10.389271179687732,2024-06-08T19:30:00Z,3,3,3,3,3,3,1,3,3,3,151.3087424254777,25.86969613728582,,,,,,,,,,35.560177472973635,348.6924213322279,0.0,PS_006,7.415242421227822,360.0,0.3268257920036428
29.351779167710337,10.384239126676201,2024-06-08T19:45:00Z,4,4,4,4,4,4,1,4,4,4,121.52969368850748,18.177203951651595,,,,,,,,,,32.37897071456356,270.351223397166,0.0,PS_006,6.716889149356107,360.0,1.1232019358433034
28.67214937012305,10.37761489848912,2024-06-08T20:00:00Z,4,4,4,4,4,4,1,4,4,4,73.42120340337627,8.165542632486757,,,,,,,,,,30.169072599319154,139.5839121675393,0.0,PS_006,5.830538257466464,359.99999999999994,1.575686451304813
27.92719654679593,10.369182431550959,2024-06-08T20:15:00Z,3,3,3,3,3,3,1,3,3,3,24.634310161499247,1.256371165334578,,,,,,,,,,27.397146206953288,29.884007049023147,0.0,PS_006,3.6532481055400576,360.0,0.9455267233075456
26.69273903386595,10.362827077454755,2024-06-08T20:30:00Z,4,4,4,4,4,4,1,4,4,4,5.244878353570525,-1.5110606158525908,,,,,,,,,,24.23413640841231,4.583991064882408,0.0,PS_006,-38.425218610490504,360.0,0.19576042306925412
25.497349331606436,10.35456718289634,2024-06-08T20:45:00Z,3,3,3,3,3,3,1,3,3,3,-1.3809818826592146,-1.6649756817159822,,,,,,,,,,22.21961901504068,-2.923501306540756,0.0,PS_006,63.59549042997554,360.0,0.23572424602720443
23.201490014603625,10.347233164390016,2024-06-08T21:00:00Z,4,4,4,4,4,4,1,4,4,4,-3.8255122291728605,-3.190293913646803,,,,,,,,,,20.236477999393387,-4.388514502018353,0.0,PS_006,71.08755502445484,360.0,0.2835038568409181
22.182337125473563,10.336938293093718,2024-06-08T21:15:00Z,4,4,4,4,4,4,1,4,4,4,-3.2678712407602037,-2.228687577588605,,,,,,,,,,19.10847534772065,-3.536384456551166,0.0,PS_006,59.753914835722796,360.00000000000006,0.10080058067174119
21.0805664540559,10.326681437625036,2024-06-08T21:30:00Z,3,3,3,3,3,3,1,3,3,3,-3.4653274912430017,-1.505534571123239,,,,,,,,,,18.835793860729726,-3.0508849912384486,0.0,PS_006,46.725896640203956,360.00000000000006,0.4817347200953107
20.286298624842644,10.316474348909196,2024-06-08T21:45:00Z,4,4,4,4,4,4,1,4,4,4,-2.8385023533157154,-1.3126042648574958,,,,,,,,,,18.218351405329436,-2.9936145137563117,0.0,PS_006,42.82123573747757,360.0,1.092865479182026
19.443149503156185,10.306242659989266,2024-06-08T22:00:00Z,0,0,0,0,0,0,1,0,0,0,-2.7142511337425135,-0.886302136601073,true,true,true,true,true,true,true,true,true,17.75917532119499,-2.6968073045618715,0.0,PS_006,29.1359401152903,360.0,1.1144327581876623
18.600000381469727,10.296010971069336,2024-06-08T22:15:00Z,1,1,1,1,1,1,1,1,1,1,-2.5899999141693115,-0.4600000083446502,,,,,,,,,,17.299999237060547,-2.4000000953674316,0.0,PS_006,15.450644493103026,360.0,1.1360000371932983
19.277318874485367,10.290979873363762,2024-06-08T22:30:00Z,4,4,4,4,4,4,1,4,4,4,-1.3596752018037543,0.2919074812768275,,,,,,,,,,17.552886391338916,-1.8867951353886419,0.0,PS_006,-22.50758919095813,359.99999999999994,1.6510912693604296
19.399999618530277,10.281871983196828,2024-06-08T22:45:00Z,3,3,3,3,3,3,1,3,3,3,-1.982884262580479,-0.319665586960955,,,,,,,,,,17.530704148702302,-2.5505084588439018,0.0,PS_006,9.431493785563225,360.0,0.5164490703642456
18.669276434992945,10.268474104986899,2024-06-08T23:00:00Z,4,4,4,4,4,4,1,4,4,4,-2.503904534074248,-1.2109012131063592,,,,,,,,,,16.034014197591983,-2.782028604118026,0.0,PS_006,42.75069225183339,360.0,0.3508922826395692
18.600000381469727,10.265267372131348,2024-06-08T23:15:00Z,3,3,3,3,3,3,1,3,3,3,-1.7156586146692905,-0.12139258760729664,,,,,,,,,,15.699999809265138,-1.7464737624815345,0.0,PS_006,6.52752585458971,360.0,0.06084880154365288
18.847393708573914,10.251824797785993,2024-06-08T23:30:00Z,4,4,4,4,4,4,1,4,4,4,-0.9015025815415658,-0.6672889466054727,,,,,,,,,,15.4520023853922,-1.3966012448860854,0.0,PS_006,23.71931568894619,360.0,0.6950644603626494
17.25424042112837,10.244740768845256,2024-06-08T23:45:00Z,4,4,4,4,4,4,1,4,4,4,-3.303600523417335,-1.7217778936644035,,,,,,,,,,14.367965234300303,-2.4378370779038,0.0,PS_006,67.4024969836833,360.0,-0.0064785238202374135
16.473023578095127,10.235461305151336,2024-06-09T00:00:00Z,3,3,3,3,3,3,1,3,3,3,-2.0744620405470826,-0.1910964151064456,,,,,,,,,,14.290300803519434,-1.4268316257567044,0.0,PS_006,10.49774748960824,360.0,-0.009418054807929963
16.73489477987321,10.227300216774523,2024-06-09T00:15:00Z,4,4,4,4,4,4,1,4,4,4,-1.2489760288819547,-0.3361485561956101,,,,,,,,,,14.33587183349912,-1.5581705505346284,0.0,PS_006,13.335557132960718,360.0,0.3339527697371331
15.899999618530275,10.2199402644513,2024-06-09T00:30:00Z,3,3,3,3,3,3,1,3,3,3,-1.8838843335911377,-0.5335812799900151,,,,,,,,,,13.640678101499518,-2.0469397430121163,0.0,PS_006,20.426613315898216,360.00000000000006,0.3031797002652352
15.853301379804792,10.21113277277197,2024-06-09T00:45:00Z,4,4,4,4,4,4,1,4,4,4,-1.6221642784876418,-0.09890530296239826,,,,,,,,,,13.800000190734863,-1.8896573634919103,0.0,PS_006,5.963136222905716,360.0,0.48095773432256467
16.633891733645388,10.20233008022732,2024-06-09T01:00:00Z,4,4,4,4,4,4,1,4,4,4,-1.1647794803327565,-0.35331456849969733,,,,,,,,,,13.733891161440798,-1.7610763160610878,0.0,PS_006,16.524761385155976,360.0,0.682031906883807
15.314535644975079,10.19392443100787,2024-06-09T01:15:00Z,3,3,3,3,3,3,1,3,3,3,-2.7637011023856557,-0.3955384208745423,,,,,,,,,,13.600000381469728,-2.322994744884885,0.0,PS_006,24.330688978772802,360.0,0.19257956850679056
15.459710642282026,10.186863404299249,2024-06-09T01:30:00Z,4,4,4,4,4,4,1,4,4,4,-2.5038110330736236,-0.6765362125190091,,,,,,,,,,13.108971679222918,-2.4029195604417235,0.0,PS_006,14.934968161795494,360.0,0.19769218289278476
16.089564627707944,10.177972103819732,2024-06-09T01:45:00Z,4,4,4,4,4,4,1,4,4,4,-0.43162071733324586,1.1133491636522255,,,,,,,,,,13.820426059898393,-0.8585275011854236,0.0,PS_006,-829.5051599800007,359.99999999999994,1.2302124629397653
15.251107432982362,10.171528684489733,2024-06-09T02:00:00Z,3,3,3,3,3,3,1,3,3,3,-1.384109592192156,-0.6482435987569902,,,,,,,,,,12.946107725216788,-2.0650974161351336,0.0,PS_006,32.1042164080995,360.0,0.441085253755519
14.776472669551843,10.16369229873219,2024-06-09T02:15:00Z,4,4,4,4,4,4,1,4,4,4,-2.2446705786892003,-0.3093621249981521,,,,,,,,,,12.671878330098199,-1.227154481502451,0.0,PS_006,24.241663790777,359.99999999999994,0.18344328839135368
14.772842111463037,10.153012706576826,2024-06-09T02:30:00Z,3,3,3,3,3,3,1,3,3,3,-1.0220646190021117,0.06971519426667096,,,,,,,,,,12.500000000000002,-1.1697074198915378,0.0,PS_006,-3.9794474365581385,360.0,0.12328302529347233
15.01257783170661,10.147687434533129,2024-06-09T02:45:00Z,4,4,4,4,4,4,1,4,4,4,-1.0753192151007915,-0.06995632163862925,,,,,,,,,,12.412577450236887,-1.1663724797562824,0.0,PS_006,-1.4276895869672759,360.0,-0.0031640448126699166
14.67171976196934,10.139948579710547,2024-06-09T03:00:00Z,4,4,4,4,4,4,1,4,4,4,-1.446270272458048,0.09967840804593787,,,,,,,,,,12.48825168638026,-1.2454711135401433,0.0,PS_006,-9.79482498936638,360.0,0.6547236888215107
14.758112033991921,10.131812629136785,2024-06-09T03:15:00Z,3,3,3,3,3,3,1,3,3,3,-1.4570734204221307,-0.12391734279443112,,,,,,,,,,12.550966685346605,-1.7176397864440722,0.0,PS_006,4.838607569976164,359.9999999999999,0.24355696142833494
15.794820238214438,10.1244073061251,2024-06-09T03:30:00Z,4,4,4,4,4,4,1,4,4,4,-0.970487931962695,0.7261616934333867,,,,,,,,,,13.510082804473631,-1.2882737955115666,0.0,PS_006,-111.29079701243043,360.00000000000006,0.4132772161473772
13.931691738592754,10.116998239010586,2024-06-09T03:45:00Z,3,3,3,3,3,3,1,3,3,3,-2.4917840881171403,-1.2243204656603288,,,,,,,,,,12.259286817265505,-2.276898346363825,0.0,PS_006,43.88512214202125,360.0,1.204871454795909
14.660083053969762,10.11281801312887,2024-06-09T04:00:00Z,4,4,4,4,4,4,1,4,4,4,-1.3558696390805636,0.1287809528316229,,,,,,,,,,12.64412366893144,-1.3649966883134195,0.0,PS_006,-9.665089212498966,360.00000000000006,0.5913985686945291
14.620646152677477,10.10491685521595,2024-06-09T04:15:00Z,4,4,4,4,4,4,1,4,4,4,-0.5398056412468228,0.27587766850038276,,,,,,,,,,12.472458421602827,-1.2587943744162522,0.0,PS_006,-167.8674004213745,359.99999999999994,0.7335950846241314
15.373242647422419,10.100857734680174,2024-06-09T04:30:00Z,3,3,3,3,3,3,1,3,3,3,-1.6185446338045326,0.15977647137539266,,,,,,,,,,12.579739327261263,-1.2797060446590363,0.0,PS_006,-23.55092574385842,360.0,0.6815388221139402
14.623979362840402,10.090922588280424,2024-06-09T04:45:00Z,4,4,4,4,4,4,1,4,4,4,-1.9826422976903684,0.0012736566108412996,,,,,,,,,,12.968709185242064,-1.6375584758932906,0.0,PS_006,-4.968758054446962,360.0,1.0245226394207982
14.634742030462336,10.085486412048338,2024-06-09T05:00:00Z,3,3,3,3,3,3,1,3,3,3,-1.700688087755565,0.03304440229539246,,,,,,,,,,12.834741839727473,-1.7919085477304943,0.0,PS_006,-2.1150124623428326,359.99999999999994,1.260628235460284
15.206603028837744,10.079893892097015,2024-06-09T05:15:00Z,4,4,4,4,4,4,1,4,4,4,-0.8993890313744403,0.554428242122391,,,,,,,,,,13.300000190734863,-1.5488016948789374,0.0,PS_006,-32.995735798901585,360.0,1.4243608700754025
14.610104466815361,10.07083673447497,2024-06-09T05:30:00Z,4,4,4,4,4,4,1,4,4,4,-1.950787698248548,-0.25042578044480923,,,,,,,,,,13.088927986920242,-2.0393567605560934,0.0,PS_006,12.300001305071323,360.0,1.1676611684932519
14.810654077713757,10.06553132301586,2024-06-09T05:45:00Z,3,3,3,3,3,3,1,3,3,3,-1.8335274975742426,-0.17342428286974032,,,,,,,,,,13.25532734932108,-2.0003086859941237,0.0,PS_006,9.6835961131384,360.0,1.206721778389603
15.027368162042578,10.058685873510505,2024-06-09T06:00:00Z,4,4,4,4,4,4,1,4,4,4,-1.7724391101543173,-0.14147489294736915,,,,,,,,,,12.91607761882128,-1.9011054776239595,0.0,PS_006,3.040464166364512,360.0,0.8254344421492068
14.994914892197798,10.054092601791265,2024-06-09T06:15:00Z,4,4,4,4,4,4,1,4,4,4,-1.6861340116655894,0.1414894139547283,,,,,,,,,,13.142372457911717,-1.8788653157702522,0.0,PS_006,-10.604819468422415,360.00000000000006,0.9683291299916058
15.037616157566886,10.044954610391418,2024-06-09T06:30:00Z,3,3,3,3,3,3,1,3,3,3,-1.4592807007721194,0.5721672947466926,,,,,,,,,,13.246819816752941,-1.5061977028696416,0.0,PS_006,-45.926822019298406,360.00000000000006,0.7569571552532033
14.950859207260729,10.041367870261709,2024-06-09T06:45:00Z,4,4,4,4,4,4,1,4,4,4,-1.5861465451933272,0.044502237630707764,,,,,,,,,,13.450859207260727,-1.912224679057671,0.0,PS_006,-3.156826519408218,360.0,0.9870633829389521
14.760203654016655,10.034792256644385,2024-06-09T07:00:00Z,3,3,3,3,3,3,1,3,3,3,-1.7158108602333046,-0.05068291319925517,,,,,,,,,,13.300000190734865,-1.7637044293855015,0.0,PS_006,1.0685987452554728,360.00000000000006,1.4418505568601299
14.631813336781574,10.029332777811433,2024-06-09T07:15:00Z,4,4,4,4,4,4,1,4,4,4,-1.63761201655736,-0.05471713163347161,,,,,,,,,,13.235630812362851,-1.7747291810570234,0.0,PS_006,1.9194691018026917,359.99999999999994,1.5862755121245813
14.591683862936494,10.024179159575509,2024-06-09T07:30:00Z,4,4,4,4,4,4,1,4,4,4,-1.7201577349274817,-0.11350495938666152,,,,,,,,,,13.259948855630325,-1.9474939493460155,0.0,PS_006,4.2145418818261255,360.0,1.7834364662725908
14.344263271377208,10.019378461677489,2024-06-09T07:45:00Z,3,3,3,3,3,3,1,3,3,3,-1.6542738836480897,-0.026769960780303248,,,,,,,,,,13.0,-1.8781197196082278,0.0,PS_006,0.41377048709045894,360.0,1.6027217320830454
14.206561382598442,10.014971132482298,2024-06-09T08:00:00Z,4,4,4,4,4,4,1,4,4,4,-1.6395097909814111,-0.1332023189643033,,,,,,,,,,13.0,-1.709670777666025,0.0,PS_006,8.201143346084667,360.0,1.882630536561972
14.443221182015378,10.00998965800664,2024-06-09T08:15:00Z,4,4,4,4,4,4,1,4,4,4,-2.0232164562956156,-0.28116013914359417,,,,,,,,,,12.744651284025833,-2.3398556825669026,0.0,PS_006,14.019607243486776,360.0,0.8858468365599164
13.74790906277931,10.007146965944704,2024-06-09T08:30:00Z,3,3,3,3,3,3,1,3,3,3,-2.0931028496194948,-0.46526006010721455,,,,,,,,,,12.147908681309584,-2.3038487042643054,0.0,PS_006,23.89843771686024,360.0,0.8625737346731103
13.600315956721884,10.002505912535101,2024-06-09T08:45:00Z,4,4,4,4,4,4,1,4,4,4,-1.3477549843281318,0.18897223907511915,,,,,,,,,,12.22786122999029,-1.5296976974062546,0.0,PS_006,-16.959239897741668,360.00000000000006,1.4333435660792904
14.167357963772009,9.997934341430664,2024-06-09T09:00:00Z,3,3,3,3,3,3,1,3,3,3,-1.1781418432926942,0.31356874348182373,,,,,,,,,,12.5,-1.602026878483161,0.0,PS_006,-14.35360917195463,360.0,1.2491411330012134
14.213580641664326,9.99258804321289,2024-06-09T09:15:00Z,4,4,4,4,4,4,1,4,4,4,-1.3868951442176733,0.22769826685475905,,,,,,,,,,12.85073857650286,-1.699473155658541,0.0,PS_006,-12.391788309598255,360.0,1.1910943961816571
13.677727647029243,9.989242611964206,2024-06-09T09:30:00Z,4,4,4,4,4,4,1,4,4,4,-1.9332595278848714,-0.4413503635420412,,,,,,,,,,12.393637459590868,-2.0465576748444625,0.0,PS_006,21.540922526619003,360.0,1.1502739419191177
13.5,9.9879093170166,2024-06-09T09:45:00Z,2,2,2,2,2,2,1,2,2,2,2.0711666689414434,0.515763829109469,,,,,,,,,,12.199999809265137,3.7353579711486407,0.0,PS_006,11.73187849959985,360.0,0.6940000057220459
14.182327063513162,9.982563018798828,2024-06-09T10:00:00Z,4,4,4,4,4,4,1,4,4,4,19.312717131846874,5.1901154421536315,,,,,,,,,,12.509222677873417,19.550488433854873,0.0,PS_006,26.650945646115638,360.0,0.6969889470878304
13.500000000000002,9.976013447017698,2024-06-09T10:15:00Z,3,3,3,3,3,3,1,3,3,3,44.461159644897805,8.49845964276097,,,,,,,,,,11.967466149828043,61.61983206386298,0.0,PS_006,14.02818669050797,360.0,0.18878584500000475
14.641600722475937,9.976369768114605,2024-06-09T10:30:00Z,4,4,4,4,4,4,1,4,4,4,88.0068507934516,13.442396754762202,,,,,,,,,,13.220720775050054,164.22813462687526,0.0,PS_006,8.159685523498785,360.0,0.17175541100726663
16.0417412589747,9.971869468688965,2024-06-09T10:45:00Z,4,4,4,4,4,4,1,4,4,4,131.69807227318887,24.905393198389334,,,,,,,,,,15.274733966511373,288.46252987472343,0.0,PS_006,8.611594524020173,360.0,0.3416621364660064
17.771464688767274,9.971197444170484,2024-06-09T11:00:00Z,3,3,3,3,3,3,1,3,3,3,176.66568535926035,37.64365238770437,,,,,,,,,,17.972009033682067,417.8254427281796,0.0,PS_006,9.021048080174221,359.99999999999994,0.21709091886303072
20.423046225850598,9.967190742492676,2024-06-09T11:15:00Z,4,4,4,4,4,4,1,4,4,4,226.47234362647333,47.33046115215704,,,,,,,,,,23.35732149430843,564.9260027877173,0.0,PS_006,8.392764317186534,360.0,0.04079539725782191
21.89775238138546,9.966580857553076,2024-06-09T11:30:00Z,4,4,4,4,4,4,1,4,4,4,277.17273025693,51.247839728430435,,,,,,,,,,26.103599500026192,633.3172488879825,0.0,PS_006,8.088565402295893,360.0,0.6389753125286848
22.284533595454228,9.961844444274902,2024-06-09T11:45:00Z,3,3,3,3,3,3,1,3,3,3,329.8783316354969,54.1005790479143,,,,,,,,,,27.421017105230312,670.2216571914618,0.0,PS_006,8.06305863299618,360.0,1.7095038946522125
23.231311153393925,9.962668280595423,2024-06-09T12:00:00Z,4,4,4,4,4,4,1,4,4,4,373.34933069080125,55.13499364368331,,,,,,,,,,29.932931568113364,689.6157948598473,0.0,PS_006,7.991692552175168,359.99999999999994,1.8579037184463842
24.0192417690316,9.961844444274904,2024-06-09T12:15:00Z,3,3,3,3,3,3,1,3,3,3,419.3393351467789,56.18955187767825,,,,,,,,,,31.174006955245197,703.4920149240139,0.0,PS_006,7.977984462219017,360.0,1.5182213445543034
24.800401539766625,9.961844444274904,2024-06-09T12:30:00Z,4,4,4,4,4,4,1,4,4,4,460.357976077455,57.515657400340814,,,,,,,,,,31.701224161176427,708.7184795639,0.0,PS_006,8.117491514933217,360.0,2.7170981397309397
25.47513096161558,9.961844444274902,2024-06-09T12:45:00Z,4,4,4,4,4,4,1,4,4,4,507.3453158563474,59.362718567110335,,,,,,,,,,32.32333132719402,718.0853058869268,0.0,PS_006,8.264864368440572,359.99999999999994,2.8972695492075102
25.909405224567,9.95849559371507,2024-06-09T13:00:00Z,3,3,3,3,3,3,1,3,3,3,552.5034830591853,60.05934523855505,,,,,,,,,,32.66256024337595,723.7466891862546,0.0,PS_006,8.30734984490733,359.99999999999994,3.1687042418417497
26.925818357419672,9.958384950224204,2024-06-09T13:15:00Z,4,4,4,4,4,4,1,4,4,4,584.1836015630932,61.51551543958424,,,,,,,,,,33.46852129159162,719.2094820353119,0.0,PS_006,8.556807282563907,360.0,3.3665688901697117
27.07017265180968,9.960770229155704,2024-06-09T13:30:00Z,3,3,3,3,3,3,1,3,3,3,620.9050467459964,61.380405783972094,,,,,,,,,,33.4106607172273,721.2311944896047,0.0,PS_006,8.507245954629168,360.00000000000006,4.281649413918778
27.903406180659072,9.957828779502874,2024-06-09T13:45:00Z,4,4,4,4,4,4,1,4,4,4,647.2602636534381,61.6118895878987,,,,,,,,,,34.50454596920553,715.9208603164263,0.0,PS_006,8.599136258984538,360.0,5.03327261218981
28.05252057568345,9.956498146057129,2024-06-09T14:00:00Z,4,4,4,4,4,4,1,4,4,4,669.9732216286627,59.61723896269911,,,,,,,,,,32.58386715483997,707.6666447338368,0.0,PS_006,8.42209707276843,360.0,5.097918857115286
28.56788141716052,9.952570796193122,2024-06-09T14:15:00Z,3,3,3,3,3,3,1,3,3,3,683.1192511833315,58.333970529210156,,,,,,,,,,33.127001497845136,696.4732378834498,0.0,PS_006,8.359484843336213,359.99999999999994,4.0995611781365096
29.48875824303231,9.952482496458668,2024-06-09T14:30:00Z,4,4,4,4,4,4,1,4,4,4,695.1516805277689,56.55985616106066,,,,,,,,,,33.70950384852404,690.7979544932288,0.0,PS_006,8.191309506557705,360.0,4.473743198111813
29.13852259172304,9.95065625836629,2024-06-09T14:45:00Z,4,4,4,4,4,4,1,4,4,4,710.7915103640249,55.925988167184755,,,,,,,,,,33.35454157352107,692.3211974030135,0.0,PS_006,8.09740766638065,360.00000000000006,5.452970614240377
29.323894001569858,9.950877228306389,2024-06-09T15:00:00Z,3,3,3,3,3,3,1,3,3,3,719.3184047574088,55.522911722445315,,,,,,,,,,32.60508237836315,691.1422766369699,0.0,PS_006,8.013953147781645,360.0,5.000162391702936
29.809290254694133,9.946473121643065,2024-06-09T15:15:00Z,4,4,4,4,4,4,1,4,4,4,720.0282570582511,54.24681613461534,,,,,,,,,,32.91520945730109,688.5908150163418,0.0,PS_006,7.866999649187626,360.0,3.792906750868012
29.446410212910113,9.946473121643066,2024-06-09T15:30:00Z,3,3,3,3,3,3,1,3,3,3,714.9267608292562,53.869894131909966,,,,,,,,,,34.36314448757741,686.9119448477611,0.0,PS_006,7.870170167970925,359.99999999999994,4.525717007112688
29.495942787558956,9.94183191130393,2024-06-09T15:45:00Z,4,4,4,4,4,4,1,4,4,4,710.274564204984,53.00676047547391,,,,,,,,,,33.53445310846531,688.1050072326153,0.0,PS_006,7.691869120843772,359.99999999999994,3.9007533791328477
29.387163858430366,9.940554206357595,2024-06-09T16:00:00Z,4,4,4,4,4,4,1,4,4,4,692.172440307438,52.74521278099922,,,,,,,,,,33.550114617022345,684.813665749373,0.0,PS_006,7.6701299227222055,360.0,3.2876986272699846
29.460054686106364,9.936447143554688,2024-06-09T16:15:00Z,3,3,3,3,3,3,1,3,3,3,680.1407883639099,54.00651357367281,,,,,,,,,,33.56681321066674,690.695445912207,0.0,PS_006,7.833961193467594,360.0,3.859173563050934
30.386691237751947,9.936447143554686,2024-06-09T16:30:00Z,4,4,4,4,4,4,1,4,4,4,655.1095635688164,53.45409804895436,,,,,,,,,,35.06554204617759,686.9319748182286,0.0,PS_006,7.77917491537156,359.99999999999994,2.104135703367984
29.898098699630292,9.936447143554688,2024-06-09T16:45:00Z,3,3,3,3,3,3,1,3,3,3,629.7678247468756,51.91730233378273,,,,,,,,,,35.41645238960723,685.7055607613402,0.0,PS_006,7.563728673920872,360.0,4.574197548074236
30.054945146164922,9.931100845336914,2024-06-09T17:00:00Z,4,4,4,4,4,4,1,4,4,4,606.79746719494,52.48090744990747,,,,,,,,,,35.214665327873334,693.3681872462679,0.0,PS_006,7.562121248865403,359.99999999999994,3.280106335108945
30.13492226947472,9.928811466147696,2024-06-09T17:15:00Z,4,4,4,4,4,4,1,4,4,4,573.2444768102096,53.14682615308815,,,,,,,,,,34.19950381925248,694.1526075075077,0.0,PS_006,7.6554895401415965,360.00000000000006,3.644081549671814
30.285756203900117,9.925070203364703,2024-06-09T17:30:00Z,3,3,3,3,3,3,1,3,3,3,536.376394812607,53.68748610321433,,,,,,,,,,35.92533263461769,694.2840598483504,0.0,PS_006,7.726566749227999,359.99999999999994,4.6559706355324515
30.208540973939204,9.92575454711914,2024-06-09T17:45:00Z,4,4,4,4,4,4,1,4,4,4,493.3760674135796,51.62413323948133,,,,,,,,,,35.90537969088282,687.3436984479963,0.0,PS_006,7.505220240540967,360.00000000000006,1.9956374612114924
30.078083997119098,9.92575454711914,2024-06-09T18:00:00Z,4,4,4,4,4,4,1,4,4,4,454.9104190457648,53.81945630740767,,,,,,,,,,35.22862964583589,687.5429961732135,0.0,PS_006,7.831893572414721,360.0,4.149444186907897
29.951974088463537,9.924616131856737,2024-06-09T18:15:00Z,3,3,3,3,3,3,1,3,3,3,404.8879342450394,56.39587141608944,,,,,,,,,,36.00432798744712,671.3433337203946,0.0,PS_006,8.407857024172115,360.0,2.4962804046625795
30.071164644743803,9.924357497469462,2024-06-09T18:30:00Z,4,4,4,4,4,4,1,4,4,4,364.3082239609006,50.266220235622825,,,,,,,,,,35.314338089186265,665.9002809973307,0.0,PS_006,7.551043131403785,360.0,2.4732691343809536
30.169139784297954,9.924275400996937,2024-06-09T18:45:00Z,3,3,3,3,3,3,1,3,3,3,313.96146834168707,44.63749866228341,,,,,,,,,,36.61868928233663,643.3976794731026,0.0,PS_006,6.923782029540116,360.0,3.777750680254864
30.227845733786893,9.922389306362593,2024-06-09T19:00:00Z,4,4,4,4,4,4,1,4,4,4,266.90250756788953,39.72354492936327,,,,,,,,,,36.79804170682254,614.6819652600551,0.0,PS_006,6.463803539961246,359.99999999999994,1.6213101053481793
29.952439118106142,9.91977757698295,2024-06-09T19:15:00Z,4,4,4,4,4,4,1,4,4,4,212.20173178505024,33.439372175556315,,,,,,,,,,36.395121605617696,537.9115818091924,0.0,PS_006,6.2207854752113825,360.00000000000006,2.1249298992221006
29.700000762939457,9.919079846756533,2024-06-09T19:30:00Z,3,3,3,3,3,3,1,3,3,3,162.20229378078466,25.829892865569946,,,,,,,,,,34.0477305683998,383.51259101410704,0.0,PS_006,6.719787446608802,360.0,2.448454367052169
29.18604105980079,9.916867682392265,2024-06-09T19:45:00Z,4,4,4,4,4,4,1,4,4,4,126.0518441900686,17.74810600713943,,,,,,,,,,32.535749744511506,293.4404906268699,0.0,PS_006,6.007270857659732,360.00000000000006,2.3352072393859786
28.842747271391694,9.91470845469855,2024-06-09T20:00:00Z,3,3,3,3,3,3,1,3,3,3,78.79036781338276,7.05752948833565,,,,,,,,,,30.690073739019592,160.9242454772363,0.0,PS_006,4.267809027200114,359.99999999999994,1.0275647226776112
27.8666247294415,9.911054013946247,2024-06-09T20:15:00Z,4,4,4,4,4,4,1,4,4,4,32.034715906028765,1.2275574236936058,,,,,,,,,,27.830080421407786,49.63239754097191,0.0,PS_006,2.0172930341279427,360.00000000000006,1.3453068713655214
26.90686916765832,9.910383224487306,2024-06-09T20:30:00Z,3,3,3,3,3,3,1,3,3,3,7.85715917534518,-0.7764636639460111,,,,,,,,,,25.160390745610755,6.787043771915512,0.0,PS_006,-13.68685435931182,360.0,1.7496198547972508
26.36509231069022,9.905928878735248,2024-06-09T20:45:00Z,3,3,3,3,3,3,1,3,3,3,-1.533126775583566,-1.9661142429856135,,,,,,,,,,22.965282526592468,-2.6299640459714753,0.0,PS_006,78.44816009168885,360.00000000000006,1.037209705967963
22.906556649025266,9.903653749511351,2024-06-09T21:00:00Z,4,4,4,4,4,4,1,4,4,4,-4.726213371796002,-3.509027437526181,,,,,,,,,,20.625677332652074,-4.260617546527185,0.0,PS_006,81.91459241520316,360.0,0.8319075276020997
22.100000381469727,9.900357246398926,2024-06-09T21:15:00Z,3,3,3,3,3,3,1,3,3,3,-3.3106340754625707,-1.174195279328231,,,,,,,,,,20.180721407179455,-3.003340745229413,0.0,PS_006,35.08882860429109,360.00000000000006,1.309414995610723
21.452196413387274,9.895611411078749,2024-06-09T21:30:00Z,4,4,4,4,4,4,1,4,4,4,-2.384888724809434,-0.9947873009651752,,,,,,,,,,19.53369404470614,-2.8025893078854516,0.0,PS_006,39.081105002092656,359.99999999999994,1.2819473372229802
21.071839360935595,9.891784364363351,2024-06-09T21:45:00Z,4,4,4,4,4,4,1,4,4,4,-2.512914003062683,-1.0052766824670847,,,,,,,,,,18.69429556200052,-3.162663472009748,0.0,PS_006,30.148271333691806,360.0,0.3161196140142376
20.4556256334466,9.888972596499274,2024-06-09T22:00:00Z,3,3,3,3,3,3,1,3,3,3,-2.8842280122079833,-1.1319796147548191,,,,,,,,,,17.643251389537404,-2.6867133381222192,0.0,PS_006,51.03236317031287,360.0,0.6591940609920066
19.691516561258076,9.882761962674934,2024-06-09T22:15:00Z,4,4,4,4,4,4,1,4,4,4,-2.518166577922279,-0.9623192566813388,,,,,,,,,,17.34085152524619,-2.6685116436630167,0.0,PS_006,35.9984107876181,360.0,0.5900199285686294
19.492070984656582,9.879638671875002,2024-06-09T22:30:00Z,3,3,3,3,3,3,1,3,3,3,-3.121707372374551,-1.5148576994252623,,,,,,,,,,16.485468140205416,-2.5365807170732264,0.0,PS_006,62.318435457848395,360.0,0.017003646272824552
18.698882018222093,9.87488571898146,2024-06-09T22:45:00Z,4,4,4,4,4,4,1,4,4,4,-1.890201303623845,-0.6131732819287804,,,,,,,,,,16.069388927440425,-2.1279033440951793,0.0,PS_006,28.988174784898,360.00000000000006,0.5195520237872583
18.303742489107986,9.869584591195549,2024-06-09T23:00:00Z,4,4,4,4,4,4,1,4,4,4,-1.9030823785660946,-0.8721266984496642,,,,,,,,,,15.79342141371867,-2.609974637112989,0.0,PS_006,31.48214591435594,360.0,0.5345712584695446
16.997558118841827,9.868760534951948,2024-06-09T23:15:00Z,3,3,3,3,3,3,1,3,3,3,-3.3928943469481596,-1.3535839932682079,,,,,,,,,,14.56808612122443,-2.6134828898335827,0.0,PS_006,53.70629510556957,359.99999999999994,0.0020000000949949026
17.78127098346169,9.858860842241914,2024-06-09T23:30:00Z,3,3,3,3,3,3,1,3,3,3,-0.892567763384868,0.19711963669465485,,,,,,,,,,14.922929654224589,-0.6442259293498468,0.0,PS_006,-43.4748542070604,359.99999999999994,0.1566122946903669
17.611952471725438,9.854242324829102,2024-06-09T23:45:00Z,4,4,4,4,4,4,1,4,4,4,-1.4287408915811701,-0.4503799105121413,,,,,,,,,,15.226328204912239,-1.390265781655133,0.0,PS_006,21.292538780179825,359.99999999999994,0.5391796001260667
15.866737286147586,9.84889602661133,2024-06-10T00:00:00Z,3,3,3,3,3,3,1,3,3,3,-2.982257886803236,-1.1660585455017536,,,,,,,,,,14.100000381469727,-2.4595701923142874,0.0,PS_006,42.10610492832953,360.0,0.9181170057119155
15.944642335872125,9.843645392880509,2024-06-10T00:15:00Z,4,4,4,4,4,4,1,4,4,4,-1.2586934300602812,-0.2778636577203458,,,,,,,,,,14.144835601954027,-1.9452961938537487,0.0,PS_006,12.37309785353297,360.00000000000006,1.3485525530608347
15.858749685991638,9.83776813224641,2024-06-10T00:30:00Z,3,3,3,3,3,3,1,3,3,3,-1.7135567736605777,-0.271685404421703,,,,,,,,,,13.987504746001335,-2.1578701055485356,0.0,PS_006,12.235447684650191,360.0,1.0168505044674276
15.794156505731674,9.832673735489406,2024-06-10T00:45:00Z,4,4,4,4,4,4,1,4,4,4,-1.5298812925925027,0.10916544636257632,,,,,,,,,,13.94123545992194,-1.945617525683648,0.0,PS_006,-17.66427301993875,360.0,0.8181364776499477
15.528314924130287,9.824550248567748,2024-06-10T01:00:00Z,4,4,4,4,4,4,1,4,4,4,-2.4064386441762395,-0.4977726008627004,,,,,,,,,,13.601657038648838,-2.2830626046058136,0.0,PS_006,18.077083172867304,359.99999999999994,0.19635961621334008
15.142726903655443,9.818091522391448,2024-06-10T01:15:00Z,3,3,3,3,3,3,1,3,3,3,-1.7593649350292053,-0.045957263728098954,,,,,,,,,,12.997444244162088,-1.8934496136834662,0.0,PS_006,3.0766054261993907,360.0,0.24177878328331776
15.400468800041617,9.809890766037162,2024-06-10T01:30:00Z,4,4,4,4,4,4,1,4,4,4,-1.4655423436263277,-0.34500933026821873,,,,,,,,,,13.04253679463092,-1.949506400091317,0.0,PS_006,15.305615832277013,360.0,0.8260109327234042
14.833139058086312,9.803512658301361,2024-06-10T01:45:00Z,4,4,4,4,4,4,1,4,4,4,-1.5412160386126943,-0.005662290941128429,,,,,,,,,,13.221638839379095,-1.6828102366695403,0.0,PS_006,-0.03368244965025787,359.99999999999994,1.134818589696098
15.525521315074023,9.796501237671931,2024-06-10T02:00:00Z,3,3,3,3,3,3,1,3,3,3,-1.7049747402292892,0.12416665041242898,,,,,,,,,,13.495335505052124,-1.8890865909708539,0.0,PS_006,-10.565529899429581,360.00000000000006,0.15147643171956915
14.39239667818493,9.791415261378495,2024-06-10T02:15:00Z,4,4,4,4,4,4,1,4,4,4,-2.060656390434849,-0.6567774126138552,,,,,,,,,,12.413525964510292,-1.840538663194102,0.0,PS_006,36.715081828099585,359.99999999999994,0.41168717790131915
14.600000381469725,9.781199543177667,2024-06-10T02:30:00Z,3,3,3,3,3,3,1,3,3,3,-1.2963879068008692,0.1665800784619239,,,,,,,,,,12.731174763812813,-1.416984987967112,0.0,PS_006,-11.783161475910337,360.0,0.8360931351243067
13.938629034770601,9.77397655308625,2024-06-10T02:45:00Z,4,4,4,4,4,4,1,4,4,4,-2.228096812720498,-0.8711597668642779,,,,,,,,,,11.979199325262844,-1.7493019586292788,0.0,PS_006,54.010016964155625,360.00000000000006,0.31337277825212617
14.427652076218695,9.76603915491348,2024-06-10T03:00:00Z,4,4,4,4,4,4,1,4,4,4,-1.1944529764277838,-0.01567221764517702,,,,,,,,,,12.095658491751164,-0.8325508168382909,0.0,PS_006,-48.73567358940023,360.00000000000006,0.44933220300436083
14.156088555643956,9.755997657775879,2024-06-10T03:15:00Z,3,3,3,3,3,3,1,3,3,3,-1.255464516443171,0.032287630061543275,,,,,,,,,,12.639415156149163,-1.5905150012539884,0.0,PS_006,-9.97552138999668,360.0,1.1751190885486598
13.710330520940817,9.748656958293218,2024-06-10T03:30:00Z,4,4,4,4,4,4,1,4,4,4,-1.8162120728082454,-0.35715217462115456,,,,,,,,,,11.830285396901246,-1.9761629572371175,0.0,PS_006,16.743168421868166,360.00000000000006,0.5212842028684476
13.450348582906878,9.736721801904054,2024-06-10T03:45:00Z,3,3,3,3,3,3,1,3,3,3,-1.0094198016797828,0.04618535630148514,,,,,,,,,,11.899999618530273,-1.5942128142207237,0.0,PS_006,-2.135181346647499,360.00000000000006,0.5173662479583776
14.211424947620673,9.727944882851629,2024-06-10T04:00:00Z,4,4,4,4,4,4,1,4,4,4,-0.6162534875930341,1.0079290706213708,,,,,,,,,,12.372204367625365,-1.0432101852479132,0.0,PS_006,-135.15310635435404,360.0,0.7392119518259922
13.24003557075249,9.714596564102846,2024-06-10T04:15:00Z,4,4,4,4,4,4,1,4,4,4,-2.364516267201451,-1.0714395365624945,,,,,,,,,,11.704748697312153,-2.4594626032270157,0.0,PS_006,44.99656057039263,360.00000000000006,0.2072472217572125
13.136683764520319,9.701500650378385,2024-06-10T04:30:00Z,3,3,3,3,3,3,1,3,3,3,-1.9565554038177158,-0.18960606623628665,,,,,,,,,,11.354190702084901,-1.6908558182276103,0.0,PS_006,11.357281079955795,359.99999999999994,0.44300175248451507
13.431870639905245,9.691945497011108,2024-06-10T04:45:00Z,4,4,4,4,4,4,1,4,4,4,-0.9414299825890994,-0.196015956794144,,,,,,,,,,11.407496046187685,-1.3642718332048618,0.0,PS_006,3.623623009577529,360.00000000000006,0.02960463094768772
13.886075572640465,9.680066478474709,2024-06-10T05:00:00Z,3,3,3,3,3,3,1,3,3,3,-0.8991277493789951,0.09058105100896935,,,,,,,,,,11.399999618530275,-1.4861249436796704,0.0,PS_006,-5.693540195200915,360.0,0.5362209801707748
12.953030442501378,9.6698512425641,2024-06-10T05:15:00Z,4,4,4,4,4,4,1,4,4,4,-2.0198194287063087,-0.08865618196932298,,,,,,,,,,11.299063852232326,-1.2462019545704532,0.0,PS_006,7.436007547476328,360.0,0.6214878597194572
13.097986786334896,9.653731888914631,2024-06-10T05:30:00Z,4,4,4,4,4,4,1,4,4,4,-0.7225035428975577,0.3272411690389578,,,,,,,,,,11.611061673944246,-1.0766619265358262,0.0,PS_006,-36.50378624216198,360.00000000000006,1.2241369832392157
13.290384929785732,9.64234457217171,2024-06-10T05:45:00Z,3,3,3,3,3,3,1,3,3,3,-1.7328409054057787,0.19066747099594633,,,,,,,,,,11.699999809265137,-1.4280769799507789,0.0,PS_006,-19.664671486240945,360.00000000000006,1.197202724467763
13.990096077064406,9.628379177526533,2024-06-10T06:00:00Z,4,4,4,4,4,4,1,4,4,4,-1.3361610338567316,0.633040402544255,,,,,,,,,,12.159558450082132,-1.4863859857256074,0.0,PS_006,-40.161509745330605,360.00000000000006,1.0959948073928307
14.526969376924807,9.615889974435161,2024-06-10T06:15:00Z,4,4,4,4,4,4,1,4,4,4,-1.3898596212848289,0.26780620844758823,,,,,,,,,,12.211513498473314,-1.581587243931263,0.0,PS_006,-19.925211624027963,360.00000000000006,0.5863803802903891
13.321396982308833,9.602336056780672,2024-06-10T06:30:00Z,3,3,3,3,3,3,1,3,3,3,-2.7408606726190756,-0.99273868436488,,,,,,,,,,11.410689920939909,-2.345013633192437,0.0,PS_006,36.769799551947855,360.0,0.2104294255355185
13.683770656537172,9.590084020509444,2024-06-10T06:45:00Z,4,4,4,4,4,4,1,4,4,4,-0.7600932295483134,0.08192782507730745,,,,,,,,,,11.470638846040245,-1.4206483087757487,0.0,PS_006,-15.282239303403264,360.0,1.0341482189628626
13.169630390514481,9.58052102259859,2024-06-10T07:00:00Z,3,3,3,3,3,3,1,3,3,3,-2.677655927192262,-0.6714823337676089,,,,,,,,,,11.44899643886111,-2.026208195580298,0.0,PS_006,38.99748063988992,360.0,0.2658435363455376
13.462064203319871,9.563518542467994,2024-06-10T07:15:00Z,4,4,4,4,4,4,1,4,4,4,-1.5553934043113542,0.1961699486142948,,,,,,,,,,11.712204328589994,-1.2660284352888485,0.0,PS_006,-27.97662977484762,359.99999999999994,1.2010365458076075
14.284575000270491,9.549481103622309,2024-06-10T07:30:00Z,4,4,4,4,4,4,1,4,4,4,-0.6325829813497386,1.056083145514185,,,,,,,,,,12.452466532193014,-1.0848911969486241,0.0,PS_006,-104.41605939933645,360.0,1.2599973451770063
15.089032051273287,9.535521230148387,2024-06-10T07:45:00Z,3,3,3,3,3,3,1,3,3,3,-0.7294253666678713,1.2471729622998664,,,,,,,,,,12.95900620850213,-0.9058673419898061,0.0,PS_006,-197.2778117781193,360.0,1.6704391809487937
14.503279302317123,9.524795225667386,2024-06-10T08:00:00Z,4,4,4,4,4,4,1,4,4,4,-2.005264092226112,-0.44022514428807863,,,,,,,,,,12.524597155774387,-2.031089450155994,0.0,PS_006,-3.4692369846616127,360.0,1.5109395284996998
13.710326942556287,9.511254111909542,2024-06-10T08:15:00Z,3,3,3,3,3,3,1,3,3,3,-2.9966125503480154,-0.9288045633453518,,,,,,,,,,11.97028966693697,-2.29466916796666,0.0,PS_006,28.821562049328076,360.0,0.7390596827406201
13.774930209999722,9.501101247285414,2024-06-10T08:30:00Z,4,4,4,4,4,4,1,4,4,4,-1.910066807395671,-0.14285627981273105,,,,,,,,,,12.152851496453746,-1.793258935188303,0.0,PS_006,7.245058139991939,360.0,0.25968827846065873
13.735326758130421,9.48689973997104,2024-06-10T08:45:00Z,4,4,4,4,4,4,1,4,4,4,-1.4075736519792237,-0.24227133879187118,,,,,,,,,,12.01816328022626,-1.8467746588948284,0.0,PS_006,5.4564214576206655,360.00000000000006,0.5792338992065554
13.455155026987702,9.474660267186866,2024-06-10T09:00:00Z,3,3,3,3,3,3,1,3,3,3,-1.7023846959932598,-0.10885064358337775,,,,,,,,,,11.699999809265137,-1.668887439386828,0.0,PS_006,5.590406849448962,360.00000000000006,0.6383049727519545
13.36058576737256,9.463132923714145,2024-06-10T09:15:00Z,4,4,4,4,4,4,1,4,4,4,-1.675049023936431,-1.92510213174357e-05,,,,,,,,,,11.699999809265133,-1.7782862840461466,0.0,PS_006,-1.0239957502919736,359.99999999999994,0.3590915283918436
13.818449384789519,9.448154046803989,2024-06-10T09:30:00Z,3,3,3,3,3,3,1,3,3,3,-0.7831384657367674,0.3582563461129929,,,,,,,,,,12.013220737135473,-0.7548748831556887,0.0,PS_006,-4.14356087625813,360.00000000000006,0.7797066795742374
13.548152838880297,9.437902840346752,2024-06-10T09:45:00Z,3,3,3,3,3,3,1,3,3,3,1.6046671914973776,-0.11912598592505043,,,,,,,,,,11.81754257896231,3.230530212492018,0.0,PS_006,-4.822589167919221,359.99999999999994,0.17554133613827033
13.603302396603608,9.425615743974765,2024-06-10T10:00:00Z,4,4,4,4,4,4,1,4,4,4,19.757301065225846,6.24193241137551,,,,,,,,,,11.84577301634427,20.378845554533193,0.0,PS_006,28.39187596848965,360.0,0.5687644298388367
14.36018464294204,9.412685438533297,2024-06-10T10:15:00Z,3,3,3,3,3,3,1,3,3,3,49.54434486741664,10.159860902176387,,,,,,,,,,12.499999999999998,71.85090328938378,0.0,PS_006,14.401957337383077,360.00000000000006,0.014500094182306663
14.342820565666777,9.402905900019395,2024-06-10T10:30:00Z,4,4,4,4,4,4,1,4,4,4,90.93677635780884,12.489336624928171,,,,,,,,,,13.15831604507207,173.87257225650737,0.0,PS_006,7.134307922921562,360.0,0.6847516162975383
15.877641454018823,9.389541363609341,2024-06-10T10:45:00Z,4,4,4,4,4,4,1,4,4,4,138.3090515983755,25.73953206463193,,,,,,,,,,15.174612439069115,312.1395947692809,0.0,PS_006,8.233049978252376,359.99999999999994,0.4183614722804125
17.763243029131655,9.380262492936804,2024-06-10T11:00:00Z,3,3,3,3,3,3,1,3,3,3,184.97417544992754,38.802870901571204,,,,,,,,,,17.470722263793704,451.78129598066914,0.0,PS_006,8.592497953596885,360.00000000000006,0.23031462342536776
19.652185963484392,9.368822259308477,2024-06-10T11:15:00Z,4,4,4,4,4,4,1,4,4,4,233.35050047469775,46.98131086126323,,,,,,,,,,20.703472854800907,588.9455699509161,0.0,PS_006,7.979765442530626,359.99999999999994,0.04134764009960248
21.183824341944515,9.361288227311103,2024-06-10T11:30:00Z,3,3,3,3,3,3,1,3,3,3,280.84556953523173,50.63324562648678,,,,,,,,,,25.385293493277715,658.4570001023784,0.0,PS_006,7.682312441368689,360.0,0.642325220227835
21.953868160824626,9.354821788853206,2024-06-10T11:45:00Z,4,4,4,4,4,4,1,4,4,4,328.71381701481425,52.791395729446,,,,,,,,,,26.799999237060547,682.3027506648688,0.0,PS_006,7.735895323673068,360.00000000000006,0.9381723322390633
22.7161662670649,9.344320478447253,2024-06-10T12:00:00Z,4,4,4,4,4,4,1,4,4,4,381.2722186723418,54.51217923208496,,,,,,,,,,27.217189172595727,710.7854600441458,0.0,PS_006,7.666325378786554,360.0,0.9840387239328096
23.855531372803433,9.34360653859164,2024-06-10T12:15:00Z,3,3,3,3,3,3,1,3,3,3,428.7797769118706,56.21157487288469,,,,,,,,,,29.351480810669802,726.0855602643724,0.0,PS_006,7.749588568681202,359.99999999999994,0.7423402744959451
24.827129169952958,9.334947586059572,2024-06-10T12:30:00Z,4,4,4,4,4,4,1,4,4,4,472.22166256759607,57.51321466386217,,,,,,,,,,29.754115015556657,732.6631754093097,0.0,PS_006,7.852520573812286,360.00000000000006,0.45769335154008034
25.90406186905507,9.330454243218254,2024-06-10T12:45:00Z,4,4,4,4,4,4,1,4,4,4,518.383933770627,61.14133320235369,,,,,,,,,,32.48536266426451,738.5139866095025,0.0,PS_006,8.28425099078169,359.9999999999999,2.914252462724543
26.188229623734323,9.325899373733689,2024-06-10T13:00:00Z,3,3,3,3,3,3,1,3,3,3,560.0944842460405,60.330147509028684,,,,,,,,,,32.61349535448226,733.987974722549,0.0,PS_006,8.213650149400658,359.99999999999994,2.8041712420868476
26.941305149040723,9.320382056606084,2024-06-10T13:15:00Z,4,4,4,4,4,4,1,4,4,4,594.9456869022512,61.40184173661993,,,,,,,,,,33.599998474121094,729.1271659761348,0.0,PS_006,8.413792333796255,360.0,3.5597222880740182
27.541803346465713,9.319575309753418,2024-06-10T13:30:00Z,3,3,3,3,3,3,1,3,3,3,622.3121390636973,61.36953221416265,,,,,,,,,,34.05829095430593,721.5701872770085,0.0,PS_006,8.515923340762997,360.0,3.2586492483122464
28.102205573795782,9.31872666940027,2024-06-10T13:45:00Z,4,4,4,4,4,4,1,4,4,4,652.0265556015955,61.318261211137845,,,,,,,,,,33.35168517167992,718.4726010543559,0.0,PS_006,8.546090162779409,359.99999999999994,3.6415412821971596
28.730758498154913,9.315075537528747,2024-06-10T14:00:00Z,4,4,4,4,4,4,1,4,4,4,677.8299028611367,60.76603415561105,,,,,,,,,,34.025827813353565,714.4245196056886,0.0,PS_006,8.505627744705087,359.99999999999994,4.899579132963142
28.619381906431798,9.313400035618901,2024-06-10T14:15:00Z,3,3,3,3,3,3,1,3,3,3,681.7178687646896,57.59565192420335,,,,,,,,,,33.85348423583506,695.2065441192102,0.0,PS_006,8.296633710927644,360.0,4.736027015762501
29.11919544157954,9.310593725436526,2024-06-10T14:30:00Z,4,4,4,4,4,4,1,4,4,4,705.707953009243,57.396490874041824,,,,,,,,,,33.91431479119655,699.7145635091891,0.0,PS_006,8.19612657947477,360.00000000000006,3.480254804502425
29.20000076293945,9.30888271331787,2024-06-10T14:45:00Z,3,3,3,3,3,3,1,3,3,3,721.7048137309282,56.30382563706903,,,,,,,,,,33.88176664059372,702.018870824496,0.0,PS_006,8.01570068310168,360.0,4.728100556271397
29.65912424953035,9.307124042918053,2024-06-10T15:00:00Z,4,4,4,4,4,4,1,4,4,4,722.9131607238583,55.59631939095525,,,,,,,,,,34.28450990262827,676.5373476397401,0.0,PS_006,8.270719572376482,360.0,2.8626955658672952
29.961702770312204,9.30493145107941,2024-06-10T15:15:00Z,4,4,4,4,4,4,1,4,4,4,719.5089671263689,54.62654978571434,,,,,,,,,,33.26417068059504,689.7148827157278,0.0,PS_006,7.927735514947559,360.0,4.3099443179588945
29.531579758796646,9.307474295043676,2024-06-10T15:30:00Z,3,3,3,3,3,3,1,3,3,3,722.9430093770784,54.39558449323658,,,,,,,,,,33.71938523146942,694.3750770658548,0.0,PS_006,7.815180912928341,360.0,3.649361737012352
29.53417439425563,9.304203987121582,2024-06-10T15:45:00Z,4,4,4,4,4,4,1,4,4,4,711.4333371299508,53.72315985245022,,,,,,,,,,32.473324117091664,691.9018051204597,0.0,PS_006,7.772833160148414,360.0,3.9217920962403983
29.747972297261978,9.302945664360012,2024-06-10T16:00:00Z,4,4,4,4,4,4,1,4,4,4,700.1501130186819,54.42479338044198,,,,,,,,,,33.31000656615094,694.1747894831822,0.0,PS_006,7.835221211946959,360.0,3.300729700028761
30.25455940271924,9.300035727930737,2024-06-10T16:15:00Z,3,3,3,3,3,3,1,3,3,3,686.6087205475022,54.189852163156885,,,,,,,,,,35.338334627654824,696.2793159354821,0.0,PS_006,7.768594222108374,360.0,2.5428216545220566
30.590809370139763,9.298857688903809,2024-06-10T16:30:00Z,4,4,4,4,4,4,1,4,4,4,665.7823202146576,52.231795954313235,,,,,,,,,,35.565734540972656,700.0261214516895,0.0,PS_006,7.459321583270531,359.99999999999994,3.1928780615656676
31.052956971581334,9.294349747816105,2024-06-10T16:45:00Z,3,3,3,3,3,3,1,3,3,3,642.5013897170688,52.212964382768064,,,,,,,,,,34.95499478329107,703.6290724379038,0.0,PS_006,7.412833642994703,360.00000000000006,1.573808234576672
30.79279152718999,9.293511390686037,2024-06-10T17:00:00Z,4,4,4,4,4,4,1,4,4,4,614.9579874391393,52.01219942189928,,,,,,,,,,35.42484506774804,707.6523850809057,0.0,PS_006,7.354914394179866,360.00000000000006,2.301035308624709
30.87752481190288,9.2907847218215,2024-06-10T17:15:00Z,4,4,4,4,4,4,1,4,4,4,576.4729767526549,51.56754391331195,,,,,,,,,,37.91858916658552,704.0057575485953,0.0,PS_006,7.330378397063654,360.0,1.4762260476726288
30.74303241028007,9.288832664489746,2024-06-10T17:30:00Z,3,3,3,3,3,3,1,3,3,3,542.976863349321,51.09905580886663,,,,,,,,,,36.897235489353434,709.9876177110283,0.0,PS_006,7.19495164075039,360.0,1.6455262412720417
30.907867347892125,9.287232941157637,2024-06-10T17:45:00Z,4,4,4,4,4,4,1,4,4,4,505.79240415905144,53.10466214517586,,,,,,,,,,36.42127770773072,707.9589021660299,0.0,PS_006,7.50141043942144,360.0,2.2753701483522573
31.070950307697906,9.283485412597656,2024-06-10T18:00:00Z,3,3,3,3,3,3,1,3,3,3,464.1187610684811,52.60496916112467,,,,,,,,,,38.741696379615426,707.9437447911963,0.0,PS_006,7.421621582480815,360.0,1.602526905060922
30.956003452197322,9.282202797246507,2024-06-10T18:15:00Z,4,4,4,4,4,4,1,4,4,4,418.0900802372196,56.79147773548657,,,,,,,,,,38.07663876452931,694.8040688541547,0.0,PS_006,8.174337909069534,360.00000000000006,2.915416438106456
30.97772606897502,9.27897822087155,2024-06-10T18:30:00Z,4,4,4,4,4,4,1,4,4,4,368.2195369694979,48.53210218832271,,,,,,,,,,37.912107260884966,686.6648545450685,0.0,PS_006,7.064222854947917,359.99999999999994,2.129002705832702
30.59931660789425,9.278139114379883,2024-06-10T18:45:00Z,3,3,3,3,3,3,1,3,3,3,319.4044764363233,44.360765863569775,,,,,,,,,,37.11913043765293,664.8523330219738,0.0,PS_006,6.681850315253014,360.0,2.2698223997524214
31.259593816953085,9.2766460308055,2024-06-10T19:00:00Z,4,4,4,4,4,4,1,4,4,4,268.42412312976643,39.10847301492452,,,,,,,,,,38.094314123885034,632.940008731404,0.0,PS_006,6.173517931958699,359.99999999999994,0.7579774148597084
31.100000381469727,9.27456844885188,2024-06-10T19:15:00Z,3,3,3,3,3,3,1,3,3,3,222.49288386780327,34.52135042755422,,,,,,,,,,36.68849777508744,573.2015972741525,0.0,PS_006,6.015493931102673,360.0,1.534417573749144
30.36618908661893,9.273461341857912,2024-06-10T19:30:00Z,4,4,4,4,4,4,1,4,4,4,171.47794952903263,28.132777842605936,,,,,,,,,,36.06874965363972,434.10146346361944,0.0,PS_006,6.475118367062839,360.00000000000006,1.4700905097171115
30.299999237060547,9.27186974425946,2024-06-10T19:45:00Z,4,4,4,4,4,4,1,4,4,4,126.01792935719206,17.60691361904019,,,,,,,,,,34.9777624915274,306.82528841685445,0.0,PS_006,5.705042175921217,359.99999999999994,0.6478549841281039
30.211580223438062,9.267326230603945,2024-06-10T20:00:00Z,3,3,3,3,3,3,1,3,3,3,78.72261218846522,5.941013085817788,,,,,,,,,,33.46524098797864,170.86286579172005,0.0,PS_006,3.4287717414072065,360.0,0.15499707886256872
28.468294113717267,9.26349803722385,2024-06-10T20:15:00Z,4,4,4,4,4,4,1,4,4,4,29.212404457897623,0.22954981980983755,,,,,,,,,,28.65095348297802,44.80274575956644,0.0,PS_006,-1.4246965003741352,359.99999999999994,0.8420849255880863
27.27746359859208,9.262767791748049,2024-06-10T20:30:00Z,4,4,4,4,4,4,1,4,4,4,5.324127767037344,-1.808553656600835,,,,,,,,,,24.69848933922831,3.468923914241392,0.0,PS_006,-29.693759195988232,360.00000000000006,1.0734671880766518
25.017759730608205,9.25717385147674,2024-06-10T20:45:00Z,3,3,3,3,3,3,1,3,3,3,-3.0722436921758614,-2.7047506448903764,,,,,,,,,,21.878045349812563,-3.7877013896550764,0.0,PS_006,68.7727147347743,360.0,0.26282230754672004
23.098970780521448,9.253551457928646,2024-06-10T21:00:00Z,4,4,4,4,4,4,1,4,4,4,-3.8104799545905794,-2.833996692689833,,,,,,,,,,20.67563127238913,-4.349563506362746,0.0,PS_006,61.69766407383626,360.0,1.0604977477947786
22.193044306915553,9.247376714934465,2024-06-10T21:15:00Z,3,3,3,3,3,3,1,3,3,3,-3.4269609139656234,-2.205855286565807,,,,,,,,,,19.202662259423246,-3.937773974682368,0.0,PS_006,59.969787212218314,360.0,0.07443113090535158
20.637570199082138,9.24185867935823,2024-06-10T21:30:00Z,4,4,4,4,4,4,1,4,4,4,-3.8345636841327475,-1.5511703594711952,,,,,,,,,,18.512866152197304,-3.4017404286962427,0.0,PS_006,50.952281633260085,359.99999999999994,1.1573841992546956
20.68802847171593,9.235138592847617,2024-06-10T21:45:00Z,4,4,4,4,4,4,1,4,4,4,-2.3537427858743936,-0.9786602005123215,,,,,,,,,,17.988496104544204,-2.969069317525118,0.0,PS_006,26.18027381890031,359.99999999999994,0.384673690409648
20.15293574081181,9.227511454250841,2024-06-10T22:00:00Z,3,3,3,3,3,3,1,3,3,3,-1.9412004903341444,-1.241113078098597,,,,,,,,,,17.207993695894785,-3.196097255005166,0.0,PS_006,38.748948424751205,360.00000000000006,1.119148748865394
20.573507225605002,9.219545152688955,2024-06-10T22:15:00Z,4,4,4,4,4,4,1,4,4,4,-2.2163677473529417,-1.2357540623704073,,,,,,,,,,16.502471125994912,-2.25700656471605,0.0,PS_006,50.63116132192499,360.0,-0.003434365340127136
19.996748737582347,9.209667453436548,2024-06-10T22:30:00Z,4,4,4,4,4,4,1,4,4,4,-2.2419869538714647,-1.06541367716723,,,,,,,,,,15.657887519276679,-0.7869573829027761,0.0,PS_006,158.75229978047042,360.0,1.1644322034379457
20.109228106164323,9.202434469475488,2024-06-10T22:45:00Z,3,3,3,3,3,3,1,3,3,3,-1.909072910224636,0.045132799318695196,,,,,,,,,,15.956136139314957,0.49702028458699327,0.0,PS_006,44.799334365696986,360.00000000000006,1.0220955207447286
19.369786154475875,9.191957815977569,2024-06-10T23:00:00Z,4,4,4,4,4,4,1,4,4,4,-1.9660937342534457,-0.3290267175748025,,,,,,,,,,16.20802617744258,-0.27367918007644193,0.0,PS_006,48.16659024596742,359.99999999999994,1.0177934582062558
17.74201018277301,9.186795055393196,2024-06-10T23:15:00Z,3,3,3,3,3,3,1,3,3,3,-3.3904141543301587,-0.994025411401462,,,,,,,,,,15.642010570634895,-2.5052469596833062,0.0,PS_006,46.21955498130417,360.0,0.4701293331897346
17.575154335651852,9.175612567177394,2024-06-10T23:30:00Z,4,4,4,4,4,4,1,4,4,4,-1.8722984497674093,-0.48416735586401344,,,,,,,,,,15.202446082693445,-1.9391495614272556,0.0,PS_006,21.32769711454622,360.0,0.3819127981169538
17.166757672535127,9.16682766541861,2024-06-10T23:45:00Z,4,4,4,4,4,4,1,4,4,4,-2.0450449150028684,-0.42965599791574777,,,,,,,,,,14.620898313998328,-1.982302275336054,0.0,PS_006,14.616644154859578,360.0,1.072045670498318
17.242533430747788,9.158395333984416,2024-06-11T00:00:00Z,3,3,3,3,3,3,1,3,3,3,-2.078196102251625,-0.15466289479792864,,,,,,,,,,15.155221462046287,-2.1738788205535364,0.0,PS_006,5.042064478652078,359.99999999999994,0.8919894748584998
17.334938287639183,9.146903589843088,2024-06-11T00:15:00Z,4,4,4,4,4,4,1,4,4,4,-1.904509756150566,-0.08357587379625712,,,,,,,,,,15.275172812427709,-2.124884064011024,0.0,PS_006,2.313699965743352,360.00000000000006,0.26820109733250136
16.53406109578193,9.137481147953885,2024-06-11T00:30:00Z,4,4,4,4,4,4,1,4,4,4,-2.6320034356791133,-1.4848686493060765,,,,,,,,,,14.08021391588062,-2.335322279588428,0.0,PS_006,63.747405719885876,360.00000000000006,0.2342360165776461
15.968332537763066,9.123509021852264,2024-06-11T00:45:00Z,3,3,3,3,3,3,1,3,3,3,-1.9131431053203927,-0.7817171486603706,,,,,,,,,,13.594276443650104,-2.5439262131258262,0.0,PS_006,37.79211521907901,360.0,0.9072245799935383
16.110744427881848,9.114549377135065,2024-06-11T01:00:00Z,4,4,4,4,4,4,1,4,4,4,-1.844501521712168,-0.41401238251857814,,,,,,,,,,13.536440682051468,-1.6945626290988907,0.0,PS_006,54.093737218303936,360.0,0.20463119762543494
15.388502864946393,9.107861210723833,2024-06-11T01:15:00Z,2,2,2,2,2,2,1,2,2,2,-2.6635980190478725,-1.1913233427399252,,,,,,,,,,12.888751061001805,-1.8813977873105834,0.0,PS_006,69.97142381244274,360.00000000000006,1.1618097770363063
14.914825355828727,9.096843380872796,2024-06-11T01:30:00Z,4,4,4,4,4,4,1,4,4,4,-1.466605767576447,-0.07170708464677691,,,,,,,,,,12.699999809265137,-1.6946126378283386,0.0,PS_006,-0.31238298209111054,360.0,0.8984084068315406
14.742020356329382,9.088470719106828,2024-06-11T01:45:00Z,4,4,4,4,4,4,1,4,4,4,-1.7949598605541441,-0.24738201463791168,,,,,,,,,,12.618042547056772,-1.994658786957503,0.0,PS_006,13.914135462302623,359.99999999999994,0.4567707949556533
14.332645677048978,9.076950481457274,2024-06-11T02:00:00Z,3,3,3,3,3,3,1,3,3,3,-2.230348931558183,-0.8920420405639475,,,,,,,,,,11.806286954309247,-2.4302840625964746,0.0,PS_006,38.989662362217224,360.0,0.9283357816338906
13.859184579991592,9.069967255719472,2024-06-11T02:15:00Z,4,4,4,4,4,4,1,4,4,4,-2.187824955127642,-0.06556087956426379,,,,,,,,,,11.759184198521865,-1.0818432642287508,0.0,PS_006,19.258958788937406,360.0,0.005988294908239915
13.955011778790299,9.06150549395717,2024-06-11T02:30:00Z,4,4,4,4,4,4,1,4,4,4,-1.5091935648748156,0.02643274048341564,,,,,,,,,,11.594534682872505,-0.9638200847805476,0.0,PS_006,-7.818009353817524,359.9999999999999,0.4220200292792485
13.965308844245266,9.052502919771847,2024-06-11T02:45:00Z,3,3,3,3,3,3,1,3,3,3,-0.9718036046310019,0.5293839093972137,,,,,,,,,,12.140952656833116,-1.113627394602232,0.0,PS_006,-57.25056366866428,360.00000000000006,1.3728008084838643
14.381274958951431,9.042922415320518,2024-06-11T03:00:00Z,4,4,4,4,4,4,1,4,4,4,-1.3530794590604778,0.45619347743066585,,,,,,,,,,12.501163271231412,-1.5221814092559127,0.0,PS_006,-45.175178734187426,360.0,0.8549555495810813
13.07185183086853,9.032408344781976,2024-06-11T03:15:00Z,3,3,3,3,3,3,1,3,3,3,-2.8939737637072516,-0.8627669383222558,,,,,,,,,,11.733057663507687,-2.3868510245262486,0.0,PS_006,36.01355458028999,360.0,0.5095401524454597
13.617890018258954,9.029611702122788,2024-06-11T03:30:00Z,4,4,4,4,4,4,1,4,4,4,-0.8492598750659884,-0.21346582103539838,,,,,,,,,,11.567373548410357,-1.2644173132167829,0.0,PS_006,10.907908601210503,360.0,0.8630272367482262
12.814034708263803,9.020110564776504,2024-06-11T03:45:00Z,4,4,4,4,4,4,1,4,4,4,-1.477902217703094,-0.25710471178608063,,,,,,,,,,11.06832561919764,-1.5101878885808782,0.0,PS_006,10.83129635070358,360.00000000000006,0.6262640583582066
12.744290124131064,9.012417108434947,2024-06-11T04:00:00Z,3,3,3,3,3,3,1,3,3,3,-1.6535630390727627,-0.21925004287426203,,,,,,,,,,11.100000381469728,-1.6341014823913242,0.0,PS_006,13.26623231742974,360.00000000000006,0.9771518720391915
12.741695036859694,9.007541123718504,2024-06-11T04:15:00Z,4,4,4,4,4,4,1,4,4,4,-1.7715110621011412,0.0012459089713348524,,,,,,,,,,11.072203474709708,-1.5640445558753147,0.0,PS_006,-2.328080747880202,360.00000000000006,0.046032322082594196
12.592155668347779,9.0009945594032,2024-06-11T04:30:00Z,4,4,4,4,4,4,1,4,4,4,-1.5242240449578757,-0.00968076013960427,,,,,,,,,,11.020117188664143,-1.6708194743613074,0.0,PS_006,0.7419521615327394,360.0,0.43802676482011954
12.640753100960454,8.994667837761074,2024-06-11T04:45:00Z,3,3,3,3,3,3,1,3,3,3,-0.964050196587796,0.4394177546795367,,,,,,,,,,11.060502450373209,-1.5029747481405549,0.0,PS_006,-29.204299692513445,360.0,0.968662864298625
12.833597941442166,8.984298651630404,2024-06-11T05:00:00Z,4,4,4,4,4,4,1,4,4,4,-1.6508942220165856,-0.12575045569597532,,,,,,,,,,11.172169724719662,-1.6768485746492985,0.0,PS_006,5.10847226713864,359.99999999999994,0.33933499676979995
12.128681191040632,8.980960463041953,2024-06-11T05:15:00Z,3,3,3,3,3,3,1,3,3,3,-1.6560742718118222,-0.20498406737885427,,,,,,,,,,10.611888019882981,-1.7391535334011872,0.0,PS_006,13.119559328452475,360.00000000000006,0.28273253150921873
13.144570921420087,8.975938765221311,2024-06-11T05:30:00Z,4,4,4,4,4,4,1,4,4,4,-0.6601804478431577,0.04882545444780463,,,,,,,,,,11.044571229318892,-0.9408866870192917,0.0,PS_006,-6.451449186486468,360.0,0.05684606521347979
12.130852732438296,8.97003746032715,2024-06-11T05:45:00Z,4,4,4,4,4,4,1,4,4,4,-1.4305121715308478,-0.3114509049447871,,,,,,,,,,10.39447489003525,-1.5304486602780885,0.0,PS_006,18.455970482225442,360.00000000000006,0.43660962949577303
11.899999618530273,8.964691162109373,2024-06-11T06:00:00Z,3,3,3,3,3,3,1,3,3,3,-1.6965022551053608,-0.08230417336618769,,,,,,,,,,10.158631378585415,-1.5669333436204715,0.0,PS_006,4.815186917420182,360.0,0.10420593443436692
12.038336517263232,8.959173816558586,2024-06-11T06:15:00Z,4,4,4,4,4,4,1,4,4,4,-1.339340548196154,0.26163846223886866,,,,,,,,,,10.476799970164908,-1.5695353574601052,0.0,PS_006,-27.76449514200107,360.0,0.9817243480386412
12.367245199821815,8.954666137695312,2024-06-11T06:30:00Z,4,4,4,4,4,4,1,4,4,4,-0.8076835056990653,0.4032700691936406,,,,,,,,,,10.762160044708065,-1.7002592580080802,0.0,PS_006,-42.210985262885345,359.99999999999994,1.0891220732658695
11.198254896214747,8.949319839477539,2024-06-11T06:45:00Z,3,3,3,3,3,3,1,3,3,3,-2.7655945528384054,-1.4743316848011827,,,,,,,,,,9.957207451808019,-2.6969094045035327,0.0,PS_006,53.47528958403079,359.99999999999994,1.0518512879832487
11.555390219162083,8.943834585346497,2024-06-11T07:00:00Z,4,4,4,4,4,4,1,4,4,4,-1.7405532762406382,0.12313060535389739,,,,,,,,,,10.01013301045372,-1.6121569159699263,0.0,PS_006,-9.068061041732307,359.99999999999994,0.152517225608651
11.848990825719294,8.939294815063477,2024-06-11T07:15:00Z,3,3,3,3,3,3,1,3,3,3,-0.8005204753298449,0.42275399813261055,,,,,,,,,,10.100000381469727,-1.529610547042705,0.0,PS_006,-32.61481449519926,360.0,0.4844120629568543
11.683168994612442,8.934575888617248,2024-06-11T07:30:00Z,4,4,4,4,4,4,1,4,4,4,-1.3841479062111992,0.062005214731770494,,,,,,,,,,10.155446211693727,-1.8335175486741775,0.0,PS_006,-8.072801747316362,359.99999999999994,0.8176904508997151
12.23941638409443,8.929447621428771,2024-06-11T07:45:00Z,4,4,4,4,4,4,1,4,4,4,-1.4252576905390066,0.7408608636514631,,,,,,,,,,10.958566397770126,-1.8027894307272068,0.0,PS_006,-49.97906944469739,359.99999999999994,1.1616283222107124
12.759768581420039,8.927282134164589,2024-06-11T08:00:00Z,3,3,3,3,3,3,1,3,3,3,-1.1828390636569757,0.3703814225357797,,,,,,,,,,10.986801257704723,-2.0573584233312845,0.0,PS_006,-24.804037984641756,360.00000000000006,0.18140829689770632
11.002010804053437,8.920153718615946,2024-06-11T08:15:00Z,4,4,4,4,4,4,1,4,4,4,-2.6693978352644123,-0.9450569492262049,,,,,,,,,,9.499463415933045,-2.8700652589246656,0.0,PS_006,27.869405527815374,360.00000000000006,0.18812753682046843
11.335468999594136,8.913228988647463,2024-06-11T08:30:00Z,4,4,4,4,4,4,1,4,4,4,-0.9532181777692096,0.10060371494490962,,,,,,,,,,9.930012590846257,-1.5088359925879309,0.0,PS_006,-11.067883805523328,360.00000000000006,1.0778704678916045
11.069127836009363,8.909544087712801,2024-06-11T08:45:00Z,3,3,3,3,3,3,1,3,3,3,-2.644786736082075,-0.6354174152820645,,,,,,,,,,9.512319350033694,-2.125186274444595,0.0,PS_006,27.32491903260828,360.0,0.17263686222261132
11.08404097638922,8.904006150685657,2024-06-11T09:00:00Z,4,4,4,4,4,4,1,4,4,4,-0.5764617665708202,0.26126195602663,,,,,,,,,,9.543416113903033,-1.4272891963649779,0.0,PS_006,-24.261119890879325,359.99999999999994,1.0528803531905229
10.978749597963382,8.898726592018548,2024-06-11T09:15:00Z,3,3,3,3,3,3,1,3,3,3,-2.667988818210496,-0.8194998403713181,,,,,,,,,,9.41077538395693,-2.5668656999451067,0.0,PS_006,35.87570630842182,360.0,1.1462602663256094
10.83684146425482,8.897857666015625,2024-06-11T09:30:00Z,3,3,3,3,3,3,1,3,3,3,-1.0311839026778122,0.09346075840451094,,,,,,,,,,9.170998322763968,-1.0940632516780437,0.0,PS_006,-37.13908748533342,360.0,0.955711511880684
11.085619349559334,8.892449443234606,2024-06-11T09:45:00Z,4,4,4,4,4,4,1,4,4,4,2.0229968233047386,0.5174277053372163,,,,,,,,,,8.959065299830824,4.130910705202483,0.0,PS_006,10.192091453843751,360.00000000000006,0.48887340387600625
10.687989910833062,8.887832641601562,2024-06-11T10:00:00Z,3,3,3,3,3,3,1,3,3,3,18.7888342086157,6.018667202033868,,,,,,,,,,9.214279570243464,22.11166206489829,0.0,PS_006,26.76702163681255,360.0,1.5164431545822505
11.778143599272179,8.882486343383789,2024-06-11T10:15:00Z,4,4,4,4,4,4,1,4,4,4,52.8316030570453,11.1886242260724,,,,,,,,,,10.268423846664424,77.73420368696695,0.0,PS_006,15.411532474508771,360.0,1.0329984636078136
13.660644701454709,8.878549406490537,2024-06-11T10:30:00Z,4,4,4,4,4,4,1,4,4,4,93.28884698054931,14.255618867398974,,,,,,,,,,12.097994903106793,181.74627384040588,0.0,PS_006,7.873533701466045,360.0,1.35872299086271
14.28182773151866,8.876911957319454,2024-06-11T10:45:00Z,3,3,3,3,3,3,1,3,3,3,141.36847981620383,26.06870520314825,,,,,,,,,,13.611693044433675,311.368612602927,0.0,PS_006,8.352630717719139,360.0,2.1821188628866346
15.757168797921262,8.875148409850688,2024-06-11T11:00:00Z,4,4,4,4,4,4,1,4,4,4,185.66285950095883,38.386139661614266,,,,,,,,,,15.308049470156648,440.0548623943444,0.0,PS_006,8.713765954814708,360.00000000000006,1.8514439085320455
17.12061987247575,8.872460365295412,2024-06-11T11:15:00Z,3,3,3,3,3,3,1,3,3,3,231.3890474074991,46.650144306618834,,,,,,,,,,18.479029447174156,570.9745437783298,0.0,PS_006,8.178064250127907,360.0,1.3393098131222414
18.971701333720304,8.872833863650055,2024-06-11T11:30:00Z,4,4,4,4,4,4,1,4,4,4,278.9535209067492,49.991028121749444,,,,,,,,,,21.53995482764603,639.4463493458129,0.0,PS_006,7.819718598362951,359.99999999999994,1.1971401320727673
20.41409081951118,8.87246036529541,2024-06-11T11:45:00Z,4,4,4,4,4,4,1,4,4,4,330.14046914700253,52.9922934749526,,,,,,,,,,24.58660703680353,673.9453986462233,0.0,PS_006,7.868700745402534,360.00000000000006,0.3668423257202995
21.842103737778903,8.87246036529541,2024-06-11T12:00:00Z,3,3,3,3,3,3,1,3,3,3,377.0620047068156,55.40523353406191,,,,,,,,,,26.002139039527854,696.2038825556673,0.0,PS_006,7.963943900402501,360.0,1.299372370217144
22.622508322597014,8.872460365295412,2024-06-11T12:15:00Z,4,4,4,4,4,4,1,4,4,4,425.79553188597487,57.428120342839904,,,,,,,,,,24.845253668378472,711.8768085748396,0.0,PS_006,8.070334572450246,360.00000000000006,1.6392399273172722
23.9918265422861,8.875410802561207,2024-06-11T12:30:00Z,4,4,4,4,4,4,1,4,4,4,473.7746038524526,60.24329096032257,,,,,,,,,,28.707161006980748,723.2997366822736,0.0,PS_006,8.331818990719459,360.0,1.231121537983491
24.84747459777741,8.8778076171875,2024-06-11T12:45:00Z,3,3,3,3,3,3,1,3,3,3,512.6102888191817,61.30563364554437,,,,,,,,,,31.17339250389362,717.9966690893177,0.0,PS_006,8.556972875069222,359.99999999999994,2.2429524551866606
25.409223465170967,8.8778076171875,2024-06-11T13:00:00Z,4,4,4,4,4,4,1,4,4,4,549.1902433393905,62.12209473836384,,,,,,,,,,28.56990577578381,717.2271685959702,0.0,PS_006,8.667960724615945,360.0,1.296289487894172
26.081167234445026,8.879366865867329,2024-06-11T13:15:00Z,4,4,4,4,4,4,1,4,4,4,599.0112864978787,64.0700246703317,,,,,,,,,,30.14526938483942,729.7511312869705,0.0,PS_006,8.779384548787736,360.00000000000006,2.5414544360307425
27.16367982367831,8.88248634338379,2024-06-11T13:30:00Z,3,3,3,3,3,3,1,3,3,3,606.0526101559537,63.03200040929333,,,,,,,,,,31.17525565888511,708.0332349448457,0.0,PS_006,8.898607940675154,360.00000000000006,1.323642600405555
27.859525721950366,8.885043020349354,2024-06-11T13:45:00Z,4,4,4,4,4,4,1,4,4,4,631.6554081497393,62.173994820116285,,,,,,,,,,32.70724093928784,702.9584615691385,0.0,PS_006,8.857036548103027,360.00000000000006,1.5762816690004866
28.705008981957274,8.88435770578837,2024-06-11T14:00:00Z,3,3,3,3,3,3,1,3,3,3,635.0281797868339,58.81159642692552,,,,,,,,,,33.482098494326145,676.5059288640807,0.0,PS_006,8.678924778633245,360.0,2.4596723947713035
29.292985713182038,8.89031828219332,2024-06-11T14:15:00Z,4,4,4,4,4,4,1,4,4,4,680.8140060008092,59.52415177350919,,,,,,,,,,35.42560105602864,704.8740628892419,0.0,PS_006,8.439212007111834,360.0,1.7795146222620162
29.484797595194365,8.890035480230226,2024-06-11T14:30:00Z,4,4,4,4,4,4,1,4,4,4,681.891580956149,56.35320323689032,,,,,,,,,,35.58252620854397,685.1026319072915,0.0,PS_006,8.237092725021071,360.0,1.9009597273748393
29.310511566191185,8.893178939819336,2024-06-11T14:45:00Z,3,3,3,3,3,3,1,3,3,3,700.3299811697019,54.96802481978025,,,,,,,,,,32.825558957570465,689.983400670206,0.0,PS_006,7.964608010895047,360.0,1.3209138908849232
29.78221089453915,8.895378801295088,2024-06-11T15:00:00Z,4,4,4,4,4,4,1,4,4,4,703.2675585485767,55.12171090968666,,,,,,,,,,34.8498386401618,689.8555581083656,0.0,PS_006,7.998257648869674,360.00000000000006,2.266582659444169
29.60756367857202,8.897337451901826,2024-06-11T15:15:00Z,4,4,4,4,4,4,1,4,4,4,702.9409325884078,53.3010105266876,,,,,,,,,,35.50001757638948,685.2351118149983,0.0,PS_006,7.776468649060916,359.99999999999994,1.4553095474390276
29.887534138414598,8.896798112693848,2024-06-11T15:30:00Z,3,3,3,3,3,3,1,3,3,3,700.1162255361922,54.294931107192696,,,,,,,,,,35.16479773279947,686.9095782844423,0.0,PS_006,7.898431148072712,360.0,2.034150632209908
30.243561551558233,8.897857666015627,2024-06-11T15:45:00Z,4,4,4,4,4,4,1,4,4,4,681.792791215495,53.15745409248258,,,,,,,,,,33.818417529462806,678.5212471168679,0.0,PS_006,7.8537982302055696,360.0,2.7410979390419756
30.289212397354373,8.901312827313461,2024-06-11T16:00:00Z,3,3,3,3,3,3,1,3,3,3,685.604806450477,52.69355276882012,,,,,,,,,,33.983935639231895,694.864856372538,0.0,PS_006,7.5924773548788185,360.0,0.9310763407282902
30.923494178602184,8.898513853139647,2024-06-11T16:15:00Z,4,4,4,4,4,4,1,4,4,4,661.600138474571,52.594179550726864,,,,,,,,,,34.75826127648623,690.2321419173016,0.0,PS_006,7.616088902120494,360.0,1.987408071711908
30.807664959627623,8.898701361806912,2024-06-11T16:30:00Z,4,4,4,4,4,4,1,4,4,4,644.9738636218901,53.41155231013949,,,,,,,,,,34.69408800665477,696.2879336148786,0.0,PS_006,7.674744008706697,360.0,2.4060016343828496
30.359912912527495,8.901603056445818,2024-06-11T16:45:00Z,3,3,3,3,3,3,1,3,3,3,607.4673152539909,50.712376299705895,,,,,,,,,,34.29942202780763,681.8588704835245,0.0,PS_006,7.43505993151188,360.00000000000006,2.2125784613441075
31.197541829105674,8.897857666015625,2024-06-11T17:00:00Z,4,4,4,4,4,4,1,4,4,4,601.4077556586213,52.88651483323902,,,,,,,,,,35.203320756974804,701.8537327117316,0.0,PS_006,7.522067544941617,359.99999999999994,2.3914645825939416
31.50145362315632,8.899019674702814,2024-06-11T17:15:00Z,4,4,4,4,4,4,1,4,4,4,575.2313137267317,54.49163576394666,,,,,,,,,,36.77386104691621,710.9560150619657,0.0,PS_006,7.667274327803569,360.00000000000006,1.5990929404286132
31.660546202965236,8.89910853803001,2024-06-11T17:30:00Z,3,3,3,3,3,3,1,3,3,3,535.6793920078928,52.636933384196745,,,,,,,,,,38.681595696204184,704.0886213645342,0.0,PS_006,7.4893518331214395,359.99999999999994,2.169576754330563
31.10735136223732,8.90145380795479,2024-06-11T17:45:00Z,4,4,4,4,4,4,1,4,4,4,503.6578339051795,52.181883404834366,,,,,,,,,,36.99931295277665,705.3669932762417,0.0,PS_006,7.3923074529687725,360.00000000000006,2.7860793207180885
31.65211284024995,8.902371819464284,2024-06-11T18:00:00Z,3,3,3,3,3,3,1,3,3,3,459.45351275436605,52.219896961163286,,,,,,,,,,39.65018351195261,696.4878510586765,0.0,PS_006,7.498127466718192,360.0,0.6773888811268991
31.663616531148218,8.903204917907717,2024-06-11T18:15:00Z,4,4,4,4,4,4,1,4,4,4,414.45997105794976,56.116940444286165,,,,,,,,,,39.06741627349096,687.445173023998,0.0,PS_006,8.15758974474825,360.0,1.1398590389614438
31.617266838298036,8.9047431859644,2024-06-11T18:30:00Z,4,4,4,4,4,4,1,4,4,4,367.46792902146075,50.593579639753706,,,,,,,,,,39.78004496534087,677.9269924882109,0.0,PS_006,7.458223776032215,360.0,1.5954708321649098
31.46197877433148,8.908550262451172,2024-06-11T18:45:00Z,3,3,3,3,3,3,1,3,3,3,319.75900872137794,44.411366572463976,,,,,,,,,,39.16571821610191,658.2462729437098,0.0,PS_006,6.738512875281425,360.0,0.541615844371221
31.205078650571387,8.91077081233013,2024-06-11T19:00:00Z,4,4,4,4,4,4,1,4,4,4,271.3402464102373,39.57310879986574,,,,,,,,,,39.39607371748176,627.2333111254025,0.0,PS_006,6.313096916694224,359.99999999999994,1.3863937426791537
31.26442042356996,8.913228988647461,2024-06-11T19:15:00Z,3,3,3,3,3,3,1,3,3,3,222.80851612307907,33.204138179336645,,,,,,,,,,39.68403852627363,564.151315559804,0.0,PS_006,5.88883492297386,360.0,0.9958784351176133
30.786476261253075,8.915871063737582,2024-06-11T19:30:00Z,4,4,4,4,4,4,1,4,4,4,164.58201262544705,26.88417354151443,,,,,,,,,,34.563035762399174,402.5776887338288,0.0,PS_006,6.701654750286113,360.00000000000006,1.747366126026699
30.36793364004221,8.91857624053955,2024-06-11T19:45:00Z,4,4,4,4,4,4,1,4,4,4,108.68791658374305,15.190328683058938,,,,,,,,,,34.35460727600305,250.74912381747285,0.0,PS_006,5.972244094550957,360.0,0.9637478570180612
30.04490327461404,8.922272301683691,2024-06-11T20:00:00Z,3,3,3,3,3,3,1,3,3,3,76.0366490555138,6.488393584569427,,,,,,,,,,31.976650290613126,154.66891605935,0.0,PS_006,4.137153202863012,360.0,0.2427427685339923
28.20503504207132,8.917863390558896,2024-06-11T20:15:00Z,4,4,4,4,4,4,1,4,4,4,27.894353603718493,0.28805432286432026,,,,,,,,,,27.82011913121284,44.70036368463162,0.0,PS_006,-0.6169705032327574,359.99999999999994,1.2566899187153515
24.90114946019113,8.918766601202107,2024-06-11T20:30:00Z,4,4,4,4,4,4,1,4,4,4,5.585232447841707,-1.9972539511236622,,,,,,,,,,23.83597441189887,5.778507293973958,0.0,PS_006,-38.05329935061325,359.99999999999994,1.4827650310343092
24.992724238620443,8.922010778545694,2024-06-11T20:45:00Z,3,3,3,3,3,3,1,3,3,3,-0.3181053787170832,-0.5277369272876392,,,,,,,,,,23.049273428301834,-1.682963027673114,0.0,PS_006,17.108123509655773,359.99999999999994,2.510984734844726
24.55505724422431,8.916704196267942,2024-06-11T21:00:00Z,4,4,4,4,4,4,1,4,4,4,-2.902356050632334,-0.9093299773455532,,,,,,,,,,23.030184948547955,-3.1348304131648383,0.0,PS_006,27.428313606396987,360.0,1.8705136539554126
24.238728143427227,8.91322898864746,2024-06-11T21:15:00Z,3,3,3,3,3,3,1,3,3,3,-2.961804030546115,-0.6430466048324813,,,,,,,,,,22.533218771658365,-3.2429988670477568,0.0,PS_006,18.770343699788132,359.99999999999994,1.6220123762189416
23.45258990364097,8.912489590567729,2024-06-11T21:30:00Z,4,4,4,4,4,4,1,4,4,4,-3.1096595973619015,-1.2434885123588497,,,,,,,,,,21.760131886523894,-3.534622637125746,0.0,PS_006,33.32815384810132,359.99999999999994,1.5846134205939704
23.08583808180156,8.90782326566267,2024-06-11T21:45:00Z,4,4,4,4,4,4,1,4,4,4,-2.852331683619538,-0.9970303184336748,,,,,,,,,,21.16496314076693,-3.1377353146702607,0.0,PS_006,31.70650904137816,360.0,1.1819734221919649
22.743951162649942,8.902429798700718,2024-06-11T22:00:00Z,3,3,3,3,3,3,1,3,3,3,-3.119597677265203,-1.2162732347389114,,,,,,,,,,20.41720076867156,-3.578886442271768,0.0,PS_006,31.696825055331974,360.00000000000006,0.32327665013368134
22.5357917709144,8.897857666015625,2024-06-11T22:15:00Z,4,4,4,4,4,4,1,4,4,4,-2.4760914100409117,-0.5476472665746472,,,,,,,,,,19.941471528106884,-2.51993167915213,0.0,PS_006,24.240797304110455,360.00000000000006,0.0813990276638056
22.945575969711626,8.893178939819336,2024-06-11T22:30:00Z,3,3,3,3,3,3,1,3,3,3,-1.0692826469026238,-1.0812056151183584,,,,,,,,,,19.92033480122848,-2.402405869470184,0.0,PS_006,45.80256076049078,360.00000000000006,0.9445149417610929
22.399999618530273,8.886738102341914,2024-06-11T22:45:00Z,2,2,2,2,2,2,1,2,2,2,-3.0284255319146864,-0.8111820988616224,,,,,,,,,,20.238580863177905,-2.2172485493486187,0.0,PS_006,34.921258775372976,360.0,0.12952818349013534
22.169325925484863,8.880075585669788,2024-06-11T23:00:00Z,4,4,4,4,4,4,1,4,4,4,-2.33019392079375,-1.125087387826874,,,,,,,,,,20.0251233002421,-3.0561298570351405,0.0,PS_006,34.94146156568148,360.00000000000006,1.2721879376246077
21.134208949070263,8.876648070538309,2024-06-11T23:15:00Z,3,3,3,3,3,3,1,3,3,3,-3.0445001672192737,-1.25426570354261,,,,,,,,,,19.156630781651465,-3.2915434336954603,0.0,PS_006,38.0207340585714,360.0,0.7905777816772019
20.455277691731876,8.870430686579866,2024-06-11T23:30:00Z,4,4,4,4,4,4,1,4,4,4,-2.6214745899539227,-1.4115333468418443,,,,,,,,,,18.48733185890034,-3.2905266277928065,0.0,PS_006,48.694704315434294,360.0,1.1418645101717881
19.383829056450022,8.859638758596734,2024-06-11T23:45:00Z,4,4,4,4,4,4,1,4,4,4,-3.1195396077690036,-1.4681130969094105,,,,,,,,,,17.31809771249495,-3.2253090176535553,0.0,PS_006,43.16626729276429,359.9999999999999,1.0806381956508835
19.70000076293945,8.85256646718872,2024-06-12T00:00:00Z,3,3,3,3,3,3,1,3,3,3,-1.8786737179256396,-0.4115258880790832,,,,,,,,,,17.04969302577526,-2.557712397609646,0.0,PS_006,12.948211136891286,360.0,1.0740352411044265
19.578569987431603,8.847820758764803,2024-06-12T00:15:00Z,4,4,4,4,4,4,1,4,4,4,-1.7161425445212037,0.05223463672603683,,,,,,,,,,17.100741743284257,-2.0559517605485653,0.0,PS_006,-3.2725465318842826,359.99999999999994,1.5740447311902441
19.956695117522777,8.835691997071944,2024-06-12T00:30:00Z,4,4,4,4,4,4,1,4,4,4,-1.826872017178471,0.33178379641759265,,,,,,,,,,17.450443905144247,-2.224696414471019,0.0,PS_006,-25.977587546484042,360.0,1.140590611775505
19.02962774829724,8.830293066663875,2024-06-12T00:45:00Z,3,3,3,3,3,3,1,3,3,3,-2.8339435227669183,-1.676541789382478,,,,,,,,,,16.129627802355664,-3.4813484774140107,0.0,PS_006,44.573955081303446,360.0,1.3747953919638773
19.774794399737523,8.818090173683666,2024-06-12T01:00:00Z,4,4,4,4,4,4,1,4,4,4,-1.8738430829808068,-0.5790389134755772,,,,,,,,,,16.11911750467406,-2.3015055437705416,0.0,PS_006,17.183626865033126,360.0,0.7232110260498805
16.535647490243655,8.80919778373525,2024-06-12T01:15:00Z,4,4,4,4,4,4,1,4,4,4,-4.324425872324636,-1.7985429664067283,,,,,,,,,,14.30032320120272,-3.057143457192067,0.0,PS_006,64.32103643570149,359.99999999999994,1.472629537839378
17.380267945835417,8.797873436167716,2024-06-12T01:30:00Z,3,3,3,3,3,3,1,3,3,3,-1.4684256096087167,0.9085825285383768,,,,,,,,,,14.98742213738268,-0.9417460349100298,0.0,PS_006,-86.63747947805919,360.0,1.787237536291189
17.744702293218197,8.788494054265394,2024-06-12T01:45:00Z,4,4,4,4,4,4,1,4,4,4,-1.727421460006171,0.5283799357922828,,,,,,,,,,15.95466558672464,-1.713507313152397,0.0,PS_006,-40.558929872020585,360.0,1.2217557368557856
18.576275702975813,8.779565753851434,2024-06-12T02:00:00Z,3,3,3,3,3,3,1,3,3,3,-1.2528904278185617,-0.47104506184933886,,,,,,,,,,15.903627825643612,-2.682615417595697,0.0,PS_006,17.90663297780151,360.0,0.6577119456346481
16.74746906131168,8.7668731065066,2024-06-12T02:15:00Z,4,4,4,4,4,4,1,4,4,4,-3.1285239126447877,-1.761615608149997,,,,,,,,,,13.896441321702696,-3.186607226289348,0.0,PS_006,62.713565830379046,360.0,0.6848476958434899
16.476044063582993,8.759551299409674,2024-06-12T02:30:00Z,4,4,4,4,4,4,1,4,4,4,-1.7413218360416631,-0.36136143498532813,,,,,,,,,,13.645802054604644,-1.864554953454269,0.0,PS_006,-28.4662024787858,360.00000000000006,1.1486062914505748
16.07660670473714,8.7457258961914,2024-06-12T02:45:00Z,3,3,3,3,3,3,1,3,3,3,-1.870872730608064,0.24535438439409088,,,,,,,,,,13.800000190734863,-1.4649694517604535,0.0,PS_006,-15.453307516004925,359.99999999999994,1.2903230478212424
16.307456898956605,8.737223991653511,2024-06-12T03:00:00Z,4,4,4,4,4,4,1,4,4,4,-1.2267530865966074,0.4238433136223637,,,,,,,,,,14.374241054952906,-1.6663565800093678,0.0,PS_006,-37.86265099070546,360.0,0.7519969999502917
16.349547835619646,8.722442472504639,2024-06-12T03:15:00Z,4,4,4,4,4,4,1,4,4,4,-1.7157852786744459,0.06497641266229731,,,,,,,,,,14.497435849404406,-1.9683695668722134,0.0,PS_006,-4.618635510636689,360.0,1.0928395606750907
14.744600851469334,8.709080560928633,2024-06-12T03:30:00Z,3,3,3,3,3,3,1,3,3,3,-3.3985355363303817,-1.243105947012562,,,,,,,,,,13.452397261892317,-2.590191684214057,0.0,PS_006,50.88820605153974,360.0,1.8766453059352475
16.27382351507575,8.695872859388201,2024-06-12T03:45:00Z,4,4,4,4,4,4,1,4,4,4,-0.6975984815000968,1.2664771290714396,,,,,,,,,,14.04768320357341,-1.021916141744891,0.0,PS_006,-332.17857898384284,359.99999999999994,0.8832243331112771
15.807174799682889,8.682872620187357,2024-06-12T04:00:00Z,3,3,3,3,3,3,1,3,3,3,-2.87583175342687,-1.442450112506201,,,,,,,,,,13.67400203737221,-3.3232842028781464,0.0,PS_006,37.34472340301334,360.00000000000006,0.330224465638475
16.37998543805536,8.67261798426322,2024-06-12T04:15:00Z,4,4,4,4,4,4,1,4,4,4,-1.273686163498769,-0.7666521848089664,,,,,,,,,,13.376945482171656,-2.260360291996529,0.0,PS_006,33.6650853961419,359.99999999999994,0.40969743927069185
15.35286088107154,8.65812004827544,2024-06-12T04:30:00Z,4,4,4,4,4,4,1,4,4,4,-2.3349856349339784,-0.6376918991109709,,,,,,,,,,12.925662378258135,-1.840877049494216,0.0,PS_006,29.198197448352605,359.99999999999994,0.649535487602798
16.294142577124624,8.643930010309852,2024-06-12T04:45:00Z,2,2,2,2,2,2,1,2,2,2,-0.6125837176988869,1.330722056779054,,,,,,,,,,13.788284977480005,-0.7621023564664888,0.0,PS_006,-543.3384839974673,360.0,0.9722952219188623
15.982748238798276,8.630258662407556,2024-06-12T05:00:00Z,4,4,4,4,4,4,1,4,4,4,-2.5350454743012927,-0.18800862237445118,,,,,,,,,,14.306574322994436,-2.312098638825516,0.0,PS_006,7.040907599903978,359.99999999999994,0.8964428826365007
15.288870522833745,8.618680112905421,2024-06-12T05:15:00Z,4,4,4,4,4,4,1,4,4,4,-2.860012676765904,-1.5351641396793878,,,,,,,,,,13.106717470109169,-3.1978938126515293,0.0,PS_006,51.38861370672314,360.00000000000006,0.3131590173825006
14.46139012866245,8.605127334594727,2024-06-12T05:30:00Z,3,3,3,3,3,3,1,3,3,3,-1.6879914330453014,-0.3019672388270683,,,,,,,,,,12.500000000000002,-1.9504123529652753,0.0,PS_006,11.82000053956066,360.0,0.23022719963509175
15.138394134077927,8.591294665120602,2024-06-12T05:45:00Z,4,4,4,4,4,4,1,4,4,4,-0.9679984574674133,0.5615934345597478,,,,,,,,,,13.019271467710178,-1.5507300521095257,0.0,PS_006,-36.84545554324716,359.99999999999994,0.8602897645734351
14.581761944810241,8.579573767276782,2024-06-12T06:00:00Z,3,3,3,3,3,3,1,3,3,3,-2.1220941510358946,-0.5257899271727624,,,,,,,,,,12.781761754075378,-2.32365389320049,0.0,PS_006,19.575741229524454,360.00000000000006,0.9698111111073348
15.077437139246086,8.565801534099025,2024-06-12T06:15:00Z,4,4,4,4,4,4,1,4,4,4,-1.1354678305602408,0.7308489387873777,,,,,,,,,,13.582857347139607,-1.327532105416271,0.0,PS_006,-75.57866087178277,360.0,1.4054825475537536
16.349165185121254,8.547926415750839,2024-06-12T06:30:00Z,4,4,4,4,4,4,1,4,4,4,-0.8406262259871837,1.289639419466417,,,,,,,,,,14.352164081808962,-1.3001563369314106,0.0,PS_006,-108.15474732549262,360.0,1.1472779441277778
15.133140581482863,8.546403857429386,2024-06-12T06:45:00Z,3,3,3,3,3,3,1,3,3,3,-2.654769588627779,-2.004870261178449,,,,,,,,,,12.942150392908138,-3.5865874979432695,0.0,PS_006,51.30687166504993,360.0,0.4556184655366603
14.487548332581822,8.541522473464942,2024-06-12T07:00:00Z,4,4,4,4,4,4,1,4,4,4,-2.116085247418316,-0.4988856165466617,,,,,,,,,,12.41519569795155,-2.2617617968527792,0.0,PS_006,11.253014421760074,360.0,0.8493469023138898
14.005375276350494,8.529088113617574,2024-06-12T07:15:00Z,3,3,3,3,3,3,1,3,3,3,-2.5095484396304033,-0.580089791270687,,,,,,,,,,12.358676362180852,-2.3818526370656516,0.0,PS_006,25.45746798955294,360.00000000000006,1.0437873194071956
13.947677892561872,8.51683709877095,2024-06-12T07:30:00Z,4,4,4,4,4,4,1,4,4,4,-1.6150264988431193,0.2789368405193749,,,,,,,,,,12.446139739112587,-1.688661289747363,0.0,PS_006,-19.298428091635667,360.0,1.081199494412144
13.905637035810285,8.504435897375588,2024-06-12T07:45:00Z,4,4,4,4,4,4,1,4,4,4,-2.0750822412026606,-0.32361896993645367,,,,,,,,,,12.310817010061838,-2.2798702115510174,0.0,PS_006,13.38501259146771,360.0,1.036801928769874
13.834406654628639,8.492093820659324,2024-06-12T08:00:00Z,3,3,3,3,3,3,1,3,3,3,-1.8533945505092477,-0.29219502852044077,,,,,,,,,,12.199999809265138,-2.3281124945427965,0.0,PS_006,12.164533829069976,360.00000000000006,1.1138672256009283
13.942663365701932,8.479331949428595,2024-06-12T08:15:00Z,4,4,4,4,4,4,1,4,4,4,-1.6140833974854474,0.25158283781806384,,,,,,,,,,12.499999999999998,-1.9458310267761323,0.0,PS_006,-10.064842924140413,360.0,1.0074227100937543
13.643080260675314,8.466359758468428,2024-06-12T08:30:00Z,4,4,4,4,4,4,1,4,4,4,-2.0739054619312776,-0.28745709494914357,,,,,,,,,,12.161410052333865,-2.36094779950521,0.0,PS_006,13.235755047153535,360.0,0.9759124538054814
13.70069125135524,8.45701478774782,2024-06-12T08:45:00Z,3,3,3,3,3,3,1,3,3,3,-1.343066913350732,0.08985758234869559,,,,,,,,,,12.100690869885511,-1.9956546968797582,0.0,PS_006,-4.288441552439524,360.0,1.1718187157375743
13.123878076179077,8.44590979882396,2024-06-12T09:00:00Z,4,4,4,4,4,4,1,4,4,4,-2.0777624044023733,-0.23998128615775266,,,,,,,,,,11.634603173206175,-2.218102849089226,0.0,PS_006,11.422654727562207,360.00000000000006,0.6972533946024001
13.5,8.43426686074336,2024-06-12T09:15:00Z,3,3,3,3,3,3,1,3,3,3,-1.5584745901870205,0.36484584449064106,,,,,,,,,,12.100744504831388,-1.9989107455273603,0.0,PS_006,-26.24301514021637,360.0,1.5991017543082755
13.403193632204868,8.421724614967122,2024-06-12T09:30:00Z,4,4,4,4,4,4,1,4,4,4,-1.3407486385049914,0.3863704866205649,,,,,,,,,,12.103193441470005,-1.266348261361898,0.0,PS_006,-26.779795080015127,360.0,1.557294820736586
13.470105425672369,8.409067828158246,2024-06-12T09:45:00Z,3,3,3,3,3,3,1,3,3,3,1.5411869613619602,0.38676333096225435,,,,,,,,,,12.170105234937504,2.64619202125107,0.0,PS_006,25.49399162229524,360.0,1.085575701007421
13.45404382451353,8.39460277557373,2024-06-12T10:00:00Z,3,3,3,3,3,3,1,3,3,3,16.182856291233517,4.3934060982612575,,,,,,,,,,11.733511036189833,16.116089294910385,0.0,PS_006,26.965351988821183,360.0,1.2528417122969095
12.735897697663027,8.38460396018127,2024-06-12T10:15:00Z,4,4,4,4,4,4,1,4,4,4,48.02898734261056,9.171351416434836,,,,,,,,,,11.170673681336055,66.69433657993005,0.0,PS_006,14.733412626277069,359.99999999999994,0.4159602753988784
14.100227510078849,8.374060062644643,2024-06-12T10:30:00Z,4,4,4,4,4,4,1,4,4,4,90.97089783715785,13.4027561925183,,,,,,,,,,12.914058949259264,168.84388336839095,0.0,PS_006,7.92808257760261,360.0,0.677591597550192
16.39287254930041,8.363859176635742,2024-06-12T10:45:00Z,3,3,3,3,3,3,1,3,3,3,135.72196520357465,24.779242347207063,,,,,,,,,,15.14328237177164,298.16641372785654,0.0,PS_006,8.29715548785855,360.0,0.0020000000949949026
16.71763599583146,8.356866469904226,2024-06-12T11:00:00Z,4,4,4,4,4,4,1,4,4,4,180.45684336349345,37.357925825879434,,,,,,,,,,16.56556676308847,428.95268949175977,0.0,PS_006,8.724558779612504,359.9999999999999,0.34381362694108974
19.246790687432696,8.334343919375941,2024-06-12T11:15:00Z,4,4,4,4,4,4,1,4,4,4,230.4030871084887,47.086806889984935,,,,,,,,,,22.151306415283912,573.1353913270934,0.0,PS_006,8.227797933215339,360.00000000000006,0.002000000094994903
20.43173985889999,8.326838508676271,2024-06-12T11:30:00Z,3,3,3,3,3,3,1,3,3,3,280.10892702150863,50.5904205441379,,,,,,,,,,26.32550929491045,644.949402356317,0.0,PS_006,7.843550600825109,359.99999999999994,0.08556622877869444
21.193150243472868,8.321643949783581,2024-06-12T11:45:00Z,4,4,4,4,4,4,1,4,4,4,331.59128114110837,53.20516892886622,,,,,,,,,,26.770856567151824,678.2762975526033,0.0,PS_006,7.8438426036832425,359.99999999999994,1.4115307607070209
22.70767688272232,8.31316248065775,2024-06-12T12:00:00Z,3,3,3,3,3,3,1,3,3,3,378.80866730139917,55.19738291130264,,,,,,,,,,29.18067047936377,702.9472169792239,0.0,PS_006,7.857343302250296,360.0,1.0829417573248927
23.383003228680078,8.31154759858424,2024-06-12T12:15:00Z,4,4,4,4,4,4,1,4,4,4,427.0675126919832,56.50712908360123,,,,,,,,,,29.50979161659159,717.7838650015614,0.0,PS_006,7.879142962789789,360.0,1.6968051226990868
24.71664129674955,8.310842721664221,2024-06-12T12:30:00Z,4,4,4,4,4,4,1,4,4,4,474.06799925010966,58.416212707271214,,,,,,,,,,30.163219108347864,723.8785102954483,0.0,PS_006,8.074744939243356,360.00000000000006,2.757669058851054
25.550987947075413,8.307050704956055,2024-06-12T12:45:00Z,3,3,3,3,3,3,1,3,3,3,516.5382348686753,59.77957021774899,,,,,,,,,,31.80479904578046,729.3380898748604,0.0,PS_006,8.196894086381615,360.0,3.1628416675255737
26.14604185967774,8.307050704956055,2024-06-12T13:00:00Z,4,4,4,4,4,4,1,4,4,4,554.0541818378699,60.32967526941428,,,,,,,,,,32.8943486472526,729.0681235983087,0.0,PS_006,8.264715905393626,360.0,3.3671833752381235
26.659284640698772,8.306220759079016,2024-06-12T13:15:00Z,4,4,4,4,4,4,1,4,4,4,589.8277348754247,60.54291525816413,,,,,,,,,,31.880615499409206,725.7610256774535,0.0,PS_006,8.355218280001312,360.0,3.2174342896473735
27.121248151797854,8.304889936868053,2024-06-12T13:30:00Z,3,3,3,3,3,3,1,3,3,3,617.0658345959938,60.235813905147076,,,,,,,,,,30.93080259110477,717.0840270751244,0.0,PS_006,8.404394004145175,359.99999999999994,2.570641940132251
27.993399439454244,8.30419006474853,2024-06-12T13:45:00Z,4,4,4,4,4,4,1,4,4,4,642.9938150635024,61.4172064638539,,,,,,,,,,31.47959970914051,714.8352520019065,0.0,PS_006,8.588384144781868,359.99999999999994,2.961869190243117
28.600000381469723,8.307050704956055,2024-06-12T14:00:00Z,3,3,3,3,3,3,1,3,3,3,665.3018611218287,61.073258848432076,,,,,,,,,,34.19629089868072,710.0640743504312,0.0,PS_006,8.60469120456662,359.99999999999994,2.1738667262492584
29.07718579986924,8.306348082164831,2024-06-12T14:15:00Z,4,4,4,4,4,4,1,4,4,4,687.2100550606837,58.821463731825894,,,,,,,,,,34.478854703431885,707.0814313611311,0.0,PS_006,8.309437530652078,360.00000000000006,3.8519435710638414
29.346370151219183,8.307050704956055,2024-06-12T14:30:00Z,3,3,3,3,3,3,1,3,3,3,700.6466522294621,56.89849991432884,,,,,,,,,,33.900001525878906,702.5882413255728,0.0,PS_006,8.09904263134544,359.99999999999994,3.9685188858879323
29.200000762939453,8.307050704956055,2024-06-12T14:45:00Z,1,1,1,1,1,1,1,1,1,1,704.8099975585938,56.189998626708984,,,,,,,,,,33.29999923706055,698.8499755859375,0.0,PS_006,8.04610824584961,360.0,5.6419997215271
,,2024-06-12T15:00:00Z,0,0,0,0,0,0,1,0,0,0,,,,,,,,,,,,,,0.0,PS_006,,,
,,2024-06-12T15:15:00Z,0,0,0,0,0,0,1,0,0,0,,,,,,,,,,,,,,0.0,PS_006,,,
,,2024-06-12T15:30:00Z,0,0,0,0,0,0,1,0,0,0,,,,,,,,,,,,,,0.0,PS_006,,,
30.000000000000004,8.313187390932367,2024-06-12T15:45:00Z,2,2,2,2,2,2,1,2,2,2,685.3536865603188,53.982667824271964,,,,,,,,,,33.10123679524738,682.2549101450919,0.0,PS_006,7.896367882669968,360.0,3.578142616288581
30.299999237060547,8.312397956848145,2024-06-12T16:00:00Z,1,1,1,1,1,1,1,1,1,1,681.5599975585938,52.1599998474121,,,,,,,,,,32.79999923706055,684.8200073242188,0.0,PS_006,7.590152263641357,360.0,0.8100000023841857
31.08359453394787,8.316264646521663,2024-06-12T16:15:00Z,3,3,3,3,3,3,1,3,3,3,666.4400908601447,53.66878858536849,,,,,,,,,,36.52345058579834,693.0501651293008,0.0,PS_006,7.765800747789734,360.0,3.698764322408566
30.799999237060547,8.316181223412759,2024-06-12T16:30:00Z,3,3,3,3,3,3,1,3,3,3,650.7982985212066,52.2055795615769,,,,,,,,,,36.69569328442909,695.1944352686128,0.0,PS_006,7.514278593630223,360.00000000000006,2.2702698450249663
30.654266314768552,8.317076683044435,2024-06-12T16:45:00Z,4,4,4,4,4,4,1,4,4,4,630.5267505048301,50.685381997884676,,,,,,,,,,35.70187021866403,699.7549890729156,0.0,PS_006,7.25962175800507,360.0,3.893814207406228
31.347230449707588,8.326106501209928,2024-06-12T17:00:00Z,4,4,4,4,4,4,1,4,4,4,602.981734619989,51.162735719349364,,,,,,,,,,36.54672111738139,699.6996621827292,0.0,PS_006,7.317912112058879,359.99999999999994,1.716334383895329
30.799999237060547,8.32679772267639,2024-06-12T17:15:00Z,3,3,3,3,3,3,1,3,3,3,572.9805372855537,52.43745698571609,,,,,,,,,,37.11175850997253,701.4308124885979,0.0,PS_006,7.476968903956992,360.0,3.2886804783171093
30.631782069839804,8.325619608646884,2024-06-12T17:30:00Z,4,4,4,4,4,4,1,4,4,4,541.2781247291715,51.29482625409149,,,,,,,,,,35.98767050670467,704.1519981643902,0.0,PS_006,7.292304138898336,360.0000000000001,2.9472100372522734
31.27218805876663,8.320803865300956,2024-06-12T17:45:00Z,4,4,4,4,4,4,1,4,4,4,499.99275797074466,51.20354236018618,,,,,,,,,,37.041400330702146,703.051818489525,0.0,PS_006,7.279253850681245,359.99999999999994,1.4847535391872264
31.07980656619044,8.321588186283796,2024-06-12T18:00:00Z,3,3,3,3,3,3,1,3,3,3,462.3794239191577,52.45482931238834,,,,,,,,,,36.15066250138275,698.0843894169248,0.0,PS_006,7.515147379432716,359.99999999999994,3.209449278289033
30.6232987263929,8.31773869893186,2024-06-12T18:15:00Z,4,4,4,4,4,4,1,4,4,4,424.2417958773116,57.50559743690529,,,,,,,,,,34.9116882992759,695.8416645982013,0.0,PS_006,8.257114177426093,360.00000000000006,2.7767785011648662
31.172763537611036,8.317919091513987,2024-06-12T18:30:00Z,4,4,4,4,4,4,1,4,4,4,370.7316831970547,51.00101573731549,,,,,,,,,,36.895738734027404,675.4427192072715,0.0,PS_006,7.555838140886682,359.9999999999999,2.9189150320125368
30.75426061397817,8.317076683044434,2024-06-12T18:45:00Z,3,3,3,3,3,3,1,3,3,3,322.62333494757394,45.2306586785296,,,,,,,,,,37.57803090752041,652.9772167548201,0.0,PS_006,6.910053688277603,360.0,1.0869722913260143
30.50635516310676,8.314976653961022,2024-06-12T19:00:00Z,4,4,4,4,4,4,1,4,4,4,272.5903330438448,40.432171979526444,,,,,,,,,,35.68717069266664,613.1087098755282,0.0,PS_006,6.594928278544598,360.00000000000006,2.8098260259138947
30.260749077558515,8.312397956848143,2024-06-12T19:15:00Z,4,4,4,4,4,4,1,4,4,4,216.29807632233337,33.3299001039146,,,,,,,,,,35.232729261521854,538.6624959258666,0.0,PS_006,6.197923371393528,360.0,1.9413977541073275
30.257016592256424,8.307816837000283,2024-06-12T19:30:00Z,3,3,3,3,3,3,1,3,3,3,169.1936135811702,26.925589702031935,,,,,,,,,,35.02804711057582,403.7330972536229,0.0,PS_006,6.707891104437374,360.0,1.7782701667661704
29.773368502812723,8.306199882840826,2024-06-12T19:45:00Z,4,4,4,4,4,4,1,4,4,4,117.62782429760503,16.15225473660096,,,,,,,,,,33.659089652711685,267.2549783133616,0.0,PS_006,6.02142443287115,360.0,1.4509672888495277
29.013359223994275,8.301944461746283,2024-06-12T20:00:00Z,4,4,4,4,4,4,1,4,4,4,72.72993620246375,6.045848840667122,,,,,,,,,,30.67388060420585,147.22625490197703,0.0,PS_006,4.000805190776233,360.00000000000006,1.576734883270937
28.057466497901206,8.301008496494456,2024-06-12T20:15:00Z,3,3,3,3,3,3,1,3,3,3,27.479347402569616,0.9081419175408343,,,,,,,,,,27.559206549154847,44.946216589194,0.0,PS_006,1.7988427873915114,360.0,0.9466688324798431
27.252415666010034,8.292392063908645,2024-06-12T20:30:00Z,4,4,4,4,4,4,1,4,4,4,8.32945552343509,-0.4976032245508209,,,,,,,,,,25.01196529480886,7.571432256759285,0.0,PS_006,-27.422478680318683,360.0,1.4212954690433033
24.312327118585728,8.287185192924484,2024-06-12T20:45:00Z,4,4,4,4,4,4,1,4,4,4,-4.631749596973578,-4.876924080473994,,,,,,,,,,21.472538638174992,-4.838068974276843,0.0,PS_006,99.77936311478383,360.0,0.23321070079009895
22.402003532919473,8.282379717532313,2024-06-12T21:00:00Z,3,3,3,3,3,3,1,3,3,3,-3.8726246808930167,-2.8026388040866244,,,,,,,,,,20.063349122876957,-4.254106511486121,0.0,PS_006,65.25354522563381,360.0,1.1758253287608338
21.50515822306578,8.276187226372743,2024-06-12T21:15:00Z,4,4,4,4,4,4,1,4,4,4,-3.7749465854750905,-1.8125016429923402,,,,,,,,,,19.61839549207885,-3.7410335066267977,0.0,PS_006,45.20495879448006,360.0,1.3120981975922554
21.07891033000211,8.263805650798918,2024-06-12T21:30:00Z,4,4,4,4,4,4,1,4,4,4,-2.8599656293317666,-0.5887742115741116,,,,,,,,,,18.958764585840846,-2.6023483052647993,0.0,PS_006,20.452606428746616,360.0,1.4922894074276827
20.454347952422722,8.256459728322966,2024-06-12T21:45:00Z,3,3,3,3,3,3,1,3,3,3,-3.331870551018631,-1.4092511608534624,,,,,,,,,,18.323912679069057,-3.2924234656032416,0.0,PS_006,43.224296130986374,360.00000000000006,0.17096033943721206
19.9653692181179,8.248665476499129,2024-06-12T22:00:00Z,4,4,4,4,4,4,1,4,4,4,-2.6209896243083057,-0.9696447776361952,,,,,,,,,,17.6010642385619,-2.716077333656835,0.0,PS_006,36.524413582529256,360.0,0.8902077290186741
19.60589929701025,8.237066319306404,2024-06-12T22:15:00Z,4,4,4,4,4,4,1,4,4,4,-2.5340112749117303,-1.0332396814959324,,,,,,,,,,16.920962420718514,-2.1992622762514724,0.0,PS_006,40.52283787258245,360.0000000000001,0.0020000000949949026
19.15308837231513,8.229356966747204,2024-06-12T22:30:00Z,3,3,3,3,3,3,1,3,3,3,-1.573835061547488,-0.6572866373018994,,,,,,,,,,16.26741822922678,-2.0610686874294077,0.0,PS_006,32.68090511884685,360.0,0.5926991946687211
18.03114228756912,8.216909921218459,2024-06-12T22:45:00Z,4,4,4,4,4,4,1,4,4,4,-2.607629496519586,-1.7854698592881362,,,,,,,,,,15.160353951668277,-2.693248800361018,0.0,PS_006,60.11278816204007,360.00000000000006,0.041054767194560186
17.299999237060547,8.206901790985507,2024-06-12T23:00:00Z,4,4,4,4,4,4,1,4,4,4,-1.7350954921709958,-0.7277180359944913,,,,,,,,,,14.74434831679459,-2.171606919591277,0.0,PS_006,34.23535798081695,359.99999999999994,1.2590396648131228
16.919517971646297,8.195940928175233,2024-06-12T23:15:00Z,3,3,3,3,3,3,1,3,3,3,-2.8739419196404348,-1.119739030455948,,,,,,,,,,14.388376151819319,-2.2287311544703603,0.0,PS_006,50.001759487489295,360.0,0.015932885671139922
17.119996128289014,8.185949210806402,2024-06-12T23:30:00Z,2,2,2,2,2,2,1,2,2,2,-1.3310061516211338,0.1557434905306685,,,,,,,,,,14.219996056758394,-0.51449905361306,0.0,PS_006,-27.125346845874535,359.99999999999994,-0.00655009557861626
17.283463230995334,8.175647305682316,2024-06-12T23:45:00Z,3,3,3,3,3,3,1,3,3,3,-1.8020752773031894,-0.7300690629541777,,,,,,,,,,14.14015574353134,-1.5912766478309939,0.0,PS_006,43.24339987815529,359.99999999999994,-0.008204676705533211
16.667969657214478,8.167288246277588,2024-06-13T00:00:00Z,3,3,3,3,3,3,1,3,3,3,-1.0225523086578074,-0.8046930442459376,,,,,,,,,,13.300000190734863,-0.9148532636002475,0.0,PS_006,105.47030333490167,360.0,0.5301852254760472
17.248818726517282,8.153446816482077,2024-06-13T00:15:00Z,4,4,4,4,4,4,1,4,4,4,-1.3674102204610226,0.019079738014214948,,,,,,,,,,14.268654809263477,-1.3869866751635167,0.0,PS_006,46.90843069105299,360.0,0.9099404784417544
16.430089272740364,8.142856260775659,2024-06-13T00:30:00Z,4,4,4,4,4,4,1,4,4,4,-2.7509181804104688,-0.7485688574750986,,,,,,,,,,14.447354848038396,-2.3828448663138366,0.0,PS_006,-20.475587153324064,360.0,0.865626950190242
15.854487160435614,8.1334979154561,2024-06-13T00:45:00Z,3,3,3,3,3,3,1,3,3,3,-1.2301870530687156,-0.28023641778856145,,,,,,,,,,13.494724504010385,-2.347410365208032,0.0,PS_006,11.61480997107583,360.00000000000006,0.23592183855802387
15.097162368061126,8.126442718850054,2024-06-13T01:00:00Z,4,4,4,4,4,4,1,4,4,4,-1.8771791271436828,0.39324080520789784,,,,,,,,,,13.33846504424798,-1.5550205124924774,0.0,PS_006,-63.956081549575345,359.99999999999994,1.7078366522276078
16.63777916365981,8.114940103101473,2024-06-13T01:15:00Z,4,4,4,4,4,4,1,4,4,4,-0.8511662935748281,1.1667176880687498,,,,,,,,,,14.708123167376447,-1.3062918916985478,0.0,PS_006,-114.02273798568172,360.0,1.5644388448971536
14.866250236529613,8.105664487401262,2024-06-13T01:30:00Z,3,3,3,3,3,3,1,3,3,3,-5.045277031055168,-2.6409644825804897,,,,,,,,,,13.40825205647093,-3.59918550497123,0.0,PS_006,70.32828092192372,359.99999999999994,1.1606003273859968
14.940068823544962,8.096708965292047,2024-06-13T01:45:00Z,4,4,4,4,4,4,1,4,4,4,-2.0525854671815864,-0.14465307732537297,,,,,,,,,,13.404813394677038,-1.9405327977611864,0.0,PS_006,-0.6163232176467865,360.0,1.8916920742251597
15.63404105494266,8.086153223793044,2024-06-13T02:00:00Z,4,4,4,4,4,4,1,4,4,4,-1.624335819374881,0.6630836125901777,,,,,,,,,,14.11853132431505,-1.743787482632285,0.0,PS_006,-52.04272989184935,360.0,1.5092322578931365
14.468149408202585,8.08024866003908,2024-06-13T02:15:00Z,3,3,3,3,3,3,1,3,3,3,-3.7850538441995543,-1.917951372422739,,,,,,,,,,12.368149026732858,-4.0044508016748415,0.0,PS_006,47.45184262116022,359.99999999999994,0.08844459249757594
14.409632434445394,8.070540939413558,2024-06-13T02:30:00Z,4,4,4,4,4,4,1,4,4,4,-1.8571609819788195,-0.39012494716822077,,,,,,,,,,12.199999809265137,-2.462366850059915,0.0,PS_006,19.122145434098346,360.00000000000006,0.3715090514434634
14.054932333997249,8.060693309565298,2024-06-13T02:45:00Z,4,4,4,4,4,4,1,4,4,4,-1.2906963286465691,-0.4438673568303727,,,,,,,,,,12.050568714524523,-2.183398471599757,0.0,PS_006,19.02143397100317,359.99999999999994,1.2272972548054932
13.486487191374684,8.054168494905706,2024-06-13T03:00:00Z,3,3,3,3,3,3,1,3,3,3,-3.852134578323012,-1.5213721562029485,,,,,,,,,,11.342059044250005,-3.0782617278385698,0.0,PS_006,50.49230793274986,360.00000000000006,0.08161332982952683
13.60726004091471,8.04235896794374,2024-06-13T03:15:00Z,4,4,4,4,4,4,1,4,4,4,-1.587672283829221,-0.1882939111411382,,,,,,,,,,11.190304541787974,-2.0370537057842615,0.0,PS_006,6.5711361056630695,360.0,0.582054814244897
13.373504686780882,8.03387520591465,2024-06-13T03:30:00Z,4,4,4,4,4,4,1,4,4,4,-2.103787727484535,-0.58551484529716,,,,,,,,,,11.259620531921238,-2.388648726046817,0.0,PS_006,16.857524855195887,360.0,0.5853837950192561
12.279203605950599,8.023414474852775,2024-06-13T03:45:00Z,3,3,3,3,3,3,1,3,3,3,-1.8793270796746406,-0.02513569512791218,,,,,,,,,,10.934854169779907,-1.8297295950499173,0.0,PS_006,-2.602201784900404,359.99999999999994,1.2682904456054584
13.334705701466206,8.015868479402522,2024-06-13T04:00:00Z,4,4,4,4,4,4,1,4,4,4,-0.9609740380781183,0.9115004757164448,,,,,,,,,,11.399860254556337,-1.3927241262414316,0.0,PS_006,-69.46930514519427,359.99999999999994,0.7175754320983582
12.056100182204629,8.004547050988576,2024-06-13T04:15:00Z,3,3,3,3,3,3,1,3,3,3,-2.5556542620855436,-0.889200246719741,,,,,,,,,,10.351574784113481,-2.794919853416803,0.0,PS_006,31.316818566967573,360.0,0.08867655957621677
12.594243377104998,8.005382899924514,2024-06-13T04:30:00Z,3,3,3,3,3,3,1,3,3,3,-1.301609685939625,0.12007317643356383,,,,,,,,,,10.398468935589314,-0.9684236487540733,0.0,PS_006,-53.38288442216072,360.0,0.5292664879049523
12.9119410829985,8.00636810609153,2024-06-13T04:45:00Z,4,4,4,4,4,4,1,4,4,4,-1.7819403036844328,-0.2955149149083836,,,,,,,,,,10.607484457476804,-0.9732208571620422,0.0,PS_006,-0.8644392981659907,360.0,0.4626595257703184
11.866768376101923,7.99974560551701,2024-06-13T05:00:00Z,3,3,3,3,3,3,1,3,3,3,-2.4983961575491804,-0.7875928855136711,,,,,,,,,,10.29623856091308,-2.2852771303416506,0.0,PS_006,25.696689494554064,360.00000000000006,0.8671231103856115
11.386448383731711,7.994202439888446,2024-06-13T05:15:00Z,4,4,4,4,4,4,1,4,4,4,-1.929971780080526,-0.09199313255746418,,,,,,,,,,10.033916862022757,-1.8107416740341356,0.0,PS_006,1.8860004871464717,360.00000000000006,1.0352631850949925
11.488999345857208,7.990234778437604,2024-06-13T05:30:00Z,4,4,4,4,4,4,1,4,4,4,-1.3798698496353592,0.3057190730523378,,,,,,,,,,10.300000190734863,-1.6151942770404786,0.0,PS_006,-18.819316377622194,360.0,1.6838945208412772
11.899999618530273,7.9835782051086435,2024-06-13T05:45:00Z,3,3,3,3,3,3,1,3,3,3,-1.3038583037759983,0.2600571232108727,,,,,,,,,,10.661400499860619,-1.7392047363532326,0.0,PS_006,-11.826591414453985,359.99999999999994,2.035920697690076
12.71503741822423,7.976183069305265,2024-06-13T06:00:00Z,4,4,4,4,4,4,1,4,4,4,-1.322246036376846,0.77214468859897,,,,,,,,,,11.228099379021959,-1.5769073696068854,0.0,PS_006,-60.64070740363562,360.00000000000006,0.9076794589833254
11.206133550202628,7.9683668879945975,2024-06-13T06:15:00Z,4,4,4,4,4,4,1,4,4,4,-3.31502061813361,-1.3949475662783557,,,,,,,,,,9.696260096019001,-3.136846108584468,0.0,PS_006,45.478523193142884,360.00000000000006,-0.00490810298105608
11.899999618530275,7.962860107421877,2024-06-13T06:30:00Z,3,3,3,3,3,3,1,3,3,3,-0.8186875140557914,0.09580536853493644,,,,,,,,,,9.556383216974131,-0.7822781159243845,0.0,PS_006,-16.51058075904779,360.00000000000006,1.1403706375057912
12.058309826201073,7.954942095254877,2024-06-13T06:45:00Z,3,3,3,3,3,3,1,3,3,3,-1.310507226222703,-0.028503684946307114,,,,,,,,,,9.5,-0.8242488785752902,0.0,PS_006,-5.326402817439747,359.99999999999994,0.16661299538486044
11.015290319521002,7.950049724918761,2024-06-13T07:00:00Z,4,4,4,4,4,4,1,4,4,4,-1.887655347851458,-0.5568165415521968,,,,,,,,,,9.03114300124628,-2.016234274418752,0.0,PS_006,23.401815363490513,360.0,0.34606305433542967
10.5,7.946521153127249,2024-06-13T07:15:00Z,3,3,3,3,3,3,1,3,3,3,-1.799290556410814,-0.24483974075711762,,,,,,,,,,9.218088442227954,-2.0081922231399463,0.0,PS_006,10.889537196514981,359.99999999999994,1.0157612963239155
11.02172382214426,7.938759595011187,2024-06-13T07:30:00Z,4,4,4,4,4,4,1,4,4,4,-1.0167711715778747,0.423206689114623,,,,,,,,,,9.511398765556915,-1.4529747295542306,0.0,PS_006,-41.59295651804792,359.99999999999994,1.2687276315115823
11.922925894347069,7.934739247638473,2024-06-13T07:45:00Z,4,4,4,4,4,4,1,4,4,4,-1.0276267332256046,0.4293022227811962,,,,,,,,,,9.87793939533945,-1.5387679925310456,0.0,PS_006,-64.25151814133976,360.0,0.7121360787250596
11.930944546826332,7.926769733428956,2024-06-13T08:00:00Z,3,3,3,3,3,3,1,3,3,3,-1.4580994311483084,-0.01634311217630182,,,,,,,,,,9.49597584482117,-1.6492141258489232,0.0,PS_006,2.279134581597321,360.00000000000006,0.002589994665608426
10.808823181842284,7.923445624832721,2024-06-13T08:15:00Z,4,4,4,4,4,4,1,4,4,4,-2.80652449079776,-0.48564815074651596,,,,,,,,,,8.76220515480315,-2.0643320686220017,0.0,PS_006,18.229737655033272,360.0,0.1526176956161844
11.26551360176992,7.915166329525795,2024-06-13T08:30:00Z,4,4,4,4,4,4,1,4,4,4,-0.9439527850198854,0.4607581716252051,,,,,,,,,,9.162472539997662,-0.9947965591631355,0.0,PS_006,-69.20984632133563,360.0,1.170848187128753
12.399999618530273,7.911398410797119,2024-06-13T08:45:00Z,1,1,1,1,1,1,1,1,1,1,-1.8700000047683716,-0.5,,,,,,,,,,9.800000190734863,-2.0999999046325684,0.0,PS_006,36.7149772644043,360.0,1.580000042915344
13.876719585375811,7.908102644425661,2024-06-13T09:00:00Z,2,2,2,2,2,2,1,2,2,2,-1.8084659763551316,0.7484659992793159,,,,,,,,,,11.100000381469727,-1.0882534429853477,0.0,PS_006,-69.65857759829022,360.00000000000006,0.8267246681989664
13.928405809379361,7.906051635742188,2024-06-13T09:15:00Z,4,4,4,4,4,4,1,4,4,4,-2.6804336741686896,-0.45468924553630186,,,,,,,,,,10.973798774864836,-2.454364525487392,0.0,PS_006,17.969216812197978,360.0,0.9953742015482187
12.933570043672466,7.900704860687254,2024-06-13T09:30:00Z,3,3,3,3,3,3,1,3,3,3,-2.193599019548324,-1.4197985601958518,,,,,,,,,,9.827697882488343,-2.2799623902843447,0.0,PS_006,57.82164792907041,359.9999999999999,0.8195246738900587
13.467881836154215,7.897274712837269,2024-06-13T09:45:00Z,4,4,4,4,4,4,1,4,4,4,1.1246473141529987,0.8840638666010858,,,,,,,,,,10.28343799562439,3.3737164953352563,0.0,PS_006,38.387853005019515,360.0,0.8597476740489612
13.200345586186684,7.894526418709312,2024-06-13T10:00:00Z,4,4,4,4,4,4,1,4,4,4,18.57803351291235,6.521161511081801,,,,,,,,,,10.935065771358039,19.628302330138002,0.0,PS_006,31.94826806950708,360.0,1.0866555535020634
14.726094351083375,7.890679836273194,2024-06-13T10:15:00Z,3,3,3,3,3,3,1,3,3,3,52.92812059127874,12.226988634876587,,,,,,,,,,11.869204844182928,70.63424238275886,0.0,PS_006,17.704694332251236,360.0,0.5437754834203676
15.477950547788604,7.888519177581067,2024-06-13T10:30:00Z,4,4,4,4,4,4,1,4,4,4,93.26908369566227,13.324348453001054,,,,,,,,,,12.996623416660615,175.55615440459738,0.0,PS_006,7.608560919333898,360.0,0.7255173235827
17.396265671555533,7.885333061218263,2024-06-13T10:45:00Z,4,4,4,4,4,4,1,4,4,4,140.71351034423415,27.02900806857858,,,,,,,,,,15.632542247796248,311.03289888769893,0.0,PS_006,8.68332517018883,359.99999999999994,0.21776169049808694
18.898454964148936,7.884661807980634,2024-06-13T11:00:00Z,3,3,3,3,3,3,1,3,3,3,186.20967542172698,39.707153505307446,,,,,,,,,,18.741504991409762,455.8959506717457,0.0,PS_006,8.714057665522413,360.0,0.217581148161126
20.3379623827525,7.885333061218262,2024-06-13T11:15:00Z,4,4,4,4,4,4,1,4,4,4,235.87556837566086,48.54244074484754,,,,,,,,,,22.646034033574466,591.6237396292569,0.0,PS_006,8.228382441539623,359.99999999999994,1.0788302564141903
20.89609302497238,7.885333061218261,2024-06-13T11:30:00Z,4,4,4,4,4,4,1,4,4,4,289.3166467889082,52.217945973682944,,,,,,,,,,24.493342649101958,671.1908010083523,0.0,PS_006,7.770791579971384,359.99999999999994,1.6817926956301037
22.100000381469727,7.883842515200832,2024-06-13T11:45:00Z,3,3,3,3,3,3,1,3,3,3,339.18221949935673,54.14125716450959,,,,,,,,,,27.357400130565154,703.8130655554417,0.0,PS_006,7.689904292169234,360.0,1.4842866015814105
22.666310256581152,7.87615313515015,2024-06-13T12:00:00Z,4,4,4,4,4,4,1,4,4,4,387.2761614890007,55.94302112648,,,,,,,,,,28.311339526809586,723.3565964231564,0.0,PS_006,7.736858714191979,360.0,1.7152568392731045
23.49279380441252,7.875984217353508,2024-06-13T12:15:00Z,4,4,4,4,4,4,1,4,4,4,435.77265951620944,57.000364402466076,,,,,,,,,,27.927409799040856,735.4168899748129,0.0,PS_006,7.753689771536541,360.0,1.1534019494859737
25.050165119619912,7.884615859168154,2024-06-13T12:30:00Z,3,3,3,3,3,3,1,3,3,3,482.23419675856627,60.84122905717398,,,,,,,,,,30.994262534126722,744.9466429554716,0.0,PS_006,8.180085868378121,360.0,2.9750122454752534
25.616961540879103,7.885333061218262,2024-06-13T12:45:00Z,4,4,4,4,4,4,1,4,4,4,524.1839182597735,60.975012405055416,,,,,,,,,,31.952946751777674,743.5165425873123,0.0,PS_006,8.201267803561471,359.99999999999994,3.6452856986710556
26.089874191920472,7.889825446094751,2024-06-13T13:00:00Z,4,4,4,4,4,4,1,4,4,4,563.6189707641166,61.29863570088759,,,,,,,,,,31.921833532751418,742.2899887548534,0.0,PS_006,8.260247108923977,359.99999999999994,4.141755530353201
26.910125136176447,7.896026611328124,2024-06-13T13:15:00Z,3,3,3,3,3,3,1,3,3,3,593.204731517728,61.96250688361534,,,,,,,,,,33.088318286179984,734.0730914845151,0.0,PS_006,8.442099906226225,359.99999999999994,3.0764884929391987
27.164668405699793,7.900704860687254,2024-06-13T13:30:00Z,4,4,4,4,4,4,1,4,4,4,623.7414739382805,61.951450928309384,,,,,,,,,,32.749205152415435,732.0685324182095,0.0,PS_006,8.46062286711695,360.0,4.195034868643128
27.552445707571422,7.901881991758669,2024-06-13T13:45:00Z,4,4,4,4,4,4,1,4,4,4,651.9464556945413,61.7006212126555,,,,,,,,,,32.68015960061416,729.050382860616,0.0,PS_006,8.468693994995435,360.00000000000006,4.816241027256788
28.295652429360377,7.905058010475462,2024-06-13T14:00:00Z,3,3,3,3,3,3,1,3,3,3,669.5463581614619,61.06204456723849,,,,,,,,,,32.90434642623045,719.2221505660895,0.0,PS_006,8.508558373011368,359.99999999999994,5.490169173057338
28.88353487374786,7.910636187520857,2024-06-13T14:15:00Z,4,4,4,4,4,4,1,4,4,4,686.3701025401833,59.87129160383357,,,,,,,,,,33.395261654341084,712.0938549380578,0.0,PS_006,8.406301745481967,360.0,4.760368925558395
29.09774607152654,7.916745185852052,2024-06-13T14:30:00Z,4,4,4,4,4,4,1,4,4,4,705.8755103598544,58.17271212734541,,,,,,,,,,32.8145051893386,710.8178372760742,0.0,PS_006,8.207224736916343,360.00000000000006,5.686087934915013
29.19027255405062,7.916745185852051,2024-06-13T14:45:00Z,3,3,3,3,3,3,1,3,3,3,709.6236967449198,56.75006589491236,,,,,,,,,,32.03331912080553,702.1367015142358,0.0,PS_006,8.08859781917007,360.0,6.937392668534026
28.847389012236878,7.9242383920887285,2024-06-13T15:00:00Z,4,4,4,4,4,4,1,4,4,4,715.8779091518566,55.584386880151406,,,,,,,,,,31.680866312695503,700.551894020082,0.0,PS_006,7.933447002651472,360.00000000000006,5.33195686244241
29.200000762939453,7.926769733428954,2024-06-13T15:15:00Z,4,4,4,4,4,4,1,4,4,4,721.2215238275271,55.60827377919074,,,,,,,,,,31.67025161048532,701.8477407128497,0.0,PS_006,7.9471509526051785,360.0,5.579291322871105
29.697260640129226,7.927674884490674,2024-06-13T15:30:00Z,3,3,3,3,3,3,1,3,3,3,718.4676116357404,55.88906519699768,,,,,,,,,,32.76116645937066,701.4142293062015,0.0,PS_006,7.952069400227213,360.0,3.5566527802636814
28.9755395740787,7.931324972397644,2024-06-13T15:45:00Z,4,4,4,4,4,4,1,4,4,4,708.3002596031033,54.06911840546384,,,,,,,,,,31.620254874822116,697.0742933276707,0.0,PS_006,7.751670030897961,359.99999999999994,4.3403642584787585
29.23820685381848,7.933092432067083,2024-06-13T16:00:00Z,4,4,4,4,4,4,1,4,4,4,696.6346928852819,54.18519336720695,,,,,,,,,,31.872126100725986,698.7425761658697,0.0,PS_006,7.728354442355142,360.0,5.6143498764460125
29.32054724504998,7.933975009194892,2024-06-13T16:15:00Z,3,3,3,3,3,3,1,3,3,3,678.1201591700736,54.208612995773095,,,,,,,,,,32.440117591537806,698.5526834538206,0.0,PS_006,7.759402993348135,360.0,4.9567590577666465
29.473575009507208,7.939437333120194,2024-06-13T16:30:00Z,4,4,4,4,4,4,1,4,4,4,651.9784468509539,53.94313343759939,,,,,,,,,,33.583835161516745,695.1458442026352,0.0,PS_006,7.762824589836414,360.0,4.384779591939862
29.431332307714175,7.938885973372059,2024-06-13T16:45:00Z,3,3,3,3,3,3,1,3,3,3,632.8661626041685,53.473899912651824,,,,,,,,,,33.06866653093399,700.6851896003101,0.0,PS_006,7.624843542129288,360.0,4.57621934525425
30.32332128047378,7.944908619308982,2024-06-13T17:00:00Z,4,4,4,4,4,4,1,4,4,4,604.1400791656815,54.15282501722717,,,,,,,,,,33.8927063341294,701.6219737026199,0.0,PS_006,7.738059873397374,360.00000000000006,2.9337319925880223
29.943999856432058,7.943738507109551,2024-06-13T17:15:00Z,4,4,4,4,4,4,1,4,4,4,571.8980597035599,53.074476141348036,,,,,,,,,,33.56761729586447,700.5360300439468,0.0,PS_006,7.58399011062252,360.0,5.241026637097059
30.112999921920235,7.947488307952881,2024-06-13T17:30:00Z,3,3,3,3,3,3,1,3,3,3,535.6620134427179,53.72973187967999,,,,,,,,,,34.58466142378014,697.3661044931094,0.0,PS_006,7.686028552278406,360.0,3.528149736952127
30.29999923706054,7.95112783480449,2024-06-13T17:45:00Z,4,4,4,4,4,4,1,4,4,4,502.05284941037644,52.8115416997043,,,,,,,,,,33.53942860477123,698.9960590023385,0.0,PS_006,7.557245802597264,359.99999999999994,2.967027051625187
30.253902568679884,7.95216655731201,2024-06-13T18:00:00Z,4,4,4,4,4,4,1,4,4,4,460.18318079595133,55.020437984362324,,,,,,,,,,35.227090862179494,692.1639087010241,0.0,PS_006,7.955872257482037,359.99999999999994,3.812191960199138
30.059476784657576,7.952166557312012,2024-06-13T18:15:00Z,3,3,3,3,3,3,1,3,3,3,416.29980584530836,57.98244004183832,,,,,,,,,,34.12625907574888,680.852109785064,0.0,PS_006,8.517959405955986,360.0,3.8400289707849677
29.700000762939453,7.956886450936089,2024-06-13T18:30:00Z,4,4,4,4,4,4,1,4,4,4,358.75842948873486,50.90562119839391,,,,,,,,,,33.455057769645464,643.5021618742311,0.0,PS_006,7.922939723746594,360.0,3.335885563975977
29.862662352241266,7.958342311757585,2024-06-13T18:45:00Z,4,4,4,4,4,4,1,4,4,4,316.5392759446575,45.86217357906188,,,,,,,,,,33.917615148856044,639.0407402766778,0.0,PS_006,7.174315348898801,359.99999999999994,3.4280794905460494
29.595664850699233,7.958507294673958,2024-06-13T19:00:00Z,3,3,3,3,3,3,1,3,3,3,263.92122021200237,41.07742553415895,,,,,,,,,,33.255615102940574,589.1160665074756,0.0,PS_006,6.981839470317072,360.0,3.3476000334505
29.272523613846918,7.961564872825674,2024-06-13T19:15:00Z,4,4,4,4,4,4,1,4,4,4,210.94384034468152,33.43216706836542,,,,,,,,,,31.833523615211412,509.49031144933366,0.0,PS_006,6.55415239149791,360.0,2.9126003044801734
28.905034404742622,7.961221932945494,2024-06-13T19:30:00Z,4,4,4,4,4,4,1,4,4,4,152.1011265831861,26.121244354828765,,,,,,,,,,30.87488069075599,353.98795567383127,0.0,PS_006,7.365466132749138,360.0,2.656239756016418
28.348493800434593,7.962860107421874,2024-06-13T19:45:00Z,3,3,3,3,3,3,1,3,3,3,107.66723779206329,15.984782449990075,,,,,,,,,,29.709529630434997,234.45010065247567,0.0,PS_006,6.801374191005719,360.00000000000006,2.802521112838166
27.47681147041419,7.961345634887291,2024-06-13T20:00:00Z,4,4,4,4,4,4,1,4,4,4,65.46361138809088,6.6884708172294705,,,,,,,,,,27.582613169192843,128.99546553364272,0.0,PS_006,5.049725729210625,359.99999999999994,2.370054040355696
26.499999999999996,7.960680301349203,2024-06-13T20:15:00Z,4,4,4,4,4,4,1,4,4,4,26.89505390780919,1.0689422660365782,,,,,,,,,,25.08319971255112,37.73792313108761,0.0,PS_006,2.6446653207131594,360.00000000000006,1.2917495356150235
25.6909083073361,7.958323438902421,2024-06-13T20:30:00Z,3,3,3,3,3,3,1,3,3,3,7.052745350305597,-1.119544101719598,,,,,,,,,,22.788936788746696,6.603964564363378,0.0,PS_006,-21.4852718862242,359.99999999999994,1.1936092587752283
24.9025218139755,7.957513332366944,2024-06-13T20:45:00Z,3,3,3,3,3,3,1,3,3,3,-1.5520027415157402,-1.6435609531711362,,,,,,,,,,21.356251969258604,-1.2189387277544337,0.0,PS_006,58.97007010703936,360.0,0.7856081861571252
21.967765309438793,7.950181783682038,2024-06-13T21:00:00Z,4,4,4,4,4,4,1,4,4,4,-4.9136931890055315,-4.234306991990114,,,,,,,,,,18.9843715835735,-4.738711690857575,0.0,PS_006,83.90707159150256,359.99999999999994,0.7851658798547051
21.158769054632703,7.94748830795288,2024-06-13T21:15:00Z,3,3,3,3,3,3,1,3,3,3,-3.190503854854216,-2.115445725352319,,,,,,,,,,18.44456506435756,-3.70172533701271,0.0,PS_006,53.87864227017814,359.99999999999994,1.3880000114440916
20.795260355800064,7.945221000565223,2024-06-13T21:30:00Z,4,4,4,4,4,4,1,4,4,4,-3.2140153683714514,-1.3540571635787135,,,,,,,,,,17.978500964777663,-3.375142145100002,0.0,PS_006,36.733397544323395,360.0,1.4757955724149348
19.886041369887824,7.939922830169753,2024-06-13T21:45:00Z,4,4,4,4,4,4,1,4,4,4,-3.298340372009766,-1.2751733285101692,,,,,,,,,,17.254452530515852,-3.4579290029252663,0.0,PS_006,35.801062172349724,360.0,0.5797142005492688
18.07039423874087,7.932116508483888,2024-06-13T22:00:00Z,3,3,3,3,3,3,1,3,3,3,-5.43361496531351,-2.9322425388071687,,,,,,,,,,15.885303581100533,-4.0920131654988205,0.0,PS_006,67.18232205607922,360.00000000000006,1.038379564404027
18.108466312729163,7.924436253430225,2024-06-13T22:15:00Z,4,4,4,4,4,4,1,4,4,4,-2.0263535128712626,-0.15340388745630168,,,,,,,,,,16.17120039557644,-2.2905868643918494,0.0,PS_006,1.323029607183272,360.00000000000006,1.7320792777586689
17.746052446556657,7.91953252736362,2024-06-13T22:30:00Z,4,4,4,4,4,4,1,4,4,4,-2.40555365549062,-1.0089827443358803,,,,,,,,,,15.467291543710843,-3.038085640818524,0.0,PS_006,27.697293979998214,360.0,1.040047892813089
16.24344416804703,7.912190482833037,2024-06-13T22:45:00Z,3,3,3,3,3,3,1,3,3,3,-2.381867935773302,-1.2583199424693972,,,,,,,,,,14.458590214911133,-3.0031788978410683,0.0,PS_006,43.125230554058454,359.99999999999994,1.0615047782153189
16.61134380008689,7.905920322254609,2024-06-13T23:00:00Z,4,4,4,4,4,4,1,4,4,4,-2.0613165634063217,-0.12293771580928105,,,,,,,,,,14.543040727696967,-2.2699958905775564,0.0,PS_006,3.550884476531904,360.0,1.0632853369921649
16.3659459231042,7.896089017112064,2024-06-13T23:15:00Z,4,4,4,4,4,4,1,4,4,4,-2.1602604047659275,-0.4701083289627218,,,,,,,,,,14.323275414631414,-2.744218210249231,0.0,PS_006,16.57480568255306,360.0,0.9615169918693134
15.599454000363046,7.890679836273193,2024-06-13T23:30:00Z,3,3,3,3,3,3,1,3,3,3,-3.0483094133598994,-1.111473589039031,,,,,,,,,,13.392611853797998,-3.2711875107546784,0.0,PS_006,27.784282206453238,360.0,0.27609258676944815
17.054107122725092,7.881741151496835,2024-06-13T23:45:00Z,3,3,3,3,3,3,1,3,3,3,-1.0913384466495433,-0.23751903425646642,,,,,,,,,,13.930893850365656,-0.881281189515677,0.0,PS_006,43.06944262810948,360.0,0.6273278131509876
16.559125328807532,7.8753085136413565,2024-06-14T00:00:00Z,3,3,3,3,3,3,1,3,3,3,-3.1876884483915706,-2.2004898354115134,,,,,,,,,,13.160805557767583,-3.090462900858549,0.0,PS_006,68.93480294169288,360.0,0.022699405651281427
14.068300892127938,7.869245724502218,2024-06-14T00:15:00Z,3,3,3,3,3,3,1,3,3,3,-3.253892652477883,-2.033903427592698,,,,,,,,,,11.732970158790181,-2.9103021373099223,0.0,PS_006,71.1853678840776,360.0,0.11691152346117031
13.94012974444741,7.862277370744887,2024-06-14T00:30:00Z,4,4,4,4,4,4,1,4,4,4,-2.123667662295295,-0.2122991812074418,,,,,,,,,,11.759870064817726,-1.7134747375168247,0.0,PS_006,10.289910099938533,360.0,0.3905099492322235
13.770833460137537,7.854589939117434,2024-06-14T00:45:00Z,4,4,4,4,4,4,1,4,4,4,-2.211696759397677,-0.43635889191396404,,,,,,,,,,11.338940224434547,-1.3579295268521612,0.0,PS_006,41.673835313642584,360.0,-0.007404329656246258
13.96293773044656,7.849046889614982,2024-06-14T01:00:00Z,3,3,3,3,3,3,1,3,3,3,-0.5788365594799397,0.4801513834853397,,,,,,,,,,11.602999330054516,-1.190458564538904,0.0,PS_006,-41.911624941918845,360.0,0.0020000000949949026
13.813853286267019,7.842422286032554,2024-06-14T01:15:00Z,4,4,4,4,4,4,1,4,4,4,-1.6568147973737655,-0.6130149169586341,,,,,,,,,,11.034069158036079,-1.7811280612783706,0.0,PS_006,33.67632553318819,360.0,0.02059217073385109
13.046830731600853,7.834660035361726,2024-06-14T01:30:00Z,4,4,4,4,4,4,1,4,4,4,-1.3398823870057472,-0.4355398555404572,,,,,,,,,,10.682426711850916,-1.4669284020962983,0.0,PS_006,30.865456029592295,360.0,0.014628695237213477
14.0,7.831685755907506,2024-06-14T01:45:00Z,3,3,3,3,3,3,1,3,3,3,-0.24037418991089343,0.7772355661768828,,,,,,,,,,11.529736319449599,0.3335647883712137,0.0,PS_006,76.02121907768881,360.0,0.5420138423220351
13.215909613615512,7.819658199039375,2024-06-14T02:00:00Z,3,3,3,3,3,3,1,3,3,3,-1.7205354877707235,-0.45753292952343155,,,,,,,,,,10.939870819609347,-1.4630599127282524,0.0,PS_006,37.84332060072382,360.0,0.8403310497779086
13.296988925902964,7.814561949546835,2024-06-14T02:15:00Z,4,4,4,4,4,4,1,4,4,4,-1.4344803437250144,0.2601468329688339,,,,,,,,,,11.020851297896446,-0.8889988860413808,0.0,PS_006,-39.177135339627384,360.0,0.4963507840181467
15.54985663501509,7.8345394134521475,2024-06-14T02:30:00Z,3,3,3,3,3,3,1,3,3,3,1.7922276937380321,2.738967099956948,,,,,,,,,,12.862127969527789,0.6135358658105982,0.0,PS_006,160.0322715729281,360.0,1.4550544351057584
16.737879139824088,7.8318142766079415,2024-06-14T02:45:00Z,4,4,4,4,4,4,1,4,4,4,-1.0042511030492605,1.1103689533075314,,,,,,,,,,14.391667119949041,-1.0893384838778346,0.0,PS_006,-124.62020921529852,359.99999999999994,1.157599654243817
17.30047298909321,7.82580383466763,2024-06-14T03:00:00Z,4,4,4,4,4,4,1,4,4,4,-1.3868982839619215,-0.2748355696100225,,,,,,,,,,14.13787951944057,-2.1796637832600614,0.0,PS_006,-57.18641512889306,360.00000000000006,0.2975459063088208
17.852277808103697,7.823846817016602,2024-06-14T03:15:00Z,3,3,3,3,3,3,1,3,3,3,-0.9933693300789402,0.31761986010248777,,,,,,,,,,15.362915811196252,-1.257886613911932,0.0,PS_006,-29.8191003218656,360.0,0.10159291906903337
17.934571789868503,7.818500041961669,2024-06-14T03:30:00Z,4,4,4,4,4,4,1,4,4,4,-1.6758339351370017,-0.18714569714796123,,,,,,,,,,14.989620653801056,-2.1193950856280814,0.0,PS_006,12.369843859636676,360.0,0.028735937538973483
18.348500149583746,7.815650301963986,2024-06-14T03:45:00Z,3,3,3,3,3,3,1,3,3,3,-1.286866598627598,-0.579161482140105,,,,,,,,,,15.3684498664382,-0.8944729756842069,0.0,PS_006,-2371.700536892593,359.99999999999994,0.49535021038945326
18.442837070737937,7.813821315765381,2024-06-14T04:00:00Z,4,4,4,4,4,4,1,4,4,4,-1.3520962227540407,-0.5964802736838938,,,,,,,,,,15.226890188926935,0.3608708348413584,0.0,PS_006,-36.55170424306503,360.00000000000006,0.4346024030921123
18.399999618530273,7.813821315765381,2024-06-14T04:15:00Z,1,1,1,1,1,1,1,1,1,1,-2.1700000762939453,-1.090000033378601,,,,,,,,,,14.600000381469728,-0.2800000011920929,0.0,PS_006,600.0,360.0,0.6940000057220459
18.45360379845643,7.803128242492676,2024-06-14T04:30:00Z,2,2,2,2,2,2,1,2,2,2,-1.7675227980496846,-0.4997970302901199,,,,,,,,,,14.546396201543567,0.09576636406009104,0.0,PS_006,-4719.515369855075,360.0,0.06900497045987408
17.770856835736872,7.803128242492676,2024-06-14T04:45:00Z,4,4,4,4,4,4,1,4,4,4,-2.5125779082405884,-0.45266792003427303,,,,,,,,,,14.25098206897441,-1.6826409765680042,0.0,PS_006,13.298805895819727,360.00000000000006,0.38407269538041994
16.78598856630735,7.8008646515161235,2024-06-14T05:00:00Z,4,4,4,4,4,4,1,4,4,4,-2.004078300368097,-0.6995316820857177,,,,,,,,,,13.9010555507675,-2.3757074985315842,0.0,PS_006,24.47209177636426,360.0,0.6612944641930156
16.851273954699796,7.795147034019075,2024-06-14T05:15:00Z,3,3,3,3,3,3,1,3,3,3,-1.7308562499934548,-0.45063652917639035,,,,,,,,,,13.951274133910054,-2.329554679672499,0.0,PS_006,20.307125884231983,360.00000000000006,1.0399999618530273
16.687945773936576,7.7964412940195755,2024-06-14T05:30:00Z,4,4,4,4,4,4,1,4,4,4,-2.184179990639361,-1.056804378702641,,,,,,,,,,13.697405690724457,-2.800548389473102,0.0,PS_006,35.33439091766075,360.0,0.5564286488884961
16.43069213097926,7.793103218078614,2024-06-14T05:45:00Z,4,4,4,4,4,4,1,4,4,4,-2.047729340892013,-0.44733329769675617,,,,,,,,,,13.501707846950206,-2.128996221988691,0.0,PS_006,16.604141670036135,360.0,0.4014367837717519
17.05935039610489,7.789701844253897,2024-06-14T06:00:00Z,3,3,3,3,3,3,1,3,3,3,-1.3639041281843898,0.14005570547190316,,,,,,,,,,13.550197180247812,-1.2663080085910738,0.0,PS_006,5.1584079108906336,359.99999999999994,0.23146780027065259
17.299999237060547,7.785121519118009,2024-06-14T06:15:00Z,3,3,3,3,3,3,1,3,3,3,-1.989003509165278,-0.32466737062189094,,,,,,,,,,13.651503089826823,-0.6324603539833067,0.0,PS_006,42.23654340446785,360.0,0.2589574394026775
17.203448470116534,7.783077716827393,2024-06-14T06:30:00Z,2,2,2,2,2,2,1,2,2,2,-1.7155163450064046,0.2895428709341651,,,,,,,,,,13.63908183659164,0.34115104084531617,0.0,PS_006,406.4835254770592,360.0,0.047747350267876555
16.749844479029534,7.781139800002227,2024-06-14T06:45:00Z,3,3,3,3,3,3,1,3,3,3,-1.6051593033298055,-0.19083373483782382,,,,,,,,,,13.701834136850582,-1.6080951801429493,0.0,PS_006,15.538532213031084,360.00000000000006,0.5717950642228082
16.66818280597961,7.777731418609618,2024-06-14T07:00:00Z,4,4,4,4,4,4,1,4,4,4,-1.4779404357817643,0.17855248272206728,,,,,,,,,,13.370097717176073,-1.227743770411234,0.0,PS_006,-23.35351636461667,360.0,-0.006819013489468381
16.74643395486044,7.7732126081336315,2024-06-14T07:15:00Z,4,4,4,4,4,4,1,4,4,4,-0.6338907560523452,-0.09496599112663978,,,,,,,,,,13.346433530263365,-0.711325517794969,0.0,PS_006,-7.851041517355549,360.0,-0.006510719208468717
16.86072438807677,7.772385120391847,2024-06-14T07:30:00Z,2,2,2,2,2,2,1,2,2,2,-0.7453392586200351,-0.4746516493526615,,,,,,,,,,13.0,-0.21351102042911846,0.0,PS_006,-44.86271679156386,360.0,0.2495150210322958
16.90760204846622,7.767706394195557,2024-06-14T07:45:00Z,3,3,3,3,3,3,1,3,3,3,-1.498047531335505,-0.2299783123601625,,,,,,,,,,13.161382009872835,0.17767104712782858,0.0,PS_006,102.28879370242048,360.0,0.16269873713554975
17.1621256479671,7.762359619140625,2024-06-14T08:00:00Z,3,3,3,3,3,3,1,3,3,3,-0.6854123251004424,-0.07614738187812346,,,,,,,,,,13.212536158180047,1.1264590158782524,0.0,PS_006,-7.258150459169515,360.0,0.7652314199354876
17.0,7.762359619140624,2024-06-14T08:15:00Z,2,2,2,2,2,2,1,2,2,2,-1.9302155767094693,0.04679776465163928,,,,,,,,,,13.600000381469727,0.23826888773486984,0.0,PS_006,-21.63269849909845,360.0,0.7256728711034608
16.700000762939453,7.758450532375887,2024-06-14T08:30:00Z,3,3,3,3,3,3,1,3,3,3,-2.012192595185213,-0.1436813420902087,,,,,,,,,,13.300000190734863,0.05361619122814381,0.0,PS_006,-36.32826267092055,360.0,0.5508543414421114
17.0,7.75701332092285,2024-06-14T08:45:00Z,2,2,2,2,2,2,1,2,2,2,-1.431135742642803,0.06433895270900038,,,,,,,,,,13.600000381469725,0.5347116025985167,0.0,PS_006,4.705360173394396,360.0,1.10000707114715
17.0,7.75166654586792,2024-06-14T09:00:00Z,1,1,1,1,1,1,1,1,1,1,-1.7699999809265137,-0.28999999165534973,,,,,,,,,,13.600000381469727,0.4300000071525574,0.0,PS_006,-82.75862121582031,360.0,0.0020000000949949026
17.0,7.75166654586792,2024-06-14T09:15:00Z,1,1,1,1,1,1,1,1,1,1,-1.659999966621399,-0.029999999329447746,,,,,,,,,,13.600000381469727,0.3499999940395355,0.0,PS_006,-16.666667938232422,360.0,0.8100000023841858
16.555924444321455,7.749408140242874,2024-06-14T09:30:00Z,3,3,3,3,3,3,1,3,3,3,-1.9642368987243848,-0.3241714932161125,,,,,,,,,,13.58064957951793,0.46592138618969564,0.0,PS_006,-90.9954676622836,360.0,0.8158798870191918
16.39404717754101,7.746987819671631,2024-06-14T09:45:00Z,3,3,3,3,3,3,1,3,3,3,0.703290615922544,0.2497070509764312,,,,,,,,,,13.357014653765555,3.8889910143021167,0.0,PS_006,5.234892796579966,360.0,2.112938870851645
16.41678231026056,7.742274728550238,2024-06-14T10:00:00Z,4,4,4,4,4,4,1,4,4,4,16.466510404396477,6.1685228681931425,,,,,,,,,,14.35503739183282,17.55130197154462,0.0,PS_006,34.21056615407444,360.00000000000006,2.046152723047802
16.751231499136665,7.741641998291016,2024-06-14T10:15:00Z,4,4,4,4,4,4,1,4,4,4,51.88582324779777,11.111927613553792,,,,,,,,,,14.62714693204755,75.54930969289111,0.0,PS_006,16.476195557203347,360.0,0.7803136173073498
17.60581605385317,7.741641998291016,2024-06-14T10:30:00Z,3,3,3,3,3,3,1,3,3,3,92.52959763140593,12.83351471896325,,,,,,,,,,15.80943877620783,175.92436760778938,0.0,PS_006,7.291328274698158,360.00000000000006,0.7801184222983445
18.72477057661071,7.738483726394761,2024-06-14T10:45:00Z,4,4,4,4,4,4,1,4,4,4,139.12151701553265,25.850799840936126,,,,,,,,,,18.06977088036431,311.2677072354806,0.0,PS_006,8.280887662922852,360.0,1.396130560647852
19.82634590785115,7.737035822740518,2024-06-14T11:00:00Z,4,4,4,4,4,4,1,4,4,4,186.39431838073293,40.27710200428345,,,,,,,,,,20.17813361818709,454.4060055690891,0.0,PS_006,8.846536998554454,360.0,1.3133538475911535
21.087227549138188,7.721792671515903,2024-06-14T11:15:00Z,3,3,3,3,3,3,1,3,3,3,233.87997716853351,49.14130626209082,,,,,,,,,,22.723795343361243,586.5449795331373,0.0,PS_006,8.38236460389149,360.0,1.1484481768571264
21.747994012457376,7.716244697570801,2024-06-14T11:30:00Z,4,4,4,4,4,4,1,4,4,4,285.93209250054696,53.60361947705039,,,,,,,,,,25.732716463501276,666.475282511456,0.0,PS_006,8.032699060180386,360.0,2.4028673666901086
22.80894167288646,7.716244697570801,2024-06-14T11:45:00Z,4,4,4,4,4,4,1,4,4,4,338.75974871260235,56.36655543830891,,,,,,,,,,28.390578628838703,699.4247814796187,0.0,PS_006,8.058747780133348,360.00000000000006,2.4201654115262308
23.833354464213098,7.719495239699751,2024-06-14T12:00:00Z,3,3,3,3,3,3,1,3,3,3,386.98944388991566,58.391073684126,,,,,,,,,,30.088629114478604,718.9506488005554,0.0,PS_006,8.123887129609354,360.00000000000006,3.0194524248923353
24.6027988737579,7.719682124159425,2024-06-14T12:15:00Z,4,4,4,4,4,4,1,4,4,4,435.5114116684991,60.01646395989485,,,,,,,,,,30.5213129680241,731.6055709051024,0.0,PS_006,8.203477296194666,360.0,4.095778819124493
25.64132383554736,7.723224786546517,2024-06-14T12:30:00Z,4,4,4,4,4,4,1,4,4,4,487.1065138087164,62.21965385344784,,,,,,,,,,31.22864282522638,741.5349286476531,0.0,PS_006,8.388732135359959,359.99999999999994,4.41392873793081
26.15726961786048,7.725502870022523,2024-06-14T12:45:00Z,3,3,3,3,3,3,1,3,3,3,529.7265170651075,62.88376443449023,,,,,,,,,,31.44273076360924,741.6336719765582,0.0,PS_006,8.475040522624473,360.0,6.662650973543378
26.886867889391254,7.7271198700851995,2024-06-14T13:00:00Z,4,4,4,4,4,4,1,4,4,4,550.5214288986382,61.88858557414806,,,,,,,,,,32.24327918556686,720.8375467666078,0.0,PS_006,8.582034563338706,360.00000000000006,3.6693490626997844
27.322783409862062,7.731616497039795,2024-06-14T13:15:00Z,4,4,4,4,4,4,1,4,4,4,582.0250097296027,62.41006771649313,,,,,,,,,,32.668664600587135,716.2314145659544,0.0,PS_006,8.709348736385824,360.0,4.24476918465392
27.87449451656505,7.731616497039795,2024-06-14T13:30:00Z,3,3,3,3,3,3,1,3,3,3,603.2394091160256,61.9960095944134,,,,,,,,,,32.84648148805191,704.888319386734,0.0,PS_006,8.776003532243445,360.00000000000006,5.760657239684687
28.185372777325725,7.735669010721657,2024-06-14T13:45:00Z,4,4,4,4,4,4,1,4,4,4,627.999411194424,62.05097318964136,,,,,,,,,,32.600234153105376,701.8463244511423,0.0,PS_006,8.834631832461811,360.0,6.3643755151061345
28.430689339979036,7.739373502499928,2024-06-14T14:00:00Z,4,4,4,4,4,4,1,4,4,4,648.7577484659304,60.50799617366496,,,,,,,,,,32.31417780813972,694.7966658190707,0.0,PS_006,8.705817974101192,360.0,6.543338295806683
28.51882453057573,7.741641998291016,2024-06-14T14:15:00Z,3,3,3,3,3,3,1,3,3,3,662.2038820425303,58.52728948641239,,,,,,,,,,32.589118329908764,685.8069964287854,0.0,PS_006,8.535545040692176,359.99999999999994,6.749453283624917
29.19057631016839,7.746987819671631,2024-06-14T14:30:00Z,4,4,4,4,4,4,1,4,4,4,683.3973239580216,58.02133772164111,,,,,,,,,,33.0181108939096,689.395593038846,0.0,PS_006,8.411214436464643,360.0,5.199950037854423
29.678292330742554,7.74698781967163,2024-06-14T14:45:00Z,4,4,4,4,4,4,1,4,4,4,704.1671464874962,57.71238195082343,,,,,,,,,,32.40876977299743,695.5794394568903,0.0,PS_006,8.271821039267177,360.0,7.519871059018789
29.79248909739837,7.751666545867919,2024-06-14T15:00:00Z,3,3,3,3,3,3,1,3,3,3,705.4504149669789,55.97290572168114,,,,,,,,,,32.416385131275604,688.6008734169457,0.0,PS_006,8.126086022721159,360.00000000000006,6.099241924777324
29.54109812555334,7.75543323725764,2024-06-14T15:15:00Z,4,4,4,4,4,4,1,4,4,4,705.7960361924837,55.26948519738664,,,,,,,,,,32.38371525290852,684.6552621908575,0.0,PS_006,8.06195404744494,360.0,6.469869936613328
30.20494972263981,7.756158515133886,2024-06-14T15:30:00Z,4,4,4,4,4,4,1,4,4,4,702.6023631094172,55.18728826646861,,,,,,,,,,33.26802448439153,682.241327565795,0.0,PS_006,8.093876703635827,360.0,4.36076347455876
30.14902329566175,7.75787153918393,2024-06-14T15:45:00Z,3,3,3,3,3,3,1,3,3,3,681.28191283821,53.59147995742442,,,,,,,,,,32.82884347984819,668.2377055414171,0.0,PS_006,7.976322557448998,360.00000000000006,5.219271857113527
30.16865604944704,7.7598663708430315,2024-06-14T16:00:00Z,4,4,4,4,4,4,1,4,4,4,676.8512724558968,54.12836538017163,,,,,,,,,,33.56985076874848,676.5305151900519,0.0,PS_006,8.009251880542536,360.00000000000006,4.754788925782184
30.349904974456283,7.762773046852612,2024-06-14T16:15:00Z,4,4,4,4,4,4,1,4,4,4,657.8154704199457,53.85786978582181,,,,,,,,,,33.60205233589015,676.1607517735466,0.0,PS_006,7.966481309822044,360.00000000000006,4.078060734725287
30.943694469573757,7.762359619140626,2024-06-14T16:30:00Z,3,3,3,3,3,3,1,3,3,3,645.3408586524587,54.76613387776505,,,,,,,,,,34.95072755404518,684.7514480133646,0.0,PS_006,7.989049246261136,360.0,3.659582536651225
31.053645459175684,7.765225867086308,2024-06-14T16:45:00Z,4,4,4,4,4,4,1,4,4,4,615.801058021707,53.4931603031175,,,,,,,,,,35.05432670857786,679.8910647468861,0.0,PS_006,7.873636630843969,360.0,4.3927744687376755
30.58238994357062,7.765006807679074,2024-06-14T17:00:00Z,4,4,4,4,4,4,1,4,4,4,583.779365036016,52.78410976833871,,,,,,,,,,34.15996991095287,673.6413807177473,0.0,PS_006,7.851375919093914,360.0,3.521987100280421
31.018001774540913,7.7677063941955575,2024-06-14T17:15:00Z,3,3,3,3,3,3,1,3,3,3,553.1398557500617,53.638249285831606,,,,,,,,,,34.50926409675054,673.9518697893016,0.0,PS_006,7.942665906323433,360.00000000000006,3.5005061500119234
30.898746172569997,7.763137843316412,2024-06-14T17:30:00Z,4,4,4,4,4,4,1,4,4,4,515.9739077855681,53.23760502633748,,,,,,,,,,33.80232265469611,668.0272480306811,0.0,PS_006,7.983936944959267,359.99999999999994,4.74781390650751
30.89996326638847,7.766260369362578,2024-06-14T17:45:00Z,4,4,4,4,4,4,1,4,4,4,480.9414769087427,53.159186185654825,,,,,,,,,,34.01177358427169,668.29620542603,0.0,PS_006,7.94861584649506,359.99999999999994,4.023394538742573
31.04925443770054,7.766593310707386,2024-06-14T18:00:00Z,3,3,3,3,3,3,1,3,3,3,434.78071400376774,52.73813689134813,,,,,,,,,,34.119152651770015,650.6683197599879,0.0,PS_006,8.107278704635476,359.99999999999994,3.3454028068146067
30.747096046525122,7.7677063941955575,2024-06-14T18:15:00Z,4,4,4,4,4,4,1,4,4,4,392.1106555849536,56.01221933597615,,,,,,,,,,34.59534638960488,637.13772254602,0.0,PS_006,8.796384466363072,360.00000000000006,3.5347426785199576
30.767493093039977,7.762359619140625,2024-06-14T18:30:00Z,4,4,4,4,4,4,1,4,4,4,348.2238116139328,49.989525799448394,,,,,,,,,,35.06748322954532,627.8918378603173,0.0,PS_006,7.961678221437229,360.0,3.5288443012873203
30.566769602958054,7.762359619140626,2024-06-14T18:45:00Z,3,3,3,3,3,3,1,3,3,3,303.89883877754494,44.5879945393006,,,,,,,,,,33.934542509638405,609.6798829778091,0.0,PS_006,7.303852172907488,360.0,3.300065510244008
30.430532269931742,7.764250874242784,2024-06-14T19:00:00Z,4,4,4,4,4,4,1,4,4,4,260.44592664526476,40.891160413955994,,,,,,,,,,34.282239629946126,584.5861975875957,0.0,PS_006,6.988337967137831,359.99999999999994,3.5417392253020994
30.299999237060543,7.762359619140624,2024-06-14T19:15:00Z,3,3,3,3,3,3,1,3,3,3,213.21432518799654,34.373060379110825,,,,,,,,,,33.298816616216044,519.578381588192,0.0,PS_006,6.6074537589147875,360.0,3.7595142078558874
30.032724648469834,7.76064295163703,2024-06-14T19:30:00Z,4,4,4,4,4,4,1,4,4,4,162.3298836293014,27.537909745095504,,,,,,,,,,32.86743721582726,381.65435634346727,0.0,PS_006,7.2414245764741745,360.0,3.232809091302748
29.524182378422655,7.761570588436466,2024-06-14T19:45:00Z,4,4,4,4,4,4,1,4,4,4,119.68898353823141,17.468754162746066,,,,,,,,,,31.517567006074447,272.12235870306085,0.0,PS_006,6.379167536487659,360.00000000000006,2.9858153272377805
29.1354486096082,7.757013320922852,2024-06-14T20:00:00Z,3,3,3,3,3,3,1,3,3,3,77.12741178925731,7.683321199733866,,,,,,,,,,29.52935871872064,153.76842470397287,0.0,PS_006,4.925433400364503,360.0,3.180698760961582
27.919521080508144,7.756169363638975,2024-06-14T20:15:00Z,4,4,4,4,4,4,1,4,4,4,26.15829836105626,1.6561482392749745,,,,,,,,,,27.228509103049973,41.2836949314948,0.0,PS_006,3.576264412394953,360.0,2.776692866723216
26.82753956333352,7.7524828371280154,2024-06-14T20:30:00Z,4,4,4,4,4,4,1,4,4,4,7.082995767883876,-0.9337257132034956,,,,,,,,,,24.693759856386244,6.215814113678448,0.0,PS_006,-46.066660509838904,360.00000000000006,1.9052827602415268
26.09782245747033,7.747773895308862,2024-06-14T20:45:00Z,3,3,3,3,3,3,1,3,3,3,-0.782831737591201,-1.4026488619000752,,,,,,,,,,23.272294659657696,-1.4415332087640944,0.0,PS_006,112.26568085969188,360.00000000000006,1.5216182242971483
25.15387354662783,7.742249974237576,2024-06-14T21:00:00Z,4,4,4,4,4,4,1,4,4,4,-2.864565229550286,-1.8715126267213718,,,,,,,,,,22.077962076133435,-1.9847811362405394,0.0,PS_006,92.26083231352455,360.00000000000006,1.2343716875249293
23.942279669231848,7.735620025793973,2024-06-14T21:15:00Z,4,4,4,4,4,4,1,4,4,4,-4.432400261147833,-2.5607963159729867,,,,,,,,,,20.463556710304612,-3.2355619015360446,0.0,PS_006,80.41514152717322,359.99999999999994,0.11143227755499342
22.350849694174183,7.7305860462718945,2024-06-14T21:30:00Z,3,3,3,3,3,3,1,3,3,3,-2.4234495029966587,-3.060533212738811,,,,,,,,,,19.142183404540905,-3.6212095818388637,0.0,PS_006,79.96881747090298,359.99999999999994,1.046220713611906
20.759880183258538,7.722813547701959,2024-06-14T21:45:00Z,4,4,4,4,4,4,1,4,4,4,-3.8551126825611997,-2.1649541711621603,,,,,,,,,,17.812156137240876,-3.450967334129811,0.0,PS_006,54.92188089275044,360.00000000000006,0.3120111026672305
21.02372331925918,7.713808684353236,2024-06-14T22:00:00Z,4,4,4,4,4,4,1,4,4,4,-1.7308826323605535,-0.09660749280065507,,,,,,,,,,18.170330349575533,-1.9070576803729424,0.0,PS_006,-3.531940658153561,360.00000000000006,1.1722034999365174
21.845536220308965,7.705551624298095,2024-06-14T22:15:00Z,3,3,3,3,3,3,1,3,3,3,-1.2369887753916493,-0.35567542783457906,,,,,,,,,,18.83660945906623,-2.342143696826084,0.0,PS_006,12.544567949665325,360.0,0.8232753884778184
20.276809797226797,7.695323644096507,2024-06-14T22:30:00Z,4,4,4,4,4,4,1,4,4,4,-3.0884806365665796,-1.9844533201358194,,,,,,,,,,17.404307263786798,-3.009950552233722,0.0,PS_006,62.31460356382172,359.9999999999999,0.6268707774208058
18.92586760820291,7.688111572211148,2024-06-14T22:45:00Z,4,4,4,4,4,4,1,4,4,4,-2.5442730155160143,-1.1993710784471046,,,,,,,,,,16.583300617899475,-2.673426027507934,0.0,PS_006,41.60649136154342,360.0,1.4530842917776037
19.133052984607065,7.679248179614571,2024-06-14T23:00:00Z,3,3,3,3,3,3,1,3,3,3,-2.6510923684516174,0.0973235419220717,,,,,,,,,,16.850868644299737,-1.7770404613136945,0.0,PS_006,-35.16359008980626,359.99999999999994,1.7044351697197448
19.73727788270383,7.666548689038614,2024-06-14T23:15:00Z,4,4,4,4,4,4,1,4,4,4,-2.0254618755066782,-0.6251045707006815,,,,,,,,,,17.10276910059927,-2.2107504459365734,0.0,PS_006,22.67202544827118,360.0,0.8304786029313616
19.37739042464532,7.65798475638313,2024-06-14T23:30:00Z,4,4,4,4,4,4,1,4,4,4,-1.933433082469161,-1.0396815906327441,,,,,,,,,,16.35342746734082,-2.373642232654564,0.0,PS_006,39.968521801093964,360.0,1.0204531852524596
19.155346920709615,7.649411201477052,2024-06-14T23:45:00Z,3,3,3,3,3,3,1,3,3,3,-2.3751889306936556,-0.43047612282057046,,,,,,,,,,16.299999237060547,-2.2530779597199393,0.0,PS_006,20.641260443396263,360.0,0.8930742843760052
19.904254950453616,7.638654429881265,2024-06-15T00:00:00Z,4,4,4,4,4,4,1,4,4,4,-1.4620878631368481,-0.686877284400953,,,,,,,,,,16.506401010259165,-1.7293952364825647,0.0,PS_006,30.477706523995522,360.0,0.47911590253521563
18.921050471537203,7.631075540069186,2024-06-15T00:15:00Z,4,4,4,4,4,4,1,4,4,4,-1.66101171518446,-0.9168646331783443,,,,,,,,,,16.335805253717073,-2.3280845843708526,0.0,PS_006,35.3046235311516,360.0,1.2904376295487028
17.929928781059942,7.61866807937622,2024-06-15T00:30:00Z,3,3,3,3,3,3,1,3,3,3,-3.3986863194991845,-2.3320557474018204,,,,,,,,,,14.802486044468784,-3.057021259981631,0.0,PS_006,66.34850909561693,359.99999999999994,0.12015691161257137
18.596451302987212,7.608679293216447,2024-06-15T00:45:00Z,4,4,4,4,4,4,1,4,4,4,-1.2409759862651153,0.3676797744626901,,,,,,,,,,16.252728139261738,-1.079497901381732,0.0,PS_006,-41.436369162011644,359.99999999999994,1.6387860344600151
19.019272294527642,7.598004322497186,2024-06-15T01:00:00Z,4,4,4,4,4,4,1,4,4,4,-1.5155626827173867,-0.355965065903109,,,,,,,,,,16.459223604162883,-2.0117322150666053,0.0,PS_006,12.97705236546193,360.00000000000006,1.1287390439284992
18.132106275883622,7.591814095555005,2024-06-15T01:15:00Z,3,3,3,3,3,3,1,3,3,3,-2.616289378425463,-2.06070189655385,,,,,,,,,,15.277935056738091,-3.1592406149242978,0.0,PS_006,63.0992944731901,360.0,0.2631732379206859
19.330314784150104,7.578631804101031,2024-06-15T01:30:00Z,4,4,4,4,4,4,1,4,4,4,-0.4177882882539648,1.2448381177114394,,,,,,,,,,16.30844492823552,1.4548022650115804,0.0,PS_006,0.36654429971592184,359.99999999999994,0.41360434688371617
19.816175632181164,7.565882691903267,2024-06-15T01:45:00Z,4,4,4,4,4,4,1,4,4,4,-1.2040999562986865,0.1559874111391318,,,,,,,,,,16.46807123696447,0.6251274685500648,0.0,PS_006,82.34695156255587,360.0,0.014132884006970433
19.75393414140219,7.551835060119629,2024-06-15T02:00:00Z,2,2,2,2,2,2,1,2,2,2,-0.5228088428314036,-0.19168698035266776,,,,,,,,,,17.100000381469727,-1.1034847474470402,0.0,PS_006,24.698663002037566,360.0,0.6056653765666676
19.5715289331622,7.546373182634536,2024-06-15T02:15:00Z,4,4,4,4,4,4,1,4,4,4,-1.468050704801477,-0.33722058738643973,,,,,,,,,,17.28888364369323,-1.751142072325911,0.0,PS_006,17.139362875561787,360.0,1.0978940951694136
19.344967811001055,7.5364342047873505,2024-06-15T02:30:00Z,4,4,4,4,4,4,1,4,4,4,-1.9650011445130846,-0.8014600187583966,,,,,,,,,,17.18273818134192,-2.33913426412795,0.0,PS_006,34.71851407059531,360.00000000000006,0.8096558070852157
19.073561276832255,7.567206382751466,2024-06-15T02:45:00Z,3,3,3,3,3,3,1,3,3,3,-2.0020348157616956,-1.006028358555101,,,,,,,,,,16.180106206479262,-2.5111444495136617,0.0,PS_006,54.19580764163797,360.0,0.19253731864608434
19.501030248452025,7.5588727806251645,2024-06-15T03:00:00Z,4,4,4,4,4,4,1,4,4,4,-1.4151069977800084,-0.15754323390302505,,,,,,,,,,17.01131089398718,-1.7196888837155444,0.0,PS_006,1.4905100217750735,359.99999999999994,1.0995179208059194
19.225768183928697,7.5486568225658655,2024-06-15T03:15:00Z,4,4,4,4,4,4,1,4,4,4,-1.7776142253085332,0.0005382481914829967,,,,,,,,,,17.26811704347785,-1.902173634268044,0.0,PS_006,-3.0109767123732794,360.0,0.7841418046273637
19.64689442641935,7.540403400133546,2024-06-15T03:30:00Z,3,3,3,3,3,3,1,3,3,3,-1.3308713715925462,0.4179343706279884,,,,,,,,,,17.2684444567973,-1.6532612947466052,0.0,PS_006,-40.16886756245378,359.99999999999994,0.2985329414147798
19.54461916006056,7.53396942884791,2024-06-15T03:45:00Z,4,4,4,4,4,4,1,4,4,4,-1.3979197240606842,-0.4671855597015593,,,,,,,,,,16.842342963110408,-1.8573598462882266,0.0,PS_006,11.498014467495208,360.0,0.15629964279720887
20.058752778490888,7.523871772884194,2024-06-15T04:00:00Z,4,4,4,4,4,4,1,4,4,4,-0.9296305438558302,-0.14808026741703004,,,,,,,,,,17.060730945075747,-0.37154643897902406,0.0,PS_006,147.80747014950927,360.0,0.21831268475837648
19.748883312046594,7.516635734971875,2024-06-15T04:15:00Z,3,3,3,3,3,3,1,3,3,3,-2.1126344991305377,-0.596715553833736,,,,,,,,,,16.895232386980922,-1.058867185944157,0.0,PS_006,68.24135091514589,360.0,0.5911041031304534
20.338719629109246,7.507999086947519,2024-06-15T04:30:00Z,3,3,3,3,3,3,1,3,3,3,-1.3280653393917736,-0.06982357667641315,,,,,,,,,,17.535182315133696,0.3493740483921823,0.0,PS_006,-106.26169474051825,360.0,1.0762821720187385
20.242273394771217,7.4950265884399405,2024-06-15T04:45:00Z,2,2,2,2,2,2,1,2,2,2,-1.7262099999933918,-0.5107579819065414,,,,,,,,,,17.542274172168444,-0.2357434094672571,0.0,PS_006,584.2857821870457,359.99999999999994,1.2104840568010309
19.700000762939453,7.489679813385011,2024-06-15T05:00:00Z,2,2,2,2,2,2,1,2,2,2,-2.643263937421824,-0.7770144971805467,,,,,,,,,,17.10000038146973,-0.8740290010749716,0.0,PS_006,91.16636948917792,360.0,0.3742009012666158
19.451262876893942,7.480568429189199,2024-06-15T05:15:00Z,3,3,3,3,3,3,1,3,3,3,-2.396968520922709,-0.9537039022317187,,,,,,,,,,16.98333818229822,-1.2942598026586325,0.0,PS_006,70.63866185448653,360.00000000000006,0.6515988058428246
19.733117139440566,7.470370457128086,2024-06-15T05:30:00Z,4,4,4,4,4,4,1,4,4,4,-1.9030894532081484,-0.41012967421120117,,,,,,,,,,16.71608793623172,-0.5063154854694657,0.0,PS_006,33.51431269801243,360.0,0.300217421618665
19.037980821166915,7.460028249263416,2024-06-15T05:45:00Z,3,3,3,3,3,3,1,3,3,3,-1.9746835802891745,-1.032318784126571,,,,,,,,,,16.46640858290446,-2.4586536206853054,0.0,PS_006,39.363356594431934,360.0,0.8497371849480866
18.6658819019304,7.45365529440414,2024-06-15T06:00:00Z,4,4,4,4,4,4,1,4,4,4,-1.5128839126315934,-0.5028123175978054,,,,,,,,,,16.165785819063768,-1.2348281713201352,0.0,PS_006,44.17631538931479,360.0,0.5894723672248294
18.75345126553828,7.443811774036901,2024-06-15T06:15:00Z,4,4,4,4,4,4,1,4,4,4,-2.2256440209519774,-0.17016285829671557,,,,,,,,,,16.02308702153898,-1.478999909714065,0.0,PS_006,12.226196362342167,360.0,0.22789776507651097
18.8149349501437,7.437422209299525,2024-06-15T06:30:00Z,3,3,3,3,3,3,1,3,3,3,-1.65043941987928,-0.5695256218760942,,,,,,,,,,15.544268322113632,-1.18132441592746,0.0,PS_006,55.274043918769,360.0,-0.0018176688093318892
18.162046955157116,7.425474116209584,2024-06-15T06:45:00Z,4,4,4,4,4,4,1,4,4,4,-1.7757243639570879,-0.896361792349987,,,,,,,,,,15.351623154117009,-2.092925998766192,0.0,PS_006,46.43458151709321,360.0,0.5177734049976701
17.87993413972395,7.416486974232528,2024-06-15T07:00:00Z,4,4,4,4,4,4,1,4,4,4,-1.6332153188716731,-0.2198906430179398,,,,,,,,,,15.406425655633234,-1.0354025878201036,0.0,PS_006,0.05409190619179307,359.99999999999994,0.5747496317801932
17.849017330201526,7.408685423779654,2024-06-15T07:15:00Z,3,3,3,3,3,3,1,3,3,3,-2.0971190370655948,-0.6562168486005866,,,,,,,,,,15.629019952925955,-2.47233453480246,0.0,PS_006,18.005077400260394,359.99999999999994,1.2621821736735404
17.566646868837363,7.39745278073014,2024-06-15T07:30:00Z,4,4,4,4,4,4,1,4,4,4,-1.4602024390562531,-0.4653079967567325,,,,,,,,,,15.631365553492152,-1.913100287111531,0.0,PS_006,-103.35680207460513,360.00000000000006,1.3065934967762662
17.18139613907992,7.391063752576377,2024-06-15T07:45:00Z,3,3,3,3,3,3,1,3,3,3,-1.6736254034136433,-0.3218520718915885,,,,,,,,,,15.251947371233292,-2.026006417251454,0.0,PS_006,15.852527290790508,360.0,0.803959014413161
16.764731947188686,7.378444381467959,2024-06-15T08:00:00Z,4,4,4,4,4,4,1,4,4,4,-2.2775618988012405,-0.9563152427027187,,,,,,,,,,14.807125229467374,-2.1827567992765795,0.0,PS_006,38.747582064178346,360.0,0.5054187086015012
16.965023443197953,7.366623455881461,2024-06-15T08:15:00Z,4,4,4,4,4,4,1,4,4,4,-1.2861061691972597,0.1944272271108162,,,,,,,,,,14.586537444966904,-1.0719209052957828,0.0,PS_006,-67.92237521590309,359.99999999999994,0.6223797194279355
17.668684953519037,7.358727215292762,2024-06-15T08:30:00Z,2,2,2,2,2,2,1,2,2,2,-0.8385919763572466,0.20201601693991897,,,,,,,,,,15.568685525723625,0.38544914425954885,0.0,PS_006,56.353510616337815,360.0,1.26437988333384
17.799320541679773,7.348697128960467,2024-06-15T08:45:00Z,3,3,3,3,3,3,1,3,3,3,-0.5515341560950405,0.4775361146411431,,,,,,,,,,15.387175035342205,1.9008347609858545,0.0,PS_006,46.307390203401624,360.0,1.0777315434715988
18.508564453982885,7.339605038998934,2024-06-15T09:00:00Z,3,3,3,3,3,3,1,3,3,3,-1.0009424708568766,0.5374207418400853,,,,,,,,,,15.610774296876416,0.2673766843589799,0.0,PS_006,-71.22782322355992,360.0,0.8129697589312658
18.977892965578175,7.330616474151611,2024-06-15T09:15:00Z,2,2,2,2,2,2,1,2,2,2,-0.8803857503276494,0.3749853731543183,,,,,,,,,,16.12982174984916,-0.23523811804773187,0.0,PS_006,-57.763954494916376,359.99999999999994,0.5015540932422838
19.35985894006088,7.320179152166432,2024-06-15T09:30:00Z,3,3,3,3,3,3,1,3,3,3,-1.3720032737036236,0.14229769664846018,,,,,,,,,,16.75763340609152,0.6533016967220255,0.0,PS_006,18.988132283762745,359.99999999999994,1.1016936918045577
18.85531176913261,7.309931538347506,2024-06-15T09:45:00Z,4,4,4,4,4,4,1,4,4,4,0.555647846532221,0.0890616281944832,,,,,,,,,,16.606019285283637,2.8919983391275506,0.0,PS_006,-5.889782132538163,360.00000000000006,0.933751645983044
19.428328512034625,7.304551601409912,2024-06-15T10:00:00Z,3,3,3,3,3,3,1,3,3,3,15.262431223645505,5.356761123901565,,,,,,,,,,17.04930068884757,15.494194541503118,0.0,PS_006,33.62313351862336,360.0,0.6562445738045133
19.979401745187435,7.296329077847479,2024-06-15T10:15:00Z,4,4,4,4,4,4,1,4,4,4,48.379649055521874,11.244930671031542,,,,,,,,,,17.923810154433884,69.42857031105403,0.0,PS_006,17.248566783076676,360.00000000000006,0.9852228246009803
20.75392047560403,7.2900010466038445,2024-06-15T10:30:00Z,4,4,4,4,4,4,1,4,4,4,88.14896733821287,12.64945198666411,,,,,,,,,,19.232915915986574,168.90088392364763,0.0,PS_006,7.451249191595116,360.00000000000006,1.0416899982774077
20.740921963692596,7.283448351230481,2024-06-15T10:45:00Z,3,3,3,3,3,3,1,3,3,3,128.81474299900262,23.213694652028252,,,,,,,,,,20.325874877450282,288.340332965847,0.0,PS_006,8.059349233353952,359.99999999999994,1.0542821258006663
21.416467714171866,7.274431051870787,2024-06-15T11:00:00Z,4,4,4,4,4,4,1,4,4,4,177.06632522429237,37.8756179319584,,,,,,,,,,22.587594096545654,428.9802350316054,0.0,PS_006,8.838453113420924,359.99999999999994,0.7092474126182556
23.22783464260028,7.256403883203242,2024-06-15T11:15:00Z,4,4,4,4,4,4,1,4,4,4,226.71565944842033,47.200907317186505,,,,,,,,,,25.225580612425663,569.0874062624425,0.0,PS_006,8.30723041543536,359.99999999999994,0.5499097946418093
23.799999237060547,7.237388467731689,2024-06-15T11:30:00Z,3,3,3,3,3,3,1,3,3,3,273.1090220520437,50.60837165863674,,,,,,,,,,28.64927659853247,642.7543476449547,0.0,PS_006,7.874767796464258,360.0,0.4537026510477518
23.98795663089055,7.228975271844537,2024-06-15T11:45:00Z,4,4,4,4,4,4,1,4,4,4,324.17914593541525,52.37088870137725,,,,,,,,,,30.01239817104774,675.6873275021014,0.0,PS_006,7.752929512390729,360.0,2.281107788336882
24.544190604511694,7.225280481399084,2024-06-15T12:00:00Z,4,4,4,4,4,4,1,4,4,4,372.55103266556705,54.453871194497175,,,,,,,,,,30.426766990809124,696.8556136706395,0.0,PS_006,7.8184246267557915,360.0,1.6884774677709369
25.20178491621323,7.222346782684325,2024-06-15T12:15:00Z,3,3,3,3,3,3,1,3,3,3,418.6109886444913,55.74320649815245,,,,,,,,,,32.04790293249156,709.7409947372818,0.0,PS_006,7.845534618125968,360.0,2.6487686555172263
26.095406483907997,7.219387883370147,2024-06-15T12:30:00Z,4,4,4,4,4,4,1,4,4,4,463.1016110108145,57.646749494230235,,,,,,,,,,33.05890741819368,716.8124342070217,0.0,PS_006,8.047718034001246,360.0,2.733217533358218
26.52775590157211,7.216926102682826,2024-06-15T12:45:00Z,4,4,4,4,4,4,1,4,4,4,503.87718196936373,58.33214694509361,,,,,,,,,,33.63625930249551,717.2051001685619,0.0,PS_006,8.135925635799273,359.99999999999994,3.1726338248332318
27.0537527004897,7.217668056488038,2024-06-15T13:00:00Z,3,3,3,3,3,3,1,3,3,3,541.9312037458035,59.35303635602543,,,,,,,,,,34.31033239102911,716.6518491081931,0.0,PS_006,8.276551930946802,360.0,3.060665595297387
27.837434173342462,7.217668056488037,2024-06-15T13:15:00Z,4,4,4,4,4,4,1,4,4,4,574.9151309580656,60.565018236185466,,,,,,,,,,35.327960367344424,713.9533304785774,0.0,PS_006,8.477473796527367,360.0,3.5182677016678165
28.052535890377165,7.217668056488037,2024-06-15T13:30:00Z,4,4,4,4,4,4,1,4,4,4,606.2308706735181,60.418934860772076,,,,,,,,,,34.49677382389024,709.1396790610384,0.0,PS_006,8.523690978645243,360.0,4.508006238618473
28.570473437528296,7.216060647997087,2024-06-15T13:45:00Z,3,3,3,3,3,3,1,3,3,3,630.7007319728045,60.23317533304598,,,,,,,,,,34.654093661476054,701.5911557573444,0.0,PS_006,8.588327796237348,359.99999999999994,4.011500337982914
29.128451907030875,7.21529724774252,2024-06-15T14:00:00Z,4,4,4,4,4,4,1,4,4,4,650.4809329109353,58.349161356318746,,,,,,,,,,34.92122393997158,693.4215769435856,0.0,PS_006,8.414708112410533,360.0,3.1655649153154934
29.35935174399352,7.217668056488036,2024-06-15T14:15:00Z,4,4,4,4,4,4,1,4,4,4,666.1083953479797,58.12979745910944,,,,,,,,,,34.62202529543521,686.5382243062783,0.0,PS_006,8.467599449304887,360.0,3.8475505278355713
29.656317538480273,7.217668056488036,2024-06-15T14:30:00Z,3,3,3,3,3,3,1,3,3,3,677.4088940753512,55.44313281521049,,,,,,,,,,34.65631781620968,679.5989554257868,0.0,PS_006,8.151652482517706,359.99999999999994,3.977891247123422
30.30049252934315,7.22030572193511,2024-06-15T14:45:00Z,4,4,4,4,4,4,1,4,4,4,692.5205138209628,55.33435603732107,,,,,,,,,,34.26994668581829,680.4811903525872,0.0,PS_006,8.130569360268572,360.00000000000006,3.9999307614981894
30.8331815069447,7.217668056488037,2024-06-15T15:00:00Z,4,4,4,4,4,4,1,4,4,4,701.0664873493033,54.70925059043549,,,,,,,,,,33.91380427437941,682.6096920720053,0.0,PS_006,8.020065091006957,360.0,4.142089699409857
30.374462786056384,7.218364845602748,2024-06-15T15:15:00Z,3,3,3,3,3,3,1,3,3,3,701.7577776389231,53.06908777393256,,,,,,,,,,33.03118341370591,680.5085025185945,0.0,PS_006,7.81167394702416,360.0,6.1618455769382825
30.595148113802836,7.22097702498872,2024-06-15T15:30:00Z,4,4,4,4,4,4,1,4,4,4,708.5776516397412,53.91897472048954,,,,,,,,,,33.64694065038667,688.3356637181726,0.0,PS_006,7.84199582869966,359.99999999999994,4.333418910188344
30.916587062753084,7.2203761440350505,2024-06-15T15:45:00Z,4,4,4,4,4,4,1,4,4,4,702.4504409924742,54.92677154321502,,,,,,,,,,34.174904859846755,691.2412910873179,0.0,PS_006,7.9530982190904025,360.0,1.8376805401235352
30.799999237060547,7.22088598014048,2024-06-15T16:00:00Z,3,3,3,3,3,3,1,3,3,3,706.8908892930941,57.411378092602725,,,,,,,,,,35.49239518395585,709.0373431966681,0.0,PS_006,8.097647933409508,359.99999999999994,2.3746997218010932
31.44476999608718,7.220970723868463,2024-06-15T16:15:00Z,4,4,4,4,4,4,1,4,4,4,673.5191844913231,54.28299102318334,,,,,,,,,,37.57942757521818,696.3408790536668,0.0,PS_006,7.80848093455635,359.99999999999994,1.458388384038215
31.18112558890937,7.217668056488036,2024-06-15T16:30:00Z,4,4,4,4,4,4,1,4,4,4,669.2642083672449,56.23457722356074,,,,,,,,,,37.14010671875911,717.8488653159753,0.0,PS_006,7.824849580192768,359.99999999999994,1.8334009509267797
31.015245725881492,7.217668056488038,2024-06-15T16:45:00Z,3,3,3,3,3,3,1,3,3,3,650.8784894922367,57.091679539520186,,,,,,,,,,35.95184398302835,718.6960324103695,0.0,PS_006,7.956992473962793,360.00000000000006,2.3164065714037885
30.6498438919118,7.215570384366618,2024-06-15T17:00:00Z,4,4,4,4,4,4,1,4,4,4,276.8481479261101,30.657210305123993,,,,,,,,,,36.52914786464824,321.78063661447476,0.0,PS_006,11.399749120630434,360.00000000000006,2.056023573857214
31.628999077338275,7.212321758270265,2024-06-15T17:15:00Z,4,4,4,4,4,4,1,4,4,4,593.5855533915335,58.34413411669168,,,,,,,,,,36.34516402617122,726.2608800827993,0.0,PS_006,7.999253184158411,360.00000000000006,2.1330275382759862
30.55997248590786,7.213316547242822,2024-06-15T17:30:00Z,3,3,3,3,3,3,1,3,3,3,453.1169366739745,50.65561585013634,,,,,,,,,,34.09329933899628,579.4455863832345,0.0,PS_006,9.081443407199576,360.00000000000006,2.497462640019897
31.364607299523744,7.2094282732207144,2024-06-15T17:45:00Z,4,4,4,4,4,4,1,4,4,4,521.4302733962079,59.78246706403641,,,,,,,,,,35.901987338724545,715.6518927685222,0.0,PS_006,8.354185528640416,360.0,2.409115781241148
32.004902017861625,7.207825442983654,2024-06-15T18:00:00Z,4,4,4,4,4,4,1,4,4,4,478.91920351814684,63.37274583943449,,,,,,,,,,39.43185104568044,709.6596064526021,0.0,PS_006,8.91858527020272,360.0,3.0730042335760164
31.34942328027339,7.206204180936688,2024-06-15T18:15:00Z,3,3,3,3,3,3,1,3,3,3,444.9493596479229,65.9247519905196,,,,,,,,,,39.77960368687092,709.9643560014678,0.0,PS_006,9.284195973966524,359.99999999999994,1.1467299249204055
31.738417926009284,7.2062541666817514,2024-06-15T18:30:00Z,4,4,4,4,4,4,1,4,4,4,409.68825746095814,58.95456300289692,,,,,,,,,,38.38767541352535,698.9123391558637,0.0,PS_006,8.433667828200594,360.00000000000006,0.7866654450150343
31.602809097648898,7.202296257019044,2024-06-15T18:45:00Z,4,4,4,4,4,4,1,4,4,4,342.3304426852711,52.27558601170626,,,,,,,,,,38.333728934659305,673.0106715188327,0.0,PS_006,7.765118919228943,360.00000000000006,2.7601473799554173
30.56138138775783,7.202296257019043,2024-06-15T19:00:00Z,3,3,3,3,3,3,1,3,3,3,261.4634883732679,40.71340330004117,,,,,,,,,,35.352041252383984,572.9803597744669,0.0,PS_006,7.199286590793272,360.0,3.8986359204197845
30.527736927794706,7.200668751307177,2024-06-15T19:15:00Z,3,3,3,3,3,3,1,3,3,3,232.0046083277452,36.37070501193277,,,,,,,,,,34.781058567439985,570.6209547924734,0.0,PS_006,6.378024504347648,360.0,2.587383943873653
30.582650137879362,7.1937781540483385,2024-06-15T19:30:00Z,4,4,4,4,4,4,1,4,4,4,170.02471919940223,28.69117659074523,,,,,,,,,,35.14436489496015,416.45584985848785,0.0,PS_006,6.88199142914108,359.99999999999994,1.8271938558302105
30.132352436406574,7.1903254733867055,2024-06-15T19:45:00Z,4,4,4,4,4,4,1,4,4,4,86.86462977785168,12.297308427821871,,,,,,,,,,33.58162588263035,191.34934806378354,0.0,PS_006,6.431952686773112,360.0,1.800399126938989
29.36849319360267,7.186861547239741,2024-06-15T20:00:00Z,3,3,3,3,3,3,1,3,3,3,74.59444487353423,6.416595118545399,,,,,,,,,,30.980247137717114,153.3456976255312,0.0,PS_006,4.081271591388545,359.99999999999994,1.24303728994745
28.55784404841997,7.178517556326948,2024-06-15T20:15:00Z,4,4,4,4,4,4,1,4,4,4,26.63829668147983,0.5159319887411582,,,,,,,,,,28.265320000203214,47.003211234510914,0.0,PS_006,0.45022929949811114,360.00000000000006,1.0755400653210114
27.58891086674499,7.170883281325569,2024-06-15T20:30:00Z,4,4,4,4,4,4,1,4,4,4,4.835935179664029,-1.7904223158050159,,,,,,,,,,25.307964621515413,4.450769933730464,0.0,PS_006,-43.437515348090045,360.0,0.18212080684541243
25.64081981889851,7.166277086068197,2024-06-15T20:45:00Z,3,3,3,3,3,3,1,3,3,3,-2.131235401744242,-2.1288971981874534,,,,,,,,,,22.769763342063346,-3.4238435296777556,0.0,PS_006,68.24097465065103,359.99999999999994,0.278369651258012
23.834466990021788,7.155573092985779,2024-06-15T21:00:00Z,3,3,3,3,3,3,1,3,3,3,-3.225343982917711,-3.003887866427985,,,,,,,,,,21.370380851827452,-4.430401170574708,0.0,PS_006,68.54851685594373,360.0,0.5222902525378942
23.20000076293945,7.145734477641505,2024-06-15T21:15:00Z,4,4,4,4,4,4,1,4,4,4,-2.892834218347445,-1.5613069748714976,,,,,,,,,,20.56930833318413,-3.0546070671407985,0.0,PS_006,50.14548426620238,360.0,0.6658288620664081
23.1488168785236,7.1364597856929715,2024-06-15T21:30:00Z,3,3,3,3,3,3,1,3,3,3,-2.182487618245152,-1.302688941949894,,,,,,,,,,19.6976321190631,-1.9055651854318905,0.0,PS_006,66.78772781648196,359.99999999999994,-0.0018339202604204091
21.26881111428404,7.124853817991279,2024-06-15T21:45:00Z,4,4,4,4,4,4,1,4,4,4,-2.9979948671212835,-1.3887292673321099,,,,,,,,,,19.15464411434023,-2.8864654397875666,0.0,PS_006,48.909862871960286,360.00000000000006,0.5481409409913778
20.705424979906663,7.113408484159205,2024-06-15T22:00:00Z,4,4,4,4,4,4,1,4,4,4,-2.5375316401882517,-0.9693501627693301,,,,,,,,,,18.790506279629433,-2.885094523787029,0.0,PS_006,36.4637813746301,360.0,1.1903609581873262
20.37940525010657,7.099660780338008,2024-06-15T22:15:00Z,3,3,3,3,3,3,1,3,3,3,-2.0463345046957047,-0.392841090116783,,,,,,,,,,18.647780331538726,-2.4417122728868232,0.0,PS_006,12.896530077869908,359.99999999999994,1.097409588801345
20.029793580872894,7.086598960652174,2024-06-15T22:30:00Z,4,4,4,4,4,4,1,4,4,4,-1.8416248815307714,-0.5507304817580111,,,,,,,,,,17.954816804868987,-2.5457334995454537,0.0,PS_006,17.660148005738353,360.0,0.6162239064138612
18.471555626932233,7.073192025927502,2024-06-15T22:45:00Z,3,3,3,3,3,3,1,3,3,3,-3.693781905134744,-1.9765226060146133,,,,,,,,,,16.785155177783057,-3.0467804825621565,0.0,PS_006,65.80544076714934,360.00000000000006,0.38853883404131745
18.443711068230023,7.059508072367333,2024-06-15T23:00:00Z,4,4,4,4,4,4,1,4,4,4,-2.2136545748399747,-0.6019453236195479,,,,,,,,,,16.29662131805447,-2.288753676276619,0.0,PS_006,25.888871780346822,360.0,0.6381815812467121
18.502848480890915,7.042686872736188,2024-06-15T23:15:00Z,4,4,4,4,4,4,1,4,4,4,-1.5109321698470177,-0.9740383707285749,,,,,,,,,,16.060018561690413,-2.5765881421735464,0.0,PS_006,32.680144803468,360.00000000000006,0.2060701372107523
17.799999237060543,7.032322042515651,2024-06-15T23:30:00Z,3,3,3,3,3,3,1,3,3,3,-2.5716088612956334,-1.2380480643789886,,,,,,,,,,14.950886241599871,-2.534830383423908,0.0,PS_006,46.852961041615416,359.99999999999994,0.002000000094994902
17.819312056333526,7.015411131192108,2024-06-15T23:45:00Z,4,4,4,4,4,4,1,4,4,4,-1.3420564033066567,-0.235881525666349,,,,,,,,,,14.799288852599679,-0.865179813437022,0.0,PS_006,29.391379630191704,360.0,0.010016822305753771
17.145162996841275,7.002558640042219,2024-06-16T00:00:00Z,4,4,4,4,4,4,1,4,4,4,-2.163519571362219,-0.8734556984923054,,,,,,,,,,14.40683681670145,-1.9609040594905267,0.0,PS_006,44.41867308449363,360.0,-0.0066701171559537305
16.57285025111927,6.990176668695937,2024-06-16T00:15:00Z,3,3,3,3,3,3,1,3,3,3,-2.2699999809265137,-0.6120642871050574,,,,,,,,,,14.149861732963132,-1.8458669063465707,0.0,PS_006,27.147219300364547,360.00000000000006,0.014059726875953905
17.021604928876865,6.976844407158372,2024-06-16T00:30:00Z,4,4,4,4,4,4,1,4,4,4,-2.2699999809265132,0.1887528591164865,,,,,,,,,,14.691510711973176,-1.529756111507679,0.0,PS_006,-13.448133473859189,360.0,0.5476703095941782
16.45696254336968,6.963223950434188,2024-06-16T00:45:00Z,4,4,4,4,4,4,1,4,4,4,-2.2699999809265137,-0.4161841699144769,,,,,,,,,,14.421502107863942,-1.692061263166917,0.0,PS_006,7.877348580601837,360.0,0.862853633674146
16.416974029115796,6.951212683228406,2024-06-16T01:00:00Z,3,3,3,3,3,3,1,3,3,3,-2.2699999809265137,-0.4497076513486409,,,,,,,,,,14.553014770440699,-1.6954787303188392,0.0,PS_006,20.53526402001253,360.0,0.3979133037807477
16.031454785610123,6.939535730526666,2024-06-16T01:15:00Z,4,4,4,4,4,4,1,4,4,4,-2.2699999809265132,-0.01265953814233128,,,,,,,,,,14.251554101408288,-1.035171602702245,0.0,PS_006,-22.412952555386923,360.0,0.8266785024901919
16.208164963141872,6.924450512743776,2024-06-16T01:30:00Z,4,4,4,4,4,4,1,4,4,4,-2.2699999809265132,-0.1104721796517427,,,,,,,,,,14.538770738060926,-1.480502701370679,0.0,PS_006,5.6552340768965665,360.0,1.0535051951500884
15.625867784778192,6.913302209204731,2024-06-16T01:45:00Z,3,3,3,3,3,3,1,3,3,3,-2.2699999809265137,-1.352237925323503,,,,,,,,,,13.859650992335967,-2.630586172857403,0.0,PS_006,50.42379464487246,360.0000000000001,0.5133697109046186
15.930254192819516,6.903366060483157,2024-06-16T02:00:00Z,4,4,4,4,4,4,1,4,4,4,-2.2699999809265137,0.21425224577301022,,,,,,,,,,13.743570812839918,-1.1086129493515582,0.0,PS_006,-19.165085841874056,359.99999999999994,0.12828653086245617
15.787915995900468,6.8895825042488665,2024-06-16T02:15:00Z,4,4,4,4,4,4,1,4,4,4,-2.2699999809265137,-0.018401293195800937,,,,,,,,,,13.600000381469725,-1.4338978212165367,0.0,PS_006,-4.098950569226233,360.0,0.305376556720704
14.85926620522239,6.878195964785512,2024-06-16T02:30:00Z,3,3,3,3,3,3,1,3,3,3,-2.2699999809265137,-1.1430810161709828,,,,,,,,,,12.995999828311525,-1.963523205667017,0.0,PS_006,62.96819672794531,360.00000000000006,0.24540168284830302
15.132906527368975,6.867949346606902,2024-06-16T02:45:00Z,4,4,4,4,4,4,1,4,4,4,-2.2699999809265137,0.4644533083307017,,,,,,,,,,13.226768418984966,-0.8335745474107628,0.0,PS_006,-100.58518732067968,359.99999999999994,1.289011199213784
15.19477688018326,6.866262755105912,2024-06-16T03:00:00Z,4,4,4,4,4,4,1,4,4,4,-1.4430130769577414,-0.3496720452220158,,,,,,,,,,13.591853838253975,-1.3814041416585978,0.0,PS_006,2.097491812127022,360.0,0.5743584229219512
16.380224588023033,6.892789966518106,2024-06-16T03:15:00Z,3,3,3,3,3,3,1,3,3,3,0.32848974811575204,1.2561534173972144,,,,,,,,,,14.310168166635087,-0.34192060848154193,0.0,PS_006,-1630.7942576241544,359.99999999999994,1.000231490087945
16.6104427679313,6.880254631074676,2024-06-16T03:30:00Z,4,4,4,4,4,4,1,4,4,4,-0.6301838024446021,0.49994096362689433,,,,,,,,,,14.59487356650123,-0.8515832417077213,0.0,PS_006,-74.70735187587275,360.0,0.9820545863174084
14.83363473085212,6.868977292570917,2024-06-16T03:45:00Z,4,4,4,4,4,4,1,4,4,4,-2.9419699898355955,-1.229782572129869,,,,,,,,,,13.705937771075162,-2.18553664589775,0.0,PS_006,44.170515530093674,360.0,0.5802561743629466
16.082179500410888,6.862001130732373,2024-06-16T04:00:00Z,3,3,3,3,3,3,1,3,3,3,-0.22307283595222377,-0.405608813815516,,,,,,,,,,14.069966814941061,-1.100308258484187,0.0,PS_006,320.4852398908919,360.0,0.2356345506760659
14.929550027005744,6.85336893202942,2024-06-16T04:15:00Z,4,4,4,4,4,4,1,4,4,4,-1.5494603674676253,-0.28150250452874276,,,,,,,,,,13.429550027005742,-0.9446922229479804,0.0,PS_006,22.188168299919937,360.00000000000006,0.5085236702848974
15.50093748147713,6.842915203551424,2024-06-16T04:30:00Z,4,4,4,4,4,4,1,4,4,4,-0.37455907333517396,0.7172525182874263,,,,,,,,,,14.118047390467968,-0.5936109031060577,0.0,PS_006,-100.14720382620754,360.0,1.0678934146169277
15.657036895959685,6.837386608123779,2024-06-16T04:45:00Z,3,3,3,3,3,3,1,3,3,3,-1.3892309644434964,-0.22252845348395575,,,,,,,,,,14.428979989140798,-1.732548168038198,0.0,PS_006,12.446612924249392,360.0,0.9179212545316041
15.612283947930466,6.828190386349131,2024-06-16T05:00:00Z,4,4,4,4,4,4,1,4,4,4,-1.0789726611594093,-0.1947881819236002,,,,,,,,,,14.137868780197394,-1.60982500592963,0.0,PS_006,4.53786862956294,360.00000000000006,0.6091217020308692
15.233926573823824,6.816837115795219,2024-06-16T05:15:00Z,4,4,4,4,4,4,1,4,4,4,-1.1644932794408789,-0.11995277068524772,,,,,,,,,,13.870463639346285,-1.2359158560144823,0.0,PS_006,-33.425658860483914,360.0,1.447666144994154
16.455735202936314,6.81132173538208,2024-06-16T05:30:00Z,2,2,2,2,2,2,1,2,2,2,-0.1281164805669816,0.16738854390178326,,,,,,,,,,14.90688141680112,-1.0278187615127505,0.0,PS_006,671.1226245030421,360.0,0.9249924494714666
16.2770824357998,6.803564524088835,2024-06-16T05:45:00Z,4,4,4,4,4,4,1,4,4,4,-1.153886945008147,0.21595537842973817,,,,,,,,,,14.745703671440028,-1.3783847519364156,0.0,PS_006,-34.38970721615553,359.99999999999994,0.663472112168759
15.63934262408812,6.7968031206006305,2024-06-16T06:00:00Z,4,4,4,4,4,4,1,4,4,4,-2.1780776711082694,-1.0181742688847621,,,,,,,,,,14.09548280274962,-2.313856967691619,0.0,PS_006,43.51611442877987,360.0,1.0736414978671436
15.399999618530273,6.789888207086923,2024-06-16T06:15:00Z,3,3,3,3,3,3,1,3,3,3,-1.592266351069329,0.03760493171115657,,,,,,,,,,14.145847784940118,-1.5527206596083687,0.0,PS_006,-5.736947735937715,360.0,1.6401098712178013
15.01950583784816,6.781315858008194,2024-06-16T06:30:00Z,4,4,4,4,4,4,1,4,4,4,-1.7000535675666495,-0.4118585945660994,,,,,,,,,,13.768546910708155,-1.7582694555107612,0.0,PS_006,22.534454966066292,360.0,1.0305958225008842
15.137096318233677,6.7746529387392505,2024-06-16T06:45:00Z,4,4,4,4,4,4,1,4,4,4,-0.6125351012616681,0.126001110939096,,,,,,,,,,14.01497298575824,-0.7471038354163004,0.0,PS_006,-16.25706724458328,359.9999999999999,1.0120670138397814
15.000471020393336,6.769710671645136,2024-06-16T07:00:00Z,3,3,3,3,3,3,1,3,3,3,-0.7159511476000707,-0.0786807123033667,,,,,,,,,,14.000471020393338,-0.8128930056985049,0.0,PS_006,-0.7089400953677775,360.0,0.5987512280263086
15.315862101105456,6.76060981343795,2024-06-16T07:15:00Z,4,4,4,4,4,4,1,4,4,4,-0.5364266600106017,0.3961413541947878,,,,,,,,,,14.376075536083514,-0.6369561578334041,0.0,PS_006,-50.271745909628265,359.99999999999994,0.97630100056196
15.940447921844923,6.755927203843854,2024-06-16T07:30:00Z,4,4,4,4,4,4,1,4,4,4,-0.7368025888468989,0.13998663891377622,,,,,,,,,,14.544173959488969,-1.3323994202221823,0.0,PS_006,-10.032894748986811,360.00000000000006,0.7104702623063869
15.504863194375513,6.749835014343263,2024-06-16T07:45:00Z,3,3,3,3,3,3,1,3,3,3,-1.385574899307825,-0.39007850240257824,,,,,,,,,,14.100000381469727,-1.4402111458049869,0.0,PS_006,31.49735173379382,360.0,1.511962976639412
15.77756768834416,6.741947788837098,2024-06-16T08:00:00Z,4,4,4,4,4,4,1,4,4,4,-0.9661911907108458,0.13772173113180147,,,,,,,,,,14.399999618530273,-1.1253023518586178,0.0,PS_006,-16.20835238789944,360.0,0.914096509446617
15.938541304287345,6.73980951309204,2024-06-16T08:15:00Z,4,4,4,4,4,4,1,4,4,4,-0.8233405172248924,0.03272604499163565,,,,,,,,,,14.294461764809945,-1.4771134467745426,0.0,PS_006,-0.9481680478041453,360.0,0.558932552130846
16.008078908177357,6.733576701765862,2024-06-16T08:30:00Z,3,3,3,3,3,3,1,3,3,3,-0.8777049738103069,-0.8016090406926378,,,,,,,,,,13.82602918696159,-1.9462168448769488,0.0,PS_006,37.27975654211098,360.0,0.08433854652850858
14.769254182457285,6.72663576102158,2024-06-16T08:45:00Z,4,4,4,4,4,4,1,4,4,4,-2.416913537155281,-0.7512638095281657,,,,,,,,,,13.11016234153963,-1.8448744613498471,0.0,PS_006,42.287598044414985,360.0,0.2834459108570288
14.449342442742132,6.723828621700466,2024-06-16T09:00:00Z,4,4,4,4,4,4,1,4,4,4,-1.8583266566184422,-0.3578334872314596,,,,,,,,,,12.522801339953405,-1.5101848153552424,0.0,PS_006,27.26355011921579,360.00000000000006,0.06155640061984042
14.538065363168805,6.714848860078959,2024-06-16T09:15:00Z,3,3,3,3,3,3,1,3,3,3,-0.7503049692052706,0.05882111646654184,,,,,,,,,,12.709303432631906,-1.1740693129122688,0.0,PS_006,-4.5083737946607085,360.00000000000006,0.2624305704524165
14.4003058928558,6.713714547931128,2024-06-16T09:30:00Z,4,4,4,4,4,4,1,4,4,4,-0.8807109568283064,-0.018623759407909616,,,,,,,,,,12.970706752652607,-0.9314350489729823,0.0,PS_006,0.7452356846729538,360.00000000000006,0.6236052040482368
14.156342234369312,6.707780019825852,2024-06-16T09:45:00Z,3,3,3,3,3,3,1,3,3,3,1.0906758941675325,-0.3936881180214289,,,,,,,,,,12.122419913548613,2.3084291120687843,0.0,PS_006,-60.536241615471816,360.0,0.11746930833012227
14.050959694123984,6.6995037792314385,2024-06-16T10:00:00Z,3,3,3,3,3,3,1,3,3,3,16.076998625666207,4.426454232339057,,,,,,,,,,12.533973075417189,16.500435595045207,0.0,PS_006,26.152710115005227,359.99999999999994,0.6356238658243459
14.845443655424386,6.695617991893704,2024-06-16T10:15:00Z,4,4,4,4,4,4,1,4,4,4,46.19667617111853,10.695236295284841,,,,,,,,,,13.440751856388657,62.014345796878445,0.0,PS_006,18.23320623058008,360.0,0.7005375019478836
15.796149825590007,6.692525115613054,2024-06-16T10:30:00Z,4,4,4,4,4,4,1,4,4,4,82.78148773906332,12.478367592969002,,,,,,,,,,14.574913779618841,151.534299015331,0.0,PS_006,8.206260491689061,359.99999999999994,0.0809341404700666
17.371092849140503,6.688347816467284,2024-06-16T10:45:00Z,3,3,3,3,3,3,1,3,3,3,126.69833498236312,24.443580670765996,,,,,,,,,,16.95277030234437,276.5890639317917,0.0,PS_006,8.813920545111564,360.0,0.2518958448935165
18.52611943615152,6.683804638552014,2024-06-16T11:00:00Z,4,4,4,4,4,4,1,4,4,4,170.7065021437926,37.57936922243174,,,,,,,,,,19.737096903834917,404.6530302230796,0.0,PS_006,9.2933111921701,360.0,0.05034814526270764
20.178845216119687,6.683001995086671,2024-06-16T11:15:00Z,3,3,3,3,3,3,1,3,3,3,217.10009478990236,46.681479294027504,,,,,,,,,,22.362556203295252,536.5986947225997,0.0,PS_006,8.688202929477793,360.0,0.5211915802468174
22.06304869728544,6.665119914688907,2024-06-16T11:30:00Z,4,4,4,4,4,4,1,4,4,4,264.19928082608527,50.53489256682995,,,,,,,,,,25.626413429032375,613.9286765781961,0.0,PS_006,8.23072266550504,360.0,0.14732714458377422
22.954285415539935,6.652257919311523,2024-06-16T11:45:00Z,4,4,4,4,4,4,1,4,4,4,312.5538845784244,53.05774654557607,,,,,,,,,,27.21107224133585,643.1423600710245,0.0,PS_006,8.24537412776245,360.0,1.6891783244241176
23.560375966313515,6.652257919311523,2024-06-16T12:00:00Z,3,3,3,3,3,3,1,3,3,3,360.2984957324305,54.6455353482274,,,,,,,,,,28.028705151588042,671.7791785740908,0.0,PS_006,8.129118005883617,360.00000000000006,1.5911760437438733
23.833970386836963,6.655777639551067,2024-06-16T12:15:00Z,4,4,4,4,4,4,1,4,4,4,406.969187070321,56.54703709366616,,,,,,,,,,28.850748176871637,687.2862261776311,0.0,PS_006,8.234325352471076,359.99999999999994,1.8708455225642273
25.048166320460517,6.6582838918086065,2024-06-16T12:30:00Z,4,4,4,4,4,4,1,4,4,4,454.8769866418781,59.00034400135736,,,,,,,,,,31.653527359786604,703.0475657634408,0.0,PS_006,8.386856661647204,359.99999999999994,1.6806152113360506
26.0156512108527,6.658506530684152,2024-06-16T12:45:00Z,3,3,3,3,3,3,1,3,3,3,495.7898334009987,60.326954131477706,,,,,,,,,,33.34926843937412,706.5934879716489,0.0,PS_006,8.537607301442396,360.00000000000006,4.396403643038583
26.871010640362872,6.6611816955528225,2024-06-16T13:00:00Z,4,4,4,4,4,4,1,4,4,4,530.9495556449342,60.162367494949734,,,,,,,,,,34.25854607681771,702.2830340552542,0.0,PS_006,8.57099974190552,360.0,3.4538150438079303
27.702103755420705,6.666799558520971,2024-06-16T13:15:00Z,4,4,4,4,4,4,1,4,4,4,564.7811328314948,60.406013398819766,,,,,,,,,,34.575778815860815,700.2933020311017,0.0,PS_006,8.619957149977846,359.99999999999994,3.3660288813651382
28.437133810195174,6.667629718780518,2024-06-16T13:30:00Z,3,3,3,3,3,3,1,3,3,3,598.598646422936,61.210528071373716,,,,,,,,,,34.50426575523249,701.0908062320821,0.0,PS_006,8.73476910476912,360.0,3.6797559473725086
28.600587798970885,6.672976493835449,2024-06-16T13:45:00Z,4,4,4,4,4,4,1,4,4,4,625.1257241451285,60.92273229368874,,,,,,,,,,34.150333593169535,698.7099380052009,0.0,PS_006,8.717749104459335,360.0,3.2641351367434726
28.986129876061383,6.677655220031738,2024-06-16T14:00:00Z,4,4,4,4,4,4,1,4,4,4,651.5600491852966,59.75809027444518,,,,,,,,,,33.853030843422054,696.4694996135717,0.0,PS_006,8.583978957896695,359.99999999999994,5.006024078591776
29.233916069108652,6.682172174209198,2024-06-16T14:15:00Z,3,3,3,3,3,3,1,3,3,3,671.1069174303647,58.31709608382906,,,,,,,,,,33.549125353145584,692.0676186128759,0.0,PS_006,8.443369281248817,360.0,4.4746631894536595
29.56111089038471,6.68300199508667,2024-06-16T14:30:00Z,4,4,4,4,4,4,1,4,4,4,687.308709534672,57.55613523959156,,,,,,,,,,33.296843508070125,689.8963260147282,0.0,PS_006,8.325804570764355,360.0,4.717111686750054
30.082360408507387,6.688347816467285,2024-06-16T14:45:00Z,4,4,4,4,4,4,1,4,4,4,695.8025647460117,56.38785706984576,,,,,,,,,,33.25056411139891,684.3678593295975,0.0,PS_006,8.223878093741703,360.0,5.266649046624758
30.048489536882066,6.689104049278671,2024-06-16T15:00:00Z,3,3,3,3,3,3,1,3,3,3,697.4758937693962,54.54104527384945,,,,,,,,,,32.67069359984908,678.5241624521365,0.0,PS_006,8.03513463830278,360.00000000000006,4.944199477465575
30.12036237676861,6.691793165137765,2024-06-16T15:15:00Z,4,4,4,4,4,4,1,4,4,4,699.5257100712673,54.07739942631474,,,,,,,,,,33.027697884912904,677.5933835197362,0.0,PS_006,7.978017773158854,359.99999999999994,4.690445289762264
30.003408609754615,6.696074466145979,2024-06-16T15:30:00Z,4,4,4,4,4,4,1,4,4,4,700.7858221792096,54.31123182944675,,,,,,,,,,33.59092951559736,680.4080548688795,0.0,PS_006,7.99179701225714,359.99999999999994,5.161371268258999
30.299999237060547,6.698373317718505,2024-06-16T15:45:00Z,3,3,3,3,3,3,1,3,3,3,692.2113384448654,53.95084607548363,,,,,,,,,,33.55663866222248,678.4478473671876,0.0,PS_006,7.953810620939416,360.0,4.913145078327599
30.090905470637136,6.698373317718506,2024-06-16T16:00:00Z,4,4,4,4,4,4,1,4,4,4,675.5570003225281,53.23708124984652,,,,,,,,,,33.917492959203784,674.6468660109233,0.0,PS_006,7.889865532525641,360.00000000000006,4.127439925597303
30.420503194966464,6.698373317718507,2024-06-16T16:15:00Z,4,4,4,4,4,4,1,4,4,4,665.6101604816695,52.93322138791703,,,,,,,,,,33.33641269224099,683.1953660271349,0.0,PS_006,7.744896631032985,360.0,3.4320466200772017
30.401950788236334,6.698373317718506,2024-06-16T16:30:00Z,3,3,3,3,3,3,1,3,3,3,651.6211716762524,54.45854986265779,,,,,,,,,,34.02520302702379,692.0151237819761,0.0,PS_006,7.876760753399623,360.00000000000006,4.212557673629396
30.586434634276632,6.69909207082932,2024-06-16T16:45:00Z,4,4,4,4,4,4,1,4,4,4,631.0839543731239,54.27405148044996,,,,,,,,,,34.90974032385526,695.683539707389,0.0,PS_006,7.810925299563462,359.99999999999994,3.103659640543073
30.562515337379537,6.701480607785605,2024-06-16T17:00:00Z,4,4,4,4,4,4,1,4,4,4,601.950220169534,53.64695130229785,,,,,,,,,,36.00723354105001,691.8528693430923,0.0,PS_006,7.758952305189525,360.0,2.9696342915210914
30.502061254992,6.702909316900277,2024-06-16T17:15:00Z,3,3,3,3,3,3,1,3,3,3,571.2475732564,53.13792068733696,,,,,,,,,,35.66057496895714,694.7777733968678,0.0,PS_006,7.664447430284884,360.00000000000006,3.4176601873730754
31.00938466446269,6.702118919529436,2024-06-16T17:30:00Z,4,4,4,4,4,4,1,4,4,4,537.1679531330468,54.155927438244014,,,,,,,,,,36.47479529170872,695.0752844546331,0.0,PS_006,7.763075826212118,360.0,4.022800406487251
30.836496198730508,6.702403638508735,2024-06-16T17:45:00Z,4,4,4,4,4,4,1,4,4,4,499.1947312891457,52.88959495357107,,,,,,,,,,34.703912079855776,691.4381886400488,0.0,PS_006,7.6365865395389765,360.0,2.943816964891542
30.69768395959861,6.70371961593628,2024-06-16T18:00:00Z,3,3,3,3,3,3,1,3,3,3,461.8726074241042,54.041150623821494,,,,,,,,,,34.92477620070348,691.2477579953459,0.0,PS_006,7.800600733831159,360.00000000000006,4.38661125794214
30.421302800678664,6.70444806210792,2024-06-16T18:15:00Z,4,4,4,4,4,4,1,4,4,4,418.6956148221066,57.494448613057706,,,,,,,,,,35.21852984676668,684.4783466167859,0.0,PS_006,8.398224499572581,360.00000000000006,3.8840179951132856
30.595222734229164,6.705987313288806,2024-06-16T18:30:00Z,4,4,4,4,4,4,1,4,4,4,370.06026812261274,50.314363974132725,,,,,,,,,,35.52397641774731,670.9652790162163,0.0,PS_006,7.4974577239347004,360.0,3.381624644853948
30.251139163473407,6.704481627561658,2024-06-16T18:45:00Z,3,3,3,3,3,3,1,3,3,3,317.7037588942375,45.04271668808967,,,,,,,,,,34.85341915794903,642.1066304387026,0.0,PS_006,7.015532881223339,360.00000000000006,4.085401452756827
30.159386815611878,6.707725575489466,2024-06-16T19:00:00Z,4,4,4,4,4,4,1,4,4,4,272.1178774544463,40.90821758744433,,,,,,,,,,34.94605540905296,618.4625538977164,0.0,PS_006,6.611348000655534,360.0000000000001,3.42443029688834
29.80212492355494,6.708398342132568,2024-06-16T19:15:00Z,4,4,4,4,4,4,1,4,4,4,208.8634771440707,32.95148740419651,,,,,,,,,,32.971738679896454,523.4217194164606,0.0,PS_006,6.283699477355341,360.0,3.5834505350470596
29.649784273808283,6.704666708601412,2024-06-16T19:30:00Z,3,3,3,3,3,3,1,3,3,3,171.45075229163493,28.71816365822068,,,,,,,,,,32.28611915305929,398.57142722211864,0.0,PS_006,7.301261405533975,360.0,3.094415974926037
29.295197879655575,6.704400058474448,2024-06-16T19:45:00Z,4,4,4,4,4,4,1,4,4,4,121.35074651019094,17.7955539298295,,,,,,,,,,31.29569709975419,283.33995544638486,0.0,PS_006,6.23160152397872,359.99999999999994,2.3173859516849475
28.580649529903123,6.706097060565462,2024-06-16T20:00:00Z,4,4,4,4,4,4,1,4,4,4,71.24301615894724,7.0054190388310245,,,,,,,,,,29.425756805079022,149.42269090854094,0.0,PS_006,4.572243573272785,359.99999999999994,2.550309670001586
27.863151932317056,6.70371961593628,2024-06-16T20:15:00Z,3,3,3,3,3,3,1,3,3,3,24.880315404868675,1.790217235879567,,,,,,,,,,27.404936880790853,38.31124891394339,0.0,PS_006,4.7612384113933786,360.0,1.3574038717513726
27.37404766541954,6.7029147249362095,2024-06-16T20:30:00Z,4,4,4,4,4,4,1,4,4,4,8.862830357936431,-0.49846724240794765,,,,,,,,,,25.16042338714227,7.336003312617231,0.0,PS_006,-20.213274664941533,360.0,1.0855593205193024
26.024879868087332,6.696686500170002,2024-06-16T20:45:00Z,4,4,4,4,4,4,1,4,4,4,-1.968980242544961,-2.6442361187351735,,,,,,,,,,22.635279066760326,-3.066678348497317,0.0,PS_006,87.90911398450162,360.0,0.013892212099212162
23.46379742537047,6.689412439000857,2024-06-16T21:00:00Z,3,3,3,3,3,3,1,3,3,3,-3.2588884742650412,-2.9004382548790932,,,,,,,,,,21.04776720780599,-3.89261613949852,0.0,PS_006,75.48072663904256,359.99999999999994,1.3487748560081827
22.152708200012718,6.683805213920995,2024-06-16T21:15:00Z,4,4,4,4,4,4,1,4,4,4,-3.7794606256832353,-2.052308105980427,,,,,,,,,,20.30044583648572,-3.4727740916872496,0.0,PS_006,56.876407850644966,360.0,1.2179898539456906
21.66521995995597,6.67663806894374,2024-06-16T21:30:00Z,3,3,3,3,3,3,1,3,3,3,-2.4717360748516404,-1.2226830127634483,,,,,,,,,,19.734779658574304,-2.8919459331969524,0.0,PS_006,41.86501842732297,360.0,1.1574449051880384
21.526178279832124,6.668230532442151,2024-06-16T21:45:00Z,4,4,4,4,4,4,1,4,4,4,-2.1022005311178367,-0.6934044658438644,,,,,,,,,,19.507842896055386,-2.5783165365787597,0.0,PS_006,23.3987333896445,359.99999999999994,1.4506541005384306
20.030615652271862,6.661603093623273,2024-06-16T22:00:00Z,4,4,4,4,4,4,1,4,4,4,-3.4450699384600503,-1.3432017958550142,,,,,,,,,,18.445923096938067,-2.9305030925576476,0.0,PS_006,42.49294630584217,359.9999999999999,1.142236421603167
20.166436947833592,6.651169455721528,2024-06-16T22:15:00Z,3,3,3,3,3,3,1,3,3,3,-1.1989647579665694,-0.378805565280039,,,,,,,,,,18.150345784040258,-1.8800043261352528,0.0,PS_006,25.592274587126756,360.0,0.9265438955186313
19.745805432973004,6.64338692420247,2024-06-16T22:30:00Z,4,4,4,4,4,4,1,4,4,4,-2.5684502719111997,-0.7265750224692036,,,,,,,,,,17.920546334495167,-1.0257676037108314,0.0,PS_006,91.25588990814734,360.0,0.5660311468488516
18.943328140589312,6.634101809766187,2024-06-16T22:45:00Z,4,4,4,4,4,4,1,4,4,4,-2.3940680090398274,-1.006930514699614,,,,,,,,,,16.92018781911836,-2.642770186919732,0.0,PS_006,27.947974730659638,360.0,0.604575389783652
18.840677730952972,6.625268351489411,2024-06-16T23:00:00Z,3,3,3,3,3,3,1,3,3,3,-2.0959072554637683,-0.34728230052831954,,,,,,,,,,17.0739207790427,-2.1657681247690306,0.0,PS_006,17.537012110409364,360.0,1.0827592398188146
18.157708437402107,6.615946001304148,2024-06-16T23:15:00Z,4,4,4,4,4,4,1,4,4,4,-2.147079624275293,-0.933033241525852,,,,,,,,,,15.933973461449234,-2.5032044867746577,0.0,PS_006,41.13186901863279,359.99999999999994,0.12335176457201716
17.46349911884897,6.604463385838343,2024-06-16T23:30:00Z,4,4,4,4,4,4,1,4,4,4,-2.09806236902997,-0.7264058915207475,,,,,,,,,,15.518103441964039,-2.15692537594918,0.0,PS_006,27.217898536195186,360.0,0.6027965410431759
18.340049489383134,6.591520241828055,2024-06-16T23:45:00Z,3,3,3,3,3,3,1,3,3,3,-1.486784244465167,-0.13532302265116994,,,,,,,,,,15.399999618530273,-1.5543707985311392,0.0,PS_006,4.8499206007130935,360.0,0.1103826578483416
18.85205680688443,6.585227996436729,2024-06-17T00:00:00Z,4,4,4,4,4,4,1,4,4,4,-0.7352532734180407,0.06053917791611148,,,,,,,,,,15.75549315136255,-0.5715250913399942,0.0,PS_006,50.42901563543729,360.00000000000006,0.34521598339568493
16.48484761037063,6.5737988323280705,2024-06-17T00:15:00Z,4,4,4,4,4,4,1,4,4,4,-3.499995949122348,-2.050138138449768,,,,,,,,,,14.26748998842628,-3.0755032350719818,0.0,PS_006,67.65277353063095,359.99999999999994,0.45370443608372124
16.740442284869133,6.560984359514843,2024-06-17T00:30:00Z,3,3,3,3,3,3,1,3,3,3,-1.8811522608034743,-1.0320280407392355,,,,,,,,,,14.002701403648317,-1.8726696753456775,0.0,PS_006,48.62738290770049,360.00000000000006,0.19188135209269083
15.519235642270962,6.55063142857751,2024-06-17T00:45:00Z,4,4,4,4,4,4,1,4,4,4,-2.7401080761993373,-0.43435912432737,,,,,,,,,,13.300000190734862,-2.038580385793612,0.0,PS_006,20.944723111924674,360.0,0.5255027796011817
15.939515335960856,6.54207532955637,2024-06-17T01:00:00Z,4,4,4,4,4,4,1,4,4,4,-1.1461551194290984,-0.17949767631106764,,,,,,,,,,13.560484789655746,-1.6332130848392887,0.0,PS_006,12.223177803051804,360.0,0.1883786561108032
15.442795791079059,6.528714384038804,2024-06-17T01:15:00Z,3,3,3,3,3,3,1,3,3,3,-1.6275223010579545,-0.5784273820534758,,,,,,,,,,12.870686635840134,-2.0008670860390456,0.0,PS_006,27.464364334393245,360.00000000000006,1.2094943308831116
15.18147395075958,6.519917146172959,2024-06-17T01:30:00Z,4,4,4,4,4,4,1,4,4,4,-1.5625629842484956,-0.23388287104463612,,,,,,,,,,13.33577936594997,-2.034849464774783,0.0,PS_006,11.109114326163867,360.0,1.147704897371086
14.880510515134437,6.511383901250838,2024-06-17T01:45:00Z,4,4,4,4,4,4,1,4,4,4,-2.1597129057614977,-0.037075224097622796,,,,,,,,,,13.17437757227009,-1.954438319633706,0.0,PS_006,0.42524465823471297,360.0,0.7587507736624494
14.976989135341128,6.502422209963494,2024-06-17T02:00:00Z,3,3,3,3,3,3,1,3,3,3,-1.131507074944152,0.28981965307754304,,,,,,,,,,12.499999999999998,-1.49696689601521,0.0,PS_006,-22.016896464718663,359.99999999999994,0.1921434615166376
14.611027801691272,6.491787182081521,2024-06-17T02:15:00Z,4,4,4,4,4,4,1,4,4,4,-2.005684278281553,-0.5796965551964028,,,,,,,,,,12.03783071925164,-1.8316057470620188,0.0,PS_006,30.509249991558136,360.0,0.20158286484972548
14.335549004610634,6.480491099090543,2024-06-17T02:30:00Z,4,4,4,4,4,4,1,4,4,4,-1.567729139294698,0.16741867314217565,,,,,,,,,,11.925206070454832,-1.4664074979609218,0.0,PS_006,-21.610453602520227,359.99999999999994,0.16261266587856324
14.634534329600319,6.50314253329601,2024-06-17T02:45:00Z,3,3,3,3,3,3,1,3,3,3,-1.3329831098992113,-0.4290982386477025,,,,,,,,,,11.899999618530273,-0.9456227623996747,0.0,PS_006,51.193901517046484,360.0,0.01512291316108505
14.142898405154135,6.499358804081886,2024-06-17T03:00:00Z,4,4,4,4,4,4,1,4,4,4,-1.7342669204283885,-0.4108889732854503,,,,,,,,,,11.667872719333834,-1.8308394087969784,0.0,PS_006,25.498888897944212,360.00000000000006,0.3241158429613391
13.609934054763928,6.490811900470143,2024-06-17T03:15:00Z,4,4,4,4,4,4,1,4,4,4,-1.8760412216744902,-0.257230015263234,,,,,,,,,,11.521320508881555,-1.3876551526738625,0.0,PS_006,23.36779236960836,360.00000000000006,0.1732246852844003
13.500000000000002,6.4834748298529,2024-06-17T03:30:00Z,3,3,3,3,3,3,1,3,3,3,-1.786848684945434,-0.16051021056962836,,,,,,,,,,11.100000381469727,-1.7574143962478568,0.0,PS_006,8.27198127183192,360.00000000000006,0.02804293572574499
13.663233119267602,6.476428345982887,2024-06-17T03:45:00Z,4,4,4,4,4,4,1,4,4,4,-0.9437335353461775,0.3925698142599117,,,,,,,,,,11.594286451232295,-1.19737992941426,0.0,PS_006,-39.71036602902914,360.0,1.3403051405431154
13.796541843122588,6.467351253391499,2024-06-17T04:00:00Z,4,4,4,4,4,4,1,4,4,4,-1.366632379355424,0.026481795919303722,,,,,,,,,,11.955196191162695,-1.556340763674166,0.0,PS_006,-0.4550131565109163,360.0,1.3707022821112158
14.107203566719416,6.458007218010088,2024-06-17T04:15:00Z,3,3,3,3,3,3,1,3,3,3,-1.1645685673791477,0.8753805708308591,,,,,,,,,,12.5,-1.4464546738706283,0.0,PS_006,-61.73194133245768,360.0,0.9325476932636492
14.062365381418497,6.451700765925701,2024-06-17T04:30:00Z,4,4,4,4,4,4,1,4,4,4,-1.6958724175625657,-0.6397773038022574,,,,,,,,,,11.929199970286138,-2.4348978986557777,0.0,PS_006,25.526632948934108,360.00000000000006,0.43261650468195767
13.452634387572152,6.441125333305922,2024-06-17T04:45:00Z,4,4,4,4,4,4,1,4,4,4,-1.6874280673500948,-0.1782347275801135,,,,,,,,,,11.855191923582904,-1.9950348027969396,0.0,PS_006,9.894167888233453,360.00000000000006,0.8425702045986192
13.73789240217032,6.435483704526433,2024-06-17T05:00:00Z,3,3,3,3,3,3,1,3,3,3,-1.1426515882874413,0.23514487078272675,,,,,,,,,,11.90925388611943,-1.4833344197520515,0.0,PS_006,-21.74164287631334,359.99999999999994,0.9563693065599086
13.86665532638334,6.4262307335086835,2024-06-17T05:15:00Z,4,4,4,4,4,4,1,4,4,4,-1.4972247915958534,-0.25703804543767406,,,,,,,,,,11.821956738075036,-2.0327774664889477,0.0,PS_006,13.155253334260015,360.0,0.30937347579674235
13.670241518706662,6.419288365537247,2024-06-17T05:30:00Z,4,4,4,4,4,4,1,4,4,4,-1.6601182864189712,-0.017239861232753215,,,,,,,,,,11.163975632817989,-1.5740660949768164,0.0,PS_006,0.06558437951994488,360.0,0.5591481296831725
13.156151454850574,6.409516156335291,2024-06-17T05:45:00Z,3,3,3,3,3,3,1,3,3,3,-1.7554551768466717,0.1518684985804176,,,,,,,,,,11.334227191451156,-1.301608137348193,0.0,PS_006,-14.719255311856735,360.0,0.5124589277386307
13.245250946704996,6.4010896923120475,2024-06-17T06:00:00Z,4,4,4,4,4,4,1,4,4,4,-1.3706906643053949,-0.030351760293666524,,,,,,,,,,11.291976151629555,-1.621306350487822,0.0,PS_006,1.2092150870281058,359.99999999999994,0.6214107172355574
12.822368765828749,6.393861245175759,2024-06-17T06:15:00Z,3,3,3,3,3,3,1,3,3,3,-2.0827432102473846,-0.4659614873408773,,,,,,,,,,10.722368949033148,-1.300732752358906,0.0,PS_006,30.44425535769186,360.0,-0.005342132979552105
13.17839766278029,6.385502398251388,2024-06-17T06:30:00Z,4,4,4,4,4,4,1,4,4,4,-0.9597224495162529,0.18874532538667835,,,,,,,,,,10.820445747397292,-0.8068710156650118,0.0,PS_006,-41.005621064988745,360.00000000000006,0.010786687397549856
12.700805708571458,6.374899864196777,2024-06-17T06:45:00Z,4,4,4,4,4,4,1,4,4,4,-1.2849246046894238,-0.007456413525878522,,,,,,,,,,11.070368048779168,-1.3968953627666718,0.0,PS_006,-1.6589562983468282,360.0,0.9109162433548476
13.382577516568244,6.364206314086913,2024-06-17T07:00:00Z,3,3,3,3,3,3,1,3,3,3,-0.714714114282037,0.8415198625012597,,,,,,,,,,11.648329891514928,-1.0166389062477246,0.0,PS_006,-72.51262611563169,360.0,0.906875381397149
13.266490074341794,6.359203728943768,2024-06-17T07:15:00Z,4,4,4,4,4,4,1,4,4,4,-1.398068030160861,-0.16245022943498508,,,,,,,,,,11.540824102434442,-1.4473990833931578,0.0,PS_006,10.584929043622743,360.0,0.6490982103348993
12.606599832027156,6.347085951985878,2024-06-17T07:30:00Z,4,4,4,4,4,4,1,4,4,4,-1.6617945397458906,-0.22127510853690946,,,,,,,,,,10.839788001483893,-1.768067912960688,0.0,PS_006,4.548022668764962,359.99999999999994,0.4473508526903038
13.01064841171863,6.338809967041016,2024-06-17T07:45:00Z,3,3,3,3,3,3,1,3,3,3,-1.7378637320398378,-0.14585919601508307,,,,,,,,,,10.922221913016665,-1.5340724532860799,0.0,PS_006,-20.53190689527848,360.0,0.5812176456178068
12.96361336923456,6.333223222567671,2024-06-17T08:00:00Z,4,4,4,4,4,4,1,4,4,4,-0.9634710873904558,0.12628867588643278,,,,,,,,,,10.899999618530273,-1.2022708427938815,0.0,PS_006,-16.818156156233005,360.0,0.24834414182770256
12.399999618530273,6.31809139251709,2024-06-17T08:15:00Z,2,2,2,2,2,2,1,2,2,2,-2.3399253055544094,-0.5483208585366461,,,,,,,,,,10.600000381469728,-1.0151180079412034,0.0,PS_006,65.67191797547939,360.0,0.15988050982124227
12.410827864421943,6.312688683211242,2024-06-17T08:30:00Z,3,3,3,3,3,3,1,3,3,3,-1.1564877770414002,0.09974803175502171,,,,,,,,,,10.600000381469728,-1.4107588556345907,0.0,PS_006,-14.246887538464764,360.00000000000006,0.18158017713283567
12.53843690083605,6.302490356241172,2024-06-17T08:45:00Z,4,4,4,4,4,4,1,4,4,4,-1.5329252559471414,-0.12708267973102313,,,,,,,,,,10.702017986568324,-1.6315598326796195,0.0,PS_006,1.7997994813492189,359.99999999999994,0.5663543110888862
14.456218959873539,6.291455577222806,2024-06-17T09:00:00Z,3,3,3,3,3,3,1,3,3,3,1.0648632655294958,1.279510797916521,,,,,,,,,,11.241747328746404,1.0883362970314643,0.0,PS_006,91.23807100656613,359.99999999999994,0.4346673132683067
16.92353457493762,6.281975449629851,2024-06-17T09:15:00Z,3,3,3,3,3,3,1,3,3,3,0.42577672827729335,1.8578601687140954,,,,,,,,,,13.154840481338795,3.167351955693084,0.0,PS_006,50.26111215054614,359.99999999999994,1.3339182795900266
16.644804410631178,6.270371725521469,2024-06-17T09:30:00Z,4,4,4,4,4,4,1,4,4,4,-1.7536056359700423,0.5873486932928638,,,,,,,,,,13.935886506438509,1.2086104803091537,0.0,PS_006,46.27822564399504,360.0,0.8413749758749814
16.591868916901447,6.259963027573741,2024-06-17T09:45:00Z,4,4,4,4,4,4,1,4,4,4,2.8697608988115477,0.8208453509407533,,,,,,,,,,14.280532081324134,6.86287474599392,0.0,PS_006,12.500696616513427,360.0,1.3575826593260039
16.591972440357377,6.2528685746659285,2024-06-17T10:00:00Z,3,3,3,3,3,3,1,3,3,3,18.33621656073197,5.2098842180602984,,,,,,,,,,14.251554535179771,18.60613334916964,0.0,PS_006,27.20320480108548,360.0,1.2511129889781283
17.680457859425523,6.241797416880482,2024-06-17T10:15:00Z,4,4,4,4,4,4,1,4,4,4,54.822018690590035,12.98027480463939,,,,,,,,,,15.065992455437247,74.18211201663878,0.0,PS_006,18.316688633923146,360.0,1.3875998611618996
18.0953120424675,6.233487010132068,2024-06-17T10:30:00Z,4,4,4,4,4,4,1,4,4,4,90.4344028562219,12.526292939181406,,,,,,,,,,16.02339524646288,167.64613404219384,0.0,PS_006,7.472269957905902,360.0,0.8988064557885583
18.621261167362377,6.226601484540925,2024-06-17T10:45:00Z,3,3,3,3,3,3,1,3,3,3,126.15973539257982,22.75854278016866,,,,,,,,,,17.188185705178135,272.3901226095898,0.0,PS_006,8.320298837966794,359.99999999999994,1.2839953868095562
19.42106284628982,6.21424668475626,2024-06-17T11:00:00Z,4,4,4,4,4,4,1,4,4,4,174.18211361824444,36.688171284815425,,,,,,,,,,18.934084176230485,419.92262596644576,0.0,PS_006,8.755781691247329,360.0,0.9788900728840415
20.62460285676826,6.179275413984351,2024-06-17T11:15:00Z,4,4,4,4,4,4,1,4,4,4,222.1068748027141,46.537405099903054,,,,,,,,,,22.864407537303617,556.467224787016,0.0,PS_006,8.389350264472935,360.0,0.78878403774843
21.572878775944698,6.169874928364813,2024-06-17T11:30:00Z,3,3,3,3,3,3,1,3,3,3,281.11827582067036,52.75107555096215,,,,,,,,,,27.363523766797304,659.8673743826049,0.0,PS_006,7.986699238991063,359.99999999999994,2.1798748593920863
22.744732267909644,6.169730843133045,2024-06-17T11:45:00Z,4,4,4,4,4,4,1,4,4,4,328.3415639180445,54.14609158536084,,,,,,,,,,28.378514301315956,685.2295009286079,0.0,PS_006,7.898009708887553,360.00000000000006,1.5754122858568567
23.54010150965471,6.1637067794799805,2024-06-17T12:00:00Z,4,4,4,4,4,4,1,4,4,4,369.93716174635665,55.4615726635465,,,,,,,,,,26.847549206693294,694.7163064932529,0.0,PS_006,7.981960008228279,359.99999999999994,1.1619254591765054
24.799999237060547,6.162825740001448,2024-06-17T12:15:00Z,2,2,2,2,2,2,1,2,2,2,429.42006859561195,60.566165060374594,,,,,,,,,,30.994153394747237,726.7370527193141,0.0,PS_006,8.349711932264304,360.0,3.5800750564016695
25.283114144502594,6.159028053283692,2024-06-17T12:30:00Z,3,3,3,3,3,3,1,3,3,3,472.9825517867811,60.737597812864735,,,,,,,,,,31.36357483098213,734.6019740999458,0.0,PS_006,8.262046722473027,360.0,5.32868683379589
25.834462255620476,6.157549266165658,2024-06-17T12:45:00Z,4,4,4,4,4,4,1,4,4,4,516.5111840269434,61.335445796272225,,,,,,,,,,31.67749732690775,734.3659380518574,0.0,PS_006,8.35251095047656,360.0,5.223327729216769
25.845709105276153,6.15513302974144,2024-06-17T13:00:00Z,4,4,4,4,4,4,1,4,4,4,556.5448356854201,61.96138573960563,,,,,,,,,,31.238266389020673,733.8127552114948,0.0,PS_006,8.44854292535064,359.99999999999994,5.0507715255065975
26.20000076293945,6.153681755065918,2024-06-17T13:15:00Z,3,3,3,3,3,3,1,3,3,3,588.2446597546451,63.255990995728624,,,,,,,,,,31.229198185985013,727.8366339917736,0.0,PS_006,8.692426996074092,359.99999999999994,5.078318259127576
26.374003140448245,6.152963378175964,2024-06-17T13:30:00Z,4,4,4,4,4,4,1,4,4,4,617.4651845590903,64.10839229746357,,,,,,,,,,31.27569471230214,724.1458104181615,0.0,PS_006,8.846529752659544,360.0,5.131741243530836
27.03133704287817,6.151587535019107,2024-06-17T13:45:00Z,4,4,4,4,4,4,1,4,4,4,637.480908153293,63.41433164606715,,,,,,,,,,31.693022922855107,709.5169207573699,0.0,PS_006,8.924177749260927,359.99999999999994,6.606990939557751
27.93090080710199,6.152055341172609,2024-06-17T14:00:00Z,3,3,3,3,3,3,1,3,3,3,657.3258003212281,62.49601123903712,,,,,,,,,,32.254494834958166,701.2151985858654,0.0,PS_006,8.927008524348372,360.0,4.193540666999817
27.664885256997017,6.147599419234786,2024-06-17T14:15:00Z,4,4,4,4,4,4,1,4,4,4,673.1520329947424,60.23608861216698,,,,,,,,,,31.231443362332072,692.6114442163523,0.0,PS_006,8.692527587423962,359.99999999999994,5.013828457522943
28.229289987540646,6.1444031804240336,2024-06-17T14:30:00Z,4,4,4,4,4,4,1,4,4,4,693.986715403667,59.73251813875546,,,,,,,,,,31.51181273406812,695.2562869779148,0.0,PS_006,8.592666287820947,360.00000000000006,6.139636436009438
28.52606821413005,6.139245469644922,2024-06-17T14:45:00Z,3,3,3,3,3,3,1,3,3,3,697.8404986790297,58.216045996259226,,,,,,,,,,31.57858554164408,685.0120765579572,0.0,PS_006,8.497066436693919,360.0,5.052592236785025
28.744264484404702,6.13747453461038,2024-06-17T15:00:00Z,4,4,4,4,4,4,1,4,4,4,692.5523218042023,55.71783999070315,,,,,,,,,,32.02902552426724,673.1889625699753,0.0,PS_006,8.285610982544279,360.00000000000006,6.566148142684633
28.71900169197569,6.1329636573791495,2024-06-17T15:15:00Z,4,4,4,4,4,4,1,4,4,4,706.3441384204942,56.67930824369239,,,,,,,,,,31.232922442477456,683.6652596217588,0.0,PS_006,8.287057065958336,360.0,5.482171701215016
29.10243081863004,6.128284931182861,2024-06-17T15:30:00Z,3,3,3,3,3,3,1,3,3,3,701.4061775934858,56.3664928140162,,,,,,,,,,30.9813078537604,680.5832609009005,0.0,PS_006,8.295725841596242,360.0,6.140836045936059
28.918946905192165,6.120403787049294,2024-06-17T15:45:00Z,4,4,4,4,4,4,1,4,4,4,687.2613750373973,55.06662289708707,,,,,,,,,,32.42966604927749,672.8683932310983,0.0,PS_006,8.1756381435011,359.99999999999994,4.236170749716257
29.048955299630652,6.117821723069313,2024-06-17T16:00:00Z,4,4,4,4,4,4,1,4,4,4,684.2931760576366,54.79428177910772,,,,,,,,,,32.62466902031854,682.2741099241944,0.0,PS_006,8.022408335312619,360.00000000000006,4.14065040786633
29.58906719986374,6.112245082855225,2024-06-17T16:15:00Z,3,3,3,3,3,3,1,3,3,3,660.073498752116,54.565222441256594,,,,,,,,,,33.044670889218644,676.0378178712765,0.0,PS_006,8.067306014125844,360.0,3.6535285960999917
29.055051053569688,6.106748526908384,2024-06-17T16:30:00Z,4,4,4,4,4,4,1,4,4,4,648.5803906065318,54.3990071275445,,,,,,,,,,33.77763499847931,686.0595491809559,0.0,PS_006,7.925000880223741,360.00000000000006,5.328108248744176
29.542380902898103,6.100440852334455,2024-06-17T16:45:00Z,4,4,4,4,4,4,1,4,4,4,622.214527335387,53.62583708337341,,,,,,,,,,33.67086650710507,684.517074510705,0.0,PS_006,7.843518562942516,360.0,3.5510763349978687
29.32308590276207,6.092194557189942,2024-06-17T17:00:00Z,3,3,3,3,3,3,1,3,3,3,603.3780026840235,53.7610297752691,,,,,,,,,,33.4368143398919,693.3096857673764,0.0,PS_006,7.715717757590917,360.0,4.156350259632798
29.750574804528668,6.088665557725005,2024-06-17T17:15:00Z,4,4,4,4,4,4,1,4,4,4,582.6171821109185,54.719147635808426,,,,,,,,,,34.01617828040018,706.5080504710816,0.0,PS_006,7.727749614460429,360.0,4.111813018573536
29.685577356217262,6.082341445402129,2024-06-17T17:30:00Z,4,4,4,4,4,4,1,4,4,4,545.9451628166819,54.406529450250886,,,,,,,,,,34.628851608303876,705.107384857907,0.0,PS_006,7.713732828574657,359.99999999999994,4.439882327270949
29.588717293548836,6.077888146492057,2024-06-17T17:45:00Z,3,3,3,3,3,3,1,3,3,3,513.7584994708438,54.068759691846154,,,,,,,,,,34.48693094766829,708.7984512898909,0.0,PS_006,7.630032144935371,360.0,4.072158466402973
30.01691059252566,6.069626660106826,2024-06-17T18:00:00Z,4,4,4,4,4,4,1,4,4,4,472.38540927332053,54.507663362794524,,,,,,,,,,35.528689974513114,702.5004266339616,0.0,PS_006,7.752387433644767,360.0,3.633167531718544
29.686449947655436,6.065115890566315,2024-06-17T18:15:00Z,3,3,3,3,3,3,1,3,3,3,434.38265843425546,58.527192769194166,,,,,,,,,,35.80543000299523,704.8126843632497,0.0,PS_006,8.305173161028257,360.0,3.0545125590643547
29.700000762939457,6.060608679986777,2024-06-17T18:30:00Z,4,4,4,4,4,4,1,4,4,4,387.062182906324,52.419375871477385,,,,,,,,,,35.874903642816385,695.8208086851682,0.0,PS_006,7.528598510167673,360.00000000000006,3.5244756335674405
29.370658657491134,6.054150312180948,2024-06-17T18:45:00Z,4,4,4,4,4,4,1,4,4,4,317.20385258148946,44.166575565493815,,,,,,,,,,34.593957428811024,635.2723360180098,0.0,PS_006,6.9685893249437685,359.99999999999994,3.840295373657804
29.01190245074221,6.0496634892807135,2024-06-17T19:00:00Z,3,3,3,3,3,3,1,3,3,3,273.3829359251468,40.86705017507268,,,,,,,,,,33.9653534532222,614.1631134589855,0.0,PS_006,6.637380805935149,360.0,3.0791200723685526
29.084355915151445,6.044669665627765,2024-06-17T19:15:00Z,4,4,4,4,4,4,1,4,4,4,199.25676612182755,31.94296680544681,,,,,,,,,,34.867594479761415,488.20389959357567,0.0,PS_006,6.638612264296885,360.0,3.145077026017968
28.89182675760462,6.03366441847922,2024-06-17T19:30:00Z,4,4,4,4,4,4,1,4,4,4,165.01511688569738,27.78733460730589,,,,,,,,,,33.03641749923899,406.68620566000254,0.0,PS_006,6.85753451701151,359.99999999999994,3.3002886587839035
28.15752677922111,6.025361537933349,2024-06-17T19:45:00Z,3,3,3,3,3,3,1,3,3,3,126.5567730227719,17.887010240365928,,,,,,,,,,30.182023039471794,289.8417876946359,0.0,PS_006,6.177432953770746,359.99999999999994,2.0533104338900965
27.79119404624889,6.016553806765459,2024-06-17T20:00:00Z,4,4,4,4,4,4,1,4,4,4,90.08398981979191,9.918820990305415,,,,,,,,,,29.319780691093047,202.13154163762977,0.0,PS_006,4.830885534334621,360.0,1.4924990983416164
26.53509505020645,6.006789994513926,2024-06-17T20:15:00Z,4,4,4,4,4,4,1,4,4,4,36.50068249551041,1.9757547823548591,,,,,,,,,,26.44550647969866,62.40406424544284,0.0,PS_006,2.825246531566589,360.0,1.5817701591607913
25.67697377892133,5.995373030314619,2024-06-17T20:30:00Z,3,3,3,3,3,3,1,3,3,3,10.282569188855398,-0.48233269241237936,,,,,,,,,,23.553036499601436,8.804428918410581,0.0,PS_006,-5.864510763945878,360.0,1.6230650279682128
24.790378312195443,5.979716668632801,2024-06-17T20:45:00Z,3,3,3,3,3,3,1,3,3,3,-0.41718448858986723,-1.2826869269338685,,,,,,,,,,21.638006229243118,-1.0596909044100298,0.0,PS_006,85.7824059092221,360.0,1.5134650989884455
23.670348017709653,5.9649218697199995,2024-06-17T21:00:00Z,4,4,4,4,4,4,1,4,4,4,-3.5087714194854067,-2.6751044400664514,,,,,,,,,,20.071474998861557,-3.3483697421688157,0.0,PS_006,81.57487107087209,360.0,0.5572935594221654
21.012169170922096,5.947010785292889,2024-06-17T21:15:00Z,3,3,3,3,3,3,1,3,3,3,-4.540188751992709,-3.9177527472357996,,,,,,,,,,18.15955705091647,-4.787503504821937,0.0,PS_006,80.79184274955954,360.0,0.6452524455704527
20.063280033626032,5.928669534312957,2024-06-17T21:30:00Z,4,4,4,4,4,4,1,4,4,4,-3.461665785858503,-1.6123816683536323,,,,,,,,,,17.81514284805792,-3.6801184970247385,0.0,PS_006,46.92618569141095,360.0,1.3912922224389945
19.169646870426806,5.90484362927819,2024-06-17T21:45:00Z,4,4,4,4,4,4,1,4,4,4,-3.068046668422583,-1.5136678636674905,,,,,,,,,,17.088162808163407,-3.6839997738219634,0.0,PS_006,34.6208436891701,359.99999999999994,0.8072471097905853
19.367507921802883,5.88553302459204,2024-06-17T22:00:00Z,3,3,3,3,3,3,1,3,3,3,-2.1097297804902455,-0.8218889206624835,,,,,,,,,,16.705620871162132,-3.0195508456161213,0.0,PS_006,27.14530926900828,360.00000000000006,1.2278659584467921
18.30206634852031,5.86257324217936,2024-06-17T22:15:00Z,4,4,4,4,4,4,1,4,4,4,-2.3900672491672603,-1.1577304868892042,,,,,,,,,,15.482854366596714,-3.1103027181858645,0.0,PS_006,32.52148717064691,360.0,0.9954242720536838
17.42847196206813,5.839074932802143,2024-06-17T22:30:00Z,4,4,4,4,4,4,1,4,4,4,-3.2618292681800276,-0.6105085763615746,,,,,,,,,,15.286128148225266,-2.7280339542919347,0.0,PS_006,21.533016928378114,360.0,1.1231542869302842
17.28621405894844,5.81508624974812,2024-06-17T22:45:00Z,3,3,3,3,3,3,1,3,3,3,-2.405979873121102,-0.9265610337217539,,,,,,,,,,14.688585431255673,-2.7312128576369457,0.0,PS_006,30.78563153939428,360.0,0.27667431239982443
16.787400587589513,5.795115631774776,2024-06-17T23:00:00Z,4,4,4,4,4,4,1,4,4,4,-2.536360408887164,-0.586495016182055,,,,,,,,,,13.761229285444324,-2.740702222903245,0.0,PS_006,13.318169524881238,360.0,0.24416460571857737
17.917235656355164,5.772770955310353,2024-06-17T23:15:00Z,3,3,3,3,3,3,1,3,3,3,-1.1023458941972673,-0.315044717084444,,,,,,,,,,13.439841254431892,-1.8870155187073139,0.0,PS_006,17.987160918969963,360.0,0.10870485686205535
15.941147440694731,5.752724618977917,2024-06-17T23:30:00Z,3,3,3,3,3,3,1,3,3,3,-4.3962649406638015,-2.8797949603440083,,,,,,,,,,12.659962986271879,-3.7088915878527566,0.0,PS_006,72.00239486076377,360.0,0.041389167450964916
15.77061788867411,5.730744952403384,2024-06-17T23:45:00Z,4,4,4,4,4,4,1,4,4,4,-1.5943427310017955,-0.2853843158279231,,,,,,,,,,12.53792846911506,-1.991800906471072,0.0,PS_006,-4.887503835660925,360.0,0.9830117643123817
16.473985604210615,5.709977639196898,2024-06-18T00:00:00Z,4,4,4,4,4,4,1,4,4,4,-1.993923214431391,0.11920410359367638,,,,,,,,,,12.850549505450495,-1.1364276940349243,0.0,PS_006,-12.150148840686095,359.99999999999994,0.6376800866408153
17.79506069740226,5.692121117511402,2024-06-18T00:15:00Z,3,3,3,3,3,3,1,3,3,3,-1.4098472233360115,0.32145876269345947,,,,,,,,,,13.600000381469728,-0.3737763639359001,0.0,PS_006,-29.896939054194295,360.0,0.10981063385184787
17.169552055196313,5.6727866342720485,2024-06-18T00:30:00Z,4,4,4,4,4,4,1,4,4,4,-2.7005856387236853,-0.9359701501824327,,,,,,,,,,12.835970676875927,-1.8989924606133537,0.0,PS_006,51.711744978783265,360.0,0.08475930613383148
16.949064473787033,5.65928592420448,2024-06-18T00:45:00Z,4,4,4,4,4,4,1,4,4,4,-1.3751373374959814,-0.577509577736808,,,,,,,,,,12.559451044007444,-2.145345603836947,0.0,PS_006,23.560164718447716,360.0,1.0895494014762173
14.255010604334167,5.643337593771326,2024-06-18T01:00:00Z,3,3,3,3,3,3,1,3,3,3,-5.361415327532387,-2.6987363835138063,,,,,,,,,,11.25167033853131,-3.8018028447698438,0.0,PS_006,70.42570728757624,360.0000000000001,0.7509757425241914
14.677115211108696,5.6268521134234515,2024-06-18T01:15:00Z,4,4,4,4,4,4,1,4,4,4,-1.7092392119843476,0.20486544204486523,,,,,,,,,,11.51714548283185,-1.6374786727781092,0.0,PS_006,-13.697370901943097,360.0,0.9090865509714062
14.497184182660325,5.611888828448501,2024-06-18T01:30:00Z,4,4,4,4,4,4,1,4,4,4,-2.656912539737814,-0.08567729511367694,,,,,,,,,,11.502815817339672,-1.7581408736880257,0.0,PS_006,5.650072285625117,360.0,0.5345660012085726
13.800310313418267,5.593665632826324,2024-06-18T01:45:00Z,3,3,3,3,3,3,1,3,3,3,-3.668411780421365,-1.1546796422031922,,,,,,,,,,11.01078803779497,-2.6250078945841877,0.0,PS_006,40.96208777633761,360.0,-0.004628684238269554
12.9830983106623,5.61152449697486,2024-06-18T02:00:00Z,4,4,4,4,4,4,1,4,4,4,-2.2644676791798553,-0.5117828680170119,,,,,,,,,,10.645925364153562,-2.320269692934225,0.0,PS_006,19.58345937450399,360.0,0.6416464335402412
12.808424193619388,5.596140748270183,2024-06-18T02:15:00Z,4,4,4,4,4,4,1,4,4,4,-1.3550236851427846,0.11829668720324703,,,,,,,,,,11.000162880002991,-1.8230830992344584,0.0,PS_006,-10.83466169551445,360.0,1.2454202771394494
12.24641669450832,5.582368256654321,2024-06-18T02:30:00Z,3,3,3,3,3,3,1,3,3,3,-3.60562756686798,-1.1869685444172442,,,,,,,,,,10.721901718616838,-3.2362770014293876,0.0,PS_006,36.32962222808532,360.0,1.0241257170705302
12.853038575548227,5.567639098652191,2024-06-18T02:45:00Z,4,4,4,4,4,4,1,4,4,4,-1.5578679675631386,-0.22858087043972203,,,,,,,,,,10.680566437154964,-1.5529540504567518,0.0,PS_006,9.95056364409537,360.0,0.5704118894964901
13.690391358184222,5.555348151227283,2024-06-18T03:00:00Z,4,4,4,4,4,4,1,4,4,4,-0.28955463634078493,0.3285376575534979,,,,,,,,,,10.61202091365705,-0.008863062576930827,0.0,PS_006,96.36894423152718,359.99999999999994,0.6522742479851102
12.895748328641881,5.542443111276389,2024-06-18T03:15:00Z,3,3,3,3,3,3,1,3,3,3,-1.5748231579985446,-0.2019437054829898,,,,,,,,,,9.747874355055803,-1.7291718438218204,0.0,PS_006,5.242782165402094,359.99999999999994,0.2745696400625543
11.53268042483686,5.526790602397455,2024-06-18T03:30:00Z,4,4,4,4,4,4,1,4,4,4,-2.621507328445857,-0.6292343191516546,,,,,,,,,,9.059809866932396,-1.9391164213052732,0.0,PS_006,35.15674784753706,360.0,0.6091195382727705
11.2653825432285,5.515046682975454,2024-06-18T03:45:00Z,3,3,3,3,3,3,1,3,3,3,-1.9400536721614774,0.11076504415493939,,,,,,,,,,9.155323563558275,-1.9729054177034748,0.0,PS_006,-5.074887157522814,360.0,0.38373041724397133
11.536744884939617,5.501694221145897,2024-06-18T04:00:00Z,4,4,4,4,4,4,1,4,4,4,-1.227094304510475,0.5917965472834391,,,,,,,,,,9.844738692018783,-1.4385312627549072,0.0,PS_006,-46.393092798136706,360.0,0.43189291926248186
11.46346763268853,5.4874010296454045,2024-06-18T04:15:00Z,4,4,4,4,4,4,1,4,4,4,-1.288294465105947,0.15352838309000175,,,,,,,,,,9.390328972222095,-1.7443388406044897,0.0,PS_006,-29.439341600700285,360.0,0.8651794813074063
11.92157657430732,5.4515702166014774,2024-06-18T04:30:00Z,3,3,3,3,3,3,1,3,3,3,-1.7552429948912989,-0.21421043403369783,,,,,,,,,,9.87259470579416,-2.36176593071917,0.0,PS_006,-15.771159821355125,359.99999999999994,0.40554565310094576
11.718236410529896,5.451916172801459,2024-06-18T04:45:00Z,4,4,4,4,4,4,1,4,4,4,-2.0037815616012096,-0.1938363602622679,,,,,,,,,,10.118873489316348,-2.2542370291100924,0.0,PS_006,-8.383345262495247,360.0,0.9764284284201546
12.38350630663482,5.453823515174757,2024-06-18T05:00:00Z,4,4,4,4,4,4,1,4,4,4,-0.4695087697572738,0.7751574903629906,,,,,,,,,,10.239461810698032,-1.5762366797295668,0.0,PS_006,-47.434305356923,360.0,0.9518642941720212
12.399618733553053,5.445360878710939,2024-06-18T05:15:00Z,3,3,3,3,3,3,1,3,3,3,-2.181549696284166,-0.47793237085971535,,,,,,,,,,10.359937937981192,-2.4729615781097243,0.0,PS_006,15.355991925002916,360.0,1.2640569428620856
11.713997237605652,5.436340134294808,2024-06-18T05:30:00Z,4,4,4,4,4,4,1,4,4,4,-1.9216319275352172,0.24056476324669943,,,,,,,,,,10.301987238770387,-1.9415877304708675,0.0,PS_006,-14.591810916209939,360.00000000000006,1.5107557490859564
12.563000841944325,5.425942193810481,2024-06-18T05:45:00Z,4,4,4,4,4,4,1,4,4,4,-1.7581598921456292,-0.023973287653545394,,,,,,,,,,10.54940130635258,-2.106439884892397,0.0,PS_006,-29.8315932108856,360.0,0.9108008411361034
12.592306856516785,5.414606308185027,2024-06-18T06:00:00Z,3,3,3,3,3,3,1,3,3,3,-1.8194864987968344,-0.06008976116891339,,,,,,,,,,10.171795569186477,-1.9636120078650576,0.0,PS_006,1.3296279946810974,360.0,0.11222411276094718
11.430787627519463,5.4050301627595925,2024-06-18T06:15:00Z,4,4,4,4,4,4,1,4,4,4,-2.126422446224391,-0.8832455031775512,,,,,,,,,,9.05883359031555,-1.7343374777185763,0.0,PS_006,68.62412090267746,360.0,0.9867752407926443
11.94638201697624,5.393232276780762,2024-06-18T06:30:00Z,3,3,3,3,3,3,1,3,3,3,-1.627004812956854,0.4152297585076227,,,,,,,,,,9.569573376501284,-0.26563395199874207,0.0,PS_006,-409.82875515625847,360.0,0.27003494770102027
11.899999618530275,5.382414739571443,2024-06-18T06:45:00Z,3,3,3,3,3,3,1,3,3,3,-1.0046864643248705,-0.05179291342905519,,,,,,,,,,9.548866290421502,-1.231950911337848,0.0,PS_006,2.2841505173788037,360.0,0.7059699072144746
10.69301347758776,5.369590482344972,2024-06-18T07:00:00Z,4,4,4,4,4,4,1,4,4,4,-2.0213971343116195,-1.1131725781140505,,,,,,,,,,8.581156396650414,-2.137670732579451,0.0,PS_006,48.29926744887652,360.0,0.9777544047334529
10.300000190734863,5.359234661978076,2024-06-18T07:15:00Z,4,4,4,4,4,4,1,4,4,4,-2.2061788168631766,-0.038860037879971686,,,,,,,,,,8.399999618530273,-1.789872957080054,0.0,PS_006,-0.18090770977187412,360.0,0.23675699437721262
10.469017232973766,5.349989960003513,2024-06-18T07:30:00Z,3,3,3,3,3,3,1,3,3,3,-1.0874290661314383,0.6138142072971271,,,,,,,,,,8.4506135792458,-1.152193960887215,0.0,PS_006,-68.74577814177569,359.99999999999994,0.24541128956107983
10.186501849532634,5.334070643505545,2024-06-18T07:45:00Z,4,4,4,4,4,4,1,4,4,4,-1.7194627200222816,-0.11767934502006235,,,,,,,,,,8.177017125021536,-1.564948097664109,0.0,PS_006,6.855660009357223,359.99999999999994,0.2117633345979314
10.340944946876114,5.323334411925309,2024-06-18T08:00:00Z,4,4,4,4,4,4,1,4,4,4,-1.15997715004119,0.14295021495841145,,,,,,,,,,8.105170438036199,-1.385228269650262,0.0,PS_006,-19.988660487798143,360.0,-0.016000000759959224
9.955324308839225,5.311709321668135,2024-06-18T08:15:00Z,3,3,3,3,3,3,1,3,3,3,-1.564051360428608,0.08690763132704742,,,,,,,,,,7.855324404206658,-1.4704081745740172,0.0,PS_006,-8.83723998586939,360.00000000000006,0.26226365143897334
10.569855029538738,5.300162735751315,2024-06-18T08:30:00Z,4,4,4,4,4,4,1,4,4,4,-1.6399999856948853,0.3900997732077595,,,,,,,,,,8.550026851611815,-1.2204985140619908,0.0,PS_006,-44.621116592190255,360.00000000000006,1.1219567619088102
11.308172871322686,5.28886205148324,2024-06-18T08:45:00Z,4,4,4,4,4,4,1,4,4,4,-0.46659789181282363,0.2890991982100558,,,,,,,,,,8.871918100879931,-1.7925349746546757,0.0,PS_006,-30.395263019091967,360.0,1.0955805097790456
11.084273368952973,5.275591908158489,2024-06-18T09:00:00Z,3,3,3,3,3,3,1,3,3,3,-2.811587732760086,0.09709745442592413,,,,,,,,,,9.141366098945928,-2.4618310003156187,0.0,PS_006,-6.268728511923279,359.99999999999994,0.23591525009673514
10.800000190734862,5.262216772723021,2024-06-18T09:15:00Z,4,4,4,4,4,4,1,4,4,4,-1.590000033378601,0.1769721209118667,,,,,,,,,,9.210899331780485,-1.9183629122167005,0.0,PS_006,-9.150456304337956,360.0,1.0952457021841628
11.552344143139267,5.252345706548058,2024-06-18T09:30:00Z,4,4,4,4,4,4,1,4,4,4,-0.784009673998295,0.5381172086950397,,,,,,,,,,9.413285581116442,-1.0793526878903665,0.0,PS_006,-14.967012963114657,360.0,0.7107545619098884
11.157560648697237,5.23950592094895,2024-06-18T09:45:00Z,3,3,3,3,3,3,1,3,3,3,0.3781615234337642,-0.207315835927429,,,,,,,,,,8.715244190530015,1.584631000383252,0.0,PS_006,-6.985062999316893,360.0,0.24855277262757208
10.47779363485328,5.229328923087383,2024-06-18T10:00:00Z,4,4,4,4,4,4,1,4,4,4,15.688032861140988,4.688744860240311,,,,,,,,,,8.365091424714436,18.948573506447953,0.0,PS_006,22.849555374813477,359.99999999999994,0.4668983958342079
11.07613292463183,5.217610223309484,2024-06-18T10:15:00Z,4,4,4,4,4,4,1,4,4,4,49.875791221209234,12.149675183720799,,,,,,,,,,9.50297322186686,68.20232930099692,0.0,PS_006,19.038350424426223,360.00000000000006,0.9416236476416249
12.698442027156156,5.208803134916345,2024-06-18T10:30:00Z,3,3,3,3,3,3,1,3,3,3,88.09158249343707,12.58876824903444,,,,,,,,,,11.113648508533204,162.17327212571115,0.0,PS_006,7.759758814943112,360.0,0.8118882401271783
14.007241743251132,5.198596778636547,2024-06-18T10:45:00Z,4,4,4,4,4,4,1,4,4,4,130.34000168612695,24.140796918915342,,,,,,,,,,13.018419361830729,285.51695690127843,0.0,PS_006,8.450283926690375,359.99999999999994,0.17650230655464766
15.372702962715111,5.192617893218994,2024-06-18T11:00:00Z,4,4,4,4,4,4,1,4,4,4,176.76310022598264,37.903920922054745,,,,,,,,,,15.721083512968825,420.1430250860862,0.0,PS_006,9.033180269206458,360.00000000000006,0.2674914311184883
17.757503805970753,5.186543036785553,2024-06-18T11:15:00Z,3,3,3,3,3,3,1,3,3,3,227.1695862317604,48.92902446197149,,,,,,,,,,19.940308390695833,565.8291152787142,0.0,PS_006,8.646490926612035,360.00000000000006,0.35324854980489395
19.747279495024017,5.164363713312392,2024-06-18T11:30:00Z,4,4,4,4,4,4,1,4,4,4,274.0309532401326,51.93760802600383,,,,,,,,,,23.73614283330375,642.802948243421,0.0,PS_006,8.083293290297357,360.0,0.5095094351282654
20.584523515277702,5.156528472900391,2024-06-18T11:45:00Z,4,4,4,4,4,4,1,4,4,4,324.56402387283475,54.28132965457856,,,,,,,,,,25.663209563165594,676.3417460934963,0.0,PS_006,8.036462512643086,360.00000000000006,1.106744072001237
21.359639887800178,5.1565284729003915,2024-06-18T12:00:00Z,3,3,3,3,3,3,1,3,3,3,375.729785004631,57.506927915316844,,,,,,,,,,28.47262667137774,702.428386782196,0.0,PS_006,8.196394643930889,360.00000000000006,2.2668073687445878
22.661687650802445,5.15736089421975,2024-06-18T12:15:00Z,4,4,4,4,4,4,1,4,4,4,420.941401890996,58.109761072307485,,,,,,,,,,29.262285737085982,712.3379033251352,0.0,PS_006,8.15764105656385,359.99999999999994,2.433936557363575
23.44237969801866,5.164614961926328,2024-06-18T12:30:00Z,4,4,4,4,4,4,1,4,4,4,466.20629333606627,58.94604618991455,,,,,,,,,,28.362722619234038,718.533429624811,0.0,PS_006,8.21016461278355,360.0,1.9047420526408572
24.4881453719204,5.17100689775366,2024-06-18T12:45:00Z,3,3,3,3,3,3,1,3,3,3,512.337514772558,61.72993980165781,,,,,,,,,,31.506341207437192,729.2610298289396,0.0,PS_006,8.474040882160228,360.0,5.351643238638475
25.76668700394834,5.176043805830021,2024-06-18T13:00:00Z,4,4,4,4,4,4,1,4,4,4,548.9039443196863,62.273650511445325,,,,,,,,,,31.787816199616035,727.612808649107,0.0,PS_006,8.562976558759779,360.00000000000006,3.930274379752454
26.256774322245374,5.1854853179678475,2024-06-18T13:15:00Z,4,4,4,4,4,4,1,4,4,4,586.9082631852287,62.96214425043164,,,,,,,,,,31.145163204706574,728.3771544521653,0.0,PS_006,8.640801057239907,359.99999999999994,6.006237182494975
26.624306636804576,5.191500330823649,2024-06-18T13:30:00Z,3,3,3,3,3,3,1,3,3,3,619.7171234770576,63.804465289464034,,,,,,,,,,31.086459573737137,726.0591933248327,0.0,PS_006,8.786417314209032,360.0,5.58717013811633
26.825977934899132,5.195385962668973,2024-06-18T13:45:00Z,4,4,4,4,4,4,1,4,4,4,643.5840305522108,63.05612681038349,,,,,,,,,,31.15599840984216,718.4564062657944,0.0,PS_006,8.794745863075923,360.0,6.5357683902285375
27.6611284730755,5.203232831974135,2024-06-18T14:00:00Z,4,4,4,4,4,4,1,4,4,4,665.5938192682526,62.357267546859475,,,,,,,,,,31.716000986727593,710.4432353887793,0.0,PS_006,8.780051605056478,359.99999999999994,5.681076970938791
27.597740647340945,5.208910030852855,2024-06-18T14:15:00Z,3,3,3,3,3,3,1,3,3,3,679.4478820524208,60.06337529810947,,,,,,,,,,31.5638163478872,698.7239122751182,0.0,PS_006,8.606268881363171,360.0,4.20554792394003
27.44563279656064,5.21333646774292,2024-06-18T14:30:00Z,4,4,4,4,4,4,1,4,4,4,689.546105037694,58.519046418177425,,,,,,,,,,30.94470048445256,691.1983246653139,0.0,PS_006,8.465414959589483,360.00000000000006,5.694151590696171
27.679897663330895,5.21801471710205,2024-06-18T14:45:00Z,3,3,3,3,3,3,1,3,3,3,702.4456776632526,57.52559921474831,,,,,,,,,,31.337710004642815,691.3507351417813,0.0,PS_006,8.341888560734374,360.0,6.003911554695898
27.701556343415277,5.218014717102052,2024-06-18T15:00:00Z,4,4,4,4,4,4,1,4,4,4,707.2771410766874,56.266695340471856,,,,,,,,,,31.041999514404587,686.8887189264425,0.0,PS_006,8.194752275151588,360.0,7.382937579976734
27.910227532272792,5.221456761054667,2024-06-18T15:15:00Z,4,4,4,4,4,4,1,4,4,4,717.1959134609924,56.665537657152626,,,,,,,,,,30.747149671279715,692.3571516021685,0.0,PS_006,8.182599261712372,359.99999999999994,5.630868764109516
27.983049854261353,5.223361492156982,2024-06-18T15:30:00Z,3,3,3,3,3,3,1,3,3,3,707.5683708001513,55.136220894751,,,,,,,,,,30.256183265536826,683.661478870551,0.0,PS_006,8.061574312374358,360.0,6.415095046701761
28.041952240914483,5.2233614921569815,2024-06-18T15:45:00Z,4,4,4,4,4,4,1,4,4,4,698.9035684057643,55.60315620268093,,,,,,,,,,30.630017073278992,683.0170004534274,0.0,PS_006,8.137309090581407,360.0,4.468733643770763
28.835297486262675,5.223361492156982,2024-06-18T16:00:00Z,4,4,4,4,4,4,1,4,4,4,678.8544741008817,54.33432870049998,,,,,,,,,,31.792030241683868,676.1066559135955,0.0,PS_006,8.030672084637898,359.99999999999994,5.005617130044324
28.815431365986463,5.220032392174915,2024-06-18T16:15:00Z,3,3,3,3,3,3,1,3,3,3,659.930120113513,53.78957031690939,,,,,,,,,,32.22930571601032,672.7804759913131,0.0,PS_006,8.031932838688263,360.0,4.13123219732403
28.91211143179911,5.222165864646842,2024-06-18T16:30:00Z,4,4,4,4,4,4,1,4,4,4,649.3511051032862,54.738325186477404,,,,,,,,,,31.923250749050915,684.7171542961136,0.0,PS_006,7.997109666545386,360.00000000000006,3.5128500988805786
29.062612235174896,5.218014717102051,2024-06-18T16:45:00Z,4,4,4,4,4,4,1,4,4,4,626.041111817033,54.253346919899954,,,,,,,,,,33.34301201970321,686.671398386713,0.0,PS_006,7.898351438658297,359.99999999999994,4.435048787146928
29.009090075538545,5.218014717102052,2024-06-18T17:00:00Z,3,3,3,3,3,3,1,3,3,3,599.0603660151137,53.05504949944535,,,,,,,,,,33.26681541494167,684.4077114879332,0.0,PS_006,7.72267163209364,360.00000000000006,2.9313325688607126
29.331066364811043,5.213877311619223,2024-06-18T17:15:00Z,4,4,4,4,4,4,1,4,4,4,572.9017147201203,53.557420037008335,,,,,,,,,,34.398492748343656,690.313223414572,0.0,PS_006,7.754503272227136,360.0,3.8384400093548248
29.465474045834664,5.213292206005827,2024-06-18T17:30:00Z,4,4,4,4,4,4,1,4,4,4,536.4729503337652,53.77280729483233,,,,,,,,,,33.31957446253878,687.710481997009,0.0,PS_006,7.809923894326045,360.0,2.8909487780487524
29.65105062987007,5.211459503769947,2024-06-18T17:45:00Z,3,3,3,3,3,3,1,3,3,3,504.2085301919823,53.69172805402529,,,,,,,,,,34.08296283633082,690.1542955945362,0.0,PS_006,7.782781317869964,360.0,3.3563845283851967
29.305067530141173,5.208636044918188,2024-06-18T18:00:00Z,4,4,4,4,4,4,1,4,4,4,469.63371329715966,54.040232049530246,,,,,,,,,,33.98004523805286,693.3550861415432,0.0,PS_006,7.812644641957506,360.0,3.7280883344686586
29.566400714975778,5.207243618939775,2024-06-18T18:15:00Z,4,4,4,4,4,4,1,4,4,4,425.4294949545891,58.47145664003827,,,,,,,,,,35.77670614410641,688.4357037003558,0.0,PS_006,8.49449706992717,360.0,2.8169257187830845
29.39999961853027,5.203486070621881,2024-06-18T18:30:00Z,3,3,3,3,3,3,1,3,3,3,380.40990329813286,51.60642882540696,,,,,,,,,,34.259889318306485,679.4055540692204,0.0,PS_006,7.596763545502405,359.99999999999994,3.2615699050201385
29.224519986337487,5.202643394470216,2024-06-18T18:45:00Z,4,4,4,4,4,4,1,4,4,4,330.05824095584296,46.41036483300877,,,,,,,,,,33.7592331126058,656.7834992077512,0.0,PS_006,7.050728427796945,360.0,3.6806995963210074
29.158563173548796,5.193457279453005,2024-06-18T19:00:00Z,4,4,4,4,4,4,1,4,4,4,279.2139635396986,41.89692899200346,,,,,,,,,,33.41502684389914,629.482052643649,0.0,PS_006,6.653613974715508,359.99999999999994,2.4088870410943
29.200000762939446,5.191725195710248,2024-06-18T19:15:00Z,3,3,3,3,3,3,1,3,3,3,229.32075231290315,35.56459810453788,,,,,,,,,,35.54304550108415,571.1291156840584,0.0,PS_006,6.210703311662102,359.9999999999999,0.8724898278881404
29.063085341518267,5.187271595001222,2024-06-18T19:30:00Z,4,4,4,4,4,4,1,4,4,4,175.71583174004664,29.872802350641262,,,,,,,,,,34.84281091943735,418.5445089408616,0.0,PS_006,7.235628212487549,360.00000000000006,1.4199713309820094
28.620196495999622,5.179523507473605,2024-06-18T19:45:00Z,4,4,4,4,4,4,1,4,4,4,130.71065439922916,18.886579597893114,,,,,,,,,,32.42653322917033,311.6641008050456,0.0,PS_006,6.040110095235567,360.0,1.5041673561641784
28.053525951741285,5.176418279341625,2024-06-18T20:00:00Z,3,3,3,3,3,3,1,3,3,3,85.4117145940999,8.020439436820542,,,,,,,,,,30.125779560083746,179.1059147775841,0.0,PS_006,4.439489908100046,360.00000000000006,1.6375565011314686
27.144684297194438,5.166971565945058,2024-06-18T20:15:00Z,4,4,4,4,4,4,1,4,4,4,27.660660093906714,1.5690725233647784,,,,,,,,,,27.03043797371264,54.07101574770522,0.0,PS_006,3.248055396355516,360.0,0.9569874757314063
26.239310471442924,5.155158688417498,2024-06-18T20:30:00Z,4,4,4,4,4,4,1,4,4,4,9.064573017226722,-0.5590564125488638,,,,,,,,,,23.988296890258628,7.525794970296935,0.0,PS_006,-35.23457917664961,360.0,1.137753053354902
23.453769639452958,5.145719715197775,2024-06-18T20:45:00Z,3,3,3,3,3,3,1,3,3,3,-4.361447325771956,-4.64806190850829,,,,,,,,,,20.812401045106707,-5.145100865988893,0.0,PS_006,89.3260682883866,360.00000000000006,0.049272467678900096
21.213214849766036,5.133042042565192,2024-06-18T21:00:00Z,4,4,4,4,4,4,1,4,4,4,-4.141738623003749,-3.032359999301636,,,,,,,,,,19.19173108458692,-4.209479772993305,0.0,PS_006,69.30504134366134,360.0,1.34298613803315
20.533636131807274,5.118716537195206,2024-06-18T21:15:00Z,4,4,4,4,4,4,1,4,4,4,-2.962368185876155,-1.6570640483713959,,,,,,,,,,18.56354106611373,-3.6682100331378447,0.0,PS_006,42.17720225089634,360.00000000000006,0.9043547359264084
19.818632765551005,5.10438676622464,2024-06-18T21:30:00Z,3,3,3,3,3,3,1,3,3,3,-2.9977461773061544,-1.2960866059579863,,,,,,,,,,17.388611068699106,-3.1649636564675325,0.0,PS_006,39.501154920246,360.0,1.5111927172216497
19.408832021491552,5.086591563912038,2024-06-18T21:45:00Z,4,4,4,4,4,4,1,4,4,4,-2.5612312046768038,-0.8376785861960909,,,,,,,,,,17.18461461056039,-2.8694630205522222,0.0,PS_006,32.400637176775824,360.00000000000006,1.1177043870936856
19.284421441875043,5.067327633292984,2024-06-18T22:00:00Z,4,4,4,4,4,4,1,4,4,4,-2.0975836799689604,-0.574915456406208,,,,,,,,,,16.547871393379605,-2.8856330050537697,0.0,PS_006,17.436262679312332,359.99999999999994,1.0505033283451841
18.779288799113406,5.0488689407137874,2024-06-18T22:15:00Z,3,3,3,3,3,3,1,3,3,3,-1.4375479975010192,-0.7947389780912419,,,,,,,,,,16.424555665915133,-2.7087720056815243,0.0,PS_006,22.13101549948308,360.0,1.0001807953496287
17.5046663609456,5.030376734331639,2024-06-18T22:30:00Z,4,4,4,4,4,4,1,4,4,4,-3.3979497335777564,-1.214919116597654,,,,,,,,,,15.22768719207191,-3.070795992868672,0.0,PS_006,38.55921048384799,360.00000000000006,0.7299378680486017
16.12451237502284,5.01108933892383,2024-06-18T22:45:00Z,4,4,4,4,4,4,1,4,4,4,-3.374415759930505,-1.5884140858310212,,,,,,,,,,14.324512602682931,-3.0113928457137504,0.0,PS_006,43.27827257453098,360.00000000000006,0.868466966940682
16.33791421546286,4.996598910539921,2024-06-18T23:00:00Z,3,3,3,3,3,3,1,3,3,3,-2.7094959112013846,-0.9394012127213458,,,,,,,,,,14.628038076466629,-2.4101487845151066,0.0,PS_006,28.295186792837953,360.0,0.9898700181700394
14.853269093688052,4.973831606691106,2024-06-18T23:15:00Z,4,4,4,4,4,4,1,4,4,4,-3.4699580228960203,-1.3073782145008612,,,,,,,,,,13.158744104246935,-2.7812393197749783,0.0,PS_006,49.30473678096747,360.0,0.3614209051474293
15.723896831622705,4.954559402532711,2024-06-18T23:30:00Z,4,4,4,4,4,4,1,4,4,4,-0.8622425258163859,0.5879444915440871,,,,,,,,,,13.875999200155269,-1.2592223912128533,0.0,PS_006,-51.588807572747235,360.00000000000006,1.77253781558204
15.082476100781639,4.935551824680101,2024-06-18T23:45:00Z,3,3,3,3,3,3,1,3,3,3,-3.0099960651252884,-1.330324054169214,,,,,,,,,,13.226262918511319,-2.9757238434269193,0.0,PS_006,51.08366933199445,360.0,0.7622184219069754
14.247339572912837,4.919978498596157,2024-06-19T00:00:00Z,4,4,4,4,4,4,1,4,4,4,-2.285654118624063,-0.629949267680031,,,,,,,,,,12.361670673057757,-2.0089056790133246,0.0,PS_006,26.773134143143203,360.0,0.7364047959280542
14.612148367963808,4.8981570491512745,2024-06-19T00:15:00Z,4,4,4,4,4,4,1,4,4,4,-1.5008942278503798,-0.22704627227010865,,,,,,,,,,12.003990439925326,-0.856223926590058,0.0,PS_006,1.5985302410975128,360.0,0.5417877115762121
15.161326124525477,4.883423730046492,2024-06-19T00:30:00Z,2,2,2,2,2,2,1,2,2,2,-1.7069612181474731,-0.11883973681377649,,,,,,,,,,12.138673871259602,-0.10082858802429312,0.0,PS_006,-42.47851694886767,360.0,0.05878455276678234
14.229771456513962,4.8646496815998574,2024-06-19T00:45:00Z,4,4,4,4,4,4,1,4,4,4,-2.344566969425511,-0.25484569170862803,,,,,,,,,,11.48951564195624,-1.455231743701249,0.0,PS_006,21.433166298885215,359.99999999999994,0.6509305230741348
13.678147238741948,4.841353343173131,2024-06-19T01:00:00Z,4,4,4,4,4,4,1,4,4,4,-2.3565880190753368,-0.7105549700717163,,,,,,,,,,11.53039633668708,-2.0631316528112342,0.0,PS_006,25.84821586300723,359.9999999999999,0.9041001891969452
13.33317837942531,4.827920832652896,2024-06-19T01:15:00Z,3,3,3,3,3,3,1,3,3,3,-1.34598044453818,-0.18136097380854102,,,,,,,,,,11.058294827175937,-1.811455765236106,0.0,PS_006,6.6799874333115,360.0,0.16186675544565343
12.642612266576638,4.8096698363971715,2024-06-19T01:30:00Z,4,4,4,4,4,4,1,4,4,4,-1.893833818167955,-0.6399157256583479,,,,,,,,,,10.644257683748108,-2.0864629667698864,0.0,PS_006,28.418913450433994,360.0,1.0482302198727285
13.215668153281626,4.790784563838712,2024-06-19T01:45:00Z,4,4,4,4,4,4,1,4,4,4,-1.1028137124708821,0.5954182412502789,,,,,,,,,,11.255793137359486,-1.2924881197392548,0.0,PS_006,-44.333845595084455,360.0,0.8536962401109085
13.158059499054831,4.776533846054813,2024-06-19T02:00:00Z,3,3,3,3,3,3,1,3,3,3,-1.2741801305284755,0.2750049097743842,,,,,,,,,,11.666461885975373,-1.9142809413969324,0.0,PS_006,-32.3580803778174,360.00000000000006,0.9108805257041512
14.686222886914905,4.758307926700424,2024-06-19T02:15:00Z,4,4,4,4,4,4,1,4,4,4,-1.683679996765667,0.36456571881644595,,,,,,,,,,12.126003269073694,-2.0758774074807818,0.0,PS_006,-92.4137184521782,359.99999999999994,0.41375491370165074
12.992218754056381,4.742003550373836,2024-06-19T02:30:00Z,3,3,3,3,3,3,1,3,3,3,-2.5561239627290395,-0.6699741010472415,,,,,,,,,,10.600000381469725,-1.4288944531233954,0.0,PS_006,42.8689659731555,360.0,0.07507092713188449
13.141911615191825,4.728873621455286,2024-06-19T02:45:00Z,3,3,3,3,3,3,1,3,3,3,-1.9265732570550131,-0.4871520002471501,,,,,,,,,,10.581895751162445,-0.4599596937121143,0.0,PS_006,244.28587969181788,360.0,0.048600295881103456
12.268554283095835,4.745396908492518,2024-06-19T03:00:00Z,4,4,4,4,4,4,1,4,4,4,-2.0935444382102144,-0.5489361319519888,,,,,,,,,,10.232498699317306,-2.1411816546107953,0.0,PS_006,26.525063737309456,359.99999999999994,1.0841268563336364
12.586289928519284,4.734357806214245,2024-06-19T03:15:00Z,3,3,3,3,3,3,1,3,3,3,-1.1339729748692358,0.8121244750017422,,,,,,,,,,10.849143791950517,-1.36997368457753,0.0,PS_006,-86.1746401476473,360.0,0.79162044960153
13.178344303060236,4.719787784774694,2024-06-19T03:30:00Z,4,4,4,4,4,4,1,4,4,4,-1.038914452686644,0.047876073478213266,,,,,,,,,,11.200315457031433,-2.145958263914198,0.0,PS_006,-13.571401040878065,360.0,1.0949399617096782
12.037784749473188,4.704206951825758,2024-06-19T03:45:00Z,4,4,4,4,4,4,1,4,4,4,-2.5882226245704274,-0.664926926436085,,,,,,,,,,9.98740135708527,-2.397829543218379,0.0,PS_006,13.156618740626708,360.0,0.26542841518036253
12.531472547166215,4.689582355020307,2024-06-19T04:00:00Z,3,3,3,3,3,3,1,3,3,3,-1.3786062089902298,-0.6791460968347169,,,,,,,,,,9.599581709377384,-2.2226673277803273,0.0,PS_006,28.38890722569874,360.0,0.3517586269473254
12.387264614836603,4.679297312801193,2024-06-19T04:15:00Z,4,4,4,4,4,4,1,4,4,4,-0.9633162320797967,-0.08909391025546849,,,,,,,,,,10.029948786610282,-1.728534082880293,0.0,PS_006,2.110149773647135,360.0,0.924300619039315
12.922626673495566,4.6661858137449,2024-06-19T04:30:00Z,4,4,4,4,4,4,1,4,4,4,-0.7237470648214569,0.3699940958625446,,,,,,,,,,10.131371684619888,-1.3682955076366636,0.0,PS_006,-61.24768906504356,360.00000000000006,0.6848414855714493
11.229237043687274,4.654028935038451,2024-06-19T04:45:00Z,3,3,3,3,3,3,1,3,3,3,-3.4538873556096057,-1.0073547167446915,,,,,,,,,,8.976835812613754,-2.563837068695635,0.0,PS_006,43.88702248835839,360.0,0.05463602326525529
12.5489380242842,4.64218043432939,2024-06-19T05:00:00Z,3,3,3,3,3,3,1,3,3,3,0.09897606302510166,1.084175869894605,,,,,,,,,,9.893354614822481,-0.30481398588649955,0.0,PS_006,113.28033498195649,360.0,0.3659005691090888
12.115038806022657,4.628044128039644,2024-06-19T05:15:00Z,4,4,4,4,4,4,1,4,4,4,-1.1271420500305303,0.39509199099047443,,,,,,,,,,10.380601868355622,-1.4841274859237599,0.0,PS_006,-65.8788090916691,360.0,1.6930509279623716
13.334266790465263,4.617918755102515,2024-06-19T05:30:00Z,3,3,3,3,3,3,1,3,3,3,-1.027887266350404,0.2593735973161205,,,,,,,,,,11.065152344412795,-1.8602203492867957,0.0,PS_006,-20.124223537362635,360.0,0.4869984000446292
13.587116209390256,4.606402730384534,2024-06-19T05:45:00Z,4,4,4,4,4,4,1,4,4,4,-0.6070094877173933,1.486076401413355,,,,,,,,,,11.460929255948125,-1.0421734094604387,0.0,PS_006,-219.52841430169272,360.00000000000006,1.6226966661323783
13.721068944511284,4.594968980140771,2024-06-19T06:00:00Z,4,4,4,4,4,4,1,4,4,4,-1.8392971418507083,-0.6860362030703614,,,,,,,,,,11.044822907196698,-2.5500114438376613,0.0,PS_006,24.122792111325126,359.99999999999994,0.6105676570870024
12.269699187500969,4.586270300789927,2024-06-19T06:15:00Z,3,3,3,3,3,3,1,3,3,3,-2.542316991463728,-0.6906230832603367,,,,,,,,,,10.596260540445895,-2.253695847990692,0.0,PS_006,27.616084738921693,360.0,1.9907715326339808
13.768289427797772,4.577074886478154,2024-06-19T06:30:00Z,4,4,4,4,4,4,1,4,4,4,-0.7165692708028294,0.0371238871097056,,,,,,,,,,11.304799132685721,-1.272752661139308,0.0,PS_006,-98.90969750732692,360.00000000000006,0.15482365281064267
14.037200194942285,4.565937924690313,2024-06-19T06:45:00Z,3,3,3,3,3,3,1,3,3,3,-0.4755387036917964,0.1373004025557714,,,,,,,,,,11.184678930604694,-0.7842265854900821,0.0,PS_006,204.71568873338745,360.0,0.3381464434527978
15.840237883139324,4.555028438568115,2024-06-19T07:00:00Z,2,2,2,2,2,2,1,2,2,2,-0.3903216007737545,-0.10829193720242584,,,,,,,,,,12.05776751433002,-0.10566092210025094,0.0,PS_006,147.6046191290413,360.0,0.0646773875021779
15.619589965740367,4.5494969910062775,2024-06-19T07:15:00Z,4,4,4,4,4,4,1,4,4,4,-1.0344644130022969,0.5795141010986032,,,,,,,,,,11.916416383102302,-0.9002556161938918,0.0,PS_006,-151.23627050553264,360.0,0.1377020988848415
15.878721935563172,4.539656639099121,2024-06-19T07:30:00Z,4,4,4,4,4,4,1,4,4,4,-0.23772016249346392,0.564616949412953,,,,,,,,,,12.540206072481768,0.04453514198594889,0.0,PS_006,55.44448441077413,360.0,0.0740193314610578
15.87121368348811,4.529631614685058,2024-06-19T07:45:00Z,3,3,3,3,3,3,1,3,3,3,-0.41584154217078445,0.29018293886923113,,,,,,,,,,12.499999999999998,-0.6129996541341577,0.0,PS_006,-85.79939752533276,359.99999999999994,0.05592782604308311
16.50645190958073,4.524284839630127,2024-06-19T08:00:00Z,3,3,3,3,3,3,1,3,3,3,-0.30720126348685683,0.11905599943047172,,,,,,,,,,13.022479738303742,-0.5310096893932674,0.0,PS_006,-13.03434086134872,360.0,0.3799113985548042
16.343945840411592,4.513014820083562,2024-06-19T08:15:00Z,4,4,4,4,4,4,1,4,4,4,-1.5367061394089432,-0.5398626701552791,,,,,,,,,,12.844817584955427,-1.5383410782834959,0.0,PS_006,32.66343977794594,360.0,0.24734599941688665
15.783227183553592,4.504234790802001,2024-06-19T08:30:00Z,3,3,3,3,3,3,1,3,3,3,-1.2754853494990572,-0.7456715795641667,,,,,,,,,,11.918615445087728,-2.0460550944248204,0.0,PS_006,37.896117801074176,359.99999999999994,-0.013330058926284208
15.651181861311825,4.4988884925842285,2024-06-19T08:45:00Z,4,4,4,4,4,4,1,4,4,4,-1.8821931098674252,-0.4780428734406474,,,,,,,,,,11.659247032620241,-0.9352363410351942,0.0,PS_006,-13.321131715949019,360.0,0.2509790450048302
15.533658641366268,4.489342202302781,2024-06-19T09:00:00Z,3,3,3,3,3,3,1,3,3,3,-1.6565701854018542,-0.3898865986029504,,,,,,,,,,11.691928774691588,0.26770597102183336,0.0,PS_006,-4.601173256839842,359.99999999999994,-0.001862267847865606
14.81307221198063,4.482703442554543,2024-06-19T09:15:00Z,3,3,3,3,3,3,1,3,3,3,-1.9982199083506589,0.029118880568085016,,,,,,,,,,11.396792543093435,-1.274731022038672,0.0,PS_006,-17.82056223252624,359.99999999999994,0.3522821475681764
14.588268641061562,4.472825502083474,2024-06-19T09:30:00Z,3,3,3,3,3,3,1,3,3,3,-0.8779688284971681,-1.410412419226363,,,,,,,,,,10.974544089394726,-1.8061282554440639,0.0,PS_006,77.75222809344535,359.99999999999994,0.4852535880599903
12.941286281427109,4.4627981185913095,2024-06-19T09:45:00Z,4,4,4,4,4,4,1,4,4,4,0.5748320703218047,-1.4383010338050544,,,,,,,,,,9.772259967787505,1.7582236911386897,0.0,PS_006,-777.4138198621235,360.0,0.6096844341263864
11.64684858669564,4.453574713200332,2024-06-19T10:00:00Z,3,3,3,3,3,3,1,3,3,3,14.362711327042206,4.700467236356848,,,,,,,,,,10.312578535015708,15.813784841054535,0.0,PS_006,28.56757969720151,360.0,1.3631537668138345
12.95312479550626,4.445187790467807,2024-06-19T10:15:00Z,4,4,4,4,4,4,1,4,4,4,48.33168778487532,12.22187578563817,,,,,,,,,,11.166192562566986,64.07417433647976,0.0,PS_006,20.108813604607146,360.0,1.462188376398918
14.18403107081808,4.435454724968231,2024-06-19T10:30:00Z,4,4,4,4,4,4,1,4,4,4,87.41109591782363,12.963292943328295,,,,,,,,,,12.897460651220838,162.61373213853,0.0,PS_006,8.010359520780469,360.0,0.518965643706924
14.625576656710637,4.427683028577484,2024-06-19T10:45:00Z,3,3,3,3,3,3,1,3,3,3,130.74509257007506,24.515529345407362,,,,,,,,,,14.685438866330829,286.2470314032075,0.0,PS_006,8.509233100248492,360.00000000000006,0.636787610458339
16.86256463182929,4.417436952267882,2024-06-19T11:00:00Z,4,4,4,4,4,4,1,4,4,4,173.4761746344795,37.9722243582448,,,,,,,,,,17.43293819663737,418.42931117045435,0.0,PS_006,9.074692265456008,360.0,0.10019112196387119
17.990997322921103,4.411336898803712,2024-06-19T11:15:00Z,4,4,4,4,4,4,1,4,4,4,222.82585870017886,47.81246445688952,,,,,,,,,,21.375843328640602,557.3809580102233,0.0,PS_006,8.585860181187805,360.0,0.08436403020711339
20.536841773426087,4.4063441663972505,2024-06-19T11:30:00Z,3,3,3,3,3,3,1,3,3,3,271.1044597380819,51.801462191879956,,,,,,,,,,25.16766487100345,641.4364630614264,0.0,PS_006,8.070041816594888,360.0,0.05429255024336158
21.280542930515857,4.37524652481079,2024-06-19T11:45:00Z,4,4,4,4,4,4,1,4,4,4,319.25645023359624,54.66192835679987,,,,,,,,,,27.499565545979294,673.1375443187396,0.0,PS_006,8.120400113471655,360.0,0.6255581728355074
21.86293574516025,4.374702101952324,2024-06-19T12:00:00Z,4,4,4,4,4,4,1,4,4,4,370.22131819758596,56.655652855775784,,,,,,,,,,25.86917467638105,695.088726327796,0.0,PS_006,8.148698405221953,359.99999999999994,1.4681257493327744
22.76822985887344,4.371490906532492,2024-06-19T12:15:00Z,3,3,3,3,3,3,1,3,3,3,415.4389190154925,58.583067459780374,,,,,,,,,,28.018959665603756,709.4681198513198,0.0,PS_006,8.259604375345392,359.99999999999994,0.539969538900455
23.81214960574772,4.3723326409549195,2024-06-19T12:30:00Z,4,4,4,4,4,4,1,4,4,4,463.4769059219025,61.047109886535694,,,,,,,,,,28.871856221663453,724.4768135345687,0.0,PS_006,8.431304946727721,360.00000000000006,2.3911596577340943
24.802524380996015,4.372358739395044,2024-06-19T12:45:00Z,4,4,4,4,4,4,1,4,4,4,508.8981000342174,61.82567623779326,,,,,,,,,,31.571550850619428,727.2290282444256,0.0,PS_006,8.501900513264331,360.0,3.925976850177226
25.338327473442853,4.375246524810792,2024-06-19T13:00:00Z,3,3,3,3,3,3,1,3,3,3,546.1934187427636,61.51606950666065,,,,,,,,,,32.55980665912816,721.3739372758583,0.0,PS_006,8.539463135595785,360.0,4.127940891199851
26.241958461808807,4.376059490392525,2024-06-19T13:15:00Z,4,4,4,4,4,4,1,4,4,4,575.7031786701468,62.38098058185482,,,,,,,,,,33.81392643214349,712.298548073319,0.0,PS_006,8.744646235334463,359.99999999999994,2.7427269048949516
27.252726271970484,4.3805928230285645,2024-06-19T13:30:00Z,4,4,4,4,4,4,1,4,4,4,610.4037998924533,63.47143945194622,,,,,,,,,,34.3251743834064,713.2767533178408,0.0,PS_006,8.902740141193968,360.0,3.094398763621591
27.743647880468075,4.383872916344312,2024-06-19T13:45:00Z,3,3,3,3,3,3,1,3,3,3,637.6925926402274,62.36466881256481,,,,,,,,,,33.719425610680894,707.174171046815,0.0,PS_006,8.807988338646796,360.0,3.6137609804603836
28.690045402880518,4.384791846110144,2024-06-19T14:00:00Z,4,4,4,4,4,4,1,4,4,4,669.8587905372277,62.61623701263225,,,,,,,,,,33.63071403860376,711.9082823338462,0.0,PS_006,8.795175962682327,360.0,4.082164063761205
28.827347571013558,4.3898891926068355,2024-06-19T14:15:00Z,4,4,4,4,4,4,1,4,4,4,684.444076415814,60.058751665952066,,,,,,,,,,33.346312144473444,700.7980807541512,0.0,PS_006,8.537035032172373,360.0,4.354575188436438
29.102331154026558,4.394736445180782,2024-06-19T14:30:00Z,3,3,3,3,3,3,1,3,3,3,699.7017727401884,58.40951093552174,,,,,,,,,,33.12372938512117,697.6262458011414,0.0,PS_006,8.367684817375038,360.00000000000006,5.699935200785988
29.895245597373844,4.398619298558236,2024-06-19T14:45:00Z,4,4,4,4,4,4,1,4,4,4,707.0374156219584,57.87106604444173,,,,,,,,,,33.780373621189085,691.6499617263663,0.0,PS_006,8.377950538245454,360.0,3.748439900167834
29.968006720748857,4.404167432214252,2024-06-19T15:00:00Z,3,3,3,3,3,3,1,3,3,3,715.4724024781675,56.188700778440015,,,,,,,,,,33.27459757044432,691.9642922146533,0.0,PS_006,8.121175636537329,360.00000000000006,3.156218253038234
29.96533207211303,4.404222825190063,2024-06-19T15:15:00Z,4,4,4,4,4,4,1,4,4,4,709.0338350270487,55.158451932963985,,,,,,,,,,34.13928859587468,683.1211062373965,0.0,PS_006,8.076410354026947,360.00000000000006,3.8959731835992923
29.73370241142438,4.404316779956244,2024-06-19T15:30:00Z,4,4,4,4,4,4,1,4,4,4,713.2943300005945,54.972283413123044,,,,,,,,,,33.854773170934735,687.1415224291812,0.0,PS_006,7.983388504085018,360.0,4.85042136283724
29.999999999999996,4.407966348013009,2024-06-19T15:45:00Z,3,3,3,3,3,3,1,3,3,3,706.3261816315077,55.231282926656476,,,,,,,,,,33.30977978292593,688.5924306783078,0.0,PS_006,8.018014216409254,360.0,4.375888043040592
30.22784374714429,4.415211983906718,2024-06-19T16:00:00Z,4,4,4,4,4,4,1,4,4,4,684.8081529092594,53.82754200013308,,,,,,,,,,36.51993060140275,680.4199359923934,0.0,PS_006,7.906622910940433,360.00000000000006,2.522608653772077
30.26049038511097,4.416683197021484,2024-06-19T16:15:00Z,4,4,4,4,4,4,1,4,4,4,671.269610665934,53.520316745213805,,,,,,,,,,35.44052381340833,685.3299585082028,0.0,PS_006,7.794687373966015,360.00000000000006,2.446271069889553
30.745816115580126,4.416683197021484,2024-06-19T16:30:00Z,3,3,3,3,3,3,1,3,3,3,654.4890645708704,53.91762601131318,,,,,,,,,,35.5,692.4864178650698,0.0,PS_006,7.791793749482996,360.0,3.29676188927311
30.299999237060547,4.421371120988595,2024-06-19T16:45:00Z,4,4,4,4,4,4,1,4,4,4,632.6239205961895,53.244610116450325,,,,,,,,,,35.680784439131386,694.6069378584878,0.0,PS_006,7.646111582307914,360.0,3.073337212610862
30.55481945673668,4.42406481820171,2024-06-19T17:00:00Z,4,4,4,4,4,4,1,4,4,4,602.6465635855595,53.04876375428788,,,,,,,,,,35.709874510537176,694.5233723255423,0.0,PS_006,7.6383988378031935,360.00000000000006,3.6142678576105145
30.753735443614076,4.422810741325683,2024-06-19T17:15:00Z,3,3,3,3,3,3,1,3,3,3,566.0664598831381,51.66183384401127,,,,,,,,,,35.630365131664796,687.3290336851965,0.0,PS_006,7.512622905731189,360.00000000000006,2.1323852582212246
30.914813329047075,4.429154774083847,2024-06-19T17:30:00Z,4,4,4,4,4,4,1,4,4,4,540.4500544384589,54.224585304497204,,,,,,,,,,35.071512470240364,697.418088626141,0.0,PS_006,7.770441698034344,360.0000000000001,2.163966358370997
31.117040422587255,4.426708221435548,2024-06-19T17:45:00Z,4,4,4,4,4,4,1,4,4,4,510.26881546709944,53.667777554385125,,,,,,,,,,36.745963456775975,705.5213925420304,0.0,PS_006,7.6219081377393225,360.00000000000006,3.223022242922939
31.012760105029667,4.427519439998781,2024-06-19T18:00:00Z,3,3,3,3,3,3,1,3,3,3,476.80286669461344,54.182876331161154,,,,,,,,,,38.17202687959096,710.7217282314937,0.0,PS_006,7.64393814874951,360.0,3.34704943333469
31.093082555924067,4.42532925008741,2024-06-19T18:15:00Z,4,4,4,4,4,4,1,4,4,4,430.69456259315604,57.59768457479948,,,,,,,,,,37.15965143512546,700.817147552659,0.0,PS_006,8.230180682654721,360.0,3.461928120826919
31.091925345507214,4.426708221435548,2024-06-19T18:30:00Z,4,4,4,4,4,4,1,4,4,4,379.38009700543813,50.738050420483,,,,,,,,,,36.908487085271155,686.7324258851243,0.0,PS_006,7.377638093419568,360.0,2.4656133338423385
30.87090624636816,4.426708221435546,2024-06-19T18:45:00Z,3,3,3,3,3,3,1,3,3,3,330.48830701694845,45.586960718116494,,,,,,,,,,37.1425431124877,671.4846066882832,0.0,PS_006,6.783125601330276,360.0,2.4282662895093186
30.71602659137016,4.426708221435547,2024-06-19T19:00:00Z,4,4,4,4,4,4,1,4,4,4,281.3191535518082,41.468981280001685,,,,,,,,,,37.68492614083257,645.9365309939495,0.0,PS_006,6.419843916790832,360.0,1.987872546966382
30.485265701426247,4.424023462051863,2024-06-19T19:15:00Z,4,4,4,4,4,4,1,4,4,4,225.87980777664094,35.151750380885176,,,,,,,,,,35.762070816998005,576.4327945838452,0.0,PS_006,6.100258352560794,359.99999999999994,2.106918851585458
30.470337138620753,4.422029972076416,2024-06-19T19:30:00Z,3,3,3,3,3,3,1,3,3,3,178.7011563957163,29.841825993913815,,,,,,,,,,35.21688615807995,442.28558295521856,0.0,PS_006,6.795397047703014,360.00000000000006,2.345733225215002
29.740605611760788,4.4182301689551595,2024-06-19T19:45:00Z,4,4,4,4,4,4,1,4,4,4,131.45764016868665,18.891904815121077,,,,,,,,,,33.4860480394764,318.5825610116147,0.0,PS_006,5.887757107435822,360.0,1.5306112960549538
29.155823161694023,4.411512070575668,2024-06-19T20:00:00Z,4,4,4,4,4,4,1,4,4,4,81.2468709247637,7.172922533545263,,,,,,,,,,31.377746738422466,185.36178304604837,0.0,PS_006,3.7075554529188577,360.00000000000006,1.2210589692451723
28.399999618530277,4.40131139755249,2024-06-19T20:15:00Z,3,3,3,3,3,3,1,3,3,3,26.164888314647133,0.3717489787359935,,,,,,,,,,27.955721550121485,51.75287563095108,0.0,PS_006,1.4915341623469347,360.0,1.3353455754077468
27.923890821023985,4.39293128996386,2024-06-19T20:30:00Z,4,4,4,4,4,4,1,4,4,4,8.876407188910449,-0.908198996893715,,,,,,,,,,25.161306296213322,7.587100472700042,0.0,PS_006,-20.677565727232007,360.0,1.2470555938571493
23.10940383848751,4.379455010718146,2024-06-19T20:45:00Z,4,4,4,4,4,4,1,4,4,4,-5.551879581176551,-5.73202078519733,,,,,,,,,,20.654749824186688,-5.804511506450012,0.0,PS_006,97.01809298356517,360.00000000000006,0.7591598646664961
22.42602963670225,4.365315720897785,2024-06-19T21:00:00Z,3,3,3,3,3,3,1,3,3,3,-3.1069761396918953,-2.5075708951793465,,,,,,,,,,19.705169794200856,-4.105686456994261,0.0,PS_006,58.315581525087936,360.0,1.20432681266105
21.08882281144344,4.346797435328108,2024-06-19T21:15:00Z,4,4,4,4,4,4,1,4,4,4,-3.304307822642719,-1.3416200978052257,,,,,,,,,,18.80113194727886,-3.264384284982077,0.0,PS_006,43.3529549001318,360.0,1.2049661184810239
21.185213797177692,4.3268160289626705,2024-06-19T21:30:00Z,4,4,4,4,4,4,1,4,4,4,-2.9254820629099103,-1.192371322989107,,,,,,,,,,18.313990965076837,-3.2654913383110786,0.0,PS_006,44.40177971225124,359.99999999999994,1.2398413154159418
19.63486907937263,4.308648771364854,2024-06-19T21:45:00Z,3,3,3,3,3,3,1,3,3,3,-3.091773619548091,-1.3985605538825339,,,,,,,,,,17.274569425735756,-3.189674724650803,0.0,PS_006,38.31971160133942,360.0,0.15876912639321006
19.090248138799367,4.284650439999602,2024-06-19T22:00:00Z,4,4,4,4,4,4,1,4,4,4,-3.8177293280568865,-1.673803527786182,,,,,,,,,,15.958997090061755,-3.2806877759881328,0.0,PS_006,53.1640402859742,360.0,0.244698268783832
19.393750534451343,4.25914031355911,2024-06-19T22:15:00Z,4,4,4,4,4,4,1,4,4,4,-1.7346112552033854,-0.9358038171790467,,,,,,,,,,15.963300250941634,-1.6443229825529133,0.0,PS_006,72.67728082858481,360.00000000000006,0.2313624540425685
17.341035729381808,4.231751688198696,2024-06-19T22:30:00Z,3,3,3,3,3,3,1,3,3,3,-2.569921894013807,-1.9483478549959898,,,,,,,,,,14.566321741336054,-3.1207517263522004,0.0,PS_006,58.655814802749745,359.99999999999994,-0.0016932703006316402
17.200481805883165,4.201254281569818,2024-06-19T22:45:00Z,4,4,4,4,4,4,1,4,4,4,-1.7239467415862952,-0.48544455042944157,,,,,,,,,,14.727545182073833,-2.2718534185107297,0.0,PS_006,19.897207788724433,359.99999999999994,1.0823189606309898
16.498265238807814,4.178060752495123,2024-06-19T23:00:00Z,4,4,4,4,4,4,1,4,4,4,-2.9017895464004737,-1.0495921762673144,,,,,,,,,,14.046712217125252,-2.4780207095394973,0.0,PS_006,42.10838803858065,359.99999999999994,0.300929658784423
16.586412190608993,4.155731044401392,2024-06-19T23:15:00Z,3,3,3,3,3,3,1,3,3,3,-1.5320242534851265,0.011870771761506424,,,,,,,,,,13.577885617377301,-0.9790071179172012,0.0,PS_006,-132.14276762437098,360.0,0.024634312801647334
16.682571126886188,4.1441480997346485,2024-06-19T23:30:00Z,3,3,3,3,3,3,1,3,3,3,-1.6559873835445178,-0.2797026179799708,,,,,,,,,,13.576681969441147,-1.2930266713819172,0.0,PS_006,17.289091692637037,359.99999999999994,0.5121917159229534
15.918331600655725,4.134540002825153,2024-06-19T23:45:00Z,3,3,3,3,3,3,1,3,3,3,-2.349743708396924,-0.8912890003355808,,,,,,,,,,13.000000000000002,-1.5802882691167148,0.0,PS_006,58.976200438783046,360.0,0.39130140304669037
