ambient_temperature_celsius,battery_voltage,datetime,document_count_ambient_temperature_celsius,document_count_battery_voltage,document_count_ghi_irradiance_wm2,document_count_gri_irradiance_wm2,document_count_panel_temperature_celsius,document_count_poa_irradiance_wm2,document_count_precipitation_accumulated_mm,document_count_tracker_albedo_index,document_count_wind_direction_degrees,document_count_wind_speed_ms,ghi_irradiance_wm2,gri_irradiance_wm2,interpolated_keys_ambient_temperature_celsius,interpolated_keys_battery_voltage,interpolated_keys_ghi_irradiance_wm2,interpolated_keys_gri_irradiance_wm2,interpolated_keys_panel_temperature_celsius,interpolated_keys_poa_irradiance_wm2,interpolated_keys_wind_speed_ms,panel_temperature_celsius,poa_irradiance_wm2,precipitation_accumulated_mm,ps_id,tracker_albedo_index,wind_direction_degrees,wind_speed_ms
,,2025-02-28T00:00:00Z,0,0,0,0,0,0,0,0,0,0,,,,,,,,,,,,,PS_047,,,
,,2025-02-28T00:15:00Z,0,0,0,0,0,0,0,0,0,0,,,,,,,,,,,,,PS_047,,,
,,2025-02-28T00:30:00Z,0,0,0,0,0,0,0,0,0,0,,,,,,,,,,,,,PS_047,,,
,,2025-02-28T00:45:00Z,0,0,0,0,0,0,0,0,0,0,,,,,,,,,,,,,PS_047,,,
,,2025-02-28T01:00:00Z,0,0,0,0,0,0,0,0,0,0,,,,,,,,,,,,,PS_047,,,
,,2025-02-28T01:15:00Z,0,0,0,0,0,0,0,0,0,0,,,,,,,,,,,,,PS_047,,,
,,2025-02-28T01:30:00Z,0,0,0,0,0,0,0,0,0,0,,,,,,,,,,,,,PS_047,,,
,,2025-02-28T01:45:00Z,0,0,0,0,0,0,0,0,0,0,,,,,,,,,,,,,PS_047,,,
,,2025-02-28T02:00:00Z,0,0,0,0,0,0,0,0,0,0,,,,,,,,,,,,,PS_047,,,
,,2025-02-28T02:15:00Z,0,0,0,0,0,0,0,0,0,0,,,,,,,,,,,,,PS_047,,,
,,2025-02-28T02:30:00Z,0,0,0,0,0,0,0,0,0,0,,,,,,,,,,,,,PS_047,,,
,,2025-02-28T02:45:00Z,0,0,0,0,0,0,0,0,0,0,,,,,,,,,,,,,PS_047,,,
,,2025-02-28T03:00:00Z,0,0,0,0,0,0,0,0,0,0,,,,,,,,,,,,,PS_047,,,
,,2025-02-28T03:15:00Z,0,0,0,0,0,0,0,0,0,0,,,,,,,,,,,,,PS_047,,,
,,2025-02-28T03:30:00Z,0,0,0,0,0,0,0,0,0,0,,,,,,,,,,,,,PS_047,,,
,,2025-02-28T03:45:00Z,0,0,0,0,0,0,0,0,0,0,,,,,,,,,,,,,PS_047,,,
,,2025-02-28T04:00:00Z,0,0,0,0,0,0,0,0,0,0,,,,,,,,,,,,,PS_047,,,
,,2025-02-28T04:15:00Z,0,0,0,0,0,0,0,0,0,0,,,,,,,,,,,,,PS_047,,,
,,2025-02-28T04:30:00Z,0,0,0,0,0,0,0,0,0,0,,,,,,,,,,,,,PS_047,,,
,,2025-02-28T04:45:00Z,0,0,0,0,0,0,0,0,0,0,,,,,,,,,,,,,PS_047,,,
,,2025-02-28T05:00:00Z,0,0,0,0,0,0,0,0,0,0,,,,,,,,,,,,,PS_047,,,
,,2025-02-28T05:15:00Z,0,0,0,0,0,0,0,0,0,0,,,,,,,,,,,,,PS_047,,,
,,2025-02-28T05:30:00Z,0,0,0,0,0,0,0,0,0,0,,,,,,,,,,,,,PS_047,,,
,,2025-02-28T05:45:00Z,0,0,0,0,0,0,0,0,0,0,,,,,,,,,,,,,PS_047,,,
,,2025-02-28T06:00:00Z,0,0,0,0,0,0,0,0,0,0,,,,,,,,,,,,,PS_047,,,
,,2025-02-28T06:15:00Z,0,0,0,0,0,0,0,0,0,0,,,,,,,,,,,,,PS_047,,,
,,2025-02-28T06:30:00Z,0,0,0,0,0,0,0,0,0,0,,,,,,,,,,,,,PS_047,,,
,,2025-02-28T06:45:00Z,0,0,0,0,0,0,0,0,0,0,,,,,,,,,,,,,PS_047,,,
,,2025-02-28T07:00:00Z,0,0,0,0,0,0,0,0,0,0,,,,,,,,,,,,,PS_047,,,
,,2025-02-28T07:15:00Z,0,0,0,0,0,0,0,0,0,0,,,,,,,,,,,,,PS_047,,,
,,2025-02-28T07:30:00Z,0,0,0,0,0,0,0,0,0,0,,,,,,,,,,,,,PS_047,,,
,,2025-02-28T07:45:00Z,0,0,0,0,0,0,0,0,0,0,,,,,,,,,,,,,PS_047,,,
,,2025-02-28T08:00:00Z,0,0,0,0,0,0,0,0,0,0,,,,,,,,,,,,,PS_047,,,
,,2025-02-28T08:15:00Z,0,0,0,0,0,0,0,0,0,0,,,,,,,,,,,,,PS_047,,,
,,2025-02-28T08:30:00Z,0,0,0,0,0,0,0,0,0,0,,,,,,,,,,,,,PS_047,,,
,,2025-02-28T08:45:00Z,0,0,0,0,0,0,0,0,0,0,,,,,,,,,,,,,PS_047,,,
,,2025-02-28T09:00:00Z,0,0,0,0,0,0,0,0,0,0,,,,,,,,,,,,,PS_047,,,
,,2025-02-28T09:15:00Z,0,0,0,0,0,0,0,0,0,0,,,,,,,,,,,,,PS_047,,,
,,2025-02-28T09:30:00Z,0,0,0,0,0,0,0,0,0,0,,,,,,,,,,,,,PS_047,,,
,,2025-02-28T09:45:00Z,0,0,0,0,0,0,0,0,0,0,,,,,,,,,,,,,PS_047,,,
,,2025-02-28T10:00:00Z,0,0,0,0,0,0,0,0,0,0,,,,,,,,,,,,,PS_047,,,
,,2025-02-28T10:15:00Z,0,0,0,0,0,0,0,0,0,0,,,,,,,,,,,,,PS_047,,,
,,2025-02-28T10:30:00Z,0,0,0,0,0,0,0,0,0,0,,,,,,,,,,,,,PS_047,,,
,,2025-02-28T10:45:00Z,0,0,0,0,0,0,0,0,0,0,,,,,,,,,,,,,PS_047,,,
,,2025-02-28T11:00:00Z,0,0,0,0,0,0,0,0,0,0,,,,,,,,,,,,,PS_047,,,
,,2025-02-28T11:15:00Z,0,0,0,0,0,0,0,0,0,0,,,,,,,,,,,,,PS_047,,,
,,2025-02-28T11:30:00Z,0,0,0,0,0,0,0,0,0,0,,,,,,,,,,,,,PS_047,,,
,,2025-02-28T11:45:00Z,0,0,0,0,0,0,0,0,0,0,,,,,,,,,,,,,PS_047,,,
,,2025-02-28T12:00:00Z,0,0,0,0,0,0,0,0,0,0,,,,,,,,,,,,,PS_047,,,
,,2025-02-28T12:15:00Z,0,0,0,0,0,0,0,0,0,0,,,,,,,,,,,,,PS_047,,,
,,2025-02-28T12:30:00Z,0,0,0,0,0,0,0,0,0,0,,,,,,,,,,,,,PS_047,,,
,,2025-02-28T12:45:00Z,0,0,0,0,0,0,0,0,0,0,,,,,,,,,,,,,PS_047,,,
,,2025-02-28T13:00:00Z,0,0,0,0,0,0,0,0,0,0,,,,,,,,,,,,,PS_047,,,
,,2025-02-28T13:15:00Z,0,0,0,0,0,0,0,0,0,0,,,,,,,,,,,,,PS_047,,,
,,2025-02-28T13:30:00Z,0,0,0,0,0,0,0,0,0,0,,,,,,,,,,,,,PS_047,,,
,,2025-02-28T13:45:00Z,0,0,0,0,0,0,0,0,0,0,,,,,,,,,,,,,PS_047,,,
,,2025-02-28T14:00:00Z,0,0,0,0,0,0,0,0,0,0,,,,,,,,,,,,,PS_047,,,
,,2025-02-28T14:15:00Z,0,0,0,0,0,0,0,0,0,0,,,,,,,,,,,,,PS_047,,,
,,2025-02-28T14:30:00Z,0,0,0,0,0,0,0,0,0,0,,,,,,,,,,,,,PS_047,,,
,,2025-02-28T14:45:00Z,0,0,0,0,0,0,0,0,0,0,,,,,,,,,,,,,PS_047,,,
,,2025-02-28T15:00:00Z,0,0,0,0,0,0,0,0,0,0,,,,,,,,,,,,,PS_047,,,
,,2025-02-28T15:15:00Z,0,0,0,0,0,0,0,0,0,0,,,,,,,,,,,,,PS_047,,,
,,2025-02-28T15:30:00Z,0,0,0,0,0,0,0,0,0,0,,,,,,,,,,,,,PS_047,,,
,,2025-02-28T15:45:00Z,0,0,0,0,0,0,0,0,0,0,,,,,,,,,,,,,PS_047,,,
30.65127189016516,18.511612100745896,2025-02-28T16:00:00Z,3,3,3,3,3,3,0,0,0,3,1167.5513006069539,64.97209699499935,,,,,,,,51.00963288087924,1164.7740782955966,,PS_047,,,5.1555685733095995
30.520391384817824,17.339929390384007,2025-02-28T16:15:00Z,4,4,4,4,4,4,1,0,0,4,1097.194489435295,56.86232215445448,,,,,,,,50.86960231633443,1096.2399184501978,120.80000305175781,PS_047,,,4.2550015871852445
30.405494449332274,12.118229711688167,2025-02-28T16:30:00Z,4,4,4,4,4,4,1,0,0,4,995.5218277310402,50.205486600324,,,,,,,,48.005314401729706,1010.2757976875033,120.80000305175781,PS_047,,,4.16958420618603
30.75326507245969,5.636599974366028,2025-02-28T16:45:00Z,3,3,3,3,3,3,1,0,0,3,1025.4660494163832,52.64920466624305,,,,,,,,48.34918167204387,1052.037289729515,120.80000305175781,PS_047,,,3.823302360026909
31.155353539776957,13.94964091810469,2025-02-28T17:00:00Z,4,4,4,4,4,4,1,0,0,4,1054.3128732486198,56.99650075086298,,,,,,,,49.669063876469494,1093.158609362368,120.80000305175781,PS_047,,,4.928828100909084
31.497079058728517,11.768099323647073,2025-02-28T17:15:00Z,3,3,3,3,3,3,1,0,0,3,1112.9248378391726,65.24368320204175,,,,,,,,52.5440948149905,1166.9923524866692,120.80000305175781,PS_047,,,3.3795596426473926
31.923960307447054,22.150342094045282,2025-02-28T17:30:00Z,4,4,4,4,4,4,1,0,0,4,979.2416143662642,63.7315170730965,,,,,,,,52.428004942689576,1039.4116768663189,120.80000305175781,PS_047,,,3.2324481658113817
31.486787353553353,8.11868074257478,2025-02-28T17:45:00Z,4,4,4,4,4,4,1,0,0,4,674.3896591456788,53.648420640905314,,,,,,,,46.43636179890322,699.5175887316238,120.80000305175781,PS_047,,,4.042822910466855
31.31584947439642,18.76661709697948,2025-02-28T18:00:00Z,3,3,3,3,3,3,1,0,0,3,543.9385187165379,50.93095980320595,,,,,,,,42.86927980754522,555.5344123404268,120.80000305175781,PS_047,,,3.692214182108897
30.326036324512646,14.504510028549511,2025-02-28T18:15:00Z,4,4,4,4,4,4,1,0,0,4,315.9002069466726,43.08331141504282,,,,,,,,35.442170231443136,289.37890998041513,120.80000305175781,PS_047,,,3.6579622213194316
29.967017933993187,12.919916265076196,2025-02-28T18:30:00Z,4,4,4,4,4,4,1,0,0,4,271.37148563165897,41.40866042529395,,,,,,,,33.621685384892764,241.30706993203398,120.80000305175781,PS_047,,,2.6701483410307234
29.358430916079136,7.886520451960596,2025-02-28T18:45:00Z,3,3,3,3,3,3,1,0,0,3,218.82410431275775,37.50425798914038,,,,,,,,32.26132808973895,187.9909767783265,120.80000305175781,PS_047,,,3.432147599977775
29.062613141845485,13.975902554923172,2025-02-28T19:00:00Z,4,4,4,4,4,4,1,0,0,4,185.31705677640636,34.78967601444413,,,,,,,,31.30496612610438,151.01613152722777,120.80000305175781,PS_047,,,3.1119605761881317
28.854088283519776,15.026173498411241,2025-02-28T19:15:00Z,4,4,4,4,4,4,1,0,0,4,158.66973939426921,30.5012146280626,,,,,,,,31.226665509061615,129.12929342517512,120.80000305175781,PS_047,,,2.440055212598199
28.376836794460274,11.091566863537786,2025-02-28T19:30:00Z,3,3,3,3,3,3,1,0,0,3,147.15491402274554,26.271777672745127,,,,,,,,29.665186654640298,129.4973705350102,120.80000305175781,PS_047,,,2.71166356851982
28.223940024694212,14.617114448082415,2025-02-28T19:45:00Z,4,4,4,4,4,4,1,0,0,4,146.05482449906972,23.472019025413896,,,,,,,,29.150588265727002,135.83626171266692,120.80000305175781,PS_047,,,2.3155500398020625
28.057879757205587,16.16991759573827,2025-02-28T20:00:00Z,3,3,3,3,3,3,1,0,0,3,143.60784533716816,19.34431850429719,,,,,,,,29.330820804566898,144.99903313149431,120.80000305175781,PS_047,,,1.332873964215282
27.787643731690974,14.824811108794162,2025-02-28T20:15:00Z,4,4,4,4,4,4,1,0,0,4,134.0116828242403,13.575069822700526,,,,,,,,29.438852391104533,164.57315006862046,120.80000305175781,PS_047,,,1.9612201436926375
27.414797289236976,5.477095097572471,2025-02-28T20:30:00Z,4,4,4,4,4,4,1,0,0,4,103.97592992742992,9.99151647745043,,,,,,,,28.731125303591938,140.7133238757868,120.80000305175781,PS_047,,,2.105433894377407
27.03023944879742,7.165031869091211,2025-02-28T20:45:00Z,3,3,3,3,3,3,1,0,0,3,66.89762678431045,6.8060351369898395,,,,,,,,27.2429101845204,92.90783740839501,120.80000305175781,PS_047,,,1.5795058147909635
26.44623437866122,13.681864629230668,2025-02-28T21:00:00Z,4,4,4,4,4,4,1,0,0,4,42.909686366339464,4.335487508619306,,,,,,,,25.01545491460325,57.63645635364096,120.80000305175781,PS_047,,,1.4391058255884028
25.923906308470247,15.503017611921397,2025-02-28T21:15:00Z,4,4,4,4,4,4,1,0,0,4,29.74321633892482,2.969950621971705,,,,,,,,23.76231546674846,37.65600124849971,120.80000305175781,PS_047,,,1.5161546014063345
25.71200437295106,8.896546512008657,2025-02-28T21:30:00Z,3,3,3,3,3,3,1,0,0,3,20.842311028656535,1.9726954030109896,,,,,,,,22.94866023882663,26.70614497742863,120.80000305175781,PS_047,,,1.0425735805470233
25.22606342973612,9.086354975100992,2025-02-28T21:45:00Z,4,4,4,4,4,4,1,0,0,4,8.787964278098192,0.5247776075083487,,,,,,,,22.104680781131265,10.434184159407465,120.80000305175781,PS_047,,,0.6104133525138125
24.21960556823811,6.1764658274864885,2025-02-28T22:00:00Z,4,4,4,4,4,4,1,0,0,4,0.7704569884420589,-0.18050482463718795,,,,,,,,21.04454805772088,0.271171688386892,120.80000305175781,PS_047,,,1.2010165537018926
24.331291115777248,1.5502961459652016,2025-02-28T22:15:00Z,3,3,3,3,3,3,1,0,0,3,-1.3969933308214832,-0.44035063985479744,,,,,,,,20.649536019353206,-1.3846132526781283,120.80000305175781,PS_047,,,0.6489922667230996
24.337017624412724,1.1947500705718994,2025-02-28T22:30:00Z,4,4,4,4,4,4,1,0,0,4,-1.4582949381956416,-0.38844431709076993,,,,,,,,20.504190468827822,-1.3618990541468392,120.80000305175781,PS_047,,,0.7327725393293841
23.958909089992822,1.1947500705718992,2025-02-28T22:45:00Z,3,3,3,3,3,3,1,0,0,3,-1.356975043548252,-0.3848448300445205,,,,,,,,20.39999961853027,-1.3177514002847481,120.80000305175781,PS_047,,,1.3633444974359683
23.555199987179584,1.1947500705718996,2025-02-28T23:00:00Z,4,4,4,4,4,4,1,0,0,4,-1.3666944773280534,-0.38956633215637715,,,,,,,,20.200000762939457,-1.2753485896447143,120.80000305175781,PS_047,,,1.075911249857146
23.753914021852058,1.1947500705718994,2025-02-28T23:15:00Z,4,4,4,4,4,4,1,0,0,4,-1.4100837167194238,-0.3726776283009497,,,,,,,,20.037168453792024,-1.157105691095378,120.80000305175781,PS_047,,,0.9503049889649193
23.15316231256276,1.1947500705718992,2025-02-28T23:30:00Z,3,3,3,3,3,3,1,0,0,3,-1.279168521611086,-0.33657022873288217,,,,,,,,19.947677317227804,-1.130759290183064,120.80000305175781,PS_047,,,0.8472836510649562
23.20414945995368,1.1947500705718996,2025-02-28T23:45:00Z,4,4,4,4,4,4,1,0,0,4,-1.3299449231541847,-0.32081509856738566,,,,,,,,19.60000038146973,-1.2747749482139898,120.80000305175781,PS_047,,,0.7482921637818727
22.735149066317433,1.1947500705718996,2025-03-01T00:00:00Z,4,4,4,4,4,4,1,0,0,4,-1.2928423666247448,-0.3269749744226641,,,,,,,,19.399999618530273,-1.1603814288596912,120.80000305175781,PS_047,,,0.9273594237191525
22.680547143352285,1.1947500705718994,2025-03-01T00:15:00Z,3,3,3,3,3,3,1,0,0,3,-1.319882185526759,-0.26281756407170276,,,,,,,,19.399999618530273,-1.1614090288626087,120.80000305175781,PS_047,,,0.6923279010683989
22.725100671410306,1.1947500705718996,2025-03-01T00:30:00Z,4,4,4,4,4,4,1,0,0,4,-1.2907078950375352,-0.2436334994183243,,,,,,,,19.572889687601634,-1.2559139622884468,120.80000305175781,PS_047,,,1.4050699824323805
22.619998537474732,1.1947500705718992,2025-03-01T00:45:00Z,4,4,4,4,4,4,1,0,0,4,-1.333570709266215,-0.3081864687867356,,,,,,,,19.399999618530273,-1.2650380128730208,120.80000305175781,PS_047,,,1.1581089582145059
22.395600534059653,1.1947500705718994,2025-03-01T01:00:00Z,3,3,3,3,3,3,1,0,0,3,-1.287195288652547,-0.3290324497932656,,,,,,,,19.399999618530273,-1.2823575594582242,120.80000305175781,PS_047,,,1.0561818705497197
22.31612220897836,1.1947500705718994,2025-03-01T01:15:00Z,4,4,4,4,4,4,1,0,0,4,-1.2853695744341358,-0.2891743774305245,,,,,,,,19.39999961853027,-1.163645639127277,120.80000305175781,PS_047,,,0.9851798697786786
22.21279063321394,1.1947500705718994,2025-03-01T01:30:00Z,3,3,3,3,3,3,1,0,0,3,-1.4792054459207895,-0.3798584576373414,,,,,,,,18.9041599664692,-1.4486939920880446,120.80000305175781,PS_047,,,0.17788822275583158
21.495402658677783,1.1947500705718994,2025-03-01T01:45:00Z,4,4,4,4,4,4,1,0,0,4,-1.382986326504399,-0.4817366529909116,,,,,,,,18.600000381469727,-1.1238930956328177,120.80000305175781,PS_047,,,0.9455775486181145
20.968096435010793,1.1947500705718996,2025-03-01T02:00:00Z,4,4,4,4,4,4,1,0,0,4,-1.315952506115837,-0.37015630775264907,,,,,,,,18.42845060665875,-1.3424485426386954,120.80000305175781,PS_047,,,0.29513526490083314
20.83889443974456,1.1947500705718994,2025-03-01T02:15:00Z,3,3,3,3,3,3,1,0,0,3,-1.3714850732086799,-0.3314718740732327,,,,,,,,17.828875947411365,-1.4473243166701197,120.80000305175781,PS_047,,,0.0002887660156689555
20.643836704669713,1.1947500705718994,2025-03-01T02:30:00Z,4,4,4,4,4,4,1,0,0,4,-1.4006274938008378,-0.3618498659085061,,,,,,,,17.892465446603083,-1.1594505150915884,120.80000305175781,PS_047,,,0.41602956545230285
20.74268896619091,1.1947500705718994,2025-03-01T02:45:00Z,4,4,4,4,4,4,1,0,0,4,-1.5519852019949671,-0.299131774989553,,,,,,,,17.938362901487654,-1.0903070172854694,120.80000305175781,PS_047,,,1.6792216154882316
21.216826470904653,1.1947500705718992,2025-03-01T03:00:00Z,3,3,3,3,3,3,1,0,0,3,-1.4225938628325712,-0.22962546133062442,,,,,,,,18.365138192854072,-1.0540808067691687,120.80000305175781,PS_047,,,1.1702528843500355
20.931995286054114,1.1947500705718996,2025-03-01T03:15:00Z,4,4,4,4,4,4,1,0,0,4,-1.3102919139841929,-0.23595631543778411,,,,,,,,18.256668209053693,-1.2855801272978136,120.80000305175781,PS_047,,,0.8045511712211958
21.143683762132603,1.1947500705718992,2025-03-01T03:30:00Z,3,3,3,3,3,3,1,0,0,3,-1.4079535859349426,-0.21825072921646863,,,,,,,,18.057153840185563,-1.298546710430976,120.80000305175781,PS_047,,,0.5291208709205778
20.921547819592202,1.1947500705718994,2025-03-01T03:45:00Z,4,4,4,4,4,4,1,0,0,4,-1.2732836241850227,-0.2778479602414507,,,,,,,,18.402557931499373,-1.1553292814512512,120.80000305175781,PS_047,,,1.2667919171971787
21.036669273171555,1.1947500705718994,2025-03-01T04:00:00Z,4,4,4,4,4,4,1,0,0,4,-1.3748801371682569,-0.20749376829802982,,,,,,,,18.000000000000004,-1.2787229675928085,120.80000305175781,PS_047,,,0.9035906160523641
20.531437180262973,1.1947500705718992,2025-03-01T04:15:00Z,3,3,3,3,3,3,1,0,0,3,-1.312880586769835,-0.317109375620534,,,,,,,,17.943370686118914,-1.2000761051518714,120.80000305175781,PS_047,,,0.49221363887485575
20.51719868977314,1.1947500705718996,2025-03-01T04:30:00Z,4,4,4,4,4,4,1,0,0,4,-1.3944457156887509,-0.28910967160444034,,,,,,,,17.67064483174338,-1.2191060260898132,120.80000305175781,PS_047,,,0.6405873228894308
20.88465130330561,1.1947500705718994,2025-03-01T04:45:00Z,4,4,4,4,4,4,1,0,0,4,-1.3979979873654753,-0.2334648210447197,,,,,,,,17.799999237060543,-1.353873450371138,120.80000305175781,PS_047,,,1.0104650606528731
21.01503841156289,1.1947500705718996,2025-03-01T05:00:00Z,3,3,3,3,3,3,1,0,0,3,-1.2177686130059924,-0.24030071321979626,,,,,,,,17.929392888599264,-1.3421749328298096,120.80000305175781,PS_047,,,1.5208649436680395
21.0161672045492,1.1947500705718994,2025-03-01T05:15:00Z,4,4,4,4,4,4,1,0,0,4,-1.231930489114588,-0.2611270539364506,,,,,,,,17.96957681283619,-1.3878037393074447,120.80000305175781,PS_047,,,1.2450675692070612
20.316925639277784,1.1947500705718994,2025-03-01T05:30:00Z,3,3,3,3,3,3,1,0,0,3,-1.4640277370167558,-0.36119409878944464,,,,,,,,17.304123905856336,-1.4612644629794236,120.80000305175781,PS_047,,,0.144037388121844
19.960375852084628,1.1947500705718992,2025-03-01T05:45:00Z,4,4,4,4,4,4,1,0,0,4,-1.273431990190766,-0.30744797040652655,,,,,,,,17.200000762939453,-1.2169939335149902,120.80000305175781,PS_047,,,0.5212069379057382
20.095377019802395,1.1947500705718994,2025-03-01T06:00:00Z,4,4,4,4,4,4,1,0,0,4,-1.180222921723509,-0.23267726260778865,,,,,,,,17.5,-1.0730093451773086,120.80000305175781,PS_047,,,0.7700220051235331
19.79227119332422,1.1947500705718994,2025-03-01T06:15:00Z,3,3,3,3,3,3,1,0,0,3,-1.0794677025557669,-0.2038800860188074,,,,,,,,17.444415880718804,-1.150497533511903,120.80000305175781,PS_047,,,0.3828300247176099
19.931978496071395,1.1947500705718996,2025-03-01T06:30:00Z,4,4,4,4,4,4,1,0,0,4,-0.8979646755709476,-0.1927245542062453,,,,,,,,17.95143500610614,-0.8926503029135389,120.80000305175781,PS_047,,,0.4620431367122021
20.38736459006178,1.1947500705718994,2025-03-01T06:45:00Z,4,4,4,4,4,4,1,0,0,4,-0.911197482910756,-0.16269847010663194,,,,,,,,18.145180538615435,-0.9577981023911706,120.80000305175781,PS_047,,,0.07080281210333444
20.232059268616574,1.1947500705718994,2025-03-01T07:00:00Z,3,3,3,3,3,3,1,0,0,3,-1.0889291919226531,-0.2123864398112506,,,,,,,,17.842390838383146,-0.8802660218794072,120.80000305175781,PS_047,,,0.631201082355428
19.98441223435148,1.1947500705718992,2025-03-01T07:15:00Z,4,4,4,4,4,4,1,0,0,4,-1.165989060335396,-0.2769891968261417,,,,,,,,17.240911560049394,-1.1070975114637378,120.80000305175781,PS_047,,,0.03361397705984793
19.776641935012993,1.1947500705718994,2025-03-01T07:30:00Z,4,4,4,4,4,4,1,0,0,4,-1.159659168054722,-0.3226807376428035,,,,,,,,17.28456212051466,-0.9708559091206537,120.80000305175781,PS_047,,,0.22436474129052394
19.656296651723856,1.1947500705718994,2025-03-01T07:45:00Z,3,3,3,3,3,3,1,0,0,3,-1.1195626274442436,-0.31120212508804435,,,,,,,,17.450815199390284,-0.9391635567622453,120.80000305175781,PS_047,,,0.1588504216664288
19.49285043527332,1.1947500705718994,2025-03-01T08:00:00Z,4,4,4,4,4,4,1,0,0,4,-1.1925128615677025,-0.24602752991699678,,,,,,,,17.40302787238688,-1.0131669529014802,120.80000305175781,PS_047,,,2.251295871732615
20.247234727670044,1.1947500705718992,2025-03-01T08:15:00Z,3,3,3,3,3,3,1,0,0,3,-1.447862281042273,-0.289834006084089,,,,,,,,18.047201214885447,-1.2114607846445746,120.80000305175781,PS_047,,,1.280725319758425
20.35473527843314,1.1947500705718994,2025-03-01T08:30:00Z,4,4,4,4,4,4,1,0,0,4,-1.298488566313601,-0.2131424793354193,,,,,,,,17.862823290036154,-1.1451375421974699,120.80000305175781,PS_047,,,1.1655308125923964
20.25923979142948,1.1947500705718992,2025-03-01T08:45:00Z,4,4,4,4,4,4,1,0,0,4,-1.4274797886843162,-0.3312878813175817,,,,,,,,17.799999237060543,-1.3197380813624096,120.80000305175781,PS_047,,,1.4599169844370021
19.952344673773872,1.1989254664982738,2025-03-01T09:00:00Z,3,3,3,3,3,3,1,0,0,3,-1.244981970355362,-0.30414014384572624,,,,,,,,17.500000000000007,-1.1790589599176222,120.80000305175781,PS_047,,,0.766203303991721
20.288677591469433,2.7826996894997635,2025-03-01T09:15:00Z,4,4,4,4,4,4,1,0,0,4,-0.8830422457795188,-0.18726209873320582,,,,,,,,17.536861911100978,-0.5852506418668562,120.80000305175781,PS_047,,,1.5813757102078263
19.706581582333634,6.73042293085211,2025-03-01T09:30:00Z,4,4,4,4,4,4,1,0,0,4,3.6418718784625206,0.26879714932270377,,,,,,,,17.17026013755425,5.763692275116112,120.80000305175781,PS_047,,,1.2900294242279953
20.084705171892363,6.625180483945886,2025-03-01T09:45:00Z,3,3,3,3,3,3,1,0,0,3,18.374479067219063,2.2409096542275746,,,,,,,,16.670950857328375,22.439648283795453,120.80000305175781,PS_047,,,1.0772983052308724
21.23350418853851,17.035895866871435,2025-03-01T10:00:00Z,4,4,4,4,4,4,1,0,0,4,53.73346352679628,6.623072919789709,,,,,,,,18.824096546771255,94.86435129797718,120.80000305175781,PS_047,,,0.7590884548406839
22.280046386545155,17.206306831032343,2025-03-01T10:15:00Z,4,4,4,4,4,4,1,0,0,4,102.75919904366889,10.428902122278114,,,,,,,,20.01011493108624,194.59128434017867,120.80000305175781,PS_047,,,1.48131248696547
25.06776628349655,5.368048025465707,2025-03-01T10:30:00Z,3,3,3,3,3,3,1,0,0,3,155.66071460600654,22.66786144433683,,,,,,,,23.66644833295669,333.096441246928,120.80000305175781,PS_047,,,0.006909374343823363
24.02043739533818,14.509740454926288,2025-03-01T10:45:00Z,4,4,4,4,4,4,1,0,0,4,210.25864512912415,34.78786535765756,,,,,,,,26.98385117489045,447.74189934398436,120.80000305175781,PS_047,,,1.4971630629958015
24.20761720944313,5.412451122135668,2025-03-01T11:00:00Z,4,4,4,4,4,4,1,0,0,4,277.67717654901537,35.79874480356594,,,,,,,,33.82341333776401,610.0701820268044,120.80000305175781,PS_047,,,1.4740181848605174
25.171118841223716,18.496949222277706,2025-03-01T11:15:00Z,3,3,3,3,3,3,1,0,0,3,340.29711915992254,30.38327109617059,,,,,,,,42.74114573207703,762.4367051288074,120.80000305175781,PS_047,,,1.5125039634229216
25.874084948281606,13.341866862487105,2025-03-01T11:30:00Z,4,4,4,4,4,4,1,0,0,4,329.2336771569233,28.862466202343132,,,,,,,,47.7730011107343,703.1629431205682,120.80000305175781,PS_047,,,1.3108152444035435
27.093120989481346,16.24824025625212,2025-03-01T11:45:00Z,3,3,3,3,3,3,1,0,0,3,468.7793583592734,42.20160835365128,,,,,,,,52.19385834161451,940.2821473084879,120.80000305175781,PS_047,,,0.5005709281402739
27.844473720291656,17.781108786748323,2025-03-01T12:00:00Z,4,4,4,4,4,4,1,0,0,4,528.8113252987292,46.75847292406609,,,,,,,,54.358067208751955,962.3358056761389,120.80000305175781,PS_047,,,1.7436360528119175
28.64918063899698,14.952419514785259,2025-03-01T12:15:00Z,4,4,4,4,4,4,1,0,0,4,589.326827474451,49.567509439712964,,,,,,,,55.6943961216914,975.6970744760996,120.80000305175781,PS_047,,,1.800572161797955
28.8112312436953,7.358322183251878,2025-03-01T12:30:00Z,3,3,3,3,3,3,1,0,0,3,646.6825244150564,50.72852195399758,,,,,,,,56.29328035815278,994.0229012685961,120.80000305175781,PS_047,,,1.104225385887818
28.92371763503281,14.126875408668932,2025-03-01T12:45:00Z,4,4,4,4,4,4,1,0,0,4,693.9528422791238,50.599071168303915,,,,,,,,56.053704075335446,999.6614788247246,120.80000305175781,PS_047,,,2.5787050328518912
29.383019135125082,13.38425632921999,2025-03-01T13:00:00Z,4,4,4,4,4,4,1,0,0,4,745.7829738097589,51.49409882519044,,,,,,,,56.627851107044066,1014.0930543376109,120.80000305175781,PS_047,,,2.6686155402318437
30.10971698636159,5.6795790416753,2025-03-01T13:15:00Z,3,3,3,3,3,3,1,0,0,3,789.2349455014953,51.448961933515065,,,,,,,,55.953365256136145,1021.2359801420364,120.80000305175781,PS_047,,,1.6828119915187956
30.696218685345528,8.081130461110282,2025-03-01T13:30:00Z,4,4,4,4,4,4,1,0,0,4,846.3794851955126,52.87104601182375,,,,,,,,55.7570960012597,1040.7167100409515,120.80000305175781,PS_047,,,3.3184670017040663
31.055970891437486,20.793412761707533,2025-03-01T13:45:00Z,4,4,4,4,4,4,1,0,0,4,942.0294871500768,60.741925878796366,,,,,,,,53.10015716590735,1084.3297862856243,120.80000305175781,PS_047,,,3.678886892575691
31.06535689757688,15.744481649103934,2025-03-01T14:00:00Z,3,3,3,3,3,3,1,0,0,3,1006.7852986044113,65.41580828320892,,,,,,,,53.69024737033263,1114.4770387054512,120.80000305175781,PS_047,,,4.71173154491672
30.60078146861717,11.596993369615795,2025-03-01T14:15:00Z,4,4,4,4,4,4,1,0,0,4,806.8036874605959,55.03452835095336,,,,,,,,48.746270246508644,862.7251322878161,120.80000305175781,PS_047,,,3.3850610164346815
31.5563645485572,6.643790209510264,2025-03-01T14:30:00Z,3,3,3,3,3,3,1,0,0,3,953.9376162545976,60.113840261071566,,,,,,,,50.428256099597284,989.3006594499268,120.80000305175781,PS_047,,,3.893420643172717
30.56970922964412,13.711745194843223,2025-03-01T14:45:00Z,4,4,4,4,4,4,1,0,0,4,230.68228306945488,24.032562646028147,,,,,,,,42.49468850834226,239.37873402372202,120.80000305175781,PS_047,,,2.2424215037959594
30.93839308572889,12.890968420144551,2025-03-01T15:00:00Z,4,4,4,4,4,4,1,0,0,4,839.6865812291145,55.83127667547025,,,,,,,,43.849466917881195,845.7307472015409,120.80000305175781,PS_047,,,4.687963474253287
32.04182269855212,19.91486173803161,2025-03-01T15:15:00Z,3,3,3,3,3,3,1,0,0,3,1060.3446870859746,62.7813923531891,,,,,,,,50.76022927948173,1060.790009661058,120.80000305175781,PS_047,,,5.245705945415818
31.97068693348623,16.058208811508006,2025-03-01T15:30:00Z,4,4,4,4,4,4,1,0,0,4,1125.6784061550363,61.06356687208501,,,,,,,,46.57001356774997,1115.6901189391342,120.80000305175781,PS_047,,,4.463170892236452
32.09988228580364,15.676022249102262,2025-03-01T15:45:00Z,4,4,4,4,4,4,1,0,0,4,1041.8487971677944,52.93796260525761,,,,,,,,49.187621500082045,1037.6616192571523,120.80000305175781,PS_047,,,3.761068395495596
32.26545224909027,16.3562038490435,2025-03-01T16:00:00Z,3,3,3,3,3,3,1,0,0,3,1048.4153200769622,51.45474547941518,,,,,,,,46.70880626312261,1019.2283297526404,120.80000305175781,PS_047,,,3.700181089887437
32.37211673307728,13.7380923207978,2025-03-01T16:15:00Z,4,4,4,4,4,4,1,0,0,4,1083.0573975385412,55.89242713174117,,,,,,,,46.73339263118548,1083.0208484718314,120.80000305175781,PS_047,,,2.97391726984297
32.732521602027845,8.31411375380716,2025-03-01T16:30:00Z,3,3,3,3,3,3,1,0,0,3,1078.14467465933,56.61843768322865,,,,,,,,48.227636900935174,1089.3249015330666,120.80000305175781,PS_047,,,3.8872272876788765
32.578715920395574,8.29926634579946,2025-03-01T16:45:00Z,4,4,4,4,4,4,1,0,0,4,1064.3170084915575,56.470684992445584,,,,,,,,49.1843579321466,1087.219520978454,120.80000305175781,PS_047,,,3.437117179143903
33.27369783091904,11.971590699314346,2025-03-01T17:00:00Z,4,4,4,4,4,4,1,0,0,4,1061.07929499439,58.09867941897546,,,,,,,,51.39684094305114,1101.1143448501366,120.80000305175781,PS_047,,,3.2843723590826412
32.946678120021666,8.779551735750614,2025-03-01T17:15:00Z,3,3,3,3,3,3,1,0,0,3,1041.2160523217913,60.37257063051474,,,,,,,,51.97699437431186,1101.4099392466887,120.80000305175781,PS_047,,,3.872681951176368
33.35631840455235,17.65657940155081,2025-03-01T17:30:00Z,4,4,4,4,4,4,1,0,0,4,1023.7679487898075,62.30738608637044,,,,,,,,52.23609752861846,1123.3765417998027,120.80000305175781,PS_047,,,4.030929239348603
33.461911783819254,5.603566071517793,2025-03-01T17:45:00Z,4,4,4,4,4,4,1,0,0,4,928.9533611476065,60.00999783249499,,,,,,,,53.52670845505287,1050.4986813430435,120.80000305175781,PS_047,,,4.456311456259564
33.271969453743395,5.6330047394634795,2025-03-01T18:00:00Z,3,3,3,3,3,3,1,0,0,3,953.1593487185575,61.99321853222394,,,,,,,,52.177628274056005,1113.1162344776947,120.80000305175781,PS_047,,,4.209742352347565
33.30984083006458,10.49300558191207,2025-03-01T18:15:00Z,4,4,4,4,4,4,1,0,0,4,915.9531477324164,59.44888112434694,,,,,,,,51.71644329084034,1125.269361911976,120.80000305175781,PS_047,,,4.869284091498718
33.29484596884871,10.180065177010482,2025-03-01T18:30:00Z,4,4,4,4,4,4,1,0,0,4,832.1872024159086,57.75883416846919,,,,,,,,51.26504496296185,1058.9703959543647,120.80000305175781,PS_047,,,4.320358244801872
31.66022272047472,15.077066034446172,2025-03-01T18:45:00Z,3,3,3,3,3,3,1,0,0,3,222.79343509193356,27.352340704486313,,,,,,,,38.69922765472121,225.33947286339233,120.80000305175781,PS_047,,,4.426942667749961
31.22162556234747,12.894428819215275,2025-03-01T19:00:00Z,4,4,4,4,4,4,1,0,0,4,210.16788436901825,25.841840475568677,,,,,,,,35.2690872165171,246.56603104707034,120.80000305175781,PS_047,,,3.5826420766683187
31.123406617850893,14.215635977623545,2025-03-01T19:15:00Z,4,4,4,4,4,4,1,0,0,4,320.54190967517326,34.1005990614756,,,,,,,,37.3516296958338,474.3898525788862,120.80000305175781,PS_047,,,2.153411908785895
32.38646757558185,12.179511241621313,2025-03-01T19:30:00Z,3,3,3,3,3,3,1,0,0,3,418.6258495728932,40.34593154991311,,,,,,,,44.13384174283047,708.1085121091202,120.80000305175781,PS_047,,,2.905648416985619
32.87746820234528,16.237781141783337,2025-03-01T19:45:00Z,4,4,4,4,4,4,1,0,0,4,475.40854584002614,43.6338637461685,,,,,,,,46.98597609644656,872.9454164671387,120.80000305175781,PS_047,,,3.756220103619317
32.86949853957238,17.756834959311124,2025-03-01T20:00:00Z,3,3,3,3,3,3,1,0,0,3,439.12560406823894,41.591280220897396,,,,,,,,48.3559977454553,865.2365165811473,120.80000305175781,PS_047,,,4.404549096593381
31.350814979772426,15.750449272929478,2025-03-01T20:15:00Z,4,4,4,4,4,4,1,0,0,4,100.98140156138705,10.363465728592432,,,,,,,,38.07578872121121,170.48356336872308,120.80000305175781,PS_047,,,3.64643988277835
29.998312902699254,7.135469211603543,2025-03-01T20:30:00Z,4,4,4,4,4,4,1,0,0,4,44.80189106233175,5.149868515424929,,,,,,,,30.165083561776576,62.222796539929185,120.80000305175781,PS_047,,,2.631394917448798
29.171979356447547,7.029851431420025,2025-03-01T20:45:00Z,3,3,3,3,3,3,1,0,0,3,33.50223885269418,3.3012818183345893,,,,,,,,27.489669882141033,41.583750877814836,120.80000305175781,PS_047,,,1.5816057212048242
28.41304565838853,15.171726211768425,2025-03-01T21:00:00Z,4,4,4,4,4,4,1,0,0,4,53.3272341057964,5.1363745889829735,,,,,,,,26.538906545335372,79.07900627693012,120.80000305175781,PS_047,,,1.073077772582612
28.2383175574507,16.931192801651616,2025-03-01T21:15:00Z,4,4,4,4,4,4,1,0,0,4,39.740454245953586,3.441786147846504,,,,,,,,26.950830269288772,55.21606297868087,120.80000305175781,PS_047,,,0.9168452441746376
27.928177476318403,16.9331686872492,2025-03-01T21:30:00Z,3,3,3,3,3,3,1,0,0,3,22.681830090850198,1.7698574096887472,,,,,,,,25.42712636373612,25.72949867163367,120.80000305175781,PS_047,,,1.9901193588777515
27.56205233759423,6.437557239229438,2025-03-01T21:45:00Z,4,4,4,4,4,4,1,0,0,4,10.508620733657851,0.6508514028422215,,,,,,,,24.387193925818327,11.211810311283335,120.80000305175781,PS_047,,,1.7905558467727387
26.845396767270877,7.296447231388484,2025-03-01T22:00:00Z,4,4,4,4,4,4,1,0,0,4,0.6932211934073021,-0.24308775416684822,,,,,,,,23.019040327013965,0.35862872250052286,120.80000305175781,PS_047,,,0.7807716877829124
26.55230767580905,1.565961341424529,2025-03-01T22:15:00Z,3,3,3,3,3,3,1,0,0,3,-1.630535864395923,-0.9038632807052577,,,,,,,,22.365060940462847,-1.3278313298098408,120.80000305175781,PS_047,,,1.5847057684014214
26.429234777756502,1.1947500705718994,2025-03-01T22:30:00Z,4,4,4,4,4,4,1,0,0,4,-1.7342804094608697,-0.6359196443870327,,,,,,,,22.150965178278607,-1.2245531716531737,120.80000305175781,PS_047,,,1.804241033458635
25.842836823138608,1.1947500705718996,2025-03-01T22:45:00Z,3,3,3,3,3,3,1,0,0,3,-1.6827348388793235,-0.6597335429092032,,,,,,,,21.77150796168083,-1.345526791063034,120.80000305175781,PS_047,,,1.339729494037901
25.317870769672098,1.1947500705718992,2025-03-01T23:00:00Z,4,4,4,4,4,4,1,0,0,4,-1.6766182209137863,-0.6524108492475466,,,,,,,,21.235219641408552,-1.2981313710691516,120.80000305175781,PS_047,,,1.3570288889303281
25.114748762534855,1.1947500705718994,2025-03-01T23:15:00Z,4,4,4,4,4,4,1,0,0,4,-1.7328189026280416,-0.4763285984669397,,,,,,,,21.0,-1.1908904492270018,120.80000305175781,PS_047,,,1.5701370259159384
24.668172406404853,1.1947500705718992,2025-03-01T23:30:00Z,3,3,3,3,3,3,1,0,0,3,-1.6627133451331746,-0.5479060739601394,,,,,,,,20.745353680097203,-1.1690990419737723,120.80000305175781,PS_047,,,1.1855510884792682
24.35962246718093,1.1947500705718992,2025-03-01T23:45:00Z,4,4,4,4,4,4,1,0,0,4,-1.6556149331686,-0.5021493138147148,,,,,,,,20.40688721004849,-1.3413320441108465,120.80000305175781,PS_047,,,1.038044573641373
24.22064795439496,1.1947500705718994,2025-03-02T00:00:00Z,4,4,4,4,4,4,1,0,0,4,-1.7516946175329948,-0.4601746904671254,,,,,,,,20.25323689568958,-1.229672708258482,120.80000305175781,PS_047,,,1.4974790371365827
24.097522110284295,1.1947500705718992,2025-03-02T00:15:00Z,3,3,3,3,3,3,1,0,0,3,-1.7153564175218345,-0.3692766904492203,,,,,,,,20.153564430630663,-1.243829619840209,120.80000305175781,PS_047,,,1.7843255509453295
23.808229694695164,1.1947500705718994,2025-03-02T00:30:00Z,4,4,4,4,4,4,1,0,0,4,-1.7655834465707299,-0.37289656321375014,,,,,,,,19.97172294135959,-1.212568442874147,120.80000305175781,PS_047,,,1.424326803930846
23.754986711654315,1.1947500705718996,2025-03-02T00:45:00Z,4,4,4,4,4,4,1,0,0,4,-1.694925168398741,-0.49763765668541154,,,,,,,,19.600000381469727,-1.3057862535644555,120.80000305175781,PS_047,,,1.1430927788182725
23.277895628779472,1.1947500705718994,2025-03-02T01:00:00Z,3,3,3,3,3,3,1,0,0,3,-1.6666120113531686,-0.47385547227542524,,,,,,,,19.43341121504531,-1.024190642789571,120.80000305175781,PS_047,,,1.9050552960909557
23.07447851674556,1.1947500705718994,2025-03-02T01:15:00Z,4,4,4,4,4,4,1,0,0,4,-1.628664738000095,-0.4551345528243187,,,,,,,,19.29304508030446,-1.3149858301473274,120.80000305175781,PS_047,,,1.1602587170676353
23.01674134114323,1.1947500705718994,2025-03-02T01:30:00Z,3,3,3,3,3,3,1,0,0,3,-1.5679336019864683,-0.33324049651820276,,,,,,,,19.037704214861257,-1.1472836230224974,120.80000305175781,PS_047,,,0.9525317743353856
23.012185306729666,1.1947500705718994,2025-03-02T01:45:00Z,4,4,4,4,4,4,1,0,0,4,-1.5704302395485519,-0.3757888520487774,,,,,,,,18.799999237060547,-0.9545372401703761,120.80000305175781,PS_047,,,1.3254837669991593
22.909791051350048,1.1947500705718994,2025-03-02T02:00:00Z,4,4,4,4,4,4,1,0,0,4,-1.6337478756006614,-0.35575442122884915,,,,,,,,18.709283829944436,-1.0937105271652303,120.80000305175781,PS_047,,,0.8345431748041242
23.0010742921766,1.1947500705718994,2025-03-02T02:15:00Z,3,3,3,3,3,3,1,0,0,3,-1.5050348521722288,-0.3417710014467928,,,,,,,,18.631524705077823,-1.0943908490921916,120.80000305175781,PS_047,,,0.7359518492476829
23.292638346571085,1.1947500705718994,2025-03-02T02:30:00Z,4,4,4,4,4,4,1,0,0,4,-1.6045706635389552,-0.30096445106991493,,,,,,,,18.62559032167949,-0.9699978299941608,120.80000305175781,PS_047,,,0.38046003047805804
22.952281890343816,1.1947500705718992,2025-03-02T02:45:00Z,4,4,4,4,4,4,1,0,0,4,-1.452929425258593,-0.31340921194271165,,,,,,,,18.600000381469727,-1.2000649224665245,120.80000305175781,PS_047,,,0.09398519531056553
22.848637887189113,1.1947500705718992,2025-03-02T03:00:00Z,3,3,3,3,3,3,1,0,0,3,-1.590261522101898,-0.3594634451833189,,,,,,,,18.600000381469723,-1.1274034935427897,120.80000305175781,PS_047,,,1.0137549015501743
23.584332605044285,1.1947500705718996,2025-03-02T03:15:00Z,4,4,4,4,4,4,1,0,0,4,-1.6530620496747088,-0.15851517363709364,,,,,,,,19.437257155882513,-1.1275109018080116,120.80000305175781,PS_047,,,1.7655783857365082
23.42799261599571,1.1947500705718992,2025-03-02T03:30:00Z,4,4,4,4,4,4,1,0,0,4,-1.4461240210722093,-0.22006310651217503,,,,,,,,19.899999618530273,-1.0836446316029116,120.80000305175781,PS_047,,,2.277028964378723
23.08556058184011,1.1947500705718994,2025-03-02T03:45:00Z,3,3,3,3,3,3,1,0,0,3,-1.4372334132320215,-0.3126880444022311,,,,,,,,19.600000381469727,-1.0680218550517233,120.80000305175781,PS_047,,,1.8795358760079222
22.83778982915413,1.1947500705718992,2025-03-02T04:00:00Z,4,4,4,4,4,4,1,0,0,4,-1.4280138238135123,-0.3774020871244175,,,,,,,,19.429474013117005,-1.0616417161468918,120.80000305175781,PS_047,,,0.9262989632349434
22.383330445089257,1.1947500705718992,2025-03-02T04:15:00Z,3,3,3,3,3,3,1,0,0,3,-1.4239393384625245,-0.5110674416591646,,,,,,,,18.807506662443725,-1.1386423648682524,120.80000305175781,PS_047,,,0.36257524197750174
22.194920270079294,1.1947500705718994,2025-03-02T04:30:00Z,4,4,4,4,4,4,1,0,0,4,-1.341364001923137,-0.3872409220927242,,,,,,,,18.399285401189882,-1.3220392236096976,120.80000305175781,PS_047,,,0.04558056575948805
22.399798243424314,1.1947500705718994,2025-03-02T04:45:00Z,4,4,4,4,4,4,1,0,0,4,-1.4513626390070171,-0.32263959841661977,,,,,,,,18.43994565419782,-1.113405711798009,120.80000305175781,PS_047,,,1.3950842887586812
22.716101121000648,1.1947500705718994,2025-03-02T05:00:00Z,3,3,3,3,3,3,1,0,0,3,-1.442035633732106,-0.2836897471744486,,,,,,,,18.799999237060547,-1.03298567411502,120.80000305175781,PS_047,,,1.2265599642338503
22.543560816914724,1.1947500705718996,2025-03-02T05:15:00Z,4,4,4,4,4,4,1,0,0,4,-1.3561258420527682,-0.25346090842526153,,,,,,,,18.79999923706055,-1.076306269033815,120.80000305175781,PS_047,,,0.7166586775215417
21.59213356345844,1.1947500705718994,2025-03-02T05:30:00Z,4,4,4,4,4,4,1,0,0,4,-1.0253319691024243,-0.3432850358921055,,,,,,,,18.684844909474503,-0.9537027736950302,120.80000305175781,PS_047,,,0.5919357073025908
21.722844066856645,1.1947500705718994,2025-03-02T05:45:00Z,3,3,3,3,3,3,1,0,0,3,-0.9022849562465279,-0.2308507709028604,,,,,,,,18.799999237060547,-0.8119457375457867,120.80000305175781,PS_047,,,0.6995039720929593
22.160164377539576,1.1947500705718994,2025-03-02T06:00:00Z,4,4,4,4,4,4,1,0,0,4,-1.173012006258433,-0.28162957589455834,,,,,,,,18.799999237060547,-0.8586069675101136,120.80000305175781,PS_047,,,0.43670058339367546
22.08855254890884,1.1947500705718994,2025-03-02T06:15:00Z,4,4,4,4,4,4,1,0,0,4,-1.2421105002505508,-0.3277896620928989,,,,,,,,18.804655197235626,-0.8381264534170331,120.80000305175781,PS_047,,,0.7509545611914978
22.07413821007207,1.1947500705718996,2025-03-02T06:30:00Z,3,3,3,3,3,3,1,0,0,3,-1.247963492300445,-0.24144943356378668,,,,,,,,18.79999923706055,-0.8687309733535062,120.80000305175781,PS_047,,,1.5145055361194533
21.53684009228323,1.1947500705718994,2025-03-02T06:45:00Z,4,4,4,4,4,4,1,0,0,4,-1.3267377606105497,-0.38866657871847915,,,,,,,,18.34374330234341,-1.1804241991917892,120.80000305175781,PS_047,,,0.8931763673844787
21.33906434873877,1.1947500705718994,2025-03-02T07:00:00Z,3,3,3,3,3,3,1,0,0,3,-1.2842110338441561,-0.36056462485467394,,,,,,,,17.95462486243285,-1.045701415318971,120.80000305175781,PS_047,,,0.6112156772338097
21.4517255146104,1.1947500705718992,2025-03-02T07:15:00Z,4,4,4,4,4,4,1,0,0,4,-1.4557731354892132,-0.3387677736104136,,,,,,,,18.00451675708025,-1.178594364771609,120.80000305175781,PS_047,,,1.7207748475055034
21.860034944998244,1.1947500705718996,2025-03-02T07:30:00Z,4,4,4,4,4,4,1,0,0,4,-1.4360045822856053,-0.23724254689386168,,,,,,,,18.843471404193025,-1.098661175689686,120.80000305175781,PS_047,,,2.1545459596033947
22.251152690733388,1.1947500705718994,2025-03-02T07:45:00Z,3,3,3,3,3,3,1,0,0,3,-1.5353526671995246,-0.2487902929202327,,,,,,,,19.15730875043216,-1.0816028735783763,120.80000305175781,PS_047,,,3.78792777376431
22.02667246262204,1.1947500705718994,2025-03-02T08:00:00Z,4,4,4,4,4,4,1,0,0,4,-1.3008346398340809,-0.34854361288647207,,,,,,,,18.950078317639523,-1.0213792879222547,120.80000305175781,PS_047,,,1.1987616580068885
21.570770336634343,1.1947500705718994,2025-03-02T08:15:00Z,4,4,4,4,4,4,1,0,0,4,-1.340328102141042,-0.41509076779198756,,,,,,,,18.34741149198447,-1.1215242476560048,120.80000305175781,PS_047,,,0.9672727492273318
21.889597953068726,1.1947500705718996,2025-03-02T08:30:00Z,3,3,3,3,3,3,1,0,0,3,-1.2160157950402755,-0.34190759045059477,,,,,,,,18.79999923706055,-0.940132996941133,120.80000305175781,PS_047,,,1.049159256663957
21.05333721399937,1.1947500705718994,2025-03-02T08:45:00Z,4,4,4,4,4,4,1,0,0,4,-0.8431023298102404,-0.4632913610740831,,,,,,,,18.8408656739643,-0.7781136261800065,120.80000305175781,PS_047,,,1.0909187480787166
21.84918815356376,1.1947500705718994,2025-03-02T09:00:00Z,4,4,4,4,4,4,1,0,0,4,-1.1339470594339722,-0.1707348576555457,,,,,,,,19.71314797013939,-0.43895449469369424,120.80000305175781,PS_047,,,3.815742865259372
22.15843951692455,1.51590589387642,2025-03-02T09:15:00Z,3,3,3,3,3,3,1,0,0,3,-0.7688205205938823,-0.21056171683783195,,,,,,,,20.200000762939453,-0.4603649097502537,120.80000305175781,PS_047,,,1.58561143658415
21.592379432361327,5.392784637693522,2025-03-02T09:30:00Z,4,4,4,4,4,4,1,0,0,4,1.815175590273654,-0.26125147328185755,,,,,,,,18.868579436953414,0.8954404473388887,120.80000305175781,PS_047,,,1.0694282235397456
21.289061263621885,16.346483732806597,2025-03-02T09:45:00Z,3,3,3,3,3,3,1,0,0,3,13.310281076073576,2.0527101836096313,,,,,,,,18.452977169120977,15.84574226430872,120.80000305175781,PS_047,,,1.862565723745199
21.025370712493856,11.580109902450657,2025-03-02T10:00:00Z,4,4,4,4,4,4,1,0,0,4,24.756216779068204,3.1853992541683667,,,,,,,,18.320968726934364,35.259813245750344,120.80000305175781,PS_047,,,2.0337476410454784
21.28808976906282,12.552402729799903,2025-03-02T10:15:00Z,4,4,4,4,4,4,1,0,0,4,51.919576252631884,5.635066404466816,,,,,,,,19.312749393534585,69.03810034819949,120.80000305175781,PS_047,,,1.9406508573075818
21.73000385474563,15.899259269073895,2025-03-02T10:30:00Z,3,3,3,3,3,3,1,0,0,3,136.99710846829618,15.129203738241074,,,,,,,,21.44201237934692,165.98466935171402,120.80000305175781,PS_047,,,2.3307068943771103
23.529646722340555,17.45390192252423,2025-03-02T10:45:00Z,4,4,4,4,4,4,1,0,0,4,280.6442097978045,40.413763567277506,,,,,,,,27.5708420412902,479.2912308340403,120.80000305175781,PS_047,,,2.6225004720850897
23.746688261966984,9.954471606386871,2025-03-02T11:00:00Z,4,4,4,4,4,4,1,0,0,4,164.38550669142583,20.318035022624652,,,,,,,,30.46420365623226,213.88723271895762,120.80000305175781,PS_047,,,3.931924573309537
23.633584570147676,18.80473141226665,2025-03-02T11:15:00Z,3,3,3,3,3,3,1,0,0,3,139.25717428977515,19.67313151959442,,,,,,,,26.196148352335403,156.55334901306531,120.80000305175781,PS_047,,,2.177163375991949
24.08622845087822,11.454526079942799,2025-03-02T11:30:00Z,4,4,4,4,4,4,1,0,0,4,172.00914176052956,29.642114651262357,,,,,,,,26.77041985850216,187.99451011755696,120.80000305175781,PS_047,,,2.895788299845987
24.856909825421845,16.05492217021466,2025-03-02T11:45:00Z,4,4,4,4,4,4,1,0,0,4,226.33043708091492,47.05101044176286,,,,,,,,28.539251467138374,228.95109520030098,120.80000305175781,PS_047,,,2.2621707265396256
25.910980443662414,15.649888506872022,2025-03-02T12:00:00Z,3,3,3,3,3,3,1,0,0,3,265.9052843755254,52.16569652237615,,,,,,,,30.695725268440643,280.87301244408104,120.80000305175781,PS_047,,,2.187377429543359
26.596687653993804,11.149544671336992,2025-03-02T12:15:00Z,4,4,4,4,4,4,1,0,0,4,305.3583368379951,53.641064077028325,,,,,,,,32.28715602289044,321.2950276891388,120.80000305175781,PS_047,,,3.5009727617398054
26.792731755981496,8.430083207308536,2025-03-02T12:30:00Z,3,3,3,3,3,3,1,0,0,3,357.67667878735483,57.86712499602434,,,,,,,,32.93159769792978,375.0446866930189,120.80000305175781,PS_047,,,3.592579065058179
27.47910011684545,16.832582467519458,2025-03-02T12:45:00Z,4,4,4,4,4,4,1,0,0,4,396.83827190857363,55.63087302234873,,,,,,,,35.44455086883254,457.7378197181818,120.80000305175781,PS_047,,,3.216323199317386
28.020915998286828,7.8687574591791005,2025-03-02T13:00:00Z,4,4,4,4,4,4,1,0,0,4,505.38719231112503,52.63309382765066,,,,,,,,38.50509842276174,637.1908671725743,120.80000305175781,PS_047,,,3.285599306783182
28.114887581924805,16.186668652313028,2025-03-02T13:15:00Z,3,3,3,3,3,3,1,0,0,3,480.5148756261246,47.081839143777415,,,,,,,,37.7696242541793,605.7169257261052,120.80000305175781,PS_047,,,5.503704425473453
28.432160532762463,5.701015615317475,2025-03-02T13:30:00Z,4,4,4,4,4,4,1,0,0,4,658.2429485647051,47.13046416476726,,,,,,,,38.06323465972328,788.130167262476,120.80000305175781,PS_047,,,4.533604914240401
29.893464261182405,13.094112837118118,2025-03-02T13:45:00Z,4,4,4,4,4,4,1,0,0,4,1055.2683330059633,73.84597273830083,,,,,,,,44.66680220099519,1195.7249777147845,120.80000305175781,PS_047,,,4.628285099347123
30.737001242076563,10.762038146207823,2025-03-02T14:00:00Z,3,3,3,3,3,3,1,0,0,3,1091.4160749015919,78.02641508305452,,,,,,,,52.09657553337729,1155.3474539257702,120.80000305175781,PS_047,,,5.15427641811996
31.314989584022694,22.791205866374003,2025-03-02T14:15:00Z,4,4,4,4,4,4,1,0,0,4,1058.764399654308,70.99256560652776,,,,,,,,50.93910849322265,1095.287658611409,120.80000305175781,PS_047,,,5.041603392236517
31.34483948869228,20.032730031136563,2025-03-02T14:30:00Z,4,4,4,4,4,4,1,0,0,4,1039.6923000142465,60.9099973331953,,,,,,,,49.57778662856807,1068.062747525334,120.80000305175781,PS_047,,,4.6282572022088555
31.27841741600696,5.671914764693044,2025-03-02T14:45:00Z,3,3,3,3,3,3,1,0,0,3,1031.889109286398,53.131087029437616,,,,,,,,48.91965636087021,1054.2696932417416,120.80000305175781,PS_047,,,4.37636202959247
31.374720451576238,14.184256046249482,2025-03-02T15:00:00Z,4,4,4,4,4,4,1,0,0,4,1051.7818008626093,51.86355787825607,,,,,,,,48.91021950955462,1063.5755843285604,120.80000305175781,PS_047,,,5.215230799076826
31.684524437872287,9.299121525967399,2025-03-02T15:15:00Z,3,3,3,3,3,3,1,0,0,3,1031.2819109261025,51.229364425715026,,,,,,,,47.90863785400535,1027.874339579213,120.80000305175781,PS_047,,,3.3096709200186347
31.746464943882692,17.85346973458592,2025-03-02T15:30:00Z,4,4,4,4,4,4,1,0,0,4,1011.7503993711888,49.994333349957365,,,,,,,,46.919888391395844,1000.9058094323423,120.80000305175781,PS_047,,,4.547114304226446
31.86257038169874,5.663395770627115,2025-03-02T15:45:00Z,4,4,4,4,4,4,1,0,0,4,1054.4445817728276,51.9373094166261,,,,,,,,46.076668454935195,1043.7681209356683,120.80000305175781,PS_047,,,3.637021251220104
32.20757746065239,19.678459534722304,2025-03-02T16:00:00Z,3,3,3,3,3,3,1,0,0,3,1068.6409366667153,51.846690971920616,,,,,,,,47.64688411169134,1062.0704003647727,120.80000305175781,PS_047,,,5.806975874732332
32.183331650334395,15.194688864463407,2025-03-02T16:15:00Z,4,4,4,4,4,4,1,0,0,4,1073.6789793307648,52.612478696321965,,,,,,,,48.650609318170936,1074.4574558882507,120.80000305175781,PS_047,,,4.162894985487984
32.3495084018727,14.419179255860344,2025-03-02T16:30:00Z,4,4,4,4,4,4,1,0,0,4,822.027613089545,41.45106343159349,,,,,,,,48.42041659822315,831.120209146949,120.80000305175781,PS_047,,,3.9915301729247608
32.19498286665745,8.147679845268597,2025-03-02T16:45:00Z,3,3,3,3,3,3,1,0,0,3,885.7369593399808,39.67928364627919,,,,,,,,44.055803706698384,900.0283448427812,120.80000305175781,PS_047,,,4.474489905632134
32.84516427941714,19.8725645840424,2025-03-02T17:00:00Z,4,4,4,4,4,4,1,0,0,4,1023.4698582022883,57.32303660189822,,,,,,,,47.26302827033553,1056.8675561408231,120.80000305175781,PS_047,,,4.938205183174438
32.836228977856926,12.381022277907649,2025-03-02T17:15:00Z,4,4,4,4,4,4,1,0,0,4,1042.035785556702,59.32866842958663,,,,,,,,49.010134510039016,1107.144749431862,120.80000305175781,PS_047,,,4.609264037955098
32.9580305679094,16.773308857767834,2025-03-02T17:30:00Z,3,3,3,3,3,3,1,0,0,3,1003.4266835979824,59.71801247347804,,,,,,,,50.455445709407634,1093.591651088652,120.80000305175781,PS_047,,,4.157585316283942
32.89564524193883,8.127493849063589,2025-03-02T17:45:00Z,4,4,4,4,4,4,1,0,0,4,712.1992918671168,48.15373939429364,,,,,,,,48.61011846070289,800.5338642570193,120.80000305175781,PS_047,,,4.326695923886111
33.26203981449803,12.227405720188273,2025-03-02T18:00:00Z,3,3,3,3,3,3,1,0,0,3,957.563211551591,63.807969632524106,,,,,,,,51.920191910592145,1070.689554612682,120.80000305175781,PS_047,,,2.493518265060291
31.93099879054086,14.959610466167982,2025-03-02T18:15:00Z,4,4,4,4,4,4,1,0,0,4,357.87443873007106,39.238788059948234,,,,,,,,42.824488463846905,411.11546083038206,120.80000305175781,PS_047,,,3.2667199128369377
32.86820296418452,13.702539866889534,2025-03-02T18:30:00Z,4,4,4,4,4,4,1,0,0,4,592.9493671114162,56.88067971643882,,,,,,,,50.03294435304346,691.414421453728,120.80000305175781,PS_047,,,4.565348939319576
33.081136906007735,16.69044095159819,2025-03-02T18:45:00Z,3,3,3,3,3,3,1,0,0,3,747.1722952467289,70.70434931393969,,,,,,,,48.38341012157759,962.5724712431032,120.80000305175781,PS_047,,,3.665948639679872
32.65571540148801,12.648155532839503,2025-03-02T19:00:00Z,4,4,4,4,4,4,1,0,0,4,732.1588603648253,75.62690612806166,,,,,,,,47.605176719442646,980.3451245333241,120.80000305175781,PS_047,,,3.695838553591401
32.063160096492794,15.138664342861173,2025-03-02T19:15:00Z,4,4,4,4,4,4,1,0,0,4,204.98368669776346,47.02966426817362,,,,,,,,46.313200760151176,205.77132443054984,120.80000305175781,PS_047,,,4.4841354737687205
31.469048650883575,22.476873644656088,2025-03-02T19:30:00Z,3,3,3,3,3,3,1,0,0,3,443.28342979707725,59.20912221687559,,,,,,,,41.52349553839634,593.9755320964675,120.80000305175781,PS_047,,,3.483124081824879
31.381007895015262,16.82352234038324,2025-03-02T19:45:00Z,4,4,4,4,4,4,1,0,0,4,204.71711021182648,44.683719135124946,,,,,,,,41.67515080762057,231.77158111601292,120.80000305175781,PS_047,,,3.8823864387674902
29.120291634024923,9.77532066408112,2025-03-02T20:00:00Z,4,4,4,4,4,4,1,0,0,4,65.00586530748005,20.03638119172687,,,,,,,,31.19743855561436,65.13761365227681,120.80000305175781,PS_047,,,3.432002057913669
27.955905920631835,7.6562940748807256,2025-03-02T20:15:00Z,3,3,3,3,3,3,1,0,0,3,83.5334184531057,10.720644306995142,,,,,,,,28.392156199976622,89.3401552119568,120.80000305175781,PS_047,,,1.046674897756719
28.98065406804286,9.329465755841294,2025-03-02T20:30:00Z,4,4,4,4,4,4,1,0,0,4,101.46099726492858,12.292572454076721,,,,,,,,31.578552538559197,130.5439234417594,120.80000305175781,PS_047,,,2.0856754466309884
28.988397412231016,5.259177211987772,2025-03-02T20:45:00Z,3,3,3,3,3,3,1,0,0,3,54.9927351553209,7.390978390938071,,,,,,,,28.443071655141342,48.65937243443713,120.80000305175781,PS_047,,,3.0936395438840685
28.938920704184632,9.110504548824082,2025-03-02T21:00:00Z,4,4,4,4,4,4,1,0,0,4,51.36072372762853,6.094257180960115,,,,,,,,27.293223708887915,46.627291364254965,120.80000305175781,PS_047,,,2.347697050016594
28.778480682861275,10.73816474751176,2025-03-02T21:15:00Z,4,4,4,4,4,4,1,0,0,4,36.37996058150391,3.8786072605783977,,,,,,,,27.022633300694494,34.462991170837554,120.80000305175781,PS_047,,,3.3006030939271818
28.30070209136995,16.84792129800334,2025-03-02T21:30:00Z,3,3,3,3,3,3,1,0,0,3,16.36074123313032,1.4109076841484107,,,,,,,,26.299999237060547,15.658861787794288,120.80000305175781,PS_047,,,2.9225078402449247
27.728358487556346,8.25685326286758,2025-03-02T21:45:00Z,4,4,4,4,4,4,1,0,0,4,2.1019364386864963,-0.1533024657596149,,,,,,,,25.292794041150024,1.9464776826877626,120.80000305175781,PS_047,,,1.6053060888597441
27.43306973866836,3.4042062423443378,2025-03-02T22:00:00Z,4,4,4,4,4,4,1,0,0,4,-0.7233436031101655,-0.43607241628569626,,,,,,,,24.534965912497643,-0.8901060672436837,120.80000305175781,PS_047,,,2.9522027605360734
27.066824674534455,1.2451261334296662,2025-03-02T22:15:00Z,3,3,3,3,3,3,1,0,0,3,-1.0903031985433664,-0.6686388332428116,,,,,,,,24.44201759409421,-0.8446592289174578,120.80000305175781,PS_047,,,1.8224139552638585
26.488300190840036,1.1947500705718994,2025-03-02T22:30:00Z,4,4,4,4,4,4,1,0,0,4,-1.1653913797061144,-0.6249621859618983,,,,,,,,23.820885615954857,-0.9183467410654225,120.80000305175781,PS_047,,,1.1688918590639028
26.12652773111847,1.1947500705718994,2025-03-02T22:45:00Z,4,4,4,4,4,4,1,0,0,4,-1.1114565272781465,-0.5531809023953681,,,,,,,,23.176363025262187,-1.0068299542761978,120.80000305175781,PS_047,,,1.563434628601688
26.23052159091133,1.1947500705718996,2025-03-02T23:00:00Z,3,3,3,3,3,3,1,0,0,3,-1.4204876628499497,-0.485527784855358,,,,,,,,23.147586294308105,-0.9404827809297068,120.80000305175781,PS_047,,,3.5635315418398945
25.729252709258567,1.1947500705718994,2025-03-02T23:15:00Z,4,4,4,4,4,4,1,0,0,4,-1.070481135128968,-0.382958413474261,,,,,,,,23.096668993762208,-1.0548611962459442,120.80000305175781,PS_047,,,0.9942218749977962
24.757275073702864,1.1947500705718994,2025-03-02T23:30:00Z,4,4,4,4,4,4,1,0,0,4,-1.1874308247933678,-0.484452426180669,,,,,,,,22.46968780811183,-1.2630314464622618,120.80000305175781,PS_047,,,0.08546381696082456
24.789349333629275,1.1947500705718994,2025-03-02T23:45:00Z,3,3,3,3,3,3,1,0,0,3,-1.0151735662086465,-0.4081927805009758,,,,,,,,22.052092568094732,-1.1181627168564534,120.80000305175781,PS_047,,,1.3729535034446818
24.498921900825355,1.1947500705718994,2025-03-03T00:00:00Z,4,4,4,4,4,4,1,0,0,4,-0.9780339348351826,-0.39312561218937225,,,,,,,,22.016722869706477,-0.8814707651966135,120.80000305175781,PS_047,,,0.7588448338724119
24.871637520533227,1.1947500705718994,2025-03-03T00:15:00Z,3,3,3,3,3,3,1,0,0,3,-0.7873107685413155,-0.35502121188156477,,,,,,,,21.967115183810233,-0.6973962353800813,120.80000305175781,PS_047,,,0.7490481395297518
24.186431783468116,1.1947500705718992,2025-03-03T00:30:00Z,4,4,4,4,4,4,1,0,0,4,-0.7491306243009943,-0.22503781676855403,,,,,,,,21.96799808664953,-0.8929975692600055,120.80000305175781,PS_047,,,1.4373682078383243
23.992789052657198,1.1947500705718994,2025-03-03T00:45:00Z,4,4,4,4,4,4,1,0,0,4,-0.8935190747967443,-0.3577119197244428,,,,,,,,21.831485804520103,-0.9379639191044565,120.80000305175781,PS_047,,,1.3097672750382092
23.6689651730462,1.1947500705718996,2025-03-03T01:00:00Z,3,3,3,3,3,3,1,0,0,3,-0.6614187412496386,-0.3424746778849696,,,,,,,,21.845439117832022,-0.767210507560406,120.80000305175781,PS_047,,,1.8386717433417898
23.63677013619395,1.1947500705718994,2025-03-03T01:15:00Z,4,4,4,4,4,4,1,0,0,4,-0.7192795083496132,-0.292090278146279,,,,,,,,21.799999237060547,-0.6783139373755469,120.80000305175781,PS_047,,,1.5795058010360827
23.675085352406732,1.1947500705718992,2025-03-03T01:30:00Z,4,4,4,4,4,4,1,0,0,4,-0.9306730189787545,-0.2582686427348257,,,,,,,,21.76255134520571,-0.9546700809958286,120.80000305175781,PS_047,,,1.5763026787274574
23.48871788702277,1.1947500705718994,2025-03-03T01:45:00Z,3,3,3,3,3,3,1,0,0,3,-0.8122464579142828,-0.3612648484556692,,,,,,,,21.500000000000004,-0.7693218865081511,120.80000305175781,PS_047,,,0.09652629948737754
23.24794936854689,1.1947500705718992,2025-03-03T02:00:00Z,4,4,4,4,4,4,1,0,0,4,-0.6759353298644898,-0.28952053744056816,,,,,,,,21.20000076293945,-0.7982261958939709,120.80000305175781,PS_047,,,0.6871505017504758
22.835424414408575,1.1947500705718992,2025-03-03T02:15:00Z,4,4,4,4,4,4,1,0,0,4,-0.8169480660451172,-0.3492456281649155,,,,,,,,21.03125245645121,-0.8437636238107529,120.80000305175781,PS_047,,,0.6251977202224804
22.52272579938595,1.1947500705718994,2025-03-03T02:30:00Z,3,3,3,3,3,3,1,0,0,3,-0.837111578782862,-0.3427762008735809,,,,,,,,20.715648184804717,-0.7897195326736014,120.80000305175781,PS_047,,,0.28618302929671185
22.33927508847441,1.1947500705718994,2025-03-03T02:45:00Z,4,4,4,4,4,4,1,0,0,4,-0.8386153528206121,-0.346250505763665,,,,,,,,20.332175768414942,-0.8584651459765672,120.80000305175781,PS_047,,,0.8679885392093721
22.20330863474694,1.1947500705718996,2025-03-03T03:00:00Z,3,3,3,3,3,3,1,0,0,3,-0.6551164098096851,-0.20042630847069234,,,,,,,,20.36019578277364,-0.6996065380545413,120.80000305175781,PS_047,,,2.131658429330014
21.812820047426538,1.1947500705718994,2025-03-03T03:15:00Z,4,4,4,4,4,4,1,0,0,4,-0.7968517425584957,-0.2413697576496136,,,,,,,,20.10450372191025,-0.8119553821589816,120.80000305175781,PS_047,,,1.1074042904225314
21.59695498079195,1.1947500705718994,2025-03-03T03:30:00Z,4,4,4,4,4,4,1,0,0,4,-0.9234151612256354,-0.33890571905946815,,,,,,,,19.514305797088408,-1.0764129492915706,120.80000305175781,PS_047,,,0.04857361953598385
21.32740887151272,1.1947500705718994,2025-03-03T03:45:00Z,3,3,3,3,3,3,1,0,0,3,-0.9018002906333679,-0.41940386175008915,,,,,,,,19.355623410352248,-0.7039964603902982,120.80000305175781,PS_047,,,1.1122986457024846
21.13709794110513,1.1947500705718994,2025-03-03T04:00:00Z,4,4,4,4,4,4,1,0,0,4,-0.948029863778054,-0.37091957901343453,,,,,,,,18.886312535369072,-0.8700607664491685,120.80000305175781,PS_047,,,0.6225301630203846
20.950498922766165,1.1947500705718994,2025-03-03T04:15:00Z,4,4,4,4,4,4,1,0,0,4,-0.9505760991488158,-0.41050586361071006,,,,,,,,18.725077468813012,-0.8453312921348997,120.80000305175781,PS_047,,,0.36057596133818687
20.872006432290057,1.1947500705718992,2025-03-03T04:30:00Z,3,3,3,3,3,3,1,0,0,3,-0.957785563349219,-0.3127483392480745,,,,,,,,18.600000381469727,-0.8025397844472064,120.80000305175781,PS_047,,,0.3050898299197751
20.81760991586592,1.1947500705718996,2025-03-03T04:45:00Z,4,4,4,4,4,4,1,0,0,4,-0.8472602884351608,-0.3097762796644344,,,,,,,,18.60000038146973,-0.6907579039914854,120.80000305175781,PS_047,,,0.3030060980942011
20.86921808724392,1.1947500705718994,2025-03-03T05:00:00Z,3,3,3,3,3,3,1,0,0,3,-0.8432592859884167,-0.23882392790596538,,,,,,,,18.600000381469727,-0.7201285830985223,120.80000305175781,PS_047,,,0.25790367867839575
20.852714741035992,1.1947500705718994,2025-03-03T05:15:00Z,4,4,4,4,4,4,1,0,0,4,-0.8123134156872553,-0.20194683120830245,,,,,,,,18.67515456867577,-0.5803657618042614,120.80000305175781,PS_047,,,0.5706078189814723
20.961663235120653,1.1947500705718994,2025-03-03T05:30:00Z,4,4,4,4,4,4,1,0,0,4,-0.7802198914246883,-0.19314314796166696,,,,,,,,18.7693856236059,-0.6501130919602139,120.80000305175781,PS_047,,,0.17267540341910853
20.969087093081807,1.1947500705718994,2025-03-03T05:45:00Z,3,3,3,3,3,3,1,0,0,3,-0.7602101591355265,-0.2015570835328533,,,,,,,,18.799999237060547,-0.6304387282629228,120.80000305175781,PS_047,,,0.4117219084196538
20.85333251953125,1.1947500705718994,2025-03-03T06:00:00Z,4,4,4,4,4,4,1,0,0,4,-0.6951874994462406,-0.21333204867753439,,,,,,,,18.799999237060547,-0.6586715960700158,120.80000305175781,PS_047,,,0.5284345643885883
20.839198510251205,1.1947500705718992,2025-03-03T06:15:00Z,4,4,4,4,4,4,1,0,0,4,-0.7239428959817653,-0.22278372686972717,,,,,,,,18.746937335833344,-0.5436549734727028,120.80000305175781,PS_047,,,0.7337954562732901
20.85333251953125,1.1947500705718994,2025-03-03T06:30:00Z,3,3,3,3,3,3,1,0,0,3,-0.7537096731544184,-0.18177225668079772,,,,,,,,18.769344571490794,-0.6303806008019857,120.80000305175781,PS_047,,,0.13715722027903773
20.798756891582258,1.1947500705718996,2025-03-03T06:45:00Z,4,4,4,4,4,4,1,0,0,4,-0.7519741493039945,-0.2223368173756252,,,,,,,,18.740906115168084,-0.6226505712426045,120.80000305175781,PS_047,,,0.9305890771188279
20.84982386623663,1.1947500705718996,2025-03-03T07:00:00Z,4,4,4,4,4,4,1,0,0,4,-0.7480335754095593,-0.2120279749298463,,,,,,,,18.79999923706055,-0.5824262695384145,120.80000305175781,PS_047,,,1.4525655652623
20.828259689173166,1.1947500705718994,2025-03-03T07:15:00Z,3,3,3,3,3,3,1,0,0,3,-0.7054800303552259,-0.2211939090109191,,,,,,,,18.851480935691633,-0.6915264620632974,120.80000305175781,PS_047,,,1.0259788517000763
20.792559165595154,1.1947500705718994,2025-03-03T07:30:00Z,4,4,4,4,4,4,1,0,0,4,-0.7433589093274037,-0.23351491416162776,,,,,,,,18.905011666265843,-0.7660814045006974,120.80000305175781,PS_047,,,1.1665764025528582
20.875443440108317,1.1947500705718994,2025-03-03T07:45:00Z,3,3,3,3,3,3,1,0,0,3,-0.7452281389664641,-0.16625601950026733,,,,,,,,18.799999237060547,-0.7266935545578415,120.80000305175781,PS_047,,,0.9834470881458456
20.90723369697674,1.1947500705718996,2025-03-03T08:00:00Z,4,4,4,4,4,4,1,0,0,4,-0.7179351390743683,-0.2213100370593625,,,,,,,,18.99542174388394,-0.7001432918693213,120.80000305175781,PS_047,,,0.9008809042562432
20.989986951259223,1.1947500705718994,2025-03-03T08:15:00Z,4,4,4,4,4,4,1,0,0,4,-0.6662188741872636,-0.20408715972403826,,,,,,,,19.100000381469727,-0.564244446801647,120.80000305175781,PS_047,,,0.94272315521539
21.05999755859375,1.1947500705718994,2025-03-03T08:30:00Z,3,3,3,3,3,3,1,0,0,3,-0.6475082112001428,-0.16224083689489577,,,,,,,,19.144388246750136,-0.6758550255154347,120.80000305175781,PS_047,,,0.47084687884954546
21.21836722371725,1.1947500705718994,2025-03-03T08:45:00Z,4,4,4,4,4,4,1,0,0,4,-0.6778317197464723,-0.18462066589716003,,,,,,,,19.100000381469727,-0.5945524788956178,120.80000305175781,PS_047,,,0.5747452431391804
21.114810588315102,1.1982749829221462,2025-03-03T09:00:00Z,4,4,4,4,4,4,1,0,0,4,-0.7930001155301099,-0.20983341878334671,,,,,,,,19.061893096513142,-0.6816765893268483,120.80000305175781,PS_047,,,0.32201282764874684
21.182996689351896,1.7886016380513254,2025-03-03T09:15:00Z,3,3,3,3,3,3,1,0,0,3,-0.7534377590337537,-0.2535198079879385,,,,,,,,18.688073693174495,-0.7139706107908905,120.80000305175781,PS_047,,,0.7898927813395588
20.960922823814453,3.887254070531343,2025-03-03T09:30:00Z,4,4,4,4,4,4,1,0,0,4,2.6000070754500864,0.1376884518288107,,,,,,,,18.600000381469723,3.4632518519155844,120.80000305175781,PS_047,,,0.5395417075060279
21.31388688186418,11.061841466531572,2025-03-03T09:45:00Z,4,4,4,4,4,4,1,0,0,4,28.090151343606752,3.4297963240804035,,,,,,,,18.75845066977292,28.771523943938966,120.80000305175781,PS_047,,,1.2082993308938754
22.314258956990148,7.833374037796352,2025-03-03T10:00:00Z,3,3,3,3,3,3,1,0,0,3,87.63239563570282,12.766910673710298,,,,,,,,20.713079391754675,126.86724639452628,120.80000305175781,PS_047,,,0.3301926455749154
23.360375363713448,15.481852473316339,2025-03-03T10:15:00Z,4,4,4,4,4,4,1,0,0,4,108.43381788889494,12.355236769436296,,,,,,,,23.97900045492525,174.54271655539344,120.80000305175781,PS_047,,,1.2698947378605954
22.792606564817373,17.292775246179993,2025-03-03T10:30:00Z,3,3,3,3,3,3,1,0,0,3,83.64861357574024,9.678312114424841,,,,,,,,24.177734667948616,105.27797974492523,120.80000305175781,PS_047,,,0.7618744826043304
23.10782784607285,13.293904173817554,2025-03-03T10:45:00Z,4,4,4,4,4,4,1,0,0,4,103.16055043729847,13.141781413268163,,,,,,,,24.328344666401623,121.12093301783679,120.80000305175781,PS_047,,,1.0446304769912542
23.28659983370025,5.468996885845364,2025-03-03T11:00:00Z,4,4,4,4,4,4,1,0,0,4,137.97994251117092,17.944074010243742,,,,,,,,24.808796317696046,153.44854765248414,120.80000305175781,PS_047,,,1.6735996269574145
24.158746421676973,7.865256038578194,2025-03-03T11:15:00Z,3,3,3,3,3,3,1,0,0,3,157.99638965982354,24.61565941946864,,,,,,,,27.381453892872287,176.07054337216053,120.80000305175781,PS_047,,,1.2880147982991896
24.45555260234766,17.292105017717812,2025-03-03T11:30:00Z,4,4,4,4,4,4,1,0,0,4,179.49860814447598,38.63333651817369,,,,,,,,27.9090768079378,187.43237327819492,120.80000305175781,PS_047,,,0.7270229699553886
24.971718247907752,5.5540031161461565,2025-03-03T11:45:00Z,4,4,4,4,4,4,1,0,0,4,242.36730375817237,57.452802013743714,,,,,,,,29.851164433117642,298.5714022595401,120.80000305175781,PS_047,,,1.7586489404050882
26.11391478769583,8.527163708835362,2025-03-03T12:00:00Z,3,3,3,3,3,3,1,0,0,3,345.9142562737556,62.369397310690594,,,,,,,,35.79540392203274,518.1637389311983,120.80000305175781,PS_047,,,1.2756863504199418
27.16451665176371,14.668682969953544,2025-03-03T12:15:00Z,4,4,4,4,4,4,1,0,0,4,404.6731346962554,60.58823812017183,,,,,,,,40.290039639885414,563.4203865364775,120.80000305175781,PS_047,,,2.116524964874288
28.404124330028633,19.950569567902523,2025-03-03T12:30:00Z,4,4,4,4,4,4,1,0,0,4,662.7184372346325,74.78934489526937,,,,,,,,45.94845249504047,893.2472531531563,120.80000305175781,PS_047,,,2.9931552728882784
29.115073831343942,8.433587300154961,2025-03-03T12:45:00Z,3,3,3,3,3,3,1,0,0,3,693.5413795280044,73.7359835173834,,,,,,,,49.34262766285458,916.3701800158825,120.80000305175781,PS_047,,,2.485531643621444
28.879325965152766,14.67026295659399,2025-03-03T13:00:00Z,4,4,4,4,4,4,1,0,0,4,584.3704023968323,57.414990867661594,,,,,,,,48.48345342539668,765.4344620955873,120.80000305175781,PS_047,,,2.8260042744432896
29.473831708708648,6.104594951720028,2025-03-03T13:15:00Z,3,3,3,3,3,3,1,0,0,3,873.0154949311559,71.04216377783078,,,,,,,,53.46903294947176,1090.9337152549344,120.80000305175781,PS_047,,,3.8271862822884732
30.06212623980294,7.617626993177581,2025-03-03T13:30:00Z,4,4,4,4,4,4,1,0,0,4,844.0540348929907,69.74905094063107,,,,,,,,54.58640481259275,1021.3508120258537,120.80000305175781,PS_047,,,2.5632790760229267
30.300464375387833,10.683737622006632,2025-03-03T13:45:00Z,4,4,4,4,4,4,1,0,0,4,752.0745222427931,67.35693839894131,,,,,,,,52.109839856033716,825.630992970209,120.80000305175781,PS_047,,,2.2064474361448663
30.240929588260418,17.189003391371408,2025-03-03T14:00:00Z,3,3,3,3,3,3,1,0,0,3,669.1952966714784,62.8772163521235,,,,,,,,48.15648181098547,699.8043374486127,120.80000305175781,PS_047,,,3.854641884475151
29.3139190221993,19.12651014911686,2025-03-03T14:15:00Z,4,4,4,4,4,4,1,0,0,4,396.21627680922353,46.35670080056516,,,,,,,,39.91977516823514,385.9696523639808,120.80000305175781,PS_047,,,2.616592387069262
30.091835645191775,7.770121094130088,2025-03-03T14:30:00Z,4,4,4,4,4,4,1,0,0,4,580.9583919869331,55.709838042255285,,,,,,,,41.00223590972172,579.7129903111525,120.80000305175781,PS_047,,,2.23530155192569
29.338009490642037,16.985092526159306,2025-03-03T14:45:00Z,3,3,3,3,3,3,1,0,0,3,399.36610232323005,42.01651800758345,,,,,,,,38.568942022954744,396.5139246538183,120.80000305175781,PS_047,,,2.8861865172915135
29.643689947693932,12.826746018661195,2025-03-03T15:00:00Z,4,4,4,4,4,4,1,0,0,4,363.2413824569381,37.77041796959535,,,,,,,,37.157214344251614,359.11822431087506,120.80000305175781,PS_047,,,1.5102263773219748
29.316010717927437,8.226323749352073,2025-03-03T15:15:00Z,4,4,4,4,4,4,1,0,0,4,356.76475232058084,35.460414457622484,,,,,,,,36.15030105624182,357.66962840446865,120.80000305175781,PS_047,,,2.8020347400798697
29.51960591073168,21.900172212900408,2025-03-03T15:30:00Z,3,3,3,3,3,3,1,0,0,3,376.9877773967835,36.10615393860166,,,,,,,,36.62799274965411,380.1942302313184,120.80000305175781,PS_047,,,2.4996924652210857
29.729441606341066,13.560727033812817,2025-03-03T15:45:00Z,4,4,4,4,4,4,1,0,0,4,430.9154744424435,39.802968010887724,,,,,,,,37.242662844576145,432.80620592598916,120.80000305175781,PS_047,,,1.3560016254099523
30.002353071702025,18.053603174678944,2025-03-03T16:00:00Z,3,3,3,3,3,3,1,0,0,3,513.0915112405423,43.85626419967376,,,,,,,,39.08520085072716,513.688279409106,120.80000305175781,PS_047,,,2.1812283163596096
31.08518004852544,5.744446578397349,2025-03-03T16:15:00Z,4,4,4,4,4,4,1,0,0,4,700.4020974503634,48.10802153127105,,,,,,,,46.56798533905268,701.544103312292,120.80000305175781,PS_047,,,2.001427017217596
31.337511752719788,17.003004376930058,2025-03-03T16:30:00Z,4,4,4,4,4,4,1,0,0,4,731.881243424756,52.26247662597165,,,,,,,,49.8381462788893,755.868883556278,120.80000305175781,PS_047,,,1.513753371224318
31.886861328310964,8.409920287957474,2025-03-03T16:45:00Z,3,3,3,3,3,3,1,0,0,3,629.5423127156778,45.75259231000502,,,,,,,,53.633045481969376,640.6542865871817,120.80000305175781,PS_047,,,1.2896610515171887
32.595608346110964,10.103591073416903,2025-03-03T17:00:00Z,4,4,4,4,4,4,1,0,0,4,989.1856987744741,64.81558113423704,,,,,,,,58.40901328512908,1010.1750032870632,120.80000305175781,PS_047,,,0.6370817862706397
31.607307752078047,10.946028020524087,2025-03-03T17:15:00Z,4,4,4,4,4,4,1,0,0,4,507.88071872144945,45.10306600207225,,,,,,,,51.82255738709294,513.782421546089,120.80000305175781,PS_047,,,1.6338543995407058
31.25766529271458,7.294437529845412,2025-03-03T17:30:00Z,3,3,3,3,3,3,1,0,0,3,390.6319381910005,42.726809955141356,,,,,,,,40.98670702076654,377.4346898099545,120.80000305175781,PS_047,,,1.5676940811312183
31.633336469634816,16.85587030735376,2025-03-03T17:45:00Z,4,4,4,4,4,4,1,0,0,4,406.3222989514803,47.91899326651133,,,,,,,,40.28831919743909,369.25833460210157,120.80000305175781,PS_047,,,0.2537655355815032
31.271296533895065,7.4820131368823315,2025-03-03T18:00:00Z,4,4,4,4,4,4,1,0,0,4,385.7526938766931,54.796580365425626,,,,,,,,41.695384474735604,369.6650324769302,120.80000305175781,PS_047,,,0.8592737772088207
31.409025019171263,5.563547753963952,2025-03-03T18:15:00Z,3,3,3,3,3,3,1,0,0,3,362.7387970844771,58.8390506552523,,,,,,,,42.914525555573505,315.63047663416705,120.80000305175781,PS_047,,,1.5032721028913798
31.341243472356958,13.338399750414773,2025-03-03T18:30:00Z,4,4,4,4,4,4,1,0,0,4,356.70270760590535,59.3751405800701,,,,,,,,41.58866136255913,292.0028338156321,120.80000305175781,PS_047,,,0.8010766999912118
30.584280428915736,11.267411688714368,2025-03-03T18:45:00Z,3,3,3,3,3,3,1,0,0,3,124.47310550419105,30.965777058304155,,,,,,,,38.04214986399196,99.45760196633745,120.80000305175781,PS_047,,,1.0249889825503762
28.25067867691603,9.775085761005593,2025-03-03T19:00:00Z,4,4,4,4,4,4,1,0,0,4,64.86522244650969,21.864470188176593,,,,,,,,30.98104840675562,38.73800667206896,120.80000305175781,PS_047,,,2.7467231838162096
25.94415568121712,17.297023155801163,2025-03-03T19:15:00Z,4,4,4,4,4,4,1,0,0,4,108.46190577755799,28.30276941327118,,,,,,,,27.380232232878186,67.52298620301474,120.80000305175781,PS_047,,,2.0267223945490387
25.908409671406087,16.115142150275023,2025-03-03T19:30:00Z,3,3,3,3,3,3,1,0,0,3,105.4245371361515,34.077016151632996,,,,,,,,27.73235519393694,51.6269616337817,120.80000305175781,PS_047,,,2.3962113177557542
25.82629098058446,6.9832085813949885,2025-03-03T19:45:00Z,4,4,4,4,4,4,1,0,0,4,92.35238426014813,23.08911662163906,,,,,,,,26.840819917421,52.38007378005164,120.80000305175781,PS_047,,,2.390950792969139
24.90790844359082,14.063085812723875,2025-03-03T20:00:00Z,4,4,4,4,4,4,1,0,0,4,85.0324829244361,16.51269645981061,,,,,,,,25.971603869222186,52.347732529594595,120.80000305175781,PS_047,,,1.8912457384141839
24.324705750292424,5.382403580607791,2025-03-03T20:15:00Z,3,3,3,3,3,3,1,0,0,3,67.67984115065342,8.789510468825037,,,,,,,,24.97219836468752,55.42832454959781,120.80000305175781,PS_047,,,2.226351965695812
23.872301182372563,7.180702956045618,2025-03-03T20:30:00Z,4,4,4,4,4,4,1,0,0,4,50.58027651883088,6.457257802945198,,,,,,,,23.680422836722997,44.40107970090763,120.80000305175781,PS_047,,,2.7016723890478787
23.873693310479013,15.795405072866068,2025-03-03T20:45:00Z,4,4,4,4,4,4,1,0,0,4,58.357400671904806,6.136481414841683,,,,,,,,23.81923637374914,54.89728617693687,120.80000305175781,PS_047,,,2.291251375150376
23.730180415016573,7.768034168733303,2025-03-03T21:00:00Z,3,3,3,3,3,3,1,0,0,3,49.13966584463019,4.67269433722662,,,,,,,,23.16188455383505,47.02412472380619,120.80000305175781,PS_047,,,2.498410710241598
23.657174358111536,9.379284555929399,2025-03-03T21:15:00Z,4,4,4,4,4,4,1,0,0,4,36.19285340923896,3.1723000582882355,,,,,,,,23.04416904777879,35.850286211828895,120.80000305175781,PS_047,,,1.305390448228238
23.650001525878906,14.317089172796756,2025-03-03T21:30:00Z,3,3,3,3,3,3,1,0,0,3,14.733653156281648,1.3740179790674727,,,,,,,,22.75635373717771,14.392115641332474,120.80000305175781,PS_047,,,0.025750992435319076
23.454724060767262,9.32039041629125,2025-03-03T21:45:00Z,4,4,4,4,4,4,1,0,0,4,8.154049241372938,0.45856485591301155,,,,,,,,21.941774942752442,8.209940906762967,120.80000305175781,PS_047,,,0.0024717682646131743
23.12793494672774,5.806442725097101,2025-03-03T22:00:00Z,4,4,4,4,4,4,1,0,0,4,0.3614783481317476,-0.2796602540082636,,,,,,,,20.630060751008635,0.22114719972150249,120.80000305175781,PS_047,,,0.17882474986662653
22.619545855250266,1.4821493080856205,2025-03-03T22:15:00Z,3,3,3,3,3,3,1,0,0,3,-1.1490502379848349,-0.5316313537708756,,,,,,,,19.94750351893608,-0.861717973266354,120.80000305175781,PS_047,,,0.5847474210417173
22.332897854144235,1.1947500705718992,2025-03-03T22:30:00Z,4,4,4,4,4,4,1,0,0,4,-1.174922919214212,-0.5040633777513647,,,,,,,,19.713716008835515,-1.0400596466427374,120.80000305175781,PS_047,,,0.2394132298580726
22.28861842759115,1.1947500705718992,2025-03-03T22:45:00Z,4,4,4,4,4,4,1,0,0,4,-1.0697441298338155,-0.4182876301821372,,,,,,,,19.48497016759983,-0.838991867944982,120.80000305175781,PS_047,,,0.4677913545878369
22.31689133477676,1.1947500705718994,2025-03-03T23:00:00Z,3,3,3,3,3,3,1,0,0,3,-1.0798738526005136,-0.347599281277136,,,,,,,,19.399999618530273,-0.8492451416393454,120.80000305175781,PS_047,,,0.5472485099313441
22.106176708820087,1.1947500705718994,2025-03-03T23:15:00Z,4,4,4,4,4,4,1,0,0,4,-1.0501068104834441,-0.3395427566027084,,,,,,,,19.399999618530273,-0.849491452219829,120.80000305175781,PS_047,,,0.6376023004037096
21.983436626341092,1.1947500705718994,2025-03-03T23:30:00Z,4,4,4,4,4,4,1,0,0,4,-1.1955004405713747,-0.29311413547789733,,,,,,,,18.990065665802444,-1.0638091365464732,120.80000305175781,PS_047,,,0.08699238537349407
21.585737989576966,1.1947500705718994,2025-03-03T23:45:00Z,3,3,3,3,3,3,1,0,0,3,-1.3060158412928928,-0.2962586346377033,,,,,,,,18.76684027425547,-1.3256387433654961,120.80000305175781,PS_047,,,0.2411127767145512
21.282293429814093,1.1947500705718994,2025-03-04T00:00:00Z,4,4,4,4,4,4,1,0,0,4,-1.417806760338535,-0.2651543970536705,,,,,,,,18.444470460617442,-1.5040406681287135,120.80000305175781,PS_047,,,0.8247176881178875
21.06275718944356,1.1947500705718994,2025-03-04T00:15:00Z,3,3,3,3,3,3,1,0,0,3,-1.3470119059150159,-0.25131551648992306,,,,,,,,18.23333412063092,-1.4211112512290796,120.80000305175781,PS_047,,,0.30377592642409074
21.082017871664625,1.1947500705718994,2025-03-04T00:30:00Z,4,4,4,4,4,4,1,0,0,4,-1.341016558824213,-0.23010409647195762,,,,,,,,18.065735562984255,-1.266121365377694,120.80000305175781,PS_047,,,0.3933141075750502
21.051087487582635,1.1947500705718996,2025-03-04T00:45:00Z,4,4,4,4,4,4,1,0,0,4,-1.262486713997168,-0.26453350879492354,,,,,,,,18.000000000000004,-1.2367589125757315,120.80000305175781,PS_047,,,0.5646083382679251
21.19504028480997,1.1947500705718994,2025-03-04T01:00:00Z,3,3,3,3,3,3,1,0,0,3,-1.2411653697397338,-0.19198592149564966,,,,,,,,17.969746720894765,-1.1717340326361352,120.80000305175781,PS_047,,,0.722954106178204
20.936018364660868,1.1947500705718996,2025-03-04T01:15:00Z,4,4,4,4,4,4,1,0,0,4,-1.3300625534553072,-0.2546967327533529,,,,,,,,18.000000000000004,-1.0967047211705456,120.80000305175781,PS_047,,,0.8986372400572844
21.527798039203038,1.1947500705718994,2025-03-04T01:30:00Z,4,4,4,4,4,4,1,0,0,4,-1.2409374017577965,-0.2232569869845357,,,,,,,,17.825448491357214,-0.9660762637148895,120.80000305175781,PS_047,,,0.71099055313241
21.205947202514025,1.1947500705718994,2025-03-04T01:45:00Z,3,3,3,3,3,3,1,0,0,3,-1.2760005093487994,-0.2513804060924657,,,,,,,,17.834136011144206,-0.9597590350444805,120.80000305175781,PS_047,,,0.2920784071320069
20.92736804493172,1.1947500705718996,2025-03-04T02:00:00Z,4,4,4,4,4,4,1,0,0,4,-1.561300340747616,-0.17891030637077301,,,,,,,,17.543068036478825,-1.1274254558602994,120.80000305175781,PS_047,,,0.09991809586063144
20.505374281053417,1.1947500705718994,2025-03-04T02:15:00Z,4,4,4,4,4,4,1,0,0,4,-1.3410667509930287,-0.22944190151355387,,,,,,,,17.453039778784806,-1.379096726628392,120.80000305175781,PS_047,,,0.5093024253341071
20.634313218652775,1.1947500705718994,2025-03-04T02:30:00Z,3,3,3,3,3,3,1,0,0,3,-1.0352670557362431,-0.21061729219780703,,,,,,,,18.00567464294343,-1.1170909320462334,120.80000305175781,PS_047,,,1.1977873271590727
20.875624264850085,1.1947500705718992,2025-03-04T02:45:00Z,4,4,4,4,4,4,1,0,0,4,-1.1186012359184079,-0.17105198559571533,,,,,,,,18.15991364173097,-0.9883411162829807,120.80000305175781,PS_047,,,1.024410507195383
21.582934615568647,1.1947500705718994,2025-03-04T03:00:00Z,3,3,3,3,3,3,1,0,0,3,-1.086143840768162,-0.1580521235148813,,,,,,,,18.0,-0.9065408331873536,120.80000305175781,PS_047,,,0.6034058894410861
20.915266361066863,1.1947500705718994,2025-03-04T03:15:00Z,4,4,4,4,4,4,1,0,0,4,-1.0396976584166806,-0.22360930119805886,,,,,,,,18.0333690270878,-1.0369265009199398,120.80000305175781,PS_047,,,1.2490850138209015
20.69540294294339,1.1947500705718996,2025-03-04T03:30:00Z,3,3,3,3,3,3,1,0,0,3,-1.1373213588023,-0.2370493488421746,,,,,,,,18.299999237060547,-1.0808160470993675,120.80000305175781,PS_047,,,1.7573650426449765
20.93767738880704,1.1947500705718992,2025-03-04T03:45:00Z,4,4,4,4,4,4,1,0,0,4,-1.1354658860239604,-0.21356768549889896,,,,,,,,18.152741583368073,-1.0054707515301686,120.80000305175781,PS_047,,,0.9131765375419831
21.12872424372589,1.1947500705718992,2025-03-04T04:00:00Z,3,3,3,3,3,3,1,0,0,3,-1.1897208028303154,-0.22029114035599381,,,,,,,,18.0,-1.075092564974798,120.80000305175781,PS_047,,,1.1547923829710758
20.850337323126663,1.1947500705718994,2025-03-04T04:15:00Z,4,4,4,4,4,4,1,0,0,4,-1.326311084105873,-0.2634974714569088,,,,,,,,17.799999237060547,-1.1554627681172334,120.80000305175781,PS_047,,,1.2687170423383023
20.68801053658362,1.1947500705718994,2025-03-04T04:30:00Z,4,4,4,4,4,4,1,0,0,4,-1.254707709165219,-0.2239757847846826,,,,,,,,17.67170572171769,-1.1466500569553972,120.80000305175781,PS_047,,,1.1397693427989237
20.43986065262725,1.1947500705718996,2025-03-04T04:45:00Z,3,3,3,3,3,3,1,0,0,3,-1.2389675592892686,-0.2474348194337331,,,,,,,,17.500000000000004,-1.1786074134504638,120.80000305175781,PS_047,,,1.3704176005033026
20.495708222465908,1.1947500705718994,2025-03-04T05:00:00Z,4,4,4,4,4,4,1,0,0,4,-1.2690696003154602,-0.27464077176693985,,,,,,,,17.5,-1.1900249537486494,120.80000305175781,PS_047,,,1.1260770882785398
20.50385179239137,1.1947500705718994,2025-03-04T05:15:00Z,4,4,4,4,4,4,1,0,0,4,-1.275281983826137,-0.25251562809030115,,,,,,,,17.5,-1.192699815468152,120.80000305175781,PS_047,,,1.2851133893709805
20.28073908470075,1.1947500705718994,2025-03-04T05:30:00Z,3,3,3,3,3,3,1,0,0,3,-1.2726327868548244,-0.25221249531583606,,,,,,,,17.5,-1.1803568355928402,120.80000305175781,PS_047,,,0.8317783302850086
20.351077632368767,1.1947500705718994,2025-03-04T05:45:00Z,4,4,4,4,4,4,1,0,0,4,-1.30297337879603,-0.2495068337008935,,,,,,,,17.200000762939453,-1.150070535269749,120.80000305175781,PS_047,,,1.2966532522747511
20.374162047353884,1.1947500705718994,2025-03-04T06:00:00Z,4,4,4,4,4,4,1,0,0,4,-1.2847259313810397,-0.26064003021660903,,,,,,,,17.200000762939453,-1.1839699959779688,120.80000305175781,PS_047,,,1.3379725816509747
20.178928100266038,1.1947500705718994,2025-03-04T06:15:00Z,3,3,3,3,3,3,1,0,0,3,-1.2436790830114963,-0.24140974291830708,,,,,,,,17.0,-1.20346105367301,120.80000305175781,PS_047,,,1.4757892549485248
19.838789450749896,1.1947500705718992,2025-03-04T06:30:00Z,4,4,4,4,4,4,1,0,0,4,-1.205569291789599,-0.22854565819631567,,,,,,,,17.09793900601752,-1.167709735830238,120.80000305175781,PS_047,,,1.3189349591810884
19.741619365622906,1.1947500705718996,2025-03-04T06:45:00Z,3,3,3,3,3,3,1,0,0,3,-1.262028590586088,-0.20614843020356874,,,,,,,,17.200000762939453,-1.184410304367389,120.80000305175781,PS_047,,,0.9865976222603656
19.853617512897788,1.1947500705718994,2025-03-04T07:00:00Z,4,4,4,4,4,4,1,0,0,4,-1.2593075234661726,-0.26303829685380115,,,,,,,,17.10165061012362,-1.1763114308430749,120.80000305175781,PS_047,,,1.5810489136485988
19.71599824884818,1.1947500705718992,2025-03-04T07:15:00Z,4,4,4,4,4,4,1,0,0,4,-1.386524206338454,-0.2543494826166955,,,,,,,,16.958148072532698,-1.3060186464966708,120.80000305175781,PS_047,,,1.2736524412317702
19.593871185772894,1.1947500705718994,2025-03-04T07:30:00Z,3,3,3,3,3,3,1,0,0,3,-1.4879443576533977,-0.2806689452239837,,,,,,,,16.700000762939457,-1.3779421094609485,120.80000305175781,PS_047,,,1.0798277840349346
19.688843082804688,1.1947500705718994,2025-03-04T07:45:00Z,4,4,4,4,4,4,1,0,0,4,-1.6068905659332793,-0.26430352445243055,,,,,,,,16.368303140777666,-1.4209182350858223,120.80000305175781,PS_047,,,1.3336805095331012
20.154085047630705,1.1947500705718994,2025-03-04T08:00:00Z,4,4,4,4,4,4,1,0,0,4,-1.8220739921952616,-0.24128472659028274,,,,,,,,16.20000076293945,-1.3658420829841462,120.80000305175781,PS_047,,,1.458995349324156
20.289150155453925,1.1947500705718994,2025-03-04T08:15:00Z,3,3,3,3,3,3,1,0,0,3,-1.725670673155192,-0.2546343898722441,,,,,,,,16.23170376860841,-1.235474204503456,120.80000305175781,PS_047,,,0.9653825438128403
20.1835715609545,1.1947500705718994,2025-03-04T08:30:00Z,4,4,4,4,4,4,1,0,0,4,-1.5637627199108626,-0.2929938539293434,,,,,,,,16.200000762939453,-1.2214450215606454,120.80000305175781,PS_047,,,0.7595988788690918
20.104812057711463,1.1947500705718996,2025-03-04T08:45:00Z,4,4,4,4,4,4,1,0,0,4,-1.651776741664634,-0.29658640114661033,,,,,,,,16.15335826593255,-1.3702382339685177,120.80000305175781,PS_047,,,1.6202731472642093
20.027031596839006,1.2005980651832455,2025-03-04T09:00:00Z,3,3,3,3,3,3,1,0,0,3,-1.5472818914307511,-0.23671163741051313,,,,,,,,16.200000762939457,-1.3308351560677418,120.80000305175781,PS_047,,,1.0958150397710025
19.76900451224414,2.5286335615513713,2025-03-04T09:15:00Z,4,4,4,4,4,4,1,0,0,4,-1.2437170064841856,-0.2466791368724635,,,,,,,,16.155706162907133,-0.701889575799964,120.80000305175781,PS_047,,,1.2436883712126097
19.149829995341225,6.065314607864421,2025-03-04T09:30:00Z,3,3,3,3,3,3,1,0,0,3,2.1399080819113245,0.195749386249902,,,,,,,,16.140430472733755,3.872459049746034,120.80000305175781,PS_047,,,1.0881923090808612
19.99276954262106,14.896718724349407,2025-03-04T09:45:00Z,4,4,4,4,4,4,1,0,0,4,16.883413789400002,2.0762302203417713,,,,,,,,16.12911021657194,23.735790188637033,120.80000305175781,PS_047,,,1.2493824973241854
20.499222171217088,10.486288710832296,2025-03-04T10:00:00Z,4,4,4,4,4,4,1,0,0,4,54.38227431174205,6.607751264415124,,,,,,,,17.54373791970578,102.8728936835955,120.80000305175781,PS_047,,,1.1480820796088178
21.57306849496917,15.415436539275284,2025-03-04T10:15:00Z,3,3,3,3,3,3,1,0,0,3,104.46955584799677,10.749976062397444,,,,,,,,19.07257554074075,201.65624414900108,120.80000305175781,PS_047,,,0.5212849747828537
23.14091520534894,18.856591833583252,2025-03-04T10:30:00Z,4,4,4,4,4,4,1,0,0,4,163.99095259583126,23.454781893019945,,,,,,,,21.942159496681167,349.1054862661445,120.80000305175781,PS_047,,,1.1036990696593627
23.872312915864455,11.830038134760066,2025-03-04T10:45:00Z,4,4,4,4,4,4,1,0,0,4,230.41639993108603,38.95633749650218,,,,,,,,26.948602257153883,489.24885341146125,120.80000305175781,PS_047,,,1.4445678714412324
24.191582574444666,5.638251321393416,2025-03-04T11:00:00Z,3,3,3,3,3,3,1,0,0,3,295.6137949309363,40.0022832162151,,,,,,,,35.44195595557776,640.5082075386151,120.80000305175781,PS_047,,,2.248418964728648
24.919442727828127,9.507251666169202,2025-03-04T11:15:00Z,4,4,4,4,4,4,1,0,0,4,351.4330360847185,33.944373657630436,,,,,,,,42.15712523616181,774.7082086844736,120.80000305175781,PS_047,,,2.5684432093624228
25.574366937706653,11.067775080629064,2025-03-04T11:30:00Z,4,4,4,4,4,4,1,0,0,4,408.0601443988568,38.14123581042434,,,,,,,,46.17348054812034,867.3553928628253,120.80000305175781,PS_047,,,1.9768076101234622
26.194649005043594,22.39102385298879,2025-03-04T11:45:00Z,3,3,3,3,3,3,1,0,0,3,417.5498722182743,44.8945595974662,,,,,,,,49.19621009016648,757.7570415981991,120.80000305175781,PS_047,,,2.0726153671299063
26.39684478371432,15.057137144156084,2025-03-04T12:00:00Z,4,4,4,4,4,4,1,0,0,4,436.36619939817297,49.06007775513249,,,,,,,,42.879771135096,684.0516740359388,120.80000305175781,PS_047,,,2.0086779769177174
27.350584530204102,19.72826322217051,2025-03-04T12:15:00Z,3,3,3,3,3,3,1,0,0,3,507.86209508767365,52.88892458572433,,,,,,,,46.38272297148807,820.6533030643591,120.80000305175781,PS_047,,,2.2417632620185466
28.426563293324218,15.923158259956127,2025-03-04T12:30:00Z,4,4,4,4,4,4,1,0,0,4,626.9645482555738,58.74082959287383,,,,,,,,50.74652976497621,944.4383757732219,120.80000305175781,PS_047,,,2.803378533186556
27.990233026188378,5.635971524757087,2025-03-04T12:45:00Z,4,4,4,4,4,4,1,0,0,4,405.32643057780655,45.0930187358034,,,,,,,,44.74316664002934,530.8763355147396,120.80000305175781,PS_047,,,4.2506654519124645
27.786159631161784,12.744414059606209,2025-03-04T13:00:00Z,3,3,3,3,3,3,1,0,0,3,357.45611063224925,40.239090865994875,,,,,,,,38.23270818527422,423.94122946026886,120.80000305175781,PS_047,,,3.8894608915692523
28.967202931354002,10.14247054707269,2025-03-04T13:15:00Z,4,4,4,4,4,4,1,0,0,4,608.6851364185263,51.71140408890146,,,,,,,,41.43952104075306,714.2937116502262,120.80000305175781,PS_047,,,3.319387457918884
30.187363243965084,12.449377658041465,2025-03-04T13:30:00Z,4,4,4,4,4,4,1,0,0,4,861.1219517908253,63.36327188809059,,,,,,,,50.0185790066471,1026.1006725099367,120.80000305175781,PS_047,,,3.4516086966007564
31.222785376745925,5.666498735559758,2025-03-04T13:45:00Z,3,3,3,3,3,3,1,0,0,3,954.5171171998581,67.32683322335292,,,,,,,,53.209183879361724,1113.8202494082138,120.80000305175781,PS_047,,,3.1797643741948143
31.061820202706357,8.307125916121452,2025-03-04T14:00:00Z,4,4,4,4,4,4,1,0,0,4,965.9450300718668,66.90974757480308,,,,,,,,51.77993526053548,1078.4851416046934,120.80000305175781,PS_047,,,3.964666582581926
31.21020848049737,8.951705724634865,2025-03-04T14:15:00Z,4,4,4,4,4,4,1,0,0,4,1038.7025981964844,69.6559806130954,,,,,,,,51.498807180857455,1111.5834475962076,120.80000305175781,PS_047,,,4.051136451221989
31.49790300564549,17.930558231441907,2025-03-04T14:30:00Z,3,3,3,3,3,3,1,0,0,3,1114.8100398753456,73.32110265698526,,,,,,,,49.98938527051929,1155.5844389672088,120.80000305175781,PS_047,,,4.900932106917249
31.803139754760206,10.873434142588009,2025-03-04T14:45:00Z,3,3,3,3,3,3,1,0,0,3,562.3795730525715,44.53515809448159,,,,,,,,52.3696829854276,565.3466386886639,120.80000305175781,PS_047,,,5.318984228973451
31.451966806479994,15.64247922967522,2025-03-04T15:00:00Z,4,4,4,4,4,4,1,0,0,4,728.4534228305911,51.82916807473142,,,,,,,,48.56815200154384,724.7503655576902,120.80000305175781,PS_047,,,3.619976919183758
31.667621646511506,8.499927526120327,2025-03-04T15:15:00Z,4,4,4,4,4,4,1,0,0,4,1100.506187967883,66.27900978610532,,,,,,,,46.48123948443501,1068.7043458289133,120.80000305175781,PS_047,,,4.559913166955892
31.176536420529192,17.375827326846743,2025-03-04T15:30:00Z,3,3,3,3,3,3,1,0,0,3,490.54943017950126,37.72290405104374,,,,,,,,45.29495877756141,485.6173144454972,120.80000305175781,PS_047,,,4.904188226874871
31.92097022941938,14.990803251913759,2025-03-04T15:45:00Z,4,4,4,4,4,4,1,0,0,4,1007.263871622624,62.33687790303539,,,,,,,,45.37588424854094,991.0145789007432,120.80000305175781,PS_047,,,3.845934975825995
30.636452598489786,14.462664561091103,2025-03-04T16:00:00Z,3,3,3,3,3,3,1,0,0,3,344.6603305228301,33.24731026292477,,,,,,,,38.00587179386285,345.2889974912247,120.80000305175781,PS_047,,,3.3609017524935862
31.31426681863046,8.060092758615939,2025-03-04T16:15:00Z,4,4,4,4,4,4,1,0,0,4,575.694068549666,45.42532166283687,,,,,,,,39.35102975608372,567.2512917519358,120.80000305175781,PS_047,,,3.6572650695038056
32.39974599080417,19.688909057545157,2025-03-04T16:30:00Z,3,3,3,3,3,3,1,0,0,3,972.588164142447,63.073839857095855,,,,,,,,44.639600541344635,968.5242998149669,120.80000305175781,PS_047,,,3.4783947478556123
32.00730424056353,12.38757398423067,2025-03-04T16:45:00Z,4,4,4,4,4,4,1,0,0,4,769.2609016668596,57.07447178548354,,,,,,,,42.63208980900206,818.913892769791,120.80000305175781,PS_047,,,2.9737131079207417
33.25612449199028,18.37864238731944,2025-03-04T17:00:00Z,4,4,4,4,4,4,1,0,0,4,1053.0892706139853,69.79439433265965,,,,,,,,50.84657228116513,1071.993009034752,120.80000305175781,PS_047,,,4.3501436015946595
31.66428303295348,18.135280796409635,2025-03-04T17:15:00Z,3,3,3,3,3,3,1,0,0,3,314.4643986830062,36.090702067644244,,,,,,,,43.841984111659904,312.1741667778935,120.80000305175781,PS_047,,,1.7573080036429312
33.23772206278497,13.930743560753175,2025-03-04T17:30:00Z,4,4,4,4,4,4,1,0,0,4,966.6716968842993,69.85182691172747,,,,,,,,48.05595222829078,1027.1922107600733,120.80000305175781,PS_047,,,2.8528109790137868
33.598302725162355,7.212445821388223,2025-03-04T17:45:00Z,3,3,3,3,3,3,1,0,0,3,975.2251115946235,73.5606433114109,,,,,,,,53.03031363868324,1063.9901680419161,120.80000305175781,PS_047,,,2.9514439480811556
33.72656130189559,20.496128797069243,2025-03-04T18:00:00Z,4,4,4,4,4,4,1,0,0,4,984.1233420536463,80.71912791286819,,,,,,,,52.081291936517104,1097.5510965657695,120.80000305175781,PS_047,,,3.279557629049453
33.83201910902566,16.604379144078244,2025-03-04T18:15:00Z,4,4,4,4,4,4,1,0,0,4,913.8074786984248,78.82607004473655,,,,,,,,54.82773574128616,1040.9421770106774,120.80000305175781,PS_047,,,3.8424587969729287
29.83054658369556,18.881020477372033,2025-03-04T18:30:00Z,3,3,3,3,3,3,1,0,0,3,240.35826001735657,51.101629166479555,,,,,,,,38.73389324716158,195.58183025398472,120.80000305175781,PS_047,,,5.678131109207305
28.01293413114766,10.148657652529264,2025-03-04T18:45:00Z,4,4,4,4,4,4,1,0,0,4,401.8252923521097,61.33013539573468,,,,,,,,31.315199494645782,405.7270620057692,120.80000305175781,PS_047,,,3.7131714525669417
26.728640660911186,9.650031976941962,2025-03-04T19:00:00Z,4,4,4,4,4,4,1,0,0,4,224.1907947283091,60.52446922543984,,,,,,,,26.842789131034593,171.15256553657218,121.20000457763672,PS_047,,,2.5080582824659854
27.259003120622282,5.569513990854715,2025-03-04T19:15:00Z,3,3,3,3,3,3,1,0,0,3,237.08248274345678,61.75788633601912,,,,,,,,30.06396170543884,167.48654321354275,121.20000457763672,PS_047,,,2.770848766623387
27.808240085800666,5.533696916391982,2025-03-04T19:30:00Z,4,4,4,4,4,4,1,0,0,4,196.37465099889022,50.29543065569316,,,,,,,,31.295349957658154,158.21439840866722,121.20000457763672,PS_047,,,1.4934143553073451
28.0241658891809,10.266372187526596,2025-03-04T19:45:00Z,4,4,4,4,4,4,1,0,0,4,169.27788514051312,41.64162399553254,,,,,,,,31.069261812356906,160.71624210477174,121.20000457763672,PS_047,,,1.2967029430315307
28.19128700258826,18.362219072068935,2025-03-04T20:00:00Z,3,3,3,3,3,3,1,0,0,3,125.52736622311271,22.235015129049295,,,,,,,,30.184519954417354,106.7373183118006,121.20000457763672,PS_047,,,1.6470624389595194
27.524507919140085,6.974768744256859,2025-03-04T20:15:00Z,4,4,4,4,4,4,1,0,0,4,40.45569385717385,5.97310652439799,,,,,,,,28.452018353530736,40.839939954534174,121.20000457763672,PS_047,,,2.25064844358062
26.195792989459452,5.267092844872321,2025-03-04T20:30:00Z,3,3,3,3,3,3,1,0,0,3,41.92674993369972,7.104857866499018,,,,,,,,25.52656802244074,32.94323565550136,121.20000457763672,PS_047,,,4.032920869172504
25.61390674294985,8.035891307547626,2025-03-04T20:45:00Z,4,4,4,4,4,4,1,0,0,4,74.17484020440847,7.65403283345734,,,,,,,,24.712697781607567,71.72412664985116,121.20000457763672,PS_047,,,2.2775364892793712
24.720616298305305,7.267646438456327,2025-03-04T21:00:00Z,4,4,4,4,4,4,1,0,0,4,56.940420594414356,5.078523720734432,,,,,,,,24.275643649487293,57.770716293139124,121.20000457763672,PS_047,,,1.8354990333172185
24.328089129886905,15.20950396980974,2025-03-04T21:15:00Z,3,3,3,3,3,3,1,0,0,3,25.309244678805445,2.3464745399230593,,,,,,,,23.675829608410893,24.88797500198225,121.20000457763672,PS_047,,,1.738204688486861
23.665921170376908,9.946059496545349,2025-03-04T21:30:00Z,4,4,4,4,4,4,1,0,0,4,13.533848426293696,1.1796125994068827,,,,,,,,22.62545900612116,13.471326118787657,121.20000457763672,PS_047,,,2.9859210351505836
23.175375208024096,8.513466597131893,2025-03-04T21:45:00Z,4,4,4,4,4,4,1,0,0,4,4.791072660137873,0.23034786967275608,,,,,,,,21.62385003675157,4.731426392542292,121.20000457763672,PS_047,,,1.5339282230025462
22.650792704243823,5.157085598820222,2025-03-04T22:00:00Z,3,3,3,3,3,3,1,0,0,3,-0.019474440790037198,-0.239218186879624,,,,,,,,20.65673038171228,-0.20586043276601368,121.20000457763672,PS_047,,,1.358098837721623
22.009295366691358,1.4501314243219343,2025-03-04T22:15:00Z,4,4,4,4,4,4,1,0,0,4,-0.8559970513829702,-0.23899780973851809,,,,,,,,20.112732208778006,-0.9912101716280544,121.20000457763672,PS_047,,,2.2618704844627975
22.11724891593506,1.1947500705718994,2025-03-04T22:30:00Z,4,4,4,4,4,4,1,0,0,4,-1.1038445891318271,-0.30097282601522857,,,,,,,,19.68512379594226,-0.9806686430845035,121.20000457763672,PS_047,,,0.8949349262188938
22.161084917028184,1.1947500705718996,2025-03-04T22:45:00Z,3,3,3,3,3,3,1,0,0,3,-1.169385526635266,-0.3288470830614177,,,,,,,,19.435599750058618,-1.0749384848884198,121.20000457763672,PS_047,,,0.17936152896029528
21.44651860934207,1.1947500705718994,2025-03-04T23:00:00Z,4,4,4,4,4,4,1,0,0,4,-1.157585902436783,-0.4086444346219667,,,,,,,,18.90635673967876,-1.0709475373221853,121.20000457763672,PS_047,,,0.5201524918512364
21.178746177840726,1.1947500705718992,2025-03-04T23:15:00Z,4,4,4,4,4,4,1,0,0,4,-0.9553542597197806,-0.31665602433930806,,,,,,,,18.799999237060547,-0.9349851354901787,121.20000457763672,PS_047,,,0.7589472480337094
21.54711663932722,1.1947500705718994,2025-03-04T23:30:00Z,3,3,3,3,3,3,1,0,0,3,-0.8542466658117853,-0.16806593978848117,,,,,,,,18.985258705030983,-0.7939678531350226,121.20000457763672,PS_047,,,0.0012350584670911282
21.651239828678662,1.1947500705718992,2025-03-04T23:45:00Z,4,4,4,4,4,4,1,0,0,4,-0.8073648278444752,-0.21566770081812797,,,,,,,,19.100000381469723,-0.7601405737153434,121.20000457763672,PS_047,,,0.30602839098357326
22.143540561207704,1.1947500705718994,2025-03-05T00:00:00Z,3,3,3,3,3,3,1,0,0,3,-0.7469305226906872,-0.1380802536310974,,,,,,,,19.84846944105855,-0.6412997729727166,121.20000457763672,PS_047,,,1.4191935637837139
21.422436330039492,1.1947500705718994,2025-03-05T00:15:00Z,4,4,4,4,4,4,1,0,0,4,-0.6803305121956372,-0.2502619223286343,,,,,,,,19.60000038146973,-0.5850750037377662,121.20000457763672,PS_047,,,1.544639066629641
21.409691241922026,1.1947500705718994,2025-03-05T00:30:00Z,4,4,4,4,4,4,1,0,0,4,-0.7939226474211226,-0.23155738766151693,,,,,,,,19.60000038146973,-0.7825513011997175,121.20000457763672,PS_047,,,2.521047982548262
21.478573408650618,1.1947500705718992,2025-03-05T00:45:00Z,3,3,3,3,3,3,1,0,0,3,-0.7504632699460567,-0.24740122404194628,,,,,,,,19.646167317735607,-0.7955690444761113,121.20000457763672,PS_047,,,1.9828135537155613
21.63333007171993,1.1947500705718994,2025-03-05T01:00:00Z,4,4,4,4,4,4,1,0,0,4,-0.9111910779259975,-0.22179589247639436,,,,,,,,19.568144674284035,-0.8410240610303511,121.20000457763672,PS_047,,,1.6146725958619672
21.602076505456164,1.1947500705718994,2025-03-05T01:15:00Z,4,4,4,4,4,4,1,0,0,4,-1.1081968840994347,-0.269264478291892,,,,,,,,19.31866915306974,-1.0451301750156894,121.20000457763672,PS_047,,,2.100180156282874
21.75681790038807,1.1947500705718996,2025-03-05T01:30:00Z,3,3,3,3,3,3,1,0,0,3,-1.0765000213302687,-0.21984574236446458,,,,,,,,19.538856631721046,-0.9170199630626392,121.20000457763672,PS_047,,,1.9600875831417983
21.621709104536283,1.1947500705718996,2025-03-05T01:45:00Z,4,4,4,4,4,4,1,0,0,4,-0.9275055315273324,-0.24436428927520565,,,,,,,,19.53880187697736,-0.8435553253563285,121.20000457763672,PS_047,,,1.8823887457810833
21.904455500625417,1.1947500705718994,2025-03-05T02:00:00Z,4,4,4,4,4,4,1,0,0,4,-0.9169827932528111,-0.26578417092655404,,,,,,,,19.899999618530273,-0.8101709779437776,121.20000457763672,PS_047,,,1.3753419530182978
21.683477541078197,1.1947500705718994,2025-03-05T02:15:00Z,3,3,3,3,3,3,1,0,0,3,-0.826291300124485,-0.258948500826929,,,,,,,,19.628105449125385,-0.9812360331679053,121.20000457763672,PS_047,,,0.88280446566671
21.366795140972506,1.1947500705718996,2025-03-05T02:30:00Z,4,4,4,4,4,4,1,0,0,4,-1.0107958200519358,-0.27977632629593674,,,,,,,,19.098912221541795,-0.9348612447785023,121.20000457763672,PS_047,,,1.3708078674954247
21.023954673784576,1.1947500705718992,2025-03-05T02:45:00Z,3,3,3,3,3,3,1,0,0,3,-1.129601832773492,-0.4807430129031226,,,,,,,,18.531545842409482,-0.9289455120056723,121.20000457763672,PS_047,,,0.8556050074945855
20.596622037677005,1.1947500705718992,2025-03-05T03:00:00Z,4,4,4,4,4,4,1,0,0,4,-1.262042053755384,-0.47393479252019693,,,,,,,,17.96083517973369,-1.0954765258237729,121.20000457763672,PS_047,,,0.033795813281696764
20.485593329204534,1.1947500705718994,2025-03-05T03:15:00Z,4,4,4,4,4,4,1,0,0,4,-1.1003226242006436,-0.30472759626378215,,,,,,,,17.903876513988884,-1.0037416863848305,121.20000457763672,PS_047,,,0.40112180971177747
20.32107022237493,1.1947500705718994,2025-03-05T03:30:00Z,3,3,3,3,3,3,1,0,0,3,-0.9254021980578312,-0.31297078549083174,,,,,,,,17.96745932507296,-0.8091319046373299,121.20000457763672,PS_047,,,0.40112271085532303
20.420217204753524,1.1947500705718994,2025-03-05T03:45:00Z,4,4,4,4,4,4,1,0,0,4,-0.7174337420414125,-0.2119208384782783,,,,,,,,18.190559973123325,-0.6047910351342597,121.20000457763672,PS_047,,,0.26767930315042393
20.864088830506343,1.1947500705718992,2025-03-05T04:00:00Z,4,4,4,4,4,4,1,0,0,4,-0.7199844738344667,-0.18134812158322575,,,,,,,,18.130611825421376,-0.5404317265899884,121.20000457763672,PS_047,,,0.13550445424485513
20.806899442155945,1.1947500705718996,2025-03-05T04:15:00Z,3,3,3,3,3,3,1,0,0,3,-1.0270917186721404,-0.20791439447571491,,,,,,,,18.044993737720002,-0.7640216156200178,121.20000457763672,PS_047,,,0.41006547994079445
20.486722144935474,1.1947500705718994,2025-03-05T04:30:00Z,4,4,4,4,4,4,1,0,0,4,-1.2741946404990567,-0.3053730890040625,,,,,,,,17.539120835266537,-1.0297998414868492,121.20000457763672,PS_047,,,0.15166979087407678
20.096379842986696,1.1947500705718992,2025-03-05T04:45:00Z,4,4,4,4,4,4,1,0,0,4,-1.2950868633015777,-0.3262046434238012,,,,,,,,17.221617954441392,-1.1646637030410012,121.20000457763672,PS_047,,,0.2115070337980633
20.4810485033634,1.1947500705718994,2025-03-05T05:00:00Z,3,3,3,3,3,3,1,0,0,3,-1.0733709619106326,-0.231994660401691,,,,,,,,17.200000762939453,-0.6695231482702707,121.20000457763672,PS_047,,,0.6299588766993433
20.393319218728895,1.1947500705718994,2025-03-05T05:15:00Z,4,4,4,4,4,4,1,0,0,4,-0.9711669083129152,-0.2020290137508547,,,,,,,,17.336851878104046,-0.6718432477912529,121.20000457763672,PS_047,,,0.04280009551594119
20.56745580507411,1.1947500705718996,2025-03-05T05:30:00Z,4,4,4,4,4,4,1,0,0,4,-0.9757395922654511,-0.1434463737502747,,,,,,,,17.500000000000004,-0.8224117271353747,121.20000457763672,PS_047,,,0.012081041660448108
20.825723596902936,1.1947500705718992,2025-03-05T05:45:00Z,3,3,3,3,3,3,1,0,0,3,-1.001810739204259,-0.21324676286495728,,,,,,,,17.694947954954255,-0.8353267167179376,121.20000457763672,PS_047,,,0.0
20.71707338086634,1.1947500705718994,2025-03-05T06:00:00Z,4,4,4,4,4,4,1,0,0,4,-1.1448921844153228,-0.20268903017263093,,,,,,,,17.5,-0.8962736924692388,121.20000457763672,PS_047,,,0.2185102281293213
19.852076071327666,1.1947500705718996,2025-03-05T06:15:00Z,4,4,4,4,4,4,1,0,0,4,-1.2571321354523421,-0.2911955427281711,,,,,,,,17.134266476831417,-1.170813000961209,121.20000457763672,PS_047,,,0.08031588771970212
19.61651709544278,1.1947500705718994,2025-03-05T06:30:00Z,3,3,3,3,3,3,1,0,0,3,-1.2549760272761576,-0.25585901830546787,,,,,,,,16.700000762939453,-1.1743120949119565,121.20000457763672,PS_047,,,0.0
20.131493577104337,1.1947500705718992,2025-03-05T06:45:00Z,4,4,4,4,4,4,1,0,0,4,-0.6239344741562677,-0.2057033846570778,,,,,,,,17.362588240689703,-0.6144349091264935,121.20000457763672,PS_047,,,0.4305555264597441
20.324190360736907,1.1947500705718992,2025-03-05T07:00:00Z,3,3,3,3,3,3,1,0,0,3,-0.7683925356056487,-0.16830912398680092,,,,,,,,17.799999237060547,-0.5573627840938892,121.20000457763672,PS_047,,,1.208660288482393
20.236723653363025,1.1947500705718994,2025-03-05T07:15:00Z,4,4,4,4,4,4,1,0,0,4,-0.9201377612426181,-0.15916180632599136,,,,,,,,17.786701090456877,-0.8709145478051993,121.20000457763672,PS_047,,,0.7838320275365135
19.87529090390947,1.1947500705718996,2025-03-05T07:30:00Z,4,4,4,4,4,4,1,0,0,4,-1.1191328323358951,-0.26462630879425514,,,,,,,,17.5,-0.9445081590813195,121.20000457763672,PS_047,,,0.7646730389270033
19.978506079777198,1.1947500705718996,2025-03-05T07:45:00Z,3,3,3,3,3,3,1,0,0,3,-1.0573369305739873,-0.21682858936176125,,,,,,,,17.5,-0.9005344098551327,121.20000457763672,PS_047,,,1.6887093996078886
19.929928725463835,1.1947500705718994,2025-03-05T08:00:00Z,4,4,4,4,4,4,1,0,0,4,-0.7883410497411434,-0.2217557036531177,,,,,,,,17.799999237060547,-0.7404472456586514,121.20000457763672,PS_047,,,1.004770330413178
19.783608862290126,1.1947500705718992,2025-03-05T08:15:00Z,4,4,4,4,4,4,1,0,0,4,-0.7241553502724867,-0.17823385001497688,,,,,,,,17.799999237060547,-0.7104715096682483,121.20000457763672,PS_047,,,1.2406151775097765
20.10232997906641,1.1947500705718994,2025-03-05T08:30:00Z,3,3,3,3,3,3,1,0,0,3,-0.85747090536658,-0.20689046016262774,,,,,,,,17.799999237060547,-0.7950149428093504,121.20000457763672,PS_047,,,1.277031379554201
19.942389439580467,1.1947500705718992,2025-03-05T08:45:00Z,4,4,4,4,4,4,1,0,0,4,-0.9614880308599133,-0.2397605739234134,,,,,,,,17.629514963656057,-0.8360647020027274,121.20000457763672,PS_047,,,0.1666321240904958
19.7275353987897,1.2000620032860083,2025-03-05T09:00:00Z,4,4,4,4,4,4,1,0,0,4,-1.0055863246332746,-0.31626380383812036,,,,,,,,17.318147685171454,-0.912358674961422,121.20000457763672,PS_047,,,0.0
19.502272762826635,1.8103390364992673,2025-03-05T09:15:00Z,3,3,3,3,3,3,1,0,0,3,-0.6232415003030166,-0.20000266287860458,,,,,,,,17.499999999999996,-0.5061538294680594,121.20000457763672,PS_047,,,0.5604636278322233
20.00468765407455,6.477032497260746,2025-03-05T09:30:00Z,4,4,4,4,4,4,1,0,0,4,2.5240393065614004,0.3513281500347708,,,,,,,,17.941969553178488,2.8186310215738324,121.20000457763672,PS_047,,,0.4756878313452595
20.408508337259722,10.273962765057354,2025-03-05T09:45:00Z,4,4,4,4,4,4,1,0,0,4,9.234592294805411,0.8477786293137082,,,,,,,,17.662768361033155,9.463190341315256,121.20000457763672,PS_047,,,0.1441439840751237
20.88513714348315,9.936032022178486,2025-03-05T10:00:00Z,3,3,3,3,3,3,1,0,0,3,24.977683731608572,2.5852686612812015,,,,,,,,19.36642891921332,25.844003911498774,121.20000457763672,PS_047,,,0.19742866596203942
21.49872353960772,12.876726670788464,2025-03-05T10:15:00Z,4,4,4,4,4,4,1,0,0,4,51.25552247196341,5.429456529467631,,,,,,,,19.422371865538558,55.659436091837016,121.20000457763672,PS_047,,,0.25347717248550444
22.102443809682672,16.154979479951127,2025-03-05T10:30:00Z,3,3,3,3,3,3,1,0,0,3,70.59801904394482,7.91576997099345,,,,,,,,20.460444536941832,77.3312579931781,121.20000457763672,PS_047,,,0.47206221460476216
22.34428324340613,14.61465270768698,2025-03-05T10:45:00Z,4,4,4,4,4,4,1,0,0,4,98.91200649790079,12.245397730322383,,,,,,,,21.136988533848555,112.71257222777241,121.20000457763672,PS_047,,,1.0393207613827524
23.580007992633064,7.662863906457815,2025-03-05T11:00:00Z,4,4,4,4,4,4,1,0,0,4,236.12310047319278,30.2095691660557,,,,,,,,25.40793566672556,376.7152313022709,121.20000457763672,PS_047,,,1.0621936273457824
23.75679867299205,17.942349334980808,2025-03-05T11:15:00Z,3,3,3,3,3,3,1,0,0,3,186.68435695832198,25.705700529863826,,,,,,,,28.843765169703325,205.08184492719172,121.20000457763672,PS_047,,,2.1933671031329864
25.002239668099197,15.56429536098588,2025-03-05T11:30:00Z,4,4,4,4,4,4,1,0,0,4,413.24680144300277,55.171209556306,,,,,,,,33.84009414907151,655.7315167715703,121.20000457763672,PS_047,,,1.6856084247397067
25.297168722551962,17.96785551088005,2025-03-05T11:45:00Z,4,4,4,4,4,4,1,0,0,4,269.7975847108912,62.3083794487678,,,,,,,,35.65511059656309,268.8732191242435,121.20000457763672,PS_047,,,3.0723690594385147
24.967809750046207,5.445341877873316,2025-03-05T12:00:00Z,3,3,3,3,3,3,1,0,0,3,143.5169237952878,49.98102318937562,,,,,,,,29.48990457525431,91.0559660721827,121.20000457763672,PS_047,,,2.992107816221861
23.56694286906825,5.460935939822075,2025-03-05T12:15:00Z,4,4,4,4,4,4,1,0,0,4,107.71159088719297,35.61974040962415,,,,,,,,23.2537240894077,83.17222179182032,121.20000457763672,PS_047,,,2.972452995505669
23.408821950329372,8.363547910400097,2025-03-05T12:30:00Z,4,4,4,4,4,4,1,0,0,4,197.29182973844777,46.96539635275164,,,,,,,,22.73270085682257,143.06770693694057,121.5999984741211,PS_047,,,3.225673013872859
23.678102239353144,8.288870215253835,2025-03-05T12:45:00Z,3,3,3,3,3,3,1,0,0,3,259.4232668186719,60.88720636047515,,,,,,,,24.468912693928058,192.9077304419302,121.5999984741211,PS_047,,,3.094017368921914
23.883284039696882,12.78275114019917,2025-03-05T13:00:00Z,4,4,4,4,4,4,1,0,0,4,199.0807340963664,51.553040941182076,,,,,,,,26.168188874714918,142.3345174472494,121.5999984741211,PS_047,,,3.679282820606101
23.07794518155107,11.049187025265415,2025-03-05T13:15:00Z,4,4,4,4,4,4,1,0,0,4,257.8389532158535,42.69418409935088,,,,,,,,22.912063320391255,251.62571048458088,122.4000015258789,PS_047,,,2.6557991143284427
23.64777820277515,17.77499175764669,2025-03-05T13:30:00Z,3,3,3,3,3,3,1,0,0,3,176.42325223288375,38.84329651497526,,,,,,,,25.088235308594115,143.11750037064846,122.4000015258789,PS_047,,,3.159705314252442
22.90393346974275,10.175331585088177,2025-03-05T13:45:00Z,4,4,4,4,4,4,1,0,0,4,192.9059103269431,31.117700629241586,,,,,,,,22.14814869345874,192.29712567973016,122.5999984741211,PS_047,,,4.212708984848406
25.1346292629117,21.92324601355828,2025-03-05T14:00:00Z,3,3,3,3,3,3,1,0,0,3,531.3217071063937,54.83508765446175,,,,,,,,26.956644835449172,544.721954830353,123.0,PS_047,,,1.9096455509187227
27.0421830667352,7.542462264508728,2025-03-05T14:15:00Z,4,4,4,4,4,4,1,0,0,4,443.59220744142624,52.5153693641928,,,,,,,,35.29120556892795,436.9237299375164,123.0,PS_047,,,2.3824340875146004
27.803631195674637,15.964885147420949,2025-03-05T14:30:00Z,4,4,4,4,4,4,1,0,0,4,515.3669356153296,54.33965559261273,,,,,,,,37.732103486095966,511.7720680302124,123.0,PS_047,,,4.547884561604935
29.52616264268611,11.484941414314745,2025-03-05T14:45:00Z,3,3,3,3,3,3,1,0,0,3,993.5548074697747,72.51445468725176,,,,,,,,41.96801690301349,999.9146353215847,123.0,PS_047,,,4.259302284457126
29.95269488829485,5.657387817534135,2025-03-05T15:00:00Z,4,4,4,4,4,4,1,0,0,4,954.2746563289243,64.19007435073115,,,,,,,,47.136530720260666,958.7671447218864,123.0,PS_047,,,3.8651320305813406
29.836155175043654,19.59088302424283,2025-03-05T15:15:00Z,4,4,4,4,4,4,1,0,0,4,730.8562890362108,52.789854955789124,,,,,,,,43.488376958642974,726.6148612173237,123.0,PS_047,,,3.7944651092203494
29.97580390343779,8.235831033083187,2025-03-05T15:30:00Z,3,3,3,3,3,3,1,0,0,3,805.1669813803958,58.05141800608592,,,,,,,,40.674118569429616,821.3187772268947,123.0,PS_047,,,3.6781438072273525
30.159263432376576,5.704251354411445,2025-03-05T15:45:00Z,4,4,4,4,4,4,1,0,0,4,966.7935599186588,60.71420148150386,,,,,,,,41.96350867249513,956.3316163808623,123.0,PS_047,,,3.274700565218281
30.892438258538224,12.730863497469835,2025-03-05T16:00:00Z,4,4,4,4,4,4,1,0,0,4,1058.09461959254,63.796591492878825,,,,,,,,46.11904311650131,1036.9850530722613,123.0,PS_047,,,3.7650775871789537
31.007314903117507,19.777379495478332,2025-03-05T16:15:00Z,3,3,3,3,3,3,1,0,0,3,1052.3712861682714,62.42887344211585,,,,,,,,46.78441502054554,1046.4146419120375,123.0,PS_047,,,2.7953719404496415
31.36517979286208,19.959999215716408,2025-03-05T16:30:00Z,4,4,4,4,4,4,1,0,0,4,1033.5612744226482,62.9124599153378,,,,,,,,48.8138776594914,1035.3063118854695,123.0,PS_047,,,4.3800357785674
31.54707804751543,11.294506035881414,2025-03-05T16:45:00Z,4,4,4,4,4,4,1,0,0,4,909.9645599374095,57.05468018020415,,,,,,,,46.739425232295936,925.8325728780073,123.0,PS_047,,,4.7101448468365135
31.6948400690736,16.172735668033106,2025-03-05T17:00:00Z,3,3,3,3,3,3,1,0,0,3,1023.8462394565443,63.75047911049795,,,,,,,,47.520451297040424,1064.529261347437,123.0,PS_047,,,4.060766034177536
32.46227297931822,17.408460140374512,2025-03-05T17:15:00Z,4,4,4,4,4,4,1,0,0,4,1104.537822435797,72.52230049623967,,,,,,,,51.656338370321016,1160.5846617425473,123.0,PS_047,,,3.0372526394749375
30.918273539498713,18.24800563930174,2025-03-05T17:30:00Z,3,3,3,3,3,3,1,0,0,3,306.64268207282174,35.069613976467174,,,,,,,,43.104744663894024,278.48262721646984,123.0,PS_047,,,3.7885926288608993
29.910570149663194,7.339823897541516,2025-03-05T17:45:00Z,4,4,4,4,4,4,1,0,0,4,141.10324572924603,23.676750139083694,,,,,,,,32.245564449372324,110.21357600178345,123.0,PS_047,,,2.5843238398648363
29.374176068049895,17.258394827164377,2025-03-05T18:00:00Z,3,3,3,3,3,3,1,0,0,3,74.55270483986756,15.455434814781555,,,,,,,,29.53395091854185,55.54753721631725,123.0,PS_047,,,1.8542634545502876
28.705121233016214,6.4625366237064625,2025-03-05T18:15:00Z,4,4,4,4,4,4,1,0,0,4,44.395142634079434,12.154431823715921,,,,,,,,28.046985440838807,32.828864814569144,123.0,PS_047,,,0.9756528346296619
28.097485961068156,9.908863058134752,2025-03-05T18:30:00Z,3,3,3,3,3,3,1,0,0,3,24.82323648617598,8.132409586674921,,,,,,,,27.014669876421,16.40737275219608,123.0,PS_047,,,2.1581870534799164
25.576526901523145,13.293409573413793,2025-03-05T18:45:00Z,3,3,3,3,3,3,1,0,0,3,22.059794912590366,5.812928482430299,,,,,,,,25.327764391639928,15.966765658915113,123.0,PS_047,,,3.490194483493505
24.560149672146576,10.552610375960233,2025-03-05T19:00:00Z,4,4,4,4,4,4,1,0,0,4,19.902335514333565,5.091089434131573,,,,,,,,23.768168993331592,13.309816039434347,123.0,PS_047,,,3.827611626071646
24.473209618351966,10.284392038447645,2025-03-05T19:15:00Z,3,3,3,3,3,3,1,0,0,3,15.352672233740297,3.7895064486729284,,,,,,,,23.564227650196784,9.815444237667858,123.0,PS_047,,,2.930193455094337
24.0111468369942,8.068481846316132,2025-03-05T19:30:00Z,4,4,4,4,4,4,1,0,0,4,18.142552895754815,4.174005585009771,,,,,,,,22.995060484064016,10.618752092623614,123.0,PS_047,,,2.369465045499251
23.995334527533327,13.152742649083235,2025-03-05T19:45:00Z,4,4,4,4,4,4,1,0,0,4,13.850898490330083,3.855261311849627,,,,,,,,22.60000038146973,7.636610170327897,123.0,PS_047,,,3.3578376958521012
23.517197011398363,16.859710192433994,2025-03-05T20:00:00Z,3,3,3,3,3,3,1,0,0,3,11.850071725600175,2.0762505137620044,,,,,,,,22.247970644514336,7.300076840454875,123.0,PS_047,,,3.81416918381623
23.149903295141193,11.981071011867737,2025-03-05T20:15:00Z,2,2,2,2,2,2,1,0,0,2,5.070879445025984,0.560289024976001,,,,,,,,21.0,4.843088104869127,123.0,PS_047,,,3.9520308282622345
21.757463521135733,10.31062145117477,2025-03-05T20:30:00Z,4,4,4,4,4,4,1,0,0,4,5.797000195613721,0.8552864385336978,,,,,,,,20.224972184730056,4.883687383774588,124.5999984741211,PS_047,,,2.815532008567965
20.617669378043175,8.90181037556875,2025-03-05T20:45:00Z,4,4,4,4,4,4,1,0,0,4,4.5324746414294905,0.27001335572092505,,,,,,,,18.87085959715543,4.2423812507841285,133.60000610351562,PS_047,,,1.499785710604347
20.723941060559792,11.192573614844376,2025-03-05T21:00:00Z,3,3,3,3,3,3,1,0,0,3,4.71174758043795,0.2154615911479319,,,,,,,,18.89101230884977,4.358255827855046,133.8000030517578,PS_047,,,2.588392373367983
21.288291038986507,5.8780288283235675,2025-03-05T21:15:00Z,3,3,3,3,3,3,1,0,0,3,4.959124727673641,0.1339485388385838,,,,,,,,19.05808799051686,4.6337564770707775,134.0,PS_047,,,2.4267017227200016
21.36145907397101,8.415082605755504,2025-03-05T21:30:00Z,4,4,4,4,4,4,1,0,0,4,4.899815397278853,0.013312051224165322,,,,,,,,19.77224124745744,4.767227387812408,134.0,PS_047,,,2.8616660549195063
21.030390167517545,8.765406719061584,2025-03-05T21:45:00Z,3,3,3,3,3,3,1,0,0,3,2.1648293822091635,-0.0972331739813501,,,,,,,,19.10731416131029,2.026955833628399,134.0,PS_047,,,2.1121877593907086
20.715485283905256,3.3455969632077514,2025-03-05T22:00:00Z,4,4,4,4,4,4,1,0,0,4,0.28958281571936995,-0.31355072978366777,,,,,,,,18.924304951173113,0.16735934326542282,134.0,PS_047,,,1.2203835427965313
20.71019074496897,1.2620856733483732,2025-03-05T22:15:00Z,3,3,3,3,3,3,1,0,0,3,-0.47590937090469027,-0.3790866935840939,,,,,,,,18.637475319028567,-0.684633574229164,134.0,PS_047,,,0.19415906131713215
20.820628454099097,1.1947500705718996,2025-03-05T22:30:00Z,4,4,4,4,4,4,1,0,0,4,-0.6574121342232762,-0.33594782501529385,,,,,,,,18.89479903504482,-0.5771197145301213,134.0,PS_047,,,0.9182962567093215
20.808040141975464,1.1947500705718994,2025-03-05T22:45:00Z,3,3,3,3,3,3,1,0,0,3,-0.6754829784478561,-0.34303634518228715,,,,,,,,18.77164863097539,-0.5397192372103355,134.0,PS_047,,,0.5019356862568688
20.62788023409785,1.1947500705718992,2025-03-05T23:00:00Z,4,4,4,4,4,4,1,0,0,4,-0.6225463709309283,-0.34736363009431526,,,,,,,,18.799999237060547,-0.5479395834494397,134.0,PS_047,,,0.721782505227549
20.920506486126104,1.1947500705718994,2025-03-05T23:15:00Z,3,3,3,3,3,3,1,0,0,3,-0.6419958775628585,-0.24663244532872974,,,,,,,,19.046365817071084,-0.5912785599483684,134.0,PS_047,,,0.03246950381810333
21.02448259246915,1.1947500705718994,2025-03-05T23:30:00Z,4,4,4,4,4,4,1,0,0,4,-0.7036345958237441,-0.23325844285819183,,,,,,,,18.715220608091116,-0.7840459905440331,134.0,PS_047,,,0.0802082751929778
20.809770732237183,1.1947500705718994,2025-03-05T23:45:00Z,3,3,3,3,3,3,1,0,0,3,-0.71239854141479,-0.2973227608149915,,,,,,,,18.766357689139088,-0.6722395075448099,134.0,PS_047,,,0.3043781600111309
20.638822628779582,1.1947500705718996,2025-03-06T00:00:00Z,4,4,4,4,4,4,1,0,0,4,-0.7343307186541528,-0.36155260288631885,,,,,,,,18.4172357299782,-0.6120593908350263,134.0,PS_047,,,0.5900691851882003
20.601125873536606,1.1947500705718994,2025-03-06T00:15:00Z,3,3,3,3,3,3,1,0,0,3,-0.6774942291807206,-0.27552823940825344,,,,,,,,18.529975163580385,-0.6819171443756222,134.0,PS_047,,,0.0011826415799395605
20.51517566111176,1.1947500705718994,2025-03-06T00:30:00Z,4,4,4,4,4,4,1,0,0,4,-0.7354946131740057,-0.3232772664944729,,,,,,,,18.586611771844513,-0.7259928652131891,134.0,PS_047,,,0.014609515434191062
20.53940635596024,1.1947500705718992,2025-03-06T00:45:00Z,3,3,3,3,3,3,1,0,0,3,-0.7207285505975108,-0.25381775334152096,,,,,,,,18.04950152416374,-0.6802199205386881,134.0,PS_047,,,0.0
20.717318783366522,1.1973167284892265,2025-03-06T01:00:00Z,4,4,4,4,4,4,1,0,0,4,-0.6417050909707451,-0.2264981327911645,,,,,,,,18.4902069345413,-0.5930754076921523,134.0,PS_047,,,0.04948995045945022
20.37194323279948,1.1947500705718994,2025-03-06T01:15:00Z,4,4,4,4,4,4,1,0,0,4,-0.4893072135180795,-0.28879358224511553,,,,,,,,18.600000381469727,-0.44268518015698055,134.0,PS_047,,,0.3881972187832395
20.362905549540308,1.1947500705718994,2025-03-06T01:30:00Z,3,3,3,3,3,3,1,0,0,3,-0.6913196461748817,-0.3543660388791406,,,,,,,,18.342295004470095,-0.496552369538976,134.0,PS_047,,,0.25172584635356016
20.294000763012974,1.1947500705718994,2025-03-06T01:45:00Z,4,4,4,4,4,4,1,0,0,4,-0.8161991071857484,-0.337799271470645,,,,,,,,18.0,-0.5194003847131885,134.1999969482422,PS_047,,,0.5376840209337639
19.964368823355215,1.1947500705718994,2025-03-06T02:00:00Z,4,4,4,4,4,4,1,0,0,4,-0.6327663094131541,-0.36678592072416705,,,,,,,,17.928020587489215,-0.6044793285141682,134.1999969482422,PS_047,,,0.8433924135861792
20.035186704077603,1.1947500705718994,2025-03-06T02:15:00Z,3,3,3,3,3,3,1,0,0,3,-0.6126600261892647,-0.254342301645428,,,,,,,,18.24006090226757,-0.5107600720646448,134.1999969482422,PS_047,,,0.4394259926734227
20.345212760859322,1.1947500705718996,2025-03-06T02:30:00Z,4,4,4,4,4,4,1,0,0,4,-0.5593265814309808,-0.24954809385104576,,,,,,,,18.7963180650663,-0.4487580889333773,134.1999969482422,PS_047,,,1.0567016532222533
20.352338836338593,1.1947500705718996,2025-03-06T02:45:00Z,3,3,3,3,3,3,1,0,0,3,-0.538178780818189,-0.289755274650203,,,,,,,,18.600000381469727,-0.5235544324318703,134.1999969482422,PS_047,,,0.9620928629304695
20.19327286697562,1.1947500705718994,2025-03-06T03:00:00Z,4,4,4,4,4,4,1,0,0,4,-0.8041580917102255,-0.38763593556435055,,,,,,,,18.113119913835746,-0.7046883157191483,134.1999969482422,PS_047,,,0.835272511456063
19.935304711815697,1.1947500705718994,2025-03-06T03:15:00Z,4,4,4,4,4,4,1,0,0,4,-0.741867089957834,-0.38727555473105757,,,,,,,,17.799999237060547,-0.6374018041831446,134.1999969482422,PS_047,,,0.7104667174846255
19.803329467773438,1.1947500705718994,2025-03-06T03:30:00Z,3,3,3,3,3,3,1,0,0,3,-0.7810462540879015,-0.3702329518187562,,,,,,,,17.799999237060547,-0.7559894945795204,134.1999969482422,PS_047,,,0.6521188352506898
19.830673203473765,1.1947500705718996,2025-03-06T03:45:00Z,4,4,4,4,4,4,1,0,0,4,-0.9489628842512026,-0.3351633619924812,,,,,,,,17.45283507260703,-0.7390378005884282,134.1999969482422,PS_047,,,0.7305866222445159
19.71999286172084,1.1947500705718994,2025-03-06T04:00:00Z,4,4,4,4,4,4,1,0,0,4,-0.9107398131047391,-0.30325612552584696,,,,,,,,17.247765403817287,-0.8477530393541138,134.1999969482422,PS_047,,,0.11320861596312681
19.683089855007076,1.1947500705718994,2025-03-06T04:15:00Z,3,3,3,3,3,3,1,0,0,3,-0.9743073316489097,-0.31705337415142254,,,,,,,,17.436238572057945,-0.9410909920374395,134.1999969482422,PS_047,,,0.9170382861556693
19.862981938530613,1.1947500705718994,2025-03-06T04:30:00Z,4,4,4,4,4,4,1,0,0,4,-0.9146138994768386,-0.29669517747190743,,,,,,,,17.5,-0.8989097585294431,134.1999969482422,PS_047,,,1.1484288365249244
19.930004119873047,1.1947500705718996,2025-03-06T04:45:00Z,3,3,3,3,3,3,1,0,0,3,-0.8922924967152502,-0.36446113018993315,,,,,,,,17.69299455558817,-0.7878649585987937,134.1999969482422,PS_047,,,1.4049020329375965
19.95029359318007,1.1947500705718992,2025-03-06T05:00:00Z,4,4,4,4,4,4,1,0,0,4,-0.794382732034433,-0.33740543072082696,,,,,,,,17.537430057182767,-0.8192984424052083,134.1999969482422,PS_047,,,0.18058266823210992
19.95757883323435,1.1947500705718992,2025-03-06T05:15:00Z,4,4,4,4,4,4,1,0,0,4,-0.8421103704465326,-0.3107327686701313,,,,,,,,17.328834157614597,-0.7086177516371982,134.1999969482422,PS_047,,,0.0
19.9332214236213,1.1947500705718994,2025-03-06T05:30:00Z,3,3,3,3,3,3,1,0,0,3,-0.8465961789945596,-0.2882622099687878,,,,,,,,17.5,-0.7406173034038616,134.1999969482422,PS_047,,,0.3520779446542973
19.767447860907513,1.1947500705718992,2025-03-06T05:45:00Z,4,4,4,4,4,4,1,0,0,4,-0.8860296041781983,-0.30719778287718713,,,,,,,,17.425208002786267,-0.6576770693667974,134.1999969482422,PS_047,,,0.2595449089219022
19.603463203902496,1.1947500705718994,2025-03-06T06:00:00Z,3,3,3,3,3,3,1,0,0,3,-0.867642601759433,-0.3298283727424011,,,,,,,,17.38313964142344,-0.6443550213133904,134.1999969482422,PS_047,,,0.5322822714019835
19.4803268691083,1.1947500705718992,2025-03-06T06:15:00Z,4,4,4,4,4,4,1,0,0,4,-0.793154269533291,-0.31455751574690116,,,,,,,,17.070810796547672,-0.9488916615386902,134.1999969482422,PS_047,,,0.045738750200122115
19.43231273014982,1.1947500705718994,2025-03-06T06:30:00Z,4,4,4,4,4,4,1,0,0,4,-0.9051032036917361,-0.3029288188918068,,,,,,,,17.252723954147747,-0.7824715862846028,134.1999969482422,PS_047,,,0.7048064806074853
19.232977491604483,1.1947500705718994,2025-03-06T06:45:00Z,3,3,3,3,3,3,1,0,0,3,-0.8602102557682938,-0.2817781349326581,,,,,,,,16.792037447535144,-0.8572302238841908,134.1999969482422,PS_047,,,0.0
19.22615959846196,1.1947500705718994,2025-03-06T07:00:00Z,4,4,4,4,4,4,1,0,0,4,-0.8711302237534363,-0.29791159035590403,,,,,,,,17.046121220838845,-0.736071466148889,134.1999969482422,PS_047,,,0.8644688131074183
19.325498775499167,1.1947500705718994,2025-03-06T07:15:00Z,3,3,3,3,3,3,1,0,0,3,-0.8189361737080836,-0.2604743563040917,,,,,,,,17.419657593963496,-0.8193691926051561,134.1999969482422,PS_047,,,0.8793890037882499
19.37437732508054,1.1947500705718994,2025-03-06T07:30:00Z,4,4,4,4,4,4,1,0,0,4,-0.7780123500309505,-0.2400969682998342,,,,,,,,17.400612490006964,-0.8141670408884346,134.1999969482422,PS_047,,,0.8205569282349475
19.411637821836834,1.1947500705718994,2025-03-06T07:45:00Z,4,4,4,4,4,4,1,0,0,4,-0.8375940934148618,-0.2627892592332131,,,,,,,,17.41588159532316,-0.8010280718664455,134.1999969482422,PS_047,,,1.1135837929864394
19.488947308806967,1.1947500705718996,2025-03-06T08:00:00Z,3,3,3,3,3,3,1,0,0,3,-0.8109896778105445,-0.23604910385228306,,,,,,,,17.46915986144045,-0.8024051026432774,134.1999969482422,PS_047,,,1.0165279830943228
19.498352500870386,1.1947500705718996,2025-03-06T08:15:00Z,4,4,4,4,4,4,1,0,0,4,-0.8604782791826561,-0.2965571589559008,,,,,,,,17.299999237060547,-0.9029364726298824,134.1999969482422,PS_047,,,0.7553757208325809
19.360969089024103,1.1947500705718994,2025-03-06T08:30:00Z,3,3,3,3,3,3,1,0,0,3,-0.8949195751433341,-0.34067427449857945,,,,,,,,17.0,-1.0028254447671758,134.1999969482422,PS_047,,,0.12545452764145026
19.400822506299374,1.1947500705718994,2025-03-06T08:45:00Z,4,4,4,4,4,4,1,0,0,4,-1.0016614170744573,-0.30962874694533843,,,,,,,,16.745727581736254,-0.8251481485597678,134.1999969482422,PS_047,,,0.759869553119407
19.579119974282374,1.1983849886919489,2025-03-06T09:00:00Z,3,3,3,3,3,3,1,0,0,3,-0.9947477821451601,-0.301363240220833,,,,,,,,17.248711867564104,-0.9756502450139539,134.1999969482422,PS_047,,,1.1516488557263946
19.393830332765653,2.152190446671115,2025-03-06T09:15:00Z,4,4,4,4,4,4,1,0,0,4,-0.8175406708056813,-0.34889232485115335,,,,,,,,16.688097216773105,-0.409456821500098,134.1999969482422,PS_047,,,0.04621003954027051
19.091066735841817,7.439396059830812,2025-03-06T09:30:00Z,4,4,4,4,4,4,1,0,0,4,2.9796838188807087,0.14318121383553103,,,,,,,,16.194701346748026,4.928419701908082,134.1999969482422,PS_047,,,0.5653510697749532
19.478118036222003,13.995912932663803,2025-03-06T09:45:00Z,3,3,3,3,3,3,1,0,0,3,15.235776496879526,1.935737005543234,,,,,,,,17.34839936717174,15.859409705647083,134.1999969482422,PS_047,,,0.6588297078925874
19.766396355065808,12.792889494509751,2025-03-06T10:00:00Z,4,4,4,4,4,4,1,0,0,4,34.9201103307543,4.11377209505665,,,,,,,,16.556399785310226,44.43075933227193,134.1999969482422,PS_047,,,1.0878498085263766
20.537121775949917,5.368092466473246,2025-03-06T10:15:00Z,3,3,3,3,3,3,1,0,0,3,68.67521737992546,7.227551489664869,,,,,,,,18.42814659112362,110.32926678097807,134.1999969482422,PS_047,,,1.0067300031251927
21.783986935149194,5.372291279484381,2025-03-06T10:30:00Z,4,4,4,4,4,4,1,0,0,4,119.94196311066918,14.97729427526384,,,,,,,,20.660854404824942,229.7047705121593,134.1999969482422,PS_047,,,0.5874880138811497
22.63908903364543,19.036381287225566,2025-03-06T10:45:00Z,4,4,4,4,4,4,1,0,0,4,221.19445704725203,33.41003512337128,,,,,,,,23.825930969334593,459.6828433180482,134.1999969482422,PS_047,,,1.6160868236812918
23.442982161941405,21.580945114266164,2025-03-06T11:00:00Z,3,3,3,3,3,3,1,0,0,3,282.62370827226226,36.37058976987556,,,,,,,,29.45790655390095,589.2619067392312,134.1999969482422,PS_047,,,1.4143688745409122
24.361469173876234,16.02489934911027,2025-03-06T11:15:00Z,4,4,4,4,4,4,1,0,0,4,315.8634879665085,29.001946402424743,,,,,,,,37.906724746042066,699.612006795464,134.1999969482422,PS_047,,,1.447309696757586
25.400943716086505,14.467267891503356,2025-03-06T11:30:00Z,3,3,3,3,3,3,1,0,0,3,395.08617147396154,32.53150561880041,,,,,,,,45.16729787610024,860.0352638755768,134.1999969482422,PS_047,,,0.922795186102781
26.010988848283414,15.49552065335219,2025-03-06T11:45:00Z,4,4,4,4,4,4,1,0,0,4,467.6642359735133,44.839605796823406,,,,,,,,50.74329980682728,941.2169663249009,134.1999969482422,PS_047,,,1.5913269846024083
26.868905296059907,15.769521610295142,2025-03-06T12:00:00Z,3,3,3,3,3,3,1,0,0,3,533.293615927647,50.82984416759507,,,,,,,,53.713852381400784,971.3251057941627,134.1999969482422,PS_047,,,1.945299593706159
27.209850531786635,13.900443748828119,2025-03-06T12:15:00Z,4,4,4,4,4,4,1,0,0,4,585.9264131289116,55.816008596338754,,,,,,,,54.5199809769277,964.2514603297327,134.1999969482422,PS_047,,,1.9441885967607397
27.71051822677841,14.894853914354535,2025-03-06T12:30:00Z,3,3,3,3,3,3,1,0,0,3,622.4445728338303,56.874512179814346,,,,,,,,54.407204846539784,938.1779983338995,134.1999969482422,PS_047,,,1.4475824124463785
28.49518272971009,5.631035992278009,2025-03-06T12:45:00Z,4,4,4,4,4,4,1,0,0,4,690.9891959604033,58.688802463290116,,,,,,,,55.93864601146282,966.5167300458404,134.1999969482422,PS_047,,,1.4709274850955536
29.407373748149258,7.6716220851231265,2025-03-06T13:00:00Z,4,4,4,4,4,4,1,0,0,4,751.7663362184151,60.287936888951954,,,,,,,,56.77361901737616,987.2861787715736,134.1999969482422,PS_047,,,1.2333472851692209
29.26554079234316,11.87881050903691,2025-03-06T13:15:00Z,3,3,3,3,3,3,1,0,0,3,758.0135632086735,57.8864784857682,,,,,,,,54.89548739228703,946.5533361992776,134.1999969482422,PS_047,,,2.2477336906446097
29.845495284586825,5.632463425033727,2025-03-06T13:30:00Z,4,4,4,4,4,4,1,0,0,4,827.5312815258097,61.65387148334152,,,,,,,,55.35701254027498,982.8476287279595,134.1999969482422,PS_047,,,2.5055468713454063
30.215035320846624,20.368069385776998,2025-03-06T13:45:00Z,3,3,3,3,3,3,1,0,0,3,860.1070437963241,66.08611493110261,,,,,,,,55.97548620057908,961.278416485326,134.1999969482422,PS_047,,,2.828957183377225
29.728730901534004,17.76477104907892,2025-03-06T14:00:00Z,4,4,4,4,4,4,1,0,0,4,669.4248083594726,57.321623462671496,,,,,,,,51.508232630493104,702.5279075475186,134.1999969482422,PS_047,,,3.147471917665637
29.792305276665832,8.503291319368747,2025-03-06T14:15:00Z,3,3,3,3,3,3,1,0,0,3,914.6715723113558,67.1244538763642,,,,,,,,44.1288198754102,950.5231997171262,134.1999969482422,PS_047,,,3.561778885525702
30.12999500285372,14.52936454272014,2025-03-06T14:30:00Z,4,4,4,4,4,4,1,0,0,4,618.3822904052764,48.006521572138844,,,,,,,,46.24293363106417,634.2552799019347,134.1999969482422,PS_047,,,2.6075439328374386
31.26653751292229,5.649929958517149,2025-03-06T14:45:00Z,3,3,3,3,3,3,1,0,0,3,968.4240716443326,60.5136136449881,,,,,,,,51.01307543545742,989.2947255280204,134.1999969482422,PS_047,,,4.122226180588932
30.632032075628867,9.968628387945374,2025-03-06T15:00:00Z,3,3,3,3,3,3,1,0,0,3,727.0063065823344,48.43458895976068,,,,,,,,47.87256909793559,723.350814507158,134.1999969482422,PS_047,,,3.3760228864185335
31.065075007558757,14.80117784846058,2025-03-06T15:15:00Z,4,4,4,4,4,4,1,0,0,4,1072.690008333404,63.98619000752329,,,,,,,,50.201846921703016,1063.9048795815552,134.1999969482422,PS_047,,,2.6890100378130066
31.106194738066257,9.312879318097497,2025-03-06T15:30:00Z,3,3,3,3,3,3,1,0,0,3,1007.4869909339719,59.20329830193753,,,,,,,,50.2818919793198,996.1992976679387,134.1999969482422,PS_047,,,3.5552566071411342
30.687436075420067,14.788405197615491,2025-03-06T15:45:00Z,4,4,4,4,4,4,1,0,0,4,879.966663519258,52.142696357516215,,,,,,,,43.20035920414674,878.3794590259673,134.1999969482422,PS_047,,,3.689008706977163
30.929844820486228,5.710802620719208,2025-03-06T16:00:00Z,3,3,3,3,3,3,1,0,0,3,1141.559433039483,65.89601074167197,,,,,,,,44.29533812358183,1121.7152556102337,134.1999969482422,PS_047,,,3.8251798298269826
31.348918344604662,21.88403399955247,2025-03-06T16:15:00Z,4,4,4,4,4,4,1,0,0,4,895.1656561768347,48.16314075131667,,,,,,,,47.96146253423747,852.5083643097095,134.1999969482422,PS_047,,,2.456728639780465
31.969506323226092,10.513357085384449,2025-03-06T16:30:00Z,3,3,3,3,3,3,1,0,0,3,915.8881300776853,52.60149660695264,,,,,,,,50.42413396136233,926.8147768881893,134.1999969482422,PS_047,,,2.859540316571203
31.972856109589788,19.71462399026462,2025-03-06T16:45:00Z,4,4,4,4,4,4,1,0,0,4,979.7467035883203,59.96448864119,,,,,,,,49.82085299976266,1006.2917929471745,134.1999969482422,PS_047,,,2.7701238965379407
31.62544242417551,10.202594709405675,2025-03-06T17:00:00Z,3,3,3,3,3,3,1,0,0,3,615.1263631390228,44.251839451027216,,,,,,,,47.32691441732455,642.6475804671697,134.1999969482422,PS_047,,,4.882864215767114
31.711299216839233,19.549244403668148,2025-03-06T17:15:00Z,4,4,4,4,4,4,1,0,0,4,733.9878015808323,55.905861367300254,,,,,,,,44.68353975294123,782.6076812112374,134.1999969482422,PS_047,,,2.5699315411651047
30.977877514312368,5.595051530109834,2025-03-06T17:30:00Z,3,3,3,3,3,3,1,0,0,3,442.18343703319863,45.33623307581096,,,,,,,,41.01770691701534,458.02552758148477,134.1999969482422,PS_047,,,2.230951353099063
31.187207711856683,8.670359541640314,2025-03-06T17:45:00Z,3,3,3,3,3,3,1,0,0,3,545.4946640186903,56.51300855804575,,,,,,,,40.066580700521975,557.3028487209724,134.1999969482422,PS_047,,,3.3946739032938393
30.963742483610392,7.606587643883471,2025-03-06T18:00:00Z,4,4,4,4,4,4,1,0,0,4,511.56316652874347,60.968621864853276,,,,,,,,39.0966291411508,508.38719626382175,134.1999969482422,PS_047,,,3.3960803732093283
31.817949097394735,5.632424907183519,2025-03-06T18:15:00Z,3,3,3,3,3,3,1,0,0,3,799.9582514038653,83.76743056235546,,,,,,,,46.03785526391423,863.5385548920768,134.1999969482422,PS_047,,,3.350407381869281
31.898407966547726,12.719964122128049,2025-03-06T18:30:00Z,4,4,4,4,4,4,1,0,0,4,807.2069279201055,87.76507255094789,,,,,,,,45.72117223845376,890.7234516089804,134.1999969482422,PS_047,,,3.8535561626067794
32.30558424820054,5.685155658920726,2025-03-06T18:45:00Z,3,3,3,3,3,3,1,0,0,3,948.9809496641045,99.88382427807836,,,,,,,,52.30921956665726,1142.2246642640464,134.1999969482422,PS_047,,,2.4093484332993147
32.83954518102978,19.87308204548922,2025-03-06T19:00:00Z,3,3,3,3,3,3,1,0,0,3,924.7294016556524,103.31982913081907,,,,,,,,53.95738494965244,1175.363532704774,134.1999969482422,PS_047,,,4.5765543744123365
32.31356108001768,21.85957307991893,2025-03-06T19:15:00Z,4,4,4,4,4,4,1,0,0,4,827.637045305018,101.41261784132118,,,,,,,,53.89145777240424,1107.1041300523736,134.1999969482422,PS_047,,,3.7739762552412826
30.995186990650776,8.404992175826761,2025-03-06T19:30:00Z,3,3,3,3,3,3,1,0,0,3,400.5680497128088,76.3160192898977,,,,,,,,46.63148251512713,463.40141189785817,134.1999969482422,PS_047,,,3.9152197515506657
30.57811272051499,13.74499900429221,2025-03-06T19:45:00Z,4,4,4,4,4,4,1,0,0,4,438.22860400803205,74.45512152317552,,,,,,,,40.25725141477333,596.8731155063605,134.1999969482422,PS_047,,,3.7066106991097745
30.18584550056559,5.53762874543275,2025-03-06T20:00:00Z,3,3,3,3,3,3,1,0,0,3,227.23052612570473,40.386555421103765,,,,,,,,38.66112605167941,218.18140665368068,134.1999969482422,PS_047,,,3.524140565050986
29.695303164596336,18.588444224427004,2025-03-06T20:15:00Z,4,4,4,4,4,4,1,0,0,4,172.77786407449548,24.081148488350305,,,,,,,,32.96254230426783,167.38416157359748,134.1999969482422,PS_047,,,2.996007804511713
29.285758687969135,18.933134385019574,2025-03-06T20:30:00Z,3,3,3,3,3,3,1,0,0,3,126.11971284786931,16.911507560344525,,,,,,,,30.344633760260855,119.07519336549748,134.1999969482422,PS_047,,,2.880244819587831
28.719772742676902,17.847033966869205,2025-03-06T20:45:00Z,3,3,3,3,3,3,1,0,0,3,100.7939204008223,12.185787011078357,,,,,,,,28.37636707088619,100.97583951440686,134.1999969482422,PS_047,,,1.9437426216384452
28.13123484468874,13.269963749484834,2025-03-06T21:00:00Z,4,4,4,4,4,4,1,0,0,4,81.10789862704829,9.066780560634335,,,,,,,,27.427050836263145,87.52525712672657,134.1999969482422,PS_047,,,2.149032471855001
27.771495487745483,5.38668679727548,2025-03-06T21:15:00Z,3,3,3,3,3,3,1,0,0,3,70.21446989259077,7.186497858321856,,,,,,,,26.299999237060547,81.98368221518851,134.1999969482422,PS_047,,,2.503015312271765
27.0074708474378,7.482108626313882,2025-03-06T21:30:00Z,5,5,5,5,5,5,1,0,0,5,38.642133153442046,4.306109014604647,,,,,,,,25.48468921493758,41.94505157226781,134.1999969482422,PS_047,,,1.9082374149600951
26.228554137470926,8.538255863542128,2025-03-06T21:45:00Z,3,3,3,3,3,3,1,0,0,3,9.488807163011318,1.0476821891504333,,,,,,,,23.629418815523366,9.727273607224557,134.1999969482422,PS_047,,,1.1830673869578479
25.66822673585652,6.235574507011428,2025-03-06T22:00:00Z,3,3,3,3,3,3,1,0,0,3,0.03913026662466778,-0.2764484443848978,,,,,,,,22.091880606104578,-0.17460638753400462,134.1999969482422,PS_047,,,1.5994754562656273
24.971103412526812,1.4408036043914865,2025-03-06T22:15:00Z,4,4,4,4,4,4,1,0,0,4,-1.6549698082436963,-0.7759068513512857,,,,,,,,21.239910793240686,-1.421269346781893,134.1999969482422,PS_047,,,0.5637194867670656
24.989960199511163,1.1947500705718994,2025-03-06T22:30:00Z,3,3,3,3,3,3,1,0,0,3,-1.6825608629777529,-0.6279192204179295,,,,,,,,20.647428661860502,-1.4369014823747361,134.1999969482422,PS_047,,,0.888778622583531
24.071392637179205,1.1947500705718994,2025-03-06T22:45:00Z,3,3,3,3,3,3,1,0,0,3,-1.546886565592469,-0.46582006922026375,,,,,,,,20.349100314348146,-1.480803145463165,134.1999969482422,PS_047,,,0.6268332906535425
23.683343943407,1.1947500705718994,2025-03-06T23:00:00Z,4,4,4,4,4,4,1,0,0,4,-1.446307444955038,-0.4696089124538304,,,,,,,,19.99018092229044,-1.4095793431409842,134.1999969482422,PS_047,,,1.5523576100227208
23.61323010933294,1.1947500705718996,2025-03-06T23:15:00Z,3,3,3,3,3,3,1,0,0,3,-1.4398125897537015,-0.3840725793801149,,,,,,,,19.95369007759327,-1.1785929404292395,134.1999969482422,PS_047,,,1.3674712131354685
23.718172375032438,1.1947500705718996,2025-03-06T23:30:00Z,4,4,4,4,4,4,1,0,0,4,-1.4874482158301747,-0.37366470639455723,,,,,,,,19.64727777220926,-1.2679568176480398,134.1999969482422,PS_047,,,0.46595816459004336
23.294330615488626,1.1947500705718994,2025-03-06T23:45:00Z,3,3,3,3,3,3,1,0,0,3,-1.4774832078718467,-0.4285299152466137,,,,,,,,19.600000381469723,-1.261087504904978,134.1999969482422,PS_047,,,0.5957512390991178
23.03267675710896,1.1947500705718994,2025-03-07T00:00:00Z,4,4,4,4,4,4,1,0,0,4,-1.4040253589493628,-0.41593052569125305,,,,,,,,19.364863047070884,-1.3260338621389547,134.1999969482422,PS_047,,,0.89970236088534
22.243310160105455,1.1947500705718994,2025-03-07T00:15:00Z,3,3,3,3,3,3,1,0,0,3,-1.4995496946921065,-0.4263927057557823,,,,,,,,18.837440774581054,-1.4772461381247073,134.1999969482422,PS_047,,,0.6708164336160937
22.383997154229373,1.1947500705718992,2025-03-07T00:30:00Z,4,4,4,4,4,4,1,0,0,4,-1.5208504991428138,-0.3383563043870679,,,,,,,,18.600000381469723,-1.3694569313664227,134.1999969482422,PS_047,,,0.8080161633948252
22.623900689804515,1.1947500705718994,2025-03-07T00:45:00Z,3,3,3,3,3,3,1,0,0,3,-1.4029585021032283,-0.2439261429442783,,,,,,,,18.552740572653022,-1.1406522371919146,134.1999969482422,PS_047,,,1.0867955998609793
22.240731059118154,1.1947500705718992,2025-03-07T01:00:00Z,4,4,4,4,4,4,1,0,0,4,-1.4785781200121646,-0.3341124563944988,,,,,,,,18.469535792103763,-1.030563576851374,134.1999969482422,PS_047,,,1.440226923773828
22.8329191988163,1.1947500705718992,2025-03-07T01:15:00Z,4,4,4,4,4,4,1,0,0,4,-1.4623665241264454,-0.17114062656597515,,,,,,,,18.882776856547398,-0.945937221955396,134.1999969482422,PS_047,,,1.1999380509521391
22.617211083137363,1.1947500705718992,2025-03-07T01:30:00Z,3,3,3,3,3,3,1,0,0,3,-1.5349566235448364,-0.29721398558138906,,,,,,,,18.8481871859198,-1.1023538315838757,134.1999969482422,PS_047,,,1.4654909730887655
22.616494890910676,1.1947500705718996,2025-03-07T01:45:00Z,4,4,4,4,4,4,1,0,0,4,-1.5853988154924905,-0.30771827087538256,,,,,,,,18.941979045589104,-1.1484192769253978,134.1999969482422,PS_047,,,1.4607877711033606
22.40077039066951,1.1947500705718994,2025-03-07T02:00:00Z,3,3,3,3,3,3,1,0,0,3,-1.5806943770014545,-0.3292191304850543,,,,,,,,18.681332461540578,-1.2712025562264109,134.1999969482422,PS_047,,,1.295039330790473
22.055602635889034,1.1947500705718994,2025-03-07T02:15:00Z,4,4,4,4,4,4,1,0,0,4,-1.468697309029209,-0.3767167258802541,,,,,,,,18.57596559942113,-1.0991757379256006,134.1999969482422,PS_047,,,1.3365753158922813
22.069104012250826,1.1947500705718992,2025-03-07T02:30:00Z,4,4,4,4,4,4,1,0,0,4,-1.5220833981095196,-0.3749250408210598,,,,,,,,18.2607394534766,-1.2641909091806363,134.1999969482422,PS_047,,,0.6965399902301498
21.960302729148143,1.1947500705718994,2025-03-07T02:45:00Z,3,3,3,3,3,3,1,0,0,3,-1.531187540694249,-0.34296892413819985,,,,,,,,18.0,-1.2414579520289941,134.1999969482422,PS_047,,,1.3470917654075747
21.859606866206054,1.1947500705718996,2025-03-07T03:00:00Z,4,4,4,4,4,4,1,0,0,4,-1.4625495555609638,-0.31536401222406274,,,,,,,,18.09525482856798,-1.2225825754509616,134.1999969482422,PS_047,,,0.9327321732941675
21.332087049980476,1.1947500705718992,2025-03-07T03:15:00Z,3,3,3,3,3,3,1,0,0,3,-1.288627154381343,-0.3434122018737809,,,,,,,,17.799999237060547,-1.250900075453609,134.1999969482422,PS_047,,,1.1747320065373485
20.697120062731532,1.1947500705718996,2025-03-07T03:30:00Z,4,4,4,4,4,4,1,0,0,4,-1.2988470605320186,-0.3679140391157946,,,,,,,,17.534956434052727,-1.187791224794253,134.1999969482422,PS_047,,,0.7316207227803689
20.96291318794565,1.1947500705718994,2025-03-07T03:45:00Z,4,4,4,4,4,4,1,0,0,4,-1.3362329826401314,-0.2838340405353799,,,,,,,,17.5,-1.0128651319928255,134.1999969482422,PS_047,,,0.9156280555803765
21.221593707028898,1.1947500705718994,2025-03-07T04:00:00Z,3,3,3,3,3,3,1,0,0,3,-1.3499370207419816,-0.1942968532432072,,,,,,,,17.5,-0.9571092907084476,134.1999969482422,PS_047,,,1.2907536706844813
20.97254872478847,1.1947500705718994,2025-03-07T04:15:00Z,4,4,4,4,4,4,1,0,0,4,-1.282292386599508,-0.2650678890108224,,,,,,,,17.499999999999996,-1.041163714692598,134.1999969482422,PS_047,,,1.2373655277497113
20.880058285146443,1.1947500705718996,2025-03-07T04:30:00Z,3,3,3,3,3,3,1,0,0,3,-1.2631125302695392,-0.24584780870671455,,,,,,,,17.5,-1.080215888776356,134.1999969482422,PS_047,,,1.0595850824288826
20.525438104096175,1.1947500705718994,2025-03-07T04:45:00Z,4,4,4,4,4,4,1,0,0,4,-1.2118592717581236,-0.27326724548625286,,,,,,,,17.53503924514997,-1.0646921653677859,134.1999969482422,PS_047,,,0.9465708206971406
20.397778743327677,1.1947500705718992,2025-03-07T05:00:00Z,4,4,4,4,4,4,1,0,0,4,-1.1939090094594058,-0.27033073956243736,,,,,,,,17.499999999999996,-1.1813535100258343,134.1999969482422,PS_047,,,1.1068581639658466
20.413342040938545,1.1947500705718994,2025-03-07T05:15:00Z,3,3,3,3,3,3,1,0,0,3,-1.230468968240387,-0.24550586062732904,,,,,,,,17.5,-1.0754468644266906,134.1999969482422,PS_047,,,0.7837297190522586
20.078689593909143,1.1947500705718994,2025-03-07T05:30:00Z,4,4,4,4,4,4,1,0,0,4,-1.1349300441174612,-0.2903932703556603,,,,,,,,17.30388374552019,-0.9937463344626054,134.1999969482422,PS_047,,,0.547104231094178
20.005474018156676,1.1947500705718994,2025-03-07T05:45:00Z,3,3,3,3,3,3,1,0,0,3,-1.0358097692964157,-0.2895770182946311,,,,,,,,17.449638212178954,-0.8574161475548733,134.1999969482422,PS_047,,,0.538172902528279
20.188357088668226,1.1947500705718994,2025-03-07T06:00:00Z,4,4,4,4,4,4,1,0,0,4,-1.0494297516536626,-0.20895470874214023,,,,,,,,17.24776200406949,-0.9379356326612844,134.1999969482422,PS_047,,,0.9873928741645109
20.331734794737674,1.1947500705718994,2025-03-07T06:15:00Z,4,4,4,4,4,4,1,0,0,4,-1.1147374464016637,-0.2432114574644405,,,,,,,,17.5,-0.940510998477487,134.1999969482422,PS_047,,,0.7593962471907733
20.144757094454587,1.1947500705718994,2025-03-07T06:30:00Z,3,3,3,3,3,3,1,0,0,3,-1.2825842740104767,-0.28416042848343104,,,,,,,,17.16657598329168,-0.9561783457286892,134.1999969482422,PS_047,,,0.6605361376549584
19.827626045180093,1.1947500705718994,2025-03-07T06:45:00Z,4,4,4,4,4,4,1,0,0,4,-1.2530289671865156,-0.25858046852260147,,,,,,,,17.0,-1.1330750826153895,134.1999969482422,PS_047,,,0.5768890524667658
19.772647417657616,1.1947500705718994,2025-03-07T07:00:00Z,3,3,3,3,3,3,1,0,0,3,-1.1672080670111409,-0.23291578139824723,,,,,,,,17.0,-1.08993807170323,134.1999969482422,PS_047,,,0.6241318354143641
19.746849138269564,1.1947500705718994,2025-03-07T07:15:00Z,4,4,4,4,4,4,1,0,0,4,-1.2030771498384094,-0.27271200859705536,,,,,,,,17.0,-1.0599194396538643,134.1999969482422,PS_047,,,1.112935947030902
19.836008085811763,1.1947500705718994,2025-03-07T07:30:00Z,3,3,3,3,3,3,1,0,0,3,-1.2065050763844074,-0.23246932760949557,,,,,,,,17.000000000000004,-1.065418985623986,134.1999969482422,PS_047,,,0.924127616641387
19.86271943097534,1.1947500705718994,2025-03-07T07:45:00Z,4,4,4,4,4,4,1,0,0,4,-1.2362252643516576,-0.23649779510913554,,,,,,,,16.92952477821056,-1.0478403470600022,134.1999969482422,PS_047,,,0.9702730751368678
19.770277804138573,1.1947500705718992,2025-03-07T08:00:00Z,4,4,4,4,4,4,1,0,0,4,-1.227195908829961,-0.2720237465523483,,,,,,,,16.828691660005223,-1.153380600664962,134.1999969482422,PS_047,,,0.8997269892344802
19.5169219596557,1.1947500705718994,2025-03-07T08:15:00Z,3,3,3,3,3,3,1,0,0,3,-1.2621608987945254,-0.2597390576728719,,,,,,,,16.70000076293945,-1.1011200969485728,134.1999969482422,PS_047,,,0.44173063047645944
19.28918399115272,1.1947500705718994,2025-03-07T08:30:00Z,4,4,4,4,4,4,1,0,0,4,-1.3039737624163876,-0.27740174067381274,,,,,,,,16.399999618530273,-1.0247028960705542,134.1999969482422,PS_047,,,0.6482012869432083
19.494814080490897,1.1947500705718996,2025-03-07T08:45:00Z,3,3,3,3,3,3,1,0,0,3,-1.2962590872973376,-0.22608145674878316,,,,,,,,16.399999618530273,-0.8891077995795539,134.1999969482422,PS_047,,,0.7783139602797261
19.875244170084507,1.20746108864055,2025-03-07T09:00:00Z,4,4,4,4,4,4,1,0,0,4,-1.3759287546819634,-0.18434667296275767,,,,,,,,16.700000762939457,-0.9592132431643996,134.1999969482422,PS_047,,,1.1180866709484811
19.54653313889441,2.21449180524878,2025-03-07T09:15:00Z,3,3,3,3,3,3,1,0,0,3,-1.1797072812517153,-0.2577792292369033,,,,,,,,16.5137599220933,-0.7172317634624237,134.1999969482422,PS_047,,,0.7790620735336483
19.816944243008038,7.491034216180024,2025-03-07T09:30:00Z,4,4,4,4,4,4,1,0,0,4,1.7659464068018362,0.16020888759093035,,,,,,,,17.095253057347907,3.3313364497207263,134.1999969482422,PS_047,,,0.8297390866998989
19.504882266321708,15.529750688592191,2025-03-07T09:45:00Z,3,3,3,3,3,3,1,0,0,3,14.664398414880807,1.5551430351745559,,,,,,,,16.50253573697234,14.818696196998363,134.1999969482422,PS_047,,,0.8411776019295304
20.946111540126196,9.361739876941389,2025-03-07T10:00:00Z,4,4,4,4,4,4,1,0,0,4,62.18964901520853,8.597268776650285,,,,,,,,18.259887666446755,89.00298646286393,134.1999969482422,PS_047,,,0.3802540342528875
21.52400368606671,15.519631829603293,2025-03-07T10:15:00Z,3,3,3,3,3,3,1,0,0,3,98.81831605322954,11.525398686448364,,,,,,,,19.058923994598228,138.69891240632785,134.1999969482422,PS_047,,,0.07246271742015137
22.216528550167215,17.08103198893207,2025-03-07T10:30:00Z,4,4,4,4,4,4,1,0,0,4,161.17193294501223,20.51856334665131,,,,,,,,21.385366917630076,245.25631517225975,134.1999969482422,PS_047,,,0.25948049087147435
23.591773931880308,8.381578661535432,2025-03-07T10:45:00Z,3,3,3,3,3,3,1,0,0,3,256.3440847050535,33.97446412081584,,,,,,,,27.836565812469576,414.0788857403659,134.1999969482422,PS_047,,,1.290481268424846
24.712350008895676,10.25465898622019,2025-03-07T11:00:00Z,4,4,4,4,4,4,1,0,0,4,298.4483308779726,37.61875908058592,,,,,,,,35.608802012839455,496.4714063191059,134.1999969482422,PS_047,,,1.623825702480308
25.60104802281311,8.594205161148242,2025-03-07T11:15:00Z,3,3,3,3,3,3,1,0,0,3,439.7769523720094,48.313417897002985,,,,,,,,42.227123384960805,816.4967784957005,134.1999969482422,PS_047,,,2.67171945175448
25.737460544781882,16.66146588381571,2025-03-07T11:30:00Z,4,4,4,4,4,4,1,0,0,4,488.5170720925218,53.465618544119096,,,,,,,,45.291839862389736,950.5634201827355,134.1999969482422,PS_047,,,2.794665149944559
25.71851562641862,17.86671168927789,2025-03-07T11:45:00Z,4,4,4,4,4,4,1,0,0,4,477.8295579274663,59.12108573546528,,,,,,,,46.15419732014121,943.7174944888907,134.1999969482422,PS_047,,,2.621511333610571
26.718370041822116,9.216236676748128,2025-03-07T12:00:00Z,3,3,3,3,3,3,1,0,0,3,575.0434951297881,61.86297341459938,,,,,,,,53.465997622555875,1067.8126244978064,134.1999969482422,PS_047,,,2.543208387170882
27.01633454664942,14.761101921036728,2025-03-07T12:15:00Z,4,4,4,4,4,4,1,0,0,4,627.1451849851597,61.418992934695225,,,,,,,,53.956962297344226,1074.9893355566537,134.1999969482422,PS_047,,,2.785817031802512
27.549693975486903,8.032360960609918,2025-03-07T12:30:00Z,3,3,3,3,3,3,1,0,0,3,677.0850375682835,58.70159324675618,,,,,,,,52.33827225400164,1062.6237054022565,134.1999969482422,PS_047,,,4.398041958447169
28.20264316790764,17.5865645308692,2025-03-07T12:45:00Z,4,4,4,4,4,4,1,0,0,4,723.7090453488477,55.122916979719065,,,,,,,,51.28743668331398,1043.66752471862,134.1999969482422,PS_047,,,4.991435703950277
28.585201559563785,16.850467059654807,2025-03-07T13:00:00Z,3,3,3,3,3,3,1,0,0,3,771.6077931023954,53.5746916698175,,,,,,,,49.15924455793527,1036.380525604188,134.1999969482422,PS_047,,,4.847889030987684
29.644024356827128,10.742714842310356,2025-03-07T13:15:00Z,4,4,4,4,4,4,1,0,0,4,841.0088402223588,54.55042790600722,,,,,,,,51.13672260641987,1078.9016680377654,134.1999969482422,PS_047,,,4.324807479493412
29.507626199253902,22.960499411194508,2025-03-07T13:30:00Z,3,3,3,3,3,3,1,0,0,3,874.4673214667114,53.467734054370254,,,,,,,,49.10348840809648,1061.9741433868642,134.1999969482422,PS_047,,,6.454666478371696
29.713294154929613,5.702380168243881,2025-03-07T13:45:00Z,4,4,4,4,4,4,1,0,0,4,883.4308935780363,51.54192629752233,,,,,,,,45.929593662645594,1031.7287633452866,134.1999969482422,PS_047,,,5.417142183970017
30.40382685338363,10.620509281442363,2025-03-07T14:00:00Z,3,3,3,3,3,3,1,0,0,3,938.0366176164467,51.64130709061191,,,,,,,,48.01415233430848,1049.690034227691,134.1999969482422,PS_047,,,4.9697693231542495
30.824536811660586,20.252696309595493,2025-03-07T14:15:00Z,4,4,4,4,4,4,1,0,0,4,970.8149548455791,52.25098107135178,,,,,,,,47.9171963413997,1044.7827541346126,134.1999969482422,PS_047,,,4.113182415636395
31.090276156418255,17.819089242817974,2025-03-07T14:30:00Z,3,3,3,3,3,3,1,0,0,3,1001.1094423875778,52.41541513820665,,,,,,,,48.08443125343205,1050.2264425002952,134.1999969482422,PS_047,,,6.678984091998053
31.550538791407988,13.964258893925061,2025-03-07T14:45:00Z,4,4,4,4,4,4,1,0,0,4,1091.1152208611259,57.58296614547518,,,,,,,,48.79804239222372,1118.3577477599888,134.1999969482422,PS_047,,,5.513437846397663
31.2625818318055,10.123943231475257,2025-03-07T15:00:00Z,3,3,3,3,3,3,1,0,0,3,586.1446076492832,35.77428621646957,,,,,,,,48.6650559191912,576.8700270031237,134.1999969482422,PS_047,,,4.174835406076991
31.130610266338365,13.650890067215911,2025-03-07T15:15:00Z,4,4,4,4,4,4,1,0,0,4,771.564607164748,43.703542732083676,,,,,,,,44.857879690043205,765.416989208937,134.1999969482422,PS_047,,,4.962295911116061
31.43292760492942,7.910896773165602,2025-03-07T15:30:00Z,3,3,3,3,3,3,1,0,0,3,1069.8620423507193,54.94944098665367,,,,,,,,47.21729949192869,1055.5179150143567,134.1999969482422,PS_047,,,4.848183590378255
31.69690076441964,7.753127947698806,2025-03-07T15:45:00Z,4,4,4,4,4,4,1,0,0,4,1112.6223296258088,57.557011428354585,,,,,,,,47.78590902579082,1093.977695726933,134.1999969482422,PS_047,,,5.778342092830305
32.161770177230856,5.662574801834385,2025-03-07T16:00:00Z,3,3,3,3,3,3,1,0,0,3,1124.6414991149845,59.191987670620904,,,,,,,,46.92104964575929,1108.7541054406024,134.1999969482422,PS_047,,,4.961969737083706
32.229795167232076,7.840636386612237,2025-03-07T16:15:00Z,4,4,4,4,4,4,1,0,0,4,981.2409650058141,52.83309125804078,,,,,,,,48.28041749118713,976.4106547128127,134.1999969482422,PS_047,,,4.19997590405058
31.987188221548216,18.139743201207537,2025-03-07T16:30:00Z,3,3,3,3,3,3,1,0,0,3,969.0406125344965,50.36084538231268,,,,,,,,43.47256538283714,949.319163839642,134.1999969482422,PS_047,,,4.759678500919969
32.26763918566763,13.501062301016761,2025-03-07T16:45:00Z,4,4,4,4,4,4,1,0,0,4,966.7172276446154,55.331575560722875,,,,,,,,45.986688800516774,978.6866029349156,134.1999969482422,PS_047,,,4.258351382546923
31.389537157492924,16.34423743666121,2025-03-07T17:00:00Z,3,3,3,3,3,3,1,0,0,3,522.4292715288268,37.43634221295088,,,,,,,,40.3367655977194,542.9466531395469,134.1999969482422,PS_047,,,2.7192793538739366
31.960200248044497,13.556539266182813,2025-03-07T17:15:00Z,4,4,4,4,4,4,1,0,0,4,887.1319634262785,55.13974594575676,,,,,,,,42.345717286746805,927.1793514833902,134.1999969482422,PS_047,,,3.7836000599962265
33.338114967154,8.120905011526174,2025-03-07T17:30:00Z,3,3,3,3,3,3,1,0,0,3,931.4070338204385,61.34970015662629,,,,,,,,47.86289590813016,966.3068421866888,134.1999969482422,PS_047,,,3.6647460588456884
32.582691851153214,20.08641466830636,2025-03-07T17:45:00Z,4,4,4,4,4,4,1,0,0,4,840.9152518389665,58.86727987308857,,,,,,,,47.91341731421514,917.0054989516223,134.1999969482422,PS_047,,,4.1528659886731525
32.022890764554056,16.133382668261394,2025-03-07T18:00:00Z,3,3,3,3,3,3,1,0,0,3,845.8922502283451,60.775911683373955,,,,,,,,44.46609135986765,951.7379957586126,134.1999969482422,PS_047,,,3.155533220762828
32.26729670715244,17.552744980601283,2025-03-07T18:15:00Z,3,3,3,3,3,3,1,0,0,3,650.986334646692,49.900790818453,,,,,,,,46.552704780377184,753.7027659334047,134.1999969482422,PS_047,,,3.0689446603178383
32.85242381945087,18.06960434191167,2025-03-07T18:30:00Z,4,4,4,4,4,4,1,0,0,4,814.4634905989918,64.5176977427057,,,,,,,,51.88927004464155,1043.2215096283294,134.1999969482422,PS_047,,,3.8705379937301485
32.80684347591229,9.69476348044704,2025-03-07T18:45:00Z,3,3,3,3,3,3,1,0,0,3,786.9910797799721,72.99198131036205,,,,,,,,51.54788053506903,1051.5266347467636,134.1999969482422,PS_047,,,2.6340343543791356
32.346435147711496,18.24417037188778,2025-03-07T19:00:00Z,3,3,3,3,3,3,1,0,0,3,377.46726048662737,49.97155077468833,,,,,,,,48.09229700305939,436.60687284778317,134.1999969482422,PS_047,,,3.2735149756112136
31.22698303376508,16.028199953826693,2025-03-07T19:15:00Z,4,4,4,4,4,4,1,0,0,4,161.21890936315884,41.08992248492609,,,,,,,,39.27200005794317,183.42589092085086,134.1999969482422,PS_047,,,3.2771385455597697
31.29594232836206,18.282415145952434,2025-03-07T19:30:00Z,3,3,3,3,3,3,1,0,0,3,283.1686877341088,49.32106435609172,,,,,,,,35.794132653432065,402.5861496843888,134.1999969482422,PS_047,,,4.266984487611337
32.126868458847134,12.392289667020862,2025-03-07T19:45:00Z,4,4,4,4,4,4,1,0,0,4,371.3143836240975,54.85530994227768,,,,,,,,43.63806979336669,558.4394882646504,134.1999969482422,PS_047,,,3.4129235072278665
32.085672445997496,18.950007516793384,2025-03-07T20:00:00Z,3,3,3,3,3,3,1,0,0,3,409.6470147174755,39.39402579103919,,,,,,,,43.94971014002413,688.8325127262109,134.1999969482422,PS_047,,,3.771735814774625
31.82525068429019,13.708958679673737,2025-03-07T20:15:00Z,4,4,4,4,4,4,1,0,0,4,379.884841216542,34.29172867635989,,,,,,,,43.5087562049966,717.1858850839284,134.1999969482422,PS_047,,,2.669230970201817
32.03288020111153,17.530073027495888,2025-03-07T20:30:00Z,3,3,3,3,3,3,1,0,0,3,332.4387282148994,36.25492557517917,,,,,,,,42.756101432064035,649.4623531365777,134.1999969482422,PS_047,,,2.9451744249464515
31.342303518727356,14.58544604558605,2025-03-07T20:45:00Z,4,4,4,4,4,4,1,0,0,4,201.3488219772354,23.982719515824698,,,,,,,,39.0854329050332,323.7490823269786,134.1999969482422,PS_047,,,1.4210309824632616
30.0702912943032,7.211931135215603,2025-03-07T21:00:00Z,3,3,3,3,3,3,1,0,0,3,75.46006176929937,7.699140466548902,,,,,,,,32.175680536487576,83.31318155156669,134.1999969482422,PS_047,,,1.6873592143677125
29.071016515615685,10.744588783622056,2025-03-07T21:15:00Z,3,3,3,3,3,3,1,0,0,3,50.39708582671146,4.757484859432068,,,,,,,,28.393199064866224,52.207511011893025,134.1999969482422,PS_047,,,0.8481661111436215
28.214151366471917,9.69650166025457,2025-03-07T21:30:00Z,4,4,4,4,4,4,1,0,0,4,21.562142331879805,1.807203816218145,,,,,,,,26.34362119832934,21.61213498676603,134.1999969482422,PS_047,,,1.4141188219700545
27.541449706028992,4.918493535894297,2025-03-07T21:45:00Z,3,3,3,3,3,3,1,0,0,3,4.899615012249305,-0.20394124803365032,,,,,,,,24.18823791266875,4.861977550367158,134.1999969482422,PS_047,,,0.8297972198144461
26.816467906494466,4.748639036673585,2025-03-07T22:00:00Z,4,4,4,4,4,4,1,0,0,4,-0.2879537778872943,-0.7034766027162815,,,,,,,,23.7876421384099,-0.46577562652422605,134.1999969482422,PS_047,,,1.2145966355217404
26.303838490197244,1.3123079078962365,2025-03-07T22:15:00Z,4,4,4,4,4,4,1,0,0,4,-1.403704545918709,-0.7483898521811013,,,,,,,,22.895489571564443,-1.1816034355196383,134.1999969482422,PS_047,,,1.113079397900986
26.02065596513237,1.1947500705718994,2025-03-07T22:30:00Z,3,3,3,3,3,3,1,0,0,3,-1.5053479222956212,-0.6925038634761052,,,,,,,,22.299999237060547,-1.0525661451332124,134.1999969482422,PS_047,,,1.5177005376191035
25.900447507689233,1.1947500705718994,2025-03-07T22:45:00Z,4,4,4,4,4,4,1,0,0,4,-1.490784948867227,-0.6203224025619511,,,,,,,,21.90414903167075,-1.1919366587214442,134.1999969482422,PS_047,,,1.5669166963848518
25.55859489154457,1.1947500705718994,2025-03-07T23:00:00Z,3,3,3,3,3,3,1,0,0,3,-1.6231300804369904,-0.560093128230522,,,,,,,,21.627700485707482,-1.0675637934628086,134.1999969482422,PS_047,,,1.5931679315092446
25.365369986511688,1.1947500705718994,2025-03-07T23:15:00Z,4,4,4,4,4,4,1,0,0,4,-1.5195893408127108,-0.45177467446416475,,,,,,,,21.534864074880822,-1.3100417978846906,134.1999969482422,PS_047,,,0.7222230299994564
25.35028322444093,1.1947500705718994,2025-03-07T23:30:00Z,3,3,3,3,3,3,1,0,0,3,-1.5420211891960809,-0.4758582795363206,,,,,,,,21.200000762939453,-1.2635797596945157,134.1999969482422,PS_047,,,0.8478232142157399
24.96425730455935,1.1947500705718994,2025-03-07T23:45:00Z,4,4,4,4,4,4,1,0,0,4,-1.5468120767037095,-0.4879451986608724,,,,,,,,20.952672979992865,-1.1125570131561462,134.1999969482422,PS_047,,,0.8740568712050668
24.368923374599724,1.1947500705718996,2025-03-08T00:00:00Z,3,3,3,3,3,3,1,0,0,3,-1.3274035391148153,-0.521333507030251,,,,,,,,20.399999618530277,-0.9686095892522526,134.1999969482422,PS_047,,,0.8082171956493849
23.94949256002616,1.1947500705718996,2025-03-08T00:15:00Z,4,4,4,4,4,4,1,0,0,4,-1.350787469581306,-0.4417738240636312,,,,,,,,20.399999618530273,-1.0415240808217123,134.1999969482422,PS_047,,,2.0032884724040567
24.11868971323548,1.1947500705718994,2025-03-08T00:30:00Z,4,4,4,4,4,4,1,0,0,4,-1.39620807602048,-0.3309100806737301,,,,,,,,20.652498895176358,-0.8261255442278559,134.1999969482422,PS_047,,,1.280852004503651
24.25230213302532,1.1947500705718994,2025-03-08T00:45:00Z,3,3,3,3,3,3,1,0,0,3,-1.4557201318765491,-0.32010080674609337,,,,,,,,20.656711431830097,-0.8248767545908494,134.1999969482422,PS_047,,,0.9063218542576567
23.712939012967162,1.1947500705718994,2025-03-08T01:00:00Z,4,4,4,4,4,4,1,0,0,4,-1.4728353232125098,-0.5143948669273101,,,,,,,,19.98182284725515,-1.1531486086057576,134.1999969482422,PS_047,,,0.2567668151303117
23.473797875282123,1.1947500705718992,2025-03-08T01:15:00Z,4,4,4,4,4,4,1,0,0,4,-1.5158913760796755,-0.443808608494625,,,,,,,,19.431969639751365,-1.1876935470299221,134.1999969482422,PS_047,,,0.10851306134225416
23.642784033033536,1.1947500705718996,2025-03-08T01:30:00Z,3,3,3,3,3,3,1,0,0,3,-1.389117250737453,-0.35171896311510853,,,,,,,,19.335117617134454,-1.2398774923326978,134.1999969482422,PS_047,,,0.43453199084040894
23.564810395358624,1.1947500705718994,2025-03-08T01:45:00Z,4,4,4,4,4,4,1,0,0,4,-1.535457030974355,-0.35612080285587133,,,,,,,,19.53788004499985,-1.1953717541007394,134.1999969482422,PS_047,,,1.413073306503788
23.254474123864913,1.1947500705718994,2025-03-08T02:00:00Z,3,3,3,3,3,3,1,0,0,3,-1.4851158371410877,-0.3788074156889368,,,,,,,,19.69576874673784,-1.2122687351129469,134.1999969482422,PS_047,,,1.4789368620962253
22.831395042591897,1.1947500705718994,2025-03-08T02:15:00Z,4,4,4,4,4,4,1,0,0,4,-1.398358235526873,-0.4145297414741162,,,,,,,,19.419585101015667,-1.0808326841152092,134.1999969482422,PS_047,,,1.1109457917555663
23.063160158581102,1.1947500705718994,2025-03-08T02:30:00Z,4,4,4,4,4,4,1,0,0,4,-1.4918069623443375,-0.413768984974426,,,,,,,,19.35238813167573,-1.0595413409701442,134.1999969482422,PS_047,,,1.3019197151183415
22.827120165477602,1.1947500705718994,2025-03-08T02:45:00Z,3,3,3,3,3,3,1,0,0,3,-1.3382446775504735,-0.3723694400649548,,,,,,,,19.446519703507413,-1.0230120862254983,134.1999969482422,PS_047,,,1.1473029958564607
22.947228360080278,1.1947500705718994,2025-03-08T03:00:00Z,4,4,4,4,4,4,1,0,0,4,-1.4945769951073113,-0.3557715115174273,,,,,,,,19.399999618530277,-0.9595929112252934,134.1999969482422,PS_047,,,1.3202167986103814
23.327988874937127,1.1947500705718996,2025-03-08T03:15:00Z,3,3,3,3,3,3,1,0,0,3,-1.4261970917755833,-0.23684119779574497,,,,,,,,19.600000381469727,-0.9887570322363395,134.1999969482422,PS_047,,,1.860811171342957
23.301111792940244,1.1947500705718996,2025-03-08T03:30:00Z,4,4,4,4,4,4,1,0,0,4,-1.4492806221665682,-0.27755806477697414,,,,,,,,19.600000381469727,-1.0076534634342749,134.1999969482422,PS_047,,,1.9117766426100797
23.129237307730033,1.1947500705718994,2025-03-08T03:45:00Z,4,4,4,4,4,4,1,0,0,4,-1.3750185062015987,-0.33743795441968266,,,,,,,,19.575787680463527,-1.0427258677445768,134.1999969482422,PS_047,,,0.5130865405159484
23.03831535440178,1.1947500705718994,2025-03-08T04:00:00Z,3,3,3,3,3,3,1,0,0,3,-1.568737425052552,-0.451619850161482,,,,,,,,19.349431709644264,-1.1384579301160378,134.1999969482422,PS_047,,,1.5768633137814516
22.47966987897725,1.1947500705718994,2025-03-08T04:15:00Z,4,4,4,4,4,4,1,0,0,4,-1.3762072614260557,-0.4019632314812592,,,,,,,,18.956181037258503,-1.3034003498147635,134.1999969482422,PS_047,,,0.7457103767647904
22.180995709707677,1.1947500705718996,2025-03-08T04:30:00Z,3,3,3,3,3,3,1,0,0,3,-1.3956148204618368,-0.4659110016565828,,,,,,,,18.799999237060547,-1.2421745379348816,134.1999969482422,PS_047,,,1.5987476732304142
22.446054258364946,1.1947500705718994,2025-03-08T04:45:00Z,4,4,4,4,4,4,1,0,0,4,-1.3673876589415517,-0.32997235542299524,,,,,,,,19.107963854394225,-1.2170005869204323,134.1999969482422,PS_047,,,1.9001060936324574
22.36957429705003,1.1947500705718994,2025-03-08T05:00:00Z,4,4,4,4,4,4,1,0,0,4,-1.3183323894049592,-0.38647463625782646,,,,,,,,19.205136048802796,-1.1078604799254603,134.1999969482422,PS_047,,,1.7210722886304834
22.217811548157957,1.1947500705718994,2025-03-08T05:15:00Z,3,3,3,3,3,3,1,0,0,3,-1.3566396597421966,-0.32900775084099754,,,,,,,,19.100000381469727,-1.0380419663938387,134.1999969482422,PS_047,,,1.2770734044295111
22.07866424353938,1.194750070571899,2025-03-08T05:30:00Z,4,4,4,4,4,4,1,0,0,4,-1.388535114438984,-0.3898840009910598,,,,,,,,18.799999237060543,-1.197453359530159,134.1999969482422,PS_047,,,1.5057467158888975
22.082633368181305,1.1947500705718996,2025-03-08T05:45:00Z,3,3,3,3,3,3,1,0,0,3,-1.4633024810411586,-0.3876373447063159,,,,,,,,18.600000381469727,-1.1389825743625,134.1999969482422,PS_047,,,1.64346142185951
21.99809782198076,1.1947500705718992,2025-03-08T06:00:00Z,4,4,4,4,4,4,1,0,0,4,-1.4216961696490882,-0.4090345405837798,,,,,,,,18.600000381469727,-1.218518495413892,134.1999969482422,PS_047,,,1.8217437831796124
21.942516980223175,1.1947500705718994,2025-03-08T06:15:00Z,3,3,3,3,3,3,1,0,0,3,-1.3723678986566938,-0.37861575035429273,,,,,,,,18.533188929913823,-1.1413735107913439,134.1999969482422,PS_047,,,0.9217071372920869
21.44045004279377,1.1947500705718994,2025-03-08T06:30:00Z,4,4,4,4,4,4,1,0,0,4,-1.24685943845565,-0.3527497307413721,,,,,,,,18.408108666532268,-1.1495349363885452,134.1999969482422,PS_047,,,1.1868175475550296
20.94136711388787,1.1947500705718992,2025-03-08T06:45:00Z,4,4,4,4,4,4,1,0,0,4,-1.1875029139117788,-0.3594846223398072,,,,,,,,18.0,-1.1329248349459893,134.1999969482422,PS_047,,,1.4864471667112638
21.192191906274548,1.1947500705718992,2025-03-08T07:00:00Z,3,3,3,3,3,3,1,0,0,3,-1.2405437936768362,-0.272407893587628,,,,,,,,17.84217453658068,-1.1948143790078103,134.1999969482422,PS_047,,,0.6179717641506989
20.16233807840428,1.1947500705718994,2025-03-08T07:15:00Z,4,4,4,4,4,4,1,0,0,4,-1.1423814997553188,-0.3704093429779313,,,,,,,,17.546244087513564,-1.0830829869831273,134.1999969482422,PS_047,,,0.8627141853388379
20.139745961983042,1.1947500705718994,2025-03-08T07:30:00Z,3,3,3,3,3,3,1,0,0,3,-1.1402593456043486,-0.33256997126083115,,,,,,,,17.241998790715986,-1.1050662755089817,134.1999969482422,PS_047,,,0.8249856601876374
20.370663162321243,1.1947500705718994,2025-03-08T07:45:00Z,4,4,4,4,4,4,1,0,0,4,-1.1122337681006988,-0.24576147570614232,,,,,,,,17.383153589729275,-0.9812462848540497,134.1999969482422,PS_047,,,0.748654780873226
20.944501370411157,1.1947500705718994,2025-03-08T08:00:00Z,3,3,3,3,3,3,1,0,0,3,-1.2424676046985474,-0.26347364610174173,,,,,,,,17.566603123591364,-0.9677404047066256,134.1999969482422,PS_047,,,1.0589882091993104
21.084561642627605,1.1947500705718994,2025-03-08T08:15:00Z,4,4,4,4,4,4,1,0,0,4,-1.2823745168823961,-0.21251166297233995,,,,,,,,17.799999237060543,-1.1039879879520862,134.1999969482422,PS_047,,,1.4501436103811205
20.903250870911915,1.1947500705718992,2025-03-08T08:30:00Z,4,4,4,4,4,4,1,0,0,4,-1.2294298864856883,-0.2754504429311731,,,,,,,,17.752727079769958,-1.1085386137431243,134.1999969482422,PS_047,,,0.977307848314093
20.506094033803013,1.1947500705718994,2025-03-08T08:45:00Z,3,3,3,3,3,3,1,0,0,3,-1.063284309263678,-0.35191997315885143,,,,,,,,17.5,-1.0910386539873782,134.1999969482422,PS_047,,,0.9824965377431896
20.29372302912694,1.2103476080286102,2025-03-08T09:00:00Z,4,4,4,4,4,4,1,0,0,4,-1.1077139906401074,-0.31147267239870563,,,,,,,,17.5,-1.0036100951517513,134.1999969482422,PS_047,,,1.3185032074265541
20.27018177046969,2.068637307243218,2025-03-08T09:15:00Z,3,3,3,3,3,3,1,0,0,3,-0.9018535590664675,-0.3085064351845782,,,,,,,,17.5,-0.7663603116581652,134.1999969482422,PS_047,,,1.1982872892276
20.864084399814303,6.216573555802907,2025-03-08T09:30:00Z,4,4,4,4,4,4,1,0,0,4,3.104018852749006,0.46869053027255436,,,,,,,,17.711727136683585,4.726806476292037,134.1999969482422,PS_047,,,0.8491662726750925
20.532451660294413,8.798105384186902,2025-03-08T09:45:00Z,3,3,3,3,3,3,1,0,0,3,15.04264879152169,1.5815793127929945,,,,,,,,17.66768275362502,15.876336655906618,134.1999969482422,PS_047,,,1.0302625325156252
20.824298075216934,13.20662627120999,2025-03-08T10:00:00Z,4,4,4,4,4,4,1,0,0,4,40.7153206315619,4.500999657445212,,,,,,,,18.537298383471946,42.98703222171926,134.1999969482422,PS_047,,,1.582188580318628
21.217184412833326,8.799773071273073,2025-03-08T10:15:00Z,3,3,3,3,3,3,1,0,0,3,72.019892041222,8.101596594950752,,,,,,,,19.87038234021844,78.82739337252609,134.1999969482422,PS_047,,,1.703935855343314
21.541878822833635,15.842727763147577,2025-03-08T10:30:00Z,4,4,4,4,4,4,1,0,0,4,102.9735422137335,12.151805601332965,,,,,,,,21.559682774742917,123.31848730592431,134.1999969482422,PS_047,,,1.6596349138502886
22.57033119594011,13.583039771182822,2025-03-08T10:45:00Z,3,3,3,3,3,3,1,0,0,3,205.52396210109288,29.96919171374691,,,,,,,,24.165800602231275,344.5331310808651,134.1999969482422,PS_047,,,1.2451314897774273
24.37759840073724,15.07836298101098,2025-03-08T11:00:00Z,4,4,4,4,4,4,1,0,0,4,304.05215008035805,41.6819985600202,,,,,,,,33.320092946366316,575.1279164421057,134.1999969482422,PS_047,,,2.3945512931698034
25.44542146758235,11.778031971690329,2025-03-08T11:15:00Z,4,4,4,4,4,4,1,0,0,4,328.8060038574618,39.32103660032186,,,,,,,,37.734405209325686,627.8120083322914,134.1999969482422,PS_047,,,2.121095558479413
25.895801704498925,7.7504174939004375,2025-03-08T11:30:00Z,3,3,3,3,3,3,1,0,0,3,319.5973745272004,45.546757039190936,,,,,,,,39.956394594730085,599.0541768545493,134.1999969482422,PS_047,,,2.224031875221186
26.762842627678975,13.409072814859393,2025-03-08T11:45:00Z,4,4,4,4,4,4,1,0,0,4,399.49536140061997,62.61140566067744,,,,,,,,42.586999123925345,747.362233817462,134.1999969482422,PS_047,,,1.4418930687767322
27.532946077251225,5.667509364878766,2025-03-08T12:00:00Z,3,3,3,3,3,3,1,0,0,3,581.2100565435585,76.1752921426521,,,,,,,,50.236739499985774,1030.2331378492945,134.1999969482422,PS_047,,,2.649446827187077
28.359027849504727,14.666534227396113,2025-03-08T12:15:00Z,4,4,4,4,4,4,1,0,0,4,640.6918489607151,81.3409433492127,,,,,,,,52.41123168427021,1025.6663513548542,134.1999969482422,PS_047,,,3.744652091205592
28.852978288285676,20.25627753711454,2025-03-08T12:30:00Z,3,3,3,3,3,3,1,0,0,3,660.2072447083212,83.5332270708118,,,,,,,,50.98352346763092,948.737013083606,134.1999969482422,PS_047,,,3.491546769474411
29.583415185692417,11.16502292460328,2025-03-08T12:45:00Z,4,4,4,4,4,4,1,0,0,4,769.0741356652053,88.89334985128326,,,,,,,,51.60324589158228,1028.8686805445116,134.1999969482422,PS_047,,,3.412821291744696
30.564942719382135,19.616093565934268,2025-03-08T13:00:00Z,3,3,3,3,3,3,1,0,0,3,859.2516459354877,91.94152253185649,,,,,,,,54.337142027441885,1070.9431739368636,134.1999969482422,PS_047,,,3.1483734027880703
31.022489826615928,7.7904935270489055,2025-03-08T13:15:00Z,4,4,4,4,4,4,1,0,0,4,812.6931096417148,83.3860459142758,,,,,,,,54.5082936663377,951.3626241492823,134.1999969482422,PS_047,,,3.3138824174841837
31.025251223049935,5.6338917945078935,2025-03-08T13:30:00Z,3,3,3,3,3,3,1,0,0,3,749.0397227931777,72.12250082194167,,,,,,,,51.85672845867653,850.5389005939963,134.1999969482422,PS_047,,,3.3493861332377826
31.237229862046792,13.817390167124163,2025-03-08T13:45:00Z,4,4,4,4,4,4,1,0,0,4,703.4518584670539,62.74247925079142,,,,,,,,48.784521954320596,774.4048497626787,134.1999969482422,PS_047,,,2.723175000914777
30.418408000160436,10.241374290848812,2025-03-08T14:00:00Z,4,4,4,4,4,4,1,0,0,4,395.387802420692,41.875544612484795,,,,,,,,42.940304023705814,399.34342507693054,134.1999969482422,PS_047,,,2.2698737382394683
31.71654976929423,15.757913020332342,2025-03-08T14:15:00Z,3,3,3,3,3,3,1,0,0,3,729.4649227932666,56.12397893452146,,,,,,,,42.94516038831104,750.7263170036911,134.1999969482422,PS_047,,,2.0710182193736433
31.338619521305976,10.071424379735777,2025-03-08T14:30:00Z,4,4,4,4,4,4,1,0,0,4,524.4524486518969,42.9274262848016,,,,,,,,45.84848397773563,540.7116277684725,134.1999969482422,PS_047,,,2.4929375510029215
31.75318926049631,11.652015954800211,2025-03-08T14:45:00Z,3,3,3,3,3,3,1,0,0,3,625.2815301221076,46.201732474009404,,,,,,,,44.850304316595114,649.0968822800817,134.1999969482422,PS_047,,,2.633120506991188
31.964486985377892,5.638900367340518,2025-03-08T15:00:00Z,4,4,4,4,4,4,1,0,0,4,806.7894422283078,54.61588443423308,,,,,,,,47.44801227681606,824.3402254121447,134.1999969482422,PS_047,,,2.5140865816834004
32.17959250090711,19.035135487390132,2025-03-08T15:15:00Z,3,3,3,3,3,3,1,0,0,3,684.8929720544248,49.17394688487768,,,,,,,,47.127260173260694,693.4977004748371,134.1999969482422,PS_047,,,2.034998629372612
31.57348330658722,13.729130460598212,2025-03-08T15:30:00Z,4,4,4,4,4,4,1,0,0,4,449.31399858507785,41.50286031221813,,,,,,,,42.452969164356276,470.328928022262,134.1999969482422,PS_047,,,1.8281447093325156
32.68202764200457,14.234864217559682,2025-03-08T15:45:00Z,3,3,3,3,3,3,1,0,0,3,348.9421799423591,33.943167605677864,,,,,,,,43.59020699738972,350.83810319677383,134.1999969482422,PS_047,,,1.5138507059461
32.143953692706695,10.622265260444053,2025-03-08T16:00:00Z,4,4,4,4,4,4,1,0,0,4,310.1262797931904,30.618652355572525,,,,,,,,39.12069062057281,312.41756691379,134.1999969482422,PS_047,,,0.708607991539894
32.52839234401486,20.963372848413766,2025-03-08T16:15:00Z,3,3,3,3,3,3,1,0,0,3,371.70524274846264,32.24772032257565,,,,,,,,39.29871928828538,370.7172893884718,134.1999969482422,PS_047,,,1.5521600836844096
31.29916209531378,12.902732080906215,2025-03-08T16:30:00Z,4,4,4,4,4,4,1,0,0,4,314.8137254618261,32.408876421587394,,,,,,,,37.27279057062351,313.88531991055766,134.1999969482422,PS_047,,,2.2254812347792727
31.24799072902552,8.157201531277439,2025-03-08T16:45:00Z,3,3,3,3,3,3,1,0,0,3,396.579104302661,38.0656540847456,,,,,,,,37.37171040098075,398.2363524605525,134.1999969482422,PS_047,,,2.834913526663318
31.92941285697262,16.62921746584814,2025-03-08T17:00:00Z,4,4,4,4,4,4,1,0,0,4,493.1275365440038,43.54056761311472,,,,,,,,42.18429533983898,495.2243923814894,134.1999969482422,PS_047,,,1.686016011677893
31.807193655229185,21.92194500131582,2025-03-08T17:15:00Z,3,3,3,3,3,3,1,0,0,3,420.74770554383963,41.20942786481216,,,,,,,,41.70248751695093,422.97884692611956,134.1999969482422,PS_047,,,1.737227160623885
33.60941030263056,8.022528239468933,2025-03-08T17:30:00Z,4,4,4,4,4,4,1,0,0,4,722.2101715401953,59.92426165258764,,,,,,,,50.21391003571539,734.7933444069798,134.1999969482422,PS_047,,,0.5157219232534624
33.35404213945636,5.593771511310976,2025-03-08T17:45:00Z,3,3,3,3,3,3,1,0,0,3,806.7369420417288,63.41161596149412,,,,,,,,50.68753633691413,862.2960155041884,134.1999969482422,PS_047,,,1.6740355513730745
34.45979599083893,18.575122559721848,2025-03-08T18:00:00Z,4,4,4,4,4,4,1,0,0,4,947.6346259463193,70.63125845329242,,,,,,,,60.30772522548359,1073.0010908760755,134.1999969482422,PS_047,,,1.5147498005513549
33.44805833332597,8.089524410981047,2025-03-08T18:15:00Z,3,3,3,3,3,3,1,0,0,3,752.5131309831525,55.15124242722637,,,,,,,,60.21749345059715,953.924865356895,134.1999969482422,PS_047,,,1.9538806929305734
33.421775206076546,8.024192414820297,2025-03-08T18:30:00Z,4,4,4,4,4,4,1,0,0,4,576.9020268100792,50.65380399782909,,,,,,,,57.96687385327581,699.6587894987294,134.1999969482422,PS_047,,,1.8535044923522557
33.0441238047554,9.077921384700124,2025-03-08T18:45:00Z,3,3,3,3,3,3,1,0,0,3,629.5431354539662,57.790004705143716,,,,,,,,54.38967671576169,825.9389731483725,134.1999969482422,PS_047,,,2.1400134755271987
33.92832518296054,17.035170877106985,2025-03-08T19:00:00Z,4,4,4,4,4,4,1,0,0,4,668.0570494010758,62.50729436206856,,,,,,,,57.50066974654124,974.2016348441016,134.1999969482422,PS_047,,,1.1649324692486633
33.57616069107482,10.073504105391699,2025-03-08T19:15:00Z,3,3,3,3,3,3,1,0,0,3,508.9861515908017,54.19082667319483,,,,,,,,53.412201173356685,813.3540042981069,134.1999969482422,PS_047,,,0.401661774747483
33.354724290294996,11.642776033598054,2025-03-08T19:30:00Z,4,4,4,4,4,4,1,0,0,4,440.16859472908897,49.24279085914029,,,,,,,,51.23442708373777,731.673659483292,134.1999969482422,PS_047,,,0.7394786389548281
33.88096598349294,7.3545471821940165,2025-03-08T19:45:00Z,3,3,3,3,3,3,1,0,0,3,483.4090595118628,47.636354335082956,,,,,,,,53.30362477078254,842.5581630163223,134.1999969482422,PS_047,,,1.0712560733123748
34.38185252060352,10.835903605262116,2025-03-08T20:00:00Z,4,4,4,4,4,4,1,0,0,4,460.76217455622213,44.08188285217405,,,,,,,,58.1266310406089,900.0144911674955,134.1999969482422,PS_047,,,1.1145985778936236
33.79824433688098,16.626006174075158,2025-03-08T20:15:00Z,3,3,3,3,3,3,1,0,0,3,395.0330956217911,36.57617822440458,,,,,,,,54.05716925758934,770.9002216315165,134.1999969482422,PS_047,,,2.035594622105102
31.65654248837182,14.66302519672558,2025-03-08T20:30:00Z,4,4,4,4,4,4,1,0,0,4,126.1981440841043,13.829221279258682,,,,,,,,42.451600534059764,182.8178220216226,134.1999969482422,PS_047,,,2.1066089814953943
30.714934577670885,13.445778708196492,2025-03-08T20:45:00Z,3,3,3,3,3,3,1,0,0,3,85.40622731617209,6.480112496674957,,,,,,,,33.46944849124733,90.15704422050517,134.1999969482422,PS_047,,,1.7072652813863949
30.031343673757924,15.433091082772552,2025-03-08T21:00:00Z,4,4,4,4,4,4,1,0,0,4,46.83664817496626,2.9253643804550293,,,,,,,,29.804135483097944,46.32681155259643,134.1999969482422,PS_047,,,1.8159665637373554
29.75468268688202,9.206420571113645,2025-03-08T21:15:00Z,3,3,3,3,3,3,1,0,0,3,13.517637477980907,0.7420940567068288,,,,,,,,28.36490709300226,13.240134110833274,134.1999969482422,PS_047,,,2.1802643959513808
29.120263522810163,13.10278754244778,2025-03-08T21:30:00Z,3,3,3,3,3,3,1,0,0,3,6.905672285909613,0.1209789157595849,,,,,,,,27.317108892975938,6.672934201396222,134.1999969482422,PS_047,,,2.5880489787165155
27.913357803306432,8.399339577380402,2025-03-08T21:45:00Z,4,4,4,4,4,4,1,0,0,4,2.3974065538092546,-0.06913719142938157,,,,,,,,25.994231998647074,2.0694701079140527,134.1999969482422,PS_047,,,2.155478988394442
27.039846959315057,2.843421969025351,2025-03-08T22:00:00Z,3,3,3,3,3,3,1,0,0,3,-0.40464361695358003,-0.4337635994954838,,,,,,,,25.26663050736236,-0.5993914235730388,134.1999969482422,PS_047,,,3.3019048445658346
26.488905502557067,1.2031974616718968,2025-03-08T22:15:00Z,4,4,4,4,4,4,1,0,0,4,-0.47015196043844415,-0.19820192083675164,,,,,,,,24.908766831495484,-0.7028401973680142,134.1999969482422,PS_047,,,3.107754514650498
25.51633549861625,1.1947500705718994,2025-03-08T22:30:00Z,3,3,3,3,3,3,1,0,0,3,-0.3927774080385402,-0.2365377965147484,,,,,,,,24.200000762939453,-0.5786631903181375,134.1999969482422,PS_047,,,2.618785092162341
25.53788376841675,1.1947500705718992,2025-03-08T22:45:00Z,4,4,4,4,4,4,1,0,0,4,-0.6324689873514446,-0.3474404351342928,,,,,,,,23.779330279281112,-0.7374293229842447,134.1999969482422,PS_047,,,1.9556555612162028
25.211063531361344,1.1947500705718996,2025-03-08T23:00:00Z,3,3,3,3,3,3,1,0,0,3,0.11254289941448252,-0.24028971481582226,,,,,,,,23.372090017302547,-1.1538837166578446,134.1999969482422,PS_047,,,1.7377889716279231
23.189137669932126,1.1947500705718994,2025-03-08T23:15:00Z,3,3,3,3,3,3,1,0,0,3,-1.555576797947185,-0.27809440404914165,,,,,,,,20.83592959999356,-1.6937009815220505,134.1999969482422,PS_047,,,2.5987310485071466
23.082030955438295,1.1947500705718994,2025-03-08T23:30:00Z,4,4,4,4,4,4,1,0,0,4,0.11452956319629454,-0.36186427105314073,,,,,,,,20.191409158184705,-0.9008015740352713,134.1999969482422,PS_047,,,0.3964500975125833
22.311282130643534,1.1947500705718992,2025-03-08T23:45:00Z,3,3,3,3,3,3,1,0,0,3,0.06750250634977555,-0.27889293956447897,,,,,,,,19.95815527946738,-0.22141993995976114,136.8000030517578,PS_047,,,2.2664470367298084
22.3163252824546,1.1947500705718994,2025-03-09T00:00:00Z,4,4,4,4,4,4,1,0,0,4,-0.41640274635279745,-0.27459268599423986,,,,,,,,20.200000762939457,-0.3595708520377383,136.8000030517578,PS_047,,,1.898440529409437
22.7835051067719,1.1947500705718996,2025-03-09T00:15:00Z,3,3,3,3,3,3,1,0,0,3,0.03333778431463409,-0.32045707865139406,,,,,,,,20.399999618530273,-0.1500951190933868,137.0,PS_047,,,2.121443611879144
23.18909339818192,1.1947500705718994,2025-03-09T00:30:00Z,4,4,4,4,4,4,1,0,0,4,1.4837025336034717,-0.30300399589442545,,,,,,,,20.436331061116682,0.49393620516942804,137.0,PS_047,,,2.678283380927026
23.748208845008346,1.1947500705718992,2025-03-09T00:45:00Z,4,4,4,4,4,4,1,0,0,4,1.1842675229081938,-0.3284572192825778,,,,,,,,21.54980339548503,0.7285895623066306,137.0,PS_047,,,2.4486815438762792
23.5297760910313,1.1947500705718994,2025-03-09T01:00:00Z,3,3,3,3,3,3,1,0,0,3,1.0780116851250012,-0.32791390579741925,,,,,,,,21.543469272778623,0.4049803584867841,137.0,PS_047,,,1.2407558282691298
22.22998917890935,1.1947500705718994,2025-03-09T01:15:00Z,4,4,4,4,4,4,1,0,0,4,0.23524383130837226,-0.5123145327259265,,,,,,,,20.993215129260662,0.1302895805783529,137.0,PS_047,,,1.2400545611757814
22.082401597770097,1.1947500705718994,2025-03-09T01:30:00Z,4,4,4,4,4,4,1,0,0,4,-0.1343499250418246,-0.42116624887102155,,,,,,,,20.423574793689003,-0.3091795033986608,137.0,PS_047,,,0.6849938201416536
22.010318135689175,1.1947500705718996,2025-03-09T01:45:00Z,3,3,3,3,3,3,1,0,0,3,-0.6752982934570185,-0.410359937912631,,,,,,,,19.9103039699988,-0.6039818069198895,137.0,PS_047,,,0.035607890846209515
22.086666107177734,1.1947500705718994,2025-03-09T02:00:00Z,4,4,4,4,4,4,1,0,0,4,-0.5322133431714509,-0.31641557407714255,,,,,,,,19.644505668673972,-0.8838755613142443,137.0,PS_047,,,0.39342132018903686
22.361153335420088,1.1947500705718994,2025-03-09T02:15:00Z,3,3,3,3,3,3,1,0,0,3,-0.21763501177721176,-0.22172660710903927,,,,,,,,19.84954871507768,-0.5383162965119617,137.0,PS_047,,,0.48547219485752996
22.769976861649248,1.1947500705718994,2025-03-09T02:30:00Z,4,4,4,4,4,4,1,0,0,4,-0.05834866519988515,-0.25197758414291715,,,,,,,,20.66407268954965,-0.1611716328580986,137.0,PS_047,,,1.2903002155469643
22.657100759613343,1.1947500705718992,2025-03-09T02:45:00Z,4,4,4,4,4,4,1,0,0,4,-0.41535589966187886,-0.2417006588970068,,,,,,,,20.372655801264777,-0.4641019476227107,137.0,PS_047,,,0.8291727736113937
22.365058085521188,1.1947500705718996,2025-03-09T03:00:00Z,3,3,3,3,3,3,1,0,0,3,-0.5216063310943715,-0.3481892368671995,,,,,,,,19.899999618530277,-0.483967422442929,137.0,PS_047,,,0.4755483312749526
22.318328120343672,1.1947500705718994,2025-03-09T03:15:00Z,4,4,4,4,4,4,1,0,0,4,-0.29841336661132045,-0.3165567640295634,,,,,,,,20.10096581216534,-0.39060507163585967,137.0,PS_047,,,0.599270490173233
22.71345782008502,1.1947500705718992,2025-03-09T03:30:00Z,4,4,4,4,4,4,1,0,0,4,-0.3215425654058117,-0.20871390328696002,,,,,,,,20.39999961853027,-0.43381854583207996,137.0,PS_047,,,0.5391779193620313
22.498202562199445,1.1947500705718994,2025-03-09T03:45:00Z,3,3,3,3,3,3,1,0,0,3,-0.5552138635529498,-0.2868861381658591,,,,,,,,20.244750485999983,-0.7424292201113791,137.0,PS_047,,,0.9876628283067534
22.386476141567403,1.1947500705718992,2025-03-09T04:00:00Z,4,4,4,4,4,4,1,0,0,4,-0.5032767384693525,-0.3251944282386919,,,,,,,,20.20000076293945,-0.6498389030728541,137.0,PS_047,,,1.7208272810882306
22.29825629828823,1.1947500705718994,2025-03-09T04:15:00Z,3,3,3,3,3,3,1,0,0,3,-0.4614731303687384,-0.276999737656638,,,,,,,,20.23361802350822,-0.7182171521546353,137.0,PS_047,,,0.9218149306495055
22.18903599194982,1.1947500705718994,2025-03-09T04:30:00Z,4,4,4,4,4,4,1,0,0,4,-0.6059298987502463,-0.3373880440571669,,,,,,,,19.89999961853027,-0.8390938986502213,137.0,PS_047,,,0.10876594879427702
21.818372575485423,1.1947500705718994,2025-03-09T04:45:00Z,4,4,4,4,4,4,1,0,0,4,-0.7078148371368049,-0.4555676547784227,,,,,,,,19.863074934227345,-0.7531351938940385,137.0,PS_047,,,0.0
21.60653891102342,1.1947500705718992,2025-03-09T05:00:00Z,3,3,3,3,3,3,1,0,0,3,-0.4826822022318176,-0.3063068107763628,,,,,,,,19.600000381469727,-0.5606816005205985,137.0,PS_047,,,1.2317584135323862
21.527063561186097,1.1947500705718992,2025-03-09T05:15:00Z,4,4,4,4,4,4,1,0,0,4,-0.5314646032462712,-0.2654105844187197,,,,,,,,19.749823720255716,-0.6734300226242792,137.0,PS_047,,,0.2975879418928699
21.66566696544886,1.1947500705718994,2025-03-09T05:30:00Z,3,3,3,3,3,3,1,0,0,3,-0.5132263949111755,-0.20284089599533836,,,,,,,,19.792700220431243,-0.6683388588957374,137.0,PS_047,,,0.0668288131964049
21.694475971007126,1.1947500705718994,2025-03-09T05:45:00Z,4,4,4,4,4,4,1,0,0,4,-0.574572570210675,-0.23766830524125224,,,,,,,,19.60000038146973,-0.684213596728336,137.0,PS_047,,,0.26646787177903813
21.588573370310737,1.1947500705718994,2025-03-09T06:00:00Z,4,4,4,4,4,4,1,0,0,4,-0.5564610124319135,-0.27979586857676775,,,,,,,,19.50955144028269,-0.7556543898723104,137.0,PS_047,,,0.3656770240840973
21.666638839205977,1.1947500705718992,2025-03-09T06:15:00Z,3,3,3,3,3,3,1,0,0,3,-0.5267080697815699,-0.1988085900754612,,,,,,,,19.600000381469727,-0.6641272302489157,137.0,PS_047,,,0.16842629678759036
21.62333679199219,1.1947500705718996,2025-03-09T06:30:00Z,4,4,4,4,4,4,1,0,0,4,-0.4309137649261001,-0.18097396632086735,,,,,,,,19.600000381469727,-0.730396871275689,137.0,PS_047,,,0.7443713737805795
21.77880936620023,1.1947500705718994,2025-03-09T06:45:00Z,3,3,3,3,3,3,1,0,0,3,-0.3588168785664424,-0.22446520939706632,,,,,,,,19.850768387186903,-0.5446906409538337,137.0,PS_047,,,0.9303228667643596
22.101876466438686,1.1947500705718994,2025-03-09T07:00:00Z,4,4,4,4,4,4,1,0,0,4,-0.5243918588194822,-0.23289772205249087,,,,,,,,20.200000762939453,-0.561121816780537,137.0,PS_047,,,1.785021116145206
21.879854075957308,1.1947500705718994,2025-03-09T07:15:00Z,4,4,4,4,4,4,1,0,0,4,-0.7713213275543829,-0.26296428916247894,,,,,,,,19.86301199663665,-0.7819634519386793,137.0,PS_047,,,1.1302005008647376
21.60531611198305,1.1947500705718992,2025-03-09T07:30:00Z,3,3,3,3,3,3,1,0,0,3,-0.7422749149926129,-0.333573926837913,,,,,,,,19.522969072306736,-0.6494185577347912,137.0,PS_047,,,0.480861108242053
21.395247289742258,1.1947500705718994,2025-03-09T07:45:00Z,4,4,4,4,4,4,1,0,0,4,-0.833992775492462,-0.3232583938355685,,,,,,,,19.216666488318,-0.914891984541972,137.0,PS_047,,,0.33999042821238784
20.998394375034106,1.1947500705718996,2025-03-09T08:00:00Z,3,3,3,3,3,3,1,0,0,3,-1.0913308804915691,-0.35008588289191683,,,,,,,,18.583191817985874,-1.1008091196662326,137.0,PS_047,,,0.0
21.094162602451338,1.1947500705718996,2025-03-09T08:15:00Z,4,4,4,4,4,4,1,0,0,4,-0.942642416867188,-0.31711930769024965,,,,,,,,18.479683683077305,-0.8966973600095496,137.0,PS_047,,,0.2516400628944534
21.086808130711425,1.1947500705718994,2025-03-09T08:30:00Z,3,3,3,3,3,3,1,0,0,3,-0.9020160488787679,-0.2665159014487849,,,,,,,,18.34886872965808,-0.8544998621067602,137.0,PS_047,,,0.18370296906592626
21.02828350850905,1.1947500705718994,2025-03-09T08:45:00Z,4,4,4,4,4,4,1,0,0,4,-0.96618664758028,-0.2788870761682269,,,,,,,,18.299999237060547,-0.7765014189857303,137.0,PS_047,,,0.09037010750756651
20.50915094517409,1.1992292657437702,2025-03-09T09:00:00Z,4,4,4,4,4,4,1,0,0,4,-1.1189714340673491,-0.35725024726788973,,,,,,,,17.933184761760657,-0.8753842794549128,137.0,PS_047,,,0.0
20.215849134768792,1.7944319350548055,2025-03-09T09:15:00Z,3,3,3,3,3,3,1,0,0,3,-0.9845958240447189,-0.26397761071068754,,,,,,,,17.799999237060547,-0.8534113003904509,137.0,PS_047,,,0.20694965448121552
20.000379403880853,5.638575965666364,2025-03-09T09:30:00Z,4,4,4,4,4,4,1,0,0,4,1.2523562134798427,-0.0790239478678815,,,,,,,,17.695567731492833,1.8073524561799734,137.0,PS_047,,,0.09575797210856248
20.067762897767825,12.311048612564429,2025-03-09T09:45:00Z,3,3,3,3,3,3,1,0,0,3,16.562537184908017,2.008300367727372,,,,,,,,17.304215384299777,17.071751390344133,137.0,PS_047,,,0.7361919761793088
20.478690439793642,10.49883442023483,2025-03-09T10:00:00Z,4,4,4,4,4,4,1,0,0,4,52.637982561966226,6.868997350703504,,,,,,,,18.652112874886235,64.54973277862292,137.0,PS_047,,,0.6997663926068374
21.66045672170416,15.803091639539227,2025-03-09T10:15:00Z,3,3,3,3,3,3,1,0,0,3,105.59142929296665,11.967869212500391,,,,,,,,19.68804544582663,158.5101967345632,137.0,PS_047,,,0.05049684198620416
22.61525052951726,13.33739682442608,2025-03-09T10:30:00Z,4,4,4,4,4,4,1,0,0,4,114.91640341260974,15.328435045896862,,,,,,,,21.620639930886128,180.07939146454115,137.0,PS_047,,,0.8253439226912789
22.68226755168088,16.322384183976226,2025-03-09T10:45:00Z,3,3,3,3,3,3,1,0,0,3,133.29005882063174,17.95965178267564,,,,,,,,23.375255316954934,193.37479960689842,137.0,PS_047,,,1.2738075586072921
22.80731586407574,7.29269076724288,2025-03-09T11:00:00Z,4,4,4,4,4,4,1,0,0,4,179.29135739230787,22.867906242869058,,,,,,,,25.876613738596557,294.66190370307606,137.0,PS_047,,,1.1452460856969064
23.810034518683654,12.392292842765022,2025-03-09T11:15:00Z,3,3,3,3,3,3,1,0,0,3,263.84531837644363,29.44931776499653,,,,,,,,30.696368249260914,515.8497363550325,137.0,PS_047,,,1.1442565401796534
24.460828792537658,11.970931076706572,2025-03-09T11:30:00Z,4,4,4,4,4,4,1,0,0,4,298.78635256304887,35.79169887799492,,,,,,,,35.13164222748919,575.6889436265824,137.0,PS_047,,,1.802154250301943
25.33316404026875,8.272806416948471,2025-03-09T11:45:00Z,4,4,4,4,4,4,1,0,0,4,447.8368746025652,56.48234294570954,,,,,,,,39.46904306698597,798.6703797323834,137.0,PS_047,,,1.21452641523364
25.411830122515116,7.8962346271711406,2025-03-09T12:00:00Z,3,3,3,3,3,3,1,0,0,3,302.0789805597858,48.763432901389606,,,,,,,,41.132763303521536,456.32455581689993,137.0,PS_047,,,0.7267678437915946
24.94338977141817,17.861022816804702,2025-03-09T12:15:00Z,4,4,4,4,4,4,1,0,0,4,449.68360683244236,60.60809872035697,,,,,,,,34.69055310786496,654.575399566991,137.0,PS_047,,,2.1799020994790683
26.184781753921794,8.371248359142959,2025-03-09T12:30:00Z,3,3,3,3,3,3,1,0,0,3,576.5940047062094,65.66175248892218,,,,,,,,41.54884049839281,809.3624586987978,137.0,PS_047,,,2.021161561046455
26.57051535547288,11.675299469949463,2025-03-09T12:45:00Z,4,4,4,4,4,4,1,0,0,4,581.6759447046261,60.943380964727616,,,,,,,,41.489793171153586,779.2447410313533,137.0,PS_047,,,1.6222865628516001
26.750711110279333,8.167837032503277,2025-03-09T13:00:00Z,3,3,3,3,3,3,1,0,0,3,594.48893547233,57.75499390822685,,,,,,,,40.49879328015367,765.8159341421425,137.0,PS_047,,,1.5566848372234978
27.974044019565277,17.598365404644607,2025-03-09T13:15:00Z,4,4,4,4,4,4,1,0,0,4,779.1893645821034,64.3652488507633,,,,,,,,45.865091755480464,981.5533346205825,137.0,PS_047,,,1.5823007091909767
28.255016291145648,19.687284469594736,2025-03-09T13:30:00Z,3,3,3,3,3,3,1,0,0,3,762.3852936610285,57.793511202314406,,,,,,,,47.7659421363056,929.9216368952244,137.0,PS_047,,,1.3242863936006624
28.6440958856856,14.121374358971341,2025-03-09T13:45:00Z,4,4,4,4,4,4,1,0,0,4,789.0946274153279,54.39667149496875,,,,,,,,47.23441128030711,909.9673666780652,137.0,PS_047,,,1.5121929746274683
28.628249608725472,9.40249632980175,2025-03-09T14:00:00Z,3,3,3,3,3,3,1,0,0,3,833.5577358760603,50.34380535701007,,,,,,,,48.43847706208651,928.2185693232705,137.0,PS_047,,,2.5253944373963972
28.905481393532124,13.360680598311175,2025-03-09T14:15:00Z,4,4,4,4,4,4,1,0,0,4,834.9579088384181,58.65382818036495,,,,,,,,46.98330260865224,887.5702099946611,137.0,PS_047,,,1.3737797245043537
29.114085445055906,17.712979805152763,2025-03-09T14:30:00Z,4,4,4,4,4,4,1,0,0,4,667.0826028564312,54.437208775328614,,,,,,,,45.42493718283,688.5163762565779,137.0,PS_047,,,1.9902031111364524
29.163745201256212,14.8997224765481,2025-03-09T14:45:00Z,3,3,3,3,3,3,1,0,0,3,865.9251698369526,58.396339791361484,,,,,,,,45.24554214338883,886.9416781759405,137.0,PS_047,,,2.5815323055272663
29.371179670504123,8.323391531618418,2025-03-09T15:00:00Z,4,4,4,4,4,4,1,0,0,4,1126.877996557909,64.87515778810952,,,,,,,,46.04687760502543,1115.9391898478182,137.0,PS_047,,,2.6852578332281003
30.141105130502954,19.38254119001628,2025-03-09T15:15:00Z,3,3,3,3,3,3,1,0,0,3,1044.34704451129,55.41079149049731,,,,,,,,49.41639925877895,1036.7870213526592,137.0,PS_047,,,1.484186380366389
30.243582695230344,17.733029392627387,2025-03-09T15:30:00Z,4,4,4,4,4,4,1,0,0,4,1044.8948039695322,52.50376407351735,,,,,,,,50.90641078937788,1032.9901083420973,137.0,PS_047,,,1.677555027047177
30.742274166276164,15.015237468594137,2025-03-09T15:45:00Z,3,3,3,3,3,3,1,0,0,3,1081.869602438902,53.572120113195645,,,,,,,,51.648392109566366,1061.090347730179,137.0,PS_047,,,2.3512491796979633
31.103374068239297,19.20383249314132,2025-03-09T16:00:00Z,4,4,4,4,4,4,1,0,0,4,939.6300869302751,49.092770845452215,,,,,,,,51.749898730625965,953.2487676459505,137.0,PS_047,,,2.7622775582383263
30.173875587365405,5.5873409647866925,2025-03-09T16:15:00Z,3,3,3,3,3,3,1,0,0,3,415.85582409011096,25.228935881119618,,,,,,,,40.308568039254006,409.1226180723401,137.0,PS_047,,,2.372304650424938
31.688617071122614,15.664337349342796,2025-03-09T16:30:00Z,4,4,4,4,4,4,1,0,0,4,1063.4904775489392,56.63239478831036,,,,,,,,51.20661508541475,1060.4092238558922,137.0,PS_047,,,2.536358288343677
32.5007432621254,9.768466056268089,2025-03-09T16:45:00Z,3,3,3,3,3,3,1,0,0,3,1106.7550062625348,62.03196675384205,,,,,,,,57.527472763779386,1117.2615094040311,137.0,PS_047,,,1.5761394072033736
32.67368522221196,5.6003347260571426,2025-03-09T17:00:00Z,4,4,4,4,4,4,1,0,0,4,1104.8864256043005,66.25114540651492,,,,,,,,60.73150321988518,1122.060689641835,137.0,PS_047,,,2.8255331794128575
32.72080830780066,18.83379889026159,2025-03-09T17:15:00Z,3,3,3,3,3,3,1,0,0,3,972.4577294422079,66.0550141145876,,,,,,,,60.987267088489034,987.7323190793846,137.0,PS_047,,,2.4293549632653217
32.38898229118871,12.920274266226139,2025-03-09T17:30:00Z,4,4,4,4,4,4,1,0,0,4,863.3024155138623,64.50185886611234,,,,,,,,56.326820361301486,904.3696298835442,137.0,PS_047,,,1.9736707155051874
33.60071126066114,5.569495699634186,2025-03-09T17:45:00Z,3,3,3,3,3,3,1,0,0,3,957.8565694448617,71.20132488828101,,,,,,,,61.34171160482404,1024.0894417445443,137.0,PS_047,,,2.3092284493913207
32.902542790580206,14.256940131070074,2025-03-09T18:00:00Z,4,4,4,4,4,4,1,0,0,4,502.7611466311354,56.73592341636064,,,,,,,,54.62089418610303,554.2366167123085,137.0,PS_047,,,2.3839695487916495
30.88756327917226,16.94215238759215,2025-03-09T18:15:00Z,3,3,3,3,3,3,1,0,0,3,503.9613214947761,55.45962398497493,,,,,,,,42.196942077527034,450.20248275045947,137.0,PS_047,,,3.6957084352832403
29.655401960090312,12.600753844059502,2025-03-09T18:30:00Z,4,4,4,4,4,4,1,0,0,4,237.0046609326025,39.199237376558315,,,,,,,,36.28388918365117,225.41227241706278,137.0,PS_047,,,2.3361898993710226
27.37858029920353,8.1708058352111,2025-03-09T18:45:00Z,3,3,3,3,3,3,1,0,0,3,151.15121520652627,28.01947010537911,,,,,,,,31.3101697521834,149.7102787296091,137.0,PS_047,,,4.399124236482992
24.44783698832015,14.163393279835653,2025-03-09T19:00:00Z,4,4,4,4,4,4,1,0,0,4,74.60316903577862,11.712070079514787,,,,,,,,25.66546405664253,90.45268466223169,137.0,PS_047,,,3.865260807570682
21.998289219882725,5.350467673194481,2025-03-09T19:15:00Z,3,3,3,3,3,3,1,0,0,3,29.984558428454473,8.981653345359485,,,,,,,,20.69400335740554,34.18995780528413,137.60000610351562,PS_047,,,4.537626242569577
21.36316649890983,16.821595294779605,2025-03-09T19:30:00Z,3,3,3,3,3,3,1,0,0,3,12.840364784800647,4.017189458404561,,,,,,,,19.60203119664318,8.637377418073974,141.8000030517578,PS_047,,,2.7574122656057134
21.369507759362726,9.50719315643466,2025-03-09T19:45:00Z,4,4,4,4,4,4,1,0,0,4,9.428728305583947,3.8821345410209327,,,,,,,,19.828735510803966,5.311184400080625,143.60000610351562,PS_047,,,2.549219999727947
21.303687933997725,6.519763721551644,2025-03-09T20:00:00Z,3,3,3,3,3,3,1,0,0,3,9.056290876069282,3.9953255164625636,,,,,,,,19.981125683995845,5.665946001413755,145.40000915527344,PS_047,,,1.6011417242313584
21.366874784562302,7.9465724509352125,2025-03-09T20:15:00Z,4,4,4,4,4,4,1,0,0,4,9.357655236052555,3.3711735185042895,,,,,,,,18.465493103849315,6.883116712491238,146.0,PS_047,,,3.3494729227012128
21.933028629291165,13.922007637669646,2025-03-09T20:30:00Z,3,3,3,3,3,3,1,0,0,3,13.581419764860497,3.186094896344474,,,,,,,,18.609162851365763,10.018523758651217,146.60000610351562,PS_047,,,3.1170683903001755
21.598186879819707,12.89239576079998,2025-03-09T20:45:00Z,4,4,4,4,4,4,1,0,0,4,11.978904711671518,2.2316423494138573,,,,,,,,18.950726204640322,10.369104214026642,146.60000610351562,PS_047,,,1.343802056079449
21.410245324619694,12.232516228801405,2025-03-09T21:00:00Z,3,3,3,3,3,3,1,0,0,3,12.337676205459992,1.3960271969542526,,,,,,,,19.730283165555313,12.576336223623851,147.0,PS_047,,,1.131767482447791
21.38709995021923,13.710503767537764,2025-03-09T21:15:00Z,4,4,4,4,4,4,1,0,0,4,10.546764182997325,1.033125354927112,,,,,,,,19.093981829592636,10.187624943150839,147.1999969482422,PS_047,,,2.292512263073642
21.397222436616055,5.698907305160477,2025-03-09T21:30:00Z,3,3,3,3,3,3,1,0,0,3,6.928770039199127,0.5777643886420795,,,,,,,,18.875968084002228,6.512976438025357,147.1999969482422,PS_047,,,2.9009339011827193
21.11592841094503,5.67055615313712,2025-03-09T21:45:00Z,4,4,4,4,4,4,1,0,0,4,1.3236380568753081,0.23040818624765103,,,,,,,,19.236874107410156,0.8816170145473242,147.1999969482422,PS_047,,,3.709979914861202
20.879228779523956,1.990169263235489,2025-03-09T22:00:00Z,3,3,3,3,3,3,1,0,0,3,0.5193708116356387,0.3034561208322037,,,,,,,,18.799999237060547,-0.00822722359248226,147.1999969482422,PS_047,,,4.5048132734321396
20.80314127464465,1.1981032025359908,2025-03-09T22:15:00Z,4,4,4,4,4,4,1,0,0,4,0.3328830643370574,0.1995254614390932,,,,,,,,18.799999237060547,-0.15168967795467359,147.1999969482422,PS_047,,,2.6540976059840724
20.788588948068977,1.1947500705718994,2025-03-09T22:30:00Z,3,3,3,3,3,3,1,0,0,3,-0.025194465569738075,0.055006364981256516,,,,,,,,18.76890162724818,-0.2949050368423188,147.1999969482422,PS_047,,,1.8059519235515344
20.797104812672977,1.1947500705718994,2025-03-09T22:45:00Z,4,4,4,4,4,4,1,0,0,4,0.07084926079542532,0.05675667273816954,,,,,,,,18.72066509678629,-0.23093020772521713,147.1999969482422,PS_047,,,1.167890943584774
20.50955826876326,1.1947500705718994,2025-03-09T23:00:00Z,3,3,3,3,3,3,1,0,0,3,-0.14478868554347316,-0.0005201722017302525,,,,,,,,18.600000381469727,-0.3916437168980969,147.1999969482422,PS_047,,,2.151940889532247
20.519959729192223,1.1947500705718994,2025-03-09T23:15:00Z,3,3,3,3,3,3,1,0,0,3,-0.26747096628896144,-0.00406595082613873,,,,,,,,18.60000038146973,-0.3808026658318544,147.1999969482422,PS_047,,,1.0278437719362326
20.475193347391404,1.1947500705718994,2025-03-09T23:30:00Z,4,4,4,4,4,4,1,0,0,4,-0.3176868658535253,-0.06325419071223269,,,,,,,,18.600000381469727,-0.46294039735881193,147.1999969482422,PS_047,,,0.8467363458892636
20.531459558348136,1.1947500705718992,2025-03-09T23:45:00Z,3,3,3,3,3,3,1,0,0,3,-0.2553725651958926,-0.032178860062704435,,,,,,,,18.600000381469723,-0.32684560245410693,147.1999969482422,PS_047,,,1.125269800621028
20.517070169966058,1.1947500705718996,2025-03-10T00:00:00Z,4,4,4,4,4,4,1,0,0,4,-0.2922374303027088,-0.11081499251482958,,,,,,,,18.708028869570253,-0.47884111389933365,147.1999969482422,PS_047,,,0.7897183919486862
20.607325572054815,1.1947500705718994,2025-03-10T00:15:00Z,3,3,3,3,3,3,1,0,0,3,-0.2662675152932202,-0.07902844208138747,,,,,,,,18.645047731717685,-0.39628643797878876,147.1999969482422,PS_047,,,0.32531441418434376
20.53728175813878,1.1947500705718994,2025-03-10T00:30:00Z,4,4,4,4,4,4,1,0,0,4,-0.17123259873789648,-0.032562931865848764,,,,,,,,18.746282511323233,-0.4149808488336557,147.1999969482422,PS_047,,,1.4287059110677853
20.435899486869047,1.1947500705718994,2025-03-10T00:45:00Z,4,4,4,4,4,4,1,0,0,4,-0.34582063313156275,-0.06946800389575496,,,,,,,,18.600000381469727,-0.5235692195677075,147.1999969482422,PS_047,,,1.4041264961735158
20.4584233597831,1.1947500705718992,2025-03-10T01:00:00Z,3,3,3,3,3,3,1,0,0,3,-0.3910689474428067,-0.12011029107871052,,,,,,,,18.63240874632961,-0.49959280581119664,147.1999969482422,PS_047,,,0.9314798755662973
20.54689445468659,1.1947500705718994,2025-03-10T01:15:00Z,4,4,4,4,4,4,1,0,0,4,-0.39041071647864667,-0.13251122775093002,,,,,,,,18.63182017783301,-0.45779492181462295,147.1999969482422,PS_047,,,0.6097878571560437
20.75609680132675,1.1947500705718994,2025-03-10T01:30:00Z,4,4,4,4,4,4,1,0,0,4,-0.3799727582864384,-0.0676373542624492,,,,,,,,18.76818124264266,-0.4712712397724596,147.1999969482422,PS_047,,,0.6192238930798247
20.931387521762282,1.1947500705718994,2025-03-10T01:45:00Z,3,3,3,3,3,3,1,0,0,3,-0.3700214769724312,-0.12783088925725217,,,,,,,,18.79999923706055,-0.49384003254372033,147.1999969482422,PS_047,,,0.2506044469667806
20.614028306423855,1.1947500705718994,2025-03-10T02:00:00Z,4,4,4,4,4,4,1,0,0,4,-0.5041169232294122,-0.19765411761110896,,,,,,,,18.799999237060547,-0.37921115619365947,147.1999969482422,PS_047,,,0.9313802020026362
20.601357666054913,1.1947500705718994,2025-03-10T02:15:00Z,4,4,4,4,4,4,1,0,0,4,-0.5191465870034514,-0.15064861967517829,,,,,,,,18.833420161306766,-0.6393610599943277,147.1999969482422,PS_047,,,0.1386487410769341
20.78830733860701,1.1947500705718994,2025-03-10T02:30:00Z,3,3,3,3,3,3,1,0,0,3,-0.5293501441932373,-0.17179973912993593,,,,,,,,19.029647403397547,-0.574734233202125,147.1999969482422,PS_047,,,0.23520483917465504
20.745595003727576,1.1947500705718994,2025-03-10T02:45:00Z,4,4,4,4,4,4,1,0,0,4,-0.5766018223768179,-0.16256681637001943,,,,,,,,18.889716893281626,-0.6173731568376982,147.1999969482422,PS_047,,,0.7557843765050655
20.68729576741769,1.1947500705718994,2025-03-10T03:00:00Z,3,3,3,3,3,3,1,0,0,3,-0.603664349415972,-0.20380883611755418,,,,,,,,19.047638056214687,-0.64086783357761,147.1999969482422,PS_047,,,0.6157077546753094
20.882021550102955,1.1947500705718994,2025-03-10T03:15:00Z,4,4,4,4,4,4,1,0,0,4,-0.6242142975982065,-0.11826881603936662,,,,,,,,19.100000381469723,-0.4924488905619593,147.1999969482422,PS_047,,,0.6110170379585058
20.94103665280147,1.1947500705718994,2025-03-10T03:30:00Z,4,4,4,4,4,4,1,0,0,4,-0.4566779629505191,-0.14371446706758925,,,,,,,,19.061856709827328,-0.5802789864271427,147.1999969482422,PS_047,,,1.0240417703968276
20.723017175121512,1.1947500705718994,2025-03-10T03:45:00Z,3,3,3,3,3,3,1,0,0,3,-0.569368623732201,-0.2293699477232653,,,,,,,,18.85367452182329,-0.5446306555085847,147.1999969482422,PS_047,,,0.42860537292231715
20.7455513363472,1.1947500705718994,2025-03-10T04:00:00Z,4,4,4,4,4,4,1,0,0,4,-0.5046065417771299,-0.19292265865010563,,,,,,,,18.799999237060543,-0.5147310562909165,147.1999969482422,PS_047,,,0.20408257353451636
20.721302249880445,1.1947500705718994,2025-03-10T04:15:00Z,3,3,3,3,3,3,1,0,0,3,-0.5746392520404638,-0.17246516932957826,,,,,,,,18.799999237060547,-0.666399513651724,147.1999969482422,PS_047,,,0.2450434649117807
20.83303027352898,1.1947500705718992,2025-03-10T04:30:00Z,4,4,4,4,4,4,1,0,0,4,-0.6187280368847118,-0.2208884494967676,,,,,,,,18.799999237060547,-0.641122279548221,147.1999969482422,PS_047,,,0.01576751382029517
20.719434041691795,1.1947500705718994,2025-03-10T04:45:00Z,4,4,4,4,4,4,1,0,0,4,-0.5345112468379777,-0.21391300429315718,,,,,,,,19.05272797905577,-0.4592009632974186,147.1999969482422,PS_047,,,0.9927870864117236
20.588075310753972,1.1947500705718992,2025-03-10T05:00:00Z,3,3,3,3,3,3,1,0,0,3,-0.5692428870426418,-0.21699852938042846,,,,,,,,19.100000381469723,-0.43849926402020956,147.1999969482422,PS_047,,,1.5560569582328185
20.730085945114862,1.1947500705718994,2025-03-10T05:15:00Z,4,4,4,4,4,4,1,0,0,4,-0.5732488321217867,-0.19539463263460732,,,,,,,,19.142967741761606,-0.4568240547084683,147.1999969482422,PS_047,,,0.38882678370840906
20.800741873961353,1.1947500705718994,2025-03-10T05:30:00Z,3,3,3,3,3,3,1,0,0,3,-0.5410961315617057,-0.16109612949408764,,,,,,,,19.047739503144207,-0.5349529233378967,147.1999969482422,PS_047,,,0.0
20.739586377077163,1.1947500705718994,2025-03-10T05:45:00Z,4,4,4,4,4,4,1,0,0,4,-0.7244852013046686,-0.22311020879254737,,,,,,,,19.052292958400372,-0.4991294271088468,147.1999969482422,PS_047,,,0.7554078433666044
20.743998304045007,1.1947500705718992,2025-03-10T06:00:00Z,4,4,4,4,4,4,1,0,0,4,-0.7764520133359817,-0.21098670472781075,,,,,,,,18.838276816940823,-0.7517554221094991,147.1999969482422,PS_047,,,0.7785487602117658
20.768433584602185,1.1947500705718994,2025-03-10T06:15:00Z,3,3,3,3,3,3,1,0,0,3,-0.6446671666871528,-0.24055080004679563,,,,,,,,18.899999618530277,-0.703795369689467,147.1999969482422,PS_047,,,0.0
20.846816965333762,1.1947500705718994,2025-03-10T06:30:00Z,4,4,4,4,4,4,1,0,0,4,-0.6602919427788858,-0.21413380032612941,,,,,,,,18.778797654965217,-0.6311951140683731,147.1999969482422,PS_047,,,0.0
20.9369106118598,1.1947500705718994,2025-03-10T06:45:00Z,3,3,3,3,3,3,1,0,0,3,-0.8966914504000809,-0.15228974218904304,,,,,,,,18.99485357679741,-0.7403433000278935,147.1999969482422,PS_047,,,0.19721533801624463
21.10801550510254,1.1947500705718994,2025-03-10T07:00:00Z,4,4,4,4,4,4,1,0,0,4,-0.8170996576681493,-0.21950402795816923,,,,,,,,18.686425993359393,-0.7814817020278034,147.1999969482422,PS_047,,,0.28086924395279883
21.060445741047708,1.1947500705718994,2025-03-10T07:15:00Z,4,4,4,4,4,4,1,0,0,4,-0.8217249299598236,-0.2765740033837435,,,,,,,,18.594841990189025,-0.7831919041238825,147.1999969482422,PS_047,,,0.06433556830114066
20.960134147924972,1.1947500705718994,2025-03-10T07:30:00Z,3,3,3,3,3,3,1,0,0,3,-0.9689494654594393,-0.28542260950012127,,,,,,,,18.299999237060543,-0.9507930651056309,147.1999969482422,PS_047,,,0.6722775764670915
20.927087386030575,1.1947500705718994,2025-03-10T07:45:00Z,4,4,4,4,4,4,1,0,0,4,-0.9379270505367407,-0.2902382871020058,,,,,,,,18.0,-0.8801294844930239,147.1999969482422,PS_047,,,0.08596534134366593
20.784242144184944,1.1947500705718996,2025-03-10T08:00:00Z,3,3,3,3,3,3,1,0,0,3,-0.8299999833106996,-0.2838489176038075,,,,,,,,18.299999237060547,-0.9168735072999921,147.1999969482422,PS_047,,,0.1148973402079035
20.393886639862384,1.1947500705718996,2025-03-10T08:15:00Z,4,4,4,4,4,4,1,0,0,4,-0.6801630398489337,-0.2865226790867296,,,,,,,,18.465664211494435,-0.6822710022153198,147.1999969482422,PS_047,,,0.75508852459642
20.1646487905235,1.1947500705718994,2025-03-10T08:30:00Z,3,3,3,3,3,3,1,0,0,3,-0.707958078389848,-0.33541033609715143,,,,,,,,18.299999237060547,-0.6523667779400733,147.1999969482422,PS_047,,,0.37785139701078085
20.125220760168094,1.1947500705718994,2025-03-10T08:45:00Z,4,4,4,4,4,4,1,0,0,4,-0.6966165214691018,-0.2800551769201916,,,,,,,,18.264712002115996,-0.6430326123728028,147.1999969482422,PS_047,,,0.9060491731602408
20.17872459318093,1.203074981825843,2025-03-10T09:00:00Z,4,4,4,4,4,4,1,0,0,4,-0.6564645931353824,-0.27234326716857127,,,,,,,,18.16005113088505,-0.6299562735623403,147.1999969482422,PS_047,,,0.0981397554772467
20.094174453194547,2.1959458459487706,2025-03-10T09:15:00Z,3,3,3,3,3,3,1,0,0,3,-0.6423240883798275,-0.2664905139159831,,,,,,,,18.100000381469727,-0.4987190633403825,147.1999969482422,PS_047,,,0.41956704078267737
20.076856798216326,7.064491558291091,2025-03-10T09:30:00Z,4,4,4,4,4,4,1,0,0,4,4.3950961533426245,0.47989153939139173,,,,,,,,17.52787791181402,6.814384537558272,147.1999969482422,PS_047,,,0.37456329633897545
20.19416220358291,15.878629101368096,2025-03-10T09:45:00Z,3,3,3,3,3,3,1,0,0,3,19.813930882511492,2.436299965310048,,,,,,,,18.006888434465893,20.848617482906263,147.1999969482422,PS_047,,,1.41183021357261
21.19238911317014,13.658391718684632,2025-03-10T10:00:00Z,4,4,4,4,4,4,1,0,0,4,64.09450534813678,8.162144153578629,,,,,,,,19.568590652964467,87.41767913695057,147.1999969482422,PS_047,,,0.11846534260729161
22.02749082254521,12.923684141979663,2025-03-10T10:15:00Z,3,3,3,3,3,3,1,0,0,3,88.70036257494567,9.527665831674279,,,,,,,,20.63405267084062,106.03542799204614,147.1999969482422,PS_047,,,0.04672776782417863
22.88506805678143,8.037347995748059,2025-03-10T10:30:00Z,4,4,4,4,4,4,1,0,0,4,160.969829020663,19.85680384357529,,,,,,,,22.97305605373624,252.129677175116,147.1999969482422,PS_047,,,0.8260680701227209
23.596796756635918,16.11187206928933,2025-03-10T10:45:00Z,3,3,3,3,3,3,1,0,0,3,276.9874647614078,39.608558960625786,,,,,,,,26.63519873272987,499.8112040123301,147.1999969482422,PS_047,,,0.47853653137951346
24.7410280299151,5.637163483818377,2025-03-10T11:00:00Z,4,4,4,4,4,4,1,0,0,4,354.8924337496456,43.03186104208801,,,,,,,,37.61499378846057,645.4318677824352,147.1999969482422,PS_047,,,0.9027380243880846
25.559957447549294,9.691603384140432,2025-03-10T11:15:00Z,3,3,3,3,3,3,1,0,0,3,509.38610913308514,48.72718600090141,,,,,,,,45.66874665217023,935.7310208387486,147.1999969482422,PS_047,,,1.7828889753766533
24.749761366047505,17.86088599669957,2025-03-10T11:30:00Z,4,4,4,4,4,4,1,0,0,4,305.0321263645629,42.2516172796379,,,,,,,,40.75033447063338,424.6431838085065,147.1999969482422,PS_047,,,1.203323799830055
25.490084528107364,13.53477216845615,2025-03-10T11:45:00Z,4,4,4,4,4,4,1,0,0,4,442.607715632641,67.11821848462624,,,,,,,,39.523875106120286,621.2494464042411,147.1999969482422,PS_047,,,0.15636058941320286
25.505913433557186,15.69515775302293,2025-03-10T12:00:00Z,3,3,3,3,3,3,1,0,0,3,302.95387352691574,58.36300316296806,,,,,,,,38.16467484140535,314.4165931878909,147.1999969482422,PS_047,,,0.7505266025232834
25.565885500280746,12.840987276712255,2025-03-10T12:15:00Z,4,4,4,4,4,4,1,0,0,4,333.80248981039404,57.63362302791225,,,,,,,,35.718847706913785,364.66907929840954,147.1999969482422,PS_047,,,1.40163383300058
26.412925197629193,19.61311629333957,2025-03-10T12:30:00Z,3,3,3,3,3,3,1,0,0,3,511.47333486880734,65.50610663121863,,,,,,,,39.799226717996596,633.5146358831631,147.1999969482422,PS_047,,,1.247635616616928
25.913996202234,14.875214562148425,2025-03-10T12:45:00Z,4,4,4,4,4,4,1,0,0,4,459.8269678661595,54.45751951952925,,,,,,,,39.72879946988851,561.1503252078666,147.1999969482422,PS_047,,,2.057793033509992
26.820311838645768,16.091081468484226,2025-03-10T13:00:00Z,3,3,3,3,3,3,1,0,0,3,615.455368188711,51.858310507547124,,,,,,,,44.22032690151879,783.3165426680748,147.1999969482422,PS_047,,,1.9593140121274282
27.756857933695425,18.40851775908746,2025-03-10T13:15:00Z,4,4,4,4,4,4,1,0,0,4,765.0674826480135,54.804276811878005,,,,,,,,48.88280607837735,965.4664841251703,147.1999969482422,PS_047,,,1.546441728063516
28.50166514660325,8.574609104817657,2025-03-10T13:30:00Z,3,3,3,3,3,3,1,0,0,3,820.7006674209213,53.55291863029796,,,,,,,,51.52066945537718,992.936284557315,147.1999969482422,PS_047,,,0.9759987742056617
29.560910540738664,11.731389392887518,2025-03-10T13:45:00Z,4,4,4,4,4,4,1,0,0,4,861.561780332916,52.3506592894469,,,,,,,,53.77391304119009,996.5919540974106,147.1999969482422,PS_047,,,1.172981008394481
29.78177144357998,5.61519074140141,2025-03-10T14:00:00Z,3,3,3,3,3,3,1,0,0,3,920.4979776867076,55.80630634787566,,,,,,,,52.080696869303914,1015.5622321794359,147.1999969482422,PS_047,,,2.2480222642900256
29.764491194045085,16.992094810038143,2025-03-10T14:15:00Z,4,4,4,4,4,4,1,0,0,4,612.9473988078538,48.482609906883376,,,,,,,,47.697744942701064,605.0058211240411,147.1999969482422,PS_047,,,1.4936286096901192
30.298690470966047,5.656202881035505,2025-03-10T14:30:00Z,3,3,3,3,3,3,1,0,0,3,1047.5141946873562,61.64003055152021,,,,,,,,46.74698581360611,1062.237192259957,147.1999969482422,PS_047,,,2.0040106068540893
31.039794371733183,14.015893609014471,2025-03-10T14:45:00Z,4,4,4,4,4,4,1,0,0,4,1017.0729094405174,52.113158613086156,,,,,,,,53.961231777753255,1049.047703584277,147.1999969482422,PS_047,,,1.8165919529795231
30.879887447351326,19.622914693225447,2025-03-10T15:00:00Z,3,3,3,3,3,3,1,0,0,3,989.4011696734293,47.590584563230095,,,,,,,,55.07604618020858,1004.1257871866435,147.1999969482422,PS_047,,,0.10050211111585428
31.461325264416647,19.46824147733108,2025-03-10T15:15:00Z,4,4,4,4,4,4,1,0,0,4,1007.2039775462845,46.95369013926238,,,,,,,,53.901430411175845,1003.5214709457604,147.1999969482422,PS_047,,,1.6712161615024308
31.623331913304316,5.5664594139465775,2025-03-10T15:30:00Z,3,3,3,3,3,3,1,0,0,3,1020.8941873797933,47.33633980821451,,,,,,,,55.03290607830497,1006.1374570040675,147.1999969482422,PS_047,,,2.3639140536483936
31.67137688137936,10.619986067619756,2025-03-10T15:45:00Z,4,4,4,4,4,4,1,0,0,4,925.6696602404357,44.10418559913973,,,,,,,,56.095780645662366,906.8431770164053,147.1999969482422,PS_047,,,2.1223715186864403
31.22818441678306,17.06948023677655,2025-03-10T16:00:00Z,3,3,3,3,3,3,1,0,0,3,513.8380382620658,31.042064186375622,,,,,,,,52.015118949900334,513.6194057911763,147.1999969482422,PS_047,,,2.168049377971009
31.665877704701447,13.64663046754904,2025-03-10T16:15:00Z,4,4,4,4,4,4,1,0,0,4,658.4254060778569,40.409660530583665,,,,,,,,51.0494254633065,637.9921760484978,147.1999969482422,PS_047,,,1.572070263599063
31.887050027536752,22.365675305125304,2025-03-10T16:30:00Z,3,3,3,3,3,3,1,0,0,3,924.2577337743338,47.49040843768655,,,,,,,,46.9355487531311,871.6338939778125,147.1999969482422,PS_047,,,1.6469791595047387
31.703786526195607,5.517396231240993,2025-03-10T16:45:00Z,4,4,4,4,4,4,1,0,0,4,313.99029395109085,28.603275828188067,,,,,,,,44.84116913164948,303.60935498978074,147.1999969482422,PS_047,,,0.7212737090489383
30.997326748128483,21.1193501663377,2025-03-10T17:00:00Z,3,3,3,3,3,3,1,0,0,3,276.33575445821447,29.924955348953954,,,,,,,,39.098977991288365,248.84739394205715,147.1999969482422,PS_047,,,0.9510865728998925
27.235198536124233,8.336265718303872,2025-03-10T17:15:00Z,4,4,4,4,4,4,1,0,0,4,153.42776478737275,22.951468122523607,,,,,,,,30.355494503736715,133.32161642518403,147.1999969482422,PS_047,,,3.856364360363905
24.538134322987254,5.402000659698122,2025-03-10T17:30:00Z,3,3,3,3,3,3,1,0,0,3,101.97525702340988,14.761961562628704,,,,,,,,25.157205542086974,92.38599914383062,147.1999969482422,PS_047,,,6.144191545135114
23.883805603701028,7.493284283991656,2025-03-10T17:45:00Z,3,3,3,3,3,3,1,0,0,3,88.50469041058858,10.109152583458629,,,,,,,,20.28054170857806,96.62107619537599,160.0,PS_047,,,7.851967898817768
22.822902516832535,15.66874762379085,2025-03-10T18:00:00Z,4,4,4,4,4,4,1,0,0,4,113.67450388875069,11.625780447207932,,,,,,,,21.36402355187243,112.26182758137472,163.60000610351562,PS_047,,,4.626859657476876
22.374749418386124,7.207933610367061,2025-03-10T18:15:00Z,3,3,3,3,3,3,1,0,0,3,124.45437964576342,13.96322099123491,,,,,,,,22.229605911237226,126.31678069543526,164.40000915527344,PS_047,,,2.616983001997546
22.442821848668206,10.808875468215223,2025-03-10T18:30:00Z,4,4,4,4,4,4,1,0,0,4,244.06296038007423,25.530158745907077,,,,,,,,22.891534883370028,239.2635172649409,164.40000915527344,PS_047,,,3.900732722472337
22.74833264037757,19.50312473425393,2025-03-10T18:45:00Z,3,3,3,3,3,3,1,0,0,3,305.7055710553148,38.93767408214551,,,,,,,,25.127158418680548,248.05723678202892,164.40000915527344,PS_047,,,2.6777664535601557
23.02461203886383,10.442798574510164,2025-03-10T19:00:00Z,3,3,3,3,3,3,1,0,0,3,276.6772931366545,44.500055966778106,,,,,,,,24.287667981983788,198.57356153039635,164.40000915527344,PS_047,,,3.287862932730013
23.068932903170985,17.12558563862588,2025-03-10T19:15:00Z,4,4,4,4,4,4,1,0,0,4,208.0220973568236,40.90894629032625,,,,,,,,25.41187346249197,133.79335047467072,164.40000915527344,PS_047,,,3.233697718444416
23.488774756828313,17.14890281744373,2025-03-10T19:30:00Z,3,3,3,3,3,3,1,0,0,3,188.67865652058413,41.027133342084895,,,,,,,,26.08900757532049,112.20088457539858,164.40000915527344,PS_047,,,2.242993999350489
23.605529028883115,15.313874737799956,2025-03-10T19:45:00Z,4,4,4,4,4,4,1,0,0,4,214.2630743748144,42.782557992101275,,,,,,,,26.316634868079767,154.73198657427295,164.40000915527344,PS_047,,,2.146082701219885
23.61040483783369,5.581474529536098,2025-03-10T20:00:00Z,3,3,3,3,3,3,1,0,0,3,188.89135401883303,29.33981316826044,,,,,,,,25.92441583188327,143.07423603268475,164.40000915527344,PS_047,,,2.400249920206281
23.738643414978274,13.509691158534762,2025-03-10T20:15:00Z,4,4,4,4,4,4,1,0,0,4,139.21280812628478,17.371179302083643,,,,,,,,25.666798830356313,130.13224214384346,164.40000915527344,PS_047,,,2.2433798470689665
23.74543758665286,14.763975137728284,2025-03-10T20:30:00Z,3,3,3,3,3,3,1,0,0,3,117.04252598423807,11.529729800930731,,,,,,,,25.159856336185015,119.70875660339983,164.40000915527344,PS_047,,,2.513001411936853
23.536737227483336,8.536169799178353,2025-03-10T20:45:00Z,4,4,4,4,4,4,1,0,0,4,80.57166603496181,7.636465446862794,,,,,,,,24.033977118728362,77.70331017603971,164.40000915527344,PS_047,,,2.5086575911260294
23.24055669872812,7.453869537454171,2025-03-10T21:00:00Z,3,3,3,3,3,3,1,0,0,3,48.77308982897084,3.839433323644694,,,,,,,,23.04720189627755,46.6885441517536,164.40000915527344,PS_047,,,1.4415770548784854
23.284325583610986,5.261132119074145,2025-03-10T21:15:00Z,3,3,3,3,3,3,1,0,0,3,39.23129739915266,2.7123332420030586,,,,,,,,22.586488103791478,38.21245745107364,164.40000915527344,PS_047,,,0.781393792366234
22.878962387026565,9.813565892077495,2025-03-10T21:30:00Z,4,4,4,4,4,4,1,0,0,4,14.993154987607682,0.74278193503568,,,,,,,,21.62956076605092,14.302097262604931,164.40000915527344,PS_047,,,0.6413271649084914
22.680344528808664,7.155859027451331,2025-03-10T21:45:00Z,3,3,3,3,3,3,1,0,0,3,2.102851042822333,-0.44580037154316227,,,,,,,,20.657133755925013,1.7636078520184975,164.40000915527344,PS_047,,,0.9264097360068231
22.982127595361217,2.601863814980817,2025-03-10T22:00:00Z,4,4,4,4,4,4,1,0,0,4,-0.46788313282142346,-0.7017046245181859,,,,,,,,20.700000762939453,-0.6266086340119683,164.40000915527344,PS_047,,,1.2915209930122757
22.886478759638553,1.1987205697459353,2025-03-10T22:15:00Z,3,3,3,3,3,3,1,0,0,3,-0.9625571579698464,-0.6724315017531868,,,,,,,,20.472190804680217,-1.0777695595236216,164.40000915527344,PS_047,,,1.7374724366435488
22.67980218730718,1.1947500705718994,2025-03-10T22:30:00Z,3,3,3,3,3,3,1,0,0,3,-1.009961555374694,-0.5882108677894521,,,,,,,,20.253820587664904,-0.868103503063962,164.40000915527344,PS_047,,,1.2110066963092585
22.532830036325088,1.1947500705718994,2025-03-10T22:45:00Z,4,4,4,4,4,4,1,0,0,4,-0.918996359576309,-0.5939394469478134,,,,,,,,20.248798807871474,-0.8113006727378783,164.40000915527344,PS_047,,,1.2585720140859669
22.561268699704833,1.1947500705718994,2025-03-10T23:00:00Z,3,3,3,3,3,3,1,0,0,3,-0.8853587004941247,-0.5533633469427562,,,,,,,,20.364275158107304,-0.6426935923824346,164.40000915527344,PS_047,,,2.011355485271979
22.42641996926124,1.1947500705718994,2025-03-10T23:15:00Z,4,4,4,4,4,4,1,0,0,4,-0.8107875817108827,-0.5528391650780461,,,,,,,,20.442477783603778,-0.6278621003071735,164.40000915527344,PS_047,,,2.043292232467752
22.483714782494786,1.1947500705718994,2025-03-10T23:30:00Z,3,3,3,3,3,3,1,0,0,3,-0.7579857263511974,-0.5625284892522551,,,,,,,,20.48382240896964,-0.609656166912109,164.40000915527344,PS_047,,,2.6360023327439146
22.418819287474093,1.1947500705718994,2025-03-10T23:45:00Z,4,4,4,4,4,4,1,0,0,4,-1.0500336996847794,-0.5345716964823186,,,,,,,,20.56002303454875,-0.7149127802235996,164.40000915527344,PS_047,,,1.847175988032752
22.137448399306635,1.1947500705718994,2025-03-11T00:00:00Z,3,3,3,3,3,3,1,0,0,3,-1.48670597338609,-0.5018078480711885,,,,,,,,19.967617316021006,-0.9347987558984754,164.40000915527344,PS_047,,,2.1928076654863027
21.89107740419531,1.1947500705718994,2025-03-11T00:15:00Z,4,4,4,4,4,4,1,0,0,4,-1.063941412813847,-0.45717861793297987,,,,,,,,19.76019545670689,-0.8076228237930418,164.40000915527344,PS_047,,,2.0088130554254757
21.80702683265538,1.1947500705718996,2025-03-11T00:30:00Z,3,3,3,3,3,3,1,0,0,3,-0.853863332731781,-0.40914086944372247,,,,,,,,19.647785881039262,-0.8714113490223664,164.40000915527344,PS_047,,,1.8921118236998804
21.765866470219887,1.1947500705718994,2025-03-11T00:45:00Z,4,4,4,4,4,4,1,0,0,4,-0.7584374693028678,-0.37956660222136124,,,,,,,,19.60000038146973,-0.7131400364556828,164.40000915527344,PS_047,,,0.8614806422914657
21.712132313374426,1.1947500705718994,2025-03-11T01:00:00Z,4,4,4,4,4,4,1,0,0,4,-0.7988338499434333,-0.4061604412137502,,,,,,,,19.600000381469723,-0.7220563895183019,164.40000915527344,PS_047,,,0.5083250675667549
21.62754700990107,1.1947500705718992,2025-03-11T01:15:00Z,3,3,3,3,3,3,1,0,0,3,-0.7690154171153976,-0.4026049372561065,,,,,,,,19.600000381469727,-0.7158188229147668,164.40000915527344,PS_047,,,0.6766415877374534
21.494349815475733,1.1947500705718992,2025-03-11T01:30:00Z,4,4,4,4,4,4,1,0,0,4,-0.8647327279092025,-0.3814973691325332,,,,,,,,19.51780985071838,-0.6184458958995275,164.40000915527344,PS_047,,,0.09878344923115857
21.379161487119998,1.1947500705718994,2025-03-11T01:45:00Z,4,4,4,4,4,4,1,0,0,4,-0.9107488719096853,-0.37514080316474,,,,,,,,19.36474267436165,-0.7545104488408824,164.40000915527344,PS_047,,,0.04794956511474618
21.19847107092842,1.1947500705718994,2025-03-11T02:00:00Z,3,3,3,3,3,3,1,0,0,3,-1.071303955292723,-0.4078685559307481,,,,,,,,18.866411057902017,-0.9142461372244628,164.40000915527344,PS_047,,,0.0
21.01609407842547,1.1947500705718994,2025-03-11T02:15:00Z,4,4,4,4,4,4,1,0,0,4,-1.042197223851788,-0.4314455389008711,,,,,,,,18.60000038146973,-0.7153007249582117,164.40000915527344,PS_047,,,0.45471187978925864
20.684615877048603,1.1947500705718994,2025-03-11T02:30:00Z,3,3,3,3,3,3,1,0,0,3,-0.9674865371441216,-0.3978780530654592,,,,,,,,18.511696840341735,-0.7896981422705222,164.40000915527344,PS_047,,,0.5155293111121652
20.509893670915222,1.1947500705718994,2025-03-11T02:45:00Z,4,4,4,4,4,4,1,0,0,4,-0.8493122216798227,-0.3768720469307495,,,,,,,,18.558814806074242,-0.7444780170073596,164.40000915527344,PS_047,,,1.0510226233889073
20.486444433272666,1.1947500705718994,2025-03-11T03:00:00Z,4,4,4,4,4,4,1,0,0,4,-0.8100664872029975,-0.2889925406253286,,,,,,,,18.600000381469727,-0.6400097069142,164.40000915527344,PS_047,,,0.5524934307033494
20.55062824754592,1.1947500705718992,2025-03-11T03:15:00Z,3,3,3,3,3,3,1,0,0,3,-0.7902467297571232,-0.26579346900698153,,,,,,,,18.600000381469727,-0.68531301061612,164.40000915527344,PS_047,,,0.5401909955795843
20.608950527397546,1.1947500705718992,2025-03-11T03:30:00Z,4,4,4,4,4,4,1,0,0,4,-0.7514536751716351,-0.19300581766652125,,,,,,,,18.8844981270575,-0.7472184918953942,164.40000915527344,PS_047,,,0.29339473151688
20.74906230552975,1.1947500705718994,2025-03-11T03:45:00Z,3,3,3,3,3,3,1,0,0,3,-0.6910838970604775,-0.22255642088579866,,,,,,,,19.055998351833072,-0.7933789989134911,164.40000915527344,PS_047,,,0.23233041102457394
20.684107425401983,1.1947500705718994,2025-03-11T04:00:00Z,4,4,4,4,4,4,1,0,0,4,-0.7819939525047,-0.24891795212612822,,,,,,,,19.140406395313477,-0.6235589378801942,164.40000915527344,PS_047,,,0.7381134530230897
20.733133657142563,1.1947500705718992,2025-03-11T04:15:00Z,4,4,4,4,4,4,1,0,0,4,-0.8120637707885844,-0.20990258420203714,,,,,,,,19.135887378647425,-0.7274407705306749,164.40000915527344,PS_047,,,0.7236761310304409
20.732277487750153,1.1947500705718996,2025-03-11T04:30:00Z,3,3,3,3,3,3,1,0,0,3,-0.7450901743650176,-0.20782942232823415,,,,,,,,19.100000381469727,-0.699999988079071,164.40000915527344,PS_047,,,0.6507426829945478
20.77744907527597,1.1947500705718996,2025-03-11T04:45:00Z,4,4,4,4,4,4,1,0,0,4,-0.7231094706574728,-0.23303719981281237,,,,,,,,19.20914600813875,-0.7252708714931014,164.40000915527344,PS_047,,,0.27957823050634556
20.81223698538156,1.1947500705718994,2025-03-11T05:00:00Z,3,3,3,3,3,3,1,0,0,3,-0.9574894083289832,-0.23725838421096568,,,,,,,,19.10000038146973,-0.7866767596592211,164.40000915527344,PS_047,,,1.431921835454937
20.83934874017398,1.1947500705718992,2025-03-11T05:15:00Z,4,4,4,4,4,4,1,0,0,4,-0.8542504422236227,-0.27393109254173226,,,,,,,,19.100000381469727,-0.8744118192965991,164.40000915527344,PS_047,,,1.9370292666541842
20.78091580935755,1.1947500705718994,2025-03-11T05:30:00Z,4,4,4,4,4,4,1,0,0,4,-0.8265010138139177,-0.23479566728634024,,,,,,,,19.10000038146973,-0.7818510228679272,164.40000915527344,PS_047,,,1.3464700929792361
20.781079539472923,1.1947500705718992,2025-03-11T05:45:00Z,3,3,3,3,3,3,1,0,0,3,-0.7022938300086153,-0.3023107124895579,,,,,,,,19.100000381469727,-0.6884426544980663,164.40000915527344,PS_047,,,1.259785913439374
20.906119341375383,1.1947500705718994,2025-03-11T06:00:00Z,4,4,4,4,4,4,1,0,0,4,-0.7640864626197259,-0.21556191338379863,,,,,,,,19.249116118314145,-0.7540089742515506,164.40000915527344,PS_047,,,0.28924023347525213
20.968761041747907,1.1947500705718994,2025-03-11T06:15:00Z,3,3,3,3,3,3,1,0,0,3,-0.6950038670664019,-0.2397213205364127,,,,,,,,19.342555501637783,-0.7232286104962731,164.40000915527344,PS_047,,,0.362557873603747
20.98975077810545,1.1947500705718994,2025-03-11T06:30:00Z,4,4,4,4,4,4,1,0,0,4,-0.7356593149836901,-0.24372659193822202,,,,,,,,19.352411813020378,-0.8361805100684574,164.40000915527344,PS_047,,,1.1456467486577715
21.068959616162065,1.1947500705718994,2025-03-11T06:45:00Z,4,4,4,4,4,4,1,0,0,4,-0.8803288379889852,-0.21841602340501678,,,,,,,,19.28981293696695,-0.8262993799212486,164.40000915527344,PS_047,,,1.1060726166590096
21.195623026870294,1.1947500705718994,2025-03-11T07:00:00Z,3,3,3,3,3,3,1,0,0,3,-0.7804147153265724,-0.22958649383589053,,,,,,,,19.162796754515732,-0.7918559738195287,164.40000915527344,PS_047,,,0.10926597007195614
21.04998603126652,1.1947500705718994,2025-03-11T07:15:00Z,4,4,4,4,4,4,1,0,0,4,-0.6824280886037991,-0.25957403732688944,,,,,,,,19.255685260556024,-0.8023523040947705,164.40000915527344,PS_047,,,1.2658567732566615
20.83748865119123,1.1947500705718994,2025-03-11T07:30:00Z,3,3,3,3,3,3,1,0,0,3,-0.7385019754314521,-0.27184830653528486,,,,,,,,19.100000381469727,-0.7328017653708695,164.40000915527344,PS_047,,,1.0581647436498658
20.765349281983486,1.1947500705718994,2025-03-11T07:45:00Z,4,4,4,4,4,4,1,0,0,4,-0.6076561862515878,-0.2563177775290727,,,,,,,,19.35941125420156,-0.6044946659834699,164.40000915527344,PS_047,,,1.9470200466327494
20.65412049152081,1.1947500705718994,2025-03-11T08:00:00Z,3,3,3,3,3,3,1,0,0,3,-0.6114679173456353,-0.27940487016982074,,,,,,,,19.27201851061024,-0.46986925654532147,164.40000915527344,PS_047,,,1.1190067212637416
20.654815723226218,1.1947500705718994,2025-03-11T08:15:00Z,4,4,4,4,4,4,1,0,0,4,-0.6416124930926798,-0.2083670669536614,,,,,,,,19.147357476520497,-0.5899300673847407,164.40000915527344,PS_047,,,1.2996445180842182
20.75343488773778,1.1947500705718996,2025-03-11T08:30:00Z,4,4,4,4,4,4,1,0,0,4,-0.6979906323219948,-0.2620995962584172,,,,,,,,19.2306722166834,-0.6384315390799007,164.40000915527344,PS_047,,,0.26593680100292755
20.85781109945692,1.1947500705718992,2025-03-11T08:45:00Z,3,3,3,3,3,3,1,0,0,3,-0.7541148767692303,-0.2029683829969369,,,,,,,,19.100000381469727,-0.6608078013405014,164.40000915527344,PS_047,,,0.5149709380838212
20.872066154831007,1.1947500705718994,2025-03-11T09:00:00Z,4,4,4,4,4,4,1,0,0,4,-0.7190065027660226,-0.21750180795581495,,,,,,,,19.071985264920983,-0.6623138266351828,164.40000915527344,PS_047,,,0.2816375531057907
20.84983769821165,1.4270184007922668,2025-03-11T09:15:00Z,3,3,3,3,3,3,1,0,0,3,-0.6867148364878386,-0.20755325881286762,,,,,,,,18.929953842327112,-0.5777474469134071,164.40000915527344,PS_047,,,0.06939857960584708
20.90792783325202,4.858902946609292,2025-03-11T09:30:00Z,4,4,4,4,4,4,1,0,0,4,0.9158692645627368,-0.04598546633738996,,,,,,,,18.947824253470316,1.150770925604136,164.40000915527344,PS_047,,,0.734095817187832
21.10617299266737,14.33615394599607,2025-03-11T09:45:00Z,3,3,3,3,3,3,1,0,0,3,8.205643170592529,0.619026082068895,,,,,,,,19.256642841405153,8.79584109194865,164.40000915527344,PS_047,,,0.21036621884829546
21.293037375053192,12.001832622721313,2025-03-11T10:00:00Z,4,4,4,4,4,4,1,0,0,4,24.59531020586366,2.1964890678371254,,,,,,,,20.11539744976166,26.342227316086355,164.40000915527344,PS_047,,,1.0695775459471162
21.388610248710933,9.537762880406921,2025-03-11T10:15:00Z,3,3,3,3,3,3,1,0,0,3,40.03801524108602,3.8049258186833645,,,,,,,,20.111447268309178,43.94262448159891,164.40000915527344,PS_047,,,1.5681372511971647
21.45297082974493,17.144365485995515,2025-03-11T10:30:00Z,4,4,4,4,4,4,1,0,0,4,49.26550995209183,4.868832967908756,,,,,,,,20.444697649648113,51.77900027086518,164.40000915527344,PS_047,,,1.2658457883012468
21.578837330339972,9.69716244174142,2025-03-11T10:45:00Z,4,4,4,4,4,4,1,0,0,4,58.5440654574413,6.290435747073393,,,,,,,,20.443815938185352,61.47703287458891,164.40000915527344,PS_047,,,1.7576610299301612
21.929546331490403,9.899271522306316,2025-03-11T11:00:00Z,3,3,3,3,3,3,1,0,0,3,66.81428153777816,8.134165205735785,,,,,,,,20.133561883131286,70.43158640928125,164.40000915527344,PS_047,,,1.5995959829745117
22.277764652416803,10.8949925427689,2025-03-11T11:15:00Z,4,4,4,4,4,4,1,0,0,4,76.82776096971868,11.929076978321826,,,,,,,,21.267807684335,73.15569035155299,164.40000915527344,PS_047,,,1.636507467925255
22.6355954587349,17.886013979719184,2025-03-11T11:30:00Z,3,3,3,3,3,3,1,0,0,3,105.72967040610354,22.4430369875215,,,,,,,,22.746796204700654,87.68456495337276,164.40000915527344,PS_047,,,1.069452200165446
23.230174946935982,19.91922443730157,2025-03-11T11:45:00Z,4,4,4,4,4,4,1,0,0,4,138.32374365269712,38.72010473168282,,,,,,,,23.488933278663435,107.84770575406385,164.40000915527344,PS_047,,,1.1389556820250837
23.81512272118591,10.138690027489785,2025-03-11T12:00:00Z,3,3,3,3,3,3,1,0,0,3,195.00136714543308,55.961250195419005,,,,,,,,25.42186192967349,153.62081158076532,164.40000915527344,PS_047,,,0.8384674179293917
24.669443053392786,21.751158786157344,2025-03-11T12:15:00Z,4,4,4,4,4,4,1,0,0,4,253.15419718174988,73.21943946391607,,,,,,,,28.42008798118757,218.67924937357677,164.40000915527344,PS_047,,,1.249527929927996
25.782335737109246,14.757515495122872,2025-03-11T12:30:00Z,3,3,3,3,3,3,1,0,0,3,341.16588287996586,78.17961557909581,,,,,,,,32.61021615893128,353.8706004957132,164.40000915527344,PS_047,,,1.7303511723979614
26.851559036629567,12.433433605534084,2025-03-11T12:45:00Z,4,4,4,4,4,4,1,0,0,4,541.33838130739,88.35683121574745,,,,,,,,39.088078871528324,602.4998323126852,164.40000915527344,PS_047,,,2.8352311781422532
27.697889889490444,20.86204811792908,2025-03-11T13:00:00Z,3,3,3,3,3,3,1,0,0,3,564.7941129943603,84.430092788486,,,,,,,,46.43499916270696,658.8918462827402,164.40000915527344,PS_047,,,2.7637573131419058
28.16088470015611,16.963083730153134,2025-03-11T13:15:00Z,4,4,4,4,4,4,1,0,0,4,622.9792063901122,79.8386045022389,,,,,,,,48.903587691085065,729.2451034493419,164.40000915527344,PS_047,,,3.651161145550227
28.11346687418949,15.630126019304564,2025-03-11T13:30:00Z,4,4,4,4,4,4,1,0,0,4,552.9906411661958,67.10524158144052,,,,,,,,45.0665034390253,623.5475160924669,164.40000915527344,PS_047,,,2.207815934459336
28.09414797148965,8.59180067632146,2025-03-11T13:45:00Z,3,3,3,3,3,3,1,0,0,3,577.7584454641784,58.808755064076934,,,,,,,,43.02652939434635,637.4691277872816,164.40000915527344,PS_047,,,2.4330984666664173
28.967361198990186,22.881229200844267,2025-03-11T14:00:00Z,4,4,4,4,4,4,1,0,0,4,775.1328848536757,59.03833800948147,,,,,,,,45.49108670683459,895.9313918453461,164.40000915527344,PS_047,,,3.3709935762440946
29.714403778299136,22.361542185682783,2025-03-11T14:15:00Z,3,3,3,3,3,3,1,0,0,3,742.4449293079875,53.73903814932317,,,,,,,,53.92931465894814,843.956347277775,164.40000915527344,PS_047,,,3.7135086923748086
29.335814685126852,22.49422755678823,2025-03-11T14:30:00Z,4,4,4,4,4,4,1,0,0,4,620.7130460158028,45.33894433653176,,,,,,,,46.543044316512564,701.636024544662,164.40000915527344,PS_047,,,2.9337557359029267
30.469344091192568,5.649980991135375,2025-03-11T14:45:00Z,3,3,3,3,3,3,1,0,0,3,965.6377846363381,52.8183542406617,,,,,,,,52.12186472141618,1001.5814628230565,164.40000915527344,PS_047,,,4.070507417160445
30.153779179037326,20.414916627122416,2025-03-11T15:00:00Z,4,4,4,4,4,4,1,0,0,4,1035.3328392927494,52.66798023997156,,,,,,,,50.351419775987694,1050.6896169827637,164.40000915527344,PS_047,,,4.221390946773786
30.415073621747574,5.643151931322839,2025-03-11T15:15:00Z,3,3,3,3,3,3,1,0,0,3,983.0647574738673,50.062023709383894,,,,,,,,51.135894818172844,977.7966650173756,164.40000915527344,PS_047,,,2.863734438651755
30.861511984929553,8.201719560349947,2025-03-11T15:30:00Z,4,4,4,4,4,4,1,0,0,4,1007.1427347020565,54.25450566794627,,,,,,,,51.53307105356971,1041.8322680724093,164.40000915527344,PS_047,,,2.911266319115186
31.14327441247544,21.908193213967387,2025-03-11T15:45:00Z,3,3,3,3,3,3,1,0,0,3,973.8405026772368,53.36085614882411,,,,,,,,52.64416701033649,1054.3947564098721,164.40000915527344,PS_047,,,2.0209976327827373
31.019263451666642,12.290456201613338,2025-03-11T16:00:00Z,4,4,4,4,4,4,1,0,0,4,770.3957032519371,46.83899952907936,,,,,,,,51.91990442288954,845.3530926262015,164.40000915527344,PS_047,,,1.9546444575880495
31.081857376049136,5.6155915728869035,2025-03-11T16:15:00Z,3,3,3,3,3,3,1,0,0,3,913.8572990249398,53.183537588001755,,,,,,,,50.25898126550606,995.7656669396116,164.40000915527344,PS_047,,,3.146962787205878
29.651035188522876,13.381114173541988,2025-03-11T16:30:00Z,4,4,4,4,4,4,1,0,0,4,146.7241497724819,12.727735492306834,,,,,,,,35.24531202766585,149.61678899795888,164.40000915527344,PS_047,,,2.347847761962033
29.876508066534612,17.805553717713963,2025-03-11T16:45:00Z,3,3,3,3,3,3,1,0,0,3,133.40126630455248,12.885068034451985,,,,,,,,32.46915461413743,128.62663993980783,164.40000915527344,PS_047,,,0.06175495355632061
26.050854059256952,7.728782643142583,2025-03-11T17:00:00Z,4,4,4,4,4,4,1,0,0,4,113.11621049295061,12.66293003368918,,,,,,,,29.362612165791088,100.61422471244052,164.40000915527344,PS_047,,,3.495231978771334
24.54224620315295,5.584559195882767,2025-03-11T17:15:00Z,3,3,3,3,3,3,1,0,0,3,128.2650859104634,13.469020673814844,,,,,,,,27.36797794310436,128.44207794000755,164.40000915527344,PS_047,,,3.2802932959378834
25.183362241424444,14.85995001236117,2025-03-11T17:30:00Z,4,4,4,4,4,4,1,0,0,4,292.9515353486287,27.986216006187256,,,,,,,,29.329493313056727,298.08041703890956,164.40000915527344,PS_047,,,2.512377398183803
27.042307157987857,15.368999516332675,2025-03-11T17:45:00Z,3,3,3,3,3,3,1,0,0,3,209.74279716205513,29.828454737309624,,,,,,,,33.75582668400331,189.41828037016987,164.40000915527344,PS_047,,,1.5591941761769037
28.00779075929752,21.723578363775367,2025-03-11T18:00:00Z,4,4,4,4,4,4,1,0,0,4,403.7709932478949,51.9918292278449,,,,,,,,35.51354210073498,390.943043275759,164.40000915527344,PS_047,,,0.9676255448126417
29.449052469592274,5.6121386971070155,2025-03-11T18:15:00Z,3,3,3,3,3,3,1,0,0,3,462.7415609303892,55.37299978654338,,,,,,,,41.60723835864853,498.47379917278437,164.40000915527344,PS_047,,,2.048110374213925
29.827678444412467,15.60695382767668,2025-03-11T18:30:00Z,4,4,4,4,4,4,1,0,0,4,675.1393091076884,69.09978556710237,,,,,,,,48.73264623655868,819.9168418554242,164.40000915527344,PS_047,,,2.494882027963312
31.643759170681072,17.899442274312193,2025-03-11T18:45:00Z,3,3,3,3,3,3,1,0,0,3,649.6934184510962,71.35448145586274,,,,,,,,56.94961577225657,876.3819712333187,164.40000915527344,PS_047,,,1.91202619853041
29.428658802741698,5.658696744315753,2025-03-11T19:00:00Z,3,3,3,3,3,3,1,0,0,3,245.95834321604084,47.75017936091291,,,,,,,,40.78683310944914,323.3568224130457,164.40000915527344,PS_047,,,1.3476869648763599
30.715268607622303,20.08086627915448,2025-03-11T19:15:00Z,4,4,4,4,4,4,1,0,0,4,594.6820944611796,73.69318679847026,,,,,,,,48.045543542624536,987.2217347274553,164.40000915527344,PS_047,,,1.9744578043633765
31.336344703860565,15.816632002730044,2025-03-11T19:30:00Z,3,3,3,3,3,3,1,0,0,3,540.7087590960564,69.82390830795472,,,,,,,,57.45507518006002,961.2018242308492,164.40000915527344,PS_047,,,0.7516712261158375
30.809154144154313,19.49300903391716,2025-03-11T19:45:00Z,4,4,4,4,4,4,1,0,0,4,443.54401127403145,58.87320316373549,,,,,,,,54.353827788217956,849.7892590197332,164.40000915527344,PS_047,,,2.227532475259534
30.01170944199795,17.022060812686174,2025-03-11T20:00:00Z,3,3,3,3,3,3,1,0,0,3,407.53274327761227,42.06790356028493,,,,,,,,52.12637880613594,843.5567654300896,164.40000915527344,PS_047,,,3.1448696895254
29.071039355989658,12.788359896882977,2025-03-11T20:15:00Z,4,4,4,4,4,4,1,0,0,4,203.27895573531978,23.08033875848462,,,,,,,,42.98525589088317,341.0765515228136,164.40000915527344,PS_047,,,1.4009130052223655
28.99849849945485,8.441733912627098,2025-03-11T20:30:00Z,3,3,3,3,3,3,1,0,0,3,216.55324982517945,22.423046777375692,,,,,,,,41.710520255263006,333.21424353347953,164.40000915527344,PS_047,,,1.6639130904217574
29.31710180440998,12.152542603211892,2025-03-11T20:45:00Z,4,4,4,4,4,4,1,0,0,4,265.327670979318,31.58149767944262,,,,,,,,39.220435507280854,459.397537909901,164.40000915527344,PS_047,,,2.0505604348712874
27.478427287629067,7.319082230172814,2025-03-11T21:00:00Z,3,3,3,3,3,3,1,0,0,3,60.09162090332504,4.916327020795516,,,,,,,,31.721509877622605,68.84051571137408,164.40000915527344,PS_047,,,1.8285209498958843
27.194996229173153,5.157012866360305,2025-03-11T21:15:00Z,3,3,3,3,3,3,1,0,0,3,36.45204521559557,2.792335270141493,,,,,,,,27.567468121802563,39.46916993941331,164.40000915527344,PS_047,,,0.909148501455759
26.9573278461733,6.894586154837873,2025-03-11T21:30:00Z,4,4,4,4,4,4,1,0,0,4,17.738872298668323,1.2157433743011887,,,,,,,,25.894445712330626,18.50597728121804,164.40000915527344,PS_047,,,0.47404639241414626
26.1611403199318,10.61782233504207,2025-03-11T21:45:00Z,3,3,3,3,3,3,1,0,0,3,4.250591088597009,0.1446213195884785,,,,,,,,24.230833019792943,4.038162052831243,164.40000915527344,PS_047,,,2.029822419657949
25.4079637622347,2.266462550137903,2025-03-11T22:00:00Z,4,4,4,4,4,4,1,0,0,4,-0.4911260840757802,-0.7624366497540399,,,,,,,,23.617265680789007,-0.6756177534874442,164.40000915527344,PS_047,,,1.2812891597547644
24.590444555724485,1.1947500705718994,2025-03-11T22:15:00Z,3,3,3,3,3,3,1,0,0,3,0.15862078840765284,-0.43659333012271867,,,,,,,,23.352321976288806,0.010085867057155244,164.40000915527344,PS_047,,,4.393023042638942
23.366109219077096,1.1947500705718994,2025-03-11T22:30:00Z,4,4,4,4,4,4,1,0,0,4,0.2573979693915517,-0.4699151200778893,,,,,,,,22.108226946436616,0.21573186505489883,164.40000915527344,PS_047,,,5.838267759975553
22.16669970360258,1.1947500705718992,2025-03-11T22:45:00Z,3,3,3,3,3,3,1,0,0,3,0.7117734969846506,-0.5341910263853066,,,,,,,,20.121885058360412,0.7634982116781917,164.40000915527344,PS_047,,,4.5332991435338945
20.863935427443977,1.1947500705718996,2025-03-11T23:00:00Z,3,3,3,3,3,3,1,0,0,3,0.07139716696228,-0.25086643915039625,,,,,,,,18.799999237060547,0.09235439065989777,166.8000030517578,PS_047,,,3.532432581213133
21.624316283374245,1.1947500705718992,2025-03-11T23:15:00Z,4,4,4,4,4,4,1,0,0,4,-0.5768047369056155,-0.2458775146602898,,,,,,,,19.76564210311246,-0.5342991348308566,169.60000610351562,PS_047,,,3.405352295220053
21.13506561105811,1.1947500705718996,2025-03-11T23:30:00Z,3,3,3,3,3,3,1,0,0,3,0.0022815435972774302,0.07707722330126779,,,,,,,,19.433323322744194,0.18079060359667928,171.8000030517578,PS_047,,,3.44426133368883
21.320096193246282,1.1947500705718994,2025-03-11T23:45:00Z,4,4,4,4,4,4,1,0,0,4,-0.9340458584370573,-0.5194852303226741,,,,,,,,19.54887775311817,-0.7300443081259371,172.8000030517578,PS_047,,,3.5322869044165106
21.44663984756605,1.1947500705718994,2025-03-12T00:00:00Z,3,3,3,3,3,3,1,0,0,3,0.07963827542702794,-0.7065547618275103,,,,,,,,19.569512764283793,-0.168632655393197,173.8000030517578,PS_047,,,1.4267696728575958
21.73309367768614,1.1947500705718994,2025-03-12T00:15:00Z,4,4,4,4,4,4,1,0,0,4,0.2702362383450636,-0.9095597339622424,,,,,,,,19.39999961853027,0.005423227399865363,174.0,PS_047,,,0.8790265624138911
21.716165678839694,1.1947500705718994,2025-03-12T00:30:00Z,4,4,4,4,4,4,1,0,0,4,-0.04281763469037364,-0.6228043150795978,,,,,,,,19.317849937048532,-0.14431858205769446,174.0,PS_047,,,1.1209384730690846
21.054182946737853,1.1947500705718994,2025-03-12T00:45:00Z,3,3,3,3,3,3,1,0,0,3,-0.27439006906910735,-0.43771328497013484,,,,,,,,19.348764623706703,-0.37170166570129753,174.0,PS_047,,,1.5525336816905837
21.016911716117296,1.1947500705718996,2025-03-12T01:00:00Z,4,4,4,4,4,4,1,0,0,4,-0.5299441094156533,-0.34258170258447534,,,,,,,,19.354702412610834,-0.5571996731858998,174.0,PS_047,,,0.8334067518383406
21.120669436338297,1.1947500705718996,2025-03-12T01:15:00Z,3,3,3,3,3,3,1,0,0,3,-0.4181281297118101,-0.31671872617636554,,,,,,,,19.33999185983519,-0.506094762800718,174.0,PS_047,,,0.0
21.08164191157038,1.1947500705718996,2025-03-12T01:30:00Z,4,4,4,4,4,4,1,0,0,4,-0.5985488912590344,-0.3568116114400645,,,,,,,,19.100000381469727,-0.6419956866675729,174.0,PS_047,,,0.7651480319456896
21.312916986316758,1.1947500705718996,2025-03-12T01:45:00Z,4,4,4,4,4,4,1,0,0,4,-0.525816936704919,-0.3743564981736837,,,,,,,,19.399999618530277,-0.5230235507959928,174.0,PS_047,,,0.678395671875264
21.55040566047737,1.1947500705718994,2025-03-12T02:00:00Z,3,3,3,3,3,3,1,0,0,3,-0.49475098354137853,-0.4157735365044381,,,,,,,,19.355746745623104,-0.6169736831639038,174.0,PS_047,,,0.17628685033747452
21.525709380510907,1.1947500705718994,2025-03-12T02:15:00Z,4,4,4,4,4,4,1,0,0,4,-0.42487837716502913,-0.34209135070340096,,,,,,,,19.399999618530277,-0.6087241054813627,174.0,PS_047,,,0.08582804487280635
21.46140332966407,1.1947500705718994,2025-03-12T02:30:00Z,4,4,4,4,4,4,1,0,0,4,-0.3980047535939035,-0.3256473512261035,,,,,,,,19.447885425451457,-0.5434481293725554,174.0,PS_047,,,0.04365740144048104
21.49666976928711,1.1947500705718996,2025-03-12T02:45:00Z,3,3,3,3,3,3,1,0,0,3,-0.45395715038566997,-0.2969917608719707,,,,,,,,19.461779957213707,-0.4756998939168849,174.0,PS_047,,,0.07990226891767338
21.479481286039242,1.1947500705718996,2025-03-12T03:00:00Z,4,4,4,4,4,4,1,0,0,4,-0.4819120929621047,-0.2999698418711982,,,,,,,,19.59335714711044,-0.468537879081457,174.0,PS_047,,,0.023371661461537414
21.356040783621108,1.1947500705718994,2025-03-12T03:15:00Z,3,3,3,3,3,3,1,0,0,3,-0.44300115147885816,-0.26804217247766793,,,,,,,,19.64090294224929,-0.39803008212661695,174.0,PS_047,,,0.38238335413591923
21.301236785216663,1.1947500705718996,2025-03-12T03:30:00Z,4,4,4,4,4,4,1,0,0,4,-0.43576398492704504,-0.2761651867424189,,,,,,,,19.663034372523228,-0.5987954374248159,174.0,PS_047,,,0.8487441474890022
21.321910545551283,1.1947500705718996,2025-03-12T03:45:00Z,4,4,4,4,4,4,1,0,0,4,-0.5151908221277032,-0.3096635955543866,,,,,,,,19.530115516944857,-0.4864312162417737,174.0,PS_047,,,0.015835590185281783
21.287413897001972,1.1947500705718994,2025-03-12T04:00:00Z,3,3,3,3,3,3,1,0,0,3,-0.4499710939454055,-0.30796466767409264,,,,,,,,19.351492636535696,-0.5448527612105869,174.0,PS_047,,,0.8867667321680873
21.21944189647283,1.1947500705718994,2025-03-12T04:15:00Z,4,4,4,4,4,4,1,0,0,4,-0.3924210798933726,-0.3427661347822665,,,,,,,,19.284958749497765,-0.5845780740916924,174.0,PS_047,,,1.950959224096911
21.266330466936356,1.1947500705718994,2025-03-12T04:30:00Z,3,3,3,3,3,3,1,0,0,3,-0.5047104469724346,-0.3469387527808638,,,,,,,,19.279160901488726,-0.5117996696661503,174.0,PS_047,,,1.5990664137270176
21.164959984501962,1.1947500705718996,2025-03-12T04:45:00Z,4,4,4,4,4,4,1,0,0,4,-0.5744099818956225,-0.28775569517299016,,,,,,,,19.135212096441034,-0.5907262974314026,174.0,PS_047,,,1.2001183172265537
21.09373765292181,1.1947500705718994,2025-03-12T05:00:00Z,4,4,4,4,4,4,1,0,0,4,-0.5599436981639985,-0.32879022328270774,,,,,,,,18.847347839780088,-0.6061756143333461,174.0,PS_047,,,0.6585079055310742
21.009998321533203,1.1947500705718994,2025-03-12T05:15:00Z,1,1,1,1,1,1,1,0,0,1,-0.5699999928474426,-0.36000001430511475,,,,,,,,19.100000381469727,-0.6100000143051147,174.0,PS_047,,,0.21400000154972076
,,2025-03-12T05:30:00Z,0,0,0,0,0,0,1,0,0,0,,,,,,,,,,,,174.0,PS_047,,,
,,2025-03-12T05:45:00Z,0,0,0,0,0,0,1,0,0,0,,,,,,,,,,,,174.0,PS_047,,,
,,2025-03-12T06:00:00Z,0,0,0,0,0,0,1,0,0,0,,,,,,,,,,,,174.0,PS_047,,,
,,2025-03-12T06:15:00Z,0,0,0,0,0,0,1,0,0,0,,,,,,,,,,,,174.0,PS_047,,,
,,2025-03-12T06:30:00Z,0,0,0,0,0,0,1,0,0,0,,,,,,,,,,,,174.0,PS_047,,,
,,2025-03-12T06:45:00Z,0,0,0,0,0,0,1,0,0,0,,,,,,,,,,,,174.0,PS_047,,,
,,2025-03-12T07:00:00Z,0,0,0,0,0,0,1,0,0,0,,,,,,,,,,,,174.0,PS_047,,,
,,2025-03-12T07:15:00Z,0,0,0,0,0,0,1,0,0,0,,,,,,,,,,,,174.0,PS_047,,,
,,2025-03-12T07:30:00Z,0,0,0,0,0,0,1,0,0,0,,,,,,,,,,,,174.0,PS_047,,,
,,2025-03-12T07:45:00Z,0,0,0,0,0,0,1,0,0,0,,,,,,,,,,,,174.0,PS_047,,,
20.39333343505859,1.1947500705718994,2025-03-12T08:00:00Z,1,1,1,1,1,1,1,0,0,1,-0.5400000214576721,-0.27000001072883606,,,,,,,,18.600000381469727,-0.5299999713897705,174.0,PS_047,,,0.0
,,2025-03-12T08:15:00Z,0,0,0,0,0,0,1,0,0,0,,,,,,,,,,,,174.0,PS_047,,,
,,2025-03-12T08:30:00Z,0,0,0,0,0,0,1,0,0,0,,,,,,,,,,,,174.0,PS_047,,,
,,2025-03-12T08:45:00Z,0,0,0,0,0,0,1,0,0,0,,,,,,,,,,,,174.0,PS_047,,,
,,2025-03-12T09:00:00Z,0,0,0,0,0,0,1,0,0,0,,,,,,,,,,,,174.0,PS_047,,,
,,2025-03-12T09:15:00Z,0,0,0,0,0,0,1,0,0,0,,,,,,,,,,,,174.0,PS_047,,,
,,2025-03-12T09:30:00Z,0,0,0,0,0,0,1,0,0,0,,,,,,,,,,,,174.0,PS_047,,,
,,2025-03-12T09:45:00Z,0,0,0,0,0,0,1,0,0,0,,,,,,,,,,,,174.0,PS_047,,,
,,2025-03-12T10:00:00Z,0,0,0,0,0,0,1,0,0,0,,,,,,,,,,,,174.0,PS_047,,,
,,2025-03-12T10:15:00Z,0,0,0,0,0,0,1,0,0,0,,,,,,,,,,,,174.0,PS_047,,,
,,2025-03-12T10:30:00Z,0,0,0,0,0,0,1,0,0,0,,,,,,,,,,,,174.0,PS_047,,,
,,2025-03-12T10:45:00Z,0,0,0,0,0,0,1,0,0,0,,,,,,,,,,,,174.0,PS_047,,,
,,2025-03-12T11:00:00Z,0,0,0,0,0,0,1,0,0,0,,,,,,,,,,,,174.0,PS_047,,,
,,2025-03-12T11:15:00Z,0,0,0,0,0,0,1,0,0,0,,,,,,,,,,,,174.0,PS_047,,,
,,2025-03-12T11:30:00Z,0,0,0,0,0,0,1,0,0,0,,,,,,,,,,,,174.0,PS_047,,,
,,2025-03-12T11:45:00Z,0,0,0,0,0,0,1,0,0,0,,,,,,,,,,,,174.0,PS_047,,,
,,2025-03-12T12:00:00Z,0,0,0,0,0,0,1,0,0,0,,,,,,,,,,,,174.0,PS_047,,,
,,2025-03-12T12:15:00Z,0,0,0,0,0,0,1,0,0,0,,,,,,,,,,,,174.0,PS_047,,,
27.373336791992188,5.679750442504883,2025-03-12T12:30:00Z,1,1,1,1,1,1,1,0,0,1,585.5399780273438,49.790000915527344,,,,,,,,53.20000076293945,972.030029296875,174.0,PS_047,,,4.507999897003174
27.825020106314597,5.672077727251948,2025-03-12T12:45:00Z,4,4,4,4,4,4,1,0,0,4,626.7120841122403,49.01876631337302,,,,,,,,52.79437232226561,979.7434729302865,174.0,PS_047,,,2.242564728096292
27.680585874234094,15.123891835962294,2025-03-12T13:00:00Z,3,3,3,3,3,3,1,0,0,3,683.4947215307063,48.767592236650685,,,,,,,,53.07821886344562,989.1034484499414,174.0,PS_047,,,2.03190016920245
28.4497127233118,8.187729838942978,2025-03-12T13:15:00Z,4,4,4,4,4,4,1,0,0,4,746.7210113577473,48.71157263233553,,,,,,,,52.493547267943136,992.9412801533374,174.0,PS_047,,,3.3963022018085978
28.690943250441027,19.841238564427577,2025-03-12T13:30:00Z,4,4,4,4,4,4,1,0,0,4,793.0491491149534,48.074436742492985,,,,,,,,52.42018733890756,997.3589507604651,174.0,PS_047,,,3.287917429750994
28.966702457109438,19.333613099825293,2025-03-12T13:45:00Z,3,3,3,3,3,3,1,0,0,3,827.6587438391579,47.84838722274837,,,,,,,,52.50241006996471,999.429044822511,174.0,PS_047,,,3.238954650491124
29.063018288738352,15.36739293932233,2025-03-12T14:00:00Z,4,4,4,4,4,4,1,0,0,4,866.4807783043773,47.37015684187619,,,,,,,,50.53879324357118,1005.7688750122037,174.0,PS_047,,,4.675810252947981
29.285196074770024,21.998388934633283,2025-03-12T14:15:00Z,3,3,3,3,3,3,1,0,0,3,908.9441620926963,47.217304527419806,,,,,,,,49.25935913396771,1004.6866626223722,174.0,PS_047,,,4.318368356828285
29.296985217417745,16.506683693570476,2025-03-12T14:30:00Z,4,4,4,4,4,4,1,0,0,4,945.9810863995397,46.622659706354234,,,,,,,,49.79902610229403,1003.6119147559252,174.0,PS_047,,,3.9433820554908694
29.77045860342404,8.033105931629722,2025-03-12T14:45:00Z,3,3,3,3,3,3,1,0,0,3,967.2619936869869,46.42879885461443,,,,,,,,50.24374558831944,1005.3290173670742,174.0,PS_047,,,2.915753192940511
29.91584963946331,8.304169587791804,2025-03-12T15:00:00Z,4,4,4,4,4,4,1,0,0,4,974.0878251656216,45.8558970267082,,,,,,,,49.58037342648718,1004.1097343228682,174.0,PS_047,,,2.48998302465748
30.13888436077221,12.54075929806207,2025-03-12T15:15:00Z,3,3,3,3,3,3,1,0,0,3,978.4778980188145,45.61523302124141,,,,,,,,49.95211882506462,1004.1343971543939,174.0,PS_047,,,3.87050070133885
30.553382166060196,18.77522602703865,2025-03-12T15:30:00Z,4,4,4,4,4,4,1,0,0,4,999.1348856703066,46.66015814609009,,,,,,,,48.81947162578852,1014.771141914563,174.0,PS_047,,,4.629136218772196
30.694267520249728,18.128134960697462,2025-03-12T15:45:00Z,3,3,3,3,3,3,1,0,0,3,1025.1066761052855,48.5726561238205,,,,,,,,50.074554108250624,1032.5398713972131,174.0,PS_047,,,2.423911252417439
30.726612393031925,5.642356283539785,2025-03-12T16:00:00Z,4,4,4,4,4,4,1,0,0,4,1061.7463591863943,51.95885746196776,,,,,,,,49.35246004945754,1066.2058905748206,174.0,PS_047,,,2.65290101190524
31.05128920947936,17.839328614511615,2025-03-12T16:15:00Z,4,4,4,4,4,4,1,0,0,4,1006.5997263737878,52.29280897388736,,,,,,,,49.26120635543966,994.4897343162822,174.0,PS_047,,,2.971627876711996
32.23081056746589,15.354246495713841,2025-03-12T16:30:00Z,3,3,3,3,3,3,1,0,0,3,1094.8705719538714,55.409386197209244,,,,,,,,53.78888765032536,1062.8091168527533,174.0,PS_047,,,1.4138532871405638
32.26989253299841,15.230279427086451,2025-03-12T16:45:00Z,4,4,4,4,4,4,1,0,0,4,744.0693148762064,41.88823922405814,,,,,,,,53.79047140987402,783.575964336543,174.0,PS_047,,,2.439964262045597
32.235573332668494,19.418985308445162,2025-03-12T17:00:00Z,3,3,3,3,3,3,1,0,0,3,1090.3852981304271,62.41641701175863,,,,,,,,53.02699097681868,1166.641956498637,174.0,PS_047,,,1.6772244642441794
31.845659981907506,7.868823238871833,2025-03-12T17:15:00Z,4,4,4,4,4,4,1,0,0,4,583.5477984820081,40.54938000719902,,,,,,,,49.35420211738216,628.441729840294,174.0,PS_047,,,1.269141182931466
32.215160718843904,6.9145222524165,2025-03-12T17:30:00Z,3,3,3,3,3,3,1,0,0,3,431.4966749413386,37.869285992729104,,,,,,,,50.26111212451074,448.262834144579,174.0,PS_047,,,1.405019669502088
30.63957081402177,17.52069006415104,2025-03-12T17:45:00Z,4,4,4,4,4,4,1,0,0,4,162.277984991402,23.752084171897017,,,,,,,,38.509639683354074,162.17022140388855,174.0,PS_047,,,1.176970365656748
31.529328525238768,5.633853311903984,2025-03-12T18:00:00Z,3,3,3,3,3,3,1,0,0,3,645.8406503206552,54.52144814420622,,,,,,,,40.241450288507195,701.6004423007422,174.0,PS_047,,,0.8667647155429448
29.756598930194755,7.2942653517220615,2025-03-12T18:15:00Z,4,4,4,4,4,4,1,0,0,4,296.92416697260325,39.190853767791445,,,,,,,,48.357665173916544,272.45504427578976,174.0,PS_047,,,4.1698739612315086
24.781741096266078,5.279050686937839,2025-03-12T18:30:00Z,3,3,3,3,3,3,1,0,0,3,58.33515990446021,11.479386259035588,,,,,,,,28.9312692487069,52.21655230570148,174.0,PS_047,,,3.7756578682094917
24.643756287451282,14.231375274156834,2025-03-12T18:45:00Z,4,4,4,4,4,4,1,0,0,4,81.57531738698555,17.300541604387,,,,,,,,24.546693827481867,71.45438262555082,174.0,PS_047,,,4.19429932961968
24.641481316896147,9.60185060999961,2025-03-12T19:00:00Z,3,3,3,3,3,3,1,0,0,3,132.02104492784684,29.05158226306758,,,,,,,,23.147240949749953,101.02021668059704,174.0,PS_047,,,1.6336590243043394
25.071596129302556,9.994686578501142,2025-03-12T19:15:00Z,4,4,4,4,4,4,1,0,0,4,125.19881013605831,30.964140017195323,,,,,,,,24.488757008718487,85.57131984638856,174.0,PS_047,,,3.696024745207696
25.061300709543357,5.430118914000569,2025-03-12T19:30:00Z,3,3,3,3,3,3,1,0,0,3,58.23881002212479,17.191536224617973,,,,,,,,24.22707521465502,40.018380182739925,174.0,PS_047,,,4.586050841123106
23.805073866081827,10.345210311338297,2025-03-12T19:45:00Z,4,4,4,4,4,4,1,0,0,4,55.651277192850515,12.723548326217275,,,,,,,,23.184098970567742,37.9330735120943,174.0,PS_047,,,3.3057929970702413
22.784569376875535,9.06499176012627,2025-03-12T20:00:00Z,3,3,3,3,3,3,1,0,0,3,27.38553682959086,4.936723462347071,,,,,,,,21.208124390475668,24.228437464365616,174.0,PS_047,,,2.7242458649802557
22.675839393378386,6.798335131504304,2025-03-12T20:15:00Z,4,4,4,4,4,4,1,0,0,4,18.02417429330213,2.432352230550385,,,,,,,,20.74235942919073,17.516230438790608,174.0,PS_047,,,2.1943775925036375
22.737888028153236,16.95617117168121,2025-03-12T20:30:00Z,3,3,3,3,3,3,1,0,0,3,23.078400908877892,2.4930571748810335,,,,,,,,21.17787145907195,22.200747205923385,174.0,PS_047,,,1.6274237573517003
22.932417912144743,11.338828108663098,2025-03-12T20:45:00Z,4,4,4,4,4,4,1,0,0,4,21.855512904189478,2.3949835661870695,,,,,,,,21.186985912412506,23.22352504291266,174.0,PS_047,,,0.8240323553890027
22.83212649841216,7.084112389701511,2025-03-12T21:00:00Z,3,3,3,3,3,3,1,0,0,3,22.803981557319005,1.9804349135993493,,,,,,,,21.448546440716466,25.09289901575548,174.0,PS_047,,,2.2977623628050767
22.588229397106506,8.525817770986153,2025-03-12T21:15:00Z,4,4,4,4,4,4,1,0,0,4,14.211541292215982,1.2846773279455608,,,,,,,,20.274401387005366,15.325118282298906,174.0,PS_047,,,1.71992281104928
22.62667913140666,14.115700314486835,2025-03-12T21:30:00Z,3,3,3,3,3,3,1,0,0,3,6.126308888824968,0.3502376674698565,,,,,,,,20.656927137578275,6.964835037735238,174.0,PS_047,,,1.0069089717727095
22.714126222512395,7.544922513556403,2025-03-12T21:45:00Z,4,4,4,4,4,4,1,0,0,4,0.7741797574278515,-0.043444711130287424,,,,,,,,20.518327642199253,1.2347948612431703,174.0,PS_047,,,1.0222419397189042
22.409817430296542,1.8391693406218164,2025-03-12T22:00:00Z,3,3,3,3,3,3,1,0,0,3,-0.9852721131788313,-0.21463419758139052,,,,,,,,20.399999618530273,-0.6053959882105988,174.0,PS_047,,,2.8120180793323777
22.49308169419455,1.1980205507607589,2025-03-12T22:15:00Z,4,4,4,4,4,4,1,0,0,4,-0.9082547704134514,-0.31233602944868866,,,,,,,,20.04762046520578,-0.5226754254794574,174.0,PS_047,,,1.9230463901670531
22.19413435585815,1.1947500705718994,2025-03-12T22:30:00Z,3,3,3,3,3,3,1,0,0,3,-0.7076813182558911,-0.27694495664784036,,,,,,,,19.899999618530273,-0.6684138127386503,174.0,PS_047,,,2.4125165408269114
22.04550947758094,1.1947500705718994,2025-03-12T22:45:00Z,4,4,4,4,4,4,1,0,0,4,-0.6756517225285175,-0.34379882899217695,,,,,,,,19.81129362595206,-0.5331397418264343,174.0,PS_047,,,1.064235145943048
21.957677783477422,1.1947500705718992,2025-03-12T23:00:00Z,3,3,3,3,3,3,1,0,0,3,-0.7318168460734727,-0.2932507979564961,,,,,,,,19.600000381469727,-0.6764867179956263,174.0,PS_047,,,0.6424810255794211
22.017867584621786,1.1947500705718992,2025-03-12T23:15:00Z,4,4,4,4,4,4,1,0,0,4,-0.7649786668670266,-0.21877856340214377,,,,,,,,19.600000381469727,-0.7125805896303824,174.0,PS_047,,,0.5145442901402092
22.002155520344893,1.1947500705718994,2025-03-12T23:30:00Z,3,3,3,3,3,3,1,0,0,3,-0.6954784615728031,-0.25845342657334136,,,,,,,,19.899999618530273,-0.5656871415202267,174.0,PS_047,,,1.5431756105892531
21.991061426601195,1.1947500705718996,2025-03-12T23:45:00Z,4,4,4,4,4,4,1,0,0,4,-0.8528359930527444,-0.2601302025116623,,,,,,,,19.803307611090755,-0.7628458451380689,174.0,PS_047,,,1.4546104476824215
21.89281566194092,1.1947500705718994,2025-03-13T00:00:00Z,3,3,3,3,3,3,1,0,0,3,-0.6248099224234638,-0.26472511503833906,,,,,,,,19.842064590841495,-0.7793653798033106,174.0,PS_047,,,0.3457541704375646
21.892000869653334,1.1947500705718994,2025-03-13T00:15:00Z,4,4,4,4,4,4,1,0,0,4,-0.6806044179096883,-0.24747359099757923,,,,,,,,19.791358530370793,-0.7302713608315555,174.1999969482422,PS_047,,,0.03239213113461956
21.79852224492987,1.1947500705718996,2025-03-13T00:30:00Z,3,3,3,3,3,3,1,0,0,3,-0.6662194595175059,-0.27815550632386504,,,,,,,,19.600000381469727,-0.6767775052619909,174.1999969482422,PS_047,,,0.0
21.677268194034525,1.1947500705718994,2025-03-13T00:45:00Z,4,4,4,4,4,4,1,0,0,4,-0.6944552426311124,-0.2435207775298214,,,,,,,,19.635106657513187,-0.775520679509227,174.1999969482422,PS_047,,,0.17921924823863164
21.732943300600336,1.1947500705718992,2025-03-13T01:00:00Z,4,4,4,4,4,4,1,0,0,4,-0.6007858666795957,-0.2497577564157091,,,,,,,,19.600000381469727,-0.687835130717716,174.1999969482422,PS_047,,,0.32402124780979646
21.683897814532283,1.1947500705718994,2025-03-13T01:15:00Z,3,3,3,3,3,3,1,0,0,3,-0.6642182772217993,-0.27858650257597006,,,,,,,,19.85753498648581,-0.7069294989400995,174.1999969482422,PS_047,,,0.41747454701002756
21.69860330929144,1.1947500705718994,2025-03-13T01:30:00Z,4,4,4,4,4,4,1,0,0,4,-0.6935523869768346,-0.21475237382135898,,,,,,,,19.691251598175867,-0.6049345134456233,174.1999969482422,PS_047,,,0.6355558953629458
21.615387337028668,1.1947500705718992,2025-03-13T01:45:00Z,4,4,4,4,4,4,1,0,0,4,-0.6547932465293522,-0.2816865720937227,,,,,,,,19.74959520970991,-0.5355016158998923,174.1999969482422,PS_047,,,0.4700019204718611
21.616774021242396,1.1947500705718996,2025-03-13T02:00:00Z,3,3,3,3,3,3,1,0,0,3,-0.7173837003800821,-0.2605049210923009,,,,,,,,19.600000381469727,-0.5222275132546289,174.1999969482422,PS_047,,,0.1166734694582092
21.69662085635878,1.1947500705718994,2025-03-13T02:15:00Z,4,4,4,4,4,4,1,0,0,4,-0.7337718049882181,-0.2176680059643024,,,,,,,,19.600000381469727,-0.5482813565653819,174.1999969482422,PS_047,,,0.2535645415512472
21.61772404295968,1.1947500705718994,2025-03-13T02:30:00Z,3,3,3,3,3,3,1,0,0,3,-0.6854246737520016,-0.25883149964988145,,,,,,,,19.600000381469727,-0.5856209503127516,174.1999969482422,PS_047,,,0.06509645615139775
21.565798604028135,1.1947500705718996,2025-03-13T02:45:00Z,4,4,4,4,4,4,1,0,0,4,-0.702894280621039,-0.2629457696327594,,,,,,,,19.700000762939457,-0.6329122717513331,174.1999969482422,PS_047,,,0.7638420141033654
21.382943013280038,1.1947500705718994,2025-03-13T03:00:00Z,4,4,4,4,4,4,1,0,0,4,-0.573581639511349,-0.23411966359472935,,,,,,,,19.68397369710427,-0.6710738937172716,174.1999969482422,PS_047,,,1.072435261462066
21.351663010858186,1.1947500705718996,2025-03-13T03:15:00Z,3,3,3,3,3,3,1,0,0,3,-0.6777520835719727,-0.2302204707350759,,,,,,,,19.722479736114472,-0.646736556469525,174.40000915527344,PS_047,,,0.2320626907073851
21.309569484280548,1.1947500705718994,2025-03-13T03:30:00Z,4,4,4,4,4,4,1,0,0,4,-0.7072066306984078,-0.2691955525614895,,,,,,,,19.59206600233153,-0.6536910907432966,174.40000915527344,PS_047,,,0.3320043949105317
21.153360424443676,1.1947500705718994,2025-03-13T03:45:00Z,3,3,3,3,3,3,1,0,0,3,-0.6549508491713429,-0.26185413774192484,,,,,,,,19.700000762939457,-0.6601177477893595,174.40000915527344,PS_047,,,0.8735133507654603
21.176554233837003,1.1947500705718992,2025-03-13T04:00:00Z,4,4,4,4,4,4,1,0,0,4,-0.6009375805817784,-0.23579814316101777,,,,,,,,19.700000762939453,-0.6046452617089523,174.40000915527344,PS_047,,,0.8747371139757792
21.236075256712027,1.1947500705718994,2025-03-13T04:15:00Z,4,4,4,4,4,4,1,0,0,4,-0.5728466434233205,-0.2005748215791295,,,,,,,,19.629706991426243,-0.5130697546382705,174.40000915527344,PS_047,,,0.2992021645728591
21.289367295217346,1.1947500705718994,2025-03-13T04:30:00Z,3,3,3,3,3,3,1,0,0,3,-0.4919543072734938,-0.24642537814725848,,,,,,,,19.700000762939453,-0.45061520466525296,174.60000610351562,PS_047,,,1.8874477242790533
21.176022645986137,1.1947500705718994,2025-03-13T04:45:00Z,4,4,4,4,4,4,1,0,0,4,-0.37476638734054635,-0.2795147789988854,,,,,,,,19.70000076293945,-0.45227443682344004,175.0,PS_047,,,1.5625437621113727
21.05999755859375,1.1947500705718994,2025-03-13T05:00:00Z,3,3,3,3,3,3,1,0,0,3,-0.5516462413903294,-0.27021937461871604,,,,,,,,19.441815709964917,-0.5295423796890976,175.0,PS_047,,,0.10562227014805697
21.120288199870703,1.1947500705718994,2025-03-13T05:15:00Z,4,4,4,4,4,4,1,0,0,4,-0.5860778096248617,-0.2206136558132254,,,,,,,,19.399999618530277,-0.4897461190452169,175.0,PS_047,,,0.03178015168337113
21.109510244073256,1.1947500705718994,2025-03-13T05:30:00Z,3,3,3,3,3,3,1,0,0,3,-0.6021634548075143,-0.25738572017146094,,,,,,,,19.399999618530277,-0.5298936954800998,175.0,PS_047,,,0.5514621233658187
21.059022748449063,1.1947500705718994,2025-03-13T05:45:00Z,4,4,4,4,4,4,1,0,0,4,-0.5870621462458685,-0.26323963725356725,,,,,,,,19.262005471872463,-0.5175081228229358,175.0,PS_047,,,0.07665378754231882
21.156993262849394,1.1947500705718994,2025-03-13T06:00:00Z,4,4,4,4,4,4,1,0,0,4,-0.6583935507331722,-0.2426035946889916,,,,,,,,19.18479339099288,-0.7103506072327767,175.0,PS_047,,,0.07739923227533807
21.055460704728798,1.1947500705718994,2025-03-13T06:15:00Z,3,3,3,3,3,3,1,0,0,3,-0.5670330598949794,-0.26632255433506036,,,,,,,,19.15104355722098,-0.6045966151269181,175.0,PS_047,,,0.5753994218098546
21.140980485102503,1.1947500705718992,2025-03-13T06:30:00Z,4,4,4,4,4,4,1,0,0,4,-0.5776162187498775,-0.21987769659396803,,,,,,,,19.057558006450734,-0.6079000994165786,175.0,PS_047,,,0.7198448927366576
21.26233709449709,1.1947500705718992,2025-03-13T06:45:00Z,3,3,3,3,3,3,1,0,0,3,-0.7572260956480799,-0.20286546745061992,,,,,,,,18.600000381469723,-1.0244901031948437,175.0,PS_047,,,0.15296605547652367
20.989887698772293,1.1947500705718994,2025-03-13T07:00:00Z,4,4,4,4,4,4,1,0,0,4,-0.8315332625103237,-0.29319476183185733,,,,,,,,18.29520269737218,-0.8548575777561112,175.0,PS_047,,,0.0
20.828564992132694,1.1947500705718994,2025-03-13T07:15:00Z,3,3,3,3,3,3,1,0,0,3,-0.89114244602314,-0.29060202297701326,,,,,,,,17.88230955557554,-0.9223339497664259,175.0,PS_047,,,0.0
20.617549301622162,1.1947500705718992,2025-03-13T07:30:00Z,4,4,4,4,4,4,1,0,0,4,-0.8501223874262241,-0.3152787893672255,,,,,,,,17.799999237060543,-0.8685873408220688,175.0,PS_047,,,0.16815748109772868
20.62113182087732,1.1947500705718994,2025-03-13T07:45:00Z,4,4,4,4,4,4,1,0,0,4,-0.7653044253102977,-0.23367389069219327,,,,,,,,17.96842372271313,-0.7931640617855457,175.0,PS_047,,,0.1592938622811443
20.738884793775156,1.1947500705718994,2025-03-13T08:00:00Z,3,3,3,3,3,3,1,0,0,3,-0.6844481591582102,-0.20686857315899132,,,,,,,,18.528543611876,-0.732228803437787,175.0,PS_047,,,0.9103266266413925
20.985594735945078,1.1947500705718994,2025-03-13T08:15:00Z,4,4,4,4,4,4,1,0,0,4,-0.44560382326290654,-0.15868081733786127,,,,,,,,19.111935974006194,-0.7844450964122789,175.0,PS_047,,,1.4914573263801159
20.902446626892093,1.1947500705718992,2025-03-13T08:30:00Z,3,3,3,3,3,3,1,0,0,3,-0.44756810912854234,-0.18944420145545227,,,,,,,,19.352530578735635,-0.611192997108893,175.0,PS_047,,,1.7967085460644183
20.86204521483759,1.1947500705718994,2025-03-13T08:45:00Z,4,4,4,4,4,4,1,0,0,4,-0.4464406577082907,-0.20058861979408002,,,,,,,,19.100000381469727,-0.7193225602483196,175.0,PS_047,,,1.2779255498892492
20.948165708460863,1.1947500705718992,2025-03-13T09:00:00Z,3,3,3,3,3,3,1,0,0,3,-0.3538320081687215,-0.1906640895217062,,,,,,,,19.100000381469723,-0.8591354131618205,175.0,PS_047,,,1.833738031773615
20.821155792903827,1.4850854308618349,2025-03-13T09:15:00Z,4,4,4,4,4,4,1,0,0,4,-0.4682368166001235,-0.21235617949251007,,,,,,,,19.100000381469723,-0.5586256908729696,175.0,PS_047,,,1.749879593105149
20.719408699644426,5.766233392289682,2025-03-13T09:30:00Z,3,3,3,3,3,3,1,0,0,3,1.3308170244001594,0.01701930128517829,,,,,,,,19.265838506171995,1.8755071314977891,175.0,PS_047,,,1.305793264971315
20.682786819244555,7.964053045347531,2025-03-13T09:45:00Z,4,4,4,4,4,4,1,0,0,4,12.509532073165492,1.165732559845839,,,,,,,,18.95543627650424,12.848235674075209,175.0,PS_047,,,1.358526547534707
20.83861983675875,17.054970654563174,2025-03-13T10:00:00Z,3,3,3,3,3,3,1,0,0,3,36.92883588452031,3.556871703839829,,,,,,,,18.3096941841508,38.835945814871664,175.0,PS_047,,,1.0955090248596482
21.255639678003096,15.268858210813876,2025-03-13T10:15:00Z,4,4,4,4,4,4,1,0,0,4,76.12351659868749,8.521831123931419,,,,,,,,19.670668187992415,96.2735849704231,175.0,PS_047,,,0.2098915881490244
22.801725761735618,7.2201369516539105,2025-03-13T10:30:00Z,3,3,3,3,3,3,1,0,0,3,130.09892576105537,15.160313639888136,,,,,,,,22.84733314322882,211.44618134592295,175.0,PS_047,,,0.0
22.862161490585226,7.45155884774099,2025-03-13T10:45:00Z,4,4,4,4,4,4,1,0,0,4,156.4661797921506,19.38251854776309,,,,,,,,23.65259344173643,254.53952021262876,175.0,PS_047,,,0.9959263175098008
22.510214028246853,16.74031174975201,2025-03-13T11:00:00Z,4,4,4,4,4,4,1,0,0,4,158.3939924324781,18.83249927883154,,,,,,,,24.706970761189563,262.6987536916409,175.0,PS_047,,,1.5413165432903733
23.061145189748373,14.304428976475354,2025-03-13T11:15:00Z,3,3,3,3,3,3,1,0,0,3,163.8328685885119,21.46362788006465,,,,,,,,26.698540489116144,268.65542051677437,175.0,PS_047,,,0.0
23.890815789274306,18.976170249858765,2025-03-13T11:30:00Z,4,4,4,4,4,4,1,0,0,4,256.56232773094445,36.60613848245875,,,,,,,,31.99466862603905,465.5034347553516,175.0,PS_047,,,1.4700425534324175
24.186704746002455,11.757949083153616,2025-03-13T11:45:00Z,3,3,3,3,3,3,1,0,0,3,376.5936444752036,58.27873442343403,,,,,,,,39.61319671183884,680.8896473914293,175.0,PS_047,,,1.2730795508158874
24.78892730483541,13.461418128664878,2025-03-13T12:00:00Z,4,4,4,4,4,4,1,0,0,4,477.60650180401365,69.60843735250322,,,,,,,,43.900976188934166,799.8550709389658,175.0,PS_047,,,1.9395661367355463
25.69588400827631,20.23277459233243,2025-03-13T12:15:00Z,3,3,3,3,3,3,1,0,0,3,574.8991463297585,78.28502635438946,,,,,,,,50.00421908515552,895.768592058332,175.0,PS_047,,,2.2084718722875976
25.83025219777434,16.350253026601244,2025-03-13T12:30:00Z,4,4,4,4,4,4,1,0,0,4,451.88034323419936,66.12220892351907,,,,,,,,46.20275394792314,629.870513762375,175.0,PS_047,,,1.3301792815009499
26.681922417698587,5.643255463486068,2025-03-13T12:45:00Z,3,3,3,3,3,3,1,0,0,3,593.2372125535018,70.91069146748632,,,,,,,,47.38189688414243,814.5737897552073,175.0,PS_047,,,0.9918422854112239
27.84818060522715,13.395511158493335,2025-03-13T13:00:00Z,4,4,4,4,4,4,1,0,0,4,674.5768495855982,73.9290378687784,,,,,,,,51.53317008631958,883.1167647157404,175.0,PS_047,,,1.0803836727807516
28.59917159595403,16.459646523794348,2025-03-13T13:15:00Z,3,3,3,3,3,3,1,0,0,3,707.7531839085805,70.44610889872382,,,,,,,,53.90841090606756,869.7428283695369,175.0,PS_047,,,1.8877095179454633
29.115060258409283,8.110494659387502,2025-03-13T13:30:00Z,4,4,4,4,4,4,1,0,0,4,887.9701286096117,74.19029765107568,,,,,,,,55.349844351959455,1052.585253759275,175.0,PS_047,,,1.7216894521731347
29.9405742595271,7.273913525909034,2025-03-13T13:45:00Z,3,3,3,3,3,3,1,0,0,3,951.5118585260086,71.73159112870736,,,,,,,,56.92602773534011,1101.6047619467395,175.0,PS_047,,,1.2363617332179635
29.855625217971067,11.766920760866583,2025-03-13T14:00:00Z,4,4,4,4,4,4,1,0,0,4,984.1860251879921,66.98325873286926,,,,,,,,60.087555981214884,1093.7237878838525,175.0,PS_047,,,1.3434573929397493
29.714128158073187,9.004420727815479,2025-03-13T14:15:00Z,3,3,3,3,3,3,1,0,0,3,743.4301024337119,41.91479359655598,,,,,,,,52.16514969018796,656.5189460530875,175.0,PS_047,,,2.308231253432013
29.515265736123258,17.74503750886627,2025-03-13T14:30:00Z,4,4,4,4,4,4,1,0,0,4,806.3700967691376,55.12750292995112,,,,,,,,45.281876431382834,828.4062440739742,175.0,PS_047,,,1.0354898114776536
30.790792421490533,11.460711240576885,2025-03-13T14:45:00Z,3,3,3,3,3,3,1,0,0,3,781.7460198168254,53.656924137884104,,,,,,,,48.67093383104946,787.3819463770814,175.0,PS_047,,,1.5090452276856867
30.30066726600253,15.353292329043166,2025-03-13T15:00:00Z,4,4,4,4,4,4,1,0,0,4,764.0288975087709,46.893128154123445,,,,,,,,46.65294369384607,777.0769113483309,175.0,PS_047,,,2.0816748604481
29.945970919638512,19.627046333376363,2025-03-13T15:15:00Z,3,3,3,3,3,3,1,0,0,3,872.9791416853337,48.76351453172226,,,,,,,,46.245244442804,879.2025574472949,175.0,PS_047,,,1.4380673803502746
30.4598506118738,5.597195374789729,2025-03-13T15:30:00Z,4,4,4,4,4,4,1,0,0,4,948.4325754420896,52.57247251514961,,,,,,,,49.09688483679569,947.4669831714712,175.0,PS_047,,,1.7563884567372559
30.125638406957776,6.829170426330598,2025-03-13T15:45:00Z,3,3,3,3,3,3,1,0,0,3,668.3007468348061,47.801023033305505,,,,,,,,45.68706841856036,665.694286574587,175.0,PS_047,,,2.0867756926790983
29.79745297782688,10.173228726832944,2025-03-13T16:00:00Z,4,4,4,4,4,4,1,0,0,4,820.37905608978,56.90919177437264,,,,,,,,40.598864811936195,836.0446772446156,175.0,PS_047,,,2.164096018164223
30.36195880049384,21.71287075067204,2025-03-13T16:15:00Z,3,3,3,3,3,3,1,0,0,3,1166.6291281067952,70.90854313562272,,,,,,,,47.660147767767356,1182.6643223090364,175.0,PS_047,,,1.5962523470400012
30.779919049292026,12.540968793312976,2025-03-13T16:30:00Z,4,4,4,4,4,4,1,0,0,4,1184.9129509290935,70.50539720542275,,,,,,,,53.84345112523945,1197.6558662889654,175.0,PS_047,,,3.2776953000833124
29.399656388189065,9.499844708069224,2025-03-13T16:45:00Z,3,3,3,3,3,3,1,0,0,3,397.6312393432978,31.27038166369695,,,,,,,,43.5594600952236,417.7406841518894,175.0,PS_047,,,3.0956936179503836
28.789807948893685,8.570925219956083,2025-03-13T17:00:00Z,3,3,3,3,3,3,1,0,0,3,392.9769987491132,31.054891611345607,,,,,,,,39.08001452495313,412.0434644368774,175.0,PS_047,,,2.976750281179945
27.971323124620376,19.555346623521377,2025-03-13T17:15:00Z,4,4,4,4,4,4,1,0,0,4,308.2910295069692,31.245379014218198,,,,,,,,35.974549195781464,313.76093536238767,175.0,PS_047,,,4.160513917372828
28.368440456247,14.859565810038307,2025-03-13T17:30:00Z,3,3,3,3,3,3,1,0,0,3,350.70006602033885,37.20867862954172,,,,,,,,35.9581223773493,373.28210047751963,175.0,PS_047,,,1.81729280238969
29.118896110453957,10.60846558137491,2025-03-13T17:45:00Z,4,4,4,4,4,4,1,0,0,4,531.3078558026098,56.5154278595447,,,,,,,,40.68961330667191,525.286397238854,175.0,PS_047,,,2.9222115719573507
29.55321130182046,8.792178642073354,2025-03-13T18:00:00Z,3,3,3,3,3,3,1,0,0,3,794.0892130046897,74.61950699163324,,,,,,,,42.76676468983514,870.4791937205588,175.0,PS_047,,,4.568625137823496
29.57088032282949,8.230814497742463,2025-03-13T18:15:00Z,4,4,4,4,4,4,1,0,0,4,710.9259045886162,72.55056310121824,,,,,,,,47.7297644052849,763.3964371135413,175.0,PS_047,,,3.0735551116761965
28.985258026784606,17.542145653468527,2025-03-13T18:30:00Z,3,3,3,3,3,3,1,0,0,3,616.7063777353495,71.92738041030569,,,,,,,,46.09999847412109,653.0615532032092,175.0,PS_047,,,2.781853686410915
28.75474836425288,9.902521481557978,2025-03-13T18:45:00Z,4,4,4,4,4,4,1,0,0,4,577.993790891646,69.44410233034259,,,,,,,,44.41971760308814,667.7666874592537,175.0,PS_047,,,4.520618491349358
29.608683029238968,12.656872920144895,2025-03-13T19:00:00Z,3,3,3,3,3,3,1,0,0,3,672.5039382855481,85.18538834742783,,,,,,,,48.848443577199426,834.1040501539712,175.0,PS_047,,,4.3653648618372864
29.06564842766393,9.493066604884874,2025-03-13T19:15:00Z,3,3,3,3,3,3,1,0,0,3,519.794787419155,85.84551097820457,,,,,,,,45.322435108607486,670.5916621718342,175.0,PS_047,,,3.173448857438095
29.254871183663056,17.214631579551774,2025-03-13T19:30:00Z,4,4,4,4,4,4,1,0,0,4,344.7413517039347,79.83398119077145,,,,,,,,44.304703872236445,421.45730168948234,175.0,PS_047,,,3.1123312187302026
28.933067519466192,8.168195793317736,2025-03-13T19:45:00Z,3,3,3,3,3,3,1,0,0,3,399.72454742288465,82.26766612097352,,,,,,,,41.699522807219786,646.0370480970984,175.0,PS_047,,,2.8543793198793637
29.396824107123848,21.509619375736428,2025-03-13T20:00:00Z,4,4,4,4,4,4,1,0,0,4,469.8025890793048,57.62409449749093,,,,,,,,47.567981250047495,800.6735318044009,175.0,PS_047,,,2.976871265698794
28.913337707519535,19.64387934688738,2025-03-13T20:15:00Z,3,3,3,3,3,3,1,0,0,3,399.27564448067255,47.30678310599385,,,,,,,,46.49976671676438,654.5185549398938,175.0,PS_047,,,3.7755875895368414
28.032544857988377,12.326470729963178,2025-03-13T20:30:00Z,4,4,4,4,4,4,1,0,0,4,266.47632610219324,33.054836959833146,,,,,,,,40.70983897396374,407.5470596900988,175.0,PS_047,,,3.3471704264043716
27.377089059159278,18.727360380063505,2025-03-13T20:45:00Z,3,3,3,3,3,3,1,0,0,3,151.6591563461863,17.948231474263252,,,,,,,,34.55151301876736,191.06475691725717,175.0,PS_047,,,3.60892373943362
26.88261802318062,8.24216309214641,2025-03-13T21:00:00Z,3,3,3,3,3,3,1,0,0,3,105.98941917805695,10.709152466311187,,,,,,,,30.364350639409434,124.39817109103483,175.0,PS_047,,,3.365288784576014
26.303733010994147,13.728427756390914,2025-03-13T21:15:00Z,4,4,4,4,4,4,1,0,0,4,64.77774864411029,6.769935368449816,,,,,,,,26.266746871742384,68.9194317404084,175.0,PS_047,,,3.383649837771999
25.903292986808946,5.1740969197395845,2025-03-13T21:30:00Z,3,3,3,3,3,3,1,0,0,3,25.316567826089223,2.406182767724506,,,,,,,,24.95911904986157,25.124650059054442,175.0,PS_047,,,2.436750678809469
24.56277079003116,4.861113100686835,2025-03-13T21:45:00Z,4,4,4,4,4,4,1,0,0,4,2.3957068023772283,0.13608608694006652,,,,,,,,23.206490910701053,1.8890719173679236,175.0,PS_047,,,3.275041172958502
23.879720280434825,2.133046688530126,2025-03-13T22:00:00Z,3,3,3,3,3,3,1,0,0,3,-0.3013423983760023,-0.4242237346884837,,,,,,,,22.711551496249466,-0.5160104675575251,175.0,PS_047,,,1.5814022233516896
23.09331789231909,1.195577356275009,2025-03-13T22:15:00Z,4,4,4,4,4,4,1,0,0,4,1.841751887321234,-0.07901786070462216,,,,,,,,21.478726962433324,0.8493594176626601,175.0,PS_047,,,3.0427126414858225
21.309482378970046,1.1947500705718992,2025-03-13T22:30:00Z,3,3,3,3,3,3,1,0,0,3,-0.36943229635956265,-0.3102333359988914,,,,,,,,19.899999618530273,-0.11961767430350992,183.8000030517578,PS_047,,,2.289222795915083
21.38672564070459,1.1947500705718994,2025-03-13T22:45:00Z,3,3,3,3,3,3,1,0,0,3,-0.5843342676468841,-0.3451354200142893,,,,,,,,19.843923407279046,-0.4236665714532305,184.40000915527344,PS_047,,,0.15192848769697845
21.614769229023,1.1947500705718992,2025-03-13T23:00:00Z,5,5,5,5,5,5,1,0,0,5,-0.7413962564692257,-0.25354111041227223,,,,,,,,19.835586919518747,-0.6936514050885287,184.40000915527344,PS_047,,,1.1707403334761426
21.424132385516653,1.1947500705718994,2025-03-13T23:15:00Z,3,3,3,3,3,3,1,0,0,3,-0.4686809558225636,-0.29531427791854886,,,,,,,,19.669271630914256,-0.44821094561284813,184.60000610351562,PS_047,,,1.5030308482735282
21.356640037619478,1.1947500705718994,2025-03-13T23:30:00Z,3,3,3,3,3,3,1,0,0,3,-0.37599348135509286,-0.3080494993638963,,,,,,,,19.600000381469723,-0.3655299211482356,184.60000610351562,PS_047,,,1.710715628468428
21.339729803487113,1.1947500705718992,2025-03-13T23:45:00Z,4,4,4,4,4,4,1,0,0,4,-0.4313304223804971,-0.2625124535149193,,,,,,,,19.43115130138441,-0.3876157751456723,184.60000610351562,PS_047,,,1.481627602672708
21.308666231228226,1.1947500705718994,2025-03-14T00:00:00Z,3,3,3,3,3,3,1,0,0,3,-0.5394464629373971,-0.24544845979773933,,,,,,,,19.39999961853027,-0.5529909862774527,184.60000610351562,PS_047,,,1.2971147628642274
21.313475926304495,1.1947500705718994,2025-03-14T00:15:00Z,4,4,4,4,4,4,1,0,0,4,-0.58235805833456,-0.22439095566663583,,,,,,,,19.600000381469727,-0.4929703439685532,184.60000610351562,PS_047,,,1.1422607415889459
21.31988043464407,1.1947500705718994,2025-03-14T00:30:00Z,4,4,4,4,4,4,1,0,0,4,-0.5893756990903573,-0.20412088594248343,,,,,,,,19.399999618530273,-0.4977803127831318,184.60000610351562,PS_047,,,0.9357544826719829
21.25170544349083,1.1947500705718992,2025-03-14T00:45:00Z,3,3,3,3,3,3,1,0,0,3,-0.6462420826495061,-0.2798442641228192,,,,,,,,19.159532321032835,-0.4879145539850997,184.60000610351562,PS_047,,,0.9141898840593613
21.129445246723108,1.1947500705718994,2025-03-14T01:00:00Z,4,4,4,4,4,4,1,0,0,4,-0.7762826570339489,-0.2517310263149913,,,,,,,,18.84483273521455,-0.7412943138065903,184.60000610351562,PS_047,,,0.24307527460606637
21.022344415002465,1.1947500705718992,2025-03-14T01:15:00Z,3,3,3,3,3,3,1,0,0,3,-0.6969269582286928,-0.29033799005170785,,,,,,,,18.79999923706055,-0.5960975209643811,184.60000610351562,PS_047,,,0.774316484671835
21.066020956749803,1.1947500705718996,2025-03-14T01:30:00Z,4,4,4,4,4,4,1,0,0,4,-0.6795445002713133,-0.2015978429035238,,,,,,,,18.838706363845713,-0.6632201000270577,184.60000610351562,PS_047,,,0.07973638094477119
21.112012938802376,1.1947500705718994,2025-03-14T01:45:00Z,4,4,4,4,4,4,1,0,0,4,-0.6923389490039804,-0.2030993189359675,,,,,,,,18.910416070318625,-0.5676200366525552,184.60000610351562,PS_047,,,0.5003173768957925
21.017366101898766,1.1947500705718994,2025-03-14T02:00:00Z,3,3,3,3,3,3,1,0,0,3,-0.724561614282481,-0.22724487571280594,,,,,,,,19.049063641032852,-0.4879550485795323,184.60000610351562,PS_047,,,0.7575909679460381
20.772036916286265,1.1947500705718994,2025-03-14T02:15:00Z,4,4,4,4,4,4,1,0,0,4,-0.8135365569641199,-0.29093839483395284,,,,,,,,18.67624254196819,-0.646302182014403,184.60000610351562,PS_047,,,0.646739210662134
20.71797244861626,1.1947500705718994,2025-03-14T02:30:00Z,3,3,3,3,3,3,1,0,0,3,-0.8511348693995888,-0.23837838259583746,,,,,,,,18.60000038146973,-0.8465501718636727,184.60000610351562,PS_047,,,0.10342512019345257
20.623336791992188,1.1947500705718996,2025-03-14T02:45:00Z,4,4,4,4,4,4,1,0,0,4,-0.7804721948778836,-0.23162406198345872,,,,,,,,18.55251644768762,-0.8526608537557205,184.60000610351562,PS_047,,,0.426129232892506
20.63958671619993,1.1947500705718994,2025-03-14T03:00:00Z,4,4,4,4,4,4,1,0,0,4,-0.8538573208354131,-0.22781630003277323,,,,,,,,18.299999237060547,-0.9726223267853844,184.60000610351562,PS_047,,,0.001223260906583085
20.47600855536179,1.1947500705718994,2025-03-14T03:15:00Z,3,3,3,3,3,3,1,0,0,3,-0.8641006783371135,-0.2199999988079071,,,,,,,,18.299999237060547,-0.8950890398145687,184.60000610351562,PS_047,,,0.21920074817190915
20.447100155640623,1.1947500705718996,2025-03-14T03:30:00Z,4,4,4,4,4,4,1,0,0,4,-0.7632139259528429,-0.21081196842413727,,,,,,,,18.299999237060547,-0.739689590340666,184.60000610351562,PS_047,,,0.8259470133065921
20.41704621496134,1.1947500705718996,2025-03-14T03:45:00Z,3,3,3,3,3,3,1,0,0,3,-0.6673865980223199,-0.2313846623786702,,,,,,,,18.600000381469727,-0.7100013350862606,184.60000610351562,PS_047,,,0.822164635341258
20.539847399788123,1.1947500705718992,2025-03-14T04:00:00Z,4,4,4,4,4,4,1,0,0,4,-0.7272656185914893,-0.18661630848364794,,,,,,,,18.600000381469727,-0.7400174635199529,184.60000610351562,PS_047,,,1.0711598063768983
20.477936822479396,1.1947500705718994,2025-03-14T04:15:00Z,4,4,4,4,4,4,1,0,0,4,-0.7598676539864989,-0.19973041059198557,,,,,,,,18.33458697385923,-0.7496427114584167,184.60000610351562,PS_047,,,0.8331458208051116
20.501255817623516,1.1947500705718994,2025-03-14T04:30:00Z,3,3,3,3,3,3,1,0,0,3,-0.8377002736183118,-0.2404264544880935,,,,,,,,18.299999237060543,-0.6467506606852829,184.60000610351562,PS_047,,,0.33828875271575226
20.416974316646858,1.1947500705718994,2025-03-14T04:45:00Z,4,4,4,4,4,4,1,0,0,4,-0.809092105017591,-0.21686826961243363,,,,,,,,18.089206087042406,-0.7064120214918492,184.60000610351562,PS_047,,,0.2468339326965011
20.454410808572387,1.1947500705718994,2025-03-14T05:00:00Z,3,3,3,3,3,3,1,0,0,3,-0.7781356245436917,-0.18332970825536524,,,,,,,,18.046931879938583,-0.5852313114932028,184.60000610351562,PS_047,,,0.0
20.46872045377016,1.1947500705718996,2025-03-14T05:15:00Z,4,4,4,4,4,4,1,0,0,4,-0.7155195573912151,-0.18011034782722532,,,,,,,,18.299999237060547,-0.647682891800668,184.60000610351562,PS_047,,,0.17928013697603704
20.54502467087209,1.1947500705718996,2025-03-14T05:30:00Z,3,3,3,3,3,3,1,0,0,3,-0.7456945717504596,-0.14359030808112855,,,,,,,,18.229219545418317,-0.9037427703741506,184.60000610351562,PS_047,,,0.07114865820458896
20.356463071597414,1.1947500705718992,2025-03-14T05:45:00Z,4,4,4,4,4,4,1,0,0,4,-0.6408659690944634,-0.21986884594432674,,,,,,,,18.335482121473706,-0.638657888998506,184.60000610351562,PS_047,,,0.2604415410933299
20.411513780017682,1.1947500705718994,2025-03-14T06:00:00Z,4,4,4,4,4,4,1,0,0,4,-0.7765749827443278,-0.1748804835342361,,,,,,,,18.299999237060543,-0.7112779923207662,184.60000610351562,PS_047,,,0.2387517079448696
20.347977396478385,1.1947500705718992,2025-03-14T06:15:00Z,3,3,3,3,3,3,1,0,0,3,-0.6462003097343493,-0.2459593669218917,,,,,,,,18.348529268966875,-0.6543193097792607,184.60000610351562,PS_047,,,1.2164126266074393
20.51318319963412,1.1947500705718996,2025-03-14T06:30:00Z,4,4,4,4,4,4,1,0,0,4,-0.690803293364397,-0.21545361284941023,,,,,,,,18.899999618530277,-0.6569925946706542,184.60000610351562,PS_047,,,0.650354173866728
20.44641228146599,1.1947500705718996,2025-03-14T06:45:00Z,3,3,3,3,3,3,1,0,0,3,-0.6424960885118365,-0.23123495910136774,,,,,,,,18.656290822406515,-0.5984935596558352,184.60000610351562,PS_047,,,0.5845126063563155
20.271352150349916,1.1947500705718994,2025-03-14T07:00:00Z,4,4,4,4,4,4,1,0,0,4,-0.5854300606666052,-0.19562947752797302,,,,,,,,18.600000381469727,-0.563354554975954,184.60000610351562,PS_047,,,1.1866988675921966
20.235265063544777,1.1947500705718994,2025-03-14T07:15:00Z,3,3,3,3,3,3,1,0,0,3,-0.7171323445205143,-0.22614570772383547,,,,,,,,18.428676340510705,-0.6596454549065948,184.60000610351562,PS_047,,,0.9057543200226599
20.188672683039393,1.1947500705718994,2025-03-14T07:30:00Z,4,4,4,4,4,4,1,0,0,4,-0.6925318509387671,-0.21350724036381089,,,,,,,,18.492004455781622,-0.6381728913932762,184.60000610351562,PS_047,,,1.1982695862111654
20.366100331788722,1.1947500705718994,2025-03-14T07:45:00Z,4,4,4,4,4,4,1,0,0,4,-0.5533553887132403,-0.21576769537019674,,,,,,,,18.852169632231337,-0.6462847779790598,184.60000610351562,PS_047,,,1.1473195039403423
20.5482416731289,1.1947500705718996,2025-03-14T08:00:00Z,3,3,3,3,3,3,1,0,0,3,-0.5484399772668416,-0.23198342385170292,,,,,,,,18.899999618530277,-0.5545381308358038,184.60000610351562,PS_047,,,1.3843157910694979
20.4288871067458,1.1947500705718994,2025-03-14T08:15:00Z,4,4,4,4,4,4,1,0,0,4,-0.484743235495594,-0.18445668609829793,,,,,,,,18.861458358729156,-0.538309595523625,184.60000610351562,PS_047,,,0.8993762964160971
20.36198799482218,1.1947500705718996,2025-03-14T08:30:00Z,3,3,3,3,3,3,1,0,0,3,-0.6164447215069605,-0.27527316863354623,,,,,,,,18.618013112350436,-0.6046028053541307,184.60000610351562,PS_047,,,0.91692131719354
20.258348031516903,1.1947500705718994,2025-03-14T08:45:00Z,4,4,4,4,4,4,1,0,0,4,-0.682630723697746,-0.2408246258672756,,,,,,,,18.390311040707353,-0.655989414620992,184.60000610351562,PS_047,,,0.8711883550557866
20.181840361091133,1.1947500705718994,2025-03-14T09:00:00Z,3,3,3,3,3,3,1,0,0,3,-0.7953452899870829,-0.2125401109559079,,,,,,,,18.2638151699419,-0.7527794514797215,184.60000610351562,PS_047,,,1.1808091018799767
20.070780724929616,1.5921805390481045,2025-03-14T09:15:00Z,4,4,4,4,4,4,1,0,0,4,-0.7114862488827685,-0.24227385318668057,,,,,,,,18.061272953442217,-0.7803664472690868,184.60000610351562,PS_047,,,0.6510703615472718
19.920116749304146,7.363973704410479,2025-03-14T09:30:00Z,3,3,3,3,3,3,1,0,0,3,1.6592979369075922,-0.012351562294567115,,,,,,,,17.500000000000004,3.0632426637651577,184.60000610351562,PS_047,,,0.0665523895820521
19.911500108781226,16.125460195922827,2025-03-14T09:45:00Z,4,4,4,4,4,4,1,0,0,4,13.312759224388369,1.3927912266763836,,,,,,,,17.495389041277754,13.514965228696033,184.60000610351562,PS_047,,,0.5940140904763438
20.278356395565407,8.56177127533427,2025-03-14T10:00:00Z,3,3,3,3,3,3,1,0,0,3,30.629142828101166,3.0811628159074265,,,,,,,,18.234340168644668,40.359405318367884,184.60000610351562,PS_047,,,0.5242837993238101
20.73590504299754,15.456098893672229,2025-03-14T10:15:00Z,4,4,4,4,4,4,1,0,0,4,62.04260687296627,6.174781375168099,,,,,,,,19.13185633880267,113.68049811326536,184.60000610351562,PS_047,,,0.15882210854397721
21.25412137349395,7.407393291776611,2025-03-14T10:30:00Z,3,3,3,3,3,3,1,0,0,3,93.16896003983204,10.16869936620064,,,,,,,,20.268228636828113,152.74980160415444,184.60000610351562,PS_047,,,0.05309748288336362
22.92371068911019,11.681659499923422,2025-03-14T10:45:00Z,4,4,4,4,4,4,1,0,0,4,204.32145844315158,29.492938412298415,,,,,,,,23.832657632638767,396.75081147523184,184.60000610351562,PS_047,,,0.4180239800808598
23.504952873812663,20.48247695782443,2025-03-14T11:00:00Z,3,3,3,3,3,3,1,0,0,3,258.8401401428951,31.667822650766574,,,,,,,,29.1732509245174,621.6706513555932,184.60000610351562,PS_047,,,0.977682520173023
24.34490491560108,14.962479107549122,2025-03-14T11:15:00Z,4,4,4,4,4,4,1,0,0,4,315.03402319192566,28.546166940398695,,,,,,,,36.759852305677065,645.3684437962361,184.60000610351562,PS_047,,,0.4510151496852574
24.99397478968651,15.398679904829141,2025-03-14T11:30:00Z,3,3,3,3,3,3,1,0,0,3,382.696202004232,29.20181814103317,,,,,,,,45.907198242663576,869.7764097448327,184.60000610351562,PS_047,,,1.207656209506305
25.110369476267028,10.041977262741597,2025-03-14T11:45:00Z,4,4,4,4,4,4,1,0,0,4,320.10759373846594,31.74011442067792,,,,,,,,49.49353846662353,650.0408465291799,184.60000610351562,PS_047,,,0.9360298440135291
26.355520387621766,8.550897877171472,2025-03-14T12:00:00Z,3,3,3,3,3,3,1,0,0,3,530.2076558538423,44.31431836812474,,,,,,,,50.56342776460121,979.430529372794,184.60000610351562,PS_047,,,0.7572618008034884
26.806112251112722,19.65998006897137,2025-03-14T12:15:00Z,4,4,4,4,4,4,1,0,0,4,569.1672757125832,46.87419388610533,,,,,,,,53.482962814054176,955.6522218664068,184.60000610351562,PS_047,,,0.747597451124886
27.85680879598922,5.620954238075661,2025-03-14T12:30:00Z,3,3,3,3,3,3,1,0,0,3,616.7303619136151,47.58819838835233,,,,,,,,54.80074742696962,963.2393730419758,184.60000610351562,PS_047,,,1.5397475819708701
27.725953543259422,17.716890727106456,2025-03-14T12:45:00Z,4,4,4,4,4,4,1,0,0,4,672.0243329426107,47.84379338783047,,,,,,,,56.43269368997725,973.6377395676741,184.60000610351562,PS_047,,,1.7712932806216088
28.24959480614713,9.675643042703882,2025-03-14T13:00:00Z,3,3,3,3,3,3,1,0,0,3,720.2362581677991,47.755587374580024,,,,,,,,56.07846322694973,979.71124217105,184.60000610351562,PS_047,,,1.646110402383571
28.643103719145746,10.369371672135001,2025-03-14T13:15:00Z,4,4,4,4,4,4,1,0,0,4,767.3181663167293,47.509118896793844,,,,,,,,56.372437955127516,983.2371961040067,184.60000610351562,PS_047,,,1.6646176991901664
28.731549158749516,8.505242640488092,2025-03-14T13:30:00Z,3,3,3,3,3,3,1,0,0,3,810.8399403494954,47.13468044116243,,,,,,,,56.40028677901303,993.3634773478003,184.60000610351562,PS_047,,,2.238146463952526
29.978854464224398,20.08757170782129,2025-03-14T13:45:00Z,4,4,4,4,4,4,1,0,0,4,855.9627004234326,47.06724220491345,,,,,,,,56.4465183258296,1000.7937756314451,184.60000610351562,PS_047,,,0.3696373350527886
29.64733987139455,12.734648487735992,2025-03-14T14:00:00Z,3,3,3,3,3,3,1,0,0,3,902.2020905785713,47.63545677995842,,,,,,,,57.07633701837386,1012.9298587239865,184.60000610351562,PS_047,,,0.7493736642419447
30.375921656308304,9.834672868620203,2025-03-14T14:15:00Z,4,4,4,4,4,4,1,0,0,4,839.8751541560672,41.71382673518612,,,,,,,,56.03463501658887,911.0759645942536,184.60000610351562,PS_047,,,1.2789036473599162
30.46521982587462,17.91539881718565,2025-03-14T14:30:00Z,4,4,4,4,4,4,1,0,0,4,854.9686997111677,45.62921611173262,,,,,,,,51.32690516648029,901.3422647847538,184.60000610351562,PS_047,,,1.61975045798699
30.539718324592407,22.112030459311057,2025-03-14T14:45:00Z,3,3,3,3,3,3,1,0,0,3,995.700358910571,51.4114972750071,,,,,,,,52.58768823736809,1045.1196613711356,184.60000610351562,PS_047,,,1.458839761869433
31.265669065784408,5.601664112158573,2025-03-14T15:00:00Z,3,3,3,3,3,3,1,0,0,3,1024.9862613010748,51.80531155770392,,,,,,,,53.8425363851651,1067.10459075087,184.60000610351562,PS_047,,,1.4876430062472656
31.62280271312116,5.564767301324632,2025-03-14T15:15:00Z,4,4,4,4,4,4,1,0,0,4,1060.978912997005,54.5926398611428,,,,,,,,56.037631204290896,1101.9345949362694,184.60000610351562,PS_047,,,1.791483651420385
30.605266569312473,17.541862590036615,2025-03-14T15:30:00Z,3,3,3,3,3,3,1,0,0,3,435.6909329839122,23.859506475857604,,,,,,,,53.02686989683264,465.05349726706976,184.60000610351562,PS_047,,,2.1310782855021313
30.991059835329448,7.820756602297422,2025-03-14T15:45:00Z,4,4,4,4,4,4,1,0,0,4,866.2160767587035,40.5414899722322,,,,,,,,46.918018702050965,818.6706221142499,184.60000610351562,PS_047,,,1.3486219316417736
31.800253112926875,15.604118248939706,2025-03-14T16:00:00Z,3,3,3,3,3,3,1,0,0,3,1168.1365569626275,61.30740623152583,,,,,,,,55.25783894528131,1203.6718552825068,184.60000610351562,PS_047,,,1.4994082712834509
31.725874308222107,16.935428534286398,2025-03-14T16:15:00Z,4,4,4,4,4,4,1,0,0,4,1030.8006648170735,57.12410909495654,,,,,,,,57.019857641456774,1055.037122806134,184.60000610351562,PS_047,,,1.2735800808899231
32.399533365736104,16.193627224348766,2025-03-14T16:30:00Z,3,3,3,3,3,3,1,0,0,3,1091.7319823960254,60.28115760012608,,,,,,,,53.8218035753332,1119.6365228169366,184.60000610351562,PS_047,,,1.5547977893467015
32.279799781497516,15.000608495179232,2025-03-14T16:45:00Z,4,4,4,4,4,4,1,0,0,4,1005.9777321939996,58.1804169770541,,,,,,,,57.92736811097253,1050.9819133962028,184.60000610351562,PS_047,,,2.94966131375052
31.04881458347427,7.527711177467223,2025-03-14T17:00:00Z,3,3,3,3,3,3,1,0,0,3,348.722619592797,30.845405986229096,,,,,,,,49.8342290618394,346.899152096672,184.60000610351562,PS_047,,,1.4094816901410014
31.366607252575584,11.26315384091109,2025-03-14T17:15:00Z,4,4,4,4,4,4,1,0,0,4,523.156749439458,42.19868828056325,,,,,,,,42.52678114417594,589.7052629652751,184.60000610351562,PS_047,,,0.6443620617200767
32.46576065270127,7.939022686705608,2025-03-14T17:30:00Z,3,3,3,3,3,3,1,0,0,3,363.24316415581814,41.53884637110125,,,,,,,,49.84510007621889,370.07871993325375,184.60000610351562,PS_047,,,0.7449934683288257
32.47685145615699,15.386181136318816,2025-03-14T17:45:00Z,4,4,4,4,4,4,1,0,0,4,957.3443414415605,71.15042131283346,,,,,,,,51.65501068287079,1026.1327660023458,184.60000610351562,PS_047,,,2.1237721833213934
32.62184602818439,15.297113671448024,2025-03-14T18:00:00Z,3,3,3,3,3,3,1,0,0,3,954.7854356108346,73.02781020283446,,,,,,,,61.63767796247291,1090.2031807525125,184.60000610351562,PS_047,,,2.061380226727092
32.61090940320341,12.467669453595862,2025-03-14T18:15:00Z,4,4,4,4,4,4,1,0,0,4,879.6170375590478,68.84029309268264,,,,,,,,63.1691620926317,1043.6265699864914,184.60000610351562,PS_047,,,3.2621505406836633
32.837194947482104,17.77834591235677,2025-03-14T18:30:00Z,3,3,3,3,3,3,1,0,0,3,874.6827018974221,79.50045625608784,,,,,,,,63.394883604241606,1058.5487499223584,184.60000610351562,PS_047,,,1.4610326362877324
32.74928189200018,10.390818651731907,2025-03-14T18:45:00Z,3,3,3,3,3,3,1,0,0,3,844.6034454059293,88.24488886021024,,,,,,,,59.097381911465234,1012.5687993845847,184.60000610351562,PS_047,,,2.3695162506344216
31.303098863283914,10.624045590223703,2025-03-14T19:00:00Z,4,4,4,4,4,4,1,0,0,4,863.6070264411943,97.22815151677771,,,,,,,,50.3977521864536,1058.0652369277634,184.60000610351562,PS_047,,,3.882062682458541
30.343850373252042,22.144673818024135,2025-03-14T19:15:00Z,3,3,3,3,3,3,1,0,0,3,676.7897655875727,67.94315885447693,,,,,,,,47.727410068633816,833.838760104198,184.60000610351562,PS_047,,,2.4780928859788065
26.088419538489205,14.131071423304965,2025-03-14T19:30:00Z,4,4,4,4,4,4,1,0,0,4,296.0665670238482,54.06278206707756,,,,,,,,32.59230577318172,315.8121791470626,184.60000610351562,PS_047,,,6.45159467121616
24.376136652412814,5.6113301820948145,2025-03-14T19:45:00Z,3,3,3,3,3,3,1,0,0,3,268.95305754769225,46.288106317671875,,,,,,,,31.2660160268223,300.92241607647344,184.60000610351562,PS_047,,,4.796756994166529
24.873522054687907,11.980094095418341,2025-03-14T20:00:00Z,4,4,4,4,4,4,1,0,0,4,230.98526928348227,27.3503478647217,,,,,,,,29.269228148535504,333.58246511459845,184.60000610351562,PS_047,,,4.552222314413088
26.067387913134493,17.903358423557744,2025-03-14T20:15:00Z,3,3,3,3,3,3,1,0,0,3,331.0338165684544,32.14966717675173,,,,,,,,31.207114694375296,601.9082681312753,184.60000610351562,PS_047,,,2.217715615971921
26.74315584966287,5.598696783791883,2025-03-14T20:30:00Z,3,3,3,3,3,3,1,0,0,3,309.17381809402383,33.545460231307096,,,,,,,,37.32146889944819,569.0068142058813,184.60000610351562,PS_047,,,3.313131868391294
27.136098340504233,8.049529363104597,2025-03-14T20:45:00Z,4,4,4,4,4,4,1,0,0,4,278.83436104175007,34.515967273862664,,,,,,,,36.351725786912155,503.3871028884839,184.60000610351562,PS_047,,,2.1073839497959366
26.427883501322285,5.585558774870759,2025-03-14T21:00:00Z,3,3,3,3,3,3,1,0,0,3,204.09758375581845,20.86070052528829,,,,,,,,31.34462899918285,348.34302465655594,184.60000610351562,PS_047,,,1.9252188809049924
24.83778171586498,7.5428961563879575,2025-03-14T21:15:00Z,4,4,4,4,4,4,1,0,0,4,150.3748031881335,16.331218668640854,,,,,,,,25.375787406200153,233.16493513899178,184.60000610351562,PS_047,,,3.1085540236655866
24.334989383867477,15.360610549388731,2025-03-14T21:30:00Z,3,3,3,3,3,3,1,0,0,3,92.83339724261133,10.950656868497182,,,,,,,,23.31813091776646,118.90722825371748,184.60000610351562,PS_047,,,2.216226401148349
23.538453646341573,8.284582766808985,2025-03-14T21:45:00Z,3,3,3,3,3,3,1,0,0,3,26.836205272129323,4.036180230101544,,,,,,,,22.052133478000773,26.284639662326754,184.60000610351562,PS_047,,,1.3455857181007604
23.41447445597199,4.8376402102610525,2025-03-14T22:00:00Z,4,4,4,4,4,4,1,0,0,4,0.11287620983047013,-0.1843727330040012,,,,,,,,21.370507313334304,-0.4113557888634684,184.8000030517578,PS_047,,,1.1042365457354941
23.448072230266607,1.2964389427729368,2025-03-14T22:15:00Z,3,3,3,3,3,3,1,0,0,3,-1.301740840911652,-0.37325505051126345,,,,,,,,20.95790147652157,-1.0426739844321662,184.8000030517578,PS_047,,,1.4427207726209275
23.14605303824377,1.1947500705718994,2025-03-14T22:30:00Z,4,4,4,4,4,4,1,0,0,4,-1.1163157346263124,-0.3117032350894444,,,,,,,,20.55918527027177,-1.073918262088009,184.8000030517578,PS_047,,,1.3481455476230277
22.87491467011495,1.1947500705718992,2025-03-14T22:45:00Z,3,3,3,3,3,3,1,0,0,3,-0.8312179724080943,-0.3218613078844626,,,,,,,,20.399999618530273,-1.0440185105012474,184.8000030517578,PS_047,,,1.1686593152958211
22.626859938359026,1.1947500705718992,2025-03-14T23:00:00Z,4,4,4,4,4,4,1,0,0,4,-0.8412249842900315,-0.29118785328999713,,,,,,,,20.200000762939457,-1.0979597202812328,184.8000030517578,PS_047,,,1.138891536234133
22.456352223774235,1.1947500705718994,2025-03-14T23:15:00Z,3,3,3,3,3,3,1,0,0,3,-0.8454919280675851,-0.25360975269892894,,,,,,,,19.845759757214026,-1.1394111335955617,184.8000030517578,PS_047,,,0.8910952652479736
22.191882689572804,1.1947500705718994,2025-03-14T23:30:00Z,3,3,3,3,3,3,1,0,0,3,-1.0617824962247326,-0.349947066500963,,,,,,,,19.444206866135772,-1.1571843855070871,184.8000030517578,PS_047,,,0.7059817608298139
22.177681049398977,1.1947500705718994,2025-03-14T23:45:00Z,4,4,4,4,4,4,1,0,0,4,-0.7693678350656231,-0.23091261173443317,,,,,,,,19.856385197434548,-0.8939633622173931,184.8000030517578,PS_047,,,0.2528476514747868
