ambient_temperature_celsius,battery_voltage,datetime,document_count_ambient_temperature_celsius,document_count_battery_voltage,document_count_ghi_irradiance_wm2,document_count_gri_irradiance_wm2,document_count_panel_temperature_celsius,document_count_poa_irradiance_wm2,document_count_precipitation_accumulated_mm,document_count_tracker_albedo_index,document_count_wind_direction_degrees,document_count_wind_speed_ms,ghi_irradiance_wm2,gri_irradiance_wm2,interpolated_keys_ambient_temperature_celsius,interpolated_keys_battery_voltage,interpolated_keys_ghi_irradiance_wm2,interpolated_keys_gri_irradiance_wm2,interpolated_keys_panel_temperature_celsius,interpolated_keys_poa_irradiance_wm2,interpolated_keys_wind_speed_ms,panel_temperature_celsius,poa_irradiance_wm2,precipitation_accumulated_mm,ps_id,tracker_albedo_index,wind_direction_degrees,wind_speed_ms
,,2025-02-28T00:00:00Z,0,0,0,0,0,0,0,0,0,0,,,,,,,,,,,,,PS_044,,,
,,2025-02-28T00:15:00Z,0,0,0,0,0,0,0,0,0,0,,,,,,,,,,,,,PS_044,,,
,,2025-02-28T00:30:00Z,0,0,0,0,0,0,0,0,0,0,,,,,,,,,,,,,PS_044,,,
,,2025-02-28T00:45:00Z,0,0,0,0,0,0,0,0,0,0,,,,,,,,,,,,,PS_044,,,
,,2025-02-28T01:00:00Z,0,0,0,0,0,0,0,0,0,0,,,,,,,,,,,,,PS_044,,,
,,2025-02-28T01:15:00Z,0,0,0,0,0,0,0,0,0,0,,,,,,,,,,,,,PS_044,,,
,,2025-02-28T01:30:00Z,0,0,0,0,0,0,0,0,0,0,,,,,,,,,,,,,PS_044,,,
,,2025-02-28T01:45:00Z,0,0,0,0,0,0,0,0,0,0,,,,,,,,,,,,,PS_044,,,
,,2025-02-28T02:00:00Z,0,0,0,0,0,0,0,0,0,0,,,,,,,,,,,,,PS_044,,,
,,2025-02-28T02:15:00Z,0,0,0,0,0,0,0,0,0,0,,,,,,,,,,,,,PS_044,,,
,,2025-02-28T02:30:00Z,0,0,0,0,0,0,0,0,0,0,,,,,,,,,,,,,PS_044,,,
,,2025-02-28T02:45:00Z,0,0,0,0,0,0,0,0,0,0,,,,,,,,,,,,,PS_044,,,
,,2025-02-28T03:00:00Z,0,0,0,0,0,0,0,0,0,0,,,,,,,,,,,,,PS_044,,,
,,2025-02-28T03:15:00Z,0,0,0,0,0,0,0,0,0,0,,,,,,,,,,,,,PS_044,,,
,,2025-02-28T03:30:00Z,0,0,0,0,0,0,0,0,0,0,,,,,,,,,,,,,PS_044,,,
,,2025-02-28T03:45:00Z,0,0,0,0,0,0,0,0,0,0,,,,,,,,,,,,,PS_044,,,
,,2025-02-28T04:00:00Z,0,0,0,0,0,0,0,0,0,0,,,,,,,,,,,,,PS_044,,,
,,2025-02-28T04:15:00Z,0,0,0,0,0,0,0,0,0,0,,,,,,,,,,,,,PS_044,,,
,,2025-02-28T04:30:00Z,0,0,0,0,0,0,0,0,0,0,,,,,,,,,,,,,PS_044,,,
,,2025-02-28T04:45:00Z,0,0,0,0,0,0,0,0,0,0,,,,,,,,,,,,,PS_044,,,
,,2025-02-28T05:00:00Z,0,0,0,0,0,0,0,0,0,0,,,,,,,,,,,,,PS_044,,,
,,2025-02-28T05:15:00Z,0,0,0,0,0,0,0,0,0,0,,,,,,,,,,,,,PS_044,,,
,,2025-02-28T05:30:00Z,0,0,0,0,0,0,0,0,0,0,,,,,,,,,,,,,PS_044,,,
,,2025-02-28T05:45:00Z,0,0,0,0,0,0,0,0,0,0,,,,,,,,,,,,,PS_044,,,
,,2025-02-28T06:00:00Z,0,0,0,0,0,0,0,0,0,0,,,,,,,,,,,,,PS_044,,,
,,2025-02-28T06:15:00Z,0,0,0,0,0,0,0,0,0,0,,,,,,,,,,,,,PS_044,,,
,,2025-02-28T06:30:00Z,0,0,0,0,0,0,0,0,0,0,,,,,,,,,,,,,PS_044,,,
,,2025-02-28T06:45:00Z,0,0,0,0,0,0,0,0,0,0,,,,,,,,,,,,,PS_044,,,
,,2025-02-28T07:00:00Z,0,0,0,0,0,0,0,0,0,0,,,,,,,,,,,,,PS_044,,,
,,2025-02-28T07:15:00Z,0,0,0,0,0,0,0,0,0,0,,,,,,,,,,,,,PS_044,,,
,,2025-02-28T07:30:00Z,0,0,0,0,0,0,0,0,0,0,,,,,,,,,,,,,PS_044,,,
,,2025-02-28T07:45:00Z,0,0,0,0,0,0,0,0,0,0,,,,,,,,,,,,,PS_044,,,
,,2025-02-28T08:00:00Z,0,0,0,0,0,0,0,0,0,0,,,,,,,,,,,,,PS_044,,,
,,2025-02-28T08:15:00Z,0,0,0,0,0,0,0,0,0,0,,,,,,,,,,,,,PS_044,,,
,,2025-02-28T08:30:00Z,0,0,0,0,0,0,0,0,0,0,,,,,,,,,,,,,PS_044,,,
,,2025-02-28T08:45:00Z,0,0,0,0,0,0,0,0,0,0,,,,,,,,,,,,,PS_044,,,
,,2025-02-28T09:00:00Z,0,0,0,0,0,0,0,0,0,0,,,,,,,,,,,,,PS_044,,,
,,2025-02-28T09:15:00Z,0,0,0,0,0,0,0,0,0,0,,,,,,,,,,,,,PS_044,,,
,,2025-02-28T09:30:00Z,0,0,0,0,0,0,0,0,0,0,,,,,,,,,,,,,PS_044,,,
,,2025-02-28T09:45:00Z,0,0,0,0,0,0,0,0,0,0,,,,,,,,,,,,,PS_044,,,
,,2025-02-28T10:00:00Z,0,0,0,0,0,0,0,0,0,0,,,,,,,,,,,,,PS_044,,,
,,2025-02-28T10:15:00Z,0,0,0,0,0,0,0,0,0,0,,,,,,,,,,,,,PS_044,,,
,,2025-02-28T10:30:00Z,0,0,0,0,0,0,0,0,0,0,,,,,,,,,,,,,PS_044,,,
,,2025-02-28T10:45:00Z,0,0,0,0,0,0,0,0,0,0,,,,,,,,,,,,,PS_044,,,
,,2025-02-28T11:00:00Z,0,0,0,0,0,0,0,0,0,0,,,,,,,,,,,,,PS_044,,,
,,2025-02-28T11:15:00Z,0,0,0,0,0,0,0,0,0,0,,,,,,,,,,,,,PS_044,,,
,,2025-02-28T11:30:00Z,0,0,0,0,0,0,0,0,0,0,,,,,,,,,,,,,PS_044,,,
,,2025-02-28T11:45:00Z,0,0,0,0,0,0,0,0,0,0,,,,,,,,,,,,,PS_044,,,
,,2025-02-28T12:00:00Z,0,0,0,0,0,0,0,0,0,0,,,,,,,,,,,,,PS_044,,,
,,2025-02-28T12:15:00Z,0,0,0,0,0,0,0,0,0,0,,,,,,,,,,,,,PS_044,,,
,,2025-02-28T12:30:00Z,0,0,0,0,0,0,0,0,0,0,,,,,,,,,,,,,PS_044,,,
,,2025-02-28T12:45:00Z,0,0,0,0,0,0,0,0,0,0,,,,,,,,,,,,,PS_044,,,
,,2025-02-28T13:00:00Z,0,0,0,0,0,0,0,0,0,0,,,,,,,,,,,,,PS_044,,,
,,2025-02-28T13:15:00Z,0,0,0,0,0,0,0,0,0,0,,,,,,,,,,,,,PS_044,,,
,,2025-02-28T13:30:00Z,0,0,0,0,0,0,0,0,0,0,,,,,,,,,,,,,PS_044,,,
,,2025-02-28T13:45:00Z,0,0,0,0,0,0,0,0,0,0,,,,,,,,,,,,,PS_044,,,
,,2025-02-28T14:00:00Z,0,0,0,0,0,0,0,0,0,0,,,,,,,,,,,,,PS_044,,,
,,2025-02-28T14:15:00Z,0,0,0,0,0,0,0,0,0,0,,,,,,,,,,,,,PS_044,,,
,,2025-02-28T14:30:00Z,0,0,0,0,0,0,0,0,0,0,,,,,,,,,,,,,PS_044,,,
,,2025-02-28T14:45:00Z,0,0,0,0,0,0,0,0,0,0,,,,,,,,,,,,,PS_044,,,
30.762887450458575,1.2045000791549685,2025-02-28T15:00:00Z,2,2,2,2,2,2,0,0,0,2,479.31056473230177,37.84979523567142,,,,,,,,52.780644951736264,482.468276421006,,PS_044,,,3.3152995117750863
30.7278644078843,11.99634183564176,2025-02-28T15:15:00Z,3,3,3,3,3,3,1,0,0,3,626.2454990488553,50.05897606823757,,,,,,,,52.2512820092356,629.3687028792756,0.0,PS_044,,,2.607455343394375
30.221239584254146,6.359173964761854,2025-02-28T15:30:00Z,3,3,3,3,3,3,1,0,0,3,1160.6979278037284,94.69775214967738,,,,,,,,47.94118165426443,1169.9620100953068,0.0,PS_044,,,2.52099729101015
31.393015379404467,6.888356343349321,2025-02-28T15:45:00Z,4,4,4,4,4,4,1,0,0,4,1126.0913299250155,92.20662615228392,,,,,,,,53.221240212252916,1132.159464726199,0.0,PS_044,,,2.7504523344690606
31.27251807409345,7.2327897711955655,2025-02-28T16:00:00Z,3,3,3,3,3,3,1,0,0,3,1098.8808930871555,91.50917511373031,,,,,,,,50.827319047060676,1114.5308521457744,0.0,PS_044,,,3.381322408741433
32.18983300808326,7.139602066676498,2025-02-28T16:15:00Z,4,4,4,4,4,4,1,0,0,4,1054.9116481163417,87.67247240977485,,,,,,,,51.02860578637401,1083.8997593404638,0.0,PS_044,,,2.3509616371692426
32.82630334198176,6.664467765667929,2025-02-28T16:30:00Z,4,4,4,4,4,4,1,0,0,4,1063.4647381503253,89.6389023597009,,,,,,,,54.846252158284656,1109.8931125241036,0.0,PS_044,,,2.280964445278243
33.37333399774712,6.238479128556315,2025-02-28T16:45:00Z,3,3,3,3,3,3,1,0,0,3,1059.3382868418032,89.37016644393762,,,,,,,,55.933218125650164,1127.9243848029682,0.0,PS_044,,,0.7098713492245766
33.13859214748808,5.295228224530362,2025-02-28T17:00:00Z,4,4,4,4,4,4,1,0,0,4,1008.158418396255,89.7838190916763,,,,,,,,52.5959375484744,1087.061885150687,0.0,PS_044,,,1.3260701486749893
34.17192396025273,5.434813758136782,2025-02-28T17:15:00Z,4,4,4,4,4,4,1,0,0,4,1012.4951583375325,87.53716617143,,,,,,,,55.40392579087779,1136.8954269592232,0.0,PS_044,,,1.6332346678983016
33.90241517104467,5.781102081634133,2025-02-28T17:30:00Z,3,3,3,3,3,3,1,0,0,3,961.0894008550345,84.40420462123657,,,,,,,,55.414414915519316,1115.8376197533312,0.0,PS_044,,,2.716824416879722
34.152721124679466,4.517555546139406,2025-02-28T17:45:00Z,4,4,4,4,4,4,1,0,0,4,911.9544063298526,82.59523802628595,,,,,,,,54.34719267016632,1094.9367113192445,0.0,PS_044,,,1.1605355535641526
34.53856544827478,4.374875312312694,2025-02-28T18:00:00Z,4,4,4,4,4,4,1,0,0,4,858.3812266360555,78.60158931995927,,,,,,,,56.32215450946087,1082.2762723609035,0.0,PS_044,,,1.9553412100514271
33.724862886082214,5.580685977623704,2025-02-28T18:15:00Z,3,3,3,3,3,3,1,0,0,3,831.5365500084948,80.2822625410128,,,,,,,,52.16549473686126,1083.5884883371195,0.0,PS_044,,,2.0195551003709853
32.92026090095524,4.818843593601076,2025-02-28T18:30:00Z,4,4,4,4,4,4,1,0,0,4,420.3897388393432,46.66650194783628,,,,,,,,51.627221028269105,551.7886658466294,0.0,PS_044,,,0.9585897093762163
33.23230508504491,5.022301652020173,2025-02-28T18:45:00Z,4,4,4,4,4,4,1,0,0,4,662.7341139284451,69.0924599336441,,,,,,,,54.60762976883271,1019.9947909147629,0.0,PS_044,,,1.6132726368221333
33.284287439060535,5.052665426092075,2025-02-28T19:00:00Z,3,3,3,3,3,3,1,0,0,3,617.0070810473384,72.16547126124269,,,,,,,,54.39939835664968,1001.217268612328,0.0,PS_044,,,0.6345496056744442
33.943617438750245,4.568513832364569,2025-02-28T19:15:00Z,4,4,4,4,4,4,1,0,0,4,438.12823776649554,68.99762319301246,,,,,,,,58.183609110534384,704.8598392539814,0.0,PS_044,,,0.8938041725640752
32.91320252092432,4.915743521029288,2025-02-28T19:30:00Z,3,3,3,3,3,3,1,0,0,3,552.1583649333087,80.06978928664196,,,,,,,,50.69290039255479,924.0050776924401,0.0,PS_044,,,1.19278888522855
34.36298532891926,4.563137468177113,2025-02-28T19:45:00Z,4,4,4,4,4,4,1,0,0,4,498.4304624295549,64.38193436618265,,,,,,,,59.15050371600156,941.1460163096319,0.0,PS_044,,,1.7059757455990014
32.67275343177048,5.387786274905071,2025-02-28T20:00:00Z,4,4,4,4,4,4,1,0,0,4,149.68427588501643,21.248201793258772,,,,,,,,45.14691902848995,205.45021872029906,0.0,PS_044,,,1.273395978551039
31.342088126507385,10.632754619369654,2025-02-28T20:15:00Z,3,3,3,3,3,3,1,0,0,3,60.90075537274388,8.65117373042839,,,,,,,,35.4871053782168,90.58864567916108,0.0,PS_044,,,0.4808975492100927
28.896202979896692,1.2045000791549685,2025-02-28T20:30:00Z,4,4,4,4,4,4,1,0,0,4,33.4251323376231,4.737184164907398,,,,,,,,27.347905288658374,38.11646017629562,0.0,PS_044,,,1.7093261328014948
26.014596310369924,1.204500079154968,2025-02-28T20:45:00Z,4,4,4,4,4,4,1,0,0,4,44.436866016346094,5.250773077302311,,,,,,,,22.666858353220466,45.270607417205575,0.0,PS_044,,,0.6855490796877295
25.517548799828663,1.2045000791549683,2025-02-28T21:00:00Z,3,3,3,3,3,3,1,0,0,3,39.9214477327963,4.776892344831416,,,,,,,,22.37272619013364,40.92325753318579,0.0,PS_044,,,0.26635427242999354
25.82891719973213,1.2045000791549683,2025-02-28T21:15:00Z,4,4,4,4,4,4,1,0,0,4,23.432877143257063,3.86074836664109,,,,,,,,23.05581383703107,24.48794814499685,0.0,PS_044,,,0.20335164164272634
25.095180102024216,1.2045000791549685,2025-02-28T21:30:00Z,3,3,3,3,3,3,1,0,0,3,8.440589819754381,1.2662778374253856,,,,,,,,22.506911503884236,9.005978780699815,0.0,PS_044,,,0.49919999756821315
25.35023879696933,1.2045000791549685,2025-02-28T21:45:00Z,4,4,4,4,4,4,1,0,0,4,0.21621943490016501,0.3461186270343535,,,,,,,,22.322357320102604,-0.23127612917108084,0.0,PS_044,,,0.0
25.284495876579765,1.204500079154968,2025-02-28T22:00:00Z,4,4,4,4,4,4,1,0,0,4,-1.107339057249105,-0.02780300495996982,,,,,,,,22.114674045264792,-1.2984739247974428,0.0,PS_044,,,0.1865369120562167
25.62495897095019,1.2045000791549683,2025-02-28T22:15:00Z,3,3,3,3,3,3,1,0,0,3,-1.096954053820043,-0.042561812710517184,,,,,,,,22.051756240860097,-1.154534253228784,0.0,PS_044,,,0.1208043202427647
25.14012883651532,1.2045000791549683,2025-02-28T22:30:00Z,4,4,4,4,4,4,1,0,0,4,-1.2042023006091558,-0.21952918976468236,,,,,,,,22.18335140935308,-1.2679622060054596,0.0,PS_044,,,0.45217850571921375
25.313070950477325,1.2045000791549683,2025-02-28T22:45:00Z,4,4,4,4,4,4,1,0,0,4,-1.3628839322729616,-0.09143900733993116,,,,,,,,22.05623191850795,-1.2811822106264983,0.0,PS_044,,,0.46904478319112014
24.55152803101658,1.204500079154968,2025-02-28T23:00:00Z,3,3,3,3,3,3,1,0,0,3,-1.477707297705678,-0.28098988967320027,,,,,,,,21.246036137148604,-1.4623490170546298,0.0,PS_044,,,0.34035528686728056
24.988278570530134,1.2045000791549683,2025-02-28T23:15:00Z,4,4,4,4,4,4,1,0,0,4,-1.4296303129227221,-0.09932506291513096,,,,,,,,21.36236998065503,-1.45263641264568,0.0,PS_044,,,0.32559216401406327
24.775617404528358,1.2045000791549683,2025-02-28T23:30:00Z,4,4,4,4,4,4,1,0,0,4,-1.4185209863226715,-0.15057990154679032,,,,,,,,21.24756648442742,-1.5083987749439864,0.0,PS_044,,,0.3905880800091272
24.78531032009712,1.2045000791549685,2025-02-28T23:45:00Z,3,3,3,3,3,3,1,0,0,3,-1.6979904953634941,-0.1659483565222344,,,,,,,,21.5,-1.2958243006198105,0.0,PS_044,,,1.2744709492857902
24.327510990180052,1.2045000791549683,2025-03-01T00:00:00Z,4,4,4,4,4,4,1,0,0,4,-1.6444697514163225,-0.10740043313005956,,,,,,,,21.09873465446426,-1.3753257100102507,0.0,PS_044,,,0.5348447108641823
24.32636063538187,1.2045000791549685,2025-03-01T00:15:00Z,3,3,3,3,3,3,1,0,0,3,-1.6087908954317038,-0.15736853496753633,,,,,,,,20.93539149139958,-1.4157296037416596,0.0,PS_044,,,0.658073787772831
24.253561481597863,1.2045000791549685,2025-03-01T00:30:00Z,4,4,4,4,4,4,1,0,0,4,-1.6644591324574034,-0.12472183679023487,,,,,,,,20.747338805621066,-1.464491016837091,0.0,PS_044,,,1.0075275303190971
24.244502356737023,1.2045000791549685,2025-03-01T00:45:00Z,4,4,4,4,4,4,1,0,0,4,-1.6827502590163044,-0.22751312070871574,,,,,,,,20.746694204419715,-1.3861878733897757,0.0,PS_044,,,1.2523448847245078
23.92236552134963,1.2045000791549683,2025-03-01T01:00:00Z,3,3,3,3,3,3,1,0,0,3,-1.6688959144379027,-0.2663422614695402,,,,,,,,20.4127484544643,-1.4668880989271524,0.0,PS_044,,,0.16200773378194427
24.139177961340273,1.2045000791549683,2025-03-01T01:15:00Z,4,4,4,4,4,4,1,0,0,4,-1.5772734398837944,-0.10652542316570074,,,,,,,,20.31209513079142,-1.4049276257443188,0.0,PS_044,,,0.9371835080258959
23.849835119924386,1.2045000791549685,2025-03-01T01:30:00Z,4,4,4,4,4,4,1,0,0,4,-1.7680590006943437,-0.2856236053218096,,,,,,,,19.90970648142365,-1.521646757188428,0.0,PS_044,,,0.6520238213787352
23.09987220284655,1.2045000791549683,2025-03-01T01:45:00Z,3,3,3,3,3,3,1,0,0,3,-1.8503239399662774,-0.3213145819073662,,,,,,,,19.201128742542913,-1.6861022595991597,0.0,PS_044,,,0.6104984724640041
23.266722911196638,1.2045000791549683,2025-03-01T02:00:00Z,4,4,4,4,4,4,1,0,0,4,-1.804256202323224,-0.15212397328368227,,,,,,,,18.94417010868583,-1.581981819366748,0.0,PS_044,,,0.04480958911897034
22.66849387206734,1.2045000791549683,2025-03-01T02:15:00Z,4,4,4,4,4,4,1,0,0,4,-1.811770218779058,-0.1625237198367578,,,,,,,,18.436565950450362,-1.6086462153416905,0.0,PS_044,,,0.03447593503310783
22.618857725023663,1.204500079154968,2025-03-01T02:30:00Z,3,3,3,3,3,3,1,0,0,3,-1.5130048531152311,-0.17041100331691378,,,,,,,,18.247206256115135,-1.7157742369955444,0.0,PS_044,,,0.0
22.607890346780618,1.2045000791549683,2025-03-01T02:45:00Z,4,4,4,4,4,4,1,0,0,4,-1.3480925354696642,-0.16345597183172864,,,,,,,,18.0,-1.658190875695247,0.0,PS_044,,,0.026062245492160175
22.503990097303824,1.2045000791549683,2025-03-01T03:00:00Z,3,3,3,3,3,3,1,0,0,3,-1.2241849901992619,-0.10974713841211262,,,,,,,,18.0,-1.5435035635652141,0.0,PS_044,,,0.06361473785172445
22.09430122869316,1.2045000791549683,2025-03-01T03:15:00Z,4,4,4,4,4,4,1,0,0,4,-1.556833814367514,-0.2545127479219903,,,,,,,,17.476931786548178,-1.737248693782778,0.0,PS_044,,,0.0
21.770978603183593,1.2045000791549685,2025-03-01T03:30:00Z,4,4,4,4,4,4,1,0,0,4,-1.171751150413419,-0.16105556112692246,,,,,,,,17.333101726579113,-1.6506444418142494,0.0,PS_044,,,0.01610933175347896
21.8621062170778,1.2045000791549683,2025-03-01T03:45:00Z,3,3,3,3,3,3,1,0,0,3,-1.142912903139402,-0.11735548556830629,,,,,,,,17.157714482397143,-1.4058455076476806,0.0,PS_044,,,0.0
21.843613999177276,1.204500079154968,2025-03-01T04:00:00Z,4,4,4,4,4,4,1,0,0,4,-1.0082720904149542,-0.13326740253850974,,,,,,,,17.247427517750186,-1.2990820667903773,0.0,PS_044,,,0.0
21.25508663541707,1.2045000791549683,2025-03-01T04:15:00Z,4,4,4,4,4,4,1,0,0,4,-1.2874689392274135,-0.12551096088909064,,,,,,,,17.5,-1.3518179014312148,0.0,PS_044,,,0.4993162105117984
21.195253584263885,1.204500079154968,2025-03-01T04:30:00Z,3,3,3,3,3,3,1,0,0,3,-1.2013817067185237,-0.14122186000993603,,,,,,,,17.499999999999996,-1.3170116687028839,0.0,PS_044,,,0.3497024124572072
21.610977671192583,1.2045000791549683,2025-03-01T04:45:00Z,4,4,4,4,4,4,1,0,0,4,-1.2081468393685266,-0.03756528956703877,,,,,,,,17.896388970193648,-1.1633004985280895,0.0,PS_044,,,0.09042888996446867
21.23865593985829,1.2045000791549683,2025-03-01T05:00:00Z,3,3,3,3,3,3,1,0,0,3,-1.2238046635906936,-0.24474584049277473,,,,,,,,17.73303857561388,-1.442877085493927,0.0,PS_044,,,0.362456498702295
21.159154106978146,1.2045000791549683,2025-03-01T05:15:00Z,4,4,4,4,4,4,1,0,0,4,-1.2251204021440953,-0.11113317973417097,,,,,,,,17.452585973150768,-1.3098986445260106,0.0,PS_044,,,0.08375714670875632
20.99743600386729,1.2045000791549683,2025-03-01T05:30:00Z,4,4,4,4,4,4,1,0,0,4,-1.2048470994182408,-0.1931443883075398,,,,,,,,17.20000076293945,-1.3835148190467343,0.0,PS_044,,,0.02783784311624655
21.140223923095665,1.2045000791549683,2025-03-01T05:45:00Z,3,3,3,3,3,3,1,0,0,3,-1.1288754025775463,-0.07274457482739514,,,,,,,,17.19514203744273,-1.2796406595972294,0.0,PS_044,,,0.0
21.1646063730269,1.204500079154968,2025-03-01T06:00:00Z,4,4,4,4,4,4,1,0,0,4,-1.3052552051396515,-0.10516388728657991,,,,,,,,16.947707856306607,-1.2728941015628055,0.0,PS_044,,,0.02862483460817501
21.2139644542393,1.2045000791549683,2025-03-01T06:15:00Z,4,4,4,4,4,4,1,0,0,4,-1.238083876003867,-0.1753350261796457,,,,,,,,17.59403209963402,-1.0986840809859821,0.0,PS_044,,,0.0
20.924760392598486,1.2045000791549683,2025-03-01T06:30:00Z,3,3,3,3,3,3,1,0,0,3,-1.2323925762246846,-0.1876074194143227,,,,,,,,17.200000762939457,-1.1168275491374553,0.0,PS_044,,,0.12647549643838063
20.519297825490735,1.2045000791549683,2025-03-01T06:45:00Z,4,4,4,4,4,4,1,0,0,4,-1.2701538753176371,-0.2111218428927435,,,,,,,,17.153432098515772,-1.215392807865419,0.0,PS_044,,,0.08785921860677788
20.42235937839077,1.2045000791549683,2025-03-01T07:00:00Z,4,4,4,4,4,4,1,0,0,4,-1.0866533202405766,-0.11509903055261107,,,,,,,,17.200000762939453,-1.1216724515971388,0.0,PS_044,,,0.0749828882931589
20.611414698038853,1.2045000791549683,2025-03-01T07:15:00Z,3,3,3,3,3,3,1,0,0,3,-1.169289890078889,-0.05498854101429101,,,,,,,,17.5,-1.0996002278491148,0.0,PS_044,,,0.8591641408687648
20.41807244679096,1.2045000791549683,2025-03-01T07:30:00Z,4,4,4,4,4,4,1,0,0,4,-1.3740249406965097,-0.14309150454148034,,,,,,,,17.40592440758765,-1.1009610385747977,0.0,PS_044,,,0.7103906080402264
20.16551516501373,1.2045000791549683,2025-03-01T07:45:00Z,3,3,3,3,3,3,1,0,0,3,-1.389305399057191,-0.17748097657966336,,,,,,,,17.200000762939453,-1.2808618879884675,0.0,PS_044,,,0.013250101109296678
20.253586030246346,1.2045000791549685,2025-03-01T08:00:00Z,10,10,10,10,10,10,1,0,0,10,-1.3060686328706073,-0.11100820184962547,,,,,,,,16.94197234820861,-1.185692875395842,0.0,PS_044,,,0.5572136386506422
19.959582223362915,1.2045000791549683,2025-03-01T08:15:00Z,15,15,15,15,15,15,1,0,0,15,-1.2653996465533848,-0.10924264678401367,,,,,,,,16.92566624287135,-1.2264802364538705,0.0,PS_044,,,0.17393790272835444
20.205054300970144,1.2045000791549683,2025-03-01T08:30:00Z,15,15,15,15,15,15,1,0,0,15,-1.28221373550765,-0.16135320009579326,,,,,,,,17.2154737779566,-1.1438744690148879,0.0,PS_044,,,0.8890292765905821
20.2680436925747,1.2045000791549683,2025-03-01T08:45:00Z,14,14,14,14,14,14,1,0,0,14,-1.22698023504815,-0.11713938276498731,,,,,,,,17.209641912721864,-1.0787966392685777,0.0,PS_044,,,0.9724481008077729
20.099971064588726,1.2045000791549685,2025-03-01T09:00:00Z,9,9,9,9,9,9,1,0,0,9,-0.48237337915942247,-0.03996742740296517,,,,,,,,17.156610200250597,-0.08433060080755322,0.0,PS_044,,,0.30775975919215726
20.071811048591236,1.2045000791549683,2025-03-01T09:15:00Z,4,4,4,4,4,4,1,0,0,4,6.751815430150816,0.6973439022275731,,,,,,,,17.174688018864693,8.523718017192378,0.0,PS_044,,,0.9958926207459026
20.238566056578065,1.2045000791549683,2025-03-01T09:30:00Z,4,4,4,4,4,4,1,0,0,4,21.122356995898922,1.6943784057764284,,,,,,,,17.23959333862397,21.500271648601753,0.0,PS_044,,,1.4556441378938803
20.699122142871133,1.2045000791549685,2025-03-01T09:45:00Z,3,3,3,3,3,3,1,0,0,3,65.87482080494945,5.968591168775251,,,,,,,,18.103447833428678,81.81248464667752,0.0,PS_044,,,1.8738928848123388
21.378693373963117,1.2045000791549683,2025-03-01T10:00:00Z,4,4,4,4,4,4,1,0,0,4,122.78208385566583,12.600964282556607,,,,,,,,20.70265668304721,171.51005528986988,0.0,PS_044,,,1.2649652619728213
21.226535190539423,1.2045000791549685,2025-03-01T10:15:00Z,4,4,4,4,4,4,1,0,0,4,85.21968783444024,8.911571666694044,,,,,,,,21.53007081059274,110.76065526753638,0.0,PS_044,,,1.9236124488549429
21.686531726199163,1.2045000791549683,2025-03-01T10:30:00Z,3,3,3,3,3,3,1,0,0,3,187.85205938935803,16.817497946578726,,,,,,,,23.484702362927358,319.03588312769324,0.0,PS_044,,,0.9088170871368385
23.93837955821786,1.2045000791549683,2025-03-01T10:45:00Z,4,4,4,4,4,4,1,0,0,4,325.5565977847462,33.91989574022155,,,,,,,,33.522119681977536,586.3836581287725,0.0,PS_044,,,0.9974444143725637
24.920564510689285,1.2045000791549683,2025-03-01T11:00:00Z,3,3,3,3,3,3,1,0,0,3,440.3889393808829,53.62922856221491,,,,,,,,42.395532747408375,838.3752859326261,0.0,PS_044,,,1.0155736252885348
25.0473510947074,1.2045000791549683,2025-03-01T11:15:00Z,4,4,4,4,4,4,1,0,0,4,470.3040040254718,51.38423143996717,,,,,,,,45.285342933748026,923.6210024977747,0.0,PS_044,,,2.5757777093201115
25.789808344457576,1.204500079154968,2025-03-01T11:30:00Z,4,4,4,4,4,4,1,0,0,4,530.8177641697479,51.01890020039512,,,,,,,,45.8794933410616,967.1353729355577,0.0,PS_044,,,3.4968237566042313
26.833384872974612,1.2045000791549685,2025-03-01T11:45:00Z,3,3,3,3,3,3,1,0,0,3,595.6020663641557,52.49168567532592,,,,,,,,47.47016370081935,996.633940049195,0.0,PS_044,,,2.8572393536004954
26.33022900973836,1.2045000791549683,2025-03-01T12:00:00Z,4,4,4,4,4,4,1,0,0,4,467.18922214436947,45.97751035653764,,,,,,,,44.629854475637515,679.4247774792225,0.0,PS_044,,,2.9716731238740177
26.432274802987905,1.204500079154968,2025-03-01T12:15:00Z,3,3,3,3,3,3,1,0,0,3,639.5503193692357,53.476455760045795,,,,,,,,40.25025892503796,905.9954199528481,0.0,PS_044,,,2.641497295154927
26.715379858837274,1.204500079154968,2025-03-01T12:30:00Z,4,4,4,4,4,4,1,0,0,4,718.332232612541,59.52729414681779,,,,,,,,39.2697625545827,940.3765309498186,0.0,PS_044,,,3.215526471375648
28.38414201511058,1.2045000791549683,2025-03-01T12:45:00Z,4,4,4,4,4,4,1,0,0,4,935.3029556244996,80.48270994471616,,,,,,,,47.74210892933776,1178.9034839474107,0.0,PS_044,,,2.953209892173196
28.49595381786657,1.2045000791549683,2025-03-01T13:00:00Z,3,3,3,3,3,3,1,0,0,3,895.9504872704996,74.20169841230889,,,,,,,,50.03262094183766,1098.1998399982015,0.0,PS_044,,,2.4641990717301625
28.037985834511193,1.204500079154968,2025-03-01T13:15:00Z,4,4,4,4,4,4,1,0,0,4,717.4108529088595,61.03644975862155,,,,,,,,47.01957245689185,843.1635289430693,0.0,PS_044,,,2.188862403321205
28.720626527349726,1.2045000791549683,2025-03-01T13:30:00Z,3,3,3,3,3,3,1,0,0,3,691.7246365797909,61.07345719910753,,,,,,,,48.269745874629585,792.7047175148427,0.0,PS_044,,,2.188407363284927
28.67487138417815,1.2045000791549683,2025-03-01T13:45:00Z,4,4,4,4,4,4,1,0,0,4,363.32481278522874,37.208109569780056,,,,,,,,46.031051852534375,387.1325417245697,0.0,PS_044,,,2.2869390114961226
29.55988540737816,1.2045000791549683,2025-03-01T14:00:00Z,4,4,4,4,4,4,1,0,0,4,721.7148084271352,59.7538901381953,,,,,,,,48.8928125416532,772.2882988377307,0.0,PS_044,,,1.9949335825454242
31.45743980521304,1.2045000791549683,2025-03-01T14:15:00Z,3,3,3,3,3,3,1,0,0,3,1069.9995201540598,80.63456066047561,,,,,,,,53.93778074019289,1116.754623830778,0.0,PS_044,,,2.6404236004266948
31.769450271109193,1.2045000791549683,2025-03-01T14:30:00Z,4,4,4,4,4,4,1,0,0,4,1126.8046243458627,87.18238048468187,,,,,,,,55.20708094420302,1160.3126878808748,0.0,PS_044,,,3.014087281312522
32.23340886918445,1.2045000791549683,2025-03-01T14:45:00Z,4,4,4,4,4,4,1,0,0,4,1142.3862769153454,64.86146684333664,,,,,,,,56.56013535690387,1107.120264172109,0.0,PS_044,,,2.3951363680187066
30.10250268891567,1.204500079154968,2025-03-01T15:00:00Z,3,3,3,3,3,3,1,0,0,3,1186.6957096049641,83.08318819615022,,,,,,,,53.98871118837847,1214.6739718432245,0.0,PS_044,,,2.972159156823216
30.451966396606128,1.2045000791549685,2025-03-01T15:15:00Z,4,4,4,4,4,4,1,0,0,4,439.5788080054937,41.42563187932106,,,,,,,,50.12445403883243,439.03776501755624,0.0,PS_044,,,3.3924766479623227
29.81047043338828,1.2045000791549683,2025-03-01T15:30:00Z,3,3,3,3,3,3,1,0,0,3,1076.6751519581128,99.25382689635634,,,,,,,,46.17674133927503,1095.2048283958159,0.0,PS_044,,,4.011428035047258
29.71074916712895,1.2045000791549683,2025-03-01T15:45:00Z,4,4,4,4,4,4,1,0,0,4,671.8909998497345,67.98073896952607,,,,,,,,41.864037602888,677.2173415046245,0.0,PS_044,,,2.8987450074579577
29.694935284081957,1.2045000791549683,2025-03-01T16:00:00Z,4,4,4,4,4,4,1,0,0,4,618.0792183771139,58.4548877427204,,,,,,,,39.60114651519978,630.7632425527252,0.0,PS_044,,,2.1053017241822256
29.88664229384318,1.2045000791549683,2025-03-01T16:15:00Z,3,3,3,3,3,3,1,0,0,3,500.9848515327341,48.905579155172745,,,,,,,,41.49984675941292,513.6025199954425,0.0,PS_044,,,2.4015994473758835
30.76002592184289,1.204500079154968,2025-03-01T16:30:00Z,4,4,4,4,4,4,1,0,0,4,548.9329838575743,53.265249376598575,,,,,,,,45.584334345979336,562.1545213285086,0.0,PS_044,,,3.525573182933438
30.75315167198393,1.2045000791549685,2025-03-01T16:45:00Z,3,3,3,3,3,3,1,0,0,3,545.5996256090239,52.761159469899845,,,,,,,,42.574710855124586,584.8788746801954,0.0,PS_044,,,3.844560391054587
31.828057463213145,1.204500079154968,2025-03-01T17:00:00Z,4,4,4,4,4,4,1,0,0,4,1070.2576090652963,88.47367105115322,,,,,,,,48.24656256808195,1176.5050839881246,0.0,PS_044,,,3.367830797877865
32.35948891685683,1.2045000791549683,2025-03-01T17:15:00Z,4,4,4,4,4,4,1,0,0,4,1001.0401623996074,87.80096226985685,,,,,,,,51.25982773837787,1139.339990818113,0.0,PS_044,,,3.661493375350245
32.9258793635856,1.204500079154968,2025-03-01T17:30:00Z,3,3,3,3,3,3,1,0,0,3,931.8418624625409,85.72259822903297,,,,,,,,54.31637512074852,1069.1659584450867,0.0,PS_044,,,1.6140874092871873
31.27000245292091,1.2045000791549683,2025-03-01T17:45:00Z,4,4,4,4,4,4,1,0,0,4,798.1517575446652,70.01210601271171,,,,,,,,44.24166312167779,933.3776663827846,0.0,PS_044,,,2.2736660175221197
31.863824468353766,1.2045000791549683,2025-03-01T18:00:00Z,3,3,3,3,3,3,1,0,0,3,542.2128053176357,61.83737463590207,,,,,,,,49.090370610355535,665.9783044348161,0.0,PS_044,,,3.3387236683560477
31.95396622818631,1.2045000791549683,2025-03-01T18:15:00Z,4,4,4,4,4,4,1,0,0,4,399.7441280167215,52.736700803774184,,,,,,,,46.201179940695354,452.8695540823655,0.0,PS_044,,,2.317743665323308
31.284054982047728,1.2045000791549683,2025-03-01T18:30:00Z,4,4,4,4,4,4,1,0,0,4,669.3547556548906,68.1654808127624,,,,,,,,42.93252642008106,973.751267606078,0.0,PS_044,,,1.11859831375309
31.993844986234834,1.2045000791549683,2025-03-01T18:45:00Z,3,3,3,3,3,3,1,0,0,3,688.3800655906559,69.7603287887475,,,,,,,,51.161403909114085,1061.2768499737576,0.0,PS_044,,,1.6168947764576793
32.52132466161446,1.204500079154968,2025-03-01T19:00:00Z,4,4,4,4,4,4,1,0,0,4,646.0904032039398,84.22393415930368,,,,,,,,52.407970124480364,975.9510691657157,0.0,PS_044,,,2.5439624511278387
32.31635851612793,1.2045000791549683,2025-03-01T19:15:00Z,4,4,4,4,4,4,1,0,0,4,451.41856268261944,72.28131149358524,,,,,,,,48.32078491679995,605.9455507127634,0.0,PS_044,,,2.019742832721916
32.02796932206321,1.204500079154968,2025-03-01T19:30:00Z,3,3,3,3,3,3,1,0,0,3,602.6279192683206,80.36352845775671,,,,,,,,47.939881620275834,981.1083363108885,0.0,PS_044,,,2.4619394109715356
31.75101914371898,1.2045000791549683,2025-03-01T19:45:00Z,4,4,4,4,4,4,1,0,0,4,308.71837055914335,48.25718442502829,,,,,,,,41.50651147409273,416.9522422283833,0.0,PS_044,,,1.4080231995147447
31.81598141100948,1.204500079154968,2025-03-01T20:00:00Z,3,3,3,3,3,3,1,0,0,3,435.40721246486174,71.36226395798211,,,,,,,,41.3506008097026,784.6153970005021,0.0,PS_044,,,2.5907739293089795
32.34290569270758,1.204500079154968,2025-03-01T20:15:00Z,4,4,4,4,4,4,1,0,0,4,373.17526729159374,71.10392718118935,,,,,,,,43.249149187388205,703.1653121720941,0.0,PS_044,,,1.5483774191118773
31.303300454390044,1.2045000791549683,2025-03-01T20:30:00Z,4,4,4,4,4,4,1,0,0,4,192.92150522709855,43.92634996482848,,,,,,,,39.58683510986587,376.267415118271,0.0,PS_044,,,2.710373823757592
30.610722609829168,1.2045000791549683,2025-03-01T20:45:00Z,3,3,3,3,3,3,1,0,0,3,175.60795834425466,35.20611287647898,,,,,,,,35.45581718494969,329.0436922376444,0.0,PS_044,,,1.940404125403156
29.634852385452852,1.2045000791549683,2025-03-01T21:00:00Z,4,4,4,4,4,4,1,0,0,4,86.22437856751387,13.744315990826552,,,,,,,,30.702209030347788,115.13575685692918,0.0,PS_044,,,1.3812396151790958
28.845766343459175,1.2045000791549683,2025-03-01T21:15:00Z,4,4,4,4,4,4,1,0,0,4,43.19432342708301,6.4324052975206705,,,,,,,,27.717328092157434,47.48569344317583,0.0,PS_044,,,2.073300883328862
28.383907183259016,1.2045000791549683,2025-03-01T21:30:00Z,3,3,3,3,3,3,1,0,0,3,19.272227313725217,3.048165350555074,,,,,,,,26.32518310223838,19.7748760842381,0.0,PS_044,,,2.3260730674102725
28.06722460744842,1.2045000791549683,2025-03-01T21:45:00Z,4,4,4,4,4,4,1,0,0,4,2.4275285163272393,0.46780713770785387,,,,,,,,25.949530491667993,1.9063283337523256,0.0,PS_044,,,1.3170251136560418
27.72130358152583,1.204500079154968,2025-03-01T22:00:00Z,3,3,3,3,3,3,1,0,0,3,-1.0114675017415151,-0.18333747860362057,,,,,,,,25.447912813916687,-1.1865686293602875,0.0,PS_044,,,1.514638596200616
27.192087139530024,1.2045000791549683,2025-03-01T22:15:00Z,4,4,4,4,4,4,1,0,0,4,-1.1820786604241402,-0.3066698148407305,,,,,,,,24.258630898027434,-1.2566861925533093,0.0,PS_044,,,1.8542170415851194
26.590549293568653,1.2045000791549683,2025-03-01T22:30:00Z,4,4,4,4,4,4,1,0,0,4,-1.2259667193563826,-0.26369119743407776,,,,,,,,23.87298284263442,-1.015478163937646,0.0,PS_044,,,1.3915872373277203
26.317456805566387,1.2045000791549683,2025-03-01T22:45:00Z,3,3,3,3,3,3,1,0,0,3,-1.1387509836794443,-0.3674282836237868,,,,,,,,23.40109218004379,-1.2112498366133981,0.0,PS_044,,,0.5746383767543841
25.723364371717338,1.2045000791549683,2025-03-01T23:00:00Z,4,4,4,4,4,4,1,0,0,4,-1.420181275582512,-0.24906689636533233,,,,,,,,22.92850608148118,-1.1265017835044648,0.0,PS_044,,,1.3199250225606982
25.682978075256994,1.2045000791549685,2025-03-01T23:15:00Z,4,4,4,4,4,4,1,0,0,4,-0.6893554898443311,-0.11883274088545615,,,,,,,,22.86480932471663,-1.129810670445728,0.0,PS_044,,,1.6284985523598459
25.635794890502577,1.2045000791549683,2025-03-01T23:30:00Z,3,3,3,3,3,3,1,0,0,3,-1.081065371305624,-0.3316435934469982,,,,,,,,22.538205701878937,-1.0976664955576942,0.0,PS_044,,,1.5056735322501058
25.203702060911475,1.2045000791549683,2025-03-01T23:45:00Z,4,4,4,4,4,4,1,0,0,4,-1.0795576958899729,-0.23306847783260282,,,,,,,,22.707301282329954,-0.9415491794146367,0.0,PS_044,,,1.677500593632161
25.068363698600137,1.2045000791549683,2025-03-02T00:00:00Z,3,3,3,3,3,3,1,0,0,3,-1.1100143752959264,-0.19550063261599096,,,,,,,,22.31119060742037,-0.9855552425824969,0.0,PS_044,,,0.5415677842096197
24.623645977290753,1.204500079154968,2025-03-02T00:15:00Z,4,4,4,4,4,4,1,0,0,4,-1.0485480428141796,-0.24435393490529478,,,,,,,,22.143524100631456,-0.9926216196129471,0.0,PS_044,,,1.19301828664562
24.425043396528473,1.2045000791549683,2025-03-02T00:30:00Z,4,4,4,4,4,4,1,0,0,4,-1.0801735009776068,-0.30573434843734104,,,,,,,,21.799999237060547,-1.0608535904875287,0.0,PS_044,,,0.7954566128699787
24.486120526223807,1.2045000791549683,2025-03-02T00:45:00Z,3,3,3,3,3,3,1,0,0,3,-0.978898038409526,-0.103778791115466,,,,,,,,21.5,-1.0092126310727305,0.0,PS_044,,,0.0730101510226085
24.350609748964498,1.2045000791549685,2025-03-02T01:00:00Z,4,4,4,4,4,4,1,0,0,4,-1.118571970797022,-0.19717216998037604,,,,,,,,21.200000762939457,-1.0742985812414407,0.0,PS_044,,,0.4603012075071837
23.704669559096683,1.2045000791549683,2025-03-02T01:15:00Z,4,4,4,4,4,4,1,0,0,4,-1.2754264372194857,-0.2108941556687045,,,,,,,,20.778376959598614,-1.240254499265854,0.0,PS_044,,,0.18431972076402192
23.677655938026227,1.2045000791549685,2025-03-02T01:30:00Z,3,3,3,3,3,3,1,0,0,3,-1.1608709633970646,-0.191403842855214,,,,,,,,20.468542040711537,-1.1463044636018036,0.0,PS_044,,,0.09803209110813008
23.22073278616246,1.2045000791549683,2025-03-02T01:45:00Z,4,4,4,4,4,4,1,0,0,4,-1.2070092592276225,-0.06954865137233322,,,,,,,,20.399999618530277,-1.1689220572491024,0.0,PS_044,,,0.41998754171046765
22.968954311108796,1.2045000791549685,2025-03-02T02:00:00Z,3,3,3,3,3,3,1,0,0,3,-0.9628385070277116,-0.15423749964679145,,,,,,,,20.17983100719741,-1.1071306506063805,0.0,PS_044,,,0.19379205208504993
22.960326575989143,1.2045000791549685,2025-03-02T02:15:00Z,4,4,4,4,4,4,1,0,0,4,-1.0851349292728096,-0.03364765878731287,,,,,,,,20.225967743873376,-1.0582881963679083,0.0,PS_044,,,0.5258204466100833
23.417111636281792,1.2045000791549683,2025-03-02T02:30:00Z,4,4,4,4,4,4,1,0,0,4,-1.0074795965603487,-0.09067087943337541,,,,,,,,20.283895559012816,-0.9981022024423596,0.0,PS_044,,,0.09745337001232422
22.66805023528552,1.2045000791549683,2025-03-02T02:45:00Z,3,3,3,3,3,3,1,0,0,3,-1.1136994679932466,-0.08065549811849183,,,,,,,,19.698687637071046,-1.2393472586949477,0.0,PS_044,,,0.0
22.80058439457181,1.2045000791549683,2025-03-02T03:00:00Z,4,4,4,4,4,4,1,0,0,4,-0.9426023273488989,-0.068580265682299,,,,,,,,19.75744054746447,-0.9582028498642398,0.0,PS_044,,,0.028754969480808742
22.40198125384549,1.2045000791549685,2025-03-02T03:15:00Z,3,3,3,3,3,3,1,0,0,3,-0.877741381800132,-0.14447485286802714,,,,,,,,19.60000038146973,-1.0578199159239314,0.0,PS_044,,,0.09142436205473682
22.145400968061015,1.204500079154968,2025-03-02T03:30:00Z,4,4,4,4,4,4,1,0,0,4,-0.9749292146116985,-0.24782835827960426,,,,,,,,19.633326478998896,-1.0045080111248859,0.0,PS_044,,,0.10330334138688874
22.35084421355516,1.2045000791549683,2025-03-02T03:45:00Z,4,4,4,4,4,4,1,0,0,4,-0.7782996090620306,-0.19526874361099297,,,,,,,,19.600000381469727,-1.0343860923677346,0.0,PS_044,,,0.0
22.17561658976186,1.2045000791549683,2025-03-02T04:00:00Z,3,3,3,3,3,3,1,0,0,3,-0.849302560143865,-0.1473027209709006,,,,,,,,19.460367245649202,-0.9729999305706182,0.0,PS_044,,,0.026587373949539236
22.362775031049743,1.2045000791549683,2025-03-02T04:15:00Z,4,4,4,4,4,4,1,0,0,4,-0.4588376482745276,-0.18326606588882652,,,,,,,,19.399999618530277,-0.9859733066346588,0.0,PS_044,,,0.07444586278146528
22.35845547720613,1.2045000791549683,2025-03-02T04:30:00Z,4,4,4,4,4,4,1,0,0,4,-0.9070864454704131,-0.1190238322424198,,,,,,,,19.399999618530273,-1.013129861271873,0.0,PS_044,,,0.024381532984877427
22.51658738472525,1.2045000791549685,2025-03-02T04:45:00Z,3,3,3,3,3,3,1,0,0,3,-1.0580108710793965,-0.07162861653750675,,,,,,,,19.336503701101883,-0.9338194617777197,0.0,PS_044,,,0.20365268600975545
21.910417280141754,1.204500079154968,2025-03-02T05:00:00Z,4,4,4,4,4,4,1,0,0,4,-0.9357284664719352,-0.2920536752759791,,,,,,,,19.189708071862356,-1.0637367120974237,0.0,PS_044,,,0.012628261907008423
22.143004102848515,1.2045000791549683,2025-03-02T05:15:00Z,3,3,3,3,3,3,1,0,0,3,-1.030613441115731,-0.1623604599705886,,,,,,,,19.290378432141182,-0.9250242650229494,0.0,PS_044,,,0.09402975230765531
21.883704992957615,1.2045000791549683,2025-03-02T05:30:00Z,4,4,4,4,4,4,1,0,0,4,-0.7191096566220662,-0.0840982093668621,,,,,,,,19.172180505682213,-0.954554080854656,0.0,PS_044,,,0.17981438300604258
21.89060326875396,1.204500079154968,2025-03-02T05:45:00Z,4,4,4,4,4,4,1,0,0,4,-0.879164780863888,-0.17558768154177287,,,,,,,,19.22224333481754,-1.0044117002490303,0.0,PS_044,,,0.06988821347045786
21.717106245494453,1.204500079154968,2025-03-02T06:00:00Z,3,3,3,3,3,3,1,0,0,3,-0.9259610926507488,-0.11655285374420979,,,,,,,,18.884003792553646,-1.1060092858189132,0.0,PS_044,,,0.35031416102945234
21.575369249245878,1.2045000791549683,2025-03-02T06:15:00Z,4,4,4,4,4,4,1,0,0,4,-0.84558568407466,-0.22825596066338324,,,,,,,,18.627707929195154,-1.0828457712898338,0.0,PS_044,,,0.014130929933557664
21.39079777263589,1.2045000791549683,2025-03-02T06:30:00Z,4,4,4,4,4,4,1,0,0,4,-0.8611837305693126,-0.18420360225898263,,,,,,,,18.49395133151698,-1.080675125906589,0.0,PS_044,,,0.04372962106810058
21.67250522440535,1.2045000791549683,2025-03-02T06:45:00Z,3,3,3,3,3,3,1,0,0,3,-1.085279244288038,-0.14621797443646573,,,,,,,,18.29999923706055,-1.0144807805755198,0.0,PS_044,,,0.0
21.43909679905538,1.204500079154968,2025-03-02T07:00:00Z,4,4,4,4,4,4,1,0,0,4,-0.989287968521283,-0.26257324897281387,,,,,,,,18.151864601167915,-1.218470545207595,0.0,PS_044,,,0.1352137101462984
21.55782065885781,1.2045000791549683,2025-03-02T07:15:00Z,3,3,3,3,3,3,1,0,0,3,-1.1487871530724445,-0.0336339656803485,,,,,,,,18.63599976469167,-1.1987746884152937,0.0,PS_044,,,0.2641340782453213
21.83307047604555,1.2045000791549683,2025-03-02T07:30:00Z,4,4,4,4,4,4,1,0,0,4,-1.2109091520054907,-0.17028341713641693,,,,,,,,18.929390010441146,-1.133805659387597,0.0,PS_044,,,1.0697244635438146
21.228605907668477,1.2045000791549683,2025-03-02T07:45:00Z,4,4,4,4,4,4,1,0,0,4,-1.0966589784099998,-0.2653901699758035,,,,,,,,18.384070760782297,-1.0480510012275657,0.0,PS_044,,,0.7981409831506671
21.61446411417845,1.2045000791549685,2025-03-02T08:00:00Z,8,8,8,8,8,8,1,0,0,8,-1.2924080598273506,-0.12216101049706488,,,,,,,,18.61994481944041,-1.2001386539170011,0.0,PS_044,,,0.47071870173977026
21.456263020629137,1.204500079154968,2025-03-02T08:15:00Z,15,15,15,15,15,15,1,0,0,15,-1.3169470952153948,-0.14811131688810686,,,,,,,,18.60912826070007,-1.1183553971336153,0.0,PS_044,,,1.2696842005609128
21.31721866355939,1.2045000791549683,2025-03-02T08:30:00Z,15,15,15,15,15,15,1,0,0,15,-1.2733164933347334,-0.2783162251325124,,,,,,,,18.04121884034029,-1.1352172957216198,0.0,PS_044,,,0.7776884257511224
21.270418175187014,1.2045000791549683,2025-03-02T08:45:00Z,15,15,15,15,15,15,1,0,0,15,-1.114017323505098,-0.2277613546916167,,,,,,,,18.432043856301423,-1.024156631931719,0.0,PS_044,,,1.4817558035319693
21.295541559466884,1.2045000791549683,2025-03-02T09:00:00Z,9,9,9,9,9,9,1,0,0,9,-0.45371121010366755,-0.07045330628401611,,,,,,,,18.500948584579316,-0.1469001656748478,0.0,PS_044,,,0.4499482697745982
21.03573576940033,1.2045000791549683,2025-03-02T09:15:00Z,4,4,4,4,4,4,1,0,0,4,2.4030314863548705,0.2986808570434417,,,,,,,,18.558814701574253,4.101957261269311,0.0,PS_044,,,1.054088275093964
21.243531494447556,1.2045000791549683,2025-03-02T09:30:00Z,4,4,4,4,4,4,1,0,0,4,10.777464113023171,1.0633022778323211,,,,,,,,18.823022474848145,10.905811799262466,0.0,PS_044,,,1.1863469045072081
21.15557835608724,1.2045000791549683,2025-03-02T09:45:00Z,3,3,3,3,3,3,1,0,0,3,20.256801086157456,2.0129062223650913,,,,,,,,18.85966584337709,20.784770156145,0.0,PS_044,,,1.5081272139720612
21.224268611965556,1.2045000791549683,2025-03-02T10:00:00Z,4,4,4,4,4,4,1,0,0,4,39.42437299808085,4.405386193478954,,,,,,,,19.123773380634884,40.023675443319014,0.0,PS_044,,,1.134028696199599
21.418749446035807,1.2045000791549685,2025-03-02T10:15:00Z,3,3,3,3,3,3,1,0,0,3,68.6052333077378,7.717811610040958,,,,,,,,19.920196947551325,69.85905725181462,0.0,PS_044,,,1.2496237966999477
21.741527492171507,1.2045000791549683,2025-03-02T10:30:00Z,4,4,4,4,4,4,1,0,0,4,104.76430284381567,11.791460485836097,,,,,,,,21.294988236835888,109.87985427244101,0.0,PS_044,,,0.8963907005247276
21.98443405916616,1.2045000791549683,2025-03-02T10:45:00Z,4,4,4,4,4,4,1,0,0,4,136.33153416183538,16.67564051058351,,,,,,,,22.781923380163946,149.81492933345112,0.0,PS_044,,,0.32654445546545874
22.458152845817263,1.2045000791549683,2025-03-02T11:00:00Z,3,3,3,3,3,3,1,0,0,3,193.47442844275022,27.857353464034865,,,,,,,,25.51789833042051,253.88259230643342,0.0,PS_044,,,1.5114828633077666
22.50859379273026,1.204500079154968,2025-03-02T11:15:00Z,4,4,4,4,4,4,1,0,0,4,166.00833249924864,38.465962924769435,,,,,,,,25.473214875443812,135.36575297881427,0.0,PS_044,,,1.2759787840360766
23.53413876190498,1.2045000791549685,2025-03-02T11:30:00Z,3,3,3,3,3,3,1,0,0,3,217.95061967430968,50.01404632874088,,,,,,,,26.142115283061084,166.7265755370647,0.0,PS_044,,,0.9290716541059484
23.805262994375187,1.2045000791549683,2025-03-02T11:45:00Z,4,4,4,4,4,4,1,0,0,4,261.3827917283539,60.21071038719736,,,,,,,,27.340976753211688,213.1123931245988,0.0,PS_044,,,2.769982375919226
24.235622417265425,1.2045000791549683,2025-03-02T12:00:00Z,4,4,4,4,4,4,1,0,0,4,434.21386682403,70.6366266105662,,,,,,,,29.780227403906483,478.6306223903336,0.0,PS_044,,,4.53880444699243
26.507660730465982,1.2045000791549683,2025-03-02T12:15:00Z,3,3,3,3,3,3,1,0,0,3,932.4353601973003,97.08906933684068,,,,,,,,46.57460606971101,1216.5491431989778,0.0,PS_044,,,3.983029910061278
26.80803732020572,1.2045000791549685,2025-03-02T12:30:00Z,4,4,4,4,4,4,1,0,0,4,560.0821065032414,62.443758917168566,,,,,,,,43.786132795152724,692.8351143814891,0.0,PS_044,,,1.5935199431607836
26.018438083592383,1.2045000791549683,2025-03-02T12:45:00Z,4,4,4,4,4,4,1,0,0,4,661.6848686037114,67.3180762243516,,,,,,,,38.83019831981172,808.436925172529,0.0,PS_044,,,2.662500145691356
28.194107182009894,1.2045000791549683,2025-03-02T13:00:00Z,3,3,3,3,3,3,1,0,0,3,593.6346891985078,66.263347759047,,,,,,,,48.433546236341506,679.5895336458835,0.0,PS_044,,,3.130617118315745
26.947648453069466,1.2045000791549683,2025-03-02T13:15:00Z,4,4,4,4,4,4,1,0,0,4,658.6629800060325,73.61332304085678,,,,,,,,43.522074002429584,710.2530114682543,0.0,PS_044,,,3.1564075944247723
28.60876675704248,1.2045000791549683,2025-03-02T13:30:00Z,3,3,3,3,3,3,1,0,0,3,559.6882538408332,63.092104324111766,,,,,,,,47.72736675715603,589.0756656318644,0.0,PS_044,,,2.4395853033062607
29.248273782530983,1.2045000791549683,2025-03-02T13:45:00Z,4,4,4,4,4,4,1,0,0,4,978.574319356716,89.81906691187284,,,,,,,,45.81434021262684,1028.4969801272923,0.0,PS_044,,,2.03953079164467
29.94210597378271,1.2045000791549685,2025-03-02T14:00:00Z,4,4,4,4,4,4,1,0,0,4,946.8725892629412,88.40456098590676,,,,,,,,52.03797773256955,987.2521540233739,0.0,PS_044,,,3.716707850306959
29.750102697869778,1.2045000791549685,2025-03-02T14:15:00Z,3,3,3,3,3,3,1,0,0,3,534.1376874192233,52.065507808168896,,,,,,,,44.75550576522391,540.75025044177,0.0,PS_044,,,1.758954575059924
30.43227037108451,1.2045000791549683,2025-03-02T14:30:00Z,4,4,4,4,4,4,1,0,0,4,701.3857105937794,65.5253429280808,,,,,,,,47.72560536833113,712.0810346925507,0.0,PS_044,,,2.925585656769073
31.306168597208465,1.2045000791549685,2025-03-02T14:45:00Z,3,3,3,3,3,3,1,0,0,3,684.0794821133204,63.73714224521233,,,,,,,,52.56908011076612,703.1403672781337,0.0,PS_044,,,3.3021815361125952
28.922227310656016,1.204500079154968,2025-03-02T15:00:00Z,4,4,4,4,4,4,1,0,0,4,471.2402171156379,50.33117845520711,,,,,,,,43.61024754148185,482.1795635714951,0.0,PS_044,,,3.564765364813797
30.43544009166105,1.2045000791549685,2025-03-02T15:15:00Z,4,4,4,4,4,4,1,0,0,4,1129.4009083476394,101.18217803150347,,,,,,,,50.71039561184205,1130.31296259386,0.0,PS_044,,,5.062676303823274
30.208215098168374,1.204500079154968,2025-03-02T15:30:00Z,3,3,3,3,3,3,1,0,0,3,433.6773243539451,43.841062339408886,,,,,,,,54.30079587482693,431.55941399086356,0.0,PS_044,,,5.0401699025936395
29.207914006778193,1.2045000791549683,2025-03-02T15:45:00Z,4,4,4,4,4,4,1,0,0,4,589.7216275585865,58.732276257965346,,,,,,,,42.63107000521209,600.0258851352819,0.0,PS_044,,,2.986860133502971
29.310606852383252,1.2045000791549683,2025-03-02T16:00:00Z,3,3,3,3,3,3,1,0,0,3,699.3124708258347,73.02572154451744,,,,,,,,40.339208968321806,700.6249350514325,0.0,PS_044,,,2.94426292853866
30.009100337284234,1.2045000791549683,2025-03-02T16:15:00Z,4,4,4,4,4,4,1,0,0,4,754.7989141881577,79.05934519312889,,,,,,,,41.56016522155827,755.1787618209527,0.0,PS_044,,,3.824728262495558
29.81610333584385,1.2045000791549683,2025-03-02T16:30:00Z,4,4,4,4,4,4,1,0,0,4,660.1176375824367,73.93007547816671,,,,,,,,40.37807096938363,657.5896508144899,0.0,PS_044,,,3.149111002812499
30.025514959424008,1.2045000791549685,2025-03-02T16:45:00Z,3,3,3,3,3,3,1,0,0,3,691.5426926304291,78.20081423900938,,,,,,,,38.162189251420145,690.7109324395091,0.0,PS_044,,,3.4054222845958395
30.5583563746761,1.2045000791549683,2025-03-02T17:00:00Z,4,4,4,4,4,4,1,0,0,4,641.4112538050179,77.86876944167561,,,,,,,,42.60782429711403,631.5801753554607,0.0,PS_044,,,3.3717317943962546
30.266055828669966,1.2045000791549685,2025-03-02T17:15:00Z,4,4,4,4,4,4,1,0,0,4,765.9090871681478,82.67234661979576,,,,,,,,39.704322798231686,759.9417819442266,0.0,PS_044,,,2.24677674756537
30.06218201828866,1.2045000791549683,2025-03-02T17:30:00Z,3,3,3,3,3,3,1,0,0,3,422.15956604795423,52.83890137544472,,,,,,,,37.74094676023598,410.9180989891559,0.0,PS_044,,,3.4265405831021227
29.03959516866184,1.2045000791549683,2025-03-02T17:45:00Z,4,4,4,4,4,4,1,0,0,4,169.74696846765502,29.454773640769417,,,,,,,,33.45616533366653,159.01007911616628,0.0,PS_044,,,1.9164808030104372
29.11726843964809,1.204500079154968,2025-03-02T18:00:00Z,3,3,3,3,3,3,1,0,0,3,318.76981276931724,52.67666351226159,,,,,,,,32.32359002728792,291.9716195701567,0.0,PS_044,,,1.5041796153892704
30.121960977739406,1.204500079154968,2025-03-02T18:15:00Z,4,4,4,4,4,4,1,0,0,4,569.3768727103842,83.12606668914118,,,,,,,,38.036491839305235,613.8011751112819,0.0,PS_044,,,1.711253433177076
30.586592447325152,1.2045000791549683,2025-03-02T18:30:00Z,4,4,4,4,4,4,1,0,0,4,465.75551579369903,76.43750615454303,,,,,,,,41.595381414179556,489.1139451074676,0.0,PS_044,,,1.6589055671423503
29.84810493783865,1.2045000791549685,2025-03-02T18:45:00Z,3,3,3,3,3,3,1,0,0,3,300.952106466191,62.388225879585995,,,,,,,,35.735873878214264,256.29451475619487,0.0,PS_044,,,2.4114196529544643
29.567076201995008,1.2045000791549683,2025-03-02T19:00:00Z,4,4,4,4,4,4,1,0,0,4,296.99176046284356,59.40355678980747,,,,,,,,34.27254975631586,264.47785383671714,0.0,PS_044,,,1.0430854333701673
29.005006613532746,1.2045000791549683,2025-03-02T19:15:00Z,3,3,3,3,3,3,1,0,0,3,212.907185580773,49.855273079683236,,,,,,,,32.173021935727775,159.98505104242057,0.0,PS_044,,,1.4118416427879665
28.488530933504727,1.2045000791549683,2025-03-02T19:30:00Z,4,4,4,4,4,4,1,0,0,4,166.74096046621577,39.263313725704336,,,,,,,,30.023143188698374,114.19992695063578,0.0,PS_044,,,1.6809705417518706
27.715738808503055,1.2045000791549683,2025-03-02T19:45:00Z,4,4,4,4,4,4,1,0,0,4,131.6034506050678,23.610931885660477,,,,,,,,28.64352221553131,107.24100770082437,0.0,PS_044,,,1.1401854114436394
27.245549942956153,1.2045000791549683,2025-03-02T20:00:00Z,3,3,3,3,3,3,1,0,0,3,109.27055087750648,16.52327850337861,,,,,,,,27.42011211526694,96.96468037351771,0.0,PS_044,,,2.345123355831656
26.949785721568983,1.2045000791549683,2025-03-02T20:15:00Z,4,4,4,4,4,4,1,0,0,4,99.13995082914164,13.504903987396457,,,,,,,,26.77994921595839,95.53814159720586,0.0,PS_044,,,1.4679555180409043
26.854761237833106,1.2045000791549685,2025-03-02T20:30:00Z,4,4,4,4,4,4,1,0,0,4,111.18408970083591,15.17246130826085,,,,,,,,26.697179248280893,125.29002388488092,0.0,PS_044,,,1.767132007648615
26.948103815214214,1.2045000791549685,2025-03-02T20:45:00Z,3,3,3,3,3,3,1,0,0,3,136.01400634686286,23.104243792481487,,,,,,,,27.615578303521833,216.96944427273885,0.0,PS_044,,,1.8982020126905228
26.486048917627727,1.204500079154968,2025-03-02T21:00:00Z,4,4,4,4,4,4,1,0,0,4,72.27201686266429,9.788869674351584,,,,,,,,26.797873701368456,80.09370057993698,0.0,PS_044,,,2.170878153758477
25.98874774034246,1.2045000791549683,2025-03-02T21:15:00Z,3,3,3,3,3,3,1,0,0,3,31.477617866316773,4.020601280168658,,,,,,,,24.526778564605134,32.61148929527164,0.0,PS_044,,,2.2786117217987067
25.517517001552932,1.2045000791549683,2025-03-02T21:30:00Z,4,4,4,4,4,4,1,0,0,4,5.502685903628346,0.5892971400514263,,,,,,,,23.18198994515685,5.4910327622678565,0.0,PS_044,,,1.0909466595437984
25.187186946996672,1.204500079154968,2025-03-02T21:45:00Z,4,4,4,4,4,4,1,0,0,4,-0.6911101986963772,-0.2002266361457491,,,,,,,,21.93540341071424,-0.827485919126153,0.0,PS_044,,,0.4333035799288947
24.830491609003463,1.2045000791549683,2025-03-02T22:00:00Z,3,3,3,3,3,3,1,0,0,3,-1.2924811265918656,-0.3547556141807813,,,,,,,,21.50851870495817,-1.3007485619555688,0.0,PS_044,,,0.0
24.485161014727616,1.2045000791549685,2025-03-02T22:15:00Z,4,4,4,4,4,4,1,0,0,4,-1.3303478133936812,-0.37174152851627873,,,,,,,,21.098656980375466,-1.3016934633321997,0.0,PS_044,,,0.3032257313694895
24.357081200287315,1.2045000791549683,2025-03-02T22:30:00Z,3,3,3,3,3,3,1,0,0,3,-1.2173161826825605,-0.32916463488762787,,,,,,,,20.751330154699225,-1.2117460288173687,0.0,PS_044,,,0.08349601877636877
24.10968718416471,1.204500079154968,2025-03-02T22:45:00Z,4,4,4,4,4,4,1,0,0,4,-1.4840496877756129,-0.25768041013399223,,,,,,,,20.17580671281563,-1.3835009278397945,0.0,PS_044,,,0.12147771134053924
23.517891642403402,1.2045000791549685,2025-03-02T23:00:00Z,4,4,4,4,4,4,1,0,0,4,-1.599034996227119,-0.35612588370626364,,,,,,,,19.600000381469727,-1.475667568580746,0.0,PS_044,,,0.0
23.225484598672278,1.2045000791549683,2025-03-02T23:15:00Z,3,3,3,3,3,3,1,0,0,3,-1.4985695348358405,-0.38116403562519474,,,,,,,,19.428837357917942,-1.5153180323377138,0.0,PS_044,,,0.0
23.27829120303603,1.2045000791549683,2025-03-02T23:30:00Z,4,4,4,4,4,4,1,0,0,4,-1.4644079075482268,-0.2994995825938731,,,,,,,,19.05265067916908,-1.4602746294432563,0.0,PS_044,,,0.0
22.803267533613578,1.2045000791549685,2025-03-02T23:45:00Z,4,4,4,4,4,4,1,0,0,4,-1.2749169652244976,-0.20293157250942045,,,,,,,,18.871035629551084,-1.4569408780696385,0.0,PS_044,,,0.3451542628210631
22.72848648269749,1.204500079154968,2025-03-03T00:00:00Z,3,3,3,3,3,3,1,0,0,3,-1.3884864894275635,-0.19658753230892045,,,,,,,,18.5,-1.703829881805317,0.0,PS_044,,,0.0
22.67560056898797,1.2045000791549683,2025-03-03T00:15:00Z,4,4,4,4,4,4,1,0,0,4,-1.2375510277541661,-0.17582416993830988,,,,,,,,18.55469096737206,-1.5541916552743003,0.0,PS_044,,,0.20233645619591198
22.982730049045458,1.2045000791549683,2025-03-03T00:30:00Z,3,3,3,3,3,3,1,0,0,3,-1.4293041506742528,-0.17319630738338956,,,,,,,,18.540190495289544,-1.0853491359136285,0.0,PS_044,,,0.0
22.504607789605288,1.2045000791549683,2025-03-03T00:45:00Z,4,4,4,4,4,4,1,0,0,4,-1.3383009568889663,-0.16056253348972183,,,,,,,,18.40969100776557,-1.329222201224255,0.0,PS_044,,,0.10727043183252051
22.053993527588425,1.2045000791549683,2025-03-03T01:00:00Z,4,4,4,4,4,4,1,0,0,4,-1.1897105436404736,-0.1425690004734865,,,,,,,,18.600000381469727,-1.3674498003635545,0.0,PS_044,,,0.13333820076055614
22.384744564045363,1.2045000791549685,2025-03-03T01:15:00Z,3,3,3,3,3,3,1,0,0,3,-1.0283748856085453,-0.19992327413139271,,,,,,,,18.63165410890992,-1.22185603493606,0.0,PS_044,,,0.0
21.792597051013487,1.2045000791549685,2025-03-03T01:30:00Z,4,4,4,4,4,4,1,0,0,4,-1.3254679412721333,-0.3271816023704252,,,,,,,,18.176468709838076,-1.4450389480230936,0.0,PS_044,,,0.0
21.299614920059923,1.2045000791549683,2025-03-03T01:45:00Z,4,4,4,4,4,4,1,0,0,4,-1.0469483600325378,-0.11761920833068237,,,,,,,,18.04716318750832,-1.2012765761635018,0.0,PS_044,,,0.1444072869071174
21.46677746680382,1.2045000791549685,2025-03-03T02:00:00Z,3,3,3,3,3,3,1,0,0,3,-1.188056079906435,-0.27479920703282545,,,,,,,,17.847084593562833,-1.4988487962113637,0.0,PS_044,,,0.0
21.257394964133454,1.2045000791549683,2025-03-03T02:15:00Z,4,4,4,4,4,4,1,0,0,4,-1.1572280626213893,-0.21634353049713767,,,,,,,,17.65908992098118,-1.472945060944246,0.0,PS_044,,,0.0
21.39333039979045,1.2045000791549683,2025-03-03T02:30:00Z,3,3,3,3,3,3,1,0,0,3,-1.0715020933148565,-0.040997354001304394,,,,,,,,17.799999237060547,-1.3682501744737805,0.0,PS_044,,,0.0
21.482909580368887,1.2045000791549683,2025-03-03T02:45:00Z,4,4,4,4,4,4,1,0,0,4,-0.9853859935906197,-0.1076830818628772,,,,,,,,17.949088361547073,-1.3291215360249442,0.0,PS_044,,,0.02138280629301233
21.421453888676837,1.2045000791549683,2025-03-03T03:00:00Z,4,4,4,4,4,4,1,0,0,4,-1.1980642513188546,-0.2526578758434328,,,,,,,,17.9147708364586,-1.2915455055877543,0.0,PS_044,,,0.10847877767563313
21.488628404411937,1.2045000791549685,2025-03-03T03:15:00Z,3,3,3,3,3,3,1,0,0,3,-1.0676811150970602,-0.1516569558295875,,,,,,,,17.799999237060547,-1.1529670132951066,0.0,PS_044,,,0.04880606282284232
21.313222102028753,1.2045000791549683,2025-03-03T03:30:00Z,4,4,4,4,4,4,1,0,0,4,-1.1546601427236625,-0.22560897166582483,,,,,,,,17.68879664192781,-1.340616199150401,0.0,PS_044,,,0.05971241915496754
20.95757080257942,1.2045000791549683,2025-03-03T03:45:00Z,3,3,3,3,3,3,1,0,0,3,-1.1133407213968904,-0.1425961747721158,,,,,,,,17.79999923706055,-1.3352900713311058,0.0,PS_044,,,0.0
21.049497174041996,1.2045000791549683,2025-03-03T04:00:00Z,4,4,4,4,4,4,1,0,0,4,-1.017471275528515,-0.1546031756007526,,,,,,,,17.83233141738683,-1.2644883813284666,0.0,PS_044,,,0.0
20.979717435930123,1.204500079154968,2025-03-03T04:15:00Z,4,4,4,4,4,4,1,0,0,4,-1.0605696308390817,-0.06818889874331423,,,,,,,,17.853159566772348,-1.1936510691417372,0.0,PS_044,,,0.04784411613096602
20.82224755107661,1.2045000791549683,2025-03-03T04:30:00Z,3,3,3,3,3,3,1,0,0,3,-0.8528600167253383,-0.2247141719717108,,,,,,,,17.799999237060547,-1.1093633798036682,0.0,PS_044,,,0.0
20.463440016273996,1.204500079154968,2025-03-03T04:45:00Z,4,4,4,4,4,4,1,0,0,4,-1.1967083703820205,-0.21832099583879616,,,,,,,,17.338224246736036,-1.2700461475835343,0.0,PS_044,,,0.0
20.210099867557595,1.2045000791549683,2025-03-03T05:00:00Z,3,3,3,3,3,3,1,0,0,3,-0.839231033821108,-0.24713714383331217,,,,,,,,17.165456321681834,-1.0122089481503889,0.0,PS_044,,,0.0
19.997751458956724,1.2045000791549683,2025-03-03T05:15:00Z,4,4,4,4,4,4,1,0,0,4,-0.8659803655516203,-0.22223742266070629,,,,,,,,17.20000076293945,-1.1054368945281072,0.0,PS_044,,,0.0
20.027169446533513,1.2045000791549683,2025-03-03T05:30:00Z,4,4,4,4,4,4,1,0,0,4,-0.8640314307376027,-0.17777273307901656,,,,,,,,17.168814031021697,-1.0890718374415325,0.0,PS_044,,,0.0
20.146170593596086,1.2045000791549683,2025-03-03T05:45:00Z,3,3,3,3,3,3,1,0,0,3,-0.8393309684790788,-0.04568638902562911,,,,,,,,17.45581004237615,-0.996580741758873,0.0,PS_044,,,0.0
20.04608465846936,1.2045000791549683,2025-03-03T06:00:00Z,4,4,4,4,4,4,1,0,0,4,-0.7947939610591849,-0.20149653922921695,,,,,,,,17.5,-0.9358923192434795,0.0,PS_044,,,0.0
20.183346312259694,1.2045000791549683,2025-03-03T06:15:00Z,4,4,4,4,4,4,1,0,0,4,-0.8329960345482665,0.01921022189121951,,,,,,,,17.428118721626877,-0.9300587006524815,0.0,PS_044,,,0.0
19.7898239037912,1.2045000791549683,2025-03-03T06:30:00Z,3,3,3,3,3,3,1,0,0,3,-0.7449961323524386,-0.23394914842802145,,,,,,,,17.0411729699949,-1.0049749352474908,0.0,PS_044,,,0.0
19.699094969743825,1.2045000791549683,2025-03-03T06:45:00Z,4,4,4,4,4,4,1,0,0,4,-0.859632748358445,-0.213547509347585,,,,,,,,17.0986165540736,-0.9818365122603585,0.0,PS_044,,,0.0
19.750677034413,1.2045000791549683,2025-03-03T07:00:00Z,3,3,3,3,3,3,1,0,0,3,-0.8739869398449278,-0.13765741197922166,,,,,,,,17.0,-0.9436725603908175,0.0,PS_044,,,0.0
19.801505329363437,1.2045000791549685,2025-03-03T07:15:00Z,4,4,4,4,4,4,1,0,0,4,-0.9031113249115387,-0.14934011848520581,,,,,,,,17.175047457793937,-0.9500093109255373,0.0,PS_044,,,0.40998263395705764
19.764190113167896,1.204500079154968,2025-03-03T07:30:00Z,4,4,4,4,4,4,1,0,0,4,-1.0727136973938012,-0.09900244493424906,,,,,,,,17.149608187121117,-1.1394803581394926,0.0,PS_044,,,0.10450379178803225
19.77313388865735,1.2045000791549683,2025-03-03T07:45:00Z,3,3,3,3,3,3,1,0,0,3,-1.168783251518809,0.055442995799455407,,,,,,,,16.94838664244035,-1.134274050134088,0.0,PS_044,,,0.0
19.07409095007081,1.2045000791549683,2025-03-03T08:00:00Z,9,9,9,9,9,9,1,0,0,9,-1.0014643446440288,-0.19825559968260323,,,,,,,,16.591213713456522,-1.1347897119380386,0.0,PS_044,,,0.4929840583264922
19.18727650353801,1.2045000791549683,2025-03-03T08:15:00Z,15,15,15,15,15,15,1,0,0,15,-0.881717531354326,-0.14340083093378223,,,,,,,,16.60868150545872,-1.1370959166037435,0.0,PS_044,,,0.12178827091744923
19.047012066024447,1.2045000791549685,2025-03-03T08:30:00Z,15,15,15,15,15,15,1,0,0,15,-0.808463682274374,-0.2000401660067326,,,,,,,,16.362002282520038,-1.0498646998743677,0.0,PS_044,,,0.00512599042806743
19.22092824961628,1.2045000791549683,2025-03-03T08:45:00Z,13,13,13,13,13,13,1,0,0,13,-0.7558732975972762,-0.05568521376355366,,,,,,,,16.311442861717875,-1.0323713023424728,0.0,PS_044,,,0.0
19.10417227639974,1.204500079154968,2025-03-03T09:00:00Z,9,9,9,9,9,9,1,0,0,9,0.07587162042615678,0.005243231234014008,,,,,,,,15.899999618530273,1.0047822435610105,0.0,PS_044,,,0.0
19.147901890796085,1.2045000791549683,2025-03-03T09:15:00Z,4,4,4,4,4,4,1,0,0,4,6.370891488600028,0.5884373015204167,,,,,,,,16.231080573136975,6.7770435670477465,0.0,PS_044,,,0.0
19.56898152268741,1.2045000791549685,2025-03-03T09:30:00Z,3,3,3,3,3,3,1,0,0,3,30.4914769945863,3.201916993873797,,,,,,,,16.471855036568524,29.76248877790478,0.0,PS_044,,,0.0
20.891671153780162,1.204500079154968,2025-03-03T09:45:00Z,4,4,4,4,4,4,1,0,0,4,79.03513798236945,7.028005339130303,,,,,,,,17.658682686362358,101.88484804312964,0.0,PS_044,,,0.0
21.93431833544485,1.2045000791549683,2025-03-03T10:00:00Z,4,4,4,4,4,4,1,0,0,4,132.23792136362445,13.202416364647604,,,,,,,,19.790795383694284,170.98085866921556,0.0,PS_044,,,0.0
21.864265859772896,1.2045000791549683,2025-03-03T10:15:00Z,3,3,3,3,3,3,1,0,0,3,193.70164088366255,12.463631695652925,,,,,,,,21.204138740700166,311.5683753218926,0.0,PS_044,,,1.2200129808363998
22.692228518926914,1.2045000791549683,2025-03-03T10:30:00Z,4,4,4,4,4,4,1,0,0,4,276.82179595904773,22.279844941221285,,,,,,,,25.46431932046069,488.8420553783208,0.0,PS_044,,,1.3573171902833496
23.558318708703762,1.204500079154968,2025-03-03T10:45:00Z,4,4,4,4,4,4,1,0,0,4,358.4970353746898,40.76953351740926,,,,,,,,33.00377273752429,690.8818877218297,0.0,PS_044,,,1.7565662770417116
24.33514295190396,1.2045000791549685,2025-03-03T11:00:00Z,3,3,3,3,3,3,1,0,0,3,416.4284115599977,53.73110337873668,,,,,,,,40.190891702674676,794.9692664205451,0.0,PS_044,,,2.835954487574298
24.70873635183679,1.204500079154968,2025-03-03T11:15:00Z,4,4,4,4,4,4,1,0,0,4,452.4935604971675,56.66569240310833,,,,,,,,43.07988546243536,846.4530517955336,0.0,PS_044,,,2.651011944813553
25.43987503339647,1.2045000791549683,2025-03-03T11:30:00Z,3,3,3,3,3,3,1,0,0,3,505.0363685219821,60.67141490420921,,,,,,,,43.16431922478929,856.9256234538706,0.0,PS_044,,,3.496203433300089
26.131840620377364,1.2045000791549683,2025-03-03T11:45:00Z,4,4,4,4,4,4,1,0,0,4,566.3316017765774,64.31084799666911,,,,,,,,44.623837495804445,877.4678850551292,0.0,PS_044,,,3.2741245010251077
26.534714447710947,1.204500079154968,2025-03-03T12:00:00Z,4,4,4,4,4,4,1,0,0,4,540.522835801675,62.46768432703353,,,,,,,,44.5174442586595,757.9831536372465,0.0,PS_044,,,3.9243956886320306
26.332094719441884,1.2045000791549683,2025-03-03T12:15:00Z,3,3,3,3,3,3,1,0,0,3,612.7073180328103,64.88480186738319,,,,,,,,42.107362535293205,821.8780172048097,0.0,PS_044,,,3.445433465850799
27.113575174781005,1.2045000791549683,2025-03-03T12:30:00Z,4,4,4,4,4,4,1,0,0,4,730.5680718426564,70.48692726946847,,,,,,,,44.85496465788368,950.1783947149205,0.0,PS_044,,,3.665186647007603
27.612338159877527,1.2045000791549685,2025-03-03T12:45:00Z,3,3,3,3,3,3,1,0,0,3,756.7953397526146,73.03250434847133,,,,,,,,45.89174513809738,927.2590875369234,0.0,PS_044,,,2.13750230860617
29.02477691678597,1.2045000791549683,2025-03-03T13:00:00Z,4,4,4,4,4,4,1,0,0,4,768.0562763965709,67.4816243132621,,,,,,,,49.67309518256065,886.8859366200605,0.0,PS_044,,,1.684243108172261
28.127310247472092,1.2045000791549683,2025-03-03T13:15:00Z,4,4,4,4,4,4,1,0,0,4,404.1746798350237,48.47397673881523,,,,,,,,43.622848762309275,435.6419861493914,0.0,PS_044,,,2.462365837507527
29.956394140627964,1.2045000791549683,2025-03-03T13:30:00Z,3,3,3,3,3,3,1,0,0,3,548.7226903276437,66.43185414080298,,,,,,,,49.14530402422398,581.6987896178412,0.0,PS_044,,,3.61809204816669
30.07467180865427,1.2045000791549683,2025-03-03T13:45:00Z,4,4,4,4,4,4,1,0,0,4,1037.5075270195205,88.1845957905226,,,,,,,,51.75372577427585,1131.7807442556843,0.0,PS_044,,,2.822119171021562
29.761433467788986,1.2045000791549685,2025-03-03T14:00:00Z,3,3,3,3,3,3,1,0,0,3,843.2973973509365,67.83801814252438,,,,,,,,50.82432482573438,888.3226481572705,0.0,PS_044,,,4.401990484924051
31.030128633141256,1.2045000791549678,2025-03-03T14:15:00Z,4,4,4,4,4,4,1,0,0,4,608.1994748146548,56.87657148982364,,,,,,,,49.462386244733075,650.4018515613186,0.0,PS_044,,,2.918888610603673
29.85382345206688,1.2045000791549683,2025-03-03T14:30:00Z,4,4,4,4,4,4,1,0,0,4,804.011027793497,71.1256597884794,,,,,,,,44.30119915841459,811.5659562926298,0.0,PS_044,,,2.6267846052666424
31.55137786206243,1.2045000791549683,2025-03-03T14:45:00Z,3,3,3,3,3,3,1,0,0,3,971.3150765447774,84.3492003823689,,,,,,,,51.896892755709466,975.664827775015,0.0,PS_044,,,2.742221042973616
30.478952871790483,1.2045000791549683,2025-03-03T15:00:00Z,4,4,4,4,4,4,1,0,0,4,787.0926641325955,71.63945340511735,,,,,,,,50.02246238132612,790.4295824880113,0.0,PS_044,,,3.673055704430617
31.159375613053193,1.2045000791549683,2025-03-03T15:15:00Z,4,4,4,4,4,4,1,0,0,4,942.0890543178981,71.71300210066147,,,,,,,,53.976527134382366,904.3600274629614,0.0,PS_044,,,2.986471979538996
30.454339549559194,1.2045000791549683,2025-03-03T15:30:00Z,3,3,3,3,3,3,1,0,0,3,504.1987962595703,51.89039892389719,,,,,,,,50.2539021249955,507.5162983463018,0.0,PS_044,,,2.763112441545278
30.437579173107764,1.2045000791549685,2025-03-03T15:45:00Z,4,4,4,4,4,4,1,0,0,4,440.4105105467786,47.53662193677599,,,,,,,,44.127691692082756,445.41891554720206,0.0,PS_044,,,1.6035140545044402
31.120083283514052,1.2045000791549683,2025-03-03T16:00:00Z,3,3,3,3,3,3,1,0,0,3,1185.405476601998,110.65536535170155,,,,,,,,46.51606855733096,1209.357294739755,0.0,PS_044,,,3.1091335502689446
31.391667891483955,1.2045000791549683,2025-03-03T16:15:00Z,4,4,4,4,4,4,1,0,0,4,949.4614340640991,90.50394908211833,,,,,,,,46.93999061613851,986.7340161521727,0.0,PS_044,,,2.86035017260738
31.868917067464167,1.2045000791549683,2025-03-03T16:30:00Z,4,4,4,4,4,4,1,0,0,4,1055.1180491028706,98.58194178033816,,,,,,,,55.082224323600116,1107.5118375691393,0.0,PS_044,,,1.6923721658082045
32.98241403697935,1.2045000791549683,2025-03-03T16:45:00Z,3,3,3,3,3,3,1,0,0,3,849.9997583509661,80.57504143650955,,,,,,,,52.85720255940989,913.4929488213334,0.0,PS_044,,,1.7962505950479073
32.08902194324531,1.2045000791549683,2025-03-03T17:00:00Z,4,4,4,4,4,4,1,0,0,4,710.7817607689913,71.82091052312883,,,,,,,,47.51798300948387,781.9117740657678,0.0,PS_044,,,2.613867448802414
32.40914082289413,1.204500079154968,2025-03-03T17:15:00Z,3,3,3,3,3,3,1,0,0,3,904.167527915559,85.88356425945821,,,,,,,,48.843404183337555,1036.9847738058227,0.0,PS_044,,,2.6916469354984836
32.53999523394789,1.2045000791549683,2025-03-03T17:30:00Z,4,4,4,4,4,4,1,0,0,4,588.5985590547017,62.103405032041145,,,,,,,,45.88632200383199,668.8568770959383,0.0,PS_044,,,3.503975085166233
32.47924378140894,1.2045000791549683,2025-03-03T17:45:00Z,4,4,4,4,4,4,1,0,0,4,576.1665520369634,65.72984139812239,,,,,,,,43.668324542567674,650.3092736850518,0.0,PS_044,,,1.7056847079284252
33.04521224885934,1.2045000791549683,2025-03-03T18:00:00Z,3,3,3,3,3,3,1,0,0,3,516.0127199789065,61.20376375223102,,,,,,,,43.08443665745349,575.6471516755139,0.0,PS_044,,,0.6036398028578499
32.69796910053585,1.2045000791549683,2025-03-03T18:15:00Z,4,4,4,4,4,4,1,0,0,4,300.71146239635124,46.2616299414543,,,,,,,,44.56012702906281,322.897854270313,0.0,PS_044,,,1.4217106921728289
31.51760181602652,1.2045000791549683,2025-03-03T18:30:00Z,4,4,4,4,4,4,1,0,0,4,272.86855546722563,49.229311182740524,,,,,,,,39.272312959942894,254.795581487993,0.0,PS_044,,,0.3554660032625058
30.30717500166452,1.2045000791549685,2025-03-03T18:45:00Z,3,3,3,3,3,3,1,0,0,3,266.2975489947903,46.872548842615345,,,,,,,,37.323247672454144,275.40104118894243,0.0,PS_044,,,0.4281857284374538
29.750854699377843,1.2045000791549685,2025-03-03T19:00:00Z,4,4,4,4,4,4,1,0,0,4,164.76312663289218,39.07718368064102,,,,,,,,35.43136806723701,165.2176092949238,0.0,PS_044,,,0.4187046902085367
29.569353315638654,1.2045000791549685,2025-03-03T19:15:00Z,3,3,3,3,3,3,1,0,0,3,207.78238767040352,42.99473454680866,,,,,,,,33.65112843769425,184.81071040566758,0.0,PS_044,,,1.7790711511255266
29.85708971775045,1.2045000791549685,2025-03-03T19:30:00Z,4,4,4,4,4,4,1,0,0,4,210.28891819220948,40.67872390938934,,,,,,,,34.198066346703676,205.70561169815872,0.0,PS_044,,,1.2023412493965024
29.73437949745813,1.2045000791549683,2025-03-03T19:45:00Z,4,4,4,4,4,4,1,0,0,4,179.69092460840363,25.86118774377385,,,,,,,,34.51442041472377,195.0912877512777,0.0,PS_044,,,0.5701261776155733
29.22197365172804,1.204500079154968,2025-03-03T20:00:00Z,3,3,3,3,3,3,1,0,0,3,131.25298054108177,17.2679753127136,,,,,,,,32.12070594845908,139.3844454064526,0.0,PS_044,,,1.055277552241686
29.155957128773526,1.2045000791549685,2025-03-03T20:15:00Z,4,4,4,4,4,4,1,0,0,4,111.32430302800539,14.525055851128677,,,,,,,,30.695737699643832,122.16826046372647,0.0,PS_044,,,0.4227989182042574
28.66772189152487,1.2045000791549683,2025-03-03T20:30:00Z,4,4,4,4,4,4,1,0,0,4,88.10595299679655,10.073807934551969,,,,,,,,29.291310829780357,88.32001237442371,0.0,PS_044,,,0.20697287060911906
27.96174134354793,1.204500079154968,2025-03-03T20:45:00Z,3,3,3,3,3,3,1,0,0,3,44.43018542704262,5.697594009245391,,,,,,,,27.796704484782914,42.62968191719373,0.0,PS_044,,,2.0605947805743177
26.320705929167126,1.2045000791549683,2025-03-03T21:00:00Z,4,4,4,4,4,4,1,0,0,4,27.34626960406943,3.364275116514014,,,,,,,,25.457164676608997,26.497561118426923,0.0,PS_044,,,3.168228248915939
25.787489975600668,1.2045000791549683,2025-03-03T21:15:00Z,3,3,3,3,3,3,1,0,0,3,8.290612897673507,0.8413804117463994,,,,,,,,24.331966509412933,8.100994176927088,0.0,PS_044,,,0.6054043643229007
25.771822510046636,1.2045000791549683,2025-03-03T21:30:00Z,4,4,4,4,4,4,1,0,0,4,1.3072489629535742,0.17643032897758779,,,,,,,,24.074274173319473,1.397880991506396,0.0,PS_044,,,0.8249859381955881
25.37518170425931,1.2045000791549683,2025-03-03T21:45:00Z,4,4,4,4,4,4,1,0,0,4,-0.43705531357855737,-0.045778922420655524,,,,,,,,23.60780621784839,-0.5111699913452948,0.0,PS_044,,,0.7407472139444014
25.58015135842102,1.2045000791549683,2025-03-03T22:00:00Z,3,3,3,3,3,3,1,0,0,3,-0.9708505267952745,-0.016488284072094996,,,,,,,,23.070119383326194,-1.0000799103036557,0.0,PS_044,,,0.12072879545001178
25.04748346030148,1.2045000791549683,2025-03-03T22:15:00Z,4,4,4,4,4,4,1,0,0,4,-0.9514736422469589,-0.1380125614614864,,,,,,,,22.64199731067373,-1.0684418330846854,0.0,PS_044,,,0.09262908394619053
24.797529955969704,1.2045000791549683,2025-03-03T22:30:00Z,4,4,4,4,4,4,1,0,0,4,-0.7206250597272466,-0.20556706022239493,,,,,,,,22.265733408497848,-1.1446715259293523,0.0,PS_044,,,0.0
24.781494195630817,1.2045000791549683,2025-03-03T22:45:00Z,3,3,3,3,3,3,1,0,0,3,-1.2863602926036006,-0.09237640983754446,,,,,,,,21.799999237060543,-1.4733257042613668,0.0,PS_044,,,0.18049901311111421
24.748788364798067,1.2045000791549683,2025-03-03T23:00:00Z,4,4,4,4,4,4,1,0,0,4,-0.5729028104306837,-0.14195819071199467,,,,,,,,22.036617871551023,-0.8909420677378965,0.0,PS_044,,,0.09862701461488556
25.025787167428838,1.2045000791549683,2025-03-03T23:15:00Z,3,3,3,3,3,3,1,0,0,3,-0.5890101630705462,-0.20357506151753516,,,,,,,,22.29999923706055,-0.6532254006266316,0.0,PS_044,,,0.0
24.686042835136124,1.2045000791549683,2025-03-03T23:30:00Z,4,4,4,4,4,4,1,0,0,4,-1.0744397976910238,-0.20702174393670936,,,,,,,,21.946959053208708,-1.0632641879820255,0.0,PS_044,,,0.0
24.391893373118,1.2045000791549683,2025-03-03T23:45:00Z,4,4,4,4,4,4,1,0,0,4,-1.1087107131148384,-0.17254494625544972,,,,,,,,21.647014122135452,-1.2099422938671918,0.0,PS_044,,,0.0
23.56611292494477,1.204500079154968,2025-03-04T00:00:00Z,3,3,3,3,3,3,1,0,0,3,-1.368753044640039,-0.4061629288083846,,,,,,,,20.481741330734923,-1.4678053152613446,0.0,PS_044,,,0.2688476161179301
23.33399012313988,1.2045000791549683,2025-03-04T00:15:00Z,4,4,4,4,4,4,1,0,0,4,-1.3163942396492865,-0.33544058138179333,,,,,,,,19.899711526970016,-1.541727670371978,0.0,PS_044,,,0.0411270949725668
23.23303973751294,1.2045000791549683,2025-03-04T00:30:00Z,3,3,3,3,3,3,1,0,0,3,-1.323383673452051,-0.20136605522597154,,,,,,,,19.43450321676156,-1.548540629453118,0.0,PS_044,,,0.0
23.09538154016195,1.204500079154968,2025-03-04T00:45:00Z,4,4,4,4,4,4,1,0,0,4,-1.272574407013444,-0.27128773957860736,,,,,,,,19.399999618530273,-1.4792903774602597,0.0,PS_044,,,0.09631530861658048
22.933119030993304,1.204500079154968,2025-03-04T01:00:00Z,4,4,4,4,4,4,1,0,0,4,-1.3680908498964788,-0.17861007478031665,,,,,,,,19.146795204555488,-1.5902981935227787,0.0,PS_044,,,0.0
22.82415384948862,1.2045000791549683,2025-03-04T01:15:00Z,3,3,3,3,3,3,1,0,0,3,-1.1552306709833007,-0.23406974251336493,,,,,,,,18.84610785780917,-1.5053234995871525,0.0,PS_044,,,0.0
22.828829290627382,1.2045000791549683,2025-03-04T01:30:00Z,4,4,4,4,4,4,1,0,0,4,-1.1031233202636053,-0.06759448369581796,,,,,,,,18.921524586802793,-1.3670170480949102,0.0,PS_044,,,0.04936063517608881
22.410156731826415,1.2045000791549683,2025-03-04T01:45:00Z,4,4,4,4,4,4,1,0,0,4,-1.291908767739894,-0.22174344462893683,,,,,,,,18.60000038146973,-1.567083168220965,0.0,PS_044,,,0.0
22.333332061767578,1.2045000791549685,2025-03-04T02:00:00Z,3,3,3,3,3,3,1,0,0,3,-1.088664215273687,-0.09703451196238166,,,,,,,,19.004915567687362,-1.355571943697453,0.0,PS_044,,,0.06171774358905074
22.359151347005106,1.2045000791549683,2025-03-04T02:15:00Z,4,4,4,4,4,4,1,0,0,4,-1.1539473738272836,-0.03876684063316243,,,,,,,,19.100000381469727,-1.380494699323665,0.0,PS_044,,,0.0
22.28903653791631,1.2045000791549683,2025-03-04T02:30:00Z,3,3,3,3,3,3,1,0,0,3,-1.2404973179539935,-0.17239757710466244,,,,,,,,18.582484622542566,-1.4825224681259361,0.0,PS_044,,,0.0
22.48866235009986,1.2045000791549683,2025-03-04T02:45:00Z,4,4,4,4,4,4,1,0,0,4,-1.0690193015360758,-0.1430104060391005,,,,,,,,18.600000381469727,-1.3939208522929523,0.0,PS_044,,,0.07321924254440537
21.952173832378655,1.2045000791549683,2025-03-04T03:00:00Z,3,3,3,3,3,3,1,0,0,3,-1.3027341806990425,-0.033191155409137016,,,,,,,,18.382429042219517,-1.5005509708615843,0.0,PS_044,,,0.0
22.16412819282325,1.2045000791549683,2025-03-04T03:15:00Z,3,3,3,3,3,3,1,0,0,3,-1.1532328924162887,-0.07811405864862266,,,,,,,,18.24770154260223,-1.3799735233098085,0.0,PS_044,,,0.0
22.48728001755648,1.2045000791549683,2025-03-04T03:30:00Z,4,4,4,4,4,4,1,0,0,4,-1.0664291185354537,-0.08404758070939465,,,,,,,,18.562459546257475,-1.420138443838209,0.0,PS_044,,,0.43917346773584554
22.281120198891475,1.2045000791549685,2025-03-04T03:45:00Z,4,4,4,4,4,4,1,0,0,4,-1.3895357053528117,-0.1657325650013422,,,,,,,,18.600000381469727,-1.386360031603117,0.0,PS_044,,,0.4641546827591524
22.235912997601286,1.204500079154968,2025-03-04T04:00:00Z,3,3,3,3,3,3,1,0,0,3,-1.3296667393137214,-0.2796337485183031,,,,,,,,18.387692122896198,-1.5272912272107322,0.0,PS_044,,,0.14205438072046897
22.3466933279476,1.204500079154968,2025-03-04T04:15:00Z,4,4,4,4,4,4,1,0,0,4,-1.5509829081776563,-0.08952617284803877,,,,,,,,18.432332418872395,-1.318234538545748,0.0,PS_044,,,0.12162278129483223
21.96549755455373,1.2045000791549685,2025-03-04T04:30:00Z,4,4,4,4,4,4,1,0,0,4,-1.4306184247298217,-0.19372498957751608,,,,,,,,18.02398268293797,-1.4511145886506274,0.0,PS_044,,,0.3801559202005757
21.69932020728617,1.2045000791549683,2025-03-04T04:45:00Z,3,3,3,3,3,3,1,0,0,3,-1.4224642354163233,-0.24890200523869752,,,,,,,,17.559468706265257,-1.4475413566785738,0.0,PS_044,,,0.0
21.596246516236064,1.2045000791549683,2025-03-04T05:00:00Z,4,4,4,4,4,4,1,0,0,4,-1.3369819727830696,-0.2853463451781054,,,,,,,,17.71200205410064,-1.420542183046733,0.0,PS_044,,,0.027293857669284372
21.275706625385,1.2045000791549683,2025-03-04T05:15:00Z,3,3,3,3,3,3,1,0,0,3,-1.08683923490718,-0.21018260246155945,,,,,,,,18.0,-1.166509625249018,0.0,PS_044,,,0.3597950161719688
21.285547968784673,1.2045000791549685,2025-03-04T05:30:00Z,4,4,4,4,4,4,1,0,0,4,-0.717267420009582,-0.2000210596755859,,,,,,,,18.01718527199555,-1.0593163939197543,0.0,PS_044,,,0.07401922802344434
20.301429822695273,1.204500079154968,2025-03-04T05:45:00Z,4,4,4,4,4,4,1,0,0,4,-1.3306564334168414,-0.0938404859652978,,,,,,,,17.543852148128085,-1.090475716141096,0.0,PS_044,,,0.24305990505009545
20.47473278403723,1.2045000791549683,2025-03-04T06:00:00Z,3,3,3,3,3,3,1,0,0,3,-1.3726436956159924,-0.07315923293419534,,,,,,,,17.740767371539484,-1.2072807115005133,0.0,PS_044,,,0.7693603577028754
20.369478380552927,1.204500079154968,2025-03-04T06:15:00Z,4,4,4,4,4,4,1,0,0,4,-1.2794149819232699,-0.24242879832296257,,,,,,,,17.693990203317387,-1.0143303218836315,0.0,PS_044,,,1.0301066646157166
20.47157492791774,1.2045000791549683,2025-03-04T06:30:00Z,4,4,4,4,4,4,1,0,0,4,-1.2715379009442116,-0.11197520226143975,,,,,,,,17.799999237060547,-1.2679252257699898,0.0,PS_044,,,1.222145262680115
20.621711331253913,1.2045000791549683,2025-03-04T06:45:00Z,3,3,3,3,3,3,1,0,0,3,-2.047201034325091,-0.11052414310520892,,,,,,,,17.750438008714884,-1.7774276555396118,0.0,PS_044,,,1.7429756067093427
20.572737424599413,1.2045000791549683,2025-03-04T07:00:00Z,4,4,4,4,4,4,1,0,0,4,-2.1084687126615793,-0.21679994183026216,,,,,,,,17.5,-1.8990256180856848,0.0,PS_044,,,1.4728679205162865
20.52755692839598,1.204500079154968,2025-03-04T07:15:00Z,4,4,4,4,4,4,1,0,0,4,-2.0713182278489137,-0.09154501290839902,,,,,,,,17.221096281047647,-1.8365757420739046,0.0,PS_044,,,1.1565750596219848
20.057039412520666,1.2045000791549683,2025-03-04T07:30:00Z,3,3,3,3,3,3,1,0,0,3,-1.6957231282868133,-0.20002049411494774,,,,,,,,16.700000762939453,-1.4870380739784035,0.0,PS_044,,,0.6107858145697455
19.691519535667354,1.2045000791549683,2025-03-04T07:45:00Z,4,4,4,4,4,4,1,0,0,4,-1.2581172206694553,-0.18102978232875594,,,,,,,,16.224054729411588,-1.2456356564237427,0.0,PS_044,,,0.04938416982311582
19.298401721586295,1.2045000791549683,2025-03-04T08:00:00Z,9,9,9,9,9,9,1,0,0,9,-1.2457041167107097,-0.264785463849986,,,,,,,,16.07766204082388,-1.0747720373505425,0.0,PS_044,,,0.0
19.276072894819645,1.204500079154968,2025-03-04T08:15:00Z,15,15,15,15,15,15,1,0,0,15,-1.1025430334856934,-0.219480350897636,,,,,,,,16.579057226328782,-1.0454786068389497,0.0,PS_044,,,0.2274756885543737
19.06408254228334,1.2045000791549683,2025-03-04T08:30:00Z,15,15,15,15,15,15,1,0,0,15,-1.2068479269071406,-0.19373656430443714,,,,,,,,16.440523187086182,-1.195453938210793,0.0,PS_044,,,0.5197699244733935
19.49015159250386,1.2045000791549683,2025-03-04T08:45:00Z,14,14,14,14,14,14,1,0,0,14,-1.6317912810149429,-0.17167691771139704,,,,,,,,16.439287511835836,-1.6661240338165884,0.0,PS_044,,,0.6206421557424583
20.017479823444276,1.204500079154968,2025-03-04T09:00:00Z,9,9,9,9,9,9,1,0,0,9,-1.4824453396747124,-0.035609880891904554,,,,,,,,16.630524281221795,-0.5538826597730091,0.0,PS_044,,,1.195484825977849
19.952424801673956,1.2045000791549685,2025-03-04T09:15:00Z,4,4,4,4,4,4,1,0,0,4,7.320783823189694,0.8761043366401182,,,,,,,,16.368931257061025,8.389834687115995,0.0,PS_044,,,0.38428407570125334
20.404969855915816,1.2045000791549685,2025-03-04T09:30:00Z,3,3,3,3,3,3,1,0,0,3,28.333284858660353,1.7347438273140277,,,,,,,,16.28493103329057,26.650238010771954,0.0,PS_044,,,0.8734386474734765
20.45532876961351,1.2045000791549683,2025-03-04T09:45:00Z,4,4,4,4,4,4,1,0,0,4,70.85121285366107,4.887452208974343,,,,,,,,16.84004605207065,94.21121971596158,0.0,PS_044,,,1.0019050505061042
21.77377779728623,1.2045000791549683,2025-03-04T10:00:00Z,4,4,4,4,4,4,1,0,0,4,143.71859431227864,14.585440193185057,,,,,,,,19.454279171004842,231.72626554538058,0.0,PS_044,,,0.8241997394975621
22.720001220703125,1.2045000791549683,2025-03-04T10:15:00Z,1,1,1,1,1,1,1,0,0,1,191.19000244140625,9.460000038146973,,,,,,,,22.700000762939453,317.94000244140625,0.0,PS_044,,,0.46799999475479126
22.589996337890625,1.2045000791549683,2025-03-04T10:30:00Z,1,1,1,1,1,1,1,0,0,1,298.7900085449219,23.329999923706055,,,,,,,,30.299999237060547,566.2000122070312,0.0,PS_044,,,2.067999839782715
22.92621486550831,1.2045000791549683,2025-03-04T10:45:00Z,4,4,4,4,4,4,1,0,0,4,341.30719221496236,34.1838998827481,,,,,,,,33.19453071424176,673.7716310632702,0.0,PS_044,,,2.8490104980553412
24.72388265510388,1.204500079154968,2025-03-04T11:00:00Z,3,3,3,3,3,3,1,0,0,3,396.67389240616825,46.59290749542781,,,,,,,,40.540931189709774,809.1296475648803,0.0,PS_044,,,2.6513527035974396
24.950136779572436,1.2045000791549683,2025-03-04T11:15:00Z,4,4,4,4,4,4,1,0,0,4,460.78388655530676,43.821594831112535,,,,,,,,43.18524044536067,931.0036453771502,0.0,PS_044,,,1.8854777685734365
25.292204697175492,1.2045000791549683,2025-03-04T11:30:00Z,4,4,4,4,4,4,1,0,0,4,531.4445394885407,45.94979955212805,,,,,,,,44.596102653471284,973.733614509234,0.0,PS_044,,,4.335581003850817
25.63353908392548,1.2045000791549685,2025-03-04T11:45:00Z,3,3,3,3,3,3,1,0,0,3,596.5246818299242,48.69398444356247,,,,,,,,44.63291961763154,996.1698737328256,0.0,PS_044,,,2.9761601312396992
26.206686174332432,1.2045000791549683,2025-03-04T12:00:00Z,4,4,4,4,4,4,1,0,0,4,652.7700354385986,51.011022592385636,,,,,,,,46.028242279825285,1011.6066115097059,0.0,PS_044,,,4.480894763899092
26.981643388072303,1.204500079154968,2025-03-04T12:15:00Z,3,3,3,3,3,3,1,0,0,3,676.0225726941974,50.76074186545053,,,,,,,,46.153433448571235,997.3134579992895,0.0,PS_044,,,2.313145528287608
27.625226523765352,1.2045000791549683,2025-03-04T12:30:00Z,4,4,4,4,4,4,1,0,0,4,776.4947751130422,57.8207332251941,,,,,,,,47.92353955651897,1059.7376346548797,0.0,PS_044,,,2.5910490534778994
28.27217817249973,1.204500079154968,2025-03-04T12:45:00Z,4,4,4,4,4,4,1,0,0,4,821.7719657801073,61.355474454113306,,,,,,,,49.214595446256745,1063.5498893608021,0.0,PS_044,,,2.410905040383404
28.119280577116875,1.204500079154968,2025-03-04T13:00:00Z,3,3,3,3,3,3,1,0,0,3,861.5832375436619,63.34056208314634,,,,,,,,48.915450068762304,1066.755636015098,0.0,PS_044,,,2.0698368406714187
29.121170721317686,1.2045000791549683,2025-03-04T13:15:00Z,4,4,4,4,4,4,1,0,0,4,917.9462024194283,67.93637504737053,,,,,,,,50.63920957422731,1087.0199917501611,0.0,PS_044,,,3.4391074981850616
29.488175910881807,1.2045000791549685,2025-03-04T13:30:00Z,4,4,4,4,4,4,1,0,0,4,880.7405175390845,70.60947338332285,,,,,,,,50.70127176102681,1021.3931587982858,0.0,PS_044,,,2.314846016438499
28.466887438677634,1.2045000791549683,2025-03-04T13:45:00Z,3,3,3,3,3,3,1,0,0,3,810.769868066168,70.10473973079978,,,,,,,,49.539168260580055,917.4439213412588,0.0,PS_044,,,3.909011534154917
30.35442573310331,1.204500079154968,2025-03-04T14:00:00Z,4,4,4,4,4,4,1,0,0,4,1026.0624168917527,76.65916510011304,,,,,,,,50.31377291894551,1102.7361145104267,0.0,PS_044,,,3.3515214216585405
29.22165193115659,1.2045000791549683,2025-03-04T14:15:00Z,3,3,3,3,3,3,1,0,0,3,523.7525956893122,40.559629854827094,,,,,,,,47.39031198259223,538.5512297473279,0.0,PS_044,,,1.8188425056346862
29.243914381047766,1.2045000791549685,2025-03-04T14:30:00Z,4,4,4,4,4,4,1,0,0,4,435.78102359439305,48.51446261691809,,,,,,,,41.94982384575755,441.4311779541615,0.0,PS_044,,,4.3260744752169735
30.664424178397443,1.2045000791549683,2025-03-04T14:45:00Z,3,3,3,3,3,3,1,0,0,3,395.8131925198971,38.90573412045912,,,,,,,,48.2823193616835,398.13794791154834,0.0,PS_044,,,5.673994691645835
31.077924450212652,1.2045000791549683,2025-03-04T15:00:00Z,4,4,4,4,4,4,1,0,0,4,674.4775599353594,61.12582343664182,,,,,,,,51.5235370737793,674.6625505127723,0.0,PS_044,,,4.310021848159784
30.661770787823947,1.2045000791549683,2025-03-04T15:15:00Z,3,3,3,3,3,3,1,0,0,3,920.7324375182039,79.04618364857835,,,,,,,,47.98300217806024,928.8138334728228,0.0,PS_044,,,3.7530151800011162
30.759456541786957,1.2045000791549683,2025-03-04T15:30:00Z,4,4,4,4,4,4,1,0,0,4,479.9078109602026,47.01147454391045,,,,,,,,47.661837775718766,481.0684213609142,0.0,PS_044,,,3.64211381479646
30.117485964981785,1.2045000791549683,2025-03-04T15:45:00Z,4,4,4,4,4,4,1,0,0,4,699.921161779617,63.548912299115216,,,,,,,,45.47004668468889,709.2769610138982,0.0,PS_044,,,4.052916190676474
30.167404393621272,1.2045000791549683,2025-03-04T16:00:00Z,3,3,3,3,3,3,1,0,0,3,532.0477435840204,51.6638933277182,,,,,,,,40.936371329688434,528.9070833075309,0.0,PS_044,,,2.0727247747750446
30.619868532791497,1.204500079154968,2025-03-04T16:15:00Z,4,4,4,4,4,4,1,0,0,4,1012.3989000522772,91.19135202029918,,,,,,,,43.74818654507091,1040.4033998237833,0.0,PS_044,,,3.3877398746821092
30.90014779870896,1.2045000791549683,2025-03-04T16:30:00Z,4,4,4,4,4,4,1,0,0,4,1015.2870879643235,90.27474990750015,,,,,,,,43.64473641918374,1067.585572482997,0.0,PS_044,,,5.1602185468279185
31.2545767143691,1.2045000791549683,2025-03-04T16:45:00Z,3,3,3,3,3,3,1,0,0,3,993.3476646674237,90.93752965306595,,,,,,,,47.2611796105597,1052.8426621874705,0.0,PS_044,,,2.3788877755590074
31.527836605526065,1.2045000791549683,2025-03-04T17:00:00Z,4,4,4,4,4,4,1,0,0,4,1053.0037291832384,96.63062007363034,,,,,,,,46.11896873676912,1151.3723447146072,0.0,PS_044,,,2.5245296833917448
32.88381945618906,1.2045000791549685,2025-03-04T17:15:00Z,4,4,4,4,4,4,1,0,0,4,1040.4558040825925,91.79738108559877,,,,,,,,51.84748682854907,1189.8546568507522,0.0,PS_044,,,2.7230005337097163
32.69578795938531,1.2045000791549683,2025-03-04T17:30:00Z,3,3,3,3,3,3,1,0,0,3,984.6377793775778,89.74873614533216,,,,,,,,52.56503487564878,1151.3248058210884,0.0,PS_044,,,1.3733485838348647
32.377831014050656,1.2045000791549683,2025-03-04T17:45:00Z,4,4,4,4,4,4,1,0,0,4,897.3410501414246,73.93957734786137,,,,,,,,49.062327225338244,1093.610765158722,0.0,PS_044,,,2.1565841600963553
32.971110131350564,1.2045000791549685,2025-03-04T18:00:00Z,4,4,4,4,4,4,1,0,0,4,708.246187013759,69.69862332184624,,,,,,,,52.319504377547226,880.5258366114545,0.0,PS_044,,,1.1681055819695414
33.03599745930359,1.2045000791549685,2025-03-04T18:15:00Z,3,3,3,3,3,3,1,0,0,3,876.9495001702946,87.49518740570981,,,,,,,,52.790475176215715,1145.0371766966668,0.0,PS_044,,,2.102868680513827
31.234568931811612,1.2045000791549683,2025-03-04T18:30:00Z,4,4,4,4,4,4,1,0,0,4,238.64589374840193,37.02493304014521,,,,,,,,40.69482495283619,312.3296545338546,0.0,PS_044,,,2.5681443817549856
32.0579978694587,1.2045000791549683,2025-03-04T18:45:00Z,3,3,3,3,3,3,1,0,0,3,706.391392392239,77.56893196371398,,,,,,,,48.0660710985758,1056.904618296497,0.0,PS_044,,,2.7980874651029657
32.587179730701344,1.2045000791549683,2025-03-04T19:00:00Z,4,4,4,4,4,4,1,0,0,4,565.9606234251378,62.290833061533796,,,,,,,,50.65795519370778,916.9333064556026,0.0,PS_044,,,1.3847189475794253
32.5518419281493,1.2045000791549685,2025-03-04T19:15:00Z,4,4,4,4,4,4,1,0,0,4,565.7131011952537,62.880801224778565,,,,,,,,52.282771936785686,1011.6415146799651,0.0,PS_044,,,3.1250678617241996
31.683907690053783,1.2045000791549683,2025-03-04T19:30:00Z,3,3,3,3,3,3,1,0,0,3,490.4358333992343,63.55552929107953,,,,,,,,47.629171643086416,890.3378448992393,0.0,PS_044,,,4.745183686675386
30.720293534459874,1.2045000791549683,2025-03-04T19:45:00Z,4,4,4,4,4,4,1,0,0,4,225.53879590529476,28.356395743977213,,,,,,,,37.072101251141305,429.25421787552204,0.0,PS_044,,,3.7845881012574596
31.253393591515486,1.2045000791549683,2025-03-04T20:00:00Z,4,4,4,4,4,4,1,0,0,4,344.73774307570085,64.37820752836664,,,,,,,,40.026640368398176,758.1671819101568,0.0,PS_044,,,2.3364174023228172
31.504550968826155,1.2045000791549683,2025-03-04T20:15:00Z,3,3,3,3,3,3,1,0,0,3,268.3872007035067,62.77380112838435,,,,,,,,39.801476439813406,619.0366233682478,0.0,PS_044,,,2.521829382685275
31.02242374610807,1.204500079154968,2025-03-04T20:30:00Z,4,4,4,4,4,4,1,0,0,4,189.19823247626206,46.43330742541642,,,,,,,,37.058350106426126,423.8121124791207,0.0,PS_044,,,3.079488301668936
29.98381945275845,1.2045000791549685,2025-03-04T20:45:00Z,3,3,3,3,3,3,1,0,0,3,61.39311729807715,11.191738189875865,,,,,,,,31.463160543065133,124.07768573170688,0.0,PS_044,,,2.7043146416548707
29.763511216168812,1.2045000791549683,2025-03-04T21:00:00Z,4,4,4,4,4,4,1,0,0,4,60.00242598453908,9.90458065321951,,,,,,,,30.36784151577516,125.42118591523331,0.0,PS_044,,,1.685263692283617
28.623883044029817,1.204500079154968,2025-03-04T21:15:00Z,3,3,3,3,3,3,1,0,0,3,14.88045836115421,1.5669951557097845,,,,,,,,26.67729102934811,17.47922519829071,0.0,PS_044,,,0.8634023437386844
27.293557671380366,1.2045000791549685,2025-03-04T21:30:00Z,4,4,4,4,4,4,1,0,0,4,4.494680721817183,0.4257085495555422,,,,,,,,24.220331944625816,4.622563810468221,0.0,PS_044,,,0.2865906130053816
26.6905299463282,1.2045000791549683,2025-03-04T21:45:00Z,4,4,4,4,4,4,1,0,0,4,-1.2745362632888206,-0.283040913294153,,,,,,,,22.825250052789332,-1.500684788728839,0.0,PS_044,,,0.10317570371066807
26.177496533458463,1.2045000791549683,2025-03-04T22:00:00Z,3,3,3,3,3,3,1,0,0,3,-1.6339115520618606,-0.3619483874153206,,,,,,,,22.0709073436657,-1.8054327911297547,0.0,PS_044,,,0.18649938510230984
25.886339981986715,1.2045000791549683,2025-03-04T22:15:00Z,4,4,4,4,4,4,1,0,0,4,-1.641389693146979,-0.16772606270920776,,,,,,,,21.859644026639515,-1.7009857502145451,0.0,PS_044,,,0.1335324396869742
25.785107284401562,1.204500079154968,2025-03-04T22:30:00Z,3,3,3,3,3,3,1,0,0,3,-1.5926847567260873,-0.3093932207993464,,,,,,,,21.799999237060547,-1.5610631080556594,0.0,PS_044,,,0.13055230622106165
25.572471584859795,1.2045000791549683,2025-03-04T22:45:00Z,4,4,4,4,4,4,1,0,0,4,-1.4811769444083145,-0.21131862295055956,,,,,,,,21.452923087428285,-1.59881809106034,0.0,PS_044,,,0.09849450931304006
25.03026766501268,1.2045000791549683,2025-03-04T23:00:00Z,4,4,4,4,4,4,1,0,0,4,-1.4290083583631272,-0.19423750371519669,,,,,,,,21.117947609338866,-1.5728768640653952,0.0,PS_044,,,0.14192839695879847
24.70734847075472,1.2045000791549683,2025-03-04T23:15:00Z,3,3,3,3,3,3,1,0,0,3,-1.517321766327998,-0.25990628320166703,,,,,,,,20.74430618518286,-1.5698807325884856,0.0,PS_044,,,0.12934892313941268
24.876713500769597,1.2045000791549683,2025-03-04T23:30:00Z,4,4,4,4,4,4,1,0,0,4,-1.4093801332915854,-0.09975457709838981,,,,,,,,20.74009057075113,-1.653159455167713,0.0,PS_044,,,0.21035335915472678
24.9751280643991,1.2045000791549683,2025-03-04T23:45:00Z,4,4,4,4,4,4,1,0,0,4,-1.4739690174763285,-0.09350374621970411,,,,,,,,20.447943503108856,-1.6323332484747772,0.0,PS_044,,,0.11489645858028186
24.298148538288594,1.2045000791549685,2025-03-05T00:00:00Z,3,3,3,3,3,3,1,0,0,3,-1.3235324529564838,-0.26913075168984585,,,,,,,,20.237030335046086,-1.5585990985152014,0.0,PS_044,,,0.06754151737085173
24.424080677160976,1.2045000791549683,2025-03-05T00:15:00Z,4,4,4,4,4,4,1,0,0,4,-1.6446521980187137,-0.1701741554160303,,,,,,,,20.513650446334953,-1.5430823288552158,0.0,PS_044,,,0.8241428403952026
24.515282651723556,1.2045000791549683,2025-03-05T00:30:00Z,4,4,4,4,4,4,1,0,0,4,-1.6499699138754107,-0.12520618896358912,,,,,,,,20.84083695629174,-1.4631281158476754,0.0,PS_044,,,0.7270561497486845
23.98618897245476,1.2045000791549683,2025-03-05T00:45:00Z,3,3,3,3,3,3,1,0,0,3,-1.6321030663957967,-0.2571752799854197,,,,,,,,20.6830627823703,-1.4577056841835765,0.0,PS_044,,,0.7680543529595213
23.69496054302074,1.2045000791549683,2025-03-05T01:00:00Z,4,4,4,4,4,4,1,0,0,4,-1.4819602535530227,-0.21794019957052277,,,,,,,,20.090703984836047,-1.406221354819514,0.0,PS_044,,,0.6282791924638805
23.626786383332163,1.2045000791549683,2025-03-05T01:15:00Z,3,3,3,3,3,3,1,0,0,3,-1.5323559809090954,-0.11170323911173445,,,,,,,,20.151951072526668,-1.3116601235457408,0.0,PS_044,,,0.512807122497211
23.32067020113277,1.2045000791549683,2025-03-05T01:30:00Z,4,4,4,4,4,4,1,0,0,4,-1.5348001386666899,-0.148332947051998,,,,,,,,20.200000762939453,-1.3879241180543136,0.0,PS_044,,,0.6900157488568256
23.406008299461913,1.2045000791549685,2025-03-05T01:45:00Z,4,4,4,4,4,4,1,0,0,4,-1.5818032054323488,-0.07088239833404418,,,,,,,,20.34218736366889,-1.2939205232864575,0.0,PS_044,,,0.7423660529293926
23.159779180862362,1.2045000791549685,2025-03-05T02:00:00Z,3,3,3,3,3,3,1,0,0,3,-1.4950990720768986,-0.29153409775259875,,,,,,,,20.200000762939457,-1.278985725288066,0.0,PS_044,,,1.203531655424228
23.26748190464233,1.2045000791549683,2025-03-05T02:15:00Z,4,4,4,4,4,4,1,0,0,4,-1.5683619240815045,-0.107629377398674,,,,,,,,20.312669703185673,-1.2596796483102517,0.0,PS_044,,,1.6417994499444166
23.01887175583927,1.2045000791549683,2025-03-05T02:30:00Z,4,4,4,4,4,4,1,0,0,4,-1.487731743181087,-0.31651957236038397,,,,,,,,20.200000762939453,-1.1781673376717334,0.0,PS_044,,,1.6759966368365626
22.789345882837228,1.2045000791549683,2025-03-05T02:45:00Z,3,3,3,3,3,3,1,0,0,3,-1.4693757353306134,-0.18593405262295576,,,,,,,,20.200000762939457,-1.175022110089037,0.0,PS_044,,,1.598051510978361
23.048776412986285,1.204500079154968,2025-03-05T03:00:00Z,4,4,4,4,4,4,1,0,0,4,-1.5727027220892458,-0.25790817269750393,,,,,,,,20.089806623890006,-1.2542998322300811,0.0,PS_044,,,2.3767934609970993
22.888915336144805,1.2045000791549683,2025-03-05T03:15:00Z,3,3,3,3,3,3,1,0,0,3,-1.4842004502722432,-0.10314666868338176,,,,,,,,19.649346124953226,-1.2410071557882112,0.0,PS_044,,,2.3537464324034816
22.608253499282714,1.2045000791549683,2025-03-05T03:30:00Z,4,4,4,4,4,4,1,0,0,4,-1.5234024871148892,-0.17396945105155764,,,,,,,,19.615934013927934,-1.222445512011135,0.0,PS_044,,,1.605851528486925
22.441945606895704,1.204500079154968,2025-03-05T03:45:00Z,4,4,4,4,4,4,1,0,0,4,-1.4719399461515896,-0.1041526502589156,,,,,,,,19.14176701169214,-1.2198584085178636,0.0,PS_044,,,1.964445606451812
22.405621793139364,1.2045000791549685,2025-03-05T04:00:00Z,3,3,3,3,3,3,1,0,0,3,-1.3978994356674441,-0.2127072863899319,,,,,,,,19.399999618530273,-1.1958024194268266,0.0,PS_044,,,0.7985287083691706
22.05665214291041,1.2045000791549683,2025-03-05T04:15:00Z,4,4,4,4,4,4,1,0,0,4,-1.480432493807392,-0.2241234699546632,,,,,,,,19.13841273281248,-1.2364342373822275,0.0,PS_044,,,0.8078676859035768
22.097907129010746,1.2045000791549683,2025-03-05T04:30:00Z,4,4,4,4,4,4,1,0,0,4,-1.3584632755396333,-0.1500134525435197,,,,,,,,18.923640995845577,-1.2378225991459162,0.0,PS_044,,,1.1709322200852685
21.970078000577328,1.2045000791549685,2025-03-05T04:45:00Z,3,3,3,3,3,3,1,0,0,3,-1.4557093236256824,-0.3014336812143447,,,,,,,,18.81450736871205,-1.2070757512975159,0.0,PS_044,,,1.0386183633493404
21.757548069897457,1.204500079154968,2025-03-05T05:00:00Z,4,4,4,4,4,4,1,0,0,4,-1.3873049756593265,-0.22643412204222044,,,,,,,,18.72117918987039,-1.2089271615875998,0.0,PS_044,,,0.15290499247201034
21.631018500743203,1.204500079154968,2025-03-05T05:15:00Z,4,4,4,4,4,4,1,0,0,4,-1.2875491645974297,-0.2263892639516079,,,,,,,,18.60000038146973,-1.1158279942208051,0.0,PS_044,,,0.32210939205643124
21.62015985573522,1.2045000791549683,2025-03-05T05:30:00Z,3,3,3,3,3,3,1,0,0,3,-1.1154165452304021,-0.2809370555736903,,,,,,,,18.811280848758795,-1.1141821162270729,0.0,PS_044,,,0.35394768017397304
21.69306927102078,1.204500079154968,2025-03-05T05:45:00Z,4,4,4,4,4,4,1,0,0,4,-1.092048148316942,-0.14161600837827498,,,,,,,,19.100000381469723,-0.9698599086562127,0.0,PS_044,,,1.6238352705742254
21.44953346384467,1.204500079154968,2025-03-05T06:00:00Z,4,4,4,4,4,4,1,0,0,4,-0.9253746195549393,-0.18909456130984728,,,,,,,,18.91151905600879,-0.8670047206033242,0.0,PS_044,,,2.108729641444464
21.447335639683303,1.2045000791549685,2025-03-05T06:15:00Z,3,3,3,3,3,3,1,0,0,3,-1.1042534030089568,-0.21301380353085098,,,,,,,,19.100000381469727,-0.9835990967705919,0.0,PS_044,,,1.892678611200194
21.36943277142872,1.2045000791549685,2025-03-05T06:30:00Z,4,4,4,4,4,4,1,0,0,4,-1.1204476696528658,-0.19118544279013489,,,,,,,,18.79999923706055,-0.9498461602036893,0.0,PS_044,,,2.124114857758837
21.230965193991437,1.2045000791549683,2025-03-05T06:45:00Z,3,3,3,3,3,3,1,0,0,3,-1.1088769299686005,-0.27365566427213966,,,,,,,,18.75827397953624,-0.9063015662260926,0.0,PS_044,,,1.8181665959094995
21.380005545273434,1.2045000791549685,2025-03-05T07:00:00Z,4,4,4,4,4,4,1,0,0,4,-1.1719204432700783,-0.221439712955806,,,,,,,,18.600000381469727,-0.9795990053090147,0.0,PS_044,,,2.0527969738866636
21.474429150520457,1.2045000791549683,2025-03-05T07:15:00Z,4,4,4,4,4,4,1,0,0,4,-1.311385261798367,-0.16091853676420786,,,,,,,,18.70946178693618,-1.0157168459319301,0.0,PS_044,,,2.471660341619234
21.5397715941969,1.2045000791549683,2025-03-05T07:30:00Z,3,3,3,3,3,3,1,0,0,3,-1.3287346781189386,-0.25824119112042293,,,,,,,,19.023582503488974,-1.1176504406811372,0.0,PS_044,,,2.9759446099631788
21.489403087355658,1.2045000791549685,2025-03-05T07:45:00Z,4,4,4,4,4,4,1,0,0,4,-1.188635551072344,-0.23410090895497912,,,,,,,,18.81331788943219,-1.0228722184307493,0.0,PS_044,,,2.907849555020289
21.48468226053592,1.204500079154968,2025-03-05T08:00:00Z,9,9,9,9,9,9,1,0,0,9,-1.2357076537289173,-0.22465778750721033,,,,,,,,18.878585765817125,-1.051667323409504,0.0,PS_044,,,2.7150303778161997
21.434380607945883,1.2045000791549687,2025-03-05T08:15:00Z,15,15,15,15,15,15,1,0,0,15,-1.1396005201898665,-0.21997966314560571,,,,,,,,18.704470981002277,-1.020205793292666,0.0,PS_044,,,2.743699002223615
21.409847557824147,1.2045000791549683,2025-03-05T08:30:00Z,15,15,15,15,15,15,1,0,0,15,-1.0228189377755472,-0.2416648376251454,,,,,,,,18.453483381876712,-1.0230357171810032,0.0,PS_044,,,2.6115075760088793
21.27459468714303,1.2045000791549683,2025-03-05T08:45:00Z,15,15,15,15,15,15,1,0,0,15,-1.0515115505365535,-0.2256044228503579,,,,,,,,18.299999237060543,-0.9826243887298413,0.0,PS_044,,,2.3385656897307396
21.08308131611846,1.204500079154968,2025-03-05T09:00:00Z,9,9,9,9,9,9,1,0,0,9,-0.12079588253976054,-0.16293003106162818,,,,,,,,18.29999923706055,0.27217235761493813,0.0,PS_044,,,2.59543477179846
21.035377307378358,1.2045000791549683,2025-03-05T09:15:00Z,4,4,4,4,4,4,1,0,0,4,4.739551519135285,0.408618178809366,,,,,,,,18.299999237060547,5.922674144243933,0.0,PS_044,,,1.8347450303372936
21.323000703440155,1.2045000791549683,2025-03-05T09:30:00Z,4,4,4,4,4,4,1,0,0,4,37.755305823248094,3.608493449786184,,,,,,,,18.609982878990508,39.89326404080539,0.0,PS_044,,,1.1536854385827509
21.985974251810795,1.204500079154968,2025-03-05T09:45:00Z,3,3,3,3,3,3,1,0,0,3,83.6848550225273,7.633820546184899,,,,,,,,20.0450657292692,94.63690830162257,0.0,PS_044,,,1.102735721328945
22.029999538080016,1.2045000791549685,2025-03-05T10:00:00Z,4,4,4,4,4,4,1,0,0,4,82.13356928639352,9.505259684311195,,,,,,,,21.471998567216243,89.07863949543658,0.0,PS_044,,,1.3154924338637086
22.370751142697248,1.2045000791549683,2025-03-05T10:15:00Z,3,3,3,3,3,3,1,0,0,3,111.67844803215611,12.921381230636573,,,,,,,,22.387300816519538,122.95101793888858,0.0,PS_044,,,1.5383656959921794
22.41969369604964,1.2045000791549683,2025-03-05T10:30:00Z,4,4,4,4,4,4,1,0,0,4,134.70561462826788,16.49954918613628,,,,,,,,23.420094224435218,151.6658393994282,0.0,PS_044,,,1.6420153860340603
22.527526345283114,1.204500079154968,2025-03-05T10:45:00Z,4,4,4,4,4,4,1,0,0,4,171.09316020438902,22.4959242363504,,,,,,,,24.167872321995088,192.04982770388318,0.0,PS_044,,,3.190036785838639
23.45535789192181,1.2045000791549683,2025-03-05T11:00:00Z,3,3,3,3,3,3,1,0,0,3,238.5405708580533,34.91820674900894,,,,,,,,26.954684520358658,328.90073543682684,0.0,PS_044,,,1.8957486496471692
24.105428960724005,1.2045000791549683,2025-03-05T11:15:00Z,4,4,4,4,4,4,1,0,0,4,282.2671744113513,54.01773936967741,,,,,,,,32.287417449295674,411.9873416748072,0.0,PS_044,,,3.173690417771147
24.67952409196835,1.2045000791549683,2025-03-05T11:30:00Z,3,3,3,3,3,3,1,0,0,3,595.257819989999,81.42085421323293,,,,,,,,34.71594459671517,933.9703301174931,0.0,PS_044,,,3.901920042900986
25.481079599517507,1.2045000791549685,2025-03-05T11:45:00Z,4,4,4,4,4,4,1,0,0,4,484.55776898313115,72.34051866829309,,,,,,,,39.4404392203846,656.3938401640655,0.0,PS_044,,,4.052493916730462
25.80189911680454,1.2045000791549683,2025-03-05T12:00:00Z,4,4,4,4,4,4,1,0,0,4,434.99763043404386,65.22514999817177,,,,,,,,41.31180512965831,514.7530052788414,0.0,PS_044,,,4.791714139896981
25.86497563710176,1.2045000791549683,2025-03-05T12:15:00Z,3,3,3,3,3,3,1,0,0,3,325.2821621101759,49.38681068379313,,,,,,,,36.21521213620098,357.64734547806097,0.0,PS_044,,,3.307527917740793
28.1559808109391,1.2045000791549683,2025-03-05T12:30:00Z,4,4,4,4,4,4,1,0,0,4,876.3799731950327,82.36124293841823,,,,,,,,45.97019920592254,1141.285950182423,0.0,PS_044,,,2.627121036235319
28.5876506450414,1.2045000791549683,2025-03-05T12:45:00Z,3,3,3,3,3,3,1,0,0,3,799.9530060574344,73.20476691079519,,,,,,,,48.55137745976189,990.2803587044643,0.0,PS_044,,,3.975533927748234
27.9975846670538,1.2045000791549683,2025-03-05T13:00:00Z,4,4,4,4,4,4,1,0,0,4,709.981874391369,63.958957982700916,,,,,,,,43.38832952192937,849.3525707643103,0.0,PS_044,,,2.953775353264034
28.048990900705395,1.2045000791549683,2025-03-05T13:15:00Z,4,4,4,4,4,4,1,0,0,4,473.6650968525281,44.915432940271,,,,,,,,42.28801443950061,533.3950903408584,0.0,PS_044,,,2.6006467093551877
28.085773505912424,1.2045000791549683,2025-03-05T13:30:00Z,3,3,3,3,3,3,1,0,0,3,537.5765029708256,52.78328351355691,,,,,,,,40.15068543939374,576.2055502015612,0.0,PS_044,,,3.193600228760552
29.852084681102593,1.2045000791549683,2025-03-05T13:45:00Z,4,4,4,4,4,4,1,0,0,4,991.6499571005123,86.29476792881925,,,,,,,,49.42272136105959,1089.26037042777,0.0,PS_044,,,3.4928306323691873
28.60561759922832,1.204500079154968,2025-03-05T14:00:00Z,3,3,3,3,3,3,1,0,0,3,358.1933007394625,39.29600288103212,,,,,,,,43.58126482439389,370.30046532375724,0.0,PS_044,,,1.4219527476226295
29.836807996054976,1.204500079154968,2025-03-05T14:15:00Z,4,4,4,4,4,4,1,0,0,4,537.034698124895,55.10197070214974,,,,,,,,45.19389247426125,611.8445825728843,0.0,PS_044,,,2.0789701576240707
29.76122712604816,1.2045000791549683,2025-03-05T14:30:00Z,4,4,4,4,4,4,1,0,0,4,895.1154067235917,73.38430131904306,,,,,,,,46.913119566501514,926.1647519884643,0.0,PS_044,,,3.2896850896052006
30.65349994024649,1.2045000791549683,2025-03-05T14:45:00Z,3,3,3,3,3,3,1,0,0,3,1213.4556029803273,101.948395222764,,,,,,,,48.977305266140384,1221.723557677901,0.0,PS_044,,,3.2707951585835975
29.681370555773587,1.2045000791549683,2025-03-05T15:00:00Z,4,4,4,4,4,4,1,0,0,4,949.9445009708916,79.09822566114632,,,,,,,,47.55967234896138,980.5314263094554,0.0,PS_044,,,5.025846231113843
30.7074473700712,1.2045000791549683,2025-03-05T15:15:00Z,4,4,4,4,4,4,1,0,0,4,1095.0110857537777,89.9950243282399,,,,,,,,53.193655416114325,1105.6495963910559,0.0,PS_044,,,5.775159386706348
30.623240376861776,1.204500079154968,2025-03-05T15:30:00Z,3,3,3,3,3,3,1,0,0,3,1132.0024844027007,94.16271826877067,,,,,,,,49.53013380761397,1147.066279620072,0.0,PS_044,,,4.339111828202294
29.805339741771114,1.2045000791549683,2025-03-05T15:45:00Z,4,4,4,4,4,4,1,0,0,4,694.1213006796299,70.18526305470884,,,,,,,,41.28001482030752,707.4137225930962,0.0,PS_044,,,5.392829627031506
29.933758956227926,1.2045000791549683,2025-03-05T16:00:00Z,3,3,3,3,3,3,1,0,0,3,803.5912327234865,98.59221352109446,,,,,,,,41.204945790926104,862.0699874480179,0.0,PS_044,,,3.5615758722432225
30.639314374114505,1.2045000791549683,2025-03-05T16:15:00Z,4,4,4,4,4,4,1,0,0,4,1024.9646128146537,95.02396854311424,,,,,,,,44.72898727672756,1062.4247416943663,0.0,PS_044,,,4.124491351896108
30.310419302632077,1.2045000791549678,2025-03-05T16:30:00Z,4,4,4,4,4,4,1,0,0,4,909.1814872820005,82.42240310194185,,,,,,,,41.063868315382564,982.2120064701973,0.0,PS_044,,,3.1525335077524304
31.406254352082136,1.204500079154968,2025-03-05T16:45:00Z,3,3,3,3,3,3,1,0,0,3,805.8981713695289,64.63680328977757,,,,,,,,48.78166364273053,824.5867598309279,0.0,PS_044,,,2.8715434189062323
31.95658538363443,1.2045000791549685,2025-03-05T17:00:00Z,4,4,4,4,4,4,1,0,0,4,995.1055192214623,96.8636563321946,,,,,,,,48.85508184847892,1077.6042045194358,0.0,PS_044,,,2.0857172291818453
32.67389798674253,1.204500079154968,2025-03-05T17:15:00Z,3,3,3,3,3,3,1,0,0,3,880.6071408513612,78.82989008375647,,,,,,,,51.06562574472342,960.4618459757594,0.0,PS_044,,,3.2712545791824073
32.09277207034036,1.204500079154968,2025-03-05T17:30:00Z,4,4,4,4,4,4,1,0,0,4,899.1132133683906,81.02200997361045,,,,,,,,46.375151397758025,1062.9001201201609,0.0,PS_044,,,3.0543763983709447
31.963636554286605,1.204500079154968,2025-03-05T17:45:00Z,4,4,4,4,4,4,1,0,0,4,537.2829874196808,45.22181036936936,,,,,,,,47.576681571994314,668.4473531027143,0.0,PS_044,,,3.8421282233526646
32.295062617341436,1.204500079154968,2025-03-05T18:00:00Z,3,3,3,3,3,3,1,0,0,3,731.590434936993,67.69016643109525,,,,,,,,48.228318575528384,920.6641610146257,0.0,PS_044,,,3.261871523069416
32.1679132933298,1.204500079154968,2025-03-05T18:15:00Z,4,4,4,4,4,4,1,0,0,4,757.0538918612243,68.20476555077076,,,,,,,,47.15196005655079,1039.6564954326525,0.0,PS_044,,,3.4442089777241707
31.570075498348007,1.2045000791549683,2025-03-05T18:30:00Z,3,3,3,3,3,3,1,0,0,3,673.7646118407134,63.082688183677476,,,,,,,,45.77335218062739,989.9793051217646,0.0,PS_044,,,3.889406348055001
32.340294668992286,1.2045000791549683,2025-03-05T18:45:00Z,4,4,4,4,4,4,1,0,0,4,627.5916302010778,60.9648769777407,,,,,,,,47.67556132282984,956.4079016499276,0.0,PS_044,,,2.260882512431659
31.920105429997697,1.2045000791549683,2025-03-05T19:00:00Z,3,3,3,3,3,3,1,0,0,3,406.101238025871,46.83824960933295,,,,,,,,44.39135635674234,654.3096560278481,0.0,PS_044,,,1.9949400173966325
31.94625760011761,1.2045000791549683,2025-03-05T19:15:00Z,4,4,4,4,4,4,1,0,0,4,443.3971560300421,48.08777995171134,,,,,,,,46.1359034657087,803.0622513779244,0.0,PS_044,,,1.2332858802370052
31.892132852284032,1.2045000791549685,2025-03-05T19:30:00Z,4,4,4,4,4,4,1,0,0,4,468.5633300973403,49.694291037104904,,,,,,,,47.16135728239801,925.5445647372583,0.0,PS_044,,,1.434043594875726
31.91320326038842,1.2045000791549683,2025-03-05T19:45:00Z,3,3,3,3,3,3,1,0,0,3,308.402489060764,28.47489586762991,,,,,,,,45.62380732064841,581.0709774673882,0.0,PS_044,,,2.4049136565610896
32.1637920382874,1.2045000791549683,2025-03-05T20:00:00Z,4,4,4,4,4,4,1,0,0,4,352.4692824008379,67.27121358738876,,,,,,,,42.783707625391536,768.1071854708478,0.0,PS_044,,,2.118079294008189
31.68359599200479,1.2045000791549683,2025-03-05T20:15:00Z,3,3,3,3,3,3,1,0,0,3,164.96959826449694,33.64016046248713,,,,,,,,40.76857145817565,296.93566654564813,0.0,PS_044,,,1.7029302662162435
30.994843718727644,1.2045000791549683,2025-03-05T20:30:00Z,4,4,4,4,4,4,1,0,0,4,115.69320876240175,23.03435091451368,,,,,,,,36.15466386614841,209.33089872703835,0.0,PS_044,,,2.902882301850545
29.497579424658078,1.2045000791549683,2025-03-05T20:45:00Z,3,3,3,3,3,3,1,0,0,3,41.8715190138765,6.449686502719014,,,,,,,,28.631361065727695,57.78327057373077,0.0,PS_044,,,3.551896522511766
28.884185341556535,1.2045000791549683,2025-03-05T21:00:00Z,4,4,4,4,4,4,1,0,0,4,44.809594382937185,7.19764675567752,,,,,,,,26.916181132758435,53.89662374560443,0.0,PS_044,,,1.821597066049073
28.53294180784874,1.204500079154968,2025-03-05T21:15:00Z,4,4,4,4,4,4,1,0,0,4,27.292419272958153,4.728841633336486,,,,,,,,27.0004336076486,29.543591268179078,0.0,PS_044,,,0.9679944752331829
27.849880636445633,1.204500079154968,2025-03-05T21:30:00Z,3,3,3,3,3,3,1,0,0,3,3.8134557877648483,0.6388763837694992,,,,,,,,24.867076172053196,3.606133205941977,0.0,PS_044,,,1.0471350044909662
27.62405680210505,1.2045000791549683,2025-03-05T21:45:00Z,3,3,3,3,3,3,1,0,0,3,-0.7654027085595824,-0.12608983811982877,,,,,,,,24.585603531480356,-0.77549721811734,0.0,PS_044,,,1.3166816130595629
27.241312628096633,1.2045000791549683,2025-03-05T22:00:00Z,4,4,4,4,4,4,1,0,0,4,-1.7125168779243782,-0.3543245925467051,,,,,,,,23.842459357719026,-1.3219284075639604,0.0,PS_044,,,0.9447153772139407
26.452881371219355,1.2045000791549683,2025-03-05T22:15:00Z,3,3,3,3,3,3,1,0,0,3,-1.7415782889471934,-0.33722105651281037,,,,,,,,23.074133353474988,-1.5582797094212963,0.0,PS_044,,,0.5461806972466268
25.99217307856745,1.2045000791549683,2025-03-05T22:30:00Z,4,4,4,4,4,4,1,0,0,4,-1.6107033977524663,-0.3043402324946643,,,,,,,,22.48178393193614,-1.557100464345464,0.0,PS_044,,,0.06927789623877105
25.75437718180476,1.2045000791549683,2025-03-05T22:45:00Z,4,4,4,4,4,4,1,0,0,4,-1.658948353798449,-0.2630227147578485,,,,,,,,22.035558068742734,-1.5229768990945827,0.0,PS_044,,,0.4244539584421086
25.76903927694729,1.2045000791549685,2025-03-05T23:00:00Z,3,3,3,3,3,3,1,0,0,3,-1.6593150379555617,-0.228775324176763,,,,,,,,22.223766723620013,-1.343317819208938,0.0,PS_044,,,0.8136781004707044
25.586177944558276,1.2045000791549685,2025-03-05T23:15:00Z,4,4,4,4,4,4,1,0,0,4,-1.717390869035067,-0.17347283752256284,,,,,,,,22.08687972711759,-1.411920574229053,0.0,PS_044,,,0.8286779305863687
25.207100801523598,1.2045000791549683,2025-03-05T23:30:00Z,3,3,3,3,3,3,1,0,0,3,-1.6418835077920493,-0.24065785758872466,,,,,,,,21.513049997072763,-1.4801089298237189,0.0,PS_044,,,0.06597495235696658
24.62209968920276,1.2045000791549683,2025-03-05T23:45:00Z,4,4,4,4,4,4,1,0,0,4,-1.6171241431668049,-0.2910748153107944,,,,,,,,20.700000762939457,-1.5840233055796316,0.0,PS_044,,,0.2703967152081665
24.714302708519625,1.2045000791549685,2025-03-06T00:00:00Z,3,3,3,3,3,3,1,0,0,3,-1.4588477970962412,-0.12373758415148005,,,,,,,,20.700000762939453,-1.4328877706622642,0.0,PS_044,,,0.12161987011755211
24.60112344511317,1.2045000791549683,2025-03-06T00:15:00Z,4,4,4,4,4,4,1,0,0,4,-1.7225131538320921,-0.10668006973364454,,,,,,,,20.700000762939453,-1.432374664707066,0.0,PS_044,,,0.1354973454639843
24.326953461521747,1.2045000791549683,2025-03-06T00:30:00Z,3,3,3,3,3,3,1,0,0,3,-1.5775695235263603,-0.13827527885797153,,,,,,,,20.700000762939453,-1.3694410706598592,0.0,PS_044,,,0.9931462075722007
24.047899262667528,1.2045000791549683,2025-03-06T00:45:00Z,4,4,4,4,4,4,1,0,0,4,-1.7940658764139554,-0.19196168229779773,,,,,,,,20.434592106607234,-1.4211243965825167,0.0,PS_044,,,1.1741971583593804
23.680586668186677,1.2045000791549683,2025-03-06T01:00:00Z,4,4,4,4,4,4,1,0,0,4,-1.7494636982872074,-0.18859779346066546,,,,,,,,20.189841959541724,-1.4092412874944202,0.0,PS_044,,,1.2760953009314233
23.59286581678678,1.2045000791549685,2025-03-06T01:15:00Z,3,3,3,3,3,3,1,0,0,3,-1.6100228353895916,0.005973295371736182,,,,,,,,20.200000762939457,-1.3543006182245445,0.0,PS_044,,,0.6492082975316099
23.30165786198775,1.2045000791549685,2025-03-06T01:30:00Z,4,4,4,4,4,4,1,0,0,4,-1.811465310567064,-0.3473078078261468,,,,,,,,19.899999618530273,-1.4134980055506474,0.0,PS_044,,,0.8957766057726642
23.257660521736707,1.2045000791549685,2025-03-06T01:45:00Z,4,4,4,4,4,4,1,0,0,4,-1.7453650418039477,-0.19817467936624453,,,,,,,,19.899999618530277,-1.3486960304429632,0.0,PS_044,,,1.4962176786213333
23.104938918889665,1.2045000791549683,2025-03-06T02:00:00Z,3,3,3,3,3,3,1,0,0,3,-1.6518930571020929,-0.18162894252086811,,,,,,,,19.848395959881103,-1.3715723075358375,0.0,PS_044,,,0.5469886691406498
23.084450873409253,1.2045000791549685,2025-03-06T02:15:00Z,4,4,4,4,4,4,1,0,0,4,-1.8343793750552617,-0.27798103318996753,,,,,,,,19.456859859467546,-1.413486065828347,0.0,PS_044,,,0.8622410524267358
22.875133157431367,1.204500079154968,2025-03-06T02:30:00Z,3,3,3,3,3,3,1,0,0,3,-1.7598962666428377,-0.2564265534989983,,,,,,,,19.100000381469723,-1.3763961380114174,0.0,PS_044,,,1.1936277016489
22.38198360922586,1.2045000791549685,2025-03-06T02:45:00Z,4,4,4,4,4,4,1,0,0,4,-1.5950448470006486,-0.23170042651501524,,,,,,,,18.93585892767623,-1.43485977484077,0.0,PS_044,,,0.41509482665283115
22.464461451606603,1.204500079154968,2025-03-06T03:00:00Z,4,4,4,4,4,4,1,0,0,4,-1.6901437053043094,-0.19370308175740314,,,,,,,,18.976376332280687,-1.3805772051438157,0.0,PS_044,,,0.926753329272791
22.2749711108974,1.204500079154968,2025-03-06T03:15:00Z,3,3,3,3,3,3,1,0,0,3,-1.6559699637255056,-0.2607480610371178,,,,,,,,18.96081793747395,-1.3612724187903105,0.0,PS_044,,,0.25129505827769383
22.107394950873985,1.2045000791549683,2025-03-06T03:30:00Z,4,4,4,4,4,4,1,0,0,4,-1.4958607903810264,-0.1241506691712834,,,,,,,,18.453710891757233,-1.4225176993577817,0.0,PS_044,,,0.4699358375089828
21.793712888711955,1.204500079154968,2025-03-06T03:45:00Z,3,3,3,3,3,3,1,0,0,3,-1.5510415788091503,-0.1659863541447493,,,,,,,,18.05207113465178,-1.5177284632272732,0.0,PS_044,,,0.050184996565408965
21.575347695203025,1.204500079154968,2025-03-06T04:00:00Z,4,4,4,4,4,4,1,0,0,4,-1.5197857238093833,-0.12817134337575142,,,,,,,,17.752474472076607,-1.457090114147398,0.0,PS_044,,,0.09577819693633836
21.58950732221961,1.2045000791549685,2025-03-06T04:15:00Z,4,4,4,4,4,4,1,0,0,4,-1.4597120310485234,-0.12268486111578472,,,,,,,,17.5,-1.4574602107577386,0.0,PS_044,,,0.08019850115543717
21.661618874882716,1.2045000791549685,2025-03-06T04:30:00Z,3,3,3,3,3,3,1,0,0,3,-1.5830837708850685,-0.23598602617279923,,,,,,,,17.200000762939453,-1.439729521765985,0.0,PS_044,,,0.04561555158938256
21.61597127637086,1.2045000791549683,2025-03-06T04:45:00Z,4,4,4,4,4,4,1,0,0,4,-1.587740550479058,-0.1353347506896596,,,,,,,,17.117944515614553,-1.2555228301623036,0.0,PS_044,,,0.386545065396138
21.37070478507532,1.2045000791549685,2025-03-06T05:00:00Z,4,4,4,4,4,4,1,0,0,4,-1.5323283816429811,-0.25955666136619737,,,,,,,,16.922560352436584,-1.3310711151303187,0.0,PS_044,,,0.2869838689493094
21.167521813665807,1.2045000791549683,2025-03-06T05:15:00Z,3,3,3,3,3,3,1,0,0,3,-1.568218369067214,-0.18940000219081662,,,,,,,,16.453459354786037,-1.354246667942965,0.0,PS_044,,,0.43911042835028186
21.11491326240396,1.204500079154968,2025-03-06T05:30:00Z,4,4,4,4,4,4,1,0,0,4,-1.549641165944795,-0.14386809984667817,,,,,,,,16.70211917512769,-1.2286453497423837,0.0,PS_044,,,0.5331850945603063
21.032563908157517,1.2045000791549685,2025-03-06T05:45:00Z,3,3,3,3,3,3,1,0,0,3,-1.3195174603676552,-0.09888579446992118,,,,,,,,17.034726585726833,-1.1963231524676277,0.0,PS_044,,,0.3288327215033753
20.574255766136705,1.204500079154968,2025-03-06T06:00:00Z,4,4,4,4,4,4,1,0,0,4,-1.5649485775599554,-0.21557340214974746,,,,,,,,16.975181782128725,-1.3649799041679722,0.0,PS_044,,,0.12277044280516132
20.78157229392809,1.2045000791549685,2025-03-06T06:15:00Z,4,4,4,4,4,4,1,0,0,4,-1.4936212436985745,-0.1350167160368592,,,,,,,,17.305604389492697,-1.2977999338500512,0.0,PS_044,,,0.8177009913679234
20.831509419613607,1.2045000791549683,2025-03-06T06:30:00Z,3,3,3,3,3,3,1,0,0,3,-1.6161826825606125,-0.16431202208581167,,,,,,,,17.550118778841888,-1.3654791818494774,0.0,PS_044,,,1.2898057435806616
20.831118468481694,1.2045000791549683,2025-03-06T06:45:00Z,4,4,4,4,4,4,1,0,0,4,-1.4082770984223671,-0.1431338412745664,,,,,,,,17.887977281412205,-1.278755233869975,0.0,PS_044,,,1.547809206526829
20.62357467964528,1.2045000791549683,2025-03-06T07:00:00Z,4,4,4,4,4,4,1,0,0,4,-1.3664333959430168,-0.20688893677034756,,,,,,,,17.462131832306763,-1.1197214243546065,0.0,PS_044,,,1.8285686858716097
20.61333465576172,1.2045000791549683,2025-03-06T07:15:00Z,3,3,3,3,3,3,1,0,0,3,-1.2087863709047182,-0.15788808652589265,,,,,,,,17.44769142097169,-1.1667018993452944,0.0,PS_044,,,1.9541861341524027
20.522639302698895,1.2045000791549685,2025-03-06T07:30:00Z,4,4,4,4,4,4,1,0,0,4,-1.3156389858778326,-0.23392107023899053,,,,,,,,17.799999237060543,-1.0842557952393508,0.0,PS_044,,,1.8798541933610626
20.55597382918084,1.2045000791549683,2025-03-06T07:45:00Z,3,3,3,3,3,3,1,0,0,3,-1.2594024205318919,-0.30723959146120744,,,,,,,,17.48269584215336,-1.1614448904693866,0.0,PS_044,,,1.2314694027550468
20.350091852879004,1.2045000791549685,2025-03-06T08:00:00Z,9,9,9,9,9,9,1,0,0,9,-1.3865447260946349,-0.18545330046735997,,,,,,,,17.309370539518362,-1.156591273946364,0.0,PS_044,,,0.4426678986589061
20.114911896569332,1.2045000791549685,2025-03-06T08:15:00Z,15,15,15,15,15,15,1,0,0,15,-1.417908208128484,-0.19062977842080034,,,,,,,,17.0904775959349,-1.2259599968301824,0.0,PS_044,,,0.6460623619814522
20.221313159057047,1.2045000791549683,2025-03-06T08:30:00Z,15,15,15,15,15,15,1,0,0,15,-1.3873631645156008,-0.1957810141630363,,,,,,,,17.346708589107564,-1.1655261060491389,0.0,PS_044,,,1.6369118190528562
20.29730695796009,1.2045000791549683,2025-03-06T08:45:00Z,14,14,14,14,14,14,1,0,0,14,-1.4642781678087857,-0.1452517805954899,,,,,,,,17.537302596158707,-1.1612682137991788,0.0,PS_044,,,1.665990010475756
20.296271153770515,1.2045000791549685,2025-03-06T09:00:00Z,9,9,9,9,9,9,1,0,0,9,-0.4526709001487899,-0.02595983334155448,,,,,,,,17.551258375244775,0.6431447563380098,0.0,PS_044,,,2.2826652012770476
20.208780287055635,1.204500079154968,2025-03-06T09:15:00Z,4,4,4,4,4,4,1,0,0,4,8.127279804214426,0.8589551745775945,,,,,,,,17.453999244485157,13.151009107698178,0.0,PS_044,,,1.527583541801363
20.37186958136711,1.2045000791549685,2025-03-06T09:30:00Z,3,3,3,3,3,3,1,0,0,3,28.67171780830853,2.677606976988207,,,,,,,,17.26399089964661,27.83056706890372,0.0,PS_044,,,1.148279501779792
21.50720268947852,1.2045000791549683,2025-03-06T09:45:00Z,4,4,4,4,4,4,1,0,0,4,102.83898727938882,8.496643466842075,,,,,,,,19.31253373593493,127.78195334322392,0.0,PS_044,,,1.63808744066846
22.408076547901384,1.2045000791549685,2025-03-06T10:00:00Z,4,4,4,4,4,4,1,0,0,4,190.6213425174255,21.17764976682754,,,,,,,,22.97017398382424,275.19433994529265,0.0,PS_044,,,1.971437621721924
22.89212599840018,1.2045000791549683,2025-03-06T10:15:00Z,3,3,3,3,3,3,1,0,0,3,263.9942942053346,16.813061347060426,,,,,,,,26.971139933644423,428.5159927206488,0.0,PS_044,,,3.0280855577512567
22.220151526668143,1.2045000791549683,2025-03-06T10:30:00Z,4,4,4,4,4,4,1,0,0,4,130.40845843002472,11.782962550598976,,,,,,,,25.84642168117624,213.10498210121148,0.0,PS_044,,,2.9466960986001896
22.693670167138805,1.2045000791549683,2025-03-06T10:45:00Z,3,3,3,3,3,3,1,0,0,3,172.46810253824836,19.4372187940217,,,,,,,,26.671477138928392,314.11956132450905,0.0,PS_044,,,3.0791296271152873
24.05173493208232,1.2045000791549683,2025-03-06T11:00:00Z,4,4,4,4,4,4,1,0,0,4,395.39284949854766,46.77068693111256,,,,,,,,34.71654539244676,804.2784466567333,0.0,PS_044,,,3.3875868801080267
24.655376788004247,1.2045000791549683,2025-03-06T11:15:00Z,4,4,4,4,4,4,1,0,0,4,459.6790770010969,44.45800281938721,,,,,,,,40.679061675940034,930.6134801250421,0.0,PS_044,,,2.583727723753117
25.463676157918595,1.204500079154968,2025-03-06T11:30:00Z,3,3,3,3,3,3,1,0,0,3,526.7489853715089,47.16354028989558,,,,,,,,45.92237447918864,966.720027702575,0.0,PS_044,,,3.879802552897329
26.10012652711309,1.2045000791549683,2025-03-06T11:45:00Z,4,4,4,4,4,4,1,0,0,4,598.4353855151116,51.21694757947636,,,,,,,,45.23849818304059,1002.0964959981189,0.0,PS_044,,,2.8519385418981615
26.57648832763002,1.204500079154968,2025-03-06T12:00:00Z,3,3,3,3,3,3,1,0,0,3,683.8994595917633,57.70839432978784,,,,,,,,44.62590341136513,1035.9983192654781,0.0,PS_044,,,5.751931482009121
27.705541778070668,1.2045000791549683,2025-03-06T12:15:00Z,4,4,4,4,4,4,1,0,0,4,711.536621606065,58.22029324220817,,,,,,,,46.19493216640897,1024.7475462953412,0.0,PS_044,,,2.164994809624952
27.568646692299623,1.2045000791549683,2025-03-06T12:30:00Z,3,3,3,3,3,3,1,0,0,3,771.6777598015962,61.11398118622723,,,,,,,,47.20389635608792,1042.9005548320033,0.0,PS_044,,,5.397473191519603
28.106220837455297,1.2045000791549683,2025-03-06T12:45:00Z,4,4,4,4,4,4,1,0,0,4,772.8152129124256,60.63238822300509,,,,,,,,47.11741766687463,989.2593743560975,0.0,PS_044,,,3.307246988805841
27.740910301267647,1.2045000791549683,2025-03-06T13:00:00Z,4,4,4,4,4,4,1,0,0,4,874.3279332363384,67.41595715054969,,,,,,,,43.35736832721561,1075.6487381461425,0.0,PS_044,,,5.029476090509533
28.770760648338975,1.2045000791549685,2025-03-06T13:15:00Z,3,3,3,3,3,3,1,0,0,3,927.0738990162976,70.62030989986076,,,,,,,,47.751459928353746,1092.702175893948,0.0,PS_044,,,4.082755353103962
28.974677953424244,1.2045000791549683,2025-03-06T13:30:00Z,4,4,4,4,4,4,1,0,0,4,744.149317446963,54.07723932250814,,,,,,,,47.69224067635543,807.0126074744953,0.0,PS_044,,,6.178824250543007
28.45092011104752,1.2045000791549683,2025-03-06T13:45:00Z,3,3,3,3,3,3,1,0,0,3,974.812239500421,73.52353559664176,,,,,,,,44.931228029948144,1077.8811080905814,0.0,PS_044,,,4.593574821206532
28.307894855125966,1.2045000791549685,2025-03-06T14:00:00Z,4,4,4,4,4,4,1,0,0,4,822.6879987913927,65.98583048159952,,,,,,,,42.06522885862299,871.8617047413144,0.0,PS_044,,,4.01255208409619
28.990765237498767,1.2045000791549683,2025-03-06T14:15:00Z,4,4,4,4,4,4,1,0,0,4,1050.434033633415,80.85367648555044,,,,,,,,40.713318067380705,1101.6583395372913,0.0,PS_044,,,3.7292678428198833
29.297867297991317,1.2045000791549683,2025-03-06T14:30:00Z,3,3,3,3,3,3,1,0,0,3,1134.5749397635705,88.30437066288907,,,,,,,,45.164907694338474,1161.6658446027236,0.0,PS_044,,,4.457955707398257
30.649413611170125,1.2045000791549683,2025-03-06T14:45:00Z,4,4,4,4,4,4,1,0,0,4,850.4427559335509,66.61631773376303,,,,,,,,51.27536360554571,863.817992946784,0.0,PS_044,,,4.857075121516807
30.458595681901414,1.2045000791549685,2025-03-06T15:00:00Z,3,3,3,3,3,3,1,0,0,3,513.8525500259501,44.473940102201695,,,,,,,,52.6221319338053,521.1454654699515,0.0,PS_044,,,4.043943192820967
30.38801641876983,1.204500079154968,2025-03-06T15:15:00Z,4,4,4,4,4,4,1,0,0,4,1095.3473409705998,91.3392528050446,,,,,,,,48.25842020176128,1108.4748099277285,0.0,PS_044,,,4.347186749676755
30.332237355490165,1.2045000791549683,2025-03-06T15:30:00Z,3,3,3,3,3,3,1,0,0,3,1011.8158872355729,95.23908022375433,,,,,,,,49.26281611230927,1039.2554701085435,0.0,PS_044,,,4.578389920911929
30.523902503469724,1.204500079154968,2025-03-06T15:45:00Z,4,4,4,4,4,4,1,0,0,4,1107.377761241083,101.01802273958651,,,,,,,,46.83761485800828,1129.787631913305,0.0,PS_044,,,4.225590500058027
30.71633700050523,1.204500079154968,2025-03-06T16:00:00Z,3,3,3,3,3,3,1,0,0,3,929.1607881817147,75.56257754059713,,,,,,,,47.874893699271524,921.397577282389,0.0,PS_044,,,4.043055909722977
30.92004634890874,1.204500079154968,2025-03-06T16:15:00Z,4,4,4,4,4,4,1,0,0,4,934.3445325438391,86.01566828606256,,,,,,,,47.10698033001215,983.6823606186758,0.0,PS_044,,,3.6793819343176564
31.12156468810802,1.204500079154968,2025-03-06T16:30:00Z,4,4,4,4,4,4,1,0,0,4,898.5426351103874,89.64971396410422,,,,,,,,48.11747311636604,940.5572804927099,0.0,PS_044,,,3.2683245995987678
31.10004629209419,1.2045000791549685,2025-03-06T16:45:00Z,3,3,3,3,3,3,1,0,0,3,778.7527362546551,73.35108650836102,,,,,,,,43.22953791274195,833.0596045591599,0.0,PS_044,,,3.8394422729679407
32.04521521327437,1.2045000791549683,2025-03-06T17:00:00Z,4,4,4,4,4,4,1,0,0,4,1046.174306921844,94.11378359470068,,,,,,,,50.048416826942905,1140.869300833137,0.0,PS_044,,,2.4148401058500593
31.89423756226817,1.2045000791549683,2025-03-06T17:15:00Z,3,3,3,3,3,3,1,0,0,3,963.7621500043197,85.34544506372984,,,,,,,,50.14608416832632,1105.2838447260979,0.0,PS_044,,,2.6760352324571945
32.44432241159429,1.204500079154968,2025-03-06T17:30:00Z,4,4,4,4,4,4,1,0,0,4,941.8476930794577,85.04025099722418,,,,,,,,52.098068516507524,1118.033308624067,0.0,PS_044,,,3.0147130258162993
32.52447742691825,1.204500079154968,2025-03-06T17:45:00Z,3,3,3,3,3,3,1,0,0,3,936.06793892273,85.59996946467666,,,,,,,,52.804134776604435,1162.5638623163716,0.0,PS_044,,,2.430365678788513
32.372454489541035,1.204500079154968,2025-03-06T18:00:00Z,4,4,4,4,4,4,1,0,0,4,343.5740269926678,40.26940141579471,,,,,,,,50.39565043195925,398.4144261115218,0.0,PS_044,,,3.297246931638624
31.211067251160415,1.204500079154968,2025-03-06T18:15:00Z,3,3,3,3,3,3,1,0,0,3,676.9626921897544,68.98318138273861,,,,,,,,41.45471660486787,920.1198593200986,0.0,PS_044,,,2.610558394600422
32.505511509304434,1.204500079154968,2025-03-06T18:30:00Z,4,4,4,4,4,4,1,0,0,4,713.2495091869491,75.65390052143653,,,,,,,,50.376592631741765,973.6691950601668,0.0,PS_044,,,2.18486074735073
31.83030480686277,1.204500079154968,2025-03-06T18:45:00Z,3,3,3,3,3,3,1,0,0,3,501.27833946973306,62.485127005995786,,,,,,,,45.020153166403354,713.5560256750126,0.0,PS_044,,,2.4347000128677743
31.774658133808835,1.204500079154968,2025-03-06T19:00:00Z,4,4,4,4,4,4,1,0,0,4,364.8942684829879,55.073541146629914,,,,,,,,44.37920824451453,500.9387733950962,0.0,PS_044,,,1.9679495011886439
32.48748072246995,1.2045000791549683,2025-03-06T19:15:00Z,4,4,4,4,4,4,1,0,0,4,469.8002622887539,57.61323770371882,,,,,,,,50.97973566674791,728.2824784263519,0.0,PS_044,,,2.4419377100991437
31.528199595121258,1.2045000791549683,2025-03-06T19:30:00Z,3,3,3,3,3,3,1,0,0,3,212.5274029222826,45.94965628132746,,,,,,,,43.048515257149774,312.96218618885536,0.0,PS_044,,,0.49764086623853776
32.255108086348315,1.2045000791549683,2025-03-06T19:45:00Z,4,4,4,4,4,4,1,0,0,4,419.21814937484857,65.31831886138528,,,,,,,,44.22984065754802,817.5771219354779,0.0,PS_044,,,1.020067466304318
32.74525794712581,1.204500079154968,2025-03-06T20:00:00Z,3,3,3,3,3,3,1,0,0,3,414.3087480135606,73.66353947142497,,,,,,,,49.73116562002437,779.3775492000239,0.0,PS_044,,,1.7998646505590985
32.507293167735476,1.204500079154968,2025-03-06T20:15:00Z,4,4,4,4,4,4,1,0,0,4,348.90187287629243,74.75701664061422,,,,,,,,45.809244258209596,686.7847122121019,0.0,PS_044,,,2.369255267089233
31.52968041866579,1.2045000791549683,2025-03-06T20:30:00Z,3,3,3,3,3,3,1,0,0,3,272.6334762927727,60.08285137453918,,,,,,,,40.053206076456924,536.5990352322843,0.0,PS_044,,,2.606911936896785
26.875323807485852,1.2045000791549683,2025-03-06T20:45:00Z,4,4,4,4,4,4,1,0,0,4,62.128713704418715,9.704885436986514,,,,,,,,29.963955199457228,79.76331701549499,0.0,PS_044,,,0.46846044870099574
25.6986978527243,1.204500079154968,2025-03-06T21:00:00Z,3,3,3,3,3,3,1,0,0,3,32.617942281974564,4.3724348977687875,,,,,,,,25.792201760710846,41.033320326891975,0.0,PS_044,,,0.11210509273335588
25.784792471992716,1.2045000791549685,2025-03-06T21:15:00Z,4,4,4,4,4,4,1,0,0,4,22.76790706209505,4.213593167709039,,,,,,,,24.395728117495402,26.19759443226113,0.0,PS_044,,,0.25685801313218576
25.993174673048376,1.2045000791549683,2025-03-06T21:30:00Z,3,3,3,3,3,3,1,0,0,3,3.7441601688121606,0.5655313678853703,,,,,,,,22.810571764318468,3.794949445941663,0.0,PS_044,,,0.2495379981688981
26.079955104764842,1.2045000791549683,2025-03-06T21:45:00Z,4,4,4,4,4,4,1,0,0,4,-0.781169101329428,-0.0028013564229680456,,,,,,,,22.341758967083432,-1.147093966246285,0.0,PS_044,,,0.1175812290825481
26.321665522766043,1.2045000791549683,2025-03-06T22:00:00Z,3,3,3,3,3,3,1,0,0,3,-0.8893845804360259,-0.07981083472462716,,,,,,,,22.823549005108177,-1.0264698142092092,0.0,PS_044,,,0.42252760589722144
26.339040767784745,1.2045000791549683,2025-03-06T22:15:00Z,4,4,4,4,4,4,1,0,0,4,-1.2399498855288387,-0.02262280785905926,,,,,,,,22.927043327095657,-1.2352073711312634,0.0,PS_044,,,0.2050921540373383
25.609292144683316,1.204500079154968,2025-03-06T22:30:00Z,3,3,3,3,3,3,1,0,0,3,-1.504091968525028,-0.18070326047893237,,,,,,,,22.224322476961948,-1.5442806089302157,0.0,PS_044,,,0.48677271333948907
25.487983188363827,1.2045000791549683,2025-03-06T22:45:00Z,4,4,4,4,4,4,1,0,0,4,-1.5164191030114806,-0.1366973141634756,,,,,,,,21.90578840542305,-1.4519138657316504,0.0,PS_044,,,0.36938377110096665
25.112060775372306,1.2045000791549683,2025-03-06T23:00:00Z,4,4,4,4,4,4,1,0,0,4,-1.6790443587755979,-0.04756415274891438,,,,,,,,21.547225297562925,-1.5658165843375662,0.0,PS_044,,,0.34221492494966405
25.27777814922677,1.2045000791549683,2025-03-06T23:15:00Z,3,3,3,3,3,3,1,0,0,3,-1.6500545263006494,-0.22656702139576515,,,,,,,,21.977038109465184,-1.3998551515690083,0.0,PS_044,,,0.5764215198080541
24.89230106693979,1.2045000791549683,2025-03-06T23:30:00Z,4,4,4,4,4,4,1,0,0,4,-1.567633040104129,-0.1563043683231198,,,,,,,,21.547142069449258,-1.3679612843351319,0.0,PS_044,,,0.6984428403067745
24.77778973969956,1.2045000791549683,2025-03-06T23:45:00Z,3,3,3,3,3,3,1,0,0,3,-1.5743204049602069,-0.3466355858953498,,,,,,,,21.500000000000004,-1.3898003163290835,0.0,PS_044,,,1.505254355072604
24.362512988141425,1.2045000791549683,2025-03-07T00:00:00Z,4,4,4,4,4,4,1,0,0,4,-1.736343426768993,-0.21984084338361243,,,,,,,,21.200000762939453,-1.4051505363439403,0.0,PS_044,,,1.0952014653066733
24.348708924011483,1.2045000791549683,2025-03-07T00:15:00Z,3,3,3,3,3,3,1,0,0,3,-1.6813505690507784,-0.2064151292863346,,,,,,,,21.165450644593058,-1.320656383972689,0.0,PS_044,,,1.7854988551744235
24.08271727048872,1.2045000791549683,2025-03-07T00:30:00Z,4,4,4,4,4,4,1,0,0,4,-1.7521649702060813,-0.23829796980422482,,,,,,,,20.94325049871405,-1.3769983893288475,0.0,PS_044,,,0.585943360699997
24.285340108339934,1.2045000791549683,2025-03-07T00:45:00Z,4,4,4,4,4,4,1,0,0,4,-1.7385072524014469,-0.08749307487354117,,,,,,,,20.700000762939453,-1.4840688428576765,0.0,PS_044,,,1.822219384249583
24.02705305225678,1.2045000791549683,2025-03-07T01:00:00Z,3,3,3,3,3,3,1,0,0,3,-1.7396699339430224,-0.13111988227516289,,,,,,,,20.399999618530277,-1.3712172243013419,0.0,PS_044,,,2.0213155136472554
23.892821490974804,1.2045000791549685,2025-03-07T01:15:00Z,4,4,4,4,4,4,1,0,0,4,-1.7009404162441293,-0.2620474289968163,,,,,,,,20.065630703504794,-1.5183227198139817,0.0,PS_044,,,2.4044347175910934
23.731190408346983,1.204500079154968,2025-03-07T01:30:00Z,4,4,4,4,4,4,1,0,0,4,-1.8294352239699743,-0.1664842152538552,,,,,,,,20.00481671132621,-1.4225138849187096,0.0,PS_044,,,1.1659940947058243
23.69751193895939,1.2045000791549683,2025-03-07T01:45:00Z,3,3,3,3,3,3,1,0,0,3,-1.8415407739675744,-0.13932894750193506,,,,,,,,19.565495605386737,-1.5050349684331583,0.0,PS_044,,,0.9912867467097812
23.539999994446777,1.2045000791549683,2025-03-07T02:00:00Z,4,4,4,4,4,4,1,0,0,4,-1.8788691191916842,-0.12539372115750094,,,,,,,,19.100000381469727,-1.4857815492000201,0.0,PS_044,,,0.8300601855709256
23.193530157223854,1.2045000791549683,2025-03-07T02:15:00Z,3,3,3,3,3,3,1,0,0,3,-1.6495940889264409,-0.23373821992018423,,,,,,,,19.100000381469727,-1.445748985766823,0.0,PS_044,,,1.6427709734315303
23.028130591979146,1.204500079154968,2025-03-07T02:30:00Z,4,4,4,4,4,4,1,0,0,4,-1.9073812246496995,-0.14464463924305548,,,,,,,,18.83527220826215,-1.52526160299196,0.0,PS_044,,,0.7323172774676445
22.809001213768138,1.2045000791549683,2025-03-07T02:45:00Z,4,4,4,4,4,4,1,0,0,4,-1.915379981763387,-0.27079036845036436,,,,,,,,18.92269756837868,-1.4199999570846555,0.0,PS_044,,,1.1121233527328507
22.4905860075881,1.2045000791549683,2025-03-07T03:00:00Z,3,3,3,3,3,3,1,0,0,3,-1.9480937537819445,-0.21405473246380788,,,,,,,,18.600000381469727,-1.54172434084913,0.0,PS_044,,,1.2322359397430778
22.08275916713298,1.2045000791549683,2025-03-07T03:15:00Z,4,4,4,4,4,4,1,0,0,4,-1.8495201169563389,-0.24987190171832666,,,,,,,,18.131395036757198,-1.6484491422869003,0.0,PS_044,,,0.2957667358129458
21.737140136788035,1.2045000791549683,2025-03-07T03:30:00Z,4,4,4,4,4,4,1,0,0,4,-1.7268087804607428,-0.27840008831922597,,,,,,,,17.684564260843228,-1.6249135220819557,0.0,PS_044,,,0.049372155364589665
21.566944152190082,1.204500079154968,2025-03-07T03:45:00Z,3,3,3,3,3,3,1,0,0,3,-1.6108701528588296,-0.1767932224795015,,,,,,,,17.399873942076148,-1.661912657456742,0.0,PS_044,,,0.05596463172917965
21.568046099995563,1.2045000791549683,2025-03-07T04:00:00Z,4,4,4,4,4,4,1,0,0,4,-1.6904783120863003,-0.28903332484802685,,,,,,,,17.1081846764872,-1.5490324911309776,0.0,PS_044,,,0.46240356379262143
21.899159593301654,1.2045000791549683,2025-03-07T04:15:00Z,4,4,4,4,4,4,1,0,0,4,-1.761046872837982,-0.08624637569778697,,,,,,,,17.924446057543786,-1.386495937399072,0.0,PS_044,,,1.6788058931213243
21.266512795538045,1.2045000791549685,2025-03-07T04:30:00Z,3,3,3,3,3,3,1,0,0,3,-1.698944019549993,-0.17374595042611501,,,,,,,,17.792840749435246,-1.3268745065418557,0.0,PS_044,,,0.23518214635420817
21.006152021583446,1.2045000791549685,2025-03-07T04:45:00Z,4,4,4,4,4,4,1,0,0,4,-1.6767534412826093,-0.27733320888620927,,,,,,,,16.804390114281794,-1.4089961611954098,0.0,PS_044,,,0.15265173198641466
20.59499228450197,1.2045000791549683,2025-03-07T05:00:00Z,3,3,3,3,3,3,1,0,0,3,-1.26320491420196,-0.2708186302277368,,,,,,,,16.399999618530273,-1.5313182718489513,0.0,PS_044,,,0.05082535677099247
20.481786859087222,1.2045000791549683,2025-03-07T05:15:00Z,4,4,4,4,4,4,1,0,0,4,-1.4241663387498962,-0.21502838103272182,,,,,,,,16.550581895711094,-1.4429532871470145,0.0,PS_044,,,0.3645852413982181
20.9486091409246,1.2045000791549685,2025-03-07T05:30:00Z,4,4,4,4,4,4,1,0,0,4,-1.6646090911180622,0.050059270663196334,,,,,,,,17.323458600739098,-1.4605407370688421,0.0,PS_044,,,1.3556973186303631
20.805442043629117,1.2045000791549683,2025-03-07T05:45:00Z,3,3,3,3,3,3,1,0,0,3,-1.6615140207654384,-0.15575601301066527,,,,,,,,17.169719535667074,-1.3105983493735085,0.0,PS_044,,,1.1937732734502735
20.509603266310272,1.2045000791549683,2025-03-07T06:00:00Z,4,4,4,4,4,4,1,0,0,4,-1.5130596763171007,-0.10791117434768052,,,,,,,,17.042470264309447,-1.2702358753949434,0.0,PS_044,,,0.4862719270780249
20.097720257718002,1.2045000791549683,2025-03-07T06:15:00Z,4,4,4,4,4,4,1,0,0,4,-1.4251872211496102,-0.17099486931610738,,,,,,,,16.399999618530277,-1.4582644793743922,0.0,PS_044,,,0.4502170556879303
20.07316676772207,1.2045000791549683,2025-03-07T06:30:00Z,3,3,3,3,3,3,1,0,0,3,-1.6208336769310117,-0.1985260993216108,,,,,,,,16.647672192462853,-1.2627525208319479,0.0,PS_044,,,0.6068150841445269
20.097483901848392,1.2045000791549683,2025-03-07T06:45:00Z,4,4,4,4,4,4,1,0,0,4,-1.3963495352432826,-0.15937980765271398,,,,,,,,16.1854581360432,-1.35085078086424,0.0,PS_044,,,0.0598048756217899
20.103097542633787,1.2045000791549683,2025-03-07T07:00:00Z,3,3,3,3,3,3,1,0,0,3,-1.5156128838670306,0.00867206436712653,,,,,,,,16.086069276162274,-1.2349288549153339,0.0,PS_044,,,0.22065082345966122
19.926757367084463,1.2045000791549683,2025-03-07T07:15:00Z,4,4,4,4,4,4,1,0,0,4,-1.461519644615679,-0.22936925938181468,,,,,,,,16.399999618530273,-1.3269908565928168,0.0,PS_044,,,0.6741524846156992
19.980270567843505,1.2045000791549683,2025-03-07T07:30:00Z,4,4,4,4,4,4,1,0,0,4,-1.558580546527203,-0.09991058649806059,,,,,,,,16.70000076293945,-1.2218901737320107,0.0,PS_044,,,0.8128986238671255
19.678633981010233,1.2045000791549683,2025-03-07T07:45:00Z,3,3,3,3,3,3,1,0,0,3,-1.4507716015592678,-0.22471308488403957,,,,,,,,16.23211757505782,-1.204582275444103,0.0,PS_044,,,0.8580045216860434
19.141545164539803,1.2045000791549683,2025-03-07T08:00:00Z,9,9,9,9,9,9,1,0,0,9,-1.4147038159621608,-0.20661610449347248,,,,,,,,15.55083439465456,-1.3079071316587778,0.0,PS_044,,,0.29657315885592367
18.779467746721423,1.2045000791549685,2025-03-07T08:15:00Z,15,15,15,15,15,15,1,0,0,15,-1.3771508002216848,-0.156705354005726,,,,,,,,15.12798325709824,-1.4625350897317586,0.0,PS_044,,,0.2568788803159505
19.041530013576487,1.204500079154968,2025-03-07T08:30:00Z,15,15,15,15,15,15,1,0,0,15,-1.475009637050211,-0.14614227659087858,,,,,,,,15.33348647760932,-1.3911083832135809,0.0,PS_044,,,0.5180856559695842
19.176632098326117,1.2045000791549685,2025-03-07T08:45:00Z,15,15,15,15,15,15,1,0,0,15,-1.5183238404154933,-0.04583289698294551,,,,,,,,15.878675258152645,-1.1896195733479729,0.0,PS_044,,,0.9216406170859255
19.07155279284813,1.204500079154968,2025-03-07T09:00:00Z,9,9,9,9,9,9,1,0,0,9,-0.6289447906341137,-0.011988758771296314,,,,,,,,15.614254574525562,0.2789615983744502,0.0,PS_044,,,0.4551756960650804
18.78354998165695,1.2045000791549683,2025-03-07T09:15:00Z,4,4,4,4,4,4,1,0,0,4,7.226339955289486,0.6858598584620367,,,,,,,,15.131095364375021,16.54818665071328,0.0,PS_044,,,0.06424833682927907
20.073150416761045,1.2045000791549683,2025-03-07T09:30:00Z,3,3,3,3,3,3,1,0,0,3,35.61725832001123,2.312499778702318,,,,,,,,15.371733575799096,33.10404826738362,0.0,PS_044,,,0.024389334959448405
21.146066033276668,1.2045000791549683,2025-03-07T09:45:00Z,4,4,4,4,4,4,1,0,0,4,83.9791114527537,5.559383950073159,,,,,,,,17.07067058474244,108.43065402305267,0.0,PS_044,,,0.49119891611066957
21.63661050797178,1.2045000791549683,2025-03-07T10:00:00Z,4,4,4,4,4,4,1,0,0,4,141.85897430183192,15.136636851676183,,,,,,,,20.255378304164246,227.68009614110392,0.0,PS_044,,,1.1744238901660633
21.89398647360597,1.2045000791549685,2025-03-07T10:15:00Z,3,3,3,3,3,3,1,0,0,3,203.66204676732164,10.145746842694242,,,,,,,,23.7211318103621,362.37080071643726,0.0,PS_044,,,2.042833034251345
22.72650706549601,1.2045000791549683,2025-03-07T10:30:00Z,4,4,4,4,4,4,1,0,0,4,268.2388047221929,19.088432043574816,,,,,,,,29.36476304329304,496.59911827618043,0.0,PS_044,,,1.6718645085055877
22.81547169915938,1.2045000791549683,2025-03-07T10:45:00Z,3,3,3,3,3,3,1,0,0,3,336.9982842965063,34.07685312124864,,,,,,,,34.11617906418763,655.1787498126671,0.0,PS_044,,,2.7023996506309564
23.11439081046227,1.2045000791549685,2025-03-07T11:00:00Z,4,4,4,4,4,4,1,0,0,4,399.2982172876467,46.76136707111755,,,,,,,,36.5546680425226,802.9901111488448,0.0,PS_044,,,3.5377146382048066
24.588544790719045,1.2045000791549683,2025-03-07T11:15:00Z,3,3,3,3,3,3,1,0,0,3,461.298094942747,43.61155428060569,,,,,,,,42.864418154586595,936.4942184012449,0.0,PS_044,,,2.5367617723604394
25.345887881067107,1.204500079154968,2025-03-07T11:30:00Z,4,4,4,4,4,4,1,0,0,4,526.8332797997874,45.68996332052198,,,,,,,,44.9627724428229,968.4983329191779,0.0,PS_044,,,2.1154016875102135
25.246294731298665,1.2045000791549683,2025-03-07T11:45:00Z,3,3,3,3,3,3,1,0,0,3,586.4431017716341,48.24122716588257,,,,,,,,44.698522273951575,991.6876641031089,0.0,PS_044,,,3.426889859449411
26.241270865398302,1.2045000791549683,2025-03-07T12:00:00Z,4,4,4,4,4,4,1,0,0,4,646.3480454829137,51.33525739917243,,,,,,,,45.776952726276576,1009.6334155355842,0.0,PS_044,,,4.61376155011019
26.627972402649785,1.2045000791549683,2025-03-07T12:15:00Z,4,4,4,4,4,4,1,0,0,4,708.8483606907357,54.488275683840165,,,,,,,,45.039053240756175,1018.9506221697116,0.0,PS_044,,,3.8990448945413783
27.39825286896884,1.2045000791549683,2025-03-07T12:30:00Z,3,3,3,3,3,3,1,0,0,3,763.546851486368,58.33920737286122,,,,,,,,44.85206552729782,1039.3494440705924,0.0,PS_044,,,5.525608419518707
27.098266147194792,1.2045000791549683,2025-03-07T12:45:00Z,4,4,4,4,4,4,1,0,0,4,826.4681945101453,62.82859309620612,,,,,,,,44.75760863856091,1063.6450090124376,0.0,PS_044,,,5.048195217656197
28.11892039239179,1.2045000791549683,2025-03-07T13:00:00Z,3,3,3,3,3,3,1,0,0,3,827.9280460798549,62.085753537054785,,,,,,,,45.45825231194812,1000.2132928435607,0.0,PS_044,,,2.940889762122251
28.20329465350159,1.204500079154968,2025-03-07T13:15:00Z,4,4,4,4,4,4,1,0,0,4,882.7710243597991,73.17573117817966,,,,,,,,47.447313349182735,1066.0252227995206,0.0,PS_044,,,4.26832419456134
28.686800066536644,1.2045000791549683,2025-03-07T13:30:00Z,3,3,3,3,3,3,1,0,0,3,955.9266759048679,72.5626788471878,,,,,,,,45.96803017798855,1093.946196867875,0.0,PS_044,,,4.893635944617021
29.225351271869567,1.2045000791549683,2025-03-07T13:45:00Z,4,4,4,4,4,4,1,0,0,4,1043.1249380410175,77.46697777834122,,,,,,,,46.69555797406674,1134.2738511233804,0.0,PS_044,,,5.027343751492221
27.777637455268824,1.2045000791549683,2025-03-07T14:00:00Z,3,3,3,3,3,3,1,0,0,3,1030.615873046922,86.87932408486401,,,,,,,,39.45232648139076,1081.0273591055116,0.0,PS_044,,,6.016299455512261
29.91892647139604,1.2045000791549683,2025-03-07T14:15:00Z,3,3,3,3,3,3,1,0,0,3,1115.7407357605355,89.6999288753841,,,,,,,,48.24074888363369,1175.2441631683962,0.0,PS_044,,,4.237807059471423
29.91829298202603,1.204500079154968,2025-03-07T14:30:00Z,4,4,4,4,4,4,1,0,0,4,1087.7217688017524,72.6110249490255,,,,,,,,46.605503502859314,1080.5797114771021,0.0,PS_044,,,5.660581699279219
30.98646306738143,1.2045000791549683,2025-03-07T14:45:00Z,4,4,4,4,4,4,1,0,0,4,791.5736494030127,64.51280289975402,,,,,,,,49.27418615359858,801.3471657624067,0.0,PS_044,,,2.84356248905728
30.642762503299945,1.2045000791549683,2025-03-07T15:00:00Z,3,3,3,3,3,3,1,0,0,3,1029.999175255956,84.81575173461978,,,,,,,,48.79054415739606,1038.0782365586365,0.0,PS_044,,,3.129430555229334
30.236621189661534,1.2045000791549683,2025-03-07T15:15:00Z,4,4,4,4,4,4,1,0,0,4,618.2407092123303,65.71206263119495,,,,,,,,46.97379103164077,633.955537247494,0.0,PS_044,,,4.26183546395598
30.408396801725967,1.2045000791549685,2025-03-07T15:30:00Z,3,3,3,3,3,3,1,0,0,3,1106.5809874501695,93.06035913135436,,,,,,,,48.001454399515474,1112.9104260994175,0.0,PS_044,,,2.4394050662843516
30.696683654626217,1.2045000791549683,2025-03-07T15:45:00Z,4,4,4,4,4,4,1,0,0,4,948.6504889887173,90.00734592841084,,,,,,,,47.6515391746391,934.05636516875,0.0,PS_044,,,2.9540897816486287
30.301418516398744,1.2045000791549685,2025-03-07T16:00:00Z,3,3,3,3,3,3,1,0,0,3,622.5768773686897,57.753369771863916,,,,,,,,42.90278236065056,634.2907000995991,0.0,PS_044,,,3.273131979807294
31.153555100671277,1.2045000791549683,2025-03-07T16:15:00Z,4,4,4,4,4,4,1,0,0,4,978.7160198400506,87.21776005370327,,,,,,,,46.542168396944874,1012.9217662497674,0.0,PS_044,,,3.6628642648943885
31.539101222177884,1.2045000791549683,2025-03-07T16:30:00Z,3,3,3,3,3,3,1,0,0,3,1144.8838089008304,92.60774730260808,,,,,,,,50.61907743057141,1201.6234490873217,0.0,PS_044,,,2.4703206491668253
31.1990776616146,1.2045000791549683,2025-03-07T16:45:00Z,4,4,4,4,4,4,1,0,0,4,1016.4071271064803,87.35377767843613,,,,,,,,50.93683324638955,1102.9427524758569,0.0,PS_044,,,2.4825851578858167
32.12376364408417,1.2045000791549683,2025-03-07T17:00:00Z,4,4,4,4,4,4,1,0,0,4,978.3700454186064,88.38635266553877,,,,,,,,50.61363511063564,1089.7613580198533,0.0,PS_044,,,2.3345973240881914
31.68223825718639,1.2045000791549685,2025-03-07T17:15:00Z,3,3,3,3,3,3,1,0,0,3,963.2265302812004,82.1180935304907,,,,,,,,49.44635627401323,1108.5199720022279,0.0,PS_044,,,2.27249703336749
31.821239036880428,1.2045000791549685,2025-03-07T17:30:00Z,4,4,4,4,4,4,1,0,0,4,674.9529741363805,60.24633911063509,,,,,,,,48.83873635548834,782.4025021217499,0.0,PS_044,,,2.7457424966202213
31.56768207445027,1.2045000791549683,2025-03-07T17:45:00Z,3,3,3,3,3,3,1,0,0,3,502.34506201964246,44.55744455499308,,,,,,,,44.46431612056852,615.301881453517,0.0,PS_044,,,1.6870020854825216
32.505027096937475,1.204500079154968,2025-03-07T18:00:00Z,4,4,4,4,4,4,1,0,0,4,564.2609666791046,50.80639967257756,,,,,,,,51.36149150484016,717.5907671472986,0.0,PS_044,,,1.8592624634431185
33.12666818011052,1.2045000791549685,2025-03-07T18:15:00Z,3,3,3,3,3,3,1,0,0,3,786.312952601827,70.6765486139679,,,,,,,,52.72713999618672,1053.8688455281742,0.0,PS_044,,,1.475346354777878
32.302250554128726,1.2045000791549685,2025-03-07T18:30:00Z,4,4,4,4,4,4,1,0,0,4,713.325904116454,66.51387251500923,,,,,,,,50.36356233082206,1026.6232172084412,0.0,PS_044,,,1.4468389831656028
32.33400668196532,1.2045000791549683,2025-03-07T18:45:00Z,3,3,3,3,3,3,1,0,0,3,683.6970804479912,62.70590388394158,,,,,,,,52.70729729897876,1059.1499040080619,0.0,PS_044,,,3.450911169408635
31.657718805495335,1.2045000791549683,2025-03-07T19:00:00Z,4,4,4,4,4,4,1,0,0,4,373.6914284721401,38.5581803196257,,,,,,,,48.174976532159754,630.9634334374357,0.0,PS_044,,,1.4834027856450007
31.607498093819622,1.2045000791549685,2025-03-07T19:15:00Z,3,3,3,3,3,3,1,0,0,3,518.689438744694,49.75814291017133,,,,,,,,49.93936258469481,974.4499412330955,0.0,PS_044,,,1.7190352859699596
31.64973165180437,1.204500079154968,2025-03-07T19:30:00Z,4,4,4,4,4,4,1,0,0,4,470.4725372639092,48.25380916400792,,,,,,,,50.13606488153113,962.6025459444576,0.0,PS_044,,,2.095225271380542
31.394101903016164,1.2045000791549683,2025-03-07T19:45:00Z,3,3,3,3,3,3,1,0,0,3,129.97953990864326,19.795265559060994,,,,,,,,43.56370108017866,248.10537612143528,0.0,PS_044,,,1.5248716137361398
32.55756253905333,1.2045000791549683,2025-03-07T20:00:00Z,4,4,4,4,4,4,1,0,0,4,319.64837833942045,61.91623045235834,,,,,,,,46.04359105213226,730.9268344452852,0.0,PS_044,,,0.9237088488754928
32.136177318022995,1.2045000791549683,2025-03-07T20:15:00Z,3,3,3,3,3,3,1,0,0,3,257.14109393977145,62.62320026611855,,,,,,,,45.47426853801168,594.665986783982,0.0,PS_044,,,0.4990663648204822
31.47693218434697,1.2045000791549685,2025-03-07T20:30:00Z,4,4,4,4,4,4,1,0,0,4,190.20369750985788,49.781543155277305,,,,,,,,41.82219394679558,454.31086731968657,0.0,PS_044,,,0.4482602957645195
31.23366868022844,1.2045000791549683,2025-03-07T20:45:00Z,3,3,3,3,3,3,1,0,0,3,127.8539712718296,28.034979646027278,,,,,,,,38.41324462733637,319.91408450694956,0.0,PS_044,,,0.0
29.595769377431406,1.2045000791549683,2025-03-07T21:00:00Z,4,4,4,4,4,4,1,0,0,4,73.50900390742757,12.921504474029549,,,,,,,,32.63161202153338,164.54147472250585,0.0,PS_044,,,0.20048507502209048
27.51560269399228,1.2045000791549683,2025-03-07T21:15:00Z,4,4,4,4,4,4,1,0,0,4,16.09479981366929,1.2490247260568381,,,,,,,,27.089303574182924,18.89206658102187,0.0,PS_044,,,0.02445162713471376
26.82604070829422,1.2045000791549683,2025-03-07T21:30:00Z,3,3,3,3,3,3,1,0,0,3,4.231182243260392,0.6003769840778341,,,,,,,,23.6469376016432,3.4755790325440645,0.0,PS_044,,,0.11289062980981167
26.47676405065296,1.2045000791549683,2025-03-07T21:45:00Z,3,3,3,3,3,3,1,0,0,3,-1.0363160742351911,-0.1460533887107273,,,,,,,,22.387557821985038,-1.8739733216280492,0.0,PS_044,,,0.15910095860273848
26.553224935117058,1.2045000791549683,2025-03-07T22:00:00Z,4,4,4,4,4,4,1,0,0,4,-1.6351031929320927,-0.2929836771840644,,,,,,,,22.26529229420338,-1.8715651910847386,0.0,PS_044,,,0.4627260163738043
26.834248264187085,1.2045000791549683,2025-03-07T22:15:00Z,3,3,3,3,3,3,1,0,0,3,-1.7623483191751557,-0.3170884693189089,,,,,,,,21.89057842257111,-1.9658837639577744,0.0,PS_044,,,0.24187573059377762
26.429396330610263,1.2045000791549683,2025-03-07T22:30:00Z,4,4,4,4,4,4,1,0,0,4,-1.745651857100288,-0.3625759383863702,,,,,,,,21.82357478065843,-1.9074113933989216,0.0,PS_044,,,0.32206453130108775
25.894382696680793,1.2045000791549683,2025-03-07T22:45:00Z,4,4,4,4,4,4,1,0,0,4,-1.7643138855005043,-0.30525561376185095,,,,,,,,21.042231260307755,-2.0752637687188233,0.0,PS_044,,,0.0
25.585175395273573,1.2045000791549683,2025-03-07T23:00:00Z,3,3,3,3,3,3,1,0,0,3,-1.5301176544089699,-0.11503471917961802,,,,,,,,20.75219727088662,-1.5439459291943118,0.0,PS_044,,,0.4367092070120909
25.37410192228526,1.2045000791549683,2025-03-07T23:15:00Z,4,4,4,4,4,4,1,0,0,4,-1.1147276740999545,-0.07911580377055139,,,,,,,,21.15474049522673,-1.1363702760483592,0.0,PS_044,,,0.07454007543682219
24.77241361137455,1.204500079154968,2025-03-07T23:30:00Z,3,3,3,3,3,3,1,0,0,3,-0.8429290042546711,-0.05036275546964245,,,,,,,,21.97761280871222,-0.9949219552272586,0.0,PS_044,,,0.7963912211829943
24.927860074485984,1.2045000791549683,2025-03-07T23:45:00Z,4,4,4,4,4,4,1,0,0,4,-1.144175276591599,-0.11526570073359425,,,,,,,,21.925348828717848,-1.1424196745443895,0.0,PS_044,,,0.43950036646311663
24.656055386621066,1.2045000791549683,2025-03-08T00:00:00Z,3,3,3,3,3,3,1,0,0,3,-1.2094770841841898,-0.22510614017140065,,,,,,,,21.200000762939453,-1.4512187533087428,0.0,PS_044,,,0.0
24.866822060082626,1.2045000791549683,2025-03-08T00:15:00Z,4,4,4,4,4,4,1,0,0,4,-1.2427048772714275,-0.17943506240545434,,,,,,,,21.200000762939453,-1.2122314838947712,0.0,PS_044,,,0.27330302491266134
24.44031688516438,1.2045000791549683,2025-03-08T00:30:00Z,3,3,3,3,3,3,1,0,0,3,-1.3678386194597576,-0.1722695567245999,,,,,,,,20.74508532652242,-1.2389346276841489,0.0,PS_044,,,0.0
24.277059550092495,1.2045000791549683,2025-03-08T00:45:00Z,4,4,4,4,4,4,1,0,0,4,-1.1020877419158954,-0.21955592618654832,,,,,,,,20.81994297622972,-1.1547053160845782,0.0,PS_044,,,0.5854216378892046
24.190651999920423,1.2045000791549683,2025-03-08T01:00:00Z,4,4,4,4,4,4,1,0,0,4,-1.4153207600017266,-0.15242190760410362,,,,,,,,20.71333050715196,-1.2549432129433578,0.0,PS_044,,,0.23112389899161123
24.380157237420956,1.2045000791549683,2025-03-08T01:15:00Z,3,3,3,3,3,3,1,0,0,3,-1.7813605483133064,-0.12162237914814303,,,,,,,,20.31395833179807,-1.4736761902737612,0.0,PS_044,,,0.8702460193297319
23.95958276970519,1.2045000791549683,2025-03-08T01:30:00Z,4,4,4,4,4,4,1,0,0,4,-1.7838972929571162,-0.2746674303043557,,,,,,,,19.620704360473464,-1.5692201270430366,0.0,PS_044,,,0.5418143739425563
23.386554749933655,1.2045000791549685,2025-03-08T01:45:00Z,3,3,3,3,3,3,1,0,0,3,-1.7551730015299636,-0.2443712032778972,,,,,,,,19.09568410095492,-1.7822508975892208,0.0,PS_044,,,0.059852068576561036
23.034921028705075,1.204500079154968,2025-03-08T02:00:00Z,4,4,4,4,4,4,1,0,0,4,-1.569283884606725,-0.18402174065012925,,,,,,,,18.752716457086102,-1.7218576575026383,0.0,PS_044,,,0.4340482126603411
22.841091061173902,1.2045000791549683,2025-03-08T02:15:00Z,4,4,4,4,4,4,1,0,0,4,-1.5097975573521705,-0.22121974890639567,,,,,,,,18.574453927183278,-1.6477985163425726,0.0,PS_044,,,0.2934507994541955
22.623208783108726,1.204500079154968,2025-03-08T02:30:00Z,3,3,3,3,3,3,1,0,0,3,-1.6586256264700419,-0.22470695578997887,,,,,,,,18.11196340393912,-1.9849499928084937,0.0,PS_044,,,0.2922399930248617
22.66038580362377,1.2045000791549683,2025-03-08T02:45:00Z,4,4,4,4,4,4,1,0,0,4,-1.347584512109854,-0.2870258317764366,,,,,,,,17.999950123645654,-1.6053117709105602,0.0,PS_044,,,0.0
21.44750610436728,1.2045000791549683,2025-03-08T03:00:00Z,3,3,3,3,3,3,1,0,0,3,-1.8083568073342213,-0.4647201116832838,,,,,,,,16.949799054879996,-2.095580339754488,0.0,PS_044,,,0.0
21.328079824659884,1.204500079154968,2025-03-08T03:15:00Z,4,4,4,4,4,4,1,0,0,4,-1.4282145818320244,-0.26042798766615227,,,,,,,,16.53718935402273,-1.6313683807935906,0.0,PS_044,,,0.1364084769376549
20.975517848266023,1.204500079154968,2025-03-08T03:30:00Z,4,4,4,4,4,4,1,0,0,4,-1.4301536905397065,-0.19147377779672856,,,,,,,,16.644005349843912,-1.8673806947436349,0.0,PS_044,,,0.17097450992550706
20.75177043867043,1.2045000791549683,2025-03-08T03:45:00Z,3,3,3,3,3,3,1,0,0,3,-1.5654081300489293,-0.09247401996249349,,,,,,,,16.404824465958708,-1.7237777765676263,0.0,PS_044,,,0.012905467300325399
20.530252739458316,1.2045000791549683,2025-03-08T04:00:00Z,4,4,4,4,4,4,1,0,0,4,-1.4800480901637192,-0.18649485611105243,,,,,,,,16.07115449664696,-1.891486615349431,0.0,PS_044,,,0.06710482491991339
20.654803172950547,1.2045000791549683,2025-03-08T04:15:00Z,3,3,3,3,3,3,1,0,0,3,-1.3527113341780828,-0.1648366236128422,,,,,,,,16.347734654332484,-1.647414775170021,0.0,PS_044,,,0.393887898777042
20.745732754280162,1.204500079154968,2025-03-08T04:30:00Z,4,4,4,4,4,4,1,0,0,4,-1.2921607512885158,-0.13476069127806398,,,,,,,,16.550311164544706,-1.5475291784087264,0.0,PS_044,,,0.4484719596552113
20.799940722614025,1.2045000791549683,2025-03-08T04:45:00Z,4,4,4,4,4,4,1,0,0,4,-1.4686144480416476,-0.1837582243125838,,,,,,,,16.316071548571163,-1.6616877553740903,0.0,PS_044,,,0.16695452891719956
20.39267116206176,1.2045000791549685,2025-03-08T05:00:00Z,3,3,3,3,3,3,1,0,0,3,-1.5506210590718674,-0.1690148012891312,,,,,,,,16.37201225774903,-1.7002074807280139,0.0,PS_044,,,0.0
20.22676491890934,1.2045000791549683,2025-03-08T05:15:00Z,4,4,4,4,4,4,1,0,0,4,-1.3607699124397625,-0.20144403923438983,,,,,,,,15.67413130804174,-1.4922163252080065,0.0,PS_044,,,0.07265712927250007
19.38644861645692,1.204500079154968,2025-03-08T05:30:00Z,4,4,4,4,4,4,1,0,0,4,-1.6855836511547997,-0.2634554640394659,,,,,,,,15.002104505466702,-1.723640209670593,0.0,PS_044,,,0.0
20.040999619150583,1.2045000791549685,2025-03-08T05:45:00Z,3,3,3,3,3,3,1,0,0,3,-1.1719782248764061,-0.1889016961617653,,,,,,,,15.300000190734862,-1.3135280942180547,0.0,PS_044,,,0.0
19.734140183550842,1.2045000791549683,2025-03-08T06:00:00Z,4,4,4,4,4,4,1,0,0,4,-1.3487993785689427,-0.12991126557262797,,,,,,,,15.128199929188678,-1.696620024590405,0.0,PS_044,,,0.06880695862479239
19.85841117526661,1.2045000791549685,2025-03-08T06:15:00Z,3,3,3,3,3,3,1,0,0,3,-1.145945088965796,0.018178858605025786,,,,,,,,15.344191149610255,-1.4255003027056417,0.0,PS_044,,,0.10016611082058446
19.842963880137088,1.204500079154968,2025-03-08T06:30:00Z,4,4,4,4,4,4,1,0,0,4,-0.9805107856418385,-0.05382680003300312,,,,,,,,16.02693252300845,-1.170903520408059,0.0,PS_044,,,0.4696276716232876
19.96835865368164,1.2045000791549683,2025-03-08T06:45:00Z,4,4,4,4,4,4,1,0,0,4,-1.4362472421375296,-0.014653626914079556,,,,,,,,15.913450284350109,-1.2078950433223974,0.0,PS_044,,,0.0
19.515781785919295,1.2045000791549685,2025-03-08T07:00:00Z,3,3,3,3,3,3,1,0,0,3,-1.402645969982205,-0.07193317790051966,,,,,,,,15.722519395850057,-1.2720874741171662,0.0,PS_044,,,0.0
19.062369804873555,1.2045000791549685,2025-03-08T07:15:00Z,4,4,4,4,4,4,1,0,0,4,-1.342364329622166,-0.17654203059441564,,,,,,,,15.282962643356766,-1.5124301771037694,0.0,PS_044,,,0.41251280498916565
19.506984729886273,1.2045000791549683,2025-03-08T07:30:00Z,3,3,3,3,3,3,1,0,0,3,-1.2215966050660063,-0.10884807867204847,,,,,,,,15.896476834511635,-1.5314424549011743,0.0,PS_044,,,0.8379300328148866
19.60791492348204,1.2045000791549685,2025-03-08T07:45:00Z,4,4,4,4,4,4,1,0,0,4,-1.5291718524085123,-0.1907389045476225,,,,,,,,15.950003458684076,-1.2993579308912613,0.0,PS_044,,,0.12920462787123219
18.404738218624836,1.2045000791549683,2025-03-08T08:00:00Z,10,10,10,10,10,10,1,0,0,10,-1.5441706194644724,-0.2853108111966615,,,,,,,,14.535860480470358,-1.7745696111910028,0.0,PS_044,,,0.0
18.807093555928734,1.2045000791549683,2025-03-08T08:15:00Z,14,14,14,14,14,14,1,0,0,14,-1.1573797360276792,-0.058710846911431754,,,,,,,,14.699106423585903,-1.3507093712416676,0.0,PS_044,,,0.15772909252891398
19.098646772364475,1.2045000791549678,2025-03-08T08:30:00Z,15,15,15,15,15,15,1,0,0,15,-1.1952174918251994,-0.0827229049480799,,,,,,,,15.029897541235165,-1.2439950806809272,0.0,PS_044,,,0.08001540147826745
19.18000503566594,1.2045000791549683,2025-03-08T08:45:00Z,15,15,15,15,15,15,1,0,0,15,-1.302159087661852,-0.07174298531086075,,,,,,,,15.18264776796572,-1.2107990486988682,0.0,PS_044,,,0.1583068285481444
19.004412618239062,1.204500079154968,2025-03-08T09:00:00Z,9,9,9,9,9,9,1,0,0,9,-0.4659625630987655,-0.04290240983522933,,,,,,,,15.1674294742814,0.07756405697999902,0.0,PS_044,,,0.06842119027496667
18.93806952814212,1.2045000791549683,2025-03-08T09:15:00Z,4,4,4,4,4,4,1,0,0,4,6.936189195000595,0.7020944974340301,,,,,,,,15.288001708409643,15.988044429806122,0.0,PS_044,,,0.0
20.01403587887483,1.2045000791549683,2025-03-08T09:30:00Z,3,3,3,3,3,3,1,0,0,3,36.20680566873829,2.536899945933416,,,,,,,,15.380161080059839,34.424174447643885,0.0,PS_044,,,0.0632899759184228
21.225509204402538,1.2045000791549683,2025-03-08T09:45:00Z,4,4,4,4,4,4,1,0,0,4,82.90860501146801,5.725993991560823,,,,,,,,17.147904328869952,106.00224125156683,0.0,PS_044,,,0.04883408941034351
22.133770658617273,1.2045000791549685,2025-03-08T10:00:00Z,4,4,4,4,4,4,1,0,0,4,140.35742038570555,15.22529626009532,,,,,,,,20.629580399589727,219.57031140224632,0.0,PS_044,,,0.17711619813217233
22.777289365465,1.204500079154968,2025-03-08T10:15:00Z,3,3,3,3,3,3,1,0,0,3,201.07320439060902,10.274909709118916,,,,,,,,24.63917780505288,357.16363328660975,0.0,PS_044,,,0.26214990821947814
23.02256903451577,1.2045000791549685,2025-03-08T10:30:00Z,4,4,4,4,4,4,1,0,0,4,266.2555343008902,19.449888554265147,,,,,,,,30.09870561659712,495.68258164271424,0.0,PS_044,,,0.3562980658843006
23.748495711798114,1.2045000791549685,2025-03-08T10:45:00Z,3,3,3,3,3,3,1,0,0,3,333.31965182839025,34.40562760094256,,,,,,,,36.32525897862849,650.0113170711752,0.0,PS_044,,,0.31268815688646573
24.765356431875762,1.204500079154968,2025-03-08T11:00:00Z,4,4,4,4,4,4,1,0,0,4,395.48554775955085,46.97187652042791,,,,,,,,41.93773209882645,797.5203825697056,0.0,PS_044,,,1.3068605498704817
25.294893198020024,1.2045000791549685,2025-03-08T11:15:00Z,3,3,3,3,3,3,1,0,0,3,459.0244865391019,44.170306650339256,,,,,,,,46.3755719766169,931.4334576226828,0.0,PS_044,,,0.648673014058883
25.30711267166094,1.2045000791549683,2025-03-08T11:30:00Z,4,4,4,4,4,4,1,0,0,4,520.534677241108,46.07496592587233,,,,,,,,48.25764463011185,956.9706632532782,0.0,PS_044,,,2.3173748332798625
25.903804537638628,1.2045000791549683,2025-03-08T11:45:00Z,4,4,4,4,4,4,1,0,0,4,589.3926764308131,49.37581593912012,,,,,,,,48.61274099079555,992.6643888347279,0.0,PS_044,,,3.211064619157613
26.402903184518973,1.2045000791549683,2025-03-08T12:00:00Z,3,3,3,3,3,3,1,0,0,3,649.8310429676353,52.40628798484706,,,,,,,,47.811251171489765,1008.231780145432,0.0,PS_044,,,3.6612151789451803
27.208897233858583,1.2045000791549685,2025-03-08T12:15:00Z,4,4,4,4,4,4,1,0,0,4,709.4871655735014,55.12776087827843,,,,,,,,47.19486466173008,1025.9842570871356,0.0,PS_044,,,4.337585305765319
28.047494712257674,1.2045000791549683,2025-03-08T12:30:00Z,3,3,3,3,3,3,1,0,0,3,756.9030071332219,57.533323820850036,,,,,,,,47.622171144526824,1029.9448971984477,0.0,PS_044,,,1.5962883966016193
28.19435227966052,1.2045000791549683,2025-03-08T12:45:00Z,4,4,4,4,4,4,1,0,0,4,807.6007598909107,60.838007576300704,,,,,,,,48.0789160005135,1042.907876258302,0.0,PS_044,,,3.8390230112988473
28.45692367508581,1.204500079154968,2025-03-08T13:00:00Z,3,3,3,3,3,3,1,0,0,3,848.0599122330918,63.49212214976254,,,,,,,,48.92057635772655,1047.8595651997396,0.0,PS_044,,,2.4892229137087987
28.900888178035228,1.2045000791549685,2025-03-08T13:15:00Z,4,4,4,4,4,4,1,0,0,4,885.945876921253,65.89826157200038,,,,,,,,50.540233950292226,1051.6405084247576,0.0,PS_044,,,3.5569632394267567
28.996534587259585,1.2045000791549683,2025-03-08T13:30:00Z,3,3,3,3,3,3,1,0,0,3,922.772166765542,68.5107864920919,,,,,,,,50.02235048400885,1055.5175307316924,0.0,PS_044,,,1.8655509346704429
30.21945253449925,1.2045000791549683,2025-03-08T13:45:00Z,4,4,4,4,4,4,1,0,0,4,962.884394029677,72.6591820852941,,,,,,,,53.28971407649737,1062.2843805462685,0.0,PS_044,,,3.201084642947596
30.232691722945308,1.2045000791549683,2025-03-08T14:00:00Z,4,4,4,4,4,4,1,0,0,4,1008.7311095456879,77.84518694715315,,,,,,,,52.55085058199245,1076.0947167522847,0.0,PS_044,,,2.6036028659367303
31.778376367092296,1.2045000791549685,2025-03-08T14:15:00Z,3,3,3,3,3,3,1,0,0,3,1064.7025526629402,83.52511628408001,,,,,,,,53.19122818590854,1104.9897733227094,0.0,PS_044,,,1.0317376619637928
32.587581975193956,1.2045000791549685,2025-03-08T14:30:00Z,4,4,4,4,4,4,1,0,0,4,1125.7488730212303,89.97340674223938,,,,,,,,58.02055729881797,1142.558106056614,0.0,PS_044,,,2.574580854159856
30.646351847409065,1.204500079154968,2025-03-08T14:45:00Z,3,3,3,3,3,3,1,0,0,3,842.1095327365288,69.21560347565496,,,,,,,,50.52740217372821,852.8816444472882,0.0,PS_044,,,4.087564831314841
30.88904723625192,1.2045000791549683,2025-03-08T15:00:00Z,4,4,4,4,4,4,1,0,0,4,949.4539191889871,80.79729321400151,,,,,,,,48.46100476436608,953.9194267759973,0.0,PS_044,,,2.5641696268608736
30.30196432569987,1.204500079154968,2025-03-08T15:15:00Z,3,3,3,3,3,3,1,0,0,3,623.8746272578488,60.78235097048912,,,,,,,,46.26228400993122,632.3307193882466,0.0,PS_044,,,1.7343979127638791
30.547929559768832,1.2045000791549683,2025-03-08T15:30:00Z,4,4,4,4,4,4,1,0,0,4,1030.6870200087785,83.807517095974,,,,,,,,48.2268129605296,1013.8297157353201,0.0,PS_044,,,3.6155424960172957
30.113803828189003,1.2045000791549683,2025-03-08T15:45:00Z,3,3,3,3,3,3,1,0,0,3,616.7531641046376,53.31136099803244,,,,,,,,45.8155967434078,614.0155589924269,0.0,PS_044,,,2.371233727536602
31.83987842328059,1.2045000791549683,2025-03-08T16:00:00Z,4,4,4,4,4,4,1,0,0,4,1158.1283895756742,110.04889536295508,,,,,,,,55.68305874890992,1179.2082208565,0.0,PS_044,,,1.806464530334492
30.454103076765385,1.2045000791549683,2025-03-08T16:15:00Z,3,3,3,3,3,3,1,0,0,3,312.49551017693204,34.717433514564334,,,,,,,,43.53570829717186,314.6970990659169,0.0,PS_044,,,3.2079396592561977
31.78141639462813,1.2045000791549683,2025-03-08T16:30:00Z,4,4,4,4,4,4,1,0,0,4,1034.294111484313,94.00698777348518,,,,,,,,47.599471141381045,1078.2340538969531,0.0,PS_044,,,1.4594284204833807
32.21339917059629,1.2045000791549683,2025-03-08T16:45:00Z,3,3,3,3,3,3,1,0,0,3,1086.351136466451,97.56199409038437,,,,,,,,53.19916847440853,1168.9382366777966,0.0,PS_044,,,1.474295209347779
32.2789852039552,1.2045000791549683,2025-03-08T17:00:00Z,4,4,4,4,4,4,1,0,0,4,594.3834596827285,57.87877341851073,,,,,,,,54.02467225686782,632.4974298500725,0.0,PS_044,,,1.5709846102377878
30.479161769108426,1.2045000791549683,2025-03-08T17:15:00Z,3,3,3,3,3,3,1,0,0,3,352.8439596358427,47.13315643812491,,,,,,,,38.61255811014528,396.60097150051627,0.0,PS_044,,,2.555973899939347
31.9066808467966,1.2045000791549683,2025-03-08T17:30:00Z,4,4,4,4,4,4,1,0,0,4,910.4546143925937,79.38771487020912,,,,,,,,47.27483021034191,1087.6815303572942,0.0,PS_044,,,2.3739974718473213
32.54563028211867,1.2045000791549685,2025-03-08T17:45:00Z,4,4,4,4,4,4,1,0,0,4,876.257073706626,74.90435197331749,,,,,,,,50.44867710032192,1101.8531233742,0.0,PS_044,,,1.5942575805194614
32.90888853347293,1.2045000791549683,2025-03-08T18:00:00Z,3,3,3,3,3,3,1,0,0,3,790.5749956330113,66.48838437772153,,,,,,,,52.40855457433265,1042.1201909949853,0.0,PS_044,,,1.4512436175166588
32.94182509681005,1.2045000791549683,2025-03-08T18:15:00Z,4,4,4,4,4,4,1,0,0,4,743.344182159884,63.7134944863684,,,,,,,,50.70724415635207,1038.2403070572238,0.0,PS_044,,,2.1035260740846042
32.38516513952455,1.2045000791549683,2025-03-08T18:30:00Z,3,3,3,3,3,3,1,0,0,3,686.3895393503241,59.731264314701114,,,,,,,,49.49488924020694,1027.1681135116248,0.0,PS_044,,,1.4162217582360686
32.22807776786238,1.2045000791549685,2025-03-08T18:45:00Z,4,4,4,4,4,4,1,0,0,4,631.5538987280937,55.934842532572716,,,,,,,,49.69762292499829,1011.3346959086017,0.0,PS_044,,,1.9612342524176773
32.15989217377358,1.2045000791549685,2025-03-08T19:00:00Z,3,3,3,3,3,3,1,0,0,3,575.1671719444636,52.01879212105028,,,,,,,,48.907584781962946,994.442382456218,0.0,PS_044,,,2.021487903183787
31.698223206566865,1.2045000791549683,2025-03-08T19:15:00Z,4,4,4,4,4,4,1,0,0,4,512.6134325451594,48.16294105685916,,,,,,,,48.220625191621366,972.0439989733665,0.0,PS_044,,,2.050584545156182
31.67528973222124,1.2045000791549683,2025-03-08T19:30:00Z,3,3,3,3,3,3,1,0,0,3,450.9094136471869,45.96768633900123,,,,,,,,48.021809459646036,944.6852136225699,0.0,PS_044,,,1.7801786594988884
32.14671757435289,1.2045000791549683,2025-03-08T19:45:00Z,4,4,4,4,4,4,1,0,0,4,384.982505509554,56.168469076152746,,,,,,,,46.847102643111306,854.491770404617,0.0,PS_044,,,1.648868803895344
32.46871795039456,1.204500079154968,2025-03-08T20:00:00Z,3,3,3,3,3,3,1,0,0,3,319.3598336782135,65.06847319458593,,,,,,,,45.02491609458072,725.0302580351293,0.0,PS_044,,,0.7598676625025332
32.390611693056165,1.2045000791549683,2025-03-08T20:15:00Z,4,4,4,4,4,4,1,0,0,4,251.99020278853396,62.9749961430251,,,,,,,,45.18255565405268,598.3048547710436,0.0,PS_044,,,0.21220770208913955
32.016826352459944,1.2045000791549683,2025-03-08T20:30:00Z,3,3,3,3,3,3,1,0,0,3,189.1981726480966,50.704110617462085,,,,,,,,42.23837450241217,461.6074983562929,0.0,PS_044,,,0.23310137244781604
30.815011369887,1.2045000791549683,2025-03-08T20:45:00Z,4,4,4,4,4,4,1,0,0,4,124.5221914559348,27.330682261202796,,,,,,,,36.67400157204775,309.3569359153212,0.0,PS_044,,,0.09768328536827288
29.659077358297385,1.2045000791549685,2025-03-08T21:00:00Z,4,4,4,4,4,4,1,0,0,4,65.31761631983062,11.44721608379784,,,,,,,,31.04510756646258,164.8551496977053,0.0,PS_044,,,0.10836222638384199
27.286841627145524,1.204500079154968,2025-03-08T21:15:00Z,3,3,3,3,3,3,1,0,0,3,14.66636285446043,1.4947265007057173,,,,,,,,25.69700023062855,16.615982480121993,0.0,PS_044,,,0.2463162492521067
26.91457932583852,1.204500079154968,2025-03-08T21:30:00Z,4,4,4,4,4,4,1,0,0,4,3.623526879047179,0.4722530361732159,,,,,,,,22.9229199977305,3.18758851804084,0.0,PS_044,,,0.11348204319019002
26.03797918135182,1.2045000791549683,2025-03-08T21:45:00Z,3,3,3,3,3,3,1,0,0,3,-1.7863160011498402,-0.0817198217735231,,,,,,,,21.741555062217397,-1.9331087956567514,0.0,PS_044,,,0.04894243042125328
26.24112061017562,1.2045000791549683,2025-03-08T22:00:00Z,4,4,4,4,4,4,1,0,0,4,-1.5887639373960765,-0.2736632550119321,,,,,,,,21.38491866843352,-2.06336607140518,0.0,PS_044,,,0.0
25.983503341240993,1.2045000791549685,2025-03-08T22:15:00Z,3,3,3,3,3,3,1,0,0,3,-1.6565941886793194,-0.34389436605037893,,,,,,,,20.899999618530273,-2.2629195296037214,0.0,PS_044,,,0.10974195560695425
25.51837201712831,1.204500079154968,2025-03-08T22:30:00Z,4,4,4,4,4,4,1,0,0,4,-1.7917945257523247,-0.14808267778810444,,,,,,,,20.498439528351685,-2.2950606789282135,0.0,PS_044,,,0.06440584473186035
26.162990031238582,1.2045000791549685,2025-03-08T22:45:00Z,3,3,3,3,3,3,1,0,0,3,-1.6572466212578096,-0.1827016475347343,,,,,,,,21.04993268291129,-1.993299339836433,0.0,PS_044,,,0.11249113516394324
26.54495748185528,1.2045000791549683,2025-03-08T23:00:00Z,4,4,4,4,4,4,1,0,0,4,-1.7095214662132188,-0.10830333249558617,,,,,,,,21.292324875208514,-2.0681192625674587,0.0,PS_044,,,0.3034541681383672
26.337836524321673,1.2045000791549683,2025-03-08T23:15:00Z,3,3,3,3,3,3,1,0,0,3,-1.8110609811255112,-0.21567948167822132,,,,,,,,21.17892628035738,-2.1325722359591683,0.0,PS_044,,,0.0
25.94654647187311,1.2045000791549683,2025-03-08T23:30:00Z,4,4,4,4,4,4,1,0,0,4,-1.6962130751611353,-0.2634833313529517,,,,,,,,20.992298030066124,-1.7819705862586912,0.0,PS_044,,,0.031419256421145826
24.518728794049647,1.2045000791549683,2025-03-08T23:45:00Z,3,3,3,3,3,3,1,0,0,3,-2.052180927387861,-0.41142431468564783,,,,,,,,19.657027953420123,-2.1692044367960075,0.0,PS_044,,,0.0
24.739094470877653,1.2045000791549683,2025-03-09T00:00:00Z,4,4,4,4,4,4,1,0,0,4,-1.295926524790317,-0.23575933107106178,,,,,,,,19.693538072263895,-2.0034212415171107,0.0,PS_044,,,0.0
24.55778977355942,1.2045000791549683,2025-03-09T00:15:00Z,3,3,3,3,3,3,1,0,0,3,-1.10035150537571,-0.20678514796824327,,,,,,,,19.600000381469727,-1.4478717942932808,0.0,PS_044,,,0.0
24.622848000322268,1.2045000791549683,2025-03-09T00:30:00Z,4,4,4,4,4,4,1,0,0,4,-1.2880356532950057,-0.2373732450803657,,,,,,,,19.940844824779447,-1.4539830397498386,0.0,PS_044,,,0.07969464258647818
23.43622684163388,1.2045000791549685,2025-03-09T00:45:00Z,4,4,4,4,4,4,1,0,0,4,-1.531191565223089,-0.1569231338392801,,,,,,,,19.36102948173787,-1.6358317982929356,0.0,PS_044,,,0.18661506828890334
21.640117439774688,1.2045000791549683,2025-03-09T01:00:00Z,3,3,3,3,3,3,1,0,0,3,-1.4319916731404998,-0.19213945258409384,,,,,,,,18.34272403148154,-1.6181144395352183,0.0,PS_044,,,0.5792225214616449
23.03939760346785,1.2045000791549685,2025-03-09T01:15:00Z,4,4,4,4,4,4,1,0,0,4,-1.0363013165712052,-0.0454616589323867,,,,,,,,19.155667742688745,-1.483342493757598,0.0,PS_044,,,0.20433369793506506
23.26393898308533,1.2045000791549683,2025-03-09T01:30:00Z,3,3,3,3,3,3,1,0,0,3,-1.3409523817714515,-0.14364497440701274,,,,,,,,18.742726855530886,-1.8639485547559391,0.0,PS_044,,,0.0
23.28953549246574,1.204500079154968,2025-03-09T01:45:00Z,4,4,4,4,4,4,1,0,0,4,-1.4333130710624369,-0.0970742851187247,,,,,,,,18.54776599792457,-1.6361922243475149,0.0,PS_044,,,0.0
22.85218861636326,1.2045000791549683,2025-03-09T02:00:00Z,4,4,4,4,4,4,1,0,0,4,-1.4251021168164324,-0.08819701627845622,,,,,,,,18.552468894044214,-1.4884759954283646,0.0,PS_044,,,0.5100038967185877
22.62369857629701,1.204500079154968,2025-03-09T02:15:00Z,3,3,3,3,3,3,1,0,0,3,-1.4749498774265295,-0.15181430542266464,,,,,,,,18.35124643598293,-1.677886682716825,0.0,PS_044,,,0.0
23.278248296111627,1.2045000791549683,2025-03-09T02:30:00Z,4,4,4,4,4,4,1,0,0,4,-1.2256461413219375,-0.06994957339202379,,,,,,,,18.587479786037825,-1.5666440618939639,0.0,PS_044,,,0.1456536732539698
22.943629462987357,1.204500079154968,2025-03-09T02:45:00Z,3,3,3,3,3,3,1,0,0,3,-1.0642134692284093,-0.13367809384263096,,,,,,,,19.100000381469727,-1.3393643621949312,0.0,PS_044,,,0.6284665717233026
21.908645656019438,1.2045000791549685,2025-03-09T03:00:00Z,4,4,4,4,4,4,1,0,0,4,-1.3855548810235743,-0.2782636095245458,,,,,,,,18.704263927743707,-1.2922067838509177,0.0,PS_044,,,0.16403856107970585
22.290757838358395,1.2045000791549685,2025-03-09T03:15:00Z,4,4,4,4,4,4,1,0,0,4,-1.1757554503288177,-0.30144481319311456,,,,,,,,18.381286452231915,-1.5600674341896736,0.0,PS_044,,,0.2098184329458101
21.812377218456593,1.2045000791549683,2025-03-09T03:30:00Z,3,3,3,3,3,3,1,0,0,3,-1.4226002118531504,-0.1858946309854012,,,,,,,,18.386818489069647,-1.4075040142423028,0.0,PS_044,,,0.12525507353808676
21.53231177498454,1.2045000791549683,2025-03-09T03:45:00Z,4,4,4,4,4,4,1,0,0,4,-1.4530540356705002,-0.15411860951568146,,,,,,,,17.848914600808815,-1.4557373390222295,0.0,PS_044,,,0.0
21.499831906454645,1.2045000791549685,2025-03-09T04:00:00Z,3,3,3,3,3,3,1,0,0,3,-1.3174259911523558,-0.10680587730089092,,,,,,,,17.5,-1.3910500062313573,0.0,PS_044,,,0.0
21.324910389655514,1.2045000791549683,2025-03-09T04:15:00Z,4,4,4,4,4,4,1,0,0,4,-0.9639275454976319,-0.049241737221225476,,,,,,,,17.547182246575524,-1.1985887239084188,0.0,PS_044,,,0.0
21.27658276416084,1.2045000791549685,2025-03-09T04:30:00Z,4,4,4,4,4,4,1,0,0,4,-1.0221872627411348,-0.10160441548231215,,,,,,,,17.66709156552787,-1.2088432472512114,0.0,PS_044,,,0.27636733997034574
21.62409865118683,1.2045000791549683,2025-03-09T04:45:00Z,3,3,3,3,3,3,1,0,0,3,-1.1672301800151137,-0.14427290345710098,,,,,,,,17.28535673838125,-1.3428554487997977,0.0,PS_044,,,0.0
21.829056078672153,1.2045000791549683,2025-03-09T05:00:00Z,4,4,4,4,4,4,1,0,0,4,-1.0568886665766946,-0.11570476059800146,,,,,,,,17.71083866140526,-1.4550676745436895,0.0,PS_044,,,0.0
21.439843232027332,1.204500079154968,2025-03-09T05:15:00Z,4,4,4,4,4,4,1,0,0,4,-1.1387889033664171,-0.17082737209165827,,,,,,,,16.94742248877652,-1.7182093811853976,0.0,PS_044,,,0.0
21.46558220196933,1.2045000791549683,2025-03-09T05:30:00Z,3,3,3,3,3,3,1,0,0,3,-0.9919099693437106,-0.1882826164367987,,,,,,,,17.13387194951513,-1.434830796059449,0.0,PS_044,,,0.0968580401140445
21.72892444054309,1.204500079154968,2025-03-09T05:45:00Z,4,4,4,4,4,4,1,0,0,4,-1.1082898259334528,-0.07522881214272338,,,,,,,,17.656503933394244,-1.364899920550024,0.0,PS_044,,,0.06789645710046616
21.85910612235482,1.2045000791549683,2025-03-09T06:00:00Z,3,3,3,3,3,3,1,0,0,3,-1.1215904929349418,-0.07894478542354735,,,,,,,,17.799999237060547,-1.4411813015359023,0.0,PS_044,,,0.07323975448544115
21.942273518354163,1.204500079154968,2025-03-09T06:15:00Z,4,4,4,4,4,4,1,0,0,4,-1.2151225340189988,-0.10972912767711099,,,,,,,,17.799999237060543,-1.5077030898591282,0.0,PS_044,,,0.04428642681670131
21.795922243418484,1.2045000791549685,2025-03-09T06:30:00Z,4,4,4,4,4,4,1,0,0,4,-1.2422248617840692,-0.25169642680863147,,,,,,,,17.53687959062098,-1.5569909981744958,0.0,PS_044,,,0.30489536680383683
21.52456497350566,1.2045000791549683,2025-03-09T06:45:00Z,3,3,3,3,3,3,1,0,0,3,-1.384731829447972,-0.3220459571033335,,,,,,,,17.5,-1.5474905495032254,0.0,PS_044,,,0.01730389286373259
20.67166668556675,1.204500079154968,2025-03-09T07:00:00Z,4,4,4,4,4,4,1,0,0,4,-1.5016164141059563,-0.17677333276460006,,,,,,,,16.848727050992768,-1.4594813538661713,0.0,PS_044,,,0.028449086003535313
20.03513996908286,1.2045000791549685,2025-03-09T07:15:00Z,3,3,3,3,3,3,1,0,0,3,-1.4471281901014197,-0.0657313987436046,,,,,,,,16.071181638768525,-1.705192086973804,0.0,PS_044,,,0.06743559991860629
19.853041743409296,1.2045000791549683,2025-03-09T07:30:00Z,4,4,4,4,4,4,1,0,0,4,-1.3090380700348445,-0.24490515833200124,,,,,,,,15.876109614017679,-1.5764267188267551,0.0,PS_044,,,0.0
19.974960797968837,1.2045000791549683,2025-03-09T07:45:00Z,3,3,3,3,3,3,1,0,0,3,-1.317588920839819,-0.20233323753381385,,,,,,,,15.758811047287756,-1.5232689525904535,0.0,PS_044,,,0.11064051110110468
20.06121471341177,1.204500079154968,2025-03-09T08:00:00Z,10,10,10,10,10,10,1,0,0,10,-1.227797162098387,-0.16935129079672584,,,,,,,,15.735440534507495,-1.5531594707866454,0.0,PS_044,,,0.25325623243061185
19.908859335084607,1.2045000791549683,2025-03-09T08:15:00Z,15,15,15,15,15,15,1,0,0,15,-1.2426295191906245,-0.06951228824650174,,,,,,,,16.098763209440417,-1.4206188598025162,0.0,PS_044,,,0.01473473332294141
19.624956136887103,1.2045000791549683,2025-03-09T08:30:00Z,14,14,14,14,14,14,1,0,0,14,-1.2743495687973907,-0.14358545435998438,,,,,,,,16.429636700153164,-1.2561643419875648,0.0,PS_044,,,0.340642049587857
19.596272533887202,1.2045000791549685,2025-03-09T08:45:00Z,15,15,15,15,15,15,1,0,0,15,-1.2613753973993718,-0.15014103864864203,,,,,,,,16.279220693366245,-1.1818226894279877,0.0,PS_044,,,0.08648622236302762
19.183125235091172,1.2045000791549683,2025-03-09T09:00:00Z,9,9,9,9,9,9,1,0,0,9,0.044550142668504704,-0.061466572794199203,,,,,,,,15.89631452857525,1.2555427156924566,0.0,PS_044,,,0.0
18.706684809118542,1.2045000791549683,2025-03-09T09:15:00Z,4,4,4,4,4,4,1,0,0,4,9.814110243958867,0.9689987738957899,,,,,,,,15.23071731945453,21.02267324885751,0.0,PS_044,,,0.0
19.92795614000966,1.2045000791549683,2025-03-09T09:30:00Z,3,3,3,3,3,3,1,0,0,3,47.57924552418885,3.762396114502009,,,,,,,,15.033920897020165,42.00191390847219,0.0,PS_044,,,0.019108736997958235
21.008038961532826,1.204500079154968,2025-03-09T09:45:00Z,4,4,4,4,4,4,1,0,0,4,83.60423625916115,6.9552413638606385,,,,,,,,17.31881353252738,101.36019272145224,0.0,PS_044,,,0.010076645690701273
21.90972533350106,1.2045000791549683,2025-03-09T10:00:00Z,4,4,4,4,4,4,1,0,0,4,142.482371033499,16.03338569704186,,,,,,,,19.693436629703037,210.23522435544677,0.0,PS_044,,,0.7044345081558743
21.984007294323828,1.2045000791549683,2025-03-09T10:15:00Z,3,3,3,3,3,3,1,0,0,3,207.26307479840997,13.143625602233962,,,,,,,,21.86347820086189,352.1990815135917,0.0,PS_044,,,1.379746499851101
22.32788553266601,1.2045000791549683,2025-03-09T10:30:00Z,4,4,4,4,4,4,1,0,0,4,257.2230032138032,21.265174388007562,,,,,,,,26.2815369973607,462.8806754221321,0.0,PS_044,,,1.4594954022194757
23.158036943040905,1.2045000791549683,2025-03-09T10:45:00Z,3,3,3,3,3,3,1,0,0,3,349.72740476584517,38.22020958054677,,,,,,,,31.380247024426232,661.4995917946638,0.0,PS_044,,,2.396679232211399
24.815380897779516,1.2045000791549683,2025-03-09T11:00:00Z,4,4,4,4,4,4,1,0,0,4,394.39634008435206,49.58396223583214,,,,,,,,39.957915728113136,771.6794308183191,0.0,PS_044,,,1.5979946164084549
26.329708790789454,1.204500079154968,2025-03-09T11:15:00Z,3,3,3,3,3,3,1,0,0,3,470.05824528239543,50.15245263550166,,,,,,,,47.02448227868801,931.8488861366552,0.0,PS_044,,,1.302439689019056
26.915869159846878,1.2045000791549683,2025-03-09T11:30:00Z,4,4,4,4,4,4,1,0,0,4,475.1415513191118,47.71952545245864,,,,,,,,50.16008148312988,868.3777527991039,0.0,PS_044,,,1.232992796202602
27.013932288572445,1.2045000791549687,2025-03-09T11:45:00Z,4,4,4,4,4,4,1,0,0,4,587.306731133411,53.82578251218652,,,,,,,,51.085894249365495,986.7523700454404,0.0,PS_044,,,1.8674134041424606
27.399990022354746,1.2045000791549683,2025-03-09T12:00:00Z,3,3,3,3,3,3,1,0,0,3,652.0330843954941,57.13582151183905,,,,,,,,52.33938449404234,1008.6422608471659,0.0,PS_044,,,1.877346676534426
28.467075124006616,1.204500079154968,2025-03-09T12:15:00Z,4,4,4,4,4,4,1,0,0,4,697.9144066864809,58.318650521331854,,,,,,,,53.318417582564564,1004.0409637341374,0.0,PS_044,,,1.3168330281037535
28.438764181098342,1.2045000791549683,2025-03-09T12:30:00Z,3,3,3,3,3,3,1,0,0,3,725.044010117229,58.7947445296868,,,,,,,,51.08602335846072,984.0366297152626,0.0,PS_044,,,2.397465490668309
28.955155600306256,1.2045000791549683,2025-03-09T12:45:00Z,4,4,4,4,4,4,1,0,0,4,799.6936038271957,63.36499368271407,,,,,,,,52.25217706892068,1031.7262201292367,0.0,PS_044,,,2.49605021167615
31.159601578078288,1.204500079154968,2025-03-09T13:00:00Z,3,3,3,3,3,3,1,0,0,3,846.6373949958046,66.84705387234361,,,,,,,,53.86588642492048,1044.6412006616174,0.0,PS_044,,,2.0716613169435814
31.30445142942904,1.2045000791549683,2025-03-09T13:15:00Z,4,4,4,4,4,4,1,0,0,4,885.7380249658607,69.68508709782144,,,,,,,,54.1374025143032,1047.0875825190801,0.0,PS_044,,,2.7246978064525007
31.672760428372197,1.2045000791549683,2025-03-09T13:30:00Z,4,4,4,4,4,4,1,0,0,4,917.764953651398,71.67307910379836,,,,,,,,54.21115084089204,1039.4873714074533,0.0,PS_044,,,2.516775298422379
31.845547272335985,1.2045000791549683,2025-03-09T13:45:00Z,3,3,3,3,3,3,1,0,0,3,927.0378829527398,72.77762481157195,,,,,,,,54.73089175868447,1016.7165294598293,0.0,PS_044,,,2.819523237603693
32.793458842898545,1.2045000791549685,2025-03-09T14:00:00Z,4,4,4,4,4,4,1,0,0,4,1001.8097697373966,79.32065887892863,,,,,,,,56.94468006501169,1061.8491911950653,0.0,PS_044,,,1.7519428423227366
33.4336090491828,1.2045000791549683,2025-03-09T14:15:00Z,3,3,3,3,3,3,1,0,0,3,1046.3490378022163,83.58626543244993,,,,,,,,57.39132905740704,1078.8955930995721,0.0,PS_044,,,2.821001690274109
32.22307931847616,1.2045000791549685,2025-03-09T14:30:00Z,4,4,4,4,4,4,1,0,0,4,1030.5512112168801,84.64470537097269,,,,,,,,54.63354908288643,1047.859630144023,0.0,PS_044,,,2.0926927738976637
33.15771219678284,1.204500079154968,2025-03-09T14:45:00Z,3,3,3,3,3,3,1,0,0,3,1088.0569769473998,91.8201555605266,,,,,,,,57.58326226303587,1090.4255007775414,0.0,PS_044,,,3.7887808134117242
32.7666113236841,1.204500079154968,2025-03-09T15:00:00Z,4,4,4,4,4,4,1,0,0,4,970.3479054936865,85.7862763739208,,,,,,,,53.7559861832313,970.9102308269584,0.0,PS_044,,,2.984615709642799
32.71622375150853,1.2045000791549683,2025-03-09T15:15:00Z,3,3,3,3,3,3,1,0,0,3,807.1958070793777,75.3666574506159,,,,,,,,53.663478204476455,804.2617850903217,0.0,PS_044,,,2.196365472520325
32.654688403810006,1.2045000791549683,2025-03-09T15:30:00Z,4,4,4,4,4,4,1,0,0,4,746.4686608964497,72.70749151081814,,,,,,,,49.800252435658436,747.5124809519835,0.0,PS_044,,,1.0458796903979573
32.45052381299382,1.2045000791549683,2025-03-09T15:45:00Z,3,3,3,3,3,3,1,0,0,3,807.2369178460755,78.49031132864843,,,,,,,,48.75098150418773,812.1740220874598,0.0,PS_044,,,0.8256570023494512
33.31946878402936,1.2045000791549683,2025-03-09T16:00:00Z,4,4,4,4,4,4,1,0,0,4,939.4313373064199,89.73421243851756,,,,,,,,51.816083756136415,949.2624076936661,0.0,PS_044,,,1.728735246454135
33.06641180456947,1.2045000791549683,2025-03-09T16:15:00Z,4,4,4,4,4,4,1,0,0,4,687.793779188937,68.94899706401301,,,,,,,,50.53360686678222,699.7616229426885,0.0,PS_044,,,2.146846662642016
32.953309659933865,1.2045000791549685,2025-03-09T16:30:00Z,3,3,3,3,3,3,1,0,0,3,926.2706045006295,89.96716625340714,,,,,,,,50.06115529095807,958.6214947345893,0.0,PS_044,,,1.5842303273153409
34.46334159028127,1.2045000791549685,2025-03-09T16:45:00Z,4,4,4,4,4,4,1,0,0,4,900.0936842491873,86.2724878597453,,,,,,,,54.92722958107448,962.3511903090365,0.0,PS_044,,,2.2976336399919632
33.7006788657045,1.204500079154968,2025-03-09T17:00:00Z,3,3,3,3,3,3,1,0,0,3,568.9256580464502,60.45152164614295,,,,,,,,49.96668448981986,598.2496324891532,0.0,PS_044,,,1.1167366363229332
33.914297407206504,1.2045000791549683,2025-03-09T17:15:00Z,4,4,4,4,4,4,1,0,0,4,712.170244853467,76.05377118496777,,,,,,,,47.829728268444,753.3108945518663,0.0,PS_044,,,0.9394288270525623
34.19900809345557,1.2045000791549683,2025-03-09T17:30:00Z,3,3,3,3,3,3,1,0,0,3,721.0493241942852,74.79335921375062,,,,,,,,52.304372937775035,801.7517233325879,0.0,PS_044,,,1.5353874707636714
34.8684065584567,1.2045000791549683,2025-03-09T17:45:00Z,4,4,4,4,4,4,1,0,0,4,788.5135093870409,77.1844166619552,,,,,,,,54.346952257516975,965.3763571591085,0.0,PS_044,,,0.05010644677974405
34.91172714560798,1.2045000791549683,2025-03-09T18:00:00Z,3,3,3,3,3,3,1,0,0,3,789.0912570857159,74.51606469680118,,,,,,,,57.39294854635938,1025.3280436325242,0.0,PS_044,,,1.3818002217479861
35.617719989680324,1.2045000791549683,2025-03-09T18:15:00Z,4,4,4,4,4,4,1,0,0,4,750.8601623638008,71.6542728395851,,,,,,,,59.366507750568054,1039.964556142829,0.0,PS_044,,,0.6821315772392301
35.30671316232985,1.2045000791549685,2025-03-09T18:30:00Z,4,4,4,4,4,4,1,0,0,4,661.7977925666122,66.60180235452897,,,,,,,,59.25434345542092,946.3490136970056,0.0,PS_044,,,0.8925172731548748
35.367236922155044,1.2045000791549683,2025-03-09T18:45:00Z,3,3,3,3,3,3,1,0,0,3,701.0745043288338,73.72643216075706,,,,,,,,61.39162571917481,1050.7540018893274,0.0,PS_044,,,1.0721162301662546
34.42571755241352,1.2045000791549683,2025-03-09T19:00:00Z,4,4,4,4,4,4,1,0,0,4,386.16885548155244,53.62535962089124,,,,,,,,51.76020867689163,552.1812361964752,0.0,PS_044,,,0.5406920054844936
34.02576743097906,1.2045000791549683,2025-03-09T19:15:00Z,3,3,3,3,3,3,1,0,0,3,441.9087554235435,61.92738255253334,,,,,,,,50.29682718240846,658.5653042687045,0.0,PS_044,,,0.1210753658088487
32.64123509377686,1.2045000791549683,2025-03-09T19:30:00Z,4,4,4,4,4,4,1,0,0,4,242.93267179744308,44.12348366159684,,,,,,,,43.16194130087683,307.03732510770914,0.0,PS_044,,,0.08229219203516755
31.827889541213164,1.2045000791549683,2025-03-09T19:45:00Z,3,3,3,3,3,3,1,0,0,3,379.7011936203802,58.56325230169243,,,,,,,,39.73392606588874,686.2881339733088,0.0,PS_044,,,0.01577087245232106
32.69047722445949,1.2045000791549685,2025-03-09T20:00:00Z,4,4,4,4,4,4,1,0,0,4,168.98501461857654,26.414853538118326,,,,,,,,43.39734806879729,236.65510624580673,0.0,PS_044,,,0.0
31.51464880892817,1.2045000791549683,2025-03-09T20:15:00Z,3,3,3,3,3,3,1,0,0,3,175.76766357976737,32.65962883994568,,,,,,,,37.57745461239717,300.19456213837424,0.0,PS_044,,,0.0
29.499429502055307,1.2045000791549683,2025-03-09T20:30:00Z,4,4,4,4,4,4,1,0,0,4,107.79010971738218,13.41970885155899,,,,,,,,32.18194019296014,119.40548489312779,0.0,PS_044,,,0.2625560778534498
29.043992502130653,1.2045000791549683,2025-03-09T20:45:00Z,3,3,3,3,3,3,1,0,0,3,79.50053747087522,10.793775630293188,,,,,,,,29.29316832981718,101.37406636510437,0.0,PS_044,,,0.0
28.69514822466993,1.2045000791549683,2025-03-09T21:00:00Z,4,4,4,4,4,4,1,0,0,4,62.10657321278599,10.631838153154868,,,,,,,,28.656346217599875,101.1839227981845,0.0,PS_044,,,0.03836336012313403
27.29927465277084,1.204500079154968,2025-03-09T21:15:00Z,3,3,3,3,3,3,1,0,0,3,34.18140886729419,5.085623965038353,,,,,,,,26.29898544111837,37.88352387647551,0.0,PS_044,,,0.48094384557198067
27.67648441089423,1.2045000791549685,2025-03-09T21:30:00Z,4,4,4,4,4,4,1,0,0,4,6.701710482202702,1.2895948108170618,,,,,,,,24.677442117248823,6.367189838787236,0.0,PS_044,,,0.17425226621354883
26.724685269715053,1.204500079154968,2025-03-09T21:45:00Z,3,3,3,3,3,3,1,0,0,3,-2.0061441274437493,-0.316925611731822,,,,,,,,23.045637185467093,-2.105328439633191,0.0,PS_044,,,0.0
26.010346483353377,1.2045000791549683,2025-03-09T22:00:00Z,4,4,4,4,4,4,1,0,0,4,-1.8009752724780086,-0.4106806981195756,,,,,,,,21.81909774289743,-2.1890515564515076,0.0,PS_044,,,0.04598411200188118
26.13057272638554,1.2045000791549685,2025-03-09T22:15:00Z,4,4,4,4,4,4,1,0,0,4,-1.5646311344429966,-0.25195016341262927,,,,,,,,21.212013994862666,-2.0655070004827736,0.0,PS_044,,,0.0
26.056248033484394,1.204500079154968,2025-03-09T22:30:00Z,3,3,3,3,3,3,1,0,0,3,-1.6455265159583299,-0.10717005081516974,,,,,,,,20.899999618530277,-1.94456443485674,0.0,PS_044,,,0.0
25.962805860774235,1.2045000791549683,2025-03-09T22:45:00Z,4,4,4,4,4,4,1,0,0,4,-1.3632945867866164,-0.13479115268087313,,,,,,,,20.91315694972564,-2.0554250932911198,0.0,PS_044,,,0.0
25.993167696055338,1.204500079154968,2025-03-09T23:00:00Z,3,3,3,3,3,3,1,0,0,3,-1.2531204916143424,-0.2558498341682461,,,,,,,,21.03373984991463,-1.7563508206351879,0.0,PS_044,,,0.0
26.017254591720096,1.2045000791549683,2025-03-09T23:15:00Z,4,4,4,4,4,4,1,0,0,4,-1.2312797132644675,-0.12830762535587498,,,,,,,,21.483329983368563,-1.647163680080391,0.0,PS_044,,,0.0
26.09351929372281,1.2045000791549685,2025-03-09T23:30:00Z,3,3,3,3,3,3,1,0,0,3,-1.1113141358160628,-0.25294688854210967,,,,,,,,21.29747986050907,-1.512772350389507,0.0,PS_044,,,0.06368650888489752
26.003678837904033,1.2045000791549683,2025-03-09T23:45:00Z,4,4,4,4,4,4,1,0,0,4,-1.2969768590292927,-0.13434390710672522,,,,,,,,21.245984069032684,-1.6138364029946735,0.0,PS_044,,,0.0
25.705440173316997,1.204500079154968,2025-03-10T00:00:00Z,3,3,3,3,3,3,1,0,0,3,-1.4621229179232578,-0.26104476202762167,,,,,,,,21.200000762939453,-1.840503342009705,0.0,PS_044,,,0.0
25.783007124695768,1.204500079154968,2025-03-10T00:15:00Z,4,4,4,4,4,4,1,0,0,4,-1.179033365384136,-0.06324454774357288,,,,,,,,21.20000076293945,-1.6671881662334442,0.0,PS_044,,,0.0
25.76209545313449,1.2045000791549683,2025-03-10T00:30:00Z,3,3,3,3,3,3,1,0,0,3,-1.384176366330035,-0.16074316585877385,,,,,,,,21.15662771486501,-1.6146515233633398,0.0,PS_044,,,0.0
25.2656805447311,1.2045000791549685,2025-03-10T00:45:00Z,4,4,4,4,4,4,1,0,0,4,-1.4346818007661144,-0.30724296038630666,,,,,,,,20.560707472687795,-1.78311914842411,0.0,PS_044,,,0.0
24.89028890986582,1.2045000791549683,2025-03-10T01:00:00Z,4,4,4,4,4,4,1,0,0,4,-1.519915574423508,-0.29311301693883607,,,,,,,,20.256826339755055,-1.8021255612194096,0.0,PS_044,,,0.0
25.010073619573994,1.204500079154968,2025-03-10T01:15:00Z,3,3,3,3,3,3,1,0,0,3,-1.4890377111364443,-0.175847502957549,,,,,,,,20.449163484817056,-1.5169059681072827,0.0,PS_044,,,0.019312801225718053
24.895622695006736,1.2045000791549683,2025-03-10T01:30:00Z,4,4,4,4,4,4,1,0,0,4,-1.246362772189446,-0.21843339453014549,,,,,,,,20.44558257854342,-1.3465344798253502,0.0,PS_044,,,0.06850981042205428
24.084373542513152,1.2045000791549683,2025-03-10T01:45:00Z,3,3,3,3,3,3,1,0,0,3,-1.0766898407353955,-0.3841234311708853,,,,,,,,20.40682077165453,-1.2381777294630183,0.0,PS_044,,,0.17583486047599178
24.14651909732042,1.2045000791549683,2025-03-10T02:00:00Z,4,4,4,4,4,4,1,0,0,4,-1.274085804116254,-0.23244856592506088,,,,,,,,20.197430844855965,-1.5981231234084698,0.0,PS_044,,,0.32006269456754555
23.692575503722722,1.2045000791549683,2025-03-10T02:15:00Z,4,4,4,4,4,4,1,0,0,4,-1.5314765315393122,-0.41561394768981863,,,,,,,,19.60396282446818,-1.7769925212462339,0.0,PS_044,,,0.0
23.47850423362751,1.204500079154968,2025-03-10T02:30:00Z,3,3,3,3,3,3,1,0,0,3,-1.3044972586122747,-0.23676855372269132,,,,,,,,19.353664651402486,-1.4196943005491445,0.0,PS_044,,,0.07121856409878077
23.12329300836644,1.2045000791549685,2025-03-10T02:45:00Z,4,4,4,4,4,4,1,0,0,4,-1.2235629602291338,-0.2038864340247463,,,,,,,,19.100000381469723,-1.110644217331985,0.0,PS_044,,,0.0
22.715500874621497,1.2045000791549683,2025-03-10T03:00:00Z,4,4,4,4,4,4,1,0,0,4,-1.3725398987737585,-0.08025388611916541,,,,,,,,18.81206248654011,-1.2940000481078084,0.0,PS_044,,,0.2250459904996675
22.00054793420237,1.2045000791549685,2025-03-10T03:15:00Z,3,3,3,3,3,3,1,0,0,3,-1.40331495473459,-0.31035671910559065,,,,,,,,18.341865924519983,-1.5607423074145164,0.0,PS_044,,,0.2913251193024228
22.12260282390157,1.2045000791549685,2025-03-10T03:30:00Z,4,4,4,4,4,4,1,0,0,4,-1.1020596147868031,-0.23328935426756164,,,,,,,,18.109648491949745,-1.489366734652417,0.0,PS_044,,,0.0
22.103572562747956,1.2045000791549683,2025-03-10T03:45:00Z,3,3,3,3,3,3,1,0,0,3,-1.3208742663837683,-0.19170520332025845,,,,,,,,17.802054181160056,-1.371499858986392,0.0,PS_044,,,0.3404883808332744
22.798207544548152,1.2045000791549683,2025-03-10T04:00:00Z,4,4,4,4,4,4,1,0,0,4,-0.7430596320730533,-0.03895753701334565,,,,,,,,18.73218920126432,-1.1061849349030188,0.0,PS_044,,,0.1297561422835291
22.651997295030476,1.204500079154968,2025-03-10T04:15:00Z,4,4,4,4,4,4,1,0,0,4,-0.784502914870434,-0.10718982911482383,,,,,,,,19.214876957150835,-1.0483486209501538,0.0,PS_044,,,0.06282186241378063
22.213007748496963,1.2045000791549683,2025-03-10T04:30:00Z,3,3,3,3,3,3,1,0,0,3,-1.1123760928087798,-0.16821061027727888,,,,,,,,18.82650950330403,-1.1848101902820043,0.0,PS_044,,,0.07788401412065273
21.862240718464808,1.2045000791549683,2025-03-10T04:45:00Z,4,4,4,4,4,4,1,0,0,4,-0.7375344645169678,-0.1694496730518033,,,,,,,,18.72998183881034,-1.1180056401402292,0.0,PS_044,,,0.0
22.26178846755417,1.2045000791549683,2025-03-10T05:00:00Z,3,3,3,3,3,3,1,0,0,3,-1.030309766311039,-0.08388650939483305,,,,,,,,18.799999237060547,-1.2066403586143042,0.0,PS_044,,,0.3018196082509852
22.101155035644673,1.2045000791549683,2025-03-10T05:15:00Z,4,4,4,4,4,4,1,0,0,4,-0.9332452579957586,-0.2229101583592575,,,,,,,,18.837399933179114,-1.2544863096126437,0.0,PS_044,,,0.0
22.06235994776875,1.2045000791549683,2025-03-10T05:30:00Z,4,4,4,4,4,4,1,0,0,4,-0.7038958956962764,-0.04256337248072372,,,,,,,,19.052341290977754,-0.7618110497917724,0.0,PS_044,,,0.47067134593538384
21.966915848431018,1.2045000791549685,2025-03-10T05:45:00Z,3,3,3,3,3,3,1,0,0,3,-0.6243714495665743,-0.1241428384864684,,,,,,,,19.345673079723053,-0.8726244060715084,0.0,PS_044,,,0.06722276405213755
22.32768098550317,1.2045000791549683,2025-03-10T06:00:00Z,4,4,4,4,4,4,1,0,0,4,-0.6775314090030419,-0.02381145807994517,,,,,,,,19.600000381469727,-0.8763475720611409,0.0,PS_044,,,0.0
22.0065573024342,1.204500079154968,2025-03-10T06:15:00Z,3,3,3,3,3,3,1,0,0,3,-0.7988088475643399,-0.23584780383641665,,,,,,,,19.337418943845673,-1.2210174606476447,0.0,PS_044,,,0.0
21.880256046551576,1.2045000791549685,2025-03-10T06:30:00Z,4,4,4,4,4,4,1,0,0,4,-0.9935170731853034,-0.19705782727986373,,,,,,,,18.706402147585937,-1.1650031347361527,0.0,PS_044,,,0.21851304307010505
22.077446954825866,1.2045000791549683,2025-03-10T06:45:00Z,4,4,4,4,4,4,1,0,0,4,-0.8521647580313786,-0.07435783653296169,,,,,,,,18.799999237060547,-1.1059211855419293,0.0,PS_044,,,0.0
21.731839150081502,1.204500079154968,2025-03-10T07:00:00Z,3,3,3,3,3,3,1,0,0,3,-1.0499417130095585,-0.24363374594145173,,,,,,,,18.60000038146973,-1.1997523625780342,0.0,PS_044,,,0.0
21.506421867109797,1.2045000791549683,2025-03-10T07:15:00Z,4,4,4,4,4,4,1,0,0,4,-0.9612848069249823,-0.1228583708614684,,,,,,,,18.600000381469727,-0.8888137516039922,0.0,PS_044,,,0.0
21.274496033472776,1.2045000791549683,2025-03-10T07:30:00Z,3,3,3,3,3,3,1,0,0,3,-1.1348088773829768,-0.33180816177976186,,,,,,,,18.297306407895128,-1.0584017601742115,0.0,PS_044,,,0.0
20.48093836302949,1.2045000791549683,2025-03-10T07:45:00Z,4,4,4,4,4,4,1,0,0,4,-1.4471961418654906,-0.33171275119268134,,,,,,,,17.376273967521747,-1.426088416699448,0.0,PS_044,,,0.011624916558743202
20.514725759399443,1.204500079154968,2025-03-10T08:00:00Z,10,10,10,10,10,10,1,0,0,10,-1.1902198190525375,-0.20585450729266552,,,,,,,,16.978935322282645,-1.44961551020942,0.0,PS_044,,,0.053244773104532815
20.707376045140805,1.204500079154968,2025-03-10T08:15:00Z,14,14,14,14,14,14,1,0,0,14,-0.8365210039806684,-0.14531855454336004,,,,,,,,17.042480682270845,-1.2399311784207465,0.0,PS_044,,,0.0
20.608830169440065,1.2045000791549683,2025-03-10T08:30:00Z,16,16,16,16,16,16,1,0,0,16,-0.9813511537957941,-0.14542728029863614,,,,,,,,16.861624561392667,-1.2168981367176004,0.0,PS_044,,,0.15634298013582382
20.714018915087166,1.2045000791549678,2025-03-10T08:45:00Z,14,14,14,14,14,14,1,0,0,14,-0.5837912390100463,-0.12483660529159782,,,,,,,,17.2225667518473,-0.7824743171042167,0.0,PS_044,,,0.0
20.847584282284174,1.2045000791549683,2025-03-10T09:00:00Z,9,9,9,9,9,9,1,0,0,9,-0.11035682463679314,0.032626932357865256,,,,,,,,17.858729948203894,0.0038824994090514544,0.0,PS_044,,,0.16344124600456342
20.58420573448942,1.2045000791549683,2025-03-10T09:15:00Z,4,4,4,4,4,4,1,0,0,4,6.816697818835552,0.8310654920458248,,,,,,,,18.43398482049985,7.229922911992072,0.0,PS_044,,,0.15683066538753565
20.807138657613212,1.2045000791549683,2025-03-10T09:30:00Z,4,4,4,4,4,4,1,0,0,4,38.15432437114441,4.1071246683367555,,,,,,,,18.735744860800985,38.74397610851365,0.0,PS_044,,,0.06170521950959187
22.39787811853511,1.204500079154968,2025-03-10T09:45:00Z,3,3,3,3,3,3,1,0,0,3,92.67582981871323,9.286896124490285,,,,,,,,20.21590479455021,116.11883377077008,0.0,PS_044,,,0.0
23.447663218857713,1.2045000791549683,2025-03-10T10:00:00Z,4,4,4,4,4,4,1,0,0,4,128.80538673613466,14.855190727455149,,,,,,,,22.5190284238388,191.49807119176853,0.0,PS_044,,,0.0
24.83453736560344,1.2045000791549685,2025-03-10T10:15:00Z,3,3,3,3,3,3,1,0,0,3,188.17779659362634,11.080994013440277,,,,,,,,26.200275386621243,323.7033156687872,0.0,PS_044,,,0.3210034447538641
25.22737729343809,1.2045000791549685,2025-03-10T10:30:00Z,4,4,4,4,4,4,1,0,0,4,252.84153451450067,19.931541483142034,,,,,,,,30.696627504492334,459.6502858484379,0.0,PS_044,,,0.5277962309283003
25.474596106421544,1.204500079154968,2025-03-10T10:45:00Z,3,3,3,3,3,3,1,0,0,3,320.25634399649243,34.022134703324774,,,,,,,,35.69650680677834,608.239381528772,0.0,PS_044,,,1.0153331822646494
25.88789138589709,1.2045000791549685,2025-03-10T11:00:00Z,4,4,4,4,4,4,1,0,0,4,364.36588406770545,45.74667923577042,,,,,,,,41.06954082975663,706.4569273153037,0.0,PS_044,,,0.9516187981458233
27.393830780167345,1.2045000791549683,2025-03-10T11:15:00Z,3,3,3,3,3,3,1,0,0,3,454.5219729054161,51.84857096376038,,,,,,,,46.86513065723528,875.2980201225108,0.0,PS_044,,,0.34772439812556893
27.301431864397536,1.2045000791549683,2025-03-10T11:30:00Z,4,4,4,4,4,4,1,0,0,4,539.6913438076274,57.727908066436505,,,,,,,,49.67892788849223,927.5238214290498,0.0,PS_044,,,0.8964901069194702
28.24007752191832,1.2045000791549683,2025-03-10T11:45:00Z,4,4,4,4,4,4,1,0,0,4,584.0214853706794,57.92124179128505,,,,,,,,51.34040912284042,945.226839308805,0.0,PS_044,,,0.7709918168290293
29.937100068406426,1.2045000791549685,2025-03-10T12:00:00Z,3,3,3,3,3,3,1,0,0,3,496.51150917913264,48.82195911925736,,,,,,,,54.0401499775726,756.9501805844174,0.0,PS_044,,,0.06430695433120573
29.78921457532794,1.2045000791549683,2025-03-10T12:15:00Z,4,4,4,4,4,4,1,0,0,4,328.9657992552415,38.48786812171161,,,,,,,,48.82353448864002,430.2595651811589,0.0,PS_044,,,0.6121586122610051
29.180832068471222,1.2045000791549683,2025-03-10T12:30:00Z,3,3,3,3,3,3,1,0,0,3,415.85102023466374,57.26552643793842,,,,,,,,42.87052916853448,445.7350173792543,0.0,PS_044,,,0.8930347743915659
29.15256028857941,1.204500079154968,2025-03-10T12:45:00Z,4,4,4,4,4,4,1,0,0,4,391.70202674734446,63.21700139058602,,,,,,,,40.586705224194766,351.05472837651945,0.0,PS_044,,,0.11886406809107308
29.53116233731422,1.2045000791549683,2025-03-10T13:00:00Z,3,3,3,3,3,3,1,0,0,3,263.97858614691523,44.93171862965047,,,,,,,,37.20638082087312,229.59334988842272,0.0,PS_044,,,0.2615037069863981
29.922376986353974,1.2045000791549683,2025-03-10T13:15:00Z,4,4,4,4,4,4,1,0,0,4,602.41385102031,69.48282373043534,,,,,,,,40.401526320082944,633.5321049481695,0.0,PS_044,,,0.8192436629576194
30.560751821295007,1.2045000791549683,2025-03-10T13:30:00Z,3,3,3,3,3,3,1,0,0,3,707.8870049537564,63.42125915342924,,,,,,,,50.13641279847494,815.8800474422527,0.0,PS_044,,,2.1293137543806573
29.953035185207746,1.2045000791549683,2025-03-10T13:45:00Z,4,4,4,4,4,4,1,0,0,4,886.639951633926,68.04831626912247,,,,,,,,50.50466717054493,974.3699120062823,0.0,PS_044,,,2.7020155376411896
30.721975093691746,1.204500079154968,2025-03-10T14:00:00Z,4,4,4,4,4,4,1,0,0,4,957.0858635642498,72.41432496314944,,,,,,,,51.379048873347394,1023.2280009214478,0.0,PS_044,,,2.3923365503784897
32.857281176226145,1.2045000791549683,2025-03-10T14:15:00Z,3,3,3,3,3,3,1,0,0,3,987.311853959795,75.09750116429399,,,,,,,,56.308389648417865,1026.7712178500017,0.0,PS_044,,,1.952643852994012
33.37565311780865,1.204500079154968,2025-03-10T14:30:00Z,4,4,4,4,4,4,1,0,0,4,1002.4933479283696,76.67202172907248,,,,,,,,58.782793005378686,1026.0410858929508,0.0,PS_044,,,1.5950789392534976
34.42796909997788,1.2045000791549685,2025-03-10T14:45:00Z,3,3,3,3,3,3,1,0,0,3,1017.3550834794238,78.99937862570914,,,,,,,,57.9935700037758,1029.3169152710836,0.0,PS_044,,,0.5766447691479177
34.52236469205803,1.2045000791549683,2025-03-10T15:00:00Z,4,4,4,4,4,4,1,0,0,4,1025.019531188348,81.36575492830077,,,,,,,,58.550257866766245,1028.4560077116585,0.0,PS_044,,,1.6648352108417488
34.12751701041271,1.2045000791549683,2025-03-10T15:15:00Z,3,3,3,3,3,3,1,0,0,3,1030.097750822512,83.53243428736324,,,,,,,,59.44589325598651,1030.533806507665,0.0,PS_044,,,1.9401787241730284
33.19016486369626,1.2045000791549683,2025-03-10T15:30:00Z,4,4,4,4,4,4,1,0,0,4,1030.2802685261856,84.71382528473761,,,,,,,,56.34596078954609,1033.8358443721859,0.0,PS_044,,,2.1406715601731086
34.0956179949666,1.204500079154968,2025-03-10T15:45:00Z,3,3,3,3,3,3,1,0,0,3,1023.9854848133499,85.16334693490329,,,,,,,,59.82644041098864,1032.9891622485218,0.0,PS_044,,,1.06101319787519
34.01771272798424,1.204500079154968,2025-03-10T16:00:00Z,4,4,4,4,4,4,1,0,0,4,1013.3688332466714,85.2166723670975,,,,,,,,58.11537050085435,1032.045453195012,0.0,PS_044,,,1.5500710800319621
34.424908913787675,1.2045000791549685,2025-03-10T16:15:00Z,4,4,4,4,4,4,1,0,0,4,996.5773240789872,84.66513908922416,,,,,,,,57.94216158503691,1032.8741736690595,0.0,PS_044,,,1.9033866718983425
34.50770361876837,1.204500079154968,2025-03-10T16:30:00Z,3,3,3,3,3,3,1,0,0,3,974.7219952435601,83.43399201173627,,,,,,,,55.237543990006834,1032.6745937355647,0.0,PS_044,,,1.7975697962056474
34.87549021907887,1.2045000791549683,2025-03-10T16:45:00Z,4,4,4,4,4,4,1,0,0,4,926.302529794723,80.38510192754069,,,,,,,,58.944569933161084,1029.1778303457213,0.0,PS_044,,,1.275444201951802
35.61299339472867,1.2045000791549683,2025-03-10T17:00:00Z,3,3,3,3,3,3,1,0,0,3,925.820698248574,77.80494542883572,,,,,,,,58.68363743512258,1030.671412148782,0.0,PS_044,,,0.8647046109931366
35.54368763014254,1.2045000791549683,2025-03-10T17:15:00Z,4,4,4,4,4,4,1,0,0,4,896.3996522453517,75.26954047056724,,,,,,,,57.75821075000614,1034.3535577459497,0.0,PS_044,,,2.522158086902176
35.070741918895315,1.2045000791549683,2025-03-10T17:30:00Z,3,3,3,3,3,3,1,0,0,3,856.0266697531599,72.62749175687935,,,,,,,,56.167793385472976,1027.731973652679,0.0,PS_044,,,1.3176777991117037
34.39910770741218,1.2045000791549683,2025-03-10T17:45:00Z,4,4,4,4,4,4,1,0,0,4,631.2667035613548,56.023927157485595,,,,,,,,52.87325732604266,799.3496032837486,0.0,PS_044,,,0.7127101296550815
36.62453798061007,1.2045000791549683,2025-03-10T18:00:00Z,3,3,3,3,3,3,1,0,0,3,771.1369779344828,64.8289186981751,,,,,,,,58.66372536389652,1011.9311903719625,0.0,PS_044,,,0.5833020252095683
36.15806390918765,1.2045000791549683,2025-03-10T18:15:00Z,4,4,4,4,4,4,1,0,0,4,716.0264054179557,60.60750000457312,,,,,,,,60.687275254500435,1000.0811558430572,0.0,PS_044,,,0.666049350594846
36.15557400391869,1.204500079154968,2025-03-10T18:30:00Z,4,4,4,4,4,4,1,0,0,4,659.3499277236011,57.12520247010125,,,,,,,,59.58707499360795,985.4933958501202,0.0,PS_044,,,1.190328489563319
35.766332621581114,1.204500079154968,2025-03-10T18:45:00Z,3,3,3,3,3,3,1,0,0,3,605.6372733542906,54.241653934743,,,,,,,,57.89940039918746,970.7260310395994,0.0,PS_044,,,0.8381249371781432
36.22889673353631,1.2045000791549683,2025-03-10T19:00:00Z,4,4,4,4,4,4,1,0,0,4,548.9868676280927,50.00798936563589,,,,,,,,59.71711169290734,948.7877338872662,0.0,PS_044,,,0.9115350572680955
35.48480089567592,1.2045000791549685,2025-03-10T19:15:00Z,3,3,3,3,3,3,1,0,0,3,489.0759205191502,47.411299231059225,,,,,,,,56.86967213337134,927.4686992073082,0.0,PS_044,,,1.340906192687225
34.639800268693364,1.2045000791549683,2025-03-10T19:30:00Z,4,4,4,4,4,4,1,0,0,4,417.13775339812366,45.413426487208234,,,,,,,,54.36322533018936,867.4642176434116,0.0,PS_044,,,1.4571060826745696
34.905753454208224,1.2045000791549683,2025-03-10T19:45:00Z,3,3,3,3,3,3,1,0,0,3,361.8549138092003,54.17180953174271,,,,,,,,52.57205543646346,792.1882318812235,0.0,PS_044,,,0.8119445090537235
35.40351182658552,1.204500079154968,2025-03-10T20:00:00Z,4,4,4,4,4,4,1,0,0,4,296.8975605179177,61.795607519069264,,,,,,,,50.986150299906896,653.4700240425185,0.0,PS_044,,,0.7590082933904094
34.9792230479287,1.2045000791549685,2025-03-10T20:15:00Z,3,3,3,3,3,3,1,0,0,3,236.39746676229635,58.883721268614636,,,,,,,,47.25171584057895,532.6985574373205,0.0,PS_044,,,0.6369556873153012
33.91080974842201,1.204500079154968,2025-03-10T20:30:00Z,4,4,4,4,4,4,1,0,0,4,170.5973611738577,44.04895077750179,,,,,,,,43.18347547605503,395.3607851397113,0.0,PS_044,,,0.07979781498481617
32.481158650838395,1.204500079154968,2025-03-10T20:45:00Z,3,3,3,3,3,3,1,0,0,3,110.0304355420859,23.032143782274147,,,,,,,,37.9851545010582,252.05867175180205,0.0,PS_044,,,0.47997821089836423
30.96707838247887,1.2045000791549683,2025-03-10T21:00:00Z,4,4,4,4,4,4,1,0,0,4,56.9231915924826,9.999492855507274,,,,,,,,32.959175662912195,124.26684046889943,0.0,PS_044,,,0.21743358622620357
29.193934957621725,1.2045000791549685,2025-03-10T21:15:00Z,3,3,3,3,3,3,1,0,0,3,15.666507947342552,2.0160726614875477,,,,,,,,27.914600681085673,18.170352360723687,0.0,PS_044,,,0.051491439138102356
29.15752046256497,1.2045000791549685,2025-03-10T21:30:00Z,4,4,4,4,4,4,1,0,0,4,1.8584237931363765,0.288401621697567,,,,,,,,25.3916273948173,1.4817907059861992,0.0,PS_044,,,0.03253033978469199
27.544096383592553,1.2045000791549683,2025-03-10T21:45:00Z,3,3,3,3,3,3,1,0,0,3,-1.896616787798422,-0.24984908173154619,,,,,,,,23.91406003769966,-1.9910547915510057,0.0,PS_044,,,0.021486869305728313
28.672076002148103,1.204500079154968,2025-03-10T22:00:00Z,4,4,4,4,4,4,1,0,0,4,-1.7056962812316108,-0.21610606362355841,,,,,,,,24.24088317852493,-2.130913080545939,0.0,PS_044,,,0.8153604426507627
28.052553120487808,1.2045000791549683,2025-03-10T22:15:00Z,3,3,3,3,3,3,1,0,0,3,-1.9249071648490415,-0.14554334879690975,,,,,,,,24.021370322396624,-2.178920740025941,0.0,PS_044,,,0.13490448073641265
28.01380597382299,1.2045000791549683,2025-03-10T22:30:00Z,4,4,4,4,4,4,1,0,0,4,-1.7553716856894093,-0.14602923626541597,,,,,,,,23.63737492937339,-1.9318858946905315,0.0,PS_044,,,0.6047109987527853
27.26155791029304,1.2045000791549683,2025-03-10T22:45:00Z,3,3,3,3,3,3,1,0,0,3,-1.9596465458631387,-0.4426813854381004,,,,,,,,22.80156098382821,-1.8878739325864238,0.0,PS_044,,,0.0
26.609152170149876,1.204500079154968,2025-03-10T23:00:00Z,4,4,4,4,4,4,1,0,0,4,-1.5873243957041752,-0.31501192038309955,,,,,,,,22.11102634677437,-1.546220996309388,0.0,PS_044,,,0.0
26.585948796903825,1.2045000791549683,2025-03-10T23:15:00Z,3,3,3,3,3,3,1,0,0,3,-1.4372422598355754,-0.2048320041009373,,,,,,,,22.0,-1.3761923971064185,0.0,PS_044,,,0.0
26.068691357712932,1.2045000791549683,2025-03-10T23:30:00Z,4,4,4,4,4,4,1,0,0,4,-1.2631332368999828,-0.30803874974705947,,,,,,,,22.021134554468578,-1.403876483553545,0.0,PS_044,,,0.07580382555049678
25.73547748601491,1.204500079154968,2025-03-10T23:45:00Z,3,3,3,3,3,3,1,0,0,3,-1.5320592026348137,-0.2347100598768246,,,,,,,,21.799999237060547,-1.6692190813604642,0.0,PS_044,,,0.0
25.75576807593436,1.2045000791549683,2025-03-11T00:00:00Z,4,4,4,4,4,4,1,0,0,4,-1.3505267602232283,-0.11239843571756698,,,,,,,,21.585857099391173,-1.4236322716848389,0.0,PS_044,,,0.028982318146503632
25.23089578860997,1.2045000791549683,2025-03-11T00:15:00Z,4,4,4,4,4,4,1,0,0,4,-1.293378672773545,-0.19945541172196746,,,,,,,,21.461339150007177,-1.4969646044448117,0.0,PS_044,,,0.045570409106731984
25.052086639236965,1.2045000791549683,2025-03-11T00:30:00Z,3,3,3,3,3,3,1,0,0,3,-1.4025549418811971,-0.26948949289721486,,,,,,,,20.755404728919885,-1.6846758049777038,0.0,PS_044,,,0.0
24.839320330645187,1.2045000791549685,2025-03-11T00:45:00Z,4,4,4,4,4,4,1,0,0,4,-1.1623100494110736,-0.10616277400689289,,,,,,,,20.74622894130042,-1.607468235245417,0.0,PS_044,,,0.0
24.821368826955666,1.204500079154968,2025-03-11T01:00:00Z,4,4,4,4,4,4,1,0,0,4,-1.100107503407076,-0.06327838484175236,,,,,,,,20.820103929642553,-1.4942582538419258,0.0,PS_044,,,0.0
25.43851213838406,1.2045000791549683,2025-03-11T01:15:00Z,3,3,3,3,3,3,1,0,0,3,-1.354014829317674,-0.05400092698067551,,,,,,,,21.732054982646176,-1.5965629449755916,0.0,PS_044,,,0.3241114028266364
25.27462684002311,1.2045000791549683,2025-03-11T01:30:00Z,4,4,4,4,4,4,1,0,0,4,-1.3301117621666254,-0.10384498630109731,,,,,,,,21.60176412564335,-1.4779742258389603,0.0,PS_044,,,1.2154775725015536
25.358376401201077,1.2045000791549685,2025-03-11T01:45:00Z,3,3,3,3,3,3,1,0,0,3,-1.2833947893133422,-0.13768601029722868,,,,,,,,22.049831985820724,-1.4866218050173827,0.0,PS_044,,,2.238960093464557
25.10985375664335,1.204500079154968,2025-03-11T02:00:00Z,4,4,4,4,4,4,1,0,0,4,-1.4390138359823448,-0.15780057554542898,,,,,,,,21.86087981107071,-1.4010716732596782,0.0,PS_044,,,0.6500938003238828
24.553015223806636,1.2045000791549683,2025-03-11T02:15:00Z,4,4,4,4,4,4,1,0,0,4,-1.5479546118945342,-0.31746173479838957,,,,,,,,21.202321197895813,-1.491171117600131,0.0,PS_044,,,0.27142720012887855
24.00433874068953,1.204500079154968,2025-03-11T02:30:00Z,3,3,3,3,3,3,1,0,0,3,-1.6081236663802438,-0.4800564356797928,,,,,,,,20.22949427680971,-1.69984088574478,0.0,PS_044,,,0.91297148484036
24.47634123655231,1.2045000791549683,2025-03-11T02:45:00Z,4,4,4,4,4,4,1,0,0,4,-1.2851585700903236,-0.18029013110339231,,,,,,,,20.265680098189282,-1.43587778410751,0.0,PS_044,,,0.0
23.669771428629904,1.2045000791549683,2025-03-11T03:00:00Z,3,3,3,3,3,3,1,0,0,3,-1.726658906047842,-0.311647709244135,,,,,,,,19.52143827195221,-1.5746419245414611,0.0,PS_044,,,0.0
22.956575268812884,1.2045000791549685,2025-03-11T03:15:00Z,4,4,4,4,4,4,1,0,0,4,-1.395058902689155,-0.14118031981000018,,,,,,,,19.13920613707091,-1.486645195418393,0.0,PS_044,,,0.06787019086977548
23.559988921289744,1.2045000791549683,2025-03-11T03:30:00Z,4,4,4,4,4,4,1,0,0,4,-1.069316760172819,-0.04861422912876689,,,,,,,,19.399999618530273,-1.2861930603004625,0.0,PS_044,,,0.07774740965851662
23.426326944168615,1.204500079154968,2025-03-11T03:45:00Z,3,3,3,3,3,3,1,0,0,3,-1.4240728549296446,-0.026857175263142626,,,,,,,,19.34088686726626,-1.4257599280125515,0.0,PS_044,,,0.114447475759153
22.399173785940956,1.2045000791549685,2025-03-11T04:00:00Z,4,4,4,4,4,4,1,0,0,4,-1.434437213359088,-0.18224370742748253,,,,,,,,18.542256552918488,-1.5036551256309827,0.0,PS_044,,,0.04293464415788962
21.791365045846415,1.2045000791549685,2025-03-11T04:15:00Z,4,4,4,4,4,4,1,0,0,4,-1.4483165403269047,-0.18554299291395573,,,,,,,,18.265690107209128,-1.6584275906492358,0.0,PS_044,,,0.05842233495100855
21.782558975492574,1.2045000791549683,2025-03-11T04:30:00Z,3,3,3,3,3,3,1,0,0,3,-1.2253564184965924,-0.15875456425094178,,,,,,,,17.884199517624875,-1.5769552878738662,0.0,PS_044,,,0.0
21.924934716313878,1.2045000791549683,2025-03-11T04:45:00Z,4,4,4,4,4,4,1,0,0,4,-1.0795944428017614,-0.10637115399674414,,,,,,,,18.0,-1.37723474469588,0.0,PS_044,,,0.0
22.04067217010458,1.2045000791549683,2025-03-11T05:00:00Z,3,3,3,3,3,3,1,0,0,3,-1.125871789414805,-0.20485105623439126,,,,,,,,18.299999237060543,-1.3339633159854374,0.0,PS_044,,,0.0
21.496261480207853,1.2045000791549683,2025-03-11T05:15:00Z,4,4,4,4,4,4,1,0,0,4,-1.1843929452491866,-0.09329772252088762,,,,,,,,17.809034705369,-1.524958768553443,0.0,PS_044,,,0.0
21.37242195919354,1.2045000791549683,2025-03-11T05:30:00Z,4,4,4,4,4,4,1,0,0,4,-1.186313636605782,-0.12749171876496498,,,,,,,,17.615264712333264,-1.4138214140129286,0.0,PS_044,,,0.0
21.566832586553193,1.204500079154968,2025-03-11T05:45:00Z,3,3,3,3,3,3,1,0,0,3,-1.2002872165522747,-0.09458614580868781,,,,,,,,17.670133200837288,-1.4284175075100154,0.0,PS_044,,,0.0
21.359758928150132,1.2045000791549683,2025-03-11T06:00:00Z,4,4,4,4,4,4,1,0,0,4,-1.1944597497573504,-0.20659157497043007,,,,,,,,17.587712970634044,-1.623242302414326,0.0,PS_044,,,0.0656527036691254
21.220789747055814,1.204500079154968,2025-03-11T06:15:00Z,4,4,4,4,4,4,1,0,0,4,-1.136393304987114,-0.17819830426931682,,,,,,,,17.346704531640327,-1.3728758252727038,0.0,PS_044,,,0.0
20.86582720816307,1.2045000791549685,2025-03-11T06:30:00Z,3,3,3,3,3,3,1,0,0,3,-1.2315776695202076,-0.14285477027448454,,,,,,,,16.96531133347203,-1.593570407474501,0.0,PS_044,,,0.0
20.888123022687267,1.2045000791549683,2025-03-11T06:45:00Z,4,4,4,4,4,4,1,0,0,4,-1.0104305358992345,-0.08704548855631643,,,,,,,,17.19872003376488,-1.5033922556779877,0.0,PS_044,,,0.0
21.217852481992367,1.2045000791549685,2025-03-11T07:00:00Z,3,3,3,3,3,3,1,0,0,3,-0.511851742390757,0.06245162084590778,,,,,,,,17.917879199976507,-0.8177896134420202,0.0,PS_044,,,0.0
21.328425212597026,1.2045000791549685,2025-03-11T07:15:00Z,4,4,4,4,4,4,1,0,0,4,-0.6308828451177423,-0.006611614658732711,,,,,,,,18.299999237060547,-0.8883302006990379,0.0,PS_044,,,0.0
21.290396153375596,1.2045000791549683,2025-03-11T07:30:00Z,4,4,4,4,4,4,1,0,0,4,-0.9045349419697317,-0.017597523760438206,,,,,,,,18.047526596451142,-0.9410561394637541,0.0,PS_044,,,0.0
20.804622564610646,1.2045000791549685,2025-03-11T07:45:00Z,3,3,3,3,3,3,1,0,0,3,-0.796979960484634,-0.122822061829079,,,,,,,,18.254095777556998,-0.9536555239723122,0.0,PS_044,,,0.0
20.5634875852724,1.2045000791549683,2025-03-11T08:00:00Z,9,9,9,9,9,9,1,0,0,9,-1.120925820965207,-0.20992871634800125,,,,,,,,17.76639203888558,-1.2230489798234045,0.0,PS_044,,,0.0
20.385832365033636,1.204500079154968,2025-03-11T08:15:00Z,15,15,15,15,15,15,1,0,0,15,-1.2388080030015496,-0.21547254485722836,,,,,,,,17.112269202323315,-1.4426461332896334,0.0,PS_044,,,0.0042296532988397645
20.18084775450408,1.2045000791549685,2025-03-11T08:30:00Z,15,15,15,15,15,15,1,0,0,15,-1.1993142601146463,-0.22431529875469758,,,,,,,,16.757417048144582,-1.5890050935249864,0.0,PS_044,,,0.0
20.749683880213464,1.2045000791549683,2025-03-11T08:45:00Z,15,15,15,15,15,15,1,0,0,15,-0.9607571375824416,-0.12809893902560493,,,,,,,,17.202879660890474,-1.2058143818774685,0.0,PS_044,,,0.0
20.719257062487284,1.2045000791549683,2025-03-11T09:00:00Z,9,9,9,9,9,9,1,0,0,9,-0.38842956850042715,0.010909191414679368,,,,,,,,17.17132095572465,-0.16972069162111628,0.0,PS_044,,,0.0
20.44033250309037,1.2045000791549683,2025-03-11T09:15:00Z,4,4,4,4,4,4,1,0,0,4,7.695280100028642,0.877464834515936,,,,,,,,16.76996026198504,11.60254564481242,0.0,PS_044,,,0.0
20.9351648659296,1.2045000791549683,2025-03-11T09:30:00Z,3,3,3,3,3,3,1,0,0,3,34.36284554150689,3.2138952752939765,,,,,,,,16.961498565125318,35.18653869169783,0.0,PS_044,,,0.05285033167547234
22.097759004703757,1.204500079154968,2025-03-11T09:45:00Z,4,4,4,4,4,4,1,0,0,4,79.09946339391148,6.120968180261036,,,,,,,,18.37849792141137,99.79411866867407,0.0,PS_044,,,0.0
23.073456430093444,1.2045000791549683,2025-03-11T10:00:00Z,3,3,3,3,3,3,1,0,0,3,122.44852967306555,14.777730653052732,,,,,,,,20.07405173420108,182.7975432847607,0.0,PS_044,,,0.4755076081648692
24.020692873449786,1.2045000791549685,2025-03-11T10:15:00Z,4,4,4,4,4,4,1,0,0,4,183.90029261734892,10.921899627550701,,,,,,,,24.369810520127302,318.22838656359255,0.0,PS_044,,,0.7318803017756854
24.030475259424975,1.2045000791549683,2025-03-11T10:30:00Z,4,4,4,4,4,4,1,0,0,4,252.57967837348144,19.719337416818842,,,,,,,,29.139677466363096,465.31270572529695,0.0,PS_044,,,1.7052178696923166
24.6274197382167,1.204500079154968,2025-03-11T10:45:00Z,3,3,3,3,3,3,1,0,0,3,321.54449474423444,34.105630726729395,,,,,,,,34.02512383105462,617.2776684217712,0.0,PS_044,,,2.5507173473425357
25.813349802152363,1.2045000791549683,2025-03-11T11:00:00Z,4,4,4,4,4,4,1,0,0,4,381.6284421579363,46.4404692424387,,,,,,,,40.2981971157716,756.936914063337,0.0,PS_044,,,0.895063569378968
26.729893079727542,1.2045000791549683,2025-03-11T11:15:00Z,3,3,3,3,3,3,1,0,0,3,446.54768347471185,44.794517494596285,,,,,,,,45.206380797053164,890.8240336157445,0.0,PS_044,,,3.191196288229001
26.491201458131773,1.2045000791549683,2025-03-11T11:30:00Z,4,4,4,4,4,4,1,0,0,4,511.76147794027077,47.09508870164153,,,,,,,,44.643751948492394,928.4238731450313,0.0,PS_044,,,2.8037433948537243
26.975106869631155,1.2045000791549683,2025-03-11T11:45:00Z,3,3,3,3,3,3,1,0,0,3,571.4595588076105,49.734350515351096,,,,,,,,48.172013345902435,953.7629888567943,0.0,PS_044,,,2.598343500528084
28.242246554593937,1.204500079154968,2025-03-11T12:00:00Z,4,4,4,4,4,4,1,0,0,4,627.3966941670626,51.977248393918565,,,,,,,,48.962428972043874,971.5364501328384,0.0,PS_044,,,2.2962678981885296
29.24912501342116,1.2045000791549683,2025-03-11T12:15:00Z,3,3,3,3,3,3,1,0,0,3,678.724390262983,54.127631013895915,,,,,,,,51.20661899407282,982.2081193103924,0.0,PS_044,,,1.5725973907010526
28.71503028319863,1.2045000791549683,2025-03-11T12:30:00Z,4,4,4,4,4,4,1,0,0,4,733.5890684477448,57.15624006510671,,,,,,,,51.10166925296873,996.0385612860703,0.0,PS_044,,,3.021697815609781
29.836414946124357,1.2045000791549683,2025-03-11T12:45:00Z,4,4,4,4,4,4,1,0,0,4,779.2527255697127,60.0947987291754,,,,,,,,51.95472501033645,1002.2880766442137,0.0,PS_044,,,1.6983278624305975
30.38392964152657,1.2045000791549683,2025-03-11T13:00:00Z,3,3,3,3,3,3,1,0,0,3,819.4516170284002,62.89039316805223,,,,,,,,52.45697574620257,1009.0973511697811,0.0,PS_044,,,3.4798777609099796
31.311054678374116,1.2045000791549683,2025-03-11T13:15:00Z,4,4,4,4,4,4,1,0,0,4,853.5514180820918,65.12689116298097,,,,,,,,53.51060904912128,1009.979216938024,0.0,PS_044,,,2.382330555220892
32.5608922436097,1.2045000791549685,2025-03-11T13:30:00Z,3,3,3,3,3,3,1,0,0,3,890.8513588360836,67.62097245391844,,,,,,,,54.02905850124372,1012.576566306247,0.0,PS_044,,,2.046414542563914
33.03981904444325,1.2045000791549683,2025-03-11T13:45:00Z,4,4,4,4,4,4,1,0,0,4,927.3292196022002,70.39589657903437,,,,,,,,55.426782849865134,1015.1912253315264,0.0,PS_044,,,2.817873872336637
33.714545759104595,1.204500079154968,2025-03-11T14:00:00Z,3,3,3,3,3,3,1,0,0,3,952.7860764480802,72.62732563329556,,,,,,,,57.01270229865546,1011.9928599310946,0.0,PS_044,,,1.5220603176867367
33.49581409982742,1.204500079154968,2025-03-11T14:15:00Z,4,4,4,4,4,4,1,0,0,4,975.2903443601283,74.11337711630121,,,,,,,,56.90494462050191,1010.8565492776414,0.0,PS_044,,,0.7936962446340665
34.19076699340169,1.2045000791549683,2025-03-11T14:30:00Z,4,4,4,4,4,4,1,0,0,4,997.5051994111387,75.85203293340112,,,,,,,,57.50490325102761,1017.7640664403946,0.0,PS_044,,,2.8427748491766915
34.91673738519057,1.2045000791549683,2025-03-11T14:45:00Z,3,3,3,3,3,3,1,0,0,3,1005.351301589928,77.77901240713139,,,,,,,,57.86402993193142,1014.8379268720739,0.0,PS_044,,,1.2980558148909707
34.33175647018708,1.204500079154968,2025-03-11T15:00:00Z,4,4,4,4,4,4,1,0,0,4,917.1434494149256,71.23111541826815,,,,,,,,57.722360196480935,923.7759944682241,0.0,PS_044,,,2.43712260214357
33.43154859186187,1.2045000791549683,2025-03-11T15:15:00Z,3,3,3,3,3,3,1,0,0,3,1062.2921255887886,89.01915307449548,,,,,,,,51.39804855501988,1066.6902771799605,0.0,PS_044,,,1.4249785654736113
34.78478565414958,1.2045000791549683,2025-03-11T15:30:00Z,4,4,4,4,4,4,1,0,0,4,1121.9661750603966,96.91076438973474,,,,,,,,59.508184316782916,1126.8798188127207,0.0,PS_044,,,1.3432731871234884
35.778587988814856,1.2045000791549683,2025-03-11T15:45:00Z,3,3,3,3,3,3,1,0,0,3,577.997096527828,54.76575495068596,,,,,,,,63.580411126429674,575.9914477114077,0.0,PS_044,,,0.7744620648768173
34.26829498647378,1.204500079154968,2025-03-11T16:00:00Z,4,4,4,4,4,4,1,0,0,4,907.2888921802694,73.73775054991413,,,,,,,,55.7559729427711,895.6854754906046,0.0,PS_044,,,2.519201191008437
34.64496353185481,1.2045000791549683,2025-03-11T16:15:00Z,3,3,3,3,3,3,1,0,0,3,1135.0468262393945,103.9251591535391,,,,,,,,59.18509230871641,1167.651032373975,0.0,PS_044,,,1.1145040629734204
34.304157342489326,1.2045000791549683,2025-03-11T16:30:00Z,4,4,4,4,4,4,1,0,0,4,681.6101160954748,56.30077102872614,,,,,,,,50.86120301529805,704.9434473019065,0.0,PS_044,,,1.491272090061589
34.91456970035255,1.2045000791549685,2025-03-11T16:45:00Z,3,3,3,3,3,3,1,0,0,3,1049.0747024852742,95.72365190988306,,,,,,,,54.491535059804484,1119.9665299031533,0.0,PS_044,,,0.9345350135035306
33.66910316237961,1.2045000791549683,2025-03-11T17:00:00Z,4,4,4,4,4,4,1,0,0,4,436.2910675370262,42.87852475664705,,,,,,,,51.04895812296134,465.9284785394398,0.0,PS_044,,,2.1920571206575765
34.932305484134126,1.2045000791549683,2025-03-11T17:15:00Z,3,3,3,3,3,3,1,0,0,3,929.1404150785152,84.04840237515556,,,,,,,,51.27596088609248,1056.0880806902014,0.0,PS_044,,,1.4783033535680101
35.111533528238226,1.204500079154968,2025-03-11T17:30:00Z,4,4,4,4,4,4,1,0,0,4,894.7077249779528,81.11275722481506,,,,,,,,53.50146305870406,1056.8094805542007,0.0,PS_044,,,0.9454210864700295
35.65458200496002,1.2045000791549683,2025-03-11T17:45:00Z,3,3,3,3,3,3,1,0,0,3,848.9651050487919,78.27111870562322,,,,,,,,56.343795520953414,1035.4917211007319,0.0,PS_044,,,0.8378948198887383
35.39423123071945,1.2045000791549683,2025-03-11T18:00:00Z,4,4,4,4,4,4,1,0,0,4,789.5020167661553,72.49815660739128,,,,,,,,54.644871952092856,1022.1612651251756,0.0,PS_044,,,1.9479185722527133
35.05274331034563,1.2045000791549685,2025-03-11T18:15:00Z,3,3,3,3,3,3,1,0,0,3,718.7371922484788,67.25616226461003,,,,,,,,52.28982430717548,995.1870958114974,0.0,PS_044,,,2.5905226715900826
35.02591119673842,1.2045000791549685,2025-03-11T18:30:00Z,4,4,4,4,4,4,1,0,0,4,659.2285201981567,61.322286193637126,,,,,,,,52.821998142028306,978.6569742924388,0.0,PS_044,,,1.3517254507288545
34.412384419848955,1.2045000791549683,2025-03-11T18:45:00Z,4,4,4,4,4,4,1,0,0,4,601.5406083955586,55.02823421146681,,,,,,,,52.9504793771456,962.0482961008195,0.0,PS_044,,,1.2695536514575447
34.50857030789424,1.2045000791549685,2025-03-11T19:00:00Z,3,3,3,3,3,3,1,0,0,3,540.3619476135556,50.705832663567456,,,,,,,,51.672972576415894,938.3912905713125,0.0,PS_044,,,1.4813876787631146
34.4963321065004,1.2045000791549683,2025-03-11T19:15:00Z,4,4,4,4,4,4,1,0,0,4,480.40195864179145,46.959121237397305,,,,,,,,50.87701781694428,917.3098035453794,0.0,PS_044,,,1.461351782707457
34.379780007297526,1.2045000791549685,2025-03-11T19:30:00Z,3,3,3,3,3,3,1,0,0,3,419.60270919439824,46.32320960639504,,,,,,,,50.91186100630917,885.3002023725453,0.0,PS_044,,,1.9654632758118347
34.43610033741526,1.204500079154968,2025-03-11T19:45:00Z,4,4,4,4,4,4,1,0,0,4,356.5760267295792,55.08379939867713,,,,,,,,48.49806305275568,786.5223391708003,0.0,PS_044,,,1.9034149457709477
34.079748296786825,1.2045000791549683,2025-03-11T20:00:00Z,3,3,3,3,3,3,1,0,0,3,291.25804907874283,60.42617280080064,,,,,,,,46.511658758562994,658.8932195964347,0.0,PS_044,,,1.9833677197075148
33.606666564941406,1.2045000791549683,2025-03-11T20:15:00Z,4,4,4,4,4,4,1,0,0,4,231.82611881325997,58.05787143854724,,,,,,,,43.85431360721649,527.5273715655017,0.0,PS_044,,,1.3660234832272797
33.49228187824861,1.2045000791549683,2025-03-11T20:30:00Z,3,3,3,3,3,3,1,0,0,3,168.1244956564882,43.28620499107099,,,,,,,,41.72238248170675,389.2601010874062,0.0,PS_044,,,0.003957015822114702
32.35496035993777,1.204500079154968,2025-03-11T20:45:00Z,4,4,4,4,4,4,1,0,0,4,111.07389130949488,22.655622625902684,,,,,,,,37.088138342360686,257.058533545165,0.0,PS_044,,,0.07695890210846375
30.920676134599507,1.2045000791549683,2025-03-11T21:00:00Z,3,3,3,3,3,3,1,0,0,3,37.98869324395328,5.441096103985392,,,,,,,,32.27039131386165,68.4479631955632,0.0,PS_044,,,0.0
29.460746675924295,1.2045000791549685,2025-03-11T21:15:00Z,4,4,4,4,4,4,1,0,0,4,9.844479112634787,0.7800838624355171,,,,,,,,27.27709493261063,11.22528943293981,0.0,PS_044,,,0.018584553533765206
29.0901255979808,1.2045000791549683,2025-03-11T21:30:00Z,3,3,3,3,3,3,1,0,0,3,0.5982121733148286,0.23454403183026878,,,,,,,,25.507184940339766,0.11639352818807333,0.0,PS_044,,,0.1360114081069115
28.847867249258805,1.204500079154968,2025-03-11T21:45:00Z,4,4,4,4,4,4,1,0,0,4,-1.6859346254367513,-0.3061483120637833,,,,,,,,24.45902577164438,-1.9737922027035248,0.0,PS_044,,,0.016170920199556803
28.325366218168774,1.204500079154968,2025-03-11T22:00:00Z,3,3,3,3,3,3,1,0,0,3,-1.811202743995829,-0.11026603978680478,,,,,,,,23.848253909608108,-2.139592097371883,0.0,PS_044,,,0.0
28.353092962959416,1.2045000791549683,2025-03-11T22:15:00Z,3,3,3,3,3,3,1,0,0,3,-1.7668792199063024,-0.26786748595614446,,,,,,,,23.600000381469723,-1.8405481488275262,0.0,PS_044,,,0.28845578598807403
27.906400254168737,1.2045000791549683,2025-03-11T22:30:00Z,4,4,4,4,4,4,1,0,0,4,-1.531134445445237,-0.2980312813103387,,,,,,,,23.203837470618062,-2.104171646688479,0.0,PS_044,,,0.04218940079107798
27.348676947302295,1.204500079154968,2025-03-11T22:45:00Z,3,3,3,3,3,3,1,0,0,3,-1.7227202204400576,-0.2600414689734327,,,,,,,,22.787191855307206,-1.9067447537910476,0.0,PS_044,,,0.0
27.19077784611396,1.2045000791549683,2025-03-11T23:00:00Z,4,4,4,4,4,4,1,0,0,4,-1.4621828413064166,-0.17033702947903376,,,,,,,,22.984462196441694,-1.6073935915197486,0.0,PS_044,,,0.34031368497789927
26.7080925520465,1.2045000791549683,2025-03-11T23:15:00Z,3,3,3,3,3,3,1,0,0,3,-1.571126051904231,-0.2485929665494374,,,,,,,,22.500699962181397,-1.7755631272103072,0.0,PS_044,,,0.6065706776916363
25.124594895957372,1.204500079154968,2025-03-11T23:30:00Z,4,4,4,4,4,4,1,0,0,4,-1.6866580945087541,-0.23059383344455162,,,,,,,,21.750231724759423,-1.835143907427065,0.0,PS_044,,,0.19182396056855477
26.261119974763833,1.2045000791549683,2025-03-11T23:45:00Z,3,3,3,3,3,3,1,0,0,3,-1.2854523911656983,-0.06975912546475184,,,,,,,,22.212918861314982,-1.5333973109920738,0.0,PS_044,,,0.26688853223460335
27.544142792352233,1.2045000791549685,2025-03-12T00:00:00Z,3,3,3,3,3,3,1,0,0,3,-1.2718456294711848,0.04153544973649886,,,,,,,,22.869826181331035,-1.4756980342316486,0.0,PS_044,,,0.6328022702059809
27.242430905412114,1.2045000791549683,2025-03-12T00:15:00Z,4,4,4,4,4,4,1,0,0,4,-1.527851682181528,-0.28180095669257593,,,,,,,,23.32108959633325,-1.8642392230072524,0.0,PS_044,,,0.46479479270277896
27.027427765082095,1.204500079154968,2025-03-12T00:30:00Z,3,3,3,3,3,3,1,0,0,3,-1.5982414728313141,-0.18471107777106704,,,,,,,,23.448703926670113,-1.5287107569445029,0.0,PS_044,,,1.5364230779192924
26.426249759182788,1.204500079154968,2025-03-12T00:45:00Z,4,4,4,4,4,4,1,0,0,4,-1.425381907360663,-0.16944069949163224,,,,,,,,23.226779103540864,-1.4548060235664397,0.0,PS_044,,,1.6805918952121823
25.962638879503597,1.2045000791549683,2025-03-12T01:00:00Z,3,3,3,3,3,3,1,0,0,3,-1.3385065345899065,-0.19638599170875223,,,,,,,,22.899999618530273,-1.4519640594645182,0.0,PS_044,,,1.944813002446232
25.8693639534323,1.2045000791549683,2025-03-12T01:15:00Z,4,4,4,4,4,4,1,0,0,4,-1.4117471991322332,-0.09408916998775711,,,,,,,,22.71633536302946,-1.4655958310225154,0.0,PS_044,,,1.5722375369197519
25.537052521685787,1.2045000791549685,2025-03-12T01:30:00Z,3,3,3,3,3,3,1,0,0,3,-1.3705898544172215,-0.17924554548137867,,,,,,,,22.60000038146973,-1.4461959979435008,0.0,PS_044,,,2.071814554168824
25.31118770757942,1.2045000791549683,2025-03-12T01:45:00Z,4,4,4,4,4,4,1,0,0,4,-1.5367487387412613,-0.23976172173651944,,,,,,,,22.115084113777222,-1.4695478763400924,0.0,PS_044,,,1.2021863903438819
25.090407614474838,1.2045000791549683,2025-03-12T02:00:00Z,4,4,4,4,4,4,1,0,0,4,-1.4026944751290462,-0.21364090722571438,,,,,,,,22.000337933515095,-1.4820991808933748,0.0,PS_044,,,0.9845114354233991
24.802478951105954,1.2045000791549683,2025-03-12T02:15:00Z,3,3,3,3,3,3,1,0,0,3,-1.301424735438496,-0.2775977474781069,,,,,,,,21.62194951575048,-1.458337273828839,0.0,PS_044,,,1.1140190544296902
24.576071782661728,1.204500079154968,2025-03-12T02:30:00Z,4,4,4,4,4,4,1,0,0,4,-1.5341810583502196,-0.1475449300343507,,,,,,,,21.11899589455474,-1.5483335989501792,0.0,PS_044,,,0.9087966922350195
24.30470906181915,1.2045000791549683,2025-03-12T02:45:00Z,3,3,3,3,3,3,1,0,0,3,-1.4794495427321068,-0.15597189555876947,,,,,,,,20.712731196923993,-1.542859267657496,0.0,PS_044,,,0.5769106541065336
23.62718758180029,1.2045000791549683,2025-03-12T03:00:00Z,4,4,4,4,4,4,1,0,0,4,-1.7201057696041018,-0.3339761877819664,,,,,,,,19.65797937193995,-1.693589899141175,0.0,PS_044,,,0.0
23.254799601588655,1.2045000791549683,2025-03-12T03:15:00Z,3,3,3,3,3,3,1,0,0,3,-1.410957147670344,-0.2638754982211363,,,,,,,,19.052059681750716,-1.612372272284831,0.0,PS_044,,,0.0
22.627707359737588,1.2045000791549683,2025-03-12T03:30:00Z,4,4,4,4,4,4,1,0,0,4,-1.5258597734299468,-0.2914055920209833,,,,,,,,18.54152413596998,-1.7293162317333075,0.0,PS_044,,,0.0
22.602992061915863,1.2045000791549685,2025-03-12T03:45:00Z,3,3,3,3,3,3,1,0,0,3,-1.228731172971235,-0.13815381992496034,,,,,,,,18.79999923706055,-1.4608570104259155,0.0,PS_044,,,0.0
22.713697863426756,1.2045000791549685,2025-03-12T04:00:00Z,4,4,4,4,4,4,1,0,0,4,-1.2511415743295349,-0.2505148847246074,,,,,,,,18.711383057850984,-1.4588142798270423,0.0,PS_044,,,0.36115808602101723
22.12945124248615,1.204500079154968,2025-03-12T04:15:00Z,3,3,3,3,3,3,1,0,0,3,-1.5286671382559456,-0.19681415816053774,,,,,,,,18.443474881121748,-1.5137995231664128,0.0,PS_044,,,0.4978150638478442
22.628483926311688,1.2045000791549683,2025-03-12T04:30:00Z,4,4,4,4,4,4,1,0,0,4,-1.3705747351346853,-0.0646301527303828,,,,,,,,18.470802054361787,-1.4237257534010421,0.0,PS_044,,,0.3275665247704077
23.22303669503813,1.2045000791549683,2025-03-12T04:45:00Z,3,3,3,3,3,3,1,0,0,3,-1.2521835111134423,-0.01543685072253758,,,,,,,,18.799999237060547,-1.0370270005100384,0.0,PS_044,,,0.19166124255326922
22.55165232875141,1.2045000791549683,2025-03-12T05:00:00Z,4,4,4,4,4,4,1,0,0,4,-1.4628754103391197,-0.06415799794248757,,,,,,,,18.15203410012909,-1.6209183015610222,0.0,PS_044,,,0.0
21.02361127918866,1.2045000791549683,2025-03-12T05:15:00Z,3,3,3,3,3,3,1,0,0,3,-1.4167074317579313,-0.22598502440904195,,,,,,,,17.700000762939453,-1.3796190668868438,0.0,PS_044,,,0.11755461888229435
21.13858471808994,1.204500079154968,2025-03-12T05:30:00Z,4,4,4,4,4,4,1,0,0,4,-1.321245725774811,-0.14520616592625804,,,,,,,,17.53167941291708,-1.6062420259682728,0.0,PS_044,,,0.049451296557583214
21.16575860947292,1.204500079154968,2025-03-12T05:45:00Z,4,4,4,4,4,4,1,0,0,4,-1.142909712096145,-0.08882450499814892,,,,,,,,17.700000762939453,-1.362930601419342,0.0,PS_044,,,0.0
20.920077368492763,1.2045000791549683,2025-03-12T06:00:00Z,3,3,3,3,3,3,1,0,0,3,-1.3532589900939016,-0.060435739024468284,,,,,,,,17.446496662209174,-1.4724236387962142,0.0,PS_044,,,0.0
21.090435841263172,1.2045000791549687,2025-03-12T06:15:00Z,4,4,4,4,4,4,1,0,0,4,-0.9888862896521542,-0.18433774598334984,,,,,,,,17.45275798971424,-1.3373533723383455,0.0,PS_044,,,0.13463312671595548
20.721406549610805,1.2045000791549683,2025-03-12T06:30:00Z,3,3,3,3,3,3,1,0,0,3,-1.1100208343163978,-0.11976433327610647,,,,,,,,17.448321883525587,-1.394345649873489,0.0,PS_044,,,0.04117302064152555
20.80379822137922,1.2045000791549683,2025-03-12T06:45:00Z,4,4,4,4,4,4,1,0,0,4,-1.1427940104792222,-0.06997524308953584,,,,,,,,17.460298917183295,-1.3905767102271425,0.0,PS_044,,,0.16799858876823862
,,2025-03-12T07:00:00Z,0,0,0,0,0,0,1,0,0,0,,,,,,,,,,,,0.0,PS_044,,,
,,2025-03-12T07:15:00Z,0,0,0,0,0,0,1,0,0,0,,,,,,,,,,,,0.0,PS_044,,,
,,2025-03-12T07:30:00Z,0,0,0,0,0,0,1,0,0,0,,,,,,,,,,,,0.0,PS_044,,,
,,2025-03-12T07:45:00Z,0,0,0,0,0,0,1,0,0,0,,,,,,,,,,,,0.0,PS_044,,,
,,2025-03-12T08:00:00Z,0,0,0,0,0,0,1,0,0,0,,,,,,,,,,,,0.0,PS_044,,,
,,2025-03-12T08:15:00Z,0,0,0,0,0,0,1,0,0,0,,,,,,,,,,,,0.0,PS_044,,,
,,2025-03-12T08:30:00Z,0,0,0,0,0,0,1,0,0,0,,,,,,,,,,,,0.0,PS_044,,,
,,2025-03-12T08:45:00Z,0,0,0,0,0,0,1,0,0,0,,,,,,,,,,,,0.0,PS_044,,,
20.917358528927753,1.2045000791549683,2025-03-12T09:00:00Z,2,2,2,2,2,2,1,0,0,2,0.9558017981187582,0.20867583937784823,,,,,,,,17.832675369583363,2.044731061094564,0.0,PS_044,,,0.0
20.944552480372934,1.204500079154968,2025-03-12T09:15:00Z,4,4,4,4,4,4,1,0,0,4,10.282940197394959,1.4721079252844649,,,,,,,,17.610875197339535,14.802309497122916,0.0,PS_044,,,0.0
19.899623687834424,1.2045000791549683,2025-03-12T09:30:00Z,3,3,3,3,3,3,1,0,0,3,29.628098084196413,3.9857266588607585,,,,,,,,17.544883263496725,29.211233306828586,0.0,PS_044,,,0.7571612359295173
20.580760472656163,1.204500079154968,2025-03-12T09:45:00Z,4,4,4,4,4,4,1,0,0,4,67.87943884796245,7.213688622211789,,,,,,,,18.183665544726363,74.48039572667618,0.0,PS_044,,,0.33605695270300967
21.35292599560832,1.2045000791549683,2025-03-12T10:00:00Z,3,3,3,3,3,3,1,0,0,3,117.46441775236546,14.048723960047809,,,,,,,,19.250696721713393,158.00217523531396,0.0,PS_044,,,0.8784335053718638
22.946169092254472,1.2045000791549683,2025-03-12T10:15:00Z,4,4,4,4,4,4,1,0,0,4,186.44089803498196,13.40780621036944,,,,,,,,24.38822636021302,305.0025220737506,0.0,PS_044,,,1.4930737304700088
23.84433358770019,1.2045000791549683,2025-03-12T10:30:00Z,3,3,3,3,3,3,1,0,0,3,250.09698648676834,21.43884546015897,,,,,,,,28.442546954891345,446.826182403834,0.0,PS_044,,,2.0156399459187213
24.516083440235374,1.2045000791549685,2025-03-12T10:45:00Z,4,4,4,4,4,4,1,0,0,4,311.4807141502883,34.97649600850776,,,,,,,,33.46436994464504,579.3393522185755,0.0,PS_044,,,1.627855180191454
25.16507083536281,1.2045000791549683,2025-03-12T11:00:00Z,3,3,3,3,3,3,1,0,0,3,377.92937411466454,49.9107285695848,,,,,,,,37.66995237094746,725.5876601432267,0.0,PS_044,,,2.086854057740247
26.79236838897548,1.2045000791549683,2025-03-12T11:15:00Z,4,4,4,4,4,4,1,0,0,4,439.844849769907,50.914988114754706,,,,,,,,45.39414119457245,850.8808611546319,0.0,PS_044,,,0.6493138472053099
26.476521879288423,1.204500079154968,2025-03-12T11:30:00Z,3,3,3,3,3,3,1,0,0,3,505.49345732929555,52.35898590013393,,,,,,,,47.247254940489356,900.4346613095111,0.0,PS_044,,,2.9164802515490758
27.767381208972246,1.2045000791549685,2025-03-12T11:45:00Z,4,4,4,4,4,4,1,0,0,4,559.3920922427853,53.16315308563749,,,,,,,,49.63927858926808,926.8267836769882,0.0,PS_044,,,0.9296007319408877
27.88841937198482,1.204500079154968,2025-03-12T12:00:00Z,3,3,3,3,3,3,1,0,0,3,609.5152347005836,54.45532975868784,,,,,,,,48.62834898257173,935.7503874310702,0.0,PS_044,,,0.9125350878039576
28.15832982157918,1.2045000791549683,2025-03-12T12:15:00Z,4,4,4,4,4,4,1,0,0,4,674.1576171811809,58.101551184102114,,,,,,,,47.348324601074474,963.8146539086013,0.0,PS_044,,,3.5973793666588123
29.456077882532465,1.2045000791549683,2025-03-12T12:30:00Z,3,3,3,3,3,3,1,0,0,3,727.4149631276717,60.42839474843514,,,,,,,,50.96623731067987,975.2641518395368,0.0,PS_044,,,1.9488938859175093
29.765531362220578,1.2045000791549683,2025-03-12T12:45:00Z,4,4,4,4,4,4,1,0,0,4,777.4874111003643,63.21219107267247,,,,,,,,51.27875781660876,986.3252412015804,0.0,PS_044,,,3.3679847098278546
30.975730694958965,1.204500079154968,2025-03-12T13:00:00Z,3,3,3,3,3,3,1,0,0,3,803.8498649875037,63.57652883555508,,,,,,,,52.605602756181945,984.9566262786597,0.0,PS_044,,,3.6216184418603445
31.61357524860336,1.204500079154968,2025-03-12T13:15:00Z,4,4,4,4,4,4,1,0,0,4,842.3144031932459,66.04307628263159,,,,,,,,53.4807493220021,990.0147195826313,0.0,PS_044,,,2.198016862565601
31.713784573284624,1.2045000791549683,2025-03-12T13:30:00Z,3,3,3,3,3,3,1,0,0,3,875.878155769205,66.92703776520311,,,,,,,,52.014519194163455,995.7368533068698,0.0,PS_044,,,2.3558729015203124
33.002218844094784,1.2045000791549683,2025-03-12T13:45:00Z,4,4,4,4,4,4,1,0,0,4,910.9573589029044,69.60516510165135,,,,,,,,54.78937260268028,995.853844516721,0.0,PS_044,,,1.6463361524224247
33.38682028215331,1.2045000791549683,2025-03-12T14:00:00Z,3,3,3,3,3,3,1,0,0,3,938.6671708864844,72.21794649921092,,,,,,,,55.11457783156613,994.0250292384869,0.0,PS_044,,,2.543585668306516
32.55598504628115,1.2045000791549683,2025-03-12T14:15:00Z,4,4,4,4,4,4,1,0,0,4,962.6019334299152,73.50293383519053,,,,,,,,52.54177886400214,1000.6342643185029,0.0,PS_044,,,1.6576679170956246
34.64879722569767,1.204500079154968,2025-03-12T14:30:00Z,3,3,3,3,3,3,1,0,0,3,974.5169458981705,75.1353680046512,,,,,,,,58.108462669382405,994.6810707477705,0.0,PS_044,,,1.5382240592097627
34.398639271933796,1.2045000791549683,2025-03-12T14:45:00Z,4,4,4,4,4,4,1,0,0,4,989.719872364033,76.78087100867131,,,,,,,,59.43549489289682,997.6479978578916,0.0,PS_044,,,3.1508232805026926
34.43631323978328,1.2045000791549687,2025-03-12T15:00:00Z,4,4,4,4,4,4,1,0,0,4,995.4847611379049,79.35819454313933,,,,,,,,56.92374416287401,996.9527903006789,0.0,PS_044,,,2.6936547495161136
34.730792908043014,1.2045000791549683,2025-03-12T15:15:00Z,3,3,3,3,3,3,1,0,0,3,1004.584732282283,82.06777738285885,,,,,,,,58.50939396499749,1000.6963506532982,0.0,PS_044,,,2.482855961196093
34.05188873308771,1.204500079154968,2025-03-12T15:30:00Z,4,4,4,4,4,4,1,0,0,4,1001.8406594491009,83.27841114560954,,,,,,,,58.00366690560572,1001.4888279781611,0.0,PS_044,,,1.4919154587907155
34.249131847009096,1.2045000791549683,2025-03-12T15:45:00Z,3,3,3,3,3,3,1,0,0,3,998.1356789496584,83.96559398253598,,,,,,,,56.42303497023931,1004.6423171515067,0.0,PS_044,,,1.089269782957364
34.66165568762553,1.2045000791549683,2025-03-12T16:00:00Z,4,4,4,4,4,4,1,0,0,4,1020.3127472263424,88.80585880961061,,,,,,,,56.94382336865633,1038.5399955165508,0.0,PS_044,,,2.1468361072867603
34.878794303947444,1.2045000791549683,2025-03-12T16:15:00Z,3,3,3,3,3,3,1,0,0,3,1020.5491529715717,92.27434672919169,,,,,,,,56.22043000020919,1054.7506582684205,0.0,PS_044,,,2.2496717693820982
36.325896316868665,1.2045000791549683,2025-03-12T16:30:00Z,3,3,3,3,3,3,1,0,0,3,1027.4469403678133,93.07760962995175,,,,,,,,59.184315562236705,1074.8051108516026,0.0,PS_044,,,2.2322834661047146
35.37053459872196,1.2045000791549685,2025-03-12T16:45:00Z,4,4,4,4,4,4,1,0,0,4,929.0724641382317,89.19009912716594,,,,,,,,58.133657866651156,1004.4519809766307,0.0,PS_044,,,1.4013881539537947
35.05297162495148,1.2045000791549683,2025-03-12T17:00:00Z,3,3,3,3,3,3,1,0,0,3,388.139656455963,34.39257649335127,,,,,,,,52.91966723230605,403.0912945241703,0.0,PS_044,,,1.2242615010308011
34.94103599844004,1.2045000791549683,2025-03-12T17:15:00Z,4,4,4,4,4,4,1,0,0,4,659.3557098858237,72.2769081339732,,,,,,,,52.2767677668488,743.2579565722847,0.0,PS_044,,,1.0704846559851484
36.78114971514966,1.2045000791549683,2025-03-12T17:30:00Z,3,3,3,3,3,3,1,0,0,3,847.1423108278705,78.8626334584486,,,,,,,,58.211416772951765,991.6511667831843,0.0,PS_044,,,1.2096452865142588
37.14848145569826,1.2045000791549683,2025-03-12T17:45:00Z,4,4,4,4,4,4,1,0,0,4,661.9785275150206,64.58044153388713,,,,,,,,61.96472146365642,810.6289746214852,0.0,PS_044,,,0.31231098216711217
36.585179601178574,1.2045000791549683,2025-03-12T18:00:00Z,3,3,3,3,3,3,1,0,0,3,766.0771073479489,69.78622137606921,,,,,,,,59.96376121389271,999.8751763335014,0.0,PS_044,,,1.5328481307646644
37.178312590301545,1.2045000791549683,2025-03-12T18:15:00Z,4,4,4,4,4,4,1,0,0,4,707.2745078098467,64.90894362801237,,,,,,,,60.05089584352159,979.5665217562764,0.0,PS_044,,,1.5566015481042073
35.71720204290552,1.204500079154968,2025-03-12T18:30:00Z,4,4,4,4,4,4,1,0,0,4,645.0344648984204,58.62631981851457,,,,,,,,59.57705474577269,963.9955859574403,0.0,PS_044,,,1.0604167090680225
35.21764058401224,1.2045000791549683,2025-03-12T18:45:00Z,3,3,3,3,3,3,1,0,0,3,587.2181905018297,54.81845824910384,,,,,,,,58.15026510108887,942.1730521634437,0.0,PS_044,,,1.161135831688702
34.90807754472396,1.2045000791549685,2025-03-12T19:00:00Z,4,4,4,4,4,4,1,0,0,4,532.1864623560788,51.37184505204902,,,,,,,,57.36635572784559,918.0065564895614,0.0,PS_044,,,1.2107861859431681
34.485946173781116,1.2045000791549683,2025-03-12T19:15:00Z,3,3,3,3,3,3,1,0,0,3,469.2657136392184,47.97500832877232,,,,,,,,56.20129563583493,893.4914047247227,0.0,PS_044,,,0.9553499821490803
34.36058447515829,1.2045000791549683,2025-03-12T19:30:00Z,4,4,4,4,4,4,1,0,0,4,407.8300507847736,45.92213277268742,,,,,,,,56.22985707462445,852.5776733357576,0.0,PS_044,,,0.482126007828928
35.42675638068208,1.2045000791549683,2025-03-12T19:45:00Z,3,3,3,3,3,3,1,0,0,3,342.99823886044203,53.25594355091093,,,,,,,,54.43825944625052,756.7346410217318,0.0,PS_044,,,0.06520702159124271
34.86003104940095,1.2045000791549683,2025-03-12T20:00:00Z,4,4,4,4,4,4,1,0,0,4,282.22267683594833,57.917008693050136,,,,,,,,49.64446401177738,634.4427185384864,0.0,PS_044,,,0.5771871328446478
33.45964300519754,1.2045000791549683,2025-03-12T20:15:00Z,3,3,3,3,3,3,1,0,0,3,200.87010656382262,48.53575632802902,,,,,,,,43.47650337678039,450.5784843421889,0.0,PS_044,,,1.018370846540649
32.76832988958751,1.2045000791549683,2025-03-12T20:30:00Z,4,4,4,4,4,4,1,0,0,4,135.93571816965687,32.662059386783525,,,,,,,,39.440441458275174,292.8932470646192,0.0,PS_044,,,0.2480252900293235
30.844817216849844,1.2045000791549683,2025-03-12T20:45:00Z,3,3,3,3,3,3,1,0,0,3,51.95677672453088,8.17783201431547,,,,,,,,33.20856264894374,84.44051579078675,0.0,PS_044,,,0.08479983350692961
30.066352709465015,1.2045000791549683,2025-03-12T21:00:00Z,4,4,4,4,4,4,1,0,0,4,20.935497475302096,2.223574233356091,,,,,,,,28.852702316978757,24.24024358642905,0.0,PS_044,,,0.0740180431029075
29.311236796372935,1.2045000791549683,2025-03-12T21:15:00Z,3,3,3,3,3,3,1,0,0,3,6.53126915866048,0.30441260959689337,,,,,,,,26.54240348264692,7.045187733880163,0.0,PS_044,,,0.5825247480448601
29.327714155337734,1.2045000791549683,2025-03-12T21:30:00Z,4,4,4,4,4,4,1,0,0,4,0.18358646800449405,-0.06392817727519726,,,,,,,,25.828443404708857,0.0838845430200377,0.0,PS_044,,,0.5881106373408481
29.80000986819331,1.2045000791549683,2025-03-12T21:45:00Z,3,3,3,3,3,3,1,0,0,3,-1.5017400407103536,-0.04149303382319689,,,,,,,,26.26618922522282,-1.8247184554870053,0.0,PS_044,,,1.6856839603438967
29.59200739668522,1.2045000791549685,2025-03-12T22:00:00Z,4,4,4,4,4,4,1,0,0,4,-1.7286607761052262,-0.19282766253369457,,,,,,,,26.26938640124478,-1.7064117667096053,0.0,PS_044,,,1.7188944613119255
29.116653312170108,1.2045000791549683,2025-03-12T22:15:00Z,3,3,3,3,3,3,1,0,0,3,-1.602701825338003,-0.10237499084572765,,,,,,,,26.142113942780885,-1.5677109667873406,0.0,PS_044,,,2.1655969313108905
29.276569053480014,1.2045000791549685,2025-03-12T22:30:00Z,4,4,4,4,4,4,1,0,0,4,-1.6341526152612669,-0.2343289517477062,,,,,,,,26.267804260548225,-1.6116485530963682,0.0,PS_044,,,2.418332089256105
29.403094409536926,1.2045000791549685,2025-03-12T22:45:00Z,3,3,3,3,3,3,1,0,0,3,-1.5447925627295962,-0.17127090690812682,,,,,,,,26.100000381469727,-1.6532879874647386,0.0,PS_044,,,2.0325033761674547
28.69889194299346,1.2045000791549683,2025-03-12T23:00:00Z,4,4,4,4,4,4,1,0,0,4,-1.1405557609267707,-0.2795223690947262,,,,,,,,25.70730870711423,-1.4254365266067341,0.0,PS_044,,,1.3084023128227553
27.740021485527922,1.2045000791549683,2025-03-12T23:15:00Z,3,3,3,3,3,3,1,0,0,3,-0.8217311502256471,-0.025827312327966083,,,,,,,,25.485240201853927,-0.9560850370851769,0.0,PS_044,,,1.7062106627639861
27.432869469402974,1.2045000791549685,2025-03-12T23:30:00Z,4,4,4,4,4,4,1,0,0,4,-1.4120635035645377,-0.2419905255458353,,,,,,,,24.579869617127684,-1.3952124182754542,0.0,PS_044,,,1.6899802716984125
27.172046159238022,1.2045000791549683,2025-03-12T23:45:00Z,3,3,3,3,3,3,1,0,0,3,-1.429553751864179,-0.14710306753942237,,,,,,,,24.210846488195955,-1.4981881021692809,0.0,PS_044,,,0.6643266542766634
26.465700223172817,1.2045000791549683,2025-03-13T00:00:00Z,4,4,4,4,4,4,1,0,0,4,-1.385347318476026,-0.31022630631383274,,,,,,,,23.18939513043409,-1.4780902579237114,0.0,PS_044,,,0.0
25.927873460613167,1.204500079154968,2025-03-13T00:15:00Z,3,3,3,3,3,3,1,0,0,3,-1.0253656566472622,-0.20626458599578446,,,,,,,,23.100000381469723,-1.1081032709389693,0.0,PS_044,,,0.027340045099341174
25.96724181391871,1.2045000791549683,2025-03-13T00:30:00Z,4,4,4,4,4,4,1,0,0,4,-0.49689376676694536,-0.12130569405693398,,,,,,,,23.68997894268393,-0.7998882602273377,0.0,PS_044,,,0.1305553323713032
26.961939488804482,1.2045000791549683,2025-03-13T00:45:00Z,4,4,4,4,4,4,1,0,0,4,-0.792985978290402,-0.05331902370197304,,,,,,,,24.42841982112149,-1.0003351189012928,0.0,PS_044,,,1.1091182041366805
27.133049226226476,1.2045000791549685,2025-03-13T01:00:00Z,3,3,3,3,3,3,1,0,0,3,-0.7135699577445079,-0.07430030517895732,,,,,,,,24.753190865006793,-1.0536612956060574,0.0,PS_044,,,1.0779894657831866
27.29129312534716,1.2045000791549683,2025-03-13T01:15:00Z,4,4,4,4,4,4,1,0,0,4,-0.7834847555329317,-0.12505299888214316,,,,,,,,25.299999237060543,-0.929365342710204,0.0,PS_044,,,2.656211631527647
27.17580390336863,1.2045000791549685,2025-03-13T01:30:00Z,3,3,3,3,3,3,1,0,0,3,-0.6155672184613934,-0.15926890758414083,,,,,,,,25.299999237060554,-0.7851638753470787,0.0,PS_044,,,2.4054349483383657
27.024575928314082,1.2045000791549683,2025-03-13T01:45:00Z,4,4,4,4,4,4,1,0,0,4,-0.6974458329649021,-0.10194111490126098,,,,,,,,24.92201423647177,-0.8780215660259881,0.0,PS_044,,,1.0731236530643933
26.30637907913626,1.2045000791549683,2025-03-13T02:00:00Z,4,4,4,4,4,4,1,0,0,4,-2.3112286245915667,-0.18995426496205214,,,,,,,,23.22578471216811,-1.605789610388215,0.0,PS_044,,,1.792485962506747
25.359288762687832,1.2045000791549683,2025-03-13T02:15:00Z,3,3,3,3,3,3,1,0,0,3,-2.4410623442883885,-0.2469902897363482,,,,,,,,21.265351062517638,-2.0930754023362192,0.0,PS_044,,,0.45048250916107635
24.142218438773295,1.2045000791549683,2025-03-13T02:30:00Z,4,4,4,4,4,4,1,0,0,4,-1.4905008207029262,0.002196310688345524,,,,,,,,21.12687953909442,-1.2020612762083223,0.20000000298023224,PS_044,,,2.930813942113612
22.97111436712709,1.2045000791549683,2025-03-13T02:45:00Z,3,3,3,3,3,3,1,0,0,3,1.183874368904273,0.1496486964073832,,,,,,,,20.393517615675982,1.2108173987213122,2.200000047683716,PS_044,,,2.4720867091614624
22.11354546261802,1.2045000791549683,2025-03-13T03:00:00Z,4,4,4,4,4,4,1,0,0,4,-0.22332043987947772,-0.039615458374132315,,,,,,,,20.03228877950433,-0.1888305922070449,8.600000381469727,PS_044,,,3.7503261540285444
21.805157480967285,1.204500079154968,2025-03-13T03:15:00Z,4,4,4,4,4,4,1,0,0,4,0.017906925404634726,0.0448068497861371,,,,,,,,19.718972100386043,-0.0009807614613372528,14.0,PS_044,,,3.6101712331026206
21.741005791344815,1.2045000791549683,2025-03-13T03:30:00Z,3,3,3,3,3,3,1,0,0,3,-0.13466596838560332,-0.45623830291964745,,,,,,,,19.650714553845123,-0.6013791564486136,17.0,PS_044,,,3.754056969155981
21.97022146986744,1.204500079154968,2025-03-13T03:45:00Z,4,4,4,4,4,4,1,0,0,4,-0.4798179536231895,-0.3130832196473335,,,,,,,,19.943250600150595,-0.6655594511567752,17.399999618530273,PS_044,,,5.055831442491059
22.437977280466086,1.2045000791549683,2025-03-13T04:00:00Z,3,3,3,3,3,3,1,0,0,3,0.008078444728457456,-0.3703207909386127,,,,,,,,20.45297129476258,-0.3799857639745819,17.399999618530273,PS_044,,,3.792480997310962
22.45912064695922,1.204500079154968,2025-03-13T04:15:00Z,4,4,4,4,4,4,1,0,0,4,0.6687645710114444,-0.18198498031370552,,,,,,,,20.665237678392057,0.17466740627118413,17.399999618530273,PS_044,,,2.1645163867681187
22.8509636025826,1.2045000791549683,2025-03-13T04:30:00Z,4,4,4,4,4,4,1,0,0,4,1.5714161204152695,-0.34069024004508863,,,,,,,,21.10975791431008,0.3667569814036088,17.399999618530273,PS_044,,,3.7493010503503825
23.017898062447827,1.2045000791549683,2025-03-13T04:45:00Z,3,3,3,3,3,3,1,0,0,3,0.4182867269496827,-0.28073441655465714,,,,,,,,21.103268506805794,-0.042468978196975773,17.399999618530273,PS_044,,,3.4727755196248795
23.293913352770343,1.2045000791549683,2025-03-13T05:00:00Z,4,4,4,4,4,4,1,0,0,4,0.13707974615257648,-0.11686642040574104,,,,,,,,20.700000762939453,-0.5328260614743984,17.399999618530273,PS_044,,,1.6060927411834793
23.037045725253854,1.2045000791549683,2025-03-13T05:15:00Z,3,3,3,3,3,3,1,0,0,3,-0.021928897132978437,-0.21347547258243382,,,,,,,,20.48157610061739,-0.7090728335419995,17.399999618530273,PS_044,,,1.0155531863228935
22.86482745136586,1.2045000791549683,2025-03-13T05:30:00Z,4,4,4,4,4,4,1,0,0,4,0.1184085483758627,-0.24191945274485152,,,,,,,,20.190569364534237,-0.6608081061876387,17.399999618530273,PS_044,,,1.0541119867557986
23.15641926919352,1.2045000791549683,2025-03-13T05:45:00Z,4,4,4,4,4,4,1,0,0,4,0.44339610567513504,-0.20219791893133945,,,,,,,,20.735327259691125,-0.27491713973369764,17.399999618530273,PS_044,,,1.8318879999134206
22.92600682665221,1.2045000791549683,2025-03-13T06:00:00Z,3,3,3,3,3,3,1,0,0,3,0.15156276236811522,-0.269031557448505,,,,,,,,20.95109286812773,-0.3240303269272303,17.399999618530273,PS_044,,,0.9161597352795173
22.90730204932284,1.2045000791549683,2025-03-13T06:15:00Z,4,4,4,4,4,4,1,0,0,4,-0.11870750164645992,-0.23033217510188655,,,,,,,,20.700000762939453,-0.5005698065986829,17.399999618530273,PS_044,,,0.3034919202820924
22.888925325290817,1.2045000791549683,2025-03-13T06:30:00Z,3,3,3,3,3,3,1,0,0,3,-0.17945922264277164,-0.22200942513209143,,,,,,,,20.47633747603846,-0.4089596196947157,17.399999618530273,PS_044,,,0.40345644259032437
22.411901674756663,1.2045000791549683,2025-03-13T06:45:00Z,4,4,4,4,4,4,1,0,0,4,-0.22395763909158786,-0.2158119281558659,,,,,,,,20.363506642741022,-0.5093152743930229,17.399999618530273,PS_044,,,0.43158186057490555
22.47525571540979,1.2045000791549683,2025-03-13T07:00:00Z,4,4,4,4,4,4,1,0,0,4,-0.4000236339718114,-0.2581926070578727,,,,,,,,20.279155722858444,-0.616709137549464,17.399999618530273,PS_044,,,0.0
22.28433838862053,1.2045000791549683,2025-03-13T07:15:00Z,3,3,3,3,3,3,1,0,0,3,-0.6434669020258036,-0.21804527048927314,,,,,,,,20.200000762939453,-0.7546426818462874,17.399999618530273,PS_044,,,0.0
22.06541825288927,1.2045000791549683,2025-03-13T07:30:00Z,4,4,4,4,4,4,1,0,0,4,-0.5470609096633626,-0.19165559609355687,,,,,,,,19.94409101333056,-0.7367359193338107,17.399999618530273,PS_044,,,0.012669194050232117
21.823957384162522,1.204500079154968,2025-03-13T07:45:00Z,3,3,3,3,3,3,1,0,0,3,-0.4513706890196042,-0.3318229510741321,,,,,,,,19.717907648483575,-0.7676786963483767,17.399999618530273,PS_044,,,0.15608251053781091
22.08227509308225,1.2045000791549683,2025-03-13T08:00:00Z,9,9,9,9,9,9,1,0,0,9,-0.44768358366393857,-0.140066122085747,,,,,,,,19.899999618530273,-0.6401010488802559,17.399999618530273,PS_044,,,0.03326749757527541
21.764966173147133,1.2045000791549683,2025-03-13T08:15:00Z,15,15,15,15,15,15,1,0,0,15,-0.5156087550605731,-0.18519145836539938,,,,,,,,19.742969853565697,-0.701182044552991,17.399999618530273,PS_044,,,0.12575375007081444
21.71371050175426,1.2045000791549683,2025-03-13T08:30:00Z,15,15,15,15,15,15,1,0,0,15,-0.6275704982926885,-0.2055540648208159,,,,,,,,19.563830823862745,-0.8792466142050788,17.399999618530273,PS_044,,,0.0
21.96527387023921,1.204500079154968,2025-03-13T08:45:00Z,15,15,15,15,15,15,1,0,0,15,-0.458339411495967,-0.18756228580709103,,,,,,,,19.63374627302426,-0.5713732539040237,17.399999618530273,PS_044,,,0.023829933657195757
21.67971962544754,1.204500079154968,2025-03-13T09:00:00Z,9,9,9,9,9,9,1,0,0,9,-0.34580053848327996,-0.24966392510270854,,,,,,,,19.648022024301998,-0.527983391188719,17.399999618530273,PS_044,,,0.24437711959681616
21.825598730097777,1.2045000791549685,2025-03-13T09:15:00Z,4,4,4,4,4,4,1,0,0,4,1.1688035648684365,0.18100837240376724,,,,,,,,19.600000381469723,0.7892155497160622,17.399999618530273,PS_044,,,0.9379104108014243
21.764484795092972,1.2045000791549683,2025-03-13T09:30:00Z,3,3,3,3,3,3,1,0,0,3,4.477417181483393,0.4484602924911547,,,,,,,,19.60000038146973,3.376203165109558,17.399999618530273,PS_044,,,0.5884318878855239
21.783545272959675,1.2045000791549683,2025-03-13T09:45:00Z,4,4,4,4,4,4,1,0,0,4,12.997332664898916,0.8517151090607582,,,,,,,,19.64739865409396,12.004497472991655,17.399999618530273,PS_044,,,1.4002505485855914
22.08317629031413,1.2045000791549685,2025-03-13T10:00:00Z,4,4,4,4,4,4,1,0,0,4,27.251939850607556,2.186247506421285,,,,,,,,20.200000762939453,25.54391499459123,17.399999618530273,PS_044,,,0.6280611997375258
22.170169274619106,1.2045000791549683,2025-03-13T10:15:00Z,3,3,3,3,3,3,1,0,0,3,44.87593385474066,4.081704342177175,,,,,,,,20.545887251305103,41.94885791972249,17.399999618530273,PS_044,,,0.12986043598974314
22.51447136747359,1.2045000791549683,2025-03-13T10:30:00Z,4,4,4,4,4,4,1,0,0,4,75.91552547459726,7.063241337650124,,,,,,,,21.423219465032496,75.6606168543041,17.399999618530273,PS_044,,,0.13360237766882146
22.9577401084405,1.204500079154968,2025-03-13T10:45:00Z,3,3,3,3,3,3,1,0,0,3,134.97156287778236,12.845539449992634,,,,,,,,23.661280693689314,156.6789304589819,17.399999618530273,PS_044,,,0.1654300781987671
23.195493546148885,1.2045000791549685,2025-03-13T11:00:00Z,4,4,4,4,4,4,1,0,0,4,117.24186712462927,14.37759065353251,,,,,,,,24.500000000000007,112.09723934605675,17.399999618530273,PS_044,,,0.4016152192157849
23.26318726118924,1.2045000791549685,2025-03-13T11:15:00Z,3,3,3,3,3,3,1,0,0,3,94.26618844965384,20.570400632635426,,,,,,,,24.794431800110235,91.58875732581055,17.399999618530273,PS_044,,,0.2968427423321362
23.175693365548444,1.2045000791549683,2025-03-13T11:30:00Z,4,4,4,4,4,4,1,0,0,4,109.00811914292693,28.27481184541662,,,,,,,,24.08731883855836,95.19096831111268,17.399999618530273,PS_044,,,0.8429000922002924
23.541081900231998,1.2045000791549683,2025-03-13T11:45:00Z,3,3,3,3,3,3,1,0,0,3,163.79018839858676,36.465655296162716,,,,,,,,25.116079191611792,148.531213247225,17.399999618530273,PS_044,,,0.6735005355252951
24.056246148775966,1.2045000791549683,2025-03-13T12:00:00Z,4,4,4,4,4,4,1,0,0,4,175.33279644189628,36.197027386945194,,,,,,,,26.3439352483291,154.9467366880196,17.399999618530273,PS_044,,,0.8445110902725671
24.098508890669322,1.2045000791549683,2025-03-13T12:15:00Z,4,4,4,4,4,4,1,0,0,4,205.14446539193847,34.47979475949584,,,,,,,,26.830017497737984,181.66263448105278,17.399999618530273,PS_044,,,1.3160650027698013
24.236856136873264,1.2045000791549683,2025-03-13T12:30:00Z,3,3,3,3,3,3,1,0,0,3,239.85733493379917,31.160593462285302,,,,,,,,27.209962898099967,232.91998099197878,17.399999618530273,PS_044,,,1.3994395611608512
24.45581806181571,1.2045000791549683,2025-03-13T12:45:00Z,4,4,4,4,4,4,1,0,0,4,304.97539605048996,31.023852956483157,,,,,,,,28.53104277235893,338.55846669954093,17.399999618530273,PS_044,,,1.3667610379032131
25.40807848771364,1.2045000791549683,2025-03-13T13:00:00Z,3,3,3,3,3,3,1,0,0,3,369.88336253523113,33.71613176290393,,,,,,,,34.69918890393812,416.1195479992598,17.399999618530273,PS_044,,,1.2936225263304055
26.013968347233963,1.2045000791549685,2025-03-13T13:15:00Z,4,4,4,4,4,4,1,0,0,4,720.4074269356479,50.65746482700488,,,,,,,,35.81853525223118,842.7478647784009,17.399999618530273,PS_044,,,1.4237651480611841
28.193862393845805,1.2045000791549683,2025-03-13T13:30:00Z,3,3,3,3,3,3,1,0,0,3,709.3128531443627,51.67866606884977,,,,,,,,48.745326607013475,796.5134632061616,17.399999618530273,PS_044,,,0.6029530416199107
28.043712139829786,1.204500079154968,2025-03-13T13:45:00Z,4,4,4,4,4,4,1,0,0,4,482.6423573223474,34.864725531913095,,,,,,,,43.42238785218906,538.4392518738131,17.399999618530273,PS_044,,,0.588902421463971
30.28555468641709,1.2045000791549683,2025-03-13T14:00:00Z,3,3,3,3,3,3,1,0,0,3,1044.41649502713,72.4871005035731,,,,,,,,52.501181125299915,1121.1551745560178,17.399999618530273,PS_044,,,1.3272017001716405
28.494275011151416,1.204500079154968,2025-03-13T14:15:00Z,4,4,4,4,4,4,1,0,0,4,654.6578370434376,47.26685303892825,,,,,,,,47.07087619675375,687.1491436645156,17.399999618530273,PS_044,,,1.8467068574857959
30.532591105857694,1.2045000791549683,2025-03-13T14:30:00Z,4,4,4,4,4,4,1,0,0,4,660.7209277628455,54.15727608394232,,,,,,,,49.24309467155883,666.4013096771049,17.399999618530273,PS_044,,,0.2969740085156071
31.256099113184952,1.2045000791549683,2025-03-13T14:45:00Z,3,3,3,3,3,3,1,0,0,3,999.7780305463447,59.707193534834,,,,,,,,51.976729069881806,966.2385230296978,17.399999618530273,PS_044,,,0.4755442614938905
30.158091018303328,1.2045000791549683,2025-03-13T15:00:00Z,4,4,4,4,4,4,1,0,0,4,659.1699045404511,52.99361059685763,,,,,,,,49.10503460188682,657.1333807652424,17.399999618530273,PS_044,,,0.5333311823787338
30.49215443291723,1.2045000791549683,2025-03-13T15:15:00Z,3,3,3,3,3,3,1,0,0,3,778.3140923391867,62.196008119239025,,,,,,,,48.51296673034509,774.0629845029745,17.399999618530273,PS_044,,,0.675944919626257
30.42644257903709,1.204500079154968,2025-03-13T15:30:00Z,4,4,4,4,4,4,1,0,0,4,737.914170907851,58.25055604877713,,,,,,,,48.40752983891521,739.0382274982916,17.399999618530273,PS_044,,,1.4942981175086785
30.462610538235413,1.204500079154968,2025-03-13T15:45:00Z,3,3,3,3,3,3,1,0,0,3,946.5316148473815,74.88546666366756,,,,,,,,50.0539278576487,944.8823186448316,17.399999618530273,PS_044,,,0.8310135457384478
31.045719835309736,1.2045000791549685,2025-03-13T16:00:00Z,4,4,4,4,4,4,1,0,0,4,1030.1922952314474,79.4150543560219,,,,,,,,55.797685042572645,1046.1053363443166,17.399999618530273,PS_044,,,1.0845055301927269
31.701795892065263,1.2045000791549685,2025-03-13T16:15:00Z,4,4,4,4,4,4,1,0,0,4,986.4197214066554,77.0882291538002,,,,,,,,56.21860225034058,1019.8598390114608,17.399999618530273,PS_044,,,1.2133000520396513
32.926708082858845,1.2045000791549683,2025-03-13T16:30:00Z,3,3,3,3,3,3,1,0,0,3,975.4793458472257,77.1636155325432,,,,,,,,60.197999483747836,1030.033853115624,17.399999618530273,PS_044,,,1.314847820079247
32.37768410084844,1.2045000791549683,2025-03-13T16:45:00Z,4,4,4,4,4,4,1,0,0,4,968.3234492865962,77.69960774569071,,,,,,,,56.50748191152093,1046.8397202328458,17.399999618530273,PS_044,,,1.9644845464956395
33.67633364649949,1.2045000791549683,2025-03-13T17:00:00Z,4,4,4,4,4,4,1,0,0,4,979.9288091777066,79.71883950105341,,,,,,,,59.79182276393698,1088.2597020952355,17.399999618530273,PS_044,,,0.36217273481022827
34.4850541518039,1.2045000791549683,2025-03-13T17:15:00Z,4,4,4,4,4,4,1,0,0,4,647.24807425894,53.617130861878,,,,,,,,60.81188751080495,724.6165868969598,17.399999618530273,PS_044,,,0.7175944576872261
31.31672693149505,1.2045000791549683,2025-03-13T17:30:00Z,3,3,3,3,3,3,1,0,0,3,113.97898044176273,17.905976192929188,,,,,,,,41.66669555651965,105.27667262928388,17.399999618530273,PS_044,,,1.785666635612645
26.83489723697066,1.2045000791549683,2025-03-13T17:45:00Z,4,4,4,4,4,4,1,0,0,4,158.65652289279788,22.482837938975774,,,,,,,,29.77032557437168,145.67352019108716,17.399999618530273,PS_044,,,2.393302753072515
26.269263512339503,1.2045000791549683,2025-03-13T18:00:00Z,3,3,3,3,3,3,1,0,0,3,185.17153545287084,25.384032406828123,,,,,,,,29.084894239792618,190.51487633033486,17.399999618530273,PS_044,,,2.515293856768068
26.403193336357752,1.2045000791549685,2025-03-13T18:15:00Z,4,4,4,4,4,4,1,0,0,4,182.19659719783138,24.97732821622354,,,,,,,,29.600000381469723,190.83758576352014,17.399999618530273,PS_044,,,1.3947546049967294
27.151475696274215,1.2045000791549683,2025-03-13T18:30:00Z,3,3,3,3,3,3,1,0,0,3,349.75559463438384,37.95771726371841,,,,,,,,31.687099443996022,437.3882275785678,17.399999618530273,PS_044,,,1.3941382862664777
28.925096970108928,1.2045000791549683,2025-03-13T18:45:00Z,4,4,4,4,4,4,1,0,0,4,254.81583254834462,37.07551150403898,,,,,,,,36.758726843220806,284.5050574504463,17.399999618530273,PS_044,,,0.23027805532453302
29.638422705375394,1.2045000791549685,2025-03-13T19:00:00Z,3,3,3,3,3,3,1,0,0,3,255.69373430949838,40.73830992230277,,,,,,,,35.813877809202616,234.50911007755693,17.399999618530273,PS_044,,,0.12775988484252424
29.63728610473613,1.2045000791549683,2025-03-13T19:15:00Z,5,5,5,5,5,5,1,0,0,5,234.23505353104102,42.002710891399204,,,,,,,,35.270117905244796,202.73608351805757,17.399999618530273,PS_044,,,0.02525630174206244
29.988639288766233,1.2045000791549683,2025-03-13T19:30:00Z,3,3,3,3,3,3,1,0,0,3,202.81004393650446,34.193532118458684,,,,,,,,34.55036664997927,198.80899893683824,17.399999618530273,PS_044,,,0.0
29.663386175482795,1.2045000791549685,2025-03-13T19:45:00Z,4,4,4,4,4,4,1,0,0,4,178.64955693007855,24.865538698073053,,,,,,,,34.24723099515581,215.30064385487776,17.399999618530273,PS_044,,,0.03949036898502364
29.291502212382138,1.2045000791549683,2025-03-13T20:00:00Z,3,3,3,3,3,3,1,0,0,3,172.88288381285534,23.23245344639769,,,,,,,,33.99025325032583,239.88304229355495,17.399999618530273,PS_044,,,0.22488955005911487
28.90068237001889,1.204500079154968,2025-03-13T20:15:00Z,4,4,4,4,4,4,1,0,0,4,125.05596306254293,14.416829118340184,,,,,,,,32.41840962329136,148.57151167482675,17.399999618530273,PS_044,,,0.10969041506771209
27.754530360647614,1.2045000791549683,2025-03-13T20:30:00Z,3,3,3,3,3,3,1,0,0,3,104.04466314353675,11.04352396364562,,,,,,,,29.67756961145193,115.01955809870391,17.399999618530273,PS_044,,,0.31609645440845113
26.89993772587737,1.2045000791549685,2025-03-13T20:45:00Z,4,4,4,4,4,4,1,0,0,4,73.65035816206,8.039077526896213,,,,,,,,27.50572986190747,81.95099803944447,17.399999618530273,PS_044,,,0.03944962305093918
26.673519259035825,1.2045000791549683,2025-03-13T21:00:00Z,3,3,3,3,3,3,1,0,0,3,46.3386434875009,5.684240519382992,,,,,,,,26.10545702524959,63.669244590186835,17.399999618530273,PS_044,,,0.09147485895026915
26.147790362038016,1.2045000791549683,2025-03-13T21:15:00Z,4,4,4,4,4,4,1,0,0,4,13.838658578441752,1.0647482900989795,,,,,,,,24.185745423703437,14.454691223594414,17.399999618530273,PS_044,,,0.3605533156981138
25.580078944809912,1.2045000791549683,2025-03-13T21:30:00Z,3,3,3,3,3,3,1,0,0,3,0.11089332005521334,-0.36590585782618895,,,,,,,,23.353647098491976,-0.0005392255456019483,17.399999618530273,PS_044,,,0.0
25.76857413744121,1.2045000791549683,2025-03-13T21:45:00Z,4,4,4,4,4,4,1,0,0,4,-0.7198067890124287,-0.30571095261621506,,,,,,,,23.18550777053168,-0.8697445307122124,17.399999618530273,PS_044,,,0.7356387490265678
26.623336791992188,1.2045000791549683,2025-03-13T22:00:00Z,1,1,1,1,1,1,1,0,0,1,-0.8799999952316284,-0.12999999523162842,,,,,,,,23.700000762939453,-0.8299999833106995,17.399999618530273,PS_044,,,0.7760000228881836
27.159996032714844,1.2045000791549683,2025-03-13T22:15:00Z,1,1,1,1,1,1,1,0,0,1,-0.8399999737739563,-0.20999999344348907,,,,,,,,23.899999618530273,-0.990000009536743,17.399999618530273,PS_044,,,1.1619999408721924
26.728097257730212,1.2045000791549683,2025-03-13T22:30:00Z,3,3,3,3,3,3,1,0,0,3,-0.7945094684717884,-0.40437863932757706,,,,,,,,23.493261644494872,-0.8028249872329215,17.399999618530273,PS_044,,,0.13782555525405554
25.95852009588494,1.2045000791549683,2025-03-13T22:45:00Z,4,4,4,4,4,4,1,0,0,4,-1.2154718513382505,-0.41955723400722894,,,,,,,,23.111962377297008,-1.0105504973068715,17.399999618530273,PS_044,,,0.0
25.658974973308492,1.2045000791549683,2025-03-13T23:00:00Z,3,3,3,3,3,3,1,0,0,3,-0.8292804309217437,-0.33560620221185244,,,,,,,,22.646415014066445,-0.8670324154856766,17.399999618530273,PS_044,,,0.0
25.71856333466794,1.2045000791549685,2025-03-13T23:15:00Z,4,4,4,4,4,4,1,0,0,4,-0.8667376265920665,-0.46221340710565767,,,,,,,,22.738115073638372,-1.0993453568137954,17.399999618530273,PS_044,,,1.1760398485739512
26.273909584477384,1.2045000791549683,2025-03-13T23:30:00Z,3,3,3,3,3,3,1,0,0,3,-0.8329296571248985,-0.20140191467887592,,,,,,,,23.399999618530277,-0.9698941161697587,17.399999618530273,PS_044,,,1.1155108315047422
26.022699969948388,1.2045000791549683,2025-03-13T23:45:00Z,4,4,4,4,4,4,1,0,0,4,-0.9408069012526231,-0.28947403535125255,,,,,,,,23.44533228701605,-1.0174021678475738,17.399999618530273,PS_044,,,1.3675580807086936
25.72263940756253,1.204500079154968,2025-03-14T00:00:00Z,3,3,3,3,3,3,1,0,0,3,-0.9224321640951539,-0.32692417543150926,,,,,,,,23.069917677186833,-1.0355251701140917,17.399999618530273,PS_044,,,1.6949237676690387
25.182199088987826,1.2045000791549683,2025-03-14T00:15:00Z,4,4,4,4,4,4,1,0,0,4,-1.081097435860121,-0.36384580264574734,,,,,,,,22.453394061957614,-1.0865356213236357,17.399999618530273,PS_044,,,1.0957786210591955
24.61455563706119,1.2045000791549683,2025-03-14T00:30:00Z,3,3,3,3,3,3,1,0,0,3,-1.08542998033404,-0.32564277084730253,,,,,,,,21.799999237060543,-1.0406961636933336,17.399999618530273,PS_044,,,1.3111993669714475
24.131009893402112,1.2045000791549683,2025-03-14T00:45:00Z,4,4,4,4,4,4,1,0,0,4,-1.1788126406619701,-0.4057731372650597,,,,,,,,21.35193251952753,-1.257602137504271,17.399999618530273,PS_044,,,0.9744403976161394
23.940375089682927,1.204500079154968,2025-03-14T01:00:00Z,4,4,4,4,4,4,1,0,0,4,-1.065714617348292,-0.4110959685232544,,,,,,,,20.91485974028007,-1.1748734208901936,17.399999618530273,PS_044,,,0.3856500573097991
23.786306896550435,1.2045000791549683,2025-03-14T01:15:00Z,3,3,3,3,3,3,1,0,0,3,-1.0417050987950969,-0.4113697809594352,,,,,,,,20.615282081968562,-1.140021127481451,17.399999618530273,PS_044,,,0.26692678035644524
23.627744472752887,1.2045000791549685,2025-03-14T01:30:00Z,4,4,4,4,4,4,1,0,0,4,-1.0466504311140719,-0.3351032195740691,,,,,,,,20.447082710321627,-1.1405469996294249,17.399999618530273,PS_044,,,0.9487072746481877
23.472414110951114,1.2045000791549683,2025-03-14T01:45:00Z,4,4,4,4,4,4,1,0,0,4,-1.0794438255200962,-0.3356667779271146,,,,,,,,20.42466700297141,-1.1152039272401644,17.399999618530273,PS_044,,,0.2582517331281374
23.38787727145017,1.2045000791549683,2025-03-14T02:00:00Z,3,3,3,3,3,3,1,0,0,3,-1.0748935228173295,-0.27879191959396565,,,,,,,,20.365322415590683,-1.1339950926823832,17.399999618530273,PS_044,,,0.1712341098676712
23.38962350015406,1.2045000791549683,2025-03-14T02:15:00Z,4,4,4,4,4,4,1,0,0,4,-1.1757949433758232,-0.32511922013646516,,,,,,,,20.2285651075518,-1.2973422420487966,17.399999618530273,PS_044,,,1.0278541305621525
23.12266071748775,1.204500079154968,2025-03-14T02:30:00Z,3,3,3,3,3,3,1,0,0,3,-1.2448972720391598,-0.3436083792140801,,,,,,,,19.976758264396494,-1.2338193253014766,17.399999618530273,PS_044,,,0.8081514494171044
22.839439549314264,1.2045000791549683,2025-03-14T02:45:00Z,4,4,4,4,4,4,1,0,0,4,-1.09542586650903,-0.3625750543812255,,,,,,,,19.482506570308196,-1.2815133590678665,17.399999618530273,PS_044,,,0.07530162188748239
22.39298203998896,1.2045000791549683,2025-03-14T03:00:00Z,4,4,4,4,4,4,1,0,0,4,-1.1670396040039501,-0.41574505865911077,,,,,,,,19.222555599307388,-1.2272667315718901,17.399999618530273,PS_044,,,0.20981761982850816
22.28216435486516,1.204500079154968,2025-03-14T03:15:00Z,3,3,3,3,3,3,1,0,0,3,-0.8938725617336916,-0.21404967119841284,,,,,,,,19.150814486628903,-1.2227756637037244,17.399999618530273,PS_044,,,0.4426531443291855
22.812583875261257,1.204500079154968,2025-03-14T03:30:00Z,4,4,4,4,4,4,1,0,0,4,-0.760481253704564,-0.2208875389551323,,,,,,,,19.670658684977877,-1.099450030617065,17.399999618530273,PS_044,,,0.46735031614011924
22.840591108427397,1.2045000791549685,2025-03-14T03:45:00Z,3,3,3,3,3,3,1,0,0,3,-0.8485465199752734,-0.24386452543425222,,,,,,,,19.647214891079084,-0.9181578560546346,17.399999618530273,PS_044,,,0.9141663882535773
22.395024281463556,1.2045000791549685,2025-03-14T04:00:00Z,4,4,4,4,4,4,1,0,0,4,-0.855687859003254,-0.3781913379281172,,,,,,,,19.399999618530273,-0.978255564670026,17.399999618530273,PS_044,,,0.0
22.21508697104374,1.204500079154968,2025-03-14T04:15:00Z,4,4,4,4,4,4,1,0,0,4,-0.6290599687032445,-0.27435498195394814,,,,,,,,19.39999961853027,-0.804866744307675,17.399999618530273,PS_044,,,0.0
21.75679196028931,1.2045000791549685,2025-03-14T04:30:00Z,3,3,3,3,3,3,1,0,0,3,-0.8792886598045032,-0.3013254550969029,,,,,,,,19.16207686859909,-0.9578792350482997,17.399999618530273,PS_044,,,0.0
22.015658625697622,1.2045000791549685,2025-03-14T04:45:00Z,4,4,4,4,4,4,1,0,0,4,-0.529867845487826,-0.19689862468428976,,,,,,,,19.246723964336866,-0.9256844292813668,17.399999618530273,PS_044,,,0.5401852018057399
22.615995468865563,1.2045000791549685,2025-03-14T05:00:00Z,3,3,3,3,3,3,1,0,0,3,-0.7217740407781331,-0.03920181830116126,,,,,,,,19.948647544784773,-0.873280261995609,17.399999618530273,PS_044,,,1.10784884804866
22.38769623941082,1.204500079154968,2025-03-14T05:15:00Z,4,4,4,4,4,4,1,0,0,4,-0.6469459726996383,-0.227066152808526,,,,,,,,19.76271275073019,-0.9215998535479905,17.399999618530273,PS_044,,,0.18897130688011546
22.329426781842564,1.2045000791549685,2025-03-14T05:30:00Z,4,4,4,4,4,4,1,0,0,4,-0.8762786398419364,-0.4316259749176305,,,,,,,,19.537102187733687,-0.9253898242386478,17.399999618530273,PS_044,,,0.08455602450113572
21.785012500124715,1.2045000791549683,2025-03-14T05:45:00Z,3,3,3,3,3,3,1,0,0,3,-0.9388662140956211,-0.2658753827550746,,,,,,,,18.85875338177247,-1.1843270978497458,17.399999618530273,PS_044,,,0.11505192806377844
21.79818869847055,1.204500079154968,2025-03-14T06:00:00Z,4,4,4,4,4,4,1,0,0,4,-0.9711949028987621,-0.2973511102308101,,,,,,,,18.654484179192686,-1.1195913422532502,17.399999618530273,PS_044,,,0.026707280799648556
21.634890830465633,1.204500079154968,2025-03-14T06:15:00Z,3,3,3,3,3,3,1,0,0,3,-1.1197533280018335,-0.2964671084001427,,,,,,,,18.048743785042213,-1.3287272272051174,17.399999618530273,PS_044,,,0.0
21.583300431683636,1.2045000791549683,2025-03-14T06:30:00Z,4,4,4,4,4,4,1,0,0,4,-1.043968402126918,-0.2696418412730559,,,,,,,,18.03796851761535,-1.2350185884004634,17.399999618530273,PS_044,,,0.08122348102019128
21.573675160977558,1.204500079154968,2025-03-14T06:45:00Z,4,4,4,4,4,4,1,0,0,4,-1.1560748751566674,-0.28210923565529705,,,,,,,,17.79344830593602,-1.3041782726267366,17.399999618530273,PS_044,,,0.0
20.829312968653568,1.2045000791549683,2025-03-14T07:00:00Z,3,3,3,3,3,3,1,0,0,3,-1.4269780921002002,-0.47797733138846454,,,,,,,,17.258605603980406,-1.383295260159586,17.399999618530273,PS_044,,,0.0
20.67345162531728,1.2045000791549683,2025-03-14T07:15:00Z,4,4,4,4,4,4,1,0,0,4,-1.2861073012769155,-0.20661960211094396,,,,,,,,17.306367419413117,-1.1303656092164998,17.399999618530273,PS_044,,,0.0
20.57401144920068,1.2045000791549685,2025-03-14T07:30:00Z,3,3,3,3,3,3,1,0,0,3,-1.1838190102723503,-0.24670090303305436,,,,,,,,17.168033452835907,-1.386111971355419,17.399999618530273,PS_044,,,0.11799913760504212
20.89890795448166,1.2045000791549683,2025-03-14T07:45:00Z,4,4,4,4,4,4,1,0,0,4,-1.0404062515043435,-0.2768422441409622,,,,,,,,17.5,-1.2259805611231085,17.399999618530273,PS_044,,,0.04642289289430513
20.92048525891312,1.2045000791549685,2025-03-14T08:00:00Z,9,9,9,9,9,9,1,0,0,9,-1.1042461201948053,-0.22774963742947074,,,,,,,,17.500000000000004,-1.3643146456732071,17.399999618530273,PS_044,,,0.09462519497728204
20.760008792622173,1.2045000791549683,2025-03-14T08:15:00Z,15,15,15,15,15,15,1,0,0,15,-1.0355657923571346,-0.20195107734751153,,,,,,,,17.44667087493134,-1.4350208143211116,17.399999618530273,PS_044,,,0.1558809067674058
20.724219484511227,1.2045000791549678,2025-03-14T08:30:00Z,15,15,15,15,15,15,1,0,0,15,-1.0670099065714584,-0.23275926429111746,,,,,,,,17.44983617673578,-1.0924203270911022,17.399999618530273,PS_044,,,0.03237094069816762
20.355844955899865,1.204500079154968,2025-03-14T08:45:00Z,15,15,15,15,15,15,1,0,0,15,-0.9964714368901554,-0.20298678822342509,,,,,,,,17.479509884482443,-1.0161363757723552,17.399999618530273,PS_044,,,0.012294101064570396
20.221507192169682,1.2045000791549683,2025-03-14T09:00:00Z,9,9,9,9,9,9,1,0,0,9,-0.40090633222496763,-0.09446388871425287,,,,,,,,17.31097587724153,-0.4155189220408878,17.399999618530273,PS_044,,,0.0
20.402642570401795,1.2045000791549683,2025-03-14T09:15:00Z,4,4,4,4,4,4,1,0,0,4,5.753999411775537,0.42714314727772945,,,,,,,,17.301530163886387,9.192337972832227,17.399999618530273,PS_044,,,0.0
20.55235384254032,1.2045000791549683,2025-03-14T09:30:00Z,3,3,3,3,3,3,1,0,0,3,31.69151786984449,2.4713895530524015,,,,,,,,17.558180402505116,30.45222867524473,17.399999618530273,PS_044,,,0.0500352765448465
21.296131619285553,1.204500079154968,2025-03-14T09:45:00Z,4,4,4,4,4,4,1,0,0,4,62.00671343268159,4.680884415588387,,,,,,,,18.2846479030615,74.45032303511118,17.399999618530273,PS_044,,,0.04656694413741364
22.827967005312487,1.204500079154968,2025-03-14T10:00:00Z,4,4,4,4,4,4,1,0,0,4,96.4860136406597,9.130486920973457,,,,,,,,19.84160454539671,131.1133256017425,17.399999618530273,PS_044,,,0.1484702451193056
21.84058541104144,1.2045000791549685,2025-03-14T10:15:00Z,3,3,3,3,3,3,1,0,0,3,110.08886793280003,6.532405743805206,,,,,,,,19.978055766154235,169.99755914988577,17.399999618530273,PS_044,,,0.15996121736851673
24.358154712939164,1.2045000791549683,2025-03-14T10:30:00Z,4,4,4,4,4,4,1,0,0,4,250.1558847610413,17.008461104915664,,,,,,,,26.341488613358923,444.4491893751947,17.399999618530273,PS_044,,,0.0
25.36474629837016,1.2045000791549683,2025-03-14T10:45:00Z,3,3,3,3,3,3,1,0,0,3,313.8628191689425,28.578653963828042,,,,,,,,34.67850145314533,580.6207887694154,17.399999618530273,PS_044,,,0.03437281056623918
26.30815596648659,1.2045000791549683,2025-03-14T11:00:00Z,4,4,4,4,4,4,1,0,0,4,373.61945811270493,40.56663965034218,,,,,,,,41.494891887005835,733.413372448428,17.399999618530273,PS_044,,,0.11589036987042291
26.94777156660615,1.204500079154968,2025-03-14T11:15:00Z,4,4,4,4,4,4,1,0,0,4,431.45285774794576,40.97437140186852,,,,,,,,46.73113266856586,856.8989495149865,17.399999618530273,PS_044,,,0.3192296307108988
27.904238374458924,1.2045000791549683,2025-03-14T11:30:00Z,3,3,3,3,3,3,1,0,0,3,485.04624084776145,42.89314926151018,,,,,,,,48.85251738625775,880.2249077640205,17.399999618530273,PS_044,,,0.07138764473313297
27.6687008158452,1.2045000791549683,2025-03-14T11:45:00Z,4,4,4,4,4,4,1,0,0,4,532.7508697262164,44.66094583715931,,,,,,,,50.036888999078144,889.0816852538716,17.399999618530273,PS_044,,,1.1910735101600518
27.80298962347961,1.204500079154968,2025-03-14T12:00:00Z,3,3,3,3,3,3,1,0,0,3,593.9609677349758,47.40331392820978,,,,,,,,51.31892264678913,917.3724641773118,17.399999618530273,PS_044,,,0.5584317633522623
28.339379211226813,1.204500079154968,2025-03-14T12:15:00Z,4,4,4,4,4,4,1,0,0,4,652.752281961101,49.59682821951168,,,,,,,,52.74817870245415,948.633573891239,17.399999618530273,PS_044,,,0.7352995062101979
28.948679060742258,1.2045000791549683,2025-03-14T12:30:00Z,3,3,3,3,3,3,1,0,0,3,711.7176848756244,52.641881424819125,,,,,,,,53.251015298447165,975.2963768998417,17.399999618530273,PS_044,,,1.1745623603610307
28.596656440677886,1.204500079154968,2025-03-14T12:45:00Z,4,4,4,4,4,4,1,0,0,4,763.9761132950015,55.32832550923892,,,,,,,,53.566720788205004,989.7381231467018,17.399999618530273,PS_044,,,2.3746317438573303
28.66990236890511,1.2045000791549683,2025-03-14T13:00:00Z,3,3,3,3,3,3,1,0,0,3,805.9168674214849,57.790386947687296,,,,,,,,52.858570459550904,998.068226743219,17.399999618530273,PS_044,,,1.7760187131341647
29.101745249079297,1.204500079154968,2025-03-14T13:15:00Z,4,4,4,4,4,4,1,0,0,4,847.218433497684,60.85800800116574,,,,,,,,52.82683761400175,1004.902052332564,17.399999618530273,PS_044,,,1.398808532942734
29.594609954876553,1.2045000791549683,2025-03-14T13:30:00Z,4,4,4,4,4,4,1,0,0,4,881.4432213131893,63.29706573895214,,,,,,,,50.45214808308045,1008.422753994259,17.399999618530273,PS_044,,,1.7467907937540557
29.82945896282475,1.2045000791549683,2025-03-14T13:45:00Z,3,3,3,3,3,3,1,0,0,3,918.059956410278,66.34598400367878,,,,,,,,50.626715391015466,1013.3724264290391,17.399999618530273,PS_044,,,1.5217938727029852
30.43415132790106,1.204500079154968,2025-03-14T14:00:00Z,4,4,4,4,4,4,1,0,0,4,942.6029426377431,68.61667257014616,,,,,,,,49.562448138033346,1014.2570636846934,17.399999618530273,PS_044,,,1.6722679969791892
30.216289149279056,1.2045000791549683,2025-03-14T14:15:00Z,3,3,3,3,3,3,1,0,0,3,967.0362473871915,70.5145921729685,,,,,,,,46.51695818022918,1016.277031521866,17.399999618530273,PS_044,,,2.6129157788162574
30.69859215024025,1.204500079154968,2025-03-14T14:30:00Z,4,4,4,4,4,4,1,0,0,4,980.9465808075724,71.95522546304994,,,,,,,,50.69022640786608,1013.9018291689581,17.399999618530273,PS_044,,,1.2962945902653666
31.334068156372787,1.2045000791549683,2025-03-14T14:45:00Z,3,3,3,3,3,3,1,0,0,3,995.2035602542954,73.96350446736494,,,,,,,,54.973329949924974,1011.7165893003436,17.399999618530273,PS_044,,,2.0460190982531237
31.6675304776652,1.2045000791549685,2025-03-14T15:00:00Z,4,4,4,4,4,4,1,0,0,4,1002.1963788789636,75.83948292428826,,,,,,,,57.80472202811835,1009.5532304481086,17.399999618530273,PS_044,,,1.2126587968766032
32.34465153838047,1.2045000791549683,2025-03-14T15:15:00Z,3,3,3,3,3,3,1,0,0,3,1007.0764477005981,77.87236588299393,,,,,,,,56.67173877226837,1012.0756201437528,17.399999618530273,PS_044,,,1.0578236852251504
31.67912524518793,1.2045000791549685,2025-03-14T15:30:00Z,4,4,4,4,4,4,1,0,0,4,1008.5676654790022,79.76415731584078,,,,,,,,55.40754738747002,1014.4971335694956,17.399999618530273,PS_044,,,0.7786566119031562
31.850172863962275,1.2045000791549683,2025-03-14T15:45:00Z,3,3,3,3,3,3,1,0,0,3,1004.4230546806062,81.18036347208556,,,,,,,,56.5215669852098,1013.906376154047,17.399999618530273,PS_044,,,1.0295133595363675
32.39207207694361,1.2045000791549683,2025-03-14T16:00:00Z,4,4,4,4,4,4,1,0,0,4,992.3526714757659,80.33270975105263,,,,,,,,54.773488381702066,1016.435908002156,17.399999618530273,PS_044,,,1.6749228633279758
33.35014371658296,1.2045000791549683,2025-03-14T16:15:00Z,3,3,3,3,3,3,1,0,0,3,960.4044130844546,79.75034981086185,,,,,,,,55.02537896580036,1008.994558216027,17.399999618530273,PS_044,,,0.34893349555461506
33.342881869297614,1.2045000791549683,2025-03-14T16:30:00Z,4,4,4,4,4,4,1,0,0,4,933.0059165791993,78.88447037611765,,,,,,,,56.920355492485726,1016.0751598299463,17.399999618530273,PS_044,,,0.9497738803875203
33.49738491908115,1.2045000791549683,2025-03-14T16:45:00Z,3,3,3,3,3,3,1,0,0,3,899.605933121669,76.46071153163336,,,,,,,,57.32430003598767,1014.1842334585942,17.399999618530273,PS_044,,,0.5406819052449162
32.656194062289,1.2045000791549685,2025-03-14T17:00:00Z,4,4,4,4,4,4,1,0,0,4,886.0047054376528,74.81035955114797,,,,,,,,55.4913526910917,1021.0360384629386,17.399999618530273,PS_044,,,1.1702362311284706
33.51702768978272,1.2045000791549683,2025-03-14T17:15:00Z,3,3,3,3,3,3,1,0,0,3,868.8267211831245,72.42386674652987,,,,,,,,57.025877082832885,1017.7243980780473,17.399999618530273,PS_044,,,1.8003806899760484
34.11857729564655,1.2045000791549683,2025-03-14T17:30:00Z,4,4,4,4,4,4,1,0,0,4,837.9659986739234,69.27900306799005,,,,,,,,57.30859711022699,1021.1213618278034,17.399999618530273,PS_044,,,1.032540106745049
34.32800980557788,1.2045000791549683,2025-03-14T17:45:00Z,4,4,4,4,4,4,1,0,0,4,785.5781989672245,65.85258884877499,,,,,,,,58.67292059757068,1017.9872419395654,17.399999618530273,PS_044,,,1.8088233725913212
34.39391028976871,1.2045000791549683,2025-03-14T18:00:00Z,3,3,3,3,3,3,1,0,0,3,738.6556610959971,63.48155085738735,,,,,,,,58.610124491554906,1026.230390945368,17.399999618530273,PS_044,,,1.0234091385518262
34.90462003327766,1.2045000791549683,2025-03-14T18:15:00Z,4,4,4,4,4,4,1,0,0,4,610.6979888470971,54.08852624290656,,,,,,,,59.643313973764066,892.5487709636517,17.399999618530273,PS_044,,,0.818338246097573
32.456507134071515,1.2045000791549685,2025-03-14T18:30:00Z,3,3,3,3,3,3,1,0,0,3,302.36025325224426,31.630356911451916,,,,,,,,44.369335037291485,407.65390334173566,17.399999618530273,PS_044,,,0.05496508424892639
33.41160719914585,1.2045000791549683,2025-03-14T18:45:00Z,4,4,4,4,4,4,1,0,0,4,557.4483821768694,54.20690784181908,,,,,,,,47.78580582559021,838.2829397647628,17.399999618530273,PS_044,,,1.0178078591160793
33.18190426721144,1.2045000791549683,2025-03-14T19:00:00Z,3,3,3,3,3,3,1,0,0,3,347.1539547351094,40.735584939722436,,,,,,,,49.964243236585865,517.416372627544,17.399999618530273,PS_044,,,0.5339898989539777
31.689390491629787,1.2045000791549685,2025-03-14T19:15:00Z,4,4,4,4,4,4,1,0,0,4,170.70760588396212,26.224608592377486,,,,,,,,40.31666499864814,243.4322091763975,17.399999618530273,PS_044,,,0.266551249335837
31.740079224835835,1.2045000791549683,2025-03-14T19:30:00Z,3,3,3,3,3,3,1,0,0,3,398.30879902888495,46.01946546176863,,,,,,,,43.21137526492376,796.8804317256524,17.399999618530273,PS_044,,,0.3145400375660342
33.26120206275648,1.2045000791549683,2025-03-14T19:45:00Z,4,4,4,4,4,4,1,0,0,4,372.92129586710007,57.56487070244285,,,,,,,,48.73096070893074,768.777317624497,17.399999618530273,PS_044,,,0.4609918144871719
32.59826371150866,1.2045000791549685,2025-03-14T20:00:00Z,3,3,3,3,3,3,1,0,0,3,241.66294137132684,45.546519446055754,,,,,,,,45.0194897394187,470.85201462818236,17.399999618530273,PS_044,,,2.064343535113316
31.1277523783389,1.2045000791549683,2025-03-14T20:15:00Z,4,4,4,4,4,4,1,0,0,4,112.25844317557748,18.13727121239646,,,,,,,,36.445093948856794,162.98397773235536,17.399999618530273,PS_044,,,0.6731553613778556
29.84790310928812,1.2045000791549683,2025-03-14T20:30:00Z,3,3,3,3,3,3,1,0,0,3,56.63629974413733,7.191351420803928,,,,,,,,29.817465637163743,59.87919035161636,17.399999618530273,PS_044,,,0.7864676216687809
29.458369358283043,1.2045000791549683,2025-03-14T20:45:00Z,4,4,4,4,4,4,1,0,0,4,39.304329202716325,4.988624798964544,,,,,,,,27.544737107325915,39.3248631279081,17.399999618530273,PS_044,,,1.2799167599251207
28.706556682388264,1.2045000791549683,2025-03-14T21:00:00Z,3,3,3,3,3,3,1,0,0,3,24.39825221930362,3.1161211895906975,,,,,,,,26.59589671321386,24.105937589639755,17.399999618530273,PS_044,,,3.292499485159766
27.275823453408584,1.204500079154968,2025-03-14T21:15:00Z,4,4,4,4,4,4,1,0,0,4,8.84794493709415,1.3724869458471618,,,,,,,,25.130438157324612,9.024840988243445,17.399999618530273,PS_044,,,2.7311109180621953
26.596524087770938,1.2045000791549683,2025-03-14T21:30:00Z,3,3,3,3,3,3,1,0,0,3,-0.25215652410359907,-0.14351233134805613,,,,,,,,23.89073478831186,-0.2716422279076969,17.399999618530273,PS_044,,,1.3266501908527604
26.542774990089775,1.2045000791549683,2025-03-14T21:45:00Z,4,4,4,4,4,4,1,0,0,4,-1.3224451828959052,-0.13005637640248274,,,,,,,,23.646564569444333,-1.3463962500005566,17.399999618530273,PS_044,,,1.5665060446595542
26.579567512981015,1.2045000791549683,2025-03-14T22:00:00Z,3,3,3,3,3,3,1,0,0,3,-1.358321923840147,-0.20645858408260243,,,,,,,,23.667944568084614,-1.3028120695060423,17.399999618530273,PS_044,,,2.131002145872943
26.42751923086624,1.2045000791549683,2025-03-14T22:15:00Z,4,4,4,4,4,4,1,0,0,4,-1.2753699053379912,-0.22715145523260724,,,,,,,,23.726508328693917,-1.3606850987082357,17.399999618530273,PS_044,,,2.2226055731455534
26.34741380649791,1.204500079154968,2025-03-14T22:30:00Z,3,3,3,3,3,3,1,0,0,3,-1.3011160722363169,-0.1853099822199225,,,,,,,,23.451312182059297,-1.3327540854910334,17.399999618530273,PS_044,,,1.956373933979123
26.143574344614557,1.2045000791549683,2025-03-14T22:45:00Z,4,4,4,4,4,4,1,0,0,4,-1.0698939985123908,-0.20398480003433667,,,,,,,,23.447341185770785,-1.1761815796124673,17.399999618530273,PS_044,,,2.3106205727138693
25.99239844179953,1.2045000791549685,2025-03-14T23:00:00Z,3,3,3,3,3,3,1,0,0,3,-1.1013996123184933,-0.2553504531665707,,,,,,,,23.100000381469727,-1.261406582738299,17.399999618530273,PS_044,,,0.5727217938263472
25.48291847822935,1.2045000791549683,2025-03-14T23:15:00Z,4,4,4,4,4,4,1,0,0,4,-1.1640001072227302,-0.30424069198311954,,,,,,,,22.468915124229966,-1.1821622116896366,17.399999618530273,PS_044,,,0.5177567806233035
25.01493338539631,1.2045000791549683,2025-03-14T23:30:00Z,3,3,3,3,3,3,1,0,0,3,-1.283417651790413,-0.3744033241462423,,,,,,,,21.83272903645856,-1.309856030633972,17.399999618530273,PS_044,,,0.0
24.66255491991747,1.204500079154968,2025-03-14T23:45:00Z,4,4,4,4,4,4,1,0,0,4,-1.0898659699036914,-0.30007214847137986,,,,,,,,21.63365656413869,-1.2760044170670817,17.399999618530273,PS_044,,,0.20415331958767835
