ambient_temperature_celsius,battery_voltage,datetime,document_count_ambient_temperature_celsius,document_count_battery_voltage,document_count_ghi_irradiance_wm2,document_count_gri_irradiance_wm2,document_count_panel_temperature_celsius,document_count_poa_irradiance_wm2,document_count_precipitation_accumulated_mm,document_count_tracker_albedo_index,document_count_wind_direction_degrees,document_count_wind_speed_ms,ghi_irradiance_wm2,gri_irradiance_wm2,interpolated_keys_ambient_temperature_celsius,interpolated_keys_battery_voltage,interpolated_keys_ghi_irradiance_wm2,interpolated_keys_gri_irradiance_wm2,interpolated_keys_panel_temperature_celsius,interpolated_keys_poa_irradiance_wm2,interpolated_keys_tracker_albedo_index,interpolated_keys_wind_direction_degrees,interpolated_keys_wind_speed_ms,panel_temperature_celsius,poa_irradiance_wm2,precipitation_accumulated_mm,ps_id,tracker_albedo_index,wind_direction_degrees,wind_speed_ms
,,2024-12-03T00:00:00Z,0,0,0,0,0,0,0,0,0,0,,,,,,,,,,,,,,,PS_037,,,
,,2024-12-03T00:15:00Z,0,0,0,0,0,0,0,0,0,0,,,,,,,,,,,,,,,PS_037,,,
,,2024-12-03T00:30:00Z,0,0,0,0,0,0,0,0,0,0,,,,,,,,,,,,,,,PS_037,,,
,,2024-12-03T00:45:00Z,0,0,0,0,0,0,0,0,0,0,,,,,,,,,,,,,,,PS_037,,,
,,2024-12-03T01:00:00Z,0,0,0,0,0,0,0,0,0,0,,,,,,,,,,,,,,,PS_037,,,
,,2024-12-03T01:15:00Z,0,0,0,0,0,0,0,0,0,0,,,,,,,,,,,,,,,PS_037,,,
,,2024-12-03T01:30:00Z,0,0,0,0,0,0,0,0,0,0,,,,,,,,,,,,,,,PS_037,,,
,,2024-12-03T01:45:00Z,0,0,0,0,0,0,0,0,0,0,,,,,,,,,,,,,,,PS_037,,,
,,2024-12-03T02:00:00Z,0,0,0,0,0,0,0,0,0,0,,,,,,,,,,,,,,,PS_037,,,
,,2024-12-03T02:15:00Z,0,0,0,0,0,0,0,0,0,0,,,,,,,,,,,,,,,PS_037,,,
,,2024-12-03T02:30:00Z,0,0,0,0,0,0,0,0,0,0,,,,,,,,,,,,,,,PS_037,,,
,,2024-12-03T02:45:00Z,0,0,0,0,0,0,0,0,0,0,,,,,,,,,,,,,,,PS_037,,,
,,2024-12-03T03:00:00Z,0,0,0,0,0,0,0,0,0,0,,,,,,,,,,,,,,,PS_037,,,
,,2024-12-03T03:15:00Z,0,0,0,0,0,0,0,0,0,0,,,,,,,,,,,,,,,PS_037,,,
,,2024-12-03T03:30:00Z,0,0,0,0,0,0,0,0,0,0,,,,,,,,,,,,,,,PS_037,,,
,,2024-12-03T03:45:00Z,0,0,0,0,0,0,0,0,0,0,,,,,,,,,,,,,,,PS_037,,,
,,2024-12-03T04:00:00Z,0,0,0,0,0,0,0,0,0,0,,,,,,,,,,,,,,,PS_037,,,
,,2024-12-03T04:15:00Z,0,0,0,0,0,0,0,0,0,0,,,,,,,,,,,,,,,PS_037,,,
,,2024-12-03T04:30:00Z,0,0,0,0,0,0,0,0,0,0,,,,,,,,,,,,,,,PS_037,,,
,,2024-12-03T04:45:00Z,0,0,0,0,0,0,0,0,0,0,,,,,,,,,,,,,,,PS_037,,,
,,2024-12-03T05:00:00Z,0,0,0,0,0,0,0,0,0,0,,,,,,,,,,,,,,,PS_037,,,
,,2024-12-03T05:15:00Z,0,0,0,0,0,0,0,0,0,0,,,,,,,,,,,,,,,PS_037,,,
,,2024-12-03T05:30:00Z,0,0,0,0,0,0,0,0,0,0,,,,,,,,,,,,,,,PS_037,,,
,,2024-12-03T05:45:00Z,0,0,0,0,0,0,0,0,0,0,,,,,,,,,,,,,,,PS_037,,,
,,2024-12-03T06:00:00Z,0,0,0,0,0,0,0,0,0,0,,,,,,,,,,,,,,,PS_037,,,
,,2024-12-03T06:15:00Z,0,0,0,0,0,0,0,0,0,0,,,,,,,,,,,,,,,PS_037,,,
,,2024-12-03T06:30:00Z,0,0,0,0,0,0,0,0,0,0,,,,,,,,,,,,,,,PS_037,,,
,,2024-12-03T06:45:00Z,0,0,0,0,0,0,0,0,0,0,,,,,,,,,,,,,,,PS_037,,,
,,2024-12-03T07:00:00Z,0,0,0,0,0,0,0,0,0,0,,,,,,,,,,,,,,,PS_037,,,
,,2024-12-03T07:15:00Z,0,0,0,0,0,0,0,0,0,0,,,,,,,,,,,,,,,PS_037,,,
,,2024-12-03T07:30:00Z,0,0,0,0,0,0,0,0,0,0,,,,,,,,,,,,,,,PS_037,,,
,,2024-12-03T07:45:00Z,0,0,0,0,0,0,0,0,0,0,,,,,,,,,,,,,,,PS_037,,,
,,2024-12-03T08:00:00Z,0,0,0,0,0,0,0,0,0,0,,,,,,,,,,,,,,,PS_037,,,
,,2024-12-03T08:15:00Z,0,0,0,0,0,0,0,0,0,0,,,,,,,,,,,,,,,PS_037,,,
,,2024-12-03T08:30:00Z,0,0,0,0,0,0,0,0,0,0,,,,,,,,,,,,,,,PS_037,,,
,,2024-12-03T08:45:00Z,0,0,0,0,0,0,0,0,0,0,,,,,,,,,,,,,,,PS_037,,,
,,2024-12-03T09:00:00Z,0,0,0,0,0,0,0,0,0,0,,,,,,,,,,,,,,,PS_037,,,
,,2024-12-03T09:15:00Z,0,0,0,0,0,0,0,0,0,0,,,,,,,,,,,,,,,PS_037,,,
,,2024-12-03T09:30:00Z,0,0,0,0,0,0,0,0,0,0,,,,,,,,,,,,,,,PS_037,,,
,,2024-12-03T09:45:00Z,0,0,0,0,0,0,0,0,0,0,,,,,,,,,,,,,,,PS_037,,,
,,2024-12-03T10:00:00Z,0,0,0,0,0,0,0,0,0,0,,,,,,,,,,,,,,,PS_037,,,
,,2024-12-03T10:15:00Z,0,0,0,0,0,0,0,0,0,0,,,,,,,,,,,,,,,PS_037,,,
,,2024-12-03T10:30:00Z,0,0,0,0,0,0,0,0,0,0,,,,,,,,,,,,,,,PS_037,,,
,,2024-12-03T10:45:00Z,0,0,0,0,0,0,0,0,0,0,,,,,,,,,,,,,,,PS_037,,,
,,2024-12-03T11:00:00Z,0,0,0,0,0,0,0,0,0,0,,,,,,,,,,,,,,,PS_037,,,
,,2024-12-03T11:15:00Z,0,0,0,0,0,0,0,0,0,0,,,,,,,,,,,,,,,PS_037,,,
,,2024-12-03T11:30:00Z,0,0,0,0,0,0,0,0,0,0,,,,,,,,,,,,,,,PS_037,,,
,,2024-12-03T11:45:00Z,0,0,0,0,0,0,0,0,0,0,,,,,,,,,,,,,,,PS_037,,,
,,2024-12-03T12:00:00Z,0,0,0,0,0,0,0,0,0,0,,,,,,,,,,,,,,,PS_037,,,
,,2024-12-03T12:15:00Z,0,0,0,0,0,0,0,0,0,0,,,,,,,,,,,,,,,PS_037,,,
,,2024-12-03T12:30:00Z,0,0,0,0,0,0,0,0,0,0,,,,,,,,,,,,,,,PS_037,,,
,,2024-12-03T12:45:00Z,0,0,0,0,0,0,0,0,0,0,,,,,,,,,,,,,,,PS_037,,,
,,2024-12-03T13:00:00Z,0,0,0,0,0,0,0,0,0,0,,,,,,,,,,,,,,,PS_037,,,
,,2024-12-03T13:15:00Z,0,0,0,0,0,0,0,0,0,0,,,,,,,,,,,,,,,PS_037,,,
,,2024-12-03T13:30:00Z,0,0,0,0,0,0,0,0,0,0,,,,,,,,,,,,,,,PS_037,,,
,,2024-12-03T13:45:00Z,0,0,0,0,0,0,0,0,0,0,,,,,,,,,,,,,,,PS_037,,,
,,2024-12-03T14:00:00Z,0,0,0,0,0,0,0,0,0,0,,,,,,,,,,,,,,,PS_037,,,
,,2024-12-03T14:15:00Z,0,0,0,0,0,0,0,0,0,0,,,,,,,,,,,,,,,PS_037,,,
,,2024-12-03T14:30:00Z,0,0,0,0,0,0,0,0,0,0,,,,,,,,,,,,,,,PS_037,,,
,,2024-12-03T14:45:00Z,0,0,0,0,0,0,0,0,0,0,,,,,,,,,,,,,,,PS_037,,,
,,2024-12-03T15:00:00Z,0,0,0,0,0,0,0,0,0,0,,,,,,,,,,,,,,,PS_037,,,
,,2024-12-03T15:15:00Z,0,0,0,0,0,0,0,0,0,0,,,,,,,,,,,,,,,PS_037,,,
,,2024-12-03T15:30:00Z,0,0,0,0,0,0,0,0,0,0,,,,,,,,,,,,,,,PS_037,,,
,,2024-12-03T15:45:00Z,0,0,0,0,0,0,0,0,0,0,,,,,,,,,,,,,,,PS_037,,,
,,2024-12-03T16:00:00Z,0,0,0,0,0,0,0,0,0,0,,,,,,,,,,,,,,,PS_037,,,
,,2024-12-03T16:15:00Z,0,0,0,0,0,0,0,0,0,0,,,,,,,,,,,,,,,PS_037,,,
,,2024-12-03T16:30:00Z,0,0,0,0,0,0,0,0,0,0,,,,,,,,,,,,,,,PS_037,,,
,,2024-12-03T16:45:00Z,0,0,0,0,0,0,0,0,0,0,,,,,,,,,,,,,,,PS_037,,,
,,2024-12-03T17:00:00Z,0,0,0,0,0,0,0,0,0,0,,,,,,,,,,,,,,,PS_037,,,
,,2024-12-03T17:15:00Z,0,0,0,0,0,0,0,0,0,0,,,,,,,,,,,,,,,PS_037,,,
,,2024-12-03T17:30:00Z,0,0,0,0,0,0,0,0,0,0,,,,,,,,,,,,,,,PS_037,,,
25.899999618530273,13.28346061706543,2024-12-03T17:45:00Z,1,1,1,1,1,1,0,1,1,1,128.02000427246094,89.0,,,,,,,,,,25.899999618530273,20.459999084472656,,PS_037,433.6269836425781,319.3079833984375,2.124000072479248
25.54361909859237,13.297859918612316,2024-12-03T18:00:00Z,3,3,3,3,3,3,1,3,3,3,110.56237781157186,84.61700625476313,,,,,,,,,,25.456380901407634,17.91010196933496,0.20000000298023224,PS_037,474.01148166175545,262.34955328580924,1.0701320939658794
25.343025796274585,13.318708816038312,2024-12-03T18:15:00Z,4,4,4,4,4,4,1,4,4,4,137.35840234586976,101.36617599796166,,,,,,,,,,25.6874165480741,22.687945718019165,0.4000000059604645,PS_037,454.01612580539506,218.48039063485075,0.9847747528666829
25.29999923706055,13.364901628292767,2024-12-03T18:30:00Z,3,3,3,3,3,3,1,3,3,3,135.10055314091065,89.24156609136674,,,,,,,,,,26.5,29.464289247404395,0.4000000059604645,PS_037,303.3493485625652,335.4068637689657,0.488491576534186
25.51777875560056,13.397542498555636,2024-12-03T18:45:00Z,2,2,2,2,2,2,1,2,2,2,145.6063927692523,93.40910401773714,,,,,,,,,,26.282221866059597,30.550527967424056,0.6000000238418579,PS_037,306.31195188936954,262.2252035005123,0.2179999947547913
,,2024-12-03T19:00:00Z,0,0,0,0,0,0,1,0,0,0,,,,,,,,,,,,,,0.6000000238418579,PS_037,,,
,,2024-12-03T19:15:00Z,0,0,0,0,0,0,1,0,0,0,,,,,,,,,,,,,,0.6000000238418579,PS_037,,,
,,2024-12-03T19:30:00Z,0,0,0,0,0,0,1,0,0,0,,,,,,,,,,,,,,0.6000000238418579,PS_037,,,
,,2024-12-03T19:45:00Z,0,0,0,0,0,0,1,0,0,0,,,,,,,,,,,,,,0.6000000238418579,PS_037,,,
,,2024-12-03T20:00:00Z,0,0,0,0,0,0,1,0,0,0,,,,,,,,,,,,,,0.6000000238418579,PS_037,,,
,,2024-12-03T20:15:00Z,0,0,0,0,0,0,1,0,0,0,,,,,,,,,,,,,,0.6000000238418579,PS_037,,,
,,2024-12-03T20:30:00Z,0,0,0,0,0,0,1,0,0,0,,,,,,,,,,,,,,0.6000000238418579,PS_037,,,
,,2024-12-03T20:45:00Z,0,0,0,0,0,0,1,0,0,0,,,,,,,,,,,,,,0.6000000238418579,PS_037,,,
,,2024-12-03T21:00:00Z,0,0,0,0,0,0,1,0,0,0,,,,,,,,,,,,,,0.6000000238418579,PS_037,,,
,,2024-12-03T21:15:00Z,0,0,0,0,0,0,1,0,0,0,,,,,,,,,,,,,,0.6000000238418579,PS_037,,,
,,2024-12-03T21:30:00Z,0,0,0,0,0,0,1,0,0,0,,,,,,,,,,,,,,0.6000000238418579,PS_037,,,
,,2024-12-03T21:45:00Z,0,0,0,0,0,0,1,0,0,0,,,,,,,,,,,,,,0.6000000238418579,PS_037,,,
,,2024-12-03T22:00:00Z,0,0,0,0,0,0,1,0,0,0,,,,,,,,,,,,,,0.6000000238418579,PS_037,,,
,,2024-12-03T22:15:00Z,0,0,0,0,0,0,1,0,0,0,,,,,,,,,,,,,,0.6000000238418579,PS_037,,,
,,2024-12-03T22:30:00Z,0,0,0,0,0,0,1,0,0,0,,,,,,,,,,,,,,0.6000000238418579,PS_037,,,
,,2024-12-03T22:45:00Z,0,0,0,0,0,0,1,0,0,0,,,,,,,,,,,,,,0.6000000238418579,PS_037,,,
,,2024-12-03T23:00:00Z,0,0,0,0,0,0,1,0,0,0,,,,,,,,,,,,,,0.6000000238418579,PS_037,,,
,,2024-12-03T23:15:00Z,0,0,0,0,0,0,1,0,0,0,,,,,,,,,,,,,,0.6000000238418579,PS_037,,,
,,2024-12-03T23:30:00Z,0,0,0,0,0,0,1,0,0,0,,,,,,,,,,,,,,0.6000000238418579,PS_037,,,
,,2024-12-03T23:45:00Z,0,0,0,0,0,0,1,0,0,0,,,,,,,,,,,,,,0.6000000238418579,PS_037,,,
,,2024-12-04T00:00:00Z,0,0,0,0,0,0,1,0,0,0,,,,,,,,,,,,,,0.6000000238418579,PS_037,,,
,,2024-12-04T00:15:00Z,0,0,0,0,0,0,1,0,0,0,,,,,,,,,,,,,,0.6000000238418579,PS_037,,,
,,2024-12-04T00:30:00Z,0,0,0,0,0,0,1,0,0,0,,,,,,,,,,,,,,0.6000000238418579,PS_037,,,
,,2024-12-04T00:45:00Z,0,0,0,0,0,0,1,0,0,0,,,,,,,,,,,,,,0.6000000238418579,PS_037,,,
,,2024-12-04T01:00:00Z,0,0,0,0,0,0,1,0,0,0,,,,,,,,,,,,,,0.6000000238418579,PS_037,,,
,,2024-12-04T01:15:00Z,0,0,0,0,0,0,1,0,0,0,,,,,,,,,,,,,,0.6000000238418579,PS_037,,,
,,2024-12-04T01:30:00Z,0,0,0,0,0,0,1,0,0,0,,,,,,,,,,,,,,0.6000000238418579,PS_037,,,
,,2024-12-04T01:45:00Z,0,0,0,0,0,0,1,0,0,0,,,,,,,,,,,,,,0.6000000238418579,PS_037,,,
,,2024-12-04T02:00:00Z,0,0,0,0,0,0,1,0,0,0,,,,,,,,,,,,,,0.6000000238418579,PS_037,,,
,,2024-12-04T02:15:00Z,0,0,0,0,0,0,1,0,0,0,,,,,,,,,,,,,,0.6000000238418579,PS_037,,,
,,2024-12-04T02:30:00Z,0,0,0,0,0,0,1,0,0,0,,,,,,,,,,,,,,0.6000000238418579,PS_037,,,
,,2024-12-04T02:45:00Z,0,0,0,0,0,0,1,0,0,0,,,,,,,,,,,,,,0.6000000238418579,PS_037,,,
,,2024-12-04T03:00:00Z,0,0,0,0,0,0,1,0,0,0,,,,,,,,,,,,,,0.6000000238418579,PS_037,,,
,,2024-12-04T03:15:00Z,0,0,0,0,0,0,1,0,0,0,,,,,,,,,,,,,,0.6000000238418579,PS_037,,,
,,2024-12-04T03:30:00Z,0,0,0,0,0,0,1,0,0,0,,,,,,,,,,,,,,0.6000000238418579,PS_037,,,
,,2024-12-04T03:45:00Z,0,0,0,0,0,0,1,0,0,0,,,,,,,,,,,,,,0.6000000238418579,PS_037,,,
,,2024-12-04T04:00:00Z,0,0,0,0,0,0,1,0,0,0,,,,,,,,,,,,,,0.6000000238418579,PS_037,,,
,,2024-12-04T04:15:00Z,0,0,0,0,0,0,1,0,0,0,,,,,,,,,,,,,,0.6000000238418579,PS_037,,,
,,2024-12-04T04:30:00Z,0,0,0,0,0,0,1,0,0,0,,,,,,,,,,,,,,0.6000000238418579,PS_037,,,
,,2024-12-04T04:45:00Z,0,0,0,0,0,0,1,0,0,0,,,,,,,,,,,,,,0.6000000238418579,PS_037,,,
,,2024-12-04T05:00:00Z,0,0,0,0,0,0,1,0,0,0,,,,,,,,,,,,,,0.6000000238418579,PS_037,,,
,,2024-12-04T05:15:00Z,0,0,0,0,0,0,1,0,0,0,,,,,,,,,,,,,,0.6000000238418579,PS_037,,,
,,2024-12-04T05:30:00Z,0,0,0,0,0,0,1,0,0,0,,,,,,,,,,,,,,0.6000000238418579,PS_037,,,
,,2024-12-04T05:45:00Z,0,0,0,0,0,0,1,0,0,0,,,,,,,,,,,,,,0.6000000238418579,PS_037,,,
,,2024-12-04T06:00:00Z,0,0,0,0,0,0,1,0,0,0,,,,,,,,,,,,,,0.6000000238418579,PS_037,,,
,,2024-12-04T06:15:00Z,0,0,0,0,0,0,1,0,0,0,,,,,,,,,,,,,,0.6000000238418579,PS_037,,,
,,2024-12-04T06:30:00Z,0,0,0,0,0,0,1,0,0,0,,,,,,,,,,,,,,0.6000000238418579,PS_037,,,
,,2024-12-04T06:45:00Z,0,0,0,0,0,0,1,0,0,0,,,,,,,,,,,,,,0.6000000238418579,PS_037,,,
,,2024-12-04T07:00:00Z,0,0,0,0,0,0,1,0,0,0,,,,,,,,,,,,,,0.6000000238418579,PS_037,,,
,,2024-12-04T07:15:00Z,0,0,0,0,0,0,1,0,0,0,,,,,,,,,,,,,,0.6000000238418579,PS_037,,,
,,2024-12-04T07:30:00Z,0,0,0,0,0,0,1,0,0,0,,,,,,,,,,,,,,0.6000000238418579,PS_037,,,
,,2024-12-04T07:45:00Z,0,0,0,0,0,0,1,0,0,0,,,,,,,,,,,,,,0.6000000238418579,PS_037,,,
,,2024-12-04T08:00:00Z,0,0,0,0,0,0,1,0,0,0,,,,,,,,,,,,,,0.6000000238418579,PS_037,,,
,,2024-12-04T08:15:00Z,0,0,0,0,0,0,1,0,0,0,,,,,,,,,,,,,,0.6000000238418579,PS_037,,,
,,2024-12-04T08:30:00Z,0,0,0,0,0,0,1,0,0,0,,,,,,,,,,,,,,0.6000000238418579,PS_037,,,
,,2024-12-04T08:45:00Z,0,0,0,0,0,0,1,0,0,0,,,,,,,,,,,,,,0.6000000238418579,PS_037,,,
,,2024-12-04T09:00:00Z,0,0,0,0,0,0,1,0,0,0,,,,,,,,,,,,,,0.6000000238418579,PS_037,,,
,,2024-12-04T09:15:00Z,0,0,0,0,0,0,1,0,0,0,,,,,,,,,,,,,,0.6000000238418579,PS_037,,,
,,2024-12-04T09:30:00Z,0,0,0,0,0,0,1,0,0,0,,,,,,,,,,,,,,0.6000000238418579,PS_037,,,
,,2024-12-04T09:45:00Z,0,0,0,0,0,0,1,0,0,0,,,,,,,,,,,,,,0.6000000238418579,PS_037,,,
,,2024-12-04T10:00:00Z,0,0,0,0,0,0,1,0,0,0,,,,,,,,,,,,,,0.6000000238418579,PS_037,,,
,,2024-12-04T10:15:00Z,0,0,0,0,0,0,1,0,0,0,,,,,,,,,,,,,,0.6000000238418579,PS_037,,,
,,2024-12-04T10:30:00Z,0,0,0,0,0,0,1,0,0,0,,,,,,,,,,,,,,0.6000000238418579,PS_037,,,
,,2024-12-04T10:45:00Z,0,0,0,0,0,0,1,0,0,0,,,,,,,,,,,,,,0.6000000238418579,PS_037,,,
,,2024-12-04T11:00:00Z,0,0,0,0,0,0,1,0,0,0,,,,,,,,,,,,,,0.6000000238418579,PS_037,,,
,,2024-12-04T11:15:00Z,0,0,0,0,0,0,1,0,0,0,,,,,,,,,,,,,,0.6000000238418579,PS_037,,,
,,2024-12-04T11:30:00Z,0,0,0,0,0,0,1,0,0,0,,,,,,,,,,,,,,0.6000000238418579,PS_037,,,
,,2024-12-04T11:45:00Z,0,0,0,0,0,0,1,0,0,0,,,,,,,,,,,,,,0.6000000238418579,PS_037,,,
,,2024-12-04T12:00:00Z,0,0,0,0,0,0,1,0,0,0,,,,,,,,,,,,,,0.6000000238418579,PS_037,,,
,,2024-12-04T12:15:00Z,0,0,0,0,0,0,1,0,0,0,,,,,,,,,,,,,,0.6000000238418579,PS_037,,,
,,2024-12-04T12:30:00Z,0,0,0,0,0,0,1,0,0,0,,,,,,,,,,,,,,0.6000000238418579,PS_037,,,
,,2024-12-04T12:45:00Z,0,0,0,0,0,0,1,0,0,0,,,,,,,,,,,,,,0.6000000238418579,PS_037,,,
,,2024-12-04T13:00:00Z,0,0,0,0,0,0,1,0,0,0,,,,,,,,,,,,,,0.6000000238418579,PS_037,,,
,,2024-12-04T13:15:00Z,0,0,0,0,0,0,1,0,0,0,,,,,,,,,,,,,,0.6000000238418579,PS_037,,,
,,2024-12-04T13:30:00Z,0,0,0,0,0,0,1,0,0,0,,,,,,,,,,,,,,0.6000000238418579,PS_037,,,
,,2024-12-04T13:45:00Z,0,0,0,0,0,0,1,0,0,0,,,,,,,,,,,,,,0.6000000238418579,PS_037,,,
,,2024-12-04T14:00:00Z,0,0,0,0,0,0,1,0,0,0,,,,,,,,,,,,,,0.6000000238418579,PS_037,,,
,,2024-12-04T14:15:00Z,0,0,0,0,0,0,1,0,0,0,,,,,,,,,,,,,,0.6000000238418579,PS_037,,,
,,2024-12-04T14:30:00Z,0,0,0,0,0,0,1,0,0,0,,,,,,,,,,,,,,0.6000000238418579,PS_037,,,
,,2024-12-04T14:45:00Z,0,0,0,0,0,0,1,0,0,0,,,,,,,,,,,,,,0.6000000238418579,PS_037,,,
,,2024-12-04T15:00:00Z,0,0,0,0,0,0,1,0,0,0,,,,,,,,,,,,,,0.6000000238418579,PS_037,,,
,,2024-12-04T15:15:00Z,0,0,0,0,0,0,1,0,0,0,,,,,,,,,,,,,,0.6000000238418579,PS_037,,,
,,2024-12-04T15:30:00Z,0,0,0,0,0,0,1,0,0,0,,,,,,,,,,,,,,0.6000000238418579,PS_037,,,
,,2024-12-04T15:45:00Z,0,0,0,0,0,0,1,0,0,0,,,,,,,,,,,,,,0.6000000238418579,PS_037,,,
,,2024-12-04T16:00:00Z,0,0,0,0,0,0,1,0,0,0,,,,,,,,,,,,,,0.6000000238418579,PS_037,,,
,,2024-12-04T16:15:00Z,0,0,0,0,0,0,1,0,0,0,,,,,,,,,,,,,,0.6000000238418579,PS_037,,,
,,2024-12-04T16:30:00Z,0,0,0,0,0,0,1,0,0,0,,,,,,,,,,,,,,0.6000000238418579,PS_037,,,
,,2024-12-04T16:45:00Z,0,0,0,0,0,0,1,0,0,0,,,,,,,,,,,,,,0.6000000238418579,PS_037,,,
,,2024-12-04T17:00:00Z,0,0,0,0,0,0,1,0,0,0,,,,,,,,,,,,,,0.6000000238418579,PS_037,,,
,,2024-12-04T17:15:00Z,0,0,0,0,0,0,1,0,0,0,,,,,,,,,,,,,,0.6000000238418579,PS_037,,,
,,2024-12-04T17:30:00Z,0,0,0,0,0,0,1,0,0,0,,,,,,,,,,,,,,0.6000000238418579,PS_037,,,
,,2024-12-04T17:45:00Z,0,0,0,0,0,0,1,0,0,0,,,,,,,,,,,,,,0.6000000238418579,PS_037,,,
,,2024-12-04T18:00:00Z,0,0,0,0,0,0,1,0,0,0,,,,,,,,,,,,,,0.6000000238418579,PS_037,,,
,,2024-12-04T18:15:00Z,0,0,0,0,0,0,1,0,0,0,,,,,,,,,,,,,,0.6000000238418579,PS_037,,,
,,2024-12-04T18:30:00Z,0,0,0,0,0,0,1,0,0,0,,,,,,,,,,,,,,0.6000000238418579,PS_037,,,
,,2024-12-04T18:45:00Z,0,0,0,0,0,0,1,0,0,0,,,,,,,,,,,,,,0.6000000238418579,PS_037,,,
,,2024-12-04T19:00:00Z,0,0,0,0,0,0,1,0,0,0,,,,,,,,,,,,,,0.6000000238418579,PS_037,,,
,,2024-12-04T19:15:00Z,0,0,0,0,0,0,1,0,0,0,,,,,,,,,,,,,,0.6000000238418579,PS_037,,,
,,2024-12-04T19:30:00Z,0,0,0,0,0,0,1,0,0,0,,,,,,,,,,,,,,0.6000000238418579,PS_037,,,
,,2024-12-04T19:45:00Z,0,0,0,0,0,0,1,0,0,0,,,,,,,,,,,,,,0.6000000238418579,PS_037,,,
,,2024-12-04T20:00:00Z,0,0,0,0,0,0,1,0,0,0,,,,,,,,,,,,,,0.6000000238418579,PS_037,,,
,,2024-12-04T20:15:00Z,0,0,0,0,0,0,1,0,0,0,,,,,,,,,,,,,,0.6000000238418579,PS_037,,,
,,2024-12-04T20:30:00Z,0,0,0,0,0,0,1,0,0,0,,,,,,,,,,,,,,0.6000000238418579,PS_037,,,
,,2024-12-04T20:45:00Z,0,0,0,0,0,0,1,0,0,0,,,,,,,,,,,,,,0.6000000238418579,PS_037,,,
,,2024-12-04T21:00:00Z,0,0,0,0,0,0,1,0,0,0,,,,,,,,,,,,,,0.6000000238418579,PS_037,,,
,,2024-12-04T21:15:00Z,0,0,0,0,0,0,1,0,0,0,,,,,,,,,,,,,,0.6000000238418579,PS_037,,,
,,2024-12-04T21:30:00Z,0,0,0,0,0,0,1,0,0,0,,,,,,,,,,,,,,0.6000000238418579,PS_037,,,
,,2024-12-04T21:45:00Z,0,0,0,0,0,0,1,0,0,0,,,,,,,,,,,,,,0.6000000238418579,PS_037,,,
,,2024-12-04T22:00:00Z,0,0,0,0,0,0,1,0,0,0,,,,,,,,,,,,,,0.6000000238418579,PS_037,,,
,,2024-12-04T22:15:00Z,0,0,0,0,0,0,1,0,0,0,,,,,,,,,,,,,,0.6000000238418579,PS_037,,,
,,2024-12-04T22:30:00Z,0,0,0,0,0,0,1,0,0,0,,,,,,,,,,,,,,0.6000000238418579,PS_037,,,
,,2024-12-04T22:45:00Z,0,0,0,0,0,0,1,0,0,0,,,,,,,,,,,,,,0.6000000238418579,PS_037,,,
,,2024-12-04T23:00:00Z,0,0,0,0,0,0,1,0,0,0,,,,,,,,,,,,,,0.6000000238418579,PS_037,,,
,,2024-12-04T23:15:00Z,0,0,0,0,0,0,1,0,0,0,,,,,,,,,,,,,,0.6000000238418579,PS_037,,,
,,2024-12-04T23:30:00Z,0,0,0,0,0,0,1,0,0,0,,,,,,,,,,,,,,0.6000000238418579,PS_037,,,
,,2024-12-04T23:45:00Z,0,0,0,0,0,0,1,0,0,0,,,,,,,,,,,,,,0.6000000238418579,PS_037,,,
,,2024-12-05T00:00:00Z,0,0,0,0,0,0,1,0,0,0,,,,,,,,,,,,,,0.6000000238418579,PS_037,,,
,,2024-12-05T00:15:00Z,0,0,0,0,0,0,1,0,0,0,,,,,,,,,,,,,,0.6000000238418579,PS_037,,,
,,2024-12-05T00:30:00Z,0,0,0,0,0,0,1,0,0,0,,,,,,,,,,,,,,0.6000000238418579,PS_037,,,
,,2024-12-05T00:45:00Z,0,0,0,0,0,0,1,0,0,0,,,,,,,,,,,,,,0.6000000238418579,PS_037,,,
,,2024-12-05T01:00:00Z,0,0,0,0,0,0,1,0,0,0,,,,,,,,,,,,,,0.6000000238418579,PS_037,,,
,,2024-12-05T01:15:00Z,0,0,0,0,0,0,1,0,0,0,,,,,,,,,,,,,,0.6000000238418579,PS_037,,,
,,2024-12-05T01:30:00Z,0,0,0,0,0,0,1,0,0,0,,,,,,,,,,,,,,0.6000000238418579,PS_037,,,
,,2024-12-05T01:45:00Z,0,0,0,0,0,0,1,0,0,0,,,,,,,,,,,,,,0.6000000238418579,PS_037,,,
,,2024-12-05T02:00:00Z,0,0,0,0,0,0,1,0,0,0,,,,,,,,,,,,,,0.6000000238418579,PS_037,,,
,,2024-12-05T02:15:00Z,0,0,0,0,0,0,1,0,0,0,,,,,,,,,,,,,,0.6000000238418579,PS_037,,,
,,2024-12-05T02:30:00Z,0,0,0,0,0,0,1,0,0,0,,,,,,,,,,,,,,0.6000000238418579,PS_037,,,
,,2024-12-05T02:45:00Z,0,0,0,0,0,0,1,0,0,0,,,,,,,,,,,,,,0.6000000238418579,PS_037,,,
,,2024-12-05T03:00:00Z,0,0,0,0,0,0,1,0,0,0,,,,,,,,,,,,,,0.6000000238418579,PS_037,,,
,,2024-12-05T03:15:00Z,0,0,0,0,0,0,1,0,0,0,,,,,,,,,,,,,,0.6000000238418579,PS_037,,,
,,2024-12-05T03:30:00Z,0,0,0,0,0,0,1,0,0,0,,,,,,,,,,,,,,0.6000000238418579,PS_037,,,
,,2024-12-05T03:45:00Z,0,0,0,0,0,0,1,0,0,0,,,,,,,,,,,,,,0.6000000238418579,PS_037,,,
,,2024-12-05T04:00:00Z,0,0,0,0,0,0,1,0,0,0,,,,,,,,,,,,,,0.6000000238418579,PS_037,,,
,,2024-12-05T04:15:00Z,0,0,0,0,0,0,1,0,0,0,,,,,,,,,,,,,,0.6000000238418579,PS_037,,,
,,2024-12-05T04:30:00Z,0,0,0,0,0,0,1,0,0,0,,,,,,,,,,,,,,0.6000000238418579,PS_037,,,
,,2024-12-05T04:45:00Z,0,0,0,0,0,0,1,0,0,0,,,,,,,,,,,,,,0.6000000238418579,PS_037,,,
,,2024-12-05T05:00:00Z,0,0,0,0,0,0,1,0,0,0,,,,,,,,,,,,,,0.6000000238418579,PS_037,,,
,,2024-12-05T05:15:00Z,0,0,0,0,0,0,1,0,0,0,,,,,,,,,,,,,,0.6000000238418579,PS_037,,,
,,2024-12-05T05:30:00Z,0,0,0,0,0,0,1,0,0,0,,,,,,,,,,,,,,0.6000000238418579,PS_037,,,
,,2024-12-05T05:45:00Z,0,0,0,0,0,0,1,0,0,0,,,,,,,,,,,,,,0.6000000238418579,PS_037,,,
,,2024-12-05T06:00:00Z,0,0,0,0,0,0,1,0,0,0,,,,,,,,,,,,,,0.6000000238418579,PS_037,,,
,,2024-12-05T06:15:00Z,0,0,0,0,0,0,1,0,0,0,,,,,,,,,,,,,,0.6000000238418579,PS_037,,,
,,2024-12-05T06:30:00Z,0,0,0,0,0,0,1,0,0,0,,,,,,,,,,,,,,0.6000000238418579,PS_037,,,
,,2024-12-05T06:45:00Z,0,0,0,0,0,0,1,0,0,0,,,,,,,,,,,,,,0.6000000238418579,PS_037,,,
,,2024-12-05T07:00:00Z,0,0,0,0,0,0,1,0,0,0,,,,,,,,,,,,,,0.6000000238418579,PS_037,,,
,,2024-12-05T07:15:00Z,0,0,0,0,0,0,1,0,0,0,,,,,,,,,,,,,,0.6000000238418579,PS_037,,,
,,2024-12-05T07:30:00Z,0,0,0,0,0,0,1,0,0,0,,,,,,,,,,,,,,0.6000000238418579,PS_037,,,
,,2024-12-05T07:45:00Z,0,0,0,0,0,0,1,0,0,0,,,,,,,,,,,,,,0.6000000238418579,PS_037,,,
,,2024-12-05T08:00:00Z,0,0,0,0,0,0,1,0,0,0,,,,,,,,,,,,,,0.6000000238418579,PS_037,,,
,,2024-12-05T08:15:00Z,0,0,0,0,0,0,1,0,0,0,,,,,,,,,,,,,,0.6000000238418579,PS_037,,,
,,2024-12-05T08:30:00Z,0,0,0,0,0,0,1,0,0,0,,,,,,,,,,,,,,0.6000000238418579,PS_037,,,
,,2024-12-05T08:45:00Z,0,0,0,0,0,0,1,0,0,0,,,,,,,,,,,,,,0.6000000238418579,PS_037,,,
,,2024-12-05T09:00:00Z,0,0,0,0,0,0,1,0,0,0,,,,,,,,,,,,,,0.6000000238418579,PS_037,,,
,,2024-12-05T09:15:00Z,0,0,0,0,0,0,1,0,0,0,,,,,,,,,,,,,,0.6000000238418579,PS_037,,,
,,2024-12-05T09:30:00Z,0,0,0,0,0,0,1,0,0,0,,,,,,,,,,,,,,0.6000000238418579,PS_037,,,
,,2024-12-05T09:45:00Z,0,0,0,0,0,0,1,0,0,0,,,,,,,,,,,,,,0.6000000238418579,PS_037,,,
,,2024-12-05T10:00:00Z,0,0,0,0,0,0,1,0,0,0,,,,,,,,,,,,,,0.6000000238418579,PS_037,,,
,,2024-12-05T10:15:00Z,0,0,0,0,0,0,1,0,0,0,,,,,,,,,,,,,,0.6000000238418579,PS_037,,,
,,2024-12-05T10:30:00Z,0,0,0,0,0,0,1,0,0,0,,,,,,,,,,,,,,0.6000000238418579,PS_037,,,
,,2024-12-05T10:45:00Z,0,0,0,0,0,0,1,0,0,0,,,,,,,,,,,,,,0.6000000238418579,PS_037,,,
,,2024-12-05T11:00:00Z,0,0,0,0,0,0,1,0,0,0,,,,,,,,,,,,,,0.6000000238418579,PS_037,,,
,,2024-12-05T11:15:00Z,0,0,0,0,0,0,1,0,0,0,,,,,,,,,,,,,,0.6000000238418579,PS_037,,,
,,2024-12-05T11:30:00Z,0,0,0,0,0,0,1,0,0,0,,,,,,,,,,,,,,0.6000000238418579,PS_037,,,
,,2024-12-05T11:45:00Z,0,0,0,0,0,0,1,0,0,0,,,,,,,,,,,,,,0.6000000238418579,PS_037,,,
,,2024-12-05T12:00:00Z,0,0,0,0,0,0,1,0,0,0,,,,,,,,,,,,,,0.6000000238418579,PS_037,,,
,,2024-12-05T12:15:00Z,0,0,0,0,0,0,1,0,0,0,,,,,,,,,,,,,,0.6000000238418579,PS_037,,,
,,2024-12-05T12:30:00Z,0,0,0,0,0,0,1,0,0,0,,,,,,,,,,,,,,0.6000000238418579,PS_037,,,
,,2024-12-05T12:45:00Z,0,0,0,0,0,0,1,0,0,0,,,,,,,,,,,,,,0.6000000238418579,PS_037,,,
,,2024-12-05T13:00:00Z,0,0,0,0,0,0,1,0,0,0,,,,,,,,,,,,,,0.6000000238418579,PS_037,,,
,,2024-12-05T13:15:00Z,0,0,0,0,0,0,1,0,0,0,,,,,,,,,,,,,,0.6000000238418579,PS_037,,,
,,2024-12-05T13:30:00Z,0,0,0,0,0,0,1,0,0,0,,,,,,,,,,,,,,0.6000000238418579,PS_037,,,
,,2024-12-05T13:45:00Z,0,0,0,0,0,0,1,0,0,0,,,,,,,,,,,,,,0.6000000238418579,PS_037,,,
24.055463211012466,14.181331073528046,2024-12-05T14:00:00Z,3,3,3,3,3,3,1,3,3,3,547.3568903684736,538.9660329603248,,,,,,,,,,31.08907398828803,53.36572903809853,15.0,PS_037,1009.593879156667,38.89097687150274,2.170064626030978
23.529061550655868,14.177691459655763,2024-12-05T14:15:00Z,3,3,3,3,3,3,1,3,3,3,327.23014969628605,318.4053158452759,,,,,,,,,,29.03702312080512,33.57849278623181,15.0,PS_037,949.9172497234531,70.64668297664511,2.3975099264767104
23.59388928753152,14.17769145965576,2024-12-05T14:30:00Z,4,4,4,4,4,4,1,4,4,4,338.44195760248704,335.88173729602136,,,,,,,,,,27.312450898976273,33.66836537648232,15.199999809265137,PS_037,998.4177881641582,62.74809425089564,2.4398378485963854
23.576086496139535,14.177691459655763,2024-12-05T14:45:00Z,3,3,3,3,3,3,1,3,3,3,346.4492624168096,346.59721533646274,,,,,,,,,,27.613508470533827,34.39460709963826,15.199999809265137,PS_037,1007.18498120258,73.24046832494369,2.1468442470278615
23.535767972722617,14.18060730908964,2024-12-05T15:00:00Z,3,3,3,3,3,3,1,3,3,3,291.7806121116229,290.13425955709613,,,,,,,,,,26.66880714901488,29.38735804313319,15.199999809265137,PS_037,987.4127487495452,93.00440756538273,2.7784193807697743
23.611484281857834,14.178533471605082,2024-12-05T15:15:00Z,4,4,4,4,4,4,1,4,4,4,276.4483640282719,272.0657466736375,,,,,,,,,,25.819977927220926,29.20166608305861,15.40000057220459,PS_037,931.6129607013778,74.76150941040112,2.7769240563457127
23.700000762939457,14.177691459655763,2024-12-05T15:30:00Z,3,3,3,3,3,3,1,3,3,3,246.5808795806104,241.38015307976715,,,,,,,,,,26.05473660113865,26.727225844703245,15.600000381469727,PS_037,903.1997383703919,87.83714074843658,2.917294337725106
23.955654820921772,14.178484450006891,2024-12-05T15:45:00Z,4,4,4,4,4,4,1,4,4,4,245.3063207272241,234.97272310779772,,,,,,,,,,26.365219787636484,27.279669939092607,15.600000381469727,PS_037,861.3939284864164,82.21622253874345,1.9498337092534737
24.000000000000004,14.178540640901332,2024-12-05T16:00:00Z,3,3,3,3,3,3,1,3,3,3,254.60538071474005,245.86550486912387,,,,,,,,,,25.834657572518655,28.023620618553192,15.600000381469727,PS_037,878.366222573952,74.67246840331046,1.8756760806917971
24.17164457242567,14.177691459655762,2024-12-05T16:15:00Z,4,4,4,4,4,4,1,4,4,4,236.0895126037338,213.61198686555082,,,,,,,,,,27.010592395960952,28.775765749448432,15.600000381469727,PS_037,741.8472246969484,53.98696901778786,1.2111775022082287
24.299999237060547,14.181542258658371,2024-12-05T16:30:00Z,3,3,3,3,3,3,1,3,3,3,191.26903735003702,165.53077631111847,,,,,,,,,,26.916238396781225,25.705480980150156,15.600000381469727,PS_037,644.3168774948666,81.54678952693287,1.859030587887305
24.113700055331346,14.177691459655762,2024-12-05T16:45:00Z,3,3,3,3,3,3,1,3,3,3,164.93758067251392,138.2108203614688,,,,,,,,,,25.170086417470383,22.785175034974692,15.600000381469727,PS_037,606.6681738932749,62.39546646561597,1.2623606925594735
23.954294095511376,14.178455935139212,2024-12-05T17:00:00Z,4,4,4,4,4,4,1,4,4,4,143.17866682737056,118.56052777036037,,,,,,,,,,24.54519252065204,21.408627335459926,15.800000190734863,PS_037,555.4270592784408,85.60439033741669,1.8169270037246867
24.0,14.177691459655762,2024-12-05T17:15:00Z,3,3,3,3,3,3,1,3,3,3,155.9700805366074,140.3481357244551,,,,,,,,,,25.153050303420148,22.464875985495095,16.200000762939453,PS_037,626.3232925659161,65.94125131160548,0.962534175931669
24.087504356673808,14.176326759765619,2024-12-05T17:30:00Z,4,4,4,4,4,4,1,4,4,4,187.24193939073604,158.3485317813034,,,,,,,,,,25.953081380386294,25.619910304551926,16.399999618530273,PS_037,618.5818309580308,133.35347244147684,1.2324612055046074
24.247144083208397,14.17769145965576,2024-12-05T17:45:00Z,3,3,3,3,3,3,1,3,3,3,173.2498116587517,127.00242774231799,,,,,,,,,,25.64714527304243,27.65503718970516,16.399999618530273,PS_037,459.8891912832093,39.71550462124275,1.341005032580383
24.247713903108846,14.180818083258288,2024-12-05T18:00:00Z,3,3,3,3,3,3,1,3,3,3,148.06361443257512,100.70060772374451,,,,,,,,,,25.024554010684582,27.356255171666604,16.600000381469727,PS_037,367.6758292285363,47.84431339173373,0.9316544793978417
23.999999999999996,14.178521666567317,2024-12-05T18:15:00Z,4,4,4,4,4,4,1,4,4,4,124.15502469171197,102.21021272474766,,,,,,,,,,24.90542356288604,24.207052332869846,16.600000381469727,PS_037,422.5438156058155,171.4677107077765,0.6253073949316381
24.299999237060547,14.177691459655763,2024-12-05T18:30:00Z,3,3,3,3,3,3,1,3,3,3,158.28315311504662,119.54405201601192,,,,,,,,,,25.657694468519253,28.879072753760738,16.600000381469727,PS_037,413.69825181096394,293.99156603495214,0.3858286062181821
24.39454359246909,14.177691459655762,2024-12-05T18:45:00Z,4,4,4,4,4,4,1,4,4,4,124.36149167060567,72.98569580443527,,,,,,,,,,25.57943941558286,28.148354926861394,16.600000381469727,PS_037,258.1754064203771,243.9156155087541,0.5700678708635318
24.050863736169823,14.177691459655762,2024-12-05T19:00:00Z,3,3,3,3,3,3,1,3,3,3,91.67369234084526,46.368513742478136,,,,,,,,,,24.66597751509172,26.557771969386955,16.600000381469727,PS_037,174.4286069180883,302.5413416153326,0.4905220386278917
24.0,14.177691459655765,2024-12-05T19:15:00Z,3,3,3,3,3,3,1,3,3,3,67.73185699680894,41.92702761884543,,,,,,,,,,24.24614581544002,22.977176012480392,16.600000381469727,PS_037,183.710845053172,246.5421438240594,0.33809755942421116
23.82192237050817,14.177691459655762,2024-12-05T19:30:00Z,4,4,4,4,4,4,1,4,4,4,62.21781237358282,50.73920209008556,,,,,,,,,,24.181281194795975,14.232070270303476,16.600000381469727,PS_037,368.55428716971096,189.4617063936297,0.43452433555736975
23.753175287511848,14.178639084952206,2024-12-05T19:45:00Z,3,3,3,3,3,3,1,3,3,3,64.19948998177787,58.430093923330396,,,,,,,,,,24.499996155691974,9.691516671327213,16.600000381469727,PS_037,603.9861170820304,230.48770145217404,0.25985696520428997
23.70000076293945,14.18038837700369,2024-12-05T20:00:00Z,4,4,4,4,4,4,1,4,4,4,64.21652665086751,59.71089488690819,,,,,,,,,,24.496098663878627,7.890956196878419,16.600000381469727,PS_037,756.4399687089212,81.88715040364846,0.25729914682801336
23.700000762939457,14.177691459655762,2024-12-05T20:15:00Z,3,3,3,3,3,3,1,3,3,3,61.234024413836494,57.46222849287066,,,,,,,,,,24.494758678681908,6.765159194473513,16.600000381469727,PS_037,848.9910958845502,216.7806902328109,0.3958358946623309
23.700000762939457,14.180782982109708,2024-12-05T20:30:00Z,4,4,4,4,4,4,1,4,4,4,48.193611032096676,44.88504161784218,,,,,,,,,,24.231300819384884,5.372697562889448,16.600000381469727,PS_037,837.5746550844119,132.7249910179211,0.39230187617772705
23.5,14.180548600433802,2024-12-05T20:45:00Z,3,3,3,3,3,3,1,3,3,3,45.412177187524144,43.18833167914275,,,,,,,,,,23.357147577146645,4.804898828237479,16.600000381469727,PS_037,903.0344516105306,63.75767044613813,0.5137431860984651
23.5,14.17769145965576,2024-12-05T21:00:00Z,3,3,3,3,3,3,1,3,3,3,38.44741033853191,37.050956107180724,,,,,,,,,,23.188153638210224,4.257159025520453,16.600000381469727,PS_037,875.8367930489749,281.1689577541148,0.34000434741872004
23.342098544308787,14.17969388319403,2024-12-05T21:15:00Z,4,4,4,4,4,4,1,4,4,4,14.014692212044869,13.821764751586173,,,,,,,,,,22.509358158078815,0.98678441428704,16.600000381469727,PS_037,13437.939512275305,279.67480176700883,0.21457238027769107
22.899999618530273,14.177691459655762,2024-12-05T21:30:00Z,3,3,3,3,3,3,1,3,3,3,1.1668920617537035,1.2153030087303707,,,,,,,,,,21.855842041375794,-0.6715152489469474,16.600000381469727,PS_037,-183.87310429334067,190.02729008719032,0.33041239122018906
22.731278009822574,14.179957704833964,2024-12-05T21:45:00Z,4,4,4,4,4,4,1,4,4,4,-0.7039929876862042,-0.7174655009128603,,,,,,,,,,21.431277163698166,-0.7963284874069566,16.600000381469727,PS_037,84.39674137570988,218.4312282484587,0.33855901232099844
22.646974261815352,14.177691459655762,2024-12-05T22:00:00Z,3,3,3,3,3,3,1,3,3,3,-0.6923633200363251,-0.6027439244529978,,,,,,,,,,21.346973454538304,-0.654154127368216,16.600000381469727,PS_037,65.38738227360295,231.65157665016886,0.3331342292184317
22.451882262373267,14.177691459655762,2024-12-05T22:15:00Z,3,3,3,3,3,3,1,3,3,3,-0.7233849797043274,-0.5913624939239889,,,,,,,,,,21.151882695453015,-0.5384933485838265,16.600000381469727,PS_037,101.37201840855234,239.41286678874286,0.20000000298023224
22.26156066674731,14.178518369257086,2024-12-05T22:30:00Z,4,4,4,4,4,4,1,4,4,4,-0.7501262073622699,-0.6068810391536096,,,,,,,,,,21.100000381469727,-0.6376606004009152,16.600000381469727,PS_037,77.72583789278566,255.86667061634455,0.20000000298023227
22.399999618530273,14.183037757873533,2024-12-05T22:45:00Z,3,3,3,3,3,3,1,3,3,3,-0.43758732930359284,-0.5710095939725929,,,,,,,,,,21.100000381469727,-0.49894036193743896,16.600000381469727,PS_037,115.11683159973781,225.13373534471702,0.19722523032034767
22.26460397531675,14.178438208677727,2024-12-05T23:00:00Z,4,4,4,4,4,4,1,4,4,4,-0.5417278965710313,-0.6127425112425249,,,,,,,,,,21.011845615985365,-0.4392465295063859,16.600000381469727,PS_037,101.36970496091229,239.53201829416687,0.20000000298023224
22.100000381469727,14.180890413921343,2024-12-05T23:15:00Z,3,3,3,3,3,3,1,3,3,3,-0.6029071657402387,-0.6727760909965074,,,,,,,,,,21.04849428772713,-0.3530891779260995,16.600000381469727,PS_037,218.59318409391147,237.86354274685834,0.3195319083600393
22.100000381469727,14.179072134527882,2024-12-05T23:30:00Z,3,3,3,3,3,3,1,3,3,3,-0.6173770468503097,-0.7168904508538962,,,,,,,,,,20.722524806829988,-0.2932990380342782,16.600000381469727,PS_037,252.0699004639793,244.0982609004983,0.20000000298023227
21.886699080590297,14.179930729934297,2024-12-05T23:45:00Z,4,4,4,4,4,4,1,4,4,4,-0.738684500618641,-0.8981858786887817,,,,,,,,,,20.6671961867459,-0.5623779287416032,16.600000381469727,PS_037,162.27661587459673,241.84434535506423,0.3395973523383847
21.881964349514142,14.183037757873533,2024-12-06T00:00:00Z,2,2,2,2,2,2,1,2,2,2,-0.2160704054372005,-0.39082111579200307,,,,,,,,,,20.745893774006294,-0.26098240847022103,16.600000381469727,PS_037,172.95308270035875,200.85404088409402,1.4147182692195228
21.899999618530273,14.17862659858588,2024-12-06T00:15:00Z,3,3,3,3,3,3,1,3,3,3,-0.916947640808439,-0.7494226572375364,,,,,,,,,,20.799999237060543,-0.5342989765736071,16.600000381469727,PS_037,139.3870275237216,300.26551863551623,0.2243331145605313
22.100000381469727,14.180524986481123,2024-12-06T00:30:00Z,2,2,2,2,2,2,1,2,2,2,-0.2764002531126278,-0.4280008306453558,,,,,,,,,,20.641000271575795,-0.12640025110095537,16.600000381469727,PS_037,926.8645282277913,195.17675848992712,0.5063387857781546
21.899999618530273,14.183037757873535,2024-12-06T00:45:00Z,4,4,4,4,4,4,1,4,4,4,-0.7753076823295744,-0.755090498563372,,,,,,,,,,20.799999237060543,-0.36080578705256533,16.600000381469727,PS_037,198.14017323842597,250.31828233166095,0.20506515663675723
21.899999618530277,14.183037757873539,2024-12-06T01:00:00Z,3,3,3,3,3,3,1,3,3,3,-0.5863965547331208,-0.6645877057515529,,,,,,,,,,20.79999923706055,-0.32279227837220137,16.600000381469727,PS_037,260.57894796056024,236.29059416166132,0.3009787106116327
21.600000381469727,14.183037757873537,2024-12-06T01:15:00Z,3,3,3,3,3,3,1,3,3,3,-0.8751370933479922,-0.7502991709333386,,,,,,,,,,20.505708418902525,-0.47502103513500193,16.600000381469727,PS_037,157.50527488298573,267.1565402703979,0.20309517176847966
21.759607910143796,14.183037757873535,2024-12-06T01:30:00Z,2,2,2,2,2,2,1,2,2,2,-0.3860132255784275,-0.37005241563077496,,,,,,,,,,20.70640506233247,-0.230640525559989,16.600000381469727,PS_037,171.38739449124643,255.05197822493415,0.3890613034112677
21.852884122924547,14.183037757873533,2024-12-06T01:45:00Z,3,3,3,3,3,3,1,3,3,3,-0.6210497127286796,-0.6878065814383693,,,,,,,,,,20.559758182381874,-0.5763757331498649,16.600000381469727,PS_037,128.64804413918822,78.27534232625953,0.7477965450530624
21.74425268989697,14.181279470851313,2024-12-06T02:00:00Z,4,4,4,4,4,4,1,4,4,4,-1.0964727194203328,-0.8240479128871491,,,,,,,,,,20.353046712307542,-0.4398755982024928,16.600000381469727,PS_037,218.719151586383,176.1956399321291,0.20591982837120945
21.83759072438948,14.183037757873533,2024-12-06T02:15:00Z,3,3,3,3,3,3,1,3,3,3,-0.6707730128055572,0.04441696414505448,,,,,,,,,,20.270939350880397,-0.2731246975173154,16.600000381469727,PS_037,-84.86401834604551,109.06754974072727,1.616789180278608
21.653958254034794,14.182076172501667,2024-12-06T02:30:00Z,3,3,3,3,3,3,1,3,3,3,-0.8068109921114485,-0.9264986055148495,,,,,,,,,,20.515005804319706,-0.5887632462904648,16.600000381469727,PS_037,163.17591225514346,144.07839112314323,0.20000000298023227
21.707644880667864,14.183037757873533,2024-12-06T02:45:00Z,2,2,2,2,2,2,1,2,2,2,-0.2456473570637229,-0.22152895307953305,,,,,,,,,,20.535881727861724,-0.26335393581554,16.600000381469727,PS_037,81.66498846815705,236.4483665679847,0.2000000029802322
21.600000381469727,14.183037757873535,2024-12-06T03:00:00Z,2,2,2,2,2,2,1,2,2,2,-0.22367067264882246,-0.12679245651698592,,,,,,,,,,21.036706827304922,-0.2331217836519305,16.600000381469727,PS_037,46.30128641917909,83.08166267057314,0.2000000029802322
,,2024-12-06T03:15:00Z,0,0,0,0,0,0,1,0,0,0,,,,,,,,,,,,,,16.600000381469727,PS_037,,,
,,2024-12-06T03:30:00Z,0,0,0,0,0,0,1,0,0,0,,,,,,,,,,,,,,16.600000381469727,PS_037,,,
,,2024-12-06T03:45:00Z,0,0,0,0,0,0,1,0,0,0,,,,,,,,,,,,,,16.600000381469727,PS_037,,,
,,2024-12-06T04:00:00Z,0,0,0,0,0,0,1,0,0,0,,,,,,,,,,,,,,16.600000381469727,PS_037,,,
,,2024-12-06T04:15:00Z,0,0,0,0,0,0,1,0,0,0,,,,,,,,,,,,,,16.600000381469727,PS_037,,,
,,2024-12-06T04:30:00Z,0,0,0,0,0,0,1,0,0,0,,,,,,,,,,,,,,16.600000381469727,PS_037,,,
,,2024-12-06T04:45:00Z,0,0,0,0,0,0,1,0,0,0,,,,,,,,,,,,,,16.600000381469727,PS_037,,,
,,2024-12-06T05:00:00Z,0,0,0,0,0,0,1,0,0,0,,,,,,,,,,,,,,16.600000381469727,PS_037,,,
,,2024-12-06T05:15:00Z,0,0,0,0,0,0,1,0,0,0,,,,,,,,,,,,,,16.600000381469727,PS_037,,,
,,2024-12-06T05:30:00Z,0,0,0,0,0,0,1,0,0,0,,,,,,,,,,,,,,16.600000381469727,PS_037,,,
,,2024-12-06T05:45:00Z,0,0,0,0,0,0,1,0,0,0,,,,,,,,,,,,,,16.600000381469727,PS_037,,,
,,2024-12-06T06:00:00Z,0,0,0,0,0,0,1,0,0,0,,,,,,,,,,,,,,16.600000381469727,PS_037,,,
,,2024-12-06T06:15:00Z,0,0,0,0,0,0,1,0,0,0,,,,,,,,,,,,,,16.600000381469727,PS_037,,,
,,2024-12-06T06:30:00Z,0,0,0,0,0,0,1,0,0,0,,,,,,,,,,,,,,16.600000381469727,PS_037,,,
,,2024-12-06T06:45:00Z,0,0,0,0,0,0,1,0,0,0,,,,,,,,,,,,,,16.600000381469727,PS_037,,,
,,2024-12-06T07:00:00Z,0,0,0,0,0,0,1,0,0,0,,,,,,,,,,,,,,16.600000381469727,PS_037,,,
,,2024-12-06T07:15:00Z,0,0,0,0,0,0,1,0,0,0,,,,,,,,,,,,,,16.600000381469727,PS_037,,,
,,2024-12-06T07:30:00Z,0,0,0,0,0,0,1,0,0,0,,,,,,,,,,,,,,16.600000381469727,PS_037,,,
,,2024-12-06T07:45:00Z,0,0,0,0,0,0,1,0,0,0,,,,,,,,,,,,,,16.600000381469727,PS_037,,,
,,2024-12-06T08:00:00Z,0,0,0,0,0,0,1,0,0,0,,,,,,,,,,,,,,16.600000381469727,PS_037,,,
,,2024-12-06T08:15:00Z,0,0,0,0,0,0,1,0,0,0,,,,,,,,,,,,,,16.600000381469727,PS_037,,,
,,2024-12-06T08:30:00Z,0,0,0,0,0,0,1,0,0,0,,,,,,,,,,,,,,16.600000381469727,PS_037,,,
,,2024-12-06T08:45:00Z,0,0,0,0,0,0,1,0,0,0,,,,,,,,,,,,,,16.600000381469727,PS_037,,,
23.200000762939453,14.188383102416992,2024-12-06T09:00:00Z,1,1,1,1,1,1,1,1,1,1,111.44999694824219,126.9800033569336,,,,,,,,,,22.700000762939453,12.739999771118164,16.600000381469727,PS_037,991.0867919921875,46.29600143432617,0.9879999756813049
23.5447370698779,14.187587810407697,2024-12-06T09:15:00Z,3,3,3,3,3,3,1,3,3,3,151.2451329006451,187.02691416447504,,,,,,,,,,23.971661178542927,15.912272956417588,16.600000381469727,PS_037,1173.9909052372543,22.217203148221046,2.4342115470559618
24.25756793876183,14.186678902301749,2024-12-06T09:30:00Z,4,4,4,4,4,4,1,4,4,4,244.2930982082875,403.56793669072596,,,,,,,,,,27.470397185426478,22.889165047828296,16.600000381469727,PS_037,1718.499317642091,36.20874309230579,2.3866730399226386
24.555285382998694,14.188383102416992,2024-12-06T09:45:00Z,3,3,3,3,3,3,1,3,3,3,365.21353128076845,649.4814457427891,,,,,,,,,,33.55748919992235,37.06996112958509,16.600000381469727,PS_037,1731.8750896810423,37.47441001739543,2.111477980285542
25.690742602595115,14.186817950521602,2024-12-06T10:00:00Z,4,4,4,4,4,4,1,4,4,4,396.68354877689825,756.8878313774532,,,,,,,,,,40.22448058723211,39.30232529523514,16.600000381469727,PS_037,1933.2400183609682,33.53055111644091,1.4634724451859187
25.743154528251807,14.186178328508031,2024-12-06T10:15:00Z,3,3,3,3,3,3,1,3,3,3,464.98374379480305,882.8475034802531,,,,,,,,,,41.453712181865995,42.86355876474749,16.600000381469727,PS_037,2070.935586991468,39.37803231068752,2.243680387342996
26.506172426801836,14.183979647764117,2024-12-06T10:30:00Z,3,3,3,3,3,3,1,3,3,3,523.8659144323625,926.0843459940241,,,,,,,,,,44.002558469773106,46.81082621393316,16.600000381469727,PS_037,1976.6507555719058,21.213421454655638,2.789019352914433
26.66139020817937,14.18458710471106,2024-12-06T10:45:00Z,4,4,4,4,4,4,1,4,4,4,640.4501047274615,998.415573150811,,,,,,,,,,48.382359612045875,60.506551167585094,16.600000381469727,PS_037,1663.3413461550488,92.46612857676965,3.8202346685752153
26.44445950456281,14.187590927408214,2024-12-06T11:00:00Z,3,3,3,3,3,3,1,3,3,3,532.5743028565429,674.0239289534069,,,,,,,,,,50.48468121467775,57.72703483981133,16.600000381469727,PS_037,1157.660367450662,95.69304205127555,3.3733680884033084
27.22164330951419,14.18380888088745,2024-12-06T11:15:00Z,4,4,4,4,4,4,1,4,4,4,822.6719504411512,1058.753707038343,,,,,,,,,,47.83041472105437,81.36975006472392,16.600000381469727,PS_037,1299.0081529486233,95.59695663300595,3.4150088895473334
27.549723521885426,14.186403861190916,2024-12-06T11:30:00Z,3,3,3,3,3,3,1,3,3,3,891.9193269356836,1096.6573576296435,,,,,,,,,,52.01108339402683,87.59630899131028,16.600000381469727,PS_037,1250.682163270444,89.99867698733604,4.107392114460199
28.0,14.183037757873533,2024-12-06T11:45:00Z,3,3,3,3,3,3,1,3,3,3,857.35473986739,1067.0891133528526,,,,,,,,,,52.41327166407041,78.31951659632458,16.600000381469727,PS_037,1365.0330541275325,70.20811808451217,3.9249666605221214
27.974899806148223,14.182194536166033,2024-12-06T12:00:00Z,4,4,4,4,4,4,1,4,4,4,832.3422580273826,1036.565632888484,,,,,,,,,,51.6946312338128,62.79414884108372,16.600000381469727,PS_037,1654.40155498967,57.28500851271007,3.1604775348021845
28.62374344029505,14.183037757873537,2024-12-06T12:15:00Z,3,3,3,3,3,3,1,3,3,3,885.0903935483185,1068.8111342589348,,,,,,,,,,52.90307538235119,61.39026463822186,16.600000381469727,PS_037,1741.125858504571,74.75970055972442,3.8051092513826097
28.67360936711976,14.182239017217787,2024-12-06T12:30:00Z,4,4,4,4,4,4,1,4,4,4,919.5366418618083,1072.027421350817,,,,,,,,,,52.467689793137666,59.1542894802047,16.600000381469727,PS_037,1814.718446302164,59.80389284956207,3.5014755152318298
29.20255312435166,14.17862243450984,2024-12-06T12:45:00Z,3,3,3,3,3,3,1,3,3,3,954.2506680572537,1078.8163628307595,,,,,,,,,,54.9000015258789,59.75366415153969,16.600000381469727,PS_037,1804.8743959248134,36.511916662148224,2.865401095356084
29.102988718208977,14.181499017745537,2024-12-06T13:00:00Z,4,4,4,4,4,4,1,4,4,4,983.5119023843409,1080.8496285866197,,,,,,,,,,54.225583852631104,59.2193422155715,16.600000381469727,PS_037,1822.190019849114,64.72792068226093,4.755708489673436
29.435752477335484,14.177691459655762,2024-12-06T13:15:00Z,3,3,3,3,3,3,1,3,3,3,1038.4919781482079,1114.4502556918228,,,,,,,,,,54.18938028016958,62.48747838087494,16.600000381469727,PS_037,1783.9180593768415,68.47336917924886,4.194084601166351
29.899999618530277,14.177691459655762,2024-12-06T13:30:00Z,3,3,3,3,3,3,1,3,3,3,1036.197048286182,1092.689184448379,,,,,,,,,,55.91473233646314,62.1259666461883,16.600000381469727,PS_037,1759.682470971643,71.2176170186701,4.704485265558635
30.040850774959196,14.181348403056054,2024-12-06T13:45:00Z,4,4,4,4,4,4,1,4,4,4,1048.2203007307344,1088.5920051871694,,,,,,,,,,56.506207019874594,61.38195164756758,16.600000381469727,PS_037,1763.212323934508,66.47573883651506,4.678802352472408
30.414826348002936,14.17769145965576,2024-12-06T14:00:00Z,3,3,3,3,3,3,1,3,3,3,1053.4311089744738,1080.4765150684918,,,,,,,,,,57.60280407563444,61.669867400836615,16.600000381469727,PS_037,1745.5055885638226,75.39801252776772,4.554483025136966
30.362417166012676,14.17769145965576,2024-12-06T14:15:00Z,4,4,4,4,4,4,1,4,4,4,1076.922816613295,1096.5326846727212,,,,,,,,,,54.56877049065785,64.10369919536852,16.600000381469727,PS_037,1701.3213956542568,76.56881221304813,5.391500595286846
30.633399198647272,14.177691459655762,2024-12-06T14:30:00Z,3,3,3,3,3,3,1,3,3,3,1088.6307398631482,1103.5328681452177,,,,,,,,,,52.9868256235196,68.08114919089397,16.600000381469727,PS_037,1617.9646033351735,63.13795764404604,4.254898501782116
30.97667799855153,14.17769145965576,2024-12-06T14:45:00Z,3,3,3,3,3,3,1,3,3,3,1091.312827805859,1103.5479267509515,,,,,,,,,,53.681859858363076,68.17057692430532,16.600000381469727,PS_037,1615.4751863402885,98.07676457514862,3.9993649811489678
31.219533294069276,14.179244245898866,2024-12-06T15:00:00Z,4,4,4,4,4,4,1,4,4,4,1092.0804198329538,1107.616300387526,,,,,,,,,,50.42798227364069,69.5780620100031,16.600000381469727,PS_037,1598.0534672482029,69.14666618070135,5.248188102017389
31.63187975718575,14.17769145965576,2024-12-06T15:15:00Z,3,3,3,3,3,3,1,3,3,3,1084.2484150426508,1103.6942539044912,,,,,,,,,,50.67569943643747,68.94577229938125,16.600000381469727,PS_037,1599.592659985761,106.6914227100031,4.342749298837492
31.941564217014438,14.177691459655762,2024-12-06T15:30:00Z,4,4,4,4,4,4,1,4,4,4,1076.1454531241793,1104.6340747461154,,,,,,,,,,49.00085432084677,69.01807228292748,16.600000381469727,PS_037,1599.9851075935164,79.62144085097887,4.850053932092351
32.4949361010809,14.177691459655763,2024-12-06T15:45:00Z,3,3,3,3,3,3,1,3,3,3,1056.3421572795241,1099.0813753433272,,,,,,,,,,51.63148349141941,68.07028259745745,16.600000381469727,PS_037,1622.0553870153199,50.50512031342049,3.551761197519891
32.543420622541646,14.177691459655763,2024-12-06T16:00:00Z,3,3,3,3,3,3,1,3,3,3,1041.273267707956,1097.594605268724,,,,,,,,,,51.10490755762264,67.30757689405065,16.600000381469727,PS_037,1633.6999263033395,83.66289525258227,5.125628092292439
32.68543587184262,14.177691459655762,2024-12-06T16:15:00Z,4,4,4,4,4,4,1,4,4,4,1017.5312421513598,1094.3516449975825,,,,,,,,,,51.12279931037128,66.44229630703303,16.600000381469727,PS_037,1642.8864155758672,73.98315587415908,5.34150710890241
33.09569476943523,14.177691459655763,2024-12-06T16:30:00Z,3,3,3,3,3,3,1,3,3,3,995.9756833343537,1094.4103015784156,,,,,,,,,,52.0393997356354,66.42700838515057,16.600000381469727,PS_037,1658.425206260833,67.37319910413969,3.9955292967680567
33.1553264625449,14.177691459655763,2024-12-06T16:45:00Z,4,4,4,4,4,4,1,4,4,4,720.689563061033,822.8911910219832,,,,,,,,,,52.31380777404498,49.61832935817786,16.600000381469727,PS_037,1681.5547716905546,96.92332285706306,3.7583632112820857
33.364499968380024,14.177691459655762,2024-12-06T17:00:00Z,3,3,3,3,3,3,1,3,3,3,930.3365001820102,1089.54166909588,,,,,,,,,,53.675215680692524,63.091869207801956,16.600000381469727,PS_037,1720.9166747732525,93.2858675675853,3.1619610701453995
33.613839804639426,14.177691459655762,2024-12-06T17:15:00Z,4,4,4,4,4,4,1,4,4,4,923.7546688070246,1120.0087706650727,,,,,,,,,,54.32792999886652,63.86158860365576,16.600000381469727,PS_037,1755.904092428846,69.01955777281654,3.9395765684949
33.61646409403558,14.176421318972446,2024-12-06T17:30:00Z,3,3,3,3,3,3,1,3,3,3,877.7181058312656,1108.233768911068,,,,,,,,,,55.84288125600935,60.455838535345414,16.600000381469727,PS_037,1825.008196395993,63.23268635272349,2.567134756345252
33.76653214516151,14.174846701465139,2024-12-06T17:45:00Z,3,3,3,3,3,3,1,3,3,3,780.6063663262933,1003.3393519503526,,,,,,,,,,55.13657232577827,55.29124022573318,16.600000381469727,PS_037,1802.9992181013288,238.01052626746244,2.5289145546342158
33.651011678733454,14.174830436389339,2024-12-06T18:00:00Z,4,4,4,4,4,4,1,4,4,4,726.786879635654,1039.5372428179264,,,,,,,,,,54.69258854303857,58.32330188752627,16.600000381469727,PS_037,1808.5204464145404,88.1508613003276,3.854120101332925
33.91462980973374,14.177017017241194,2024-12-06T18:15:00Z,3,3,3,3,3,3,1,3,3,3,688.5146255305584,1000.4828524000367,,,,,,,,,,54.3883569340099,53.33595891040912,16.600000381469727,PS_037,1874.046177609044,104.6510899315207,3.917239767007413
33.612233278181606,14.177048805145287,2024-12-06T18:30:00Z,4,4,4,4,4,4,1,4,4,4,546.54497397905,825.3624447327531,,,,,,,,,,52.043147374104166,46.231166542224564,16.600000381469727,PS_037,1677.793265874279,89.71306757310205,2.998783750755278
33.400001525878906,14.17769145965576,2024-12-06T18:45:00Z,3,3,3,3,3,3,1,3,3,3,591.8571401552166,979.3874662900096,,,,,,,,,,49.785988463092764,49.944524021636305,16.600000381469727,PS_037,1878.6979502390438,82.4586665333362,4.384637895402319
33.400001525878906,14.175021949588107,2024-12-06T19:00:00Z,3,3,3,3,3,3,1,3,3,3,542.2205343892226,964.7350981954387,,,,,,,,,,51.49423715923269,48.276818229681226,16.600000381469727,PS_037,2001.2292065658937,59.523094700012386,4.039081085521135
33.61990841642945,14.177691459655763,2024-12-06T19:15:00Z,4,4,4,4,4,4,1,4,4,4,472.93784855931546,921.9280198657603,,,,,,,,,,51.14013680616219,43.9973869958612,16.600000381469727,PS_037,2094.2964362737603,55.5875347870206,3.1193674750646476
33.36994756606233,14.176988391092276,2024-12-06T19:30:00Z,3,3,3,3,3,3,1,3,3,3,406.7226726978808,869.1775318087008,,,,,,,,,,51.784433329126045,39.493857640844986,16.600000381469727,PS_037,2205.2234538242105,62.73606381966605,3.7324231479375203
33.25222907478388,14.176952427017728,2024-12-06T19:45:00Z,4,4,4,4,4,4,1,4,4,4,341.48857725193193,767.2068311292517,,,,,,,,,,47.56593935951908,42.30519878805334,16.600000381469727,PS_037,1815.02505694695,65.48606038424765,3.2018016395639584
32.900001525878906,14.176339312286906,2024-12-06T20:00:00Z,3,3,3,3,3,3,1,3,3,3,278.1036003270656,633.7470235566543,,,,,,,,,,45.332967182137736,42.756219260171584,16.600000381469727,PS_037,1482.7430306321332,54.509050710414506,2.3144651295993377
32.60883947568955,14.177691459655762,2024-12-06T20:15:00Z,3,3,3,3,3,3,1,3,3,3,207.31580658205266,475.06740609707083,,,,,,,,,,41.59387025093878,29.39387979662831,16.600000381469727,PS_037,1622.5144494637238,57.03339116873552,2.664738013929276
31.986493035880002,14.175953382484963,2024-12-06T20:30:00Z,4,4,4,4,4,4,1,4,4,4,144.4671558659275,334.8905658954517,,,,,,,,,,37.696497813347456,16.93442596908741,16.600000381469727,PS_037,1993.6688775373286,27.490991203879165,2.224974259393985
31.287478697268764,14.17699480975574,2024-12-06T20:45:00Z,3,3,3,3,3,3,1,3,3,3,82.15700687311517,185.76343002391718,,,,,,,,,,34.157697429166056,9.581693912463328,16.600000381469727,PS_037,1965.780885879336,35.86710605338129,1.7261046565952616
29.869179724911614,14.177691459655762,2024-12-06T21:00:00Z,4,4,4,4,4,4,1,4,4,4,45.31343150878528,95.3717000928868,,,,,,,,,,30.48662524283599,4.332578547580367,16.600000381469727,PS_037,2620.269980938345,39.288259561349875,1.6866152167274975
28.545053806298355,14.17769145965576,2024-12-06T21:15:00Z,3,3,3,3,3,3,1,3,3,3,13.230362864652355,13.741454719749274,,,,,,,,,,26.91513485763973,-0.5878265569855964,16.600000381469727,PS_037,916.3563686858708,33.37061213233625,1.1884130436964617
27.46875133288355,14.177691459655762,2024-12-06T21:30:00Z,3,3,3,3,3,3,1,3,3,3,1.2161641036788287,-0.6273561108470586,,,,,,,,,,24.320647034632028,-2.110419409476587,16.600000381469727,PS_037,20.120565892408617,48.16850016809011,1.0450913353446338
26.62255252391715,14.177046257510133,2024-12-06T21:45:00Z,4,4,4,4,4,4,1,4,4,4,-2.7749647040628918,-2.940181375045023,,,,,,,,,,22.585001505364605,-2.7808963654239824,16.600000381469727,PS_037,105.63109116638455,65.3325067576858,0.41054651049844554
24.798408420374322,14.17769145965576,2024-12-06T22:00:00Z,3,3,3,3,3,3,1,3,3,3,-4.006156115967583,-3.633203569577545,,,,,,,,,,20.826980706062066,-3.4471412768556404,16.600000381469727,PS_037,106.7006777753592,225.49472450864218,0.20251422833302293
23.79561849863958,14.177691459655762,2024-12-06T22:15:00Z,4,4,4,4,4,4,1,4,4,4,-2.885059700442642,-3.1069036849640344,,,,,,,,,,19.850843642639536,-2.9189519629268164,16.600000381469727,PS_037,107.76325886791392,254.3349638231902,0.2000000029802322
22.565961189445567,14.177691459655762,2024-12-06T22:30:00Z,3,3,3,3,3,3,1,3,3,3,-2.8755431080172325,-2.6060169971080853,,,,,,,,,,18.91541404710482,-2.1251599334233506,16.600000381469727,PS_037,122.93889538625582,266.85923278037166,0.21401163827238656
22.018828239140905,14.183037757873537,2024-12-06T22:45:00Z,3,3,3,3,3,3,1,3,3,3,-2.524216266854204,-1.7490362012223846,,,,,,,,,,18.353512980715067,-1.8222448873686548,16.600000381469727,PS_037,96.16888470575755,114.01660199494924,0.20000000298023227
21.759139680032604,14.180868992893215,2024-12-06T23:00:00Z,4,4,4,4,4,4,1,4,4,4,-1.9230153458782164,-1.3653280166123385,,,,,,,,,,18.181131380235847,-1.3447366317534961,16.600000381469727,PS_037,96.05736336357589,183.7830456110969,0.20496158487729568
21.60000038146973,14.179464015756828,2024-12-06T23:15:00Z,3,3,3,3,3,3,1,3,3,3,-1.7798961206511077,-1.1837177238552095,,,,,,,,,,17.852813352399068,-0.748044980294618,16.600000381469727,PS_037,166.62924068581808,239.3931278284287,0.20000000298023224
20.946436747655724,14.179276806789966,2024-12-06T23:30:00Z,4,4,4,4,4,4,1,4,4,4,-1.7102121691456142,-1.3900950323579342,,,,,,,,,,17.515450950075536,-1.0247554952809987,16.600000381469727,PS_037,148.47326822395138,287.9368399077759,0.2901785293000348
20.799999237060543,14.17855558260658,2024-12-06T23:45:00Z,3,3,3,3,3,3,1,3,3,3,-1.1836253050386376,-1.218772981493941,,,,,,,,,,17.467673847885504,-0.34873407299219467,16.600000381469727,PS_037,599.1972092193367,293.79988740309295,0.20000000298023224
20.5,14.183037757873535,2024-12-07T00:00:00Z,3,3,3,3,3,3,1,3,3,3,-1.2902270842825654,-0.8126846413122363,,,,,,,,,,17.39720904548263,-0.4764534873850831,16.600000381469727,PS_037,227.48492196004716,267.42417037208526,0.3363910293074103
20.054827858509334,14.181069311360085,2024-12-07T00:15:00Z,3,3,3,3,3,3,1,3,3,3,-2.0408360632461675,-1.6585433199335462,,,,,,,,,,16.782242027826246,-0.9568379026015738,16.600000381469727,PS_037,162.96170925083536,202.5352131271512,0.19642295401244336
20.200000762939453,14.185116036024553,2024-12-07T00:30:00Z,3,3,3,3,3,3,1,3,3,3,-0.6507368451536196,-0.29097120352833433,,,,,,,,,,16.700000762939453,-0.6623966410299618,16.600000381469727,PS_037,44.399817637939485,22.356467525908293,0.6195568468748439
20.103666933525194,14.184384857804524,2024-12-07T00:45:00Z,3,3,3,3,3,3,1,3,3,3,-1.786352168720399,-0.7335279047910753,,,,,,,,,,16.700000762939457,-0.29060830175940966,16.600000381469727,PS_037,286.93157251247897,268.706922339898,0.19909349400644416
20.068029069641806,14.184490999444279,2024-12-07T01:00:00Z,3,3,3,3,3,3,1,3,3,3,-0.9945424159416619,-0.9300431728681029,,,,,,,,,,16.499999999999996,0.15067499660521289,16.600000381469727,PS_037,-263.6092634282012,292.172941451101,0.33436346712417664
19.536825551552838,14.18763669767645,2024-12-07T01:15:00Z,4,4,4,4,4,4,1,4,4,4,-2.066242920117044,-1.4811755376312499,,,,,,,,,,16.111029999431597,-0.9366081510671838,16.600000381469727,PS_037,162.23186096735907,48.671650665804066,0.2856449105103644
19.14852392894297,14.18517026709028,2024-12-07T01:30:00Z,3,3,3,3,3,3,1,3,3,3,-1.9005765046380287,-1.63810227116616,,,,,,,,,,15.745471409245589,-1.0047423511935878,16.600000381469727,PS_037,160.39709138930544,222.19002051793612,0.21081895187748179
18.899999618530273,14.183988163387342,2024-12-07T01:45:00Z,3,3,3,3,3,3,1,3,3,3,-1.2534516563558102,-1.341597708537544,,,,,,,,,,15.699999809265138,-0.5710795843313983,16.600000381469727,PS_037,252.19510493867753,349.2533437021737,0.19644399154706466
18.24972320053507,14.182241928512747,2024-12-07T02:00:00Z,4,4,4,4,4,4,1,4,4,4,-2.1028644514582457,-1.9627716507033928,,,,,,,,,,15.053135555425492,-1.0641700295203094,16.600000381469727,PS_037,171.34972605370098,358.1435760406402,0.2000000029802322
18.035160344401543,14.18838310241699,2024-12-07T02:15:00Z,2,2,2,2,2,2,1,2,2,2,-2.0620994762331915,-2.3591932642444204,,,,,,,,,,14.899999618530272,-0.7680663295502228,16.600000381469727,PS_037,326.8026301905621,360.0,0.19567735123374033
17.755516792728855,14.185703873419813,2024-12-07T02:30:00Z,4,4,4,4,4,4,1,4,4,4,-1.4115369126230584,-0.6001110190963337,,,,,,,,,,14.600071011513384,-0.6881045914572653,16.600000381469727,PS_037,67.8751660285476,66.78321807871147,0.19002453753209614
17.6402685533539,14.185537043383844,2024-12-07T02:45:00Z,2,2,2,2,2,2,1,2,2,2,-1.824272265595053,-1.4454353006062712,,,,,,,,,,14.600000381469727,-0.3799999952316284,16.600000381469727,PS_037,365.0485249271602,184.97538846389074,0.20023260527521175
17.5,14.183037757873535,2024-12-07T03:00:00Z,1,1,1,1,1,1,1,1,1,1,-1.5199999809265137,-0.8299999833106995,,,,,,,,,,14.300000190734862,-0.3199999928474426,16.600000381469727,PS_037,326.923095703125,339.2040100097656,0.20000000298023224
,,2024-12-07T03:15:00Z,0,0,0,0,0,0,1,0,0,0,,,,,,,,,,,,,,16.600000381469727,PS_037,,,
,,2024-12-07T03:30:00Z,0,0,0,0,0,0,1,0,0,0,,,,,,,,,,,,,,16.600000381469727,PS_037,,,
,,2024-12-07T03:45:00Z,0,0,0,0,0,0,1,0,0,0,,,,,,,,,,,,,,16.600000381469727,PS_037,,,
,,2024-12-07T04:00:00Z,0,0,0,0,0,0,1,0,0,0,,,,,,,,,,,,,,16.600000381469727,PS_037,,,
,,2024-12-07T04:15:00Z,0,0,0,0,0,0,1,0,0,0,,,,,,,,,,,,,,16.600000381469727,PS_037,,,
,,2024-12-07T04:30:00Z,0,0,0,0,0,0,1,0,0,0,,,,,,,,,,,,,,16.600000381469727,PS_037,,,
,,2024-12-07T04:45:00Z,0,0,0,0,0,0,1,0,0,0,,,,,,,,,,,,,,16.600000381469727,PS_037,,,
,,2024-12-07T05:00:00Z,0,0,0,0,0,0,1,0,0,0,,,,,,,,,,,,,,16.600000381469727,PS_037,,,
,,2024-12-07T05:15:00Z,0,0,0,0,0,0,1,0,0,0,,,,,,,,,,,,,,16.600000381469727,PS_037,,,
,,2024-12-07T05:30:00Z,0,0,0,0,0,0,1,0,0,0,,,,,,,,,,,,,,16.600000381469727,PS_037,,,
,,2024-12-07T05:45:00Z,0,0,0,0,0,0,1,0,0,0,,,,,,,,,,,,,,16.600000381469727,PS_037,,,
,,2024-12-07T06:00:00Z,0,0,0,0,0,0,1,0,0,0,,,,,,,,,,,,,,16.600000381469727,PS_037,,,
,,2024-12-07T06:15:00Z,0,0,0,0,0,0,1,0,0,0,,,,,,,,,,,,,,16.600000381469727,PS_037,,,
,,2024-12-07T06:30:00Z,0,0,0,0,0,0,1,0,0,0,,,,,,,,,,,,,,16.600000381469727,PS_037,,,
,,2024-12-07T06:45:00Z,0,0,0,0,0,0,1,0,0,0,,,,,,,,,,,,,,16.600000381469727,PS_037,,,
,,2024-12-07T07:00:00Z,0,0,0,0,0,0,1,0,0,0,,,,,,,,,,,,,,16.600000381469727,PS_037,,,
,,2024-12-07T07:15:00Z,0,0,0,0,0,0,1,0,0,0,,,,,,,,,,,,,,16.600000381469727,PS_037,,,
,,2024-12-07T07:30:00Z,0,0,0,0,0,0,1,0,0,0,,,,,,,,,,,,,,16.600000381469727,PS_037,,,
,,2024-12-07T07:45:00Z,0,0,0,0,0,0,1,0,0,0,,,,,,,,,,,,,,16.600000381469727,PS_037,,,
,,2024-12-07T08:00:00Z,0,0,0,0,0,0,1,0,0,0,,,,,,,,,,,,,,16.600000381469727,PS_037,,,
,,2024-12-07T08:15:00Z,0,0,0,0,0,0,1,0,0,0,,,,,,,,,,,,,,16.600000381469727,PS_037,,,
,,2024-12-07T08:30:00Z,0,0,0,0,0,0,1,0,0,0,,,,,,,,,,,,,,16.600000381469727,PS_037,,,
,,2024-12-07T08:45:00Z,0,0,0,0,0,0,1,0,0,0,,,,,,,,,,,,,,16.600000381469727,PS_037,,,
17.600000381469727,14.19042201268989,2024-12-07T09:00:00Z,2,2,2,2,2,2,1,2,2,2,81.47853916918461,90.49207075328792,,,,,,,,,,15.699999809265138,10.072798811817156,16.600000381469727,PS_037,899.8775433031653,59.36358047078637,1.3593927620230337
18.42322395540758,14.188383102416992,2024-12-07T09:15:00Z,4,4,4,4,4,4,1,4,4,4,123.82506037070827,164.16809871588083,,,,,,,,,,16.965634579132434,13.282732349296294,16.600000381469727,PS_037,1199.294903911084,57.46823736898363,0.996952742874165
20.196499380661752,14.18945856679906,2024-12-07T09:30:00Z,3,3,3,3,3,3,1,3,3,3,230.76415981354404,393.1174484510633,,,,,,,,,,21.128142478810787,22.214926084924997,16.600000381469727,PS_037,1764.377302434226,67.57686080984423,1.4844990133728728
21.099126400390656,14.18838310241699,2024-12-07T09:45:00Z,3,3,3,3,3,3,1,3,3,3,282.63311134445337,529.1347780849429,,,,,,,,,,26.01587796460953,31.747910275238116,16.600000381469727,PS_037,1667.9286657514674,91.26361160754256,3.5807442789750237
22.41643980669605,14.192327311769262,2024-12-07T10:00:00Z,4,4,4,4,4,4,1,4,4,4,402.8088931568575,781.1304718146804,,,,,,,,,,31.822510525526305,43.6234420718792,16.600000381469727,PS_037,1787.0758019386399,103.2372042482509,2.9914921869539985
23.284716893013474,14.189098440673526,2024-12-07T10:15:00Z,3,3,3,3,3,3,1,3,3,3,444.8032842361014,820.4781878168071,,,,,,,,,,39.36736601898657,45.490102500722635,16.600000381469727,PS_037,1803.6547422013668,92.12679248797184,3.271886977433017
23.67119560541449,14.190784056825828,2024-12-07T10:30:00Z,4,4,4,4,4,4,1,4,4,4,439.7522480833134,736.9506284771498,,,,,,,,,,40.12353909655838,45.0265281773564,16.600000381469727,PS_037,1628.2027891334394,121.15267083709804,3.108978763859639
24.299999237060543,14.189293864260268,2024-12-07T10:45:00Z,3,3,3,3,3,3,1,3,3,3,427.0942328743232,661.957958505665,,,,,,,,,,39.20556922995565,45.54784036019962,16.600000381469727,PS_037,1458.1226736995188,84.57736644056064,5.5522636639856735
24.07848410472254,14.188383102416992,2024-12-07T11:00:00Z,4,4,4,4,4,4,1,4,4,4,401.38601845307807,588.8640737760492,,,,,,,,,,35.26366716084139,45.190753010735065,16.600000381469727,PS_037,1286.5501990776272,55.39785974814504,4.1016236619198905
24.496098697088026,14.189225778549405,2024-12-07T11:15:00Z,3,3,3,3,3,3,1,3,3,3,522.0619894508699,739.9364846551817,,,,,,,,,,35.08391210407255,54.62053044448966,16.600000381469727,PS_037,1346.6936748936382,64.6059218587398,4.845654938157444
25.72247535591167,14.18838310241699,2024-12-07T11:30:00Z,3,3,3,3,3,3,1,3,3,3,753.6144278475585,1037.3763641449536,,,,,,,,,,45.528733163227415,67.35174288487495,16.600000381469727,PS_037,1540.8483989106314,127.07800606588137,4.520314819403027
26.399999618530273,14.188383102416992,2024-12-07T11:45:00Z,1,1,1,1,1,1,1,1,1,1,771.3300170898438,1032.699951171875,,,,,,,,,,47.79999923706055,64.41999816894531,16.600000381469727,PS_037,1601.2108154296875,62.95199966430663,4.0879998207092285
,,2024-12-07T12:00:00Z,0,0,0,0,0,0,1,0,0,0,,,,,,,,,,,,,,16.600000381469727,PS_037,,,
,,2024-12-07T12:15:00Z,0,0,0,0,0,0,1,0,0,0,,,,,,,,,,,,,,16.600000381469727,PS_037,,,
,,2024-12-07T12:30:00Z,0,0,0,0,0,0,1,0,0,0,,,,,,,,,,,,,,16.600000381469727,PS_037,,,
,,2024-12-07T12:45:00Z,0,0,0,0,0,0,1,0,0,0,,,,,,,,,,,,,,16.600000381469727,PS_037,,,
,,2024-12-07T13:00:00Z,0,0,0,0,0,0,1,0,0,0,,,,,,,,,,,,,,16.600000381469727,PS_037,,,
,,2024-12-07T13:15:00Z,0,0,0,0,0,0,1,0,0,0,,,,,,,,,,,,,,16.600000381469727,PS_037,,,
,,2024-12-07T13:30:00Z,0,0,0,0,0,0,1,0,0,0,,,,,,,,,,,,,,16.600000381469727,PS_037,,,
,,2024-12-07T13:45:00Z,0,0,0,0,0,0,1,0,0,0,,,,,,,,,,,,,,16.600000381469727,PS_037,,,
,,2024-12-07T14:00:00Z,0,0,0,0,0,0,1,0,0,0,,,,,,,,,,,,,,16.600000381469727,PS_037,,,
,,2024-12-07T14:15:00Z,0,0,0,0,0,0,1,0,0,0,,,,,,,,,,,,,,16.600000381469727,PS_037,,,
,,2024-12-07T14:30:00Z,0,0,0,0,0,0,1,0,0,0,,,,,,,,,,,,,,16.600000381469727,PS_037,,,
,,2024-12-07T14:45:00Z,0,0,0,0,0,0,1,0,0,0,,,,,,,,,,,,,,16.600000381469727,PS_037,,,
,,2024-12-07T15:00:00Z,0,0,0,0,0,0,1,0,0,0,,,,,,,,,,,,,,16.600000381469727,PS_037,,,
,,2024-12-07T15:15:00Z,0,0,0,0,0,0,1,0,0,0,,,,,,,,,,,,,,16.600000381469727,PS_037,,,
,,2024-12-07T15:30:00Z,0,0,0,0,0,0,1,0,0,0,,,,,,,,,,,,,,16.600000381469727,PS_037,,,
,,2024-12-07T15:45:00Z,0,0,0,0,0,0,1,0,0,0,,,,,,,,,,,,,,16.600000381469727,PS_037,,,
,,2024-12-07T16:00:00Z,0,0,0,0,0,0,1,0,0,0,,,,,,,,,,,,,,16.600000381469727,PS_037,,,
,,2024-12-07T16:15:00Z,0,0,0,0,0,0,1,0,0,0,,,,,,,,,,,,,,16.600000381469727,PS_037,,,
,,2024-12-07T16:30:00Z,0,0,0,0,0,0,1,0,0,0,,,,,,,,,,,,,,16.600000381469727,PS_037,,,
,,2024-12-07T16:45:00Z,0,0,0,0,0,0,1,0,0,0,,,,,,,,,,,,,,16.600000381469727,PS_037,,,
,,2024-12-07T17:00:00Z,0,0,0,0,0,0,1,0,0,0,,,,,,,,,,,,,,16.600000381469727,PS_037,,,
,,2024-12-07T17:15:00Z,0,0,0,0,0,0,1,0,0,0,,,,,,,,,,,,,,16.600000381469727,PS_037,,,
,,2024-12-07T17:30:00Z,0,0,0,0,0,0,1,0,0,0,,,,,,,,,,,,,,16.600000381469727,PS_037,,,
,,2024-12-07T17:45:00Z,0,0,0,0,0,0,1,0,0,0,,,,,,,,,,,,,,16.600000381469727,PS_037,,,
,,2024-12-07T18:00:00Z,0,0,0,0,0,0,1,0,0,0,,,,,,,,,,,,,,16.600000381469727,PS_037,,,
,,2024-12-07T18:15:00Z,0,0,0,0,0,0,1,0,0,0,,,,,,,,,,,,,,16.600000381469727,PS_037,,,
,,2024-12-07T18:30:00Z,0,0,0,0,0,0,1,0,0,0,,,,,,,,,,,,,,16.600000381469727,PS_037,,,
,,2024-12-07T18:45:00Z,0,0,0,0,0,0,1,0,0,0,,,,,,,,,,,,,,16.600000381469727,PS_037,,,
,,2024-12-07T19:00:00Z,0,0,0,0,0,0,1,0,0,0,,,,,,,,,,,,,,16.600000381469727,PS_037,,,
,,2024-12-07T19:15:00Z,0,0,0,0,0,0,1,0,0,0,,,,,,,,,,,,,,16.600000381469727,PS_037,,,
,,2024-12-07T19:30:00Z,0,0,0,0,0,0,1,0,0,0,,,,,,,,,,,,,,16.600000381469727,PS_037,,,
,,2024-12-07T19:45:00Z,0,0,0,0,0,0,1,0,0,0,,,,,,,,,,,,,,16.600000381469727,PS_037,,,
,,2024-12-07T20:00:00Z,0,0,0,0,0,0,1,0,0,0,,,,,,,,,,,,,,16.600000381469727,PS_037,,,
,,2024-12-07T20:15:00Z,0,0,0,0,0,0,1,0,0,0,,,,,,,,,,,,,,16.600000381469727,PS_037,,,
,,2024-12-07T20:30:00Z,0,0,0,0,0,0,1,0,0,0,,,,,,,,,,,,,,16.600000381469727,PS_037,,,
,,2024-12-07T20:45:00Z,0,0,0,0,0,0,1,0,0,0,,,,,,,,,,,,,,16.600000381469727,PS_037,,,
,,2024-12-07T21:00:00Z,0,0,0,0,0,0,1,0,0,0,,,,,,,,,,,,,,16.600000381469727,PS_037,,,
,,2024-12-07T21:15:00Z,0,0,0,0,0,0,1,0,0,0,,,,,,,,,,,,,,16.600000381469727,PS_037,,,
,,2024-12-07T21:30:00Z,0,0,0,0,0,0,1,0,0,0,,,,,,,,,,,,,,16.600000381469727,PS_037,,,
,,2024-12-07T21:45:00Z,0,0,0,0,0,0,1,0,0,0,,,,,,,,,,,,,,16.600000381469727,PS_037,,,
,,2024-12-07T22:00:00Z,0,0,0,0,0,0,1,0,0,0,,,,,,,,,,,,,,16.600000381469727,PS_037,,,
,,2024-12-07T22:15:00Z,0,0,0,0,0,0,1,0,0,0,,,,,,,,,,,,,,16.600000381469727,PS_037,,,
,,2024-12-07T22:30:00Z,0,0,0,0,0,0,1,0,0,0,,,,,,,,,,,,,,16.600000381469727,PS_037,,,
,,2024-12-07T22:45:00Z,0,0,0,0,0,0,1,0,0,0,,,,,,,,,,,,,,16.600000381469727,PS_037,,,
,,2024-12-07T23:00:00Z,0,0,0,0,0,0,1,0,0,0,,,,,,,,,,,,,,16.600000381469727,PS_037,,,
,,2024-12-07T23:15:00Z,0,0,0,0,0,0,1,0,0,0,,,,,,,,,,,,,,16.600000381469727,PS_037,,,
,,2024-12-07T23:30:00Z,0,0,0,0,0,0,1,0,0,0,,,,,,,,,,,,,,16.600000381469727,PS_037,,,
,,2024-12-07T23:45:00Z,0,0,0,0,0,0,1,0,0,0,,,,,,,,,,,,,,16.600000381469727,PS_037,,,
,,2024-12-08T00:00:00Z,0,0,0,0,0,0,1,0,0,0,,,,,,,,,,,,,,16.600000381469727,PS_037,,,
,,2024-12-08T00:15:00Z,0,0,0,0,0,0,1,0,0,0,,,,,,,,,,,,,,16.600000381469727,PS_037,,,
,,2024-12-08T00:30:00Z,0,0,0,0,0,0,1,0,0,0,,,,,,,,,,,,,,16.600000381469727,PS_037,,,
,,2024-12-08T00:45:00Z,0,0,0,0,0,0,1,0,0,0,,,,,,,,,,,,,,16.600000381469727,PS_037,,,
,,2024-12-08T01:00:00Z,0,0,0,0,0,0,1,0,0,0,,,,,,,,,,,,,,16.600000381469727,PS_037,,,
,,2024-12-08T01:15:00Z,0,0,0,0,0,0,1,0,0,0,,,,,,,,,,,,,,16.600000381469727,PS_037,,,
,,2024-12-08T01:30:00Z,0,0,0,0,0,0,1,0,0,0,,,,,,,,,,,,,,16.600000381469727,PS_037,,,
,,2024-12-08T01:45:00Z,0,0,0,0,0,0,1,0,0,0,,,,,,,,,,,,,,16.600000381469727,PS_037,,,
,,2024-12-08T02:00:00Z,0,0,0,0,0,0,1,0,0,0,,,,,,,,,,,,,,16.600000381469727,PS_037,,,
,,2024-12-08T02:15:00Z,0,0,0,0,0,0,1,0,0,0,,,,,,,,,,,,,,16.600000381469727,PS_037,,,
,,2024-12-08T02:30:00Z,0,0,0,0,0,0,1,0,0,0,,,,,,,,,,,,,,16.600000381469727,PS_037,,,
,,2024-12-08T02:45:00Z,0,0,0,0,0,0,1,0,0,0,,,,,,,,,,,,,,16.600000381469727,PS_037,,,
,,2024-12-08T03:00:00Z,0,0,0,0,0,0,1,0,0,0,,,,,,,,,,,,,,16.600000381469727,PS_037,,,
,,2024-12-08T03:15:00Z,0,0,0,0,0,0,1,0,0,0,,,,,,,,,,,,,,16.600000381469727,PS_037,,,
,,2024-12-08T03:30:00Z,0,0,0,0,0,0,1,0,0,0,,,,,,,,,,,,,,16.600000381469727,PS_037,,,
,,2024-12-08T03:45:00Z,0,0,0,0,0,0,1,0,0,0,,,,,,,,,,,,,,16.600000381469727,PS_037,,,
,,2024-12-08T04:00:00Z,0,0,0,0,0,0,1,0,0,0,,,,,,,,,,,,,,16.600000381469727,PS_037,,,
,,2024-12-08T04:15:00Z,0,0,0,0,0,0,1,0,0,0,,,,,,,,,,,,,,16.600000381469727,PS_037,,,
,,2024-12-08T04:30:00Z,0,0,0,0,0,0,1,0,0,0,,,,,,,,,,,,,,16.600000381469727,PS_037,,,
,,2024-12-08T04:45:00Z,0,0,0,0,0,0,1,0,0,0,,,,,,,,,,,,,,16.600000381469727,PS_037,,,
,,2024-12-08T05:00:00Z,0,0,0,0,0,0,1,0,0,0,,,,,,,,,,,,,,16.600000381469727,PS_037,,,
,,2024-12-08T05:15:00Z,0,0,0,0,0,0,1,0,0,0,,,,,,,,,,,,,,16.600000381469727,PS_037,,,
,,2024-12-08T05:30:00Z,0,0,0,0,0,0,1,0,0,0,,,,,,,,,,,,,,16.600000381469727,PS_037,,,
,,2024-12-08T05:45:00Z,0,0,0,0,0,0,1,0,0,0,,,,,,,,,,,,,,16.600000381469727,PS_037,,,
,,2024-12-08T06:00:00Z,0,0,0,0,0,0,1,0,0,0,,,,,,,,,,,,,,16.600000381469727,PS_037,,,
,,2024-12-08T06:15:00Z,0,0,0,0,0,0,1,0,0,0,,,,,,,,,,,,,,16.600000381469727,PS_037,,,
,,2024-12-08T06:30:00Z,0,0,0,0,0,0,1,0,0,0,,,,,,,,,,,,,,16.600000381469727,PS_037,,,
,,2024-12-08T06:45:00Z,0,0,0,0,0,0,1,0,0,0,,,,,,,,,,,,,,16.600000381469727,PS_037,,,
,,2024-12-08T07:00:00Z,0,0,0,0,0,0,1,0,0,0,,,,,,,,,,,,,,16.600000381469727,PS_037,,,
,,2024-12-08T07:15:00Z,0,0,0,0,0,0,1,0,0,0,,,,,,,,,,,,,,16.600000381469727,PS_037,,,
,,2024-12-08T07:30:00Z,0,0,0,0,0,0,1,0,0,0,,,,,,,,,,,,,,16.600000381469727,PS_037,,,
,,2024-12-08T07:45:00Z,0,0,0,0,0,0,1,0,0,0,,,,,,,,,,,,,,16.600000381469727,PS_037,,,
,,2024-12-08T08:00:00Z,0,0,0,0,0,0,1,0,0,0,,,,,,,,,,,,,,16.600000381469727,PS_037,,,
,,2024-12-08T08:15:00Z,0,0,0,0,0,0,1,0,0,0,,,,,,,,,,,,,,16.600000381469727,PS_037,,,
,,2024-12-08T08:30:00Z,0,0,0,0,0,0,1,0,0,0,,,,,,,,,,,,,,16.600000381469727,PS_037,,,
,,2024-12-08T08:45:00Z,0,0,0,0,0,0,1,0,0,0,,,,,,,,,,,,,,16.600000381469727,PS_037,,,
,,2024-12-08T09:00:00Z,0,0,0,0,0,0,1,0,0,0,,,,,,,,,,,,,,16.600000381469727,PS_037,,,
,,2024-12-08T09:15:00Z,0,0,0,0,0,0,1,0,0,0,,,,,,,,,,,,,,16.600000381469727,PS_037,,,
,,2024-12-08T09:30:00Z,0,0,0,0,0,0,1,0,0,0,,,,,,,,,,,,,,16.600000381469727,PS_037,,,
,,2024-12-08T09:45:00Z,0,0,0,0,0,0,1,0,0,0,,,,,,,,,,,,,,16.600000381469727,PS_037,,,
,,2024-12-08T10:00:00Z,0,0,0,0,0,0,1,0,0,0,,,,,,,,,,,,,,16.600000381469727,PS_037,,,
,,2024-12-08T10:15:00Z,0,0,0,0,0,0,1,0,0,0,,,,,,,,,,,,,,16.600000381469727,PS_037,,,
,,2024-12-08T10:30:00Z,0,0,0,0,0,0,1,0,0,0,,,,,,,,,,,,,,16.600000381469727,PS_037,,,
,,2024-12-08T10:45:00Z,0,0,0,0,0,0,1,0,0,0,,,,,,,,,,,,,,16.600000381469727,PS_037,,,
,,2024-12-08T11:00:00Z,0,0,0,0,0,0,1,0,0,0,,,,,,,,,,,,,,16.600000381469727,PS_037,,,
,,2024-12-08T11:15:00Z,0,0,0,0,0,0,1,0,0,0,,,,,,,,,,,,,,16.600000381469727,PS_037,,,
,,2024-12-08T11:30:00Z,0,0,0,0,0,0,1,0,0,0,,,,,,,,,,,,,,16.600000381469727,PS_037,,,
,,2024-12-08T11:45:00Z,0,0,0,0,0,0,1,0,0,0,,,,,,,,,,,,,,16.600000381469727,PS_037,,,
,,2024-12-08T12:00:00Z,0,0,0,0,0,0,1,0,0,0,,,,,,,,,,,,,,16.600000381469727,PS_037,,,
,,2024-12-08T12:15:00Z,0,0,0,0,0,0,1,0,0,0,,,,,,,,,,,,,,16.600000381469727,PS_037,,,
,,2024-12-08T12:30:00Z,0,0,0,0,0,0,1,0,0,0,,,,,,,,,,,,,,16.600000381469727,PS_037,,,
,,2024-12-08T12:45:00Z,0,0,0,0,0,0,1,0,0,0,,,,,,,,,,,,,,16.600000381469727,PS_037,,,
,,2024-12-08T13:00:00Z,0,0,0,0,0,0,1,0,0,0,,,,,,,,,,,,,,16.600000381469727,PS_037,,,
,,2024-12-08T13:15:00Z,0,0,0,0,0,0,1,0,0,0,,,,,,,,,,,,,,16.600000381469727,PS_037,,,
,,2024-12-08T13:30:00Z,0,0,0,0,0,0,1,0,0,0,,,,,,,,,,,,,,16.600000381469727,PS_037,,,
,,2024-12-08T13:45:00Z,0,0,0,0,0,0,1,0,0,0,,,,,,,,,,,,,,16.600000381469727,PS_037,,,
,,2024-12-08T14:00:00Z,0,0,0,0,0,0,1,0,0,0,,,,,,,,,,,,,,16.600000381469727,PS_037,,,
,,2024-12-08T14:15:00Z,0,0,0,0,0,0,1,0,0,0,,,,,,,,,,,,,,16.600000381469727,PS_037,,,
,,2024-12-08T14:30:00Z,0,0,0,0,0,0,1,0,0,0,,,,,,,,,,,,,,16.600000381469727,PS_037,,,
,,2024-12-08T14:45:00Z,0,0,0,0,0,0,1,0,0,0,,,,,,,,,,,,,,16.600000381469727,PS_037,,,
,,2024-12-08T15:00:00Z,0,0,0,0,0,0,1,0,0,0,,,,,,,,,,,,,,16.600000381469727,PS_037,,,
,,2024-12-08T15:15:00Z,0,0,0,0,0,0,1,0,0,0,,,,,,,,,,,,,,16.600000381469727,PS_037,,,
,,2024-12-08T15:30:00Z,0,0,0,0,0,0,1,0,0,0,,,,,,,,,,,,,,16.600000381469727,PS_037,,,
,,2024-12-08T15:45:00Z,0,0,0,0,0,0,1,0,0,0,,,,,,,,,,,,,,16.600000381469727,PS_037,,,
,,2024-12-08T16:00:00Z,0,0,0,0,0,0,1,0,0,0,,,,,,,,,,,,,,16.600000381469727,PS_037,,,
,,2024-12-08T16:15:00Z,0,0,0,0,0,0,1,0,0,0,,,,,,,,,,,,,,16.600000381469727,PS_037,,,
,,2024-12-08T16:30:00Z,0,0,0,0,0,0,1,0,0,0,,,,,,,,,,,,,,16.600000381469727,PS_037,,,
,,2024-12-08T16:45:00Z,0,0,0,0,0,0,1,0,0,0,,,,,,,,,,,,,,16.600000381469727,PS_037,,,
,,2024-12-08T17:00:00Z,0,0,0,0,0,0,1,0,0,0,,,,,,,,,,,,,,16.600000381469727,PS_037,,,
,,2024-12-08T17:15:00Z,0,0,0,0,0,0,1,0,0,0,,,,,,,,,,,,,,16.600000381469727,PS_037,,,
,,2024-12-08T17:30:00Z,0,0,0,0,0,0,1,0,0,0,,,,,,,,,,,,,,16.600000381469727,PS_037,,,
32.900001525878906,12.707357406616211,2024-12-08T17:45:00Z,1,1,1,1,1,1,1,1,1,1,323.5799865722656,262.6000061035156,,,,,,,,,,41.5,60.970001220703125,16.600000381469727,PS_037,426.8380126953125,191.36399841308594,0.3160000145435333
31.368212705566172,12.707357406616211,2024-12-08T18:00:00Z,3,3,3,3,3,3,1,3,3,3,289.4383112773993,230.47800594587994,,,,,,,,,,38.56685013852219,58.85777181483746,16.600000381469727,PS_037,388.7234688407839,178.45637708046493,1.8155113214758791
30.964227710957886,12.704116962065548,2024-12-08T18:15:00Z,4,4,4,4,4,4,1,4,4,4,237.4124197199707,186.43186649283965,,,,,,,,,,36.0991712290224,54.907549085117715,16.600000381469727,PS_037,339.9488945634369,230.31093519428146,1.7755531855426527
29.913419174205192,12.698059471550327,2024-12-08T18:30:00Z,3,3,3,3,3,3,1,3,3,3,212.44716762890548,183.64445628114387,,,,,,,,,,34.42692869316847,50.762041033758464,16.600000381469727,PS_037,363.6334990661933,208.63180136253843,1.4325495481890607
29.5654631118654,12.691986083984375,2024-12-08T18:45:00Z,4,4,4,4,4,4,1,4,4,4,177.18276605309345,140.26028510915643,,,,,,,,,,33.8493885170282,46.093237528814576,16.600000381469727,PS_037,304.4746069003449,254.76778478467526,1.0018130813154122
28.76554012262667,12.687307357788086,2024-12-08T19:00:00Z,3,3,3,3,3,3,1,3,3,3,164.28578449939357,125.6380810731828,,,,,,,,,,32.263896503167075,42.78455882042812,16.600000381469727,PS_037,293.7089411578364,147.00868402732348,2.1503268714312997
28.521947309921206,12.681960105895996,2024-12-08T19:15:00Z,3,3,3,3,3,3,1,3,3,3,156.67746869263897,119.97165148194927,,,,,,,,,,31.43546338144488,39.9003725887986,16.600000381469727,PS_037,300.74704988921525,219.15808214223944,1.7916759016762787
27.87756997695118,12.675457355991613,2024-12-08T19:30:00Z,4,4,4,4,4,4,1,4,4,4,151.79703298610474,128.42670129913833,,,,,,,,,,30.406471140737168,33.54713370085875,16.600000381469727,PS_037,388.391465802723,231.66983934423183,2.7659821114570673
27.408088492007288,12.666589736938475,2024-12-08T19:45:00Z,3,3,3,3,3,3,1,3,3,3,141.60864253922253,133.30506307079102,,,,,,,,,,29.95243501650373,25.223221700264368,16.600000381469727,PS_037,530.2459197336018,251.95277234371753,2.2551525771267835
26.574539218268253,12.662054049920439,2024-12-08T20:00:00Z,4,4,4,4,4,4,1,4,4,4,119.63963042664173,113.75596368252401,,,,,,,,,,29.06712925121322,17.608688058003587,16.600000381469727,PS_037,646.1999947557899,224.56705156943238,2.3689379058030173
25.66329259800657,12.655671537672415,2024-12-08T20:15:00Z,3,3,3,3,3,3,1,3,3,3,97.62073146093083,93.73109631500586,,,,,,,,,,27.09320755104859,12.861158041449112,16.600000381469727,PS_037,728.1573137510613,209.32808174580856,2.850502173735509
25.135814400452432,12.649738397846978,2024-12-08T20:30:00Z,3,3,3,3,3,3,1,3,3,3,80.30765388626725,78.65482020444114,,,,,,,,,,25.898400992937802,9.48709762387953,16.600000381469727,PS_037,830.5961588647642,239.69126097641737,3.0282416217156958
24.507259605500565,12.641213797804289,2024-12-08T20:45:00Z,4,4,4,4,4,4,1,4,4,4,59.60128854173762,58.56832278410161,,,,,,,,,,24.87016295852238,6.47058166958545,16.600000381469727,PS_037,901.4577235732465,234.53955359579766,2.757837288912073
24.299999237060543,12.63490143492425,2024-12-08T21:00:00Z,3,3,3,3,3,3,1,3,3,3,32.43592547688791,31.530717796801273,,,,,,,,,,23.778114518046664,3.2154759630902032,16.600000381469727,PS_037,979.3646201150685,232.81491425772987,2.0425643893816403
23.956166829197418,12.625954665775675,2024-12-08T21:15:00Z,4,4,4,4,4,4,1,4,4,4,4.481574977980154,4.22014337402036,,,,,,,,,,23.286172545600547,-0.11493507396713609,16.600000381469727,PS_037,-3389.2809208163817,225.45854878987683,2.319199551234361
23.667179080953513,12.620525513491915,2024-12-08T21:30:00Z,3,3,3,3,3,3,1,3,3,3,-0.04647282528997959,-0.08310899882540679,,,,,,,,,,23.032821681985936,-0.4312246603834083,16.600000381469727,PS_037,15.406181593059927,221.28015708381096,3.285764243437787
23.536086020893407,12.613554949158656,2024-12-08T21:45:00Z,3,3,3,3,3,3,1,3,3,3,-0.5530903304958578,-0.5519536490500604,,,,,,,,,,22.911770923629017,-0.44611748429910014,16.600000381469727,PS_037,132.84316518805352,230.41850605711488,3.378144495036562
23.500000000000004,12.605686871174237,2024-12-08T22:00:00Z,4,4,4,4,4,4,1,4,4,4,-0.5266434366763947,-0.5151473167137194,,,,,,,,,,22.700000762939453,-0.4134483998329779,16.600000381469727,PS_037,134.64458110504842,200.61545000473686,2.163221483924701
23.307406082882412,12.599581669788206,2024-12-08T22:15:00Z,3,3,3,3,3,3,1,3,3,3,-0.556542412428213,-0.6573406682545074,,,,,,,,,,22.399999618530273,-0.4644666293284781,16.600000381469727,PS_037,138.6431079424281,215.1649186453632,1.3565115374354
23.24375183962639,12.593706255197036,2024-12-08T22:30:00Z,4,4,4,4,4,4,1,4,4,4,-0.5630036855194805,-0.599579969769203,,,,,,,,,,22.501807408934944,-0.43149338541936655,16.600000381469727,PS_037,128.49731488585687,228.51741674644,1.9148830862985664
23.153903585301975,12.584383964538572,2024-12-08T22:45:00Z,3,3,3,3,3,3,1,3,3,3,-0.6164125300007844,-0.5996753097034804,,,,,,,,,,22.399999618530273,-0.46180282876828105,16.600000381469727,PS_037,134.61668562999452,218.13388266261933,2.233016645426112
22.899999618530277,12.578424820052955,2024-12-08T23:00:00Z,4,4,4,4,4,4,1,4,4,4,-0.6086702834378097,-0.612008440500588,,,,,,,,,,22.23141468380004,-0.4699804206283572,16.600000381469727,PS_037,129.2871369942608,235.33157694158848,1.4643859886867587
22.899999618530273,12.573407743684745,2024-12-08T23:15:00Z,3,3,3,3,3,3,1,3,3,3,-0.4697742410853368,-0.4855961105429567,,,,,,,,,,22.14658152448973,-0.3555664851639436,16.600000381469727,PS_037,155.16133792415738,203.47333885413886,1.7686483135088757
22.899999618530277,12.564581789312891,2024-12-08T23:30:00Z,3,3,3,3,3,3,1,3,3,3,-0.5195962181886099,-0.5039851755129344,,,,,,,,,,22.200000762939457,-0.37569670582071063,16.600000381469727,PS_037,175.65113359226484,228.52946862869078,1.1605642246029253
22.869254949693588,12.561161705456046,2024-12-08T23:45:00Z,4,4,4,4,4,4,1,4,4,4,-0.5041289307946654,-0.5122651889019243,,,,,,,,,,22.059481043395675,-0.34399951208344504,16.600000381469727,PS_037,148.06857980181903,254.1019277578534,0.9477180057415853
22.872026311707597,12.55431012017506,2024-12-09T00:00:00Z,3,3,3,3,3,3,1,3,3,3,-1.3096952499298915,-1.5383833040490515,,,,,,,,,,21.85803952490837,-0.44840442127982616,16.600000381469727,PS_037,347.6280274869844,242.37780998153747,0.21374229885542184
22.700000762939453,12.546760585859223,2024-12-09T00:15:00Z,4,4,4,4,4,4,1,4,4,4,-1.2265115481356759,-1.5556189985822777,,,,,,,,,,21.21163835122263,-0.5496262323258913,16.600000381469727,PS_037,263.17375858610313,239.58396740470184,0.4518958198963604
22.70000076293945,12.54294681549072,2024-12-09T00:30:00Z,3,3,3,3,3,3,1,3,3,3,-0.02506786563770232,-0.21881150874640137,,,,,,,,,,21.182192376967514,-0.26082330070132714,16.600000381469727,PS_037,68.36334377494973,247.55556273167127,0.24084316464848043
22.700000762939453,12.536916359811073,2024-12-09T00:45:00Z,3,3,3,3,3,3,1,3,3,3,-0.36698914079942135,-0.3760543808400639,,,,,,,,,,21.299999237060547,-0.33307170656920015,16.600000381469727,PS_037,107.47393505037392,227.20726735581786,0.5297489756577833
22.700000762939457,12.529109241412097,2024-12-09T01:00:00Z,4,4,4,4,4,4,1,4,4,4,-0.5935864149886374,-0.5588196287145846,,,,,,,,,,21.210785067282757,-0.4837018333739074,16.600000381469727,PS_037,128.30808240782753,263.678245284172,0.20000000298023224
22.447576610399736,12.522897720336914,2024-12-09T01:15:00Z,3,3,3,3,3,3,1,3,3,3,-0.4019353271598361,-0.4251400228960155,,,,,,,,,,21.299999237060547,-0.3382492279878306,16.600000381469727,PS_037,129.5938789378059,263.73069698918687,0.20000000298023224
22.70000076293945,12.516637786510874,2024-12-09T01:30:00Z,3,3,3,3,3,3,1,3,3,3,-0.6007170332674783,-0.5535798786578081,,,,,,,,,,21.481029974836613,-0.25677560932949156,16.600000381469727,PS_037,202.94043563958246,241.5172365256413,0.4239781454526084
22.700000762939453,12.51253745674231,2024-12-09T01:45:00Z,3,3,3,3,3,3,1,3,3,3,-0.4120489175912475,-0.44248165818016555,,,,,,,,,,21.35002037895815,-0.31833915377764094,16.600000381469727,PS_037,139.56578118411574,246.72594235019764,0.5749631627818956
22.700000762939453,12.507526397705076,2024-12-09T02:00:00Z,3,3,3,3,3,3,1,3,3,3,-0.37778121817264515,-0.5139523385387255,,,,,,,,,,21.54501229385084,-0.39391197745540424,16.600000381469727,PS_037,129.11903655263905,250.89764664236193,0.6395158270494489
22.531471526334222,12.50133793219466,2024-12-09T02:15:00Z,4,4,4,4,4,4,1,4,4,4,-0.4899345267404984,-0.4291332799334733,,,,,,,,,,21.56111653338821,-0.33011716016170717,16.600000381469727,PS_037,135.02973259649696,235.9239695054568,0.3077187555514024
22.446870288091656,12.49232182811491,2024-12-09T02:30:00Z,3,3,3,3,3,3,1,3,3,3,-0.4846352541692361,-0.5235361910184095,,,,,,,,,,21.399999618530273,-0.3979916112440313,16.600000381469727,PS_037,169.60037227442967,247.3106622477639,0.2682267193606656
22.55158545932501,12.489181544268328,2024-12-09T02:45:00Z,4,4,4,4,4,4,1,4,4,4,-0.37436176389051695,-0.31238732088266874,,,,,,,,,,21.55530249558632,-0.22004934730059708,16.600000381469727,PS_037,124.66917640175082,233.0716036055496,0.7562300074625248
22.700000762939453,12.481460571289062,2024-12-09T03:00:00Z,1,1,1,1,1,1,1,1,1,1,-0.479999989271164,-0.4399999976158142,,,,,,,,,,21.600000381469723,-0.3100000023841858,16.600000381469727,PS_037,136.36363220214844,242.49600219726562,0.44999998807907104
,,2024-12-09T03:15:00Z,0,0,0,0,0,0,1,0,0,0,,,,,,,,,,,,,,16.600000381469727,PS_037,,,
,,2024-12-09T03:30:00Z,0,0,0,0,0,0,1,0,0,0,,,,,,,,,,,,,,16.600000381469727,PS_037,,,
,,2024-12-09T03:45:00Z,0,0,0,0,0,0,1,0,0,0,,,,,,,,,,,,,,16.600000381469727,PS_037,,,
,,2024-12-09T04:00:00Z,0,0,0,0,0,0,1,0,0,0,,,,,,,,,,,,,,16.600000381469727,PS_037,,,
,,2024-12-09T04:15:00Z,0,0,0,0,0,0,1,0,0,0,,,,,,,,,,,,,,16.600000381469727,PS_037,,,
,,2024-12-09T04:30:00Z,0,0,0,0,0,0,1,0,0,0,,,,,,,,,,,,,,16.600000381469727,PS_037,,,
,,2024-12-09T04:45:00Z,0,0,0,0,0,0,1,0,0,0,,,,,,,,,,,,,,16.600000381469727,PS_037,,,
,,2024-12-09T05:00:00Z,0,0,0,0,0,0,1,0,0,0,,,,,,,,,,,,,,16.600000381469727,PS_037,,,
,,2024-12-09T05:15:00Z,0,0,0,0,0,0,1,0,0,0,,,,,,,,,,,,,,16.600000381469727,PS_037,,,
,,2024-12-09T05:30:00Z,0,0,0,0,0,0,1,0,0,0,,,,,,,,,,,,,,16.600000381469727,PS_037,,,
,,2024-12-09T05:45:00Z,0,0,0,0,0,0,1,0,0,0,,,,,,,,,,,,,,16.600000381469727,PS_037,,,
,,2024-12-09T06:00:00Z,0,0,0,0,0,0,1,0,0,0,,,,,,,,,,,,,,16.600000381469727,PS_037,,,
,,2024-12-09T06:15:00Z,0,0,0,0,0,0,1,0,0,0,,,,,,,,,,,,,,16.600000381469727,PS_037,,,
,,2024-12-09T06:30:00Z,0,0,0,0,0,0,1,0,0,0,,,,,,,,,,,,,,16.600000381469727,PS_037,,,
,,2024-12-09T06:45:00Z,0,0,0,0,0,0,1,0,0,0,,,,,,,,,,,,,,16.600000381469727,PS_037,,,
,,2024-12-09T07:00:00Z,0,0,0,0,0,0,1,0,0,0,,,,,,,,,,,,,,16.600000381469727,PS_037,,,
,,2024-12-09T07:15:00Z,0,0,0,0,0,0,1,0,0,0,,,,,,,,,,,,,,16.600000381469727,PS_037,,,
,,2024-12-09T07:30:00Z,0,0,0,0,0,0,1,0,0,0,,,,,,,,,,,,,,16.600000381469727,PS_037,,,
,,2024-12-09T07:45:00Z,0,0,0,0,0,0,1,0,0,0,,,,,,,,,,,,,,16.600000381469727,PS_037,,,
,,2024-12-09T08:00:00Z,0,0,0,0,0,0,1,0,0,0,,,,,,,,,,,,,,16.600000381469727,PS_037,,,
,,2024-12-09T08:15:00Z,0,0,0,0,0,0,1,0,0,0,,,,,,,,,,,,,,16.600000381469727,PS_037,,,
,,2024-12-09T08:30:00Z,0,0,0,0,0,0,1,0,0,0,,,,,,,,,,,,,,16.600000381469727,PS_037,,,
,,2024-12-09T08:45:00Z,0,0,0,0,0,0,1,0,0,0,,,,,,,,,,,,,,16.600000381469727,PS_037,,,
21.93453834748983,12.353140830993652,2024-12-09T09:00:00Z,2,2,2,2,2,2,1,2,2,2,76.57090504173411,78.04335292138718,,,,,,,,,,21.15180814552333,9.730523455905358,16.600000381469727,PS_037,803.5806775188847,105.7616287860345,2.6532259821345145
22.24771175796943,12.34497021234654,2024-12-09T09:15:00Z,4,4,4,4,4,4,1,4,4,4,134.37197589366383,165.17273726848055,,,,,,,,,,22.206020067889547,15.12499803775812,16.600000381469727,PS_037,1031.172187369976,109.28817513733672,2.0909995613139762
23.77842126313893,12.341606751888666,2024-12-09T09:30:00Z,3,3,3,3,3,3,1,3,3,3,303.2651368824648,478.2691513490103,,,,,,,,,,29.400236318514416,31.417173990545322,16.600000381469727,PS_037,1523.868985243473,34.393050035546736,2.1837738911632014
24.0,12.340485313829264,2024-12-09T09:45:00Z,3,3,3,3,3,3,1,3,3,3,321.9984589127822,541.560897832864,,,,,,,,,,35.808484696988906,35.64436394395903,16.600000381469727,PS_037,1513.2551699167998,74.39827493974904,2.456088450091051
24.381642823671616,12.336927254352789,2024-12-09T10:00:00Z,4,4,4,4,4,4,1,4,4,4,312.5722689951729,542.6989879183558,,,,,,,,,,38.60601172910236,36.73537454861546,16.600000381469727,PS_037,1459.809890781945,56.42999360516412,2.393291940610866
24.80962111167679,12.332422256469727,2024-12-09T10:15:00Z,3,3,3,3,3,3,1,3,3,3,417.86374518427226,741.5158911848694,,,,,,,,,,40.6261017979778,55.125042057034456,16.600000381469727,PS_037,1350.8770699074657,98.60265846176164,2.769768593998332
25.41406418499197,12.32783787830761,2024-12-09T10:30:00Z,4,4,4,4,4,4,1,4,4,4,508.1680472934912,829.892937135997,,,,,,,,,,44.611166181509226,68.75974772398091,16.600000381469727,PS_037,1212.9342809787202,75.9953121203798,3.0009004368428585
25.89999961853027,12.327075958251953,2024-12-09T10:45:00Z,3,3,3,3,3,3,1,3,3,3,628.95104950308,933.7229585418876,,,,,,,,,,48.77047302880513,87.7275159111955,16.600000381469727,PS_037,1061.166172107814,60.054553353837164,3.3312503586271904
25.981985523353252,12.324799273884144,2024-12-09T11:00:00Z,4,4,4,4,4,4,1,4,4,4,534.3220279985815,592.0912232730764,,,,,,,,,,44.88315922833128,91.88381459170016,16.600000381469727,PS_037,607.8633181112366,86.22267201230707,2.873198798295043
26.99541156747736,12.322397232055664,2024-12-09T11:15:00Z,3,3,3,3,3,3,1,3,3,3,349.37599903406453,393.3398034235111,,,,,,,,,,48.71643940067045,53.38784596079318,16.600000381469727,PS_037,670.6170756396192,80.3871309030888,2.8775668041552716
26.262214985293255,12.318620485152426,2024-12-09T11:30:00Z,4,4,4,4,4,4,1,4,4,4,310.1607470112666,295.57569759969135,,,,,,,,,,37.74170528243079,52.016856211603674,16.600000381469727,PS_037,566.0545007023925,45.27267354033361,2.2194546489800766
26.51586487419737,12.317050933837889,2024-12-09T11:45:00Z,3,3,3,3,3,3,1,3,3,3,390.3616293498617,395.91313553533666,,,,,,,,,,38.00998984850208,56.781414117078306,16.600000381469727,PS_037,702.1693549983934,73.93037546711352,1.7189127771944963
27.260627441643244,12.311117951259467,2024-12-09T12:00:00Z,4,4,4,4,4,4,1,4,4,4,453.18067484544395,487.06327053244553,,,,,,,,,,40.24908096174361,56.02225848744058,16.600000381469727,PS_037,859.4686954916799,120.93999382633459,2.6674131800114402
27.703672293748337,12.307024955749512,2024-12-09T12:15:00Z,2,2,2,2,2,2,1,2,2,2,719.7376615160526,846.1102253317733,,,,,,,,,,44.10461801845572,68.2997449114355,16.600000381469727,PS_037,1231.7745248172573,47.19170612420594,2.4530437795207782
,,2024-12-09T12:30:00Z,0,0,0,0,0,0,1,0,0,0,,,,,,,,,,,,,,16.600000381469727,PS_037,,,
,,2024-12-09T12:45:00Z,0,0,0,0,0,0,1,0,0,0,,,,,,,,,,,,,,16.600000381469727,PS_037,,,
,,2024-12-09T13:00:00Z,0,0,0,0,0,0,1,0,0,0,,,,,,,,,,,,,,16.600000381469727,PS_037,,,
,,2024-12-09T13:15:00Z,0,0,0,0,0,0,1,0,0,0,,,,,,,,,,,,,,16.600000381469727,PS_037,,,
30.016562449420398,12.293036737588103,2024-12-09T13:30:00Z,9,9,9,9,9,9,1,9,9,9,1139.6891843804024,990.7637437405638,,,,,,,,,,65.3805983610971,283.11336859913825,16.600000381469727,PS_037,1459.3450765715888,104.99962860998812,2.874673551825673
30.832280676975472,12.291249771255263,2024-12-09T13:45:00Z,13,13,13,13,13,13,1,13,13,13,1094.8048828067797,83.61199924355194,,,,,,,,,,63.42113657749078,1115.2851224660808,16.600000381469727,PS_037,1331.5577632525649,61.61254163524112,2.9904286350984566
30.71854130221988,12.287363376393092,2024-12-09T14:00:00Z,14,14,14,14,14,14,1,14,14,14,1039.9782755863139,76.88121166516211,,,,,,,,,,59.79472805602695,1049.2734632843153,16.600000381469727,PS_037,1365.2359823232348,84.18919411303497,2.492206607199326
31.78655932305789,12.285262202178357,2024-12-09T14:15:00Z,13,13,13,13,13,13,1,13,13,13,1152.2902822846845,88.48877784339432,,,,,,,,,,65.09621574011888,1166.5168697167558,16.600000381469727,PS_037,1311.5477643620166,59.276145048700165,2.1060117028704086
31.50390222849366,12.280851110165834,2024-12-09T14:30:00Z,14,14,14,14,14,14,1,14,14,14,880.1559478764681,68.4393945369303,,,,,,,,,,56.87436401032339,884.479484705905,16.600000381469727,PS_037,1285.5995165865984,82.04222935165843,2.5819343620218835
32.20254487040956,12.27570517969691,2024-12-09T14:45:00Z,13,13,13,13,13,13,1,13,13,13,1137.5229430651839,86.54254814918087,,,,,,,,,,59.96822128638516,1147.579189645176,16.600000381469727,PS_037,1321.9141210204903,61.17179455982415,2.0862457410462403
32.38313338349417,12.274995076921384,2024-12-09T15:00:00Z,14,14,14,14,14,14,1,14,14,14,831.0566290565486,64.85467599637944,,,,,,,,,,58.29953711890998,836.0094649787584,16.600000381469727,PS_037,1247.2444088734405,39.70889943527717,3.1497416229680284
33.02396425851985,12.268929470221858,2024-12-09T15:15:00Z,14,14,14,14,14,14,1,14,14,14,1007.0384729481896,76.86404588650282,,,,,,,,,,56.9679440048684,1028.37095900147,16.600000381469727,PS_037,1336.4268306586405,170.99502953921615,1.9320680559371932
33.050283476107,12.264407994671323,2024-12-09T15:30:00Z,13,13,13,13,13,13,1,13,13,13,673.3226114343063,54.19321962366898,,,,,,,,,,55.5743821956126,689.1389685659772,16.600000381469727,PS_037,1266.8213802468433,83.54988201362329,1.5992338436835845
32.94889720099267,12.26003890009044,2024-12-09T15:45:00Z,14,14,14,14,14,14,1,14,14,14,530.5911565291857,47.955360831525276,,,,,,,,,,49.0636310373287,549.345017663232,16.600000381469727,PS_037,1140.4021607349025,146.86026235559984,1.055068331172563
34.03827217434627,12.25414156690631,2024-12-09T16:00:00Z,13,13,13,13,13,13,1,13,13,13,808.1861516821712,72.03926411286294,,,,,,,,,,53.65405176002765,831.6713626870913,16.600000381469727,PS_037,1151.6564121664005,179.6508906768862,1.4383688892221267
34.22894897524913,12.248546419835582,2024-12-09T16:15:00Z,14,14,14,14,14,14,1,14,14,14,518.9358110653317,53.12317125326477,,,,,,,,,,52.65588427731974,513.9739613391841,16.600000381469727,PS_037,956.9155274031905,264.2489381138781,0.6998513316901904
32.641353717856695,12.244910507598807,2024-12-09T16:30:00Z,14,14,14,14,14,14,1,14,14,14,408.3084626306831,45.92621016462751,,,,,,,,,,44.1820526095251,397.48889570994135,16.600000381469727,PS_037,864.205071366515,227.82018698704232,2.8412464505684514
32.25666385775643,12.240393974253415,2024-12-09T16:45:00Z,13,13,13,13,13,13,1,13,13,13,612.809990958133,66.40421996924202,,,,,,,,,,42.209594268310894,641.1171682885964,16.600000381469727,PS_037,963.4436320528628,227.17923767111824,2.2014090307194367
32.64047921780624,12.235355091317214,2024-12-09T17:00:00Z,14,14,14,14,14,14,1,14,14,14,735.9097062164329,79.6225317646266,,,,,,,,,,47.71508485920374,781.2227970878997,16.600000381469727,PS_037,979.8099792612937,196.32200023536018,2.5093789480974613
32.58380288458992,12.23087643674268,2024-12-09T17:15:00Z,13,13,13,13,13,13,1,13,13,13,722.4926434417338,80.00929736958349,,,,,,,,,,49.0375574909957,806.3270318305248,16.600000381469727,PS_037,1001.0220116053049,197.33507131905654,3.3778696050182044
31.453412331443577,12.22422060163648,2024-12-09T17:30:00Z,14,14,14,14,14,14,1,14,14,14,466.75567425147995,68.3552755234931,,,,,,,,,,45.5708633231179,463.14988834167065,16.600000381469727,PS_037,652.1596858526999,213.39550855675213,4.522111833396249
30.88129826711525,12.973005504028482,2024-12-09T17:45:00Z,13,13,13,13,13,13,1,13,13,13,737.7619431445431,82.34040366010355,,,,,,,,,,44.899378984882105,876.2309621931942,0.0,PS_037,1063.1296829823132,212.94223305038818,3.8278270125590024
30.405784931387636,13.24123803305787,2024-12-09T18:00:00Z,13,13,13,13,13,13,1,13,13,13,197.0569373016214,29.843365833867278,,,,,,,,,,43.659034526367165,173.2180020815887,0.0,PS_037,518.1498250594576,199.98194618054552,2.5238997237489516
27.41981279613502,13.327091403492137,2024-12-09T18:15:00Z,13,13,13,13,13,13,1,13,13,13,19.97667624194867,0.26506733790822595,,,,,,,,,,30.612739841134335,15.713738676701333,0.0,PS_037,563.1141154542446,83.0669570046691,3.3472444470966556
20.50070897299713,13.411471245408098,2024-12-09T18:30:00Z,13,13,13,13,13,13,1,13,13,13,11.578653684417825,-1.1671991652618974,,,,,,,,,,19.447920205903387,7.254338349950152,7.800000190734863,PS_037,-252.2018644746866,209.4106391703891,4.983855534833903
21.687244531100806,13.516590125638592,2024-12-09T18:45:00Z,13,13,13,13,13,13,1,13,13,13,26.5183434441684,2.6888272958332946,,,,,,,,,,19.112087630261616,23.028578481704333,23.80000114440918,PS_037,914.011695807324,222.48636452814273,5.337893829648181
21.320100429601627,13.602689994817922,2024-12-09T19:00:00Z,14,14,14,14,14,14,1,14,14,14,22.47310407049391,2.7308619478341627,,,,,,,,,,19.62200775743843,20.478654642714663,27.399999618530273,PS_037,783.993472049763,141.6787561644888,3.664936949582207
20.23550754663928,13.679475663039627,2024-12-09T19:15:00Z,13,13,13,13,13,13,1,13,13,13,15.21580715173168,1.3273565640030471,,,,,,,,,,19.409941524538667,15.257746772490089,28.399999618530273,PS_037,1158.4749228198475,311.0653273403621,1.6391027940494225
20.66889551530717,13.74194248318281,2024-12-09T19:30:00Z,13,13,13,13,13,13,1,13,13,13,6.817555288362741,0.8965518120596901,,,,,,,,,,19.537379610657414,7.0670233224372625,28.399999618530273,PS_037,776.1210240401723,218.89174561158336,1.411468738743128
20.833588656607006,13.791217698013547,2024-12-09T19:45:00Z,0,0,0,0,0,0,1,0,0,0,5.294552377726858,0.6368216492229432,true,true,true,true,true,true,true,true,true,19.78774777387538,5.3039606488253215,28.600000381469727,PS_037,894.1956412510057,255.33578664734088,0.9586489971495066
20.998281797906845,13.840492912844285,2024-12-09T20:00:00Z,10,10,10,10,10,10,1,10,10,10,3.7715494670909746,0.37709148638619616,,,,,,,,,,20.038115937093348,3.5408979752133805,30.0,PS_037,1012.270258461839,291.7798276830984,0.5058292555558852
21.148803690212954,13.875019184970041,2024-12-09T20:15:00Z,14,14,14,14,14,14,1,14,14,14,4.296937080360707,0.7407558930787476,,,,,,,,,,20.385994717630833,3.8582791108239496,30.600000381469727,PS_037,544.7145668124931,220.13665131956273,0.9420162779335992
21.332677206184247,13.906232573226255,2024-12-09T20:30:00Z,13,13,13,13,13,13,1,13,13,13,5.682238508866642,0.5543062191144286,,,,,,,,,,20.257716273373877,4.898100153014745,31.80000114440918,PS_037,947.0583803933985,242.20066837063462,1.265362527142037
21.209234394669977,13.932914799926023,2024-12-09T20:45:00Z,14,14,14,14,14,14,1,14,14,14,5.1636061739667065,0.5512451984503705,,,,,,,,,,19.899310898697976,4.437528111709076,32.0,PS_037,809.6991695013373,246.0525249359954,0.35844317129673636
21.233894729569034,13.958431094354017,2024-12-09T21:00:00Z,14,14,14,14,14,14,1,14,14,14,4.828762112923644,0.7604184068292111,,,,,,,,,,19.97412527848632,3.7541476041394404,32.0,PS_037,491.9774833389159,225.136460597712,1.4907649786421266
21.07602940463568,13.977998048159332,2024-12-09T21:15:00Z,13,13,13,13,13,13,1,13,13,13,6.155535403611163,0.7922965311637851,,,,,,,,,,19.855113810001008,5.31213901736052,32.0,PS_037,679.171154307649,263.9873651337559,0.5650609632056187
21.329111071873342,13.990331930968635,2024-12-09T21:30:00Z,5,5,5,5,5,5,1,5,5,5,1.6200301163287263,0.25261334513733197,,,,,,,,,,19.95306894608958,1.2957980396360307,32.20000076293945,PS_037,503.5773661149796,282.86162455804947,0.9860487476986253
21.482059027324055,14.012029650401745,2024-12-09T21:45:00Z,12,12,12,12,12,12,1,12,12,12,0.08150378533294314,-0.1919614774543083,,,,,,,,,,20.49326908812815,-0.006459922410795922,32.20000076293945,PS_037,14.985723938728752,241.22925409084357,0.33847246104718215
21.53702447784663,14.02497725394719,2024-12-09T22:00:00Z,13,13,13,13,13,13,1,13,13,13,-0.003968057734836598,-0.1685318080046068,,,,,,,,,,20.751704256863142,-0.11135395906903524,32.20000076293945,PS_037,72.01731769883405,280.4548650659452,0.614924000796979
21.493807118140573,14.03792162354935,2024-12-09T22:15:00Z,14,14,14,14,14,14,1,14,14,14,0.08896224652451265,-0.18184239173961075,,,,,,,,,,20.77744728283004,0.03701926907542919,32.20000076293945,PS_037,-35.82579372592951,224.74965324703794,0.8388942880062734
21.509747715238053,14.04844673174726,2024-12-09T22:30:00Z,13,13,13,13,13,13,1,13,13,13,0.1581399164863322,-0.25594309068466936,,,,,,,,,,20.580419052097476,0.02765140518480234,32.20000076293945,PS_037,-14.05915172424108,266.30645669558294,0.7835676557473604
21.666488951363377,14.056112905761713,2024-12-09T22:45:00Z,11,11,11,11,11,11,1,11,11,11,0.1847127502260938,-0.12002775789452308,,,,,,,,,,20.633951797857577,0.1316507344869693,32.20000076293945,PS_037,-137.69866037553487,254.66914497564883,0.47640103258850647
21.64930280637038,14.065318911669612,2024-12-09T23:00:00Z,14,14,14,14,14,14,1,14,14,14,-0.02465702686099911,-0.21469944146996853,,,,,,,,,,20.778567321416542,-0.08066000441245182,32.20000076293945,PS_037,37.73107632309654,262.52515879268225,0.24835629468985929
21.603087503574056,14.072111679429879,2024-12-09T23:15:00Z,12,12,12,12,12,12,1,12,12,12,0.00943454343640561,-0.1949395086448603,,,,,,,,,,20.81452519270651,-0.034045471341420164,32.20000076293945,PS_037,37.29068129834141,241.86862011517897,0.4436092978101709
21.72030161249834,14.080981251381,2024-12-09T23:30:00Z,14,14,14,14,14,14,1,14,14,14,0.25140208795738284,-0.18734346855797462,,,,,,,,,,20.80959628099601,0.3500088646624277,32.20000076293945,PS_037,-194.31249397930316,260.83504997974086,0.7408667218035422
21.659656020607663,14.088456830475184,2024-12-09T23:45:00Z,13,13,13,13,13,13,1,13,13,13,0.092945267835864,-0.2306852324736283,,,,,,,,,,20.82274197403906,0.1679846602406093,32.20000076293945,PS_037,-110.72489104112074,262.98747233840817,1.027857224378994
21.72947382551937,14.094005312515625,2024-12-10T00:00:00Z,14,14,14,14,14,14,1,14,14,14,-0.1224605958567825,-0.2875985900663714,,,,,,,,,,20.799999237060543,-0.10515078566601344,32.20000076293945,PS_037,26.90605162175118,235.08742166403894,0.3187242048731272
21.56918102591007,14.098525868878893,2024-12-10T00:15:00Z,14,14,14,14,14,14,1,14,14,14,-0.2178973125848755,-0.3052753811926346,,,,,,,,,,20.816524815290514,-0.1928853839877426,32.20000076293945,PS_037,61.366828428932685,232.30352448850843,0.27440727023549105
21.635757933474597,14.102113519505917,2024-12-10T00:30:00Z,10,10,10,10,10,10,1,10,10,10,-0.13721469387295296,-0.1323975982705161,,,,,,,,,,20.85134520843247,-0.06063246310466053,32.20000076293945,PS_037,17.274729393104405,246.78995248907222,0.4217001706506415
21.730851417891365,14.107472251982388,2024-12-10T00:45:00Z,14,14,14,14,14,14,1,14,14,14,-0.2887297337486354,-0.19060052264782848,,,,,,,,,,20.914187599447313,-0.29786781917604077,32.20000076293945,PS_037,115.54097774916353,256.5907355764871,0.2179999947547913
21.721533531930387,14.110857963562012,2024-12-10T01:00:00Z,14,14,14,14,14,14,1,14,14,14,-0.40041736244751225,-0.3160348510529101,,,,,,,,,,20.76700178136068,-0.40814621053319555,32.20000076293945,PS_037,131.05828797720946,254.99358535311026,0.2399713487787911
21.590004709126625,14.115684587536387,2024-12-10T01:15:00Z,13,13,13,13,13,13,1,13,13,13,-0.8777608662809974,-0.340628957398243,,,,,,,,,,20.595793931698168,-0.703314384770547,32.20000076293945,PS_037,199.79044423424725,262.8008739503568,0.2660285690809995
21.59944125173664,14.120796759172974,2024-12-10T01:30:00Z,14,14,14,14,14,14,1,14,14,14,-0.40962701233572646,-0.21410590625076978,,,,,,,,,,20.49253036046367,-0.26745477204483575,32.20000076293945,PS_037,120.71196468101512,204.51507778976605,0.5014702439213098
21.61182426683911,14.122976191348558,2024-12-10T01:45:00Z,13,13,13,13,13,13,1,13,13,13,-0.46261894110750634,-0.30460484249514996,,,,,,,,,,20.499999999999996,-0.4830238296556823,32.20000076293945,PS_037,155.08906860104472,226.02960648489028,0.7439770076457338
21.534071582505696,14.126427835025343,2024-12-10T02:00:00Z,14,14,14,14,14,14,1,14,14,14,-0.4202829327846163,-0.2218729323720036,,,,,,,,,,20.52282908603295,-0.3216904387372946,32.20000076293945,PS_037,149.68213915709654,213.9983224798617,0.9872691204691266
21.600000381469723,14.129711806992207,2024-12-10T02:15:00Z,13,13,13,13,13,13,1,13,13,13,-0.37705562145787147,-0.30966237275434394,,,,,,,,,,20.55104842361936,-0.3589718365325801,32.20000076293945,PS_037,120.00835443878192,277.5341581123979,0.2805486168931066
21.484315910554635,14.131748957460095,2024-12-10T02:30:00Z,14,14,14,14,14,14,1,14,14,14,-0.3682060860745189,-0.2593057378768491,,,,,,,,,,20.575290455737928,-0.2706987388983531,32.20000076293945,PS_037,89.8828005845793,288.10652736297976,0.21254467444008765
21.498389754517788,14.13470307066624,2024-12-10T02:45:00Z,14,14,14,14,14,14,1,14,14,14,-0.28916339275885505,-0.2376461356474668,,,,,,,,,,20.733392233775852,-0.21295447622047264,32.20000076293945,PS_037,92.46444173132008,137.94201796155835,0.26310222044043646
21.369143235708545,14.137917867879898,2024-12-10T03:00:00Z,13,13,13,13,13,13,1,13,13,13,-0.37483279855063745,-0.2822368864768079,,,,,,,,,,20.722723962152198,-0.2811585873139179,32.20000076293945,PS_037,91.3975317468149,169.08510210944473,0.23451886551244022
21.546457032984833,14.139615911194795,2024-12-10T03:15:00Z,14,14,14,14,14,14,1,14,14,14,-0.3058378513872076,-0.2112997127299768,,,,,,,,,,20.76136500643031,-0.2069879539484579,32.20000076293945,PS_037,114.57675782089723,161.02455018771698,0.2711873459120293
21.520785768416705,14.1408617404142,2024-12-10T03:30:00Z,13,13,13,13,13,13,1,13,13,13,-0.6286029647906568,-0.2653472413831429,,,,,,,,,,20.49511169707648,-0.6362406119642079,32.20000076293945,PS_037,231.0325024592522,247.62580145927788,0.2512723769933141
21.30920575099931,14.145039481073349,2024-12-10T03:45:00Z,14,14,14,14,14,14,1,14,14,14,-0.535043372881828,-0.5747052367692722,,,,,,,,,,20.098666688067265,-0.6276610759287291,32.20000076293945,PS_037,131.96396735112702,92.91558768969266,0.762833174054693
21.299999237060547,14.145375475500073,2024-12-10T04:00:00Z,14,14,14,14,14,14,1,14,14,14,-1.2121575074102457,-0.507890536995814,,,,,,,,,,19.926630009540922,-0.7337856963725026,32.20000076293945,PS_037,134.0478620013016,150.3844382269536,0.6005216152850963
20.992674220669,14.147015001794323,2024-12-10T04:15:00Z,13,13,13,13,13,13,1,13,13,13,-0.7375452399183989,-0.8226460915926077,,,,,,,,,,19.360905440843556,-0.6286129161159227,32.20000076293945,PS_037,75.83715066575978,92.28407898922657,0.5157972857058375
20.861889934557727,14.150337639923265,2024-12-10T04:30:00Z,14,14,14,14,14,14,1,14,14,14,-0.7167429083782275,-0.43793897582970054,,,,,,,,,,19.68197139664951,-0.2197947103086045,32.20000076293945,PS_037,58.70495710846866,159.32507025463613,0.63870722342229
20.959977775694313,14.151702526707256,2024-12-10T04:45:00Z,13,13,13,13,13,13,1,13,13,13,-0.5684509248742329,-0.36010276679505865,,,,,,,,,,19.638535096177467,-0.426998148402815,32.20000076293945,PS_037,117.04785109287816,71.37407148486993,0.9302021805056735
20.90971362563126,14.155729369628027,2024-12-10T05:00:00Z,10,10,10,10,10,10,1,10,10,10,-0.7066342036144224,-0.24702071892269611,,,,,,,,,,19.745173519307286,-0.4235203551528016,32.20000076293945,PS_037,173.85263633312493,82.36582087061515,1.0536201833789416
20.885289810757783,14.155997271567957,2024-12-10T05:15:00Z,14,14,14,14,14,14,1,14,14,14,-0.43403998235000824,-0.1529711392549155,,,,,,,,,,19.979438042371964,-0.17388711933601333,32.20000076293945,PS_037,145.02341083038354,33.33798185880624,0.728402495316372
20.860721661974427,14.155890822825127,2024-12-10T05:30:00Z,11,11,11,11,11,11,1,11,11,11,-0.46860113592395003,-0.11133808079129938,,,,,,,,,,19.999999999999996,-0.36193464444987017,32.20000076293945,PS_037,315.5887749710411,153.59389584263647,0.3159032756013878
20.83675790071974,14.15560335660232,2024-12-10T05:45:00Z,13,13,13,13,13,13,1,13,13,13,-0.3273269245933078,-0.21939008006994945,,,,,,,,,,19.999999999999996,-0.27535365525650024,32.20000076293945,PS_037,139.6623361865573,297.67226180874206,0.21027371816712784
20.905461132647613,14.157814073271208,2024-12-10T06:00:00Z,14,14,14,14,14,14,1,14,14,14,-0.5076505283232121,-0.19984512306058727,,,,,,,,,,19.969899182111917,-0.35453419936303726,32.20000076293945,PS_037,187.43336441968017,221.30914603821498,0.44902259037417525
20.942238058715823,14.15837183640948,2024-12-10T06:15:00Z,11,11,11,11,11,11,1,11,11,11,-0.4828684030014279,-0.14824624830612876,,,,,,,,,,20.000000000000004,-0.42485692338906,32.20000076293945,PS_037,464.7447760986802,235.21114147766588,0.2558820894100168
20.875646059941758,14.159068850944942,2024-12-10T06:30:00Z,14,14,14,14,14,14,1,14,14,14,-0.5805381825892297,-0.29581267978594694,,,,,,,,,,19.901166126354603,-0.6123467043789477,32.20000076293945,PS_037,221.69068035968982,286.6695488733326,0.2144553143448499
20.941682780490694,14.161287318823902,2024-12-10T06:45:00Z,14,14,14,14,14,14,1,14,14,14,-0.44813660437700065,-0.2789721476680206,,,,,,,,,,19.896059568001288,-0.34288768619715526,32.20000076293945,PS_037,136.37232220042787,209.8847318434414,0.2061751734343929
20.823535972040496,14.160386242886274,2024-12-10T07:00:00Z,13,13,13,13,13,13,1,13,13,13,-0.42366305794122405,-0.2654769474272103,,,,,,,,,,19.985787312994464,-0.21952949006875144,32.20000076293945,PS_037,104.85336030974307,216.58101438590984,0.39909384903469464
20.863251769376472,14.16231918334961,2024-12-10T07:15:00Z,5,5,5,5,5,5,1,5,5,5,-0.35657519123074355,-0.1137868328347031,,,,,,,,,,20.06815160887841,-0.13337529428028563,32.20000076293945,PS_037,157.5583272649625,212.5261585013545,0.23511544195282008
21.000000000000004,14.165974601878272,2024-12-10T07:30:00Z,9,9,9,9,9,9,1,9,9,9,-0.3521331042206847,-0.3155727730007828,,,,,,,,,,20.26459018490671,-0.37494564318662166,32.60000228881836,PS_037,117.27394353207919,25.211173590837316,0.9902182865255683
20.808474304106817,14.166615896763881,2024-12-10T07:45:00Z,13,13,13,13,13,13,1,13,13,13,-0.38869840664700767,-0.2925943490206279,,,,,,,,,,20.157425472037684,-0.28024891366167687,32.79999923706055,PS_037,92.8727272977203,59.375026102917566,1.0771112793706223
20.561449308711673,14.167468683068043,2024-12-10T08:00:00Z,13,13,13,13,13,13,1,13,13,13,0.22048719904360334,-0.26508503616015655,,,,,,,,,,20.02827431000635,0.19378488378971354,33.400001525878906,PS_037,-97.67599858667924,42.543692952281866,1.3242580232717391
20.706184110597803,14.164291015197335,2024-12-10T08:15:00Z,10,10,10,10,10,10,1,10,10,10,3.4036134335838018,0.1709549692011599,,,,,,,,,,20.030521453641764,3.5390495717084267,33.60000228881836,PS_037,2140.059814919259,260.51774210547524,0.4481190274439881
20.703379644282492,14.167533185365926,2024-12-10T08:30:00Z,13,13,13,13,13,13,1,13,13,13,3.9997090551932653,0.4452226182075424,,,,,,,,,,20.145474269529682,4.001234558659626,33.79999923706055,PS_037,963.0684135375532,209.6582560050215,0.2964098847713564
20.692480585097346,14.170000827754269,2024-12-10T08:45:00Z,14,14,14,14,14,14,1,14,14,14,13.59884506168821,1.2862189221412041,,,,,,,,,,20.33744555135714,13.531595339786394,33.79999923706055,PS_037,1054.835027888676,74.06701414108541,1.1926730484607013
20.729196162722452,14.171006466446741,2024-12-10T09:00:00Z,12,12,12,12,12,12,1,12,12,12,25.121464635829316,2.7548457801536124,,,,,,,,,,20.63544979523986,24.21084718957815,34.0,PS_037,879.5303009912409,100.09038039428255,1.2909365987261976
20.966226799038214,14.170400479849574,2024-12-10T09:15:00Z,14,14,14,14,14,14,1,14,14,14,22.395839032876324,2.2535518432390167,,,,,,,,,,20.86541804774601,22.142865610616767,34.0,PS_037,989.1454234275274,145.18832855587772,1.4495265086263236
17.897734052373114,14.172495093692438,2024-12-10T09:30:00Z,13,13,13,13,13,13,1,13,13,13,12.449820502944318,1.278738424307108,,,,,,,,,,20.71026720380735,11.432933606291153,35.20000076293945,PS_037,882.508615888487,56.74194514218304,2.0326528386641756
18.262089702864742,14.171895879446843,2024-12-10T09:45:00Z,14,14,14,14,14,14,1,14,14,14,15.23162364238997,1.6575429071743453,,,,,,,,,,20.84657513279359,13.91070817741593,37.79999923706055,PS_037,844.6923472799974,142.61580504244088,1.920012199554843
18.002451974518518,14.17301273345947,2024-12-10T10:00:00Z,14,14,14,14,14,14,1,14,14,14,17.328379417244648,2.6760645351959966,,,,,,,,,,20.82794981876542,14.300393063652512,39.400001525878906,PS_037,547.599807349413,67.4100098814249,2.0401468513309404
17.54479110667222,14.147370967855057,2024-12-10T10:15:00Z,13,13,13,13,13,13,1,13,13,13,25.495285364426568,7.854410204453943,,,,,,,,,,20.553405668040053,16.842437415429504,40.79999923706055,PS_037,222.70327768447356,78.03342686552526,3.368091225387787
17.10622910205232,13.333099718457907,2024-12-10T10:30:00Z,14,14,14,14,14,14,1,14,14,14,50.48349200352931,21.106465250085385,,,,,,,,,,20.89209221663575,27.264678728907516,41.400001525878906,PS_037,129.91388677478227,104.93203015315609,3.341574235097934
16.234779736831317,13.255878131564382,2024-12-10T10:45:00Z,13,13,13,13,13,13,1,13,13,13,158.34582394340362,50.25161075100698,,,,,,,,,,22.144636920178414,87.13364175608478,41.400001525878906,PS_037,172.4518094667486,100.86795660963526,2.4452008316658147
16.098339757176163,13.229277483821466,2024-12-10T11:00:00Z,14,14,14,14,14,14,1,14,14,14,259.9885980738943,61.49629334234862,,,,,,,,,,25.631010166353242,191.416726595736,41.400001525878906,PS_037,309.63026918603975,74.35942483333142,2.66036785694513
20.200000762939453,13.211346487290099,2024-12-10T11:15:00Z,14,14,14,14,14,14,1,14,14,14,257.6152845556284,52.51876643380135,,,,,,,,,,30.708940122207554,220.0248968076714,41.400001525878906,PS_037,418.64764149237055,75.02038154468046,2.8143859966195905
20.58209724145062,13.192327972435523,2024-12-10T11:30:00Z,13,13,13,13,13,13,1,13,13,13,180.40826407981658,42.61429512897349,,,,,,,,,,29.381083349480626,147.93237350626276,41.400001525878906,PS_037,346.94911580453055,85.07884976155819,3.011106858943975
20.739399622427264,13.177109196755971,2024-12-10T11:45:00Z,14,14,14,14,14,14,1,14,14,14,249.09058660520765,54.75126558318243,,,,,,,,,,28.405837517078716,181.96253055608494,41.400001525878906,PS_037,331.71326445102835,71.16415553153189,3.2123403656814635
20.043412152555316,13.161446088710242,2024-12-10T12:00:00Z,13,13,13,13,13,13,1,13,13,13,339.4865655684806,61.622489740995384,,,,,,,,,,31.621710936067807,290.5353059067997,41.400001525878906,PS_037,472.5901511929243,66.10921968518093,3.5513984371339014
18.068406890159732,13.14700323622541,2024-12-10T12:15:00Z,14,14,14,14,14,14,1,14,14,14,436.828854286393,66.66864160499688,,,,,,,,,,33.7224609398962,400.19569812497,41.400001525878906,PS_037,597.4383923899597,72.44358102730618,3.816061047498328
17.297782088208095,13.135178193916042,2024-12-10T12:30:00Z,13,13,13,13,13,13,1,13,13,13,599.9925247803665,70.44393388603321,,,,,,,,,,41.01690747881061,604.4297446914883,41.400001525878906,PS_037,859.212986154558,85.06460371472656,3.2179335691469007
17.98956715099463,13.124743020273621,2024-12-10T12:45:00Z,14,14,14,14,14,14,1,14,14,14,295.17032795796064,38.87562974121308,,,,,,,,,,39.957325778493555,285.1141599094712,41.400001525878906,PS_037,725.927550837403,74.49303531594285,2.4380428771966254
16.758051358702378,13.11308612810721,2024-12-10T13:00:00Z,14,14,14,14,14,14,1,14,14,14,322.88635888165516,40.980800670171,,,,,,,,,,36.1353364453409,297.3640426774437,41.400001525878906,PS_037,725.5253275341715,62.164223827610726,2.283719591684502
16.54695766709131,13.101780745346527,2024-12-10T13:15:00Z,13,13,13,13,13,13,1,13,13,13,341.7184181096805,43.08242281873855,,,,,,,,,,34.23349955271517,314.6302067021649,41.400001525878906,PS_037,732.3019310136515,86.44025864421566,3.063051856271332
15.432860989452687,13.091465847548887,2024-12-10T13:30:00Z,14,14,14,14,14,14,1,14,14,14,425.5656905691743,46.165204317305694,,,,,,,,,,37.55483275742945,413.6379815468274,41.400001525878906,PS_037,898.4395725641257,75.51000586966383,4.241958674095466
15.344291811818731,13.0809663646762,2024-12-10T13:45:00Z,13,13,13,13,13,13,1,13,13,13,322.17956582526625,31.63126082367379,,,,,,,,,,38.85200571785432,317.95371203529794,41.400001525878906,PS_037,1007.1328635691614,83.36687849711652,3.4847259679042994
16.16190615248758,13.072035090346287,2024-12-10T14:00:00Z,14,14,14,14,14,14,1,14,14,14,231.29703829842683,21.679287442143824,,,,,,,,,,34.96312049817483,224.25151236163157,41.400001525878906,PS_037,1034.51976078928,69.31017433146204,3.724047494544608
16.25716686012295,13.062716387190637,2024-12-10T14:15:00Z,13,13,13,13,13,13,1,13,13,13,267.2516019082383,27.55424335296065,,,,,,,,,,33.18920180433992,261.56316148528487,41.400001525878906,PS_037,949.6587710786081,76.11503478306348,3.934290246256041
15.051270270275245,13.054563526888616,2024-12-10T14:30:00Z,14,14,14,14,14,14,1,14,14,14,321.1745684976948,33.58509612191204,,,,,,,,,,33.54746547907407,317.60109195165614,41.400001525878906,PS_037,945.6248980790206,73.9070085183914,3.6878935902392467
16.41603308170518,13.044165480964118,2024-12-10T14:45:00Z,14,14,14,14,14,14,1,14,14,14,298.48823279955263,31.65607374461146,,,,,,,,,,30.869023135072712,297.15700600069835,41.400001525878906,PS_037,937.5389646302583,73.3372759277737,4.683996795607958
16.0361558420544,13.035467395485199,2024-12-10T15:00:00Z,13,13,13,13,13,13,1,13,13,13,339.4937481972486,37.80205223385308,,,,,,,,,,30.93841946136164,339.88476756594605,41.400001525878906,PS_037,898.0424845033326,63.86945281581678,4.025906016033303
16.253410384535222,13.026184446628664,2024-12-10T15:15:00Z,14,14,14,14,14,14,1,14,14,14,610.4627251708151,63.27993188217126,,,,,,,,,,37.4461528718844,609.3935799818595,41.400001525878906,PS_037,959.3076069474027,72.1340293322652,3.675512049160126
20.445685166909502,13.01859844379703,2024-12-10T15:30:00Z,14,14,14,14,14,14,1,14,14,14,626.7867461174668,62.174129333068116,,,,,,,,,,44.77469296223749,614.1886463701053,41.400001525878906,PS_037,971.097132308953,72.39366814828293,3.9327843677546226
22.25761927217928,13.010959538288535,2024-12-10T15:45:00Z,13,13,13,13,13,13,1,13,13,13,291.5460566687195,33.621804576053414,,,,,,,,,,34.240163606966604,272.8535261936438,41.400001525878906,PS_037,811.7223026819364,73.320602571733,4.2061193488011
22.387227554288287,13.002340006811801,2024-12-10T16:00:00Z,14,14,14,14,14,14,1,14,14,14,180.20864564138677,22.803018753111505,,,,,,,,,,29.329672993613944,168.1932686649128,41.400001525878906,PS_037,740.1994588349856,74.84873676495897,4.440729687357094
21.592064234708527,12.994390158225281,2024-12-10T16:15:00Z,13,13,13,13,13,13,1,13,13,13,308.3077359988287,37.283887525797915,,,,,,,,,,30.629421786680027,285.09301676265954,41.400001525878906,PS_037,765.9685600647375,75.74088537569747,4.125340797081172
21.694433777008133,12.98565443236168,2024-12-10T16:30:00Z,14,14,14,14,14,14,1,14,14,14,310.2691510968383,40.53331487726174,,,,,,,,,,30.55637369486719,271.8041198699767,41.400001525878906,PS_037,671.5980725337982,92.35157349438663,3.7925788277361328
20.998424055525902,12.978703057211266,2024-12-10T16:45:00Z,14,14,14,14,14,14,1,14,14,14,306.4640959685125,43.113121858312674,,,,,,,,,,30.727616974071797,267.5045645960763,41.400001525878906,PS_037,619.3330069101627,80.04643029857093,4.803600922889722
20.52243357887935,12.969810270961206,2024-12-10T17:00:00Z,13,13,13,13,13,13,1,13,13,13,376.30411946311494,54.20408171948714,,,,,,,,,,31.8563439676453,321.7204132590422,41.400001525878906,PS_037,587.8065479312552,53.715569236294606,3.427502567077903
21.116696593156302,12.962842058135001,2024-12-10T17:15:00Z,14,14,14,14,14,14,1,14,14,14,464.93579378987897,63.78323143844871,,,,,,,,,,31.925550577059017,443.6217306368514,41.400001525878906,PS_037,687.5984533928844,84.8708385071614,2.750441450922186
21.99093424802476,12.955606576091194,2024-12-10T17:30:00Z,13,13,13,13,13,13,1,13,13,13,431.9998363470471,69.69178818501055,,,,,,,,,,34.379611836879924,380.720736226281,41.400001525878906,PS_037,544.1661681781005,68.60665486911965,3.177867698961117
22.877021953889592,12.949905546808775,2024-12-10T17:45:00Z,14,14,14,14,14,14,1,14,14,14,497.2519626933796,79.2202956611354,,,,,,,,,,34.19902618746954,460.6286497704913,41.400001525878906,PS_037,573.4670780443041,66.95904510116229,3.515477010350735
22.777691553205408,12.943600804996732,2024-12-10T18:00:00Z,14,14,14,14,14,14,1,14,14,14,712.7294869501422,81.70369645489333,,,,,,,,,,41.8776757912302,882.9667677217382,41.400001525878906,PS_037,1032.5875462247102,72.87406117183909,4.1288292028272915
22.518663128384254,12.93770858204277,2024-12-10T18:15:00Z,13,13,13,13,13,13,1,13,13,13,786.2732883479044,86.20610626248447,,,,,,,,,,45.16057810569808,1055.2245805061787,41.400001525878906,PS_037,1217.412106054717,65.59943436404033,3.8738057863039685
23.597227628752176,12.930388802204629,2024-12-10T18:30:00Z,14,14,14,14,14,14,1,14,14,14,543.8413144315213,65.49013168942663,,,,,,,,,,46.07629871599247,774.1189037691673,41.400001525878906,PS_037,1140.9008912299735,73.39290058293794,3.910894415389667
24.322328204400822,12.924457826053846,2024-12-10T18:45:00Z,13,13,13,13,13,13,1,13,13,13,378.0802534559545,59.33360376155687,,,,,,,,,,38.163681257011895,455.1038513971101,41.400001525878906,PS_037,763.5435786828915,67.87828336933372,3.4302162141861934
24.50050169627786,12.918699026689815,2024-12-10T19:00:00Z,14,14,14,14,14,14,1,14,14,14,383.6394211439208,50.08978618588207,,,,,,,,,,43.64651695554359,608.7252329049718,41.400001525878906,PS_037,1176.9502127939945,66.58371389474068,2.957095959140099
24.68548335568993,12.912952038284308,2024-12-10T19:15:00Z,14,14,14,14,14,14,1,14,14,14,173.2203551667984,32.56485669775813,,,,,,,,,,35.304164919014134,168.72657433855525,41.400001525878906,PS_037,518.3906717167342,77.20868855834723,2.0769070110236334
23.937731636182207,12.905063278796634,2024-12-10T19:30:00Z,13,13,13,13,13,13,1,13,13,13,117.85788858186005,29.10772372492473,,,,,,,,,,30.474726949890957,83.94114042414336,41.400001525878906,PS_037,290.23900633281073,67.44171426842082,2.5442519309764635
24.200000762939453,12.899088979146267,2024-12-10T19:45:00Z,14,14,14,14,14,14,1,14,14,14,68.27565274860797,12.489231101443421,,,,,,,,,,28.063668273146895,61.212074279099575,41.400001525878906,PS_037,502.53353201289366,104.83585317838659,1.5322952113734463
24.01834174386541,12.893380021254801,2024-12-10T20:00:00Z,13,13,13,13,13,13,1,13,13,13,89.77655920035969,11.933578423561533,,,,,,,,,,26.19920730430332,97.5748093794552,41.400001525878906,PS_037,816.1423519896329,61.47385278036601,1.0428680644087003
24.24617328904335,12.884673846747043,2024-12-10T20:15:00Z,13,13,13,13,13,13,1,13,13,13,81.54661626185748,10.304807275860913,,,,,,,,,,26.718398572481217,83.25626367246679,41.400001525878906,PS_037,807.250838475126,102.5451512927234,0.9071767881642571
24.124522905624694,12.877299862711505,2024-12-10T20:30:00Z,14,14,14,14,14,14,1,14,14,14,76.0771293774121,8.864598918203168,,,,,,,,,,26.15728806602942,73.23212545461571,41.400001525878906,PS_037,822.8764932019326,53.831870408533156,1.2970625436548249
24.500000000000007,12.867772738662039,2024-12-10T20:45:00Z,13,13,13,13,13,13,1,13,13,13,39.37198269081823,4.932244408797537,,,,,,,,,,25.71420352803327,35.11031449345823,41.400001525878906,PS_037,714.5239702257487,117.67758300746033,1.7086410056492272
23.48720905359338,12.86189189864309,2024-12-10T21:00:00Z,14,14,14,14,14,14,1,14,14,14,17.38894685640584,0.9436987997673281,,,,,,,,,,24.368725394437607,16.28516603342851,41.400001525878906,PS_037,1852.5326202367273,43.40255060852521,1.2721595917316524
22.946831892574473,12.855159643757156,2024-12-10T21:15:00Z,12,12,12,12,12,12,1,12,12,12,5.728947752392484,-0.24955877986041974,,,,,,,,,,23.381104697948146,5.174901748140776,41.400001525878906,PS_037,-1639.5513675449938,42.44083846808934,0.893871754089999
22.774505298658134,12.847207610621615,2024-12-10T21:30:00Z,14,14,14,14,14,14,1,14,14,14,-0.6179433964592447,-0.8177052064012439,,,,,,,,,,22.615134385533665,-0.46708014072945686,41.400001525878906,PS_037,53.94696980729841,67.0891255862726,0.41070341421413553
22.577570392254728,12.838321583793652,2024-12-10T21:45:00Z,14,14,14,14,14,14,1,14,14,14,-1.3408214616672987,-1.1040751837823906,,,,,,,,,,22.213910004011762,-1.1237316134848778,41.400001525878906,PS_037,101.35485719963384,84.43923796591646,0.9439502171230724
22.109936803776318,12.832008036658841,2024-12-10T22:00:00Z,13,13,13,13,13,13,1,13,13,13,-0.6160722961589573,-0.8105969692307591,,,,,,,,,,21.93551378617376,-0.5687753744333749,41.400001525878906,PS_037,70.44085392384537,72.13959945979684,0.7614253493292931
21.835661660919182,12.823393118312131,2024-12-10T22:15:00Z,14,14,14,14,14,14,1,14,14,14,-0.4998214203307319,-0.7638435522859847,,,,,,,,,,21.833014334944657,-0.33177696150042796,41.60000228881836,PS_037,68.74607375180469,58.47067943025374,0.5232901678366639
22.300343369171085,12.813398345919138,2024-12-10T22:30:00Z,12,12,12,12,12,12,1,12,12,12,-0.3902592148732477,-0.3865495778065727,,,,,,,,,,21.899999618530266,-0.26088272560234615,41.60000228881836,PS_037,25.27738584947985,161.85668318931658,0.5981370826519699
21.799999237060547,12.808412875294415,2024-12-10T22:45:00Z,3,3,3,3,3,3,1,3,3,3,-0.28927576611484696,-0.15391164196396176,,,,,,,,,,21.899999618530273,-0.4326734724159561,41.79999923706055,PS_037,379.3278649369816,229.2223533277071,1.1374340622070465
,,2024-12-10T23:00:00Z,0,0,0,0,0,0,1,0,0,0,,,,,,,,,,,,,,41.79999923706055,PS_037,,,
,,2024-12-10T23:15:00Z,0,0,0,0,0,0,1,0,0,0,,,,,,,,,,,,,,41.79999923706055,PS_037,,,
,,2024-12-10T23:30:00Z,0,0,0,0,0,0,1,0,0,0,,,,,,,,,,,,,,41.79999923706055,PS_037,,,
,,2024-12-10T23:45:00Z,0,0,0,0,0,0,1,0,0,0,,,,,,,,,,,,,,41.79999923706055,PS_037,,,
,,2024-12-11T00:00:00Z,0,0,0,0,0,0,1,0,0,0,,,,,,,,,,,,,,41.79999923706055,PS_037,,,
,,2024-12-11T00:15:00Z,0,0,0,0,0,0,1,0,0,0,,,,,,,,,,,,,,41.79999923706055,PS_037,,,
,,2024-12-11T00:30:00Z,0,0,0,0,0,0,1,0,0,0,,,,,,,,,,,,,,41.79999923706055,PS_037,,,
,,2024-12-11T00:45:00Z,0,0,0,0,0,0,1,0,0,0,,,,,,,,,,,,,,41.79999923706055,PS_037,,,
,,2024-12-11T01:00:00Z,0,0,0,0,0,0,1,0,0,0,,,,,,,,,,,,,,41.79999923706055,PS_037,,,
,,2024-12-11T01:15:00Z,0,0,0,0,0,0,1,0,0,0,,,,,,,,,,,,,,41.79999923706055,PS_037,,,
,,2024-12-11T01:30:00Z,0,0,0,0,0,0,1,0,0,0,,,,,,,,,,,,,,41.79999923706055,PS_037,,,
,,2024-12-11T01:45:00Z,0,0,0,0,0,0,1,0,0,0,,,,,,,,,,,,,,41.79999923706055,PS_037,,,
,,2024-12-11T02:00:00Z,0,0,0,0,0,0,1,0,0,0,,,,,,,,,,,,,,41.79999923706055,PS_037,,,
,,2024-12-11T02:15:00Z,0,0,0,0,0,0,1,0,0,0,,,,,,,,,,,,,,41.79999923706055,PS_037,,,
,,2024-12-11T02:30:00Z,0,0,0,0,0,0,1,0,0,0,,,,,,,,,,,,,,41.79999923706055,PS_037,,,
,,2024-12-11T02:45:00Z,0,0,0,0,0,0,1,0,0,0,,,,,,,,,,,,,,41.79999923706055,PS_037,,,
,,2024-12-11T03:00:00Z,0,0,0,0,0,0,1,0,0,0,,,,,,,,,,,,,,41.79999923706055,PS_037,,,
,,2024-12-11T03:15:00Z,0,0,0,0,0,0,1,0,0,0,,,,,,,,,,,,,,41.79999923706055,PS_037,,,
,,2024-12-11T03:30:00Z,0,0,0,0,0,0,1,0,0,0,,,,,,,,,,,,,,41.79999923706055,PS_037,,,
,,2024-12-11T03:45:00Z,0,0,0,0,0,0,1,0,0,0,,,,,,,,,,,,,,41.79999923706055,PS_037,,,
,,2024-12-11T04:00:00Z,0,0,0,0,0,0,1,0,0,0,,,,,,,,,,,,,,41.79999923706055,PS_037,,,
,,2024-12-11T04:15:00Z,0,0,0,0,0,0,1,0,0,0,,,,,,,,,,,,,,41.79999923706055,PS_037,,,
,,2024-12-11T04:30:00Z,0,0,0,0,0,0,1,0,0,0,,,,,,,,,,,,,,41.79999923706055,PS_037,,,
,,2024-12-11T04:45:00Z,0,0,0,0,0,0,1,0,0,0,,,,,,,,,,,,,,41.79999923706055,PS_037,,,
,,2024-12-11T05:00:00Z,0,0,0,0,0,0,1,0,0,0,,,,,,,,,,,,,,41.79999923706055,PS_037,,,
,,2024-12-11T05:15:00Z,0,0,0,0,0,0,1,0,0,0,,,,,,,,,,,,,,41.79999923706055,PS_037,,,
,,2024-12-11T05:30:00Z,0,0,0,0,0,0,1,0,0,0,,,,,,,,,,,,,,41.79999923706055,PS_037,,,
,,2024-12-11T05:45:00Z,0,0,0,0,0,0,1,0,0,0,,,,,,,,,,,,,,41.79999923706055,PS_037,,,
,,2024-12-11T06:00:00Z,0,0,0,0,0,0,1,0,0,0,,,,,,,,,,,,,,41.79999923706055,PS_037,,,
,,2024-12-11T06:15:00Z,0,0,0,0,0,0,1,0,0,0,,,,,,,,,,,,,,41.79999923706055,PS_037,,,
,,2024-12-11T06:30:00Z,0,0,0,0,0,0,1,0,0,0,,,,,,,,,,,,,,41.79999923706055,PS_037,,,
,,2024-12-11T06:45:00Z,0,0,0,0,0,0,1,0,0,0,,,,,,,,,,,,,,41.79999923706055,PS_037,,,
,,2024-12-11T07:00:00Z,0,0,0,0,0,0,1,0,0,0,,,,,,,,,,,,,,41.79999923706055,PS_037,,,
,,2024-12-11T07:15:00Z,0,0,0,0,0,0,1,0,0,0,,,,,,,,,,,,,,41.79999923706055,PS_037,,,
,,2024-12-11T07:30:00Z,0,0,0,0,0,0,1,0,0,0,,,,,,,,,,,,,,41.79999923706055,PS_037,,,
,,2024-12-11T07:45:00Z,0,0,0,0,0,0,1,0,0,0,,,,,,,,,,,,,,41.79999923706055,PS_037,,,
,,2024-12-11T08:00:00Z,0,0,0,0,0,0,1,0,0,0,,,,,,,,,,,,,,41.79999923706055,PS_037,,,
,,2024-12-11T08:15:00Z,0,0,0,0,0,0,1,0,0,0,,,,,,,,,,,,,,41.79999923706055,PS_037,,,
,,2024-12-11T08:30:00Z,0,0,0,0,0,0,1,0,0,0,,,,,,,,,,,,,,41.79999923706055,PS_037,,,
,,2024-12-11T08:45:00Z,0,0,0,0,0,0,1,0,0,0,,,,,,,,,,,,,,41.79999923706055,PS_037,,,
,,2024-12-11T09:00:00Z,0,0,0,0,0,0,1,0,0,0,,,,,,,,,,,,,,41.79999923706055,PS_037,,,
,,2024-12-11T09:15:00Z,0,0,0,0,0,0,1,0,0,0,,,,,,,,,,,,,,41.79999923706055,PS_037,,,
,,2024-12-11T09:30:00Z,0,0,0,0,0,0,1,0,0,0,,,,,,,,,,,,,,41.79999923706055,PS_037,,,
,,2024-12-11T09:45:00Z,0,0,0,0,0,0,1,0,0,0,,,,,,,,,,,,,,41.79999923706055,PS_037,,,
,,2024-12-11T10:00:00Z,0,0,0,0,0,0,1,0,0,0,,,,,,,,,,,,,,41.79999923706055,PS_037,,,
,,2024-12-11T10:15:00Z,0,0,0,0,0,0,1,0,0,0,,,,,,,,,,,,,,41.79999923706055,PS_037,,,
,,2024-12-11T10:30:00Z,0,0,0,0,0,0,1,0,0,0,,,,,,,,,,,,,,41.79999923706055,PS_037,,,
,,2024-12-11T10:45:00Z,0,0,0,0,0,0,1,0,0,0,,,,,,,,,,,,,,41.79999923706055,PS_037,,,
,,2024-12-11T11:00:00Z,0,0,0,0,0,0,1,0,0,0,,,,,,,,,,,,,,41.79999923706055,PS_037,,,
,,2024-12-11T11:15:00Z,0,0,0,0,0,0,1,0,0,0,,,,,,,,,,,,,,41.79999923706055,PS_037,,,
,,2024-12-11T11:30:00Z,0,0,0,0,0,0,1,0,0,0,,,,,,,,,,,,,,41.79999923706055,PS_037,,,
,,2024-12-11T11:45:00Z,0,0,0,0,0,0,1,0,0,0,,,,,,,,,,,,,,41.79999923706055,PS_037,,,
,,2024-12-11T12:00:00Z,0,0,0,0,0,0,1,0,0,0,,,,,,,,,,,,,,41.79999923706055,PS_037,,,
,,2024-12-11T12:15:00Z,0,0,0,0,0,0,1,0,0,0,,,,,,,,,,,,,,41.79999923706055,PS_037,,,
,,2024-12-11T12:30:00Z,0,0,0,0,0,0,1,0,0,0,,,,,,,,,,,,,,41.79999923706055,PS_037,,,
,,2024-12-11T12:45:00Z,0,0,0,0,0,0,1,0,0,0,,,,,,,,,,,,,,41.79999923706055,PS_037,,,
,,2024-12-11T13:00:00Z,0,0,0,0,0,0,1,0,0,0,,,,,,,,,,,,,,41.79999923706055,PS_037,,,
21.586909569204224,13.491791527393575,2024-12-11T13:15:00Z,5,5,5,5,5,5,1,5,5,5,539.9960124341237,65.15756030095741,,,,,,,,,,31.549180094803813,537.4192996863624,41.79999923706055,PS_037,822.7985445523815,81.16294606460924,2.442215222312449
21.86243274691371,13.551339419808617,2024-12-11T13:30:00Z,13,13,13,13,13,13,1,13,13,13,433.31232471000925,54.19508291542174,,,,,,,,,,27.891156954512606,416.94539464393404,68.5999984741211,PS_037,768.9849658233962,201.42914276897685,2.790599868825077
20.802432462777077,13.631284874204884,2024-12-11T13:45:00Z,14,14,14,14,14,14,1,14,14,14,559.4639294051917,67.88247783473761,,,,,,,,,,19.779060056825,545.7088388270175,68.5999984741211,PS_037,801.6610372162398,171.21509490612505,1.9228453635786467
21.942748561717988,13.698554389992925,2024-12-11T14:00:00Z,13,13,13,13,13,13,1,13,13,13,726.0921514743155,81.14068753828633,,,,,,,,,,26.010924005477534,736.7146428889266,68.5999984741211,PS_037,900.2149736981371,173.64087160806835,2.0978040493995374
22.01634915429116,13.755890812007033,2024-12-11T14:15:00Z,14,14,14,14,14,14,1,14,14,14,687.3263551601051,77.04121325424104,,,,,,,,,,28.431719766350877,698.7381605462682,68.5999984741211,PS_037,897.5840112172964,210.64159791398808,3.529659671631886
22.534546710906454,13.808310129505852,2024-12-11T14:30:00Z,13,13,13,13,13,13,1,13,13,13,985.5230518622727,91.62008064420367,,,,,,,,,,29.86862046449106,1018.1955847830152,68.5999984741211,PS_037,1089.45626763913,169.11802087554477,2.360797744149248
22.67111975935899,13.851147617830547,2024-12-11T14:45:00Z,14,14,14,14,14,14,1,14,14,14,562.1467076018217,61.51330191052622,,,,,,,,,,30.467243238141805,566.5458270337245,68.5999984741211,PS_037,917.2332418279317,192.10110760645208,2.528653425968145
22.516136593014,13.875653804511881,2024-12-11T15:00:00Z,14,14,14,14,14,14,1,14,14,14,360.4459623543982,41.76232459551058,,,,,,,,,,25.224448401243926,359.6582673137382,68.5999984741211,PS_037,861.3097120988358,195.83159116033315,2.2668431607106463
21.992275800006464,13.920192989156575,2024-12-11T15:15:00Z,13,13,13,13,13,13,1,13,13,13,596.683104469014,64.85774201760516,,,,,,,,,,23.590088315608693,589.3727094537758,68.5999984741211,PS_037,888.2467225746592,196.080993532544,3.088632270515141
23.283605374429655,13.945682458613799,2024-12-11T15:30:00Z,14,14,14,14,14,14,1,14,14,14,700.7116723570036,72.34897538895198,,,,,,,,,,34.595876794814856,691.8563681587063,68.5999984741211,PS_037,925.6060585795179,198.71407041970386,2.5713069662343107
22.97830501162752,13.967460533681473,2024-12-11T15:45:00Z,13,13,13,13,13,13,1,13,13,13,889.6953594484851,78.98691596581082,,,,,,,,,,31.32275336099758,887.0684353642943,68.5999984741211,PS_037,1065.4147084320664,156.61080035680322,1.6785673367301324
23.076714243546867,13.985609813059448,2024-12-11T16:00:00Z,14,14,14,14,14,14,1,14,14,14,686.2219655952782,66.37804125686701,,,,,,,,,,29.750408232557294,714.4834190782632,68.5999984741211,PS_037,1061.0761730630234,196.54393200225743,1.6366180715511762
23.409871778836617,14.001188831466852,2024-12-11T16:15:00Z,13,13,13,13,13,13,1,13,13,13,899.9544870791995,84.58745756228346,,,,,,,,,,34.24340953453549,952.4818249944946,68.5999984741211,PS_037,1094.040608586609,226.29952540620602,2.679305472903153
23.6038298468401,14.014982883093992,2024-12-11T16:30:00Z,14,14,14,14,14,14,1,14,14,14,928.5877989105235,84.96502625184755,,,,,,,,,,35.96460431132165,955.9353488558517,68.5999984741211,PS_037,1099.675197129888,205.92339113951724,2.7328425980322244
22.8950870545948,14.028253086340154,2024-12-11T16:45:00Z,14,14,14,14,14,14,1,14,14,14,381.80145602980093,40.62127100960315,,,,,,,,,,30.017593590183896,398.0667928338547,68.5999984741211,PS_037,985.6953961162587,205.97321794986243,2.8469253708029028
23.15871084353216,14.040284561329445,2024-12-11T17:00:00Z,13,13,13,13,13,13,1,13,13,13,636.0967140258651,69.9050108299519,,,,,,,,,,29.433887903438304,663.3902054746377,68.5999984741211,PS_037,922.1993815214345,188.59945862970912,2.2817691080269547
24.45495514201756,14.050953459217066,2024-12-11T17:15:00Z,14,14,14,14,14,14,1,14,14,14,709.6697671635435,87.18089926506435,,,,,,,,,,38.07464180184971,734.8444449252695,68.5999984741211,PS_037,840.0937257911049,213.46882937255708,2.004016514128792
23.796780357429256,14.059373757145483,2024-12-11T17:30:00Z,13,13,13,13,13,13,1,13,13,13,608.010636960759,81.44465523058165,,,,,,,,,,34.74232281174097,618.9790656745181,68.5999984741211,PS_037,753.1104791724376,157.6637323914377,2.2232061071736
23.518653216879507,14.068897341009377,2024-12-11T17:45:00Z,14,14,14,14,14,14,1,14,14,14,489.9166060053593,65.02246756690715,,,,,,,,,,32.45749597183451,533.6239421938888,68.5999984741211,PS_037,802.5234643680318,216.39652027592612,2.916719632041475
23.253228616895502,14.078408152508679,2024-12-11T18:00:00Z,14,14,14,14,14,14,1,14,14,14,378.0249181480539,53.833672811788965,,,,,,,,,,30.63065543852522,425.0106758575955,68.5999984741211,PS_037,763.3536776999899,203.35649380378138,3.463309832462321
23.536286976015223,14.086638793326054,2024-12-11T18:15:00Z,10,10,10,10,10,10,1,10,10,10,733.4279635547,71.42345694514911,,,,,,,,,,32.342164683984755,971.4086597019516,68.5999984741211,PS_037,1304.493340141316,200.23646270539027,2.7201483756562053
23.324216125156696,14.09615400309406,2024-12-11T18:30:00Z,14,14,14,14,14,14,1,14,14,14,376.23270071748004,46.28247901404112,,,,,,,,,,33.1889944621751,507.6722671185409,68.5999984741211,PS_037,1012.1187709195151,195.6186981308906,2.7316525848636704
23.88826369634167,14.10411181015897,2024-12-11T18:45:00Z,14,14,14,14,14,14,1,14,14,14,491.01284272018694,51.90884397159488,,,,,,,,,,37.83118023983464,780.8334500761159,68.5999984741211,PS_037,1382.5817435066726,199.8954344304815,2.3301221996961727
23.91487594754472,14.111700506578977,2024-12-11T19:00:00Z,13,13,13,13,13,13,1,13,13,13,516.4554428959851,48.37878305671254,,,,,,,,,,39.66790930714207,869.1371442513976,68.5999984741211,PS_037,1785.6438364115995,193.2537212476196,1.8374762577446253
23.386400418004335,14.115708427082808,2024-12-11T19:15:00Z,14,14,14,14,14,14,1,14,14,14,435.25903903287946,53.01530466719435,,,,,,,,,,35.980094832270865,759.7487544696681,68.5999984741211,PS_037,1379.19004351271,216.98341985024229,2.3003357025712545
23.430939008064847,14.121281259377817,2024-12-11T19:30:00Z,13,13,13,13,13,13,1,13,13,13,413.20364380760293,48.629374105602736,,,,,,,,,,36.28626240335397,825.9943324116358,68.5999984741211,PS_037,1660.9494088057893,211.49833172052868,3.154500199345147
22.722078466575134,14.126655948387125,2024-12-11T19:45:00Z,14,14,14,14,14,14,1,14,14,14,326.22693000524833,41.069801235439215,,,,,,,,,,32.74221304868358,535.1506771143136,68.5999984741211,PS_037,1245.2772219783408,232.8611925352011,2.599529624118131
22.061698667829386,14.131736247371709,2024-12-11T20:00:00Z,14,14,14,14,14,14,1,14,14,14,170.20987171449218,20.701647875165587,,,,,,,,,,26.524111654074886,224.49172024588293,68.5999984741211,PS_037,1081.4166390627572,212.5016009104476,2.154434769800728
21.422033468956144,14.137079152280727,2024-12-11T20:15:00Z,13,13,13,13,13,13,1,13,13,13,145.12147283408544,17.774248713862534,,,,,,,,,,21.716451966280218,219.54068335968856,68.5999984741211,PS_037,1216.2215772156874,224.0122684004188,2.2815739661993417
21.93953182765667,14.141023537767532,2024-12-11T20:30:00Z,14,14,14,14,14,14,1,14,14,14,79.53543749434576,9.847306096003791,,,,,,,,,,22.625980268680735,107.62704469166414,68.5999984741211,PS_037,1047.6602620142398,222.67375094628267,0.33310004957744743
21.197157106945383,14.145889369149378,2024-12-11T20:45:00Z,13,13,13,13,13,13,1,13,13,13,60.409115300067626,6.39741109650093,,,,,,,,,,19.793185514938624,78.85039577139501,68.5999984741211,PS_037,1197.087742683918,125.34322003841903,0.8285890159627564
20.512278492892655,14.148159765532402,2024-12-11T21:00:00Z,14,14,14,14,14,14,1,14,14,14,25.968633398069716,1.4875137075690363,,,,,,,,,,16.03429384236335,29.193842581115206,68.5999984741211,PS_037,2005.2824580295494,178.14396986099032,1.2358010215876982
20.06026693296488,14.150947741518662,2024-12-11T21:15:00Z,14,14,14,14,14,14,1,14,14,14,12.264781187321901,-0.11986935830751552,,,,,,,,,,13.810740386265705,12.789660664491675,68.5999984741211,PS_037,-937.1315630825535,218.05886050991822,1.361062391764123
19.73071114482955,14.153336326075975,2024-12-11T21:30:00Z,13,13,13,13,13,13,1,13,13,13,3.428868127533307,-0.435112494916364,,,,,,,,,,13.134052348465264,3.09913302252118,68.5999984741211,PS_037,-713.7353805603162,197.2472863531862,1.190731885372335
19.393988393088172,14.157341741729688,2024-12-11T21:45:00Z,13,13,13,13,13,13,1,13,13,13,-0.6850274471143448,-0.6424528349993409,,,,,,,,,,12.885782935074754,-0.8906159814091976,68.5999984741211,PS_037,97.14859732033227,219.32039582196714,1.2456602081997494
19.24485663051773,14.16038757054029,2024-12-11T22:00:00Z,13,13,13,13,13,13,1,13,13,13,-1.236358953361385,-0.45537761045279007,,,,,,,,,,12.968107052180516,-1.3430862174552136,68.5999984741211,PS_037,306.4732628135305,206.72566620023184,1.4999526182985867
19.01883936395998,14.161088535295432,2024-12-11T22:15:00Z,14,14,14,14,14,14,1,14,14,14,-0.7294280976401917,-0.44631658100239274,,,,,,,,,,13.033148091283874,-0.8275284173481409,68.5999984741211,PS_037,187.5417542961907,238.39957187887526,1.190259512958275
18.95066932040305,14.161332685847531,2024-12-11T22:30:00Z,14,14,14,14,14,14,1,14,14,14,-0.5988642650868798,-0.41027311204953804,,,,,,,,,,13.110750511392558,-0.614508346299121,68.5999984741211,PS_037,156.0909388229161,240.8687923319135,1.355285574854222
18.953192585462237,14.164222091492318,2024-12-11T22:45:00Z,13,13,13,13,13,13,1,13,13,13,-0.7914675786353293,-0.3421415507423543,,,,,,,,,,12.984374438465947,-0.7106829283830529,68.5999984741211,PS_037,221.4140079167211,213.81984110522336,0.530718024385882
18.879934362951563,14.16821520644818,2024-12-11T23:00:00Z,14,14,14,14,14,14,1,14,14,14,-1.118230847791916,-0.4649680193899443,,,,,,,,,,13.06849580510668,-0.9823779501809131,68.5999984741211,PS_037,205.02488713727527,193.05114180425548,0.8958026725269698
18.768232322105664,14.168349697259478,2024-12-11T23:15:00Z,13,13,13,13,13,13,1,13,13,13,-1.307376956413756,-0.4951951056371189,,,,,,,,,,12.869172438073818,-1.3559170130764573,68.5999984741211,PS_037,314.8321195254399,214.58814715869852,1.5348712023993751
18.57008115344913,14.167665481567381,2024-12-11T23:30:00Z,14,14,14,14,14,14,1,14,14,14,-0.6607926123117025,-0.446158514897376,,,,,,,,,,13.838023112139748,-0.7151127140737601,68.5999984741211,PS_037,164.4835617157972,187.7182568825018,0.6559678061937061
18.600000381469723,14.169679239918466,2024-12-11T23:45:00Z,13,13,13,13,13,13,1,13,13,13,-0.5117819026876316,-0.37840787655343855,,,,,,,,,,14.367709927723467,-0.4600017368791453,68.5999984741211,PS_037,128.19603243439573,207.060226632114,0.7361019289857713
18.549349257898992,14.17301273345947,2024-12-12T00:00:00Z,10,10,10,10,10,10,1,10,10,10,-0.6244514040633231,-0.3031475793034582,,,,,,,,,,14.625925649656953,-0.6331714596547235,68.5999984741211,PS_037,247.93352625487157,253.69840118312823,1.1942707022013597
18.549778515103444,14.172496509283759,2024-12-12T00:15:00Z,13,13,13,13,13,13,1,13,13,13,-1.4621309558823832,-0.5502927848703406,,,,,,,,,,14.912761393752174,-1.4786501753538936,68.5999984741211,PS_037,271.68991650869225,260.0214665330548,0.5355645088264496
18.185372565759995,14.173381328765961,2024-12-12T00:30:00Z,13,13,13,13,13,13,1,13,13,13,-1.288789831440507,-0.7530239774164483,,,,,,,,,,14.544974156340215,-1.085793509955179,68.5999984741211,PS_037,141.27802911249478,189.82770555114803,0.7456899546777752
18.39565121581486,14.173012733459469,2024-12-12T00:45:00Z,10,10,10,10,10,10,1,10,10,10,-0.361147822270905,-0.20819656695321825,,,,,,,,,,14.83097181314709,-0.31021847236815253,68.5999984741211,PS_037,199.5286369125381,222.480203085535,0.8846517563799203
18.33096315052441,14.175831302000939,2024-12-12T01:00:00Z,13,13,13,13,13,13,1,13,13,13,-0.4619797048078312,-0.40113745360939895,,,,,,,,,,15.443923686491443,-0.36271746710345865,68.5999984741211,PS_037,109.04381054210006,303.36437608282,0.44108728877509273
18.15897246021059,14.175726689843671,2024-12-12T01:15:00Z,13,13,13,13,13,13,1,13,13,13,-0.88331570418148,-0.4342296858399883,,,,,,,,,,15.222590115128268,-0.9031356005854821,68.5999984741211,PS_037,213.47410880999132,272.90056587006063,0.2510213958215518
18.100000381469727,14.176236910876115,2024-12-12T01:30:00Z,14,14,14,14,14,14,1,14,14,14,-0.467720208089273,-0.3197220251591822,,,,,,,,,,15.242512414110076,-0.45921239124232016,68.5999984741211,PS_037,138.2869866617859,263.60289475872645,0.44169814105585115
18.266147333769798,14.177361346713807,2024-12-12T01:45:00Z,10,10,10,10,10,10,1,10,10,10,-0.8757835220412576,-0.1884359921911877,,,,,,,,,,15.33958873221889,-0.9585962553855997,68.5999984741211,PS_037,543.5642286143137,239.56360914416427,0.6116892053126693
17.92508155983761,14.177691459655762,2024-12-12T02:00:00Z,13,13,13,13,13,13,1,13,13,13,-2.3500917499270293,-0.9503234333131519,,,,,,,,,,14.236766083433672,-2.681691080292111,68.5999984741211,PS_037,287.0329036728572,245.18573134753495,0.37345950387625587
17.85658428277603,14.17769145965576,2024-12-12T02:15:00Z,14,14,14,14,14,14,1,14,14,14,-1.5839478966319858,-0.5076561189560225,,,,,,,,,,13.6829603308803,-1.615093798877867,68.5999984741211,PS_037,336.17600435804195,232.87121177139997,0.2977492446046622
17.601197183600295,14.17830493402336,2024-12-12T02:30:00Z,13,13,13,13,13,13,1,13,13,13,-0.9445662970404377,-0.5762927845915989,,,,,,,,,,13.685761552480995,-0.9703659469522286,68.5999984741211,PS_037,175.93805925696591,210.66158004555578,1.0725219400082542
17.57212798964814,14.178770214244631,2024-12-12T02:45:00Z,10,10,10,10,10,10,1,10,10,10,-0.6725323962871919,-0.32562989548592375,,,,,,,,,,14.188952817240235,-0.8636309310357048,68.5999984741211,PS_037,756.892599000365,226.78453618116563,1.0443733229629517
17.443941989544435,14.179424732792429,2024-12-12T03:00:00Z,13,13,13,13,13,13,1,13,13,13,-0.3222325582125985,-0.29370523861822284,,,,,,,,,,14.533402994306767,-0.34063423068348836,68.5999984741211,PS_037,146.64993930392518,253.48324433222837,0.21237133253948862
17.930726632396205,14.17886965964835,2024-12-12T03:15:00Z,13,13,13,13,13,13,1,13,13,13,-0.026236975740659113,0.2614772091063925,,,,,,,,,,15.415453009369688,0.030470688123651276,68.5999984741211,PS_037,-5.83621987816893,253.51339723145813,0.24338869118885142
17.799999237060543,14.18011708642452,2024-12-12T03:30:00Z,4,4,4,4,4,4,1,4,4,4,-0.9986769347309967,-0.3359064035217596,,,,,,,,,,15.39999961853027,-0.9584698041469887,68.5999984741211,PS_037,294.44491222428803,219.98211400852452,1.3941077534921917
17.747060784549504,14.18126454594655,2024-12-12T03:45:00Z,14,14,14,14,14,14,1,14,14,14,-0.9255286780869437,-0.27570903850975564,,,,,,,,,,15.188635167241415,-0.9405664911800012,68.5999984741211,PS_037,388.6706120633779,234.3174636646609,0.8719919707496614
17.788348739230884,14.18231370959427,2024-12-12T04:00:00Z,10,10,10,10,10,10,1,10,10,10,-0.3032266389372853,-0.25050794718381214,,,,,,,,,,15.086514319951089,-0.3314640362621385,68.5999984741211,PS_037,152.12832238865002,240.0097709557147,0.25275181890314924
17.73297542985633,14.182860083425194,2024-12-12T04:15:00Z,13,13,13,13,13,13,1,13,13,13,-1.607254749667918,-0.42442498265433803,,,,,,,,,,14.94052290494627,-1.4982664088158513,68.5999984741211,PS_037,354.5383692192494,256.85498202036007,0.2590690034345439
17.552006276039933,14.180957057509959,2024-12-12T04:30:00Z,13,13,13,13,13,13,1,13,13,13,-0.6855666188581439,-0.32819636423359044,,,,,,,,,,14.833087381449348,-0.8027757020639009,68.5999984741211,PS_037,275.93469411149624,255.7183554492739,0.22831107526490602
17.46481810684991,14.1827705217249,2024-12-12T04:45:00Z,13,13,13,13,13,13,1,13,13,13,-1.3703975051235584,-0.4376623598201699,,,,,,,,,,14.736073521042954,-1.3362858812234815,68.5999984741211,PS_037,302.2295995240078,234.68015038190782,1.156635673678283
17.322266706677883,14.18279943201232,2024-12-12T05:00:00Z,14,14,14,14,14,14,1,14,14,14,-1.270018168399757,-0.4655689223153833,,,,,,,,,,14.139138126409662,-1.3285195547135713,68.5999984741211,PS_037,294.96478363137,220.29880565464433,0.538768445164475
17.129068304171682,14.182557554816848,2024-12-12T05:15:00Z,13,13,13,13,13,13,1,13,13,13,-1.7435330105239695,-0.6943694217806278,,,,,,,,,,14.430106352860188,-1.836136215590603,68.5999984741211,PS_037,270.9245452091615,257.2055336118507,0.32731361017040883
17.036067801025993,14.182727309030412,2024-12-12T05:30:00Z,10,10,10,10,10,10,1,10,10,10,-0.040386013442892284,-0.29820047084748347,,,,,,,,,,14.644508592663664,0.14264774951979042,68.5999984741211,PS_037,-266.7911721271273,236.79276636529434,0.2000000029802323
17.299999237060547,14.183037757873533,2024-12-12T05:45:00Z,6,6,6,6,6,6,1,6,6,6,-0.4729517180933846,0.1274660537909198,,,,,,,,,,15.399999618530273,-0.482149411949513,68.5999984741211,PS_037,-671.3566136517934,251.03832650694144,0.4797195665584379
17.5,14.183037757873537,2024-12-12T06:00:00Z,2,2,2,2,2,2,1,2,2,2,-1.8289946118056692,-0.13536314567292781,,,,,,,,,,15.100000381469727,-1.5537996287272586,68.5999984741211,PS_037,1184.4127085438452,262.2075983848694,0.20000000298023227
17.421900593593225,14.183037757873533,2024-12-12T06:15:00Z,13,13,13,13,13,13,1,13,13,13,-0.869134855375307,-0.23828686333812774,,,,,,,,,,15.058878866573453,-0.8805645353288406,68.5999984741211,PS_037,372.5670930905333,227.61870335509462,0.22023673710698455
17.43342098766115,14.183206111330385,2024-12-12T06:30:00Z,14,14,14,14,14,14,1,14,14,14,-0.4454972283351017,-0.26889685119790274,,,,,,,,,,15.274277197405716,-0.27888266341983475,68.5999984741211,PS_037,126.97895667560886,241.29206184793645,0.3510414861490584
17.48181100803162,14.183037757873535,2024-12-12T06:45:00Z,6,6,6,6,6,6,1,6,6,6,-0.30926431521322134,-0.12484605219012014,,,,,,,,,,15.699999809265138,-0.18129888011600212,68.5999984741211,PS_037,275.00334697594224,231.82726461047636,0.5147579555062259
17.5,14.188383102416994,2024-12-12T07:00:00Z,3,3,3,3,3,3,1,3,3,3,-0.753423092297911,-0.17256949335177807,,,,,,,,,,16.101400352071906,-0.7854053655644865,68.5999984741211,PS_037,418.01358012085143,178.9902585248629,0.6743937763907779
17.57172952376485,14.184643094553651,2024-12-12T07:15:00Z,11,11,11,11,11,11,1,11,11,11,-0.9069507291891212,-0.29070040197394315,,,,,,,,,,15.894483727181605,-1.2032386579765952,68.5999984741211,PS_037,619.9874730514184,196.5673406969524,0.3063179229802773
17.473596647804637,14.185168987974672,2024-12-12T07:30:00Z,14,14,14,14,14,14,1,14,14,14,-1.309180596935654,-0.4301246650362874,,,,,,,,,,15.41356200042134,-0.8763562718965894,68.5999984741211,PS_037,203.64008934291454,170.73590496822897,0.32598649042780453
17.28355432123045,14.184502987175577,2024-12-12T07:45:00Z,13,13,13,13,13,13,1,13,13,13,-1.5907748562310169,-0.8035544730409983,,,,,,,,,,14.658441580185128,-1.478548016639791,68.5999984741211,PS_037,200.78298581867847,166.57152317373917,0.22010433139772992
17.01575920715441,14.18754989183545,2024-12-12T08:00:00Z,10,10,10,10,10,10,1,10,10,10,1.2145190713793286,-0.33257312346548723,,,,,,,,,,15.055235162491076,1.5345869929032556,68.5999984741211,PS_037,-651.9616157496885,83.3439112044507,0.5123520286454081
17.072103789347757,14.183313176416835,2024-12-12T08:15:00Z,14,14,14,14,14,14,1,14,14,14,8.391380246071593,0.8326796271709799,,,,,,,,,,15.542727891917371,8.278532090570009,68.5999984741211,PS_037,1012.8664699727551,269.2929595390649,0.20463586947261028
16.83247589173593,14.18672639804916,2024-12-12T08:30:00Z,13,13,13,13,13,13,1,13,13,13,22.421845198333394,2.0938281333702973,,,,,,,,,,14.658846263817962,21.67488855109067,68.5999984741211,PS_037,1069.9320979083654,96.85630378787549,0.38173140030436775
17.127124412323486,14.18392054055588,2024-12-12T08:45:00Z,14,14,14,14,14,14,1,14,14,14,74.73193824602181,10.262930932281124,,,,,,,,,,15.961569007019218,76.43273906946838,68.5999984741211,PS_037,748.1304642356906,247.8763572390989,0.5106543245252294
17.472182823237766,14.183977057840508,2024-12-12T09:00:00Z,13,13,13,13,13,13,1,13,13,13,54.92769197054849,7.543209146195822,,,,,,,,,,17.415082117428884,55.5555822943407,68.5999984741211,PS_037,735.5648487584608,206.60589497174976,0.5973440248299344
18.02453827037347,14.185987402996727,2024-12-12T09:15:00Z,14,14,14,14,14,14,1,14,14,14,101.56758812173557,11.416995274167508,,,,,,,,,,18.000924190288284,120.27090690915188,68.5999984741211,PS_037,982.9246444786194,158.75265912883143,1.1556347773767575
19.429269102815667,14.184023271359571,2024-12-12T09:30:00Z,13,13,13,13,13,13,1,13,13,13,301.223467443179,31.14467489861635,,,,,,,,,,22.377606976787128,468.59320293223396,68.5999984741211,PS_037,1451.3071689189771,252.82265872584568,0.7611847768359898
18.952156045608277,14.185096383070455,2024-12-12T09:45:00Z,14,14,14,14,14,14,1,14,14,14,145.73241271812452,19.692938110824652,,,,,,,,,,23.13455932008553,146.18172893222575,68.5999984741211,PS_037,746.5078481069912,246.07106438273536,0.4129186803935067
19.18440810676748,14.184969062287363,2024-12-12T10:00:00Z,14,14,14,14,14,14,1,14,14,14,182.51010877520554,30.086472075165577,,,,,,,,,,24.238652729726045,174.19251552679657,68.5999984741211,PS_037,580.2160587991817,237.66969048460714,0.7050921506354461
19.28782846151393,14.184877140330245,2024-12-12T10:15:00Z,13,13,13,13,13,13,1,13,13,13,191.71835232146455,44.16550054785272,,,,,,,,,,24.589348862247032,164.65065015243675,68.5999984741211,PS_037,374.93702358247776,165.7270473108918,1.337930226201565
19.51250490779699,14.186832674643046,2024-12-12T10:30:00Z,14,14,14,14,14,14,1,14,14,14,257.24943348410125,58.4138527320537,,,,,,,,,,25.444403263794356,223.22142698733575,68.5999984741211,PS_037,379.5169124406426,168.3440964604491,2.3110518196276004
20.354210443604796,14.188383102416992,2024-12-12T10:45:00Z,13,13,13,13,13,13,1,13,13,13,406.0533962604652,77.40677638149246,,,,,,,,,,30.597847537477136,439.93232444655166,68.5999984741211,PS_037,561.9345193797119,62.663822025950466,2.6074739812659082
20.82272599196254,14.188182500422341,2024-12-12T11:00:00Z,14,14,14,14,14,14,1,14,14,14,556.7355488592829,83.09118954550009,,,,,,,,,,36.892254370308166,760.9321611340773,68.5999984741211,PS_037,896.0130924215517,68.73472007037145,2.3271734335784684
22.474728469297034,14.186352340742063,2024-12-12T11:15:00Z,14,14,14,14,14,14,1,14,14,14,764.9740634512705,88.51194455405805,,,,,,,,,,45.86949955472289,1054.0796666323852,68.5999984741211,PS_037,1167.3162898218409,32.53801750764821,3.2302068155589057
21.23113544973352,14.18708874122392,2024-12-12T11:30:00Z,13,13,13,13,13,13,1,13,13,13,479.70220981862826,80.0980070702918,,,,,,,,,,42.24693122637169,464.68218352872566,68.5999984741211,PS_037,580.5688302301849,80.39060809576684,3.267986708794092
20.997838958744882,14.187130838024231,2024-12-12T11:45:00Z,14,14,14,14,14,14,1,14,14,14,474.22897944148485,75.25000249880868,,,,,,,,,,34.97208146341401,465.2693128326061,68.5999984741211,PS_037,614.7641384818114,88.92871965564146,3.289738325575784
21.44504051997731,14.186428072854685,2024-12-12T12:00:00Z,13,13,13,13,13,13,1,13,13,13,575.775825788346,82.88153543975159,,,,,,,,,,36.592851939631714,563.4365620959985,68.5999984741211,PS_037,643.1887991655226,76.77575907713214,3.4550273296057887
21.456780509113656,14.183835307548835,2024-12-12T12:15:00Z,14,14,14,14,14,14,1,14,14,14,416.82533420160297,71.084263804358,,,,,,,,,,33.78585549197663,391.4224704276453,68.5999984741211,PS_037,551.4004463721177,69.40662787135763,3.347981232590769
22.45562960771164,14.18322995917895,2024-12-12T12:30:00Z,14,14,14,14,14,14,1,14,14,14,578.2084339211004,80.52016120770978,,,,,,,,,,35.07212645383619,575.6760706027743,68.5999984741211,PS_037,712.2971966284731,80.32002942301787,2.3998525972248084
23.475559494763097,14.183004321218522,2024-12-12T12:45:00Z,13,13,13,13,13,13,1,13,13,13,727.5072398292484,73.5074245502192,,,,,,,,,,44.81987988421785,758.7398198877622,68.5999984741211,PS_037,973.8833757509947,122.16077336029308,2.0618993982326588
22.284189575145106,14.183037757873535,2024-12-12T13:00:00Z,14,14,14,14,14,14,1,14,14,14,443.5212202913047,56.9948612590859,,,,,,,,,,37.40719352698158,426.09978426967183,68.5999984741211,PS_037,769.4799878233254,84.51081368323078,2.326385631951697
22.032072712966706,14.182397742167927,2024-12-12T13:15:00Z,13,13,13,13,13,13,1,13,13,13,393.6236284547271,52.39502210988942,,,,,,,,,,31.945069367334074,364.88367332839624,68.5999984741211,PS_037,690.526951297768,59.68700485625854,2.9119540763649456
22.584766028129717,14.183037757873539,2024-12-12T13:30:00Z,14,14,14,14,14,14,1,14,14,14,448.4596085369907,54.34593674879657,,,,,,,,,,34.485340984169945,436.01976056312424,68.5999984741211,PS_037,806.424702920436,81.01524061908462,3.7377326758359906
22.27964038761632,14.182819595158817,2024-12-12T13:45:00Z,13,13,13,13,13,13,1,13,13,13,568.6277439456801,65.94190669406875,,,,,,,,,,34.15698974984981,555.9887007268441,68.5999984741211,PS_037,839.9481343599535,72.93547540588858,3.3341430067761455
22.59720625738959,14.183211135663955,2024-12-12T14:00:00Z,14,14,14,14,14,14,1,14,14,14,687.1364489312036,73.85469037865653,,,,,,,,,,37.45936174363908,51.00465947891187,68.5999984741211,PS_037,73.3085603181412,96.4714179625958,3.146897660402471
23.23246294487225,14.183101510876726,2024-12-12T14:15:00Z,14,14,14,14,14,14,1,14,14,14,730.8812555621424,74.49775224856322,,,,,,,,,,42.100024392574284,37.07998940523553,68.5999984741211,PS_037,51.718246714667835,107.46655863714598,2.7338017401708616
22.780180315431526,14.183286103184154,2024-12-12T14:30:00Z,13,13,13,13,13,13,1,13,13,13,716.5346977769256,71.83544118567188,,,,,,,,,,38.406006637034054,574.3479851184426,68.5999984741211,PS_037,746.5509249169577,89.67157505530135,2.856261984427609
23.021777238088163,14.182966932739479,2024-12-12T14:45:00Z,14,14,14,14,14,14,1,14,14,14,585.4990557605202,62.25550611995114,,,,,,,,,,41.44041252805022,583.2958665491897,68.5999984741211,PS_037,934.1789140556821,61.93388971421516,3.4410896250492016
22.401716852160806,14.183037757873533,2024-12-12T15:00:00Z,14,14,14,14,14,14,1,14,14,14,504.1844087009226,54.50373740282313,,,,,,,,,,33.88618722503296,508.72704500901455,68.5999984741211,PS_037,918.7954376094175,92.3255076685438,2.8746911867074427
23.21928772110339,14.183037757873535,2024-12-12T15:15:00Z,13,13,13,13,13,13,1,13,13,13,449.70443645268114,49.688067529503485,,,,,,,,,,35.19163831405473,444.1928997302549,68.5999984741211,PS_037,890.4474474998239,122.52957186793265,1.8273850793568012
23.335060103932758,14.183037757873539,2024-12-12T15:30:00Z,14,14,14,14,14,14,1,14,14,14,555.3754584975698,62.023622505610085,,,,,,,,,,32.733938496666966,551.5631894439093,68.5999984741211,PS_037,888.2875628552704,57.93987589645922,3.0374996982808975
24.036683096584927,14.183250401320763,2024-12-12T15:45:00Z,13,13,13,13,13,13,1,13,13,13,1253.6278030746853,107.34358663526716,,,,,,,,,,39.90551864191847,1319.6542326107951,68.5999984741211,PS_037,1236.4191788463695,57.190844163741076,3.763064315417821
24.74489519379559,14.18276631861836,2024-12-12T16:00:00Z,14,14,14,14,14,14,1,14,14,14,979.8214109097863,91.28074692122932,,,,,,,,,,48.194671557193764,963.1664079810297,68.5999984741211,PS_037,1004.1494494039703,64.07609537451056,3.014737244666384
24.08243089943445,14.182800613947462,2024-12-12T16:15:00Z,14,14,14,14,14,14,1,14,14,14,736.4842179662647,80.50055188375093,,,,,,,,,,38.47438526481459,726.1532446636077,68.5999984741211,PS_037,899.001836159038,81.16953099455048,2.571183132979336
23.8737150838246,14.182416973546067,2024-12-12T16:30:00Z,13,13,13,13,13,13,1,13,13,13,453.7903859728375,63.996293882266684,,,,,,,,,,33.54538128427459,406.6541792299142,68.5999984741211,PS_037,633.5627663791067,72.0230915293352,3.5157160141855486
23.91882063635494,14.182805738583905,2024-12-12T16:45:00Z,14,14,14,14,14,14,1,14,14,14,390.87796016472464,57.815219195711165,,,,,,,,,,29.97371499190834,334.1544520523797,68.5999984741211,PS_037,576.7799916480767,87.07845353096448,3.0458317406443363
23.611431151925263,14.182829886809582,2024-12-12T17:00:00Z,13,13,13,13,13,13,1,13,13,13,252.64966059996308,47.266077725836176,,,,,,,,,,27.151929327095303,205.49090418412013,68.5999984741211,PS_037,433.0610722916668,89.09343796037182,2.7544072760107223
23.574015512725033,14.183391670397034,2024-12-12T17:15:00Z,14,14,14,14,14,14,1,14,14,14,274.62978614740854,45.26211040587093,,,,,,,,,,26.29938299932653,254.2067740756422,68.5999984741211,PS_037,562.5209843379105,85.68365896885844,2.0141476096161472
23.48891631521659,14.182858871044207,2024-12-12T17:30:00Z,13,13,13,13,13,13,1,13,13,13,385.86939865313195,65.35791622023314,,,,,,,,,,27.886297911499753,321.9909697053112,68.5999984741211,PS_037,494.1319210335635,91.34711079227854,2.3768411151425384
23.453577690424513,14.183335688894866,2024-12-12T17:45:00Z,14,14,14,14,14,14,1,14,14,14,195.94382015866444,44.1724694693847,,,,,,,,,,26.6670902646312,159.79875011421416,68.5999984741211,PS_037,362.7872876128688,89.84913476799655,2.1287055287053986
23.750249831942355,14.184270695113426,2024-12-12T18:00:00Z,14,14,14,14,14,14,1,14,14,14,314.89456797934116,55.015417456698266,,,,,,,,,,26.541586404371248,289.22126828194206,68.5999984741211,PS_037,522.7065888840497,103.50815145784357,1.6664887717951293
24.10795623865253,14.183408519434558,2024-12-12T18:15:00Z,13,13,13,13,13,13,1,13,13,13,277.41088210689054,58.35347527480859,,,,,,,,,,28.227289482073243,219.7919464128048,68.5999984741211,PS_037,371.99344953054094,49.93315032839253,1.7128596136209586
23.900326700773363,14.184547290019609,2024-12-12T18:30:00Z,14,14,14,14,14,14,1,14,14,14,213.35106077666345,45.204623513929995,,,,,,,,,,26.585240442228127,184.9979405709203,68.5999984741211,PS_037,410.7719699487216,155.86218866051632,0.7885989052402816
24.64007497083904,14.18501504088192,2024-12-12T18:45:00Z,13,13,13,13,13,13,1,13,13,13,562.7145090589256,82.43961780780468,,,,,,,,,,30.039241042757407,717.2911115315585,68.5999984741211,PS_037,806.2684913283891,49.60167621951786,1.7080497147294607
24.622587219643755,14.184405186336146,2024-12-12T19:00:00Z,14,14,14,14,14,14,1,14,14,14,232.214302430641,57.847945816728206,,,,,,,,,,33.23534764382669,187.16417783744382,68.5999984741211,PS_037,285.1038106586066,52.02288700740721,2.3554684603657674
23.548690964242553,14.183262972307777,2024-12-12T19:15:00Z,14,14,14,14,14,14,1,14,14,14,102.20747527298681,28.13037392506011,,,,,,,,,,25.16377007389266,64.67170279726705,68.5999984741211,PS_037,234.2190430041421,93.57820770239864,2.3181900130347937
23.332884501194506,14.185274991001227,2024-12-12T19:30:00Z,13,13,13,13,13,13,1,13,13,13,74.37974011956618,16.996287484213603,,,,,,,,,,22.862609828543192,52.12339686500701,68.5999984741211,PS_037,317.5499853748336,76.20645745686168,2.2207257907988613
22.99984129618142,14.184889039619097,2024-12-12T19:45:00Z,14,14,14,14,14,14,1,14,14,14,30.006916465955634,5.296870670512421,,,,,,,,,,21.60213111805135,25.90350392711247,68.5999984741211,PS_037,507.6757800310932,74.41240727668864,1.825230850865913
22.783507337382296,14.18429880819086,2024-12-12T20:00:00Z,13,13,13,13,13,13,1,13,13,13,16.98628387351377,2.4233125987493263,,,,,,,,,,20.41230354387942,15.447674249754808,68.5999984741211,PS_037,637.1006785801021,100.74912778658279,2.040551936728912
22.66253987046701,14.185780713301034,2024-12-12T20:15:00Z,14,14,14,14,14,14,1,14,14,14,42.002554110931044,5.013420888822011,,,,,,,,,,20.295733366113247,37.81899536177926,68.5999984741211,PS_037,753.1915026615214,112.87560316791361,1.5563932164223726
22.621939040585747,14.186394488196482,2024-12-12T20:30:00Z,14,14,14,14,14,14,1,14,14,14,15.230458345190652,1.874292068862532,,,,,,,,,,19.969475761857748,13.716381214931408,68.5999984741211,PS_037,753.0214407652993,150.06382508011524,1.3575667660049595
22.1134974946362,14.184709923985967,2024-12-12T20:45:00Z,13,13,13,13,13,13,1,13,13,13,16.637544945718584,1.267763790351656,,,,,,,,,,19.213708535011346,14.92557966234169,68.5999984741211,PS_037,1211.7336932104433,204.25395356922976,1.6391649781574646
21.741607565139937,14.183842524042282,2024-12-12T21:00:00Z,11,11,11,11,11,11,1,11,11,11,10.262626524017369,0.33449179813000857,,,,,,,,,,18.332799113844644,9.259568148298213,68.5999984741211,PS_037,-2081.054865341187,251.3685897998725,1.333211045745009
21.600000381469723,14.187390916920833,2024-12-12T21:15:00Z,3,3,3,3,3,3,1,3,3,3,7.334782570059717,0.1653588944476542,,,,,,,,,,17.368032923927174,7.444575889768664,68.5999984741211,PS_037,10637.829406846187,309.29054033113624,1.0435714037564958
21.299999237060543,14.186680334716256,2024-12-12T21:30:00Z,12,12,12,12,12,12,1,12,12,12,2.3543080847839604,-0.4729170969060726,,,,,,,,,,17.038796153957442,2.169803413632704,68.5999984741211,PS_037,242.6710325826419,265.6956679082658,0.6324153108743361
20.904149673951846,14.1854373473084,2024-12-12T21:45:00Z,14,14,14,14,14,14,1,14,14,14,-0.657630029338313,-0.9767187275233846,,,,,,,,,,16.3118475915662,-0.7572511126500002,68.5999984741211,PS_037,75.45424859732744,227.950627011619,0.4167127176708607
20.815046324621463,14.188213638367104,2024-12-12T22:00:00Z,14,14,14,14,14,14,1,14,14,14,-1.2372963608445868,-1.0202343459515746,,,,,,,,,,15.924288357314582,-1.0179826783843196,68.5999984741211,PS_037,106.59242856327734,226.6453687270784,0.38781505025429913
20.790783117870028,14.188204318243438,2024-12-12T22:15:00Z,13,13,13,13,13,13,1,13,13,13,-1.1346485849130117,-0.736211342078714,,,,,,,,,,15.732797658420992,-1.0375868177509149,68.5999984741211,PS_037,147.73955019600623,189.860950601681,0.58978351867727
20.46859502717111,14.187098943471483,2024-12-12T22:30:00Z,13,13,13,13,13,13,1,13,13,13,-1.3642591317312591,-1.0500275156565382,,,,,,,,,,15.297154754560907,-1.4551840996653744,68.5999984741211,PS_037,142.74265027614652,216.8173984212823,0.46382195636343926
20.396341085477047,14.188295304249632,2024-12-12T22:45:00Z,13,13,13,13,13,13,1,13,13,13,-0.7606687041854813,-0.5077596625064027,,,,,,,,,,15.859992205812585,-0.72942472057456,68.5999984741211,PS_037,148.4189318613704,200.0733376551419,0.8383274403823601
20.294470124801748,14.18814715307046,2024-12-12T23:00:00Z,14,14,14,14,14,14,1,14,14,14,-0.6382940765675654,-0.5092570550452765,,,,,,,,,,15.699973846902001,-0.6408470480481319,68.5999984741211,PS_037,126.72471973052873,194.4159390172929,1.0784785974217526
19.74383904861906,14.188383102416994,2024-12-12T23:15:00Z,14,14,14,14,14,14,1,14,14,14,-1.2156301262240337,-0.8823413532872317,,,,,,,,,,15.446909625557206,-1.1070377753926972,68.5999984741211,PS_037,128.13854878780046,217.05475755616268,1.0037176348516943
19.472513490702074,14.187377427561557,2024-12-12T23:30:00Z,13,13,13,13,13,13,1,13,13,13,-0.9285204786673786,-0.5771601609156785,,,,,,,,,,15.253791704998912,-0.8693335484116903,68.5999984741211,PS_037,131.82171204758447,211.8705811732148,1.245726185762002
19.411017428872515,14.187979788442371,2024-12-12T23:45:00Z,14,14,14,14,14,14,1,14,14,14,-0.5782580255517105,-0.4026966802920999,,,,,,,,,,15.478052178130094,-0.5659704172824405,68.5999984741211,PS_037,148.11812784507896,217.44716064836973,0.46225726178934373
19.54117436957266,14.188797443245004,2024-12-13T00:00:00Z,10,10,10,10,10,10,1,10,10,10,-0.2976098190755737,-0.23758441181669335,,,,,,,,,,16.415297305063664,-0.4193110729843335,68.5999984741211,PS_037,158.76277176203342,196.0603223515509,1.0932267229279033
19.59471844235759,14.18816504681966,2024-12-13T00:15:00Z,14,14,14,14,14,14,1,14,14,14,-0.5482910724653275,-0.37196719393700145,,,,,,,,,,16.976052782365347,-0.6210130759138731,68.5999984741211,PS_037,167.8586580527634,230.3630390503815,0.2636117167463758
19.694188702675262,14.188624105472172,2024-12-13T00:30:00Z,14,14,14,14,14,14,1,14,14,14,-0.3650588587528393,-0.25038418136907725,,,,,,,,,,16.89565239262198,-0.4362634140128906,68.5999984741211,PS_037,198.41093857209074,204.06050512112955,1.1856733147151943
19.66452858407744,14.188383102416992,2024-12-13T00:45:00Z,13,13,13,13,13,13,1,13,13,13,-0.7383783019300997,-0.38919795995996576,,,,,,,,,,17.10607950453053,-0.6709559165981026,68.5999984741211,PS_037,174.665125730063,241.43701093660226,0.28979547277957646
19.46082792277704,14.188017842912929,2024-12-13T01:00:00Z,14,14,14,14,14,14,1,14,14,14,-0.9907132965221009,-0.5050868159195807,,,,,,,,,,17.18185255024177,-0.9059309914316106,68.5999984741211,PS_037,177.3209112272928,221.6775412321639,0.43801273936742813
19.188447808725694,14.18856517740987,2024-12-13T01:15:00Z,13,13,13,13,13,13,1,13,13,13,-1.1929838159870585,-0.42446021586398125,,,,,,,,,,16.710023668649,-1.21381179877647,68.5999984741211,PS_037,334.22785568404765,224.36899409279022,0.7225434653202619
19.05835602862063,14.187813068975505,2024-12-13T01:30:00Z,14,14,14,14,14,14,1,14,14,14,-1.1200184601295835,-0.9156742692601417,,,,,,,,,,16.038892845397765,-1.2376337476765054,68.5999984741211,PS_037,139.47932507818095,255.457240595623,0.3749572852022718
19.244578862796374,14.189678368491448,2024-12-13T01:45:00Z,14,14,14,14,14,14,1,14,14,14,-0.17753794961755634,-0.24638011892451048,,,,,,,,,,16.040361970069117,-0.37497262530699915,68.5999984741211,PS_037,158.16746741376102,209.96471426816825,1.1559785830506666
19.29056777169052,14.18894878299035,2024-12-13T02:00:00Z,8,8,8,8,8,8,1,8,8,8,-0.3131721475085402,-0.1344987490867305,,,,,,,,,,16.51698149181974,-0.28797216225373307,68.5999984741211,PS_037,321.8057071349046,243.86604671197384,0.7432785905337448
19.384395862098007,14.188588732829281,2024-12-13T02:15:00Z,13,13,13,13,13,13,1,13,13,13,-0.46637355392003277,-0.22129617223446132,,,,,,,,,,17.051632806852595,-0.41632805940802325,68.5999984741211,PS_037,205.26841390507482,246.56904929542824,0.3862523186119974
19.28704802664813,14.188548397637483,2024-12-13T02:30:00Z,13,13,13,13,13,13,1,13,13,13,-0.6718563830419819,-0.33542907314807135,,,,,,,,,,17.205714831386587,-0.5356067822233159,68.5999984741211,PS_037,172.5596671630541,226.04390740670692,0.6757540397630653
19.20047031851819,14.189029473676946,2024-12-13T02:45:00Z,14,14,14,14,14,14,1,14,14,14,-0.4930968177406253,-0.2873788044687769,,,,,,,,,,17.13995363469583,-0.4756409060319992,68.5999984741211,PS_037,172.2894930601929,241.78004415247221,0.7517162996177977
19.399999618530273,14.189689226530831,2024-12-13T03:00:00Z,14,14,14,14,14,14,1,14,14,14,-0.37857421735996144,-0.20690312923043078,,,,,,,,,,17.39521203442092,-0.3885794984486278,68.5999984741211,PS_037,204.1455167086678,209.66260072218077,0.8788246373106602
19.247493097909143,14.188430462352985,2024-12-13T03:15:00Z,13,13,13,13,13,13,1,13,13,13,-0.7677044961646919,-0.5102728564109629,,,,,,,,,,17.504428667707323,-0.7554337373122624,68.5999984741211,PS_037,148.82295638400763,286.3346202271409,0.21269026163806484
19.10000038146973,14.188531324525508,2024-12-13T03:30:00Z,14,14,14,14,14,14,1,14,14,14,-0.5772597412024651,-0.4028733011492005,,,,,,,,,,17.436459898980598,-0.4642547366591714,68.5999984741211,PS_037,126.93396250292747,308.18961757343243,0.21294494295558322
19.100000381469727,14.188957434134245,2024-12-13T03:45:00Z,13,13,13,13,13,13,1,13,13,13,-0.595757421981491,-0.35416343231729475,,,,,,,,,,17.391246955361247,-0.4914120754578789,68.5999984741211,PS_037,122.74661352515439,267.98346448888645,0.2081648113273481
19.033343292482044,14.189377126178377,2024-12-13T04:00:00Z,14,14,14,14,14,14,1,14,14,14,-0.6016769312535046,-0.3321119659401813,,,,,,,,,,17.31059593898882,-0.5355503857376253,68.5999984741211,PS_037,156.88481439742026,215.27147950908878,0.4593195732630801
18.986545214574612,14.191837203166138,2024-12-13T04:15:00Z,14,14,14,14,14,14,1,14,14,14,-0.6600443060257861,-0.5147569701483039,,,,,,,,,,17.322302434935025,-0.5216256511553671,68.5999984741211,PS_037,101.41466083122324,24.364725005232934,0.5364860039358619
18.98137458220643,14.192118159525098,2024-12-13T04:30:00Z,13,13,13,13,13,13,1,13,13,13,-0.366971585243963,-0.2849263236826676,,,,,,,,,,17.299999237060543,-0.1539399570786415,68.5999984741211,PS_037,57.303063481678144,66.75184936731488,0.42296453257296734
19.277184224853436,14.189436595671532,2024-12-13T04:45:00Z,11,11,11,11,11,11,1,11,11,11,-0.7526202863860202,-0.17130111212412938,,,,,,,,,,17.583124602004943,-0.3824370165853019,68.5999984741211,PS_037,180.12194259863045,140.95702818472077,1.1865200698839207
19.231006222302167,14.190933643501523,2024-12-13T05:00:00Z,13,13,13,13,13,13,1,13,13,13,-0.5864593821160322,-0.27864554932476726,,,,,,,,,,17.11610548741416,-0.37799102966238446,68.5999984741211,PS_037,119.91987065962167,63.228506132430645,1.2846641325745936
19.12127353866544,14.192189728109929,2024-12-13T05:15:00Z,14,14,14,14,14,14,1,14,14,14,-0.6620453973071393,-0.3596693612633105,,,,,,,,,,17.07501255346865,-0.27374424988515234,68.5999984741211,PS_037,77.7289438068591,44.92886849608238,1.6670140259901842
19.10000038146973,14.191935453949426,2024-12-13T05:30:00Z,14,14,14,14,14,14,1,14,14,14,-0.7384526168275589,-0.3383019792207576,,,,,,,,,,17.48465241945069,-0.47168258254543655,68.5999984741211,PS_037,139.98366132534048,71.12796394509178,1.557650213386459
19.09338458613494,14.190700680521333,2024-12-13T05:45:00Z,13,13,13,13,13,13,1,13,13,13,-0.6421123532266737,-0.30473724065003577,,,,,,,,,,17.600000381469727,-0.5323664419820636,68.5999984741211,PS_037,160.2164417043629,91.50774509961899,2.7355082650291513
18.899999618530273,14.191513801158427,2024-12-13T06:00:00Z,14,14,14,14,14,14,1,14,14,14,-0.668123191748869,-0.4406244151691459,,,,,,,,,,17.600000381469723,-0.48486085598355955,68.5999984741211,PS_037,113.2738430641665,103.982915078452,2.321596179868214
18.86757460627549,14.190332475842572,2024-12-13T06:15:00Z,13,13,13,13,13,13,1,13,13,13,-0.5728824201064528,-0.4419433567127796,,,,,,,,,,17.301204235795684,-0.3968167358623397,68.5999984741211,PS_037,83.16678553785016,44.27474810783634,2.010916114118506
18.758467119903152,14.191120382862296,2024-12-13T06:30:00Z,14,14,14,14,14,14,1,14,14,14,-0.5136323833360563,-0.38116016906712785,,,,,,,,,,16.85727713355301,-0.30607561582947174,68.5999984741211,PS_037,79.05102381554316,132.01968541075178,2.089199930634557
18.638978563834865,14.190675338558508,2024-12-13T06:45:00Z,13,13,13,13,13,13,1,13,13,13,-0.5959066839897135,-0.44445164400921716,,,,,,,,,,16.993356717525234,-0.4385971385334396,68.5999984741211,PS_037,100.4608622477314,109.64175279246349,2.0336840944674033
18.600000381469727,14.192538928997957,2024-12-13T07:00:00Z,14,14,14,14,14,14,1,14,14,14,-0.48158595838102813,-0.40596906570833,,,,,,,,,,17.0,-0.2927720588918555,68.5999984741211,PS_037,78.3601147190488,34.21203578630657,2.2599203636891936
18.552355214751817,14.191453390728311,2024-12-13T07:15:00Z,14,14,14,14,14,14,1,14,14,14,-0.5042188210184374,-0.42490916510524257,,,,,,,,,,17.057918252798174,-0.332633760889078,68.5999984741211,PS_037,85.35996640097947,109.27913337968846,2.34394032934554
18.508344426939082,14.191555048720405,2024-12-13T07:30:00Z,13,13,13,13,13,13,1,13,13,13,-0.569918344344329,-0.40596256883094894,,,,,,,,,,17.094815177430487,-0.41566440463161497,68.5999984741211,PS_037,101.89312883574506,112.95854483423253,1.7786819764840152
18.33682537277292,14.192558163210332,2024-12-13T07:45:00Z,14,14,14,14,14,14,1,14,14,14,-0.29650716651635145,-0.37295030557544445,,,,,,,,,,16.868884570770824,-0.20986179126314636,68.5999984741211,PS_037,60.31211871059128,35.22483937044149,2.1536019881539508
18.319693961491186,14.192397332740676,2024-12-13T08:00:00Z,5,5,5,5,5,5,1,5,5,5,1.482024408334675,0.07355258971326223,,,,,,,,,,17.14400152663553,1.5189910439288545,68.5999984741211,PS_037,959.6319032290601,63.440080951839235,2.396113073994412
18.35685932065819,14.191951376757425,2024-12-13T08:15:00Z,13,13,13,13,13,13,1,13,13,13,6.301174834217006,0.523624350334216,,,,,,,,,,17.317575974569674,6.33461119745752,68.5999984741211,PS_037,1325.8749603161325,62.91066660515009,2.2109911180032134
18.425386875501765,14.191839942762728,2024-12-13T08:30:00Z,15,15,15,15,15,15,1,15,15,15,23.30853146065727,2.5965150054888957,,,,,,,,,,17.656176119963636,23.504810686898086,68.5999984741211,PS_037,906.2007759503596,74.38206544266343,2.444807102831103
18.480932410669727,14.192892445355538,2024-12-13T08:45:00Z,15,15,15,15,15,15,1,15,15,15,73.7056144946974,10.013486054760746,,,,,,,,,,18.369825003523307,76.01079954297552,68.5999984741211,PS_037,761.504610382762,62.39523080737233,3.0838633282412937
18.626705121192956,14.192818519354878,2024-12-13T09:00:00Z,14,14,14,14,14,14,1,14,14,14,92.83474070030438,11.681665672599816,,,,,,,,,,19.678950170370854,97.56466090002382,68.5999984741211,PS_037,836.2840470330547,78.21995826901242,2.8453976669283083
18.88812151482582,14.191469164093347,2024-12-13T09:15:00Z,13,13,13,13,13,13,1,13,13,13,98.42244544836184,11.892473694204334,,,,,,,,,,20.54486986233645,106.5360141166422,68.5999984741211,PS_037,893.586762002876,50.89120829196904,2.503927930253073
19.323543591615028,14.192049377223366,2024-12-13T09:30:00Z,14,14,14,14,14,14,1,14,14,14,207.38233510184776,23.292813668777654,,,,,,,,,,22.823096048235175,279.2483649697271,68.5999984741211,PS_037,1179.6411785369132,50.00226194870287,2.6517691688236993
19.947263759715003,14.192879513579147,2024-12-13T09:45:00Z,13,13,13,13,13,13,1,13,13,13,392.28078221376785,44.253911867603996,,,,,,,,,,27.71255099063244,594.6997948139509,68.5999984741211,PS_037,1321.717753359449,68.08654440956687,3.3083950618626123
20.053245993916395,14.193061828613283,2024-12-13T10:00:00Z,14,14,14,14,14,14,1,14,14,14,352.2236741307415,44.97326000442881,,,,,,,,,,30.955120588155182,456.47330683731457,68.5999984741211,PS_037,998.5290790698873,60.04074338392635,2.971774957848169
20.033890869259043,14.19280206374573,2024-12-13T10:15:00Z,14,14,14,14,14,14,1,14,14,14,272.37111602635093,53.030198271371084,,,,,,,,,,27.859051119917265,268.72279084472274,68.5999984741211,PS_037,503.7688117805066,63.32677264586955,2.791314294154617
19.890684198082578,14.19306182861328,2024-12-13T10:30:00Z,13,13,13,13,13,13,1,13,13,13,217.447090597838,55.35530485360232,,,,,,,,,,24.750572628572435,160.92587085945715,68.5999984741211,PS_037,290.8026647136156,42.95069768328621,3.304553229544276
19.915508472584413,14.19273644347707,2024-12-13T10:45:00Z,14,14,14,14,14,14,1,14,14,14,200.1627375637799,53.61058443134047,,,,,,,,,,23.595581722260157,146.2264413223307,68.5999984741211,PS_037,271.8917184594813,82.55312975037667,3.424315930544086
20.003591825384877,14.193061828613278,2024-12-13T11:00:00Z,13,13,13,13,13,13,1,13,13,13,222.84184196749771,56.88584878546472,,,,,,,,,,24.194244012421258,162.7450150461822,68.5999984741211,PS_037,286.7605302533102,66.32888028009442,3.6971535325132714
19.894706333440467,14.191755911255418,2024-12-13T11:15:00Z,14,14,14,14,14,14,1,14,14,14,213.22756147215648,56.038720997228104,,,,,,,,,,23.6402065252883,148.90206359012885,68.5999984741211,PS_037,265.3423064056848,67.12346863580382,4.469824028061681
20.04899177098316,14.19101554614442,2024-12-13T11:30:00Z,14,14,14,14,14,14,1,14,14,14,314.09055079335644,69.43849498846312,,,,,,,,,,24.398897581521382,245.74164052230475,68.5999984741211,PS_037,352.75959045112535,67.61134563651045,3.7520022302277054
20.558103304366064,14.192907142010275,2024-12-13T11:45:00Z,13,13,13,13,13,13,1,13,13,13,492.8780235214257,82.28368558618699,,,,,,,,,,27.94921600022828,475.82046030199155,68.5999984741211,PS_037,573.4502144924793,81.34579950122517,4.2393443940165225
21.503486217997793,14.191434868073795,2024-12-13T12:00:00Z,14,14,14,14,14,14,1,14,14,14,788.0019785570563,84.2424073303555,,,,,,,,,,35.289941884224724,910.5039260678025,68.5999984741211,PS_037,1047.6989209537878,60.759538278469805,4.69365070319051
22.026812673656533,14.192121197192959,2024-12-13T12:15:00Z,14,14,14,14,14,14,1,14,14,14,647.1063853037982,106.7036228052526,,,,,,,,,,33.86095176123764,447.8068114007888,68.5999984741211,PS_037,437.9095975439359,63.32128066140027,4.2940786260260815
21.818989554908917,14.192356193393763,2024-12-13T12:30:00Z,13,13,13,13,13,13,1,13,13,13,592.8220884066918,96.00407734182593,,,,,,,,,,29.364865951641033,435.1993288119415,68.5999984741211,PS_037,458.08370026277333,62.4039171088398,3.89734161584104
22.867658335198893,14.191900853548168,2024-12-13T12:45:00Z,14,14,14,14,14,14,1,14,14,14,992.7508644373021,177.72074759913397,,,,,,,,,,32.04150182783181,601.3570193888754,68.5999984741211,PS_037,339.16532847263557,75.48599899834839,3.326821439231157
23.067830896528925,14.192436049254995,2024-12-13T13:00:00Z,13,13,13,13,13,13,1,13,13,13,1041.7925932198043,171.46024110078085,,,,,,,,,,34.68931465490633,729.302634423184,68.5999984741211,PS_037,431.8058027758981,57.65762319722478,3.5613058183501556
23.217025911465402,14.190283219442147,2024-12-13T13:15:00Z,14,14,14,14,14,14,1,14,14,14,998.3416370274166,156.19974869092397,,,,,,,,,,37.62954763967274,731.1503723075851,68.5999984741211,PS_037,470.59093593709184,68.80828454171055,4.097040294412864
22.795120931464375,14.190256469452272,2024-12-13T13:30:00Z,14,14,14,14,14,14,1,14,14,14,640.4407489572277,97.0700619787571,,,,,,,,,,33.185496446192154,524.0707975501139,68.5999984741211,PS_037,540.1673646205869,140.23246380807777,3.936101555177419
23.25371021899223,14.19059745341981,2024-12-13T13:45:00Z,13,13,13,13,13,13,1,13,13,13,732.2548198507152,111.2231076233038,,,,,,,,,,33.16496525526463,584.8644507734222,68.5999984741211,PS_037,526.3954028020337,48.54624004748047,3.8440099937153036
23.346628368618298,14.188587772773372,2024-12-13T14:00:00Z,14,14,14,14,14,14,1,14,14,14,776.9501221678681,114.49210973122604,,,,,,,,,,33.431964447436464,631.809830858845,68.5999984741211,PS_037,552.5414239380448,55.60034080013781,3.7852334971337513
23.56954031201563,14.188771944947751,2024-12-13T14:15:00Z,13,13,13,13,13,13,1,13,13,13,934.5496631061726,127.8062881719694,,,,,,,,,,35.03773114923399,767.6668083724592,68.5999984741211,PS_037,598.2946196212278,71.79945494085598,4.517385472664889
23.825410105318188,14.190071174820737,2024-12-13T14:30:00Z,14,14,14,14,14,14,1,14,14,14,879.8497265244267,118.6547889700719,,,,,,,,,,36.821418750922426,742.6310817202334,68.5999984741211,PS_037,626.5419415779818,75.51465072826345,3.731941507056995
24.089974115591225,14.189455525998461,2024-12-13T14:45:00Z,14,14,14,14,14,14,1,14,14,14,858.879276113916,112.6155250117727,,,,,,,,,,35.72293955789257,734.3150189725187,68.5999984741211,PS_037,650.007777221615,44.62557955179487,3.4248076744945237
23.858279995810193,14.190172768297987,2024-12-13T15:00:00Z,13,13,13,13,13,13,1,13,13,13,793.6082743025828,104.63699407371391,,,,,,,,,,35.087003539057996,710.2825553261209,68.5999984741211,PS_037,673.2628346927904,56.24665336006861,4.8590810736021
23.90728096952011,14.18996627450767,2024-12-13T15:15:00Z,14,14,14,14,14,14,1,14,14,14,744.4955104901067,101.28205140963351,,,,,,,,,,34.82629268607684,672.1524055404701,68.5999984741211,PS_037,660.2894480855927,73.58010854883507,3.804075294316918
24.226695683155228,14.188567954057628,2024-12-13T15:30:00Z,13,13,13,13,13,13,1,13,13,13,799.608019950143,102.24545901757106,,,,,,,,,,35.68615688076688,739.9280621008348,68.5999984741211,PS_037,722.2398856560608,72.28411262062451,4.554791656202447
24.679656514920733,14.189215620547829,2024-12-13T15:45:00Z,14,14,14,14,14,14,1,14,14,14,894.7997678732951,106.68078913155618,,,,,,,,,,36.47669769456464,854.8803957369223,68.5999984741211,PS_037,799.699260039512,86.44219966667009,3.6621293708661833
24.799990744650867,14.189253603683394,2024-12-13T16:00:00Z,14,14,14,14,14,14,1,14,14,14,660.4991545370045,90.44060936125538,,,,,,,,,,33.738009163075596,617.1417459080022,68.5999984741211,PS_037,681.4778419369644,56.478387381189094,3.656901964580933
24.67993670144,14.189494734981128,2024-12-13T16:15:00Z,13,13,13,13,13,13,1,13,13,13,527.5184787620727,79.64958905441603,,,,,,,,,,30.301968404029463,476.57904297115596,68.5999984741211,PS_037,597.4666024185046,59.00956969280953,3.364148632651176
24.569381915205724,14.188531140819562,2024-12-13T16:30:00Z,14,14,14,14,14,14,1,14,14,14,516.2331844123581,71.95905434412296,,,,,,,,,,28.894543743715552,484.4981110811855,68.5999984741211,PS_037,665.8629667030639,84.3952030944133,3.4843968202565625
25.295006838098935,14.188383102416994,2024-12-13T16:45:00Z,13,13,13,13,13,13,1,13,13,13,867.0752145724433,84.73257124016052,,,,,,,,,,35.26005485436432,935.9911240002568,68.5999984741211,PS_037,1099.992851642736,56.5360530083253,3.917286234110251
25.78625060557076,14.189279625852793,2024-12-13T17:00:00Z,14,14,14,14,14,14,1,14,14,14,927.4272284080406,81.03265803027321,,,,,,,,,,39.746387479237335,1051.7189677648698,68.5999984741211,PS_037,1300.0415288321358,62.089197937934664,3.7407296289652567
25.855384516539605,14.188156459924565,2024-12-13T17:15:00Z,14,14,14,14,14,14,1,14,14,14,909.7133727196401,73.38391369411788,,,,,,,,,,41.87942442147318,1078.3625663771895,68.5999984741211,PS_037,1465.1119415247986,72.00084213252919,3.927543421380207
25.87185392238165,14.188757834850868,2024-12-13T17:30:00Z,13,13,13,13,13,13,1,13,13,13,852.0816530089796,73.77139140336169,,,,,,,,,,41.64541622020798,1059.5538735181533,68.5999984741211,PS_037,1434.3348145132354,70.64994912894082,3.450891155782432
25.96075863224232,14.188590036701148,2024-12-13T17:45:00Z,14,14,14,14,14,14,1,14,14,14,792.666443467173,71.88130136236775,,,,,,,,,,42.23739452460076,1024.3778598266094,68.5999984741211,PS_037,1424.2717861849046,65.49228922411493,3.405702973472407
25.73741368312414,14.188383102416994,2024-12-13T18:00:00Z,14,14,14,14,14,14,1,14,14,14,624.9823120495382,62.46215994018962,,,,,,,,,,38.88310920158096,820.0231279804458,68.5999984741211,PS_037,1307.986696447223,44.47806923524687,3.704793711052299
26.035633917486688,14.188195350664856,2024-12-13T18:15:00Z,13,13,13,13,13,13,1,13,13,13,564.0546478263618,62.90789159331428,,,,,,,,,,38.16989143765662,732.7929906481708,68.5999984741211,PS_037,1157.6840359463054,44.6926067271681,3.496367515146215
25.531470244931974,14.188383102416992,2024-12-13T18:30:00Z,14,14,14,14,14,14,1,14,14,14,523.4469801509523,63.00454683463799,,,,,,,,,,35.47513310003741,670.498697442218,68.5999984741211,PS_037,1059.5894844370923,64.60800415313952,4.037591605226053
25.748267027364673,14.188655530998156,2024-12-13T18:45:00Z,13,13,13,13,13,13,1,13,13,13,497.7434482464568,63.330405115886805,,,,,,,,,,35.84886934119671,668.5712351888748,68.5999984741211,PS_037,1051.3383289004887,58.871888449384606,3.158261694732674
25.832485014973074,14.188112729822072,2024-12-13T19:00:00Z,14,14,14,14,14,14,1,14,14,14,397.76453933663606,52.84605543582319,,,,,,,,,,35.704195353788805,530.9236174087363,68.5999984741211,PS_037,976.0955051851921,59.45138754896688,3.5477135922771974
25.562501526470957,14.187992642520507,2024-12-13T19:15:00Z,14,14,14,14,14,14,1,14,14,14,257.2568769189753,35.960527618484505,,,,,,,,,,32.691063485549066,315.5733907413656,68.5999984741211,PS_037,848.3559946333143,84.28065680898187,2.835697082812415
25.17474724582771,14.188610929894214,2024-12-13T19:30:00Z,13,13,13,13,13,13,1,13,13,13,247.18661039618715,36.71336308133104,,,,,,,,,,28.930798060011735,312.1811015485037,68.5999984741211,PS_037,833.2370337759136,94.46974213687568,2.868502085914557
25.029442260204583,14.187316173903074,2024-12-13T19:45:00Z,14,14,14,14,14,14,1,14,14,14,150.20450260412554,23.458227314500682,,,,,,,,,,27.141693117565122,162.47256963483528,68.5999984741211,PS_037,693.3994720638325,71.80383716634957,3.3601448302663397
25.053960811535855,14.188677979673649,2024-12-13T20:00:00Z,13,13,13,13,13,13,1,13,13,13,160.01093038441596,24.281784487140037,,,,,,,,,,26.950112238951068,187.18339019773072,68.5999984741211,PS_037,761.5641240264137,50.97034783209637,1.7332945274113898
25.10000038146972,14.188197580774606,2024-12-13T20:15:00Z,14,14,14,14,14,14,1,14,14,14,159.36090503287295,24.145153470642132,,,,,,,,,,27.151147024643357,217.17169209348816,68.5999984741211,PS_037,898.499213705495,62.61177015818152,2.2965786622818465
24.575537946709076,14.188581691086554,2024-12-13T20:30:00Z,14,14,14,14,14,14,1,14,14,14,115.61290059992669,16.83143780317304,,,,,,,,,,25.972564570282163,143.18624713959656,68.5999984741211,PS_037,849.1698028555024,68.58680649210658,2.24562263279522
24.460955983634,14.188383102416992,2024-12-13T20:45:00Z,13,13,13,13,13,13,1,13,13,13,91.57699168437503,13.191363674565812,,,,,,,,,,25.343355962467808,114.12146419317627,68.5999984741211,PS_037,843.3294411697332,72.74855003138023,2.2773809044550455
24.170195841925402,14.18883385990179,2024-12-13T21:00:00Z,14,14,14,14,14,14,1,14,14,14,33.90169557079003,4.497569038968039,,,,,,,,,,22.93749280921865,37.64728699304776,68.5999984741211,PS_037,813.2379126191497,112.1679166656887,1.7567290387152372
23.699688456153602,14.189841736275206,2024-12-13T21:15:00Z,13,13,13,13,13,13,1,13,13,13,12.027283081738974,0.9973539796140128,,,,,,,,,,20.793771085056726,10.532290734396131,68.5999984741211,PS_037,1120.7659406485757,60.44464482588691,2.494494818429284
23.34662748283457,14.189431701760931,2024-12-13T21:30:00Z,12,12,12,12,12,12,1,12,12,12,2.8300507956165677,-0.5599621205950251,,,,,,,,,,19.722094153385797,2.866453653884077,68.5999984741211,PS_037,-109.75282999391783,82.20352686488415,2.4469090160997635
23.126844364239965,14.188795033238291,2024-12-13T21:45:00Z,14,14,14,14,14,14,1,14,14,14,-1.7336778626017484,-1.0867665047446695,,,,,,,,,,18.385688441097702,-1.7635870886296428,68.5999984741211,PS_037,155.05119025748024,96.33933255697845,2.3496928755174853
22.114263289658837,14.188936744678564,2024-12-13T22:00:00Z,13,13,13,13,13,13,1,13,13,13,-2.8802788217747577,-2.0767048655609144,,,,,,,,,,16.102341356102734,-2.8758275138756746,68.5999984741211,PS_037,137.24291945951066,112.59626775171688,0.3476292824457023
21.169092361013206,14.188383102416992,2024-12-13T22:15:00Z,14,14,14,14,14,14,1,14,14,14,-2.6459625903125117,-2.457924076885904,,,,,,,,,,15.080213670484659,-2.543224026857338,68.5999984741211,PS_037,104.57015024170647,203.45176869493434,0.2183076394787644
20.57589802822743,14.18858106286483,2024-12-13T22:30:00Z,14,14,14,14,14,14,1,14,14,14,-2.6482633738628376,-1.7612335387409022,,,,,,,,,,14.267108849352807,-2.0194544039655384,68.5999984741211,PS_037,115.10369466059646,238.54203756704214,0.220316148296553
20.32597083470294,14.188383102416992,2024-12-13T22:45:00Z,13,13,13,13,13,13,1,13,13,13,-1.984883756083253,-1.4051733873958205,,,,,,,,,,13.889809645223556,-1.6058833532794823,68.5999984741211,PS_037,114.27082504185742,254.09043215602685,0.2046186783647965
20.032847611247615,14.189660716857416,2024-12-13T23:00:00Z,13,13,13,13,13,13,1,13,13,13,-1.0888639161524505,-0.7804805691822001,,,,,,,,,,13.799760862548776,-0.4098362710084793,68.5999984741211,PS_037,22.674692867045678,226.2885259072903,0.41240414268231634
19.930895068506207,14.188383102416992,2024-12-13T23:15:00Z,13,13,13,13,13,13,1,13,13,13,-1.9370836206256585,-1.0563682857295107,,,,,,,,,,13.872213966016616,-0.9752542078648094,68.5999984741211,PS_037,89.31721362441111,248.01765459813436,0.2572726374729584
20.16746476301335,14.188920132842503,2024-12-13T23:30:00Z,12,12,12,12,12,12,1,12,12,12,-0.7469269358356303,-0.6670761625676269,,,,,,,,,,14.250660130856305,-0.6960408304717493,68.5999984741211,PS_037,-163.56651725109714,215.56330363762234,0.3621112764677975
19.988972400860295,14.190639203995369,2024-12-13T23:45:00Z,12,12,12,12,12,12,1,12,12,12,-0.11807935702505028,-0.297330783800081,,,,,,,,,,14.595641192362331,0.02632608255049803,68.5999984741211,PS_037,-3.1093567410696465,238.18545835440565,0.3927521961882281
20.059646310624345,14.188383102416992,2024-12-14T00:00:00Z,7,7,7,7,7,7,1,7,7,7,0.016262535067335392,0.20925575738610303,,,,,,,,,,15.1815510066742,0.015201428627355932,68.5999984741211,PS_037,48.829348480823754,280.2889026438021,0.44949441674082397
20.370395061768132,14.189680662294755,2024-12-14T00:15:00Z,12,12,12,12,12,12,1,12,12,12,0.11478012489607983,0.1742866949249438,,,,,,,,,,15.41965778429833,-0.11739471562329318,68.5999984741211,PS_037,95.5498354095154,235.0669185971466,0.2771306527048567
20.64122126838858,14.19043011054852,2024-12-14T00:30:00Z,6,6,6,6,6,6,1,6,6,6,0.24175072100408437,0.2765178042874032,,,,,,,,,,15.656424988411716,-0.43387345472271033,68.5999984741211,PS_037,-189.9795680289201,242.2632260424517,0.58095513406993
21.36103290572732,14.190647810306725,2024-12-14T00:45:00Z,13,13,13,13,13,13,1,13,13,13,-0.390264042587087,0.6720660937511762,,,,,,,,,,16.05082982607071,-0.2912429340733224,68.5999984741211,PS_037,-62.73588292523485,134.28246985523862,1.4365607522042083
21.4195453321138,14.192337290572056,2024-12-14T01:00:00Z,10,10,10,10,10,10,1,10,10,10,-0.4687841394587009,-0.020767898774038458,,,,,,,,,,16.40570798994016,-0.01062094961391262,68.5999984741211,PS_037,173.4396871655803,144.38646364285424,1.2472134614208663
21.47296623943935,14.192432174352806,2024-12-14T01:15:00Z,7,7,7,7,7,7,1,7,7,7,-0.6407684421814029,-0.16993171637755292,,,,,,,,,,16.602981887087303,-0.14044607461110245,68.5999984741211,PS_037,79.99048323903746,60.65809649078632,2.178912511146752
21.462391662282702,14.19171874847338,2024-12-14T01:30:00Z,13,13,13,13,13,13,1,13,13,13,-0.9536547329705711,-0.3601493597381264,,,,,,,,,,17.002810836475582,-0.778188665727322,68.5999984741211,PS_037,234.07173679549683,70.66388363052754,2.9650706806468308
21.279093084738644,14.191318621079052,2024-12-14T01:45:00Z,14,14,14,14,14,14,1,14,14,14,-1.5963714541071587,-0.6574580883974529,,,,,,,,,,17.097587844676834,-1.4012521017408033,68.5999984741211,PS_037,229.91213973974146,73.43462942878261,2.2645617427810514
21.068657007757324,14.191984215365668,2024-12-14T02:00:00Z,14,14,14,14,14,14,1,14,14,14,-1.177874793071271,-0.7228828893480309,,,,,,,,,,17.641715652437362,-1.0837855061695725,68.5999984741211,PS_037,181.93226813105125,73.20488591444712,2.285290296412733
20.782710732740398,14.19119054450933,2024-12-14T02:15:00Z,13,13,13,13,13,13,1,13,13,13,-0.8076260479607011,-0.6871049960188411,,,,,,,,,,17.801569685703484,-0.4254945153701964,68.5999984741211,PS_037,56.97226548980119,222.22470974306242,0.8645794123944567
20.90541415752698,14.19260298216814,2024-12-14T02:30:00Z,11,11,11,11,11,11,1,11,11,11,-0.577828212683533,-0.305979321884888,,,,,,,,,,18.1708552956782,-0.30685775237971513,68.5999984741211,PS_037,111.13370603560429,92.37654009838761,0.9483691061896896
20.960979255830363,14.191810463813347,2024-12-14T02:45:00Z,8,8,8,8,8,8,1,8,8,8,-1.6855146468281794,-0.46391799796372946,,,,,,,,,,18.32094754480917,-1.3492404137261358,68.5999984741211,PS_037,323.6714212851019,84.28332937702763,1.7761086901122816
20.78996233836188,14.19171058114719,2024-12-14T03:00:00Z,13,13,13,13,13,13,1,13,13,13,-1.624851160132262,-0.5380240119290538,,,,,,,,,,17.803769880394558,-1.4394201344581832,68.5999984741211,PS_037,277.370258528062,74.91039368665831,3.2013122500730558
20.676636068323972,14.191753745960483,2024-12-14T03:15:00Z,13,13,13,13,13,13,1,13,13,13,-1.3725952987346217,-0.5955807708293327,,,,,,,,,,17.375922018160452,-1.1564479592880377,68.5999984741211,PS_037,198.63744330196718,73.62163213532918,2.435030491553847
20.753097823167213,14.192466219572415,2024-12-14T03:30:00Z,13,13,13,13,13,13,1,13,13,13,-1.5980099709065811,-0.3602261765978106,,,,,,,,,,17.541480778989825,-1.174516686470612,68.5999984741211,PS_037,353.7463573667043,66.54044857825193,3.158127354314431
20.490320884994315,14.191477929578118,2024-12-14T03:45:00Z,14,14,14,14,14,14,1,14,14,14,-1.757132570569534,-0.5471954002538911,,,,,,,,,,17.29032012205486,-1.5238690478155177,68.5999984741211,PS_037,286.8803559945225,83.161984990326,2.6726212126670514
20.283049137248145,14.192868244154964,2024-12-14T04:00:00Z,14,14,14,14,14,14,1,14,14,14,-1.5997251323854536,-0.7152678364313945,,,,,,,,,,16.929913688085072,-1.4195074069505307,68.5999984741211,PS_037,202.46089158564985,97.6533009878266,2.0182551262760584
20.11018662355994,14.192227653773422,2024-12-14T04:15:00Z,13,13,13,13,13,13,1,13,13,13,-2.0240913334833435,-0.7671695163872441,,,,,,,,,,16.28147247775777,-1.6870666080964247,68.5999984741211,PS_037,229.01844322531213,66.75048920311903,1.3931672136451976
20.11402418687267,14.192488078962933,2024-12-14T04:30:00Z,14,14,14,14,14,14,1,14,14,14,-1.6998700110329892,-0.38685494711987567,,,,,,,,,,16.17066688678335,-0.9201388573312272,68.5999984741211,PS_037,238.87080485785842,59.295897301564835,1.6857216684060126
20.033173964539145,14.193061828613278,2024-12-14T04:45:00Z,9,9,9,9,9,9,1,9,9,9,-1.1624747924340837,-0.296265877959907,,,,,,,,,,16.249021535427897,-0.4907098085628136,68.5999984741211,PS_037,227.44483855069004,56.79356570953152,2.1531879126828235
20.146087463208044,14.192478156131779,2024-12-14T05:00:00Z,11,11,11,11,11,11,1,11,11,11,-1.2901734488359444,-0.32789631967292837,,,,,,,,,,16.700000762939453,-0.768577354308686,68.5999984741211,PS_037,248.11031041350313,189.2758750449241,1.6629453850571658
20.20000076293945,14.193061828613281,2024-12-14T05:15:00Z,12,12,12,12,12,12,1,12,12,12,-0.9818980253372213,-0.19709208271540687,,,,,,,,,,16.97384766099279,-0.45690812828857436,68.5999984741211,PS_037,319.401613651481,55.12190473141607,1.8068287373390162
20.259498206333348,14.19306182861328,2024-12-14T05:30:00Z,12,12,12,12,12,12,1,12,12,12,-1.1904182052577121,-0.41839498175527773,,,,,,,,,,17.486002335268786,-0.7257211639792881,68.5999984741211,PS_037,175.93139924557815,47.80674204154913,2.2019808489907793
20.15644660722097,14.192560448092284,2024-12-14T05:45:00Z,14,14,14,14,14,14,1,14,14,14,-1.1083563545098107,-0.42922214199130987,,,,,,,,,,17.451188821968355,-0.7710473090090842,68.5999984741211,PS_037,180.09160421617895,69.26873304886347,2.3072033015047126
20.19285806798176,14.193061828613278,2024-12-14T06:00:00Z,14,14,14,14,14,14,1,14,14,14,-1.188715476693703,-0.28087737087509235,,,,,,,,,,17.57009687259631,-0.6060554156269344,68.5999984741211,PS_037,245.27445656998592,73.61681347286198,2.023714164197244
20.165063133532158,14.192843437763598,2024-12-14T06:15:00Z,13,13,13,13,13,13,1,13,13,13,-1.2948840447898302,-0.3926507357414001,,,,,,,,,,17.588315530968828,-0.7770481434585255,68.5999984741211,PS_037,200.81182960223788,136.6316505500222,1.3163178263178992
20.127625008115796,14.192280216161574,2024-12-14T06:30:00Z,14,14,14,14,14,14,1,14,14,14,-1.0386742757732395,-0.35876855289603654,,,,,,,,,,17.47933145568954,-0.7140180476084557,68.5999984741211,PS_037,212.1959769302962,96.46541833979144,2.059647597767922
20.104081707317338,14.193061828613283,2024-12-14T06:45:00Z,13,13,13,13,13,13,1,13,13,13,-1.106596018406306,-0.3260679628672813,,,,,,,,,,17.52676959199355,-0.680108696355534,68.5999984741211,PS_037,212.60697468083256,55.383608940806795,1.7520178426203945
20.15197368125663,14.193298086595291,2024-12-14T07:00:00Z,13,13,13,13,13,13,1,13,13,13,-0.9340631817340114,-0.27599078136353916,,,,,,,,,,17.769806160649345,-0.6024908996209277,68.5999984741211,PS_037,239.44173692894958,44.44317050253929,2.389426664590216
20.19113265866192,14.192806385286913,2024-12-14T07:15:00Z,14,14,14,14,14,14,1,14,14,14,-0.7860737112940037,-0.27507301553245345,,,,,,,,,,17.84690459598745,-0.5264359921836712,68.5999984741211,PS_037,170.8449222572262,66.82109594043206,2.342080189882858
20.192198312995355,14.191725300257193,2024-12-14T07:30:00Z,13,13,13,13,13,13,1,13,13,13,-1.1424221709279012,-0.4595508961283249,,,,,,,,,,17.64230252968541,-0.8935758824668754,68.5999984741211,PS_037,192.83162700973602,135.75040775579293,1.8731763485974962
20.105627311246543,14.192547903493397,2024-12-14T07:45:00Z,14,14,14,14,14,14,1,14,14,14,-1.1173931489488749,-0.40631771928592386,,,,,,,,,,17.471615243978114,-0.6992529639692723,68.5999984741211,PS_037,162.84469513550525,58.517510131687395,2.4672804458972073
20.18952437799959,14.19306182861328,2024-12-14T08:00:00Z,12,12,12,12,12,12,1,12,12,12,0.6822348961543863,0.24748351611973057,,,,,,,,,,17.95301084488374,0.7192261515107039,68.5999984741211,PS_037,253.27777987150208,51.90021573625263,3.886273549030689
20.20000076293945,14.192707359085412,2024-12-14T08:15:00Z,15,15,15,15,15,15,1,15,15,15,4.037618972335821,0.5359126826208053,,,,,,,,,,18.007191458525163,3.4391015918140897,68.5999984741211,PS_037,630.7884508685866,31.76908677993164,3.228702448499688
20.175090161554234,14.19306182861328,2024-12-14T08:30:00Z,16,16,16,16,16,16,1,16,16,16,18.115059057308553,2.816431483660659,,,,,,,,,,17.992649626911607,15.668184795558538,68.5999984741211,PS_037,623.6857477493846,55.842606935139024,3.060948224103376
20.27066600409714,14.193425883782306,2024-12-14T08:45:00Z,15,15,15,15,15,15,1,15,15,15,28.636781393127407,4.91292367726909,,,,,,,,,,18.722135322108358,25.241557873855232,68.5999984741211,PS_037,523.9487635980792,45.16030654055175,3.019132180103538
20.26021849997117,14.192863585392743,2024-12-14T09:00:00Z,13,13,13,13,13,13,1,13,13,13,71.2796956464563,13.693617313405635,,,,,,,,,,19.112223240693915,57.94781494369203,68.5999984741211,PS_037,431.46310902885205,83.04316439901208,2.905280372202829
20.60183313690189,14.193061828613281,2024-12-14T09:15:00Z,14,14,14,14,14,14,1,14,14,14,118.4117098633028,27.7781663764794,,,,,,,,,,19.85036831522732,82.87453743295443,68.5999984741211,PS_037,300.7176478634077,68.68355241418641,3.448394495062129
20.966266714371883,14.193061828613281,2024-12-14T09:30:00Z,14,14,14,14,14,14,1,14,14,14,182.6736949112017,57.90358352674742,,,,,,,,,,20.645320107859405,113.400338081074,68.5999984741211,PS_037,211.06287890666428,65.29148736581107,3.2036263276010892
21.423387376588977,14.193310917832056,2024-12-14T09:45:00Z,13,13,13,13,13,13,1,13,13,13,221.77046809943846,67.18099962162012,,,,,,,,,,21.792784164072707,134.28045072192137,68.5999984741211,PS_037,201.13361991741377,49.33130385686685,3.2835001497688068
21.955111044463592,14.192724234304437,2024-12-14T10:00:00Z,14,14,14,14,14,14,1,14,14,14,367.5622341630091,117.85151068704181,,,,,,,,,,23.16076257281896,182.61831008387205,68.5999984741211,PS_037,161.97643363358455,66.35820537911928,3.306027763166519
22.320984042736885,14.192851269424725,2024-12-14T10:15:00Z,14,14,14,14,14,14,1,14,14,14,331.8635656443079,82.19750629818952,,,,,,,,,,24.67431386311862,203.44740119183336,68.5999984741211,PS_037,258.3308458945265,84.68036260850009,4.3345864294525915
22.58478277819486,14.19306182861328,2024-12-14T10:30:00Z,13,13,13,13,13,13,1,13,13,13,327.03461843124137,72.95353057390571,,,,,,,,,,24.725367336367498,217.96609904642122,68.5999984741211,PS_037,299.60235866242874,75.87480476406252,4.572811232862627
22.792717882980114,14.192111151687959,2024-12-14T10:45:00Z,14,14,14,14,14,14,1,14,14,14,327.2482453523894,66.37129498516606,,,,,,,,,,25.381270736745122,237.64363573153855,68.5999984741211,PS_037,359.64693467660396,71.83062392788517,3.8894834909062492
23.461822058774786,14.193482706792233,2024-12-14T11:00:00Z,13,13,13,13,13,13,1,13,13,13,317.84737379608083,59.066903760514144,,,,,,,,,,26.31324826812823,253.59248698941752,68.5999984741211,PS_037,429.57126947344057,134.47926273392926,2.766544096865199
23.870697620638193,14.19270995317101,2024-12-14T11:15:00Z,14,14,14,14,14,14,1,14,14,14,305.1697325780729,55.05542911051354,,,,,,,,,,26.976766255374926,250.56300225465486,68.5999984741211,PS_037,456.1700303318486,80.41841797587267,2.254485292816035
23.999999999999996,14.193453312965488,2024-12-14T11:30:00Z,13,13,13,13,13,13,1,13,13,13,342.7285704245801,57.87787396538555,,,,,,,,,,27.179712887938095,287.329256630605,68.5999984741211,PS_037,496.3425522103099,36.9255398435867,3.260357307685141
24.205385779122103,14.192419844684242,2024-12-14T11:45:00Z,14,14,14,14,14,14,1,14,14,14,376.2290733242675,64.66998844919837,,,,,,,,,,27.943566144006773,302.7177165830827,68.5999984741211,PS_037,468.0430743865606,78.96627864551078,2.680659573352792
24.244564129604345,14.192896751901069,2024-12-14T12:00:00Z,13,13,13,13,13,13,1,13,13,13,404.47574481724735,66.97074208316859,,,,,,,,,,28.084732203202286,330.3794210677082,68.5999984741211,PS_037,493.9204843613299,43.14043025742106,3.543056278422381
24.47307610985029,14.19289872004853,2024-12-14T12:15:00Z,14,14,14,14,14,14,1,14,14,14,474.3845805680094,81.07369782347445,,,,,,,,,,28.717959766011106,379.3623125490002,68.5999984741211,PS_037,468.9402717139421,109.02526354741751,3.8229640370602684
25.03299495334111,14.19259252711343,2024-12-14T12:30:00Z,14,14,14,14,14,14,1,14,14,14,629.8907124553633,112.13682693818396,,,,,,,,,,30.926323502087115,459.4754229150599,68.5999984741211,PS_037,410.04088958770996,125.90254052151457,3.5744526028720243
25.327197026767763,14.191807093691317,2024-12-14T12:45:00Z,13,13,13,13,13,13,1,13,13,13,754.846965728136,131.06796564425872,,,,,,,,,,33.405072758247236,538.7375894327068,68.5999984741211,PS_037,411.08552333781006,71.69680683660542,4.1300645435129235
26.075829179492796,14.192370114792572,2024-12-14T13:00:00Z,14,14,14,14,14,14,1,14,14,14,678.4952729595268,114.47808164285786,,,,,,,,,,34.34797816937919,511.5903342334505,68.5999984741211,PS_037,446.5263296317558,76.67452805246033,3.4970854668059737
26.4657262080316,14.19222415298419,2024-12-14T13:15:00Z,13,13,13,13,13,13,1,13,13,13,666.7880520101633,110.17499531951148,,,,,,,,,,34.86858320607693,514.0450801237548,68.5999984741211,PS_037,466.92930170767926,44.23137842654951,2.7928401416547226
26.32148164644174,14.191387814035055,2024-12-14T13:30:00Z,14,14,14,14,14,14,1,14,14,14,743.9391853452523,118.49575101842879,,,,,,,,,,35.89873456480042,578.6593763772207,68.5999984741211,PS_037,489.6143832292298,76.53469806940753,3.5680982303294577
25.912391314773444,14.191642556754866,2024-12-14T13:45:00Z,13,13,13,13,13,13,1,13,13,13,511.08497672222836,81.54053860700752,,,,,,,,,,33.792785283070565,443.8417047641058,68.5999984741211,PS_037,545.52264148675,68.74985091363398,4.429620370700165
26.893048162792105,14.190575895277695,2024-12-14T14:00:00Z,14,14,14,14,14,14,1,14,14,14,865.6549654610128,126.61169743981263,,,,,,,,,,37.37135185231085,706.835212316287,68.5999984741211,PS_037,556.939515632289,66.23960403240613,3.5897900383280903
26.593587383992435,14.190472099630442,2024-12-14T14:15:00Z,14,14,14,14,14,14,1,14,14,14,629.0355667491106,94.60749644959677,,,,,,,,,,36.79607900755996,528.9320312937001,68.5999984741211,PS_037,557.791664707436,74.17508714518002,4.143960949659143
27.17324269514702,14.189290868788289,2024-12-14T14:30:00Z,13,13,13,13,13,13,1,13,13,13,703.8449755637088,101.68407250313679,,,,,,,,,,35.62109470373901,607.3717099541726,68.5999984741211,PS_037,595.9913530399846,56.63687435546163,3.360639847286213
28.460370981364797,14.188993859950617,2024-12-14T14:45:00Z,14,14,14,14,14,14,1,14,14,14,657.4711296247049,97.577994717434,,,,,,,,,,39.92271638607135,570.3687321951969,68.5999984741211,PS_037,584.634388410395,171.70238030649207,2.156499724742246
28.616942976052414,14.19044390796308,2024-12-14T15:00:00Z,13,13,13,13,13,13,1,13,13,13,909.4754297365921,118.88528280142552,,,,,,,,,,40.538594174422144,806.5629552988261,68.5999984741211,PS_037,677.174565497381,46.35282765363851,3.786584718680278
28.71686553668012,14.189673734915013,2024-12-14T15:15:00Z,14,14,14,14,14,14,1,14,14,14,667.7955701017685,92.49152593786538,,,,,,,,,,41.51834709776199,577.3879028914496,68.5999984741211,PS_037,617.6786002440687,67.49583983257155,3.270819839926869
27.732755687407355,14.188736469160986,2024-12-14T15:30:00Z,14,14,14,14,14,14,1,14,14,14,350.9478578240854,58.14695310150586,,,,,,,,,,34.10225352367167,282.4661060573934,68.5999984741211,PS_037,486.07449835558566,89.48319976167366,3.3369429554680923
27.501739952724886,14.188930345022966,2024-12-14T15:45:00Z,13,13,13,13,13,13,1,13,13,13,303.08121599677264,49.2852162882353,,,,,,,,,,31.02934858967321,246.98720483716187,68.5999984741211,PS_037,500.4513882759849,120.64314186538301,3.0938168014669687
26.94274430141101,14.187954635045676,2024-12-14T16:00:00Z,14,14,14,14,14,14,1,14,14,14,241.92260098336808,39.14948120696845,,,,,,,,,,29.075280181025693,200.7819491372401,68.5999984741211,PS_037,513.1644259806488,73.70552919414114,3.0621655053310617
26.542497324408764,14.18911548882628,2024-12-14T16:15:00Z,13,13,13,13,13,13,1,13,13,13,203.48225024221878,31.80112009949026,,,,,,,,,,28.60758792415144,168.21957149322375,68.5999984741211,PS_037,528.7374266053455,62.740111684532934,2.9776412872502376
26.110848499620072,14.189812020829287,2024-12-14T16:30:00Z,14,14,14,14,14,14,1,14,14,14,159.8491325737481,24.116327247239344,,,,,,,,,,25.557481930157774,132.56336553004698,68.5999984741211,PS_037,550.1701373949963,99.0237798219445,1.9526390975862387
25.689687133768427,14.189046773005982,2024-12-14T16:45:00Z,14,14,14,14,14,14,1,14,14,14,150.19884268173664,21.179165001183243,,,,,,,,,,24.245761774001092,119.89163298026868,68.5999984741211,PS_037,565.4565414877326,166.53995003729003,0.9327444572304169
25.30790771299519,14.18802428254355,2024-12-14T17:00:00Z,13,13,13,13,13,13,1,13,13,13,96.95505046274495,14.054816375963927,,,,,,,,,,23.517360180948547,74.99547914831847,68.5999984741211,PS_037,534.4665227760078,173.99085182618822,0.5159748367231839
25.04121880645873,14.189370046756357,2024-12-14T17:15:00Z,14,14,14,14,14,14,1,14,14,14,120.35650078342634,15.799875443980381,,,,,,,,,,23.699619581005294,108.6723277944353,68.5999984741211,PS_037,688.771615596836,114.90845669192502,0.3725614141360457
24.7657633641641,14.190826939860633,2024-12-14T17:30:00Z,14,14,14,14,14,14,1,14,14,14,180.39423191464047,24.80537136519223,,,,,,,,,,24.04005627956209,155.1260690759548,69.0,PS_037,625.0906221649851,49.63706504970493,1.425476102606785
24.318228514807622,14.192086737735535,2024-12-14T17:45:00Z,13,13,13,13,13,13,1,13,13,13,97.68076390344056,14.26125149541936,,,,,,,,,,22.99364329400425,76.08131851691746,69.0,PS_037,538.8674117321385,85.57109598462031,1.42765916527675
23.95289932793445,14.192082351145874,2024-12-14T18:00:00Z,14,14,14,14,14,14,1,14,14,14,50.66536553688369,6.828609077846113,,,,,,,,,,22.794799904965203,40.8316313249269,69.0,PS_037,607.0054417319783,91.29205974059768,1.0668688067970966
23.85824400631751,14.190272135081234,2024-12-14T18:15:00Z,13,13,13,13,13,13,1,13,13,13,47.77146920720984,5.659319025597354,,,,,,,,,,21.599261897503855,40.37922792606582,69.0,PS_037,711.0770703039636,138.62037612693237,1.9603300125686027
23.493246894908015,14.19068300863805,2024-12-14T18:30:00Z,14,14,14,14,14,14,1,14,14,14,23.759588861008258,2.391156859251015,,,,,,,,,,19.709949478576455,21.286197605686848,69.0,PS_037,908.5347217734092,120.69347707126869,1.334488342012101
22.509915472875132,14.19010898596026,2024-12-14T18:45:00Z,12,12,12,12,12,12,1,12,12,12,10.694978144212731,-1.5791006999251218,,,,,,,,,,16.774076885731557,10.4074107105063,71.20000457763672,PS_037,284.83064949947175,170.25784113095392,3.168361042331774
21.897806379986214,14.190756908585513,2024-12-14T19:00:00Z,5,5,5,5,5,5,1,5,5,5,10.836247067963466,-0.33492988688771624,,,,,,,,,,15.849545217938282,11.165338196316382,74.80000305175781,PS_037,-4908.933138556473,193.3901398035828,2.9240236080949464
,,2024-12-14T19:15:00Z,0,0,0,0,0,0,1,0,0,0,,,,,,,,,,,,,,75.0,PS_037,,,
,,2024-12-14T19:30:00Z,0,0,0,0,0,0,1,0,0,0,,,,,,,,,,,,,,75.0,PS_037,,,
,,2024-12-14T19:45:00Z,0,0,0,0,0,0,1,0,0,0,,,,,,,,,,,,,,75.0,PS_037,,,
,,2024-12-14T20:00:00Z,0,0,0,0,0,0,1,0,0,0,,,,,,,,,,,,,,75.0,PS_037,,,
,,2024-12-14T20:15:00Z,0,0,0,0,0,0,1,0,0,0,,,,,,,,,,,,,,75.0,PS_037,,,
,,2024-12-14T20:30:00Z,0,0,0,0,0,0,1,0,0,0,,,,,,,,,,,,,,75.0,PS_037,,,
,,2024-12-14T20:45:00Z,0,0,0,0,0,0,1,0,0,0,,,,,,,,,,,,,,75.0,PS_037,,,
,,2024-12-14T21:00:00Z,0,0,0,0,0,0,1,0,0,0,,,,,,,,,,,,,,75.0,PS_037,,,
,,2024-12-14T21:15:00Z,0,0,0,0,0,0,1,0,0,0,,,,,,,,,,,,,,75.0,PS_037,,,
,,2024-12-14T21:30:00Z,0,0,0,0,0,0,1,0,0,0,,,,,,,,,,,,,,75.0,PS_037,,,
,,2024-12-14T21:45:00Z,0,0,0,0,0,0,1,0,0,0,,,,,,,,,,,,,,75.0,PS_037,,,
,,2024-12-14T22:00:00Z,0,0,0,0,0,0,1,0,0,0,,,,,,,,,,,,,,75.0,PS_037,,,
,,2024-12-14T22:15:00Z,0,0,0,0,0,0,1,0,0,0,,,,,,,,,,,,,,75.0,PS_037,,,
,,2024-12-14T22:30:00Z,0,0,0,0,0,0,1,0,0,0,,,,,,,,,,,,,,75.0,PS_037,,,
,,2024-12-14T22:45:00Z,0,0,0,0,0,0,1,0,0,0,,,,,,,,,,,,,,75.0,PS_037,,,
,,2024-12-14T23:00:00Z,0,0,0,0,0,0,1,0,0,0,,,,,,,,,,,,,,75.0,PS_037,,,
,,2024-12-14T23:15:00Z,0,0,0,0,0,0,1,0,0,0,,,,,,,,,,,,,,75.0,PS_037,,,
,,2024-12-14T23:30:00Z,0,0,0,0,0,0,1,0,0,0,,,,,,,,,,,,,,75.0,PS_037,,,
,,2024-12-14T23:45:00Z,0,0,0,0,0,0,1,0,0,0,,,,,,,,,,,,,,75.0,PS_037,,,
,,2024-12-15T00:00:00Z,0,0,0,0,0,0,1,0,0,0,,,,,,,,,,,,,,75.0,PS_037,,,
,,2024-12-15T00:15:00Z,0,0,0,0,0,0,1,0,0,0,,,,,,,,,,,,,,75.0,PS_037,,,
,,2024-12-15T00:30:00Z,0,0,0,0,0,0,1,0,0,0,,,,,,,,,,,,,,75.0,PS_037,,,
,,2024-12-15T00:45:00Z,0,0,0,0,0,0,1,0,0,0,,,,,,,,,,,,,,75.0,PS_037,,,
,,2024-12-15T01:00:00Z,0,0,0,0,0,0,1,0,0,0,,,,,,,,,,,,,,75.0,PS_037,,,
,,2024-12-15T01:15:00Z,0,0,0,0,0,0,1,0,0,0,,,,,,,,,,,,,,75.0,PS_037,,,
,,2024-12-15T01:30:00Z,0,0,0,0,0,0,1,0,0,0,,,,,,,,,,,,,,75.0,PS_037,,,
,,2024-12-15T01:45:00Z,0,0,0,0,0,0,1,0,0,0,,,,,,,,,,,,,,75.0,PS_037,,,
,,2024-12-15T02:00:00Z,0,0,0,0,0,0,1,0,0,0,,,,,,,,,,,,,,75.0,PS_037,,,
,,2024-12-15T02:15:00Z,0,0,0,0,0,0,1,0,0,0,,,,,,,,,,,,,,75.0,PS_037,,,
,,2024-12-15T02:30:00Z,0,0,0,0,0,0,1,0,0,0,,,,,,,,,,,,,,75.0,PS_037,,,
,,2024-12-15T02:45:00Z,0,0,0,0,0,0,1,0,0,0,,,,,,,,,,,,,,75.0,PS_037,,,
,,2024-12-15T03:00:00Z,0,0,0,0,0,0,1,0,0,0,,,,,,,,,,,,,,75.0,PS_037,,,
,,2024-12-15T03:15:00Z,0,0,0,0,0,0,1,0,0,0,,,,,,,,,,,,,,75.0,PS_037,,,
,,2024-12-15T03:30:00Z,0,0,0,0,0,0,1,0,0,0,,,,,,,,,,,,,,75.0,PS_037,,,
,,2024-12-15T03:45:00Z,0,0,0,0,0,0,1,0,0,0,,,,,,,,,,,,,,75.0,PS_037,,,
,,2024-12-15T04:00:00Z,0,0,0,0,0,0,1,0,0,0,,,,,,,,,,,,,,75.0,PS_037,,,
,,2024-12-15T04:15:00Z,0,0,0,0,0,0,1,0,0,0,,,,,,,,,,,,,,75.0,PS_037,,,
,,2024-12-15T04:30:00Z,0,0,0,0,0,0,1,0,0,0,,,,,,,,,,,,,,75.0,PS_037,,,
,,2024-12-15T04:45:00Z,0,0,0,0,0,0,1,0,0,0,,,,,,,,,,,,,,75.0,PS_037,,,
,,2024-12-15T05:00:00Z,0,0,0,0,0,0,1,0,0,0,,,,,,,,,,,,,,75.0,PS_037,,,
,,2024-12-15T05:15:00Z,0,0,0,0,0,0,1,0,0,0,,,,,,,,,,,,,,75.0,PS_037,,,
,,2024-12-15T05:30:00Z,0,0,0,0,0,0,1,0,0,0,,,,,,,,,,,,,,75.0,PS_037,,,
,,2024-12-15T05:45:00Z,0,0,0,0,0,0,1,0,0,0,,,,,,,,,,,,,,75.0,PS_037,,,
,,2024-12-15T06:00:00Z,0,0,0,0,0,0,1,0,0,0,,,,,,,,,,,,,,75.0,PS_037,,,
,,2024-12-15T06:15:00Z,0,0,0,0,0,0,1,0,0,0,,,,,,,,,,,,,,75.0,PS_037,,,
,,2024-12-15T06:30:00Z,0,0,0,0,0,0,1,0,0,0,,,,,,,,,,,,,,75.0,PS_037,,,
,,2024-12-15T06:45:00Z,0,0,0,0,0,0,1,0,0,0,,,,,,,,,,,,,,75.0,PS_037,,,
,,2024-12-15T07:00:00Z,0,0,0,0,0,0,1,0,0,0,,,,,,,,,,,,,,75.0,PS_037,,,
,,2024-12-15T07:15:00Z,0,0,0,0,0,0,1,0,0,0,,,,,,,,,,,,,,75.0,PS_037,,,
,,2024-12-15T07:30:00Z,0,0,0,0,0,0,1,0,0,0,,,,,,,,,,,,,,75.0,PS_037,,,
,,2024-12-15T07:45:00Z,0,0,0,0,0,0,1,0,0,0,,,,,,,,,,,,,,75.0,PS_037,,,
,,2024-12-15T08:00:00Z,0,0,0,0,0,0,1,0,0,0,,,,,,,,,,,,,,75.0,PS_037,,,
,,2024-12-15T08:15:00Z,0,0,0,0,0,0,1,0,0,0,,,,,,,,,,,,,,75.0,PS_037,,,
,,2024-12-15T08:30:00Z,0,0,0,0,0,0,1,0,0,0,,,,,,,,,,,,,,75.0,PS_037,,,
,,2024-12-15T08:45:00Z,0,0,0,0,0,0,1,0,0,0,,,,,,,,,,,,,,75.0,PS_037,,,
,,2024-12-15T09:00:00Z,0,0,0,0,0,0,1,0,0,0,,,,,,,,,,,,,,75.0,PS_037,,,
,,2024-12-15T09:15:00Z,0,0,0,0,0,0,1,0,0,0,,,,,,,,,,,,,,75.0,PS_037,,,
,,2024-12-15T09:30:00Z,0,0,0,0,0,0,1,0,0,0,,,,,,,,,,,,,,75.0,PS_037,,,
,,2024-12-15T09:45:00Z,0,0,0,0,0,0,1,0,0,0,,,,,,,,,,,,,,75.0,PS_037,,,
,,2024-12-15T10:00:00Z,0,0,0,0,0,0,1,0,0,0,,,,,,,,,,,,,,75.0,PS_037,,,
,,2024-12-15T10:15:00Z,0,0,0,0,0,0,1,0,0,0,,,,,,,,,,,,,,75.0,PS_037,,,
,,2024-12-15T10:30:00Z,0,0,0,0,0,0,1,0,0,0,,,,,,,,,,,,,,75.0,PS_037,,,
,,2024-12-15T10:45:00Z,0,0,0,0,0,0,1,0,0,0,,,,,,,,,,,,,,75.0,PS_037,,,
,,2024-12-15T11:00:00Z,0,0,0,0,0,0,1,0,0,0,,,,,,,,,,,,,,75.0,PS_037,,,
,,2024-12-15T11:15:00Z,0,0,0,0,0,0,1,0,0,0,,,,,,,,,,,,,,75.0,PS_037,,,
,,2024-12-15T11:30:00Z,0,0,0,0,0,0,1,0,0,0,,,,,,,,,,,,,,75.0,PS_037,,,
19.678012414701975,13.791825154614092,2024-12-15T11:45:00Z,12,12,12,12,12,12,1,12,12,12,312.8021317620201,52.99261770699981,,,,,,,,,,27.292897216532783,276.9218199446098,82.0,PS_037,520.6000275207625,143.2047122610754,3.9496152540408884
20.4377926219155,13.837911558822858,2024-12-15T12:00:00Z,14,14,14,14,14,14,1,14,14,14,290.2093653513583,46.67772692829783,,,,,,,,,,29.199154941028855,260.6308218754115,82.0,PS_037,550.0267071892948,69.9818874457977,3.346471377604666
19.926511070557908,13.887070713148539,2024-12-15T12:15:00Z,13,13,13,13,13,13,1,13,13,13,296.84095791704453,42.31884063823638,,,,,,,,,,28.358187604733327,269.35417314602086,82.0,PS_037,625.9829817914073,96.7064768726017,3.2160936034863776
19.343997637370943,13.930210124273453,2024-12-15T12:30:00Z,14,14,14,14,14,14,1,14,14,14,294.85090149335286,42.6925255436838,,,,,,,,,,28.59899188602958,263.20366912420087,82.0,PS_037,616.1617829797221,64.10034484615612,3.6606617394525585
17.356624624037966,13.967442061188086,2024-12-15T12:45:00Z,13,13,13,13,13,13,1,13,13,13,202.54262812837493,27.291330059524334,,,,,,,,,,28.693346005270172,190.20830933257008,82.0,PS_037,696.248284770361,116.19802154614335,2.77060710975895
16.57445124495735,13.996204354528428,2024-12-15T13:00:00Z,14,14,14,14,14,14,1,14,14,14,569.862086252516,65.24920403601708,,,,,,,,,,31.364132172643664,562.6533021325472,82.0,PS_037,835.9558151861243,163.87736456781698,2.941673410071198
14.883704208829668,14.018847342259471,2024-12-15T13:15:00Z,13,13,13,13,13,13,1,13,13,13,1209.2640684933617,104.87072115412568,,,,,,,,,,45.65730681570942,1306.9502921185654,82.0,PS_037,1223.4733505586967,72.70515167253402,5.061013300271628
14.396838711989089,14.036531886319821,2024-12-15T13:30:00Z,14,14,14,14,14,14,1,14,14,14,1022.6461714109214,90.12538134847314,,,,,,,,,,47.62880532082726,1039.345467812553,82.0,PS_037,1121.0433654202354,70.82904906440511,3.4974889998466
21.66956734721004,14.049818470654337,2024-12-15T13:45:00Z,14,14,14,14,14,14,1,14,14,14,874.727888587676,76.23185389727371,,,,,,,,,,47.45871837382491,913.2629697989312,82.0,PS_037,1159.2691334550843,66.51161945482045,3.481702553391853
22.82326948473987,14.059484795180758,2024-12-15T14:00:00Z,13,13,13,13,13,13,1,13,13,13,1267.9682387450787,110.79330521286866,,,,,,,,,,49.408030554169706,1287.2006172323636,82.0,PS_037,1115.736984090868,153.9419683558164,3.4375154155172507
22.47040841509448,14.070585699942415,2024-12-15T14:15:00Z,14,14,14,14,14,14,1,14,14,14,371.061540871033,38.01379794955408,,,,,,,,,,42.45384289949544,371.318455436368,82.0,PS_037,945.5250399743927,161.79567892283254,3.5256298054377084
21.944177035789338,14.080427048193028,2024-12-15T14:30:00Z,13,13,13,13,13,13,1,13,13,13,435.6769366639542,48.82838980151804,,,,,,,,,,33.53953748588857,434.5395608162189,82.0,PS_037,887.0460269107709,90.7326359203646,4.157048771525471
22.122871421992723,14.090757907234577,2024-12-15T14:45:00Z,14,14,14,14,14,14,1,14,14,14,364.8742899479051,41.910229652106935,,,,,,,,,,32.28107153332558,361.54349888669304,82.0,PS_037,856.6013545630304,92.16426295159837,3.28152054312816
22.229289862968695,14.098121131403056,2024-12-15T15:00:00Z,8,8,8,8,8,8,1,8,8,8,356.4648276730224,41.501634372811885,,,,,,,,,,31.951873215294334,351.00869789645037,82.0,PS_037,833.5861414275566,101.29268271818846,2.496799108823399
,,2024-12-15T15:15:00Z,0,0,0,0,0,0,1,0,0,0,,,,,,,,,,,,,,82.0,PS_037,,,
,,2024-12-15T15:30:00Z,0,0,0,0,0,0,1,0,0,0,,,,,,,,,,,,,,82.0,PS_037,,,
,,2024-12-15T15:45:00Z,0,0,0,0,0,0,1,0,0,0,,,,,,,,,,,,,,82.0,PS_037,,,
,,2024-12-15T16:00:00Z,0,0,0,0,0,0,1,0,0,0,,,,,,,,,,,,,,82.0,PS_037,,,
,,2024-12-15T16:15:00Z,0,0,0,0,0,0,1,0,0,0,,,,,,,,,,,,,,82.0,PS_037,,,
,,2024-12-15T16:30:00Z,0,0,0,0,0,0,1,0,0,0,,,,,,,,,,,,,,82.0,PS_037,,,
,,2024-12-15T16:45:00Z,0,0,0,0,0,0,1,0,0,0,,,,,,,,,,,,,,82.0,PS_037,,,
,,2024-12-15T17:00:00Z,0,0,0,0,0,0,1,0,0,0,,,,,,,,,,,,,,82.0,PS_037,,,
,,2024-12-15T17:15:00Z,0,0,0,0,0,0,1,0,0,0,,,,,,,,,,,,,,82.0,PS_037,,,
,,2024-12-15T17:30:00Z,0,0,0,0,0,0,1,0,0,0,,,,,,,,,,,,,,82.0,PS_037,,,
,,2024-12-15T17:45:00Z,0,0,0,0,0,0,1,0,0,0,,,,,,,,,,,,,,82.0,PS_037,,,
24.386479790682042,13.08608370494792,2024-12-15T18:00:00Z,11,11,11,11,11,11,1,11,11,11,250.80227296195616,45.950718545940475,,,,,,,,,,32.58938983310438,254.4287189250639,82.0,PS_037,561.2405012350134,95.47309627207066,3.9961726800900594
24.740471231391144,13.070514869421906,2024-12-15T18:15:00Z,14,14,14,14,14,14,1,14,14,14,312.10020589258846,63.65147852934708,,,,,,,,,,32.07450183999186,317.9767687458793,82.0,PS_037,500.3244691468216,87.4170120096226,2.494831814185117
24.834308339421412,13.056538859313516,2024-12-15T18:30:00Z,13,13,13,13,13,13,1,13,13,13,367.2051299573951,72.29499580985984,,,,,,,,,,33.49672401959033,412.44726619564454,82.0,PS_037,548.9866381266269,160.7976232663012,2.7142670010264993
24.382890252236564,13.043146814442181,2024-12-15T18:45:00Z,14,14,14,14,14,14,1,14,14,14,457.56478924362733,80.10084182246189,,,,,,,,,,39.33008396806315,567.444994939188,82.0,PS_037,673.4374357615376,130.94609725753395,2.3314488693020667
24.80798293316277,13.031296410159767,2024-12-15T19:00:00Z,14,14,14,14,14,14,1,14,14,14,666.3257898898484,95.33888012171231,,,,,,,,,,42.65453912315993,976.2165471580153,82.0,PS_037,987.3682708394292,96.50785096496404,3.3067258481613755
25.436447911313,13.021741313527613,2024-12-15T19:15:00Z,13,13,13,13,13,13,1,13,13,13,574.6028473479852,82.89143949069125,,,,,,,,,,47.81988934691681,907.6481045690373,82.0,PS_037,1057.0576323201972,139.16381294498086,2.7547425288500924
25.73610003424027,13.010469002359887,2024-12-15T19:30:00Z,14,14,14,14,14,14,1,14,14,14,363.7095324286672,58.31636138814055,,,,,,,,,,42.21262486774344,566.5575051052009,82.0,PS_037,921.3041585254525,106.32451738902466,2.7703490556667068
25.599269182131223,12.999380803281529,2024-12-15T19:45:00Z,13,13,13,13,13,13,1,13,13,13,167.7009259875846,29.3277985280636,,,,,,,,,,39.99826422994201,201.92318458920698,82.0,PS_037,600.3704696441296,120.18029105762477,2.156121591597384
24.67743913972168,12.987425827616594,2024-12-15T20:00:00Z,14,14,14,14,14,14,1,14,14,14,125.32898607382863,16.197958960753866,,,,,,,,,,29.915169889218706,123.1287871867027,82.0,PS_037,759.5658855968463,77.11611292133375,2.6329207596751516
23.688034756898944,12.977126658763682,2024-12-15T20:15:00Z,14,14,14,14,14,14,1,14,14,14,104.00884013881942,14.527447900918645,,,,,,,,,,27.241532066498245,115.42064973358931,82.0,PS_037,786.8053628864837,77.02847564467974,3.1934065536816303
23.901795989362945,12.966013552627205,2024-12-15T20:30:00Z,13,13,13,13,13,13,1,13,13,13,61.189976927299256,8.241152550731428,,,,,,,,,,25.833723733718568,54.508916118977425,82.0,PS_037,660.8373718444243,47.839172574552514,3.119269078005197
23.552807286615547,12.952796169526348,2024-12-15T20:45:00Z,14,14,14,14,14,14,1,14,14,14,33.470371901625896,3.4915143230664016,,,,,,,,,,24.67120826855151,28.241921738907084,82.0,PS_037,861.1670516359147,41.3380018058587,2.432098240956938
23.01016910513396,12.938890205147915,2024-12-15T21:00:00Z,11,11,11,11,11,11,1,11,11,11,13.754978907870264,0.1361006173455237,,,,,,,,,,23.190478913466187,12.24162010416158,82.0,PS_037,-6069.312342260779,75.29568314767883,1.8991795026013338
22.797412951829195,12.927680531615565,2024-12-15T21:15:00Z,8,8,8,8,8,8,1,8,8,8,7.669754670499297,-0.21769819347969657,,,,,,,,,,22.37838830894282,7.151087121197385,82.0,PS_037,1916.428237675583,69.39350696591237,2.5580445152166233
22.4110477015481,12.913201121441997,2024-12-15T21:30:00Z,14,14,14,14,14,14,1,14,14,14,0.9128247612859085,-1.1506411767409628,,,,,,,,,,21.400596760546623,0.7368849429199664,82.0,PS_037,-70.99249364558571,133.33895118938437,1.5248332985510296
22.4391645449564,12.900591188006452,2024-12-15T21:45:00Z,13,13,13,13,13,13,1,13,13,13,-1.2373626911467066,-1.4397925457063132,,,,,,,,,,20.804673548324757,-1.3682692107261294,82.0,PS_037,91.06234364434275,177.99387641300075,1.1103225286632796
21.50492399623513,12.889685344187939,2024-12-15T22:00:00Z,14,14,14,14,14,14,1,14,14,14,-2.963378158480653,-1.4529946909064857,,,,,,,,,,20.299055433929517,-2.5294354208659793,82.0,PS_037,171.70145259139355,100.65258595544185,2.4168339640507015
20.970955955142706,12.877164142709278,2024-12-15T22:15:00Z,14,14,14,14,14,14,1,14,14,14,-0.8542841298603461,-1.1615235223833018,,,,,,,,,,20.01492093996648,-0.4723003519924876,82.20000457763672,PS_037,32.516813368475745,98.12029795404982,2.4021060070083142
21.37381867692487,12.863237960266266,2024-12-15T22:30:00Z,9,9,9,9,9,9,1,9,9,9,0.5788367862323827,-0.45070395761328824,,,,,,,,,,19.999999999999996,0.5450821739150264,82.5999984741211,PS_037,-124.32969069983828,215.69433998218912,2.466039961361672
20.669238615885774,12.852183335839733,2024-12-15T22:45:00Z,13,13,13,13,13,13,1,13,13,13,-0.24352901958261178,-1.0667930717816703,,,,,,,,,,19.729769966097646,0.21672741457803762,83.20000457763672,PS_037,-30.51328316444749,195.56513061685447,1.6955671190692876
19.91141993053592,12.840622569701448,2024-12-15T23:00:00Z,14,14,14,14,14,14,1,14,14,14,-0.4772276349190359,-1.2975872949946896,,,,,,,,,,19.416348149642694,-0.26028295273736807,83.5999984741211,PS_037,18.855217035145838,164.98518322136323,2.278239717751733
20.32855481643747,12.830292116367833,2024-12-15T23:15:00Z,11,11,11,11,11,11,1,11,11,11,0.07139688273418977,0.24150296238761226,,,,,,,,,,19.540606845769688,1.4733548965031846,84.20000457763672,PS_037,284.32181551868473,145.79530633920203,2.6492638251425493
19.198683940339908,12.817573760684727,2024-12-15T23:30:00Z,11,11,11,11,11,11,1,11,11,11,-0.47579617865586277,-0.48806774870181574,,,,,,,,,,19.499999999999996,0.34387093269268826,85.0,PS_037,51.70533959239769,159.25776399025514,2.61507952837789
18.6054224234518,12.80909972930415,2024-12-15T23:45:00Z,14,14,14,14,14,14,1,14,14,14,-0.3983942441189654,-0.8759241565235841,,,,,,,,,,19.221117737741206,-0.2648319116370244,86.4000015258789,PS_037,29.68273695971819,115.00490929185231,1.6861308957932588
18.18266451252472,12.797770799838082,2024-12-16T00:00:00Z,13,13,13,13,13,13,1,13,13,13,-0.6750337921464642,-0.5270541793292843,,,,,,,,,,19.200000762939453,-0.4126189180088128,87.0,PS_037,83.27117492414477,257.7719821556068,1.744816388530764
18.06921554289748,12.790753160952406,2024-12-16T00:15:00Z,10,10,10,10,10,10,1,10,10,10,-0.12783016271590666,-0.6715565195692627,,,,,,,,,,18.954835899163996,-0.222776916473868,87.5999984741211,PS_037,35.328910691634874,57.3282818626225,2.8410084861617486
18.190731886045985,12.782638756575468,2024-12-16T00:30:00Z,13,13,13,13,13,13,1,13,13,13,1.3614994710339061,-0.6808641568800182,,,,,,,,,,18.660403952285705,-0.1282489242387411,87.80000305175781,PS_037,-18.6292134860956,77.90418608088412,2.570640779511532
18.24649592617126,12.772409566721299,2024-12-16T00:45:00Z,14,14,14,14,14,14,1,14,14,14,2.444475905126415,-0.5200821323514907,,,,,,,,,,18.410600308921246,-0.32457386030433616,87.80000305175781,PS_037,61.542958510482755,66.9376765039473,2.337543805936342
17.844896522547046,12.764386472708201,2024-12-16T01:00:00Z,10,10,10,10,10,10,1,10,10,10,-0.6872693065580509,-0.9815361427133177,,,,,,,,,,18.22044873006339,-1.0881129073429694,87.80000305175781,PS_037,114.52239921659879,43.14233742562238,1.178695895627973
17.149947591131088,12.75811223616509,2024-12-16T01:15:00Z,13,13,13,13,13,13,1,13,13,13,-0.7880369511241182,-1.056074162551563,,,,,,,,,,17.785692018129218,-0.8285482031017226,87.80000305175781,PS_037,75.11735594528731,62.483019863582946,1.4839048252689486
17.24337407158796,12.750369433124918,2024-12-16T01:30:00Z,14,14,14,14,14,14,1,14,14,14,-0.6997968669766503,-0.5633825917459541,,,,,,,,,,17.53562246725325,-0.664785074776505,87.80000305175781,PS_037,116.82814098489594,93.8126724540035,0.8968253886285101
18.07647750222903,12.740109199086792,2024-12-16T01:45:00Z,12,12,12,12,12,12,1,12,12,12,0.7869253365140679,0.48135744389689367,,,,,,,,,,17.79999923706055,-0.18125227641103883,87.80000305175781,PS_037,25.050082693927425,111.26699306703962,1.8057618003784783
18.00256290371953,12.736078124866768,2024-12-16T02:00:00Z,13,13,13,13,13,13,1,13,13,13,-1.4430332294473096,-0.994421758999483,,,,,,,,,,17.554323910024756,-1.4625903926631638,87.80000305175781,PS_037,153.59560064394427,125.36276898212178,2.0570456135018014
17.370710728752616,12.731535032781899,2024-12-16T02:15:00Z,14,14,14,14,14,14,1,14,14,14,-1.0172507273640703,-0.841841578565418,,,,,,,,,,17.371520285115547,-0.5606852326562125,87.80000305175781,PS_037,67.89758040302682,92.02660762574519,2.4680264909038563
17.352582726723586,12.724868895085963,2024-12-16T02:30:00Z,13,13,13,13,13,13,1,13,13,13,-0.6703474344094408,-0.3539432742278165,,,,,,,,,,17.309961373343008,-0.8947709683394282,87.80000305175781,PS_037,272.18694140535365,75.68306300148741,2.5115936013055897
17.569293012543174,12.717792724440168,2024-12-16T02:45:00Z,14,14,14,14,14,14,1,14,14,14,-0.17238961770427969,-0.3582855735360034,,,,,,,,,,17.341992732191013,-0.8031053571222108,87.80000305175781,PS_037,220.5011562805626,82.50387236108082,2.9425244432738373
17.846198843787505,12.711377311373294,2024-12-16T03:00:00Z,11,11,11,11,11,11,1,11,11,11,-0.008163514625729233,0.003534656929307578,,,,,,,,,,17.39454583772213,-0.5687743692889891,87.80000305175781,PS_037,169.40935166508524,80.86117141404922,2.5144380155379373
17.981090344182885,12.706492027123716,2024-12-16T03:15:00Z,12,12,12,12,12,12,1,12,12,12,-0.2177748250632349,-0.5066429825925892,,,,,,,,,,17.347716763263087,-0.9006894818266618,87.80000305175781,PS_037,369.36119737513263,53.41402190980504,2.842187326662632
18.025871155372094,12.699713961401967,2024-12-16T03:30:00Z,13,13,13,13,13,13,1,13,13,13,-0.34190111402611817,-0.34470420771470056,,,,,,,,,,17.343014430829207,-0.6881165424163924,87.80000305175781,PS_037,147.2811308634105,70.13815569899792,2.9861648296960976
18.628154133240137,12.696295573770982,2024-12-16T03:45:00Z,13,13,13,13,13,13,1,13,13,13,0.04765098586683641,-0.1723057860949597,,,,,,,,,,17.533564522748147,-0.8392715507302309,87.80000305175781,PS_037,381.9047557680045,89.87696661070055,2.727703896455471
18.623208079522204,12.691253095460885,2024-12-16T04:00:00Z,13,13,13,13,13,13,1,13,13,13,0.15864921627592715,-0.4603297737908822,,,,,,,,,,17.342987347423687,-0.7951015293769401,87.80000305175781,PS_037,177.31347362630578,76.63671370511622,3.534233734131791
18.845155468533388,12.68522964136473,2024-12-16T04:15:00Z,14,14,14,14,14,14,1,14,14,14,-0.06833060222164236,-0.31381042121674446,,,,,,,,,,17.378768322313828,-0.757060756589164,87.80000305175781,PS_037,239.78366258323354,89.83735652907954,3.629648625701976
18.474571836167136,12.681431983428215,2024-12-16T04:30:00Z,13,13,13,13,13,13,1,13,13,13,-0.7039667584185568,-0.472470523350828,,,,,,,,,,17.330950411048114,-0.9091564382752433,87.80000305175781,PS_037,184.48208749989675,68.13391423550193,3.7591834171229417
18.79530705653204,12.676139329656573,2024-12-16T04:45:00Z,9,9,9,9,9,9,1,9,9,9,-0.32956045608006224,-0.1565698036819362,,,,,,,,,,17.226373821011602,-0.5856257035557544,87.80000305175781,PS_037,-138.50934675281778,88.75233622975489,4.657514756424639
18.509844993645572,12.671216671622096,2024-12-16T05:00:00Z,10,10,10,10,10,10,1,10,10,10,-1.2613475765307747,-0.41928460528955486,,,,,,,,,,17.29999923706055,-1.1959800291200344,87.80000305175781,PS_037,380.5890689531824,47.20233415211821,3.72151479032709
19.144745311474686,12.666589736938477,2024-12-16T05:15:00Z,6,6,6,6,6,6,1,6,6,6,-0.3710346597670964,0.012494009901249948,,,,,,,,,,17.473243061753617,-0.8975795973759803,87.80000305175781,PS_037,-730.4101773978397,78.14189999539904,4.223500723745285
18.685639994281416,12.661012805661656,2024-12-16T05:30:00Z,14,14,14,14,14,14,1,14,14,14,-1.5997970538289419,-0.6307792221185821,,,,,,,,,,17.051119358306963,-1.5057032269749175,87.80000305175781,PS_037,238.5745784490835,56.91108248132015,2.4897684224163186
18.444259660513275,12.656419019796882,2024-12-16T05:45:00Z,14,14,14,14,14,14,1,14,14,14,-1.767241117001869,-0.5693161053518956,,,,,,,,,,16.832573555206782,-1.1540965989746887,87.80000305175781,PS_037,214.77414440887037,73.07374074035216,1.820776285447193
18.65572495748239,12.65276036852395,2024-12-16T06:00:00Z,12,12,12,12,12,12,1,12,12,12,-1.0475271000285604,-0.2247620820306699,,,,,,,,,,16.84556750134197,-0.28675267110374636,87.80000305175781,PS_037,86.61866102769919,88.27528273255363,2.950070873890998
19.024317969232843,12.645867735834221,2024-12-16T06:15:00Z,13,13,13,13,13,13,1,13,13,13,-1.3546764610683133,-0.10228391052939309,,,,,,,,,,17.323979611319842,-1.5755045118496667,87.80000305175781,PS_037,96.08715067250478,54.77817486791422,3.1526291526902432
18.691967849274626,12.642046070003053,2024-12-16T06:30:00Z,13,13,13,13,13,13,1,13,13,13,-0.7932379720791144,-0.36434051240186593,,,,,,,,,,17.037442652921186,-0.87560720380052,87.80000305175781,PS_037,241.6066934757195,71.37339382861367,3.0925183810331904
18.893839176259014,12.638889200662796,2024-12-16T06:45:00Z,13,13,13,13,13,13,1,13,13,13,-1.491921556547549,-0.2906873383929126,,,,,,,,,,17.26611613296103,-1.116849234200558,87.80000305175781,PS_037,417.02660335948985,38.69830228449389,3.3192996420357015
18.91964419858322,12.631504885899266,2024-12-16T07:00:00Z,9,9,9,9,9,9,1,9,9,9,-1.5041322110663025,-0.07843777866737181,,,,,,,,,,17.069619531146884,-1.153854234123871,87.80000305175781,PS_037,699.2281601538147,226.1716536532508,1.8163888198873401
19.352528964758278,12.628243807673373,2024-12-16T07:15:00Z,10,10,10,10,10,10,1,10,10,10,-0.6037157528733407,0.11089042326158666,,,,,,,,,,17.303690002055877,-0.7312037876816369,87.80000305175781,PS_037,-494.4666745027672,80.73490619055218,2.1750571186858587
19.74750579750062,12.622906984140482,2024-12-16T07:30:00Z,7,7,7,7,7,7,1,7,7,7,-0.6821055920497512,0.0487277145996037,,,,,,,,,,17.73624561565979,-0.6461340291809377,87.80000305175781,PS_037,-1362.2894624453077,90.18699665697847,3.1734244485818266
19.765629828307667,12.618654798560074,2024-12-16T07:45:00Z,14,14,14,14,14,14,1,14,14,14,-0.7020637568436333,-0.18904209500371458,,,,,,,,,,17.652017456757605,-0.5852946987837935,87.80000305175781,PS_037,230.3952786528952,88.26028284112489,3.023989682862116
20.155679499184412,12.61474169647854,2024-12-16T08:00:00Z,13,13,13,13,13,13,1,13,13,13,0.9650714781649303,0.22744455628361213,,,,,,,,,,17.894359947124958,1.224834567433009,87.80000305175781,PS_037,340.7342014665646,90.10661599350232,3.3952457862814875
20.2129291674901,12.609186408806844,2024-12-16T08:15:00Z,15,15,15,15,15,15,1,15,15,15,9.59785169826574,1.4951786081745653,,,,,,,,,,17.964807746551706,10.176448967851751,87.80000305175781,PS_037,699.246840452763,112.87003004109293,1.8982386071026969
19.919037802701336,12.604956628407393,2024-12-16T08:30:00Z,16,16,16,16,16,16,1,16,16,16,28.843846519837072,3.7395956458483304,,,,,,,,,,18.14603539656706,29.02407640441329,87.80000305175781,PS_037,780.0652664253536,118.63146519752476,2.3113552698269793
20.84804680446956,12.59960113643918,2024-12-16T08:45:00Z,15,15,15,15,15,15,1,15,15,15,50.05609374201083,6.726319573556621,,,,,,,,,,18.737300710923964,50.989061893707564,87.80000305175781,PS_037,757.7257974977833,227.707655778038,2.5899390503858153
20.842498933651747,12.595292338174918,2024-12-16T09:00:00Z,14,14,14,14,14,14,1,14,14,14,66.6461253806445,8.456423548527708,,,,,,,,,,19.309779067662166,68.16299802979452,87.80000305175781,PS_037,806.4630723252953,228.38048209431122,1.6536762743280646
22.16991029113035,12.592549351734105,2024-12-16T09:15:00Z,13,13,13,13,13,13,1,13,13,13,87.29290318234496,11.872977009885599,,,,,,,,,,20.453055435872056,89.08624246683065,87.80000305175781,PS_037,751.5001226847951,158.78429989722758,3.305398859563365
21.658761445485347,12.589935408244656,2024-12-16T09:30:00Z,14,14,14,14,14,14,1,14,14,14,114.40321570921506,13.830163328819655,,,,,,,,,,21.444159903438536,118.76066095641688,87.80000305175781,PS_037,864.1511234892024,60.5703273898681,2.2201751312500315
22.341109358869076,12.58553574476199,2024-12-16T09:45:00Z,13,13,13,13,13,13,1,13,13,13,109.72699765652328,15.805650498069102,,,,,,,,,,22.663008763499633,105.61648134529241,87.80000305175781,PS_037,670.2217801873181,170.38556902948946,2.6340114919731206
23.079455675824562,12.582783166170561,2024-12-16T10:00:00Z,14,14,14,14,14,14,1,14,14,14,138.1426665978517,23.060368635554894,,,,,,,,,,24.085031633209542,125.32633825527418,87.80000305175781,PS_037,546.089190259163,141.83785106639027,2.6527732828821886
23.89596973262347,12.581462795519057,2024-12-16T10:15:00Z,14,14,14,14,14,14,1,14,14,14,194.90898556552932,39.96206856819531,,,,,,,,,,25.640125815204033,173.38924249102325,87.80000305175781,PS_037,434.09771550883113,128.60123012654105,2.6160211075847237
24.213634906751793,12.57523909714331,2024-12-16T10:30:00Z,13,13,13,13,13,13,1,13,13,13,212.09341523257422,48.90963798168114,,,,,,,,,,27.69129974950814,187.76348132086636,87.80000305175781,PS_037,388.81138347578144,215.57796934717817,1.7296348854359296
24.240297630259757,12.574507611940728,2024-12-16T10:45:00Z,14,14,14,14,14,14,1,14,14,14,246.6153046776917,56.648051688934125,,,,,,,,,,28.368743119488105,208.79666362750658,87.80000305175781,PS_037,368.01318409779833,199.03328270880857,3.2665136528815077
24.61860687399607,12.573187328969926,2024-12-16T11:00:00Z,13,13,13,13,13,13,1,13,13,13,264.82663424344554,58.32673488484126,,,,,,,,,,29.595499705511028,224.44335624204464,87.80000305175781,PS_037,383.282441588079,179.38332692434278,2.3042236001414818
24.392643815140712,12.572902600871812,2024-12-16T11:15:00Z,14,14,14,14,14,14,1,14,14,14,219.42311368746732,50.30913845268445,,,,,,,,,,29.935147111979933,170.20932903696684,87.80000305175781,PS_037,334.7368210942777,178.2859047108189,2.6128737653207774
24.603081175126924,12.57017807362814,2024-12-16T11:30:00Z,14,14,14,14,14,14,1,14,14,14,208.7998584579276,43.31546283868239,,,,,,,,,,29.212235421649268,165.12720276687182,87.80000305175781,PS_037,381.6240227638211,113.30328399967765,2.2907872348838834
24.47557508651927,12.568688060199625,2024-12-16T11:45:00Z,13,13,13,13,13,13,1,13,13,13,197.69975381780262,38.36299617081113,,,,,,,,,,28.45837608662987,164.02671276173564,87.80000305175781,PS_037,428.29613874208906,111.37252000350855,2.753322548676283
24.71713881696289,12.565409161985682,2024-12-16T12:00:00Z,14,14,14,14,14,14,1,14,14,14,170.90276577207774,33.85723602357544,,,,,,,,,,28.300440012869014,143.32055435971824,87.80000305175781,PS_037,423.37951507963277,119.03698723421017,1.8769186500822503
24.630222762173403,12.5601911345678,2024-12-16T12:15:00Z,14,14,14,14,14,14,1,14,14,14,218.8535429062813,45.46921194344233,,,,,,,,,,28.513962998562928,176.71705648299454,87.80000305175781,PS_037,388.75791249189064,213.25962592013337,2.206658561202728
25.15888710378264,12.558904497162013,2024-12-16T12:30:00Z,13,13,13,13,13,13,1,13,13,13,352.7927342755392,61.47324253353414,,,,,,,,,,30.55872419966855,302.3671768998212,87.80000305175781,PS_037,490.326467313292,112.67642659469753,2.457190557383669
25.487202857142112,12.553954232646388,2024-12-16T12:45:00Z,14,14,14,14,14,14,1,14,14,14,535.6557132169993,73.05213927413995,,,,,,,,,,34.560690353718904,510.0106918673306,87.80000305175781,PS_037,684.9886207806726,201.41059902399965,2.146293241891195
25.319638147004223,12.553477425653613,2024-12-16T13:00:00Z,14,14,14,14,14,14,1,14,14,14,470.74265254748997,64.1028118523361,,,,,,,,,,35.98003514035225,448.8736340239627,87.80000305175781,PS_037,699.8716686623662,103.63528759837679,2.977298458486785
25.357726135541494,12.551566621463618,2024-12-16T13:15:00Z,13,13,13,13,13,13,1,13,13,13,430.748434578616,60.33075541746847,,,,,,,,,,35.27258724213666,401.5455511813305,87.80000305175781,PS_037,664.1086668087822,105.95032087019835,2.8407850376427985
25.779410506320502,12.548635738994381,2024-12-16T13:30:00Z,14,14,14,14,14,14,1,14,14,14,482.33515907145704,61.74382903358902,,,,,,,,,,36.70319847310953,464.48014552667775,87.80000305175781,PS_037,753.3126908618736,110.09537501449509,2.879627051537615
26.332460336611824,12.546226706421875,2024-12-16T13:45:00Z,13,13,13,13,13,13,1,13,13,13,483.35787821353694,60.38851012189626,,,,,,,,,,38.844236627681305,469.91660465747725,87.80000305175781,PS_037,776.0815768573352,111.65673314185379,3.102900169736975
26.209395535846646,12.541861926567908,2024-12-16T14:00:00Z,14,14,14,14,14,14,1,14,14,14,558.5965079609199,64.4068644167083,,,,,,,,,,37.704067063720984,554.2926484628998,87.80000305175781,PS_037,861.2678017683254,121.72038422624998,2.650529822156274
26.092944335790097,12.541064172857322,2024-12-16T14:15:00Z,14,14,14,14,14,14,1,14,14,14,518.5641362677216,59.78839231861303,,,,,,,,,,39.59615327918541,513.5764550741447,87.80000305175781,PS_037,858.4087791071548,85.53637725623827,3.917643469200103
26.954233352975834,12.537955112320628,2024-12-16T14:30:00Z,13,13,13,13,13,13,1,13,13,13,649.6889902485128,69.27465558349928,,,,,,,,,,43.711977847458506,652.3011956867597,87.80000305175781,PS_037,935.8168299106965,97.43934165294303,2.695260311954905
26.634916811351175,12.534723176132113,2024-12-16T14:45:00Z,14,14,14,14,14,14,1,14,14,14,607.4333722831951,67.4464957649514,,,,,,,,,,42.18566790378626,609.9072739194389,87.80000305175781,PS_037,900.4882575312433,75.88955398737527,2.7617863013153747
26.714678370547045,12.531456241264776,2024-12-16T15:00:00Z,14,14,14,14,14,14,1,14,14,14,639.4329709890003,72.43228396485411,,,,,,,,,,42.08901216456556,644.8174845288446,87.80000305175781,PS_037,890.2141430489214,77.91754934493102,2.6284383012791475
27.13852495332148,12.527795541232743,2024-12-16T15:15:00Z,13,13,13,13,13,13,1,13,13,13,713.8239519771172,78.95229996756657,,,,,,,,,,44.91216363769684,720.4372981198626,87.80000305175781,PS_037,909.0524796487996,87.48934441234492,2.769265636533771
27.41351640765923,12.52388200562356,2024-12-16T15:30:00Z,14,14,14,14,14,14,1,14,14,14,1010.4728978929917,104.33253494642899,,,,,,,,,,46.148376007107785,1018.9399820851227,87.80000305175781,PS_037,964.1872371363319,217.80072193543893,3.310174150721206
26.43841048195253,12.521695219659867,2024-12-16T15:45:00Z,13,13,13,13,13,13,1,13,13,13,606.332093632077,69.99432558392252,,,,,,,,,,44.60138136134497,621.0372551405725,87.80000305175781,PS_037,870.4543141774326,139.81223444161023,2.051672833406052
26.334312303035496,12.517042791973683,2024-12-16T16:00:00Z,14,14,14,14,14,14,1,14,14,14,482.5600330074906,61.66458019297019,,,,,,,,,,40.97497016899303,465.39592393063543,87.80000305175781,PS_037,748.9362893259914,149.14957648604613,3.059707329162311
26.700786568512246,12.516364598654738,2024-12-16T16:15:00Z,14,14,14,14,14,14,1,14,14,14,504.27483257344863,66.16527872143253,,,,,,,,,,37.07701487205505,498.5097223874187,87.80000305175781,PS_037,753.4896686325271,66.49014040119704,3.0439122810453543
26.630885609483155,12.512312742442605,2024-12-16T16:30:00Z,13,13,13,13,13,13,1,13,13,13,784.0599614251147,94.24079480933817,,,,,,,,,,42.262244151076374,801.0418841238981,87.80000305175781,PS_037,855.8225245069603,61.10816803637917,3.3514349352300736
26.691777957913366,12.508309589494065,2024-12-16T16:45:00Z,14,14,14,14,14,14,1,14,14,14,947.7022354581359,104.13093660303954,,,,,,,,,,45.25652398740175,1011.5087662738282,87.80000305175781,PS_037,969.1887413797086,65.43523403601186,3.9279941763104236
26.114425144390083,12.502243574774166,2024-12-16T17:00:00Z,13,13,13,13,13,13,1,13,13,13,668.1774093010258,80.37238436431835,,,,,,,,,,44.24871317301165,691.8326940003147,87.80000305175781,PS_037,827.9552709511504,70.37932515945312,4.987706367820951
26.45613633479077,12.497635038131675,2024-12-16T17:15:00Z,14,14,14,14,14,14,1,14,14,14,476.9176046805381,70.53786726242178,,,,,,,,,,37.79502313160941,475.3601321791029,87.80000305175781,PS_037,672.1591850095288,65.85293015663942,3.5398274224401725
26.81364762909309,12.493352055931007,2024-12-16T17:30:00Z,14,14,14,14,14,14,1,14,14,14,621.4135255887433,80.99288077612363,,,,,,,,,,42.805648711426755,689.7029256942092,87.80000305175781,PS_037,792.767206865754,72.25711119283837,3.8690512767867307
26.34452366633389,12.488292646375434,2024-12-16T17:45:00Z,13,13,13,13,13,13,1,13,13,13,315.27945570179827,55.997235991588326,,,,,,,,,,36.10991762263913,273.9317303173789,87.80000305175781,PS_037,486.1077928405044,73.05387466366292,2.9480779856698742
26.525091059348444,12.483555089565012,2024-12-16T18:00:00Z,14,14,14,14,14,14,1,14,14,14,322.2551818243873,63.490106598000814,,,,,,,,,,33.13298754648058,271.5446750652993,87.80000305175781,PS_037,419.2915653682607,86.27228156363476,2.983196463670897
26.836502492603813,12.477272571659235,2024-12-16T18:15:00Z,13,13,13,13,13,13,1,13,13,13,282.39954119947726,55.27658841061679,,,,,,,,,,34.83863236449991,258.42153417551424,87.80000305175781,PS_037,461.9118482090327,71.60338706145076,3.058812451853658
26.629299876129302,12.472899667186251,2024-12-16T18:30:00Z,14,14,14,14,14,14,1,14,14,14,178.61577917229684,45.13348455703573,,,,,,,,,,31.37565843051665,114.55228232476223,87.80000305175781,PS_037,253.22906032631457,121.91817870059604,2.619831196755814
26.52947407429748,12.465823088917242,2024-12-16T18:45:00Z,13,13,13,13,13,13,1,13,13,13,173.17761547832598,40.271472441860304,,,,,,,,,,29.643354528441417,123.96764177949137,87.80000305175781,PS_037,308.2214181384732,131.0385651655621,1.250685438087294
25.5253881095654,12.459309322717642,2024-12-16T19:00:00Z,14,14,14,14,14,14,1,14,14,14,165.15326241204542,42.624975398119496,,,,,,,,,,28.477591323115668,127.53257001839673,87.80000305175781,PS_037,299.64177995959045,208.63519091754966,3.9697108677450483
24.59568723027479,12.451655068549101,2024-12-16T19:15:00Z,14,14,14,14,14,14,1,14,14,14,341.65541039734376,63.094643650067624,,,,,,,,,,28.630272328987775,443.1229558755034,87.80000305175781,PS_037,597.1579014191466,201.460788129804,3.4305574094213163
24.707757932217003,12.444596680493248,2024-12-16T19:30:00Z,13,13,13,13,13,13,1,13,13,13,144.4690801351516,36.67376400749292,,,,,,,,,,29.060901972384233,92.58227673805715,87.80000305175781,PS_037,251.45963562094997,246.6961033077932,2.1591015108142844
24.514195549160608,12.438738985616023,2024-12-16T19:45:00Z,14,14,14,14,14,14,1,14,14,14,68.62495022414637,17.119320831116227,,,,,,,,,,26.46182882345807,41.75981078723184,87.80000305175781,PS_037,248.2465558021606,136.54122614531948,1.5982696551743156
23.711677974409387,12.428843358081423,2024-12-16T20:00:00Z,13,13,13,13,13,13,1,13,13,13,23.354473102314515,4.005508900751046,,,,,,,,,,23.796505105767398,14.645602478533975,87.80000305175781,PS_037,441.70751296917325,266.83670772098424,0.9082340141433086
23.12982779096521,12.422923317720915,2024-12-16T20:15:00Z,11,11,11,11,11,11,1,11,11,11,11.167421852616116,-0.09685408143634038,,,,,,,,,,21.635502401219107,8.413891003622611,87.80000305175781,PS_037,-6236.476349187003,250.52743406712244,1.27939898702345
22.830109211574502,12.413398141625512,2024-12-16T20:30:00Z,10,10,10,10,10,10,1,10,10,10,15.156661590661772,0.9338868916669156,,,,,,,,,,20.4990176786823,14.133846598787178,87.80000305175781,PS_037,670.6411447058782,192.48526382118942,1.8445927771629165
22.660514047338136,12.408134832328098,2024-12-16T20:45:00Z,14,14,14,14,14,14,1,14,14,14,27.786823918860716,3.2817191396915395,,,,,,,,,,20.43344290114364,24.929585801568777,87.80000305175781,PS_037,796.558522081516,191.22476186404973,1.0970117079990769
22.649784952866113,12.40237987222275,2024-12-16T21:00:00Z,14,14,14,14,14,14,1,14,14,14,16.024752943402948,1.5386907211156702,,,,,,,,,,20.375485522513767,15.347265293182017,87.80000305175781,PS_037,1032.1959851778356,157.18525364880978,1.3918924807832422
22.640085263725407,12.394165021069988,2024-12-16T21:15:00Z,9,9,9,9,9,9,1,9,9,9,5.937956099407553,0.3276981739099245,,,,,,,,,,20.28702719814372,5.580742240409203,87.80000305175781,PS_037,-2886.899724131347,112.32851300101534,1.3099950627575943
22.238282916947963,12.38711036952858,2024-12-16T21:30:00Z,12,12,12,12,12,12,1,12,12,12,7.69286568974553,0.6099253803543047,,,,,,,,,,19.481674276734843,7.963237257252675,87.80000305175781,PS_037,1477.26642149024,52.056772672777285,1.7630883783758375
22.17637319095885,12.377983552477202,2024-12-16T21:45:00Z,12,12,12,12,12,12,1,12,12,12,1.6247214598139241,-0.049738926550507996,,,,,,,,,,19.29695225809457,1.1277636470592427,87.80000305175781,PS_037,383.59539954026013,222.56660845857954,1.1231015122105004
21.626220121449354,12.370888972365334,2024-12-16T22:00:00Z,14,14,14,14,14,14,1,14,14,14,-1.1031345692861556,-0.9872625646342353,,,,,,,,,,19.293972183657697,-1.3275619518549764,87.80000305175781,PS_037,132.8201767642499,194.61007741233098,2.0845059458904402
21.20662308315085,12.363778820546303,2024-12-16T22:15:00Z,14,14,14,14,14,14,1,14,14,14,-1.3282614769942038,-0.8618954880410649,,,,,,,,,,19.074630154075773,-1.4390732938717299,87.80000305175781,PS_037,179.03583574753952,130.62776296684999,1.7674539340692432
21.14011663526356,12.355690896086285,2024-12-16T22:30:00Z,11,11,11,11,11,11,1,11,11,11,-0.666661954369036,-0.047725111809886867,,,,,,,,,,19.03754659657408,-0.7522102198552317,87.80000305175781,PS_037,-103.9068903995623,150.73207120028397,1.2838212700768914
21.149984816495888,12.346816168060037,2024-12-16T22:45:00Z,8,8,8,8,8,8,1,8,8,8,-0.27512374001229317,-0.06270147837292878,,,,,,,,,,19.475692656668294,-0.8434431326571775,87.80000305175781,PS_037,-61.637532900766615,236.72361806377228,2.3815807051260443
21.63568611687064,12.338738100042677,2024-12-16T23:00:00Z,12,12,12,12,12,12,1,12,12,12,-0.7896054363475501,-0.4942262186162764,,,,,,,,,,19.519344487602737,-1.590220589391925,87.80000305175781,PS_037,-16.200538628751914,279.762431387322,1.3749486450010113
21.470400170020664,12.33237771146084,2024-12-16T23:15:00Z,10,10,10,10,10,10,1,10,10,10,-0.6190344115118623,-0.30767834930268634,,,,,,,,,,19.479173670751408,-1.44038751042116,87.80000305175781,PS_037,712.2661793330296,229.84368337504233,1.9235389292672782
21.50019912855779,12.326550470504051,2024-12-16T23:30:00Z,14,14,14,14,14,14,1,14,14,14,-0.7923400303519912,-0.527936256653131,,,,,,,,,,19.379241875164404,-1.5820385518049582,87.80000305175781,PS_037,315.3228085849601,213.22858563385842,1.8753692539611218
21.01990548877082,12.31809651805032,2024-12-16T23:45:00Z,13,13,13,13,13,13,1,13,13,13,-1.305094845663396,-0.526955183411241,,,,,,,,,,18.90438714273725,-1.5332740015183046,87.80000305175781,PS_037,305.184757907343,218.7840713900673,2.244747403238366
20.89430576628476,12.312671226568902,2024-12-17T00:00:00Z,14,14,14,14,14,14,1,14,14,14,-1.8140849764818245,-0.8314989711985867,,,,,,,,,,18.62106572787016,-1.8103675812548574,87.80000305175781,PS_037,225.90232004339074,236.17748508499335,1.9198880771913034
20.125150553175704,12.305361246743068,2024-12-17T00:15:00Z,14,14,14,14,14,14,1,14,14,14,-2.13501910533565,-1.1006520637964998,,,,,,,,,,18.277185362048165,-1.802983260960592,87.80000305175781,PS_037,168.4555491994334,227.27482336516036,1.8727976726486104
19.948545585770866,12.29851003124784,2024-12-17T00:30:00Z,13,13,13,13,13,13,1,13,13,13,-2.107901328024542,-1.0501709934216648,,,,,,,,,,17.62849039412648,-2.113990733954784,87.80000305175781,PS_037,203.4621822812501,233.91424457574394,1.238707518888047
19.868697138180107,12.291214994023926,2024-12-17T00:45:00Z,14,14,14,14,14,14,1,14,14,14,-0.9936568617642619,-0.5595689728165816,,,,,,,,,,17.540667704956007,-1.2416439867759386,87.80000305175781,PS_037,228.602934421811,194.48087697434673,2.36013207460529
19.399999618530273,12.28480004162289,2024-12-17T01:00:00Z,13,13,13,13,13,13,1,13,13,13,-1.247286386462235,-0.6603791905977158,,,,,,,,,,17.469466980141842,-1.3937861962077032,87.80000305175781,PS_037,233.37673818593285,208.64707330883658,2.014685756866298
19.39237649961848,12.277601412679843,2024-12-17T01:15:00Z,9,9,9,9,9,9,1,9,9,9,-0.8991391257237172,-0.2117544494408748,,,,,,,,,,17.76239997964898,-0.8435535963171314,87.80000305175781,PS_037,621.9991305809604,227.68858114553538,1.8417704431090076
19.745425859232245,12.26922507390919,2024-12-17T01:30:00Z,13,13,13,13,13,13,1,13,13,13,-1.3624573591401834,-0.4315283170869522,,,,,,,,,,17.733110845466495,-1.2968178135892854,87.80000305175781,PS_037,192.0752983407819,270.26015682835214,3.9458332805055227
19.622894077426544,12.263484519852923,2024-12-17T01:45:00Z,12,12,12,12,12,12,1,12,12,12,-0.6940929889060896,-0.4024680805690395,,,,,,,,,,17.633094729058815,-1.001181968833775,87.80000305175781,PS_037,296.50281223849595,199.4241174590223,2.1887991711760235
19.1986931649106,12.256010987685851,2024-12-17T02:00:00Z,14,14,14,14,14,14,1,14,14,14,-1.4327131816743552,-0.7130917265887707,,,,,,,,,,17.499092820244122,-1.2706298006424555,87.80000305175781,PS_037,180.12318985089757,215.17606071895486,1.6955984127916233
19.037370550188008,12.247057871458118,2024-12-17T02:15:00Z,13,13,13,13,13,13,1,13,13,13,-1.5362059484908768,-0.7493794094939937,,,,,,,,,,17.254552342606274,-1.472962066220565,87.80000305175781,PS_037,193.75909255022603,236.94273130132308,0.5559209508328126
18.838737845622784,12.242411033909958,2024-12-17T02:30:00Z,14,14,14,14,14,14,1,14,14,14,-1.1359154294538818,-0.5262414283875365,,,,,,,,,,16.984478716245878,-0.9225620070076258,87.80000305175781,PS_037,175.95495150889056,226.54590516246125,1.4096380924595269
18.604881678173,12.236960778333058,2024-12-17T02:45:00Z,14,14,14,14,14,14,1,14,14,14,-1.4938382883187824,-0.7259229934535263,,,,,,,,,,16.71428834852054,-1.5209826361326215,87.80000305175781,PS_037,215.3386723112389,212.53059410397853,1.550589043311603
18.208251081512095,12.228802834747214,2024-12-17T03:00:00Z,13,13,13,13,13,13,1,13,13,13,-1.0951423601605268,-0.4060350645950937,,,,,,,,,,16.51398213939739,-1.2342612140217912,87.80000305175781,PS_037,301.93054181909946,212.4897439536452,1.605821329183155
18.001773704713152,12.220439791621018,2024-12-17T03:15:00Z,14,14,14,14,14,14,1,14,14,14,-1.4090407559959668,-0.6813541554140532,,,,,,,,,,16.073097884250103,-1.207807137784459,87.80000305175781,PS_037,186.64422731240793,259.8324372050681,0.7975100515333766
17.916700137087066,12.214774365843418,2024-12-17T03:30:00Z,13,13,13,13,13,13,1,13,13,13,-1.0174733100840854,-0.25188137128418875,,,,,,,,,,16.309952915237595,-1.2995383534857265,87.80000305175781,PS_037,571.3334555523273,217.9865834645858,1.6148936283135142
17.82249922362874,12.208046654987937,2024-12-17T03:45:00Z,14,14,14,14,14,14,1,14,14,14,-1.6265969757236467,-0.7421563303291565,,,,,,,,,,15.658967893145451,-1.5868034992405924,87.80000305175781,PS_037,225.84668397333095,209.9974092223366,1.294867823088149
17.5,12.200434141951296,2024-12-17T04:00:00Z,13,13,13,13,13,13,1,13,13,13,-1.3087448612197723,-0.42744425154716914,,,,,,,,,,15.959571800534528,-1.5740808827626869,87.80000305175781,PS_037,377.53654028494054,233.78469108307854,1.1356282486392968
17.49999999999999,12.193120164491155,2024-12-17T04:15:00Z,12,12,12,12,12,12,1,12,12,12,-1.3670802343102864,-0.3331438815089369,,,,,,,,,,16.06566921902546,-1.6398028915049743,87.80000305175781,PS_037,177.9489089386285,237.77427178975466,1.5662461781980466
17.463689450083017,12.185551756893977,2024-12-17T04:30:00Z,14,14,14,14,14,14,1,14,14,14,-1.5337373916144454,-0.5992014282900885,,,,,,,,,,15.499076109695189,-1.842829803093169,87.80000305175781,PS_037,313.85395328686747,220.68985560247933,0.5545531934802924
17.240392615004595,12.177497738096353,2024-12-17T04:45:00Z,13,13,13,13,13,13,1,13,13,13,-1.328391117897384,-0.4232278572846444,,,,,,,,,,15.403049320529599,-1.3503406723715847,87.80000305175781,PS_037,344.68915660423374,255.41004688505527,1.7404353636550518
17.249361062417115,12.172116740515103,2024-12-17T05:00:00Z,14,14,14,14,14,14,1,14,14,14,-1.0296322059199172,-0.23594121927528125,,,,,,,,,,15.647576635544095,-1.269969595982035,87.80000305175781,PS_037,622.3316858106657,216.67211031341307,1.5159958321535214
17.24286905204671,12.163412990504742,2024-12-17T05:15:00Z,13,13,13,13,13,13,1,13,13,13,-1.0133113594535854,-0.4685267834255137,,,,,,,,,,15.182572353078658,-0.6997707808027976,87.80000305175781,PS_037,141.58994901728235,218.6986618470965,1.2504217471118606
17.264770747041453,12.157445004293216,2024-12-17T05:30:00Z,8,8,8,8,8,8,1,8,8,8,-0.5716069056675804,-0.12127449327935724,,,,,,,,,,15.367817485589455,-0.8429520415167937,87.80000305175781,PS_037,1077.6329211939503,226.0652928824343,0.6321927616011541
17.280318695887125,12.149024181150459,2024-12-17T05:45:00Z,9,9,9,9,9,9,1,9,9,9,-0.6450850343507537,-0.15972119011515493,,,,,,,,,,15.604788233017226,-0.8502268731181686,87.80000305175781,PS_037,612.6976081551196,232.58726951599178,1.3644832376059788
17.299999237060547,12.139927585406067,2024-12-17T06:00:00Z,4,4,4,4,4,4,1,4,4,4,-0.7209581166592146,-0.17998192837141821,,,,,,,,,,15.529532448861772,-1.0120003659470886,87.80000305175781,PS_037,770.5073433558858,215.0758752805687,0.4237019622309005
17.299999237060547,12.13697664392829,2024-12-17T06:15:00Z,8,8,8,8,8,8,1,8,8,8,-0.7352006989584089,-0.09223579306911374,,,,,,,,,,15.675882802811788,-0.8154395019955998,87.80000305175781,PS_037,332.30908544435164,193.9966880392281,2.70747329074832
17.299999237060547,12.130456248175376,2024-12-17T06:30:00Z,10,10,10,10,10,10,1,10,10,10,-1.1246502294874794,-0.4099358769083592,,,,,,,,,,15.417842237908774,-1.2822102201250705,87.80000305175781,PS_037,306.19734955574216,86.20099089462309,2.759857508782284
17.201204443192953,12.121597087284318,2024-12-17T06:45:00Z,14,14,14,14,14,14,1,14,14,14,-0.9145696302510726,-0.3405986906561053,,,,,,,,,,15.320240322252019,-1.0325438386846153,87.80000305175781,PS_037,324.5180816164491,227.7292496630788,1.603865764082303
17.013979280628057,12.114466179635809,2024-12-17T07:00:00Z,13,13,13,13,13,13,1,13,13,13,-1.129649615084029,-0.3825887162460547,,,,,,,,,,15.184972747871639,-0.8501237864829331,87.80000305175781,PS_037,233.22209919043806,230.11037730179478,0.6881925889011855
16.990253093113953,12.10756387032459,2024-12-17T07:15:00Z,14,14,14,14,14,14,1,14,14,14,-0.8758744555765525,-0.3394755736547302,,,,,,,,,,15.142057560376733,-0.8789959176311004,87.80000305175781,PS_037,277.97066332734255,223.21662585222006,2.587035267345182
16.93104654933117,12.101393949007704,2024-12-17T07:30:00Z,11,11,11,11,11,11,1,11,11,11,-0.9436604552236452,-0.17656372062605785,,,,,,,,,,15.358380516922864,-0.9881780183544493,87.80000305175781,PS_037,1343.4393004793944,230.17116969583952,1.8799310622333094
16.96027135531056,12.092477999116424,2024-12-17T07:45:00Z,13,13,13,13,13,13,1,13,13,13,-0.8276197964386269,-0.23970546756333502,,,,,,,,,,15.067008989883469,-0.6144020587432703,87.80000305175781,PS_037,285.534369322241,194.86163957274036,10.232576731349521
16.700000762939453,12.086761695462071,2024-12-17T08:00:00Z,11,11,11,11,11,11,1,11,11,11,-0.10003341873538918,-0.11218842043156729,,,,,,,,,,15.328932435993181,-0.22642123039734252,87.80000305175781,PS_037,197.72563803969223,215.40814285848808,1.89111934871275
16.935157113903383,12.079158352850076,2024-12-17T08:15:00Z,10,10,10,10,10,10,1,10,10,10,6.882566767424572,0.6948550065127755,,,,,,,,,,15.084216760845568,7.084483945857184,87.80000305175781,PS_037,635.1330463787274,205.75083137558946,0.7169200234794639
16.925580067322258,12.073179232164371,2024-12-17T08:30:00Z,15,15,15,15,15,15,1,15,15,15,25.32680698869202,3.364500608265356,,,,,,,,,,15.13743179399958,25.397264224404385,87.80000305175781,PS_037,767.5234516397885,205.27282810723474,0.8074369829361007
17.137847732096926,12.065398711374712,2024-12-17T08:45:00Z,15,15,15,15,15,15,1,15,15,15,58.24080713853144,8.007907837353068,,,,,,,,,,16.13517751808821,60.03354247918524,87.80000305175781,PS_037,750.7170179496064,230.49091112579154,1.5211776172130873
17.426261750092028,12.061468971656963,2024-12-17T09:00:00Z,14,14,14,14,14,14,1,14,14,14,59.4791600607574,7.624440184732973,,,,,,,,,,16.61842582849461,63.59059414737729,87.80000305175781,PS_037,835.8341116690984,120.72895037064403,2.011474976868964
17.87392707979239,12.05357274559805,2024-12-17T09:15:00Z,13,13,13,13,13,13,1,13,13,13,92.65332252309727,9.702119683364915,,,,,,,,,,17.01660182432484,98.80350120805531,87.80000305175781,PS_037,998.8742524886442,126.36215346665087,1.8500814619209907
19.135644541527245,12.048720556137797,2024-12-17T09:30:00Z,14,14,14,14,14,14,1,14,14,14,240.37183349121875,22.984992440478887,,,,,,,,,,22.504051671417105,425.147022593747,87.80000305175781,PS_037,1850.1272029350855,79.63304646390527,1.9878577905231336
19.927524153601937,12.042686631558485,2024-12-17T09:45:00Z,14,14,14,14,14,14,1,14,14,14,313.8013276774129,34.5832569520036,,,,,,,,,,28.10862233800182,593.2971687751264,87.80000305175781,PS_037,1719.4498446599057,86.94146601532792,2.002056695305527
20.592851308082935,12.039691925048826,2024-12-17T10:00:00Z,13,13,13,13,13,13,1,13,13,13,396.5235141534256,44.90839663217251,,,,,,,,,,35.27210783111231,754.0383352900451,87.80000305175781,PS_037,1678.9972882404504,83.70273519737975,2.385402564777195
21.997761556391488,12.0392874419965,2024-12-17T10:15:00Z,14,14,14,14,14,14,1,14,14,14,457.62732852455065,47.13006988374799,,,,,,,,,,43.756214175200085,881.6888785443504,87.80000305175781,PS_037,1866.4050274986348,75.93111651218295,1.642110869104389
22.595654465110197,12.034914644201635,2024-12-17T10:30:00Z,13,13,13,13,13,13,1,13,13,13,528.1157060707035,53.57597607321663,,,,,,,,,,48.816587461073546,980.7726614404867,87.80000305175781,PS_037,1831.2183534203855,178.41395379607593,1.4656679757527655
23.062097228521214,12.034345626831053,2024-12-17T10:45:00Z,14,14,14,14,14,14,1,14,14,14,563.5546075786523,53.46755834399291,,,,,,,,,,50.6903896540643,982.1012180394868,87.80000305175781,PS_037,1836.149878015401,207.74792716396095,1.2490831781902882
24.009560946418638,12.035539516968807,2024-12-17T11:00:00Z,13,13,13,13,13,13,1,13,13,13,616.8768182810015,55.70809341269654,,,,,,,,,,52.03070551507648,1001.9722716907341,87.80000305175781,PS_037,1799.8435990375788,137.6328602233129,2.0637145207673426
24.11210732113753,12.035798044900355,2024-12-17T11:15:00Z,14,14,14,14,14,14,1,14,14,14,666.9450790968585,57.50219354310326,,,,,,,,,,53.09543154412668,1006.1677898286347,87.80000305175781,PS_037,1751.171002372447,92.44371166692162,1.0141672812695615
24.515542033348602,12.03333789683585,2024-12-17T11:30:00Z,14,14,14,14,14,14,1,14,14,14,720.5954923042042,59.189520607768685,,,,,,,,,,54.22653742762437,1021.846045246041,87.80000305175781,PS_037,1725.5014420810785,134.5743045829558,2.4972928641297734
25.270851303399464,12.032257464577034,2024-12-17T11:45:00Z,13,13,13,13,13,13,1,13,13,13,792.2684440672758,60.5061532199958,,,,,,,,,,54.78662779159558,1079.53745659764,87.80000305175781,PS_037,1787.8054163566887,112.19982132880533,2.2957827416251786
25.39146940206798,12.029229300780063,2024-12-17T12:00:00Z,14,14,14,14,14,14,1,14,14,14,827.5430810042224,59.556803094254875,,,,,,,,,,55.21502799420478,1061.5596552653428,87.80000305175781,PS_037,1784.2899280416132,124.16871916941075,2.38867164075536
25.588067800009316,12.027375151133304,2024-12-17T12:15:00Z,13,13,13,13,13,13,1,13,13,13,871.3771927469136,59.05051421757684,,,,,,,,,,56.09829612197105,1068.9050547317588,87.80000305175781,PS_037,1810.0473905222332,75.3264412164082,2.385343034894257
26.396771588738808,12.024555177708601,2024-12-17T12:30:00Z,14,14,14,14,14,14,1,14,14,14,914.7256871298481,61.78952235007074,,,,,,,,,,56.76639700620755,1083.6816204520564,87.80000305175781,PS_037,1753.6560151163555,82.27365120511243,2.489693132539904
27.179713767578555,12.020293669622706,2024-12-17T12:45:00Z,14,14,14,14,14,14,1,14,14,14,964.7368068419406,67.00048910297971,,,,,,,,,,57.78910625821183,1099.8977342009487,87.80000305175781,PS_037,1641.2912334456385,196.98540063461323,1.7351499534711559
26.32859400633179,12.016415957518484,2024-12-17T13:00:00Z,13,13,13,13,13,13,1,13,13,13,1014.5705800092614,74.79469875719994,,,,,,,,,,59.32484197373642,1117.7288557187392,87.80000305175781,PS_037,1500.0394541904136,130.91716270557623,1.8465735310695788
27.25900342324022,12.009713535836879,2024-12-17T13:15:00Z,14,14,14,14,14,14,1,14,14,14,1107.794051136736,91.08606091919228,,,,,,,,,,59.74845375413948,1187.6420973218435,87.80000305175781,PS_037,1306.755503689134,274.6038028470988,1.8603064049681135
27.866222897222144,12.008592930163243,2024-12-17T13:30:00Z,13,13,13,13,13,13,1,13,13,13,1045.4108479835852,89.27510810528526,,,,,,,,,,60.199984361263205,1121.2902732501698,87.80000305175781,PS_037,1229.08128885148,62.24398276633136,2.79102480782118
27.4441638404608,12.003986663170092,2024-12-17T13:45:00Z,14,14,14,14,14,14,1,14,14,14,943.3741990115977,80.86733593291984,,,,,,,,,,58.191342412075684,964.6265637655526,87.80000305175781,PS_037,1181.8916302743112,110.83179000411833,1.9535044923133815
27.549913257751207,12.001086108425367,2024-12-17T14:00:00Z,14,14,14,14,14,14,1,14,14,14,977.5921657536417,86.9487822493335,,,,,,,,,,58.62887048518378,1000.9662492087456,87.80000305175781,PS_037,1096.8646109081424,126.61066456942808,2.473242097834364
27.31830092228193,11.99325808708329,2024-12-17T14:15:00Z,13,13,13,13,13,13,1,13,13,13,360.43656899446154,40.65182471747348,,,,,,,,,,42.987047789464214,360.8288021962711,87.80000305175781,PS_037,857.7568206016182,199.3626772616148,2.6280717922365486
28.02393095559321,11.987440027443688,2024-12-17T14:30:00Z,14,14,14,14,14,14,1,14,14,14,967.7586041805838,91.97009038043109,,,,,,,,,,45.33932474254241,972.4069490091839,87.80000305175781,PS_037,1019.6147034424714,228.2061162745895,1.7105971604130301
27.633654649044217,11.980291219479707,2024-12-17T14:45:00Z,13,13,13,13,13,13,1,13,13,13,875.85502963706,82.81815621637307,,,,,,,,,,56.713129515739894,894.6398921337066,87.80000305175781,PS_037,1048.9943840708859,197.9954190339337,2.7672435859367295
27.393520260094967,11.97384192170208,2024-12-17T15:00:00Z,14,14,14,14,14,14,1,14,14,14,524.3568250740273,59.38060165299381,,,,,,,,,,39.51263493235615,560.0181917918945,87.80000305175781,PS_037,903.6526218263222,234.2698552847765,2.528574345263204
27.47569658702248,11.967103155370486,2024-12-17T15:15:00Z,14,14,14,14,14,14,1,14,14,14,418.6120800894789,48.07450671116939,,,,,,,,,,36.40236428210697,435.76969142944574,87.80000305175781,PS_037,870.6751257953363,206.90423179743394,3.0263084445404753
27.483481209705136,11.95896622590504,2024-12-17T15:30:00Z,13,13,13,13,13,13,1,13,13,13,401.6355682822453,45.35349774629692,,,,,,,,,,35.59665794339933,412.7275994128261,87.80000305175781,PS_037,853.555571472994,216.0457166407795,2.448363287259382
27.429888331110227,11.951681603000939,2024-12-17T15:45:00Z,14,14,14,14,14,14,1,14,14,14,577.4640001924972,58.04271596716905,,,,,,,,,,43.15050256386259,581.5820207804182,87.80000305175781,PS_037,941.2588722766427,213.32497722559543,3.793284024648784
27.191594743410512,11.942916623214847,2024-12-17T16:00:00Z,13,13,13,13,13,13,1,13,13,13,1091.1230478073567,111.00696539787378,,,,,,,,,,41.69426302944595,1171.4013576265138,87.80000305175781,PS_037,1051.0670630079258,217.13984109671503,3.083267038287414
26.98579044544172,11.936236529031051,2024-12-17T16:15:00Z,14,14,14,14,14,14,1,14,14,14,1034.6430240907603,97.71607967852695,,,,,,,,,,46.52470145113659,1110.104547985796,87.80000305175781,PS_037,1130.8036853843594,209.29500265756124,3.7208694225999572
27.200000762939453,11.931422233581543,2024-12-17T16:30:00Z,2,2,2,2,2,2,1,2,2,2,1091.8539256504673,102.51510823942228,,,,,,,,,,47.961379320505856,1187.468629768537,87.80000305175781,PS_037,1160.5048304812867,208.47876536815562,3.2951158060964096
,,2024-12-17T16:45:00Z,0,0,0,0,0,0,1,0,0,0,,,,,,,,,,,,,,87.80000305175781,PS_037,,,
,,2024-12-17T17:00:00Z,0,0,0,0,0,0,1,0,0,0,,,,,,,,,,,,,,87.80000305175781,PS_037,,,
,,2024-12-17T17:15:00Z,0,0,0,0,0,0,1,0,0,0,,,,,,,,,,,,,,87.80000305175781,PS_037,,,
,,2024-12-17T17:30:00Z,0,0,0,0,0,0,1,0,0,0,,,,,,,,,,,,,,87.80000305175781,PS_037,,,
26.800245269514036,11.887951365905172,2024-12-17T17:45:00Z,5,5,5,5,5,5,1,5,5,5,829.220520286508,82.67357557504008,,,,,,,,,,50.52126439056607,1068.7340850674643,87.80000305175781,PS_037,1288.2370164680092,203.6330155664846,2.606553545849487
26.534715778736576,11.8811880869284,2024-12-17T18:00:00Z,13,13,13,13,13,13,1,13,13,13,663.1671908957411,66.63626239054462,,,,,,,,,,50.88754034563969,896.4027476939247,87.80000305175781,PS_037,1326.7240089562047,261.22522022472174,2.2701671601602573
27.054147993882218,11.872853982260395,2024-12-17T18:15:00Z,14,14,14,14,14,14,1,14,14,14,735.591762970876,73.79845900909484,,,,,,,,,,51.79086009040009,1035.7960506068316,87.80000305175781,PS_037,1404.6437284641322,238.34675616639993,2.191507876237484
25.750216479700754,11.865595554919913,2024-12-17T18:30:00Z,13,13,13,13,13,13,1,13,13,13,670.8272744255368,69.6981409791175,,,,,,,,,,48.224808220284444,993.470491178353,87.80000305175781,PS_037,1424.0098209155447,220.46751556107233,4.2050947593295716
24.144936424216617,11.856178300299346,2024-12-17T18:45:00Z,14,14,14,14,14,14,1,14,14,14,363.3315922689736,55.27560622883007,,,,,,,,,,40.350816005485,452.07850241159673,87.80000305175781,PS_037,733.4122235551343,201.2600054288352,3.3286234940267785
23.69594426726031,11.928449979872624,2024-12-17T19:00:00Z,13,13,13,13,13,13,1,13,13,13,376.215151799217,69.82849255967508,,,,,,,,,,35.3218749586172,366.32241456611155,87.80000305175781,PS_037,507.0658639900322,200.65899382429885,4.058356231748695
22.95608522709989,13.042851892313875,2024-12-17T19:15:00Z,13,13,13,13,13,13,1,13,13,13,180.95524227295118,42.87739552284273,,,,,,,,,,29.30370284974943,146.18925315804336,0.0,PS_037,334.7254426508034,219.7257868899136,2.1341463325872128
22.278187534366136,13.155524995412446,2024-12-17T19:30:00Z,14,14,14,14,14,14,1,14,14,14,159.7472821506386,38.23673495492738,,,,,,,,,,25.9802790134403,103.09998229602662,0.0,PS_037,269.6284133018181,211.48018608295857,2.2944448039039043
22.045418410562455,13.25484483406616,2024-12-17T19:45:00Z,14,14,14,14,14,14,1,14,14,14,80.12955452491788,16.51927208969425,,,,,,,,,,24.553824096780154,59.09370920919295,0.0,PS_037,357.0557940890134,221.48993896274524,1.3945589649875556
21.80164130996441,13.342446396380764,2024-12-17T20:00:00Z,13,13,13,13,13,13,1,13,13,13,73.95753727701452,12.987176553212334,,,,,,,,,,23.883176578958054,56.200417460584816,0.0,PS_037,446.44811430361796,236.5682465462412,1.8409090217987747
21.191310632045603,13.421352554479004,2024-12-17T20:15:00Z,13,13,13,13,13,13,1,13,13,13,21.676797546179156,2.1890624548206805,,,,,,,,,,22.251436905441675,17.001862711208073,0.0,PS_037,3797.264979811638,236.71633759851247,2.292963827582169
20.740617690755332,13.496005487415651,2024-12-17T20:30:00Z,14,14,14,14,14,14,1,14,14,14,15.28903992721404,0.8852241685251938,,,,,,,,,,20.90823845983577,14.302437532027241,0.0,PS_037,2043.6859328005557,207.15183952388898,1.778221857755165
20.080930985834343,13.562677452758924,2024-12-17T20:45:00Z,12,12,12,12,12,12,1,12,12,12,7.798984070432268,-0.7952415516887983,,,,,,,,,,19.308519483851224,5.41647494587639,0.0,PS_037,-730.3556528029396,223.25853279324377,3.556129167388878
18.5090997755635,13.623301421199121,2024-12-17T21:00:00Z,12,12,12,12,12,12,1,12,12,12,41.58329771069733,3.541940389441952,,,,,,,,,,17.645752646336312,43.877290622783796,4.599999904632568,PS_037,-2522.6945163774153,238.28357874601474,1.6796861421580187
18.435134980685692,13.683249305504827,2024-12-17T21:15:00Z,14,14,14,14,14,14,1,14,14,14,70.34237883195185,9.916559596413522,,,,,,,,,,18.645007828656375,68.60029872045364,6.400000095367432,PS_037,703.4488061598554,46.172947875601096,1.6031026925764327
18.400511505797123,13.730362702242354,2024-12-17T21:30:00Z,6,6,6,6,6,6,1,6,6,6,5.730601774405264,0.07409974208349665,,,,,,,,,,17.69681629435509,5.562224950134275,6.599999904632568,PS_037,3325.193249780669,117.70189568355974,0.9934874727705754
18.600000381469727,13.779285578044476,2024-12-17T21:45:00Z,7,7,7,7,7,7,1,7,7,7,0.6650234573637761,-0.11970760493407956,,,,,,,,,,17.568439809638573,1.1544207519059226,6.599999904632568,PS_037,-1545.303318839007,228.19481893284853,0.489610061523445
18.431207511582645,13.823992632055107,2024-12-17T22:00:00Z,13,13,13,13,13,13,1,13,13,13,-0.2507479740605982,-0.3630442466838037,,,,,,,,,,17.647547135223004,0.1447189917121602,6.599999904632568,PS_037,-58.02008099046895,257.7023705390544,0.7599566773466956
18.4803676390904,13.864122768796628,2024-12-17T22:15:00Z,9,9,9,9,9,9,1,9,9,9,-0.29105552240907034,-0.2160673375398359,,,,,,,,,,17.75800562069408,0.12218980802474824,6.599999904632568,PS_037,-15.009941484902997,224.64448717761172,0.37274044042723814
18.920727796122716,13.895087607631638,2024-12-17T22:30:00Z,11,11,11,11,11,11,1,11,11,11,0.1099543688104112,0.2077473864798225,,,,,,,,,,17.799999237060547,1.2230733444318318,6.599999904632568,PS_037,1030.5183196883713,237.10230683397543,0.9996340281342916
19.030833309358435,13.92152242773206,2024-12-17T22:45:00Z,5,5,5,5,5,5,1,5,5,5,0.029612981426308214,-0.19704034400574658,,,,,,,,,,17.8885453388309,1.0223115612595792,6.599999904632568,PS_037,269.65345023589845,281.64999497116605,0.9334387379866596
19.17711910894541,13.949211748122188,2024-12-17T23:00:00Z,14,14,14,14,14,14,1,14,14,14,0.1975591961908798,-0.2836908580022027,,,,,,,,,,18.10000038146973,1.1442232321354722,6.599999904632568,PS_037,-496.7627185486567,249.11896508578724,0.6457095767276657
18.69645279462535,13.972070767917957,2024-12-17T23:15:00Z,13,13,13,13,13,13,1,13,13,13,-0.3938809832103236,-0.7685932825655691,,,,,,,,,,18.023406052335574,0.13073677229304065,6.599999904632568,PS_037,-19.994873565694316,233.38492637368162,0.3007640214715664
18.616670031143542,13.992951005407734,2024-12-17T23:30:00Z,14,14,14,14,14,14,1,14,14,14,-0.42424198392205426,-0.44300896955103297,,,,,,,,,,17.71570285446883,-0.20447576071846937,6.599999904632568,PS_037,39.19446345269662,224.5138940719268,0.2655503260012589
18.467745264727437,14.009322976099483,2024-12-17T23:45:00Z,11,11,11,11,11,11,1,11,11,11,-0.12360687446211553,-0.23914731421258445,,,,,,,,,,17.72300041864171,0.09181710462024943,6.599999904632568,PS_037,58.435135817848185,202.07016838868648,0.9199840001731495
