ambient_temperature_celsius,battery_voltage,datetime,document_count_ambient_temperature_celsius,document_count_battery_voltage,document_count_ghi_irradiance_wm2,document_count_gri_irradiance_wm2,document_count_panel_temperature_celsius,document_count_poa_irradiance_wm2,document_count_precipitation_accumulated_mm,document_count_tracker_albedo_index,document_count_wind_direction_degrees,document_count_wind_speed_ms,ghi_irradiance_wm2,gri_irradiance_wm2,interpolated_keys_ambient_temperature_celsius,interpolated_keys_battery_voltage,interpolated_keys_ghi_irradiance_wm2,interpolated_keys_panel_temperature_celsius,interpolated_keys_poa_irradiance_wm2,interpolated_keys_wind_speed_ms,panel_temperature_celsius,poa_irradiance_wm2,precipitation_accumulated_mm,ps_id,tracker_albedo_index,wind_direction_degrees,wind_speed_ms
,,2024-08-13T00:00:00Z,0,0,0,0,0,0,0,0,0,0,,,,,,,,,,,,PS_015,,,
,,2024-08-13T00:15:00Z,0,0,0,0,0,0,0,0,0,0,,,,,,,,,,,,PS_015,,,
,,2024-08-13T00:30:00Z,0,0,0,0,0,0,0,0,0,0,,,,,,,,,,,,PS_015,,,
,,2024-08-13T00:45:00Z,0,0,0,0,0,0,0,0,0,0,,,,,,,,,,,,PS_015,,,
,,2024-08-13T01:00:00Z,0,0,0,0,0,0,0,0,0,0,,,,,,,,,,,,PS_015,,,
,,2024-08-13T01:15:00Z,0,0,0,0,0,0,0,0,0,0,,,,,,,,,,,,PS_015,,,
,,2024-08-13T01:30:00Z,0,0,0,0,0,0,0,0,0,0,,,,,,,,,,,,PS_015,,,
,,2024-08-13T01:45:00Z,0,0,0,0,0,0,0,0,0,0,,,,,,,,,,,,PS_015,,,
,,2024-08-13T02:00:00Z,0,0,0,0,0,0,0,0,0,0,,,,,,,,,,,,PS_015,,,
,,2024-08-13T02:15:00Z,0,0,0,0,0,0,0,0,0,0,,,,,,,,,,,,PS_015,,,
,,2024-08-13T02:30:00Z,0,0,0,0,0,0,0,0,0,0,,,,,,,,,,,,PS_015,,,
,,2024-08-13T02:45:00Z,0,0,0,0,0,0,0,0,0,0,,,,,,,,,,,,PS_015,,,
,,2024-08-13T03:00:00Z,0,0,0,0,0,0,0,0,0,0,,,,,,,,,,,,PS_015,,,
,,2024-08-13T03:15:00Z,0,0,0,0,0,0,0,0,0,0,,,,,,,,,,,,PS_015,,,
,,2024-08-13T03:30:00Z,0,0,0,0,0,0,0,0,0,0,,,,,,,,,,,,PS_015,,,
,,2024-08-13T03:45:00Z,0,0,0,0,0,0,0,0,0,0,,,,,,,,,,,,PS_015,,,
,,2024-08-13T04:00:00Z,0,0,0,0,0,0,0,0,0,0,,,,,,,,,,,,PS_015,,,
,,2024-08-13T04:15:00Z,0,0,0,0,0,0,0,0,0,0,,,,,,,,,,,,PS_015,,,
,,2024-08-13T04:30:00Z,0,0,0,0,0,0,0,0,0,0,,,,,,,,,,,,PS_015,,,
,,2024-08-13T04:45:00Z,0,0,0,0,0,0,0,0,0,0,,,,,,,,,,,,PS_015,,,
,,2024-08-13T05:00:00Z,0,0,0,0,0,0,0,0,0,0,,,,,,,,,,,,PS_015,,,
,,2024-08-13T05:15:00Z,0,0,0,0,0,0,0,0,0,0,,,,,,,,,,,,PS_015,,,
,,2024-08-13T05:30:00Z,0,0,0,0,0,0,0,0,0,0,,,,,,,,,,,,PS_015,,,
,,2024-08-13T05:45:00Z,0,0,0,0,0,0,0,0,0,0,,,,,,,,,,,,PS_015,,,
,,2024-08-13T06:00:00Z,0,0,0,0,0,0,0,0,0,0,,,,,,,,,,,,PS_015,,,
,,2024-08-13T06:15:00Z,0,0,0,0,0,0,0,0,0,0,,,,,,,,,,,,PS_015,,,
,,2024-08-13T06:30:00Z,0,0,0,0,0,0,0,0,0,0,,,,,,,,,,,,PS_015,,,
,,2024-08-13T06:45:00Z,0,0,0,0,0,0,0,0,0,0,,,,,,,,,,,,PS_015,,,
,,2024-08-13T07:00:00Z,0,0,0,0,0,0,0,0,0,0,,,,,,,,,,,,PS_015,,,
,,2024-08-13T07:15:00Z,0,0,0,0,0,0,0,0,0,0,,,,,,,,,,,,PS_015,,,
,,2024-08-13T07:30:00Z,0,0,0,0,0,0,0,0,0,0,,,,,,,,,,,,PS_015,,,
,,2024-08-13T07:45:00Z,0,0,0,0,0,0,0,0,0,0,,,,,,,,,,,,PS_015,,,
,,2024-08-13T08:00:00Z,0,0,0,0,0,0,0,0,0,0,,,,,,,,,,,,PS_015,,,
,,2024-08-13T08:15:00Z,0,0,0,0,0,0,0,0,0,0,,,,,,,,,,,,PS_015,,,
,,2024-08-13T08:30:00Z,0,0,0,0,0,0,0,0,0,0,,,,,,,,,,,,PS_015,,,
,,2024-08-13T08:45:00Z,0,0,0,0,0,0,0,0,0,0,,,,,,,,,,,,PS_015,,,
,,2024-08-13T09:00:00Z,0,0,0,0,0,0,0,0,0,0,,,,,,,,,,,,PS_015,,,
,,2024-08-13T09:15:00Z,0,0,0,0,0,0,0,0,0,0,,,,,,,,,,,,PS_015,,,
,,2024-08-13T09:30:00Z,0,0,0,0,0,0,0,0,0,0,,,,,,,,,,,,PS_015,,,
,,2024-08-13T09:45:00Z,0,0,0,0,0,0,0,0,0,0,,,,,,,,,,,,PS_015,,,
,,2024-08-13T10:00:00Z,0,0,0,0,0,0,0,0,0,0,,,,,,,,,,,,PS_015,,,
,,2024-08-13T10:15:00Z,0,0,0,0,0,0,0,0,0,0,,,,,,,,,,,,PS_015,,,
,,2024-08-13T10:30:00Z,0,0,0,0,0,0,0,0,0,0,,,,,,,,,,,,PS_015,,,
,,2024-08-13T10:45:00Z,0,0,0,0,0,0,0,0,0,0,,,,,,,,,,,,PS_015,,,
,,2024-08-13T11:00:00Z,0,0,0,0,0,0,0,0,0,0,,,,,,,,,,,,PS_015,,,
,,2024-08-13T11:15:00Z,0,0,0,0,0,0,0,0,0,0,,,,,,,,,,,,PS_015,,,
,,2024-08-13T11:30:00Z,0,0,0,0,0,0,0,0,0,0,,,,,,,,,,,,PS_015,,,
,,2024-08-13T11:45:00Z,0,0,0,0,0,0,0,0,0,0,,,,,,,,,,,,PS_015,,,
,,2024-08-13T12:00:00Z,0,0,0,0,0,0,0,0,0,0,,,,,,,,,,,,PS_015,,,
,,2024-08-13T12:15:00Z,0,0,0,0,0,0,0,0,0,0,,,,,,,,,,,,PS_015,,,
,,2024-08-13T12:30:00Z,0,0,0,0,0,0,0,0,0,0,,,,,,,,,,,,PS_015,,,
,,2024-08-13T12:45:00Z,0,0,0,0,0,0,0,0,0,0,,,,,,,,,,,,PS_015,,,
,,2024-08-13T13:00:00Z,0,0,0,0,0,0,0,0,0,0,,,,,,,,,,,,PS_015,,,
,,2024-08-13T13:15:00Z,0,0,0,0,0,0,0,0,0,0,,,,,,,,,,,,PS_015,,,
,,2024-08-13T13:30:00Z,0,0,0,0,0,0,0,0,0,0,,,,,,,,,,,,PS_015,,,
,,2024-08-13T13:45:00Z,0,0,0,0,0,0,0,0,0,0,,,,,,,,,,,,PS_015,,,
,,2024-08-13T14:00:00Z,0,0,0,0,0,0,0,0,0,0,,,,,,,,,,,,PS_015,,,
,,2024-08-13T14:15:00Z,0,0,0,0,0,0,0,0,0,0,,,,,,,,,,,,PS_015,,,
,,2024-08-13T14:30:00Z,0,0,0,0,0,0,0,0,0,0,,,,,,,,,,,,PS_015,,,
,,2024-08-13T14:45:00Z,0,0,0,0,0,0,0,0,0,0,,,,,,,,,,,,PS_015,,,
,,2024-08-13T15:00:00Z,0,0,0,0,0,0,0,0,0,0,,,,,,,,,,,,PS_015,,,
,,2024-08-13T15:15:00Z,0,0,0,0,0,0,0,0,0,0,,,,,,,,,,,,PS_015,,,
,,2024-08-13T15:30:00Z,0,0,0,0,0,0,0,0,0,0,,,,,,,,,,,,PS_015,,,
,,2024-08-13T15:45:00Z,0,0,0,0,0,0,0,0,0,0,,,,,,,,,,,,PS_015,,,
,,2024-08-13T16:00:00Z,0,0,0,0,0,0,0,0,0,0,,,,,,,,,,,,PS_015,,,
,,2024-08-13T16:15:00Z,0,0,0,0,0,0,0,0,0,0,,,,,,,,,,,,PS_015,,,
,,2024-08-13T16:30:00Z,0,0,0,0,0,0,0,0,0,0,,,,,,,,,,,,PS_015,,,
,,2024-08-13T16:45:00Z,0,0,0,0,0,0,0,0,0,0,,,,,,,,,,,,PS_015,,,
,,2024-08-13T17:00:00Z,0,0,0,0,0,0,0,0,0,0,,,,,,,,,,,,PS_015,,,
,,2024-08-13T17:15:00Z,0,0,0,0,0,0,0,0,0,0,,,,,,,,,,,,PS_015,,,
,,2024-08-13T17:30:00Z,0,0,0,0,0,0,0,0,0,0,,,,,,,,,,,,PS_015,,,
,,2024-08-13T17:45:00Z,0,0,0,0,0,0,0,0,0,0,,,,,,,,,,,,PS_015,,,
,,2024-08-13T18:00:00Z,0,0,0,0,0,0,0,0,0,0,,,,,,,,,,,,PS_015,,,
,,2024-08-13T18:15:00Z,0,0,0,0,0,0,0,0,0,0,,,,,,,,,,,,PS_015,,,
,,2024-08-13T18:30:00Z,0,0,0,0,0,0,0,0,0,0,,,,,,,,,,,,PS_015,,,
,,2024-08-13T18:45:00Z,0,0,0,0,0,0,0,0,0,0,,,,,,,,,,,,PS_015,,,
26.959337619578434,0.0,2024-08-13T19:00:00Z,4,4,4,0,4,4,0,0,0,4,0.0,,,,,,,,630.0000000000001,323.46802070753006,,PS_015,,,2.8593325066055097
26.42226832590333,0.0,2024-08-13T19:15:00Z,3,3,3,0,3,3,0,0,0,3,0.0,,,,,,,,630.0,306.5320438965409,,PS_015,,,2.4834690417531804
26.445835041051204,0.0,2024-08-13T19:30:00Z,4,4,4,0,4,4,0,0,0,4,0.0,,,,,,,,630.0,283.51687837127906,,PS_015,,,1.7794497038817945
25.304925718323002,0.0,2024-08-13T19:45:00Z,4,4,4,0,4,4,0,0,0,4,0.0,,,,,,,,630.0,120.8746139875501,,PS_015,,,1.3861535864340166
24.776435778521897,0.0,2024-08-13T20:00:00Z,3,3,3,0,3,3,0,0,0,3,0.0,,,,,,,,630.0,95.49935137882309,,PS_015,,,1.5885055255827212
23.806021968213944,0.0,2024-08-13T20:15:00Z,4,4,4,0,4,4,0,0,0,4,0.0,,,,,,,,630.0,58.85133309496134,,PS_015,,,2.683299135670318
23.17833566380096,0.0,2024-08-13T20:30:00Z,4,4,4,0,4,4,0,0,0,4,0.0,,,,,,,,630.0,32.52760749237343,,PS_015,,,3.0868804385871464
22.5603485300778,0.0,2024-08-13T20:45:00Z,3,3,3,0,3,3,0,0,0,3,0.0,,,,,,,,630.0,13.999334456107142,,PS_015,,,2.9397621660277977
22.00683898869,0.0,2024-08-13T21:00:00Z,4,4,4,0,4,4,0,0,0,4,0.0,,,,,,,,629.9999999999999,-0.5607879612136794,,PS_015,,,3.40283892671133
21.51513287011553,0.0,2024-08-13T21:15:00Z,4,4,4,0,4,4,0,0,0,4,0.0,,,,,,,,629.9999999999999,-2.324654024566638,,PS_015,,,2.888863191227086
20.837952790324852,0.0,2024-08-13T21:30:00Z,4,4,4,0,4,4,0,0,0,4,0.0,,,,,,,,630.0,-2.0766840706406575,,PS_015,,,2.9012170390804677
20.623743451233832,0.0,2024-08-13T21:45:00Z,3,3,3,0,3,3,0,0,0,3,0.0,,,,,,,,630.0000000000001,-2.140546828645385,,PS_015,,,3.5684061138391945
19.759411329912346,0.0,2024-08-13T22:00:00Z,3,3,3,0,3,3,0,0,0,3,0.0,,,,,,,,630.0,-1.6750598857632344,,PS_015,,,2.990739515559186
19.66295670329513,0.0,2024-08-13T22:15:00Z,4,4,4,0,4,4,0,0,0,4,0.0,,,,,,,,630.0000000000001,-2.0599172657988367,,PS_015,,,3.6822979887561806
19.22291894528405,0.0,2024-08-13T22:30:00Z,3,3,3,0,3,3,0,0,0,3,0.0,,,,,,,,630.0,-1.911075048108063,,PS_015,,,3.5349174568865758
18.610671825482946,0.0,2024-08-13T22:45:00Z,4,4,4,0,4,4,0,0,0,4,0.0,,,,,,,,630.0000000000001,-1.813031628913037,,PS_015,,,3.2599073707126336
18.11300285756536,0.0,2024-08-13T23:00:00Z,4,4,4,0,4,4,0,0,0,4,0.0,,,,,,,,630.0,-2.0583620128713442,,PS_015,,,3.536399021111485
18.12559653825812,0.0,2024-08-13T23:15:00Z,3,3,3,0,3,3,0,0,0,3,0.0,,,,,,,,629.9999999999999,-2.3668785094328846,,PS_015,,,3.9578203383375303
18.298275310712196,0.0,2024-08-13T23:30:00Z,4,4,4,0,4,4,0,0,0,4,0.0,,,,,,,,630.0,-2.306097209721484,,PS_015,,,4.5253432778174005
18.36216395473169,0.0,2024-08-13T23:45:00Z,3,3,3,0,3,3,0,0,0,3,0.0,,,,,,,,630.0000000000001,-2.3916543592454804,,PS_015,,,4.330923666340558
18.28925981416994,0.0,2024-08-14T00:00:00Z,2,2,2,0,2,2,0,0,0,2,0.0,,,,,,,,630.0,-2.2659259816305175,,PS_015,,,5.632518274955258
,,2024-08-14T00:15:00Z,0,0,0,0,0,0,0,0,0,0,,,,,,,,,,,,PS_015,,,
,,2024-08-14T00:30:00Z,0,0,0,0,0,0,0,0,0,0,,,,,,,,,,,,PS_015,,,
,,2024-08-14T00:45:00Z,0,0,0,0,0,0,0,0,0,0,,,,,,,,,,,,PS_015,,,
,,2024-08-14T01:00:00Z,0,0,0,0,0,0,0,0,0,0,,,,,,,,,,,,PS_015,,,
,,2024-08-14T01:15:00Z,0,0,0,0,0,0,0,0,0,0,,,,,,,,,,,,PS_015,,,
,,2024-08-14T01:30:00Z,0,0,0,0,0,0,0,0,0,0,,,,,,,,,,,,PS_015,,,
,,2024-08-14T01:45:00Z,0,0,0,0,0,0,0,0,0,0,,,,,,,,,,,,PS_015,,,
,,2024-08-14T02:00:00Z,0,0,0,0,0,0,0,0,0,0,,,,,,,,,,,,PS_015,,,
,,2024-08-14T02:15:00Z,0,0,0,0,0,0,0,0,0,0,,,,,,,,,,,,PS_015,,,
,,2024-08-14T02:30:00Z,0,0,0,0,0,0,0,0,0,0,,,,,,,,,,,,PS_015,,,
,,2024-08-14T02:45:00Z,0,0,0,0,0,0,0,0,0,0,,,,,,,,,,,,PS_015,,,
,,2024-08-14T03:00:00Z,0,0,0,0,0,0,0,0,0,0,,,,,,,,,,,,PS_015,,,
,,2024-08-14T03:15:00Z,0,0,0,0,0,0,0,0,0,0,,,,,,,,,,,,PS_015,,,
,,2024-08-14T03:30:00Z,0,0,0,0,0,0,0,0,0,0,,,,,,,,,,,,PS_015,,,
,,2024-08-14T03:45:00Z,0,0,0,0,0,0,0,0,0,0,,,,,,,,,,,,PS_015,,,
,,2024-08-14T04:00:00Z,0,0,0,0,0,0,0,0,0,0,,,,,,,,,,,,PS_015,,,
,,2024-08-14T04:15:00Z,0,0,0,0,0,0,0,0,0,0,,,,,,,,,,,,PS_015,,,
,,2024-08-14T04:30:00Z,0,0,0,0,0,0,0,0,0,0,,,,,,,,,,,,PS_015,,,
,,2024-08-14T04:45:00Z,0,0,0,0,0,0,0,0,0,0,,,,,,,,,,,,PS_015,,,
,,2024-08-14T05:00:00Z,0,0,0,0,0,0,0,0,0,0,,,,,,,,,,,,PS_015,,,
,,2024-08-14T05:15:00Z,0,0,0,0,0,0,0,0,0,0,,,,,,,,,,,,PS_015,,,
,,2024-08-14T05:30:00Z,0,0,0,0,0,0,0,0,0,0,,,,,,,,,,,,PS_015,,,
,,2024-08-14T05:45:00Z,0,0,0,0,0,0,0,0,0,0,,,,,,,,,,,,PS_015,,,
,,2024-08-14T06:00:00Z,0,0,0,0,0,0,0,0,0,0,,,,,,,,,,,,PS_015,,,
,,2024-08-14T06:15:00Z,0,0,0,0,0,0,0,0,0,0,,,,,,,,,,,,PS_015,,,
,,2024-08-14T06:30:00Z,0,0,0,0,0,0,0,0,0,0,,,,,,,,,,,,PS_015,,,
,,2024-08-14T06:45:00Z,0,0,0,0,0,0,0,0,0,0,,,,,,,,,,,,PS_015,,,
,,2024-08-14T07:00:00Z,0,0,0,0,0,0,0,0,0,0,,,,,,,,,,,,PS_015,,,
,,2024-08-14T07:15:00Z,0,0,0,0,0,0,0,0,0,0,,,,,,,,,,,,PS_015,,,
,,2024-08-14T07:30:00Z,0,0,0,0,0,0,0,0,0,0,,,,,,,,,,,,PS_015,,,
,,2024-08-14T07:45:00Z,0,0,0,0,0,0,0,0,0,0,,,,,,,,,,,,PS_015,,,
,,2024-08-14T08:00:00Z,0,0,0,0,0,0,0,0,0,0,,,,,,,,,,,,PS_015,,,
,,2024-08-14T08:15:00Z,0,0,0,0,0,0,0,0,0,0,,,,,,,,,,,,PS_015,,,
,,2024-08-14T08:30:00Z,0,0,0,0,0,0,0,0,0,0,,,,,,,,,,,,PS_015,,,
,,2024-08-14T08:45:00Z,0,0,0,0,0,0,0,0,0,0,,,,,,,,,,,,PS_015,,,
,,2024-08-14T09:00:00Z,0,0,0,0,0,0,0,0,0,0,,,,,,,,,,,,PS_015,,,
,,2024-08-14T09:15:00Z,0,0,0,0,0,0,0,0,0,0,,,,,,,,,,,,PS_015,,,
,,2024-08-14T09:30:00Z,0,0,0,0,0,0,0,0,0,0,,,,,,,,,,,,PS_015,,,
,,2024-08-14T09:45:00Z,0,0,0,0,0,0,0,0,0,0,,,,,,,,,,,,PS_015,,,
,,2024-08-14T10:00:00Z,0,0,0,0,0,0,0,0,0,0,,,,,,,,,,,,PS_015,,,
,,2024-08-14T10:15:00Z,0,0,0,0,0,0,0,0,0,0,,,,,,,,,,,,PS_015,,,
,,2024-08-14T10:30:00Z,0,0,0,0,0,0,0,0,0,0,,,,,,,,,,,,PS_015,,,
,,2024-08-14T10:45:00Z,0,0,0,0,0,0,0,0,0,0,,,,,,,,,,,,PS_015,,,
,,2024-08-14T11:00:00Z,0,0,0,0,0,0,0,0,0,0,,,,,,,,,,,,PS_015,,,
,,2024-08-14T11:15:00Z,0,0,0,0,0,0,0,0,0,0,,,,,,,,,,,,PS_015,,,
,,2024-08-14T11:30:00Z,0,0,0,0,0,0,0,0,0,0,,,,,,,,,,,,PS_015,,,
,,2024-08-14T11:45:00Z,0,0,0,0,0,0,0,0,0,0,,,,,,,,,,,,PS_015,,,
,,2024-08-14T12:00:00Z,0,0,0,0,0,0,0,0,0,0,,,,,,,,,,,,PS_015,,,
,,2024-08-14T12:15:00Z,0,0,0,0,0,0,0,0,0,0,,,,,,,,,,,,PS_015,,,
,,2024-08-14T12:30:00Z,0,0,0,0,0,0,0,0,0,0,,,,,,,,,,,,PS_015,,,
,,2024-08-14T12:45:00Z,0,0,0,0,0,0,0,0,0,0,,,,,,,,,,,,PS_015,,,
,,2024-08-14T13:00:00Z,0,0,0,0,0,0,0,0,0,0,,,,,,,,,,,,PS_015,,,
,,2024-08-14T13:15:00Z,0,0,0,0,0,0,0,0,0,0,,,,,,,,,,,,PS_015,,,
,,2024-08-14T13:30:00Z,0,0,0,0,0,0,0,0,0,0,,,,,,,,,,,,PS_015,,,
,,2024-08-14T13:45:00Z,0,0,0,0,0,0,0,0,0,0,,,,,,,,,,,,PS_015,,,
,,2024-08-14T14:00:00Z,0,0,0,0,0,0,0,0,0,0,,,,,,,,,,,,PS_015,,,
,,2024-08-14T14:15:00Z,0,0,0,0,0,0,0,0,0,0,,,,,,,,,,,,PS_015,,,
,,2024-08-14T14:30:00Z,0,0,0,0,0,0,0,0,0,0,,,,,,,,,,,,PS_015,,,
,,2024-08-14T14:45:00Z,0,0,0,0,0,0,0,0,0,0,,,,,,,,,,,,PS_015,,,
,,2024-08-14T15:00:00Z,0,0,0,0,0,0,0,0,0,0,,,,,,,,,,,,PS_015,,,
,,2024-08-14T15:15:00Z,0,0,0,0,0,0,0,0,0,0,,,,,,,,,,,,PS_015,,,
,,2024-08-14T15:30:00Z,0,0,0,0,0,0,0,0,0,0,,,,,,,,,,,,PS_015,,,
,,2024-08-14T15:45:00Z,0,0,0,0,0,0,0,0,0,0,,,,,,,,,,,,PS_015,,,
,,2024-08-14T16:00:00Z,0,0,0,0,0,0,0,0,0,0,,,,,,,,,,,,PS_015,,,
,,2024-08-14T16:15:00Z,0,0,0,0,0,0,0,0,0,0,,,,,,,,,,,,PS_015,,,
,,2024-08-14T16:30:00Z,0,0,0,0,0,0,0,0,0,0,,,,,,,,,,,,PS_015,,,
,,2024-08-14T16:45:00Z,0,0,0,0,0,0,0,0,0,0,,,,,,,,,,,,PS_015,,,
,,2024-08-14T17:00:00Z,0,0,0,0,0,0,0,0,0,0,,,,,,,,,,,,PS_015,,,
,,2024-08-14T17:15:00Z,0,0,0,0,0,0,0,0,0,0,,,,,,,,,,,,PS_015,,,
,,2024-08-14T17:30:00Z,0,0,0,0,0,0,0,0,0,0,,,,,,,,,,,,PS_015,,,
,,2024-08-14T17:45:00Z,0,0,0,0,0,0,0,0,0,0,,,,,,,,,,,,PS_015,,,
,,2024-08-14T18:00:00Z,0,0,0,0,0,0,0,0,0,0,,,,,,,,,,,,PS_015,,,
,,2024-08-14T18:15:00Z,0,0,0,0,0,0,0,0,0,0,,,,,,,,,,,,PS_015,,,
,,2024-08-14T18:30:00Z,0,0,0,0,0,0,0,0,0,0,,,,,,,,,,,,PS_015,,,
,,2024-08-14T18:45:00Z,0,0,0,0,0,0,0,0,0,0,,,,,,,,,,,,PS_015,,,
,,2024-08-14T19:00:00Z,0,0,0,0,0,0,0,0,0,0,,,,,,,,,,,,PS_015,,,
,,2024-08-14T19:15:00Z,0,0,0,0,0,0,0,0,0,0,,,,,,,,,,,,PS_015,,,
,,2024-08-14T19:30:00Z,0,0,0,0,0,0,0,0,0,0,,,,,,,,,,,,PS_015,,,
,,2024-08-14T19:45:00Z,0,0,0,0,0,0,0,0,0,0,,,,,,,,,,,,PS_015,,,
,,2024-08-14T20:00:00Z,0,0,0,0,0,0,0,0,0,0,,,,,,,,,,,,PS_015,,,
,,2024-08-14T20:15:00Z,0,0,0,0,0,0,0,0,0,0,,,,,,,,,,,,PS_015,,,
,,2024-08-14T20:30:00Z,0,0,0,0,0,0,0,0,0,0,,,,,,,,,,,,PS_015,,,
,,2024-08-14T20:45:00Z,0,0,0,0,0,0,0,0,0,0,,,,,,,,,,,,PS_015,,,
,,2024-08-14T21:00:00Z,0,0,0,0,0,0,0,0,0,0,,,,,,,,,,,,PS_015,,,
,,2024-08-14T21:15:00Z,0,0,0,0,0,0,0,0,0,0,,,,,,,,,,,,PS_015,,,
,,2024-08-14T21:30:00Z,0,0,0,0,0,0,0,0,0,0,,,,,,,,,,,,PS_015,,,
,,2024-08-14T21:45:00Z,0,0,0,0,0,0,0,0,0,0,,,,,,,,,,,,PS_015,,,
,,2024-08-14T22:00:00Z,0,0,0,0,0,0,0,0,0,0,,,,,,,,,,,,PS_015,,,
,,2024-08-14T22:15:00Z,0,0,0,0,0,0,0,0,0,0,,,,,,,,,,,,PS_015,,,
,,2024-08-14T22:30:00Z,0,0,0,0,0,0,0,0,0,0,,,,,,,,,,,,PS_015,,,
,,2024-08-14T22:45:00Z,0,0,0,0,0,0,0,0,0,0,,,,,,,,,,,,PS_015,,,
,,2024-08-14T23:00:00Z,0,0,0,0,0,0,0,0,0,0,,,,,,,,,,,,PS_015,,,
,,2024-08-14T23:15:00Z,0,0,0,0,0,0,0,0,0,0,,,,,,,,,,,,PS_015,,,
,,2024-08-14T23:30:00Z,0,0,0,0,0,0,0,0,0,0,,,,,,,,,,,,PS_015,,,
,,2024-08-14T23:45:00Z,0,0,0,0,0,0,0,0,0,0,,,,,,,,,,,,PS_015,,,
,,2024-08-15T00:00:00Z,0,0,0,0,0,0,0,0,0,0,,,,,,,,,,,,PS_015,,,
,,2024-08-15T00:15:00Z,0,0,0,0,0,0,0,0,0,0,,,,,,,,,,,,PS_015,,,
,,2024-08-15T00:30:00Z,0,0,0,0,0,0,0,0,0,0,,,,,,,,,,,,PS_015,,,
,,2024-08-15T00:45:00Z,0,0,0,0,0,0,0,0,0,0,,,,,,,,,,,,PS_015,,,
,,2024-08-15T01:00:00Z,0,0,0,0,0,0,0,0,0,0,,,,,,,,,,,,PS_015,,,
,,2024-08-15T01:15:00Z,0,0,0,0,0,0,0,0,0,0,,,,,,,,,,,,PS_015,,,
,,2024-08-15T01:30:00Z,0,0,0,0,0,0,0,0,0,0,,,,,,,,,,,,PS_015,,,
,,2024-08-15T01:45:00Z,0,0,0,0,0,0,0,0,0,0,,,,,,,,,,,,PS_015,,,
,,2024-08-15T02:00:00Z,0,0,0,0,0,0,0,0,0,0,,,,,,,,,,,,PS_015,,,
,,2024-08-15T02:15:00Z,0,0,0,0,0,0,0,0,0,0,,,,,,,,,,,,PS_015,,,
,,2024-08-15T02:30:00Z,0,0,0,0,0,0,0,0,0,0,,,,,,,,,,,,PS_015,,,
,,2024-08-15T02:45:00Z,0,0,0,0,0,0,0,0,0,0,,,,,,,,,,,,PS_015,,,
,,2024-08-15T03:00:00Z,0,0,0,0,0,0,0,0,0,0,,,,,,,,,,,,PS_015,,,
,,2024-08-15T03:15:00Z,0,0,0,0,0,0,0,0,0,0,,,,,,,,,,,,PS_015,,,
,,2024-08-15T03:30:00Z,0,0,0,0,0,0,0,0,0,0,,,,,,,,,,,,PS_015,,,
,,2024-08-15T03:45:00Z,0,0,0,0,0,0,0,0,0,0,,,,,,,,,,,,PS_015,,,
,,2024-08-15T04:00:00Z,0,0,0,0,0,0,0,0,0,0,,,,,,,,,,,,PS_015,,,
,,2024-08-15T04:15:00Z,0,0,0,0,0,0,0,0,0,0,,,,,,,,,,,,PS_015,,,
,,2024-08-15T04:30:00Z,0,0,0,0,0,0,0,0,0,0,,,,,,,,,,,,PS_015,,,
,,2024-08-15T04:45:00Z,0,0,0,0,0,0,0,0,0,0,,,,,,,,,,,,PS_015,,,
,,2024-08-15T05:00:00Z,0,0,0,0,0,0,0,0,0,0,,,,,,,,,,,,PS_015,,,
,,2024-08-15T05:15:00Z,0,0,0,0,0,0,0,0,0,0,,,,,,,,,,,,PS_015,,,
,,2024-08-15T05:30:00Z,0,0,0,0,0,0,0,0,0,0,,,,,,,,,,,,PS_015,,,
,,2024-08-15T05:45:00Z,0,0,0,0,0,0,0,0,0,0,,,,,,,,,,,,PS_015,,,
,,2024-08-15T06:00:00Z,0,0,0,0,0,0,0,0,0,0,,,,,,,,,,,,PS_015,,,
,,2024-08-15T06:15:00Z,0,0,0,0,0,0,0,0,0,0,,,,,,,,,,,,PS_015,,,
,,2024-08-15T06:30:00Z,0,0,0,0,0,0,0,0,0,0,,,,,,,,,,,,PS_015,,,
,,2024-08-15T06:45:00Z,0,0,0,0,0,0,0,0,0,0,,,,,,,,,,,,PS_015,,,
,,2024-08-15T07:00:00Z,0,0,0,0,0,0,0,0,0,0,,,,,,,,,,,,PS_015,,,
,,2024-08-15T07:15:00Z,0,0,0,0,0,0,0,0,0,0,,,,,,,,,,,,PS_015,,,
,,2024-08-15T07:30:00Z,0,0,0,0,0,0,0,0,0,0,,,,,,,,,,,,PS_015,,,
,,2024-08-15T07:45:00Z,0,0,0,0,0,0,0,0,0,0,,,,,,,,,,,,PS_015,,,
,,2024-08-15T08:00:00Z,0,0,0,0,0,0,0,0,0,0,,,,,,,,,,,,PS_015,,,
,,2024-08-15T08:15:00Z,0,0,0,0,0,0,0,0,0,0,,,,,,,,,,,,PS_015,,,
,,2024-08-15T08:30:00Z,0,0,0,0,0,0,0,0,0,0,,,,,,,,,,,,PS_015,,,
,,2024-08-15T08:45:00Z,0,0,0,0,0,0,0,0,0,0,,,,,,,,,,,,PS_015,,,
,,2024-08-15T09:00:00Z,0,0,0,0,0,0,0,0,0,0,,,,,,,,,,,,PS_015,,,
,,2024-08-15T09:15:00Z,0,0,0,0,0,0,0,0,0,0,,,,,,,,,,,,PS_015,,,
,,2024-08-15T09:30:00Z,0,0,0,0,0,0,0,0,0,0,,,,,,,,,,,,PS_015,,,
,,2024-08-15T09:45:00Z,0,0,0,0,0,0,0,0,0,0,,,,,,,,,,,,PS_015,,,
,,2024-08-15T10:00:00Z,0,0,0,0,0,0,0,0,0,0,,,,,,,,,,,,PS_015,,,
,,2024-08-15T10:15:00Z,0,0,0,0,0,0,0,0,0,0,,,,,,,,,,,,PS_015,,,
,,2024-08-15T10:30:00Z,0,0,0,0,0,0,0,0,0,0,,,,,,,,,,,,PS_015,,,
,,2024-08-15T10:45:00Z,0,0,0,0,0,0,0,0,0,0,,,,,,,,,,,,PS_015,,,
,,2024-08-15T11:00:00Z,0,0,0,0,0,0,0,0,0,0,,,,,,,,,,,,PS_015,,,
,,2024-08-15T11:15:00Z,0,0,0,0,0,0,0,0,0,0,,,,,,,,,,,,PS_015,,,
,,2024-08-15T11:30:00Z,0,0,0,0,0,0,0,0,0,0,,,,,,,,,,,,PS_015,,,
,,2024-08-15T11:45:00Z,0,0,0,0,0,0,0,0,0,0,,,,,,,,,,,,PS_015,,,
,,2024-08-15T12:00:00Z,0,0,0,0,0,0,0,0,0,0,,,,,,,,,,,,PS_015,,,
,,2024-08-15T12:15:00Z,0,0,0,0,0,0,0,0,0,0,,,,,,,,,,,,PS_015,,,
,,2024-08-15T12:30:00Z,0,0,0,0,0,0,0,0,0,0,,,,,,,,,,,,PS_015,,,
,,2024-08-15T12:45:00Z,0,0,0,0,0,0,0,0,0,0,,,,,,,,,,,,PS_015,,,
,,2024-08-15T13:00:00Z,0,0,0,0,0,0,0,0,0,0,,,,,,,,,,,,PS_015,,,
,,2024-08-15T13:15:00Z,0,0,0,0,0,0,0,0,0,0,,,,,,,,,,,,PS_015,,,
,,2024-08-15T13:30:00Z,0,0,0,0,0,0,0,0,0,0,,,,,,,,,,,,PS_015,,,
,,2024-08-15T13:45:00Z,0,0,0,0,0,0,0,0,0,0,,,,,,,,,,,,PS_015,,,
,,2024-08-15T14:00:00Z,0,0,0,0,0,0,0,0,0,0,,,,,,,,,,,,PS_015,,,
,,2024-08-15T14:15:00Z,0,0,0,0,0,0,0,0,0,0,,,,,,,,,,,,PS_015,,,
,,2024-08-15T14:30:00Z,0,0,0,0,0,0,0,0,0,0,,,,,,,,,,,,PS_015,,,
,,2024-08-15T14:45:00Z,0,0,0,0,0,0,0,0,0,0,,,,,,,,,,,,PS_015,,,
,,2024-08-15T15:00:00Z,0,0,0,0,0,0,0,0,0,0,,,,,,,,,,,,PS_015,,,
,,2024-08-15T15:15:00Z,0,0,0,0,0,0,0,0,0,0,,,,,,,,,,,,PS_015,,,
,,2024-08-15T15:30:00Z,0,0,0,0,0,0,0,0,0,0,,,,,,,,,,,,PS_015,,,
,,2024-08-15T15:45:00Z,0,0,0,0,0,0,0,0,0,0,,,,,,,,,,,,PS_015,,,
,,2024-08-15T16:00:00Z,0,0,0,0,0,0,0,0,0,0,,,,,,,,,,,,PS_015,,,
,,2024-08-15T16:15:00Z,0,0,0,0,0,0,0,0,0,0,,,,,,,,,,,,PS_015,,,
,,2024-08-15T16:30:00Z,0,0,0,0,0,0,0,0,0,0,,,,,,,,,,,,PS_015,,,
,,2024-08-15T16:45:00Z,0,0,0,0,0,0,0,0,0,0,,,,,,,,,,,,PS_015,,,
,,2024-08-15T17:00:00Z,0,0,0,0,0,0,0,0,0,0,,,,,,,,,,,,PS_015,,,
,,2024-08-15T17:15:00Z,0,0,0,0,0,0,0,0,0,0,,,,,,,,,,,,PS_015,,,
,,2024-08-15T17:30:00Z,0,0,0,0,0,0,0,0,0,0,,,,,,,,,,,,PS_015,,,
,,2024-08-15T17:45:00Z,0,0,0,0,0,0,0,0,0,0,,,,,,,,,,,,PS_015,,,
,,2024-08-15T18:00:00Z,0,0,0,0,0,0,0,0,0,0,,,,,,,,,,,,PS_015,,,
,,2024-08-15T18:15:00Z,0,0,0,0,0,0,0,0,0,0,,,,,,,,,,,,PS_015,,,
,,2024-08-15T18:30:00Z,0,0,0,0,0,0,0,0,0,0,,,,,,,,,,,,PS_015,,,
,,2024-08-15T18:45:00Z,0,0,0,0,0,0,0,0,0,0,,,,,,,,,,,,PS_015,,,
,,2024-08-15T19:00:00Z,0,0,0,0,0,0,0,0,0,0,,,,,,,,,,,,PS_015,,,
,,2024-08-15T19:15:00Z,0,0,0,0,0,0,0,0,0,0,,,,,,,,,,,,PS_015,,,
,,2024-08-15T19:30:00Z,0,0,0,0,0,0,0,0,0,0,,,,,,,,,,,,PS_015,,,
,,2024-08-15T19:45:00Z,0,0,0,0,0,0,0,0,0,0,,,,,,,,,,,,PS_015,,,
,,2024-08-15T20:00:00Z,0,0,0,0,0,0,0,0,0,0,,,,,,,,,,,,PS_015,,,
,,2024-08-15T20:15:00Z,0,0,0,0,0,0,0,0,0,0,,,,,,,,,,,,PS_015,,,
,,2024-08-15T20:30:00Z,0,0,0,0,0,0,0,0,0,0,,,,,,,,,,,,PS_015,,,
,,2024-08-15T20:45:00Z,0,0,0,0,0,0,0,0,0,0,,,,,,,,,,,,PS_015,,,
,,2024-08-15T21:00:00Z,0,0,0,0,0,0,0,0,0,0,,,,,,,,,,,,PS_015,,,
,,2024-08-15T21:15:00Z,0,0,0,0,0,0,0,0,0,0,,,,,,,,,,,,PS_015,,,
,,2024-08-15T21:30:00Z,0,0,0,0,0,0,0,0,0,0,,,,,,,,,,,,PS_015,,,
,,2024-08-15T21:45:00Z,0,0,0,0,0,0,0,0,0,0,,,,,,,,,,,,PS_015,,,
,,2024-08-15T22:00:00Z,0,0,0,0,0,0,0,0,0,0,,,,,,,,,,,,PS_015,,,
,,2024-08-15T22:15:00Z,0,0,0,0,0,0,0,0,0,0,,,,,,,,,,,,PS_015,,,
,,2024-08-15T22:30:00Z,0,0,0,0,0,0,0,0,0,0,,,,,,,,,,,,PS_015,,,
,,2024-08-15T22:45:00Z,0,0,0,0,0,0,0,0,0,0,,,,,,,,,,,,PS_015,,,
,,2024-08-15T23:00:00Z,0,0,0,0,0,0,0,0,0,0,,,,,,,,,,,,PS_015,,,
,,2024-08-15T23:15:00Z,0,0,0,0,0,0,0,0,0,0,,,,,,,,,,,,PS_015,,,
,,2024-08-15T23:30:00Z,0,0,0,0,0,0,0,0,0,0,,,,,,,,,,,,PS_015,,,
,,2024-08-15T23:45:00Z,0,0,0,0,0,0,0,0,0,0,,,,,,,,,,,,PS_015,,,
,,2024-08-16T00:00:00Z,0,0,0,0,0,0,0,0,0,0,,,,,,,,,,,,PS_015,,,
,,2024-08-16T00:15:00Z,0,0,0,0,0,0,0,0,0,0,,,,,,,,,,,,PS_015,,,
,,2024-08-16T00:30:00Z,0,0,0,0,0,0,0,0,0,0,,,,,,,,,,,,PS_015,,,
,,2024-08-16T00:45:00Z,0,0,0,0,0,0,0,0,0,0,,,,,,,,,,,,PS_015,,,
,,2024-08-16T01:00:00Z,0,0,0,0,0,0,0,0,0,0,,,,,,,,,,,,PS_015,,,
,,2024-08-16T01:15:00Z,0,0,0,0,0,0,0,0,0,0,,,,,,,,,,,,PS_015,,,
,,2024-08-16T01:30:00Z,0,0,0,0,0,0,0,0,0,0,,,,,,,,,,,,PS_015,,,
,,2024-08-16T01:45:00Z,0,0,0,0,0,0,0,0,0,0,,,,,,,,,,,,PS_015,,,
,,2024-08-16T02:00:00Z,0,0,0,0,0,0,0,0,0,0,,,,,,,,,,,,PS_015,,,
,,2024-08-16T02:15:00Z,0,0,0,0,0,0,0,0,0,0,,,,,,,,,,,,PS_015,,,
,,2024-08-16T02:30:00Z,0,0,0,0,0,0,0,0,0,0,,,,,,,,,,,,PS_015,,,
,,2024-08-16T02:45:00Z,0,0,0,0,0,0,0,0,0,0,,,,,,,,,,,,PS_015,,,
,,2024-08-16T03:00:00Z,0,0,0,0,0,0,0,0,0,0,,,,,,,,,,,,PS_015,,,
,,2024-08-16T03:15:00Z,0,0,0,0,0,0,0,0,0,0,,,,,,,,,,,,PS_015,,,
,,2024-08-16T03:30:00Z,0,0,0,0,0,0,0,0,0,0,,,,,,,,,,,,PS_015,,,
,,2024-08-16T03:45:00Z,0,0,0,0,0,0,0,0,0,0,,,,,,,,,,,,PS_015,,,
,,2024-08-16T04:00:00Z,0,0,0,0,0,0,0,0,0,0,,,,,,,,,,,,PS_015,,,
,,2024-08-16T04:15:00Z,0,0,0,0,0,0,0,0,0,0,,,,,,,,,,,,PS_015,,,
,,2024-08-16T04:30:00Z,0,0,0,0,0,0,0,0,0,0,,,,,,,,,,,,PS_015,,,
,,2024-08-16T04:45:00Z,0,0,0,0,0,0,0,0,0,0,,,,,,,,,,,,PS_015,,,
,,2024-08-16T05:00:00Z,0,0,0,0,0,0,0,0,0,0,,,,,,,,,,,,PS_015,,,
,,2024-08-16T05:15:00Z,0,0,0,0,0,0,0,0,0,0,,,,,,,,,,,,PS_015,,,
,,2024-08-16T05:30:00Z,0,0,0,0,0,0,0,0,0,0,,,,,,,,,,,,PS_015,,,
,,2024-08-16T05:45:00Z,0,0,0,0,0,0,0,0,0,0,,,,,,,,,,,,PS_015,,,
,,2024-08-16T06:00:00Z,0,0,0,0,0,0,0,0,0,0,,,,,,,,,,,,PS_015,,,
,,2024-08-16T06:15:00Z,0,0,0,0,0,0,0,0,0,0,,,,,,,,,,,,PS_015,,,
,,2024-08-16T06:30:00Z,0,0,0,0,0,0,0,0,0,0,,,,,,,,,,,,PS_015,,,
,,2024-08-16T06:45:00Z,0,0,0,0,0,0,0,0,0,0,,,,,,,,,,,,PS_015,,,
,,2024-08-16T07:00:00Z,0,0,0,0,0,0,0,0,0,0,,,,,,,,,,,,PS_015,,,
,,2024-08-16T07:15:00Z,0,0,0,0,0,0,0,0,0,0,,,,,,,,,,,,PS_015,,,
,,2024-08-16T07:30:00Z,0,0,0,0,0,0,0,0,0,0,,,,,,,,,,,,PS_015,,,
,,2024-08-16T07:45:00Z,0,0,0,0,0,0,0,0,0,0,,,,,,,,,,,,PS_015,,,
,,2024-08-16T08:00:00Z,0,0,0,0,0,0,0,0,0,0,,,,,,,,,,,,PS_015,,,
,,2024-08-16T08:15:00Z,0,0,0,0,0,0,0,0,0,0,,,,,,,,,,,,PS_015,,,
,,2024-08-16T08:30:00Z,0,0,0,0,0,0,0,0,0,0,,,,,,,,,,,,PS_015,,,
,,2024-08-16T08:45:00Z,0,0,0,0,0,0,0,0,0,0,,,,,,,,,,,,PS_015,,,
,,2024-08-16T09:00:00Z,0,0,0,0,0,0,0,0,0,0,,,,,,,,,,,,PS_015,,,
,,2024-08-16T09:15:00Z,0,0,0,0,0,0,0,0,0,0,,,,,,,,,,,,PS_015,,,
,,2024-08-16T09:30:00Z,0,0,0,0,0,0,0,0,0,0,,,,,,,,,,,,PS_015,,,
,,2024-08-16T09:45:00Z,0,0,0,0,0,0,0,0,0,0,,,,,,,,,,,,PS_015,,,
,,2024-08-16T10:00:00Z,0,0,0,0,0,0,0,0,0,0,,,,,,,,,,,,PS_015,,,
,,2024-08-16T10:15:00Z,0,0,0,0,0,0,0,0,0,0,,,,,,,,,,,,PS_015,,,
,,2024-08-16T10:30:00Z,0,0,0,0,0,0,0,0,0,0,,,,,,,,,,,,PS_015,,,
,,2024-08-16T10:45:00Z,0,0,0,0,0,0,0,0,0,0,,,,,,,,,,,,PS_015,,,
,,2024-08-16T11:00:00Z,0,0,0,0,0,0,0,0,0,0,,,,,,,,,,,,PS_015,,,
,,2024-08-16T11:15:00Z,0,0,0,0,0,0,0,0,0,0,,,,,,,,,,,,PS_015,,,
,,2024-08-16T11:30:00Z,0,0,0,0,0,0,0,0,0,0,,,,,,,,,,,,PS_015,,,
,,2024-08-16T11:45:00Z,0,0,0,0,0,0,0,0,0,0,,,,,,,,,,,,PS_015,,,
,,2024-08-16T12:00:00Z,0,0,0,0,0,0,0,0,0,0,,,,,,,,,,,,PS_015,,,
,,2024-08-16T12:15:00Z,0,0,0,0,0,0,0,0,0,0,,,,,,,,,,,,PS_015,,,
,,2024-08-16T12:30:00Z,0,0,0,0,0,0,0,0,0,0,,,,,,,,,,,,PS_015,,,
,,2024-08-16T12:45:00Z,0,0,0,0,0,0,0,0,0,0,,,,,,,,,,,,PS_015,,,
,,2024-08-16T13:00:00Z,0,0,0,0,0,0,0,0,0,0,,,,,,,,,,,,PS_015,,,
,,2024-08-16T13:15:00Z,0,0,0,0,0,0,0,0,0,0,,,,,,,,,,,,PS_015,,,
,,2024-08-16T13:30:00Z,0,0,0,0,0,0,0,0,0,0,,,,,,,,,,,,PS_015,,,
,,2024-08-16T13:45:00Z,0,0,0,0,0,0,0,0,0,0,,,,,,,,,,,,PS_015,,,
,,2024-08-16T14:00:00Z,0,0,0,0,0,0,0,0,0,0,,,,,,,,,,,,PS_015,,,
,,2024-08-16T14:15:00Z,0,0,0,0,0,0,0,0,0,0,,,,,,,,,,,,PS_015,,,
,,2024-08-16T14:30:00Z,0,0,0,0,0,0,0,0,0,0,,,,,,,,,,,,PS_015,,,
,,2024-08-16T14:45:00Z,0,0,0,0,0,0,0,0,0,0,,,,,,,,,,,,PS_015,,,
,,2024-08-16T15:00:00Z,0,0,0,0,0,0,0,0,0,0,,,,,,,,,,,,PS_015,,,
,,2024-08-16T15:15:00Z,0,0,0,0,0,0,0,0,0,0,,,,,,,,,,,,PS_015,,,
,,2024-08-16T15:30:00Z,0,0,0,0,0,0,0,0,0,0,,,,,,,,,,,,PS_015,,,
,,2024-08-16T15:45:00Z,0,0,0,0,0,0,0,0,0,0,,,,,,,,,,,,PS_015,,,
,,2024-08-16T16:00:00Z,0,0,0,0,0,0,0,0,0,0,,,,,,,,,,,,PS_015,,,
,,2024-08-16T16:15:00Z,0,0,0,0,0,0,0,0,0,0,,,,,,,,,,,,PS_015,,,
,,2024-08-16T16:30:00Z,0,0,0,0,0,0,0,0,0,0,,,,,,,,,,,,PS_015,,,
,,2024-08-16T16:45:00Z,0,0,0,0,0,0,0,0,0,0,,,,,,,,,,,,PS_015,,,
,,2024-08-16T17:00:00Z,0,0,0,0,0,0,0,0,0,0,,,,,,,,,,,,PS_015,,,
,,2024-08-16T17:15:00Z,0,0,0,0,0,0,0,0,0,0,,,,,,,,,,,,PS_015,,,
,,2024-08-16T17:30:00Z,0,0,0,0,0,0,0,0,0,0,,,,,,,,,,,,PS_015,,,
,,2024-08-16T17:45:00Z,0,0,0,0,0,0,0,0,0,0,,,,,,,,,,,,PS_015,,,
,,2024-08-16T18:00:00Z,0,0,0,0,0,0,0,0,0,0,,,,,,,,,,,,PS_015,,,
,,2024-08-16T18:15:00Z,0,0,0,0,0,0,0,0,0,0,,,,,,,,,,,,PS_015,,,
,,2024-08-16T18:30:00Z,0,0,0,0,0,0,0,0,0,0,,,,,,,,,,,,PS_015,,,
,,2024-08-16T18:45:00Z,0,0,0,0,0,0,0,0,0,0,,,,,,,,,,,,PS_015,,,
,,2024-08-16T19:00:00Z,0,0,0,0,0,0,0,0,0,0,,,,,,,,,,,,PS_015,,,
,,2024-08-16T19:15:00Z,0,0,0,0,0,0,0,0,0,0,,,,,,,,,,,,PS_015,,,
,,2024-08-16T19:30:00Z,0,0,0,0,0,0,0,0,0,0,,,,,,,,,,,,PS_015,,,
,,2024-08-16T19:45:00Z,0,0,0,0,0,0,0,0,0,0,,,,,,,,,,,,PS_015,,,
,,2024-08-16T20:00:00Z,0,0,0,0,0,0,0,0,0,0,,,,,,,,,,,,PS_015,,,
,,2024-08-16T20:15:00Z,0,0,0,0,0,0,0,0,0,0,,,,,,,,,,,,PS_015,,,
,,2024-08-16T20:30:00Z,0,0,0,0,0,0,0,0,0,0,,,,,,,,,,,,PS_015,,,
,,2024-08-16T20:45:00Z,0,0,0,0,0,0,0,0,0,0,,,,,,,,,,,,PS_015,,,
,,2024-08-16T21:00:00Z,0,0,0,0,0,0,0,0,0,0,,,,,,,,,,,,PS_015,,,
,,2024-08-16T21:15:00Z,0,0,0,0,0,0,0,0,0,0,,,,,,,,,,,,PS_015,,,
,,2024-08-16T21:30:00Z,0,0,0,0,0,0,0,0,0,0,,,,,,,,,,,,PS_015,,,
,,2024-08-16T21:45:00Z,0,0,0,0,0,0,0,0,0,0,,,,,,,,,,,,PS_015,,,
,,2024-08-16T22:00:00Z,0,0,0,0,0,0,0,0,0,0,,,,,,,,,,,,PS_015,,,
,,2024-08-16T22:15:00Z,0,0,0,0,0,0,0,0,0,0,,,,,,,,,,,,PS_015,,,
,,2024-08-16T22:30:00Z,0,0,0,0,0,0,0,0,0,0,,,,,,,,,,,,PS_015,,,
,,2024-08-16T22:45:00Z,0,0,0,0,0,0,0,0,0,0,,,,,,,,,,,,PS_015,,,
,,2024-08-16T23:00:00Z,0,0,0,0,0,0,0,0,0,0,,,,,,,,,,,,PS_015,,,
,,2024-08-16T23:15:00Z,0,0,0,0,0,0,0,0,0,0,,,,,,,,,,,,PS_015,,,
,,2024-08-16T23:30:00Z,0,0,0,0,0,0,0,0,0,0,,,,,,,,,,,,PS_015,,,
,,2024-08-16T23:45:00Z,0,0,0,0,0,0,0,0,0,0,,,,,,,,,,,,PS_015,,,
,,2024-08-17T00:00:00Z,0,0,0,0,0,0,0,0,0,0,,,,,,,,,,,,PS_015,,,
,,2024-08-17T00:15:00Z,0,0,0,0,0,0,0,0,0,0,,,,,,,,,,,,PS_015,,,
,,2024-08-17T00:30:00Z,0,0,0,0,0,0,0,0,0,0,,,,,,,,,,,,PS_015,,,
,,2024-08-17T00:45:00Z,0,0,0,0,0,0,0,0,0,0,,,,,,,,,,,,PS_015,,,
,,2024-08-17T01:00:00Z,0,0,0,0,0,0,0,0,0,0,,,,,,,,,,,,PS_015,,,
,,2024-08-17T01:15:00Z,0,0,0,0,0,0,0,0,0,0,,,,,,,,,,,,PS_015,,,
,,2024-08-17T01:30:00Z,0,0,0,0,0,0,0,0,0,0,,,,,,,,,,,,PS_015,,,
,,2024-08-17T01:45:00Z,0,0,0,0,0,0,0,0,0,0,,,,,,,,,,,,PS_015,,,
,,2024-08-17T02:00:00Z,0,0,0,0,0,0,0,0,0,0,,,,,,,,,,,,PS_015,,,
,,2024-08-17T02:15:00Z,0,0,0,0,0,0,0,0,0,0,,,,,,,,,,,,PS_015,,,
,,2024-08-17T02:30:00Z,0,0,0,0,0,0,0,0,0,0,,,,,,,,,,,,PS_015,,,
,,2024-08-17T02:45:00Z,0,0,0,0,0,0,0,0,0,0,,,,,,,,,,,,PS_015,,,
,,2024-08-17T03:00:00Z,0,0,0,0,0,0,0,0,0,0,,,,,,,,,,,,PS_015,,,
,,2024-08-17T03:15:00Z,0,0,0,0,0,0,0,0,0,0,,,,,,,,,,,,PS_015,,,
,,2024-08-17T03:30:00Z,0,0,0,0,0,0,0,0,0,0,,,,,,,,,,,,PS_015,,,
,,2024-08-17T03:45:00Z,0,0,0,0,0,0,0,0,0,0,,,,,,,,,,,,PS_015,,,
,,2024-08-17T04:00:00Z,0,0,0,0,0,0,0,0,0,0,,,,,,,,,,,,PS_015,,,
,,2024-08-17T04:15:00Z,0,0,0,0,0,0,0,0,0,0,,,,,,,,,,,,PS_015,,,
,,2024-08-17T04:30:00Z,0,0,0,0,0,0,0,0,0,0,,,,,,,,,,,,PS_015,,,
,,2024-08-17T04:45:00Z,0,0,0,0,0,0,0,0,0,0,,,,,,,,,,,,PS_015,,,
,,2024-08-17T05:00:00Z,0,0,0,0,0,0,0,0,0,0,,,,,,,,,,,,PS_015,,,
,,2024-08-17T05:15:00Z,0,0,0,0,0,0,0,0,0,0,,,,,,,,,,,,PS_015,,,
,,2024-08-17T05:30:00Z,0,0,0,0,0,0,0,0,0,0,,,,,,,,,,,,PS_015,,,
,,2024-08-17T05:45:00Z,0,0,0,0,0,0,0,0,0,0,,,,,,,,,,,,PS_015,,,
,,2024-08-17T06:00:00Z,0,0,0,0,0,0,0,0,0,0,,,,,,,,,,,,PS_015,,,
,,2024-08-17T06:15:00Z,0,0,0,0,0,0,0,0,0,0,,,,,,,,,,,,PS_015,,,
,,2024-08-17T06:30:00Z,0,0,0,0,0,0,0,0,0,0,,,,,,,,,,,,PS_015,,,
,,2024-08-17T06:45:00Z,0,0,0,0,0,0,0,0,0,0,,,,,,,,,,,,PS_015,,,
,,2024-08-17T07:00:00Z,0,0,0,0,0,0,0,0,0,0,,,,,,,,,,,,PS_015,,,
,,2024-08-17T07:15:00Z,0,0,0,0,0,0,0,0,0,0,,,,,,,,,,,,PS_015,,,
,,2024-08-17T07:30:00Z,0,0,0,0,0,0,0,0,0,0,,,,,,,,,,,,PS_015,,,
,,2024-08-17T07:45:00Z,0,0,0,0,0,0,0,0,0,0,,,,,,,,,,,,PS_015,,,
,,2024-08-17T08:00:00Z,0,0,0,0,0,0,0,0,0,0,,,,,,,,,,,,PS_015,,,
,,2024-08-17T08:15:00Z,0,0,0,0,0,0,0,0,0,0,,,,,,,,,,,,PS_015,,,
,,2024-08-17T08:30:00Z,0,0,0,0,0,0,0,0,0,0,,,,,,,,,,,,PS_015,,,
,,2024-08-17T08:45:00Z,0,0,0,0,0,0,0,0,0,0,,,,,,,,,,,,PS_015,,,
,,2024-08-17T09:00:00Z,0,0,0,0,0,0,0,0,0,0,,,,,,,,,,,,PS_015,,,
,,2024-08-17T09:15:00Z,0,0,0,0,0,0,0,0,0,0,,,,,,,,,,,,PS_015,,,
,,2024-08-17T09:30:00Z,0,0,0,0,0,0,0,0,0,0,,,,,,,,,,,,PS_015,,,
,,2024-08-17T09:45:00Z,0,0,0,0,0,0,0,0,0,0,,,,,,,,,,,,PS_015,,,
,,2024-08-17T10:00:00Z,0,0,0,0,0,0,0,0,0,0,,,,,,,,,,,,PS_015,,,
,,2024-08-17T10:15:00Z,0,0,0,0,0,0,0,0,0,0,,,,,,,,,,,,PS_015,,,
,,2024-08-17T10:30:00Z,0,0,0,0,0,0,0,0,0,0,,,,,,,,,,,,PS_015,,,
,,2024-08-17T10:45:00Z,0,0,0,0,0,0,0,0,0,0,,,,,,,,,,,,PS_015,,,
,,2024-08-17T11:00:00Z,0,0,0,0,0,0,0,0,0,0,,,,,,,,,,,,PS_015,,,
,,2024-08-17T11:15:00Z,0,0,0,0,0,0,0,0,0,0,,,,,,,,,,,,PS_015,,,
,,2024-08-17T11:30:00Z,0,0,0,0,0,0,0,0,0,0,,,,,,,,,,,,PS_015,,,
,,2024-08-17T11:45:00Z,0,0,0,0,0,0,0,0,0,0,,,,,,,,,,,,PS_015,,,
,,2024-08-17T12:00:00Z,0,0,0,0,0,0,0,0,0,0,,,,,,,,,,,,PS_015,,,
,,2024-08-17T12:15:00Z,0,0,0,0,0,0,0,0,0,0,,,,,,,,,,,,PS_015,,,
,,2024-08-17T12:30:00Z,0,0,0,0,0,0,0,0,0,0,,,,,,,,,,,,PS_015,,,
,,2024-08-17T12:45:00Z,0,0,0,0,0,0,0,0,0,0,,,,,,,,,,,,PS_015,,,
,,2024-08-17T13:00:00Z,0,0,0,0,0,0,0,0,0,0,,,,,,,,,,,,PS_015,,,
,,2024-08-17T13:15:00Z,0,0,0,0,0,0,0,0,0,0,,,,,,,,,,,,PS_015,,,
,,2024-08-17T13:30:00Z,0,0,0,0,0,0,0,0,0,0,,,,,,,,,,,,PS_015,,,
,,2024-08-17T13:45:00Z,0,0,0,0,0,0,0,0,0,0,,,,,,,,,,,,PS_015,,,
,,2024-08-17T14:00:00Z,0,0,0,0,0,0,0,0,0,0,,,,,,,,,,,,PS_015,,,
,,2024-08-17T14:15:00Z,0,0,0,0,0,0,0,0,0,0,,,,,,,,,,,,PS_015,,,
,,2024-08-17T14:30:00Z,0,0,0,0,0,0,0,0,0,0,,,,,,,,,,,,PS_015,,,
,,2024-08-17T14:45:00Z,0,0,0,0,0,0,0,0,0,0,,,,,,,,,,,,PS_015,,,
,,2024-08-17T15:00:00Z,0,0,0,0,0,0,0,0,0,0,,,,,,,,,,,,PS_015,,,
,,2024-08-17T15:15:00Z,0,0,0,0,0,0,0,0,0,0,,,,,,,,,,,,PS_015,,,
,,2024-08-17T15:30:00Z,0,0,0,0,0,0,0,0,0,0,,,,,,,,,,,,PS_015,,,
,,2024-08-17T15:45:00Z,0,0,0,0,0,0,0,0,0,0,,,,,,,,,,,,PS_015,,,
,,2024-08-17T16:00:00Z,0,0,0,0,0,0,0,0,0,0,,,,,,,,,,,,PS_015,,,
,,2024-08-17T16:15:00Z,0,0,0,0,0,0,0,0,0,0,,,,,,,,,,,,PS_015,,,
,,2024-08-17T16:30:00Z,0,0,0,0,0,0,0,0,0,0,,,,,,,,,,,,PS_015,,,
,,2024-08-17T16:45:00Z,0,0,0,0,0,0,0,0,0,0,,,,,,,,,,,,PS_015,,,
,,2024-08-17T17:00:00Z,0,0,0,0,0,0,0,0,0,0,,,,,,,,,,,,PS_015,,,
,,2024-08-17T17:15:00Z,0,0,0,0,0,0,0,0,0,0,,,,,,,,,,,,PS_015,,,
,,2024-08-17T17:30:00Z,0,0,0,0,0,0,0,0,0,0,,,,,,,,,,,,PS_015,,,
,,2024-08-17T17:45:00Z,0,0,0,0,0,0,0,0,0,0,,,,,,,,,,,,PS_015,,,
,,2024-08-17T18:00:00Z,0,0,0,0,0,0,0,0,0,0,,,,,,,,,,,,PS_015,,,
,,2024-08-17T18:15:00Z,0,0,0,0,0,0,0,0,0,0,,,,,,,,,,,,PS_015,,,
,,2024-08-17T18:30:00Z,0,0,0,0,0,0,0,0,0,0,,,,,,,,,,,,PS_015,,,
,,2024-08-17T18:45:00Z,0,0,0,0,0,0,0,0,0,0,,,,,,,,,,,,PS_015,,,
,,2024-08-17T19:00:00Z,0,0,0,0,0,0,0,0,0,0,,,,,,,,,,,,PS_015,,,
,,2024-08-17T19:15:00Z,0,0,0,0,0,0,0,0,0,0,,,,,,,,,,,,PS_015,,,
,,2024-08-17T19:30:00Z,0,0,0,0,0,0,0,0,0,0,,,,,,,,,,,,PS_015,,,
,,2024-08-17T19:45:00Z,0,0,0,0,0,0,0,0,0,0,,,,,,,,,,,,PS_015,,,
,,2024-08-17T20:00:00Z,0,0,0,0,0,0,0,0,0,0,,,,,,,,,,,,PS_015,,,
,,2024-08-17T20:15:00Z,0,0,0,0,0,0,0,0,0,0,,,,,,,,,,,,PS_015,,,
,,2024-08-17T20:30:00Z,0,0,0,0,0,0,0,0,0,0,,,,,,,,,,,,PS_015,,,
,,2024-08-17T20:45:00Z,0,0,0,0,0,0,0,0,0,0,,,,,,,,,,,,PS_015,,,
,,2024-08-17T21:00:00Z,0,0,0,0,0,0,0,0,0,0,,,,,,,,,,,,PS_015,,,
,,2024-08-17T21:15:00Z,0,0,0,0,0,0,0,0,0,0,,,,,,,,,,,,PS_015,,,
,,2024-08-17T21:30:00Z,0,0,0,0,0,0,0,0,0,0,,,,,,,,,,,,PS_015,,,
,,2024-08-17T21:45:00Z,0,0,0,0,0,0,0,0,0,0,,,,,,,,,,,,PS_015,,,
,,2024-08-17T22:00:00Z,0,0,0,0,0,0,0,0,0,0,,,,,,,,,,,,PS_015,,,
,,2024-08-17T22:15:00Z,0,0,0,0,0,0,0,0,0,0,,,,,,,,,,,,PS_015,,,
,,2024-08-17T22:30:00Z,0,0,0,0,0,0,0,0,0,0,,,,,,,,,,,,PS_015,,,
,,2024-08-17T22:45:00Z,0,0,0,0,0,0,0,0,0,0,,,,,,,,,,,,PS_015,,,
,,2024-08-17T23:00:00Z,0,0,0,0,0,0,0,0,0,0,,,,,,,,,,,,PS_015,,,
,,2024-08-17T23:15:00Z,0,0,0,0,0,0,0,0,0,0,,,,,,,,,,,,PS_015,,,
,,2024-08-17T23:30:00Z,0,0,0,0,0,0,0,0,0,0,,,,,,,,,,,,PS_015,,,
,,2024-08-17T23:45:00Z,0,0,0,0,0,0,0,0,0,0,,,,,,,,,,,,PS_015,,,
,,2024-08-18T00:00:00Z,0,0,0,0,0,0,0,0,0,0,,,,,,,,,,,,PS_015,,,
,,2024-08-18T00:15:00Z,0,0,0,0,0,0,0,0,0,0,,,,,,,,,,,,PS_015,,,
,,2024-08-18T00:30:00Z,0,0,0,0,0,0,0,0,0,0,,,,,,,,,,,,PS_015,,,
,,2024-08-18T00:45:00Z,0,0,0,0,0,0,0,0,0,0,,,,,,,,,,,,PS_015,,,
,,2024-08-18T01:00:00Z,0,0,0,0,0,0,0,0,0,0,,,,,,,,,,,,PS_015,,,
,,2024-08-18T01:15:00Z,0,0,0,0,0,0,0,0,0,0,,,,,,,,,,,,PS_015,,,
,,2024-08-18T01:30:00Z,0,0,0,0,0,0,0,0,0,0,,,,,,,,,,,,PS_015,,,
,,2024-08-18T01:45:00Z,0,0,0,0,0,0,0,0,0,0,,,,,,,,,,,,PS_015,,,
,,2024-08-18T02:00:00Z,0,0,0,0,0,0,0,0,0,0,,,,,,,,,,,,PS_015,,,
,,2024-08-18T02:15:00Z,0,0,0,0,0,0,0,0,0,0,,,,,,,,,,,,PS_015,,,
,,2024-08-18T02:30:00Z,0,0,0,0,0,0,0,0,0,0,,,,,,,,,,,,PS_015,,,
,,2024-08-18T02:45:00Z,0,0,0,0,0,0,0,0,0,0,,,,,,,,,,,,PS_015,,,
,,2024-08-18T03:00:00Z,0,0,0,0,0,0,0,0,0,0,,,,,,,,,,,,PS_015,,,
,,2024-08-18T03:15:00Z,0,0,0,0,0,0,0,0,0,0,,,,,,,,,,,,PS_015,,,
,,2024-08-18T03:30:00Z,0,0,0,0,0,0,0,0,0,0,,,,,,,,,,,,PS_015,,,
,,2024-08-18T03:45:00Z,0,0,0,0,0,0,0,0,0,0,,,,,,,,,,,,PS_015,,,
,,2024-08-18T04:00:00Z,0,0,0,0,0,0,0,0,0,0,,,,,,,,,,,,PS_015,,,
,,2024-08-18T04:15:00Z,0,0,0,0,0,0,0,0,0,0,,,,,,,,,,,,PS_015,,,
,,2024-08-18T04:30:00Z,0,0,0,0,0,0,0,0,0,0,,,,,,,,,,,,PS_015,,,
,,2024-08-18T04:45:00Z,0,0,0,0,0,0,0,0,0,0,,,,,,,,,,,,PS_015,,,
,,2024-08-18T05:00:00Z,0,0,0,0,0,0,0,0,0,0,,,,,,,,,,,,PS_015,,,
,,2024-08-18T05:15:00Z,0,0,0,0,0,0,0,0,0,0,,,,,,,,,,,,PS_015,,,
,,2024-08-18T05:30:00Z,0,0,0,0,0,0,0,0,0,0,,,,,,,,,,,,PS_015,,,
,,2024-08-18T05:45:00Z,0,0,0,0,0,0,0,0,0,0,,,,,,,,,,,,PS_015,,,
,,2024-08-18T06:00:00Z,0,0,0,0,0,0,0,0,0,0,,,,,,,,,,,,PS_015,,,
,,2024-08-18T06:15:00Z,0,0,0,0,0,0,0,0,0,0,,,,,,,,,,,,PS_015,,,
,,2024-08-18T06:30:00Z,0,0,0,0,0,0,0,0,0,0,,,,,,,,,,,,PS_015,,,
,,2024-08-18T06:45:00Z,0,0,0,0,0,0,0,0,0,0,,,,,,,,,,,,PS_015,,,
,,2024-08-18T07:00:00Z,0,0,0,0,0,0,0,0,0,0,,,,,,,,,,,,PS_015,,,
,,2024-08-18T07:15:00Z,0,0,0,0,0,0,0,0,0,0,,,,,,,,,,,,PS_015,,,
,,2024-08-18T07:30:00Z,0,0,0,0,0,0,0,0,0,0,,,,,,,,,,,,PS_015,,,
,,2024-08-18T07:45:00Z,0,0,0,0,0,0,0,0,0,0,,,,,,,,,,,,PS_015,,,
,,2024-08-18T08:00:00Z,0,0,0,0,0,0,0,0,0,0,,,,,,,,,,,,PS_015,,,
,,2024-08-18T08:15:00Z,0,0,0,0,0,0,0,0,0,0,,,,,,,,,,,,PS_015,,,
,,2024-08-18T08:30:00Z,0,0,0,0,0,0,0,0,0,0,,,,,,,,,,,,PS_015,,,
,,2024-08-18T08:45:00Z,0,0,0,0,0,0,0,0,0,0,,,,,,,,,,,,PS_015,,,
,,2024-08-18T09:00:00Z,0,0,0,0,0,0,0,0,0,0,,,,,,,,,,,,PS_015,,,
,,2024-08-18T09:15:00Z,0,0,0,0,0,0,0,0,0,0,,,,,,,,,,,,PS_015,,,
,,2024-08-18T09:30:00Z,0,0,0,0,0,0,0,0,0,0,,,,,,,,,,,,PS_015,,,
,,2024-08-18T09:45:00Z,0,0,0,0,0,0,0,0,0,0,,,,,,,,,,,,PS_015,,,
,,2024-08-18T10:00:00Z,0,0,0,0,0,0,0,0,0,0,,,,,,,,,,,,PS_015,,,
,,2024-08-18T10:15:00Z,0,0,0,0,0,0,0,0,0,0,,,,,,,,,,,,PS_015,,,
,,2024-08-18T10:30:00Z,0,0,0,0,0,0,0,0,0,0,,,,,,,,,,,,PS_015,,,
,,2024-08-18T10:45:00Z,0,0,0,0,0,0,0,0,0,0,,,,,,,,,,,,PS_015,,,
,,2024-08-18T11:00:00Z,0,0,0,0,0,0,0,0,0,0,,,,,,,,,,,,PS_015,,,
,,2024-08-18T11:15:00Z,0,0,0,0,0,0,0,0,0,0,,,,,,,,,,,,PS_015,,,
,,2024-08-18T11:30:00Z,0,0,0,0,0,0,0,0,0,0,,,,,,,,,,,,PS_015,,,
,,2024-08-18T11:45:00Z,0,0,0,0,0,0,0,0,0,0,,,,,,,,,,,,PS_015,,,
,,2024-08-18T12:00:00Z,0,0,0,0,0,0,0,0,0,0,,,,,,,,,,,,PS_015,,,
,,2024-08-18T12:15:00Z,0,0,0,0,0,0,0,0,0,0,,,,,,,,,,,,PS_015,,,
,,2024-08-18T12:30:00Z,0,0,0,0,0,0,0,0,0,0,,,,,,,,,,,,PS_015,,,
,,2024-08-18T12:45:00Z,0,0,0,0,0,0,0,0,0,0,,,,,,,,,,,,PS_015,,,
,,2024-08-18T13:00:00Z,0,0,0,0,0,0,0,0,0,0,,,,,,,,,,,,PS_015,,,
,,2024-08-18T13:15:00Z,0,0,0,0,0,0,0,0,0,0,,,,,,,,,,,,PS_015,,,
,,2024-08-18T13:30:00Z,0,0,0,0,0,0,0,0,0,0,,,,,,,,,,,,PS_015,,,
,,2024-08-18T13:45:00Z,0,0,0,0,0,0,0,0,0,0,,,,,,,,,,,,PS_015,,,
,,2024-08-18T14:00:00Z,0,0,0,0,0,0,0,0,0,0,,,,,,,,,,,,PS_015,,,
,,2024-08-18T14:15:00Z,0,0,0,0,0,0,0,0,0,0,,,,,,,,,,,,PS_015,,,
,,2024-08-18T14:30:00Z,0,0,0,0,0,0,0,0,0,0,,,,,,,,,,,,PS_015,,,
,,2024-08-18T14:45:00Z,0,0,0,0,0,0,0,0,0,0,,,,,,,,,,,,PS_015,,,
,,2024-08-18T15:00:00Z,0,0,0,0,0,0,0,0,0,0,,,,,,,,,,,,PS_015,,,
,,2024-08-18T15:15:00Z,0,0,0,0,0,0,0,0,0,0,,,,,,,,,,,,PS_015,,,
,,2024-08-18T15:30:00Z,0,0,0,0,0,0,0,0,0,0,,,,,,,,,,,,PS_015,,,
,,2024-08-18T15:45:00Z,0,0,0,0,0,0,0,0,0,0,,,,,,,,,,,,PS_015,,,
,,2024-08-18T16:00:00Z,0,0,0,0,0,0,0,0,0,0,,,,,,,,,,,,PS_015,,,
,,2024-08-18T16:15:00Z,0,0,0,0,0,0,0,0,0,0,,,,,,,,,,,,PS_015,,,
,,2024-08-18T16:30:00Z,0,0,0,0,0,0,0,0,0,0,,,,,,,,,,,,PS_015,,,
,,2024-08-18T16:45:00Z,0,0,0,0,0,0,0,0,0,0,,,,,,,,,,,,PS_015,,,
,,2024-08-18T17:00:00Z,0,0,0,0,0,0,0,0,0,0,,,,,,,,,,,,PS_015,,,
,,2024-08-18T17:15:00Z,0,0,0,0,0,0,0,0,0,0,,,,,,,,,,,,PS_015,,,
,,2024-08-18T17:30:00Z,0,0,0,0,0,0,0,0,0,0,,,,,,,,,,,,PS_015,,,
,,2024-08-18T17:45:00Z,0,0,0,0,0,0,0,0,0,0,,,,,,,,,,,,PS_015,,,
,,2024-08-18T18:00:00Z,0,0,0,0,0,0,0,0,0,0,,,,,,,,,,,,PS_015,,,
,,2024-08-18T18:15:00Z,0,0,0,0,0,0,0,0,0,0,,,,,,,,,,,,PS_015,,,
,,2024-08-18T18:30:00Z,0,0,0,0,0,0,0,0,0,0,,,,,,,,,,,,PS_015,,,
,,2024-08-18T18:45:00Z,0,0,0,0,0,0,0,0,0,0,,,,,,,,,,,,PS_015,,,
,,2024-08-18T19:00:00Z,0,0,0,0,0,0,0,0,0,0,,,,,,,,,,,,PS_015,,,
,,2024-08-18T19:15:00Z,0,0,0,0,0,0,0,0,0,0,,,,,,,,,,,,PS_015,,,
,,2024-08-18T19:30:00Z,0,0,0,0,0,0,0,0,0,0,,,,,,,,,,,,PS_015,,,
,,2024-08-18T19:45:00Z,0,0,0,0,0,0,0,0,0,0,,,,,,,,,,,,PS_015,,,
,,2024-08-18T20:00:00Z,0,0,0,0,0,0,0,0,0,0,,,,,,,,,,,,PS_015,,,
,,2024-08-18T20:15:00Z,0,0,0,0,0,0,0,0,0,0,,,,,,,,,,,,PS_015,,,
,,2024-08-18T20:30:00Z,0,0,0,0,0,0,0,0,0,0,,,,,,,,,,,,PS_015,,,
,,2024-08-18T20:45:00Z,0,0,0,0,0,0,0,0,0,0,,,,,,,,,,,,PS_015,,,
,,2024-08-18T21:00:00Z,0,0,0,0,0,0,0,0,0,0,,,,,,,,,,,,PS_015,,,
,,2024-08-18T21:15:00Z,0,0,0,0,0,0,0,0,0,0,,,,,,,,,,,,PS_015,,,
,,2024-08-18T21:30:00Z,0,0,0,0,0,0,0,0,0,0,,,,,,,,,,,,PS_015,,,
,,2024-08-18T21:45:00Z,0,0,0,0,0,0,0,0,0,0,,,,,,,,,,,,PS_015,,,
,,2024-08-18T22:00:00Z,0,0,0,0,0,0,0,0,0,0,,,,,,,,,,,,PS_015,,,
,,2024-08-18T22:15:00Z,0,0,0,0,0,0,0,0,0,0,,,,,,,,,,,,PS_015,,,
,,2024-08-18T22:30:00Z,0,0,0,0,0,0,0,0,0,0,,,,,,,,,,,,PS_015,,,
,,2024-08-18T22:45:00Z,0,0,0,0,0,0,0,0,0,0,,,,,,,,,,,,PS_015,,,
,,2024-08-18T23:00:00Z,0,0,0,0,0,0,0,0,0,0,,,,,,,,,,,,PS_015,,,
,,2024-08-18T23:15:00Z,0,0,0,0,0,0,0,0,0,0,,,,,,,,,,,,PS_015,,,
,,2024-08-18T23:30:00Z,0,0,0,0,0,0,0,0,0,0,,,,,,,,,,,,PS_015,,,
,,2024-08-18T23:45:00Z,0,0,0,0,0,0,0,0,0,0,,,,,,,,,,,,PS_015,,,
,,2024-08-19T00:00:00Z,0,0,0,0,0,0,0,0,0,0,,,,,,,,,,,,PS_015,,,
,,2024-08-19T00:15:00Z,0,0,0,0,0,0,0,0,0,0,,,,,,,,,,,,PS_015,,,
,,2024-08-19T00:30:00Z,0,0,0,0,0,0,0,0,0,0,,,,,,,,,,,,PS_015,,,
,,2024-08-19T00:45:00Z,0,0,0,0,0,0,0,0,0,0,,,,,,,,,,,,PS_015,,,
,,2024-08-19T01:00:00Z,0,0,0,0,0,0,0,0,0,0,,,,,,,,,,,,PS_015,,,
,,2024-08-19T01:15:00Z,0,0,0,0,0,0,0,0,0,0,,,,,,,,,,,,PS_015,,,
,,2024-08-19T01:30:00Z,0,0,0,0,0,0,0,0,0,0,,,,,,,,,,,,PS_015,,,
,,2024-08-19T01:45:00Z,0,0,0,0,0,0,0,0,0,0,,,,,,,,,,,,PS_015,,,
,,2024-08-19T02:00:00Z,0,0,0,0,0,0,0,0,0,0,,,,,,,,,,,,PS_015,,,
,,2024-08-19T02:15:00Z,0,0,0,0,0,0,0,0,0,0,,,,,,,,,,,,PS_015,,,
,,2024-08-19T02:30:00Z,0,0,0,0,0,0,0,0,0,0,,,,,,,,,,,,PS_015,,,
,,2024-08-19T02:45:00Z,0,0,0,0,0,0,0,0,0,0,,,,,,,,,,,,PS_015,,,
,,2024-08-19T03:00:00Z,0,0,0,0,0,0,0,0,0,0,,,,,,,,,,,,PS_015,,,
,,2024-08-19T03:15:00Z,0,0,0,0,0,0,0,0,0,0,,,,,,,,,,,,PS_015,,,
,,2024-08-19T03:30:00Z,0,0,0,0,0,0,0,0,0,0,,,,,,,,,,,,PS_015,,,
,,2024-08-19T03:45:00Z,0,0,0,0,0,0,0,0,0,0,,,,,,,,,,,,PS_015,,,
,,2024-08-19T04:00:00Z,0,0,0,0,0,0,0,0,0,0,,,,,,,,,,,,PS_015,,,
,,2024-08-19T04:15:00Z,0,0,0,0,0,0,0,0,0,0,,,,,,,,,,,,PS_015,,,
,,2024-08-19T04:30:00Z,0,0,0,0,0,0,0,0,0,0,,,,,,,,,,,,PS_015,,,
,,2024-08-19T04:45:00Z,0,0,0,0,0,0,0,0,0,0,,,,,,,,,,,,PS_015,,,
,,2024-08-19T05:00:00Z,0,0,0,0,0,0,0,0,0,0,,,,,,,,,,,,PS_015,,,
,,2024-08-19T05:15:00Z,0,0,0,0,0,0,0,0,0,0,,,,,,,,,,,,PS_015,,,
,,2024-08-19T05:30:00Z,0,0,0,0,0,0,0,0,0,0,,,,,,,,,,,,PS_015,,,
,,2024-08-19T05:45:00Z,0,0,0,0,0,0,0,0,0,0,,,,,,,,,,,,PS_015,,,
,,2024-08-19T06:00:00Z,0,0,0,0,0,0,0,0,0,0,,,,,,,,,,,,PS_015,,,
,,2024-08-19T06:15:00Z,0,0,0,0,0,0,0,0,0,0,,,,,,,,,,,,PS_015,,,
,,2024-08-19T06:30:00Z,0,0,0,0,0,0,0,0,0,0,,,,,,,,,,,,PS_015,,,
,,2024-08-19T06:45:00Z,0,0,0,0,0,0,0,0,0,0,,,,,,,,,,,,PS_015,,,
,,2024-08-19T07:00:00Z,0,0,0,0,0,0,0,0,0,0,,,,,,,,,,,,PS_015,,,
,,2024-08-19T07:15:00Z,0,0,0,0,0,0,0,0,0,0,,,,,,,,,,,,PS_015,,,
,,2024-08-19T07:30:00Z,0,0,0,0,0,0,0,0,0,0,,,,,,,,,,,,PS_015,,,
,,2024-08-19T07:45:00Z,0,0,0,0,0,0,0,0,0,0,,,,,,,,,,,,PS_015,,,
,,2024-08-19T08:00:00Z,0,0,0,0,0,0,0,0,0,0,,,,,,,,,,,,PS_015,,,
,,2024-08-19T08:15:00Z,0,0,0,0,0,0,0,0,0,0,,,,,,,,,,,,PS_015,,,
,,2024-08-19T08:30:00Z,0,0,0,0,0,0,0,0,0,0,,,,,,,,,,,,PS_015,,,
,,2024-08-19T08:45:00Z,0,0,0,0,0,0,0,0,0,0,,,,,,,,,,,,PS_015,,,
,,2024-08-19T09:00:00Z,0,0,0,0,0,0,0,0,0,0,,,,,,,,,,,,PS_015,,,
,,2024-08-19T09:15:00Z,0,0,0,0,0,0,0,0,0,0,,,,,,,,,,,,PS_015,,,
,,2024-08-19T09:30:00Z,0,0,0,0,0,0,0,0,0,0,,,,,,,,,,,,PS_015,,,
,,2024-08-19T09:45:00Z,0,0,0,0,0,0,0,0,0,0,,,,,,,,,,,,PS_015,,,
,,2024-08-19T10:00:00Z,0,0,0,0,0,0,0,0,0,0,,,,,,,,,,,,PS_015,,,
,,2024-08-19T10:15:00Z,0,0,0,0,0,0,0,0,0,0,,,,,,,,,,,,PS_015,,,
,,2024-08-19T10:30:00Z,0,0,0,0,0,0,0,0,0,0,,,,,,,,,,,,PS_015,,,
,,2024-08-19T10:45:00Z,0,0,0,0,0,0,0,0,0,0,,,,,,,,,,,,PS_015,,,
,,2024-08-19T11:00:00Z,0,0,0,0,0,0,0,0,0,0,,,,,,,,,,,,PS_015,,,
,,2024-08-19T11:15:00Z,0,0,0,0,0,0,0,0,0,0,,,,,,,,,,,,PS_015,,,
,,2024-08-19T11:30:00Z,0,0,0,0,0,0,0,0,0,0,,,,,,,,,,,,PS_015,,,
,,2024-08-19T11:45:00Z,0,0,0,0,0,0,0,0,0,0,,,,,,,,,,,,PS_015,,,
,,2024-08-19T12:00:00Z,0,0,0,0,0,0,0,0,0,0,,,,,,,,,,,,PS_015,,,
,,2024-08-19T12:15:00Z,0,0,0,0,0,0,0,0,0,0,,,,,,,,,,,,PS_015,,,
,,2024-08-19T12:30:00Z,0,0,0,0,0,0,0,0,0,0,,,,,,,,,,,,PS_015,,,
,,2024-08-19T12:45:00Z,0,0,0,0,0,0,0,0,0,0,,,,,,,,,,,,PS_015,,,
,,2024-08-19T13:00:00Z,0,0,0,0,0,0,0,0,0,0,,,,,,,,,,,,PS_015,,,
,,2024-08-19T13:15:00Z,0,0,0,0,0,0,0,0,0,0,,,,,,,,,,,,PS_015,,,
,,2024-08-19T13:30:00Z,0,0,0,0,0,0,0,0,0,0,,,,,,,,,,,,PS_015,,,
,,2024-08-19T13:45:00Z,0,0,0,0,0,0,0,0,0,0,,,,,,,,,,,,PS_015,,,
,,2024-08-19T14:00:00Z,0,0,0,0,0,0,0,0,0,0,,,,,,,,,,,,PS_015,,,
,,2024-08-19T14:15:00Z,0,0,0,0,0,0,0,0,0,0,,,,,,,,,,,,PS_015,,,
,,2024-08-19T14:30:00Z,0,0,0,0,0,0,0,0,0,0,,,,,,,,,,,,PS_015,,,
,,2024-08-19T14:45:00Z,0,0,0,0,0,0,0,0,0,0,,,,,,,,,,,,PS_015,,,
,,2024-08-19T15:00:00Z,0,0,0,0,0,0,0,0,0,0,,,,,,,,,,,,PS_015,,,
,,2024-08-19T15:15:00Z,0,0,0,0,0,0,0,0,0,0,,,,,,,,,,,,PS_015,,,
,,2024-08-19T15:30:00Z,0,0,0,0,0,0,0,0,0,0,,,,,,,,,,,,PS_015,,,
,,2024-08-19T15:45:00Z,0,0,0,0,0,0,0,0,0,0,,,,,,,,,,,,PS_015,,,
,,2024-08-19T16:00:00Z,0,0,0,0,0,0,0,0,0,0,,,,,,,,,,,,PS_015,,,
,,2024-08-19T16:15:00Z,0,0,0,0,0,0,0,0,0,0,,,,,,,,,,,,PS_015,,,
,,2024-08-19T16:30:00Z,0,0,0,0,0,0,0,0,0,0,,,,,,,,,,,,PS_015,,,
,,2024-08-19T16:45:00Z,0,0,0,0,0,0,0,0,0,0,,,,,,,,,,,,PS_015,,,
,,2024-08-19T17:00:00Z,0,0,0,0,0,0,0,0,0,0,,,,,,,,,,,,PS_015,,,
,,2024-08-19T17:15:00Z,0,0,0,0,0,0,0,0,0,0,,,,,,,,,,,,PS_015,,,
,,2024-08-19T17:30:00Z,0,0,0,0,0,0,0,0,0,0,,,,,,,,,,,,PS_015,,,
,,2024-08-19T17:45:00Z,0,0,0,0,0,0,0,0,0,0,,,,,,,,,,,,PS_015,,,
,,2024-08-19T18:00:00Z,0,0,0,0,0,0,0,0,0,0,,,,,,,,,,,,PS_015,,,
,,2024-08-19T18:15:00Z,0,0,0,0,0,0,0,0,0,0,,,,,,,,,,,,PS_015,,,
,,2024-08-19T18:30:00Z,0,0,0,0,0,0,0,0,0,0,,,,,,,,,,,,PS_015,,,
,,2024-08-19T18:45:00Z,0,0,0,0,0,0,0,0,0,0,,,,,,,,,,,,PS_015,,,
,,2024-08-19T19:00:00Z,0,0,0,0,0,0,0,0,0,0,,,,,,,,,,,,PS_015,,,
,,2024-08-19T19:15:00Z,0,0,0,0,0,0,0,0,0,0,,,,,,,,,,,,PS_015,,,
,,2024-08-19T19:30:00Z,0,0,0,0,0,0,0,0,0,0,,,,,,,,,,,,PS_015,,,
,,2024-08-19T19:45:00Z,0,0,0,0,0,0,0,0,0,0,,,,,,,,,,,,PS_015,,,
,,2024-08-19T20:00:00Z,0,0,0,0,0,0,0,0,0,0,,,,,,,,,,,,PS_015,,,
,,2024-08-19T20:15:00Z,0,0,0,0,0,0,0,0,0,0,,,,,,,,,,,,PS_015,,,
,,2024-08-19T20:30:00Z,0,0,0,0,0,0,0,0,0,0,,,,,,,,,,,,PS_015,,,
,,2024-08-19T20:45:00Z,0,0,0,0,0,0,0,0,0,0,,,,,,,,,,,,PS_015,,,
,,2024-08-19T21:00:00Z,0,0,0,0,0,0,0,0,0,0,,,,,,,,,,,,PS_015,,,
,,2024-08-19T21:15:00Z,0,0,0,0,0,0,0,0,0,0,,,,,,,,,,,,PS_015,,,
,,2024-08-19T21:30:00Z,0,0,0,0,0,0,0,0,0,0,,,,,,,,,,,,PS_015,,,
,,2024-08-19T21:45:00Z,0,0,0,0,0,0,0,0,0,0,,,,,,,,,,,,PS_015,,,
,,2024-08-19T22:00:00Z,0,0,0,0,0,0,0,0,0,0,,,,,,,,,,,,PS_015,,,
,,2024-08-19T22:15:00Z,0,0,0,0,0,0,0,0,0,0,,,,,,,,,,,,PS_015,,,
,,2024-08-19T22:30:00Z,0,0,0,0,0,0,0,0,0,0,,,,,,,,,,,,PS_015,,,
,,2024-08-19T22:45:00Z,0,0,0,0,0,0,0,0,0,0,,,,,,,,,,,,PS_015,,,
,,2024-08-19T23:00:00Z,0,0,0,0,0,0,0,0,0,0,,,,,,,,,,,,PS_015,,,
,,2024-08-19T23:15:00Z,0,0,0,0,0,0,0,0,0,0,,,,,,,,,,,,PS_015,,,
,,2024-08-19T23:30:00Z,0,0,0,0,0,0,0,0,0,0,,,,,,,,,,,,PS_015,,,
,,2024-08-19T23:45:00Z,0,0,0,0,0,0,0,0,0,0,,,,,,,,,,,,PS_015,,,
,,2024-08-20T00:00:00Z,0,0,0,0,0,0,0,0,0,0,,,,,,,,,,,,PS_015,,,
,,2024-08-20T00:15:00Z,0,0,0,0,0,0,0,0,0,0,,,,,,,,,,,,PS_015,,,
,,2024-08-20T00:30:00Z,0,0,0,0,0,0,0,0,0,0,,,,,,,,,,,,PS_015,,,
,,2024-08-20T00:45:00Z,0,0,0,0,0,0,0,0,0,0,,,,,,,,,,,,PS_015,,,
,,2024-08-20T01:00:00Z,0,0,0,0,0,0,0,0,0,0,,,,,,,,,,,,PS_015,,,
,,2024-08-20T01:15:00Z,0,0,0,0,0,0,0,0,0,0,,,,,,,,,,,,PS_015,,,
,,2024-08-20T01:30:00Z,0,0,0,0,0,0,0,0,0,0,,,,,,,,,,,,PS_015,,,
,,2024-08-20T01:45:00Z,0,0,0,0,0,0,0,0,0,0,,,,,,,,,,,,PS_015,,,
,,2024-08-20T02:00:00Z,0,0,0,0,0,0,0,0,0,0,,,,,,,,,,,,PS_015,,,
,,2024-08-20T02:15:00Z,0,0,0,0,0,0,0,0,0,0,,,,,,,,,,,,PS_015,,,
,,2024-08-20T02:30:00Z,0,0,0,0,0,0,0,0,0,0,,,,,,,,,,,,PS_015,,,
,,2024-08-20T02:45:00Z,0,0,0,0,0,0,0,0,0,0,,,,,,,,,,,,PS_015,,,
,,2024-08-20T03:00:00Z,0,0,0,0,0,0,0,0,0,0,,,,,,,,,,,,PS_015,,,
,,2024-08-20T03:15:00Z,0,0,0,0,0,0,0,0,0,0,,,,,,,,,,,,PS_015,,,
,,2024-08-20T03:30:00Z,0,0,0,0,0,0,0,0,0,0,,,,,,,,,,,,PS_015,,,
,,2024-08-20T03:45:00Z,0,0,0,0,0,0,0,0,0,0,,,,,,,,,,,,PS_015,,,
,,2024-08-20T04:00:00Z,0,0,0,0,0,0,0,0,0,0,,,,,,,,,,,,PS_015,,,
,,2024-08-20T04:15:00Z,0,0,0,0,0,0,0,0,0,0,,,,,,,,,,,,PS_015,,,
,,2024-08-20T04:30:00Z,0,0,0,0,0,0,0,0,0,0,,,,,,,,,,,,PS_015,,,
,,2024-08-20T04:45:00Z,0,0,0,0,0,0,0,0,0,0,,,,,,,,,,,,PS_015,,,
,,2024-08-20T05:00:00Z,0,0,0,0,0,0,0,0,0,0,,,,,,,,,,,,PS_015,,,
,,2024-08-20T05:15:00Z,0,0,0,0,0,0,0,0,0,0,,,,,,,,,,,,PS_015,,,
,,2024-08-20T05:30:00Z,0,0,0,0,0,0,0,0,0,0,,,,,,,,,,,,PS_015,,,
,,2024-08-20T05:45:00Z,0,0,0,0,0,0,0,0,0,0,,,,,,,,,,,,PS_015,,,
,,2024-08-20T06:00:00Z,0,0,0,0,0,0,0,0,0,0,,,,,,,,,,,,PS_015,,,
,,2024-08-20T06:15:00Z,0,0,0,0,0,0,0,0,0,0,,,,,,,,,,,,PS_015,,,
,,2024-08-20T06:30:00Z,0,0,0,0,0,0,0,0,0,0,,,,,,,,,,,,PS_015,,,
,,2024-08-20T06:45:00Z,0,0,0,0,0,0,0,0,0,0,,,,,,,,,,,,PS_015,,,
,,2024-08-20T07:00:00Z,0,0,0,0,0,0,0,0,0,0,,,,,,,,,,,,PS_015,,,
,,2024-08-20T07:15:00Z,0,0,0,0,0,0,0,0,0,0,,,,,,,,,,,,PS_015,,,
,,2024-08-20T07:30:00Z,0,0,0,0,0,0,0,0,0,0,,,,,,,,,,,,PS_015,,,
,,2024-08-20T07:45:00Z,0,0,0,0,0,0,0,0,0,0,,,,,,,,,,,,PS_015,,,
,,2024-08-20T08:00:00Z,0,0,0,0,0,0,0,0,0,0,,,,,,,,,,,,PS_015,,,
,,2024-08-20T08:15:00Z,0,0,0,0,0,0,0,0,0,0,,,,,,,,,,,,PS_015,,,
,,2024-08-20T08:30:00Z,0,0,0,0,0,0,0,0,0,0,,,,,,,,,,,,PS_015,,,
,,2024-08-20T08:45:00Z,0,0,0,0,0,0,0,0,0,0,,,,,,,,,,,,PS_015,,,
,,2024-08-20T09:00:00Z,0,0,0,0,0,0,0,0,0,0,,,,,,,,,,,,PS_015,,,
,,2024-08-20T09:15:00Z,0,0,0,0,0,0,0,0,0,0,,,,,,,,,,,,PS_015,,,
,,2024-08-20T09:30:00Z,0,0,0,0,0,0,0,0,0,0,,,,,,,,,,,,PS_015,,,
,,2024-08-20T09:45:00Z,0,0,0,0,0,0,0,0,0,0,,,,,,,,,,,,PS_015,,,
,,2024-08-20T10:00:00Z,0,0,0,0,0,0,0,0,0,0,,,,,,,,,,,,PS_015,,,
,,2024-08-20T10:15:00Z,0,0,0,0,0,0,0,0,0,0,,,,,,,,,,,,PS_015,,,
,,2024-08-20T10:30:00Z,0,0,0,0,0,0,0,0,0,0,,,,,,,,,,,,PS_015,,,
,,2024-08-20T10:45:00Z,0,0,0,0,0,0,0,0,0,0,,,,,,,,,,,,PS_015,,,
,,2024-08-20T11:00:00Z,0,0,0,0,0,0,0,0,0,0,,,,,,,,,,,,PS_015,,,
,,2024-08-20T11:15:00Z,0,0,0,0,0,0,0,0,0,0,,,,,,,,,,,,PS_015,,,
,,2024-08-20T11:30:00Z,0,0,0,0,0,0,0,0,0,0,,,,,,,,,,,,PS_015,,,
,,2024-08-20T11:45:00Z,0,0,0,0,0,0,0,0,0,0,,,,,,,,,,,,PS_015,,,
,,2024-08-20T12:00:00Z,0,0,0,0,0,0,0,0,0,0,,,,,,,,,,,,PS_015,,,
,,2024-08-20T12:15:00Z,0,0,0,0,0,0,0,0,0,0,,,,,,,,,,,,PS_015,,,
,,2024-08-20T12:30:00Z,0,0,0,0,0,0,0,0,0,0,,,,,,,,,,,,PS_015,,,
,,2024-08-20T12:45:00Z,0,0,0,0,0,0,0,0,0,0,,,,,,,,,,,,PS_015,,,
,,2024-08-20T13:00:00Z,0,0,0,0,0,0,0,0,0,0,,,,,,,,,,,,PS_015,,,
,,2024-08-20T13:15:00Z,0,0,0,0,0,0,0,0,0,0,,,,,,,,,,,,PS_015,,,
,,2024-08-20T13:30:00Z,0,0,0,0,0,0,0,0,0,0,,,,,,,,,,,,PS_015,,,
,,2024-08-20T13:45:00Z,0,0,0,0,0,0,0,0,0,0,,,,,,,,,,,,PS_015,,,
,,2024-08-20T14:00:00Z,0,0,0,0,0,0,0,0,0,0,,,,,,,,,,,,PS_015,,,
,,2024-08-20T14:15:00Z,0,0,0,0,0,0,0,0,0,0,,,,,,,,,,,,PS_015,,,
,,2024-08-20T14:30:00Z,0,0,0,0,0,0,0,0,0,0,,,,,,,,,,,,PS_015,,,
,,2024-08-20T14:45:00Z,0,0,0,0,0,0,0,0,0,0,,,,,,,,,,,,PS_015,,,
,,2024-08-20T15:00:00Z,0,0,0,0,0,0,0,0,0,0,,,,,,,,,,,,PS_015,,,
,,2024-08-20T15:15:00Z,0,0,0,0,0,0,0,0,0,0,,,,,,,,,,,,PS_015,,,
,,2024-08-20T15:30:00Z,0,0,0,0,0,0,0,0,0,0,,,,,,,,,,,,PS_015,,,
,,2024-08-20T15:45:00Z,0,0,0,0,0,0,0,0,0,0,,,,,,,,,,,,PS_015,,,
,,2024-08-20T16:00:00Z,0,0,0,0,0,0,0,0,0,0,,,,,,,,,,,,PS_015,,,
,,2024-08-20T16:15:00Z,0,0,0,0,0,0,0,0,0,0,,,,,,,,,,,,PS_015,,,
,,2024-08-20T16:30:00Z,0,0,0,0,0,0,0,0,0,0,,,,,,,,,,,,PS_015,,,
,,2024-08-20T16:45:00Z,0,0,0,0,0,0,0,0,0,0,,,,,,,,,,,,PS_015,,,
,,2024-08-20T17:00:00Z,0,0,0,0,0,0,0,0,0,0,,,,,,,,,,,,PS_015,,,
,,2024-08-20T17:15:00Z,0,0,0,0,0,0,0,0,0,0,,,,,,,,,,,,PS_015,,,
,,2024-08-20T17:30:00Z,0,0,0,0,0,0,0,0,0,0,,,,,,,,,,,,PS_015,,,
,,2024-08-20T17:45:00Z,0,0,0,0,0,0,0,0,0,0,,,,,,,,,,,,PS_015,,,
,,2024-08-20T18:00:00Z,0,0,0,0,0,0,0,0,0,0,,,,,,,,,,,,PS_015,,,
,,2024-08-20T18:15:00Z,0,0,0,0,0,0,0,0,0,0,,,,,,,,,,,,PS_015,,,
,,2024-08-20T18:30:00Z,0,0,0,0,0,0,0,0,0,0,,,,,,,,,,,,PS_015,,,
,,2024-08-20T18:45:00Z,0,0,0,0,0,0,0,0,0,0,,,,,,,,,,,,PS_015,,,
,,2024-08-20T19:00:00Z,0,0,0,0,0,0,0,0,0,0,,,,,,,,,,,,PS_015,,,
,,2024-08-20T19:15:00Z,0,0,0,0,0,0,0,0,0,0,,,,,,,,,,,,PS_015,,,
,,2024-08-20T19:30:00Z,0,0,0,0,0,0,0,0,0,0,,,,,,,,,,,,PS_015,,,
,,2024-08-20T19:45:00Z,0,0,0,0,0,0,0,0,0,0,,,,,,,,,,,,PS_015,,,
,,2024-08-20T20:00:00Z,0,0,0,0,0,0,0,0,0,0,,,,,,,,,,,,PS_015,,,
,,2024-08-20T20:15:00Z,0,0,0,0,0,0,0,0,0,0,,,,,,,,,,,,PS_015,,,
,,2024-08-20T20:30:00Z,0,0,0,0,0,0,0,0,0,0,,,,,,,,,,,,PS_015,,,
,,2024-08-20T20:45:00Z,0,0,0,0,0,0,0,0,0,0,,,,,,,,,,,,PS_015,,,
,,2024-08-20T21:00:00Z,0,0,0,0,0,0,0,0,0,0,,,,,,,,,,,,PS_015,,,
,,2024-08-20T21:15:00Z,0,0,0,0,0,0,0,0,0,0,,,,,,,,,,,,PS_015,,,
,,2024-08-20T21:30:00Z,0,0,0,0,0,0,0,0,0,0,,,,,,,,,,,,PS_015,,,
,,2024-08-20T21:45:00Z,0,0,0,0,0,0,0,0,0,0,,,,,,,,,,,,PS_015,,,
,,2024-08-20T22:00:00Z,0,0,0,0,0,0,0,0,0,0,,,,,,,,,,,,PS_015,,,
,,2024-08-20T22:15:00Z,0,0,0,0,0,0,0,0,0,0,,,,,,,,,,,,PS_015,,,
,,2024-08-20T22:30:00Z,0,0,0,0,0,0,0,0,0,0,,,,,,,,,,,,PS_015,,,
,,2024-08-20T22:45:00Z,0,0,0,0,0,0,0,0,0,0,,,,,,,,,,,,PS_015,,,
,,2024-08-20T23:00:00Z,0,0,0,0,0,0,0,0,0,0,,,,,,,,,,,,PS_015,,,
,,2024-08-20T23:15:00Z,0,0,0,0,0,0,0,0,0,0,,,,,,,,,,,,PS_015,,,
,,2024-08-20T23:30:00Z,0,0,0,0,0,0,0,0,0,0,,,,,,,,,,,,PS_015,,,
,,2024-08-20T23:45:00Z,0,0,0,0,0,0,0,0,0,0,,,,,,,,,,,,PS_015,,,
,,2024-08-21T00:00:00Z,0,0,0,0,0,0,0,0,0,0,,,,,,,,,,,,PS_015,,,
,,2024-08-21T00:15:00Z,0,0,0,0,0,0,0,0,0,0,,,,,,,,,,,,PS_015,,,
,,2024-08-21T00:30:00Z,0,0,0,0,0,0,0,0,0,0,,,,,,,,,,,,PS_015,,,
,,2024-08-21T00:45:00Z,0,0,0,0,0,0,0,0,0,0,,,,,,,,,,,,PS_015,,,
,,2024-08-21T01:00:00Z,0,0,0,0,0,0,0,0,0,0,,,,,,,,,,,,PS_015,,,
,,2024-08-21T01:15:00Z,0,0,0,0,0,0,0,0,0,0,,,,,,,,,,,,PS_015,,,
,,2024-08-21T01:30:00Z,0,0,0,0,0,0,0,0,0,0,,,,,,,,,,,,PS_015,,,
,,2024-08-21T01:45:00Z,0,0,0,0,0,0,0,0,0,0,,,,,,,,,,,,PS_015,,,
,,2024-08-21T02:00:00Z,0,0,0,0,0,0,0,0,0,0,,,,,,,,,,,,PS_015,,,
,,2024-08-21T02:15:00Z,0,0,0,0,0,0,0,0,0,0,,,,,,,,,,,,PS_015,,,
,,2024-08-21T02:30:00Z,0,0,0,0,0,0,0,0,0,0,,,,,,,,,,,,PS_015,,,
,,2024-08-21T02:45:00Z,0,0,0,0,0,0,0,0,0,0,,,,,,,,,,,,PS_015,,,
,,2024-08-21T03:00:00Z,0,0,0,0,0,0,0,0,0,0,,,,,,,,,,,,PS_015,,,
,,2024-08-21T03:15:00Z,0,0,0,0,0,0,0,0,0,0,,,,,,,,,,,,PS_015,,,
,,2024-08-21T03:30:00Z,0,0,0,0,0,0,0,0,0,0,,,,,,,,,,,,PS_015,,,
,,2024-08-21T03:45:00Z,0,0,0,0,0,0,0,0,0,0,,,,,,,,,,,,PS_015,,,
,,2024-08-21T04:00:00Z,0,0,0,0,0,0,0,0,0,0,,,,,,,,,,,,PS_015,,,
,,2024-08-21T04:15:00Z,0,0,0,0,0,0,0,0,0,0,,,,,,,,,,,,PS_015,,,
,,2024-08-21T04:30:00Z,0,0,0,0,0,0,0,0,0,0,,,,,,,,,,,,PS_015,,,
,,2024-08-21T04:45:00Z,0,0,0,0,0,0,0,0,0,0,,,,,,,,,,,,PS_015,,,
,,2024-08-21T05:00:00Z,0,0,0,0,0,0,0,0,0,0,,,,,,,,,,,,PS_015,,,
,,2024-08-21T05:15:00Z,0,0,0,0,0,0,0,0,0,0,,,,,,,,,,,,PS_015,,,
,,2024-08-21T05:30:00Z,0,0,0,0,0,0,0,0,0,0,,,,,,,,,,,,PS_015,,,
,,2024-08-21T05:45:00Z,0,0,0,0,0,0,0,0,0,0,,,,,,,,,,,,PS_015,,,
,,2024-08-21T06:00:00Z,0,0,0,0,0,0,0,0,0,0,,,,,,,,,,,,PS_015,,,
,,2024-08-21T06:15:00Z,0,0,0,0,0,0,0,0,0,0,,,,,,,,,,,,PS_015,,,
,,2024-08-21T06:30:00Z,0,0,0,0,0,0,0,0,0,0,,,,,,,,,,,,PS_015,,,
,,2024-08-21T06:45:00Z,0,0,0,0,0,0,0,0,0,0,,,,,,,,,,,,PS_015,,,
,,2024-08-21T07:00:00Z,0,0,0,0,0,0,0,0,0,0,,,,,,,,,,,,PS_015,,,
,,2024-08-21T07:15:00Z,0,0,0,0,0,0,0,0,0,0,,,,,,,,,,,,PS_015,,,
,,2024-08-21T07:30:00Z,0,0,0,0,0,0,0,0,0,0,,,,,,,,,,,,PS_015,,,
,,2024-08-21T07:45:00Z,0,0,0,0,0,0,0,0,0,0,,,,,,,,,,,,PS_015,,,
,,2024-08-21T08:00:00Z,0,0,0,0,0,0,0,0,0,0,,,,,,,,,,,,PS_015,,,
,,2024-08-21T08:15:00Z,0,0,0,0,0,0,0,0,0,0,,,,,,,,,,,,PS_015,,,
,,2024-08-21T08:30:00Z,0,0,0,0,0,0,0,0,0,0,,,,,,,,,,,,PS_015,,,
,,2024-08-21T08:45:00Z,0,0,0,0,0,0,0,0,0,0,,,,,,,,,,,,PS_015,,,
,,2024-08-21T09:00:00Z,0,0,0,0,0,0,0,0,0,0,,,,,,,,,,,,PS_015,,,
,,2024-08-21T09:15:00Z,0,0,0,0,0,0,0,0,0,0,,,,,,,,,,,,PS_015,,,
,,2024-08-21T09:30:00Z,0,0,0,0,0,0,0,0,0,0,,,,,,,,,,,,PS_015,,,
,,2024-08-21T09:45:00Z,0,0,0,0,0,0,0,0,0,0,,,,,,,,,,,,PS_015,,,
,,2024-08-21T10:00:00Z,0,0,0,0,0,0,0,0,0,0,,,,,,,,,,,,PS_015,,,
,,2024-08-21T10:15:00Z,0,0,0,0,0,0,0,0,0,0,,,,,,,,,,,,PS_015,,,
,,2024-08-21T10:30:00Z,0,0,0,0,0,0,0,0,0,0,,,,,,,,,,,,PS_015,,,
,,2024-08-21T10:45:00Z,0,0,0,0,0,0,0,0,0,0,,,,,,,,,,,,PS_015,,,
,,2024-08-21T11:00:00Z,0,0,0,0,0,0,0,0,0,0,,,,,,,,,,,,PS_015,,,
,,2024-08-21T11:15:00Z,0,0,0,0,0,0,0,0,0,0,,,,,,,,,,,,PS_015,,,
,,2024-08-21T11:30:00Z,0,0,0,0,0,0,0,0,0,0,,,,,,,,,,,,PS_015,,,
,,2024-08-21T11:45:00Z,0,0,0,0,0,0,0,0,0,0,,,,,,,,,,,,PS_015,,,
,,2024-08-21T12:00:00Z,0,0,0,0,0,0,0,0,0,0,,,,,,,,,,,,PS_015,,,
,,2024-08-21T12:15:00Z,0,0,0,0,0,0,0,0,0,0,,,,,,,,,,,,PS_015,,,
,,2024-08-21T12:30:00Z,0,0,0,0,0,0,0,0,0,0,,,,,,,,,,,,PS_015,,,
,,2024-08-21T12:45:00Z,0,0,0,0,0,0,0,0,0,0,,,,,,,,,,,,PS_015,,,
,,2024-08-21T13:00:00Z,0,0,0,0,0,0,0,0,0,0,,,,,,,,,,,,PS_015,,,
,,2024-08-21T13:15:00Z,0,0,0,0,0,0,0,0,0,0,,,,,,,,,,,,PS_015,,,
,,2024-08-21T13:30:00Z,0,0,0,0,0,0,0,0,0,0,,,,,,,,,,,,PS_015,,,
,,2024-08-21T13:45:00Z,0,0,0,0,0,0,0,0,0,0,,,,,,,,,,,,PS_015,,,
,,2024-08-21T14:00:00Z,0,0,0,0,0,0,0,0,0,0,,,,,,,,,,,,PS_015,,,
,,2024-08-21T14:15:00Z,0,0,0,0,0,0,0,0,0,0,,,,,,,,,,,,PS_015,,,
,,2024-08-21T14:30:00Z,0,0,0,0,0,0,0,0,0,0,,,,,,,,,,,,PS_015,,,
,,2024-08-21T14:45:00Z,0,0,0,0,0,0,0,0,0,0,,,,,,,,,,,,PS_015,,,
,,2024-08-21T15:00:00Z,0,0,0,0,0,0,0,0,0,0,,,,,,,,,,,,PS_015,,,
,,2024-08-21T15:15:00Z,0,0,0,0,0,0,0,0,0,0,,,,,,,,,,,,PS_015,,,
,,2024-08-21T15:30:00Z,0,0,0,0,0,0,0,0,0,0,,,,,,,,,,,,PS_015,,,
,,2024-08-21T15:45:00Z,0,0,0,0,0,0,0,0,0,0,,,,,,,,,,,,PS_015,,,
,,2024-08-21T16:00:00Z,0,0,0,0,0,0,0,0,0,0,,,,,,,,,,,,PS_015,,,
,,2024-08-21T16:15:00Z,0,0,0,0,0,0,0,0,0,0,,,,,,,,,,,,PS_015,,,
,,2024-08-21T16:30:00Z,0,0,0,0,0,0,0,0,0,0,,,,,,,,,,,,PS_015,,,
,,2024-08-21T16:45:00Z,0,0,0,0,0,0,0,0,0,0,,,,,,,,,,,,PS_015,,,
,,2024-08-21T17:00:00Z,0,0,0,0,0,0,0,0,0,0,,,,,,,,,,,,PS_015,,,
31.222277254671404,0.0,2024-08-21T17:15:00Z,3,3,3,0,3,3,0,0,0,3,0.0,,,,,,,,629.9999999999999,720.8968926464734,,PS_015,,,4.236860952452708
31.286489155853126,0.0,2024-08-21T17:30:00Z,0,0,0,0,0,0,0,0,0,0,0.0,,true,true,true,true,true,true,630.0,678.3982719440792,,PS_015,,,3.8311047589648366
31.350701057034843,0.0,2024-08-21T17:45:00Z,4,4,4,0,4,4,0,0,0,4,0.0,,,,,,,,630.0,635.899651241685,,PS_015,,,3.4253485654769658
30.983075947111654,0.0,2024-08-21T18:00:00Z,3,3,3,0,3,3,0,0,0,3,0.0,,,,,,,,630.0,589.5923666441051,,PS_015,,,3.0337654194855808
31.564071479978832,0.0,2024-08-21T18:15:00Z,4,4,4,0,4,4,0,0,0,4,0.0,,,,,,,,630.0000000000001,534.0331729254112,,PS_015,,,4.750049691173054
31.156308885157504,0.0,2024-08-21T18:30:00Z,4,4,4,0,4,4,0,0,0,4,0.0,,,,,,,,629.9999999999999,484.0735705486442,,PS_015,,,4.29261804033864
31.14107108531161,0.0,2024-08-21T18:45:00Z,4,4,4,0,4,4,0,0,0,4,0.0,,,,,,,,630.0000000000001,424.1700544955956,,PS_015,,,3.026327984621545
30.965729761028,0.0,2024-08-21T19:00:00Z,3,3,3,0,3,3,0,0,0,3,0.0,,,,,,,,630.0,369.66881978550197,,PS_015,,,3.5176981063764856
30.437927187973155,0.0,2024-08-21T19:15:00Z,4,4,4,0,4,4,0,0,0,4,0.0,,,,,,,,630.0,320.0980750447468,,PS_015,,,3.874239932017217
30.184256132866008,0.0,2024-08-21T19:30:00Z,4,4,4,0,4,4,0,0,0,4,0.0,,,,,,,,629.9999999999999,257.79130516657443,,PS_015,,,3.037381545832654
29.943815842527837,0.0,2024-08-21T19:45:00Z,3,3,3,0,3,3,0,0,0,3,0.0,,,,,,,,630.0,202.44146440214863,,PS_015,,,2.9239105833994357
29.489360903557056,0.0,2024-08-21T20:00:00Z,4,4,4,0,4,4,0,0,0,4,0.0,,,,,,,,630.0,149.16668502081504,,PS_015,,,2.472639952800629
29.05776665890673,0.0,2024-08-21T20:15:00Z,4,4,4,0,4,4,0,0,0,4,0.0,,,,,,,,630.0000000000001,94.24587979607968,,PS_015,,,2.3112750534923667
28.144674486915978,0.0,2024-08-21T20:30:00Z,3,3,3,0,3,3,0,0,0,3,0.0,,,,,,,,629.9999999999999,49.46015012661336,,PS_015,,,3.6926176109814075
27.23490440377728,0.0,2024-08-21T20:45:00Z,4,4,4,0,4,4,0,0,0,4,0.0,,,,,,,,629.9999999999999,16.29363426986276,,PS_015,,,2.732819886106741
26.267082067083408,0.0,2024-08-21T21:00:00Z,4,4,4,0,4,4,0,0,0,4,0.0,,,,,,,,630.0,1.3654477718538347,,PS_015,,,2.239389242058569
25.88752219711583,0.0,2024-08-21T21:15:00Z,3,3,3,0,3,3,0,0,0,3,0.0,,,,,,,,630.0000000000001,-2.4500248708554615,,PS_015,,,3.4169536742431097
25.684654314760405,0.0,2024-08-21T21:30:00Z,4,4,4,0,4,4,0,0,0,4,0.0,,,,,,,,630.0000000000001,-2.5198593369282105,,PS_015,,,2.912473894535461
25.15279292690981,0.0,2024-08-21T21:45:00Z,4,4,4,0,4,4,0,0,0,4,0.0,,,,,,,,630.0,-2.377402934438317,,PS_015,,,2.1550902941778114
24.306699223396333,0.0,2024-08-21T22:00:00Z,3,3,3,0,3,3,0,0,0,3,0.0,,,,,,,,630.0,-2.406163028951171,,PS_015,,,1.9958157469165136
23.803062628515317,0.0,2024-08-21T22:15:00Z,4,4,4,0,4,4,0,0,0,4,0.0,,,,,,,,630.0,-2.3107778635234886,,PS_015,,,1.7812168924336478
23.383405851982534,0.0,2024-08-21T22:30:00Z,4,4,4,0,4,4,0,0,0,4,0.0,,,,,,,,630.0,-2.8350365163764812,,PS_015,,,1.6863304885650363
23.739551988650895,0.0,2024-08-21T22:45:00Z,3,3,3,0,3,3,0,0,0,3,0.0,,,,,,,,630.0,-2.2433940454956294,,PS_015,,,1.7371377475976926
23.44454082220744,0.0,2024-08-21T23:00:00Z,4,4,4,0,4,4,0,0,0,4,0.0,,,,,,,,629.9999999999999,-2.960066047178249,,PS_015,,,2.1759328078377687
23.613425451837234,0.0,2024-08-21T23:15:00Z,4,4,4,0,4,4,0,0,0,4,0.0,,,,,,,,630.0,-2.284748927901513,,PS_015,,,1.9745377602701017
23.205025373490226,0.0,2024-08-21T23:30:00Z,4,4,4,0,4,4,0,0,0,4,0.0,,,,,,,,630.0,-3.160325049990957,,PS_015,,,2.522607783709681
23.18298477698892,0.0,2024-08-21T23:45:00Z,3,3,3,0,3,3,0,0,0,3,0.0,,,,,,,,630.0,-2.517486932207275,,PS_015,,,2.388126485448094
22.850412126866903,0.0,2024-08-22T00:00:00Z,4,4,4,0,4,4,0,0,0,4,0.0,,,,,,,,629.9999999999999,-2.2517810135851226,,PS_015,,,3.0149689205725774
22.019735911009295,0.0,2024-08-22T00:15:00Z,4,4,4,0,4,4,0,0,0,4,0.0,,,,,,,,630.0,-1.7910843324153118,,PS_015,,,3.1404009682003053
22.37639181094456,0.0,2024-08-22T00:30:00Z,3,3,3,0,3,3,0,0,0,3,0.0,,,,,,,,630.0000000000001,-2.4922064217974715,,PS_015,,,3.380459674600539
22.812257175364206,0.0,2024-08-22T00:45:00Z,4,4,4,0,4,4,0,0,0,4,0.0,,,,,,,,630.0000000000001,-2.3652891996784353,,PS_015,,,3.2135154470394074
22.579755726159426,0.0,2024-08-22T01:00:00Z,4,4,4,0,4,4,0,0,0,4,0.0,,,,,,,,630.0000000000001,-2.359379669800468,,PS_015,,,3.219533505673546
22.1018184326928,0.0,2024-08-22T01:15:00Z,3,3,3,0,3,3,0,0,0,3,0.0,,,,,,,,630.0,-2.0494075583827756,,PS_015,,,2.817176348877217
22.71174156368503,0.0,2024-08-22T01:30:00Z,4,4,4,0,4,4,0,0,0,4,0.0,,,,,,,,630.0000000000001,-2.945449826139894,,PS_015,,,3.2594029648427156
22.691444684182038,0.0,2024-08-22T01:45:00Z,4,4,4,0,4,4,0,0,0,4,0.0,,,,,,,,629.9999999999999,-2.870919994445605,,PS_015,,,2.8192688074947245
22.850574033998576,0.0,2024-08-22T02:00:00Z,3,3,3,0,3,3,0,0,0,3,0.0,,,,,,,,629.9999999999999,-3.027428811341156,,PS_015,,,2.816043533764765
22.16533887661394,0.0,2024-08-22T02:15:00Z,4,4,4,0,4,4,0,0,0,4,0.0,,,,,,,,629.9999999999999,-1.97130505809955,,PS_015,,,2.41248261348311
21.719001173573346,0.0,2024-08-22T02:30:00Z,4,4,4,0,4,4,0,0,0,4,0.0,,,,,,,,630.0000000000001,-2.010301525287845,,PS_015,,,2.071919108211396
21.313541781129764,0.0,2024-08-22T02:45:00Z,3,3,3,0,3,3,0,0,0,3,0.0,,,,,,,,630.0,-2.3516756440404403,,PS_015,,,1.8766985705281933
21.473419796101485,0.0,2024-08-22T03:00:00Z,4,4,4,0,4,4,0,0,0,4,0.0,,,,,,,,629.9999999999999,-2.487477612413663,,PS_015,,,2.07382459416899
21.004195463714005,0.0,2024-08-22T03:15:00Z,4,4,4,0,4,4,0,0,0,4,0.0,,,,,,,,357.74234811444825,-2.2076958461799707,,PS_015,,,1.276233961265785
21.11229904682,0.0,2024-08-22T03:30:00Z,3,3,3,0,3,3,0,0,0,3,0.0,,,,,,,,16.35554819091834,-2.725147422468697,,PS_015,,,1.1833866648909992
21.02966440371363,0.0,2024-08-22T03:45:00Z,4,4,4,0,4,4,0,0,0,4,0.0,,,,,,,,16.90442239149842,-2.6038365548459512,,PS_015,,,1.5808761700126137
20.79247181291285,0.0,2024-08-22T04:00:00Z,4,4,4,0,4,4,0,0,0,4,0.0,,,,,,,,16.174249014599695,-2.086708276331845,,PS_015,,,0.4635716690195644
19.478733548470274,0.0,2024-08-22T04:15:00Z,3,3,3,0,3,3,0,0,0,3,0.0,,,,,,,,15.294370489932666,-2.209846783303791,,PS_015,,,0.5954591932243386
18.56471938501429,0.0,2024-08-22T04:30:00Z,4,4,4,0,4,4,0,0,0,4,0.0,,,,,,,,15.254568600737924,-1.8809928152991435,,PS_015,,,0.8414435312609239
18.36070969361944,0.0,2024-08-22T04:45:00Z,4,4,4,0,4,4,0,0,0,4,0.0,,,,,,,,14.248084459430478,-1.9442690252310804,,PS_015,,,1.6257169569388037
19.762187724833673,0.0,2024-08-22T05:00:00Z,4,4,4,0,4,4,0,0,0,4,0.0,,,,,,,,15.18986484833977,-2.51309547496374,,PS_015,,,1.9030401211815828
17.72442634198151,0.0,2024-08-22T05:15:00Z,3,3,3,0,3,3,0,0,0,3,0.0,,,,,,,,15.04025448535383,-0.8283135588718818,,PS_015,,,2.4978324814078965
19.95058208591547,0.0,2024-08-22T05:30:00Z,4,4,4,0,4,4,0,0,0,4,0.0,,,,,,,,16.737875885584202,-3.1045340533718218,,PS_015,,,3.3354922363212296
19.785703542237083,0.0,2024-08-22T05:45:00Z,4,4,4,0,4,4,0,0,0,4,0.0,,,,,,,,16.727479342634368,-2.2499103025109237,,PS_015,,,2.950750971186146
20.002026634183682,0.0,2024-08-22T06:00:00Z,3,3,3,0,3,3,0,0,0,3,0.0,,,,,,,,16.71352142719154,-2.611000506011234,,PS_015,,,2.7920274701040317
19.552769761652847,0.0,2024-08-22T06:15:00Z,4,4,4,0,4,4,0,0,0,4,0.0,,,,,,,,16.408864802782844,-1.9814041171866716,,PS_015,,,2.326696540002364
18.47335432982417,0.0,2024-08-22T06:30:00Z,4,4,4,0,4,4,0,0,0,4,0.0,,,,,,,,14.922647953408552,-2.037516707985741,,PS_015,,,0.4718090947429622
18.987391774860907,0.0,2024-08-22T06:45:00Z,3,3,3,0,3,3,0,0,0,3,0.0,,,,,,,,14.657417542449789,-2.096057148476725,,PS_015,,,1.6480614985136346
18.656466857064675,0.0,2024-08-22T07:00:00Z,4,4,4,0,4,4,0,0,0,4,0.0,,,,,,,,14.138722973716561,-1.9044464845033466,,PS_015,,,0.5499204410621478
18.653597641007806,0.0,2024-08-22T07:15:00Z,4,4,4,0,4,4,0,0,0,4,0.0,,,,,,,,13.859192992097796,-2.197706595462691,,PS_015,,,0.8210002815139228
17.872842090533243,0.0,2024-08-22T07:30:00Z,3,3,3,0,3,3,0,0,0,3,0.0,,,,,,,,13.514996821539354,-1.8147457238098097,,PS_015,,,0.36222924099238835
17.560559363616573,0.0,2024-08-22T07:45:00Z,4,4,4,0,4,4,0,0,0,4,0.0,,,,,,,,13.131933910089947,-1.9627702728594025,,PS_015,,,0.5220175308574884
18.255604315993228,0.0,2024-08-22T08:00:00Z,4,4,4,0,4,4,0,0,0,4,0.0,,,,,,,,14.245945904158733,-2.7516620842588857,,PS_015,,,2.5021634929646837
18.375643388790344,0.0,2024-08-22T08:15:00Z,3,3,3,0,3,3,0,0,0,3,0.0,,,,,,,,15.0,-2.1980385243246676,,PS_015,,,2.220281974273733
18.66385154611551,0.0,2024-08-22T08:30:00Z,4,4,4,0,4,4,0,0,0,4,0.0,,,,,,,,15.418969872226892,-2.439722490853215,,PS_015,,,2.8842468496709097
18.68466868591834,0.0,2024-08-22T08:45:00Z,4,4,4,0,4,4,0,0,0,4,0.0,,,,,,,,15.244441511050002,-2.5176642749007967,,PS_015,,,2.6676078261313307
18.264447883321566,0.0,2024-08-22T09:00:00Z,4,4,4,0,4,4,0,0,0,4,0.0,,,,,,,,15.084202414444311,-1.889371513652566,,PS_015,,,1.9373340315209244
18.023555020818318,0.0,2024-08-22T09:15:00Z,3,3,3,0,3,3,0,0,0,3,0.0,,,,,,,,15.10956755809895,0.8694355759631163,,PS_015,,,1.978265731040183
17.8553032856704,0.0,2024-08-22T09:30:00Z,4,4,4,0,4,4,0,0,0,4,0.0,,,,,,,,15.170668279708357,10.799930591685012,,PS_015,,,3.3149332314585105
17.75,0.0,2024-08-22T09:45:00Z,1,1,1,0,1,1,0,0,0,1,0.0,,,,,,,,15.199999809265137,28.290000915527344,,PS_015,,,2.111999988555908
18.865640540315294,0.0,2024-08-22T10:00:00Z,3,3,3,0,3,3,0,0,0,3,0.0,,,,,,,,18.08482036616091,99.25211709284036,,PS_015,,,4.386581467632103
19.177226282644334,0.0,2024-08-22T10:15:00Z,4,4,4,0,4,4,0,0,0,4,0.0,,,,,,,,19.63922733314643,148.53814846931104,,PS_015,,,3.299004467631557
19.706172581431698,0.0,2024-08-22T10:30:00Z,3,3,3,0,3,3,0,0,0,3,0.0,,,,,,,,22.37896189339847,202.41610014539376,,PS_015,,,3.3625270194188066
20.475510958585815,0.0,2024-08-22T10:45:00Z,4,4,4,0,4,4,0,0,0,4,0.0,,,,,,,,629.9999999999999,260.58381838375726,,PS_015,,,1.5353861138917684
20.467677199457405,0.0,2024-08-22T11:00:00Z,4,4,4,0,4,4,0,0,0,4,0.0,,,,,,,,629.9999999999999,320.0980678473512,,PS_015,,,1.9623111444185495
20.207566600386176,0.0,2024-08-22T11:15:00Z,3,3,3,0,3,3,0,0,0,3,0.0,,,,,,,,630.0,370.2529550859672,,PS_015,,,2.206981502381682
21.75044711551893,0.0,2024-08-22T11:30:00Z,4,4,4,0,4,4,0,0,0,4,0.0,,,,,,,,630.0,423.58788175039564,,PS_015,,,1.5789059978369324
21.324709248552633,0.0,2024-08-22T11:45:00Z,4,4,4,0,4,4,0,0,0,4,0.0,,,,,,,,630.0,477.22463078557405,,PS_015,,,1.9405263431185773
23.031822863182406,0.0,2024-08-22T12:00:00Z,3,3,3,0,3,3,0,0,0,3,0.0,,,,,,,,630.0,528.4131499858204,,PS_015,,,2.5071684506484218
23.68985861385406,0.0,2024-08-22T12:15:00Z,4,4,4,0,4,4,0,0,0,4,0.0,,,,,,,,630.0,576.7145017835078,,PS_015,,,3.3155601942066983
24.13633324131282,0.0,2024-08-22T12:30:00Z,4,4,4,0,4,4,0,0,0,4,0.0,,,,,,,,630.0,627.7164624312392,,PS_015,,,3.236516582982709
24.680292042330233,0.0,2024-08-22T12:45:00Z,3,3,3,0,3,3,0,0,0,3,0.0,,,,,,,,630.0,671.3915442747782,,PS_015,,,4.084888331528249
24.929400205976492,0.0,2024-08-22T13:00:00Z,4,4,4,0,4,4,0,0,0,4,0.0,,,,,,,,630.0,713.3535346701403,,PS_015,,,3.392410012218877
25.68515960411707,0.0,2024-08-22T13:15:00Z,4,4,4,0,4,4,0,0,0,4,0.0,,,,,,,,630.0,746.1680971928039,,PS_015,,,2.433962998127894
26.20346685561541,0.0,2024-08-22T13:30:00Z,3,3,3,0,3,3,0,0,0,3,0.0,,,,,,,,630.0,775.8234350278391,,PS_015,,,1.3143329426114636
26.66693353770911,0.0,2024-08-22T13:45:00Z,4,4,4,0,4,4,0,0,0,4,0.0,,,,,,,,630.0,797.9348311647774,,PS_015,,,3.136555348680324
26.95552361371868,0.0,2024-08-22T14:00:00Z,4,4,4,0,4,4,0,0,0,4,0.0,,,,,,,,630.0,817.3391472897358,,PS_015,,,3.7318983994304964
27.136801833426045,0.0,2024-08-22T14:15:00Z,3,3,3,0,3,3,0,0,0,3,0.0,,,,,,,,494.29960554675444,842.7340011548375,,PS_015,,,3.2095636392289455
27.649327029831056,0.0,2024-08-22T14:30:00Z,4,4,4,0,4,4,0,0,0,4,0.0,,,,,,,,47.95959750326956,845.0002974182863,,PS_015,,,3.2979762351840884
28.112173518988076,0.0,2024-08-22T14:45:00Z,4,4,4,0,4,4,0,0,0,4,121.65458335181908,,,,,,,,48.13009546530656,846.6817674645232,,PS_015,,,3.282425409638575
28.37851210119663,0.0,2024-08-22T15:00:00Z,4,4,4,0,4,4,0,0,0,4,814.2438728850296,,,,,,,,46.888204777978395,0.0,,PS_015,,,3.64326473629676
28.268849742150437,0.0,2024-08-22T15:15:00Z,3,3,3,0,3,3,0,0,0,3,830.5399780273436,,,,,,,,49.511110249178515,0.0,,PS_015,,,3.3690076003688505
28.333495979977123,0.0,2024-08-22T15:30:00Z,4,4,4,0,4,4,0,0,0,4,830.5399780273438,,,,,,,,51.82088243454478,478.8577343842794,,PS_015,,,2.0870080550109336
29.116521277709456,0.0,2024-08-22T15:45:00Z,4,4,4,0,4,4,0,0,0,4,830.5399780273438,,,,,,,,49.516463620354706,882.4095529463314,,PS_015,,,3.4292488641160404
28.76600037886075,0.0,2024-08-22T16:00:00Z,3,3,3,0,3,3,0,0,0,3,830.5399780273438,,,,,,,,51.5731626150217,870.9801876261096,,PS_015,,,1.056356447382886
29.043113994836165,0.0,2024-08-22T16:15:00Z,4,4,4,0,4,4,0,0,0,4,830.5399780273436,,,,,,,,50.39902024330942,860.0154739728044,,PS_015,,,2.547547671901064
29.39388863203988,0.0,2024-08-22T16:30:00Z,4,4,4,0,4,4,0,0,0,4,830.5399780273438,,,,,,,,50.27995769217982,828.9830892212178,,PS_015,,,3.641223205962712
29.21032515485682,0.0,2024-08-22T16:45:00Z,3,3,3,0,3,3,0,0,0,3,830.5399780273438,,,,,,,,48.84070257143509,783.0887855555244,,PS_015,,,2.3404449628092916
29.83045852719268,0.0,2024-08-22T17:00:00Z,4,4,4,0,4,4,0,0,0,4,830.5399780273438,,,,,,,,50.733985400919394,742.4341916346532,,PS_015,,,3.3646023930000615
29.616111344374826,0.0,2024-08-22T17:15:00Z,4,4,4,0,4,4,0,0,0,4,830.5399780273438,,,,,,,,48.54557393927125,704.4575223422979,,PS_015,,,3.1660451024252265
29.935354770795783,0.0,2024-08-22T17:30:00Z,3,3,3,0,3,3,0,0,0,3,830.5399780273438,,,,,,,,50.374833702051134,663.6283121139547,,PS_015,,,3.523734658458096
30.014744861209252,0.0,2024-08-22T17:45:00Z,4,4,4,0,4,4,0,0,0,4,830.5399780273438,,,,,,,,48.970433653365205,637.3824918818817,,PS_015,,,1.9791086153261177
29.806397538450316,0.0,2024-08-22T18:00:00Z,4,4,4,0,4,4,0,0,0,4,830.5399780273436,,,,,,,,47.8900813144756,594.7718636227235,,PS_015,,,2.947060077745066
30.013864794968626,0.0,2024-08-22T18:15:00Z,3,3,3,0,3,3,0,0,0,3,830.5399780273438,,,,,,,,47.80471543831,535.1594339306781,,PS_015,,,1.509186503376239
30.13733275911282,0.0,2024-08-22T18:30:00Z,4,4,4,0,4,4,0,0,0,4,830.5399780273436,,,,,,,,44.42044076283689,486.92173917746067,,PS_015,,,4.199522712825736
29.756682820058494,0.0,2024-08-22T18:45:00Z,4,4,4,0,4,4,0,0,0,4,830.5399780273435,,,,,,,,41.37055735628242,433.4759506853734,,PS_015,,,3.228698176065638
29.67658929849013,0.0,2024-08-22T19:00:00Z,4,4,4,0,4,4,0,0,0,4,830.5399780273436,,,,,,,,40.87371390607518,378.3651233917959,,PS_015,,,3.380064012279872
29.452716737479584,0.0,2024-08-22T19:15:00Z,3,3,3,0,3,3,0,0,0,3,830.5399780273438,,,,,,,,38.78789306314132,324.4243334872892,,PS_015,,,2.8172206926000163
29.474314730279463,0.0,2024-08-22T19:30:00Z,4,4,4,0,4,4,0,0,0,4,830.5399780273438,,,,,,,,38.43036664538709,264.1200860092606,,PS_015,,,2.41776901413481
29.057297837549804,0.0,2024-08-22T19:45:00Z,4,4,4,0,4,4,0,0,0,4,830.5399780273436,,,,,,,,35.77409622690111,205.5477791080404,,PS_015,,,3.379731139028028
28.773116768468793,0.0,2024-08-22T20:00:00Z,3,3,3,0,3,3,0,0,0,3,830.5399780273436,,,,,,,,33.06323206447483,150.6914660507035,,PS_015,,,3.0893661109130557
28.40772545229024,0.0,2024-08-22T20:15:00Z,4,4,4,0,4,4,0,0,0,4,830.5399780273438,,,,,,,,30.366366911280387,100.23880038246924,,PS_015,,,2.5020474151379317
27.546657654946674,0.0,2024-08-22T20:30:00Z,4,4,4,0,4,4,0,0,0,4,830.5399780273439,,,,,,,,27.08551610708098,51.406544201886135,,PS_015,,,2.075336374830056
26.076434812205616,0.0,2024-08-22T20:45:00Z,3,3,3,0,3,3,0,0,0,3,830.5399780273439,,,,,,,,23.6521029514644,16.013425880520973,,PS_015,,,1.2620063077430832
25.06004070831489,0.0,2024-08-22T21:00:00Z,4,4,4,0,4,4,0,0,0,4,830.5399780273439,,,,,,,,20.750353455510517,1.7620225150056976,,PS_015,,,1.4637438987089944
24.598161829853,0.0,2024-08-22T21:15:00Z,4,4,4,0,4,4,0,0,0,4,830.5399780273438,,,,,,,,19.59203730340848,-1.8056369980620603,,PS_015,,,1.3347851609765382
24.567398553041485,0.0,2024-08-22T21:30:00Z,3,3,3,0,3,3,0,0,0,3,830.5399780273439,,,,,,,,18.953352184755907,-2.4161366869903094,,PS_015,,,1.5231463399014606
24.3236622178091,0.0,2024-08-22T21:45:00Z,4,4,4,0,4,4,0,0,0,4,830.5399780273438,,,,,,,,18.525032366548103,-2.2401594227203527,,PS_015,,,1.7697128181514559
24.010321698624825,0.0,2024-08-22T22:00:00Z,4,4,4,0,4,4,0,0,0,4,830.5399780273438,,,,,,,,18.158210824441923,-2.3400140190626972,,PS_015,,,2.1763682432554607
23.502114077252152,0.0,2024-08-22T22:15:00Z,3,3,3,0,3,3,0,0,0,3,830.5399780273435,,,,,,,,19.163955257395614,-1.9894124824758035,,PS_015,,,2.6864793660825463
23.263268899442945,0.0,2024-08-22T22:30:00Z,4,4,4,0,4,4,0,0,0,4,830.5399780273436,,,,,,,,18.87012093941227,-2.081466833387563,,PS_015,,,2.804934986749157
23.05349236951349,0.0,2024-08-22T22:45:00Z,4,4,4,0,4,4,0,0,0,4,830.5399780273436,,,,,,,,18.641651333740274,-2.0513052835796506,,PS_015,,,2.773866844212416
23.172232423519862,0.0,2024-08-22T23:00:00Z,3,3,3,0,3,3,0,0,0,3,830.5399780273435,,,,,,,,18.614587335453514,-2.444969958946345,,PS_015,,,3.6935418870831502
22.521885986941076,0.0,2024-08-22T23:15:00Z,4,4,4,0,4,4,0,0,0,4,830.5399780273438,,,,,,,,18.201059961735744,-1.7569227260324756,,PS_015,,,2.5831151246553246
22.09666919264822,0.0,2024-08-22T23:30:00Z,4,4,4,0,4,4,0,0,0,4,830.5399780273438,,,,,,,,17.844186099921558,-1.91390484174583,,PS_015,,,2.646077117579373
21.749660160301374,0.0,2024-08-22T23:45:00Z,4,4,4,0,4,4,0,0,0,4,830.5399780273436,,,,,,,,17.53075710777348,-1.8083945117715392,,PS_015,,,1.9912209377258576
21.03842510559314,0.0,2024-08-23T00:00:00Z,3,3,3,0,3,3,0,0,0,3,830.5399780273438,,,,,,,,16.362369158979963,-1.7194184322616153,,PS_015,,,1.8091834876306931
20.558450770780567,0.0,2024-08-23T00:15:00Z,4,4,4,0,4,4,0,0,0,4,830.5399780273438,,,,,,,,15.816810308773029,-2.0614347965824504,,PS_015,,,2.0121601663246076
20.867591900186437,0.0,2024-08-23T00:30:00Z,4,4,4,0,4,4,0,0,0,4,830.5399780273438,,,,,,,,16.24435719463317,-2.526716797534738,,PS_015,,,2.122754509351743
21.269371322037316,0.0,2024-08-23T00:45:00Z,3,3,3,0,3,3,0,0,0,3,830.5399780273438,,,,,,,,15.805486150512044,-2.13375509660719,,PS_015,,,1.7458545863978743
20.989281676222543,0.0,2024-08-23T01:00:00Z,4,4,4,0,4,4,0,0,0,4,830.5399780273438,,,,,,,,15.716912756678939,-2.47829237635133,,PS_015,,,2.343483579643216
21.213217030694985,0.0,2024-08-23T01:15:00Z,4,4,4,0,4,4,0,0,0,4,830.5399780273438,,,,,,,,16.125490515380154,-2.069719389683045,,PS_015,,,1.895173525367578
21.318669249108382,0.0,2024-08-23T01:30:00Z,3,3,3,0,3,3,0,0,0,3,830.5399780273438,,,,,,,,16.34347622119051,-2.4578465658093505,,PS_015,,,2.169570926869551
21.393420971096,0.0,2024-08-23T01:45:00Z,4,4,4,0,4,4,0,0,0,4,830.5399780273436,,,,,,,,16.672937397159558,-2.0234200508664797,,PS_015,,,1.594462734220615
20.617939038124817,0.0,2024-08-23T02:00:00Z,4,4,4,0,4,4,0,0,0,4,830.5399780273439,,,,,,,,15.694765828982865,-1.978841797715333,,PS_015,,,1.595101003037713
20.91749019865129,0.0,2024-08-23T02:15:00Z,3,3,3,0,3,3,0,0,0,3,830.5399780273438,,,,,,,,15.65691274432433,-2.3254343550185217,,PS_015,,,1.72579356928797
20.25995178782558,0.0,2024-08-23T02:30:00Z,4,4,4,0,4,4,0,0,0,4,830.5399780273438,,,,,,,,14.597171796816125,-2.0921861652610327,,PS_015,,,1.7543870313811383
20.291884043627608,0.0,2024-08-23T02:45:00Z,4,4,4,0,4,4,0,0,0,4,830.5399780273438,,,,,,,,14.76383053690607,-2.2672936492474,,PS_015,,,1.88351055393277
20.1285861626529,0.0,2024-08-23T03:00:00Z,4,4,4,0,4,4,0,0,0,4,830.5399780273438,,,,,,,,14.699999809265137,-2.5609662902087615,,PS_015,,,2.3259565254473498
20.519596181668486,0.0,2024-08-23T03:15:00Z,4,4,4,0,4,4,0,0,0,4,830.5399780273438,,,,,,,,15.229588374413385,-2.6263889213288985,,PS_015,,,2.5391960992411384
20.47291175807304,0.0,2024-08-23T03:30:00Z,4,4,4,0,4,4,0,0,0,4,830.5399780273436,,,,,,,,15.061764030223966,-1.9985717994172025,,PS_015,,,1.1967886947293556
19.310585073762926,0.0,2024-08-23T03:45:00Z,3,3,3,0,3,3,0,0,0,3,830.5399780273439,,,,,,,,14.1345367224968,-2.0207281220570454,,PS_015,,,2.369710048597629
19.736459334786108,0.0,2024-08-23T04:00:00Z,4,4,4,0,4,4,0,0,0,4,830.5399780273436,,,,,,,,14.231196253480547,-2.4854160106063836,,PS_015,,,1.9609207994420967
19.79590663143109,0.0,2024-08-23T04:15:00Z,4,4,4,0,4,4,0,0,0,4,830.5399780273436,,,,,,,,13.92892915094076,-1.9210404343055218,,PS_015,,,1.116474919163621
19.705520943668578,0.0,2024-08-23T04:30:00Z,4,4,4,0,4,4,0,0,0,4,830.5399780273436,,,,,,,,13.746266859742367,-2.7868045521306626,,PS_015,,,2.230071754380358
18.97883025995123,0.0,2024-08-23T04:45:00Z,3,3,3,0,3,3,0,0,0,3,830.5399780273436,,,,,,,,13.564346214880723,-1.9439249806625387,,PS_015,,,1.8805536122826012
19.495735316270704,0.0,2024-08-23T05:00:00Z,4,4,4,0,4,4,0,0,0,4,830.5399780273438,,,,,,,,13.945048072497025,-2.514749754308768,,PS_015,,,2.8442459859476386
20.41210288030747,0.0,2024-08-23T05:15:00Z,4,4,4,0,4,4,0,0,0,4,830.5399780273435,,,,,,,,14.912490008024223,-3.0049372427677215,,PS_015,,,2.8212187411969034
18.721352667425986,0.0,2024-08-23T05:30:00Z,3,3,3,0,3,3,0,0,0,3,830.5399780273436,,,,,,,,15.001702313550217,0.5403891750321507,,PS_015,,,2.317716997675462
17.264639532274234,0.0,2024-08-23T05:45:00Z,4,4,4,0,4,4,0,0,0,4,830.5399780273438,,,,,,,,14.15366558027444,-1.6216876808715484,,PS_015,,,2.2125602767972627
18.796478038634117,0.0,2024-08-23T06:00:00Z,4,4,4,0,4,4,0,0,0,4,830.539978027344,,,,,,,,13.600000381469727,-2.20908970209779,,PS_015,,,1.4558492937390985
18.41971496924332,0.0,2024-08-23T06:15:00Z,3,3,3,0,3,3,0,0,0,3,830.5399780273436,,,,,,,,13.340297487161765,-1.6130209378748108,,PS_015,,,1.1972577917696534
17.56506109368626,0.0,2024-08-23T06:30:00Z,4,4,4,0,4,4,0,0,0,4,830.5399780273436,,,,,,,,12.788253202193033,-1.0499667033094529,,PS_015,,,1.5831460764194996
17.28350991548812,0.0,2024-08-23T06:45:00Z,4,4,4,0,4,4,0,0,0,4,830.5399780273436,,,,,,,,12.796030102040543,-2.087947580460836,,PS_015,,,1.082398022752592
19.123067263505803,0.0,2024-08-23T07:00:00Z,3,3,3,0,3,3,0,0,0,3,830.5399780273439,,,,,,,,13.600000381469728,-3.385224297210907,,PS_015,,,2.7002764622962894
18.884833162538587,0.0,2024-08-23T07:15:00Z,4,4,4,0,4,4,0,0,0,4,830.5399780273438,,,,,,,,13.600000381469727,-2.0993896585462135,,PS_015,,,2.109050210050967
19.558961228269876,0.0,2024-08-23T07:30:00Z,4,4,4,0,4,4,0,0,0,4,830.5399780273436,,,,,,,,13.977790470981398,-2.301807604185909,,PS_015,,,2.1178673930730993
19.96732042089789,0.0,2024-08-23T07:45:00Z,3,3,3,0,3,3,0,0,0,3,830.5399780273436,,,,,,,,14.676541367409099,-3.1347601751067016,,PS_015,,,2.9003253136659004
19.28563151637278,0.0,2024-08-23T08:00:00Z,4,4,4,0,4,4,0,0,0,4,830.5399780273436,,,,,,,,15.277968894725513,-0.9858652019977828,,PS_015,,,1.6518180222337016
17.06417157801211,0.0,2024-08-23T08:15:00Z,4,4,4,0,4,4,0,0,0,4,830.5399780273439,,,,,,,,13.666433057595924,-0.8020713861523447,,PS_015,,,1.4159283906285154
16.54105074757053,0.0,2024-08-23T08:30:00Z,3,3,3,0,3,3,0,0,0,3,830.5399780273436,,,,,,,,12.600000381469725,-1.01223078420027,,PS_015,,,1.7122903113423729
15.131011374113703,0.0,2024-08-23T08:45:00Z,4,4,4,0,4,4,0,0,0,4,830.5399780273439,,,,,,,,12.498877353276105,-1.547274234160758,,PS_015,,,2.124387725070566
14.409888283803243,0.0,2024-08-23T09:00:00Z,4,4,4,0,4,4,0,0,0,4,830.5399780273436,,,,,,,,12.345530875884203,-1.0408581951351297,,PS_015,,,2.0461933369555996
15.788371795696833,0.0,2024-08-23T09:15:00Z,4,4,4,0,4,4,0,0,0,4,830.5399780273438,,,,,,,,12.455488740963354,1.312388323011563,,PS_015,,,1.1888085275199904
14.033861712314575,0.0,2024-08-23T09:30:00Z,3,3,3,0,3,3,0,0,0,3,830.5399780273436,,,,,,,,11.148090173120062,13.455854113370197,,PS_015,,,1.0111591631596497
14.599228435200935,0.0,2024-08-23T09:45:00Z,4,4,4,0,4,4,0,0,0,4,830.5399780273439,,,,,,,,11.376245871161148,51.224744992433955,,PS_015,,,1.2455164989398444
17.471011116056175,0.0,2024-08-23T10:00:00Z,4,4,4,0,4,4,0,0,0,4,830.5399780273436,,,,,,,,13.840000191621392,95.66633722550539,,PS_015,,,1.9179730061066143
19.002366905590673,0.0,2024-08-23T10:15:00Z,3,3,3,0,3,3,0,0,0,3,830.5399780273438,,,,,,,,17.28674296523252,147.11064266916242,,PS_015,,,1.404620113668295
20.00685420794855,0.0,2024-08-23T10:30:00Z,4,4,4,0,4,4,0,0,0,4,830.5399780273436,,,,,,,,20.0321146207116,203.76193007075625,,PS_015,,,2.3612075789752254
20.685090908137166,0.0,2024-08-23T10:45:00Z,4,4,4,0,4,4,0,0,0,4,830.5399780273439,,,,,,,,22.756963292900835,263.0388222451848,,PS_015,,,2.023523653528378
21.493999700478856,0.0,2024-08-23T11:00:00Z,3,3,3,0,3,3,0,0,0,3,830.5399780273439,,,,,,,,25.073214230421854,321.7805376344715,,PS_015,,,2.6169416596794552
21.76243339541407,0.0,2024-08-23T11:15:00Z,5,5,5,0,5,5,0,0,0,5,830.5399780273439,,,,,,,,26.714375288482714,386.88001804583536,,PS_015,,,3.5953114034294935
22.54877147880738,0.0,2024-08-23T11:30:00Z,0,0,0,0,0,0,0,0,0,0,830.5399780273438,,true,true,true,true,true,true,29.05367836194233,442.8531683194101,,PS_015,,,3.544071240103641
23.33510956220069,0.0,2024-08-23T11:45:00Z,3,3,3,0,3,3,0,0,0,3,830.5399780273436,,,,,,,,31.392981435401946,498.8263185929849,,PS_015,,,3.492831076777789
23.42262302740231,0.0,2024-08-23T12:00:00Z,4,4,4,0,4,4,0,0,0,4,830.5399780273439,,,,,,,,32.19268795085616,551.398658659046,,PS_015,,,4.0987274418190545
24.404991467692444,0.0,2024-08-23T12:15:00Z,4,4,4,0,4,4,0,0,0,4,830.5399780273438,,,,,,,,34.06016232096165,603.3288296392947,,PS_015,,,3.965708250130228
25.412919682971484,0.0,2024-08-23T12:30:00Z,3,3,3,0,3,3,0,0,0,3,830.5399780273439,,,,,,,,38.013039330764556,647.9686806831269,,PS_015,,,3.3433913447112187
25.271986781552403,0.0,2024-08-23T12:45:00Z,4,4,4,0,4,4,0,0,0,4,830.5399780273438,,,,,,,,38.319247425342276,689.6793588284938,,PS_015,,,2.9736932636676316
25.70175223134877,0.0,2024-08-23T13:00:00Z,4,4,4,0,4,4,0,0,0,4,830.5399780273436,,,,,,,,39.5281380476399,725.2448221642509,,PS_015,,,4.684017749176534
26.367845439655127,0.0,2024-08-23T13:15:00Z,3,3,3,0,3,3,0,0,0,3,830.5399780273436,,,,,,,,41.95208396539236,751.0265187879501,,PS_015,,,2.6195845040723107
26.60582573187906,0.0,2024-08-23T13:30:00Z,4,4,4,0,4,4,0,0,0,4,830.5399780273436,,,,,,,,41.659543167820345,785.6947483458187,,PS_015,,,3.444211442959674
27.097837516767367,0.0,2024-08-23T13:45:00Z,4,4,4,0,4,4,0,0,0,4,830.5399780273436,,,,,,,,43.12444341179499,817.0542496030539,,PS_015,,,3.2933978958433974
27.668581592135013,0.0,2024-08-23T14:00:00Z,3,3,3,0,3,3,0,0,0,3,830.5399780273438,,,,,,,,45.18437658828927,848.2690917869039,,PS_015,,,3.6207712221164545
27.903600619348644,0.0,2024-08-23T14:15:00Z,4,4,4,0,4,4,0,0,0,4,830.5399780273438,,,,,,,,47.74697580384044,868.9252400879831,,PS_015,,,2.38168595644482
28.750570362433233,0.0,2024-08-23T14:30:00Z,4,4,4,0,4,4,0,0,0,4,830.5399780273439,,,,,,,,47.47839205233225,886.2782000174244,,PS_015,,,3.3392070417193627
29.453826623203483,0.0,2024-08-23T14:45:00Z,3,3,3,0,3,3,0,0,0,3,830.5399780273438,,,,,,,,45.44286824725213,895.4723426246019,,PS_015,,,3.7707502934730246
29.93397039749614,0.0,2024-08-23T15:00:00Z,4,4,4,0,4,4,0,0,0,4,830.5399780273438,,,,,,,,45.695988348358014,894.4059135207675,,PS_015,,,4.594079514134184
30.244013636238787,0.0,2024-08-23T15:15:00Z,4,4,4,0,4,4,0,0,0,4,830.5399780273438,,,,,,,,46.78532838305179,891.3522995886191,,PS_015,,,3.7704076567126803
30.674338518949284,0.0,2024-08-23T15:30:00Z,3,3,3,0,3,3,0,0,0,3,830.5399780273439,,,,,,,,47.90256119196655,888.3605518370164,,PS_015,,,4.732234741912831
31.182461999679848,0.0,2024-08-23T15:45:00Z,4,4,4,0,4,4,0,0,0,4,830.5399780273436,,,,,,,,47.497877534999866,882.6998967700958,,PS_015,,,5.334684373492585
30.950286943178572,0.0,2024-08-23T16:00:00Z,4,4,4,0,4,4,0,0,0,4,830.5399780273439,,,,,,,,47.24303430085665,876.3354461161156,,PS_015,,,2.981561537192081
31.040896595121925,0.0,2024-08-23T16:15:00Z,3,3,3,0,3,3,0,0,0,3,830.5399780273438,,,,,,,,48.097414355375896,866.3851077083783,,PS_015,,,3.3532544198101584
31.19139199021269,0.0,2024-08-23T16:30:00Z,4,4,4,0,4,4,0,0,0,4,830.5399780273439,,,,,,,,48.44229331596793,829.7077032715702,,PS_015,,,3.673854215732915
31.573496959949097,0.0,2024-08-23T16:45:00Z,4,4,4,0,4,4,0,0,0,4,830.5399780273438,,,,,,,,49.41100353362936,796.2346877525121,,PS_015,,,3.2782507339355704
31.537903070268047,0.0,2024-08-23T17:00:00Z,4,4,4,0,4,4,0,0,0,4,830.5399780273438,,,,,,,,50.84353188446085,755.3705880568702,,PS_015,,,3.6015746563246562
31.658088707162783,0.0,2024-08-23T17:15:00Z,3,3,3,0,3,3,0,0,0,3,830.5399780273436,,,,,,,,46.56298062659457,716.3532035941669,,PS_015,,,5.787838443710112
31.628972382924083,0.0,2024-08-23T17:30:00Z,4,4,4,0,4,4,0,0,0,4,830.5399780273436,,,,,,,,45.32609587846368,677.7365637251343,,PS_015,,,3.915812565403195
31.828191662564294,0.0,2024-08-23T17:45:00Z,4,4,4,0,4,4,0,0,0,4,830.5399780273439,,,,,,,,44.947538665045904,637.3721657988009,,PS_015,,,4.078276885010415
31.865235945215833,0.0,2024-08-23T18:00:00Z,3,3,3,0,3,3,0,0,0,3,830.5399780273439,,,,,,,,45.46926016459681,597.4983106049189,,PS_015,,,4.816518483578436
32.000346802883485,0.0,2024-08-23T18:15:00Z,4,4,4,0,4,4,0,0,0,4,830.5399780273438,,,,,,,,46.54722795512435,545.0766635392781,,PS_015,,,3.6511529099951305
31.667612575333436,0.0,2024-08-23T18:30:00Z,4,4,4,0,4,4,0,0,0,4,830.5399780273438,,,,,,,,44.14214746862586,481.9233451823351,,PS_015,,,3.773435679138796
31.675313484401194,0.0,2024-08-23T18:45:00Z,3,3,3,0,3,3,0,0,0,3,830.5399780273438,,,,,,,,42.22736179892457,437.6536958858836,,PS_015,,,4.026285333456667
31.501974452944904,0.0,2024-08-23T19:00:00Z,4,4,4,0,4,4,0,0,0,4,830.5399780273438,,,,,,,,42.68547021138892,383.19376710664733,,PS_015,,,2.9706594041012484
31.271392604721957,0.0,2024-08-23T19:15:00Z,4,4,4,0,4,4,0,0,0,4,830.539978027344,,,,,,,,41.09613341390009,329.49917935018095,,PS_015,,,4.210282224902868
30.99873179645232,0.0,2024-08-23T19:30:00Z,3,3,3,0,3,3,0,0,0,3,830.5399780273438,,,,,,,,36.94649116734868,270.4308123994507,,PS_015,,,4.176161521997303
30.580192904651458,0.0,2024-08-23T19:45:00Z,4,4,4,0,4,4,0,0,0,4,830.539978027344,,,,,,,,35.88589584430582,211.774089220041,,PS_015,,,3.97497685436662
30.37368670347618,0.0,2024-08-23T20:00:00Z,4,4,4,0,4,4,0,0,0,4,830.5399780273436,,,,,,,,33.83054096108356,153.64978276584222,,PS_015,,,3.3563898345128838
29.922467927693102,0.0,2024-08-23T20:15:00Z,3,3,3,0,3,3,0,0,0,3,830.5399780273438,,,,,,,,30.924189454874888,100.31101075205342,,PS_015,,,2.5034931434521717
28.92251901929697,0.0,2024-08-23T20:30:00Z,4,4,4,0,4,4,0,0,0,4,830.5399780273438,,,,,,,,28.259705184821556,50.84234524285197,,PS_015,,,2.2036028063477797
27.9435556678994,0.0,2024-08-23T20:45:00Z,4,4,4,0,4,4,0,0,0,4,830.5399780273436,,,,,,,,25.597701489642684,15.953581217981261,,PS_015,,,1.7903760480933917
27.104745150901124,0.0,2024-08-23T21:00:00Z,4,4,4,0,4,4,0,0,0,4,830.5399780273439,,,,,,,,23.392035532936625,1.067088289416008,,PS_015,,,1.4663784907985926
26.341172663747226,0.0,2024-08-23T21:15:00Z,3,3,3,0,3,3,0,0,0,3,830.5399780273439,,,,,,,,20.923715719557862,-2.0868447383532236,,PS_015,,,1.0516352163064402
25.50908331728223,0.0,2024-08-23T21:30:00Z,4,4,4,0,4,4,0,0,0,4,830.5399780273438,,,,,,,,19.673250150800893,-2.236951519126603,,PS_015,,,1.587594844271716
25.22137440432517,0.0,2024-08-23T21:45:00Z,4,4,4,0,4,4,0,0,0,4,830.5399780273436,,,,,,,,19.34760766299661,-2.2938787865121752,,PS_015,,,1.6793965474636876
24.671836581372983,0.0,2024-08-23T22:00:00Z,3,3,3,0,3,3,0,0,0,3,830.5399780273438,,,,,,,,19.000000000000004,-2.5713623538458514,,PS_015,,,2.0203168963066656
25.394280030845547,0.0,2024-08-23T22:15:00Z,4,4,4,0,4,4,0,0,0,4,830.5399780273438,,,,,,,,19.0,-2.765367804418714,,PS_015,,,1.833440422254215
24.327302295992737,0.0,2024-08-23T22:30:00Z,4,4,4,0,4,4,0,0,0,4,830.5399780273439,,,,,,,,18.79999923706055,-2.07707316705759,,PS_015,,,2.2153999104979505
24.681925108609548,0.0,2024-08-23T22:45:00Z,3,3,3,0,3,3,0,0,0,3,830.5399780273438,,,,,,,,18.799999237060547,-2.550662863270304,,PS_015,,,2.2898515724230113
24.51187957474646,0.0,2024-08-23T23:00:00Z,4,4,4,0,4,4,0,0,0,4,830.5399780273436,,,,,,,,18.752442574286874,-2.5257426773182714,,PS_015,,,2.423949093413235
24.165615228328356,0.0,2024-08-23T23:15:00Z,4,4,4,0,4,4,0,0,0,4,830.5399780273439,,,,,,,,18.799999237060547,-2.0796343626859697,,PS_015,,,2.65491811813793
24.556671698495563,0.0,2024-08-23T23:30:00Z,3,3,3,0,3,3,0,0,0,3,830.5399780273436,,,,,,,,18.799999237060543,-2.4117300421002112,,PS_015,,,2.135551854249799
24.825440286489243,0.0,2024-08-23T23:45:00Z,4,4,4,0,4,4,0,0,0,4,830.5399780273438,,,,,,,,19.206060928042813,-2.6881669270225257,,PS_015,,,2.6681761443553063
24.82011184942239,0.0,2024-08-24T00:00:00Z,4,4,4,0,4,4,0,0,0,4,830.5399780273436,,,,,,,,19.889669341282104,-2.492289406929504,,PS_015,,,2.3166670397374163
24.63487848092526,0.0,2024-08-24T00:15:00Z,3,3,3,0,3,3,0,0,0,3,830.5399780273438,,,,,,,,19.546483974568915,-2.4208211048041117,,PS_015,,,2.585345848538401
24.425908576387844,0.0,2024-08-24T00:30:00Z,4,4,4,0,4,4,0,0,0,4,830.5399780273439,,,,,,,,19.228706357767997,-2.530667307440758,,PS_015,,,2.3166586375728304
23.836727319250997,0.0,2024-08-24T00:45:00Z,4,4,4,0,4,4,0,0,0,4,830.5399780273438,,,,,,,,18.73478703244904,-1.8469837546407493,,PS_015,,,2.638999214898928
24.546944889704058,0.0,2024-08-24T01:00:00Z,3,3,3,0,3,3,0,0,0,3,830.5399780273438,,,,,,,,19.53990927557396,-3.3648225641395437,,PS_015,,,3.3289052865914455
24.617902314943045,0.0,2024-08-24T01:15:00Z,4,4,4,0,4,4,0,0,0,4,830.5399780273439,,,,,,,,20.4883241913133,-2.505270309483485,,PS_015,,,4.398022888126738
24.60106494018538,0.0,2024-08-24T01:30:00Z,4,4,4,0,4,4,0,0,0,4,830.5399780273438,,,,,,,,20.629919175373352,-2.8450083952556415,,PS_015,,,3.5024907670439083
24.317848125187997,0.0,2024-08-24T01:45:00Z,4,4,4,0,4,4,0,0,0,4,830.5399780273438,,,,,,,,20.031179855455353,-1.9747591062457974,,PS_015,,,2.3362774552960848
24.069689233667322,0.0,2024-08-24T02:00:00Z,3,3,3,0,3,3,0,0,0,3,830.5399780273438,,,,,,,,19.600000381469727,-2.3134287933440176,,PS_015,,,2.834246665470733
23.64455097847323,0.0,2024-08-24T02:15:00Z,4,4,4,0,4,4,0,0,0,4,830.5399780273439,,,,,,,,18.82568471872725,-2.152802529067034,,PS_015,,,2.399955986297388
23.764997597250616,0.0,2024-08-24T02:30:00Z,4,4,4,0,4,4,0,0,0,4,830.5399780273438,,,,,,,,18.302535532081215,-2.779661554092763,,PS_015,,,2.2328990392267145
23.668311462309997,0.0,2024-08-24T02:45:00Z,3,3,3,0,3,3,0,0,0,3,830.5399780273438,,,,,,,,18.606258626303752,-2.297772265240473,,PS_015,,,2.5191011478747565
23.653417227798247,0.0,2024-08-24T03:00:00Z,4,4,4,0,4,4,0,0,0,4,830.5399780273436,,,,,,,,18.454329505863445,-2.569115914574585,,PS_015,,,1.8972645128567667
22.920047228614322,0.0,2024-08-24T03:15:00Z,4,4,4,0,4,4,0,0,0,4,830.5399780273438,,,,,,,,18.197824604364854,-2.016726698592908,,PS_015,,,2.673544473917635
23.498759779334343,0.0,2024-08-24T03:30:00Z,3,3,3,0,3,3,0,0,0,3,830.5399780273435,,,,,,,,18.5,-2.66031455493805,,PS_015,,,2.6518041919655126
23.028083264028744,0.0,2024-08-24T03:45:00Z,4,4,4,0,4,4,0,0,0,4,830.5399780273438,,,,,,,,18.232854585902523,-1.9761065269891216,,PS_015,,,2.502419109478602
23.07860636134576,0.0,2024-08-24T04:00:00Z,4,4,4,0,4,4,0,0,0,4,830.5399780273439,,,,,,,,18.125982696032274,-2.3702910296976527,,PS_015,,,2.737460708244381
23.183855862247928,0.0,2024-08-24T04:15:00Z,3,3,3,0,3,3,0,0,0,3,830.5399780273439,,,,,,,,18.41059839410288,-2.516795032525393,,PS_015,,,2.662807319620237
22.6869734146969,0.0,2024-08-24T04:30:00Z,4,4,4,0,4,4,0,0,0,4,830.5399780273438,,,,,,,,17.81594937776559,-2.4758997106295637,,PS_015,,,2.1761266264024375
22.69770837851425,0.0,2024-08-24T04:45:00Z,4,4,4,0,4,4,0,0,0,4,830.5399780273438,,,,,,,,17.700000762939453,-2.272548084221723,,PS_015,,,1.7371088534944528
22.424533168130527,0.0,2024-08-24T05:00:00Z,3,3,3,0,3,3,0,0,0,3,830.5399780273438,,,,,,,,17.105820745113174,-1.95398571435109,,PS_015,,,0.9965887730081523
21.73956772811754,0.0,2024-08-24T05:15:00Z,4,4,4,0,4,4,0,0,0,4,830.5399780273439,,,,,,,,16.32644894615947,-2.1007026419237635,,PS_015,,,1.6715914096352962
21.623909621968302,0.0,2024-08-24T05:30:00Z,4,4,4,0,4,4,0,0,0,4,830.5399780273438,,,,,,,,15.918475033899648,-2.1567478245178133,,PS_015,,,2.336176712983643
22.232745028620315,0.0,2024-08-24T05:45:00Z,3,3,3,0,3,3,0,0,0,3,830.5399780273438,,,,,,,,16.84891486632607,-2.4074606410603714,,PS_015,,,2.137291082186407
22.10220423381914,0.0,2024-08-24T06:00:00Z,4,4,4,0,4,4,0,0,0,4,830.5399780273438,,,,,,,,17.057947834121716,-2.2420254014467074,,PS_015,,,2.3050891945200105
21.962198748088902,0.0,2024-08-24T06:15:00Z,4,4,4,0,4,4,0,0,0,4,830.5399780273438,,,,,,,,16.95436820693398,-1.9266090706554244,,PS_015,,,1.4552237030932396
20.037506219833016,0.0,2024-08-24T06:30:00Z,4,4,4,0,4,4,0,0,0,4,830.5399780273438,,,,,,,,15.814171976205504,-1.957003018531365,,PS_015,,,0.8889000552231868
20.865563173540973,0.0,2024-08-24T06:45:00Z,3,3,3,0,3,3,0,0,0,3,830.5399780273438,,,,,,,,15.27855410125166,-2.0361327213117226,,PS_015,,,1.2056215238661991
20.522077659175388,0.0,2024-08-24T07:00:00Z,4,4,4,0,4,4,0,0,0,4,830.5399780273438,,,,,,,,15.094496916948343,-2.089106095273074,,PS_015,,,1.293289050549117
20.972121930819625,0.0,2024-08-24T07:15:00Z,4,4,4,0,4,4,0,0,0,4,830.5399780273439,,,,,,,,15.310199114129297,-2.511979432764069,,PS_015,,,1.7555841710346876
20.175724272630248,0.0,2024-08-24T07:30:00Z,3,3,3,0,3,3,0,0,0,3,830.539978027344,,,,,,,,15.548386486679021,-2.073007190056916,,PS_015,,,2.0212152925326285
19.995535639511253,0.0,2024-08-24T07:45:00Z,4,4,4,0,4,4,0,0,0,4,830.5399780273436,,,,,,,,15.401283114865874,-2.8270602652967045,,PS_015,,,2.9786140054673513
19.653369771442627,0.0,2024-08-24T08:00:00Z,4,4,4,0,4,4,0,0,0,4,830.5399780273435,,,,,,,,15.254087310827874,-2.2504593054893873,,PS_015,,,2.40737634707711
20.785493044240983,0.0,2024-08-24T08:15:00Z,3,3,3,0,3,3,0,0,0,3,830.5399780273438,,,,,,,,16.35883262920663,-2.2237223374829878,,PS_015,,,2.6722133354270783
20.983983876576207,0.0,2024-08-24T08:30:00Z,4,4,4,0,4,4,0,0,0,4,830.5399780273438,,,,,,,,16.64046442551114,-2.592646449380305,,PS_015,,,2.7039309866942984
20.80738197401114,0.0,2024-08-24T08:45:00Z,4,4,4,0,4,4,0,0,0,4,830.5399780273438,,,,,,,,16.496248165758537,-2.082105654723746,,PS_015,,,2.4091955382017844
19.905835785236317,0.0,2024-08-24T09:00:00Z,3,3,3,0,3,3,0,0,0,3,830.5399780273438,,,,,,,,15.105216688018043,-1.5219928191481014,,PS_015,,,1.7364593033409237
20.16435156932424,0.0,2024-08-24T09:15:00Z,0,0,0,0,0,0,0,0,0,0,830.5399780273438,,true,true,true,true,true,true,15.71542119156625,5.347856919166012,,PS_015,,,2.8016585509653993
20.422867353412162,0.0,2024-08-24T09:30:00Z,4,4,4,0,4,4,0,0,0,4,830.5399780273436,,,,,,,,16.325625695114457,12.217706657480125,,PS_015,,,3.866857798589874
20.523493685140487,0.0,2024-08-24T09:45:00Z,4,4,4,0,4,4,0,0,0,4,830.5399780273438,,,,,,,,16.782903937208225,45.66100668493537,,PS_015,,,2.6641329753297627
21.4183207927245,0.0,2024-08-24T10:00:00Z,4,4,4,0,4,4,0,0,0,4,830.5399780273438,,,,,,,,18.647390625062762,88.48606064568283,,PS_015,,,2.7650903415387336
22.172152233761135,0.0,2024-08-24T10:15:00Z,3,3,3,0,3,3,0,0,0,3,830.5399780273439,,,,,,,,20.657458727452816,138.96119480425838,,PS_015,,,3.5591631301305098
22.749827478656027,0.0,2024-08-24T10:30:00Z,4,4,4,0,4,4,0,0,0,4,830.5399780273436,,,,,,,,22.662892451394516,194.62540520647028,,PS_015,,,4.222066883558032
23.229211242662807,0.0,2024-08-24T10:45:00Z,4,4,4,0,4,4,0,0,0,4,830.5399780273439,,,,,,,,24.505911267312566,253.44464512056297,,PS_015,,,3.7687458453547076
23.605041123848196,0.0,2024-08-24T11:00:00Z,3,3,3,0,3,3,0,0,0,3,830.5399780273438,,,,,,,,25.87345641014574,307.1561455310475,,PS_015,,,3.5263535919510285
23.929358485780856,0.0,2024-08-24T11:15:00Z,4,4,4,0,4,4,0,0,0,4,830.5399780273439,,,,,,,,27.38775137480481,369.7600143755654,,PS_015,,,5.192399608315824
24.370163861629752,0.0,2024-08-24T11:30:00Z,4,4,4,0,4,4,0,0,0,4,830.5399780273435,,,,,,,,28.64171663495318,431.1052492688672,,PS_015,,,4.887730528655304
24.66930403132634,0.0,2024-08-24T11:45:00Z,3,3,3,0,3,3,0,0,0,3,830.5399780273438,,,,,,,,29.62543373187582,486.82054869281313,,PS_015,,,5.493588365106176
25.211066392062556,0.0,2024-08-24T12:00:00Z,4,4,4,0,4,4,0,0,0,4,830.5399780273438,,,,,,,,31.51271887386478,533.4123507290045,,PS_015,,,6.532719746466724
25.771223191244488,0.0,2024-08-24T12:15:00Z,4,4,4,0,4,4,0,0,0,4,830.5399780273438,,,,,,,,33.21342153833261,586.0774427062403,,PS_015,,,5.5444750029064815
26.04244412486279,0.0,2024-08-24T12:30:00Z,3,3,3,0,3,3,0,0,0,3,830.5399780273439,,,,,,,,34.56809234424698,630.819476930376,,PS_015,,,4.365199387288446
26.65808961525014,0.0,2024-08-24T12:45:00Z,4,4,4,0,4,4,0,0,0,4,830.5399780273438,,,,,,,,35.9788096701795,673.9924402287813,,PS_015,,,5.553635904052923
26.969194253378248,0.0,2024-08-24T13:00:00Z,4,4,4,0,4,4,0,0,0,4,830.5399780273438,,,,,,,,37.29635506103176,707.487543714196,,PS_015,,,4.507278030972482
27.663471313672822,0.0,2024-08-24T13:15:00Z,3,3,3,0,3,3,0,0,0,3,830.5399780273436,,,,,,,,39.175088296700906,734.6326838658291,,PS_015,,,6.20736846567595
28.541822946717605,0.0,2024-08-24T13:30:00Z,4,4,4,0,4,4,0,0,0,4,830.5399780273438,,,,,,,,41.4181357855798,758.6809295248233,,PS_015,,,5.097747340220405
28.71151278141575,0.0,2024-08-24T13:45:00Z,4,4,4,0,4,4,0,0,0,4,830.5399780273438,,,,,,,,39.45141467996661,786.0495221724232,,PS_015,,,7.195435749799922
29.001556613532653,0.0,2024-08-24T14:00:00Z,3,3,3,0,3,3,0,0,0,3,830.5399780273439,,,,,,,,41.09191274965286,818.5149405730211,,PS_015,,,4.958530981674621
29.64454059698223,0.0,2024-08-24T14:15:00Z,4,4,4,0,4,4,0,0,0,4,830.5399780273436,,,,,,,,42.4426844695163,851.3410058377133,,PS_015,,,5.11483150023975
29.73393234481642,0.0,2024-08-24T14:30:00Z,4,4,4,0,4,4,0,0,0,4,830.5399780273436,,,,,,,,45.05249305597403,864.9472916688927,,PS_015,,,4.440490413629275
30.563609370710907,0.0,2024-08-24T14:45:00Z,3,3,3,0,3,3,0,0,0,3,830.5399780273438,,,,,,,,45.58919599890097,868.0746323553655,,PS_015,,,6.83723750583597
30.53086822354806,0.0,2024-08-24T15:00:00Z,4,4,4,0,4,4,0,0,0,4,830.5399780273438,,,,,,,,46.79705173013119,865.2352733506399,,PS_015,,,3.625915379455775
31.169197455210806,0.0,2024-08-24T15:15:00Z,4,4,4,0,4,4,0,0,0,4,830.539978027344,,,,,,,,47.947395408266594,860.6307129193985,,PS_015,,,4.622827694463758
31.788047126555636,0.0,2024-08-24T15:30:00Z,3,3,3,0,3,3,0,0,0,3,830.5399780273438,,,,,,,,47.32702486280244,863.2495292227998,,PS_015,,,5.951139387749158
31.99788151063889,0.0,2024-08-24T15:45:00Z,4,4,4,0,4,4,0,0,0,4,830.5399780273439,,,,,,,,47.741552155971014,856.2148905422176,,PS_015,,,2.7984656261892233
31.945579051299465,0.0,2024-08-24T16:00:00Z,4,4,4,0,4,4,0,0,0,4,830.5399780273438,,,,,,,,48.536288211569094,850.1014501806068,,PS_015,,,3.9591868882632806
32.40611568851632,0.0,2024-08-24T16:15:00Z,4,4,4,0,4,4,0,0,0,4,830.5399780273438,,,,,,,,49.97271147011904,824.6013260019216,,PS_015,,,4.800471793705698
32.171427130769395,0.0,2024-08-24T16:30:00Z,3,3,3,0,3,3,0,0,0,3,830.5399780273439,,,,,,,,50.126277007826104,796.5253356968092,,PS_015,,,5.063146504488617
32.12517939291363,0.0,2024-08-24T16:45:00Z,4,4,4,0,4,4,0,0,0,4,830.5399780273439,,,,,,,,49.12567077275365,760.7435063208063,,PS_015,,,3.3333523298839545
32.46277065588832,0.0,2024-08-24T17:00:00Z,4,4,4,0,4,4,0,0,0,4,830.5399780273438,,,,,,,,49.096801666271645,726.5949016783428,,PS_015,,,4.024765540789955
32.25690937602356,0.0,2024-08-24T17:15:00Z,3,3,3,0,3,3,0,0,0,3,830.5399780273439,,,,,,,,45.07926473543218,689.9004967105625,,PS_015,,,4.3715595590052185
32.040744620211946,0.0,2024-08-24T17:30:00Z,4,4,4,0,4,4,0,0,0,4,830.5399780273438,,,,,,,,43.90367300382069,653.086664350191,,PS_015,,,3.291556596786772
32.4621476461208,0.0,2024-08-24T17:45:00Z,4,4,4,0,4,4,0,0,0,4,830.5399780273439,,,,,,,,46.01504319441736,617.9380670110328,,PS_015,,,3.4677891924870794
32.38424524366282,0.0,2024-08-24T18:00:00Z,3,3,3,0,3,3,0,0,0,3,830.5399780273438,,,,,,,,44.96987750825791,578.9704368117541,,PS_015,,,3.6351566067167407
32.66066804477847,0.0,2024-08-24T18:15:00Z,4,4,4,0,4,4,0,0,0,4,830.5399780273439,,,,,,,,42.46916963416122,531.2393636097638,,PS_015,,,2.8630356857796313
32.20832316337723,0.0,2024-08-24T18:30:00Z,4,4,4,0,4,4,0,0,0,4,830.5399780273436,,,,,,,,40.93028681008807,470.63720594550904,,PS_015,,,3.5414678251970457
32.201372449467726,0.0,2024-08-24T18:45:00Z,3,3,3,0,3,3,0,0,0,3,830.5399780273438,,,,,,,,41.76663332106211,417.89555997805974,,PS_015,,,2.380365734288133
32.19313175985669,0.0,2024-08-24T19:00:00Z,4,4,4,0,4,4,0,0,0,4,830.5399780273438,,,,,,,,40.418142428512944,366.7016834173275,,PS_015,,,3.310843745640569
32.050283539080596,0.0,2024-08-24T19:15:00Z,4,4,4,0,4,4,0,0,0,4,830.5399780273436,,,,,,,,40.074509446317634,305.8980150053228,,PS_015,,,2.265054635008382
31.813838017595266,0.0,2024-08-24T19:30:00Z,3,3,3,0,3,3,0,0,0,3,830.5399780273436,,,,,,,,36.67415917423906,250.44408534982668,,PS_015,,,2.0865315066878867
31.612571092393416,0.0,2024-08-24T19:45:00Z,4,4,4,0,4,4,0,0,0,4,830.5399780273438,,,,,,,,35.399213439406786,189.2808266955496,,PS_015,,,2.052932691706343
30.922268057939288,0.0,2024-08-24T20:00:00Z,4,4,4,0,4,4,0,0,0,4,830.5399780273439,,,,,,,,32.37174029687407,135.93746967415274,,PS_015,,,2.8562389911523898
30.6147923227454,0.0,2024-08-24T20:15:00Z,4,4,4,0,4,4,0,0,0,4,830.5399780273438,,,,,,,,30.343130902380718,83.97426508298582,,PS_015,,,1.106490660997068
29.968088513373356,0.0,2024-08-24T20:30:00Z,3,3,3,0,3,3,0,0,0,3,830.5399780273439,,,,,,,,28.22034927403349,41.08401519311615,,PS_015,,,1.097626158357246
28.81166901651478,0.0,2024-08-24T20:45:00Z,4,4,4,0,4,4,0,0,0,4,830.5399780273438,,,,,,,,24.856610175903203,10.222378135987563,,PS_015,,,0.35268922357659904
28.03751030429104,0.0,2024-08-24T21:00:00Z,4,4,4,0,4,4,0,0,0,4,830.5399780273438,,,,,,,,22.61342404461684,0.44489362987776465,,PS_015,,,0.8847927635497239
27.124685286057378,0.0,2024-08-24T21:15:00Z,3,3,3,0,3,3,0,0,0,3,830.5399780273439,,,,,,,,21.399999618530273,-2.210419745040432,,PS_015,,,2.283967980583496
26.750685274407445,0.0,2024-08-24T21:30:00Z,4,4,4,0,4,4,0,0,0,4,830.5399780273438,,,,,,,,21.1528923106768,-2.4574699804712266,,PS_015,,,2.122469006310078
26.65799712798114,0.0,2024-08-24T21:45:00Z,4,4,4,0,4,4,0,0,0,4,830.5399780273438,,,,,,,,21.11430831458368,-2.585916881856826,,PS_015,,,2.2671516706374293
26.53129878004207,0.0,2024-08-24T22:00:00Z,3,3,3,0,3,3,0,0,0,3,830.5399780273438,,,,,,,,20.945835444702894,-2.1145199601078337,,PS_015,,,2.1014253233743494
26.306988712145706,0.0,2024-08-24T22:15:00Z,4,4,4,0,4,4,0,0,0,4,830.5399780273438,,,,,,,,20.899999618530277,-2.2298256697939594,,PS_015,,,1.9227801595100482
26.03652339733762,0.0,2024-08-24T22:30:00Z,4,4,4,0,4,4,0,0,0,4,830.5399780273438,,,,,,,,20.57323605061383,-2.3143788235890113,,PS_015,,,1.9594063809001605
26.059940411713903,0.0,2024-08-24T22:45:00Z,3,3,3,0,3,3,0,0,0,3,830.5399780273438,,,,,,,,20.618071134189503,-2.8648290181087392,,PS_015,,,2.1012937514722334
26.481338130003962,0.0,2024-08-24T23:00:00Z,4,4,4,0,4,4,0,0,0,4,830.5399780273438,,,,,,,,20.78781078339251,-2.7479269534426787,,PS_015,,,2.62660212343307
26.37472349135662,0.0,2024-08-24T23:15:00Z,4,4,4,0,4,4,0,0,0,4,830.5399780273438,,,,,,,,20.76488146211061,-2.504251768960555,,PS_015,,,2.5954736679498396
25.997957930130116,0.0,2024-08-24T23:30:00Z,3,3,3,0,3,3,0,0,0,3,830.5399780273436,,,,,,,,20.755881039180434,-2.3485466066363077,,PS_015,,,2.429922696494981
25.7698536641004,0.0,2024-08-24T23:45:00Z,4,4,4,0,4,4,0,0,0,4,830.5399780273439,,,,,,,,20.434517799331005,-2.56911502300954,,PS_015,,,2.196453170326338
25.40438458467832,0.0,2024-08-25T00:00:00Z,4,4,4,0,4,4,0,0,0,4,830.5399780273438,,,,,,,,19.74957044703357,-1.8631586356615504,,PS_015,,,1.5321016623312345
25.7631262698448,0.0,2024-08-25T00:15:00Z,3,3,3,0,3,3,0,0,0,3,830.5399780273438,,,,,,,,19.600000381469727,-2.2969454017563287,,PS_015,,,1.2901110216779232
25.49967903276557,0.0,2024-08-25T00:30:00Z,4,4,4,0,4,4,0,0,0,4,830.5399780273438,,,,,,,,19.660097922031085,-2.4259871729049918,,PS_015,,,2.154519717628523
24.74903166512227,0.0,2024-08-25T00:45:00Z,4,4,4,0,4,4,0,0,0,4,830.5399780273438,,,,,,,,19.420021676399582,-2.006907062190147,,PS_015,,,1.8953823577893196
25.58897490917621,0.0,2024-08-25T01:00:00Z,4,4,4,0,4,4,0,0,0,4,830.5399780273436,,,,,,,,20.30889233873765,-2.496307622627105,,PS_015,,,2.270077588974096
26.350003034831893,0.0,2024-08-25T01:15:00Z,3,3,3,0,3,3,0,0,0,3,830.5399780273438,,,,,,,,21.140184771485103,-2.8669264187576586,,PS_015,,,2.816682553334454
25.96734306666056,0.0,2024-08-25T01:30:00Z,4,4,4,0,4,4,0,0,0,4,830.5399780273438,,,,,,,,21.36259665859683,-2.0418317676124835,,PS_015,,,2.9412098274331444
25.261872063212643,0.0,2024-08-25T01:45:00Z,4,4,4,0,4,4,0,0,0,4,830.5399780273439,,,,,,,,21.101695259440117,-1.7803833741836244,,PS_015,,,2.557580012060973
24.4608454101652,0.0,2024-08-25T02:00:00Z,3,3,3,0,3,3,0,0,0,3,830.5399780273436,,,,,,,,20.150882108471745,-2.0273315919317345,,PS_015,,,2.7982995948606724
24.601384034033234,0.0,2024-08-25T02:15:00Z,4,4,4,0,4,4,0,0,0,4,830.5399780273438,,,,,,,,20.23480036736796,-2.5149867548063143,,PS_015,,,3.1936932846292145
23.413579563619084,0.0,2024-08-25T02:30:00Z,4,4,4,0,4,4,0,0,0,4,830.5399780273438,,,,,,,,20.067688493143564,-0.6436302041495011,,PS_015,,,3.3726358015323004
22.027543243267953,0.0,2024-08-25T02:45:00Z,3,3,3,0,3,3,0,0,0,3,830.5399780273436,,,,,,,,20.35739587097383,-1.3446645310307834,,PS_015,,,5.297703667046127
21.264943952252256,0.0,2024-08-25T03:00:00Z,4,4,4,0,4,4,0,0,0,4,830.5399780273436,,,,,,,,19.88760061761951,-0.9270537205811915,,PS_015,,,3.764050825668996
20.813987193801037,0.0,2024-08-25T03:15:00Z,4,4,4,0,4,4,0,0,0,4,830.5399780273438,,,,,,,,19.299999237060547,-1.2576564560760277,,PS_015,,,3.5741193514365794
20.556736926938235,0.0,2024-08-25T03:30:00Z,3,3,3,0,3,3,0,0,0,3,830.5399780273436,,,,,,,,19.249707232299478,-1.068647274187587,,PS_015,,,3.237975950672709
20.287989253092217,0.0,2024-08-25T03:45:00Z,4,4,4,0,4,4,0,0,0,4,830.5399780273438,,,,,,,,18.90544115132208,-1.0590790916895043,,PS_015,,,3.7957457770799605
20.09104738992186,0.0,2024-08-25T04:00:00Z,4,4,4,0,4,4,0,0,0,4,830.5399780273438,,,,,,,,18.93725836872022,-1.1008264721991792,,PS_015,,,3.9014569222708557
19.826117851555225,0.0,2024-08-25T04:15:00Z,3,3,3,0,3,3,0,0,0,3,830.5399780273439,,,,,,,,18.799999237060547,-0.8813837120879575,,PS_015,,,3.5990417176539684
19.420763186971268,0.0,2024-08-25T04:30:00Z,4,4,4,0,4,4,0,0,0,4,830.5399780273439,,,,,,,,18.234845215334623,-0.9595059909217561,,PS_015,,,4.191609198966151
19.11034786716618,0.0,2024-08-25T04:45:00Z,4,4,4,0,4,4,0,0,0,4,830.5399780273439,,,,,,,,17.853678019822592,-0.9542764033565405,,PS_015,,,3.379745814280397
18.83812705890161,0.0,2024-08-25T05:00:00Z,4,4,4,0,4,4,0,0,0,4,830.5399780273438,,,,,,,,17.460726616697706,-1.1587743534932735,,PS_015,,,3.856388273315904
18.59509234659713,0.0,2024-08-25T05:15:00Z,3,3,3,0,3,3,0,0,0,3,830.5399780273438,,,,,,,,17.23453688399837,-1.1035300262510752,,PS_015,,,2.596396400515636
18.348563606053673,0.0,2024-08-25T05:30:00Z,4,4,4,0,4,4,0,0,0,4,830.5399780273438,,,,,,,,16.88368631591607,-1.1027618661991496,,PS_015,,,2.1392144341828745
18.307893512107693,0.0,2024-08-25T05:45:00Z,4,4,4,0,4,4,0,0,0,4,830.5399780273439,,,,,,,,16.701925477304513,-1.478553741795841,,PS_015,,,3.2998789396351853
18.284156529804353,0.0,2024-08-25T06:00:00Z,3,3,3,0,3,3,0,0,0,3,830.5399780273438,,,,,,,,16.79255194699174,-1.3291740363132436,,PS_015,,,2.7930046578380803
18.25644587815029,0.0,2024-08-25T06:15:00Z,4,4,4,0,4,4,0,0,0,4,830.5399780273438,,,,,,,,16.899999618530277,-1.4688811843071392,,PS_015,,,3.68063047956182
18.22628809591826,0.0,2024-08-25T06:30:00Z,4,4,4,0,4,4,0,0,0,4,830.5399780273439,,,,,,,,16.75972232639277,-1.3994872544353492,,PS_015,,,3.357271991262749
18.110898865254644,0.0,2024-08-25T06:45:00Z,3,3,3,0,3,3,0,0,0,3,830.5399780273438,,,,,,,,16.85430713629737,-1.1726839585922508,,PS_015,,,3.802742282708855
17.803759364746792,0.0,2024-08-25T07:00:00Z,4,4,4,0,4,4,0,0,0,4,830.5399780273439,,,,,,,,16.22405247875159,-1.17748679704292,,PS_015,,,3.8816628354953
17.446218854514868,0.0,2024-08-25T07:15:00Z,4,4,4,0,4,4,0,0,0,4,830.5399780273439,,,,,,,,15.644868990514832,-1.2986387382432087,,PS_015,,,2.010283514711159
17.27976577070834,0.0,2024-08-25T07:30:00Z,3,3,3,0,3,3,0,0,0,3,830.5399780273439,,,,,,,,15.300000190734863,-1.4954778739748413,,PS_015,,,2.173357904683625
17.102229680203294,0.0,2024-08-25T07:45:00Z,4,4,4,0,4,4,0,0,0,4,830.5399780273439,,,,,,,,15.068076851497633,-1.4034446893903947,,PS_015,,,1.2057581529410932
16.89827876876515,0.0,2024-08-25T08:00:00Z,4,4,4,0,4,4,0,0,0,4,830.5399780273439,,,,,,,,14.699999809265138,-1.4496779613029191,,PS_015,,,2.005201850079919
16.828395101941776,0.0,2024-08-25T08:15:00Z,3,3,3,0,3,3,0,0,0,3,830.5399780273438,,,,,,,,14.5,-1.3502260631225393,,PS_015,,,1.2305288097494362
16.436273183462557,0.0,2024-08-25T08:30:00Z,4,4,4,0,4,4,0,0,0,4,830.5399780273436,,,,,,,,13.887810359089158,-1.5069098259342792,,PS_015,,,1.4397487454783422
16.5234960966043,0.0,2024-08-25T08:45:00Z,4,4,4,0,4,4,0,0,0,4,830.5399780273438,,,,,,,,13.569190731117216,-1.858385216163096,,PS_015,,,2.002934946173811
17.06440048347184,0.0,2024-08-25T09:00:00Z,3,3,3,0,3,3,0,0,0,3,830.5399780273439,,,,,,,,13.983710778205568,-1.9645116356222085,,PS_015,,,1.7488433376958623
16.649999618530273,0.0,2024-08-25T09:15:00Z,1,1,1,0,1,1,0,0,0,1,830.5399780273438,,,,,,,,12.800000190734862,3.130000114440918,,PS_015,,,1.0520000457763672
16.87461817033283,0.0,2024-08-25T09:30:00Z,3,3,3,0,3,3,0,0,0,3,830.5399780273438,,,,,,,,12.860566534604287,10.049381800824515,,PS_015,,,0.5073327250571379
16.80846311447055,0.0,2024-08-25T09:45:00Z,4,4,4,0,4,4,0,0,0,4,830.5399780273438,,,,,,,,13.154256860066555,28.166570846356414,,PS_015,,,1.455593925698158
17.715840708873106,0.0,2024-08-25T10:00:00Z,4,4,4,0,4,4,0,0,0,4,830.5399780273438,,,,,,,,14.897840420067745,55.27865458119645,,PS_015,,,2.0631783962062618
18.765223803075926,0.0,2024-08-25T10:15:00Z,3,3,3,0,3,3,0,0,0,3,830.5399780273436,,,,,,,,17.174915955464687,90.14140027122507,,PS_015,,,2.762912888369496
19.35249211654979,0.0,2024-08-25T10:30:00Z,4,4,4,0,4,4,0,0,0,4,830.5399780273436,,,,,,,,18.791606749366466,130.0328390889816,,PS_015,,,1.8274817413464646
19.969439352389866,0.0,2024-08-25T10:45:00Z,4,4,4,0,4,4,0,0,0,4,830.5399780273436,,,,,,,,20.50831901487783,177.84043665572352,,PS_015,,,2.573024367884329
20.408554599135698,0.0,2024-08-25T11:00:00Z,3,3,3,0,3,3,0,0,0,3,830.5399780273438,,,,,,,,22.213969227299213,233.38049938604306,,PS_015,,,4.059402488446195
20.59103890496619,0.0,2024-08-25T11:15:00Z,4,4,4,0,4,4,0,0,0,4,830.5399780273439,,,,,,,,23.56418123121417,284.71228527478354,,PS_015,,,2.707489967242675
20.96907596692546,0.0,2024-08-25T11:30:00Z,4,4,4,0,4,4,0,0,0,4,830.5399780273438,,,,,,,,25.063024212471813,340.4860841900651,,PS_015,,,2.4205071942404452
21.50087159497079,0.0,2024-08-25T11:45:00Z,3,3,3,0,3,3,0,0,0,3,830.5399780273436,,,,,,,,26.734308843523976,386.6301559916136,,PS_015,,,3.1417014525092024
22.178099413952012,0.0,2024-08-25T12:00:00Z,4,4,4,0,4,4,0,0,0,4,830.5399780273438,,,,,,,,28.70906025988091,439.44485094009775,,PS_015,,,3.0437295194189926
23.00963003533976,0.0,2024-08-25T12:15:00Z,4,4,4,0,4,4,0,0,0,4,830.5399780273438,,,,,,,,29.83010228947714,486.0974807137196,,PS_015,,,3.9538649725031827
23.369474832542984,0.0,2024-08-25T12:30:00Z,3,3,3,0,3,3,0,0,0,3,830.5399780273438,,,,,,,,30.591454357177,532.9372912780872,,PS_015,,,3.1074834550391914
24.26015546025772,0.0,2024-08-25T12:45:00Z,4,4,4,0,4,4,0,0,0,4,830.5399780273438,,,,,,,,32.24569128774379,589.7596462611028,,PS_015,,,4.2853586226647735
24.721128755588172,0.0,2024-08-25T13:00:00Z,4,4,4,0,4,4,0,0,0,4,830.5399780273438,,,,,,,,35.27003930394807,644.7758926210421,,PS_015,,,3.9397247925372985
25.413750304517986,0.0,2024-08-25T13:15:00Z,4,4,4,0,4,4,0,0,0,4,830.5399780273438,,,,,,,,36.42912856953125,667.1361015318636,,PS_015,,,3.462743865756022
25.44908871714917,0.0,2024-08-25T13:30:00Z,3,3,3,0,3,3,0,0,0,3,830.5399780273438,,,,,,,,36.18728474239881,718.2726988898636,,PS_015,,,2.9449981014335482
26.207249282317417,0.0,2024-08-25T13:45:00Z,4,4,4,0,4,4,0,0,0,4,830.5399780273438,,,,,,,,37.67929658432377,740.4511767504321,,PS_015,,,4.169189374560924
26.750970422631596,0.0,2024-08-25T14:00:00Z,4,4,4,0,4,4,0,0,0,4,830.5399780273438,,,,,,,,40.27600477738879,768.5190654155825,,PS_015,,,3.0278669099311424
27.48177858057944,0.0,2024-08-25T14:15:00Z,3,3,3,0,3,3,0,0,0,3,830.5399780273438,,,,,,,,42.457170270224886,804.3326440389337,,PS_015,,,3.3498331324553106
27.62132562861982,0.0,2024-08-25T14:30:00Z,4,4,4,0,4,4,0,0,0,4,830.5399780273439,,,,,,,,43.46786430055352,804.2058316807571,,PS_015,,,3.6403907744296524
27.966903022470355,0.0,2024-08-25T14:45:00Z,4,4,4,0,4,4,0,0,0,4,830.5399780273436,,,,,,,,44.27321380909611,825.7587859277807,,PS_015,,,3.178211958156209
28.379714317760588,0.0,2024-08-25T15:00:00Z,3,3,3,0,3,3,0,0,0,3,830.5399780273438,,,,,,,,45.138512357329006,810.3262464336747,,PS_015,,,3.4908631178218084
28.769230986230763,0.0,2024-08-25T15:15:00Z,4,4,4,0,4,4,0,0,0,4,830.5399780273438,,,,,,,,47.94665934328221,813.1735983311266,,PS_015,,,1.449528035195014
29.109516739179604,0.0,2024-08-25T15:30:00Z,4,4,4,0,4,4,0,0,0,4,830.5399780273436,,,,,,,,46.32373345426126,816.8668345623379,,PS_015,,,3.778388857913413
29.514981369116295,0.0,2024-08-25T15:45:00Z,3,3,3,0,3,3,0,0,0,3,830.5399780273439,,,,,,,,49.68130476002731,813.9906819830139,,PS_015,,,2.5481269904521446
29.06502054313797,0.0,2024-08-25T16:00:00Z,4,4,4,0,4,4,0,0,0,4,830.5399780273438,,,,,,,,49.749600785501435,795.3087250427858,,PS_015,,,3.078695136265497
29.760127747623326,0.0,2024-08-25T16:15:00Z,4,4,4,0,4,4,0,0,0,4,830.5399780273436,,,,,,,,49.52763424714795,780.2307576878159,,PS_015,,,2.3306985415172377
29.33513898925007,0.0,2024-08-25T16:30:00Z,3,3,3,0,3,3,0,0,0,3,830.5399780273438,,,,,,,,51.130752745958794,751.8206487963249,,PS_015,,,3.137238366669898
30.203032725601474,0.0,2024-08-25T16:45:00Z,4,4,4,0,4,4,0,0,0,4,830.5399780273438,,,,,,,,45.678580414387405,713.7568494799959,,PS_015,,,2.4769014441285333
30.291247676204183,0.0,2024-08-25T17:00:00Z,4,4,4,0,4,4,0,0,0,4,830.5399780273438,,,,,,,,46.4735949048646,674.127712288944,,PS_015,,,1.7995585222942374
30.57064451697337,0.0,2024-08-25T17:15:00Z,3,3,3,0,3,3,0,0,0,3,830.5399780273439,,,,,,,,49.073796939629766,649.5878754157255,,PS_015,,,1.8946784493692488
30.324527522988298,0.0,2024-08-25T17:30:00Z,4,4,4,0,4,4,0,0,0,4,830.5399780273438,,,,,,,,46.45965855580284,621.8705673515913,,PS_015,,,3.278681960276691
30.446496591110392,0.0,2024-08-25T17:45:00Z,4,4,4,0,4,4,0,0,0,4,830.5399780273436,,,,,,,,47.669596951175,591.1020289157893,,PS_015,,,0.7194405083887702
30.18793193927953,0.0,2024-08-25T18:00:00Z,4,4,4,0,4,4,0,0,0,4,830.5399780273438,,,,,,,,40.78388512635651,551.4043269761735,,PS_015,,,2.6856016719205895
30.592896222333305,0.0,2024-08-25T18:15:00Z,3,3,3,0,3,3,0,0,0,3,830.5399780273438,,,,,,,,41.914299080848316,480.8088721800146,,PS_015,,,2.966632789302614
30.388760420702567,0.0,2024-08-25T18:30:00Z,4,4,4,0,4,4,0,0,0,4,830.5399780273439,,,,,,,,39.14913058291602,442.02311565670766,,PS_015,,,2.924297640076993
30.284518936316754,0.0,2024-08-25T18:45:00Z,4,4,4,0,4,4,0,0,0,4,830.5399780273438,,,,,,,,40.2727266324621,385.5253457329104,,PS_015,,,0.9902663898345637
29.99338734129796,0.0,2024-08-25T19:00:00Z,3,3,3,0,3,3,0,0,0,3,830.5399780273436,,,,,,,,37.523685671712244,322.3343408076459,,PS_015,,,2.7095522900713354
29.87348170717059,0.0,2024-08-25T19:15:00Z,4,4,4,0,4,4,0,0,0,4,830.5399780273438,,,,,,,,35.063321625234195,264.91727165051344,,PS_015,,,3.3573795263703854
29.522093459060414,0.0,2024-08-25T19:30:00Z,4,4,4,0,4,4,0,0,0,4,830.5399780273438,,,,,,,,33.419463341412126,204.87216774800984,,PS_015,,,2.470999355227666
29.160002797893437,0.0,2024-08-25T19:45:00Z,3,3,3,0,3,3,0,0,0,3,830.5399780273438,,,,,,,,30.944945023659912,150.58965843620956,,PS_015,,,2.6457012709462537
28.850747290611444,0.0,2024-08-25T20:00:00Z,4,4,4,0,4,4,0,0,0,4,830.5399780273436,,,,,,,,29.484141770389577,103.71194360753509,,PS_015,,,2.6286805382437204
28.300120104240218,0.0,2024-08-25T20:15:00Z,4,4,4,0,4,4,0,0,0,4,830.5399780273438,,,,,,,,27.74440835060082,66.02142439695974,,PS_015,,,2.5522128494633627
27.529103024505833,0.0,2024-08-25T20:30:00Z,3,3,3,0,3,3,0,0,0,3,830.5399780273439,,,,,,,,25.960746335326668,36.18482197172121,,PS_015,,,1.5209667911848284
26.584681126696534,0.0,2024-08-25T20:45:00Z,4,4,4,0,4,4,0,0,0,4,830.5399780273438,,,,,,,,23.923631427113772,12.570359155249529,,PS_015,,,1.5695221819288698
25.96918264736678,0.0,2024-08-25T21:00:00Z,4,4,4,0,4,4,0,0,0,4,830.5399780273436,,,,,,,,22.565381431865887,0.6430188500780329,,PS_015,,,2.0730648653097905
25.664622128991756,0.0,2024-08-25T21:15:00Z,3,3,3,0,3,3,0,0,0,3,830.5399780273438,,,,,,,,22.242455624374003,-1.672233558468364,,PS_015,,,1.80790255291134
25.550187618377873,0.0,2024-08-25T21:30:00Z,4,4,4,0,4,4,0,0,0,4,830.5399780273438,,,,,,,,21.70000076293945,-2.2911399750529697,,PS_015,,,1.8752980066047304
25.34587587184204,0.0,2024-08-25T21:45:00Z,4,4,4,0,4,4,0,0,0,4,830.5399780273436,,,,,,,,21.3555246275419,-2.078488017311978,,PS_015,,,1.576592393531166
25.245023893233867,0.0,2024-08-25T22:00:00Z,3,3,3,0,3,3,0,0,0,3,830.5399780273436,,,,,,,,21.31056519601466,-1.9550457078205785,,PS_015,,,3.5740862652209833
21.832588762157073,0.0,2024-08-25T22:15:00Z,4,4,4,0,4,4,0,0,0,4,830.5399780273439,,,,,,,,20.854065875168697,0.8818399440246911,,PS_015,,,6.1234261203349405
20.958089178481895,0.0,2024-08-25T22:30:00Z,4,4,4,0,4,4,0,0,0,4,830.5399780273438,,,,,,,,19.814273666462753,-0.5835316283903048,,PS_015,,,6.502683024038716
20.33322889194662,0.0,2024-08-25T22:45:00Z,4,4,4,0,4,4,0,0,0,4,830.5399780273438,,,,,,,,19.04738508095804,-0.8646577419004182,,PS_015,,,5.077832390735251
19.64354730030526,0.0,2024-08-25T23:00:00Z,3,3,3,0,3,3,0,0,0,3,830.5399780273436,,,,,,,,18.610625096024563,-0.6594231055290359,,PS_015,,,6.072921302450221
19.043520515701783,0.0,2024-08-25T23:15:00Z,4,4,4,0,4,4,0,0,0,4,830.5399780273436,,,,,,,,17.978618165550458,-0.8470821920824059,,PS_015,,,4.40431947131475
18.594944715866067,0.0,2024-08-25T23:30:00Z,4,4,4,0,4,4,0,0,0,4,830.5399780273439,,,,,,,,17.363966954963438,-1.0990456878729271,,PS_015,,,3.8656045625492745
18.194070048384823,0.0,2024-08-25T23:45:00Z,3,3,3,0,3,3,0,0,0,3,830.5399780273436,,,,,,,,16.899999618530277,-1.169251960913284,,PS_015,,,4.185534733042
17.86666155308877,0.0,2024-08-26T00:00:00Z,4,4,4,0,4,4,0,0,0,4,830.5399780273438,,,,,,,,16.46996489269207,-1.1456839541993624,,PS_015,,,5.025175312086985
17.408074287913642,0.0,2024-08-26T00:15:00Z,4,4,4,0,4,4,0,0,0,4,830.5399780273438,,,,,,,,16.32218805036151,-0.8612037204523317,,PS_015,,,5.193590500186759
16.925783120982544,0.0,2024-08-26T00:30:00Z,3,3,3,0,3,3,0,0,0,3,830.5399780273435,,,,,,,,15.80023115663994,-0.9756647455012637,,PS_015,,,5.1858455023325645
16.590144755405902,0.0,2024-08-26T00:45:00Z,4,4,4,0,4,4,0,0,0,4,830.5399780273436,,,,,,,,15.485013337706246,-1.0492537450082886,,PS_015,,,4.191098226439413
16.259057624597105,0.0,2024-08-26T01:00:00Z,4,4,4,0,4,4,0,0,0,4,830.5399780273439,,,,,,,,15.00663182522829,-1.0841959229316995,,PS_015,,,4.509828483109043
15.960711468364375,0.0,2024-08-26T01:15:00Z,3,3,3,0,3,3,0,0,0,3,830.5399780273438,,,,,,,,14.565300902415096,-1.3295920871233202,,PS_015,,,4.642756749571924
15.71171922066327,0.0,2024-08-26T01:30:00Z,4,4,4,0,4,4,0,0,0,4,830.5399780273438,,,,,,,,14.381135223397756,-1.1537225752745615,,PS_015,,,3.91295765866035
15.531843704727414,0.0,2024-08-26T01:45:00Z,4,4,4,0,4,4,0,0,0,4,830.5399780273438,,,,,,,,14.315848602031869,-1.2539635661114,,PS_015,,,4.103769568175375
15.521345190819044,0.0,2024-08-26T02:00:00Z,3,3,3,0,3,3,0,0,0,3,830.5399780273438,,,,,,,,14.450112771116522,-1.4104260938384217,,PS_015,,,6.0162745805931745
15.403801911086612,0.0,2024-08-26T02:15:00Z,4,4,4,0,4,4,0,0,0,4,830.5399780273438,,,,,,,,14.452539409880156,-1.1365155232612902,,PS_015,,,5.400422836760248
15.17100540003307,0.0,2024-08-26T02:30:00Z,4,4,4,0,4,4,0,0,0,4,830.5399780273436,,,,,,,,13.94533362522884,-1.195195292319754,,PS_015,,,4.534881748529236
14.985750082670931,0.0,2024-08-26T02:45:00Z,4,4,4,0,4,4,0,0,0,4,830.5399780273438,,,,,,,,13.731240025805436,-1.2865161751162535,,PS_015,,,4.803754933785822
14.890451435772407,0.0,2024-08-26T03:00:00Z,3,3,3,0,3,3,0,0,0,3,830.5399780273438,,,,,,,,13.848575600952916,-1.2641332289298888,,PS_015,,,4.396984189932907
14.78176814111227,0.0,2024-08-26T03:15:00Z,4,4,4,0,4,4,0,0,0,4,830.5399780273436,,,,,,,,13.676945644205455,-1.1454162562621653,,PS_015,,,4.5886629368566725
14.630495455276732,0.0,2024-08-26T03:30:00Z,4,4,4,0,4,4,0,0,0,4,830.5399780273438,,,,,,,,13.447681032006516,-1.1523230897423942,,PS_015,,,5.179627569287838
14.448570744186828,0.0,2024-08-26T03:45:00Z,3,3,3,0,3,3,0,0,0,3,830.5399780273438,,,,,,,,13.437646386470233,-1.1919049842146507,,PS_015,,,4.642238682199935
14.350307727619358,0.0,2024-08-26T04:00:00Z,4,4,4,0,4,4,0,0,0,4,830.5399780273438,,,,,,,,13.233781754722827,-1.1629750229434153,,PS_015,,,4.291019140955328
14.214041451878208,0.0,2024-08-26T04:15:00Z,4,4,4,0,4,4,0,0,0,4,830.5399780273438,,,,,,,,13.137349569383426,-1.1839489547926587,,PS_015,,,5.128132249564576
14.10540230576951,0.0,2024-08-26T04:30:00Z,3,3,3,0,3,3,0,0,0,3,830.5399780273438,,,,,,,,12.890093080217575,-1.4304054944039066,,PS_015,,,5.187618997389528
14.05665082000945,0.0,2024-08-26T04:45:00Z,4,4,4,0,4,4,0,0,0,4,830.5399780273438,,,,,,,,13.012461446607395,-1.3246321674511696,,PS_015,,,4.271246811145556
14.015944689152471,0.0,2024-08-26T05:00:00Z,4,4,4,0,4,4,0,0,0,4,830.5399780273438,,,,,,,,12.84770031269495,-1.2060181707459623,,PS_015,,,3.6653700094646444
13.902467608183967,0.0,2024-08-26T05:15:00Z,3,3,3,0,3,3,0,0,0,3,830.5399780273438,,,,,,,,12.770338538758892,-1.1563634906311342,,PS_015,,,5.083552728898537
13.756556798274923,0.0,2024-08-26T05:30:00Z,4,4,4,0,4,4,0,0,0,4,830.5399780273438,,,,,,,,12.800000190734863,-1.2038869724345105,,PS_015,,,5.339130669814323
13.642571425636945,0.0,2024-08-26T05:45:00Z,4,4,4,0,4,4,0,0,0,4,830.5399780273438,,,,,,,,12.511037377446367,-1.2537550830843591,,PS_015,,,3.7163725640201872
13.475623536260242,0.0,2024-08-26T06:00:00Z,3,3,3,0,3,3,0,0,0,3,830.5399780273436,,,,,,,,12.348486143137025,-1.2630628662800605,,PS_015,,,4.211546222712675
13.388724802390753,0.0,2024-08-26T06:15:00Z,4,4,4,0,4,4,0,0,0,4,830.5399780273438,,,,,,,,12.117173104988979,-1.3559235997895849,,PS_015,,,3.776690626179569
13.206070306517063,0.0,2024-08-26T06:30:00Z,4,4,4,0,4,4,0,0,0,4,830.5399780273438,,,,,,,,12.016579809906464,-1.1960910779388485,,PS_015,,,3.5824948356129562
12.944682999832093,0.0,2024-08-26T06:45:00Z,3,3,3,0,3,3,0,0,0,3,830.5399780273438,,,,,,,,11.251358040895596,-1.198567835486843,,PS_015,,,1.7728834061090175
12.955983185143667,0.0,2024-08-26T07:00:00Z,4,4,4,0,4,4,0,0,0,4,830.5399780273436,,,,,,,,11.821448319114673,-1.3913439739517464,,PS_015,,,2.622667486953278
12.805686962647487,0.0,2024-08-26T07:15:00Z,4,4,4,0,4,4,0,0,0,4,830.5399780273436,,,,,,,,11.574322868209748,-1.3309657656037597,,PS_015,,,2.685736204418271
12.80676001574768,0.0,2024-08-26T07:30:00Z,4,4,4,0,4,4,0,0,0,4,830.5399780273438,,,,,,,,11.734694928310704,-1.4233802979603685,,PS_015,,,2.043720216659254
12.906118895228026,0.0,2024-08-26T07:45:00Z,3,3,3,0,3,3,0,0,0,3,830.5399780273439,,,,,,,,11.583752917296048,-1.5816722989186767,,PS_015,,,2.8172016332413143
13.14128380853031,0.0,2024-08-26T08:00:00Z,4,4,4,0,4,4,0,0,0,4,830.5399780273436,,,,,,,,11.800000190734863,-1.559051794639005,,PS_015,,,1.9854353897775652
13.128177630349185,0.0,2024-08-26T08:15:00Z,4,4,4,0,4,4,0,0,0,4,830.5399780273438,,,,,,,,11.800000190734862,-1.4496916136652114,,PS_015,,,1.8530361924664012
13.140625084228503,0.0,2024-08-26T08:30:00Z,3,3,3,0,3,3,0,0,0,3,830.5399780273436,,,,,,,,11.887647710760598,-1.4429662251937625,,PS_015,,,1.392625725387748
12.977329173770045,0.0,2024-08-26T08:45:00Z,4,4,4,0,4,4,0,0,0,4,830.5399780273436,,,,,,,,11.54088163721264,-1.341502749124026,,PS_015,,,1.3325224068377541
12.301371077935142,0.0,2024-08-26T09:00:00Z,3,3,3,0,3,3,0,0,0,3,830.5399780273436,,,,,,,,10.890786059377414,-0.8995125439683699,,PS_015,,,0.4285154434617677
12.630000114440918,0.0,2024-08-26T09:15:00Z,1,1,1,0,1,1,0,0,0,1,830.5399780273438,,,,,,,,11.199999809265137,3.4100000858306885,,PS_015,,,2.556000232696533
12.738431474656352,0.0,2024-08-26T09:30:00Z,3,3,3,0,3,3,0,0,0,3,830.5399780273438,,,,,,,,11.59881045119827,10.185334840131443,,PS_015,,,1.981958722353666
12.942597743859642,0.0,2024-08-26T09:45:00Z,4,4,4,0,4,4,0,0,0,4,830.5399780273439,,,,,,,,12.020070366115322,29.467135792731796,,PS_015,,,2.2684669168209908
13.143735064044222,0.0,2024-08-26T10:00:00Z,4,4,4,0,4,4,0,0,0,4,830.5399780273436,,,,,,,,12.300000190734863,49.66294827692421,,PS_015,,,1.7475520062193204
13.361395032741166,0.0,2024-08-26T10:15:00Z,3,3,3,0,3,3,0,0,0,3,830.5399780273438,,,,,,,,12.771480974269014,80.17905973705015,,PS_015,,,1.6516487915148033
13.747464826978204,0.0,2024-08-26T10:30:00Z,4,4,4,0,4,4,0,0,0,4,830.5399780273436,,,,,,,,13.46123010897158,123.62794201539467,,PS_015,,,2.198046352590804
14.114469491822916,0.0,2024-08-26T10:45:00Z,4,4,4,0,4,4,0,0,0,4,830.5399780273438,,,,,,,,14.188959256713101,161.06173638271224,,PS_015,,,2.0754494893835673
14.505345779973677,0.0,2024-08-26T11:00:00Z,3,3,3,0,3,3,0,0,0,3,830.5399780273436,,,,,,,,15.004248614323318,197.25706735687535,,PS_015,,,2.043375805844244
14.667838535674344,0.0,2024-08-26T11:15:00Z,4,4,4,0,4,4,0,0,0,4,830.5399780273438,,,,,,,,16.197950799287515,231.01768244971467,,PS_015,,,2.71350204418512
15.08848324427901,0.0,2024-08-26T11:30:00Z,4,4,4,0,4,4,0,0,0,4,830.5399780273438,,,,,,,,18.410734020194425,225.7050587882644,,PS_015,,,3.1430269800128747
15.11757811198846,0.0,2024-08-26T11:45:00Z,3,3,3,0,3,3,0,0,0,3,830.5399780273439,,,,,,,,18.50983906083478,229.0042731701479,,PS_015,,,3.2240668801171894
15.800350783815004,0.0,2024-08-26T12:00:00Z,4,4,4,0,4,4,0,0,0,4,830.5399780273438,,,,,,,,20.126718326422964,383.43688969366633,,PS_015,,,3.9707187971363758
16.76132671012928,0.0,2024-08-26T12:15:00Z,4,4,4,0,4,4,0,0,0,4,830.5399780273436,,,,,,,,22.509095841067623,431.8704882052021,,PS_015,,,3.4048376116534023
17.72719196363047,0.0,2024-08-26T12:30:00Z,4,4,4,0,4,4,0,0,0,4,830.5399780273438,,,,,,,,25.748248612240484,483.95618282166265,,PS_015,,,2.5995427583386856
18.4547577568916,0.0,2024-08-26T12:45:00Z,3,3,3,0,3,3,0,0,0,3,830.5399780273438,,,,,,,,27.19591255381033,526.1674483692317,,PS_015,,,2.7083155104673584
19.126284819382235,0.0,2024-08-26T13:00:00Z,4,4,4,0,4,4,0,0,0,4,830.5399780273438,,,,,,,,29.065021586051802,557.0171653340374,,PS_015,,,2.425654395800861
19.981977371594944,0.0,2024-08-26T13:15:00Z,4,4,4,0,4,4,0,0,0,4,830.5399780273438,,,,,,,,33.532938417657476,601.4980611802869,,PS_015,,,2.2577537880329217
21.101469541279204,0.0,2024-08-26T13:30:00Z,3,3,3,0,3,3,0,0,0,3,830.5399780273436,,,,,,,,36.07957207445451,620.7303198567703,,PS_015,,,1.2162316594600449
22.095171742797085,0.0,2024-08-26T13:45:00Z,4,4,4,0,4,4,0,0,0,4,830.539978027344,,,,,,,,39.0863508908504,656.9735404434113,,PS_015,,,2.331437809649257
22.408056581031413,0.0,2024-08-26T14:00:00Z,4,4,4,0,4,4,0,0,0,4,830.5399780273436,,,,,,,,41.29717631985399,679.8884952692185,,PS_015,,,1.792665654130658
23.20028879471361,0.0,2024-08-26T14:15:00Z,3,3,3,0,3,3,0,0,0,3,830.5399780273435,,,,,,,,39.795064911366914,697.1205312675377,,PS_015,,,2.5985279109977033
23.9915489130084,0.0,2024-08-26T14:30:00Z,4,4,4,0,4,4,0,0,0,4,830.5399780273436,,,,,,,,43.5689003966905,718.422815840591,,PS_015,,,1.3940548819115752
24.865825825445757,0.0,2024-08-26T14:45:00Z,4,4,4,0,4,4,0,0,0,4,830.5399780273438,,,,,,,,44.482415279881245,718.3054197093932,,PS_015,,,2.088850070098646
25.75358059184727,0.0,2024-08-26T15:00:00Z,3,3,3,0,3,3,0,0,0,3,830.5399780273438,,,,,,,,45.101635566656654,732.9289205712123,,PS_015,,,1.404558024214607
26.056665746897263,0.0,2024-08-26T15:15:00Z,4,4,4,0,4,4,0,0,0,4,830.5399780273438,,,,,,,,46.6012054874377,735.5375733041874,,PS_015,,,2.274281661189744
25.74034013187398,0.0,2024-08-26T15:30:00Z,4,4,4,0,4,4,0,0,0,4,830.5399780273438,,,,,,,,45.44303811246684,733.9766834228752,,PS_015,,,1.081831709805802
26.230888549441868,0.0,2024-08-26T15:45:00Z,3,3,3,0,3,3,0,0,0,3,830.5399780273438,,,,,,,,45.73541253334001,748.6355706988841,,PS_015,,,3.2193211275040805
26.399734245098177,0.0,2024-08-26T16:00:00Z,4,4,4,0,4,4,0,0,0,4,830.5399780273436,,,,,,,,42.73117131311726,735.9034817466991,,PS_015,,,2.7228334979941917
26.697316773830508,0.0,2024-08-26T16:15:00Z,3,3,3,0,3,3,0,0,0,3,830.5399780273436,,,,,,,,41.83894372083644,706.3119711765158,,PS_015,,,2.783833102874018
26.76521890249707,0.0,2024-08-26T16:30:00Z,4,4,4,0,4,4,0,0,0,4,830.5399780273438,,,,,,,,40.09595055272759,680.3886737205929,,PS_015,,,2.359511770435402
27.303798118771418,0.0,2024-08-26T16:45:00Z,4,4,4,0,4,4,0,0,0,4,830.5399780273438,,,,,,,,40.965107287040716,652.425043664145,,PS_015,,,3.3262173157737496
26.960865012134175,0.0,2024-08-26T17:00:00Z,3,3,3,0,3,3,0,0,0,3,830.5399780273436,,,,,,,,39.28578058326181,638.9489044603351,,PS_015,,,4.498107440990526
27.293255894246236,0.0,2024-08-26T17:15:00Z,4,4,4,0,4,4,0,0,0,4,830.5399780273438,,,,,,,,37.7650477099336,592.8229351047188,,PS_015,,,2.5731592855626957
27.813926645485,0.0,2024-08-26T17:30:00Z,4,4,4,0,4,4,0,0,0,4,830.5399780273438,,,,,,,,39.083119659859534,569.6691857576383,,PS_015,,,2.5979107103872336
27.766613321902025,0.0,2024-08-26T17:45:00Z,4,4,4,0,4,4,0,0,0,4,830.5399780273436,,,,,,,,38.43552738046709,539.5056465896571,,PS_015,,,3.051369214249559
27.941008241345767,0.0,2024-08-26T18:00:00Z,3,3,3,0,3,3,0,0,0,3,830.5399780273436,,,,,,,,40.98534079739313,491.87363599008825,,PS_015,,,2.64318419395226
28.10075312436202,0.0,2024-08-26T18:15:00Z,4,4,4,0,4,4,0,0,0,4,830.5399780273436,,,,,,,,39.20225763664667,448.8183907428004,,PS_015,,,3.423449253652658
27.992336440383887,0.0,2024-08-26T18:30:00Z,4,4,4,0,4,4,0,0,0,4,830.5399780273435,,,,,,,,37.76276937340096,387.72461382361564,,PS_015,,,2.5546777823292164
27.61054764330629,0.0,2024-08-26T18:45:00Z,3,3,3,0,3,3,0,0,0,3,830.5399780273439,,,,,,,,35.71250219089158,348.29109982910984,,PS_015,,,2.563506676581971
27.757789041071202,0.0,2024-08-26T19:00:00Z,4,4,4,0,4,4,0,0,0,4,830.5399780273439,,,,,,,,34.987840195928584,279.6883558392968,,PS_015,,,1.8125330217942082
27.918207500741296,0.0,2024-08-26T19:15:00Z,4,4,4,0,4,4,0,0,0,4,830.5399780273436,,,,,,,,33.98595355833912,229.7443525552268,,PS_015,,,1.762610235066604
27.599940504284742,0.0,2024-08-26T19:30:00Z,3,3,3,0,3,3,0,0,0,3,830.5399780273438,,,,,,,,32.72360281989079,188.8442145931078,,PS_015,,,1.2871384827670453
27.41222467842334,0.0,2024-08-26T19:45:00Z,4,4,4,0,4,4,0,0,0,4,830.5399780273438,,,,,,,,30.55060749785751,145.5800746306875,,PS_015,,,2.5190996225491427
26.92532142426409,0.0,2024-08-26T20:00:00Z,4,4,4,0,4,4,0,0,0,4,830.5399780273438,,,,,,,,27.9334973636279,102.21905034731209,,PS_015,,,2.191629044551102
26.372561475010787,0.0,2024-08-26T20:15:00Z,3,3,3,0,3,3,0,0,0,3,830.5399780273438,,,,,,,,26.05726407297966,62.923360328931935,,PS_015,,,1.9183784884254211
25.83574671811076,0.0,2024-08-26T20:30:00Z,4,4,4,0,4,4,0,0,0,4,830.5399780273436,,,,,,,,24.45858442055433,29.315022140342524,,PS_015,,,1.5295661548939024
25.252747326144206,0.0,2024-08-26T20:45:00Z,4,4,4,0,4,4,0,0,0,4,830.5399780273438,,,,,,,,23.007489239700714,8.218649234658239,,PS_015,,,2.390271839636651
24.529513994048337,0.0,2024-08-26T21:00:00Z,3,3,3,0,3,3,0,0,0,3,830.5399780273438,,,,,,,,21.60723036865458,0.5879170257533718,,PS_015,,,1.3045301638479692
23.874673465047668,0.0,2024-08-26T21:15:00Z,4,4,4,0,4,4,0,0,0,4,830.5399780273439,,,,,,,,20.184485210569107,-1.4323033436698198,,PS_015,,,0.34856604347648784
23.70852953524882,0.0,2024-08-26T21:30:00Z,4,4,4,0,4,4,0,0,0,4,830.5399780273436,,,,,,,,19.938380606940168,-1.3713024097743642,,PS_015,,,0.27714085823641704
23.59006534581479,0.0,2024-08-26T21:45:00Z,3,3,3,0,3,3,0,0,0,3,830.5399780273438,,,,,,,,20.576638904716088,-1.6607120922112488,,PS_015,,,2.204989127588646
23.728478830366836,0.0,2024-08-26T22:00:00Z,4,4,4,0,4,4,0,0,0,4,830.5399780273439,,,,,,,,21.89173462800492,-1.531923096085827,,PS_015,,,3.4512433567168364
23.49741774515397,0.0,2024-08-26T22:15:00Z,4,4,4,0,4,4,0,0,0,4,830.5399780273438,,,,,,,,21.76139838139988,-1.133288473560135,,PS_015,,,2.621153951793569
23.140618081605997,0.0,2024-08-26T22:30:00Z,4,4,4,0,4,4,0,0,0,4,830.5399780273436,,,,,,,,21.260393846240113,-1.4672926583259591,,PS_015,,,3.9021565860838323
22.58334078482233,0.0,2024-08-26T22:45:00Z,3,3,3,0,3,3,0,0,0,3,830.5399780273438,,,,,,,,21.14813730383048,-0.8972859393837742,,PS_015,,,4.459037207086202
21.982529146510945,0.0,2024-08-26T23:00:00Z,4,4,4,0,4,4,0,0,0,4,830.5399780273436,,,,,,,,20.575224668010403,-0.9749078612509525,,PS_015,,,4.872931573375894
21.53857353896124,0.0,2024-08-26T23:15:00Z,4,4,4,0,4,4,0,0,0,4,830.5399780273436,,,,,,,,20.11361013423252,-1.045273407425535,,PS_015,,,3.468477697633858
20.97569068718904,0.0,2024-08-26T23:30:00Z,3,3,3,0,3,3,0,0,0,3,830.5399780273438,,,,,,,,19.60000038146973,-1.0830631420183328,,PS_015,,,2.9633626960460053
20.873571076170304,0.0,2024-08-26T23:45:00Z,4,4,4,0,4,4,0,0,0,4,830.5399780273438,,,,,,,,19.61714501400896,-1.0737157944273943,,PS_015,,,4.299994521539636
20.328232966258437,0.0,2024-08-27T00:00:00Z,4,4,4,0,4,4,0,0,0,4,830.5399780273438,,,,,,,,18.83180796638835,-1.0455423380274842,,PS_015,,,3.2365403156708012
20.111663146353926,0.0,2024-08-27T00:15:00Z,3,3,3,0,3,3,0,0,0,3,830.5399780273436,,,,,,,,18.751914558957825,-1.0673572572421692,,PS_015,,,3.5434890036347175
19.997442679272684,0.0,2024-08-27T00:30:00Z,4,4,4,0,4,4,0,0,0,4,830.5399780273436,,,,,,,,18.5,-1.2615015730463537,,PS_015,,,3.145870774797885
19.639343473245148,0.0,2024-08-27T00:45:00Z,4,4,4,0,4,4,0,0,0,4,830.5399780273436,,,,,,,,18.123207196567087,-1.0899349050468021,,PS_015,,,3.2806153710140653
19.329376711552026,0.0,2024-08-27T01:00:00Z,3,3,3,0,3,3,0,0,0,3,830.5399780273438,,,,,,,,17.910841891934947,-1.0124608583821744,,PS_015,,,2.42573876835103
18.82590018146422,0.0,2024-08-27T01:15:00Z,4,4,4,0,4,4,0,0,0,4,830.5399780273439,,,,,,,,17.002614674874664,-1.2205170283691524,,PS_015,,,1.941966669106632
18.539696942783102,0.0,2024-08-27T01:30:00Z,4,4,4,0,4,4,0,0,0,4,830.5399780273438,,,,,,,,16.32134191403867,-1.3722042175483626,,PS_015,,,2.3697278904508865
18.200930732670322,0.0,2024-08-27T01:45:00Z,3,3,3,0,3,3,0,0,0,3,830.5399780273438,,,,,,,,16.05433443497829,-1.3288386924864437,,PS_015,,,2.408147511155802
17.76597430073931,0.0,2024-08-27T02:00:00Z,4,4,4,0,4,4,0,0,0,4,830.5399780273438,,,,,,,,15.325462533206286,-1.4085973810074428,,PS_015,,,1.507570210542729
17.647627254607226,0.0,2024-08-27T02:15:00Z,4,4,4,0,4,4,0,0,0,4,830.5399780273439,,,,,,,,15.17123210384374,-1.4341975197630425,,PS_015,,,1.6264581496025017
17.3696213718628,0.0,2024-08-27T02:30:00Z,3,3,3,0,3,3,0,0,0,3,830.5399780273438,,,,,,,,14.653173474899148,-1.4401994571058454,,PS_015,,,1.590882698042965
17.446605522682496,0.0,2024-08-27T02:45:00Z,4,4,4,0,4,4,0,0,0,4,830.5399780273436,,,,,,,,15.222405663174081,-1.5293720092385892,,PS_015,,,2.3666859169457943
17.35547628633385,0.0,2024-08-27T03:00:00Z,4,4,4,0,4,4,0,0,0,4,830.5399780273438,,,,,,,,15.468933352449065,-1.3658267041480703,,PS_015,,,2.5607257051592014
17.544900370318462,0.0,2024-08-27T03:15:00Z,3,3,3,0,3,3,0,0,0,3,830.5399780273438,,,,,,,,15.668676983430016,-1.7320321779606556,,PS_015,,,2.7727484556684208
17.327502748128076,0.0,2024-08-27T03:30:00Z,4,4,4,0,4,4,0,0,0,4,830.5399780273439,,,,,,,,15.53410421096746,-1.2511636528939747,,PS_015,,,2.08531271136282
17.09746572786552,0.0,2024-08-27T03:45:00Z,4,4,4,0,4,4,0,0,0,4,830.5399780273436,,,,,,,,15.330410336268837,-1.2821190365059685,,PS_015,,,1.6954573877750305
16.98702864248816,0.0,2024-08-27T04:00:00Z,3,3,3,0,3,3,0,0,0,3,830.5399780273438,,,,,,,,15.300000190734862,-1.191558027265155,,PS_015,,,1.7080384277542917
16.87518543075133,0.0,2024-08-27T04:15:00Z,4,4,4,0,4,4,0,0,0,4,830.5399780273438,,,,,,,,15.03149635784525,-1.2471242101706443,,PS_015,,,1.4931200747092637
16.80491730566943,0.0,2024-08-27T04:30:00Z,4,4,4,0,4,4,0,0,0,4,830.5399780273439,,,,,,,,15.147977802943682,-1.0685986076158756,,PS_015,,,1.8903653771683553
16.90177681449434,0.0,2024-08-27T04:45:00Z,4,4,4,0,4,4,0,0,0,4,830.5399780273438,,,,,,,,15.446168203232622,-1.1522158518947523,,PS_015,,,2.172634614934732
16.798066877868916,0.0,2024-08-27T05:00:00Z,3,3,3,0,3,3,0,0,0,3,830.5399780273436,,,,,,,,15.300000190734865,-1.0053157515042346,,PS_015,,,1.0301572316216412
16.620940750822218,0.0,2024-08-27T05:15:00Z,4,4,4,0,4,4,0,0,0,4,830.5399780273438,,,,,,,,15.253692126161154,-0.9772851095284314,,PS_015,,,1.9039595223018304
16.258068910152282,0.0,2024-08-27T05:30:00Z,4,4,4,0,4,4,0,0,0,4,830.5399780273439,,,,,,,,14.593286410976193,-1.0009303806008445,,PS_015,,,0.33000874924771245
16.120770467277417,0.0,2024-08-27T05:45:00Z,3,3,3,0,3,3,0,0,0,3,830.5399780273438,,,,,,,,14.232076417789118,-1.11520319644865,,PS_015,,,1.420545894724347
16.209196242546412,0.0,2024-08-27T06:00:00Z,4,4,4,0,4,4,0,0,0,4,830.5399780273438,,,,,,,,14.5,-0.9981215721658547,,PS_015,,,1.490445291427355
16.47535741634486,0.0,2024-08-27T06:15:00Z,4,4,4,0,4,4,0,0,0,4,830.5399780273439,,,,,,,,14.73745370550957,-1.0280046667487934,,PS_015,,,1.9614453972038028
16.526453673996187,0.0,2024-08-27T06:30:00Z,3,3,3,0,3,3,0,0,0,3,830.5399780273438,,,,,,,,14.83826784243555,-1.0694435877211341,,PS_015,,,1.3886354507418537
16.523385248379235,0.0,2024-08-27T06:45:00Z,4,4,4,0,4,4,0,0,0,4,830.5399780273438,,,,,,,,14.919012750369884,-1.0335915870041814,,PS_015,,,0.7621270777486343
15.915985793668174,0.0,2024-08-27T07:00:00Z,4,4,4,0,4,4,0,0,0,4,830.5399780273438,,,,,,,,13.826292676408332,-1.1923338565745825,,PS_015,,,0.3762107043741433
15.695052363187163,0.0,2024-08-27T07:15:00Z,3,3,3,0,3,3,0,0,0,3,830.5399780273438,,,,,,,,13.384733249639423,-0.9855941781487252,,PS_015,,,0.2771061676733475
15.345665401058865,0.0,2024-08-27T07:30:00Z,4,4,4,0,4,4,0,0,0,4,830.5399780273436,,,,,,,,12.847956714438434,-1.102972550447849,,PS_015,,,0.26789499715650095
15.341096241917457,0.0,2024-08-27T07:45:00Z,4,4,4,0,4,4,0,0,0,4,830.5399780273436,,,,,,,,12.544307921670827,-1.2231652001187285,,PS_015,,,0.5563946806857607
15.639274051835121,0.0,2024-08-27T08:00:00Z,3,3,3,0,3,3,0,0,0,3,830.5399780273436,,,,,,,,12.549920575761952,-1.3271724413493653,,PS_015,,,0.3851263591543843
14.982804833101289,0.0,2024-08-27T08:15:00Z,4,4,4,0,4,4,0,0,0,4,830.5399780273438,,,,,,,,11.776647443967487,-1.4216730589146067,,PS_015,,,0.7666471477777679
14.73188024245336,0.0,2024-08-27T08:30:00Z,4,4,4,0,4,4,0,0,0,4,830.5399780273438,,,,,,,,11.364973140388313,-1.4836939495992636,,PS_015,,,0.2631188619131735
14.392589601072059,0.0,2024-08-27T08:45:00Z,3,3,3,0,3,3,0,0,0,3,830.5399780273439,,,,,,,,11.03820394097002,-1.855594119676221,,PS_015,,,1.0375905054786745
14.683341232419238,0.0,2024-08-27T09:00:00Z,4,4,4,0,4,4,0,0,0,4,830.5399780273438,,,,,,,,11.168563754723868,-1.2879099947120445,,PS_015,,,0.5815155648863135
14.318999998001301,0.0,2024-08-27T09:15:00Z,0,0,0,0,0,0,0,0,0,0,830.5399780273438,,true,true,true,true,true,true,11.015392377948338,6.89402177310354,,PS_015,,,0.42075777767478517
13.954658763583364,0.0,2024-08-27T09:30:00Z,4,4,4,0,4,4,0,0,0,4,830.5399780273439,,,,,,,,10.862221001172806,15.075953540919125,,PS_015,,,0.25999999046325684
14.14139564292305,0.0,2024-08-27T09:45:00Z,4,4,4,0,4,4,0,0,0,4,830.5399780273436,,,,,,,,11.51911767146836,47.22161815067435,,PS_015,,,0.2631751869617287
15.034991436804868,0.0,2024-08-27T10:00:00Z,3,3,3,0,3,3,0,0,0,3,830.5399780273439,,,,,,,,12.333546908548923,87.15667027313629,,PS_015,,,0.2631386875019401
16.0613315603831,0.0,2024-08-27T10:15:00Z,4,4,4,0,4,4,0,0,0,4,830.5399780273438,,,,,,,,14.103122533012208,135.21964847843915,,PS_015,,,0.2683059707059554
16.672960156678077,0.0,2024-08-27T10:30:00Z,4,4,4,0,4,4,0,0,0,4,830.5399780273435,,,,,,,,16.319542992144495,189.03396765400308,,PS_015,,,0.30673270176000095
17.312206648958412,0.0,2024-08-27T10:45:00Z,3,3,3,0,3,3,0,0,0,3,830.5399780273439,,,,,,,,19.373184858970923,244.06807348776553,,PS_015,,,1.499125478960243
18.369433585874866,0.0,2024-08-27T11:00:00Z,4,4,4,0,4,4,0,0,0,4,830.5399780273438,,,,,,,,22.43868931437735,303.67399751603426,,PS_015,,,1.644044162902149
19.689427742258164,0.0,2024-08-27T11:15:00Z,4,4,4,0,4,4,0,0,0,4,830.5399780273438,,,,,,,,24.859085605509996,366.9848487358872,,PS_015,,,2.6007422443358643
20.564283999988618,0.0,2024-08-27T11:30:00Z,3,3,3,0,3,3,0,0,0,3,830.5399780273438,,,,,,,,27.204273444827265,429.92961990275643,,PS_015,,,2.771281018600766
21.09142419196018,0.0,2024-08-27T11:45:00Z,4,4,4,0,4,4,0,0,0,4,830.5399780273436,,,,,,,,28.68671835232492,486.2106509675402,,PS_015,,,2.9365313521147907
21.787428886422074,0.0,2024-08-27T12:00:00Z,4,4,4,0,4,4,0,0,0,4,830.5399780273436,,,,,,,,30.642414894205526,537.2210594266344,,PS_015,,,3.4008065433777026
22.63136960278371,0.0,2024-08-27T12:15:00Z,4,4,4,0,4,4,0,0,0,4,830.5399780273439,,,,,,,,33.91481388621498,586.9484533480849,,PS_015,,,2.5634328979263334
23.60429927697443,0.0,2024-08-27T12:30:00Z,3,3,3,0,3,3,0,0,0,3,830.5399780273438,,,,,,,,36.65791889586136,632.0776120379734,,PS_015,,,2.2573084934927232
23.847153692197747,0.0,2024-08-27T12:45:00Z,4,4,4,0,4,4,0,0,0,4,830.5399780273438,,,,,,,,38.10585791488686,673.8523137078371,,PS_015,,,3.3177046578585005
24.574669543638763,0.0,2024-08-27T13:00:00Z,4,4,4,0,4,4,0,0,0,4,830.5399780273439,,,,,,,,41.1479410317841,704.6340603397413,,PS_015,,,2.0403155397703734
25.015880727375123,0.0,2024-08-27T13:15:00Z,3,3,3,0,3,3,0,0,0,3,830.5399780273439,,,,,,,,42.23317994490204,732.0639158303155,,PS_015,,,2.128348148042732
25.337043741338434,0.0,2024-08-27T13:30:00Z,4,4,4,0,4,4,0,0,0,4,830.5399780273435,,,,,,,,44.44848726757072,760.0642734804989,,PS_015,,,1.9856740028624795
26.0840908220094,0.0,2024-08-27T13:45:00Z,4,4,4,0,4,4,0,0,0,4,830.539978027344,,,,,,,,45.41773454577208,792.350305753691,,PS_015,,,2.0677185490983097
26.74710602576992,0.0,2024-08-27T14:00:00Z,3,3,3,0,3,3,0,0,0,3,830.5399780273439,,,,,,,,47.4936545762229,824.0509445968079,,PS_015,,,2.3929747766503233
26.48239656593904,0.0,2024-08-27T14:15:00Z,4,4,4,0,4,4,0,0,0,4,830.5399780273438,,,,,,,,48.12053487318137,847.15702501884,,PS_015,,,2.82733982136618
26.9051428106085,0.0,2024-08-27T14:30:00Z,4,4,4,0,4,4,0,0,0,4,830.5399780273439,,,,,,,,48.02797859470058,859.6055131362066,,PS_015,,,3.2837574457848113
27.292340038891556,0.0,2024-08-27T14:45:00Z,3,3,3,0,3,3,0,0,0,3,830.5399780273436,,,,,,,,50.895492062102555,868.6489988927377,,PS_015,,,3.0312865773875273
27.81748517016688,0.0,2024-08-27T15:00:00Z,4,4,4,0,4,4,0,0,0,4,830.5399780273438,,,,,,,,50.72206923804934,866.7328615349785,,PS_015,,,2.70160028190704
28.35415382035203,0.0,2024-08-27T15:15:00Z,4,4,4,0,4,4,0,0,0,4,830.5399780273438,,,,,,,,51.54129156351859,869.5476627130048,,PS_015,,,2.384842153455054
28.782641808841433,0.0,2024-08-27T15:30:00Z,3,3,3,0,3,3,0,0,0,3,830.5399780273436,,,,,,,,52.65891571310013,861.1866736338524,,PS_015,,,3.733027877506555
29.15416127874386,0.0,2024-08-27T15:45:00Z,4,4,4,0,4,4,0,0,0,4,830.5399780273436,,,,,,,,51.307463261845655,852.4717424048663,,PS_015,,,2.4347958341883293
28.880317609520162,0.0,2024-08-27T16:00:00Z,4,4,4,0,4,4,0,0,0,4,830.5399780273439,,,,,,,,51.85449482141053,867.3276612726158,,PS_015,,,1.502189888431341
29.350253986228765,0.0,2024-08-27T16:15:00Z,3,3,3,0,3,3,0,0,0,3,830.5399780273439,,,,,,,,50.44065017933601,842.4650123748739,,PS_015,,,1.8859397804009723
29.076963339482145,0.0,2024-08-27T16:30:00Z,4,4,4,0,4,4,0,0,0,4,830.5399780273438,,,,,,,,43.29583424059377,538.5494826925187,,PS_015,,,3.2288039459916624
29.32147787648404,0.0,2024-08-27T16:45:00Z,4,4,4,0,4,4,0,0,0,4,830.5399780273439,,,,,,,,44.05184785264318,564.755804582212,,PS_015,,,2.1913918437470445
30.580414953388434,0.0,2024-08-27T17:00:00Z,4,4,4,0,4,4,0,0,0,4,830.5399780273436,,,,,,,,50.14808565910033,770.0912237785725,,PS_015,,,3.8892663334937465
30.360481567518672,0.0,2024-08-27T17:15:00Z,3,3,3,0,3,3,0,0,0,3,830.5399780273438,,,,,,,,47.61920652042568,710.1055529189198,,PS_015,,,1.5320997020031297
30.356681064200803,0.0,2024-08-27T17:30:00Z,4,4,4,0,4,4,0,0,0,4,830.5399780273439,,,,,,,,48.064673565982574,700.4243655112523,,PS_015,,,3.2361413612008176
30.486319708658353,0.0,2024-08-27T17:45:00Z,4,4,4,0,4,4,0,0,0,4,830.5399780273438,,,,,,,,47.52956973998472,647.9272526232245,,PS_015,,,3.0626358690057223
31.284497320755843,0.0,2024-08-27T18:00:00Z,3,3,3,0,3,3,0,0,0,3,830.5399780273436,,,,,,,,44.13173999778853,573.8862352151739,,PS_015,,,3.1304966048057894
30.80034797649395,0.0,2024-08-27T18:15:00Z,4,4,4,0,4,4,0,0,0,4,830.5399780273438,,,,,,,,43.40193031691668,569.285225487888,,PS_015,,,3.2729293464348457
30.63327683203302,0.0,2024-08-27T18:30:00Z,4,4,4,0,4,4,0,0,0,4,830.5399780273438,,,,,,,,41.75267322887614,442.9879506890004,,PS_015,,,1.361048184859754
30.120742955825314,0.0,2024-08-27T18:45:00Z,3,3,3,0,3,3,0,0,0,3,830.5399780273438,,,,,,,,38.03061107248318,253.13930987196701,,PS_015,,,3.2432006228023926
30.104402560856727,0.0,2024-08-27T19:00:00Z,4,4,4,0,4,4,0,0,0,4,830.5399780273438,,,,,,,,39.9280994942669,323.4005569606079,,PS_015,,,2.598044706608902
29.667067068825375,0.0,2024-08-27T19:15:00Z,4,4,4,0,4,4,0,0,0,4,830.5399780273438,,,,,,,,35.492391279218516,283.7243829010397,,PS_015,,,2.462100857951937
29.668642958674685,0.0,2024-08-27T19:30:00Z,3,3,3,0,3,3,0,0,0,3,830.5399780273438,,,,,,,,36.4289032692051,240.8733163296931,,PS_015,,,1.8149160733182872
29.586749527565477,0.0,2024-08-27T19:45:00Z,4,4,4,0,4,4,0,0,0,4,830.5399780273436,,,,,,,,34.74567166617981,172.53221983193015,,PS_015,,,1.2879833452982479
29.495337753568005,0.0,2024-08-27T20:00:00Z,4,4,4,0,4,4,0,0,0,4,830.5399780273435,,,,,,,,31.535956611281414,123.32380731637657,,PS_015,,,1.1202698846363963
29.18019734552636,0.0,2024-08-27T20:15:00Z,3,3,3,0,3,3,0,0,0,3,830.5399780273438,,,,,,,,29.62619485109606,77.84053213741606,,PS_015,,,1.2225252781284695
28.17658696881152,0.0,2024-08-27T20:30:00Z,4,4,4,0,4,4,0,0,0,4,830.5399780273436,,,,,,,,26.992000210652503,41.98407995363734,,PS_015,,,1.0365285428434077
26.859956441605252,0.0,2024-08-27T20:45:00Z,4,4,4,0,4,4,0,0,0,4,830.5399780273436,,,,,,,,24.17309215885328,15.283778215733161,,PS_015,,,1.740797713483929
25.811577111593795,0.0,2024-08-27T21:00:00Z,3,3,3,0,3,3,0,0,0,3,830.5399780273436,,,,,,,,22.447226436863676,1.495375560063034,,PS_015,,,2.0109632143191134
25.44134686649162,0.0,2024-08-27T21:15:00Z,4,4,4,0,4,4,0,0,0,4,830.5399780273438,,,,,,,,21.094351031422125,-1.323268498169722,,PS_015,,,2.2918870933336377
24.809946298882284,0.0,2024-08-27T21:30:00Z,4,4,4,0,4,4,0,0,0,4,830.5399780273436,,,,,,,,20.795230620523707,-1.7408757616123642,,PS_015,,,2.605477519861997
24.634847196166213,0.0,2024-08-27T21:45:00Z,4,4,4,0,4,4,0,0,0,4,830.5399780273438,,,,,,,,20.568592061574524,-2.088274778695537,,PS_015,,,3.3104080506457434
24.34870440030807,0.0,2024-08-27T22:00:00Z,3,3,3,0,3,3,0,0,0,3,830.5399780273438,,,,,,,,20.84910737113053,-1.641919533638234,,PS_015,,,3.1756968646240145
24.10385481600034,0.0,2024-08-27T22:15:00Z,4,4,4,0,4,4,0,0,0,4,830.5399780273436,,,,,,,,20.569249537158374,-1.840658614728078,,PS_015,,,3.2337538822520133
23.743007964349147,0.0,2024-08-27T22:30:00Z,4,4,4,0,4,4,0,0,0,4,830.5399780273438,,,,,,,,20.294123601192013,-1.7587930311223345,,PS_015,,,3.0947377330936936
23.98399375635202,0.0,2024-08-27T22:45:00Z,3,3,3,0,3,3,0,0,0,3,830.5399780273439,,,,,,,,20.399999618530273,-2.029917551820605,,PS_015,,,2.867086749115765
23.73831767555526,0.0,2024-08-27T23:00:00Z,4,4,4,0,4,4,0,0,0,4,830.5399780273438,,,,,,,,20.311400587654674,-1.745026272295947,,PS_015,,,3.996502449948156
23.34725327560629,0.0,2024-08-27T23:15:00Z,4,4,4,0,4,4,0,0,0,4,830.5399780273438,,,,,,,,20.062084734501983,-1.807655948968486,,PS_015,,,2.93604923338262
23.313054032552138,0.0,2024-08-27T23:30:00Z,3,3,3,0,3,3,0,0,0,3,830.5399780273438,,,,,,,,19.843985656180386,-2.068742413336668,,PS_015,,,3.0529299202891353
23.096859406657877,0.0,2024-08-27T23:45:00Z,4,4,4,0,4,4,0,0,0,4,830.5399780273438,,,,,,,,19.799999237060547,-1.6070419218906329,,PS_015,,,3.888036147937486
