ambient_temperature_celsius,battery_voltage,datetime,document_count_ambient_temperature_celsius,document_count_battery_voltage,document_count_ghi_irradiance_wm2,document_count_gri_irradiance_wm2,document_count_panel_temperature_celsius,document_count_poa_irradiance_wm2,document_count_precipitation_accumulated_mm,document_count_tracker_albedo_index,document_count_wind_direction_degrees,document_count_wind_speed_ms,ghi_irradiance_wm2,gri_irradiance_wm2,interpolated_keys_ambient_temperature_celsius,interpolated_keys_battery_voltage,interpolated_keys_ghi_irradiance_wm2,interpolated_keys_gri_irradiance_wm2,interpolated_keys_panel_temperature_celsius,interpolated_keys_poa_irradiance_wm2,interpolated_keys_wind_direction_degrees,interpolated_keys_wind_speed_ms,panel_temperature_celsius,poa_irradiance_wm2,precipitation_accumulated_mm,ps_id,tracker_albedo_index,wind_direction_degrees,wind_speed_ms
,,2024-11-26T00:00:00Z,0,0,0,0,0,0,0,0,0,0,,,,,,,,,,,,,,PS_036,,,
,,2024-11-26T00:15:00Z,0,0,0,0,0,0,0,0,0,0,,,,,,,,,,,,,,PS_036,,,
,,2024-11-26T00:30:00Z,0,0,0,0,0,0,0,0,0,0,,,,,,,,,,,,,,PS_036,,,
,,2024-11-26T00:45:00Z,0,0,0,0,0,0,0,0,0,0,,,,,,,,,,,,,,PS_036,,,
,,2024-11-26T01:00:00Z,0,0,0,0,0,0,0,0,0,0,,,,,,,,,,,,,,PS_036,,,
,,2024-11-26T01:15:00Z,0,0,0,0,0,0,0,0,0,0,,,,,,,,,,,,,,PS_036,,,
,,2024-11-26T01:30:00Z,0,0,0,0,0,0,0,0,0,0,,,,,,,,,,,,,,PS_036,,,
,,2024-11-26T01:45:00Z,0,0,0,0,0,0,0,0,0,0,,,,,,,,,,,,,,PS_036,,,
,,2024-11-26T02:00:00Z,0,0,0,0,0,0,0,0,0,0,,,,,,,,,,,,,,PS_036,,,
,,2024-11-26T02:15:00Z,0,0,0,0,0,0,0,0,0,0,,,,,,,,,,,,,,PS_036,,,
,,2024-11-26T02:30:00Z,0,0,0,0,0,0,0,0,0,0,,,,,,,,,,,,,,PS_036,,,
,,2024-11-26T02:45:00Z,0,0,0,0,0,0,0,0,0,0,,,,,,,,,,,,,,PS_036,,,
,,2024-11-26T03:00:00Z,0,0,0,0,0,0,0,0,0,0,,,,,,,,,,,,,,PS_036,,,
,,2024-11-26T03:15:00Z,0,0,0,0,0,0,0,0,0,0,,,,,,,,,,,,,,PS_036,,,
,,2024-11-26T03:30:00Z,0,0,0,0,0,0,0,0,0,0,,,,,,,,,,,,,,PS_036,,,
,,2024-11-26T03:45:00Z,0,0,0,0,0,0,0,0,0,0,,,,,,,,,,,,,,PS_036,,,
,,2024-11-26T04:00:00Z,0,0,0,0,0,0,0,0,0,0,,,,,,,,,,,,,,PS_036,,,
,,2024-11-26T04:15:00Z,0,0,0,0,0,0,0,0,0,0,,,,,,,,,,,,,,PS_036,,,
,,2024-11-26T04:30:00Z,0,0,0,0,0,0,0,0,0,0,,,,,,,,,,,,,,PS_036,,,
,,2024-11-26T04:45:00Z,0,0,0,0,0,0,0,0,0,0,,,,,,,,,,,,,,PS_036,,,
,,2024-11-26T05:00:00Z,0,0,0,0,0,0,0,0,0,0,,,,,,,,,,,,,,PS_036,,,
,,2024-11-26T05:15:00Z,0,0,0,0,0,0,0,0,0,0,,,,,,,,,,,,,,PS_036,,,
,,2024-11-26T05:30:00Z,0,0,0,0,0,0,0,0,0,0,,,,,,,,,,,,,,PS_036,,,
,,2024-11-26T05:45:00Z,0,0,0,0,0,0,0,0,0,0,,,,,,,,,,,,,,PS_036,,,
,,2024-11-26T06:00:00Z,0,0,0,0,0,0,0,0,0,0,,,,,,,,,,,,,,PS_036,,,
,,2024-11-26T06:15:00Z,0,0,0,0,0,0,0,0,0,0,,,,,,,,,,,,,,PS_036,,,
,,2024-11-26T06:30:00Z,0,0,0,0,0,0,0,0,0,0,,,,,,,,,,,,,,PS_036,,,
,,2024-11-26T06:45:00Z,0,0,0,0,0,0,0,0,0,0,,,,,,,,,,,,,,PS_036,,,
,,2024-11-26T07:00:00Z,0,0,0,0,0,0,0,0,0,0,,,,,,,,,,,,,,PS_036,,,
,,2024-11-26T07:15:00Z,0,0,0,0,0,0,0,0,0,0,,,,,,,,,,,,,,PS_036,,,
,,2024-11-26T07:30:00Z,0,0,0,0,0,0,0,0,0,0,,,,,,,,,,,,,,PS_036,,,
,,2024-11-26T07:45:00Z,0,0,0,0,0,0,0,0,0,0,,,,,,,,,,,,,,PS_036,,,
,,2024-11-26T08:00:00Z,0,0,0,0,0,0,0,0,0,0,,,,,,,,,,,,,,PS_036,,,
,,2024-11-26T08:15:00Z,0,0,0,0,0,0,0,0,0,0,,,,,,,,,,,,,,PS_036,,,
,,2024-11-26T08:30:00Z,0,0,0,0,0,0,0,0,0,0,,,,,,,,,,,,,,PS_036,,,
,,2024-11-26T08:45:00Z,0,0,0,0,0,0,0,0,0,0,,,,,,,,,,,,,,PS_036,,,
,,2024-11-26T09:00:00Z,0,0,0,0,0,0,0,0,0,0,,,,,,,,,,,,,,PS_036,,,
,,2024-11-26T09:15:00Z,0,0,0,0,0,0,0,0,0,0,,,,,,,,,,,,,,PS_036,,,
,,2024-11-26T09:30:00Z,0,0,0,0,0,0,0,0,0,0,,,,,,,,,,,,,,PS_036,,,
,,2024-11-26T09:45:00Z,0,0,0,0,0,0,0,0,0,0,,,,,,,,,,,,,,PS_036,,,
,,2024-11-26T10:00:00Z,0,0,0,0,0,0,0,0,0,0,,,,,,,,,,,,,,PS_036,,,
,,2024-11-26T10:15:00Z,0,0,0,0,0,0,0,0,0,0,,,,,,,,,,,,,,PS_036,,,
,,2024-11-26T10:30:00Z,0,0,0,0,0,0,0,0,0,0,,,,,,,,,,,,,,PS_036,,,
,,2024-11-26T10:45:00Z,0,0,0,0,0,0,0,0,0,0,,,,,,,,,,,,,,PS_036,,,
,,2024-11-26T11:00:00Z,0,0,0,0,0,0,0,0,0,0,,,,,,,,,,,,,,PS_036,,,
,,2024-11-26T11:15:00Z,0,0,0,0,0,0,0,0,0,0,,,,,,,,,,,,,,PS_036,,,
,,2024-11-26T11:30:00Z,0,0,0,0,0,0,0,0,0,0,,,,,,,,,,,,,,PS_036,,,
,,2024-11-26T11:45:00Z,0,0,0,0,0,0,0,0,0,0,,,,,,,,,,,,,,PS_036,,,
,,2024-11-26T12:00:00Z,0,0,0,0,0,0,0,0,0,0,,,,,,,,,,,,,,PS_036,,,
,,2024-11-26T12:15:00Z,0,0,0,0,0,0,0,0,0,0,,,,,,,,,,,,,,PS_036,,,
,,2024-11-26T12:30:00Z,0,0,0,0,0,0,0,0,0,0,,,,,,,,,,,,,,PS_036,,,
,,2024-11-26T12:45:00Z,0,0,0,0,0,0,0,0,0,0,,,,,,,,,,,,,,PS_036,,,
,,2024-11-26T13:00:00Z,0,0,0,0,0,0,0,0,0,0,,,,,,,,,,,,,,PS_036,,,
,,2024-11-26T13:15:00Z,0,0,0,0,0,0,0,0,0,0,,,,,,,,,,,,,,PS_036,,,
,,2024-11-26T13:30:00Z,0,0,0,0,0,0,0,0,0,0,,,,,,,,,,,,,,PS_036,,,
,,2024-11-26T13:45:00Z,0,0,0,0,0,0,0,0,0,0,,,,,,,,,,,,,,PS_036,,,
,,2024-11-26T14:00:00Z,0,0,0,0,0,0,0,0,0,0,,,,,,,,,,,,,,PS_036,,,
,,2024-11-26T14:15:00Z,0,0,0,0,0,0,0,0,0,0,,,,,,,,,,,,,,PS_036,,,
,,2024-11-26T14:30:00Z,0,0,0,0,0,0,0,0,0,0,,,,,,,,,,,,,,PS_036,,,
,,2024-11-26T14:45:00Z,0,0,0,0,0,0,0,0,0,0,,,,,,,,,,,,,,PS_036,,,
32.79999923706055,10.262299537658691,2024-11-26T15:00:00Z,1,1,1,1,1,1,0,0,1,1,1183.3800048828125,70.12999725341797,,,,,,,,,44.099998474121094,1184.9200439453125,,PS_036,,38.53200149536133,5.03000020980835
32.5,10.267765998840332,2024-11-26T15:15:00Z,1,1,1,1,1,1,1,0,1,1,1189.219970703125,73.20999908447266,,,,,,,,,42.79999923706055,1191.8399658203125,0.0,PS_036,,55.21200180053712,7.185999870300292
32.5,10.267765998840332,2024-11-26T15:30:00Z,1,1,1,1,1,1,1,0,1,1,1189.219970703125,73.20999908447266,,,,,,,,,42.79999923706055,1191.8399658203125,0.0,PS_036,,55.21200180053711,7.185999870300293
33.29999923706055,10.262299537658691,2024-11-26T15:45:00Z,1,1,1,1,1,1,1,0,1,1,1207.3800048828125,74.77999877929688,,,,,,,,,44.099998474121094,1219.02001953125,0.0,PS_036,,9.0,5.318000316619873
33.29999923706055,10.267765998840332,2024-11-26T16:00:00Z,1,1,1,1,1,1,1,0,1,1,1158.6400146484375,70.7699966430664,,,,,,,,,44.900001525878906,1181.1600341796875,0.0,PS_036,,99.92400360107422,3.758000135421753
33.0,10.273233413696289,2024-11-26T16:15:00Z,1,1,1,1,1,1,1,0,1,1,1140.4300537109375,70.38999938964844,,,,,,,,,45.5,1170.3199462890625,0.0,PS_036,,81.50399780273438,3.9319999217987065
34.400001525878906,10.273233413696289,2024-11-26T16:30:00Z,1,1,1,1,1,1,1,0,1,1,1118.989990234375,70.04000091552734,,,,,,,,,47.9000015258789,1166.6099853515625,0.0,PS_036,,76.2959976196289,3.334000110626221
33.900001525878906,10.273233413696289,2024-11-26T16:45:00Z,1,1,1,1,1,1,1,0,1,1,1209.7099609375,78.4000015258789,,,,,,,,,45.70000076293945,1286.6700439453125,0.0,PS_036,,77.91600036621094,3.5460000038146973
33.0,10.267765998840332,2024-11-26T17:00:00Z,1,1,1,1,1,1,1,0,1,1,854.7100219726562,60.369998931884766,,,,,,,,,43.599998474121094,1008.2000122070314,0.0,PS_036,,85.21199798583984,2.950000047683716
33.0,10.267765998840332,2024-11-26T17:15:00Z,1,1,1,1,1,1,1,0,1,1,1089.6700439453125,72.04000091552734,,,,,,,,,41.400001525878906,1209.699951171875,0.0,PS_036,,64.59600067138672,3.1620001792907715
32.79999923706055,10.273233413696289,2024-11-26T17:30:00Z,1,1,1,1,1,1,1,0,1,1,232.4499969482422,26.40999984741211,,,,,,,,,38.900001525878906,244.7100067138672,0.0,PS_036,,110.33999633789062,1.4480000734329224
34.400001525878906,10.273233413696289,2024-11-26T17:45:00Z,1,1,1,1,1,1,1,0,1,1,665.1799926757812,55.45999908447265,,,,,,,,,50.09999847412109,867.9199829101562,0.0,PS_036,,48.26399993896485,3.854000091552734
33.29999923706055,10.273233413696289,2024-11-26T18:00:00Z,1,1,1,1,1,1,1,0,1,1,957.9000244140624,74.0199966430664,,,,,,,,,39.70000076293945,1176.6700439453125,0.0,PS_036,,75.4800033569336,3.431999921798706
34.099998474121094,10.273233413696289,2024-11-26T18:15:00Z,1,1,1,1,1,1,1,0,1,1,870.4099731445312,67.3499984741211,,,,,,,,,44.900001525878906,1108.43994140625,0.0,PS_036,,342.552001953125,3.0460000038146973
35.20000076293945,10.278017044067383,2024-11-26T18:30:00Z,1,1,1,1,1,1,1,0,1,1,838.4500122070314,68.5199966430664,,,,,,,,,56.400001525878906,1110.9300537109375,0.0,PS_036,,207.39599609375,0.17800000309944153
34.099998474121094,10.278017044067383,2024-11-26T18:45:00Z,1,1,1,1,1,1,1,0,1,1,813.72998046875,73.52999877929688,,,,,,,,,45.5,1128.010009765625,0.0,PS_036,,100.8479995727539,6.820000171661377
33.0,10.273233413696289,2024-11-26T19:00:00Z,1,1,1,1,1,1,1,0,1,1,185.5399932861328,31.510000228881836,,,,,,,,,37.0,216.36000061035156,0.0,PS_036,,51.395999908447266,1.3320000171661377
33.29999923706055,10.273233413696289,2024-11-26T19:15:00Z,1,1,1,1,1,1,1,0,1,1,172.4499969482422,33.810001373291016,,,,,,,,,41.099998474121094,188.8300018310547,0.0,PS_036,,39.92399978637695,1.25600004196167
32.20000076293945,10.273233413696289,2024-11-26T19:30:00Z,1,1,1,1,1,1,1,0,1,1,130.97999572753906,24.68000030517578,,,,,,,,,35.400001525878906,158.6300048828125,0.0,PS_036,,102.12000274658203,2.1599998474121094
34.099998474121094,10.273233413696289,2024-11-26T19:45:00Z,1,1,1,1,1,1,1,0,1,1,454.54998779296875,33.11000061035156,,,,,,,,,47.400001525878906,842.1500244140625,0.0,PS_036,,96.32400512695312,3.546000003814697
34.0,10.275625228881836,2024-11-26T20:00:00Z,0,0,0,0,0,0,1,0,0,0,400.5299987792969,30.75,true,true,true,true,true,true,true,true,45.60000038146973,745.1900024414062,0.0,PS_036,,88.04400253295898,3.5080000162124634
33.900001525878906,10.278017044067383,2024-11-26T20:15:00Z,1,1,1,1,1,1,1,0,1,1,346.510009765625,28.389999389648438,,,,,,,,,43.79999923706055,648.22998046875,0.0,PS_036,,79.76399993896484,3.4700000286102295
33.599998474121094,10.278017044067383,2024-11-26T20:30:00Z,1,1,1,1,1,1,1,0,1,1,275.5899963378906,34.599998474121094,,,,,,,,,41.400001525878906,499.7000122070312,0.0,PS_036,,102.0,2.3339998722076416
32.79999923706055,10.278017044067383,2024-11-26T20:45:00Z,1,1,1,1,1,1,1,0,1,1,208.92999267578122,30.209999084472656,,,,,,,,,35.099998474121094,365.0899963378906,0.0,PS_036,,110.33999633789062,3.740000009536743
32.79999923706055,10.278017044067383,2024-11-26T21:00:00Z,1,1,1,1,1,1,1,0,1,1,143.16000366210938,22.31999969482422,,,,,,,,,34.79999923706055,230.9499969482422,0.0,PS_036,,136.97999572753906,2.930000066757202
32.0,10.278017044067383,2024-11-26T21:15:00Z,1,1,1,1,1,1,1,0,1,1,83.81999969482422,16.68000030517578,,,,,,,,,32.099998474121094,113.99999999999999,0.0,PS_036,,115.09200286865236,2.4499998092651367
30.299999237060547,10.273233413696289,2024-11-26T21:30:00Z,1,1,1,1,1,1,1,0,1,1,34.040000915527344,6.329999923706056,,,,,,,,,28.600000381469727,31.31999969482422,0.0,PS_036,,148.67999267578125,1.9300000667572021
29.0,10.273233413696289,2024-11-26T21:45:00Z,1,1,1,1,1,1,1,0,1,1,1.0700000524520874,-1.5099999904632568,,,,,,,,,25.899999618530273,-0.8700000047683716,0.0,PS_036,,143.5800018310547,1.718000054359436
27.899999618530273,10.273233413696289,2024-11-26T22:00:00Z,1,1,1,1,1,1,1,0,1,1,-2.880000114440918,-3.490000009536743,,,,,,,,,24.799999237060547,-2.130000114440918,0.0,PS_036,,120.1919937133789,1.6019999980926514
27.399999618530273,10.273233413696289,2024-11-26T22:15:00Z,1,1,1,1,1,1,1,0,1,1,-2.200000047683716,-2.609999895095825,,,,,,,,,24.0,-1.8400000333786009,0.0,PS_036,,128.52000427246094,1.5820000171661377
27.600000381469727,10.267765998840332,2024-11-26T22:30:00Z,1,1,1,1,1,1,1,0,1,1,-1.7699999809265137,-1.2300000190734863,,,,,,,,,23.5,0.05000000074505806,0.0,PS_036,,166.51199340820312,1.6019999980926514
27.399999618530273,10.267765998840332,2024-11-26T22:45:00Z,1,1,1,1,1,1,1,0,1,1,-2.0899999141693115,-1.3899999856948853,,,,,,,,,23.5,-0.4499999880790711,0.0,PS_036,,139.41600036621094,1.6019999980926514
27.100000381469723,10.267765998840332,2024-11-26T23:00:00Z,1,1,1,1,1,1,1,0,1,1,-2.2699999809265137,-1.159999966621399,,,,,,,,,23.5,-1.1799999475479126,0.0,PS_036,,147.86399841308594,2.198000192642212
27.100000381469727,10.267765998840332,2024-11-26T23:15:00Z,1,1,1,1,1,1,1,0,1,1,-1.659999966621399,-0.8700000047683716,,,,,,,,,23.200000762939453,-0.05000000074505806,0.0,PS_036,,145.66799926757812,1.6779999732971191
26.799999237060547,10.267765998840332,2024-11-26T23:30:00Z,1,1,1,1,1,1,1,0,1,1,-2.4700000286102295,-1.0099999904632568,,,,,,,,,23.200000762939453,-0.8600000143051147,0.0,PS_036,,142.656005859375,1.6019999980926516
26.699999809265137,10.267765998840332,2024-11-26T23:45:00Z,0,0,0,0,0,0,1,0,0,0,-2.150000035762787,-0.9199999868869781,true,true,true,true,true,true,true,true,23.200000762939453,-0.5450000092387199,0.0,PS_036,,147.05400848388672,1.7459999918937683
26.600000381469727,10.267765998840332,2024-11-27T00:00:00Z,1,1,1,1,1,1,1,0,1,1,-1.8300000429153442,-0.8299999833106995,,,,,,,,,23.200000762939453,-0.23000000417232513,0.0,PS_036,,151.45201110839844,1.889999985694885
26.299999237060547,10.273233413696289,2024-11-27T00:15:00Z,1,1,1,1,1,1,1,0,1,1,-1.8300000429153442,-0.5699999928474426,,,,,,,,,22.700000762939453,-0.9200000166893005,0.0,PS_036,,172.76400756835938,1.6779999732971191
26.299999237060543,10.273233413696289,2024-11-27T00:30:00Z,1,1,1,1,1,1,1,0,1,1,-1.7599999904632568,-0.5699999928474426,,,,,,,,,22.399999618530273,-0.28999999165534973,0.0,PS_036,,145.09201049804688,1.6779999732971191
26.299999237060547,10.273233413696289,2024-11-27T00:45:00Z,1,1,1,1,1,1,1,0,1,1,-2.049999952316284,-0.5799999833106995,,,,,,,,,23.0,-0.05000000074505806,0.0,PS_036,,128.8679962158203,1.7939999103546143
26.0,10.267765998840332,2024-11-27T01:00:00Z,1,1,1,1,1,1,1,0,1,1,-1.8600000143051147,-1.0299999713897705,,,,,,,,,22.700000762939453,-0.8199999928474427,0.0,PS_036,,131.65200805664062,1.8899999856948853
26.0,10.273233413696289,2024-11-27T01:15:00Z,1,1,1,1,1,1,1,0,1,1,-1.600000023841858,-0.5,,,,,,,,,22.399999618530273,-0.03999999910593033,0.0,PS_036,,120.7679977416992,1.9680000543594363
25.999999999999996,10.273233413696289,2024-11-27T01:30:00Z,1,1,1,1,1,1,1,0,1,1,-1.8099999427795412,-0.1899999976158142,,,,,,,,,22.200000762939453,-0.5799999833106995,0.0,PS_036,,130.60800170898438,1.50600004196167
25.799999237060547,10.273233413696289,2024-11-27T01:45:00Z,1,1,1,1,1,1,1,0,1,1,-2.0,-1.0299999713897705,,,,,,,,,22.200000762939453,-0.7599999904632568,0.0,PS_036,,163.6199951171875,1.7939999103546143
25.5,10.273233413696289,2024-11-27T02:00:00Z,1,1,1,1,1,1,1,0,1,1,-2.119999885559082,-1.1699999570846558,,,,,,,,,21.899999618530273,-0.33000001311302185,0.0,PS_036,,139.6439971923828,1.6779999732971191
25.0,10.273233413696287,2024-11-27T02:15:00Z,1,1,1,1,1,1,1,0,1,1,-2.009999990463257,-1.059999942779541,,,,,,,,,21.899999618530273,-0.9200000166893005,0.0,PS_036,,140.447998046875,2.488000154495239
24.999999999999996,10.273233413696289,2024-11-27T02:30:00Z,1,1,1,1,1,1,1,0,1,1,-1.940000057220459,-0.5899999737739563,,,,,,,,,22.200000762939453,-0.5199999809265137,0.0,PS_036,,112.88399505615234,1.9879999160766602
25.0,10.273233413696289,2024-11-27T02:45:00Z,1,1,1,1,1,1,1,0,1,1,-1.7799999713897705,-0.899999976158142,,,,,,,,,21.600000381469727,-1.1200000047683716,0.0,PS_036,,138.947998046875,1.9879999160766604
,,2024-11-27T03:00:00Z,0,0,0,0,0,0,1,0,0,0,,,,,,,,,,,,,0.0,PS_036,,,
,,2024-11-27T03:15:00Z,0,0,0,0,0,0,1,0,0,0,,,,,,,,,,,,,0.0,PS_036,,,
,,2024-11-27T03:30:00Z,0,0,0,0,0,0,1,0,0,0,,,,,,,,,,,,,0.0,PS_036,,,
,,2024-11-27T03:45:00Z,0,0,0,0,0,0,1,0,0,0,,,,,,,,,,,,,0.0,PS_036,,,
,,2024-11-27T04:00:00Z,0,0,0,0,0,0,1,0,0,0,,,,,,,,,,,,,0.0,PS_036,,,
,,2024-11-27T04:15:00Z,0,0,0,0,0,0,1,0,0,0,,,,,,,,,,,,,0.0,PS_036,,,
,,2024-11-27T04:30:00Z,0,0,0,0,0,0,1,0,0,0,,,,,,,,,,,,,0.0,PS_036,,,
,,2024-11-27T04:45:00Z,0,0,0,0,0,0,1,0,0,0,,,,,,,,,,,,,0.0,PS_036,,,
,,2024-11-27T05:00:00Z,0,0,0,0,0,0,1,0,0,0,,,,,,,,,,,,,0.0,PS_036,,,
,,2024-11-27T05:15:00Z,0,0,0,0,0,0,1,0,0,0,,,,,,,,,,,,,0.0,PS_036,,,
,,2024-11-27T05:30:00Z,0,0,0,0,0,0,1,0,0,0,,,,,,,,,,,,,0.0,PS_036,,,
,,2024-11-27T05:45:00Z,0,0,0,0,0,0,1,0,0,0,,,,,,,,,,,,,0.0,PS_036,,,
,,2024-11-27T06:00:00Z,0,0,0,0,0,0,1,0,0,0,,,,,,,,,,,,,0.0,PS_036,,,
,,2024-11-27T06:15:00Z,0,0,0,0,0,0,1,0,0,0,,,,,,,,,,,,,0.0,PS_036,,,
,,2024-11-27T06:30:00Z,0,0,0,0,0,0,1,0,0,0,,,,,,,,,,,,,0.0,PS_036,,,
,,2024-11-27T06:45:00Z,0,0,0,0,0,0,1,0,0,0,,,,,,,,,,,,,0.0,PS_036,,,
,,2024-11-27T07:00:00Z,0,0,0,0,0,0,1,0,0,0,,,,,,,,,,,,,0.0,PS_036,,,
,,2024-11-27T07:15:00Z,0,0,0,0,0,0,1,0,0,0,,,,,,,,,,,,,0.0,PS_036,,,
,,2024-11-27T07:30:00Z,0,0,0,0,0,0,1,0,0,0,,,,,,,,,,,,,0.0,PS_036,,,
,,2024-11-27T07:45:00Z,0,0,0,0,0,0,1,0,0,0,,,,,,,,,,,,,0.0,PS_036,,,
,,2024-11-27T08:00:00Z,0,0,0,0,0,0,1,0,0,0,,,,,,,,,,,,,0.0,PS_036,,,
,,2024-11-27T08:15:00Z,0,0,0,0,0,0,1,0,0,0,,,,,,,,,,,,,0.0,PS_036,,,
,,2024-11-27T08:30:00Z,0,0,0,0,0,0,1,0,0,0,,,,,,,,,,,,,0.0,PS_036,,,
,,2024-11-27T08:45:00Z,0,0,0,0,0,0,1,0,0,0,,,,,,,,,,,,,0.0,PS_036,,,
23.600000381469727,10.278017044067383,2024-11-27T09:00:00Z,1,1,1,1,1,1,1,0,1,1,72.1500015258789,6.739999771118163,,,,,,,,,22.5,107.69000244140625,0.0,PS_036,,63.204002380371094,3.200000047683716
24.100000381469727,10.278017044067383,2024-11-27T09:15:00Z,1,1,1,1,1,1,1,0,1,1,124.1800003051758,7.710000038146973,,,,,,,,,25.200000762939453,214.99000549316406,0.0,PS_036,,81.50399780273438,3.1040000915527344
25.0,10.278017044067383,2024-11-27T09:30:00Z,1,1,1,1,1,1,1,0,1,1,185.8699951171875,13.069999694824219,,,,,,,,,27.600000381469727,348.80999755859375,0.0,PS_036,,78.26399993896484,4.182000160217285
25.25,10.278017044067383,2024-11-27T09:45:00Z,0,0,0,0,0,0,1,0,0,0,218.87999725341797,21.28499984741211,true,true,true,true,true,true,true,true,28.40000057220459,417.4199981689453,0.0,PS_036,,72.64799880981445,4.240000009536743
25.5,10.278017044067383,2024-11-27T10:00:00Z,1,1,1,1,1,1,1,0,1,1,251.88999938964844,29.5,,,,,,,,,29.200000762939453,486.0299987792969,0.0,PS_036,,67.03199768066406,4.297999858856201
25.799999237060547,10.278017044067383,2024-11-27T10:15:00Z,1,1,1,1,1,1,1,0,1,1,315.55999755859375,40.7599983215332,,,,,,,,,31.399999618530273,602.989990234375,0.0,PS_036,,94.59600067138672,4.182000160217285
26.299999237060547,10.283483505249023,2024-11-27T10:30:00Z,1,1,1,1,1,1,1,0,1,1,380.1600036621094,41.70000076293945,,,,,,,,,34.099998474121094,741.3499755859375,0.0,PS_036,,56.375999450683594,4.1060004234313965
27.100000381469727,10.283483505249025,2024-11-27T10:45:00Z,1,1,1,1,1,1,1,0,1,1,444.0400085449219,48.81000137329102,,,,,,,,,37.400001525878906,863.4299926757812,0.0,PS_036,,69.2280044555664,4.702000141143799
27.700000762939453,10.288949966430664,2024-11-27T11:00:00Z,1,1,1,1,1,1,1,0,1,1,510.75000000000006,51.47999954223633,,,,,,,,,39.0,910.27001953125,0.0,PS_036,,103.39199829101562,3.2960000038146973
28.200000762939453,10.288949966430664,2024-11-27T11:15:00Z,1,1,1,1,1,1,1,0,1,1,575.3200073242188,54.959999084472656,,,,,,,,,40.599998474121094,944.1799926757812,0.0,PS_036,,61.00799560546875,3.912000179290771
29.299999237060547,10.288949966430664,2024-11-27T11:30:00Z,1,1,1,1,1,1,1,0,1,1,637.3099975585938,55.95000076293945,,,,,,,,,43.900001525878906,975.2100219726564,0.0,PS_036,,42.70800018310547,1.3320000171661377
29.499999999999996,10.288949966430664,2024-11-27T11:45:00Z,1,1,1,1,1,1,1,0,1,1,647.3400268554688,55.56000137329102,,,,,,,,,42.5,901.280029296875,0.0,PS_036,,12.359999656677246,5.105999946594238
29.799999237060547,10.288949966430664,2024-11-27T12:00:00Z,1,1,1,1,1,1,1,0,1,1,466.6799926757812,52.34000015258788,,,,,,,,,41.099998474121094,585.2100219726562,0.0,PS_036,,19.307998657226562,2.314000129699707
29.5,10.293732643127441,2024-11-27T12:15:00Z,1,1,1,1,1,1,1,0,1,1,569.3300170898438,64.4000015258789,,,,,,,,,39.20000076293945,652.1099853515625,0.0,PS_036,,21.04800033569336,3.5280001163482666
29.5,10.293732643127441,2024-11-27T12:30:00Z,1,1,1,1,1,1,1,0,1,1,690.5700073242188,70.5199966430664,,,,,,,,,36.79999923706055,777.47998046875,0.0,PS_036,,62.051998138427734,3.740000009536743
30.89999961853027,10.293732643127441,2024-11-27T12:45:00Z,1,1,1,1,1,1,1,0,1,1,391.1499938964843,49.93000030517578,,,,,,,,,44.400001525878906,430.00000000000006,0.0,PS_036,,21.395999908447266,2.930000066757202
30.600000381469723,10.293732643127441,2024-11-27T13:00:00Z,1,1,1,1,1,1,1,0,1,1,1079.27001953125,79.79000091552734,,,,,,,,,43.900001525878906,1210.5,0.0,PS_036,,332.5920104980469,1.25600004196167
30.299999237060547,10.293732643127441,2024-11-27T13:15:00Z,1,1,1,1,1,1,1,0,1,1,299.5799865722656,33.38999938964844,,,,,,,,,39.20000076293945,316.739990234375,0.0,PS_036,,19.42799949645996,1.8339999914169312
30.84999942779541,10.293732643127441,2024-11-27T13:30:00Z,0,0,0,0,0,0,1,0,0,0,709.6800079345703,54.45000076293945,true,true,true,true,true,true,true,true,41.64999961853027,757.2799682617188,0.0,PS_036,,37.379998207092285,2.7290000319480896
31.39999961853027,10.293732643127441,2024-11-27T13:45:00Z,1,1,1,1,1,1,1,0,1,1,1119.780029296875,75.51000213623047,,,,,,,,,44.099998474121094,1197.8199462890625,0.0,PS_036,,55.33199691772461,3.624000072479248
32.5,10.293732643127441,2024-11-27T14:00:00Z,1,1,1,1,1,1,1,0,1,1,1150.18994140625,75.68000030517578,,,,,,,,,45.79999923706055,1208.77001953125,0.0,PS_036,,35.41200256347656,6.01200008392334
31.200000762939453,10.293732643127441,2024-11-27T14:15:00Z,1,1,1,1,1,1,1,0,1,1,282.29998779296875,29.670000076293945,,,,,,,,,41.400001525878906,277.4599914550781,0.0,PS_036,,62.50800323486328,5.009999752044678
32.5,10.293732643127441,2024-11-27T14:30:00Z,1,1,1,1,1,1,1,0,1,1,384.1600036621094,35.130001068115234,,,,,,,,,43.79999923706055,381.75,0.0,PS_036,,32.74799728393555,1.3320000171661377
32.0,10.293732643127441,2024-11-27T14:45:00Z,1,1,1,1,1,1,1,0,1,1,214.13999938964847,22.079999923706055,,,,,,,,,41.099998474121094,223.4600067138672,0.0,PS_036,,19.775999069213867,2.8540000915527344
31.700000762939457,10.293732643127441,2024-11-27T15:00:00Z,1,1,1,1,1,1,1,0,1,1,389.9599914550781,33.45000076293945,,,,,,,,,37.900001525878906,397.6300048828125,0.0,PS_036,,56.95199966430664,2.6419999599456787
32.20000076293945,10.293732643127441,2024-11-27T15:15:00Z,1,1,1,1,1,1,1,0,1,1,376.4599914550781,34.70000076293945,,,,,,,,,40.5999984741211,378.33999633789057,0.0,PS_036,,65.98799896240234,4.934000015258788
31.399999618530273,10.293732643127441,2024-11-27T15:30:00Z,1,1,1,1,1,1,1,0,1,1,244.3000030517578,26.229999542236328,,,,,,,,,34.599998474121094,243.97999572753906,0.0,PS_036,,63.78000259399414,4.509999752044678
31.39999961853027,10.293732643127441,2024-11-27T15:45:00Z,1,1,1,1,1,1,1,0,1,1,291.30999755859375,29.829999923706055,,,,,,,,,37.599998474121094,288.7300109863281,0.0,PS_036,,83.1240005493164,4.048000335693359
31.700000762939453,10.293732643127441,2024-11-27T16:00:00Z,1,1,1,1,1,1,1,0,1,1,1228.0600585937498,81.61000061035156,,,,,,,,,40.79999923706055,1273.5899658203125,0.0,PS_036,,78.49199676513672,7.26200008392334
32.20000076293945,10.293732643127441,2024-11-27T16:15:00Z,1,1,1,1,1,1,1,0,1,1,1162.469970703125,77.54000091552734,,,,,,,,,42.79999923706054,1201.4200439453125,0.0,PS_036,,91.11600494384764,4.818000316619873
33.0,10.293732643127441,2024-11-27T16:30:00Z,1,1,1,1,1,1,1,0,1,1,1114.510009765625,76.5199966430664,,,,,,,,,42.5,1166.47998046875,0.0,PS_036,,51.744003295898445,5.03000020980835
31.39999961853027,10.299200057983398,2024-11-27T16:45:00Z,1,1,1,1,1,1,1,0,1,1,995.8900146484374,58.470001220703125,,,,,,,,,35.900001525878906,1009.3099975585938,0.0,PS_036,,73.63200378417969,4.509999752044678
31.949999809265137,10.29646635055542,2024-11-27T17:00:00Z,0,0,0,0,0,0,1,0,0,0,1007.9200134277344,64.41500091552734,true,true,true,true,true,true,true,true,39.20000076293945,1065.5249938964844,0.0,PS_036,,59.676002502441406,5.597999811172485
32.5,10.293732643127441,2024-11-27T17:15:00Z,1,1,1,1,1,1,1,0,1,1,1019.9500122070312,70.36000061035156,,,,,,,,,42.5,1121.739990234375,0.0,PS_036,,45.720001220703125,6.685999870300293
33.29999923706055,10.299200057983398,2024-11-27T17:30:00Z,1,1,1,1,1,1,1,0,1,1,1024.97998046875,73.81999969482422,,,,,,,,,43.79999923706055,1160.280029296875,0.0,PS_036,,51.85199737548828,4.528000354766846
32.20000076293945,10.299200057983398,2024-11-27T17:45:00Z,1,1,1,1,1,1,1,0,1,1,793.25,58.09000015258789,,,,,,,,,41.70000076293945,925.3099975585936,0.0,PS_036,,66.91200256347656,4.124000072479248
33.29999923706055,10.304666519165039,2024-11-27T18:00:00Z,1,1,1,1,1,1,1,0,1,1,880.3599853515625,68.0199966430664,,,,,,,,,47.70000076293945,1091.469970703125,0.0,PS_036,,53.59199905395508,4.21999979019165
32.79999923706055,10.304666519165039,2024-11-27T18:15:00Z,1,1,1,1,1,1,1,0,1,1,985.25,82.5199966430664,,,,,,,,,44.099998474121094,1216.5400390625,0.0,PS_036,,59.49599838256836,6.01200008392334
31.899999618530273,10.299200057983398,2024-11-27T18:30:00Z,1,1,1,1,1,1,1,0,1,1,637.5800170898438,71.63999938964844,,,,,,,,,37.599998474121094,796.0499877929688,0.0,PS_036,,65.63999938964844,6.898000240325928
32.79999923706055,10.299200057983398,2024-11-27T18:45:00Z,1,1,1,1,1,1,1,0,1,1,859.3200073242188,87.70999908447266,,,,,,,,,45.5,1099.18994140625,0.0,PS_036,,41.31599807739258,3.450000047683716
33.0,10.304666519165039,2024-11-27T19:00:00Z,1,1,1,1,1,1,1,0,1,1,744.4099731445312,68.04000091552734,,,,,,,,,44.4000015258789,1090.239990234375,0.0,PS_036,,25.104001998901367,2.0260000228881836
33.0,10.304666519165039,2024-11-27T19:15:00Z,1,1,1,1,1,1,1,0,1,1,673.280029296875,69.04000091552734,,,,,,,,,43.79999923706055,1032.760009765625,0.0,PS_036,,92.04000091552734,5.915999889373778
32.5,10.304666519165039,2024-11-27T19:30:00Z,1,1,1,1,1,1,1,0,1,1,211.32000732421875,30.879999160766605,,,,,,,,,40.29999923706055,309.6000061035156,0.0,PS_036,,69.3479995727539,2.930000066757202
31.399999618530273,10.304666519165037,2024-11-27T19:45:00Z,1,1,1,1,1,1,1,0,1,1,137.36000061035156,12.34000015258789,,,,,,,,,33.5,219.10000610351562,0.0,PS_036,,67.13999938964844,4.509999752044678
30.899999618530273,10.299200057983398,2024-11-27T20:00:00Z,1,1,1,1,1,1,1,0,1,1,64.2699966430664,6.110000133514404,,,,,,,,,31.299999237060547,80.61000061035156,0.0,PS_036,,64.8239974975586,2.314000129699707
30.299999237060547,10.293732643127441,2024-11-27T20:15:00Z,1,1,1,1,1,1,1,0,1,1,44.0099983215332,2.940000057220459,,,,,,,,,30.20000076293945,51.02000045776367,0.0,PS_036,,23.591999053955078,1.5239999294281006
29.799999237060547,10.293732643127441,2024-11-27T20:30:00Z,1,1,1,1,1,1,1,0,1,1,34.59000015258789,1.690000057220459,,,,,,,,,29.200000762939453,38.11000061035156,0.0,PS_036,,16.992000579833984,3.123999834060669
29.649999618530273,10.293732643127441,2024-11-27T20:45:00Z,0,0,0,0,0,0,1,0,0,0,31.15499973297119,1.5950000286102295,true,true,true,true,true,true,true,true,28.800000190734863,33.72500038146973,0.0,PS_036,,179.01600456237793,2.96999990940094
29.5,10.293732643127441,2024-11-27T21:00:00Z,1,1,1,1,1,1,1,0,1,1,27.719999313354492,1.5,,,,,,,,,28.399999618530273,29.34000015258789,0.0,PS_036,,341.0400085449219,2.815999984741211
27.600000381469727,10.288949966430664,2024-11-27T21:15:00Z,1,1,1,1,1,1,1,0,1,1,20.59000015258789,0.6800000071525574,,,,,,,,,27.0,20.559999465942383,0.0,PS_036,,327.0359802246094,1.2160000801086426
27.100000381469727,10.288949966430664,2024-11-27T21:30:00Z,1,1,1,1,1,1,1,0,1,1,11.760000228881836,0.009999999776482582,,,,,,,,,25.399999618530273,11.270000457763672,0.0,PS_036,,318.45599365234375,1.6019999980926514
26.799999237060547,10.288949966430664,2024-11-27T21:45:00Z,1,1,1,1,1,1,1,0,1,1,1.7899999618530273,-1.0399999618530273,,,,,,,,,24.600000381469727,1.5,0.0,PS_036,,201.02398681640625,0.3320000171661377
26.799999237060547,10.288949966430664,2024-11-27T22:00:00Z,1,1,1,1,1,1,1,0,1,1,-1.6200000047683716,-0.75,,,,,,,,,24.0,-1.5800000429153442,0.0,PS_036,,286.95599365234375,0.3320000171661377
26.60000038146973,10.288949966430664,2024-11-27T22:15:00Z,1,1,1,1,1,1,1,0,1,1,-1.299999952316284,-1.4099999666213991,,,,,,,,,24.000000000000004,0.5400000214576721,0.0,PS_036,,141.61199951171875,0.793999969959259
26.299999237060547,10.293732643127441,2024-11-27T22:30:00Z,1,1,1,1,1,1,1,0,1,1,-1.8700000047683716,-0.75,,,,,,,,,23.799999237060547,-0.5099999904632568,0.0,PS_036,,108.83999633789062,0.21599999070167544
26.299999237060547,10.293732643127441,2024-11-27T22:45:00Z,1,1,1,1,1,1,1,0,1,1,-1.8200000524520874,-1.1699999570846558,,,,,,,,,23.200000762939453,-1.1200000047683716,0.0,PS_036,,124.93199920654297,-0.052000001072883606
26.0,10.288949966430664,2024-11-27T23:00:00Z,1,1,1,1,1,1,1,0,1,1,-1.1299999952316284,-1.1299999952316284,,,,,,,,,22.700000762939453,-0.09000000357627869,0.0,PS_036,,152.1479949951172,1.0820000171661377
25.5,10.288949966430664,2024-11-27T23:15:00Z,1,1,1,1,1,1,1,0,1,1,-2.200000047683716,-0.5299999713897705,,,,,,,,,23.200000762939453,-0.1899999976158142,0.0,PS_036,,103.86000061035156,1.1980000734329224
25.5,10.288949966430664,2024-11-27T23:30:00Z,1,1,1,1,1,1,1,0,1,1,-1.1200000047683716,-0.4699999988079071,,,,,,,,,23.0,0.2099999934434891,0.0,PS_036,,101.30400085449219,0.3320000171661377
25.200000762939453,10.288949966430664,2024-11-27T23:45:00Z,1,1,1,1,1,1,1,0,1,1,-1.3700000047683716,-1.2400000095367432,,,,,,,,,23.0,-0.7699999809265137,0.0,PS_036,,95.052001953125,0.12000000476837158
25.200000762939453,10.288949966430664,2024-11-28T00:00:00Z,1,1,1,1,1,1,1,0,1,1,-1.5299999713897705,-0.8100000023841858,,,,,,,,,22.399999618530273,-0.7599999904632568,0.0,PS_036,,130.95599365234375,-0.07200000435113907
25.799999237060547,10.288949966430664,2024-11-28T00:15:00Z,1,1,1,1,1,1,1,0,1,1,-0.9399999976158142,-0.20999999344348907,,,,,,,,,22.399999618530273,0.33000001311302185,0.0,PS_036,,259.16400146484375,-0.052000001072883606
25.09999942779541,10.286216735839844,2024-11-28T00:30:00Z,0,0,0,0,0,0,1,0,0,0,-2.0999999940395355,-1.0049999728798866,true,true,true,true,true,true,true,true,22.399999618530273,-1.0450000315904617,0.0,PS_036,,256.38599395751953,-0.052000001072883606
24.399999618530273,10.283483505249023,2024-11-28T00:45:00Z,1,1,1,1,1,1,1,0,1,1,-3.259999990463257,-1.7999999523162842,,,,,,,,,22.399999618530273,-2.4200000762939453,0.0,PS_036,,253.6079864501953,-0.052000001072883606
25.0,10.288949966430664,2024-11-28T01:00:00Z,1,1,1,1,1,1,1,0,1,1,-1.100000023841858,-0.5699999928474426,,,,,,,,,22.399999618530273,0.09000000357627869,0.0,PS_036,,186.08399963378906,0.19600000977516174
25.5,10.283483505249023,2024-11-28T01:15:00Z,1,1,1,1,1,1,1,0,1,1,-1.149999976158142,0.09000000357627869,,,,,,,,,22.700000762939453,-0.3499999940395355,0.0,PS_036,,333.5159912109375,-0.052000001072883606
25.799999237060547,10.283483505249023,2024-11-28T01:30:00Z,1,1,1,1,1,1,1,0,1,1,-0.8299999833106995,-0.18000000715255737,,,,,,,,,23.0,0.33000001311302185,0.0,PS_036,,346.83599853515625,-0.052000001072883606
25.5,10.288949966430664,2024-11-28T01:45:00Z,1,1,1,1,1,1,1,0,1,1,-1.2100000381469727,-0.41999998688697815,,,,,,,,,23.5,0.40999999642372126,0.0,PS_036,,89.26799774169922,0.12000000476837158
25.200000762939453,10.283483505249023,2024-11-28T02:00:00Z,1,1,1,1,1,1,1,0,1,1,-1.590000033378601,-0.9900000095367432,,,,,,,,,23.0,-0.27000001072883606,0.0,PS_036,,351.5879821777344,-0.052000001072883606
25.0,10.288949966430664,2024-11-28T02:15:00Z,1,1,1,1,1,1,1,0,1,1,-1.159999966621399,-0.9399999976158143,,,,,,,,,22.700000762939453,-0.7200000286102295,0.0,PS_036,,236.00401306152344,1.0820000171661377
25.0,10.283483505249023,2024-11-28T02:30:00Z,1,1,1,1,1,1,1,0,1,1,-1.7000000476837158,-0.8600000143051147,,,,,,,,,22.399999618530273,-0.15000000596046448,0.0,PS_036,,176.4720001220703,1.2160000801086426
24.700000762939453,10.288949966430664,2024-11-28T02:45:00Z,1,1,1,1,1,1,1,0,1,1,-1.1299999952316284,-1.0399999618530273,,,,,,,,,22.399999618530273,-0.12999999523162842,0.0,PS_036,,148.0919952392578,1.1019999980926514
,,2024-11-28T03:00:00Z,0,0,0,0,0,0,1,0,0,0,,,,,,,,,,,,,0.0,PS_036,,,
,,2024-11-28T03:15:00Z,0,0,0,0,0,0,1,0,0,0,,,,,,,,,,,,,0.0,PS_036,,,
,,2024-11-28T03:30:00Z,0,0,0,0,0,0,1,0,0,0,,,,,,,,,,,,,0.0,PS_036,,,
,,2024-11-28T03:45:00Z,0,0,0,0,0,0,1,0,0,0,,,,,,,,,,,,,0.0,PS_036,,,
,,2024-11-28T04:00:00Z,0,0,0,0,0,0,1,0,0,0,,,,,,,,,,,,,0.0,PS_036,,,
,,2024-11-28T04:15:00Z,0,0,0,0,0,0,1,0,0,0,,,,,,,,,,,,,0.0,PS_036,,,
,,2024-11-28T04:30:00Z,0,0,0,0,0,0,1,0,0,0,,,,,,,,,,,,,0.0,PS_036,,,
,,2024-11-28T04:45:00Z,0,0,0,0,0,0,1,0,0,0,,,,,,,,,,,,,0.0,PS_036,,,
,,2024-11-28T05:00:00Z,0,0,0,0,0,0,1,0,0,0,,,,,,,,,,,,,0.0,PS_036,,,
,,2024-11-28T05:15:00Z,0,0,0,0,0,0,1,0,0,0,,,,,,,,,,,,,0.0,PS_036,,,
,,2024-11-28T05:30:00Z,0,0,0,0,0,0,1,0,0,0,,,,,,,,,,,,,0.0,PS_036,,,
,,2024-11-28T05:45:00Z,0,0,0,0,0,0,1,0,0,0,,,,,,,,,,,,,0.0,PS_036,,,
,,2024-11-28T06:00:00Z,0,0,0,0,0,0,1,0,0,0,,,,,,,,,,,,,0.0,PS_036,,,
,,2024-11-28T06:15:00Z,0,0,0,0,0,0,1,0,0,0,,,,,,,,,,,,,0.0,PS_036,,,
,,2024-11-28T06:30:00Z,0,0,0,0,0,0,1,0,0,0,,,,,,,,,,,,,0.0,PS_036,,,
,,2024-11-28T06:45:00Z,0,0,0,0,0,0,1,0,0,0,,,,,,,,,,,,,0.0,PS_036,,,
,,2024-11-28T07:00:00Z,0,0,0,0,0,0,1,0,0,0,,,,,,,,,,,,,0.0,PS_036,,,
,,2024-11-28T07:15:00Z,0,0,0,0,0,0,1,0,0,0,,,,,,,,,,,,,0.0,PS_036,,,
,,2024-11-28T07:30:00Z,0,0,0,0,0,0,1,0,0,0,,,,,,,,,,,,,0.0,PS_036,,,
,,2024-11-28T07:45:00Z,0,0,0,0,0,0,1,0,0,0,,,,,,,,,,,,,0.0,PS_036,,,
,,2024-11-28T08:00:00Z,0,0,0,0,0,0,1,0,0,0,,,,,,,,,,,,,0.0,PS_036,,,
,,2024-11-28T08:15:00Z,0,0,0,0,0,0,1,0,0,0,,,,,,,,,,,,,0.0,PS_036,,,
,,2024-11-28T08:30:00Z,0,0,0,0,0,0,1,0,0,0,,,,,,,,,,,,,0.0,PS_036,,,
,,2024-11-28T08:45:00Z,0,0,0,0,0,0,1,0,0,0,,,,,,,,,,,,,0.0,PS_036,,,
24.399999618530273,10.288949966430664,2024-11-28T09:00:00Z,1,1,1,1,1,1,1,0,1,1,64.8499984741211,5.789999961853027,,,,,,,,,23.5,97.87999725341797,0.0,PS_036,,51.395999908447266,2.680000066757202
24.399999618530273,10.288949966430664,2024-11-28T09:15:00Z,0,0,0,0,0,0,1,0,0,0,92.64999771118164,6.859999895095825,true,true,true,true,true,true,true,true,24.449999809265137,146.01499557495117,0.0,PS_036,,65.00399971008301,2.9880000352859497
24.399999618530273,10.288949966430664,2024-11-28T09:30:00Z,1,1,1,1,1,1,1,0,1,1,120.44999694824219,7.929999828338624,,,,,,,,,25.399999618530273,194.14999389648438,0.0,PS_036,,78.61199951171875,3.2960000038146973
25.0,10.293732643127441,2024-11-28T09:45:00Z,1,1,1,1,1,1,1,0,1,1,180.58999633789062,16.719999313354492,,,,,,,,,27.299999237060543,319.260009765625,0.0,PS_036,,60.08399963378907,3.200000047683716
25.799999237060547,10.288949966430664,2024-11-28T10:00:00Z,1,1,1,1,1,1,1,0,1,1,243.1300048828125,31.940000534057617,,,,,,,,,29.200000762939457,447.9200134277344,0.0,PS_036,,54.63600158691406,4.297999858856201
26.299999237060547,10.293732643127441,2024-11-28T10:15:00Z,1,1,1,1,1,1,1,0,1,1,308.1499938964844,37.279998779296875,,,,,,,,,31.700000762939453,589.4500122070312,0.0,PS_036,,63.08399963378906,3.2960000038146973
26.600000381469723,10.288949966430664,2024-11-28T10:30:00Z,1,1,1,1,1,1,1,0,1,1,376.8999938964844,40.40999984741211,,,,,,,,,33.79999923706055,727.77001953125,0.0,PS_036,,66.79199981689453,3.5079998970031743
27.700000762939453,10.293732643127441,2024-11-28T10:45:00Z,1,1,1,1,1,1,1,0,1,1,443.2200012207031,49.810001373291016,,,,,,,,,37.400001525878906,838.25,0.0,PS_036,,10.859999656677246,4.315999984741211
28.200000762939453,10.293732643127443,2024-11-28T11:00:00Z,1,1,1,1,1,1,1,0,1,1,512.4199829101562,54.86000061035156,,,,,,,,,37.900001525878906,888.8599853515625,0.0,PS_036,,71.42400360107422,3.604000091552735
29.0,10.293732643127441,2024-11-28T11:15:00Z,1,1,1,1,1,1,1,0,1,1,597.7899780273438,59.54000091552734,,,,,,,,,40.29999923706055,953.510009765625,0.0,PS_036,,70.37999725341797,4.414000034332275
29.0,10.299200057983398,2024-11-28T11:30:00Z,1,1,1,1,1,1,1,0,1,1,479.0599975585937,51.45000076293945,,,,,,,,,39.20000076293945,655.8400268554688,0.0,PS_036,,39.816001892089844,6.973999977111816
28.700000762939453,10.299200057983398,2024-11-28T11:45:00Z,1,1,1,1,1,1,1,0,1,1,288.8900146484375,49.79999923706055,,,,,,,,,36.20000076293945,370.0,0.0,PS_036,,0.7799999713897705,4.202000141143799
29.799999237060547,10.293732643127441,2024-11-28T12:00:00Z,1,1,1,1,1,1,1,0,1,1,460.23001098632807,65.11000061035156,,,,,,,,,42.20000076293945,547.52001953125,0.0,PS_036,,354.0119934082031,3.740000009536743
29.799999237060547,10.299200057983398,2024-11-28T12:15:00Z,1,1,1,1,1,1,1,0,1,1,878.0900268554688,77.69999694824219,,,,,,,,,41.099998474121094,1096.280029296875,0.0,PS_036,,23.36400032043457,3.431999921798706
30.899999618530273,10.288949966430664,2024-11-28T12:30:00Z,1,1,1,1,1,1,1,0,1,1,995.1799926757812,88.05999755859375,,,,,,,,,45.79999923706055,1160.97998046875,0.0,PS_036,,348.1080017089844,4.740000247955322
30.5,10.294075012207031,2024-11-28T12:45:00Z,0,0,0,0,0,0,1,0,0,0,738.4649963378906,78.0,true,true,true,true,true,true,true,true,41.54999923706055,817.7849884033203,0.0,PS_036,,190.6560001373291,3.537000060081482
30.100000381469727,10.299200057983398,2024-11-28T13:00:00Z,1,1,1,1,1,1,1,0,1,1,481.75,67.94000244140625,,,,,,,,,37.29999923706055,474.5899963378906,0.0,PS_036,,33.20399856567383,2.3339998722076416
29.799999237060543,10.299200057983398,2024-11-28T13:15:00Z,1,1,1,1,1,1,1,0,1,1,408.5799865722656,58.97000122070313,,,,,,,,,35.400001525878906,395.42999267578125,0.0,PS_036,,40.847999572753906,4.0279998779296875
31.200000762939453,10.299200057983398,2024-11-28T13:30:00Z,1,1,1,1,1,1,1,0,1,1,810.9400024414062,76.87999725341797,,,,,,,,,40.29999923706055,809.7299804687499,0.0,PS_036,,7.8480000495910645,3.026000022888184
31.700000762939453,10.299200057983398,2024-11-28T13:45:00Z,1,1,1,1,1,1,1,0,1,1,628.9500122070312,66.51000213623047,,,,,,,,,43.900001525878906,637.6699829101562,0.0,PS_036,,342.0840148925781,3.758000135421753
31.200000762939453,10.304666519165039,2024-11-28T14:00:00Z,1,1,1,1,1,1,1,0,1,1,1172.1400146484375,84.81999969482422,,,,,,,,,38.900001525878906,1204.699951171875,0.0,PS_036,,43.05599975585937,4.644000053405762
32.79999923706055,10.299200057983398,2024-11-28T14:15:00Z,1,1,1,1,1,1,1,0,1,1,978.8599853515625,75.2300033569336,,,,,,,,,44.900001525878906,1039.300048828125,0.0,PS_036,,346.71600341796875,6.1080002784729
32.5,10.304666519165039,2024-11-28T14:30:00Z,1,1,1,1,1,1,1,0,1,1,1269.719970703125,84.43000030517578,,,,,,,,,44.70000076293946,1268.8399658203127,0.0,PS_036,,51.39599990844726,4.951999664306641
33.900001525878906,10.304666519165039,2024-11-28T14:45:00Z,1,1,1,1,1,1,1,0,1,1,1126.5899658203125,72.33999633789062,,,,,,,,,44.900001525878906,1132.0799560546875,0.0,PS_036,,70.37999725341797,6.012000083923341
33.599998474121094,10.304666519165039,2024-11-28T15:00:00Z,1,1,1,1,1,1,1,0,1,1,1202.449951171875,75.83999633789062,,,,,,,,,45.70000076293945,1203.8399658203125,0.0,PS_036,,330.39599609375,3.0460000038146973
33.900001525878906,10.304666519165039,2024-11-28T15:15:00Z,1,1,1,1,1,1,1,0,1,1,1239.449951171875,78.91999816894531,,,,,,,,,46.0,1238.0,0.0,PS_036,,8.303999900817871,3.450000047683716
33.900001525878906,10.304666519165039,2024-11-28T15:30:00Z,0,0,0,0,0,0,1,0,0,0,1148.97998046875,75.55999755859375,true,true,true,true,true,true,true,true,44.79999923706055,1170.530029296875,0.0,PS_036,,179.82601118087769,3.0070000886917114
33.900001525878906,10.304666519165039,2024-11-28T15:45:00Z,1,1,1,1,1,1,1,0,1,1,1058.510009765625,72.19999694824219,,,,,,,,,43.599998474121094,1103.06005859375,0.0,PS_036,,351.3480224609375,2.564000129699707
34.400001525878906,10.304666519165039,2024-11-28T16:00:00Z,1,1,1,1,1,1,1,0,1,1,1284.1400146484375,86.9800033569336,,,,,,,,,48.5,1297.050048828125,0.0,PS_036,,18.384000778198242,4.21999979019165
33.599998474121094,10.304666519165039,2024-11-28T16:15:00Z,1,1,1,1,1,1,1,0,1,1,305.7200012207031,32.79999923706055,,,,,,,,,41.099998474121094,306.239990234375,0.0,PS_036,,12.359999656677246,4.144000053405762
32.79999923706055,10.304666519165039,2024-11-28T16:30:00Z,1,1,1,1,1,1,1,0,1,1,449.7699890136719,33.83000183105469,,,,,,,,,37.79999923706055,474.3599853515625,0.0,PS_036,,57.52799606323242,6.99399995803833
33.900001525878906,10.304666519165039,2024-11-28T16:45:00Z,1,1,1,1,1,1,1,0,1,1,1033.3599853515625,67.94999694824219,,,,,,,,,40.79999923706055,1093.8399658203125,0.0,PS_036,,44.10000228881836,6.685999870300293
33.900001525878906,10.31013298034668,2024-11-28T17:00:00Z,1,1,1,1,1,1,1,0,1,1,1022.9000244140625,65.0199966430664,,,,,,,,,43.0,1111.43994140625,0.0,PS_036,,76.2959976196289,6.511999607086182
34.400001525878906,10.31013298034668,2024-11-28T17:15:00Z,1,1,1,1,1,1,1,0,1,1,1014.1300048828125,72.18000030517578,,,,,,,,,44.400001525878906,1118.199951171875,0.0,PS_036,,58.692001342773445,6.6080002784728995
34.099998474121094,10.304666519165039,2024-11-28T17:30:00Z,1,1,1,1,1,1,1,0,1,1,794.1199951171875,64.83999633789062,,,,,,,,,42.5,873.0900268554688,0.0,PS_036,,74.90399932861328,7.97599983215332
34.400001525878906,10.304666519165039,2024-11-28T17:45:00Z,1,1,1,1,1,1,1,0,1,1,772.5999755859375,69.44000244140625,,,,,,,,,46.5,873.5,0.0,PS_036,,54.28800201416015,1.25600004196167
33.29999923706055,10.31013298034668,2024-11-28T18:00:00Z,1,1,1,1,1,1,1,0,1,1,886.969970703125,82.79000091552734,,,,,,,,,41.900001525878906,1011.7100219726562,0.0,PS_036,,89.49600219726562,8.380000114440918
33.599998474121094,10.31013298034668,2024-11-28T18:15:00Z,1,1,1,1,1,1,1,0,1,1,1017.4500122070312,92.79000091552734,,,,,,,,,42.70000076293945,1203.0999755859375,0.0,PS_036,,62.85600280761719,8.263999938964844
33.79999923706055,10.31013298034668,2024-11-28T18:30:00Z,1,1,1,1,1,1,1,0,1,1,839.47998046875,87.4800033569336,,,,,,,,,43.79999923706055,994.2899780273436,0.0,PS_036,,50.35200119018555,5.2220001220703125
32.79999923706055,10.31013298034668,2024-11-28T18:45:00Z,1,1,1,1,1,1,1,0,1,1,255.46000671386722,48.869998931884766,,,,,,,,,37.29999923706055,188.60000610351562,0.0,PS_036,,45.37200164794922,4.124000072479248
32.5,10.30739974975586,2024-11-28T19:00:00Z,0,0,0,0,0,0,1,0,0,0,198.31999969482422,43.78499984741211,true,true,true,true,true,true,true,true,35.64999961853027,151.45000457763672,0.0,PS_036,,193.78799057006836,3.228999972343445
32.20000076293945,10.304666519165039,2024-11-28T19:15:00Z,1,1,1,1,1,1,1,0,1,1,141.17999267578125,38.70000076293945,,,,,,,,,34.0,114.30000305175781,0.0,PS_036,,342.2039794921875,2.3339998722076416
29.0,10.299200057983398,2024-11-28T19:30:00Z,1,1,1,1,1,1,1,0,1,1,90.5199966430664,18.079999923706055,,,,,,,,,32.400001525878906,101.91000366210938,0.0,PS_036,,254.41200256347656,3.624000072479248
29.200000762939457,10.299200057983398,2024-11-28T19:45:00Z,1,1,1,1,1,1,1,0,1,1,249.1999969482422,27.76000022888184,,,,,,,,,36.0,437.85998535156244,0.0,PS_036,,298.7760009765625,1.0240000486373901
29.299999237060547,10.299200057983398,2024-11-28T20:00:00Z,1,1,1,1,1,1,1,0,1,1,118.11000061035156,12.760000228881836,,,,,,,,,33.20000076293945,163.25999450683594,0.0,PS_036,,195.1199951171875,2.00600004196167
29.0,10.299200057983398,2024-11-28T20:15:00Z,1,1,1,1,1,1,1,0,1,1,138.08999633789062,12.960000038146973,,,,,,,,,31.899999618530273,173.5500030517578,0.0,PS_036,,203.45999145507812,3.007999897003174
29.799999237060547,10.304666519165039,2024-11-28T20:30:00Z,1,1,1,1,1,1,1,0,1,1,217.99000549316406,23.799999237060547,,,,,,,,,34.099998474121094,317.94000244140625,0.0,PS_036,,145.7760009765625,0.5239999890327454
29.299999237060543,10.299200057983398,2024-11-28T20:45:00Z,1,1,1,1,1,1,1,0,1,1,141.52000427246094,15.3100004196167,,,,,,,,,33.5,172.52999877929688,0.0,PS_036,,216.43199157714844,2.430000066757202
28.700000762939453,10.299200057983398,2024-11-28T21:00:00Z,1,1,1,1,1,1,1,0,1,1,90.48000335693361,8.25,,,,,,,,,30.799999237060547,91.59999847412108,0.0,PS_036,,177.5159912109375,2.700000047683716
28.200000762939453,10.293732643127443,2024-11-28T21:15:00Z,1,1,1,1,1,1,1,0,1,1,58.09999847412109,5.300000190734863,,,,,,,,,29.200000762939457,57.18000030517578,0.0,PS_036,,239.47200012207034,1.9099999666213987
27.600000381469727,10.299200057983398,2024-11-28T21:30:00Z,1,1,1,1,1,1,1,0,1,1,21.459999084472656,0.699999988079071,,,,,,,,,27.299999237060547,20.420000076293945,0.0,PS_036,,242.25599670410156,0.7360000014305115
27.39999961853027,10.299200057983398,2024-11-28T21:45:00Z,1,1,1,1,1,1,1,0,1,1,-0.49000000953674316,-2.2300000190734863,,,,,,,,,25.700000762939453,-1.090000033378601,0.0,PS_036,,150.87599182128906,1.8140000104904175
26.799999237060547,10.299200057983398,2024-11-28T22:00:00Z,1,1,1,1,1,1,1,0,1,1,-1.9199999570846558,-1.7599999904632568,,,,,,,,,25.399999618530273,-1.8200000524520874,0.0,PS_036,,203.91598510742188,1.3899999856948853
27.399999618530277,10.299200057983398,2024-11-28T22:15:00Z,1,1,1,1,1,1,1,0,1,1,-0.17000000178813934,-0.4099999964237213,,,,,,,,,25.100000381469727,0.959999978542328,0.0,PS_036,,117.63600158691408,1.1019999980926514
27.399999618530273,10.293732643127441,2024-11-28T22:30:00Z,1,1,1,1,1,1,1,0,1,1,-0.7400000095367432,-0.8199999928474426,,,,,,,,,25.899999618530273,0.33000001311302185,0.0,PS_036,,138.0240020751953,1.3140000104904175
27.399999618530273,10.293732643127441,2024-11-28T22:45:00Z,0,0,0,0,0,0,1,0,0,0,-0.8250000178813934,-0.7199999988079071,true,true,true,true,true,true,true,true,25.899999618530273,0.05500000715255737,0.0,PS_036,,157.2480010986328,1.1210000216960907
27.399999618530273,10.293732643127441,2024-11-28T23:00:00Z,1,1,1,1,1,1,1,0,1,1,-0.9100000262260437,-0.6200000047683716,,,,,,,,,25.899999618530273,-0.2199999988079071,0.0,PS_036,,176.4720001220703,0.9280000329017639
27.700000762939453,10.299200057983398,2024-11-28T23:15:00Z,1,1,1,1,1,1,1,0,1,1,-0.4399999976158142,-0.6700000166893005,,,,,,,,,25.700000762939453,0.6800000071525574,0.0,PS_036,,133.15200805664062,0.9280000329017639
27.399999618530273,10.299200057983398,2024-11-28T23:30:00Z,1,1,1,1,1,1,1,0,1,1,-1.2400000095367432,-1.0,,,,,,,,,26.200000762939457,-0.699999988079071,0.0,PS_036,,141.2639923095703,1.6779999732971191
27.100000381469727,10.2992000579834,2024-11-28T23:45:00Z,1,1,1,1,1,1,1,0,1,1,-1.1799999475479126,-0.4300000071525574,,,,,,,,,25.899999618530273,-0.6800000071525574,0.0,PS_036,,91.5840072631836,1.8140000104904175
27.700000762939453,10.299200057983398,2024-11-29T00:00:00Z,1,1,1,1,1,1,1,0,1,1,-0.1899999976158142,0.3700000047683716,,,,,,,,,26.5,0.0,0.0,PS_036,,89.3759994506836,4.085999965667725
27.700000762939453,10.299200057983398,2024-11-29T00:15:00Z,1,1,1,1,1,1,1,0,1,1,-0.9900000095367432,-0.4099999964237213,,,,,,,,,26.999999999999996,-0.9100000262260436,0.0,PS_036,,59.38800048828125,3.48799991607666
27.399999618530273,10.299200057983398,2024-11-29T00:30:00Z,1,1,1,1,1,1,1,0,1,1,-1.5499999523162842,-0.8600000143051147,,,,,,,,,26.799999237060547,-1.5299999713897707,0.0,PS_036,,62.1599998474121,3.5859999656677246
27.100000381469727,10.299200057983398,2024-11-29T00:45:00Z,1,1,1,1,1,1,1,0,1,1,-2.059999942779541,-1.2799999713897705,,,,,,,,,26.200000762939453,-2.049999952316284,0.0,PS_036,,50.35200119018555,0.9079999923706055
26.799999237060547,10.293732643127441,2024-11-29T01:00:00Z,1,1,1,1,1,1,1,0,1,1,-1.2599999904632568,-0.8199999928474426,,,,,,,,,25.899999618530273,-1.059999942779541,0.0,PS_036,,56.832000732421875,3.2780001163482666
26.799999237060547,10.299200057983398,2024-11-29T01:15:00Z,1,1,1,1,1,1,1,0,1,1,-1.7000000476837158,-0.9399999976158142,,,,,,,,,25.899999618530273,-1.6100000143051147,0.0,PS_036,,77.22000122070312,2.815999984741211
26.60000038146973,10.299200057983398,2024-11-29T01:30:00Z,1,1,1,1,1,1,1,0,1,1,-1.3300000429153442,-0.6899999976158142,,,,,,,,,25.899999618530273,-1.3099999427795408,0.0,PS_036,,41.66400146484375,4.875999927520752
26.0,10.293732643127441,2024-11-29T01:45:00Z,1,1,1,1,1,1,1,0,1,1,-2.0,-1.399999976158142,,,,,,,,,25.399999618530273,-1.9800000190734863,0.0,PS_036,,357.02398681640625,-0.052000001072883606
25.799999237060547,10.293732643127441,2024-11-29T02:00:00Z,1,1,1,1,1,1,1,0,1,1,-1.2000000476837158,-0.9599999785423278,,,,,,,,,24.600000381469727,-0.9200000166893005,0.0,PS_036,,82.08000183105469,1.2160000801086426
26.0,10.299200057983398,2024-11-29T02:15:00Z,1,1,1,1,1,1,1,0,1,1,-1.0499999523162842,-0.3799999952316284,,,,,,,,,25.100000381469727,-0.7799999713897705,0.0,PS_036,,77.79600524902344,2.9700000286102295
25.899999618530273,10.29646635055542,2024-11-29T02:30:00Z,0,0,0,0,0,0,1,0,0,0,-1.0699999928474426,-0.49000000953674316,true,true,true,true,true,true,true,true,25.100000381469727,-0.9850000143051147,0.0,PS_036,,76.23600006103516,3.124000072479248
25.799999237060547,10.293732643127441,2024-11-29T02:45:00Z,1,1,1,1,1,1,1,0,1,1,-1.090000033378601,-0.6000000238418579,,,,,,,,,25.100000381469727,-1.190000057220459,0.0,PS_036,,74.67599487304688,3.2780001163482666
26.0,10.299200057983398,2024-11-29T03:00:00Z,1,1,1,1,1,1,1,0,1,1,-1.3899999856948853,-0.9100000262260437,,,,,,,,,24.899999618530273,-1.190000057220459,0.0,PS_036,,75.13200378417969,1.2940000295639038
,,2024-11-29T03:15:00Z,0,0,0,0,0,0,1,0,0,0,,,,,,,,,,,,,0.0,PS_036,,,
,,2024-11-29T03:30:00Z,0,0,0,0,0,0,1,0,0,0,,,,,,,,,,,,,0.0,PS_036,,,
,,2024-11-29T03:45:00Z,0,0,0,0,0,0,1,0,0,0,,,,,,,,,,,,,0.0,PS_036,,,
,,2024-11-29T04:00:00Z,0,0,0,0,0,0,1,0,0,0,,,,,,,,,,,,,0.0,PS_036,,,
,,2024-11-29T04:15:00Z,0,0,0,0,0,0,1,0,0,0,,,,,,,,,,,,,0.0,PS_036,,,
,,2024-11-29T04:30:00Z,0,0,0,0,0,0,1,0,0,0,,,,,,,,,,,,,0.0,PS_036,,,
,,2024-11-29T04:45:00Z,0,0,0,0,0,0,1,0,0,0,,,,,,,,,,,,,0.0,PS_036,,,
,,2024-11-29T05:00:00Z,0,0,0,0,0,0,1,0,0,0,,,,,,,,,,,,,0.0,PS_036,,,
,,2024-11-29T05:15:00Z,0,0,0,0,0,0,1,0,0,0,,,,,,,,,,,,,0.0,PS_036,,,
,,2024-11-29T05:30:00Z,0,0,0,0,0,0,1,0,0,0,,,,,,,,,,,,,0.0,PS_036,,,
,,2024-11-29T05:45:00Z,0,0,0,0,0,0,1,0,0,0,,,,,,,,,,,,,0.0,PS_036,,,
,,2024-11-29T06:00:00Z,0,0,0,0,0,0,1,0,0,0,,,,,,,,,,,,,0.0,PS_036,,,
,,2024-11-29T06:15:00Z,0,0,0,0,0,0,1,0,0,0,,,,,,,,,,,,,0.0,PS_036,,,
,,2024-11-29T06:30:00Z,0,0,0,0,0,0,1,0,0,0,,,,,,,,,,,,,0.0,PS_036,,,
,,2024-11-29T06:45:00Z,0,0,0,0,0,0,1,0,0,0,,,,,,,,,,,,,0.0,PS_036,,,
,,2024-11-29T07:00:00Z,0,0,0,0,0,0,1,0,0,0,,,,,,,,,,,,,0.0,PS_036,,,
,,2024-11-29T07:15:00Z,0,0,0,0,0,0,1,0,0,0,,,,,,,,,,,,,0.0,PS_036,,,
,,2024-11-29T07:30:00Z,0,0,0,0,0,0,1,0,0,0,,,,,,,,,,,,,0.0,PS_036,,,
,,2024-11-29T07:45:00Z,0,0,0,0,0,0,1,0,0,0,,,,,,,,,,,,,0.0,PS_036,,,
,,2024-11-29T08:00:00Z,0,0,0,0,0,0,1,0,0,0,,,,,,,,,,,,,0.0,PS_036,,,
,,2024-11-29T08:15:00Z,0,0,0,0,0,0,1,0,0,0,,,,,,,,,,,,,0.0,PS_036,,,
,,2024-11-29T08:30:00Z,0,0,0,0,0,0,1,0,0,0,,,,,,,,,,,,,0.0,PS_036,,,
,,2024-11-29T08:45:00Z,0,0,0,0,0,0,1,0,0,0,,,,,,,,,,,,,0.0,PS_036,,,
,,2024-11-29T09:00:00Z,0,0,0,0,0,0,1,0,0,0,,,,,,,,,,,,,0.0,PS_036,,,
22.799999237060547,10.288949966430664,2024-11-29T09:15:00Z,1,1,1,1,1,1,1,0,1,1,19.579999923706055,1.840000033378601,,,,,,,,,22.399999618530273,18.549999237060547,5.400000095367432,PS_036,,146.59201049804688,1.7939999103546143
23.100000381469727,10.288949966430664,2024-11-29T09:30:00Z,1,1,1,1,1,1,1,0,1,1,41.95000076293945,4.010000228881836,,,,,,,,,23.0,42.380001068115234,5.400000095367432,PS_036,,153.31199645996094,3.1040000915527344
23.299999237060543,10.288949966430664,2024-11-29T09:45:00Z,1,1,1,1,1,1,1,0,1,1,44.81999969482422,5.5399999618530265,,,,,,,,,23.299999237060543,42.27000045776367,5.400000095367432,PS_036,,149.4840087890625,2.564000129699707
23.60000038146973,10.288949966430664,2024-11-29T10:00:00Z,1,1,1,1,1,1,1,0,1,1,111.97000122070312,13.670000076293945,,,,,,,,,24.100000381469727,109.95999908447266,5.400000095367432,PS_036,,116.36399841308594,3.2780001163482666
23.600000381469727,10.293732643127441,2024-11-29T10:15:00Z,1,1,1,1,1,1,1,0,1,1,156.41000366210938,22.8700008392334,,,,,,,,,25.200000762939453,160.05999755859375,5.400000095367432,PS_036,,72.1199951171875,3.180000066757202
23.899999618530273,10.288949966430664,2024-11-29T10:30:00Z,1,1,1,1,1,1,1,0,1,1,193.44000244140625,35.220001220703125,,,,,,,,,25.399999618530273,194.58999633789062,5.400000095367432,PS_036,,95.74799346923828,4.161999702453613
24.100000381469727,10.288949966430664,2024-11-29T10:45:00Z,1,1,1,1,1,1,1,0,1,1,253.1699981689453,61.54999923706055,,,,,,,,,27.100000381469727,270.510009765625,5.400000095367432,PS_036,,57.875999450683594,2.1019999980926514
24.399999618530273,10.293732643127441,2024-11-29T11:00:00Z,1,1,1,1,1,1,1,0,1,1,269.3699951171875,66.75,,,,,,,,,29.5,294.8800048828125,5.400000095367432,PS_036,,82.20000457763672,1.50600004196167
25.0,10.293732643127441,2024-11-29T11:15:00Z,1,1,1,1,1,1,1,0,1,1,325.1700134277344,72.12000274658203,,,,,,,,,29.5,333.9800109863281,5.400000095367432,PS_036,,66.21600341796875,1.8140000104904173
25.200000762939453,10.293732643127441,2024-11-29T11:30:00Z,1,1,1,1,1,1,1,0,1,1,325.8599853515625,61.9900016784668,,,,,,,,,30.600000381469727,313.1300048828125,5.400000095367432,PS_036,,43.51199722290039,1.8140000104904175
25.20000076293945,10.293732643127441,2024-11-29T11:45:00Z,1,1,1,1,1,1,1,0,1,1,195.57000732421875,52.93000030517579,,,,,,,,,28.700000762939453,150.69000244140625,5.400000095367432,PS_036,,106.7520065307617,1.889999985694885
26.0,10.293732643127441,2024-11-29T12:00:00Z,1,1,1,1,1,1,1,0,1,1,357.1499938964844,63.77999877929688,,,,,,,,,30.799999237060547,305.510009765625,5.400000095367432,PS_036,,50.46000289916992,0.7160000205039978
26.600000381469727,10.288949966430664,2024-11-29T12:15:00Z,1,1,1,1,1,1,1,0,1,1,370.8699951171875,60.90999984741212,,,,,,,,,36.5,347.57000732421875,5.400000095367432,PS_036,,260.78399658203125,1.2360000610351562
26.850000381469727,10.291341304779053,2024-11-29T12:30:00Z,0,0,0,0,0,0,1,0,0,0,417.30499267578125,63.60500144958496,true,true,true,true,true,true,true,true,36.79999923706055,388.3500061035156,5.400000095367432,PS_036,,174.21599578857422,1.2360000610351562
27.100000381469727,10.293732643127441,2024-11-29T12:45:00Z,1,1,1,1,1,1,1,0,1,1,463.739990234375,66.30000305175781,,,,,,,,,37.099998474121094,429.1300048828125,5.400000095367432,PS_036,,87.64799499511719,1.2360000610351562
27.399999618530273,10.299200057983398,2024-11-29T13:00:00Z,1,1,1,1,1,1,1,0,1,1,347.8299865722656,44.349998474121094,,,,,,,,,39.5,351.2699890136719,5.400000095367432,PS_036,,12.251999855041504,-0.03200000151991844
26.60000038146973,10.293732643127441,2024-11-29T13:15:00Z,1,1,1,1,1,1,1,0,1,1,124.27999877929689,18.049999237060547,,,,,,,,,33.29999923706055,108.44999694824219,5.400000095367432,PS_036,,258.5879821777344,1.6980000734329224
26.0,10.293732643127441,2024-11-29T13:30:00Z,1,1,1,1,1,1,1,0,1,1,105.13999938964844,8.029999732971191,,,,,,,,,29.200000762939453,95.19999694824219,5.400000095367432,PS_036,,259.5119934082031,2.9119999408721924
23.600000381469727,10.293732643127441,2024-11-29T13:45:00Z,1,1,1,1,1,1,1,0,1,1,40.06999969482422,0.6100000143051147,,,,,,,,,23.5,34.58000183105469,6.400000095367432,PS_036,,231.72000122070312,3.5859999656677246
22.500000000000004,10.288949966430664,2024-11-29T14:00:00Z,1,1,1,1,1,1,1,0,1,1,43.5099983215332,1.6399999856948853,,,,,,,,,22.700000762939453,41.369998931884766,9.0,PS_036,,198.13198852539062,3.5859999656677246
22.5,10.288949966430664,2024-11-29T14:15:00Z,1,1,1,1,1,1,1,0,1,1,57.38999938964844,4.230000019073486,,,,,,,,,22.700000762939453,55.759998321533196,10.600000381469727,PS_036,,209.01600646972656,2.3919999599456787
23.100000381469727,10.288949966430664,2024-11-29T14:30:00Z,1,1,1,1,1,1,1,0,1,1,69.48999786376953,5.769999980926514,,,,,,,,,23.0,67.43000030517578,10.600000381469727,PS_036,,136.28399658203125,2.3919999599456787
23.100000381469727,10.288949966430662,2024-11-29T14:45:00Z,1,1,1,1,1,1,1,0,1,1,108.26000213623047,9.739999771118164,,,,,,,,,23.799999237060547,104.37000274658205,12.40000057220459,PS_036,,157.02000427246094,2.9700000286102295
23.100000381469727,10.283483505249023,2024-11-29T15:00:00Z,1,1,1,1,1,1,1,0,1,1,203.24000549316406,19.389999389648438,,,,,,,,,24.100000381469727,197.2100067138672,14.0,PS_036,,142.7760009765625,4.161999702453613
23.299999237060547,10.288949966430664,2024-11-29T15:15:00Z,1,1,1,1,1,1,1,0,1,1,208.3899993896484,19.639999389648434,,,,,,,,,25.200000762939457,210.22999572753906,15.199999809265137,PS_036,,198.24000549316406,3.1040000915527344
23.899999618530273,10.288949966430664,2024-11-29T15:30:00Z,1,1,1,1,1,1,1,0,1,1,341.2699890136719,33.66999816894531,,,,,,,,,26.200000762939453,341.5799865722656,15.199999809265137,PS_036,,194.3040008544922,2.680000066757202
25.799999237060547,10.293732643127441,2024-11-29T15:45:00Z,1,1,1,1,1,1,1,0,1,1,988.5900268554688,81.52999877929688,,,,,,,,,36.0,985.8300170898438,15.199999809265137,PS_036,,156.6719970703125,4.605999946594238
24.899999618530273,10.293732643127441,2024-11-29T16:00:00Z,1,1,1,1,1,1,1,0,1,1,350.57000732421875,38.939998626708984,,,,,,,,,31.700000762939453,339.8399963378906,15.199999809265137,PS_036,,131.0760040283203,6.7820000648498535
24.649999618530273,10.291341304779053,2024-11-29T16:15:00Z,0,0,0,0,0,0,1,0,0,0,224.57000350952148,25.00999927520752,true,true,true,true,true,true,true,true,29.800000190734863,215.43999862670898,15.199999809265137,PS_036,,157.88400268554688,5.626000165939331
24.399999618530273,10.288949966430664,2024-11-29T16:30:00Z,1,1,1,1,1,1,1,0,1,1,98.56999969482422,11.079999923706055,,,,,,,,,27.899999618530273,91.04000091552734,15.199999809265137,PS_036,,184.69200134277344,4.470000267028809
23.100000381469727,10.288949966430664,2024-11-29T16:45:00Z,1,1,1,1,1,1,1,0,1,1,61.6599998474121,5.639999866485596,,,,,,,,,23.5,53.150001525878906,15.600000381469727,PS_036,,204.38400268554688,3.2780001163482666
22.799999237060543,10.288949966430664,2024-11-29T17:00:00Z,1,1,1,1,1,1,1,0,1,1,75.80000305175781,7.929999828338623,,,,,,,,,22.700000762939457,68.81999969482422,19.200000762939453,PS_036,,240.9839935302734,3.585999965667724
22.200000762939453,10.288949966430664,2024-11-29T17:15:00Z,1,1,1,1,1,1,1,0,1,1,56.34000015258789,7.809999942779541,,,,,,,,,22.399999618530273,54.939998626708984,19.399999618530273,PS_036,,192.10800170898438,2.97000002861023
22.5,10.288949966430664,2024-11-29T17:30:00Z,1,1,1,1,1,1,1,0,1,1,72.87999725341797,9.65999984741211,,,,,,,,,22.399999618530273,81.0,19.600000381469727,PS_036,,117.40800476074219,1.4860000610351562
22.5,10.288949966430664,2024-11-29T17:45:00Z,1,1,1,1,1,1,1,0,1,1,121.75,14.859999656677246,,,,,,,,,23.000000000000004,129.9499969482422,19.600000381469727,PS_036,,98.18399810791016,2.0839998722076416
22.5,10.288949966430664,2024-11-29T18:00:00Z,1,1,1,1,1,1,1,0,1,1,156.8000030517578,22.690000534057617,,,,,,,,,24.299999237060547,151.8000030517578,19.600000381469727,PS_036,,54.8640022277832,3.0839998722076416
23.299999237060547,10.288949966430664,2024-11-29T18:15:00Z,1,1,1,1,1,1,1,0,1,1,168.7899932861328,26.34000015258789,,,,,,,,,25.700000762939453,154.75999450683594,19.600000381469727,PS_036,,99.33599853515625,0.793999969959259
23.600000381469727,10.293732643127441,2024-11-29T18:30:00Z,1,1,1,1,1,1,1,0,1,1,191.41000366210935,31.67000007629395,,,,,,,,,27.299999237060547,166.0800018310547,19.600000381469727,PS_036,,127.48799896240234,1.2160000801086426
23.899999618530273,10.288949966430664,2024-11-29T18:45:00Z,1,1,1,1,1,1,1,0,1,1,193.3000030517578,35.04999923706055,,,,,,,,,27.299999237060547,151.50999450683594,19.600000381469727,PS_036,,99.33599853515625,2.815999984741211
24.10000038146973,10.293732643127441,2024-11-29T19:00:00Z,1,1,1,1,1,1,1,0,1,1,167.92999267578125,34.810001373291016,,,,,,,,,26.799999237060543,122.70999908447266,19.600000381469727,PS_036,,112.08000183105469,2.8919999599456783
24.700000762939453,10.293732643127441,2024-11-29T19:15:00Z,1,1,1,1,1,1,1,0,1,1,133.61000061035156,30.6299991607666,,,,,,,,,27.600000381469727,93.58999633789062,19.600000381469727,PS_036,,334.44000244140625,-0.052000001072883606
24.700000762939453,10.293732643127441,2024-11-29T19:30:00Z,1,1,1,1,1,1,1,0,1,1,109.04000091552734,25.219999313354492,,,,,,,,,27.600000381469727,73.5,19.600000381469727,PS_036,,33.32400131225586,0.3320000171661377
24.399999618530273,10.293732643127441,2024-11-29T19:45:00Z,1,1,1,1,1,1,1,0,1,1,67.08999633789062,11.930000305175781,,,,,,,,,26.200000762939453,50.68000030517578,19.600000381469727,PS_036,,87.98400115966797,1.6779999732971191
24.25,10.293732643127441,2024-11-29T20:00:00Z,0,0,0,0,0,0,1,0,0,0,74.28499984741211,11.150000095367432,true,true,true,true,true,true,true,true,25.550000190734863,59.77000045776367,19.600000381469727,PS_036,,50.17200040817261,1.0819999873638153
24.100000381469727,10.293732643127441,2024-11-29T20:15:00Z,1,1,1,1,1,1,1,0,1,1,81.4800033569336,10.369999885559082,,,,,,,,,24.899999618530273,68.86000061035156,19.600000381469727,PS_036,,12.359999656677246,0.4860000014305115
24.100000381469727,10.288949966430664,2024-11-29T20:30:00Z,1,1,1,1,1,1,1,0,1,1,83.55999755859375,8.550000190734863,,,,,,,,,25.700000762939453,80.5999984741211,19.600000381469727,PS_036,,345.6839904785156,0.12000000476837158
23.899999618530277,10.288949966430664,2024-11-29T20:45:00Z,1,1,1,1,1,1,1,0,1,1,63.459999084472656,6.159999847412109,,,,,,,,,25.399999618530273,59.52000045776367,19.600000381469727,PS_036,,251.052001953125,0.1200000047683716
23.899999618530273,10.288949966430664,2024-11-29T21:00:00Z,1,1,1,1,1,1,1,0,1,1,35.70000076293946,3.319999933242798,,,,,,,,,24.600000381469727,32.83000183105469,19.600000381469727,PS_036,,222.6840057373047,-0.052000001072883606
23.899999618530273,10.288949966430664,2024-11-29T21:15:00Z,1,1,1,1,1,1,1,0,1,1,19.709999084472656,1.1799999475479126,,,,,,,,,23.5,17.860000610351562,19.600000381469727,PS_036,,85.78800201416016,1.2940000295639038
23.600000381469727,10.293732643127441,2024-11-29T21:30:00Z,1,1,1,1,1,1,1,0,1,1,9.579999923706055,0.3400000035762787,,,,,,,,,23.299999237060547,8.5600004196167,19.600000381469727,PS_036,,89.96399688720703,1.0820000171661377
23.60000038146973,10.293732643127441,2024-11-29T21:45:00Z,1,1,1,1,1,1,1,0,1,1,1.0700000524520874,-0.5400000214576721,,,,,,,,,22.700000762939453,0.41999998688697815,19.600000381469727,PS_036,,98.2919921875,2.3919999599456787
23.299999237060547,10.288949966430664,2024-11-29T22:00:00Z,1,1,1,1,1,1,1,0,1,1,-0.6899999976158142,-0.5899999737739564,,,,,,,,,22.399999618530273,-0.9599999785423279,19.600000381469727,PS_036,,89.14800262451172,0.793999969959259
23.299999237060547,10.288949966430664,2024-11-29T22:15:00Z,1,1,1,1,1,1,1,0,1,1,-1.7599999904632568,-0.6700000166893005,,,,,,,,,21.899999618530273,-1.8899999856948853,19.600000381469727,PS_036,,331.20001220703125,-0.052000001072883606
23.100000381469727,10.288949966430664,2024-11-29T22:30:00Z,1,1,1,1,1,1,1,0,1,1,-1.269999980926514,-0.7799999713897705,,,,,,,,,21.899999618530273,-0.7599999904632568,19.600000381469727,PS_036,,57.75600051879883,-0.07200000435113907
22.79999923706055,10.288949966430664,2024-11-29T22:45:00Z,1,1,1,1,1,1,1,0,1,1,-0.8999999761581421,-0.75,,,,,,,,,21.600000381469727,-0.850000023841858,19.600000381469727,PS_036,,286.95599365234375,0.9079999923706054
22.5,10.288949966430664,2024-11-29T23:00:00Z,1,1,1,1,1,1,1,0,1,1,-1.1200000047683716,-0.550000011920929,,,,,,,,,21.600000381469727,-1.1200000047683716,19.600000381469727,PS_036,,56.7239990234375,0.5999999642372131
22.799999237060547,10.288949966430664,2024-11-29T23:15:00Z,1,1,1,1,1,1,1,0,1,1,-0.8600000143051147,-0.41999998688697815,,,,,,,,,21.600000381469727,-0.7400000095367432,19.600000381469727,PS_036,,80.58000183105469,0.7740000486373901
22.549999237060547,10.288949966430664,2024-11-29T23:30:00Z,0,0,0,0,0,0,1,0,0,0,-1.0450000166893005,-0.564999982714653,true,true,true,true,true,true,true,true,21.5,-0.9100000262260437,19.600000381469727,PS_036,,137.21400451660156,0.35100002214312553
22.299999237060547,10.288949966430664,2024-11-29T23:45:00Z,1,1,1,1,1,1,1,0,1,1,-1.2300000190734863,-0.709999978542328,,,,,,,,,21.399999618530273,-1.0800000429153442,19.600000381469727,PS_036,,193.84800720214844,-0.07200000435113907
22.299999237060547,10.288949966430664,2024-11-30T00:00:00Z,1,1,1,1,1,1,1,0,1,1,-1.0800000429153442,-0.5099999904632568,,,,,,,,,21.600000381469727,-0.4099999964237213,19.600000381469727,PS_036,,102.58800506591797,0.4860000014305115
22.299999237060547,10.288949966430664,2024-11-30T00:15:00Z,1,1,1,1,1,1,1,0,1,1,-0.7699999809265137,-0.5299999713897705,,,,,,,,,21.399999618530273,-0.5099999904632568,19.600000381469727,PS_036,,61.236000061035156,0.6959999799728394
22.299999237060547,10.288949966430664,2024-11-30T00:30:00Z,1,1,1,1,1,1,1,0,1,1,-0.8799999952316284,-0.3700000047683716,,,,,,,,,21.600000381469727,-1.1100000143051147,19.600000381469727,PS_036,,347.0639953613282,-0.07200000435113907
22.5,10.288949966430664,2024-11-30T00:45:00Z,1,1,1,1,1,1,1,0,1,1,-0.7599999904632568,-0.2199999988079071,,,,,,,,,21.399999618530273,-0.8100000023841858,19.600000381469727,PS_036,,49.884002685546875,0.31200000643730164
22.499999999999996,10.293732643127441,2024-11-30T01:00:00Z,1,1,1,1,1,1,1,0,1,1,-0.6600000262260437,-0.36000001430511475,,,,,,,,,21.60000038146973,-0.7099999785423279,19.600000381469727,PS_036,,45.947998046875,0.19600000977516177
22.5,10.288949966430664,2024-11-30T01:15:00Z,1,1,1,1,1,1,1,0,1,1,-0.43999999761581415,-0.33000001311302185,,,,,,,,,22.200000762939453,-0.3799999952316284,19.600000381469727,PS_036,,87.52799987792969,1.2740000486373901
22.5,10.283483505249023,2024-11-30T01:30:00Z,1,1,1,1,1,1,1,0,1,1,-0.7599999904632568,-0.5600000023841858,,,,,,,,,21.899999618530273,-0.9800000190734864,19.600000381469727,PS_036,,276.072021484375,1.2160000801086426
22.499999999999996,10.283483505249023,2024-11-30T01:45:00Z,1,1,1,1,1,1,1,0,1,1,-0.7400000095367432,-0.5,,,,,,,,,21.899999618530273,-0.5799999833106995,19.600000381469727,PS_036,,288.6960144042969,0.5040000081062317
22.5,10.283483505249023,2024-11-30T02:00:00Z,1,1,1,1,1,1,1,0,1,1,-0.6600000262260437,-0.4099999964237213,,,,,,,,,21.899999618530273,-0.4300000071525574,19.600000381469727,PS_036,,216.43199157714844,0.40799999237060547
22.799999237060547,10.288949966430664,2024-11-30T02:15:00Z,1,1,1,1,1,1,1,0,1,1,-0.6299999952316285,-0.47999998927116394,,,,,,,,,22.200000762939453,-0.23999999463558197,19.600000381469727,PS_036,,122.96399688720705,-0.07200000435113907
22.5,10.283483505249023,2024-11-30T02:30:00Z,1,1,1,1,1,1,1,0,1,1,-0.7099999785423279,-0.6000000238418579,,,,,,,,,22.200000762939453,-0.8799999952316284,19.600000381469727,PS_036,,352.28399658203125,-0.052000001072883606
22.5,10.283483505249023,2024-11-30T02:45:00Z,1,1,1,1,1,1,1,0,1,1,-0.5400000214576721,-0.4300000071525574,,,,,,,,,22.200000762939453,-0.5699999928474426,19.600000381469727,PS_036,,356.6759948730469,-0.052000001072883606
,,2024-11-30T03:00:00Z,0,0,0,0,0,0,1,0,0,0,,,,,,,,,,,,,19.600000381469727,PS_036,,,
,,2024-11-30T03:15:00Z,0,0,0,0,0,0,1,0,0,0,,,,,,,,,,,,,19.600000381469727,PS_036,,,
,,2024-11-30T03:30:00Z,0,0,0,0,0,0,1,0,0,0,,,,,,,,,,,,,19.600000381469727,PS_036,,,
,,2024-11-30T03:45:00Z,0,0,0,0,0,0,1,0,0,0,,,,,,,,,,,,,19.600000381469727,PS_036,,,
,,2024-11-30T04:00:00Z,0,0,0,0,0,0,1,0,0,0,,,,,,,,,,,,,19.600000381469727,PS_036,,,
,,2024-11-30T04:15:00Z,0,0,0,0,0,0,1,0,0,0,,,,,,,,,,,,,19.600000381469727,PS_036,,,
,,2024-11-30T04:30:00Z,0,0,0,0,0,0,1,0,0,0,,,,,,,,,,,,,19.600000381469727,PS_036,,,
,,2024-11-30T04:45:00Z,0,0,0,0,0,0,1,0,0,0,,,,,,,,,,,,,19.600000381469727,PS_036,,,
,,2024-11-30T05:00:00Z,0,0,0,0,0,0,1,0,0,0,,,,,,,,,,,,,19.600000381469727,PS_036,,,
,,2024-11-30T05:15:00Z,0,0,0,0,0,0,1,0,0,0,,,,,,,,,,,,,19.600000381469727,PS_036,,,
,,2024-11-30T05:30:00Z,0,0,0,0,0,0,1,0,0,0,,,,,,,,,,,,,19.600000381469727,PS_036,,,
,,2024-11-30T05:45:00Z,0,0,0,0,0,0,1,0,0,0,,,,,,,,,,,,,19.600000381469727,PS_036,,,
,,2024-11-30T06:00:00Z,0,0,0,0,0,0,1,0,0,0,,,,,,,,,,,,,19.600000381469727,PS_036,,,
,,2024-11-30T06:15:00Z,0,0,0,0,0,0,1,0,0,0,,,,,,,,,,,,,19.600000381469727,PS_036,,,
,,2024-11-30T06:30:00Z,0,0,0,0,0,0,1,0,0,0,,,,,,,,,,,,,19.600000381469727,PS_036,,,
,,2024-11-30T06:45:00Z,0,0,0,0,0,0,1,0,0,0,,,,,,,,,,,,,19.600000381469727,PS_036,,,
,,2024-11-30T07:00:00Z,0,0,0,0,0,0,1,0,0,0,,,,,,,,,,,,,19.600000381469727,PS_036,,,
,,2024-11-30T07:15:00Z,0,0,0,0,0,0,1,0,0,0,,,,,,,,,,,,,19.600000381469727,PS_036,,,
,,2024-11-30T07:30:00Z,0,0,0,0,0,0,1,0,0,0,,,,,,,,,,,,,19.600000381469727,PS_036,,,
,,2024-11-30T07:45:00Z,0,0,0,0,0,0,1,0,0,0,,,,,,,,,,,,,19.600000381469727,PS_036,,,
,,2024-11-30T08:00:00Z,0,0,0,0,0,0,1,0,0,0,,,,,,,,,,,,,19.600000381469727,PS_036,,,
,,2024-11-30T08:15:00Z,0,0,0,0,0,0,1,0,0,0,,,,,,,,,,,,,19.600000381469727,PS_036,,,
,,2024-11-30T08:30:00Z,0,0,0,0,0,0,1,0,0,0,,,,,,,,,,,,,19.600000381469727,PS_036,,,
,,2024-11-30T08:45:00Z,0,0,0,0,0,0,1,0,0,0,,,,,,,,,,,,,19.600000381469727,PS_036,,,
21.700000762939453,10.288949966430664,2024-11-30T09:00:00Z,1,1,1,1,1,1,1,0,1,1,38.150001525878906,4.539999961853027,,,,,,,,,21.399999618530273,39.9900016784668,19.600000381469727,PS_036,,92.50800323486328,3.2780001163482666
22.0,10.288949966430664,2024-11-30T09:15:00Z,1,1,1,1,1,1,1,0,1,1,72.08000183105469,8.930000305175781,,,,,,,,,21.600000381469727,78.76000213623047,19.600000381469727,PS_036,,115.5479965209961,1.8719999790191648
22.5,10.288949966430664,2024-11-30T09:30:00Z,1,1,1,1,1,1,1,0,1,1,122.76000213623047,14.210000038146973,,,,,,,,,22.200000762939453,161.8000030517578,19.600000381469727,PS_036,,78.02400207519531,2.180000066757202
22.800000190734863,10.288949966430664,2024-11-30T09:45:00Z,0,0,0,0,0,0,1,0,0,0,209.32000350952148,23.34499979019165,true,true,true,true,true,true,true,true,23.300000190734863,328.4749984741211,19.600000381469727,PS_036,,79.87800216674805,2.430000066757202
23.100000381469727,10.288949966430664,2024-11-30T10:00:00Z,1,1,1,1,1,1,1,0,1,1,295.8800048828125,32.47999954223633,,,,,,,,,24.399999618530273,495.1499938964844,19.600000381469727,PS_036,,81.73200225830078,2.680000066757202
23.100000381469727,10.288949966430664,2024-11-30T10:15:00Z,1,1,1,1,1,1,1,0,1,1,347.1000061035156,42.97999954223633,,,,,,,,,26.0,606.7899780273438,19.600000381469727,PS_036,,74.78399658203125,3.200000047683716
23.899999618530273,10.293732643127441,2024-11-30T10:30:00Z,1,1,1,1,1,1,1,0,1,1,195.0399932861328,30.180000305175778,,,,,,,,,32.5,295.8299865722656,19.600000381469727,PS_036,,93.08400726318358,2.9880001544952393
24.100000381469727,10.288949966430664,2024-11-30T10:45:00Z,1,1,1,1,1,1,1,0,1,1,438.3399963378906,56.119998931884766,,,,,,,,,33.599998474121094,746.0200195312501,19.600000381469727,PS_036,,65.4000015258789,3.2960000038146973
23.899999618530273,10.293732643127441,2024-11-30T11:00:00Z,1,1,1,1,1,1,1,0,1,1,173.44000244140625,40.79999923706055,,,,,,,,,27.299999237060547,212.82000732421878,19.600000381469727,PS_036,,89.02799987792969,3.1040000915527344
24.100000381469723,10.288949966430664,2024-11-30T11:15:00Z,1,1,1,1,1,1,1,0,1,1,377.9700012207031,53.880001068115234,,,,,,,,,29.200000762939453,574.0999755859375,19.600000381469727,PS_036,,74.08799743652344,3.4879999160766597
24.700000762939453,10.293732643127441,2024-11-30T11:30:00Z,1,1,1,1,1,1,1,0,1,1,547.719970703125,61.18000030517578,,,,,,,,,36.0,824.7999877929688,19.600000381469727,PS_036,,40.847999572753906,2.7000000476837163
25.5,10.293732643127441,2024-11-30T11:45:00Z,1,1,1,1,1,1,1,0,1,1,725.0,68.16000366210938,,,,,,,,,40.099998474121094,1038.1600341796875,19.600000381469727,PS_036,,72.4679946899414,4.0279998779296875
25.999999999999996,10.299200057983398,2024-11-30T12:00:00Z,1,1,1,1,1,1,1,0,1,1,858.7000122070312,80.22000122070312,,,,,,,,,39.79999923706055,1128.239990234375,19.600000381469727,PS_036,,63.78000259399413,3.81600022315979
26.299999237060547,10.299200057983398,2024-11-30T12:15:00Z,1,1,1,1,1,1,1,0,1,1,1034.56005859375,88.45999908447266,,,,,,,,,40.099998474121094,1245.5,19.600000381469727,PS_036,,67.48799896240234,4.797999858856201
26.799999237060547,10.299200057983398,2024-11-30T12:30:00Z,1,1,1,1,1,1,1,0,1,1,819.969970703125,75.23999786376953,,,,,,,,,40.099998474121094,1002.5599975585939,19.600000381469727,PS_036,,69.2280044555664,4.315999984741211
27.100000381469727,10.299200057983398,2024-11-30T12:45:00Z,1,1,1,1,1,1,1,0,1,1,388.9200134277344,48.779998779296875,,,,,,,,,38.70000076293945,447.22000122070307,19.600000381469727,PS_036,,51.97200012207032,2.430000066757202
27.399999618530273,10.299200057983398,2024-11-30T13:00:00Z,1,1,1,1,1,1,1,0,1,1,1140.699951171875,90.26000213623047,,,,,,,,,40.900001525878906,1256.1700439453125,19.600000381469727,PS_036,,32.85600280761719,2.700000047683716
27.649999618530273,10.301933288574219,2024-11-30T13:15:00Z,0,0,0,0,0,0,1,0,0,0,1120.0499877929688,86.1500015258789,true,true,true,true,true,true,true,true,41.45000076293945,1213.2950439453125,19.600000381469727,PS_036,,45.88800048828125,2.4210000038146973
27.89999961853027,10.304666519165039,2024-11-30T13:30:00Z,1,1,1,1,1,1,1,0,1,1,1099.4000244140625,82.04000091552734,,,,,,,,,42.0,1170.4200439453127,19.600000381469727,PS_036,,58.91999816894531,2.1419999599456787
28.200000762939453,10.299200057983398,2024-11-30T13:45:00Z,1,1,1,1,1,1,1,0,1,1,856.3800048828125,65.48999786376953,,,,,,,,,38.400001525878906,893.72998046875,19.600000381469727,PS_036,,318.0,0.5239999890327454
29.0,10.299200057983398,2024-11-30T14:00:00Z,1,1,1,1,1,1,1,0,1,1,1006.1599731445312,72.62000274658203,,,,,,,,,43.900001525878906,1044.77001953125,19.600000381469727,PS_036,,324.4800109863281,2.930000066757202
28.700000762939453,10.304666519165039,2024-11-30T14:15:00Z,1,1,1,1,1,1,1,0,1,1,994.780029296875,68.76000213623047,,,,,,,,,38.70000076293945,1016.260009765625,19.600000381469727,PS_036,,58.69200134277344,1.1200000047683716
29.799999237060547,10.304666519165039,2024-11-30T14:30:00Z,1,1,1,1,1,1,1,0,1,1,1317.1500244140625,87.91999816894531,,,,,,,,,43.900001525878906,1322.800048828125,19.600000381469727,PS_036,,237.9720001220703,0.6579999923706055
29.5,10.304666519165039,2024-11-30T14:45:00Z,1,1,1,1,1,1,1,0,1,1,402.7699890136719,33.58000183105469,,,,,,,,,43.29999923706055,393.6600036621094,19.600000381469727,PS_036,,148.44000244140625,3.0260000228881836
29.799999237060543,10.299200057983398,2024-11-30T15:00:00Z,1,1,1,1,1,1,1,0,1,1,344.1600036621094,31.809999465942386,,,,,,,,,40.599998474121094,340.7300109863281,19.600000381469727,PS_036,,187.1280059814453,0.6579999923706055
30.600000381469727,10.304666519165039,2024-11-30T15:15:00Z,1,1,1,1,1,1,1,0,1,1,890.2899780273439,59.84999847412109,,,,,,,,,50.099998474121094,888.7000122070312,19.600000381469727,PS_036,,236.3520050048828,1.25600004196167
30.299999237060547,10.304666519165039,2024-11-30T15:30:00Z,1,1,1,1,1,1,1,0,1,1,473.6300048828125,33.91999816894531,,,,,,,,,42.5,475.76000976562494,19.600000381469727,PS_036,,44.20800018310547,1.4279999732971191
30.600000381469727,10.31013298034668,2024-11-30T15:45:00Z,1,1,1,1,1,1,1,0,1,1,955.719970703125,65.55999755859375,,,,,,,,,41.400001525878906,963.6699829101564,19.600000381469727,PS_036,,50.57999801635742,1.621999979019165
30.600000381469727,10.31013298034668,2024-11-30T16:00:00Z,1,1,1,1,1,1,1,0,1,1,444.17999267578125,38.5900001525879,,,,,,,,,44.400001525878906,444.0799865722656,19.600000381469727,PS_036,,1.596000075340271,1.25600004196167
31.10000038146973,10.304666519165039,2024-11-30T16:15:00Z,1,1,1,1,1,1,1,0,1,1,340.57000732421875,33.0,,,,,,,,,50.70000076293945,345.3699951171875,19.600000381469727,PS_036,,350.5439758300781,1.1399999856948853
31.100000381469727,10.304666519165039,2024-11-30T16:30:00Z,1,1,1,1,1,1,1,0,1,1,1104.9599609375,76.56999969482422,,,,,,,,,44.400001525878906,1140.4100341796875,19.600000381469727,PS_036,,63.2040023803711,2.2380001544952393
31.700000762939453,10.31013298034668,2024-11-30T16:45:00Z,1,1,1,1,1,1,1,0,1,1,1095.3599853515625,76.47000122070312,,,,,,,,,45.79999923706055,1153.3800048828125,19.600000381469727,PS_036,,65.98799896240234,3.3340001106262207
31.40000057220459,10.31013298034668,2024-11-30T17:00:00Z,0,0,0,0,0,0,1,0,0,0,903.3999938964844,66.89000129699707,true,true,true,true,true,true,true,true,45.10000038146973,986.239990234375,19.600000381469727,PS_036,,70.61999893188477,3.2380000352859497
31.100000381469727,10.31013298034668,2024-11-30T17:15:00Z,1,1,1,1,1,1,1,0,1,1,711.4400024414062,57.310001373291016,,,,,,,,,44.400001525878906,819.0999755859375,19.600000381469727,PS_036,,75.25199890136719,3.1419999599456787
32.0,10.314916610717773,2024-11-30T17:30:00Z,1,1,1,1,1,1,1,0,1,1,1014.0900268554688,71.2300033569336,,,,,,,,,48.5,1147.43994140625,19.600000381469727,PS_036,,75.25199890136719,1.7359999418258665
32.20000076293945,10.314916610717773,2024-11-30T17:45:00Z,1,1,1,1,1,1,1,0,1,1,939.9000244140624,66.91999816894531,,,,,,,,,47.70000076293945,1103.6600341796875,19.600000381469727,PS_036,,94.24799346923828,2.6600000858306885
33.0,10.32038402557373,2024-11-30T18:00:00Z,1,1,1,1,1,1,1,0,1,1,382.6000061035156,31.579999923706055,,,,,,,,,53.099998474121094,380.7099914550781,19.600000381469727,PS_036,,355.40399169921875,1.159999966621399
32.5,10.31013298034668,2024-11-30T18:15:00Z,1,1,1,1,1,1,1,0,1,1,830.5499877929688,62.83000183105469,,,,,,,,,51.79999923706055,1070.280029296875,19.600000381469727,PS_036,,282.3240051269531,1.5640000104904175
33.79999923706055,10.314916610717773,2024-11-30T18:30:00Z,1,1,1,1,1,1,1,0,1,1,776.780029296875,55.4900016784668,,,,,,,,,64.30000305175781,1072.3399658203125,19.600000381469727,PS_036,,49.07999801635742,0.2540000081062317
33.29999923706055,10.31013298034668,2024-11-30T18:45:00Z,1,1,1,1,1,1,1,0,1,1,152.27999877929688,22.819999694824215,,,,,,,,,61.29999923706055,197.71000671386722,19.600000381469727,PS_036,,262.40399169921875,3.180000066757202
32.20000076293945,10.31013298034668,2024-11-30T19:00:00Z,1,1,1,1,1,1,1,0,1,1,700.8300170898438,58.56999969482421,,,,,,,,,46.29999923706055,1098.8800048828125,19.600000381469727,PS_036,,316.7279968261719,0.8519999980926514
33.29999923706055,10.314916610717773,2024-11-30T19:15:00Z,1,1,1,1,1,1,1,0,1,1,548.4400024414062,49.49999999999999,,,,,,,,,56.0999984741211,921.0200195312499,19.600000381469727,PS_036,,21.972000122070312,0.44600000977516174
33.0,10.31013298034668,2024-11-30T19:30:00Z,1,1,1,1,1,1,1,0,1,1,490.79998779296875,41.15999984741211,,,,,,,,,56.400001525878906,872.0800170898438,19.600000381469727,PS_036,,314.4119873046875,2.064000129699707
32.79999923706055,10.31013298034668,2024-11-30T19:45:00Z,1,1,1,1,1,1,1,0,1,1,159.3300018310547,16.719999313354492,,,,,,,,,55.59999847412109,212.69000244140625,19.600000381469727,PS_036,,313.8240051269531,1.5820000171661377
33.0,10.31013298034668,2024-11-30T20:00:00Z,1,1,1,1,1,1,1,0,1,1,273.54998779296875,22.329999923706055,,,,,,,,,47.900001525878906,440.4200134277344,19.600000381469727,PS_036,,329.5799865722656,-0.014000000432133675
32.5,10.31013298034668,2024-11-30T20:15:00Z,1,1,1,1,1,1,1,0,1,1,305.7200012207031,28.1200008392334,,,,,,,,,46.0,479.7699890136719,19.600000381469727,PS_036,,275.843994140625,2.564000129699707
32.20000076293945,10.31013298034668,2024-11-30T20:30:00Z,1,1,1,1,1,1,1,0,1,1,233.88999938964844,28.649999618530273,,,,,,,,,43.599998474121094,351.8800048828125,19.600000381469727,PS_036,,256.0320129394531,1.871999979019165
32.05000019073486,10.31013298034668,2024-11-30T20:45:00Z,0,0,0,0,0,0,1,0,0,0,216.61499786376953,29.244999885559082,true,true,true,true,true,true,true,true,41.39999961853027,318.2900085449219,19.600000381469727,PS_036,,262.22999572753906,2.015999913215637
31.899999618530273,10.31013298034668,2024-11-30T21:00:00Z,1,1,1,1,1,1,1,0,1,1,199.33999633789062,29.840000152587887,,,,,,,,,39.20000076293945,284.70001220703125,19.600000381469727,PS_036,,268.427978515625,2.1599998474121094
31.39999961853027,10.31013298034668,2024-11-30T21:15:00Z,1,1,1,1,1,1,1,0,1,1,108.91000366210936,16.290000915527344,,,,,,,,,34.599998474121094,132.38999938964844,19.600000381469727,PS_036,,245.9639892578125,1.3519999980926514
30.299999237060547,10.31013298034668,2024-11-30T21:30:00Z,1,1,1,1,1,1,1,0,1,1,27.90999984741211,2.130000114440918,,,,,,,,,30.200000762939457,22.90999984741211,19.600000381469727,PS_036,,248.8560028076172,1.8339999914169312
29.5,10.304666519165039,2024-11-30T21:45:00Z,1,1,1,1,1,1,1,0,1,1,5.579999923706055,-2.0,,,,,,,,,27.299999237060547,2.549999952316284,19.600000381469727,PS_036,,214.81201171875,1.5239999294281006
28.700000762939453,10.304666519165039,2024-11-30T22:00:00Z,1,1,1,1,1,1,1,0,1,1,-1.6299999952316284,-2.4000000953674316,,,,,,,,,25.89999961853027,-2.190000057220459,19.600000381469727,PS_036,,213.29998779296875,1.2360000610351562
28.200000762939453,10.304666519165039,2024-11-30T22:15:00Z,1,1,1,1,1,1,1,0,1,1,-2.119999885559082,-2.0299999713897705,,,,,,,,,25.100000381469727,-1.3200000524520874,19.600000381469727,PS_036,,193.260009765625,1.2160000801086426
28.5,10.299200057983398,2024-11-30T22:30:00Z,1,1,1,1,1,1,1,0,1,1,-1.2400000095367432,-1.1399999856948853,,,,,,,,,24.799999237060547,0.27000001072883606,19.600000381469727,PS_036,,257.7720031738281,1.2360000610351562
28.200000762939453,10.304666519165039,2024-11-30T22:45:00Z,1,1,1,1,1,1,1,0,1,1,-1.2100000381469727,-0.9300000071525574,,,,,,,,,24.799999237060547,0.5699999928474426,19.600000381469727,PS_036,,249.4320068359375,1.2360000610351562
28.200000762939453,10.299200057983398,2024-11-30T23:00:00Z,1,1,1,1,1,1,1,0,1,1,-1.309999942779541,-0.7900000214576721,,,,,,,,,24.899999618530273,0.46000000834465027,19.600000381469727,PS_036,,193.260009765625,2.00600004196167
28.200000762939453,10.304666519165039,2024-11-30T23:15:00Z,1,1,1,1,1,1,1,0,1,1,-1.6200000047683716,-0.6299999952316283,,,,,,,,,25.100000381469727,0.10000000149011612,19.600000381469727,PS_036,,199.97999572753906,1.6980000734329226
28.200000762939453,10.304666519165039,2024-11-30T23:30:00Z,1,1,1,1,1,1,1,0,1,1,-1.6299999952316284,-0.5199999809265137,,,,,,,,,25.100000381469727,-0.029999999329447746,19.600000381469727,PS_036,,217.12799072265625,2.2960000038146973
27.899999618530273,10.299200057983398,2024-11-30T23:45:00Z,1,1,1,1,1,1,1,0,1,1,-1.5700000524520874,-0.9800000190734862,,,,,,,,,24.899999618530273,0.03999999910593033,19.600000381469727,PS_036,,192.4560089111328,1.9879999160766602
27.700000762939453,10.299200057983398,2024-12-01T00:00:00Z,1,1,1,1,1,1,1,0,1,1,-1.340000033378601,-0.9800000190734863,,,,,,,,,24.899999618530273,-0.07999999821186066,19.600000381469727,PS_036,,199.6320037841797,1.3899999856948853
27.700000762939453,10.299200057983398,2024-12-01T00:15:00Z,0,0,0,0,0,0,1,0,0,0,-1.4600000381469727,-0.8500000238418579,true,true,true,true,true,true,true,true,24.75,-0.07999999821186066,19.600000381469727,PS_036,,187.3560028076172,1.3519999980926514
27.700000762939453,10.299200057983398,2024-12-01T00:30:00Z,1,1,1,1,1,1,1,0,1,1,-1.5800000429153442,-0.7200000286102295,,,,,,,,,24.600000381469727,-0.07999999821186066,19.600000381469727,PS_036,,175.0800018310547,1.3140000104904175
27.399999618530273,10.299200057983398,2024-12-01T00:45:00Z,1,1,1,1,1,1,1,0,1,1,-1.2100000381469727,-0.9100000262260437,,,,,,,,,24.600000381469727,-0.1599999964237213,19.600000381469727,PS_036,,199.8719940185547,1.3140000104904175
27.700000762939453,10.299200057983398,2024-12-01T01:00:00Z,1,1,1,1,1,1,1,0,1,1,-1.3600000143051147,-0.5899999737739563,,,,,,,,,24.299999237060547,0.11999999731779099,19.600000381469727,PS_036,,194.54400634765625,1.5820000171661375
27.399999618530273,10.2992000579834,2024-12-01T01:15:00Z,1,1,1,1,1,1,1,0,1,1,-1.9700000286102295,-0.8600000143051147,,,,,,,,,24.100000381469727,-0.5899999737739563,19.600000381469727,PS_036,,159.09599304199216,0.7160000205039978
26.299999237060547,10.299200057983398,2024-12-01T01:30:00Z,1,1,1,1,1,1,1,0,1,1,-2.869999885559082,-1.25,,,,,,,,,23.799999237060547,-1.9700000286102293,19.600000381469727,PS_036,,256.5,2.50600004196167
25.5,10.299200057983398,2024-12-01T01:45:00Z,1,1,1,1,1,1,1,0,1,1,-1.5499999523162842,-1.1200000047683716,,,,,,,,,23.200000762939453,-1.0099999904632568,19.600000381469727,PS_036,,202.0679931640625,1.2160000801086426
26.600000381469727,10.299200057983398,2024-12-01T02:00:00Z,1,1,1,1,1,1,1,0,1,1,-0.4900000095367432,-0.14000000059604645,,,,,,,,,23.200000762939453,0.7799999713897705,19.600000381469727,PS_036,,132.46798706054688,1.6779999732971191
26.600000381469727,10.299200057983398,2024-12-01T02:15:00Z,1,1,1,1,1,1,1,0,1,1,-1.4199999570846558,-0.5600000023841858,,,,,,,,,23.799999237060547,0.2800000011920929,19.600000381469727,PS_036,,163.27200317382812,1.3140000104904175
25.200000762939453,10.299200057983398,2024-12-01T02:30:00Z,1,1,1,1,1,1,1,0,1,1,-2.0299999713897705,-1.4199999570846555,,,,,,,,,23.5,-1.4700000286102295,19.600000381469727,PS_036,,159.6840057373047,1.1980000734329224
25.799999237060547,10.293732643127441,2024-12-01T02:45:00Z,1,1,1,1,1,1,1,0,1,1,-0.8700000047683716,-0.6600000262260437,,,,,,,,,23.0,-0.05999999865889549,19.600000381469727,PS_036,,156.32400512695312,1.3899999856948853
,,2024-12-01T03:00:00Z,0,0,0,0,0,0,1,0,0,0,,,,,,,,,,,,,19.600000381469727,PS_036,,,
,,2024-12-01T03:15:00Z,0,0,0,0,0,0,1,0,0,0,,,,,,,,,,,,,19.600000381469727,PS_036,,,
,,2024-12-01T03:30:00Z,0,0,0,0,0,0,1,0,0,0,,,,,,,,,,,,,19.600000381469727,PS_036,,,
,,2024-12-01T03:45:00Z,0,0,0,0,0,0,1,0,0,0,,,,,,,,,,,,,19.600000381469727,PS_036,,,
,,2024-12-01T04:00:00Z,0,0,0,0,0,0,1,0,0,0,,,,,,,,,,,,,19.600000381469727,PS_036,,,
,,2024-12-01T04:15:00Z,0,0,0,0,0,0,1,0,0,0,,,,,,,,,,,,,19.600000381469727,PS_036,,,
,,2024-12-01T04:30:00Z,0,0,0,0,0,0,1,0,0,0,,,,,,,,,,,,,19.600000381469727,PS_036,,,
,,2024-12-01T04:45:00Z,0,0,0,0,0,0,1,0,0,0,,,,,,,,,,,,,19.600000381469727,PS_036,,,
,,2024-12-01T05:00:00Z,0,0,0,0,0,0,1,0,0,0,,,,,,,,,,,,,19.600000381469727,PS_036,,,
,,2024-12-01T05:15:00Z,0,0,0,0,0,0,1,0,0,0,,,,,,,,,,,,,19.600000381469727,PS_036,,,
,,2024-12-01T05:30:00Z,0,0,0,0,0,0,1,0,0,0,,,,,,,,,,,,,19.600000381469727,PS_036,,,
,,2024-12-01T05:45:00Z,0,0,0,0,0,0,1,0,0,0,,,,,,,,,,,,,19.600000381469727,PS_036,,,
,,2024-12-01T06:00:00Z,0,0,0,0,0,0,1,0,0,0,,,,,,,,,,,,,19.600000381469727,PS_036,,,
,,2024-12-01T06:15:00Z,0,0,0,0,0,0,1,0,0,0,,,,,,,,,,,,,19.600000381469727,PS_036,,,
,,2024-12-01T06:30:00Z,0,0,0,0,0,0,1,0,0,0,,,,,,,,,,,,,19.600000381469727,PS_036,,,
,,2024-12-01T06:45:00Z,0,0,0,0,0,0,1,0,0,0,,,,,,,,,,,,,19.600000381469727,PS_036,,,
,,2024-12-01T07:00:00Z,0,0,0,0,0,0,1,0,0,0,,,,,,,,,,,,,19.600000381469727,PS_036,,,
,,2024-12-01T07:15:00Z,0,0,0,0,0,0,1,0,0,0,,,,,,,,,,,,,19.600000381469727,PS_036,,,
,,2024-12-01T07:30:00Z,0,0,0,0,0,0,1,0,0,0,,,,,,,,,,,,,19.600000381469727,PS_036,,,
,,2024-12-01T07:45:00Z,0,0,0,0,0,0,1,0,0,0,,,,,,,,,,,,,19.600000381469727,PS_036,,,
,,2024-12-01T08:00:00Z,0,0,0,0,0,0,1,0,0,0,,,,,,,,,,,,,19.600000381469727,PS_036,,,
,,2024-12-01T08:15:00Z,0,0,0,0,0,0,1,0,0,0,,,,,,,,,,,,,19.600000381469727,PS_036,,,
,,2024-12-01T08:30:00Z,0,0,0,0,0,0,1,0,0,0,,,,,,,,,,,,,19.600000381469727,PS_036,,,
,,2024-12-01T08:45:00Z,0,0,0,0,0,0,1,0,0,0,,,,,,,,,,,,,19.600000381469727,PS_036,,,
23.899999618530273,10.299200057983398,2024-12-01T09:00:00Z,1,1,1,1,1,1,1,0,1,1,38.97999954223633,5.010000228881836,,,,,,,,,23.0,41.2599983215332,19.600000381469727,PS_036,,96.09599304199219,2.6600000858306885
23.899999618530273,10.293732643127441,2024-12-01T09:15:00Z,1,1,1,1,1,1,1,0,1,1,69.0199966430664,8.34000015258789,,,,,,,,,23.799999237060547,73.62000274658203,19.600000381469727,PS_036,,109.0679931640625,1.8899999856948853
24.399999618530273,10.293732643127441,2024-12-01T09:30:00Z,1,1,1,1,1,1,1,0,1,1,133.8699951171875,13.289999961853027,,,,,,,,,25.399999618530273,179.1999969482422,19.600000381469727,PS_036,,79.18799591064453,2.4099998474121094
24.399999618530277,10.293732643127441,2024-12-01T09:45:00Z,1,1,1,1,1,1,1,0,1,1,28.379999160766605,4.329999923706055,,,,,,,,,25.700000762939457,26.18000030517578,19.600000381469727,PS_036,,76.87199401855469,4.470000267028809
25.0,10.293732643127441,2024-12-01T10:00:00Z,1,1,1,1,1,1,1,0,1,1,180.6699981689453,21.899999618530273,,,,,,,,,26.799999237060547,243.4900054931641,19.600000381469727,PS_036,,55.439998626708984,2.7960000038146973
25.799999237060547,10.293732643127441,2024-12-01T10:15:00Z,1,1,1,1,1,1,1,0,1,1,358.989990234375,42.45000076293945,,,,,,,,,31.899999618530273,639.9199829101562,19.600000381469727,PS_036,,72.01200103759766,3.7200000286102295
25.899999618530273,10.29646635055542,2024-12-01T10:30:00Z,0,0,0,0,0,0,1,0,0,0,414.62998962402344,50.790000915527344,true,true,true,true,true,true,true,true,33.15000057220459,747.7699890136719,19.600000381469727,PS_036,,74.9640007019043,4.317000031471252
26.0,10.299200057983398,2024-12-01T10:45:00Z,1,1,1,1,1,1,1,0,1,1,470.2699890136719,59.130001068115234,,,,,,,,,34.400001525878906,855.6199951171875,19.600000381469727,PS_036,,77.91600036621094,4.914000034332275
26.600000381469727,10.299200057983398,2024-12-01T11:00:00Z,1,1,1,1,1,1,1,0,1,1,512.75,70.12999725341797,,,,,,,,,35.70000076293945,873.4600219726562,19.600000381469727,PS_036,,76.75199890136719,4.1060004234313965
26.799999237060547,10.299200057983398,2024-12-01T11:15:00Z,1,1,1,1,1,1,1,0,1,1,333.3500061035156,65.41999816894531,,,,,,,,,37.099998474121094,458.0700073242188,19.600000381469727,PS_036,,31.823999404907227,2.8919999599456787
27.600000381469727,10.304666519165039,2024-12-01T11:30:00Z,1,1,1,1,1,1,1,0,1,1,718.3900146484375,85.0,,,,,,,,,39.29999923706055,1011.8200073242188,19.600000381469727,PS_036,,96.09599304199219,1.5239999294281006
27.100000381469727,10.304666519165039,2024-12-01T11:45:00Z,1,1,1,1,1,1,1,0,1,1,546.6199951171875,71.56999969482422,,,,,,,,,36.0,682.0700073242188,19.600000381469727,PS_036,,88.68000030517578,3.6040000915527344
26.600000381469727,10.304666519165039,2024-12-01T12:00:00Z,1,1,1,1,1,1,1,0,1,1,414.8500061035156,58.40999984741211,,,,,,,,,31.899999618530273,500.510009765625,19.600000381469727,PS_036,,40.391998291015625,4.394000053405762
26.799999237060547,10.304666519165039,2024-12-01T12:15:00Z,1,1,1,1,1,1,1,0,1,1,299.32000732421875,47.540000915527344,,,,,,,,,31.899999618530273,357.8599853515625,19.600000381469727,PS_036,,73.39199829101562,3.200000047683716
27.600000381469727,10.299200057983398,2024-12-01T12:30:00Z,1,1,1,1,1,1,1,0,1,1,775.0700073242188,68.16999816894531,,,,,,,,,37.29999923706055,961.1900024414062,19.600000381469727,PS_036,,54.75600051879883,4.489999771118164
29.0,10.304666519165039,2024-12-01T12:45:00Z,1,1,1,1,1,1,1,0,1,1,953.1900024414062,77.13999938964844,,,,,,,,,45.79999923706055,1122.0999755859375,19.600000381469727,PS_036,,67.60800170898438,4.335999965667725
29.0,10.304666519165039,2024-12-01T13:00:00Z,1,1,1,1,1,1,1,0,1,1,1050.489990234375,79.79000091552734,,,,,,,,,44.099998474121094,1188.010009765625,19.600000381469727,PS_036,,51.395999908447266,3.528000116348266
29.799999237060547,10.304666519165039,2024-12-01T13:15:00Z,1,1,1,1,1,1,1,0,1,1,1040.06005859375,76.62000274658203,,,,,,,,,43.59999847412109,1142.949951171875,19.600000381469727,PS_036,,54.51599884033203,4.414000034332275
29.5,10.31013298034668,2024-12-01T13:30:00Z,1,1,1,1,1,1,1,0,1,1,1194.530029296875,87.04000091552734,,,,,,,,,40.29999923706055,1269.010009765625,19.600000381469727,PS_036,,73.63200378417969,4.414000034332275
30.100000381469727,10.31013298034668,2024-12-01T13:45:00Z,1,1,1,1,1,1,1,0,1,1,1019.6500244140626,75.77999877929688,,,,,,,,,40.900001525878906,1034.5699462890625,19.600000381469727,PS_036,,72.4679946899414,4.335999965667725
30.199999809265137,10.31013298034668,2024-12-01T14:00:00Z,0,0,0,0,0,0,1,0,0,0,922.5450134277344,71.70499801635742,true,true,true,true,true,true,true,true,39.400001525878906,930.8949584960938,19.600000381469727,PS_036,,75.65399551391602,4.335999965667725
30.299999237060547,10.31013298034668,2024-12-01T14:15:00Z,1,1,1,1,1,1,1,0,1,1,825.4400024414062,67.62999725341797,,,,,,,,,37.900001525878906,827.219970703125,19.600000381469727,PS_036,,78.83999633789062,4.335999965667725
31.200000762939457,10.304666519165039,2024-12-01T14:30:00Z,1,1,1,1,1,1,1,0,1,1,971.2500000000001,71.23999786376953,,,,,,,,,42.20000076293945,964.5900268554689,19.600000381469727,PS_036,,78.83999633789062,3.007999897003174
31.399999618530277,10.31013298034668,2024-12-01T14:45:00Z,1,1,1,1,1,1,1,0,1,1,1068.1300048828125,74.66999816894531,,,,,,,,,43.29999923706055,1076.969970703125,19.600000381469727,PS_036,,54.63600158691406,1.621999979019165
30.600000381469727,10.31013298034668,2024-12-01T15:00:00Z,1,1,1,1,1,1,1,0,1,1,469.45001220703125,43.79999923706055,,,,,,,,,40.79999923706054,474.3500061035156,19.600000381469727,PS_036,,64.59600067138672,1.25600004196167
30.899999618530273,10.304666519165039,2024-12-01T15:15:00Z,1,1,1,1,1,1,1,0,1,1,755.7899780273438,56.83000183105469,,,,,,,,,39.20000076293945,758.6099853515625,19.600000381469727,PS_036,,357.61199951171875,3.257999897003174
31.200000762939457,10.304666519165039,2024-12-01T15:30:00Z,1,1,1,1,1,1,1,0,1,1,913.4299926757812,64.87999725341797,,,,,,,,,39.5,918.489990234375,19.600000381469727,PS_036,,351.239990234375,3.5460000038146973
32.0,10.31013298034668,2024-12-01T15:45:00Z,1,1,1,1,1,1,1,0,1,1,1240.02001953125,79.95999908447266,,,,,,,,,44.099998474121094,1243.800048828125,19.600000381469727,PS_036,,89.3759994506836,2.621999979019165
31.700000762939453,10.31013298034668,2024-12-01T16:00:00Z,1,1,1,1,1,1,1,0,1,1,470.739990234375,35.540000915527344,,,,,,,,,45.20000076293945,462.69000244140625,19.600000381469727,PS_036,,61.11599731445312,2.930000066757202
30.899999618530273,10.314916610717773,2024-12-01T16:15:00Z,1,1,1,1,1,1,1,0,1,1,341.0799865722656,30.84000015258789,,,,,,,,,38.400001525878906,342.8800048828125,19.600000381469727,PS_036,,48.14400100708008,2.621999979019165
31.399999618530273,10.31013298034668,2024-12-01T16:30:00Z,1,1,1,1,1,1,1,0,1,1,556.1799926757812,44.09000015258789,,,,,,,,,39.5,561.6699829101562,19.600000381469727,PS_036,,11.904000282287598,1.8339999914169312
32.20000076293945,10.31013298034668,2024-12-01T16:45:00Z,1,1,1,1,1,1,1,0,1,1,1133.4300537109375,79.6500015258789,,,,,,,,,48.79999923706055,1169.5400390625,19.600000381469727,PS_036,,293.5559997558594,0.6780000329017639
31.700000762939457,10.314916610717773,2024-12-01T17:00:00Z,1,1,1,1,1,1,1,0,1,1,1165.6800537109375,85.41999816894531,,,,,,,,,40.599998474121094,1235.050048828125,19.600000381469727,PS_036,,66.56400299072266,3.1419999599456783
32.20000076293945,10.314916610717773,2024-12-01T17:15:00Z,1,1,1,1,1,1,1,0,1,1,929.0599975585938,71.88999938964844,,,,,,,,,49.0,998.1699829101564,19.600000381469727,PS_036,,12.011999130249023,2.4679999351501465
32.20000076293945,10.314916610717773,2024-12-01T17:30:00Z,1,1,1,1,1,1,1,0,1,1,518.8300170898438,52.65999984741211,,,,,,,,,41.599998474121094,545.4600219726562,19.600000381469727,PS_036,,84.86399841308594,3.3340001106262207
31.800000190734863,10.314916610717773,2024-12-01T17:45:00Z,0,0,0,0,0,0,1,0,0,0,413.4200134277344,45.73500061035156,true,true,true,true,true,true,true,true,39.44999885559082,428.15000915527344,19.600000381469727,PS_036,,65.05799865722656,2.6320000886917114
31.399999618530273,10.314916610717773,2024-12-01T18:00:00Z,1,1,1,1,1,1,1,0,1,1,308.010009765625,38.810001373291016,,,,,,,,,37.29999923706055,310.8399963378906,19.600000381469727,PS_036,,45.25199890136719,1.9300000667572021
32.5,10.31013298034668,2024-12-01T18:15:00Z,1,1,1,1,1,1,1,0,1,1,356.3999938964844,48.52000045776367,,,,,,,,,43.79999923706055,363.6099853515625,19.600000381469727,PS_036,,42.70800018310547,2.930000066757202
32.0,10.314916610717773,2024-12-01T18:30:00Z,1,1,1,1,1,1,1,0,1,1,576.4199829101562,66.38999938964844,,,,,,,,,41.099998474121094,662.3800048828125,19.600000381469727,PS_036,,52.775997161865234,1.8519999980926514
33.29999923706055,10.314916610717773,2024-12-01T18:45:00Z,1,1,1,1,1,1,1,0,1,1,257.67999267578125,51.09000015258789,,,,,,,,,51.5,244.64999389648438,19.600000381469727,PS_036,,151.10400390625,1.6400001049041748
33.29999923706055,10.314916610717773,2024-12-01T19:00:00Z,1,1,1,1,1,1,1,0,1,1,636.8599853515625,70.2699966430664,,,,,,,,,49.29999923706055,893.510009765625,19.600000381469727,PS_036,,40.5,1.5640000104904175
33.29999923706055,10.320384025573732,2024-12-01T19:15:00Z,1,1,1,1,1,1,1,0,1,1,730.1699829101562,72.73999786376953,,,,,,,,,50.900001525878906,1123.719970703125,19.600000381469727,PS_036,,78.02400207519533,4.239999771118164
33.599998474121094,10.32038402557373,2024-12-01T19:30:00Z,1,1,1,1,1,1,1,0,1,1,650.8699951171875,64.05999755859375,,,,,,,,,53.400001525878906,1079.52001953125,19.600000381469727,PS_036,,69.57599639892578,2.564000129699707
33.0,10.32038402557373,2024-12-01T19:45:00Z,1,1,1,1,1,1,1,0,1,1,197.55999755859375,21.610000610351562,,,,,,,,,46.599998474121094,335.4599914550781,19.600000381469727,PS_036,,51.156002044677734,2.8540000915527344
31.899999618530277,10.314916610717773,2024-12-01T20:00:00Z,1,1,1,1,1,1,1,0,1,1,217.16000366210938,16.239999771118164,,,,,,,,,37.29999923706055,389.5199890136719,19.600000381469727,PS_036,,71.19599914550781,3.624000072479248
32.5,10.314916610717773,2024-12-01T20:15:00Z,1,1,1,1,1,1,1,0,1,1,285.260009765625,24.950000762939453,,,,,,,,,38.70000076293945,507.6400146484375,19.600000381469727,PS_036,,55.788002014160156,1.718000054359436
32.5,10.32038402557373,2024-12-01T20:30:00Z,1,1,1,1,1,1,1,0,1,1,176.88000488281247,19.90999984741211,,,,,,,,,37.79999923706055,300.79998779296875,19.600000381469727,PS_036,,60.41999816894531,1.5640000104904175
32.20000076293945,10.32038402557373,2024-12-01T20:45:00Z,1,1,1,1,1,1,1,0,1,1,63.27000045776367,5.449999809265137,,,,,,,,,34.0,91.37999725341797,19.600000381469727,PS_036,,44.67599868774414,0.5419999957084656
30.899999618530277,10.31013298034668,2024-12-01T21:00:00Z,1,1,1,1,1,1,1,0,1,1,35.86000061035156,1.7599999904632568,,,,,,,,,30.200000762939457,44.13999938964844,19.600000381469727,PS_036,,100.60799407958984,1.1200000047683716
30.299999237060547,10.314916610717773,2024-12-01T21:15:00Z,1,1,1,1,1,1,1,0,1,1,19.290000915527344,0.11999999731779099,,,,,,,,,28.600000381469727,19.8700008392334,19.600000381469727,PS_036,,58.104000091552734,1.0240000486373901
29.899999618530273,10.312524795532227,2024-12-01T21:30:00Z,0,0,0,0,0,0,1,0,0,0,13.640000343322754,-0.25999999418854713,true,true,true,true,true,true,true,true,28.050000190734863,13.655000448226929,19.600000381469727,PS_036,,75.42000007629395,1.1690000295639038
29.5,10.31013298034668,2024-12-01T21:45:00Z,1,1,1,1,1,1,1,0,1,1,7.989999771118165,-0.6399999856948853,,,,,,,,,27.5,7.440000057220459,19.600000381469727,PS_036,,92.73600006103516,1.3140000104904175
29.299999237060543,10.31013298034668,2024-12-01T22:00:00Z,1,1,1,1,1,1,1,0,1,1,-0.9100000262260437,-1.159999966621399,,,,,,,,,26.70000076293945,-0.18000000715255737,19.600000381469727,PS_036,,93.7800064086914,1.1200000047683716
28.5,10.304666519165039,2024-12-01T22:15:00Z,1,1,1,1,1,1,1,0,1,1,-2.3499999046325684,-1.7000000476837158,,,,,,,,,26.200000762939453,-1.6200000047683714,19.600000381469727,PS_036,,105.13200378417969,1.2160000801086426
28.5,10.304666519165039,2024-12-01T22:30:00Z,1,1,1,1,1,1,1,0,1,1,-1.5099999904632568,-1.0399999618530273,,,,,,,,,25.899999618530273,-1.2699999809265137,19.600000381469727,PS_036,,84.86399841308594,1.6779999732971191
27.899999618530273,10.304666519165039,2024-12-01T22:45:00Z,1,1,1,1,1,1,1,0,1,1,-1.899999976158142,-1.159999966621399,,,,,,,,,25.899999618530273,-1.1100000143051147,19.600000381469727,PS_036,,105.01200103759764,1.6019999980926516
27.399999618530273,10.304666519165039,2024-12-01T23:00:00Z,1,1,1,1,1,1,1,0,1,1,-2.119999885559082,-1.2200000286102295,,,,,,,,,25.399999618530273,-1.3600000143051147,19.600000381469727,PS_036,,96.21599578857422,1.2160000801086426
27.399999618530273,10.304666519165039,2024-12-01T23:15:00Z,1,1,1,1,1,1,1,0,1,1,-1.7200000286102295,-0.8500000238418578,,,,,,,,,25.399999618530273,-0.6200000047683716,19.600000381469727,PS_036,,130.60800170898438,1.5239999294281006
27.399999618530273,10.304666519165039,2024-12-01T23:30:00Z,1,1,1,1,1,1,1,0,1,1,-1.5700000524520874,-0.4300000071525574,,,,,,,,,25.899999618530273,-0.8000000119209288,19.600000381469727,PS_036,,82.54800415039062,2.6040000915527344
27.399999618530273,10.304666519165039,2024-12-01T23:45:00Z,1,1,1,1,1,1,1,0,1,1,-1.8600000143051147,-0.949999988079071,,,,,,,,,25.700000762939453,-1.2699999809265137,19.600000381469727,PS_036,,81.03599548339844,1.2160000801086426
27.399999618530273,10.304666519165039,2024-12-02T00:00:00Z,1,1,1,1,1,1,1,0,1,1,-1.649999976158142,-1.0399999618530273,,,,,,,,,25.399999618530273,-1.4199999570846558,19.600000381469727,PS_036,,78.49199676513672,2.5839998722076416
27.100000381469727,10.304666519165039,2024-12-02T00:15:00Z,1,1,1,1,1,1,1,0,1,1,-1.6200000047683716,-0.6000000238418579,,,,,,,,,25.399999618530273,-1.059999942779541,19.600000381469727,PS_036,,79.88400268554688,2.8159999847412105
26.600000381469727,10.304666519165039,2024-12-02T00:30:00Z,1,1,1,1,1,1,1,0,1,1,-1.9700000286102297,-0.8500000238418579,,,,,,,,,25.399999618530273,-1.590000033378601,19.600000381469727,PS_036,,89.7239990234375,2.4099998474121094
26.600000381469727,10.304666519165039,2024-12-02T00:45:00Z,1,1,1,1,1,1,1,0,1,1,-1.7100000381469727,-0.7400000095367432,,,,,,,,,25.100000381469727,-1.3799999952316284,19.600000381469727,PS_036,,77.22000122070312,2.9880001544952393
26.300000190734863,10.304666519165039,2024-12-02T01:00:00Z,0,0,0,0,0,0,1,0,0,0,-1.600000023841858,-0.7150000035762787,true,true,true,true,true,true,true,true,25.0,-1.3650000095367432,19.600000381469727,PS_036,,74.90399932861328,3.44100022315979
26.0,10.304666519165039,2024-12-02T01:15:00Z,1,1,1,1,1,1,1,0,1,1,-1.4900000095367432,-0.6899999976158142,,,,,,,,,24.899999618530273,-1.350000023841858,19.600000381469727,PS_036,,72.58799743652344,3.894000291824341
26.799999237060547,10.304666519165039,2024-12-02T01:30:00Z,1,1,1,1,1,1,1,0,1,1,-1.190000057220459,0.05000000074505806,,,,,,,,,25.700000762939453,-0.7400000095367432,19.600000381469727,PS_036,,66.91200256347656,5.76200008392334
26.600000381469727,10.304666519165039,2024-12-02T01:45:00Z,1,1,1,1,1,1,1,0,1,1,-1.5399999618530273,-0.5699999928474426,,,,,,,,,26.0,-1.4299999475479126,19.600000381469727,PS_036,,40.96799850463867,3.507999897003174
26.29999923706055,10.304666519165039,2024-12-02T02:00:00Z,1,1,1,1,1,1,1,0,1,1,-1.8700000047683716,-0.7099999785423279,,,,,,,,,25.700000762939453,-1.7200000286102295,19.600000381469727,PS_036,,55.104000091552734,4.894000053405762
26.299999237060547,10.299200057983398,2024-12-02T02:15:00Z,1,1,1,1,1,1,1,0,1,1,-1.559999942779541,-0.699999988079071,,,,,,,,,25.399999618530273,-1.7100000381469727,19.600000381469727,PS_036,,58.571998596191406,4.585999965667725
25.499999999999996,10.299200057983398,2024-12-02T02:30:00Z,1,1,1,1,1,1,1,0,1,1,-1.9700000286102297,-0.7699999809265137,,,,,,,,,25.100000381469727,-2.0,19.600000381469727,PS_036,,54.51599884033203,4.585999965667725
25.799999237060547,10.304666519165039,2024-12-02T02:45:00Z,1,1,1,1,1,1,1,0,1,1,-1.5299999713897705,-0.3499999940395355,,,,,,,,,24.899999618530273,-1.559999942779541,19.600000381469727,PS_036,,40.96799850463867,5.742000102996826
,,2024-12-02T03:00:00Z,0,0,0,0,0,0,1,0,0,0,,,,,,,,,,,,,19.600000381469727,PS_036,,,
,,2024-12-02T03:15:00Z,0,0,0,0,0,0,1,0,0,0,,,,,,,,,,,,,19.600000381469727,PS_036,,,
,,2024-12-02T03:30:00Z,0,0,0,0,0,0,1,0,0,0,,,,,,,,,,,,,19.600000381469727,PS_036,,,
,,2024-12-02T03:45:00Z,0,0,0,0,0,0,1,0,0,0,,,,,,,,,,,,,19.600000381469727,PS_036,,,
,,2024-12-02T04:00:00Z,0,0,0,0,0,0,1,0,0,0,,,,,,,,,,,,,19.600000381469727,PS_036,,,
,,2024-12-02T04:15:00Z,0,0,0,0,0,0,1,0,0,0,,,,,,,,,,,,,19.600000381469727,PS_036,,,
,,2024-12-02T04:30:00Z,0,0,0,0,0,0,1,0,0,0,,,,,,,,,,,,,19.600000381469727,PS_036,,,
,,2024-12-02T04:45:00Z,0,0,0,0,0,0,1,0,0,0,,,,,,,,,,,,,19.600000381469727,PS_036,,,
,,2024-12-02T05:00:00Z,0,0,0,0,0,0,1,0,0,0,,,,,,,,,,,,,19.600000381469727,PS_036,,,
,,2024-12-02T05:15:00Z,0,0,0,0,0,0,1,0,0,0,,,,,,,,,,,,,19.600000381469727,PS_036,,,
,,2024-12-02T05:30:00Z,0,0,0,0,0,0,1,0,0,0,,,,,,,,,,,,,19.600000381469727,PS_036,,,
,,2024-12-02T05:45:00Z,0,0,0,0,0,0,1,0,0,0,,,,,,,,,,,,,19.600000381469727,PS_036,,,
,,2024-12-02T06:00:00Z,0,0,0,0,0,0,1,0,0,0,,,,,,,,,,,,,19.600000381469727,PS_036,,,
,,2024-12-02T06:15:00Z,0,0,0,0,0,0,1,0,0,0,,,,,,,,,,,,,19.600000381469727,PS_036,,,
,,2024-12-02T06:30:00Z,0,0,0,0,0,0,1,0,0,0,,,,,,,,,,,,,19.600000381469727,PS_036,,,
,,2024-12-02T06:45:00Z,0,0,0,0,0,0,1,0,0,0,,,,,,,,,,,,,19.600000381469727,PS_036,,,
,,2024-12-02T07:00:00Z,0,0,0,0,0,0,1,0,0,0,,,,,,,,,,,,,19.600000381469727,PS_036,,,
,,2024-12-02T07:15:00Z,0,0,0,0,0,0,1,0,0,0,,,,,,,,,,,,,19.600000381469727,PS_036,,,
,,2024-12-02T07:30:00Z,0,0,0,0,0,0,1,0,0,0,,,,,,,,,,,,,19.600000381469727,PS_036,,,
,,2024-12-02T07:45:00Z,0,0,0,0,0,0,1,0,0,0,,,,,,,,,,,,,19.600000381469727,PS_036,,,
,,2024-12-02T08:00:00Z,0,0,0,0,0,0,1,0,0,0,,,,,,,,,,,,,19.600000381469727,PS_036,,,
,,2024-12-02T08:15:00Z,0,0,0,0,0,0,1,0,0,0,,,,,,,,,,,,,19.600000381469727,PS_036,,,
,,2024-12-02T08:30:00Z,0,0,0,0,0,0,1,0,0,0,,,,,,,,,,,,,19.600000381469727,PS_036,,,
,,2024-12-02T08:45:00Z,0,0,0,0,0,0,1,0,0,0,,,,,,,,,,,,,19.600000381469727,PS_036,,,
23.899999618530273,10.293732643127441,2024-12-02T09:00:00Z,1,1,1,1,1,1,1,0,1,1,16.190000534057617,1.2200000286102295,,,,,,,,,23.5,15.260000228881836,19.600000381469727,PS_036,,72.1199951171875,3.200000047683716
24.100000381469727,10.299200057983398,2024-12-02T09:15:00Z,1,1,1,1,1,1,1,0,1,1,23.15999984741211,2.059999942779541,,,,,,,,,23.79999923706055,21.860000610351562,19.600000381469727,PS_036,,76.40399932861327,3.2780001163482666
24.100000381469727,10.293732643127441,2024-12-02T09:30:00Z,1,1,1,1,1,1,1,0,1,1,44.75,4.889999866485596,,,,,,,,,24.100000381469727,42.689998626708984,19.600000381469727,PS_036,,80.58000183105469,3.4879999160766597
24.700000762939453,10.299200057983398,2024-12-02T09:45:00Z,1,1,1,1,1,1,1,0,1,1,86.91999816894531,10.720000267028809,,,,,,,,,24.899999618530273,83.16000366210938,19.600000381469727,PS_036,,75.02400207519531,4.007999897003174
25.0,10.299200057983398,2024-12-02T10:00:00Z,1,1,1,1,1,1,1,0,1,1,164.58999633789062,20.479999542236328,,,,,,,,,26.200000762939453,177.97999572753906,19.600000381469727,PS_036,,44.327999114990234,3.1040000915527344
25.0,10.29646635055542,2024-12-02T10:15:00Z,0,0,0,0,0,0,1,0,0,0,170.9550018310547,24.774999618530273,true,true,true,true,true,true,true,true,26.200000762939453,177.47999572753906,19.600000381469727,PS_036,,57.52800178527832,4.375
25.0,10.293732643127441,2024-12-02T10:30:00Z,1,1,1,1,1,1,1,0,1,1,177.32000732421875,29.06999969482422,,,,,,,,,26.200000762939453,176.97999572753906,19.600000381469727,PS_036,,70.7280044555664,5.645999908447266
25.200000762939453,10.299200057983398,2024-12-02T10:45:00Z,1,1,1,1,1,1,1,0,1,1,169.1199951171875,42.9900016784668,,,,,,,,,27.299999237060547,182.10000610351562,19.600000381469727,PS_036,,56.13600158691406,3.7979998588562016
26.299999237060547,10.299200057983398,2024-12-02T11:00:00Z,1,1,1,1,1,1,1,0,1,1,552.7000122070312,74.11000061035156,,,,,,,,,34.400001525878906,937.010009765625,19.600000381469727,PS_036,,59.49599838256836,3.6040000915527344
26.600000381469723,10.304666519165039,2024-12-02T11:15:00Z,1,1,1,1,1,1,1,0,1,1,624.5399780273438,82.05000305175781,,,,,,,,,36.79999923706055,972.5399780273438,19.600000381469727,PS_036,,84.98400115966797,7.1660003662109375
28.200000762939453,10.304666519165039,2024-12-02T11:30:00Z,1,1,1,1,1,1,1,0,1,1,893.510009765625,103.77999877929688,,,,,,,,,42.29999923706055,1205.7099609375,19.600000381469727,PS_036,,46.64400100708008,4.625999927520752
27.89999961853027,10.304666519165039,2024-12-02T11:45:00Z,1,1,1,1,1,1,1,0,1,1,396.82000732421875,78.68000030517578,,,,,,,,,33.79999923706055,375.6499938964844,19.600000381469727,PS_036,,27.191999435424805,3.912000179290772
27.899999618530273,10.304666519165039,2024-12-02T12:00:00Z,1,1,1,1,1,1,1,0,1,1,415.1700134277343,81.01000213623047,,,,,,,,,32.20000076293945,364.2200012207031,19.600000381469727,PS_036,,31.82399940490723,3.894000291824341
27.899999618530273,10.304666519165039,2024-12-02T12:15:00Z,1,1,1,1,1,1,1,0,1,1,351.6600036621094,61.439998626708984,,,,,,,,,31.399999618530273,314.7799987792969,19.600000381469727,PS_036,,354.0119934082031,4.625999927520752
27.89999961853027,10.304666519165039,2024-12-02T12:30:00Z,1,1,1,1,1,1,1,0,1,1,360.7799987792969,55.45999908447265,,,,,,,,,31.399999618530277,323.44000244140625,19.600000381469727,PS_036,,355.87200927734375,3.2960000038146973
27.600000381469727,10.304666519165039,2024-12-02T12:45:00Z,1,1,1,1,1,1,1,0,1,1,315.5299987792969,52.900001525878906,,,,,,,,,30.500000000000004,279.19000244140625,19.600000381469727,PS_036,,16.992000579833984,5.355999946594238
27.90000057220459,10.304666519165039,2024-12-02T13:00:00Z,0,0,0,0,0,0,1,0,0,0,378.9600067138672,59.52000045776367,true,true,true,true,true,true,true,true,31.899999618530273,345.97999572753906,19.600000381469727,PS_036,,12.76800012588501,4.7790000438690186
28.200000762939453,10.304666519165039,2024-12-02T13:15:00Z,1,1,1,1,1,1,1,0,1,1,442.3900146484375,66.13999938964844,,,,,,,,,33.29999923706055,412.7699890136719,19.600000381469727,PS_036,,8.543999671936035,4.202000141143799
28.5,10.304666519165039,2024-12-02T13:30:00Z,1,1,1,1,1,1,1,0,1,1,470.8800048828125,57.9900016784668,,,,,,,,,33.29999923706055,454.1400146484375,19.600000381469727,PS_036,,57.071998596191406,5.9720001220703125
28.200000762939453,10.304666519165039,2024-12-02T13:45:00Z,1,1,1,1,1,1,1,0,1,1,411.1499938964844,53.459999084472656,,,,,,,,,31.600000381469727,384.1499938964844,19.600000381469727,PS_036,,18.73200035095215,3.2000000476837154
28.700000762939453,10.299200057983398,2024-12-02T14:00:00Z,1,1,1,1,1,1,1,0,1,1,579.97998046875,59.66999816894531,,,,,,,,,34.29999923706055,580.4299926757812,19.600000381469727,PS_036,,8.892000198364258,4.797999858856201
27.89999961853027,10.304666519165039,2024-12-02T14:15:00Z,1,1,1,1,1,1,1,0,1,1,443.30999755859375,45.869998931884766,,,,,,,,,32.400001525878906,456.9700012207031,19.600000381469727,PS_036,,43.51199722290039,2.6040000915527344
26.600000381469727,10.304666519165039,2024-12-02T14:30:00Z,1,1,1,1,1,1,1,0,1,1,433.260009765625,45.59000015258789,,,,,,,,,30.299999237060547,427.760009765625,19.600000381469727,PS_036,,37.608001708984375,4.0279998779296875
27.399999618530273,10.299200057983398,2024-12-02T14:45:00Z,1,1,1,1,1,1,1,0,1,1,526.27001953125,51.0999984741211,,,,,,,,,31.899999618530273,521.8300170898438,19.600000381469727,PS_036,,3.2160000801086426,4.702000141143799
27.399999618530273,10.304666519165039,2024-12-02T15:00:00Z,1,1,1,1,1,1,1,0,1,1,506.2300109863281,48.689998626708984,,,,,,,,,31.899999618530273,500.3599853515625,19.600000381469727,PS_036,,50.46000289916992,4.914000034332275
27.899999618530273,10.304666519165039,2024-12-02T15:15:00Z,1,1,1,1,1,1,1,0,1,1,669.739990234375,56.029998779296875,,,,,,,,,33.29999923706055,665.239990234375,19.600000381469727,PS_036,,43.97999954223633,3.912000179290771
29.5,10.304666519165039,2024-12-02T15:30:00Z,1,1,1,1,1,1,1,0,1,1,1066.199951171875,71.16999816894531,,,,,,,,,41.70000076293945,1061.6700439453125,19.600000381469727,PS_036,,11.555999755859373,4.202000141143799
29.799999237060543,10.31013298034668,2024-12-02T15:45:00Z,1,1,1,1,1,1,1,0,1,1,640.5,47.90999984741211,,,,,,,,,39.0,715.1799926757812,19.600000381469727,PS_036,,71.07600402832031,5.684000015258789
31.399999618530273,10.304666519165039,2024-12-02T16:00:00Z,1,1,1,1,1,1,1,0,1,1,1080.5699462890625,74.0,,,,,,,,,41.900001525878906,1092.199951171875,19.600000381469727,PS_036,,32.279998779296875,3.5280001163482666
30.299999237060547,10.31013298034668,2024-12-02T16:15:00Z,1,1,1,1,1,1,1,0,1,1,1036.5899658203125,75.5999984741211,,,,,,,,,36.20000076293945,1062.2900390625,19.600000381469727,PS_036,,8.196000099182129,2.7179999351501465
31.399999618530273,10.31013298034668,2024-12-02T16:30:00Z,1,1,1,1,1,1,1,0,1,1,1064.199951171875,76.31999969482422,,,,,,,,,38.70000076293945,1098.4599609375,19.600000381469727,PS_036,,45.25199890136719,7.378000259399414
31.700000762939453,10.314916610717773,2024-12-02T16:45:00Z,1,1,1,1,1,1,1,0,1,1,952.0999755859375,69.88999938964844,,,,,,,,,39.79999923706055,1006.2999877929688,19.600000381469727,PS_036,,70.37999725341797,6.7820000648498535
32.5,10.314916610717773,2024-12-02T17:00:00Z,1,1,1,1,1,1,1,0,1,1,1030.050048828125,75.97000122070312,,,,,,,,,43.0,1119.52001953125,19.600000381469727,PS_036,,40.96799850463867,4.7220001220703125
31.399999618530273,10.314916610717773,2024-12-02T17:15:00Z,1,1,1,1,1,1,1,0,1,1,387.4200134277344,47.09000015258789,,,,,,,,,40.0,401.7200012207031,19.600000381469727,PS_036,,29.856000900268555,6.511999607086182
31.550000190734863,10.312524795532227,2024-12-02T17:30:00Z,0,0,0,0,0,0,1,0,0,0,427.8550109863281,51.51499938964844,true,true,true,true,true,true,true,true,39.45000076293945,448.69500732421875,19.600000381469727,PS_036,,44.56200122833252,5.847999811172485
31.700000762939453,10.31013298034668,2024-12-02T17:45:00Z,1,1,1,1,1,1,1,0,1,1,468.2900085449219,55.939998626708984,,,,,,,,,38.900001525878906,495.6700134277343,19.600000381469727,PS_036,,59.268001556396484,5.184000015258789
32.20000076293945,10.31013298034668,2024-12-02T18:00:00Z,1,1,1,1,1,1,1,0,1,1,626.6599731445312,64.33000183105469,,,,,,,,,41.70000076293945,753.6799926757812,19.600000381469727,PS_036,,25.799999237060547,6.685999870300294
26.5,10.304666519165039,2024-12-02T18:15:00Z,1,1,1,1,1,1,1,0,1,1,123.30000305175783,21.6200008392334,,,,,,,,,30.799999237060547,90.44000244140624,19.600000381469727,PS_036,,317.8800048828125,5.184000015258789
24.899999618530273,10.299200057983398,2024-12-02T18:30:00Z,1,1,1,1,1,1,1,0,1,1,81.04000091552734,19.290000915527347,,,,,,,,,25.100000381469727,48.540000915527344,19.600000381469727,PS_036,,338.7239990234375,6.7820000648498535
23.600000381469727,10.293732643127441,2024-12-02T18:45:00Z,1,1,1,1,1,1,1,0,1,1,91.0,24.0,,,,,,,,,23.799999237060547,61.849998474121094,19.80000114440918,PS_036,,334.0920104980469,2.815999984741211
23.600000381469727,10.299200057983398,2024-12-02T19:00:00Z,1,1,1,1,1,1,1,0,1,1,75.72000122070312,17.610000610351562,,,,,,,,,23.5,55.15999984741211,20.0,PS_036,,50.92799758911133,2.488000154495239
23.600000381469727,10.299200057983398,2024-12-02T19:15:00Z,1,1,1,1,1,1,1,0,1,1,72.45999908447266,16.18000030517578,,,,,,,,,23.5,50.279998779296875,20.0,PS_036,,8.423999786376953,2.0839998722076416
23.899999618530273,10.293732643127441,2024-12-02T19:30:00Z,1,1,1,1,1,1,1,0,1,1,63.029998779296875,13.710000038146973,,,,,,,,,23.5,46.97999954223633,20.0,PS_036,,333.6360168457031,2.9700000286102295
23.899999618530273,10.299200057983398,2024-12-02T19:45:00Z,1,1,1,1,1,1,1,0,1,1,63.58000183105468,10.890000343322754,,,,,,,,,23.799999237060547,52.68999862670899,20.0,PS_036,,24.17999839782715,0.6200000047683716
24.100000381469727,10.293732643127441,2024-12-02T20:00:00Z,1,1,1,1,1,1,1,0,1,1,87.91000366210938,13.039999961853027,,,,,,,,,24.899999618530273,73.0199966430664,20.0,PS_036,,76.40399932861328,1.4860000610351562
25.0,10.299200057983398,2024-12-02T20:15:00Z,1,1,1,1,1,1,1,0,1,1,94.87999725341797,13.430000305175781,,,,,,,,,26.500000000000004,86.66000366210938,20.0,PS_036,,101.07599639892577,0.12000000476837158
24.700000762939453,10.299200057983398,2024-12-02T20:30:00Z,1,1,1,1,1,1,1,0,1,1,81.29000091552734,10.3100004196167,,,,,,,,,26.200000762939453,77.08999633789062,20.0,PS_036,,45.37200164794922,0.4860000014305115
24.700000762939453,10.299200057983398,2024-12-02T20:45:00Z,1,1,1,1,1,1,1,0,1,1,40.40999984741211,4.019999980926514,,,,,,,,,25.700000762939453,40.45000076293945,20.0,PS_036,,36.10799789428711,1.3899999856948853
24.700000762939453,10.299200057983398,2024-12-02T21:00:00Z,0,0,0,0,0,0,1,0,0,0,35.56999969482422,3.0449999570846558,true,true,true,true,true,true,true,true,25.15000057220459,34.97500038146973,20.0,PS_036,,26.375999450683594,0.6689999923110008
24.700000762939453,10.299200057983398,2024-12-02T21:15:00Z,1,1,1,1,1,1,1,0,1,1,30.729999542236328,2.069999933242798,,,,,,,,,24.600000381469727,29.5,20.0,PS_036,,16.644001007080078,-0.052000001072883606
24.399999618530273,10.299200057983398,2024-12-02T21:30:00Z,1,1,1,1,1,1,1,0,1,1,14.979999542236328,0.6600000262260437,,,,,,,,,24.299999237060547,13.739999771118164,20.0,PS_036,,43.97999954223633,0.6200000047683716
24.100000381469727,10.293732643127441,2024-12-02T21:45:00Z,1,1,1,1,1,1,1,0,1,1,4.980000019073486,-0.44999998807907104,,,,,,,,,24.100000381469727,3.490000009536743,20.0,PS_036,,331.32000732421875,2.1019999980926514
24.700000762939453,10.293732643127441,2024-12-02T22:00:00Z,1,1,1,1,1,1,1,0,1,1,1.5199999809265137,-0.3700000047683716,,,,,,,,,23.5,-0.3799999952316284,20.0,PS_036,,332.364013671875,1.294000029563904
24.399999618530273,10.293732643127441,2024-12-02T22:15:00Z,1,1,1,1,1,1,1,0,1,1,0.7099999785423279,-0.4399999976158142,,,,,,,,,23.299999237060547,-0.6399999856948853,20.0,PS_036,,325.87200927734375,1.3899999856948853
24.399999618530273,10.293732643127441,2024-12-02T22:30:00Z,1,1,1,1,1,1,1,0,1,1,0.9599999785423279,-0.5799999833106995,,,,,,,,,23.5,-0.30000001192092896,20.0,PS_036,,297.156005859375,2.4099998474121094
23.100000381469727,10.293732643127441,2024-12-02T22:45:00Z,1,1,1,1,1,1,1,0,1,1,0.27000001072883606,-1.090000033378601,,,,,,,,,23.0,-1.340000033378601,20.0,PS_036,,267.0360107421875,3.412000179290771
22.799999237060547,10.288949966430664,2024-12-02T23:00:00Z,1,1,1,1,1,1,1,0,1,1,-0.3499999940395355,-0.8600000143051147,,,,,,,,,22.200000762939453,-1.5399999618530273,20.0,PS_036,,194.3040008544922,2.4880001544952393
22.79999923706055,10.293732643127443,2024-12-02T23:15:00Z,1,1,1,1,1,1,1,0,1,1,-0.6200000047683716,-0.7599999904632568,,,,,,,,,21.899999618530273,-1.409999966621399,20.0,PS_036,,227.31599426269534,2.6600000858306885
22.5,10.293732643127441,2024-12-02T23:30:00Z,1,1,1,1,1,1,1,0,1,1,-0.10999999940395355,-0.5600000023841858,,,,,,,,,21.600000381469727,-0.25999999046325684,20.0,PS_036,,192.8040008544922,2.3919999599456787
22.5,10.293732643127441,2024-12-02T23:45:00Z,1,1,1,1,1,1,1,0,1,1,-0.38999998569488525,-0.5899999737739563,,,,,,,,,21.600000381469727,-0.3700000047683716,20.0,PS_036,,183.6479949951172,0.6200000047683716
22.799999237060547,10.293732643127441,2024-12-03T00:00:00Z,1,1,1,1,1,1,1,0,1,1,-0.3499999940395355,-0.40999999642372126,,,,,,,,,21.600000381469727,-0.25,20.0,PS_036,,88.68000030517578,0.6200000047683716
22.799999237060547,10.293732643127441,2024-12-03T00:15:00Z,1,1,1,1,1,1,1,0,1,1,-0.44999998807907104,-0.5699999928474426,,,,,,,,,21.600000381469727,-0.4900000095367431,20.0,PS_036,,109.76399993896484,1.1980000734329224
22.799999237060547,10.293732643127441,2024-12-03T00:30:00Z,1,1,1,1,1,1,1,0,1,1,-0.7799999713897705,-0.5899999737739563,,,,,,,,,21.60000038146973,-0.8100000023841858,20.0,PS_036,,129.33599853515625,1.062000036239624
22.799999237060547,10.293732643127441,2024-12-03T00:45:00Z,0,0,0,0,0,0,1,0,0,0,-0.4749999865889549,-0.4899999797344208,true,true,true,true,true,true,true,true,21.5,-0.5850000083446503,20.0,PS_036,,163.96200561523438,1.0720000267028809
22.799999237060547,10.293732643127441,2024-12-03T01:00:00Z,1,1,1,1,1,1,1,0,1,1,-0.17000000178813934,-0.38999998569488525,,,,,,,,,21.399999618530273,-0.36000001430511475,20.0,PS_036,,198.5880126953125,1.0820000171661377
22.799999237060547,10.293732643127441,2024-12-03T01:15:00Z,1,1,1,1,1,1,1,0,1,1,-0.4799999892711639,-0.4799999892711639,,,,,,,,,21.600000381469727,-0.38999998569488525,20.0,PS_036,,152.96400451660156,0.4860000014305115
22.799999237060543,10.293732643127441,2024-12-03T01:30:00Z,1,1,1,1,1,1,1,0,1,1,-0.449999988079071,-0.3700000047683716,,,,,,,,,21.600000381469727,-0.20000000298023224,20.0,PS_036,,101.89200592041017,1.0820000171661377
22.799999237060547,10.288949966430664,2024-12-03T01:45:00Z,1,1,1,1,1,1,1,0,1,1,-0.3400000035762787,-0.33000001311302185,,,,,,,,,21.600000381469727,-0.3700000047683716,20.0,PS_036,,92.85599517822266,1.871999979019165
22.5,10.293732643127441,2024-12-03T02:00:00Z,1,1,1,1,1,1,1,0,1,1,-0.6000000238418579,-0.5600000023841858,,,,,,,,,21.600000381469727,-1.1200000047683716,20.200000762939453,PS_036,,124.70399475097655,3.180000066757202
22.5,10.293732643127441,2024-12-03T02:15:00Z,1,1,1,1,1,1,1,0,1,1,-1.0,-0.4799999892711639,,,,,,,,,21.899999618530273,-1.059999942779541,20.200000762939453,PS_036,,138.72000122070312,1.4860000610351562
22.799999237060547,10.29373264312744,2024-12-03T02:30:00Z,1,1,1,1,1,1,1,0,1,1,-1.4999999999999998,-0.4300000071525574,,,,,,,,,21.899999618530277,-1.399999976158142,20.200000762939453,PS_036,,133.15200805664062,1.871999979019165
22.799999237060547,10.293732643127441,2024-12-03T02:45:00Z,1,1,1,1,1,1,1,0,1,1,-1.2100000381469727,-0.36000001430511475,,,,,,,,,21.899999618530273,-1.2799999713897705,20.200000762939453,PS_036,,107.5679931640625,1.8719999790191648
,,2024-12-03T03:00:00Z,0,0,0,0,0,0,1,0,0,0,,,,,,,,,,,,,20.200000762939453,PS_036,,,
,,2024-12-03T03:15:00Z,0,0,0,0,0,0,1,0,0,0,,,,,,,,,,,,,20.200000762939453,PS_036,,,
,,2024-12-03T03:30:00Z,0,0,0,0,0,0,1,0,0,0,,,,,,,,,,,,,20.200000762939453,PS_036,,,
,,2024-12-03T03:45:00Z,0,0,0,0,0,0,1,0,0,0,,,,,,,,,,,,,20.200000762939453,PS_036,,,
,,2024-12-03T04:00:00Z,0,0,0,0,0,0,1,0,0,0,,,,,,,,,,,,,20.200000762939453,PS_036,,,
,,2024-12-03T04:15:00Z,0,0,0,0,0,0,1,0,0,0,,,,,,,,,,,,,20.200000762939453,PS_036,,,
,,2024-12-03T04:30:00Z,0,0,0,0,0,0,1,0,0,0,,,,,,,,,,,,,20.200000762939453,PS_036,,,
,,2024-12-03T04:45:00Z,0,0,0,0,0,0,1,0,0,0,,,,,,,,,,,,,20.200000762939453,PS_036,,,
,,2024-12-03T05:00:00Z,0,0,0,0,0,0,1,0,0,0,,,,,,,,,,,,,20.200000762939453,PS_036,,,
,,2024-12-03T05:15:00Z,0,0,0,0,0,0,1,0,0,0,,,,,,,,,,,,,20.200000762939453,PS_036,,,
,,2024-12-03T05:30:00Z,0,0,0,0,0,0,1,0,0,0,,,,,,,,,,,,,20.200000762939453,PS_036,,,
,,2024-12-03T05:45:00Z,0,0,0,0,0,0,1,0,0,0,,,,,,,,,,,,,20.200000762939453,PS_036,,,
,,2024-12-03T06:00:00Z,0,0,0,0,0,0,1,0,0,0,,,,,,,,,,,,,20.200000762939453,PS_036,,,
,,2024-12-03T06:15:00Z,0,0,0,0,0,0,1,0,0,0,,,,,,,,,,,,,20.200000762939453,PS_036,,,
,,2024-12-03T06:30:00Z,0,0,0,0,0,0,1,0,0,0,,,,,,,,,,,,,20.200000762939453,PS_036,,,
,,2024-12-03T06:45:00Z,0,0,0,0,0,0,1,0,0,0,,,,,,,,,,,,,20.200000762939453,PS_036,,,
,,2024-12-03T07:00:00Z,0,0,0,0,0,0,1,0,0,0,,,,,,,,,,,,,20.200000762939453,PS_036,,,
,,2024-12-03T07:15:00Z,0,0,0,0,0,0,1,0,0,0,,,,,,,,,,,,,20.200000762939453,PS_036,,,
,,2024-12-03T07:30:00Z,0,0,0,0,0,0,1,0,0,0,,,,,,,,,,,,,20.200000762939453,PS_036,,,
,,2024-12-03T07:45:00Z,0,0,0,0,0,0,1,0,0,0,,,,,,,,,,,,,20.200000762939453,PS_036,,,
,,2024-12-03T08:00:00Z,0,0,0,0,0,0,1,0,0,0,,,,,,,,,,,,,20.200000762939453,PS_036,,,
,,2024-12-03T08:15:00Z,0,0,0,0,0,0,1,0,0,0,,,,,,,,,,,,,20.200000762939453,PS_036,,,
,,2024-12-03T08:30:00Z,0,0,0,0,0,0,1,0,0,0,,,,,,,,,,,,,20.200000762939453,PS_036,,,
,,2024-12-03T08:45:00Z,0,0,0,0,0,0,1,0,0,0,,,,,,,,,,,,,20.200000762939453,PS_036,,,
23.299999237060543,10.293732643127441,2024-12-03T09:00:00Z,1,1,1,1,1,1,1,0,1,1,26.299999237060543,2.5399999618530273,,,,,,,,,23.0,25.989999771118164,20.200000762939453,PS_036,,26.25599861145019,2.2760000228881836
23.299999237060547,10.293732643127441,2024-12-03T09:15:00Z,1,1,1,1,1,1,1,0,1,1,52.529998779296875,4.739999771118164,,,,,,,,,23.5,51.04999923706055,20.200000762939453,PS_036,,59.9640007019043,2.6600000858306885
23.600000381469727,10.293732643127441,2024-12-03T09:30:00Z,1,1,1,1,1,1,1,0,1,1,55.0,5.25,,,,,,,,,24.100000381469727,54.54999923706055,20.200000762939453,PS_036,,32.85600280761719,1.4860000610351562
23.600000381469727,10.293732643127441,2024-12-03T09:45:00Z,1,1,1,1,1,1,1,0,1,1,17.969999313354492,1.4700000286102295,,,,,,,,,24.100000381469727,19.3799991607666,20.200000762939453,PS_036,,328.3080139160156,3.200000047683716
23.050000190734863,10.291341304779053,2024-12-03T10:00:00Z,0,0,0,0,0,0,1,0,0,0,16.574999809265137,1.1500000059604645,true,true,true,true,true,true,true,true,23.15000057220459,15.434999465942383,20.200000762939453,PS_036,,309.2580108642578,3.89300000667572
22.5,10.288949966430664,2024-12-03T10:15:00Z,1,1,1,1,1,1,1,0,1,1,15.180000305175781,0.8299999833106995,,,,,,,,,22.200000762939453,11.489999771118164,20.399999618530273,PS_036,,290.2080078125,4.585999965667725
21.700000762939453,10.288949966430664,2024-12-03T10:30:00Z,1,1,1,1,1,1,1,0,1,1,36.36000061035156,5.239999771118164,,,,,,,,,21.399999618530273,30.600000381469727,21.600000381469727,PS_036,,351.6960144042969,4.585999965667725
21.700000762939453,10.288949966430664,2024-12-03T10:45:00Z,1,1,1,1,1,1,1,0,1,1,29.65999984741211,6.980000019073486,,,,,,,,,21.600000381469727,24.190000534057617,24.600000381469727,PS_036,,301.09197998046875,3.180000066757202
21.700000762939453,10.288949966430664,2024-12-03T11:00:00Z,1,1,1,1,1,1,1,0,1,1,29.979999542236328,7.059999942779541,,,,,,,,,21.600000381469727,24.329999923706055,25.0,PS_036,,315.68402099609375,1.5820000171661377
21.51583974968223,10.287999827368656,2024-12-03T11:15:00Z,3,3,3,3,3,3,1,0,3,3,37.38971387471424,10.423925798358836,,,,,,,,,21.600000381469727,25.826715002226567,26.600000381469727,PS_036,,287.75990182165197,1.2277309075149356
21.700000762939457,10.283483505249025,2024-12-03T11:30:00Z,4,4,4,4,4,4,1,0,4,4,45.52965592084214,12.403503027785405,,,,,,,,,21.94504156015499,32.25862129539618,27.399999618530273,PS_036,,306.3261366760485,1.2085994678494745
21.700000762939457,10.283483505249023,2024-12-03T11:45:00Z,3,3,3,3,3,3,1,0,3,3,52.75340583982975,13.48125293033791,,,,,,,,,22.14770054104396,35.85283821858196,29.0,PS_036,,299.6995248787195,0.8881514116956069
21.98482473271947,10.286376956671056,2024-12-03T12:00:00Z,4,4,4,4,4,4,1,0,4,4,61.33363864569284,16.521926458812537,,,,,,,,,22.531295190699502,46.569913772702996,29.399999618530273,PS_036,,262.670002104099,0.4856478724238899
22.089694822341382,10.286251290639878,2024-12-03T12:15:00Z,4,4,4,4,4,4,1,0,4,4,77.04441362312859,19.809496519563595,,,,,,,,,22.954731882389186,61.59406405996063,29.80000114440918,PS_036,,292.90997801041635,0.793268578705635
22.342782921770198,10.284652877546586,2024-12-03T12:30:00Z,3,3,3,3,3,3,1,0,3,3,112.55494021080095,23.82367140852459,,,,,,,,,23.3427829217702,87.49662387842706,29.80000114440918,PS_036,,322.8225625127535,1.5655211256442891
22.590631142508006,10.289133575058116,2024-12-03T12:45:00Z,4,4,4,4,4,4,1,0,4,4,203.63000612104358,30.52367289458349,,,,,,,,,24.49413088149028,174.36669660756675,29.80000114440918,PS_036,,97.53363067868301,0.9671172752178999
22.643089486459083,10.289647288976369,2024-12-03T13:00:00Z,4,4,4,4,4,4,1,0,4,4,190.795151696484,26.821720759902902,,,,,,,,,25.30673286299134,173.4826879581985,29.80000114440918,PS_036,,138.1837548931321,1.4081161743586654
22.86061184081337,10.293732643127441,2024-12-03T13:15:00Z,3,3,3,3,3,3,1,0,3,3,225.62195404790594,29.40468435031198,,,,,,,,,24.600000381469723,211.95300944101126,30.0,PS_036,,25.464686864075343,1.358652329490359
23.196726097503518,10.293732643127441,2024-12-03T13:30:00Z,4,4,4,4,4,4,1,0,4,4,293.40134255151327,34.62978839645758,,,,,,,,,25.344342867890443,280.56401891057345,30.200000762939453,PS_036,,25.271603502704785,1.608257043082976
23.385942754280265,10.293732643127443,2024-12-03T13:45:00Z,4,4,4,4,4,4,1,0,4,4,327.441184139781,37.738498693237304,,,,,,,,,27.11628264747667,316.8354086624121,30.200000762939453,PS_036,,39.386765124291735,1.6707894967830907
23.942489256813207,10.293732643127441,2024-12-03T14:00:00Z,3,3,3,3,3,3,1,0,3,3,374.88170090216045,40.87711393961612,,,,,,,,,27.228882906740928,361.640518950671,30.200000762939453,PS_036,,106.49173972250811,1.1960832432610768
24.199025713493786,10.294594473324787,2024-12-03T14:15:00Z,4,4,4,4,4,4,1,0,4,4,427.6130021699131,42.06558979515149,,,,,,,,,30.249952587660914,420.10079697143766,30.200000762939453,PS_036,,185.99541973011384,2.1735507826849045
24.45151796150798,10.297076011303286,2024-12-03T14:30:00Z,3,3,3,3,3,3,1,0,3,3,491.23033593751546,44.957167062610544,,,,,,,,,31.894653577416726,483.23187138680714,30.200000762939453,PS_036,,217.3604394715164,1.9657890891531202
25.096092570957115,10.29373264312744,2024-12-03T14:45:00Z,4,4,4,4,4,4,1,0,4,4,527.7900210658066,46.34991157631304,,,,,,,,,33.923355820483735,522.4253710633452,30.200000762939453,PS_036,,21.942251579594803,1.928257400564691
25.56808867222756,10.299200057983398,2024-12-03T15:00:00Z,3,3,3,3,3,3,1,0,3,3,749.8547062333678,55.89946336242028,,,,,,,,,35.467408570766004,740.3948009140628,30.200000762939453,PS_036,,38.41616733921353,2.1355635725205224
26.79325263704888,10.299200057983397,2024-12-03T15:15:00Z,4,4,4,4,4,4,1,0,4,4,1137.7661016543886,74.77197534869164,,,,,,,,,48.34704221306923,1116.938020658824,30.200000762939453,PS_036,,61.73103543025859,1.7415578238521698
27.144460208122215,10.301076364627194,2024-12-03T15:30:00Z,4,4,4,4,4,4,1,0,4,4,952.909418412841,64.7610245344068,,,,,,,,,48.37687993097184,941.3928941698271,30.200000762939453,PS_036,,69.8856641030015,2.9979071789919693
27.260401008579713,10.300138887966943,2024-12-03T15:45:00Z,3,3,3,3,3,3,1,0,3,3,811.0798938792306,58.93148706111428,,,,,,,,,47.073229278972015,789.2195484523276,30.200000762939453,PS_036,,342.21120616376413,2.3596360960103495
27.515095751361798,10.299200057983397,2024-12-03T16:00:00Z,4,4,4,4,4,4,1,0,4,4,1031.922481998455,72.13501867838262,,,,,,,,,47.167932086873925,1023.4858953279735,30.200000762939453,PS_036,,355.464484436857,1.541178987199355
28.34855737778005,10.299200057983397,2024-12-03T16:15:00Z,4,4,4,4,4,4,1,0,4,4,1019.849887498207,71.07279406534767,,,,,,,,,53.71349608795835,1027.9246032927217,30.200000762939453,PS_036,,281.78870843280265,2.7121084676372615
27.98894702277091,10.288295522318071,2024-12-03T16:30:00Z,3,3,3,3,3,3,1,0,3,3,465.9286768725536,45.15020555481011,,,,,,,,,45.43333530368514,468.1649329824355,30.200000762939453,PS_036,,311.5752842463362,3.552825128163629
28.477834112611696,10.29731229662185,2024-12-03T16:45:00Z,4,4,4,4,4,4,1,0,4,4,451.4058688208785,51.60748604809191,,,,,,,,,41.27878044498016,459.66111024766434,30.200000762939453,PS_036,,325.3740840637729,2.8875606264073754
29.424985758951586,10.299200057983398,2024-12-03T17:00:00Z,3,3,3,3,3,3,1,0,3,3,1217.7698930534345,93.70223397663075,,,,,,,,,47.50814357187837,1290.3935347317204,30.200000762939453,PS_036,,132.64668993045612,3.198033487919066
29.583703055695437,10.300054989649041,2024-12-03T17:15:00Z,4,4,4,4,4,4,1,0,4,4,869.2263138148129,64.0072342001748,,,,,,,,,48.827507427077876,916.7578490015187,30.200000762939453,PS_036,,307.8019827150431,2.9731843750031643
28.392468275306108,10.299200057983398,2024-12-03T17:30:00Z,4,4,4,4,4,4,1,0,4,4,328.43329496435547,32.155224509722764,,,,,,,,,41.51550756799218,346.04259080536946,30.200000762939453,PS_036,,298.82616166246765,3.627494795604796
28.200000762939457,10.299200057983398,2024-12-03T17:45:00Z,3,3,3,3,3,3,1,0,3,3,312.60953933325277,37.76446646965155,,,,,,,,,37.121160245298775,316.5134700791815,30.200000762939453,PS_036,,319.56042282478904,3.34968668170297
28.23161829581004,10.299200057983398,2024-12-03T18:00:00Z,4,4,4,4,4,4,1,0,4,4,375.63080179921064,48.01497315307377,,,,,,,,,37.92019415745335,387.00127537330405,30.200000762939453,PS_036,,293.3904357353935,3.322438510908613
28.654047856540373,10.297999291678906,2024-12-03T18:15:00Z,4,4,4,4,4,4,1,0,4,4,449.3416059418189,59.216417732526125,,,,,,,,,41.6744022216015,464.32307275598504,30.200000762939453,PS_036,,281.08841432951857,2.8677504967225977
28.57067801886507,10.299200057983397,2024-12-03T18:30:00Z,3,3,3,3,3,3,1,0,3,3,390.9501332305518,60.51776691304772,,,,,,,,,40.205078002421885,396.2767472543328,30.200000762939453,PS_036,,284.76267420035197,1.7310881494071677
29.365263483380414,10.30217669855859,2024-12-03T18:45:00Z,4,4,4,4,4,4,1,0,4,4,655.7559436170181,79.12197868414225,,,,,,,,,49.04471840275932,791.1067324368742,30.200000762939453,PS_036,,290.2280199397169,2.285091907446342
29.99797129068411,10.301801508735235,2024-12-03T19:00:00Z,4,4,4,4,4,4,1,0,4,4,830.8944351129974,93.4715011042594,,,,,,,,,56.8008798144411,1113.8927372010946,30.200000762939453,PS_036,,299.0188875579169,2.3197939741558016
29.179852078384382,10.304666519165037,2024-12-03T19:15:00Z,3,3,3,3,3,3,1,0,3,3,429.7305197305369,68.18487499968123,,,,,,,,,54.74181474871995,485.93649986621216,30.200000762939453,PS_036,,296.48285507203707,2.0652209654649822
30.25200554538811,10.30466651916504,2024-12-03T19:30:00Z,4,4,4,4,4,4,1,0,4,4,623.7293971039423,72.85956452984267,,,,,,,,,57.39778504274827,1000.232585917717,30.200000762939453,PS_036,,295.0502895079385,2.407336358233716
30.108733489658203,10.304666519165039,2024-12-03T19:45:00Z,4,4,4,4,4,4,1,0,4,4,425.13807458147215,48.31942505284371,,,,,,,,,57.06878873914951,673.8451581740278,30.200000762939453,PS_036,,260.2994121956665,1.7286277213425911
29.995365302437257,10.308318882946269,2024-12-03T20:00:00Z,3,3,3,3,3,3,1,0,3,3,430.7698949661751,34.17603287657407,,,,,,,,,51.874984986733025,698.4709306938046,30.200000762939453,PS_036,,262.59892319777805,1.5732914693935367
28.549663921812694,10.30466651916504,2024-12-03T20:15:00Z,4,4,4,4,4,4,1,0,4,4,88.97614575834909,6.481956658542155,,,,,,,,,37.95666198964807,73.93953100254845,30.200000762939453,PS_036,,256.5954859790052,2.279411417058483
28.200000762939453,10.299946883207308,2024-12-03T20:30:00Z,4,4,4,4,4,4,1,0,4,4,59.692252561186194,3.435571830419432,,,,,,,,,31.06637233397412,50.46387448336732,30.200000762939453,PS_036,,227.91257565712448,1.3901083042273794
27.725084578246257,10.2992000579834,2024-12-03T20:45:00Z,3,3,3,3,3,3,1,0,3,3,12.398743428113475,-0.4868104551333431,,,,,,,,,28.531126771444494,7.25611231084415,30.200000762939453,PS_036,,285.1017502076541,1.5096857640853352
22.757969017191826,10.29832777369653,2024-12-03T21:00:00Z,4,4,4,4,4,4,1,0,4,4,2.8021400059284445,-4.628387155212486,,,,,,,,,22.926493882289368,1.9389088975372868,30.399999618530273,PS_036,,325.97571410228784,4.733118595229892
21.700000762939453,10.29600016138246,2024-12-03T21:15:00Z,4,4,4,4,4,4,1,0,4,4,3.904911105633756,-0.34013458462822627,,,,,,,,,21.324186536364493,3.824434354596251,43.0,PS_036,,70.16924929800903,2.1159866941833942
21.700000762939453,10.297745290148766,2024-12-03T21:30:00Z,3,3,3,3,3,3,1,0,3,3,3.1051125901251067,0.25010713479258684,,,,,,,,,21.60000038146973,3.1981024549392187,50.60000228881836,PS_036,,146.6935316387711,0.6987071485581094
22.086311959285,10.296813809166354,2024-12-03T21:45:00Z,4,4,4,4,4,4,1,0,4,4,1.0348755281830884,0.2223752458177254,,,,,,,,,21.621301965044445,0.7773354083287695,51.20000076293945,PS_036,,111.1995641276064,-0.07200000435113908
22.49119095757262,10.295212410630757,2024-12-03T22:00:00Z,4,4,4,4,4,4,1,0,4,4,-0.17077574076894866,-0.0822916679143759,,,,,,,,,21.98119556874635,-0.020990001289056776,52.20000076293945,PS_036,,154.9668728974369,1.003579778231628
22.5,10.293732643127441,2024-12-03T22:15:00Z,3,3,3,3,3,3,1,0,3,3,-0.4554115541366874,-0.48916546518885984,,,,,,,,,21.644987486729544,-0.621032475560249,52.79999923706055,PS_036,,137.05050934833483,1.78571002663037
22.200000762939453,10.29373264312744,2024-12-03T22:30:00Z,4,4,4,4,4,4,1,0,4,4,-0.5573658472412945,-0.6187252734144596,,,,,,,,,21.515617712889792,-0.4106404989633749,52.79999923706055,PS_036,,133.8133964237799,0.8067565079619854
22.584612012833006,10.293732643127441,2024-12-03T22:45:00Z,4,4,4,4,4,4,1,0,4,4,0.419203866644824,-0.22279002164849193,,,,,,,,,21.716617731913388,0.22450087416849152,53.0,PS_036,,216.68367621660892,1.0675628181905132
22.59652844130546,10.293732643127443,2024-12-03T23:00:00Z,3,3,3,3,3,3,1,0,3,3,-0.07987653406881647,-0.43943207419645847,,,,,,,,,22.15367767508266,-0.39665583102461577,53.0,PS_036,,195.02740955862313,3.30518951495776
22.546994510229464,10.29212712832817,2024-12-03T23:15:00Z,4,4,4,4,4,4,1,0,4,4,0.05185654623292667,-0.45901848882402974,,,,,,,,,21.899999618530273,-0.39835291079274254,53.0,PS_036,,187.92087433661897,1.8269660360521445
22.799999237060547,10.298972843404858,2024-12-03T23:30:00Z,4,4,4,4,4,4,1,0,4,4,0.17778922630483002,-0.3465456223839692,,,,,,,,,22.127531726822927,-0.2697390361236913,53.0,PS_036,,150.34437877585222,1.2295302852865608
22.799999237060547,10.293732643127441,2024-12-03T23:45:00Z,3,3,3,3,3,3,1,0,3,3,0.05610402490515587,-0.4069533296448303,,,,,,,,,22.144270215813396,0.005902033939652861,53.0,PS_036,,144.89689150027868,1.1909942957221942
22.79999923706055,10.293732643127441,2024-12-04T00:00:00Z,4,4,4,4,4,4,1,0,4,4,0.005192892914811539,-0.4777011146241696,,,,,,,,,22.08471802782762,-0.1064827236245969,53.0,PS_036,,143.7073853465812,1.8554187833415454
22.799999237060543,10.294367946921225,2024-12-04T00:15:00Z,4,4,4,4,4,4,1,0,4,4,-0.010563728253498569,-0.6375708643410946,,,,,,,,,22.165141168376994,-0.2362824647439624,53.0,PS_036,,130.4565137351707,1.9478035569652563
22.799999237060543,10.293732643127441,2024-12-04T00:30:00Z,3,3,3,3,3,3,1,0,3,3,-0.09636990807736362,-0.3848870631273494,,,,,,,,,21.959565665359403,-0.2415262211332599,53.0,PS_036,,88.34572147557405,1.6057865234552722
22.79999923706055,10.293732643127443,2024-12-04T00:45:00Z,4,4,4,4,4,4,1,0,4,4,0.22158506815239903,-0.5584932006257903,,,,,,,,,21.899999618530273,-0.01009531575823412,53.0,PS_036,,97.48868641716244,1.8719952581154529
22.733606084996072,10.293732643127443,2024-12-04T01:00:00Z,4,4,4,4,4,4,1,0,4,4,0.1115823284346501,-0.5416447347473768,,,,,,,,,21.94742349381383,-0.15104709431237515,53.0,PS_036,,119.28320135287885,1.8950189040002
22.799999237060547,10.293732643127441,2024-12-04T01:15:00Z,3,3,3,3,3,3,1,0,3,3,0.20979046084045896,-0.4673861759397191,,,,,,,,,21.899999618530273,-0.14922220059769736,53.0,PS_036,,87.82367540377479,3.0106130469893766
22.755860263360393,10.296547731466353,2024-12-04T01:30:00Z,4,4,4,4,4,4,1,0,4,4,-0.021178020954371605,-0.43116951260421726,,,,,,,,,22.05446562221503,-0.3029682784866207,53.0,PS_036,,93.2698317980099,2.4429196077326294
22.736629523683337,10.293732643127441,2024-12-04T01:45:00Z,4,4,4,4,4,4,1,0,4,4,-0.44085864177544126,-0.560246409461524,,,,,,,,,22.200000762939453,-0.630141080620885,53.0,PS_036,,90.0980424186106,2.9805703897197384
22.619091982162434,10.297029634888728,2024-12-04T02:00:00Z,3,3,3,3,3,3,1,0,3,3,-0.6171615726668188,-0.5746277766250394,,,,,,,,,22.200000762939457,-0.7286748296560488,53.0,PS_036,,81.8597952606534,2.7716513012972266
22.499999999999996,10.295649723277762,2024-12-04T02:15:00Z,4,4,4,4,4,4,1,0,4,4,-0.6456548584558861,-0.5280290788186193,,,,,,,,,21.899953141461282,-0.9917065283336147,53.0,PS_036,,66.69292586395625,3.4430531250800795
22.566793014183776,10.293732643127441,2024-12-04T02:30:00Z,3,3,3,3,3,3,1,0,3,3,-0.035730746464879184,-0.5405970545252811,,,,,,,,,21.96679305737368,-0.7316235805410042,53.0,PS_036,,85.02071492491646,3.0244347867277606
22.5,10.293732643127441,2024-12-04T02:45:00Z,4,4,4,4,4,4,1,0,4,4,-0.12343877549162281,-0.5006347285325966,,,,,,,,,22.056796416878655,-0.7584387397090685,53.0,PS_036,,64.21139340699003,2.3030803608576966
22.5,10.293732643127441,2024-12-04T03:00:00Z,2,2,2,2,2,2,1,0,2,2,0.0640990059308471,-0.4147107880911635,,,,,,,,,22.200000762939453,-0.4688264811303947,53.0,PS_036,,70.83950687663783,2.8988065002654104
,,2024-12-04T03:15:00Z,0,0,0,0,0,0,1,0,0,0,,,,,,,,,,,,,53.0,PS_036,,,
,,2024-12-04T03:30:00Z,0,0,0,0,0,0,1,0,0,0,,,,,,,,,,,,,53.0,PS_036,,,
,,2024-12-04T03:45:00Z,0,0,0,0,0,0,1,0,0,0,,,,,,,,,,,,,53.0,PS_036,,,
,,2024-12-04T04:00:00Z,0,0,0,0,0,0,1,0,0,0,,,,,,,,,,,,,53.0,PS_036,,,
,,2024-12-04T04:15:00Z,0,0,0,0,0,0,1,0,0,0,,,,,,,,,,,,,53.0,PS_036,,,
,,2024-12-04T04:30:00Z,0,0,0,0,0,0,1,0,0,0,,,,,,,,,,,,,53.0,PS_036,,,
,,2024-12-04T04:45:00Z,0,0,0,0,0,0,1,0,0,0,,,,,,,,,,,,,53.0,PS_036,,,
,,2024-12-04T05:00:00Z,0,0,0,0,0,0,1,0,0,0,,,,,,,,,,,,,53.0,PS_036,,,
,,2024-12-04T05:15:00Z,0,0,0,0,0,0,1,0,0,0,,,,,,,,,,,,,53.0,PS_036,,,
,,2024-12-04T05:30:00Z,0,0,0,0,0,0,1,0,0,0,,,,,,,,,,,,,53.0,PS_036,,,
,,2024-12-04T05:45:00Z,0,0,0,0,0,0,1,0,0,0,,,,,,,,,,,,,53.0,PS_036,,,
,,2024-12-04T06:00:00Z,0,0,0,0,0,0,1,0,0,0,,,,,,,,,,,,,53.0,PS_036,,,
,,2024-12-04T06:15:00Z,0,0,0,0,0,0,1,0,0,0,,,,,,,,,,,,,53.0,PS_036,,,
,,2024-12-04T06:30:00Z,0,0,0,0,0,0,1,0,0,0,,,,,,,,,,,,,53.0,PS_036,,,
,,2024-12-04T06:45:00Z,0,0,0,0,0,0,1,0,0,0,,,,,,,,,,,,,53.0,PS_036,,,
,,2024-12-04T07:00:00Z,0,0,0,0,0,0,1,0,0,0,,,,,,,,,,,,,53.0,PS_036,,,
,,2024-12-04T07:15:00Z,0,0,0,0,0,0,1,0,0,0,,,,,,,,,,,,,53.0,PS_036,,,
,,2024-12-04T07:30:00Z,0,0,0,0,0,0,1,0,0,0,,,,,,,,,,,,,53.0,PS_036,,,
,,2024-12-04T07:45:00Z,0,0,0,0,0,0,1,0,0,0,,,,,,,,,,,,,53.0,PS_036,,,
,,2024-12-04T08:00:00Z,0,0,0,0,0,0,1,0,0,0,,,,,,,,,,,,,53.0,PS_036,,,
,,2024-12-04T08:15:00Z,0,0,0,0,0,0,1,0,0,0,,,,,,,,,,,,,53.0,PS_036,,,
,,2024-12-04T08:30:00Z,0,0,0,0,0,0,1,0,0,0,,,,,,,,,,,,,53.0,PS_036,,,
,,2024-12-04T08:45:00Z,0,0,0,0,0,0,1,0,0,0,,,,,,,,,,,,,53.0,PS_036,,,
22.299999237060547,10.28996989426211,2024-12-04T09:00:00Z,3,3,3,3,3,3,1,0,3,3,2.789215733949867,-0.17941013815715615,,,,,,,,,21.96397624418316,2.6528715606583164,53.0,PS_036,,188.77111932546617,0.7313557815405266
22.299999237060547,10.292474995616542,2024-12-04T09:15:00Z,3,3,3,3,3,3,1,0,3,3,7.122366780321559,0.25063531171995124,,,,,,,,,21.953946364236185,6.639466286400597,58.0,PS_036,,33.80927207409036,1.199724205424769
22.299999237060543,10.293052169650478,2024-12-04T09:30:00Z,4,4,4,4,4,4,1,0,4,4,11.712175270415736,0.8457174149565004,,,,,,,,,21.784058821026793,11.172934145549581,59.20000076293945,PS_036,,189.52748075624575,0.574169503165463
22.299999237060543,10.288949966430662,2024-12-04T09:45:00Z,3,3,3,3,3,3,1,0,3,3,23.97376688423194,2.862321177195891,,,,,,,,,21.89999961853027,21.668536539099883,59.400001525878906,PS_036,,280.52167417316105,0.6986983134033272
22.331953146205166,10.288949966430662,2024-12-04T10:00:00Z,4,4,4,4,4,4,1,0,4,4,33.456971213131396,4.568828326900927,,,,,,,,,22.163756469597836,30.6554107174978,59.400001525878906,PS_036,,280.42454960111684,0.8344007537389614
22.468630511367397,10.288188125679433,2024-12-04T10:15:00Z,4,4,4,4,4,4,1,0,4,4,49.56550676296118,8.518936356128231,,,,,,,,,22.332821222409923,41.81915798788847,59.400001525878906,PS_036,,300.4992358018164,0.3594775884075689
22.753669585502163,10.288038200801983,2024-12-04T10:30:00Z,3,3,3,3,3,3,1,0,3,3,67.82112843755651,14.32223371545934,,,,,,,,,22.796368086749407,55.580249467312456,59.400001525878906,PS_036,,317.3132012710551,0.681046129548468
22.799999237060547,10.288076941032513,2024-12-04T10:45:00Z,4,4,4,4,4,4,1,0,4,4,83.0901188916497,25.0122814788553,,,,,,,,,23.611013628529502,55.676624278583574,59.400001525878906,PS_036,,300.0153624924375,1.0418923346532636
22.799999237060547,10.288949966430664,2024-12-04T11:00:00Z,4,4,4,4,4,4,1,0,4,4,121.39940002291539,34.82192321731458,,,,,,,,,24.092736148566892,79.70324959172417,59.400001525878906,PS_036,,305.81739724297205,1.3506243817335017
23.100000381469727,10.288949966430664,2024-12-04T11:15:00Z,3,3,3,3,3,3,1,0,3,3,148.07476283826097,37.32903797525979,,,,,,,,,24.60000038146973,108.91952062172037,59.400001525878906,PS_036,,307.1489362258253,1.6539806476082035
22.921296377266867,10.288949966430666,2024-12-04T11:30:00Z,4,4,4,4,4,4,1,0,4,4,85.77443654796824,22.22113968269582,,,,,,,,,23.76875647688671,66.8443657502437,59.60000228881836,PS_036,,281.8858349685981,2.250550624137993
22.791318932801648,10.286591224777565,2024-12-04T11:45:00Z,4,4,4,4,4,4,1,0,4,4,186.1053530619227,43.932596329909885,,,,,,,,,24.113365625715247,138.05911249020295,60.0,PS_036,,310.6251409406762,2.021907637454972
23.1289159374308,10.28427383859238,2024-12-04T12:00:00Z,3,3,3,3,3,3,1,0,3,3,167.10753833156434,35.06470617893538,,,,,,,,,24.900972281540664,138.11198852480007,60.20000076293945,PS_036,,302.6479354981614,1.515299674530173
23.156845348292798,10.284350468602183,2024-12-04T12:15:00Z,4,4,4,4,4,4,1,0,4,4,157.7256273217158,30.29665347825042,,,,,,,,,25.15662050717396,139.47257814006616,60.60000228881836,PS_036,,315.76640401684284,1.7102479603149978
23.26805392233148,10.288076822319983,2024-12-04T12:30:00Z,4,4,4,4,4,4,1,0,4,4,203.83438223121982,35.234398223320305,,,,,,,,,24.890320284083927,178.47186160471188,60.79999923706055,PS_036,,316.8474007972496,1.5939042613411334
23.503053725735835,10.292187100652525,2024-12-04T12:45:00Z,3,3,3,3,3,3,1,0,3,3,277.5263667556932,44.11621294588693,,,,,,,,,25.64952257203323,252.86793964804838,60.79999923706055,PS_036,,61.98628801022426,1.6292207927609086
23.299999237060547,10.290865112919839,2024-12-04T13:00:00Z,4,4,4,4,4,4,1,0,4,4,340.17405442764675,49.30746017044857,,,,,,,,,26.43735476377208,305.039050347229,60.79999923706055,PS_036,,160.57604491984418,2.2531801161159306
23.456574632943006,10.288949966430662,2024-12-04T13:15:00Z,4,4,4,4,4,4,1,0,4,4,375.1321387502859,47.7079697634284,,,,,,,,,28.96461838160536,354.56607483301457,60.79999923706055,PS_036,,228.37201127753286,2.3403972870195155
23.844949836877362,10.290597657751693,2024-12-04T13:30:00Z,3,3,3,3,3,3,1,0,3,3,342.8652588352965,41.579457110035506,,,,,,,,,29.108250893519287,330.14084469804754,60.79999923706055,PS_036,,264.4304828510186,1.2060293365095056
23.899999618530273,10.291491118491233,2024-12-04T13:45:00Z,4,4,4,4,4,4,1,0,4,4,316.93404196871353,35.452955172581085,,,,,,,,,29.200000762939453,312.3875278114642,60.79999923706055,PS_036,,212.3463076344046,2.606415561300764
23.899999618530273,10.288949966430662,2024-12-04T14:00:00Z,4,4,4,4,4,4,1,0,4,4,243.78712883385938,26.339928175319233,,,,,,,,,27.922063226607893,238.11563630769334,60.79999923706055,PS_036,,336.39785883243667,2.328989496022027
23.899999618530277,10.289744080859542,2024-12-04T14:15:00Z,3,3,3,3,3,3,1,0,3,3,246.50347890576705,25.842675659430352,,,,,,,,,26.325793010073895,241.95060894188828,60.79999923706055,PS_036,,341.95050092512463,2.209644915844985
23.89999961853027,10.288949966430662,2024-12-04T14:30:00Z,4,4,4,4,4,4,1,0,4,4,280.3369171850567,28.204474866336607,,,,,,,,,26.41056397766802,273.44541272770994,60.79999923706055,PS_036,,342.05789012927573,2.394884654922249
24.198365222344954,10.289704449937563,2024-12-04T14:45:00Z,4,4,4,4,4,4,1,0,4,4,337.2347744870407,32.154246844582495,,,,,,,,,27.030460931134588,321.5014300662585,60.79999923706055,PS_036,,296.6616072572657,1.9853794362478214
24.55120907739582,10.288949966430664,2024-12-04T15:00:00Z,3,3,3,3,3,3,1,0,3,3,561.2502727340066,48.560170260270205,,,,,,,,,30.05247370255089,535.2104933913396,60.79999923706055,PS_036,,313.54978646113983,2.544582648123853
25.13104913137172,10.288949966430662,2024-12-04T15:15:00Z,4,4,4,4,4,4,1,0,4,4,564.1361665876,49.308348864582534,,,,,,,,,31.801698203797844,548.6444710915061,60.79999923706055,PS_036,,326.22007720192323,3.0970218904470395
26.033623479342914,10.290872267122893,2024-12-04T15:30:00Z,3,3,3,3,3,3,1,0,3,3,1148.4713628332313,86.94704122866534,,,,,,,,,40.32416276328596,1119.0338049908783,60.79999923706055,PS_036,,256.96177628122246,2.6023166857212168
25.752890688459004,10.293732643127441,2024-12-04T15:45:00Z,4,4,4,4,4,4,1,0,4,4,528.0794231764313,48.70135649851278,,,,,,,,,38.20445708517878,509.8057291894548,60.79999923706055,PS_036,,322.45444952724034,2.4163322315577127
25.32828066408691,10.293732643127443,2024-12-04T16:00:00Z,4,4,4,4,4,4,1,0,4,4,489.56464401590466,47.91525531280334,,,,,,,,,33.15654017496223,472.5209207534428,60.79999923706055,PS_036,,341.22107842507125,2.926286889048023
25.912338089105646,10.293732643127441,2024-12-04T16:15:00Z,3,3,3,3,3,3,1,0,3,3,491.1601479155418,51.00324155448502,,,,,,,,,34.57186668312331,475.93045448783346,60.79999923706055,PS_036,,348.1256092665243,2.582518140720924
25.73922064927225,10.29373264312744,2024-12-04T16:30:00Z,4,4,4,4,4,4,1,0,4,4,490.2489756219521,51.96864773265524,,,,,,,,,36.31101953841744,466.94068708701843,60.79999923706055,PS_036,,243.04562897197778,2.040019109262874
26.0567030529849,10.295940397064186,2024-12-04T16:45:00Z,4,4,4,4,4,4,1,0,4,4,614.47007178142,61.7618516699402,,,,,,,,,37.67467584759419,600.786686764195,60.79999923706055,PS_036,,247.58282231023264,2.3464174987908804
27.024618532356563,10.298388041111568,2024-12-04T17:00:00Z,3,3,3,3,3,3,1,0,3,3,742.3778856447311,70.70932023214145,,,,,,,,,48.66064694849894,746.2920864314659,60.79999923706055,PS_036,,286.57252807771886,2.6924930271132426
27.052528751788653,10.299200057983398,2024-12-04T17:15:00Z,4,4,4,4,4,4,1,0,4,4,990.1798065774879,81.99053892931263,,,,,,,,,52.05840070919466,1015.2903395624214,60.79999923706055,PS_036,,292.0614683729373,3.2797506302226616
27.44196727229076,10.2992000579834,2024-12-04T17:30:00Z,4,4,4,4,4,4,1,0,4,4,717.5805224822391,67.54243470501497,,,,,,,,,56.87789177369038,772.2724735147467,60.79999923706055,PS_036,,302.9462935619155,3.3147286085521084
27.150007614925013,10.299200057983398,2024-12-04T17:45:00Z,3,3,3,3,3,3,1,0,3,3,511.7689301774563,57.79223488242759,,,,,,,,,48.56672153473896,527.5183507254858,60.79999923706055,PS_036,,281.7664754770778,3.303869086389452
26.953656704316913,10.299200057983398,2024-12-04T18:00:00Z,4,4,4,4,4,4,1,0,4,4,355.22588980303317,53.8731808820362,,,,,,,,,46.77093035050152,327.8602656358157,60.79999923706055,PS_036,,291.90622450951525,2.12682312995606
27.772037281658662,10.299200057983395,2024-12-04T18:15:00Z,4,4,4,4,4,4,1,0,4,4,757.035641976005,76.36566479065614,,,,,,,,,44.359573485029884,843.1247771617764,60.79999923706055,PS_036,,250.832756355874,1.7172931596291714
28.237883038553395,10.302737742360836,2024-12-04T18:30:00Z,3,3,3,3,3,3,1,0,3,3,788.1326372939878,61.97023151490615,,,,,,,,,56.13817280548918,1026.3798886847776,60.79999923706055,PS_036,,261.6357345785304,1.2648247473450722
27.306921720148342,10.301262596712817,2024-12-04T18:45:00Z,4,4,4,4,4,4,1,0,4,4,237.46506268411036,41.07335010074493,,,,,,,,,43.827209488580216,197.59154241497404,60.79999923706055,PS_036,,316.47483145640405,1.963356662530536
26.446940084269144,10.299200057983398,2024-12-04T19:00:00Z,4,4,4,4,4,4,1,0,4,4,153.12848873218232,31.422375861770465,,,,,,,,,33.72358759464467,125.99277919378729,60.79999923706055,PS_036,,333.9366109160608,2.726721345767371
26.223241745269124,10.298222250867635,2024-12-04T19:15:00Z,3,3,3,3,3,3,1,0,3,3,159.77261119588587,31.450535535307903,,,,,,,,,30.723241745269128,128.6577696124911,60.79999923706055,PS_036,,165.77806652868145,1.3206675443753162
26.054745035927706,10.299200057983397,2024-12-04T19:30:00Z,3,3,3,3,3,3,1,0,3,3,136.13874659775064,27.13672795358725,,,,,,,,,29.29073214238971,110.61087220424459,60.79999923706055,PS_036,,29.800180599129487,1.5091376820606048
24.992634444489802,10.299200057983397,2024-12-04T19:45:00Z,4,4,4,4,4,4,1,0,4,4,111.23322433175308,21.688821879031593,,,,,,,,,25.420694278968373,97.13033429920118,60.79999923706055,PS_036,,41.77282061632144,2.645824169024136
24.10000038146973,10.2992000579834,2024-12-04T20:00:00Z,3,3,3,3,3,3,1,0,3,3,126.94626463195601,19.171327812694113,,,,,,,,,24.556612498653468,125.61349276062548,60.79999923706055,PS_036,,41.247837380536915,2.0509663593713467
24.399999618530273,10.299200057983397,2024-12-04T20:15:00Z,3,3,3,3,3,3,1,0,3,3,136.6769920730951,18.44053628050788,,,,,,,,,25.82539897839636,138.7525110228233,60.79999923706055,PS_036,,64.0735322042547,2.5536860953239486
24.35375782890078,10.29835731234823,2024-12-04T20:30:00Z,4,4,4,4,4,4,1,0,4,4,147.01507154742694,16.424958070470208,,,,,,,,,26.04890781232605,169.19452268483272,60.79999923706055,PS_036,,45.60149797912914,3.258033227136204
24.805981288710996,10.299200057983398,2024-12-04T20:45:00Z,2,2,2,2,2,2,1,0,2,2,132.36427061437143,15.17967467777248,,,,,,,,,26.65897129401473,150.18724567073477,60.79999923706055,PS_036,,58.81194892056979,2.6365853717104404
24.75469138214191,10.2999856616735,2024-12-04T21:00:00Z,4,4,4,4,4,4,1,0,4,4,113.43569379891278,16.293116877159473,,,,,,,,,26.244556796624895,145.46612972123256,60.79999923706055,PS_036,,64.07923454555517,2.94446908155123
24.39999961853027,10.296574040159213,2024-12-04T21:15:00Z,3,3,3,3,3,3,1,0,3,3,67.90450661177097,10.734847236744876,,,,,,,,,24.770273177812783,80.70219577621867,60.79999923706055,PS_036,,64.90976817162931,3.071907747848886
24.340778263151073,10.299200057983398,2024-12-04T21:30:00Z,3,3,3,3,3,3,1,0,3,3,15.984901262495635,1.0445791599144205,,,,,,,,,24.299999237060543,14.35839851594666,60.79999923706055,PS_036,,78.47983789738164,2.5991435911213254
24.137789040578554,10.296021010989438,2024-12-04T21:45:00Z,4,4,4,4,4,4,1,0,4,4,3.613191421346559,-0.3999751303215436,,,,,,,,,23.615415396014573,2.7416783711890975,60.79999923706055,PS_036,,95.10922891114804,2.6348058319176264
23.899999618530273,10.293732643127441,2024-12-04T22:00:00Z,4,4,4,4,4,4,1,0,4,4,-0.17557785300974138,-0.7044935211087361,,,,,,,,,23.331600224642596,-0.5970851830765633,60.79999923706055,PS_036,,95.06693479932005,2.1911279542929942
23.64414084755951,10.29453709264009,2024-12-04T22:15:00Z,3,3,3,3,3,3,1,0,3,3,-1.0452717981630382,-0.8704408586572936,,,,,,,,,23.044140466089786,-1.2694103374960464,60.79999923706055,PS_036,,96.57757035034584,2.6930773624311586
23.41966359054578,10.293732643127441,2024-12-04T22:30:00Z,4,4,4,4,4,4,1,0,4,4,-1.310890330643667,-0.6559901547069451,,,,,,,,,22.6522037979457,-1.5591000412102853,60.79999923706055,PS_036,,85.63903631999058,2.5617229341830465
23.299999237060547,10.295242005878636,2024-12-04T22:45:00Z,4,4,4,4,4,4,1,0,4,4,-1.5188784394370047,-0.6426262333134732,,,,,,,,,22.399999618530277,-1.4828348195412677,60.79999923706055,PS_036,,94.46845478494706,2.036985179974612
23.129024173728116,10.293732643127443,2024-12-04T23:00:00Z,3,3,3,3,3,3,1,0,3,3,-0.7337856960347316,-0.566308518263053,,,,,,,,,22.399999618530273,-0.64424358576364,60.79999923706055,PS_036,,105.31817396697767,2.4942831243160066
23.15857920824886,10.293732643127441,2024-12-04T23:15:00Z,4,4,4,4,4,4,1,0,4,4,-0.4557092648839571,-0.4368642689544332,,,,,,,,,22.39999961853027,-0.2674832245800184,60.79999923706055,PS_036,,95.20331362886967,1.6236646042606782
23.24806527765377,10.294423263279318,2024-12-04T23:30:00Z,4,4,4,4,4,4,1,0,4,4,-0.5941085534957887,-0.4469520070125434,,,,,,,,,22.399999618530273,-0.5816557478546555,60.79999923706055,PS_036,,105.45116820147194,1.7048187805244934
23.29999923706055,10.293732643127441,2024-12-04T23:45:00Z,3,3,3,3,3,3,1,0,3,3,-0.4323560518928609,-0.40400072858010255,,,,,,,,,22.700000762939453,-0.40459762394660626,60.79999923706055,PS_036,,85.76478810715653,2.2613101387313006
23.272466044874154,10.295959392478844,2024-12-05T00:00:00Z,4,4,4,4,4,4,1,0,4,4,-0.30672087899925854,-0.40661214071529805,,,,,,,,,22.747171834996948,-0.3585805865484467,60.79999923706055,PS_036,,105.73318457055763,1.656572682916523
23.268038130123156,10.293732643127441,2024-12-05T00:15:00Z,4,4,4,4,4,4,1,0,4,4,-0.6251515204982988,-0.5035105586246182,,,,,,,,,22.711063174403943,-0.6951753514365845,60.79999923706055,PS_036,,101.72903615000583,1.6668857705838394
23.263801432330304,10.293732643127441,2024-12-05T00:30:00Z,3,3,3,3,3,3,1,0,3,3,-0.5370461505228475,-0.5788360551831496,,,,,,,,,22.652106852143483,-0.6756774819328919,60.79999923706055,PS_036,,220.25926911365457,1.2742179373336975
23.299999237060547,10.292229022525573,2024-12-05T00:45:00Z,4,4,4,4,4,4,1,0,4,4,-0.6410772072675922,-0.480308141927201,,,,,,,,,22.375987026363042,-0.5949015234359493,60.79999923706055,PS_036,,161.047576113495,0.49732031882210276
23.299999237060547,10.290817015280483,2024-12-05T01:00:00Z,4,4,4,4,4,4,1,0,4,4,-0.5892086969366386,-0.48765536521313374,,,,,,,,,22.255051098727577,-0.45295690662731164,60.79999923706055,PS_036,,229.0539975064742,0.5794400440228358
23.299999237060547,10.293732643127441,2024-12-05T01:15:00Z,3,3,3,3,3,3,1,0,3,3,-0.6241470443507154,-0.5166454538594604,,,,,,,,,22.46365090794632,-0.31171330709485984,60.79999923706055,PS_036,,101.77863055814693,0.15439050249517555
23.26938161497995,10.29373264312744,2024-12-05T01:30:00Z,4,4,4,4,4,4,1,0,4,4,-0.7698809261856486,-0.5423089232240211,,,,,,,,,22.373673148328933,-0.5294086946684871,60.79999923706055,PS_036,,109.64764975475593,-0.04036523791142457
23.234211165581222,10.29373264312744,2024-12-05T01:45:00Z,4,4,4,4,4,4,1,0,4,4,-0.7972814318054257,-0.5250593826317986,,,,,,,,,22.499999999999996,-0.5847264609556987,60.79999923706055,PS_036,,102.80149742932042,0.5270700147326975
23.134333326117268,10.290811311566488,2024-12-05T02:00:00Z,3,3,3,3,3,3,1,0,3,3,-0.7526807046537953,-0.35826024942889634,,,,,,,,,22.43891824829142,-0.7388299823984846,60.79999923706055,PS_036,,201.8367932213444,-0.05635038393541646
23.20138465818454,10.294555970441444,2024-12-05T02:15:00Z,4,4,4,4,4,4,1,0,4,4,-0.5067108730074029,-0.4537617339603012,,,,,,,,,22.464366240140105,-0.508649459620044,60.79999923706055,PS_036,,95.35876027914303,0.2785312109219917
23.162447539731478,10.291189613659142,2024-12-05T02:30:00Z,4,4,4,4,4,4,1,0,4,4,-0.5633986276433195,-0.5258050034943313,,,,,,,,,22.43827757850914,-0.5812904351122411,60.79999923706055,PS_036,,223.60495615398898,-0.016840351500902226
23.299999237060547,10.296599800509881,2024-12-05T02:45:00Z,3,3,3,3,3,3,1,0,3,3,-0.7539177239629056,-0.3945080804149494,,,,,,,,,22.482517625817998,-0.6377017247738836,60.79999923706055,PS_036,,81.50389984978388,0.5331157837019341
23.240779789269315,10.29036611189865,2024-12-05T03:00:00Z,2,2,2,2,2,2,1,0,2,2,-0.5859219739768887,-0.4548049478079798,,,,,,,,,22.47038999372244,-0.5915071353213208,60.79999923706055,PS_036,,260.9417606188275,0.10730122575569921
,,2024-12-05T03:15:00Z,0,0,0,0,0,0,1,0,0,0,,,,,,,,,,,,,60.79999923706055,PS_036,,,
,,2024-12-05T03:30:00Z,0,0,0,0,0,0,1,0,0,0,,,,,,,,,,,,,60.79999923706055,PS_036,,,
,,2024-12-05T03:45:00Z,0,0,0,0,0,0,1,0,0,0,,,,,,,,,,,,,60.79999923706055,PS_036,,,
,,2024-12-05T04:00:00Z,0,0,0,0,0,0,1,0,0,0,,,,,,,,,,,,,60.79999923706055,PS_036,,,
,,2024-12-05T04:15:00Z,0,0,0,0,0,0,1,0,0,0,,,,,,,,,,,,,60.79999923706055,PS_036,,,
,,2024-12-05T04:30:00Z,0,0,0,0,0,0,1,0,0,0,,,,,,,,,,,,,60.79999923706055,PS_036,,,
,,2024-12-05T04:45:00Z,0,0,0,0,0,0,1,0,0,0,,,,,,,,,,,,,60.79999923706055,PS_036,,,
,,2024-12-05T05:00:00Z,0,0,0,0,0,0,1,0,0,0,,,,,,,,,,,,,60.79999923706055,PS_036,,,
,,2024-12-05T05:15:00Z,0,0,0,0,0,0,1,0,0,0,,,,,,,,,,,,,60.79999923706055,PS_036,,,
,,2024-12-05T05:30:00Z,0,0,0,0,0,0,1,0,0,0,,,,,,,,,,,,,60.79999923706055,PS_036,,,
,,2024-12-05T05:45:00Z,0,0,0,0,0,0,1,0,0,0,,,,,,,,,,,,,60.79999923706055,PS_036,,,
,,2024-12-05T06:00:00Z,0,0,0,0,0,0,1,0,0,0,,,,,,,,,,,,,60.79999923706055,PS_036,,,
,,2024-12-05T06:15:00Z,0,0,0,0,0,0,1,0,0,0,,,,,,,,,,,,,60.79999923706055,PS_036,,,
,,2024-12-05T06:30:00Z,0,0,0,0,0,0,1,0,0,0,,,,,,,,,,,,,60.79999923706055,PS_036,,,
,,2024-12-05T06:45:00Z,0,0,0,0,0,0,1,0,0,0,,,,,,,,,,,,,60.79999923706055,PS_036,,,
,,2024-12-05T07:00:00Z,0,0,0,0,0,0,1,0,0,0,,,,,,,,,,,,,60.79999923706055,PS_036,,,
,,2024-12-05T07:15:00Z,0,0,0,0,0,0,1,0,0,0,,,,,,,,,,,,,60.79999923706055,PS_036,,,
,,2024-12-05T07:30:00Z,0,0,0,0,0,0,1,0,0,0,,,,,,,,,,,,,60.79999923706055,PS_036,,,
,,2024-12-05T07:45:00Z,0,0,0,0,0,0,1,0,0,0,,,,,,,,,,,,,60.79999923706055,PS_036,,,
,,2024-12-05T08:00:00Z,0,0,0,0,0,0,1,0,0,0,,,,,,,,,,,,,60.79999923706055,PS_036,,,
,,2024-12-05T08:15:00Z,0,0,0,0,0,0,1,0,0,0,,,,,,,,,,,,,60.79999923706055,PS_036,,,
,,2024-12-05T08:30:00Z,0,0,0,0,0,0,1,0,0,0,,,,,,,,,,,,,60.79999923706055,PS_036,,,
,,2024-12-05T08:45:00Z,0,0,0,0,0,0,1,0,0,0,,,,,,,,,,,,,60.79999923706055,PS_036,,,
22.0,10.290825081069741,2024-12-05T09:00:00Z,2,2,2,2,2,2,1,0,2,2,29.23844484822597,2.7648889248018156,,,,,,,,,21.899999618530273,28.920032007985377,60.79999923706055,PS_036,,80.33830817278064,1.5996985625812092
22.253326064956916,10.292988565593207,2024-12-05T09:15:00Z,4,4,4,4,4,4,1,0,4,4,44.5182589314744,4.595797996098713,,,,,,,,,21.937290239025632,43.506964996235844,62.79999923706055,PS_036,,90.64839536250159,2.7179236156609856
22.334615579872857,10.292904852404732,2024-12-05T09:30:00Z,3,3,3,3,3,3,1,0,3,3,76.78561115327781,8.076639574849326,,,,,,,,,22.500000000000004,73.1765143376108,62.79999923706055,PS_036,,81.03290861375618,3.1619978042965045
22.5,10.290307960679156,2024-12-05T09:45:00Z,4,4,4,4,4,4,1,0,4,4,110.45855114430495,11.787339378287434,,,,,,,,,23.434493546022143,105.84418026133784,62.79999923706055,PS_036,,84.6112951984404,3.271365703155222
22.79999923706055,10.293083356896231,2024-12-05T10:00:00Z,4,4,4,4,4,4,1,0,4,4,109.65636607194773,13.29883941798405,,,,,,,,,23.92803296745239,100.84435198048173,62.79999923706055,PS_036,,61.57114568515413,2.80318836150334
22.799999237060547,10.293732643127441,2024-12-05T10:15:00Z,3,3,3,3,3,3,1,0,3,3,105.50541225274787,17.393691521635716,,,,,,,,,24.12942770486129,92.79298932152133,62.79999923706055,PS_036,,55.84435354344941,3.137562629549959
23.180320590266266,10.293732643127443,2024-12-05T10:30:00Z,4,4,4,4,4,4,1,0,4,4,179.8832808352873,32.01896895204832,,,,,,,,,25.254770640263853,161.44451175831466,62.79999923706055,PS_036,,51.96860380690448,2.205052450498829
23.299999237060547,10.293732643127438,2024-12-05T10:45:00Z,4,4,4,4,4,4,1,0,4,4,208.05761681500036,57.787729117858554,,,,,,,,,26.08088687081237,160.06235847048612,62.79999923706055,PS_036,,68.58523119052629,2.52957014713055
23.555995808391078,10.298412609591134,2024-12-05T11:00:00Z,3,3,3,3,3,3,1,0,3,3,244.05694379123574,66.71037056476253,,,,,,,,,26.542411197047805,196.04726274955485,62.79999923706055,PS_036,,56.6422151509643,3.1100067359010883
24.016432026768676,10.29528549967273,2024-12-05T11:15:00Z,4,4,4,4,4,4,1,0,4,4,283.0819115793322,71.61492301367511,,,,,,,,,28.255254111027504,243.06240530226705,62.79999923706055,PS_036,,125.8090941999275,1.6786276817095542
24.35214178539207,10.293732643127441,2024-12-05T11:30:00Z,4,4,4,4,4,4,1,0,4,4,281.23310123272813,76.05290642942059,,,,,,,,,29.265915223082324,215.13822576256123,62.79999923706055,PS_036,,139.65511960718055,2.337210970648428
24.605442386830646,10.293732643127441,2024-12-05T11:45:00Z,3,3,3,3,3,3,1,0,3,3,251.71113647326942,59.844721833070565,,,,,,,,,29.35972890467536,194.4811911007602,62.79999923706055,PS_036,,244.6752314068884,2.0293321272851883
24.43308610773649,10.296218429486247,2024-12-05T12:00:00Z,4,4,4,4,4,4,1,0,4,4,209.87845657460608,49.494442082660356,,,,,,,,,27.96883531843345,168.88377695018582,62.79999923706055,PS_036,,20.38732729334315,1.941477533246062
24.474738952361758,10.295967336960679,2024-12-05T12:15:00Z,4,4,4,4,4,4,1,0,4,4,339.259049938086,67.30027429117564,,,,,,,,,28.870938075190466,282.5686324222694,62.79999923706055,PS_036,,40.62453464037985,2.4941046156986415
24.652099188279934,10.298327068710531,2024-12-05T12:30:00Z,3,3,3,3,3,3,1,0,3,3,249.0353740508889,47.106676871557084,,,,,,,,,28.393915289160745,225.7986090681646,62.79999923706055,PS_036,,53.92820379148928,1.4520830458947964
24.965042224616923,10.29628109995702,2024-12-05T12:45:00Z,4,4,4,4,4,4,1,0,4,4,380.84149839538026,63.900583260576404,,,,,,,,,30.869809970547895,378.18193081112446,62.79999923706055,PS_036,,45.92956938553631,1.6028017452232097
25.657842927093274,10.299200057983398,2024-12-05T13:00:00Z,4,4,4,4,4,4,1,0,4,4,777.7147176422557,82.27722130636748,,,,,,,,,35.45232785716951,849.0907687142407,62.79999923706055,PS_036,,54.012784437131344,2.66138850435835
26.299999237060543,10.299200057983397,2024-12-05T13:15:00Z,3,3,3,3,3,3,1,0,3,3,835.3097127785024,84.32812429115414,,,,,,,,,38.46862893424736,833.5500066597286,62.79999923706055,PS_036,,55.177423091979996,2.4580775720146435
26.540019711687385,10.30185850057788,2024-12-05T13:30:00Z,4,4,4,4,4,4,1,0,4,4,825.4550179007797,78.09008034320138,,,,,,,,,37.000725397514344,826.4795564042322,62.79999923706055,PS_036,,82.74422640519181,4.358208446968783
26.131454757844352,10.309087891442635,2024-12-05T13:45:00Z,4,4,4,4,4,4,1,0,4,4,390.9840208942073,48.08386979066646,,,,,,,,,31.108983111105772,352.4261842854858,62.79999923706055,PS_036,,64.43557478524208,4.112406327788923
26.671510903964645,10.30466651916504,2024-12-05T14:00:00Z,3,3,3,3,3,3,1,0,3,3,428.6547511684186,44.10849083748098,,,,,,,,,31.304393997024633,399.9859821996277,62.79999923706055,PS_036,,47.382600252792955,3.690445346664021
26.299999237060547,10.299200057983397,2024-12-05T14:15:00Z,4,4,4,4,4,4,1,0,4,4,343.1559393997359,32.279667227668035,,,,,,,,,29.397397140174686,343.90693046793695,62.79999923706055,PS_036,,74.23310851284417,5.43007014525483
26.187926830121704,10.300149318397441,2024-12-05T14:30:00Z,3,3,3,3,3,3,1,0,3,3,397.7501362880601,36.7835843444779,,,,,,,,,29.065307608378692,398.21091759719377,62.79999923706055,PS_036,,67.33787684427597,5.985091966242396
26.600000381469727,10.299200057983398,2024-12-05T14:45:00Z,4,4,4,4,4,4,1,0,4,4,503.58818659271304,47.32818045430899,,,,,,,,,31.114295054740907,492.75496138303305,62.79999923706055,PS_036,,72.62084269445691,4.183220713108724
27.0943135790758,10.299200057983398,2024-12-05T15:00:00Z,4,4,4,4,4,4,1,0,4,4,557.313305850477,53.25946312216514,,,,,,,,,33.55473744131443,555.1464118018008,62.79999923706055,PS_036,,71.33903852803856,5.449069543991426
27.348885508451396,10.303735139134483,2024-12-05T15:15:00Z,3,3,3,3,3,3,1,0,3,3,463.53703486385547,46.669872037711436,,,,,,,,,33.76299140743089,456.4404850783387,62.79999923706055,PS_036,,63.131881084873,3.6361806484284305
27.540398644010033,10.303805856020857,2024-12-05T15:30:00Z,4,4,4,4,4,4,1,0,4,4,525.2361595002997,48.776903844100104,,,,,,,,,33.0655578495813,522.8149660269363,62.79999923706055,PS_036,,72.91322859717803,3.6587005894210667
28.172273446901592,10.302887332101507,2024-12-05T15:45:00Z,4,4,4,4,4,4,1,0,4,4,709.9526325199477,60.431045214585566,,,,,,,,,35.41048308121957,700.1140411341459,62.79999923706055,PS_036,,72.19885047169191,4.384041768326323
27.89094170410011,10.303762686566305,2024-12-05T16:00:00Z,3,3,3,3,3,3,1,0,3,3,369.98122771523373,38.49240007227673,,,,,,,,,32.308118103154776,362.0718128973619,62.79999923706055,PS_036,,58.90744701351431,4.5942628947557225
27.794579386129115,10.301990626621667,2024-12-05T16:15:00Z,4,4,4,4,4,4,1,0,4,4,316.6935344880283,30.945731660457316,,,,,,,,,31.375762470082027,307.5503139922257,62.79999923706055,PS_036,,44.77811242601159,3.593633472375495
27.60000038146973,10.303042389189159,2024-12-05T16:30:00Z,4,4,4,4,4,4,1,0,4,4,258.8198024115916,23.894736389805285,,,,,,,,,30.79605518933843,255.63050207357176,62.79999923706055,PS_036,,42.61219502575574,2.562333773055811
27.43215429511028,10.302785584727319,2024-12-05T16:45:00Z,3,3,3,3,3,3,1,0,3,3,179.43468437553636,17.223410870673174,,,,,,,,,29.846586747681886,174.18155189529628,62.79999923706055,PS_036,,46.4725264474611,2.219227088529007
26.66065255884253,10.299200057983398,2024-12-05T17:00:00Z,4,4,4,4,4,4,1,0,4,4,125.37462812158121,13.34569844986761,,,,,,,,,25.74919872533078,125.94987118513944,62.79999923706055,PS_036,,66.06386063126195,2.954133205097948
26.437500213053227,10.301402769447702,2024-12-05T17:15:00Z,4,4,4,4,4,4,1,0,4,4,115.15725656118825,11.615600407246985,,,,,,,,,25.680768665887094,118.21213433793648,63.0,PS_036,,27.607141622035268,1.2752366304544904
26.249429909855845,10.294579009919447,2024-12-05T17:30:00Z,3,3,3,3,3,3,1,0,3,3,77.40776566186501,9.074332815654646,,,,,,,,,25.73371354057194,79.73974624563918,63.20000076293945,PS_036,,251.7717302244564,0.42331456283733554
24.966083299661797,10.293732643127441,2024-12-05T17:45:00Z,4,4,4,4,4,4,1,0,4,4,44.73132066213852,6.5040553777409835,,,,,,,,,25.245218695931197,42.550270426523404,63.60000228881836,PS_036,,218.98225458538917,1.649635199542363
24.65924181570158,10.29373264312744,2024-12-05T18:00:00Z,4,4,4,4,4,4,1,0,4,4,47.30670690145836,9.84550286632466,,,,,,,,,24.85924093042982,35.95765912967547,64.5999984741211,PS_036,,189.28322546054596,1.3250743735069728
24.39793918855973,10.290414424228407,2024-12-05T18:15:00Z,3,3,3,3,3,3,1,0,3,3,41.02073843178167,8.306516697290078,,,,,,,,,24.344899116786866,33.63136879421073,67.4000015258789,PS_036,,242.84156729988263,1.3773763954891736
24.35221340602156,10.293115787830844,2024-12-05T18:30:00Z,4,4,4,4,4,4,1,0,4,4,36.73832017348945,7.891383554544509,,,,,,,,,24.298736125707247,28.579032661978786,68.20000457763672,PS_036,,122.6209696167607,2.3660597873506313
24.100000381469723,10.293732643127441,2024-12-05T18:45:00Z,4,4,4,4,4,4,1,0,4,4,53.68947994473222,14.575447050364565,,,,,,,,,23.971039846932555,34.33962467400096,72.0,PS_036,,100.1709368293395,1.6141638881644003
24.07170960328934,10.294506027281765,2024-12-05T19:00:00Z,3,3,3,3,3,3,1,0,3,3,27.634258309009695,9.547912783097717,,,,,,,,,23.842453427114,14.74790308036354,72.80000305175781,PS_036,,128.77914227149284,2.4443260012272763
22.990218946914926,10.293732643127443,2024-12-05T19:15:00Z,4,4,4,4,4,4,1,0,4,4,21.653857620312678,3.083123748967348,,,,,,,,,22.732007326348953,16.113909380316933,88.4000015258789,PS_036,,166.60884539472747,4.457542669279805
22.121385014799692,10.291852681765786,2024-12-05T19:30:00Z,4,4,4,4,4,4,1,0,4,4,29.593413939908817,8.319558245315562,,,,,,,,,22.15211530617819,19.28823264507765,98.80000305175781,PS_036,,136.4779376228861,1.9157293170983132
22.030161177174776,10.288949966430666,2024-12-05T19:45:00Z,3,3,3,3,3,3,1,0,3,3,39.09725438648194,13.42906807664004,,,,,,,,,22.293110657455987,25.481727701956736,99.20000457763672,PS_036,,312.9116261305901,1.2601729273081046
22.17258508418843,10.288949966430666,2024-12-05T20:00:00Z,4,4,4,4,4,4,1,0,4,4,48.301255895345506,10.660976078542669,,,,,,,,,22.590565075868994,36.921959761198934,99.20000457763672,PS_036,,333.6125057551109,0.7821112771515734
22.212371317993206,10.288949966430664,2024-12-05T20:15:00Z,4,4,4,4,4,4,1,0,4,4,59.120962195445024,8.540695982976393,,,,,,,,,22.849649273791364,49.55687745258896,99.20000457763672,PS_036,,315.76439360806245,0.6040689703408832
22.499999999999996,10.288949966430664,2024-12-05T20:30:00Z,3,3,3,3,3,3,1,0,3,3,63.30281924510043,7.96077614479734,,,,,,,,,23.747914693040368,54.89869462587719,99.20000457763672,PS_036,,271.4906282461439,-0.03723132749265304
22.939326304065112,10.29151146387859,2024-12-05T20:45:00Z,4,4,4,4,4,4,1,0,4,4,58.096410011767,6.207551622746499,,,,,,,,,24.057807836993174,52.82362983674118,99.20000457763672,PS_036,,198.70266477896544,0.39964220076854007
23.24212703342339,10.288949966430664,2024-12-05T21:00:00Z,3,3,3,3,3,3,1,0,3,3,54.582157164156804,5.339437358968102,,,,,,,,,24.013191248140746,53.020027573403304,99.20000457763672,PS_036,,257.75778042554117,-0.03484410429725907
23.388308019722615,10.291570961430379,2024-12-05T21:15:00Z,4,4,4,4,4,4,1,0,4,4,58.51622386644625,6.148590099461407,,,,,,,,,24.26847540168881,57.956441084102295,99.20000457763672,PS_036,,207.68637496794727,0.02100165064181675
23.99453189589834,10.29040800695852,2024-12-05T21:30:00Z,3,3,3,3,3,3,1,0,3,3,63.16683259384578,11.205762245227133,,,,,,,,,24.855503102518135,63.7493066450015,99.20000457763672,PS_036,,218.5706314300292,0.6342389284376457
23.418108550798582,10.290982498455142,2024-12-05T21:45:00Z,4,4,4,4,4,4,1,0,4,4,13.021219681897858,-0.45249904009345515,,,,,,,,,23.72062132371145,11.429555697246727,99.20000457763672,PS_036,,240.13434665824997,0.5255227205307181
23.299999237060547,10.288949966430666,2024-12-05T22:00:00Z,4,4,4,4,4,4,1,0,4,4,1.203351452677666,-1.4938091985582589,,,,,,,,,22.622939205512424,0.01930942375878587,99.20000457763672,PS_036,,205.68862609853744,0.41526932346398737
23.100000381469727,10.290328005096242,2024-12-05T22:15:00Z,3,3,3,3,3,3,1,0,3,3,-0.46984943151088526,-1.6753887367468454,,,,,,,,,22.37100053403541,-0.5739412579175277,99.20000457763672,PS_036,,127.61487199118119,0.29753626997287036
23.10000038146973,10.292406718846006,2024-12-05T22:30:00Z,4,4,4,4,4,4,1,0,4,4,-0.6074510943824651,-1.1327406889482217,,,,,,,,,22.28182595998152,-0.4792346997805962,99.20000457763672,PS_036,,167.79835797377015,0.09261712592940445
22.980352404344096,10.293732643127441,2024-12-05T22:45:00Z,4,4,4,4,4,4,1,0,4,4,-0.7913968702975562,-1.1144220343573652,,,,,,,,,22.16115870872862,-0.5748395170724556,99.20000457763672,PS_036,,140.82392969833447,1.1179704283406633
23.05403339631872,10.29146144521741,2024-12-05T23:00:00Z,3,3,3,3,3,3,1,0,3,3,-0.9307676309212995,-0.9939239468701024,,,,,,,,,22.15403377778845,-0.5855123003948677,99.20000457763672,PS_036,,119.76227492836067,0.9079999923706055
22.799999237060547,10.293732643127443,2024-12-05T23:15:00Z,4,4,4,4,4,4,1,0,4,4,-1.0510034601077887,-0.9870309639421507,,,,,,,,,22.11143338420447,-0.6672973536311616,99.20000457763672,PS_036,,98.93808247095924,1.106304988080149
22.987540304437218,10.293732643127441,2024-12-05T23:30:00Z,4,4,4,4,4,4,1,0,4,4,-0.8519366902224212,-0.9032695635306496,,,,,,,,,22.200000762939453,-0.6713765121971469,99.20000457763672,PS_036,,123.61146494063752,1.7710917776149102
22.79999923706055,10.293732643127441,2024-12-05T23:45:00Z,3,3,3,3,3,3,1,0,3,3,-0.5816491059936982,-0.8458463804377592,,,,,,,,,22.200000762939453,-0.6250419076111554,99.20000457763672,PS_036,,93.6599212486341,2.1017156038487195
22.888881116309665,10.289619855827253,2024-12-06T00:00:00Z,4,4,4,4,4,4,1,0,4,4,-0.40720808547970744,-0.7695821678717991,,,,,,,,,22.200000762939457,-0.40659809047783224,99.20000457763672,PS_036,,99.2619896097136,1.6904560885570035
23.100000381469727,10.293159024791038,2024-12-06T00:15:00Z,4,4,4,4,4,4,1,0,4,4,-0.6627428531464934,-0.6879215662868808,,,,,,,,,22.235981673671205,-0.4678885510498777,99.20000457763672,PS_036,,132.4330509971255,1.7089141302573818
23.137341940212398,10.292956997073327,2024-12-06T00:30:00Z,3,3,3,3,3,3,1,0,3,3,-0.8088208439449779,-0.5589947769588658,,,,,,,,,22.443987483826547,-0.5037881329054238,99.20000457763672,PS_036,,100.18113938456975,3.2004765448784664
23.057124856066007,10.292308762943124,2024-12-06T00:45:00Z,4,4,4,4,4,4,1,0,4,4,-0.9919603809352799,-0.7570034749683513,,,,,,,,,22.295406645501366,-0.8103975070867664,99.20000457763672,PS_036,,94.23788416849985,3.2708883999192215
22.799999237060543,10.292422935120122,2024-12-06T01:00:00Z,4,4,4,4,4,4,1,0,4,4,-1.009111741994462,-0.8880173847032435,,,,,,,,,22.165419199109667,-0.9273597262206652,99.20000457763672,PS_036,,80.2374637010372,2.803773956088887
22.79999923706055,10.293732643127443,2024-12-06T01:15:00Z,3,3,3,3,3,3,1,0,3,3,-0.9333725854152879,-0.8301177376867097,,,,,,,,,21.961465230704512,-0.9692673160336154,99.20000457763672,PS_036,,94.47018054852464,3.094817378109114
22.799999237060547,10.293032146400606,2024-12-06T01:30:00Z,4,4,4,4,4,4,1,0,4,4,-0.8496147244198168,-0.8910164518594006,,,,,,,,,21.989619098701233,-0.8681972916648651,99.20000457763672,PS_036,,107.79585033645755,2.4146042636658183
22.79999923706055,10.29124691024649,2024-12-06T01:45:00Z,4,4,4,4,4,4,1,0,4,4,-0.7244644529700394,-0.850687634764495,,,,,,,,,21.947127875912788,-0.9701875519535603,99.20000457763672,PS_036,,86.77370495376039,2.082280106451513
22.799999237060547,10.290826489498482,2024-12-06T02:00:00Z,3,3,3,3,3,3,1,0,3,3,-0.49511920418906724,-0.8487547164716728,,,,,,,,,21.89999961853027,-0.7942103641287366,99.20000457763672,PS_036,,93.09158917689183,1.1695729594932143
22.799999237060543,10.293020709105457,2024-12-06T02:15:00Z,4,4,4,4,4,4,1,0,4,4,-0.4500835841873985,-0.7913372862213854,,,,,,,,,21.751286134710128,-0.6434566571857746,99.20000457763672,PS_036,,91.66875984243258,0.544427340224766
22.978900831465097,10.295639044003408,2024-12-06T02:30:00Z,3,3,3,3,3,3,1,0,3,3,0.09550195334838901,-0.5985417376957891,,,,,,,,,21.899999618530273,-0.4210038750411008,99.20000457763672,PS_036,,84.39970743456435,1.5075462722845254
22.799999237060547,10.293732643127441,2024-12-06T02:45:00Z,4,4,4,4,4,4,1,0,4,4,0.03593388171878588,-0.6509114821130939,,,,,,,,,21.852997169249143,-0.5396479601793027,99.20000457763672,PS_036,,85.4969883830859,1.8865694515087978
22.588801997120544,10.290365674171847,2024-12-06T03:00:00Z,2,2,2,2,2,2,1,0,2,2,-0.6589582378855213,-0.8733593170343634,,,,,,,,,21.68880237859027,-0.9519182886575609,99.20000457763672,PS_036,,142.222501699295,0.15916657082378569
,,2024-12-06T03:15:00Z,0,0,0,0,0,0,1,0,0,0,,,,,,,,,,,,,99.20000457763672,PS_036,,,
,,2024-12-06T03:30:00Z,0,0,0,0,0,0,1,0,0,0,,,,,,,,,,,,,99.20000457763672,PS_036,,,
,,2024-12-06T03:45:00Z,0,0,0,0,0,0,1,0,0,0,,,,,,,,,,,,,99.20000457763672,PS_036,,,
,,2024-12-06T04:00:00Z,0,0,0,0,0,0,1,0,0,0,,,,,,,,,,,,,99.20000457763672,PS_036,,,
,,2024-12-06T04:15:00Z,0,0,0,0,0,0,1,0,0,0,,,,,,,,,,,,,99.20000457763672,PS_036,,,
,,2024-12-06T04:30:00Z,0,0,0,0,0,0,1,0,0,0,,,,,,,,,,,,,99.20000457763672,PS_036,,,
,,2024-12-06T04:45:00Z,0,0,0,0,0,0,1,0,0,0,,,,,,,,,,,,,99.20000457763672,PS_036,,,
,,2024-12-06T05:00:00Z,0,0,0,0,0,0,1,0,0,0,,,,,,,,,,,,,99.20000457763672,PS_036,,,
,,2024-12-06T05:15:00Z,0,0,0,0,0,0,1,0,0,0,,,,,,,,,,,,,99.20000457763672,PS_036,,,
,,2024-12-06T05:30:00Z,0,0,0,0,0,0,1,0,0,0,,,,,,,,,,,,,99.20000457763672,PS_036,,,
,,2024-12-06T05:45:00Z,0,0,0,0,0,0,1,0,0,0,,,,,,,,,,,,,99.20000457763672,PS_036,,,
,,2024-12-06T06:00:00Z,0,0,0,0,0,0,1,0,0,0,,,,,,,,,,,,,99.20000457763672,PS_036,,,
,,2024-12-06T06:15:00Z,0,0,0,0,0,0,1,0,0,0,,,,,,,,,,,,,99.20000457763672,PS_036,,,
,,2024-12-06T06:30:00Z,0,0,0,0,0,0,1,0,0,0,,,,,,,,,,,,,99.20000457763672,PS_036,,,
,,2024-12-06T06:45:00Z,0,0,0,0,0,0,1,0,0,0,,,,,,,,,,,,,99.20000457763672,PS_036,,,
,,2024-12-06T07:00:00Z,0,0,0,0,0,0,1,0,0,0,,,,,,,,,,,,,99.20000457763672,PS_036,,,
,,2024-12-06T07:15:00Z,0,0,0,0,0,0,1,0,0,0,,,,,,,,,,,,,99.20000457763672,PS_036,,,
,,2024-12-06T07:30:00Z,0,0,0,0,0,0,1,0,0,0,,,,,,,,,,,,,99.20000457763672,PS_036,,,
,,2024-12-06T07:45:00Z,0,0,0,0,0,0,1,0,0,0,,,,,,,,,,,,,99.20000457763672,PS_036,,,
,,2024-12-06T08:00:00Z,0,0,0,0,0,0,1,0,0,0,,,,,,,,,,,,,99.20000457763672,PS_036,,,
,,2024-12-06T08:15:00Z,0,0,0,0,0,0,1,0,0,0,,,,,,,,,,,,,99.20000457763672,PS_036,,,
,,2024-12-06T08:30:00Z,0,0,0,0,0,0,1,0,0,0,,,,,,,,,,,,,99.20000457763672,PS_036,,,
,,2024-12-06T08:45:00Z,0,0,0,0,0,0,1,0,0,0,,,,,,,,,,,,,99.20000457763672,PS_036,,,
22.299999237060547,10.288949966430664,2024-12-06T09:00:00Z,2,2,2,2,2,2,1,0,2,2,61.28287289129848,5.179851964824504,,,,,,,,,21.600000381469727,57.62329475796958,99.20000457763672,PS_036,,118.73661330138177,1.473613908090201
22.37771268574542,10.290197186257087,2024-12-06T09:15:00Z,4,4,4,4,4,4,1,0,4,4,74.09831568487714,5.801180214900082,,,,,,,,,21.83313998639396,95.29921561232058,99.20000457763672,PS_036,,123.98336718338795,1.6260575528313606
22.799999237060547,10.28978897540326,2024-12-06T09:30:00Z,3,3,3,3,3,3,1,0,3,3,151.13238520276417,10.217704961498722,,,,,,,,,22.794654865815055,240.72326377958004,99.20000457763672,PS_036,,93.05321386844099,1.8172315468654443
23.210236921184634,10.291586110162939,2024-12-06T09:45:00Z,4,4,4,4,4,4,1,0,4,4,214.0997288404355,22.04139097929688,,,,,,,,,24.141268013204442,371.8560567563512,99.20000457763672,PS_036,,101.0911456311924,2.4435690444731644
23.552208599856915,10.293732643127441,2024-12-06T10:00:00Z,4,4,4,4,4,4,1,0,4,4,179.65964984453345,21.737796544704402,,,,,,,,,26.776861739433603,303.6960921351419,99.20000457763672,PS_036,,91.67621855678514,2.6487287842107268
24.111236607226186,10.293732643127441,2024-12-06T10:15:00Z,3,3,3,3,3,3,1,0,3,3,340.6168569261388,36.26385798230015,,,,,,,,,29.31371168866786,629.5152128769571,99.20000457763672,PS_036,,79.0333350996796,2.5945880957454293
24.235634366613,10.293732643127443,2024-12-06T10:30:00Z,4,4,4,4,4,4,1,0,4,4,274.63783649199814,31.6900760841391,,,,,,,,,29.94981759855223,477.667175019062,99.20000457763672,PS_036,,85.22156028242485,1.926120948779905
24.96284546908505,10.292973322469754,2024-12-06T10:45:00Z,4,4,4,4,4,4,1,0,4,4,406.8609048144402,45.99373173903326,,,,,,,,,35.01656756964211,753.9851291899348,99.20000457763672,PS_036,,82.26549530112105,2.0031516931948907
25.689293826392714,10.29464484675231,2024-12-06T11:00:00Z,3,3,3,3,3,3,1,0,3,3,520.8883169301369,51.860055057683034,,,,,,,,,40.71642323688327,910.288046224817,99.20000457763672,PS_036,,131.91842780212846,1.6142682915269604
26.09118104459313,10.295737303338875,2024-12-06T11:15:00Z,4,4,4,4,4,4,1,0,4,4,590.0337462645742,57.12123777607476,,,,,,,,,41.90005802461143,941.8416756203073,99.20000457763672,PS_036,,93.1949157513862,2.295412734030428
26.04697955606951,10.296347114882414,2024-12-06T11:30:00Z,4,4,4,4,4,4,1,0,4,4,477.7176082715601,50.840888911679954,,,,,,,,,37.331330475515564,613.6012193945957,99.20000457763672,PS_036,,162.74609711007986,2.0412396149766328
26.64413108645742,10.301085812734717,2024-12-06T11:45:00Z,3,3,3,3,3,3,1,0,3,3,525.3096876595014,51.48858645283568,,,,,,,,,43.72139662969421,701.2071231812615,99.20000457763672,PS_036,,89.19410507105609,3.0969617974935413
26.329318648155276,10.299200057983398,2024-12-06T12:00:00Z,4,4,4,4,4,4,1,0,4,4,338.4555479244954,43.075392838567836,,,,,,,,,37.05532119149429,334.12928125592094,99.20000457763672,PS_036,,81.88374785138633,2.1257154760689443
26.068799499515087,10.299200057983398,2024-12-06T12:15:00Z,3,3,3,3,3,3,1,0,3,3,384.1532817306389,37.57345472907906,,,,,,,,,33.01103608527753,462.0047133902914,99.20000457763672,PS_036,,80.63090717810516,3.2939891369516134
27.030602583612325,10.29293497330687,2024-12-06T12:30:00Z,4,4,4,4,4,4,1,0,4,4,811.4155712563506,50.74579415308188,,,,,,,,,42.17678543003092,1026.1098035992006,99.20000457763672,PS_036,,74.12975370283108,3.7710570295568147
27.616288354079703,10.298373043226587,2024-12-06T12:45:00Z,4,4,4,4,4,4,1,0,4,4,881.6107694342456,50.7545867738801,,,,,,,,,41.849514653385484,1057.6739115051596,99.20000457763672,PS_036,,69.76720312644375,3.2349245953650327
28.076574040475133,10.29827538858058,2024-12-06T13:00:00Z,3,3,3,3,3,3,1,0,3,3,921.1900398439421,51.09496496591006,,,,,,,,,44.46291988580771,1065.4680977857472,99.20000457763672,PS_036,,61.4938043586797,3.7825857080395893
28.385780275841647,10.273151022669957,2024-12-06T13:15:00Z,4,4,4,4,4,4,1,0,4,4,959.3558123017226,51.84174863028558,,,,,,,,,44.11306339170138,1073.844076826436,99.20000457763672,PS_036,,51.0807757892945,4.295377603232905
28.662218269278792,10.294333173971683,2024-12-06T13:30:00Z,4,4,4,4,4,4,1,0,4,4,995.4791962927969,53.409788509912346,,,,,,,,,41.27136072114396,1082.218608027324,99.20000457763672,PS_036,,65.06896428532613,4.380982244356916
29.421615139759023,10.299200057983398,2024-12-06T13:45:00Z,3,3,3,3,3,3,1,0,3,3,1027.0258866845604,60.95043757271455,,,,,,,,,41.07986637650849,1059.7078963032016,99.20000457763672,PS_036,,116.05727139053157,5.46196864411236
29.756456429970182,10.299200057983397,2024-12-06T14:00:00Z,4,4,4,4,4,4,1,0,4,4,1049.64628365714,103.7933622426621,,,,,,,,,39.88706510935444,838.9774434565477,99.20000457763672,PS_036,,64.94071119892871,3.558746327640555
29.971992736606232,10.299200057983398,2024-12-06T14:15:00Z,3,3,3,3,3,3,1,0,3,3,1096.5746139983207,103.0915603047284,,,,,,,,,40.49080043933227,899.9661510005642,99.20000457763672,PS_036,,69.26643049972834,3.981038889551853
31.088451174487062,10.303525817513549,2024-12-06T14:30:00Z,4,4,4,4,4,4,1,0,4,4,1160.565276550804,78.92648937134025,,,,,,,,,42.24945035006747,1092.957452742198,99.20000457763672,PS_036,,63.57701835594886,3.6618871125654966
30.837146193222367,10.303862246155726,2024-12-06T14:45:00Z,4,4,4,4,4,4,1,0,4,4,852.0438967836228,44.38193258865943,,,,,,,,,41.48197350670428,846.4889729002808,99.20000457763672,PS_036,,72.28850244881961,5.518798311600066
31.0915669226213,10.29157126969337,2024-12-06T15:00:00Z,3,3,3,3,3,3,1,0,3,3,1007.3137237079491,52.62905230042973,,,,,,,,,42.22820815308619,999.2143941472193,99.20000457763672,PS_036,,63.02432664066388,4.780512708308578
31.292959201941965,10.201952864836993,2024-12-06T15:15:00Z,3,3,3,3,3,3,1,0,3,3,855.77855452815,46.06160218066781,,,,,,,,,43.916029608945955,844.0019807819865,99.20000457763672,PS_036,,65.91256327644105,5.0200025390848975
31.402908353321752,10.28777877344495,2024-12-06T15:30:00Z,4,4,4,4,4,4,1,0,4,4,1148.7522991789629,59.583053030101304,,,,,,,,,41.92875516980769,1136.8698265922221,99.20000457763672,PS_036,,82.76652320793411,4.785182758103676
31.43664014836531,10.294650004356257,2024-12-06T15:45:00Z,3,3,3,3,3,3,1,0,3,3,592.686777898008,29.694548082556487,,,,,,,,,40.98185301889889,583.6211420058395,99.20000457763672,PS_036,,82.74450974130623,4.003874589119878
32.12180615851434,10.2992000579834,2024-12-06T16:00:00Z,4,4,4,4,4,4,1,0,4,4,754.773679098512,43.93118834992028,,,,,,,,,42.94250815063335,748.6812564233472,99.20000457763672,PS_036,,41.42316725314135,4.505457861361186
31.93018515992463,10.302667568023784,2024-12-06T16:15:00Z,4,4,4,4,4,4,1,0,4,4,573.4247222427801,37.87590757849038,,,,,,,,,42.14602148549035,575.7771594653274,99.20000457763672,PS_036,,59.939396053212604,4.697173741909362
31.319789789678985,10.299200057983398,2024-12-06T16:30:00Z,3,3,3,3,3,3,1,0,3,3,897.1871620991034,55.06279918129269,,,,,,,,,36.39794618420614,922.0154841868502,99.20000457763672,PS_036,,71.76104562785167,4.5779701146509035
31.823229083249583,10.300023450631906,2024-12-06T16:45:00Z,4,4,4,4,4,4,1,0,4,4,552.1029690167433,36.35392217330135,,,,,,,,,38.613710585165634,595.0342262167418,99.20000457763672,PS_036,,81.90710395462531,4.899566453907678
32.0562881636964,10.30037707836497,2024-12-06T17:00:00Z,3,3,3,3,3,3,1,0,3,3,984.3858126260893,59.50835563843709,,,,,,,,,38.03690935281882,1052.3270941323701,99.20000457763672,PS_036,,64.57440677081674,4.3797842518793
32.072635126596936,10.304666519165039,2024-12-06T17:15:00Z,4,4,4,4,4,4,1,0,4,4,885.5758749375589,54.45391785214011,,,,,,,,,39.26552954850429,986.5294687677731,99.20000457763672,PS_036,,70.32587305609154,6.349130615837059
32.83542453502854,10.304666519165039,2024-12-06T17:30:00Z,4,4,4,4,4,4,1,0,4,4,768.3060836297975,50.7916946430311,,,,,,,,,41.94947026801357,866.998506362878,99.20000457763672,PS_036,,70.79296721394871,4.908713163286128
31.782205975459004,10.304666519165039,2024-12-06T17:45:00Z,3,3,3,3,3,3,1,0,3,3,234.23399108774453,24.874208122312016,,,,,,,,,36.237998951756246,269.08863126150004,99.20000457763672,PS_036,,83.10068574941162,4.752710579246869
32.196064733577536,10.30466651916504,2024-12-06T18:00:00Z,4,4,4,4,4,4,1,0,4,4,768.6788723555759,52.35633537143545,,,,,,,,,39.12197539079343,970.2764364180018,99.20000457763672,PS_036,,64.04327358647025,6.044281384338732
32.30763132972822,10.306229522575807,2024-12-06T18:15:00Z,4,4,4,4,4,4,1,0,4,4,578.3631961310806,38.262116537390455,,,,,,,,,37.67985784189099,704.0471698316439,99.20000457763672,PS_036,,80.87167906941322,5.48095003804894
32.99999999999999,10.31013298034668,2024-12-06T18:30:00Z,3,3,3,3,3,3,1,0,3,3,843.9449604312665,58.995906332286125,,,,,,,,,43.180393546580895,1138.1898236395405,99.20000457763672,PS_036,,73.40113851906582,7.556028894390074
33.23502050565835,10.310132980346678,2024-12-06T18:45:00Z,4,4,4,4,4,4,1,0,4,4,758.9233485729779,56.52807669575708,,,,,,,,,43.548272039500766,1073.4857080316658,99.20000457763672,PS_036,,62.94925055120438,5.072251103470523
32.966928432128846,10.31013298034668,2024-12-06T19:00:00Z,4,4,4,4,4,4,1,0,4,4,706.0149891681334,53.64103136829678,,,,,,,,,42.92644309236759,1067.023610655811,99.20000457763672,PS_036,,77.61680040732173,5.984688592944006
32.79999923706055,10.31013298034668,2024-12-06T19:15:00Z,3,3,3,3,3,3,1,0,3,3,527.7678142940324,42.294267447103664,,,,,,,,,41.73090352299495,877.2531339225816,99.20000457763672,PS_036,,54.548683400737616,4.968783788342515
33.29999923706055,10.310132980346678,2024-12-06T19:30:00Z,4,4,4,4,4,4,1,0,4,4,537.2093310254343,41.067884604538186,,,,,,,,,42.77346457693216,959.7288270629557,99.20000457763672,PS_036,,53.640154306679435,4.662954012645479
33.13645269903417,10.311372936532,2024-12-06T19:45:00Z,4,4,4,4,4,4,1,0,4,4,480.3348380992317,37.255057360528475,,,,,,,,,42.85268417535692,910.0056941310628,99.20000457763672,PS_036,,61.85444325144057,5.818555306661565
33.0495240425992,10.314916610717772,2024-12-06T20:00:00Z,3,3,3,3,3,3,1,0,3,3,406.24328213731,24.434199431674454,,,,,,,,,40.28063708103867,761.0925027029332,99.20000457763672,PS_036,,59.20906810603036,4.350922067159733
32.181264384258895,10.314916610717773,2024-12-06T20:15:00Z,4,4,4,4,4,4,1,0,4,4,186.9866828390168,11.938229306613415,,,,,,,,,36.51361481460857,323.21934685603924,99.20000457763672,PS_036,,76.61362448028889,4.286029686327804
32.416207549719104,10.311469090778026,2024-12-06T20:30:00Z,4,4,4,4,4,4,1,0,4,4,246.09163350275978,22.988468652712054,,,,,,,,,36.09251105866593,438.7823676655783,99.20000457763672,PS_036,,68.4911672109369,4.155640876843984
31.75676892381768,10.311038175643672,2024-12-06T20:45:00Z,3,3,3,3,3,3,1,0,3,3,209.18954375047383,26.681339471320594,,,,,,,,,34.11353632175646,357.75765954007244,99.20000457763672,PS_036,,60.81190975583488,2.9616103439036072
31.67252120880051,10.31087306816233,2024-12-06T21:00:00Z,4,4,4,4,4,4,1,0,4,4,161.80773242200888,25.169797889347812,,,,,,,,,33.42892606304667,245.42646522858317,99.20000457763672,PS_036,,74.86855982707996,3.3488286569524464
31.124626112789215,10.31013298034668,2024-12-06T21:15:00Z,4,4,4,4,4,4,1,0,4,4,101.27444075322812,17.165345030928048,,,,,,,,,31.4171155809564,133.99840088299294,99.20000457763672,PS_036,,73.14886510271981,3.4257977391987517
30.32734639565455,10.310132980346681,2024-12-06T21:30:00Z,3,3,3,3,3,3,1,0,3,3,23.198558935057907,0.9029771227676645,,,,,,,,,29.261778130005588,23.885999491437662,99.20000457763672,PS_036,,89.1410880312721,2.6544941367510804
29.39378022236164,10.310132980346681,2024-12-06T21:45:00Z,4,4,4,4,4,4,1,0,4,4,4.689619875432881,-1.7329296310237408,,,,,,,,,27.491623674723492,3.4414593535139186,99.20000457763672,PS_036,,84.99502369095583,2.2698835825716657
28.451648118782515,10.303510197478861,2024-12-06T22:00:00Z,4,4,4,4,4,4,1,0,4,4,-1.836049462819568,-2.3625570063831804,,,,,,,,,25.95164811878252,-1.6710022323129665,99.20000457763672,PS_036,,116.60750971469724,1.318382435870774
28.24520096764162,10.30466651916504,2024-12-06T22:15:00Z,3,3,3,3,3,3,1,0,3,3,-2.270894879998807,-1.354689262319776,,,,,,,,,25.69319633146104,-1.271947948599789,99.20000457763672,PS_036,,81.24641589808805,1.4335958581929338
27.325388599637023,10.304666519165037,2024-12-06T22:30:00Z,4,4,4,4,4,4,1,0,4,4,-2.778401325092375,-2.7502850923229185,,,,,,,,,24.63096778144968,-2.3796304297619986,99.20000457763672,PS_036,,134.42474567686133,1.210186679709296
26.918948452751135,10.30014823624744,2024-12-06T22:45:00Z,3,3,3,3,3,3,1,0,3,3,-1.736539466572447,-1.664731160273322,,,,,,,,,24.118948459434723,-0.9431000870620219,99.20000457763672,PS_036,,141.7056380770143,1.4166067715559894
26.757439049835888,10.300960081292246,2024-12-06T23:00:00Z,4,4,4,4,4,4,1,0,4,4,-1.7461058676683907,-1.427726573591403,,,,,,,,,24.036955752427588,-0.8122503869398537,99.20000457763672,PS_036,,142.28385693856472,1.8238562803059781
26.779355058700126,10.301010183468422,2024-12-06T23:15:00Z,4,4,4,4,4,4,1,0,4,4,-1.8359642524790494,-1.3260345166894407,,,,,,,,,23.70065960096928,-0.9420246684786064,99.20000457763672,PS_036,,129.33634162826843,1.2999996943883412
26.633434076293458,10.30265813331243,2024-12-06T23:30:00Z,3,3,3,3,3,3,1,0,3,3,-1.7378329254117173,-1.3032923587523106,,,,,,,,,23.499999999999996,-0.6578329164396817,99.20000457763672,PS_036,,148.71687048366792,1.4593194617414633
26.404845392771044,10.2992000579834,2024-12-06T23:45:00Z,4,4,4,4,4,4,1,0,4,4,-1.9851909585657725,-0.5529131056954435,,,,,,,,,23.5,-0.6558955219592593,99.20000457763672,PS_036,,120.06309587200887,1.0778630173428474
26.465990291571156,10.299200057983398,2024-12-07T00:00:00Z,4,4,4,4,4,4,1,0,4,4,-1.250466665332609,0.35146512246509143,,,,,,,,,23.965990291571156,0.08972400085647698,99.20000457763672,PS_036,,102.37498481312466,1.9139292538945667
27.051651033112663,10.302777824983478,2024-12-07T00:15:00Z,3,3,3,3,3,3,1,0,3,3,-1.0087710108508412,0.45241208040422803,,,,,,,,,24.655302824472468,0.36028031408162364,99.20000457763672,PS_036,,93.54006497119298,2.5911472722409594
27.05222588308355,10.299860641960494,2024-12-07T00:30:00Z,4,4,4,4,4,4,1,0,4,4,-1.5849901921277265,-0.1556446325661245,,,,,,,,,24.958825006945045,-0.5404109175736015,99.20000457763672,PS_036,,118.02685388549753,2.7185271519788974
26.63131605914321,10.299200057983398,2024-12-07T00:45:00Z,4,4,4,4,4,4,1,0,4,4,-2.2536165731689404,-1.0660094049453097,,,,,,,,,24.605366083439783,-1.7198391522516057,99.20000457763672,PS_036,,84.49294349929134,1.7622869288312877
26.5497423884024,10.299200057983398,2024-12-07T01:00:00Z,3,3,3,3,3,3,1,0,3,3,-1.7385423387242112,-0.9611174935155624,,,,,,,,,24.29999923706055,-0.8191946257570771,99.20000457763672,PS_036,,126.51253627020067,2.0981546613700206
26.252071649244165,10.301697290822592,2024-12-07T01:15:00Z,4,4,4,4,4,4,1,0,4,4,-1.9562431886851221,-0.8216309883637983,,,,,,,,,24.176682524859512,-0.9870662245526074,99.20000457763672,PS_036,,109.49850571087588,2.3172231952654845
26.252668650562892,10.299200057983398,2024-12-07T01:30:00Z,4,4,4,4,4,4,1,0,4,4,-1.6293293610588961,-0.6547023730583753,,,,,,,,,24.10000038146973,-0.6669896185596452,99.20000457763672,PS_036,,90.02739181435737,1.4998771947185656
26.0,10.2992000579834,2024-12-07T01:45:00Z,3,3,3,3,3,3,1,0,3,3,-1.7664455220363513,-0.8371892142972038,,,,,,,,,23.84407948310619,-1.0685937772625425,99.20000457763672,PS_036,,101.65761046210078,1.9227408202467409
25.799999237060547,10.299200057983398,2024-12-07T02:00:00Z,4,4,4,4,4,4,1,0,4,4,-1.6632772650765217,-0.7300279998489662,,,,,,,,,23.53878775404359,-0.8899364579584133,99.20000457763672,PS_036,,113.16196905915747,1.361893423522994
25.594004583913815,10.298332639466388,2024-12-07T02:15:00Z,4,4,4,4,4,4,1,0,4,4,-1.5260680050882387,-1.102143171558057,,,,,,,,,23.326319369359812,-1.0381043491823223,99.20000457763672,PS_036,,98.4827590047417,1.8039271979525324
25.757072169339917,10.299200057983398,2024-12-07T02:30:00Z,3,3,3,3,3,3,1,0,3,3,-1.7333095953260194,-0.6614415459375234,,,,,,,,,23.442398715685346,-0.8754568503652883,99.20000457763672,PS_036,,101.95090405449781,1.451761237024993
25.759995618623286,10.299200057983397,2024-12-07T02:45:00Z,4,4,4,4,4,4,1,0,4,4,-1.2933280746290894,-0.5709128882022483,,,,,,,,,23.25263961703737,-0.4202970833523084,99.20000457763672,PS_036,,84.24674242665995,1.559821938749462
25.57830103883389,10.299200057983398,2024-12-07T03:00:00Z,2,2,2,2,2,2,1,0,2,2,-1.5116677965553789,-0.8364786980609619,,,,,,,,,23.299999237060543,-1.0029573198279782,99.20000457763672,PS_036,,97.01500966361989,1.8346671076309564
,,2024-12-07T03:15:00Z,0,0,0,0,0,0,1,0,0,0,,,,,,,,,,,,,99.20000457763672,PS_036,,,
,,2024-12-07T03:30:00Z,0,0,0,0,0,0,1,0,0,0,,,,,,,,,,,,,99.20000457763672,PS_036,,,
,,2024-12-07T03:45:00Z,0,0,0,0,0,0,1,0,0,0,,,,,,,,,,,,,99.20000457763672,PS_036,,,
,,2024-12-07T04:00:00Z,0,0,0,0,0,0,1,0,0,0,,,,,,,,,,,,,99.20000457763672,PS_036,,,
,,2024-12-07T04:15:00Z,0,0,0,0,0,0,1,0,0,0,,,,,,,,,,,,,99.20000457763672,PS_036,,,
,,2024-12-07T04:30:00Z,0,0,0,0,0,0,1,0,0,0,,,,,,,,,,,,,99.20000457763672,PS_036,,,
,,2024-12-07T04:45:00Z,0,0,0,0,0,0,1,0,0,0,,,,,,,,,,,,,99.20000457763672,PS_036,,,
,,2024-12-07T05:00:00Z,0,0,0,0,0,0,1,0,0,0,,,,,,,,,,,,,99.20000457763672,PS_036,,,
,,2024-12-07T05:15:00Z,0,0,0,0,0,0,1,0,0,0,,,,,,,,,,,,,99.20000457763672,PS_036,,,
,,2024-12-07T05:30:00Z,0,0,0,0,0,0,1,0,0,0,,,,,,,,,,,,,99.20000457763672,PS_036,,,
,,2024-12-07T05:45:00Z,0,0,0,0,0,0,1,0,0,0,,,,,,,,,,,,,99.20000457763672,PS_036,,,
,,2024-12-07T06:00:00Z,0,0,0,0,0,0,1,0,0,0,,,,,,,,,,,,,99.20000457763672,PS_036,,,
,,2024-12-07T06:15:00Z,0,0,0,0,0,0,1,0,0,0,,,,,,,,,,,,,99.20000457763672,PS_036,,,
,,2024-12-07T06:30:00Z,0,0,0,0,0,0,1,0,0,0,,,,,,,,,,,,,99.20000457763672,PS_036,,,
,,2024-12-07T06:45:00Z,0,0,0,0,0,0,1,0,0,0,,,,,,,,,,,,,99.20000457763672,PS_036,,,
,,2024-12-07T07:00:00Z,0,0,0,0,0,0,1,0,0,0,,,,,,,,,,,,,99.20000457763672,PS_036,,,
,,2024-12-07T07:15:00Z,0,0,0,0,0,0,1,0,0,0,,,,,,,,,,,,,99.20000457763672,PS_036,,,
,,2024-12-07T07:30:00Z,0,0,0,0,0,0,1,0,0,0,,,,,,,,,,,,,99.20000457763672,PS_036,,,
,,2024-12-07T07:45:00Z,0,0,0,0,0,0,1,0,0,0,,,,,,,,,,,,,99.20000457763672,PS_036,,,
,,2024-12-07T08:00:00Z,0,0,0,0,0,0,1,0,0,0,,,,,,,,,,,,,99.20000457763672,PS_036,,,
,,2024-12-07T08:15:00Z,0,0,0,0,0,0,1,0,0,0,,,,,,,,,,,,,99.20000457763672,PS_036,,,
,,2024-12-07T08:30:00Z,0,0,0,0,0,0,1,0,0,0,,,,,,,,,,,,,99.20000457763672,PS_036,,,
,,2024-12-07T08:45:00Z,0,0,0,0,0,0,1,0,0,0,,,,,,,,,,,,,99.20000457763672,PS_036,,,
22.939154678606933,10.29373264312744,2024-12-07T09:00:00Z,2,2,2,2,2,2,1,0,2,2,63.01097893988129,5.575661892128138,,,,,,,,,20.0,71.27042340081735,99.20000457763672,PS_036,,132.5138498334534,1.1441934818580808
23.474155935056444,10.293036900414897,2024-12-07T09:15:00Z,4,4,4,4,4,4,1,0,4,4,76.9418768715078,7.730534851749532,,,,,,,,,21.398232807468,114.69793513228916,99.20000457763672,PS_036,,122.49615157745004,0.9444159198155896
24.141439052047474,10.293732643127443,2024-12-07T09:30:00Z,4,4,4,4,4,4,1,0,4,4,133.48008971423923,12.58306777433079,,,,,,,,,24.86214991826966,206.2476938435322,99.20000457763672,PS_036,,109.53482171236266,0.6686129683917619
24.751137760018032,10.293732643127441,2024-12-07T09:45:00Z,3,3,3,3,3,3,1,0,3,3,194.6505574064478,21.554320108682862,,,,,,,,,28.22982705255366,305.98694840348594,99.20000457763672,PS_036,,87.98505566550638,1.5694709447825708
25.147880195850068,10.293732643127441,2024-12-07T10:00:00Z,4,4,4,4,4,4,1,0,4,4,237.25253788158835,27.717376793475683,,,,,,,,,29.730441637888166,370.1989698509269,99.20000457763672,PS_036,,96.14677371008158,2.367704831153719
25.862616843044176,10.297488282367308,2024-12-07T10:15:00Z,4,4,4,4,4,4,1,0,4,4,348.3568326085238,37.317047238696155,,,,,,,,,33.063054345009604,591.7260457958246,99.20000457763672,PS_036,,63.16766360419798,2.2723836150353143
26.352338605477506,10.29824619148733,2024-12-07T10:30:00Z,3,3,3,3,3,3,1,0,3,3,327.58483734137434,36.14578245655837,,,,,,,,,34.58552700220293,557.1070816252828,99.20000457763672,PS_036,,70.74600921446512,2.235082258324562
26.731189155728494,10.2992000579834,2024-12-07T10:45:00Z,4,4,4,4,4,4,1,0,4,4,312.20368500204745,41.83074228325017,,,,,,,,,36.40891919885488,524.2342381465403,99.20000457763672,PS_036,,43.03717933572723,2.129226160925898
27.719757076920633,10.2992000579834,2024-12-07T11:00:00Z,3,3,3,3,3,3,1,0,3,3,535.8794185417306,53.01652198539652,,,,,,,,,40.259003148969,921.7092906193545,99.20000457763672,PS_036,,59.17516839916235,3.3778547717294107
28.415515341730682,10.302010577014407,2024-12-07T11:15:00Z,4,4,4,4,4,4,1,0,4,4,591.5977579409266,52.635816281879315,,,,,,,,,43.1599923847387,965.7169678163776,99.20000457763672,PS_036,,41.72417402643243,2.8615178396775582
28.700000762939453,10.304666519165039,2024-12-07T11:30:00Z,1,1,1,1,1,1,1,0,1,1,620.5399780273438,51.06999969482422,,,,,,,,,42.79999923706055,979.5399780273436,99.20000457763672,PS_036,,93.66000366210938,2.9119999408721924
29.299999237060547,10.303693319547031,2024-12-07T11:45:00Z,3,3,3,3,3,3,1,0,3,3,698.4755941761069,49.14570569875582,,,,,,,,,43.13560481241311,1011.2841349756866,99.20000457763672,PS_036,,49.523043457472305,3.278487104880603
29.99477458924931,10.304666519165037,2024-12-07T12:00:00Z,4,4,4,4,4,4,1,0,4,4,734.2792080316042,49.556024164268365,,,,,,,,,45.289525291062915,1010.7925115516928,99.20000457763672,PS_036,,31.294282733777603,2.8823118455669636
30.341128711193463,10.30466651916504,2024-12-07T12:15:00Z,3,3,3,3,3,3,1,0,3,3,804.6226463303219,50.0739213749885,,,,,,,,,44.69942621185988,1053.9184275999107,99.20000457763672,PS_036,,63.749419903289734,4.19365588526035
30.965206801125607,10.303385115159914,2024-12-07T12:30:00Z,4,4,4,4,4,4,1,0,4,4,824.8530457448607,49.93337865667497,,,,,,,,,45.91387963910273,1033.619910500612,99.20000457763672,PS_036,,173.16813976028055,2.4610454459511746
31.285909749783265,10.304666519165039,2024-12-07T12:45:00Z,4,4,4,4,4,4,1,0,4,4,858.9478576272824,50.90208160391925,,,,,,,,,45.768790938097304,1030.940861614136,99.20000457763672,PS_036,,174.17114065362432,2.3254145613463337
31.309032659700865,10.307152870138319,2024-12-07T13:00:00Z,3,3,3,3,3,3,1,0,3,3,741.1155171607987,44.110509324389646,,,,,,,,,42.40567096581301,849.067725636065,99.20000457763672,PS_036,,106.27636819649949,3.7303272812874226
31.652103205641527,10.309308450892209,2024-12-07T13:15:00Z,3,3,3,3,3,3,1,0,3,3,868.2288002892658,50.51722566078775,,,,,,,,,44.01487589321073,964.6143924465205,99.20000457763672,PS_036,,62.859631515056904,3.4396800138898054
31.836056823422126,10.304666519165037,2024-12-07T13:30:00Z,4,4,4,4,4,4,1,0,4,4,1016.4228190168798,58.696721517657096,,,,,,,,,44.42348595268007,1095.1589349324172,99.20000457763672,PS_036,,49.122485925155964,4.693431153770009
32.3155504911577,10.307894357806875,2024-12-07T13:45:00Z,4,4,4,4,4,4,1,0,4,4,882.7205834877128,51.17317905691767,,,,,,,,,44.44151446016529,932.4978222246064,99.20000457763672,PS_036,,30.369572225397032,3.282094288071078
31.55317835057487,10.30466651916504,2024-12-07T14:00:00Z,3,3,3,3,3,3,1,0,3,3,855.9284008323558,50.336712080598055,,,,,,,,,42.05349448949222,892.0745655537144,99.20000457763672,PS_036,,37.550945888135075,3.5394522280983494
31.7465883945735,10.305441152815938,2024-12-07T14:15:00Z,4,4,4,4,4,4,1,0,4,4,741.3226985033886,45.472347181391235,,,,,,,,,39.42981926493638,757.3435800377043,99.20000457763672,PS_036,,37.07879992047971,4.836099863145544
32.10588253167178,10.306820312681426,2024-12-07T14:30:00Z,4,4,4,4,4,4,1,0,4,4,893.3024222745772,53.89299519140368,,,,,,,,,41.29678075763638,900.630542400294,99.20000457763672,PS_036,,46.624439302134014,3.767921966520534
32.249671859121506,10.309227894314496,2024-12-07T14:45:00Z,3,3,3,3,3,3,1,0,3,3,905.6068851802513,54.77136947978511,,,,,,,,,41.73904763793278,902.0504806587483,99.20000457763672,PS_036,,37.88225410909401,3.6821962425687818
32.61024838560755,10.307567350033711,2024-12-07T15:00:00Z,4,4,4,4,4,4,1,0,4,4,896.6275911742359,56.02748809531407,,,,,,,,,42.59612372936771,889.0166147367311,99.20000457763672,PS_036,,150.54615857800383,4.787107339948042
32.794881850899685,10.309511837033096,2024-12-07T15:15:00Z,4,4,4,4,4,4,1,0,4,4,958.5088059945703,61.040161952202716,,,,,,,,,42.50805166986012,948.3860111714304,99.20000457763672,PS_036,,20.015262788126616,3.4948709143750913
33.258636678690976,10.309002450560806,2024-12-07T15:30:00Z,3,3,3,3,3,3,1,0,3,3,1068.377707054035,67.59795960410345,,,,,,,,,43.88027961500262,1056.3237176916587,99.20000457763672,PS_036,,19.963071435076806,3.9246546969369276
33.79232125609246,10.308136215776837,2024-12-07T15:45:00Z,4,4,4,4,4,4,1,0,4,4,1031.3490934661415,65.97873848064665,,,,,,,,,46.18718197968135,1021.6163771525339,99.20000457763672,PS_036,,43.45541216743909,3.5481313035264597
32.94510631785644,10.310132980346678,2024-12-07T16:00:00Z,4,4,4,4,4,4,1,0,4,4,900.0935688536023,60.68275658413713,,,,,,,,,40.63830147495573,897.7081826090897,99.20000457763672,PS_036,,32.168570479247016,3.0891559840777614
33.78903929286667,10.31304382102185,2024-12-07T16:15:00Z,3,3,3,3,3,3,1,0,3,3,1050.6375479719557,69.8263187110393,,,,,,,,,44.35392018453469,1059.1501649558647,99.20000457763672,PS_036,,46.8461727695899,3.8133668271995904
34.0942518833109,10.311827246770317,2024-12-07T16:30:00Z,4,4,4,4,4,4,1,0,4,4,1046.412633920762,69.54974144334788,,,,,,,,,45.41328324364626,1065.958127942075,99.20000457763672,PS_036,,38.91631920839271,4.478274311160131
33.518374692467034,10.310961261515999,2024-12-07T16:45:00Z,3,3,3,3,3,3,1,0,3,3,667.5147544444786,50.14783293290848,,,,,,,,,42.58622356887175,682.2765738120205,99.20000457763672,PS_036,,34.8167588088549,3.768269074151813
33.78728910528033,10.31555660743875,2024-12-07T17:00:00Z,4,4,4,4,4,4,1,0,4,4,887.6988826212992,65.23655497579874,,,,,,,,,43.74171752608016,936.4160545543045,99.20000457763672,PS_036,,105.10504963049469,4.198970390533582
34.11356993106501,10.31083490709539,2024-12-07T17:15:00Z,4,4,4,4,4,4,1,0,4,4,892.6517341391371,67.02986431371353,,,,,,,,,45.76378601737389,965.8993721532369,99.20000457763672,PS_036,,143.66765323017182,3.893103604208348
33.7132003464694,10.31197378289378,2024-12-07T17:30:00Z,3,3,3,3,3,3,1,0,3,3,667.2950476281349,56.616465412787306,,,,,,,,,45.665827874139794,726.4330451242446,99.20000457763672,PS_036,,34.97678883943024,2.6471951167804946
33.68176701394827,10.311436801985243,2024-12-07T17:45:00Z,4,4,4,4,4,4,1,0,4,4,562.3870213003883,54.30267389428747,,,,,,,,,44.173431402727665,622.6523980674621,99.20000457763672,PS_036,,54.24867594797064,2.559001317517553
33.46147671758438,10.310870733901021,2024-12-07T18:00:00Z,4,4,4,4,4,4,1,0,4,4,686.9702326246601,64.81873623517123,,,,,,,,,42.233312669180464,802.319558089241,99.20000457763672,PS_036,,48.30780208706362,3.5942822609474763
33.932444212031605,10.314916610717772,2024-12-07T18:15:00Z,3,3,3,3,3,3,1,0,3,3,690.3852410408401,67.18005887536054,,,,,,,,,44.91245065828823,832.4371580557168,99.20000457763672,PS_036,,28.116195912865223,4.0256447899606345
33.852222550163155,10.31147350093091,2024-12-07T18:30:00Z,4,4,4,4,4,4,1,0,4,4,564.4924580296182,59.998216047466364,,,,,,,,,46.05860185478728,693.5749648763117,99.20000457763672,PS_036,,186.28661339590317,3.020402679066786
33.55830763523146,10.31154585104703,2024-12-07T18:45:00Z,4,4,4,4,4,4,1,0,4,4,455.8887727727152,54.66628968451718,,,,,,,,,44.752502405028814,567.2448036720189,99.20000457763672,PS_036,,41.12841812030586,2.629005939675106
33.498558585033976,10.314107857103878,2024-12-07T19:00:00Z,3,3,3,3,3,3,1,0,3,3,367.31517219301236,53.214985152115624,,,,,,,,,42.915466544114366,451.0098596846123,99.20000457763672,PS_036,,25.12619379124723,1.736224618828559
33.18488481371661,10.311968534520265,2024-12-07T19:15:00Z,4,4,4,4,4,4,1,0,4,4,403.01739382670854,60.43637403180554,,,,,,,,,40.814887712323625,524.3362507013859,99.20000457763672,PS_036,,69.20645405869834,3.3578457258901175
33.259423321572214,10.312125562892842,2024-12-07T19:30:00Z,4,4,4,4,4,4,1,0,4,4,351.35799871964616,60.0150276524319,,,,,,,,,40.51764499310239,438.3994835656741,99.20000457763672,PS_036,,58.4176555550277,2.6606899609886896
33.04353043550852,10.310849708795365,2024-12-07T19:45:00Z,3,3,3,3,3,3,1,0,3,3,275.7637568315722,49.33730267874747,,,,,,,,,39.79165745762864,305.3314424415658,99.20000457763672,PS_036,,103.816895202247,2.0998331104018333
32.66909244890658,10.314157091302246,2024-12-07T20:00:00Z,4,4,4,4,4,4,1,0,4,4,228.65881479173905,31.649187844948614,,,,,,,,,36.233113629701535,244.4436836988334,99.20000457763672,PS_036,,59.138001222354234,2.599487753372644
32.5,10.312190450043083,2024-12-07T20:15:00Z,4,4,4,4,4,4,1,0,4,4,225.87457293844005,24.479814695123977,,,,,,,,,35.22033324721112,264.07004192205613,99.20000457763672,PS_036,,48.27665192675989,1.8217450821463497
32.5,10.31165788795949,2024-12-07T20:30:00Z,3,3,3,3,3,3,1,0,3,3,210.58797029732858,21.82180380336985,,,,,,,,,35.143503179832095,256.8325812704779,99.20000457763672,PS_036,,54.67136464262113,2.028972083011909
32.75254191082391,10.31013298034668,2024-12-07T20:45:00Z,4,4,4,4,4,4,1,0,4,4,213.54479953320796,24.27831878067687,,,,,,,,,35.872652151518544,287.4167707724559,99.20000457763672,PS_036,,76.93232803990483,2.1487750418425824
32.170432164867655,10.31013298034668,2024-12-07T21:00:00Z,4,4,4,4,4,4,1,0,4,4,103.9153223229936,10.371834732736378,,,,,,,,,33.264836958972595,116.06196475276862,99.20000457763672,PS_036,,87.20701327164873,2.323151643173285
31.419253102687218,10.31013298034668,2024-12-07T21:15:00Z,3,3,3,3,3,3,1,0,3,3,56.57551985891811,4.593593348553007,,,,,,,,,30.841081567757353,58.87240350697966,99.20000457763672,PS_036,,93.82486664226417,1.503809915816682
30.682918382585125,10.30927651951727,2024-12-07T21:30:00Z,4,4,4,4,4,4,1,0,4,4,26.987627415203416,1.513101308901978,,,,,,,,,29.082225916627564,26.55448424356848,99.20000457763672,PS_036,,109.48518022798142,1.5888015566270373
30.287227210881095,10.308600406988619,2024-12-07T21:45:00Z,4,4,4,4,4,4,1,0,4,4,6.747353751849134,-0.6139044069875729,,,,,,,,,27.52238382572558,5.844941268302008,99.20000457763672,PS_036,,108.3217917826216,2.093893816638454
29.337213577601577,10.304666519165039,2024-12-07T22:00:00Z,3,3,3,3,3,3,1,0,3,3,-1.9506148590956602,-2.6676337687180163,,,,,,,,,26.755821918848746,-1.4285592715867588,99.20000457763672,PS_036,,108.21267377499876,1.7490034139568558
28.858309669411728,10.304666519165039,2024-12-07T22:15:00Z,4,4,4,4,4,4,1,0,4,4,-2.2979326872778274,-1.9938984605041226,,,,,,,,,26.45363065163031,-1.3536000501613696,99.20000457763672,PS_036,,112.19423010702779,1.6477830866532348
28.46526902854887,10.304033665864816,2024-12-07T22:30:00Z,4,4,4,4,4,4,1,0,4,4,-2.2242751441878394,-2.070861171824551,,,,,,,,,25.8307570434613,-1.444215247083245,99.20000457763672,PS_036,,126.45239808638593,1.770360963928065
28.625614396538527,10.304666519165039,2024-12-07T22:45:00Z,3,3,3,3,3,3,1,0,3,3,-1.485247174916167,-0.29502792726319466,,,,,,,,,26.200000762939453,0.09366547352159299,99.20000457763672,PS_036,,141.27415196986243,1.5733358939385251
28.67080785014828,10.304666519165037,2024-12-07T23:00:00Z,4,4,4,4,4,4,1,0,4,4,-1.6256344277606027,-0.2753941840628264,,,,,,,,,26.5,-0.23041322921015833,99.20000457763672,PS_036,,100.28884014631083,2.0204469620989296
28.700000762939453,10.30466651916504,2024-12-07T23:15:00Z,4,4,4,4,4,4,1,0,4,4,-1.894912354024078,-0.5590783476566258,,,,,,,,,26.40176733926287,-0.6992765726727156,99.20000457763672,PS_036,,93.86505466114427,1.8020472158804504
28.3161682662983,10.304666519165039,2024-12-07T23:30:00Z,3,3,3,3,3,3,1,0,3,3,-1.8561148120578599,-0.5871610152165171,,,,,,,,,26.20000076293945,-0.5686664497822824,99.20000457763672,PS_036,,103.68221087537599,1.8489708482070757
28.347660863302718,10.302785677538024,2024-12-07T23:45:00Z,4,4,4,4,4,4,1,0,4,4,-1.9540287165199381,-0.8192778181081535,,,,,,,,,26.200000762939453,-0.8566635702973268,99.20000457763672,PS_036,,105.92532721713603,2.033692773505411
28.147523440231275,10.304666519165039,2024-12-08T00:00:00Z,3,3,3,3,3,3,1,0,3,3,-1.6600284537239927,-0.5312114102914854,,,,,,,,,26.147523440231275,-0.8365128587012163,99.20000457763672,PS_036,,89.1838352749316,2.1563494238820593
27.90115095277191,10.301802192724027,2024-12-08T00:15:00Z,4,4,4,4,4,4,1,0,4,4,-1.7841529294014447,-0.7858728960013931,,,,,,,,,26.185477112336162,-1.3619798339820315,99.20000457763672,PS_036,,115.30746056194353,2.420388538350017
27.55398135260537,10.303861693979322,2024-12-08T00:30:00Z,4,4,4,4,4,4,1,0,4,4,-1.7264065076627761,-0.9587775109052247,,,,,,,,,25.91472264004524,-1.420570720159569,99.20000457763672,PS_036,,100.89067657606668,1.9559530498852067
27.39999961853027,10.308054652337784,2024-12-08T00:45:00Z,3,3,3,3,3,3,1,0,3,3,-1.3493806543500657,-0.7568242468713596,,,,,,,,,25.763112629163896,-0.6923055901613966,99.20000457763672,PS_036,,134.82100564489042,2.1798682610072753
27.501005840695303,10.303446140921398,2024-12-08T01:00:00Z,4,4,4,4,4,4,1,0,4,4,-1.4715729403917983,-0.721162786128486,,,,,,,,,25.722688194845148,-1.0604923617054376,99.20000457763672,PS_036,,120.45710331533398,1.688827217393282
27.100000381469727,10.302087511817339,2024-12-08T01:15:00Z,4,4,4,4,4,4,1,0,4,4,-1.6053719709889918,-0.8294918821773805,,,,,,,,,25.55846401182367,-0.9390930967114981,99.20000457763672,PS_036,,108.93985401043658,2.296162250060551
27.100000381469727,10.304666519165039,2024-12-08T01:30:00Z,3,3,3,3,3,3,1,0,3,3,-1.612621945215764,-0.8173405398581048,,,,,,,,,25.449784066270325,-1.210936902030749,99.20000457763672,PS_036,,102.13758929702962,2.8469194283702235
27.36497482487112,10.30253166236918,2024-12-08T01:45:00Z,4,4,4,4,4,4,1,0,4,4,-1.2138573236416454,-0.4614796267375287,,,,,,,,,25.700000762939453,-0.8947327434189265,99.20000457763672,PS_036,,125.16927479575416,1.8572173015181939
26.26087339060036,10.299200057983398,2024-12-08T02:00:00Z,4,4,4,4,4,4,1,0,4,4,-2.535927799672744,-1.3072130599380745,,,,,,,,,24.752050586459788,-2.524942626925218,99.20000457763672,PS_036,,309.5639525905472,1.563033752832671
26.631747903535036,10.299200057983398,2024-12-08T02:15:00Z,3,3,3,3,3,3,1,0,3,3,-1.504747614781241,-0.8071453088563298,,,,,,,,,24.264119410334683,-1.5452017569711138,99.20000457763672,PS_036,,285.0411801100932,0.762034194314487
26.6111818146899,10.29662420947677,2024-12-08T02:30:00Z,4,4,4,4,4,4,1,0,4,4,-0.6374845023632497,-0.5632589522617713,,,,,,,,,23.799999237060547,-0.995328379780901,99.20000457763672,PS_036,,314.5192026426656,0.6448113838123177
26.45951531301955,10.297585101980278,2024-12-08T02:45:00Z,4,4,4,4,4,4,1,0,4,4,-1.0048954372444088,-0.8325305305007337,,,,,,,,,23.968184131039727,-1.085631777222601,99.20000457763672,PS_036,,325.29102492823876,-0.012872012866467865
27.044542592183234,10.299200057983398,2024-12-08T03:00:00Z,2,2,2,2,2,2,1,0,2,2,-0.7452994961313022,-1.0713560883062003,,,,,,,,,23.55545743669671,0.6116205715077663,99.20000457763672,PS_036,,118.82767688078606,-0.052000001072883606
,,2024-12-08T03:15:00Z,0,0,0,0,0,0,1,0,0,0,,,,,,,,,,,,,99.20000457763672,PS_036,,,
,,2024-12-08T03:30:00Z,0,0,0,0,0,0,1,0,0,0,,,,,,,,,,,,,99.20000457763672,PS_036,,,
,,2024-12-08T03:45:00Z,0,0,0,0,0,0,1,0,0,0,,,,,,,,,,,,,99.20000457763672,PS_036,,,
,,2024-12-08T04:00:00Z,0,0,0,0,0,0,1,0,0,0,,,,,,,,,,,,,99.20000457763672,PS_036,,,
,,2024-12-08T04:15:00Z,0,0,0,0,0,0,1,0,0,0,,,,,,,,,,,,,99.20000457763672,PS_036,,,
,,2024-12-08T04:30:00Z,0,0,0,0,0,0,1,0,0,0,,,,,,,,,,,,,99.20000457763672,PS_036,,,
,,2024-12-08T04:45:00Z,0,0,0,0,0,0,1,0,0,0,,,,,,,,,,,,,99.20000457763672,PS_036,,,
,,2024-12-08T05:00:00Z,0,0,0,0,0,0,1,0,0,0,,,,,,,,,,,,,99.20000457763672,PS_036,,,
,,2024-12-08T05:15:00Z,0,0,0,0,0,0,1,0,0,0,,,,,,,,,,,,,99.20000457763672,PS_036,,,
,,2024-12-08T05:30:00Z,0,0,0,0,0,0,1,0,0,0,,,,,,,,,,,,,99.20000457763672,PS_036,,,
,,2024-12-08T05:45:00Z,0,0,0,0,0,0,1,0,0,0,,,,,,,,,,,,,99.20000457763672,PS_036,,,
,,2024-12-08T06:00:00Z,0,0,0,0,0,0,1,0,0,0,,,,,,,,,,,,,99.20000457763672,PS_036,,,
,,2024-12-08T06:15:00Z,0,0,0,0,0,0,1,0,0,0,,,,,,,,,,,,,99.20000457763672,PS_036,,,
,,2024-12-08T06:30:00Z,0,0,0,0,0,0,1,0,0,0,,,,,,,,,,,,,99.20000457763672,PS_036,,,
,,2024-12-08T06:45:00Z,0,0,0,0,0,0,1,0,0,0,,,,,,,,,,,,,99.20000457763672,PS_036,,,
,,2024-12-08T07:00:00Z,0,0,0,0,0,0,1,0,0,0,,,,,,,,,,,,,99.20000457763672,PS_036,,,
,,2024-12-08T07:15:00Z,0,0,0,0,0,0,1,0,0,0,,,,,,,,,,,,,99.20000457763672,PS_036,,,
,,2024-12-08T07:30:00Z,0,0,0,0,0,0,1,0,0,0,,,,,,,,,,,,,99.20000457763672,PS_036,,,
,,2024-12-08T07:45:00Z,0,0,0,0,0,0,1,0,0,0,,,,,,,,,,,,,99.20000457763672,PS_036,,,
,,2024-12-08T08:00:00Z,0,0,0,0,0,0,1,0,0,0,,,,,,,,,,,,,99.20000457763672,PS_036,,,
,,2024-12-08T08:15:00Z,0,0,0,0,0,0,1,0,0,0,,,,,,,,,,,,,99.20000457763672,PS_036,,,
,,2024-12-08T08:30:00Z,0,0,0,0,0,0,1,0,0,0,,,,,,,,,,,,,99.20000457763672,PS_036,,,
,,2024-12-08T08:45:00Z,0,0,0,0,0,0,1,0,0,0,,,,,,,,,,,,,99.20000457763672,PS_036,,,
23.600000381469727,10.299200057983398,2024-12-08T09:00:00Z,1,1,1,1,1,1,1,0,1,1,32.810001373291016,2.9100000858306885,,,,,,,,,22.700000762939453,33.18000030517578,99.20000457763672,PS_036,,35.41200256347656,-0.07200000435113907
23.89999961853027,10.29496356624894,2024-12-08T09:15:00Z,4,4,4,4,4,4,1,0,4,4,50.15314960351899,5.07424754779164,,,,,,,,,23.28467879430988,51.59149688542199,99.20000457763672,PS_036,,179.0559338892416,0.045921750887298454
24.065606189744596,10.294933754679912,2024-12-08T09:30:00Z,3,3,3,3,3,3,1,0,3,3,75.15017405353487,8.250856832018801,,,,,,,,,24.158251824323557,77.96054313399699,99.20000457763672,PS_036,,8.836459327040432,0.21757508783144852
24.61745047048622,10.29774252667981,2024-12-08T09:45:00Z,4,4,4,4,4,4,1,0,4,4,115.16229024600463,13.252415655617453,,,,,,,,,25.396838445592664,122.95274661038577,99.20000457763672,PS_036,,56.140895274152825,1.2887758799263016
25.14088526910764,10.298370367321562,2024-12-08T10:00:00Z,4,4,4,4,4,4,1,0,4,4,159.21002401170676,20.19175268005731,,,,,,,,,27.084649606945565,176.69874403540416,99.20000457763672,PS_036,,32.62512241514484,1.109305494992437
25.966007349739254,10.299200057983398,2024-12-08T10:15:00Z,3,3,3,3,3,3,1,0,3,3,198.9080001383543,28.863211409838673,,,,,,,,,28.991971204824473,230.8954136201467,99.20000457763672,PS_036,,29.749752133609814,0.928497463026343
26.34748566090779,10.2992000579834,2024-12-08T10:30:00Z,4,4,4,4,4,4,1,0,4,4,252.51443519461472,41.67146819307804,,,,,,,,,31.037646038255982,324.9542690346393,99.20000457763672,PS_036,,53.4365981750215,1.0095870178559418
27.2391662056393,10.299200057983398,2024-12-08T10:45:00Z,4,4,4,4,4,4,1,0,4,4,342.8954737487591,64.50796151844942,,,,,,,,,35.44950570656387,493.40769930754226,99.20000457763672,PS_036,,30.50959471876458,1.5581749427926073
27.689912480148852,10.298109879230246,2024-12-08T11:00:00Z,3,3,3,3,3,3,1,0,3,3,404.4600122397563,69.76812591238352,,,,,,,,,39.38608971966761,586.7802674619111,99.20000457763672,PS_036,,269.1939417773443,0.7842825046620053
28.21294160776415,10.300067801737107,2024-12-08T11:15:00Z,4,4,4,4,4,4,1,0,4,4,479.58069614112156,75.17428157944411,,,,,,,,,41.55353091696479,684.3073272531885,99.20000457763672,PS_036,,59.011244807388884,1.348440610659583
28.83932791886776,10.302911984564187,2024-12-08T11:30:00Z,4,4,4,4,4,4,1,0,4,4,562.4564131904274,78.99390015949767,,,,,,,,,44.051755752514474,777.4956857855437,99.20000457763672,PS_036,,140.8511592770104,1.3725880584982142
29.71784960185501,10.30025301603432,2024-12-08T11:45:00Z,3,3,3,3,3,3,1,0,3,3,625.2468797583552,79.19477840469696,,,,,,,,,45.51446287863675,826.8765217692035,99.20000457763672,PS_036,,346.25300522818236,1.6416020621289307
29.83532676747252,10.301353958086306,2024-12-08T12:00:00Z,4,4,4,4,4,4,1,0,4,4,553.520857720412,75.26118541023583,,,,,,,,,44.27979423514397,681.7839140865484,99.20000457763672,PS_036,,256.3209791715879,2.304015927797235
29.95898011892115,10.302945398307589,2024-12-08T12:15:00Z,4,4,4,4,4,4,1,0,4,4,558.2036540522796,71.58944181681292,,,,,,,,,42.794686117267005,654.2673211730714,99.20000457763672,PS_036,,302.6824295751953,2.316319781237351
30.231819457541004,10.3037937153225,2024-12-08T12:30:00Z,3,3,3,3,3,3,1,0,3,3,607.8095045874184,72.05589971223681,,,,,,,,,43.74335968718552,685.1728438495925,99.20000457763672,PS_036,,358.46360028955024,1.9448506915249029
29.88412398017373,10.304005308564694,2024-12-08T12:45:00Z,4,4,4,4,4,4,1,0,4,4,606.6448278924823,69.66736680155896,,,,,,,,,42.7187175018069,651.4537666503546,99.20000457763672,PS_036,,240.0831364754659,1.693875949284135
30.56361670458302,10.304666519165039,2024-12-08T13:00:00Z,4,4,4,4,4,4,1,0,4,4,600.4973617620717,68.29838074555106,,,,,,,,,43.63122205447286,621.4475046536543,99.20000457763672,PS_036,,99.94083270589617,2.1242108437402085
30.951478701579557,10.303812310892312,2024-12-08T13:15:00Z,3,3,3,3,3,3,1,0,3,3,544.5513511827693,61.819970601865585,,,,,,,,,41.15768926496524,547.2611341502427,99.20000457763672,PS_036,,338.9532141396652,2.9666546907787694
31.23192780526769,10.303116311585377,2024-12-08T13:30:00Z,4,4,4,4,4,4,1,0,4,4,532.8539040339854,58.068261751557976,,,,,,,,,40.98248877742202,528.3007324682264,99.20000457763672,PS_036,,311.62665048783674,2.747710397877036
31.30937150350423,10.299949973566424,2024-12-08T13:45:00Z,4,4,4,4,4,4,1,0,4,4,631.4594043739133,60.0851430854629,,,,,,,,,41.57619650827011,632.8003050650979,99.20000457763672,PS_036,,275.9698563805683,3.012524213208856
31.36961099992406,10.304666519165037,2024-12-08T14:00:00Z,3,3,3,3,3,3,1,0,3,3,706.267243792618,60.0721557996637,,,,,,,,,42.253535809277395,708.0724969775844,99.20000457763672,PS_036,,74.95328709396978,2.0805183371460645
31.953823274906433,10.303243569083836,2024-12-08T14:15:00Z,4,4,4,4,4,4,1,0,4,4,773.8912923329187,62.19694699319058,,,,,,,,,43.84721420338565,769.4009842840414,99.20000457763672,PS_036,,293.38402302571075,2.6926110822006804
31.988216014859933,10.304666519165039,2024-12-08T14:30:00Z,4,4,4,4,4,4,1,0,4,4,688.7380031244403,56.21927813927529,,,,,,,,,44.83268984574225,675.9434019946785,99.20000457763672,PS_036,,206.16570615432366,2.698654314637117
31.655846097851274,10.304666519165039,2024-12-08T14:45:00Z,3,3,3,3,3,3,1,0,3,3,558.9599794632521,48.88291110466394,,,,,,,,,41.73055980126058,543.4290959841443,99.20000457763672,PS_036,,290.00966300689737,2.1802859898122056
32.12066504222266,10.303795353386777,2024-12-08T15:00:00Z,4,4,4,4,4,4,1,0,4,4,768.5546112601695,58.59376306653414,,,,,,,,,44.86788441085976,752.0334524852034,99.20000457763672,PS_036,,315.59322066866724,2.544551386187993
32.221035530793195,10.304666519165039,2024-12-08T15:15:00Z,4,4,4,4,4,4,1,0,4,4,778.3483478556946,57.63654671056004,,,,,,,,,45.719240712944035,761.9076271554983,99.20000457763672,PS_036,,320.21607696718837,3.2335953837288445
32.24292694965802,10.3038843360646,2024-12-08T15:30:00Z,3,3,3,3,3,3,1,0,3,3,778.2625771372217,57.16418180417273,,,,,,,,,45.671220676904824,765.0430701654925,99.20000457763672,PS_036,,308.32914168286527,4.060006057442801
32.54022803930768,10.304666519165039,2024-12-08T15:45:00Z,4,4,4,4,4,4,1,0,4,4,675.6426661060791,52.12941180611782,,,,,,,,,45.404605953960385,668.0991588909566,99.20000457763672,PS_036,,298.75582246460147,2.98070502308294
33.00738061771677,10.302276811676844,2024-12-08T16:00:00Z,4,4,4,4,4,4,1,0,4,4,1146.8390811517916,76.82795323413154,,,,,,,,,50.13856352994417,1146.219877208578,99.20000457763672,PS_036,,324.9150653132788,4.463192525618779
33.29999923706055,10.304666519165039,2024-12-08T16:15:00Z,3,3,3,3,3,3,1,0,3,3,716.4328785941758,56.732667197308,,,,,,,,,53.40667693355679,725.2491162512149,99.20000457763672,PS_036,,290.5747607931208,4.243954243444916
33.21815164793332,10.304666519165039,2024-12-08T16:30:00Z,4,4,4,4,4,4,1,0,4,4,846.1264932922271,63.957819009183794,,,,,,,,,53.256508366729776,835.1694545467874,99.20000457763672,PS_036,,308.41452221284294,3.603206984456349
33.379929910802076,10.305538700865178,2024-12-08T16:45:00Z,4,4,4,4,4,4,1,0,4,4,617.6539547003327,57.972891676668155,,,,,,,,,52.01128357152294,622.0616229928031,99.20000457763672,PS_036,,293.8189924695526,4.302523587224176
33.8527658097662,10.304666519165037,2024-12-08T17:00:00Z,3,3,3,3,3,3,1,0,3,3,1119.3738673863538,87.90342853939774,,,,,,,,,56.12466114375428,1153.280023685303,99.20000457763672,PS_036,,283.08818929771746,2.965164847918275
33.34737450966379,10.306999908504196,2024-12-08T17:15:00Z,4,4,4,4,4,4,1,0,4,4,812.6385800532788,71.74775407466835,,,,,,,,,55.041801787866326,834.2205273628628,99.20000457763672,PS_036,,287.5033546167959,2.9106742564377326
33.428811820347754,10.30535384822168,2024-12-08T17:30:00Z,4,4,4,4,4,4,1,0,4,4,780.888385926663,70.28166747270572,,,,,,,,,53.55490299609662,813.8169176096617,99.20000457763672,PS_036,,286.2636567544868,4.234098029284573
32.78699698505485,10.305569289356411,2024-12-08T17:45:00Z,3,3,3,3,3,3,1,0,3,3,482.65345358231474,52.65333907664619,,,,,,,,,49.70898225770843,489.0324708537036,99.20000457763672,PS_036,,312.53165682330297,2.681442093997734
30.472284003692394,10.306887225817905,2024-12-08T18:00:00Z,4,4,4,4,4,4,1,0,4,4,192.3489917886748,31.217473353288067,,,,,,,,,37.73467874995131,165.88618979164534,99.20000457763672,PS_036,,210.23309200489223,4.04440665302939
28.574215967614986,10.306211961543452,2024-12-08T18:15:00Z,4,4,4,4,4,4,1,0,4,4,167.0305623018463,31.423580080477045,,,,,,,,,31.428696911420392,138.99572863125402,99.20000457763672,PS_036,,104.98339175520398,3.138803951207733
28.659912531973422,10.304666519165039,2024-12-08T18:30:00Z,3,3,3,3,3,3,1,0,3,3,212.6528217800488,45.252562383116924,,,,,,,,,31.26704613522373,173.93104925117274,99.20000457763672,PS_036,,297.71247271566705,1.3917502230377874
28.073228764238113,10.300874248550006,2024-12-08T18:45:00Z,4,4,4,4,4,4,1,0,4,4,177.85672104185014,48.76533787680591,,,,,,,,,32.76441460716188,141.7264212092037,99.20000457763672,PS_036,,280.1921847855229,2.218188701946812
27.899999618530273,10.301162831138242,2024-12-08T19:00:00Z,4,4,4,4,4,4,1,0,4,4,141.34880070930043,42.02584686665397,,,,,,,,,32.23182738770616,114.79111917313931,99.20000457763672,PS_036,,247.02167267804504,1.4871759140758216
27.65674942998764,10.303775921484798,2024-12-08T19:15:00Z,3,3,3,3,3,3,1,0,3,3,112.25696741633118,28.098370430727606,,,,,,,,,31.44570563076261,101.51349413839361,99.20000457763672,PS_036,,234.49140660823718,1.4179713332976576
28.40683062661366,10.303821367336301,2024-12-08T19:30:00Z,4,4,4,4,4,4,1,0,4,4,130.59290954107396,29.399755987203232,,,,,,,,,31.295766085578908,117.94997695503763,99.20000457763672,PS_036,,191.56276700155854,0.6495097624640247
28.782532338305334,10.30070391398456,2024-12-08T19:45:00Z,4,4,4,4,4,4,1,0,4,4,174.9486402543626,27.285141008315588,,,,,,,,,32.8836739772669,182.98756790903653,99.20000457763672,PS_036,,245.652196531887,1.4128215009208194
29.190607060549148,10.300284776648766,2024-12-08T20:00:00Z,3,3,3,3,3,3,1,0,3,3,151.3344145900494,16.259697582694464,,,,,,,,,33.9906062976097,161.64640599137607,99.20000457763672,PS_036,,234.8930818501191,1.0049506114450535
29.051851390251958,10.30303601886555,2024-12-08T20:15:00Z,4,4,4,4,4,4,1,0,4,4,106.04809907999794,9.86579481364754,,,,,,,,,31.56508527073999,111.05203958398296,99.20000457763672,PS_036,,114.56112549316536,1.9501793941467478
28.180411233284435,10.304045647594958,2024-12-08T20:30:00Z,4,4,4,4,4,4,1,0,4,4,77.58148269920247,6.360710917142654,,,,,,,,,28.871121346028957,80.93361763367237,99.20000457763672,PS_036,,139.1761264378635,2.4572215434530356
27.66180772923314,10.304666519165037,2024-12-08T20:45:00Z,3,3,3,3,3,3,1,0,3,3,54.76933996330104,4.402904405836326,,,,,,,,,27.82810320838679,56.74213853465272,99.20000457763672,PS_036,,110.77936055082797,2.3121808612532275
27.198538752879738,10.30383414290925,2024-12-08T21:00:00Z,4,4,4,4,4,4,1,0,4,4,38.85271105213314,2.8883119372241985,,,,,,,,,26.894387133164702,39.58253271752183,99.20000457763672,PS_036,,138.8971908273313,2.810478796445683
26.19165213077472,10.299200057983398,2024-12-08T21:15:00Z,4,4,4,4,4,4,1,0,4,4,25.88654077408246,1.214091371941076,,,,,,,,,25.849231653427513,25.325261543680227,99.20000457763672,PS_036,,146.4900969015884,2.945273056221828
25.84364748960396,10.299200057983398,2024-12-08T21:30:00Z,3,3,3,3,3,3,1,0,3,3,14.154050833532827,0.24090449494776575,,,,,,,,,25.13108688995316,13.286967993625527,99.20000457763672,PS_036,,139.1324951543059,2.9824675575497084
25.754805638771717,10.299200057983398,2024-12-08T21:45:00Z,4,4,4,4,4,4,1,0,4,4,3.1459639419517864,-0.7281459088644958,,,,,,,,,24.524677526099076,2.735982494604328,99.20000457763672,PS_036,,141.56454108580846,2.6287003631024493
25.40566445070609,10.300333322482892,2024-12-08T22:00:00Z,4,4,4,4,4,4,1,0,4,4,-1.1363164130940573,-1.3353801437819857,,,,,,,,,23.973522207209932,-0.710066521218909,99.20000457763672,PS_036,,132.30624327351597,1.9597113235126629
25.432274929165555,10.299200057983398,2024-12-08T22:15:00Z,3,3,3,3,3,3,1,0,3,3,-1.0300117236955415,-1.1300166749782277,,,,,,,,,23.5,-0.643794770784421,99.20000457763672,PS_036,,153.29484970564076,1.4378591602621988
25.175006769771517,10.301110204051103,2024-12-08T22:30:00Z,4,4,4,4,4,4,1,0,4,4,-1.4184953388382258,-0.8732227567409331,,,,,,,,,23.605459208985252,-0.8252692923282391,99.20000457763672,PS_036,,142.60610602942324,1.5801610733668403
24.974467768569177,10.2992000579834,2024-12-08T22:45:00Z,3,3,3,3,3,3,1,0,3,3,-1.2176741368402553,-0.7680680578333986,,,,,,,,,23.55202513323183,-0.8142180901808461,99.20000457763672,PS_036,,110.94784002061786,1.4584217262727488
25.063511155629392,10.299200057983398,2024-12-08T23:00:00Z,4,4,4,4,4,4,1,0,4,4,-1.238699299169962,-0.6223364346538359,,,,,,,,,23.316523810965673,-0.9772761810017397,99.20000457763672,PS_036,,235.9878558484769,1.9376579650715116
24.700000762939457,10.29454153956697,2024-12-08T23:15:00Z,4,4,4,4,4,4,1,0,4,4,-1.395832127775055,-1.0252419045816952,,,,,,,,,22.95561552925602,-0.7595886856812292,99.20000457763672,PS_036,,172.82016153798608,0.5773539911042981
25.0,10.299200057983398,2024-12-08T23:30:00Z,3,3,3,3,3,3,1,0,3,3,-0.8222705791902638,-0.4449114007635237,,,,,,,,,23.064564294636323,0.2685020753869948,99.20000457763672,PS_036,,120.57961621692277,0.7315876679645624
24.854370037462694,10.298338028355586,2024-12-08T23:45:00Z,4,4,4,4,4,4,1,0,4,4,-0.9611928527868618,-0.2042102055078086,,,,,,,,,22.73329245244126,-0.580164775239497,99.20000457763672,PS_036,,253.72612479155976,0.9105975909072443
24.289533956446434,10.296580326971805,2024-12-09T00:00:00Z,4,4,4,4,4,4,1,0,4,4,-1.3838208466576978,-1.1270338470087307,,,,,,,,,22.556254161990395,-0.9275534922352869,99.20000457763672,PS_036,,235.2813053719901,1.5830897282734946
24.150478824462287,10.294652600764092,2024-12-09T00:15:00Z,3,3,3,3,3,3,1,0,3,3,-1.3192532611099725,-0.6274693396185452,,,,,,,,,22.39999961853027,-0.7085065078838101,99.20000457763672,PS_036,,247.06942215809605,1.029454357757773
24.054760179296178,10.299200057983398,2024-12-09T00:30:00Z,4,4,4,4,4,4,1,0,4,4,-1.0859650405367915,-0.6344315877659766,,,,,,,,,22.37709219667676,-0.3985446551678574,99.20000457763672,PS_036,,185.30931150881736,0.5311859161272817
23.553829867778234,10.29373264312744,2024-12-09T00:45:00Z,4,4,4,4,4,4,1,0,4,4,-1.5852804733570867,-0.7230633078064704,,,,,,,,,22.230780811857347,-1.4522224854991062,99.20000457763672,PS_036,,280.5140301281676,0.46066339789630534
23.541997919690548,10.29830102977486,2024-12-09T01:00:00Z,3,3,3,3,3,3,1,0,3,3,-1.1768013730404856,-0.7584018527321389,,,,,,,,,22.20000076293945,-0.9869103158549251,99.20000457763672,PS_036,,59.88916938383326,0.07335953762461087
23.79446191000938,10.293732643127441,2024-12-09T01:15:00Z,4,4,4,4,4,4,1,0,4,4,-0.6871033332401042,-0.5897931956482424,,,,,,,,,21.935252505248105,-0.38264476309341267,99.20000457763672,PS_036,,203.58433378675971,1.0717172381901319
24.11156779063339,10.293732643127441,2024-12-09T01:30:00Z,4,4,4,4,4,4,1,0,4,4,-0.3392897603176386,-0.25934815939889666,,,,,,,,,21.899999618530273,0.014089350697714605,99.20000457763672,PS_036,,216.06789146731944,0.16220881380473356
24.307943484202543,10.295621649698735,2024-12-09T01:45:00Z,3,3,3,3,3,3,1,0,3,3,-0.916930624324028,-0.4830589231734705,,,,,,,,,22.1884056931581,0.4866567520661842,99.20000457763672,PS_036,,105.61294334692496,1.313856117022919
24.068102315789098,10.299200057983398,2024-12-09T02:00:00Z,4,4,4,4,4,4,1,0,4,4,-1.0745045193909053,-0.5503720993441438,,,,,,,,,22.27290839949292,-0.20101893573064014,99.20000457763672,PS_036,,137.1198040480918,0.7250818075258226
23.558073335607432,10.29590881959767,2024-12-09T02:15:00Z,4,4,4,4,4,4,1,0,4,4,-1.2844811843198594,-0.9658401881014023,,,,,,,,,21.899999618530273,-1.0678527621597362,99.20000457763672,PS_036,,141.216501118493,0.6346156803444549
23.652159793307085,10.29373264312744,2024-12-09T02:30:00Z,3,3,3,3,3,3,1,0,3,3,-0.7239265297793535,-0.4872942458831108,,,,,,,,,21.89999961853027,-0.4639052401171248,99.20000457763672,PS_036,,241.3274241515914,0.18066265033087256
24.213041566690755,10.297305018446043,2024-12-09T02:45:00Z,4,4,4,4,4,4,1,0,4,4,-0.41609681410809757,-0.18324993914806903,,,,,,,,,21.899999618530273,0.8438037742459694,99.20000457763672,PS_036,,172.14956725745802,-0.02101441831238482
24.100000381469727,10.293732643127441,2024-12-09T03:00:00Z,2,2,2,2,2,2,1,0,2,2,-0.6621874982634346,-0.568872268187545,,,,,,,,,21.98335592838357,0.21782611734261498,99.20000457763672,PS_036,,150.00759732734062,1.1174225920965806
,,2024-12-09T03:15:00Z,0,0,0,0,0,0,1,0,0,0,,,,,,,,,,,,,99.20000457763672,PS_036,,,
,,2024-12-09T03:30:00Z,0,0,0,0,0,0,1,0,0,0,,,,,,,,,,,,,99.20000457763672,PS_036,,,
,,2024-12-09T03:45:00Z,0,0,0,0,0,0,1,0,0,0,,,,,,,,,,,,,99.20000457763672,PS_036,,,
,,2024-12-09T04:00:00Z,0,0,0,0,0,0,1,0,0,0,,,,,,,,,,,,,99.20000457763672,PS_036,,,
,,2024-12-09T04:15:00Z,0,0,0,0,0,0,1,0,0,0,,,,,,,,,,,,,99.20000457763672,PS_036,,,
,,2024-12-09T04:30:00Z,0,0,0,0,0,0,1,0,0,0,,,,,,,,,,,,,99.20000457763672,PS_036,,,
,,2024-12-09T04:45:00Z,0,0,0,0,0,0,1,0,0,0,,,,,,,,,,,,,99.20000457763672,PS_036,,,
,,2024-12-09T05:00:00Z,0,0,0,0,0,0,1,0,0,0,,,,,,,,,,,,,99.20000457763672,PS_036,,,
,,2024-12-09T05:15:00Z,0,0,0,0,0,0,1,0,0,0,,,,,,,,,,,,,99.20000457763672,PS_036,,,
,,2024-12-09T05:30:00Z,0,0,0,0,0,0,1,0,0,0,,,,,,,,,,,,,99.20000457763672,PS_036,,,
,,2024-12-09T05:45:00Z,0,0,0,0,0,0,1,0,0,0,,,,,,,,,,,,,99.20000457763672,PS_036,,,
,,2024-12-09T06:00:00Z,0,0,0,0,0,0,1,0,0,0,,,,,,,,,,,,,99.20000457763672,PS_036,,,
,,2024-12-09T06:15:00Z,0,0,0,0,0,0,1,0,0,0,,,,,,,,,,,,,99.20000457763672,PS_036,,,
,,2024-12-09T06:30:00Z,0,0,0,0,0,0,1,0,0,0,,,,,,,,,,,,,99.20000457763672,PS_036,,,
,,2024-12-09T06:45:00Z,0,0,0,0,0,0,1,0,0,0,,,,,,,,,,,,,99.20000457763672,PS_036,,,
,,2024-12-09T07:00:00Z,0,0,0,0,0,0,1,0,0,0,,,,,,,,,,,,,99.20000457763672,PS_036,,,
,,2024-12-09T07:15:00Z,0,0,0,0,0,0,1,0,0,0,,,,,,,,,,,,,99.20000457763672,PS_036,,,
,,2024-12-09T07:30:00Z,0,0,0,0,0,0,1,0,0,0,,,,,,,,,,,,,99.20000457763672,PS_036,,,
,,2024-12-09T07:45:00Z,0,0,0,0,0,0,1,0,0,0,,,,,,,,,,,,,99.20000457763672,PS_036,,,
,,2024-12-09T08:00:00Z,0,0,0,0,0,0,1,0,0,0,,,,,,,,,,,,,99.20000457763672,PS_036,,,
,,2024-12-09T08:15:00Z,0,0,0,0,0,0,1,0,0,0,,,,,,,,,,,,,99.20000457763672,PS_036,,,
,,2024-12-09T08:30:00Z,0,0,0,0,0,0,1,0,0,0,,,,,,,,,,,,,99.20000457763672,PS_036,,,
,,2024-12-09T08:45:00Z,0,0,0,0,0,0,1,0,0,0,,,,,,,,,,,,,99.20000457763672,PS_036,,,
23.100000381469727,10.288949966430664,2024-12-09T09:00:00Z,2,2,2,2,2,2,1,0,2,2,28.38601520985357,2.8099649585072237,,,,,,,,,22.200000762939453,31.54702369633706,99.20000457763672,PS_036,,261.96707323723996,0.4180166144426188
23.002824399612862,10.288949966430664,2024-12-09T09:15:00Z,4,4,4,4,4,4,1,0,4,4,43.2046528754113,3.9754663934699868,,,,,,,,,22.700000762939457,46.91657003948193,99.20000457763672,PS_036,,238.22417299933468,1.8211541582696735
23.299999237060547,10.289884255807639,2024-12-09T09:30:00Z,3,3,3,3,3,3,1,0,3,3,56.659304206788875,5.632302943656911,,,,,,,,,22.950448256335648,60.35436766719088,99.20000457763672,PS_036,,222.8773338549825,2.161141360219797
23.49517464429289,10.288949966430664,2024-12-09T09:45:00Z,4,4,4,4,4,4,1,0,4,4,63.596218908917095,7.135236782284562,,,,,,,,,23.264926230066212,64.88445153369285,99.20000457763672,PS_036,,221.69844844726052,1.9229147985178123
23.600000381469723,10.291536893209058,2024-12-09T10:00:00Z,4,4,4,4,4,4,1,0,4,4,79.55642895097073,10.696460324688642,,,,,,,,,23.32849117992261,76.74029495202869,99.20000457763672,PS_036,,226.97053754992135,2.896614120241433
23.79571260983254,10.288949966430662,2024-12-09T10:15:00Z,3,3,3,3,3,3,1,0,3,3,109.08278481356753,16.914604044578706,,,,,,,,,23.80734082032124,99.55602800167927,99.20000457763672,PS_036,,237.02887967418266,2.3607014786114067
24.027930039768144,10.288949966430662,2024-12-09T10:30:00Z,4,4,4,4,4,4,1,0,4,4,151.62515625213268,29.851157145726162,,,,,,,,,25.19580615605863,131.53633653541044,99.20000457763672,PS_036,,253.91923501428738,2.0197574985829987
24.2347991140906,10.289621704717536,2024-12-09T10:45:00Z,4,4,4,4,4,4,1,0,4,4,210.59292515510154,55.241545755062624,,,,,,,,,27.989259354022483,181.6084754124907,99.20000457763672,PS_036,,247.0911195031583,2.526509980387855
24.753378648623222,10.292121894964321,2024-12-09T11:00:00Z,3,3,3,3,3,3,1,0,3,3,264.08188007984495,68.36995865079878,,,,,,,,,31.079667293565397,241.1376056223376,99.20000457763672,PS_036,,252.05622902673733,2.8112080460631774
25.38896213372392,10.293732643127441,2024-12-09T11:15:00Z,4,4,4,4,4,4,1,0,4,4,299.3969914525994,76.29344004523628,,,,,,,,,33.05346679160086,270.93941210219606,99.20000457763672,PS_036,,212.31171671990774,3.1001667994256588
25.971737997286883,10.29594916069294,2024-12-09T11:30:00Z,4,4,4,4,4,4,1,0,4,4,364.799380366937,78.59300279207444,,,,,,,,,35.15489408065744,373.2668476295257,99.20000457763672,PS_036,,167.2216041695934,2.3340910654582103
27.072900015631692,10.293732643127441,2024-12-09T11:45:00Z,3,3,3,3,3,3,1,0,3,3,553.0577263542496,80.50502501170547,,,,,,,,,40.30448182186993,670.9404341447421,99.20000457763672,PS_036,,182.3054490898949,2.897646959007912
28.50462605740928,10.293732643127441,2024-12-09T12:00:00Z,4,4,4,4,4,4,1,0,4,4,748.5349470876212,86.05144905142724,,,,,,,,,48.39899784656607,928.8654514534211,99.20000457763672,PS_036,,187.57057223923633,1.7576440741663315
29.590487052230635,10.301542193008146,2024-12-09T12:15:00Z,4,4,4,4,4,4,1,0,4,4,888.3995176298874,89.3157766618652,,,,,,,,,52.43406724066421,1045.3131351917666,99.20000457763672,PS_036,,124.03159941940079,2.0548405878218285
29.970450892793398,10.30384469948365,2024-12-09T12:30:00Z,3,3,3,3,3,3,1,0,3,3,1075.5612891557084,93.78254386421239,,,,,,,,,57.51040191560527,1226.7586628079573,99.20000457763672,PS_036,,151.20388010776875,1.736715179510128
28.911894767678117,10.303970026887038,2024-12-09T12:45:00Z,4,4,4,4,4,4,1,0,4,4,396.50320282308803,57.34894461241547,,,,,,,,,41.60723055744652,388.408722276783,99.20000457763672,PS_036,,89.60003859245599,2.048865878998691
28.780411385273744,10.304666519165037,2024-12-09T13:00:00Z,4,4,4,4,4,4,1,0,4,4,402.2101371170343,56.28153635157043,,,,,,,,,36.420818325385376,384.44473200353104,99.20000457763672,PS_036,,38.466640135098004,0.9552347773724669
29.25496570306878,10.299997917293346,2024-12-09T13:15:00Z,3,3,3,3,3,3,1,0,3,3,348.8305371510385,47.59680965449524,,,,,,,,,37.25953817857502,330.54868147976487,99.20000457763672,PS_036,,217.32524784720619,0.31859027486066566
29.380249083057173,10.2992000579834,2024-12-09T13:30:00Z,4,4,4,4,4,4,1,0,4,4,345.2738885634434,43.09252827234883,,,,,,,,,38.77259854900367,326.83198868057633,99.20000457763672,PS_036,,308.14904277976206,1.1624114049689713
29.544415928464936,10.301558313258578,2024-12-09T13:45:00Z,4,4,4,4,4,4,1,0,4,4,420.9711958365968,45.96290846511681,,,,,,,,,38.72739835321765,401.90087314225855,99.20000457763672,PS_036,,175.56147865786298,0.7718902179828454
30.057395704792,10.300754973172346,2024-12-09T14:00:00Z,3,3,3,3,3,3,1,0,3,3,556.7817712406292,50.8683695357261,,,,,,,,,41.91479118838897,543.7791319785977,99.20000457763672,PS_036,,226.20941777089365,1.652543298758607
30.275125763822704,10.301097328126124,2024-12-09T14:15:00Z,3,3,3,3,3,3,1,0,3,3,1157.9890125041206,78.29150866009364,,,,,,,,,48.66004261033405,1163.5433181077844,99.20000457763672,PS_036,,250.4595435001771,0.8010394464859022
31.136916899503497,10.30466651916504,2024-12-09T14:30:00Z,4,4,4,4,4,4,1,0,4,4,1037.566714637664,69.24420218996619,,,,,,,,,55.34817258070117,1035.4359320722306,99.20000457763672,PS_036,,212.995910304722,0.9781947172461983
31.005474523934474,10.310545121412387,2024-12-09T14:45:00Z,4,4,4,4,4,4,1,0,4,4,647.8808195627925,49.3898156329649,,,,,,,,,50.73278970517202,641.0780547820534,99.20000457763672,PS_036,,106.23025550342665,1.856177930280895
30.649790136776282,10.303759270975698,2024-12-09T15:00:00Z,3,3,3,3,3,3,1,0,3,3,638.8915881088294,49.29859245672712,,,,,,,,,44.94154356087208,633.8679084522535,99.20000457763672,PS_036,,280.92138509382795,1.6702133655409896
30.978092908792192,10.301971562577622,2024-12-09T15:15:00Z,4,4,4,4,4,4,1,0,4,4,682.5916031445497,51.963357805306174,,,,,,,,,45.88198650130285,676.2976460498024,99.20000457763672,PS_036,,253.6953615336694,1.415256215468989
31.14273163863755,10.29835369688816,2024-12-09T15:30:00Z,4,4,4,4,4,4,1,0,4,4,676.8962589110189,52.521203215404064,,,,,,,,,45.30664040183238,671.0441658832867,99.20000457763672,PS_036,,318.3883281699252,2.072448920747006
31.100000381469727,10.300088234790302,2024-12-09T15:45:00Z,3,3,3,3,3,3,1,0,3,3,616.0589908556814,48.49444581630952,,,,,,,,,45.40251376325847,611.8059723956828,99.20000457763672,PS_036,,303.13437315569246,1.7339884084304087
30.923870585221056,10.302032867048457,2024-12-09T16:00:00Z,4,4,4,4,4,4,1,0,4,4,500.03671707099653,43.88375398184874,,,,,,,,,42.05766954768666,497.08365854172035,99.20000457763672,PS_036,,339.28557866792846,1.9780413253873688
30.899999618530273,10.30466651916504,2024-12-09T16:15:00Z,4,4,4,4,4,4,1,0,4,4,533.3657969890024,45.733504226549925,,,,,,,,,41.90550434707827,533.9714030346989,99.20000457763672,PS_036,,295.69560536820563,2.249432534142799
30.935935663334,10.30105440681109,2024-12-09T16:30:00Z,3,3,3,3,3,3,1,0,3,3,423.77917691556326,38.51349522389829,,,,,,,,,40.3252817875781,426.174982037592,99.20000457763672,PS_036,,11.710695198240458,2.2582878124417496
31.042244054834324,10.303999990112338,2024-12-09T16:45:00Z,4,4,4,4,4,4,1,0,4,4,449.5289497095016,38.4991228525334,,,,,,,,,40.293241955122234,463.35109981320693,99.20000457763672,PS_036,,67.19914613429361,1.854390699683063
31.511687779173894,10.304666519165039,2024-12-09T17:00:00Z,4,4,4,4,4,4,1,0,4,4,779.0500877772365,54.84355228052388,,,,,,,,,41.99030549384722,831.69002820992,99.20000457763672,PS_036,,125.10532796766752,2.264681055951107
32.75002691249352,10.305577094055426,2024-12-09T17:15:00Z,3,3,3,3,3,3,1,0,3,3,1112.5209057630925,74.37409422206319,,,,,,,,,49.76787355419312,1213.62034802683,99.20000457763672,PS_036,,248.08044316618077,2.937831599209719
32.405769214282515,10.307854577956626,2024-12-09T17:30:00Z,4,4,4,4,4,4,1,0,4,4,619.0751854305629,48.474970620438384,,,,,,,,,52.51571410071927,688.6632187322899,99.20000457763672,PS_036,,193.87625398615248,2.1198217090192744
32.38035550769965,10.308537604177188,2024-12-09T17:45:00Z,4,4,4,4,4,4,1,0,4,4,880.8989877436794,69.70374478619664,,,,,,,,,49.53780934952831,1023.776793235908,99.20000457763672,PS_036,,142.31514811713913,2.1920969304837263
32.386687312643474,10.313576180447445,2024-12-09T18:00:00Z,3,3,3,3,3,3,1,0,3,3,614.5887486189736,64.40558693210424,,,,,,,,,47.00672491724695,685.0522790336618,99.20000457763672,PS_036,,51.204503333542,2.0987861127578866
32.672127255674525,10.309753810764217,2024-12-09T18:15:00Z,4,4,4,4,4,4,1,0,4,4,638.9978411637309,68.58636269887421,,,,,,,,,44.977909663933325,734.5467214643072,99.20000457763672,PS_036,,158.35537944049605,2.5973816587313054
33.25912406975617,10.310132980346678,2024-12-09T18:30:00Z,4,4,4,4,4,4,1,0,4,4,757.9415838548333,76.40641419940036,,,,,,,,,53.66513677632662,945.0815354543516,99.20000457763672,PS_036,,276.98360687000803,2.4705893153433722
32.90408141590952,10.306304811842958,2024-12-09T18:45:00Z,3,3,3,3,3,3,1,0,3,3,541.1103007915951,64.72028505795696,,,,,,,,,58.08390089007514,660.9269758997659,99.20000457763672,PS_036,,235.19795831487545,2.194368916493644
33.617034888635196,10.31013298034668,2024-12-09T19:00:00Z,4,4,4,4,4,4,1,0,4,4,806.10820593363,88.48410805464913,,,,,,,,,61.372589903436435,1046.6284789274782,99.20000457763672,PS_036,,201.5157548038436,2.618035476023237
33.6441831973812,10.310737389760728,2024-12-09T19:15:00Z,4,4,4,4,4,4,1,0,4,4,769.4162980199021,91.88610193990985,,,,,,,,,61.97946333025806,1038.4796151898709,99.20000457763672,PS_036,,259.79859600772346,1.997330706230281
33.69083130252295,10.31013298034668,2024-12-09T19:30:00Z,3,3,3,3,3,3,1,0,3,3,552.6366448145043,75.54663654267199,,,,,,,,,59.244234858116876,761.0579697183944,99.20000457763672,PS_036,,297.5137020927299,1.8870192665364438
33.089014019014556,10.31013298034668,2024-12-09T19:45:00Z,4,4,4,4,4,4,1,0,4,4,500.87493258097527,66.03159777487433,,,,,,,,,56.285944302651735,799.4427962953055,99.20000457763672,PS_036,,284.56060980778994,2.6039426489892605
32.794236607195856,10.312690160947588,2024-12-09T20:00:00Z,4,4,4,4,4,4,1,0,4,4,322.4663771908391,31.843023044955537,,,,,,,,,49.41079682196763,488.35737199399387,99.20000457763672,PS_036,,92.0316481638174,0.8363638054965987
31.32134764572291,10.314916610717773,2024-12-09T20:15:00Z,3,3,3,3,3,3,1,0,3,3,97.35858300499808,10.184998101434429,,,,,,,,,37.050820849405646,86.92763076736449,99.20000457763672,PS_036,,78.72978770703398,2.532408942007801
28.261933589791276,10.31013298034668,2024-12-09T20:30:00Z,4,4,4,4,4,4,1,0,4,4,40.548085685483336,1.8104641174316922,,,,,,,,,29.267721344024572,35.03602490978608,99.20000457763672,PS_036,,181.9393415782636,6.22164425201755
24.942421303596692,10.304666519165039,2024-12-09T20:45:00Z,4,4,4,4,4,4,1,0,4,4,28.493580221636503,0.2188880494080151,,,,,,,,,25.39456829120829,25.925430280717535,99.20000457763672,PS_036,,40.53833997429029,5.18129203479442
22.82740290208334,10.30466651916504,2024-12-09T21:00:00Z,3,3,3,3,3,3,1,0,3,3,30.29400678398401,1.348420650413112,,,,,,,,,22.71187769891841,27.77022160042249,99.20000457763672,PS_036,,290.80071485956165,6.876284505924427
22.542673340848943,10.297861703398784,2024-12-09T21:15:00Z,4,4,4,4,4,4,1,0,4,4,10.799468582954932,0.23148199251426782,,,,,,,,,21.43735028300034,10.189261143390775,99.20000457763672,PS_036,,32.741912648258015,4.290531107553573
22.136414603427095,10.297295420301502,2024-12-09T21:30:00Z,4,4,4,4,4,4,1,0,4,4,2.006280377554325,-0.7084891774656071,,,,,,,,,21.147640971679923,1.5483022719103336,99.4000015258789,PS_036,,127.24867116128358,0.6415655907061217
22.740892176370288,10.29829349513723,2024-12-09T21:45:00Z,3,3,3,3,3,3,1,0,3,3,0.5331218311408866,-0.20091235337880928,,,,,,,,,21.340892557840014,0.8817657450549883,99.4000015258789,PS_036,,231.9424654681742,1.2108804677916933
22.959022425739605,10.296630784552661,2024-12-09T22:00:00Z,4,4,4,4,4,4,1,0,4,4,-0.5685326446918983,-0.3355739054280963,,,,,,,,,21.39999961853027,1.3391128764604794,99.4000015258789,PS_036,,179.02248476358784,0.9604006394447842
23.131637615604163,10.295821804471949,2024-12-09T22:15:00Z,4,4,4,4,4,4,1,0,4,4,-0.3225248791962956,-0.44587251681920864,,,,,,,,,21.454362918133707,0.39963401085292904,99.4000015258789,PS_036,,192.1218226948406,2.152319300250956
23.038241060679603,10.299200057983398,2024-12-09T22:30:00Z,3,3,3,3,3,3,1,0,3,3,-0.693378614002718,-0.5081740295118758,,,,,,,,,21.600000381469727,0.2803923706856613,99.4000015258789,PS_036,,170.56553180294324,3.0515815733948624
22.799999237060547,10.299200057983397,2024-12-09T22:45:00Z,4,4,4,4,4,4,1,0,4,4,-0.5999156577897239,-0.5968786315847175,,,,,,,,,21.570744567927335,-0.08660238600731704,99.4000015258789,PS_036,,166.25636971235224,1.2615876728422224
22.833250975552758,10.296385176356862,2024-12-09T23:00:00Z,4,4,4,4,4,4,1,0,4,4,-0.6185790393088894,-0.4716520840113191,,,,,,,,,21.43149818017003,-0.22684886002612578,99.4000015258789,PS_036,,173.68709200734367,2.0899968242371574
22.616303395769116,10.298017373837359,2024-12-09T23:15:00Z,3,3,3,3,3,3,1,0,3,3,0.3033907059851165,-0.5992686679400439,,,,,,,,,21.399999618530273,-0.4162565917384347,99.4000015258789,PS_036,,156.45233800021728,3.4380020815675447
22.95255207874824,10.299200057983398,2024-12-09T23:30:00Z,4,4,4,4,4,4,1,0,4,4,0.3102989225600415,-0.4372305686074597,,,,,,,,,21.600000381469723,-0.4632870959062081,99.4000015258789,PS_036,,134.17361467540658,2.1477524841390885
23.26881969832097,10.298616825240853,2024-12-09T23:45:00Z,4,4,4,4,4,4,1,0,4,4,0.062467396049246386,-0.24315133317208093,,,,,,,,,21.5688205453772,-0.19447057011970628,99.4000015258789,PS_036,,128.0646000728853,0.7424981901705981
22.86824663518406,10.299200057983398,2024-12-10T00:00:00Z,3,3,3,3,3,3,1,0,3,3,-1.0666933301913504,-0.4035143767798367,,,,,,,,,21.600000381469727,-0.8926587075754545,99.4000015258789,PS_036,,94.71409750045468,0.21187708651890833
22.589670425859218,10.298380415562058,2024-12-10T00:15:00Z,4,4,4,4,4,4,1,0,4,4,-0.6827773005616972,-0.561623495575222,,,,,,,,,21.529457184787535,-0.7496631464696115,99.4000015258789,PS_036,,96.21347788707367,0.5272458863520122
22.981562082533838,10.301088469581098,2024-12-10T00:30:00Z,3,3,3,3,3,3,1,0,3,3,0.17249592696015226,-0.22444048132470834,,,,,,,,,21.71843792739806,-0.2907794078958295,99.4000015258789,PS_036,,72.04931803775912,2.9366234494002357
23.100000381469727,10.299200057983398,2024-12-10T00:45:00Z,4,4,4,4,4,4,1,0,4,4,-0.0676931803268249,-0.2778423182857353,,,,,,,,,22.05676208202838,-0.2573304064225468,99.4000015258789,PS_036,,71.66982735522804,1.9100316933353643
22.953502666232044,10.297361219446884,2024-12-10T01:00:00Z,4,4,4,4,4,4,1,0,4,4,-0.5953940510140876,-0.658393786041005,,,,,,,,,21.75513843345972,-0.8723637910648715,99.4000015258789,PS_036,,216.27929032380086,1.1139068671042327
22.913074645235408,10.294868732792358,2024-12-10T01:15:00Z,3,3,3,3,3,3,1,0,3,3,-0.36771905927450843,-0.47038373205239814,,,,,,,,,21.713075070733243,-0.12646715235628322,99.4000015258789,PS_036,,226.3229236112483,1.838416349856057
22.799999237060547,10.297970260254276,2024-12-10T01:30:00Z,4,4,4,4,4,4,1,0,4,4,-0.4236868448938054,-0.5717823954472562,,,,,,,,,21.899999618530273,-0.2382864512090478,99.4000015258789,PS_036,,199.91613528798504,1.6261499466366294
22.799999237060547,10.295505510354007,2024-12-10T01:45:00Z,4,4,4,4,4,4,1,0,4,4,-0.3255972508980547,-0.5558728869663846,,,,,,,,,21.759466217330857,-0.2718965894563458,99.4000015258789,PS_036,,237.81557601752772,2.5468241183958726
22.799999237060547,10.293732643127441,2024-12-10T02:00:00Z,3,3,3,3,3,3,1,0,3,3,-0.2667005038100098,-0.4312554857993823,,,,,,,,,21.600000381469727,-0.12455499887124366,99.4000015258789,PS_036,,213.08284200486685,1.4699508583558307
23.05228015829565,10.293732643127443,2024-12-10T02:15:00Z,4,4,4,4,4,4,1,0,4,4,-0.1921451606557876,-0.346320841542246,,,,,,,,,21.600000381469727,0.02848320795481018,99.4000015258789,PS_036,,222.4488330235346,1.8790997591846472
22.842662046397038,10.295457169534721,2024-12-10T02:30:00Z,4,4,4,4,4,4,1,0,4,4,-0.5458513360846992,-0.39187145552449204,,,,,,,,,21.737288372379773,-0.2983083060372676,99.4000015258789,PS_036,,125.85729276956023,1.8812653748387835
22.848518183115676,10.297301385116533,2024-12-10T02:45:00Z,3,3,3,3,3,3,1,0,3,3,-0.3527412312009122,-0.32991914036782594,,,,,,,,,21.64851901905088,0.03634729598259457,99.4000015258789,PS_036,,76.74293792315245,3.4266485638190103
22.799999237060547,10.29738326863194,2024-12-10T03:00:00Z,2,2,2,2,2,2,1,0,2,2,-0.8700623427153646,-0.5466458958487563,,,,,,,,,21.899999618530273,-0.4168953219128791,99.4000015258789,PS_036,,45.118094494820994,1.3827591424632277
,,2024-12-10T03:15:00Z,0,0,0,0,0,0,1,0,0,0,,,,,,,,,,,,,99.4000015258789,PS_036,,,
,,2024-12-10T03:30:00Z,0,0,0,0,0,0,1,0,0,0,,,,,,,,,,,,,99.4000015258789,PS_036,,,
,,2024-12-10T03:45:00Z,0,0,0,0,0,0,1,0,0,0,,,,,,,,,,,,,99.4000015258789,PS_036,,,
,,2024-12-10T04:00:00Z,0,0,0,0,0,0,1,0,0,0,,,,,,,,,,,,,99.4000015258789,PS_036,,,
,,2024-12-10T04:15:00Z,0,0,0,0,0,0,1,0,0,0,,,,,,,,,,,,,99.4000015258789,PS_036,,,
,,2024-12-10T04:30:00Z,0,0,0,0,0,0,1,0,0,0,,,,,,,,,,,,,99.4000015258789,PS_036,,,
,,2024-12-10T04:45:00Z,0,0,0,0,0,0,1,0,0,0,,,,,,,,,,,,,99.4000015258789,PS_036,,,
,,2024-12-10T05:00:00Z,0,0,0,0,0,0,1,0,0,0,,,,,,,,,,,,,99.4000015258789,PS_036,,,
,,2024-12-10T05:15:00Z,0,0,0,0,0,0,1,0,0,0,,,,,,,,,,,,,99.4000015258789,PS_036,,,
,,2024-12-10T05:30:00Z,0,0,0,0,0,0,1,0,0,0,,,,,,,,,,,,,99.4000015258789,PS_036,,,
,,2024-12-10T05:45:00Z,0,0,0,0,0,0,1,0,0,0,,,,,,,,,,,,,99.4000015258789,PS_036,,,
,,2024-12-10T06:00:00Z,0,0,0,0,0,0,1,0,0,0,,,,,,,,,,,,,99.4000015258789,PS_036,,,
,,2024-12-10T06:15:00Z,0,0,0,0,0,0,1,0,0,0,,,,,,,,,,,,,99.4000015258789,PS_036,,,
,,2024-12-10T06:30:00Z,0,0,0,0,0,0,1,0,0,0,,,,,,,,,,,,,99.4000015258789,PS_036,,,
,,2024-12-10T06:45:00Z,0,0,0,0,0,0,1,0,0,0,,,,,,,,,,,,,99.4000015258789,PS_036,,,
,,2024-12-10T07:00:00Z,0,0,0,0,0,0,1,0,0,0,,,,,,,,,,,,,99.4000015258789,PS_036,,,
,,2024-12-10T07:15:00Z,0,0,0,0,0,0,1,0,0,0,,,,,,,,,,,,,99.4000015258789,PS_036,,,
,,2024-12-10T07:30:00Z,0,0,0,0,0,0,1,0,0,0,,,,,,,,,,,,,99.4000015258789,PS_036,,,
,,2024-12-10T07:45:00Z,0,0,0,0,0,0,1,0,0,0,,,,,,,,,,,,,99.4000015258789,PS_036,,,
,,2024-12-10T08:00:00Z,0,0,0,0,0,0,1,0,0,0,,,,,,,,,,,,,99.4000015258789,PS_036,,,
,,2024-12-10T08:15:00Z,0,0,0,0,0,0,1,0,0,0,,,,,,,,,,,,,99.4000015258789,PS_036,,,
,,2024-12-10T08:30:00Z,0,0,0,0,0,0,1,0,0,0,,,,,,,,,,,,,99.4000015258789,PS_036,,,
,,2024-12-10T08:45:00Z,0,0,0,0,0,0,1,0,0,0,,,,,,,,,,,,,99.4000015258789,PS_036,,,
22.702398801507737,10.293732643127441,2024-12-10T09:00:00Z,2,2,2,2,2,2,1,0,2,2,15.726457992632666,1.4718137516212348,,,,,,,,,21.899999618530273,14.75813819332111,99.4000015258789,PS_036,,85.26739898133887,1.5507678126337534
22.757409967192835,10.293732643127441,2024-12-10T09:15:00Z,4,4,4,4,4,4,1,0,4,4,41.29983121055864,3.8231123865382597,,,,,,,,,22.362831517423068,39.292981079653586,99.4000015258789,PS_036,,97.97036719765414,1.6830948042092035
22.905617868843336,10.293732643127441,2024-12-10T09:30:00Z,4,4,4,4,4,4,1,0,4,4,68.34995127583905,6.973707329102833,,,,,,,,,22.499999999999996,65.34392315234092,99.4000015258789,PS_036,,82.24229131048381,2.5697353783399963
23.10000038146973,10.293732643127441,2024-12-10T09:45:00Z,3,3,3,3,3,3,1,0,3,3,56.12421832340236,6.596058592505677,,,,,,,,,22.74935454554111,53.15789875082905,99.4000015258789,PS_036,,97.10877197373925,1.5499337047976507
23.317516395242805,10.293732643127441,2024-12-10T10:00:00Z,4,4,4,4,4,4,1,0,4,4,72.87841926185344,10.211159409543177,,,,,,,,,23.363794548084893,66.32443977672168,99.4000015258789,PS_036,,108.80200772319179,0.7127278443902152
23.804718300920296,10.292643425137474,2024-12-10T10:15:00Z,4,4,4,4,4,4,1,0,4,4,113.44533668423739,17.77083865608039,,,,,,,,,24.70175755934437,102.30665457607593,99.4000015258789,PS_036,,171.0071653992125,0.8308518383314933
24.399999618530273,10.289748501725953,2024-12-10T10:30:00Z,3,3,3,3,3,3,1,0,3,3,172.44552663396976,30.687704590738946,,,,,,,,,26.761942797910464,154.53994141428973,99.4000015258789,PS_036,,257.4997123560391,0.6617063992301464
24.300335343707946,10.29373264312744,2024-12-10T10:45:00Z,4,4,4,4,4,4,1,0,4,4,189.15035849639398,45.187876782628344,,,,,,,,,28.181592872305238,157.03540796311376,99.4000015258789,PS_036,,53.9448329579387,0.7149035463997095
24.348356057765415,10.294595075581416,2024-12-10T11:00:00Z,4,4,4,4,4,4,1,0,4,4,144.2487952728651,40.31312533072205,,,,,,,,,27.229700020149014,113.13588042793762,99.4000015258789,PS_036,,85.06715664200502,2.0739927542003698
24.28513496768549,10.30501614303044,2024-12-10T11:15:00Z,3,3,3,3,3,3,1,0,3,3,121.28909771076486,36.35405702665961,,,,,,,,,26.16595142837686,93.51174062490857,99.4000015258789,PS_036,,59.34763720129441,1.9258910881364928
24.14543187949076,10.29373264312744,2024-12-10T11:30:00Z,4,4,4,4,4,4,1,0,4,4,101.66597275276561,38.164644222740534,,,,,,,,,25.744227307108968,76.15391394830993,99.4000015258789,PS_036,,78.52709826925265,2.5484241007488984
24.432665480787843,10.298341937345477,2024-12-10T11:45:00Z,4,4,4,4,4,4,1,0,4,4,181.62845395622594,58.570565066785996,,,,,,,,,26.14588921598815,117.30736823218378,99.4000015258789,PS_036,,70.50738572437508,2.351082710745394
25.03455178304114,10.29825551692704,2024-12-10T12:00:00Z,3,3,3,3,3,3,1,0,3,3,365.5856969620971,72.80732765620789,,,,,,,,,28.164214425248066,310.94722694935314,99.4000015258789,PS_036,,73.76967552219062,3.0312685263728794
25.870728250323072,10.296486986626771,2024-12-10T12:15:00Z,4,4,4,4,4,4,1,0,4,4,451.67319000809357,76.48247518590779,,,,,,,,,32.542401389915725,418.8996847516508,99.4000015258789,PS_036,,61.813054070383956,2.414306742295606
26.680177754983514,10.299200057983398,2024-12-10T12:30:00Z,3,3,3,3,3,3,1,0,3,3,613.9998499236264,79.52947209540815,,,,,,,,,35.79042696018437,621.6607960137242,99.4000015258789,PS_036,,47.11420851881607,2.8253295763623854
26.44120407755349,10.299200057983397,2024-12-10T12:45:00Z,4,4,4,4,4,4,1,0,4,4,417.4246937316254,60.73301102845985,,,,,,,,,32.8264457545594,384.60976446873286,99.4000015258789,PS_036,,66.31453274562374,2.5777377968770123
26.946639576581312,10.301872060202694,2024-12-10T13:00:00Z,4,4,4,4,4,4,1,0,4,4,498.4356940357579,47.26771357051834,,,,,,,,,34.82930554628633,554.6164101753152,99.4000015258789,PS_036,,170.46623211578026,1.6512365924263268
27.878441172079885,10.300126311292624,2024-12-10T13:15:00Z,3,3,3,3,3,3,1,0,3,3,1008.8069266734767,66.57121245987506,,,,,,,,,45.47535234491364,1113.682541534947,99.4000015258789,PS_036,,58.266805595628846,2.3854503968515504
28.579009078084017,10.301973095176345,2024-12-10T13:30:00Z,4,4,4,4,4,4,1,0,4,4,828.4836796685119,53.948958814821644,,,,,,,,,45.78895823804014,912.1214604697793,99.4000015258789,PS_036,,131.2439332329489,1.7459403487064185
28.74600706657707,10.303828211456626,2024-12-10T13:45:00Z,4,4,4,4,4,4,1,0,4,4,617.587772470621,42.00924181084367,,,,,,,,,46.38231931334717,673.7010444452569,99.4000015258789,PS_036,,119.56640825979058,1.4215134823221056
29.409470666042374,10.304487035146492,2024-12-10T14:00:00Z,3,3,3,3,3,3,1,0,3,3,1115.6037789661293,61.83961567685652,,,,,,,,,48.486911101641354,1176.852133050432,99.4000015258789,PS_036,,81.85365221596909,1.0493517219253439
29.979207844371686,10.303162443495399,2024-12-10T14:15:00Z,4,4,4,4,4,4,1,0,4,4,1104.4976669145858,63.018300156241146,,,,,,,,,52.23368791032651,1125.3600707090816,99.4000015258789,PS_036,,227.40397427522285,1.3151494916469155
30.140923401787543,10.304666519165039,2024-12-10T14:30:00Z,4,4,4,4,4,4,1,0,4,4,561.9526133065172,44.87239523826799,,,,,,,,,50.92848333042247,545.832850276714,99.4000015258789,PS_036,,201.50704503044855,1.1097998470258315
30.355863598228982,10.304666519165039,2024-12-10T14:45:00Z,3,3,3,3,3,3,1,0,3,3,590.7087194530573,49.514637771468614,,,,,,,,,46.15102831762742,584.6432117769504,99.4000015258789,PS_036,,297.88330667749614,2.0338851567028904
30.571401821367402,10.308607243137672,2024-12-10T15:00:00Z,4,4,4,4,4,4,1,0,4,4,649.2227577120881,48.90359321593999,,,,,,,,,43.62620147122407,657.2134800599129,99.4000015258789,PS_036,,73.923687717796,0.5156523180321413
31.311054550836744,10.303899785260333,2024-12-10T15:15:00Z,4,4,4,4,4,4,1,0,4,4,1142.920962889105,64.44622180289569,,,,,,,,,54.23350382544465,1139.7697311442828,99.4000015258789,PS_036,,294.629203898013,1.1330895493689677
31.7261960212994,10.303703367320676,2024-12-10T15:30:00Z,3,3,3,3,3,3,1,0,3,3,939.3220632280103,50.01463639300888,,,,,,,,,56.55904654867527,908.5556040532405,99.4000015258789,PS_036,,302.8725276330696,3.2840344777273716
31.840930918581396,10.306022930342692,2024-12-10T15:45:00Z,4,4,4,4,4,4,1,0,4,4,1145.2761472054513,61.138619511098575,,,,,,,,,51.98016917847447,1143.118023368072,99.4000015258789,PS_036,,88.76269793295728,1.876174669236701
32.38244916503184,10.306876268719725,2024-12-10T16:00:00Z,4,4,4,4,4,4,1,0,4,4,965.4119914317496,55.84149378510627,,,,,,,,,51.76975933616606,968.9723722201023,99.4000015258789,PS_036,,66.5775501501774,2.0872927727113773
32.88399669049718,10.308369559530986,2024-12-10T16:15:00Z,3,3,3,3,3,3,1,0,3,3,1143.1504777808168,62.882239472429724,,,,,,,,,53.97131605269299,1153.8464695428418,99.4000015258789,PS_036,,60.9256909752289,2.6501149734945364
33.185138792767575,10.30535304458031,2024-12-10T16:30:00Z,4,4,4,4,4,4,1,0,4,4,1126.8538597826557,64.72611773935743,,,,,,,,,56.099093567951606,1153.7979297918973,99.4000015258789,PS_036,,250.62674014053513,2.650255978855427
33.124571076271785,10.306999946695605,2024-12-10T16:45:00Z,4,4,4,4,4,4,1,0,4,4,1064.899362184903,61.76045135177511,,,,,,,,,56.29907171181704,1110.257765218289,99.4000015258789,PS_036,,247.9798901034186,2.173415368174171
32.736149758981256,10.309318913641373,2024-12-10T17:00:00Z,3,3,3,3,3,3,1,0,3,3,593.0686020956047,43.27699763175923,,,,,,,,,56.81547431748322,669.2439297392219,99.4000015258789,PS_036,,183.85748092245805,1.9445626760122547
32.691529963618535,10.31013298034668,2024-12-10T17:15:00Z,4,4,4,4,4,4,1,0,4,4,447.1843693620783,38.97825223525578,,,,,,,,,48.870923151228816,485.0990271346265,99.4000015258789,PS_036,,233.26206788046878,1.135081504616847
32.60098700353602,10.305532831674272,2024-12-10T17:30:00Z,4,4,4,4,4,4,1,0,4,4,540.2678295349027,50.355730164827044,,,,,,,,,47.75190007123459,573.2090334178306,99.4000015258789,PS_036,,289.6014760998455,2.1652339635321107
32.71376674215291,10.304666519165039,2024-12-10T17:45:00Z,3,3,3,3,3,3,1,0,3,3,503.0350076636512,54.388101459663766,,,,,,,,,48.91306740964677,496.7480139287594,99.4000015258789,PS_036,,258.1908708391674,3.4107353510550555
32.58689545513441,10.306005040648452,2024-12-10T18:00:00Z,4,4,4,4,4,4,1,0,4,4,604.3346817813294,65.40446295911697,,,,,,,,,49.242237222998135,622.1584844660565,99.4000015258789,PS_036,,305.55172439928214,4.221792000160124
32.298738129840714,10.303178821466739,2024-12-10T18:15:00Z,4,4,4,4,4,4,1,0,4,4,317.6005186458342,50.41148416433072,,,,,,,,,44.66711145458392,272.50554538166654,99.4000015258789,PS_036,,324.88246514705816,2.7462888655833977
31.489964561395986,10.304666519165039,2024-12-10T18:30:00Z,3,3,3,3,3,3,1,0,3,3,167.77781344598876,33.39526728668869,,,,,,,,,38.434745547077576,135.83538003821533,99.4000015258789,PS_036,,288.50521522371594,2.4779584261262855
29.01153773288925,10.299208579609303,2024-12-10T18:45:00Z,4,4,4,4,4,4,1,0,4,4,194.94897414214296,34.087961590375706,,,,,,,,,33.33190351714571,153.08520146736478,99.4000015258789,PS_036,,285.4100632745973,4.5790263590688784
28.690231889011507,10.299200057983398,2024-12-10T19:00:00Z,4,4,4,4,4,4,1,0,4,4,200.99479664446136,41.637549051872305,,,,,,,,,32.34273127525322,146.774644229195,99.4000015258789,PS_036,,276.0440193667674,2.87701965321136
28.700000762939453,10.299200057983398,2024-12-10T19:15:00Z,3,3,3,3,3,3,1,0,3,3,179.78743281197862,43.66738448655942,,,,,,,,,32.15452143682477,130.39584196982992,99.4000015258789,PS_036,,249.8924595148933,2.1040335576460816
28.399999618530273,10.298340639468803,2024-12-10T19:30:00Z,4,4,4,4,4,4,1,0,4,4,171.32829644631158,40.20981366687959,,,,,,,,,31.418057580976065,131.60258464257782,99.4000015258789,PS_036,,260.6429935587644,3.68009740188624
28.298693309352114,10.299200057983397,2024-12-10T19:45:00Z,4,4,4,4,4,4,1,0,4,4,166.59181863822783,35.05334804118422,,,,,,,,,31.71091134479027,137.52774115625135,99.4000015258789,PS_036,,253.40460118238826,3.002343624677529
28.415869437711862,10.299200057983397,2024-12-10T20:00:00Z,3,3,3,3,3,3,1,0,3,3,168.294199346734,25.13858503732783,,,,,,,,,32.61117309007921,154.74209443313413,99.4000015258789,PS_036,,306.75636790100356,1.6972426079020655
28.637935896590037,10.29834755773703,2024-12-10T20:15:00Z,4,4,4,4,4,4,1,0,4,4,184.74461137014194,21.92463575838264,,,,,,,,,32.793554821024756,195.02140446981596,99.4000015258789,PS_036,,299.7271901194914,2.0849279147275968
28.700000762939453,10.29833141302815,2024-12-10T20:30:00Z,4,4,4,4,4,4,1,0,4,4,216.60626147769406,22.405780582718577,,,,,,,,,33.640857030735184,263.87203579641584,99.4000015258789,PS_036,,131.5555927587133,1.7867362336157133
28.48950962568129,10.300270286203963,2024-12-10T20:45:00Z,3,3,3,3,3,3,1,0,3,3,163.97462327420806,17.097311873832826,,,,,,,,,32.93050507885883,186.17115192593138,99.4000015258789,PS_036,,349.0138466187442,2.482122516173725
27.83026155380631,10.299200057983398,2024-12-10T21:00:00Z,4,4,4,4,4,4,1,0,4,4,103.72405026578524,10.515761173371542,,,,,,,,,30.42970441126403,109.12857970906367,99.4000015258789,PS_036,,292.04083520237737,1.359681232685614
27.886648803990404,10.299200057983398,2024-12-10T21:15:00Z,4,4,4,4,4,4,1,0,4,4,95.92805247666699,14.046442433901081,,,,,,,,,28.84598850065397,112.89935204196337,99.4000015258789,PS_036,,162.27869727631276,0.4108766146473063
28.915739736973244,10.30012126889738,2024-12-10T21:30:00Z,3,3,3,3,3,3,1,0,3,3,66.03407829049807,12.856990780678467,,,,,,,,,28.390747034613057,73.7962429290434,99.4000015258789,PS_036,,283.07400970888386,0.0729467446854801
27.173238836317655,10.300000768324258,2024-12-10T21:45:00Z,4,4,4,4,4,4,1,0,4,4,8.521770945319382,-0.8234118342122474,,,,,,,,,26.140281758223843,7.846779603492068,99.4000015258789,PS_036,,279.4282064228748,0.1579981769653683
26.501574703925577,10.298343632837005,2024-12-10T22:00:00Z,4,4,4,4,4,4,1,0,4,4,-1.1925881448461808,-1.3147311807185198,,,,,,,,,24.228191909211965,-2.5698989796794907,99.4000015258789,PS_036,,319.5496047552256,0.8378852587884439
25.93428704462804,10.302528726977986,2024-12-10T22:15:00Z,3,3,3,3,3,3,1,0,3,3,-2.3236974213138892,-2.4413203079823242,,,,,,,,,23.31732273849167,-1.5335225413957567,99.4000015258789,PS_036,,59.26540874128463,0.3869508533055093
25.351626598916873,10.299200057983398,2024-12-10T22:30:00Z,4,4,4,4,4,4,1,0,4,4,-2.136437519290018,-1.1413062346305756,,,,,,,,,23.651625835977423,-1.5786011556026773,99.4000015258789,PS_036,,80.04812421885374,2.298029951735269
25.02061268338794,10.299200057983397,2024-12-10T22:45:00Z,3,3,3,3,3,3,1,0,3,3,-2.0687886286999824,-1.0447190052311501,,,,,,,,,23.552221213837647,-1.4724310347770744,99.4000015258789,PS_036,,106.20197391261223,1.655543240147828
24.899999618530273,10.299200057983398,2024-12-10T23:00:00Z,4,4,4,4,4,4,1,0,4,4,-1.722775249785128,-1.1760486587133923,,,,,,,,,23.062385842661897,-0.9562774315253779,99.4000015258789,PS_036,,140.32145085123798,1.1289114223484864
24.869930070804944,10.2992000579834,2024-12-10T23:15:00Z,4,4,4,4,4,4,1,0,4,4,-1.424574149015165,-0.6032577325835865,,,,,,,,,23.184792305925157,-0.9910155324755763,99.4000015258789,PS_036,,91.98869916730634,1.7345497283422688
24.778500306111745,10.299200057983398,2024-12-10T23:30:00Z,3,3,3,3,3,3,1,0,3,3,-1.466172620517725,-0.7266387029699461,,,,,,,,,23.05170420027037,-0.8537554360817541,99.4000015258789,PS_036,,91.86187286076434,1.1045417907896709
25.021882742761143,10.299200057983398,2024-12-10T23:45:00Z,4,4,4,4,4,4,1,0,4,4,-1.2381870788799594,-0.527958471881647,,,,,,,,,23.096754334131152,-0.3546193497790765,99.4000015258789,PS_036,,112.17807982645479,0.8373419133726714
