ambient_temperature_celsius,battery_voltage,datetime,document_count_ambient_temperature_celsius,document_count_battery_voltage,document_count_ghi_irradiance_wm2,document_count_gri_irradiance_wm2,document_count_panel_temperature_celsius,document_count_poa_irradiance_wm2,document_count_precipitation_accumulated_mm,document_count_tracker_albedo_index,document_count_wind_direction_degrees,document_count_wind_speed_ms,ghi_irradiance_wm2,gri_irradiance_wm2,interpolated_keys_ambient_temperature_celsius,interpolated_keys_battery_voltage,interpolated_keys_ghi_irradiance_wm2,interpolated_keys_gri_irradiance_wm2,interpolated_keys_panel_temperature_celsius,interpolated_keys_poa_irradiance_wm2,interpolated_keys_wind_direction_degrees,interpolated_keys_wind_speed_ms,panel_temperature_celsius,poa_irradiance_wm2,precipitation_accumulated_mm,ps_id,tracker_albedo_index,wind_direction_degrees,wind_speed_ms
,,2024-12-06T00:00:00Z,0,0,0,0,0,0,0,0,0,0,,,,,,,,,,,,,,PS_039,,,
,,2024-12-06T00:15:00Z,0,0,0,0,0,0,0,0,0,0,,,,,,,,,,,,,,PS_039,,,
,,2024-12-06T00:30:00Z,0,0,0,0,0,0,0,0,0,0,,,,,,,,,,,,,,PS_039,,,
,,2024-12-06T00:45:00Z,0,0,0,0,0,0,0,0,0,0,,,,,,,,,,,,,,PS_039,,,
,,2024-12-06T01:00:00Z,0,0,0,0,0,0,0,0,0,0,,,,,,,,,,,,,,PS_039,,,
,,2024-12-06T01:15:00Z,0,0,0,0,0,0,0,0,0,0,,,,,,,,,,,,,,PS_039,,,
,,2024-12-06T01:30:00Z,0,0,0,0,0,0,0,0,0,0,,,,,,,,,,,,,,PS_039,,,
,,2024-12-06T01:45:00Z,0,0,0,0,0,0,0,0,0,0,,,,,,,,,,,,,,PS_039,,,
,,2024-12-06T02:00:00Z,0,0,0,0,0,0,0,0,0,0,,,,,,,,,,,,,,PS_039,,,
,,2024-12-06T02:15:00Z,0,0,0,0,0,0,0,0,0,0,,,,,,,,,,,,,,PS_039,,,
,,2024-12-06T02:30:00Z,0,0,0,0,0,0,0,0,0,0,,,,,,,,,,,,,,PS_039,,,
,,2024-12-06T02:45:00Z,0,0,0,0,0,0,0,0,0,0,,,,,,,,,,,,,,PS_039,,,
,,2024-12-06T03:00:00Z,0,0,0,0,0,0,0,0,0,0,,,,,,,,,,,,,,PS_039,,,
,,2024-12-06T03:15:00Z,0,0,0,0,0,0,0,0,0,0,,,,,,,,,,,,,,PS_039,,,
,,2024-12-06T03:30:00Z,0,0,0,0,0,0,0,0,0,0,,,,,,,,,,,,,,PS_039,,,
,,2024-12-06T03:45:00Z,0,0,0,0,0,0,0,0,0,0,,,,,,,,,,,,,,PS_039,,,
,,2024-12-06T04:00:00Z,0,0,0,0,0,0,0,0,0,0,,,,,,,,,,,,,,PS_039,,,
,,2024-12-06T04:15:00Z,0,0,0,0,0,0,0,0,0,0,,,,,,,,,,,,,,PS_039,,,
,,2024-12-06T04:30:00Z,0,0,0,0,0,0,0,0,0,0,,,,,,,,,,,,,,PS_039,,,
,,2024-12-06T04:45:00Z,0,0,0,0,0,0,0,0,0,0,,,,,,,,,,,,,,PS_039,,,
,,2024-12-06T05:00:00Z,0,0,0,0,0,0,0,0,0,0,,,,,,,,,,,,,,PS_039,,,
,,2024-12-06T05:15:00Z,0,0,0,0,0,0,0,0,0,0,,,,,,,,,,,,,,PS_039,,,
,,2024-12-06T05:30:00Z,0,0,0,0,0,0,0,0,0,0,,,,,,,,,,,,,,PS_039,,,
,,2024-12-06T05:45:00Z,0,0,0,0,0,0,0,0,0,0,,,,,,,,,,,,,,PS_039,,,
,,2024-12-06T06:00:00Z,0,0,0,0,0,0,0,0,0,0,,,,,,,,,,,,,,PS_039,,,
,,2024-12-06T06:15:00Z,0,0,0,0,0,0,0,0,0,0,,,,,,,,,,,,,,PS_039,,,
,,2024-12-06T06:30:00Z,0,0,0,0,0,0,0,0,0,0,,,,,,,,,,,,,,PS_039,,,
,,2024-12-06T06:45:00Z,0,0,0,0,0,0,0,0,0,0,,,,,,,,,,,,,,PS_039,,,
,,2024-12-06T07:00:00Z,0,0,0,0,0,0,0,0,0,0,,,,,,,,,,,,,,PS_039,,,
,,2024-12-06T07:15:00Z,0,0,0,0,0,0,0,0,0,0,,,,,,,,,,,,,,PS_039,,,
,,2024-12-06T07:30:00Z,0,0,0,0,0,0,0,0,0,0,,,,,,,,,,,,,,PS_039,,,
,,2024-12-06T07:45:00Z,0,0,0,0,0,0,0,0,0,0,,,,,,,,,,,,,,PS_039,,,
,,2024-12-06T08:00:00Z,0,0,0,0,0,0,0,0,0,0,,,,,,,,,,,,,,PS_039,,,
,,2024-12-06T08:15:00Z,0,0,0,0,0,0,0,0,0,0,,,,,,,,,,,,,,PS_039,,,
,,2024-12-06T08:30:00Z,0,0,0,0,0,0,0,0,0,0,,,,,,,,,,,,,,PS_039,,,
,,2024-12-06T08:45:00Z,0,0,0,0,0,0,0,0,0,0,,,,,,,,,,,,,,PS_039,,,
,,2024-12-06T09:00:00Z,0,0,0,0,0,0,0,0,0,0,,,,,,,,,,,,,,PS_039,,,
,,2024-12-06T09:15:00Z,0,0,0,0,0,0,0,0,0,0,,,,,,,,,,,,,,PS_039,,,
,,2024-12-06T09:30:00Z,0,0,0,0,0,0,0,0,0,0,,,,,,,,,,,,,,PS_039,,,
,,2024-12-06T09:45:00Z,0,0,0,0,0,0,0,0,0,0,,,,,,,,,,,,,,PS_039,,,
,,2024-12-06T10:00:00Z,0,0,0,0,0,0,0,0,0,0,,,,,,,,,,,,,,PS_039,,,
,,2024-12-06T10:15:00Z,0,0,0,0,0,0,0,0,0,0,,,,,,,,,,,,,,PS_039,,,
,,2024-12-06T10:30:00Z,0,0,0,0,0,0,0,0,0,0,,,,,,,,,,,,,,PS_039,,,
,,2024-12-06T10:45:00Z,0,0,0,0,0,0,0,0,0,0,,,,,,,,,,,,,,PS_039,,,
,,2024-12-06T11:00:00Z,0,0,0,0,0,0,0,0,0,0,,,,,,,,,,,,,,PS_039,,,
,,2024-12-06T11:15:00Z,0,0,0,0,0,0,0,0,0,0,,,,,,,,,,,,,,PS_039,,,
,,2024-12-06T11:30:00Z,0,0,0,0,0,0,0,0,0,0,,,,,,,,,,,,,,PS_039,,,
,,2024-12-06T11:45:00Z,0,0,0,0,0,0,0,0,0,0,,,,,,,,,,,,,,PS_039,,,
,,2024-12-06T12:00:00Z,0,0,0,0,0,0,0,0,0,0,,,,,,,,,,,,,,PS_039,,,
,,2024-12-06T12:15:00Z,0,0,0,0,0,0,0,0,0,0,,,,,,,,,,,,,,PS_039,,,
,,2024-12-06T12:30:00Z,0,0,0,0,0,0,0,0,0,0,,,,,,,,,,,,,,PS_039,,,
,,2024-12-06T12:45:00Z,0,0,0,0,0,0,0,0,0,0,,,,,,,,,,,,,,PS_039,,,
,,2024-12-06T13:00:00Z,0,0,0,0,0,0,0,0,0,0,,,,,,,,,,,,,,PS_039,,,
,,2024-12-06T13:15:00Z,0,0,0,0,0,0,0,0,0,0,,,,,,,,,,,,,,PS_039,,,
,,2024-12-06T13:30:00Z,0,0,0,0,0,0,0,0,0,0,,,,,,,,,,,,,,PS_039,,,
,,2024-12-06T13:45:00Z,0,0,0,0,0,0,0,0,0,0,,,,,,,,,,,,,,PS_039,,,
,,2024-12-06T14:00:00Z,0,0,0,0,0,0,0,0,0,0,,,,,,,,,,,,,,PS_039,,,
,,2024-12-06T14:15:00Z,0,0,0,0,0,0,0,0,0,0,,,,,,,,,,,,,,PS_039,,,
,,2024-12-06T14:30:00Z,0,0,0,0,0,0,0,0,0,0,,,,,,,,,,,,,,PS_039,,,
,,2024-12-06T14:45:00Z,0,0,0,0,0,0,0,0,0,0,,,,,,,,,,,,,,PS_039,,,
,,2024-12-06T15:00:00Z,0,0,0,0,0,0,0,0,0,0,,,,,,,,,,,,,,PS_039,,,
,,2024-12-06T15:15:00Z,0,0,0,0,0,0,0,0,0,0,,,,,,,,,,,,,,PS_039,,,
,,2024-12-06T15:30:00Z,0,0,0,0,0,0,0,0,0,0,,,,,,,,,,,,,,PS_039,,,
,,2024-12-06T15:45:00Z,0,0,0,0,0,0,0,0,0,0,,,,,,,,,,,,,,PS_039,,,
,,2024-12-06T16:00:00Z,0,0,0,0,0,0,0,0,0,0,,,,,,,,,,,,,,PS_039,,,
,,2024-12-06T16:15:00Z,0,0,0,0,0,0,0,0,0,0,,,,,,,,,,,,,,PS_039,,,
,,2024-12-06T16:30:00Z,0,0,0,0,0,0,0,0,0,0,,,,,,,,,,,,,,PS_039,,,
,,2024-12-06T16:45:00Z,0,0,0,0,0,0,0,0,0,0,,,,,,,,,,,,,,PS_039,,,
,,2024-12-06T17:00:00Z,0,0,0,0,0,0,0,0,0,0,,,,,,,,,,,,,,PS_039,,,
,,2024-12-06T17:15:00Z,0,0,0,0,0,0,0,0,0,0,,,,,,,,,,,,,,PS_039,,,
,,2024-12-06T17:30:00Z,0,0,0,0,0,0,0,0,0,0,,,,,,,,,,,,,,PS_039,,,
,,2024-12-06T17:45:00Z,0,0,0,0,0,0,0,0,0,0,,,,,,,,,,,,,,PS_039,,,
,,2024-12-06T18:00:00Z,0,0,0,0,0,0,0,0,0,0,,,,,,,,,,,,,,PS_039,,,
,,2024-12-06T18:15:00Z,0,0,0,0,0,0,0,0,0,0,,,,,,,,,,,,,,PS_039,,,
,,2024-12-06T18:30:00Z,0,0,0,0,0,0,0,0,0,0,,,,,,,,,,,,,,PS_039,,,
,,2024-12-06T18:45:00Z,0,0,0,0,0,0,0,0,0,0,,,,,,,,,,,,,,PS_039,,,
,,2024-12-06T19:00:00Z,0,0,0,0,0,0,0,0,0,0,,,,,,,,,,,,,,PS_039,,,
,,2024-12-06T19:15:00Z,0,0,0,0,0,0,0,0,0,0,,,,,,,,,,,,,,PS_039,,,
,,2024-12-06T19:30:00Z,0,0,0,0,0,0,0,0,0,0,,,,,,,,,,,,,,PS_039,,,
28.71969851061334,14.28405948174696,2024-12-06T19:45:00Z,4,4,4,4,4,4,0,0,4,4,15.668592720391302,13.04189931544759,,,,,,,,,28.866650763157768,38.878397331291524,,PS_039,,330.89443003033693,3.6500803806268856
25.6755853394235,14.280614852905273,2024-12-06T20:00:00Z,4,4,4,4,4,4,1,0,4,4,29.804373630071307,5.338507909795626,,,,,,,,,24.16383566122253,42.36490838510064,66.4000015258789,PS_039,,260.3363795802181,2.0010650900011635
24.850576687434557,14.279497914791936,2024-12-06T20:15:00Z,3,3,3,3,3,3,1,0,3,3,80.43612531621022,8.971458743971127,,,,,,,,,24.103286189222082,66.05976869058159,66.4000015258789,PS_039,,259.47673346503774,1.4692952617813213
26.90873591562579,14.280614852905275,2024-12-06T20:30:00Z,4,4,4,4,4,4,1,0,4,4,334.74659292867506,36.55415481176175,,,,,,,,,32.16371836166345,177.10361575564255,66.4000015258789,PS_039,,281.6156583944247,2.2540012211124685
28.16279114501573,14.28763935205229,2024-12-06T20:45:00Z,4,4,4,4,4,4,1,0,4,4,140.87324503977342,19.489957510658492,,,,,,,,,36.289165714777816,135.04953477242063,66.4000015258789,PS_039,,194.17235083574005,0.7107277481314679
27.332110127536644,14.285961151123047,2024-12-06T21:00:00Z,3,3,3,3,3,3,1,0,3,3,28.60721411446131,1.4535508062487983,,,,,,,,,28.751025096842643,33.63869330789441,66.4000015258789,PS_039,,136.38591563843022,1.739403470910906
26.848388801089428,14.290649965726132,2024-12-06T21:15:00Z,4,4,4,4,4,4,1,0,4,4,15.516110647036973,-1.3588271298395855,,,,,,,,,25.689401391582788,15.26058649297668,66.4000015258789,PS_039,,46.31023939164458,0.37531206327514277
26.447213378075975,14.288135470333374,2024-12-06T21:30:00Z,4,4,4,4,4,4,1,0,4,4,6.799390034957587,-2.133944281644283,,,,,,,,,24.25942502635436,6.551385679963052,66.4000015258789,PS_039,,117.92662064206618,-0.012324308126670026
26.024382718838613,14.291306495666506,2024-12-06T21:45:00Z,3,3,3,3,3,3,1,0,3,3,0.007970889032278014,-2.0999999046325684,,,,,,,,,23.330355023350855,0.5156382574536824,66.4000015258789,PS_039,,31.937226472743777,-0.036000002175569534
25.978780074505718,14.291306495666506,2024-12-06T22:00:00Z,4,4,4,4,4,4,1,0,4,4,0.6813002553570553,-1.9686996768486527,,,,,,,,,22.9905361185653,-0.09261079238119449,66.4000015258789,PS_039,,36.383651794305926,0.44686255558360655
26.037247282160905,14.291306495666504,2024-12-06T22:15:00Z,4,4,4,4,4,4,1,0,4,4,0.16231203954142776,-2.424865333149232,,,,,,,,,22.673557314898343,0.043843975873778154,66.4000015258789,PS_039,,190.73993014128052,0.021854870317954023
25.57155207513621,14.291306495666506,2024-12-06T22:30:00Z,3,3,3,3,3,3,1,0,3,3,0.12151560167836453,-2.350111871950393,,,,,,,,,22.457327811802887,0.23599154085624185,66.4000015258789,PS_039,,296.1199865133715,0.1573379349908679
25.426624746454248,14.293303525171794,2024-12-06T22:45:00Z,4,4,4,4,4,4,1,0,4,4,-0.11758468534800787,-2.154015460179463,,,,,,,,,22.024389663727057,-0.13856500374343528,66.4000015258789,PS_039,,67.52886849950488,-0.03885365335421127
25.227135646378905,14.295389884924587,2024-12-06T23:00:00Z,4,4,4,4,4,4,1,0,4,4,0.4701093414065566,-2.4517802655460983,,,,,,,,,22.065308851550085,-0.19690016689976136,66.4000015258789,PS_039,,123.9235944854275,-0.036000002175569534
25.399999618530273,14.292097075127451,2024-12-06T23:15:00Z,3,3,3,3,3,3,1,0,3,3,0.8881459573622854,-2.2605244777936857,,,,,,,,,21.950691779832315,-0.004331386918178355,66.4000015258789,PS_039,,152.24668390878088,-0.036000002175569534
25.459206833634024,14.293790074423796,2024-12-06T23:30:00Z,4,4,4,4,4,4,1,0,4,4,0.3154118573712754,-2.3388705955686353,,,,,,,,,21.946575147707993,0.23664728734923324,66.4000015258789,PS_039,,151.9367123135166,-0.024200912928212706
25.542493605680104,14.295985221862793,2024-12-06T23:45:00Z,4,4,4,4,4,4,1,0,4,4,0.5282218412753198,-2.17135635622073,,,,,,,,,22.4754319563588,0.0444690001541517,66.4000015258789,PS_039,,176.5221175331819,0.5647734323220608
24.77851184247905,14.295985221862793,2024-12-07T00:00:00Z,3,3,3,3,3,3,1,0,3,3,0.7415854930850794,-1.9084144463071895,,,,,,,,,22.885048989934525,-0.09218621854483057,66.4000015258789,PS_039,,129.73456685361913,1.8674122043614303
24.299999237060547,14.295985221862793,2024-12-07T00:15:00Z,4,4,4,4,4,4,1,0,4,4,0.5391240073555341,-2.099999904632568,,,,,,,,,22.454836951681244,0.13785055017956319,66.4000015258789,PS_039,,135.06242570377063,0.7370576095314643
23.821189081689734,14.29721253001593,2024-12-07T00:30:00Z,3,3,3,3,3,3,1,0,3,3,0.5775402415460706,-1.9852392869086202,,,,,,,,,22.021188707777092,0.0317829385289376,66.4000015258789,PS_039,,269.3223636562808,-0.032511185935436795
24.167379764636102,14.2974282439449,2024-12-07T00:45:00Z,4,4,4,4,4,4,1,0,4,4,0.6035185644280728,-2.0138926641653723,,,,,,,,,21.899999618530273,0.008957154078172417,66.4000015258789,PS_039,,121.24332019994942,0.4665875943004072
24.089249644120653,14.298518751856662,2024-12-07T01:00:00Z,4,4,4,4,4,4,1,0,4,4,0.7102313170638533,-2.072134452912286,,,,,,,,,21.943248340797336,-0.2384524771186036,66.4000015258789,PS_039,,116.72976722650455,-0.036000002175569534
24.299999237060543,14.301332473754883,2024-12-07T01:15:00Z,3,3,3,3,3,3,1,0,3,3,0.4984542350915404,-1.7785399237309707,,,,,,,,,22.150696495876364,0.29999998211860657,66.4000015258789,PS_039,,97.83582484241369,0.42973371867953275
24.55213665441471,14.300075030341286,2024-12-07T01:30:00Z,4,4,4,4,4,4,1,0,4,4,0.1616630401459473,-1.7145044841312376,,,,,,,,,22.200000762939453,-0.15870330009914396,66.4000015258789,PS_039,,77.11779816008242,0.9809650736675373
24.36850675247619,14.302073950475688,2024-12-07T01:45:00Z,4,4,4,4,4,4,1,0,4,4,0.6689051620187437,-2.2024003800458543,,,,,,,,,21.899999618530273,-0.08758961085195296,66.4000015258789,PS_039,,159.94486121691153,1.4265313155364512
23.799999237060543,14.302172853849735,2024-12-07T02:00:00Z,3,3,3,3,3,3,1,0,3,3,0.28197144257002543,-2.829319010283358,,,,,,,,,21.86856196758268,0.09122569157318688,66.4000015258789,PS_039,,94.71431519907526,0.9670311144721574
23.71316097896475,14.306678771972654,2024-12-07T02:15:00Z,4,4,4,4,4,4,1,0,4,4,0.6242418331888263,-2.2941136913129134,,,,,,,,,21.2601926216957,-0.34560309830984787,66.4000015258789,PS_039,,52.36564715564108,0.2893934479879962
23.38181361957299,14.306678771972656,2024-12-07T02:30:00Z,4,4,4,4,4,4,1,0,4,4,0.06256200165355927,-2.221385110598003,,,,,,,,,20.781813238103265,0.12271997119839266,66.4000015258789,PS_039,,28.272526041604163,0.15670264998667235
23.038818680246628,14.302999986277623,2024-12-07T02:45:00Z,3,3,3,3,3,3,1,0,3,3,0.4142539019488186,-2.315769599531587,,,,,,,,,20.34832083818817,-0.08212694281583009,66.4000015258789,PS_039,,251.8609279682532,-0.036000002175569534
23.200000762939457,14.306678771972656,2024-12-07T03:00:00Z,2,2,2,2,2,2,1,0,2,2,0.3927592194156082,-2.0999999046325684,,,,,,,,,20.29999923706055,-0.1499999910593033,66.4000015258789,PS_039,,103.32133695167929,0.43700769972157477
,,2024-12-07T03:15:00Z,0,0,0,0,0,0,1,0,0,0,,,,,,,,,,,,,66.4000015258789,PS_039,,,
,,2024-12-07T03:30:00Z,0,0,0,0,0,0,1,0,0,0,,,,,,,,,,,,,66.4000015258789,PS_039,,,
,,2024-12-07T03:45:00Z,0,0,0,0,0,0,1,0,0,0,,,,,,,,,,,,,66.4000015258789,PS_039,,,
,,2024-12-07T04:00:00Z,0,0,0,0,0,0,1,0,0,0,,,,,,,,,,,,,66.4000015258789,PS_039,,,
,,2024-12-07T04:15:00Z,0,0,0,0,0,0,1,0,0,0,,,,,,,,,,,,,66.4000015258789,PS_039,,,
,,2024-12-07T04:30:00Z,0,0,0,0,0,0,1,0,0,0,,,,,,,,,,,,,66.4000015258789,PS_039,,,
,,2024-12-07T04:45:00Z,0,0,0,0,0,0,1,0,0,0,,,,,,,,,,,,,66.4000015258789,PS_039,,,
,,2024-12-07T05:00:00Z,0,0,0,0,0,0,1,0,0,0,,,,,,,,,,,,,66.4000015258789,PS_039,,,
,,2024-12-07T05:15:00Z,0,0,0,0,0,0,1,0,0,0,,,,,,,,,,,,,66.4000015258789,PS_039,,,
,,2024-12-07T05:30:00Z,0,0,0,0,0,0,1,0,0,0,,,,,,,,,,,,,66.4000015258789,PS_039,,,
,,2024-12-07T05:45:00Z,0,0,0,0,0,0,1,0,0,0,,,,,,,,,,,,,66.4000015258789,PS_039,,,
,,2024-12-07T06:00:00Z,0,0,0,0,0,0,1,0,0,0,,,,,,,,,,,,,66.4000015258789,PS_039,,,
,,2024-12-07T06:15:00Z,0,0,0,0,0,0,1,0,0,0,,,,,,,,,,,,,66.4000015258789,PS_039,,,
,,2024-12-07T06:30:00Z,0,0,0,0,0,0,1,0,0,0,,,,,,,,,,,,,66.4000015258789,PS_039,,,
,,2024-12-07T06:45:00Z,0,0,0,0,0,0,1,0,0,0,,,,,,,,,,,,,66.4000015258789,PS_039,,,
,,2024-12-07T07:00:00Z,0,0,0,0,0,0,1,0,0,0,,,,,,,,,,,,,66.4000015258789,PS_039,,,
,,2024-12-07T07:15:00Z,0,0,0,0,0,0,1,0,0,0,,,,,,,,,,,,,66.4000015258789,PS_039,,,
,,2024-12-07T07:30:00Z,0,0,0,0,0,0,1,0,0,0,,,,,,,,,,,,,66.4000015258789,PS_039,,,
,,2024-12-07T07:45:00Z,0,0,0,0,0,0,1,0,0,0,,,,,,,,,,,,,66.4000015258789,PS_039,,,
,,2024-12-07T08:00:00Z,0,0,0,0,0,0,1,0,0,0,,,,,,,,,,,,,66.4000015258789,PS_039,,,
,,2024-12-07T08:15:00Z,0,0,0,0,0,0,1,0,0,0,,,,,,,,,,,,,66.4000015258789,PS_039,,,
,,2024-12-07T08:30:00Z,0,0,0,0,0,0,1,0,0,0,,,,,,,,,,,,,66.4000015258789,PS_039,,,
,,2024-12-07T08:45:00Z,0,0,0,0,0,0,1,0,0,0,,,,,,,,,,,,,66.4000015258789,PS_039,,,
,,2024-12-07T09:00:00Z,0,0,0,0,0,0,1,0,0,0,,,,,,,,,,,,,66.4000015258789,PS_039,,,
,,2024-12-07T09:15:00Z,0,0,0,0,0,0,1,0,0,0,,,,,,,,,,,,,66.4000015258789,PS_039,,,
,,2024-12-07T09:30:00Z,0,0,0,0,0,0,1,0,0,0,,,,,,,,,,,,,66.4000015258789,PS_039,,,
,,2024-12-07T09:45:00Z,0,0,0,0,0,0,1,0,0,0,,,,,,,,,,,,,66.4000015258789,PS_039,,,
,,2024-12-07T10:00:00Z,0,0,0,0,0,0,1,0,0,0,,,,,,,,,,,,,66.4000015258789,PS_039,,,
,,2024-12-07T10:15:00Z,0,0,0,0,0,0,1,0,0,0,,,,,,,,,,,,,66.4000015258789,PS_039,,,
,,2024-12-07T10:30:00Z,0,0,0,0,0,0,1,0,0,0,,,,,,,,,,,,,66.4000015258789,PS_039,,,
,,2024-12-07T10:45:00Z,0,0,0,0,0,0,1,0,0,0,,,,,,,,,,,,,66.4000015258789,PS_039,,,
,,2024-12-07T11:00:00Z,0,0,0,0,0,0,1,0,0,0,,,,,,,,,,,,,66.4000015258789,PS_039,,,
,,2024-12-07T11:15:00Z,0,0,0,0,0,0,1,0,0,0,,,,,,,,,,,,,66.4000015258789,PS_039,,,
,,2024-12-07T11:30:00Z,0,0,0,0,0,0,1,0,0,0,,,,,,,,,,,,,66.4000015258789,PS_039,,,
,,2024-12-07T11:45:00Z,0,0,0,0,0,0,1,0,0,0,,,,,,,,,,,,,66.4000015258789,PS_039,,,
,,2024-12-07T12:00:00Z,0,0,0,0,0,0,1,0,0,0,,,,,,,,,,,,,66.4000015258789,PS_039,,,
,,2024-12-07T12:15:00Z,0,0,0,0,0,0,1,0,0,0,,,,,,,,,,,,,66.4000015258789,PS_039,,,
,,2024-12-07T12:30:00Z,0,0,0,0,0,0,1,0,0,0,,,,,,,,,,,,,66.4000015258789,PS_039,,,
,,2024-12-07T12:45:00Z,0,0,0,0,0,0,1,0,0,0,,,,,,,,,,,,,66.4000015258789,PS_039,,,
,,2024-12-07T13:00:00Z,0,0,0,0,0,0,1,0,0,0,,,,,,,,,,,,,66.4000015258789,PS_039,,,
,,2024-12-07T13:15:00Z,0,0,0,0,0,0,1,0,0,0,,,,,,,,,,,,,66.4000015258789,PS_039,,,
,,2024-12-07T13:30:00Z,0,0,0,0,0,0,1,0,0,0,,,,,,,,,,,,,66.4000015258789,PS_039,,,
,,2024-12-07T13:45:00Z,0,0,0,0,0,0,1,0,0,0,,,,,,,,,,,,,66.4000015258789,PS_039,,,
,,2024-12-07T14:00:00Z,0,0,0,0,0,0,1,0,0,0,,,,,,,,,,,,,66.4000015258789,PS_039,,,
,,2024-12-07T14:15:00Z,0,0,0,0,0,0,1,0,0,0,,,,,,,,,,,,,66.4000015258789,PS_039,,,
,,2024-12-07T14:30:00Z,0,0,0,0,0,0,1,0,0,0,,,,,,,,,,,,,66.4000015258789,PS_039,,,
31.79999923706055,13.699832916259766,2024-12-07T14:45:00Z,1,1,1,1,1,1,1,0,1,1,1053.9000244140625,82.0999984741211,,,,,,,,,57.5,1060.7999267578125,66.4000015258789,PS_039,,327.39599609375,6.113999843597412
32.0438218749422,13.743910058503726,2024-12-07T15:00:00Z,4,4,4,4,4,4,1,0,4,4,1037.939503258211,84.27173772865847,,,,,,,,,44.05856668376429,1022.5774098003707,66.4000015258789,PS_039,,329.91208571321414,5.422124244927883
32.125962855827396,13.791787715312635,2024-12-07T15:15:00Z,4,4,4,4,4,4,1,0,4,4,743.7804780350456,65.20527734560153,,,,,,,,,43.74041770157971,740.5912787365685,66.4000015258789,PS_039,,308.6313537478495,4.9426889998322645
31.916778028036525,13.841786713455953,2024-12-07T15:30:00Z,4,4,4,4,4,4,1,0,4,4,782.1311835897523,71.09041070790984,,,,,,,,,40.79725256766701,783.8437809627553,66.4000015258789,PS_039,,328.29661698134925,5.223685040681614
31.675096565445795,13.891684666375031,2024-12-07T15:45:00Z,3,3,3,3,3,3,1,0,3,3,625.7364525046287,62.11884530413422,,,,,,,,,39.52872981545433,620.4048228166052,66.4000015258789,PS_039,,315.81537070638984,5.365652748773416
31.646744990041547,13.942828524970958,2024-12-07T16:00:00Z,4,4,4,4,4,4,1,0,4,4,651.2339836884335,65.85357161624358,,,,,,,,,41.02567743582061,645.1661773173865,66.4000015258789,PS_039,,300.8226895487153,6.411588697936263
31.841852580151162,13.986924364818828,2024-12-07T16:15:00Z,4,4,4,4,4,4,1,0,4,4,674.3134895417248,67.97688018680392,,,,,,,,,43.045973516761634,673.530514151336,66.4000015258789,PS_039,,326.68790423831103,5.184546530578817
32.43111475290145,14.028068279223628,2024-12-07T16:30:00Z,3,3,3,3,3,3,1,0,3,3,841.3183565203112,80.67898986947114,,,,,,,,,47.127729256527594,861.809657135645,66.4000015258789,PS_039,,308.03339761723885,5.952799938370034
32.18947140094562,14.060832267409667,2024-12-07T16:45:00Z,4,4,4,4,4,4,1,0,4,4,600.5369295724274,64.21508434358716,,,,,,,,,46.02457331896694,604.6799220789133,66.4000015258789,PS_039,,315.85419318293236,4.188156619020374
31.625811419760794,14.088415765019793,2024-12-07T17:00:00Z,4,4,4,4,4,4,1,0,4,4,516.1357412116091,61.602545180935216,,,,,,,,,42.05559604201005,502.6657118322909,66.4000015258789,PS_039,,309.45953760533797,5.96210907491408
31.769170990029817,14.116138231652352,2024-12-07T17:15:00Z,3,3,3,3,3,3,1,0,3,3,553.7451934112963,70.11368282631882,,,,,,,,,44.147259076326776,536.3925324959565,66.4000015258789,PS_039,,296.7927398562151,4.360640845072865
31.600000381469727,14.134452128185861,2024-12-07T17:30:00Z,4,4,4,4,4,4,1,0,4,4,430.3808697757747,63.988321924086,,,,,,,,,40.968164663662755,395.782167124714,66.4000015258789,PS_039,,300.68475439762625,3.7657858893134395
32.185073288535506,14.15256655392548,2024-12-07T17:45:00Z,4,4,4,4,4,4,1,0,4,4,549.6082830785545,74.43005398939214,,,,,,,,,43.092444066795125,552.8121814703564,66.4000015258789,PS_039,,171.01184066644348,3.576183959304143
32.587901664156796,14.167387550306909,2024-12-07T18:00:00Z,3,3,3,3,3,3,1,0,3,3,585.836818781595,79.6189348351758,,,,,,,,,45.36160403082249,598.292630460718,66.4000015258789,PS_039,,278.45681745412804,2.927513156153093
31.970246725909522,14.18480279860323,2024-12-07T18:15:00Z,4,4,4,4,4,4,1,0,4,4,414.1834489215233,69.12554864236348,,,,,,,,,41.612956131042544,379.2596354094451,66.4000015258789,PS_039,,338.3305829444838,2.8633488869561745
32.04981163876781,14.204876769886464,2024-12-07T18:30:00Z,3,3,3,3,3,3,1,0,3,3,437.6391133211816,75.71458454042262,,,,,,,,,39.98680090207606,425.5360105764831,66.4000015258789,PS_039,,347.02652562296595,3.209197719516708
31.906604276744954,14.227078145962663,2024-12-07T18:45:00Z,4,4,4,4,4,4,1,0,4,4,339.9889795864959,70.55221438338494,,,,,,,,,39.70079107657244,286.45520326630873,66.4000015258789,PS_039,,315.17537632088903,2.9856129285760367
31.305580049939447,14.243690063653025,2024-12-07T19:00:00Z,4,4,4,4,4,4,1,0,4,4,256.84777839134904,64.7070845633669,,,,,,,,,37.355037521869484,183.77268217511283,66.4000015258789,PS_039,,320.0137373205132,3.888795883863073
30.96907858956025,14.255939959816592,2024-12-07T19:15:00Z,3,3,3,3,3,3,1,0,3,3,182.5275266788892,48.442637080499146,,,,,,,,,34.67281323975453,116.22894200794184,66.4000015258789,PS_039,,301.4201556124403,3.068144177723445
30.58433337594302,14.268372083706524,2024-12-07T19:30:00Z,4,4,4,4,4,4,1,0,4,4,139.12688453213082,37.862217973034156,,,,,,,,,32.936095682809594,79.0019899435593,66.4000015258789,PS_039,,296.6232347812916,2.48618784623503
30.174988877653885,14.27393558666665,2024-12-07T19:45:00Z,4,4,4,4,4,4,1,0,4,4,100.83007436957772,27.76896635034205,,,,,,,,,31.225874794387618,54.40043648090052,66.4000015258789,PS_039,,224.18243298337617,2.35682612242265
29.700000762939453,14.274423089758518,2024-12-07T20:00:00Z,3,3,3,3,3,3,1,0,3,3,65.39646468133787,12.467299257651264,,,,,,,,,29.776203016582553,40.339756079932165,66.4000015258789,PS_039,,300.176635527023,2.4880215595014645
29.443290247685695,14.27608592263036,2024-12-07T20:15:00Z,4,4,4,4,4,4,1,0,4,4,44.56822190675477,4.608008436531004,,,,,,,,,28.454516188566924,34.10789523536035,66.4000015258789,PS_039,,318.38049017736705,1.3395766500263668
29.152768697814157,14.279674298915271,2024-12-07T20:30:00Z,3,3,3,3,3,3,1,0,3,3,32.6769443156051,1.012921732261746,,,,,,,,,27.40553620524218,27.97982308517593,66.4000015258789,PS_039,,304.0600892717967,1.5348825590068504
29.335465944397804,14.280614852905273,2024-12-07T20:45:00Z,4,4,4,4,4,4,1,0,4,4,29.28801894336261,0.10101030741472407,,,,,,,,,26.864978305890308,27.37377166195561,66.4000015258789,PS_039,,300.59455803840996,2.325567643504562
28.785615363151628,14.280614852905272,2024-12-07T21:00:00Z,4,4,4,4,4,4,1,0,4,4,22.922633039045085,-1.1024657796523119,,,,,,,,,25.987750210306633,21.107922549487657,66.4000015258789,PS_039,,294.1643287720983,2.057946318451247
29.098312666540167,14.28511042408894,2024-12-07T21:15:00Z,3,3,3,3,3,3,1,0,3,3,11.369503389730829,-2.099999904632568,,,,,,,,,25.453950182637993,11.252827690010935,66.4000015258789,PS_039,,288.0265757126965,1.856330056819868
28.117375076268836,14.285961151123045,2024-12-07T21:30:00Z,4,4,4,4,4,4,1,0,4,4,2.815031171299397,-2.0999999046325684,,,,,,,,,26.49093499599015,3.9380210112638903,66.4000015258789,PS_039,,266.69195463319994,0.8996631060456957
26.960255633804564,14.285961151123045,2024-12-07T21:45:00Z,4,4,4,4,4,4,1,0,4,4,-0.07878967935209108,-2.0999999046325684,,,,,,,,,25.377058614236557,0.550000011920929,66.4000015258789,PS_039,,261.51253744344865,1.6237578948647695
26.399999618530273,14.285961151123045,2024-12-07T22:00:00Z,3,3,3,3,3,3,1,0,3,3,-0.14999999105930328,-1.7444242683896003,,,,,,,,,24.172103235765693,0.9055756905518257,66.4000015258789,PS_039,,227.7153555363489,2.40343823907665
25.431623713431946,14.28680453663026,2024-12-07T22:15:00Z,4,4,4,4,4,4,1,0,4,4,0.05208191046772829,-2.0999999046325684,,,,,,,,,24.25542090759375,0.550000011920929,66.4000015258789,PS_039,,119.6922917951636,2.740791087245787
24.29549961248855,14.287259718688482,2024-12-07T22:30:00Z,4,4,4,4,4,4,1,0,4,4,-0.20506904076663532,-2.33482419448571,,,,,,,,,23.22261950612022,0.6111878327487942,66.4000015258789,PS_039,,155.36509144972428,3.368499201150385
23.725040825307126,14.289396906699984,2024-12-07T22:45:00Z,3,3,3,3,3,3,1,0,3,3,-0.14999999105930326,-2.710618721695483,,,,,,,,,22.66714756565736,0.22862169609867422,66.4000015258789,PS_039,,130.23657184648437,3.1483946517320796
23.34374069915797,14.291306495666504,2024-12-07T23:00:00Z,4,4,4,4,4,4,1,0,4,4,-0.315815325828717,-2.3315669996444197,,,,,,,,,22.043740468625018,0.6027358049261519,66.4000015258789,PS_039,,165.08439238698188,3.724773052883062
23.200000762939453,14.291306495666504,2024-12-07T23:15:00Z,3,3,3,3,3,3,1,0,3,3,0.11486120467946982,-1.8847199736497462,,,,,,,,,21.899999618530273,0.16792062889743892,66.4000015258789,PS_039,,156.31930053409712,1.3628938052690927
23.23254456716644,14.291306495666504,2024-12-07T23:30:00Z,4,4,4,4,4,4,1,0,4,4,0.01527208336524139,-2.506476785760473,,,,,,,,,21.899999618530273,0.44469499035701887,66.4000015258789,PS_039,,147.3744755017481,3.153455814504556
23.246037757973127,14.291306495666502,2024-12-07T23:45:00Z,4,4,4,4,4,4,1,0,4,4,-0.2953627405256631,-2.0037526015725,,,,,,,,,21.899999618530273,0.3989827966187152,66.4000015258789,PS_039,,188.723837928949,3.117522727601052
23.20000076293945,14.291306495666504,2024-12-08T00:00:00Z,3,3,3,3,3,3,1,0,3,3,-0.2372281415854235,-2.0999999046325684,,,,,,,,,21.899999618530273,0.3706596385788818,66.4000015258789,PS_039,,178.06902456597336,2.660964919213797
22.93632169697099,14.29319293633934,2024-12-08T00:15:00Z,4,4,4,4,4,4,1,0,4,4,-0.3095962518403948,-1.9715901785147942,,,,,,,,,21.65201261401614,-0.25270583007472475,66.4000015258789,PS_039,,189.35657920084566,2.183582798939439
22.84096717862149,14.293320163428787,2024-12-08T00:30:00Z,4,4,4,4,4,4,1,0,4,4,-0.2116079063599864,-2.547237357227552,,,,,,,,,21.27088353713657,0.41277595966221453,66.4000015258789,PS_039,,203.71378381485067,2.1348554760795944
22.399999618530273,14.295321742493726,2024-12-08T00:45:00Z,3,3,3,3,3,3,1,0,3,3,-0.2138134492009442,-2.0931293588616557,,,,,,,,,20.899999618530273,0.262271904750272,66.4000015258789,PS_039,,178.94591280749697,1.876688356154584
22.14037591064583,14.294646088262887,2024-12-08T01:00:00Z,4,4,4,4,4,4,1,0,4,4,-0.08943654688419748,-2.3727100440321918,,,,,,,,,20.89999961853027,0.550000011920929,66.4000015258789,PS_039,,169.58033215481032,2.023044607663207
22.147984721764264,14.295985221862791,2024-12-08T01:15:00Z,4,4,4,4,4,4,1,0,4,4,-0.6490186100726013,-2.9326531168540533,,,,,,,,,20.862942819221715,0.5764510822973481,66.4000015258789,PS_039,,184.26886102157667,1.6612027422183089
22.06253178999401,14.295985221862791,2024-12-08T01:30:00Z,3,3,3,3,3,3,1,0,3,3,-0.2343039952604743,-2.006328805603191,,,,,,,,,20.600000381469727,0.14367112420108358,66.4000015258789,PS_039,,187.82229738502613,2.387081319505347
21.97580395998267,14.295985221862793,2024-12-08T01:45:00Z,4,4,4,4,4,4,1,0,4,4,-0.21491118926199468,-2.164911113582507,,,,,,,,,20.503346431507943,0.38891070622425705,66.4000015258789,PS_039,,161.29071257631253,2.1036707785588087
21.802155021081084,14.295985221862791,2024-12-08T02:00:00Z,4,4,4,4,4,4,1,0,4,4,-0.3823240529772977,-2.6608633794922474,,,,,,,,,20.299999237060547,0.2364304293623559,66.4000015258789,PS_039,,216.13508380777407,1.674911616739959
21.60000038146973,14.298136446598464,2024-12-08T02:15:00Z,3,3,3,3,3,3,1,0,3,3,-0.25283846107555885,-2.5809230669502847,,,,,,,,,20.299999237060547,0.43573503587145623,66.4000015258789,PS_039,,185.868325168892,2.6776501983472283
21.447147148006525,14.296772667669433,2024-12-08T02:30:00Z,4,4,4,4,4,4,1,0,4,4,0.004453225281657565,-2.3188051904778075,,,,,,,,,20.26969560572108,0.4006096090803925,66.4000015258789,PS_039,,182.49069071067402,2.188564074033448
21.34900344776056,14.297030991575582,2024-12-08T02:45:00Z,3,3,3,3,3,3,1,0,3,3,-0.14999999105930328,-2.38848675490356,,,,,,,,,20.13266954371054,0.550000011920929,66.4000015258789,PS_039,,190.6338214031596,1.6393134965396947
21.299999237060547,14.301332473754885,2024-12-08T03:00:00Z,2,2,2,2,2,2,1,0,2,2,-0.14999999105930328,-2.2491536339474747,,,,,,,,,20.100000381469727,0.251692573047237,66.4000015258789,PS_039,,204.4626470135137,2.118583949123206
,,2024-12-08T03:15:00Z,0,0,0,0,0,0,1,0,0,0,,,,,,,,,,,,,66.4000015258789,PS_039,,,
,,2024-12-08T03:30:00Z,0,0,0,0,0,0,1,0,0,0,,,,,,,,,,,,,66.4000015258789,PS_039,,,
,,2024-12-08T03:45:00Z,0,0,0,0,0,0,1,0,0,0,,,,,,,,,,,,,66.4000015258789,PS_039,,,
,,2024-12-08T04:00:00Z,0,0,0,0,0,0,1,0,0,0,,,,,,,,,,,,,66.4000015258789,PS_039,,,
,,2024-12-08T04:15:00Z,0,0,0,0,0,0,1,0,0,0,,,,,,,,,,,,,66.4000015258789,PS_039,,,
,,2024-12-08T04:30:00Z,0,0,0,0,0,0,1,0,0,0,,,,,,,,,,,,,66.4000015258789,PS_039,,,
,,2024-12-08T04:45:00Z,0,0,0,0,0,0,1,0,0,0,,,,,,,,,,,,,66.4000015258789,PS_039,,,
,,2024-12-08T05:00:00Z,0,0,0,0,0,0,1,0,0,0,,,,,,,,,,,,,66.4000015258789,PS_039,,,
,,2024-12-08T05:15:00Z,0,0,0,0,0,0,1,0,0,0,,,,,,,,,,,,,66.4000015258789,PS_039,,,
,,2024-12-08T05:30:00Z,0,0,0,0,0,0,1,0,0,0,,,,,,,,,,,,,66.4000015258789,PS_039,,,
,,2024-12-08T05:45:00Z,0,0,0,0,0,0,1,0,0,0,,,,,,,,,,,,,66.4000015258789,PS_039,,,
,,2024-12-08T06:00:00Z,0,0,0,0,0,0,1,0,0,0,,,,,,,,,,,,,66.4000015258789,PS_039,,,
,,2024-12-08T06:15:00Z,0,0,0,0,0,0,1,0,0,0,,,,,,,,,,,,,66.4000015258789,PS_039,,,
,,2024-12-08T06:30:00Z,0,0,0,0,0,0,1,0,0,0,,,,,,,,,,,,,66.4000015258789,PS_039,,,
,,2024-12-08T06:45:00Z,0,0,0,0,0,0,1,0,0,0,,,,,,,,,,,,,66.4000015258789,PS_039,,,
,,2024-12-08T07:00:00Z,0,0,0,0,0,0,1,0,0,0,,,,,,,,,,,,,66.4000015258789,PS_039,,,
,,2024-12-08T07:15:00Z,0,0,0,0,0,0,1,0,0,0,,,,,,,,,,,,,66.4000015258789,PS_039,,,
,,2024-12-08T07:30:00Z,0,0,0,0,0,0,1,0,0,0,,,,,,,,,,,,,66.4000015258789,PS_039,,,
,,2024-12-08T07:45:00Z,0,0,0,0,0,0,1,0,0,0,,,,,,,,,,,,,66.4000015258789,PS_039,,,
,,2024-12-08T08:00:00Z,0,0,0,0,0,0,1,0,0,0,,,,,,,,,,,,,66.4000015258789,PS_039,,,
,,2024-12-08T08:15:00Z,0,0,0,0,0,0,1,0,0,0,,,,,,,,,,,,,66.4000015258789,PS_039,,,
,,2024-12-08T08:30:00Z,0,0,0,0,0,0,1,0,0,0,,,,,,,,,,,,,66.4000015258789,PS_039,,,
,,2024-12-08T08:45:00Z,0,0,0,0,0,0,1,0,0,0,,,,,,,,,,,,,66.4000015258789,PS_039,,,
20.5,14.307897019014623,2024-12-08T09:00:00Z,2,2,2,2,2,2,1,0,2,2,17.527550914801076,-0.6499999761581421,,,,,,,,,19.299999237060547,17.147360881140187,66.4000015258789,PS_039,,176.8392517691983,0.43980292450592784
20.71251604383057,14.30932854544304,2024-12-08T09:15:00Z,4,4,4,4,4,4,1,0,4,4,20.857813728248292,-0.06727166396190774,,,,,,,,,19.468042167908404,20.970446890885086,66.4000015258789,PS_039,,156.4858734715066,0.6924430139297469
20.799999237060547,14.31065996894684,2024-12-08T09:30:00Z,3,3,3,3,3,3,1,0,3,3,21.141631133212623,0.4032094715732918,,,,,,,,,20.052777065978006,21.17129477441708,66.4000015258789,PS_039,,156.88491237433965,1.057945038862998
20.941100761546778,14.311357498168944,2024-12-08T09:45:00Z,4,4,4,4,4,4,1,0,4,4,48.41838119510301,4.630776442557942,,,,,,,,,20.255368432670842,41.690423956225615,66.4000015258789,PS_039,,136.5741990756106,1.2884715275117973
21.268337003092906,14.311357498168947,2024-12-08T10:00:00Z,4,4,4,4,4,4,1,0,4,4,91.22318142431695,13.062530627808023,,,,,,,,,21.19062736358968,73.91041656361665,66.4000015258789,PS_039,,130.96028113163342,0.3067117984588092
21.60000038146973,14.311357498168947,2024-12-08T10:15:00Z,3,3,3,3,3,3,1,0,3,3,113.14967654990208,18.937081640255652,,,,,,,,,22.940667468613363,88.319136771033,66.4000015258789,PS_039,,115.28165053217992,1.0077850894378622
21.644200247300084,14.311357498168945,2024-12-08T10:30:00Z,4,4,4,4,4,4,1,0,4,4,57.971801966578376,9.210102579479862,,,,,,,,,23.199365954119457,46.183000758141795,66.4000015258789,PS_039,,111.38890697709381,1.1005190002307503
21.659461056728475,14.312240454931782,2024-12-08T10:45:00Z,3,3,3,3,3,3,1,0,3,3,51.87615983820777,9.343124801776497,,,,,,,,,22.96035929779966,36.358486546734426,66.4000015258789,PS_039,,290.3805028076504,0.643130235961679
22.028202180989595,14.311357498168945,2024-12-08T11:00:00Z,4,4,4,4,4,4,1,0,4,4,89.5440059530901,16.351852668031817,,,,,,,,,23.240069656200106,59.51478890746014,66.4000015258789,PS_039,,256.62471275558033,0.6707133798824397
22.020318711575587,14.313487879842716,2024-12-08T11:15:00Z,4,4,4,4,4,4,1,0,4,4,65.8658169202103,12.362018325848444,,,,,,,,,22.92031833010586,46.87813369860728,66.4000015258789,PS_039,,164.1903549814207,0.861512630698268
22.100000381469727,14.311357498168945,2024-12-08T11:30:00Z,3,3,3,3,3,3,1,0,3,3,95.85023295866701,18.362491014705682,,,,,,,,,23.223117039011687,64.54020033037212,66.4000015258789,PS_039,,218.29268697895225,0.7023349393564863
22.01267343531204,14.311357498168944,2024-12-08T11:45:00Z,4,4,4,4,4,4,1,0,4,4,120.76821252510098,16.436622733972232,,,,,,,,,22.886526206010434,95.61893418640491,66.4000015258789,PS_039,,238.72627728043858,0.9909046421801956
21.893360711567382,14.31373279984796,2024-12-08T12:00:00Z,4,4,4,4,4,4,1,0,4,4,68.43621915480689,9.520555192363998,,,,,,,,,22.17663601260633,51.358402067455316,66.4000015258789,PS_039,,206.2214896810774,1.6807788045630638
21.899999618530273,14.311357498168945,2024-12-08T12:15:00Z,3,3,3,3,3,3,1,0,3,3,113.82119159904447,12.57488701962185,,,,,,,,,22.246313760971756,94.17556810371752,66.4000015258789,PS_039,,257.2226376252766,0.8776003032730705
21.600000381469727,14.312942585962292,2024-12-08T12:30:00Z,4,4,4,4,4,4,1,0,4,4,90.33865363372107,9.964798160469035,,,,,,,,,22.288929644217852,74.11534440685418,66.5999984741211,PS_039,,233.10288233685816,1.5225319278824176
21.78364757954143,14.31197540007676,2024-12-08T12:45:00Z,4,4,4,4,4,4,1,0,4,4,102.41032097054283,11.27994519714443,,,,,,,,,22.500000000000004,85.76572479324714,67.0,PS_039,,238.4406054195278,1.075922469128567
21.849038275895957,14.311357498168945,2024-12-08T13:00:00Z,3,3,3,3,3,3,1,0,3,3,109.50060065708487,12.064124776312363,,,,,,,,,22.512261658964086,91.05702608512911,67.5999984741211,PS_039,,257.2604848063234,1.2064545907307094
21.85631353846231,14.312136168396878,2024-12-08T13:15:00Z,4,4,4,4,4,4,1,0,4,4,188.9173857898978,22.18501667322402,,,,,,,,,23.49173005650589,165.47256242923035,68.20000457763672,PS_039,,206.92772155430956,0.6417151997873343
22.023249983556333,14.312190305283677,2024-12-08T13:30:00Z,4,4,4,4,4,4,1,0,4,4,241.7088486724714,25.583006639397485,,,,,,,,,24.763769251537745,226.89907643843046,68.20000457763672,PS_039,,175.13426194062,0.6919630791056619
22.186932164818643,14.31363316984316,2024-12-08T13:45:00Z,4,4,4,4,4,4,1,0,4,4,182.3568689103102,16.579085017799873,,,,,,,,,26.79897271466856,173.18042680604725,68.20000457763672,PS_039,,155.37256052894668,0.9261540731150597
22.100000381469727,14.316704750061037,2024-12-08T14:00:00Z,3,3,3,3,3,3,1,0,3,3,145.53389566417974,12.052559008449228,,,,,,,,,26.044024607517493,139.62041445369667,68.20000457763672,PS_039,,191.90698083205635,1.0240454354383315
22.324926735072804,14.313692270677102,2024-12-08T14:15:00Z,4,4,4,4,4,4,1,0,4,4,220.51959499307287,20.066789739367042,,,,,,,,,25.118267361240378,215.1776386534365,68.20000457763672,PS_039,,221.19796090320403,0.7208302641908806
22.63114301542971,14.315852505781423,2024-12-08T14:30:00Z,4,4,4,4,4,4,1,0,4,4,239.0105555175631,22.760859493221307,,,,,,,,,28.002287492941047,235.25726161134332,68.20000457763672,PS_039,,179.0601012697908,0.3317634710107399
22.993456584338418,14.320385558599684,2024-12-08T14:45:00Z,3,3,3,3,3,3,1,0,3,3,224.0182286820266,20.577020056900505,,,,,,,,,31.244238603031146,221.44495325841646,68.20000457763672,PS_039,,44.81715758670606,1.1229643456147305
23.03041799574226,14.317440135635202,2024-12-08T15:00:00Z,4,4,4,4,4,4,1,0,4,4,204.10962978155752,16.95980421511312,,,,,,,,,27.94881988364502,200.84170487245206,68.20000457763672,PS_039,,262.6231864813725,0.5943088575410899
22.773317583778528,14.318015798752223,2024-12-08T15:15:00Z,4,4,4,4,4,4,1,0,4,4,203.09042419802296,17.87243721565882,,,,,,,,,26.011460538237063,200.29504188756684,68.20000457763672,PS_039,,77.67193157104815,0.772947137751043
22.867720630531483,14.316704750061035,2024-12-08T15:30:00Z,3,3,3,3,3,3,1,0,3,3,149.9259367640173,14.032658979078597,,,,,,,,,25.196331784455985,146.99172534414407,68.20000457763672,PS_039,,208.53050019868377,0.14061549949330412
22.899999618530273,14.316704750061037,2024-12-08T15:45:00Z,4,4,4,4,4,4,1,0,4,4,208.81267367521045,18.263810148443916,,,,,,,,,25.478253541070448,203.50950795136865,68.20000457763672,PS_039,,178.8363442800228,0.922001647781007
22.933830716569265,14.316704750061033,2024-12-08T16:00:00Z,4,4,4,4,4,4,1,0,4,4,243.66869858533033,23.078237374431666,,,,,,,,,25.300664037568872,239.8267370489949,68.20000457763672,PS_039,,170.6839373186893,1.110921616978666
23.43186878298503,14.316704750061035,2024-12-08T16:15:00Z,3,3,3,3,3,3,1,0,3,3,295.36927653670404,33.07753939591445,,,,,,,,,26.918316414150283,276.5578099783539,68.20000457763672,PS_039,,223.96692050831206,0.5183587885354118
23.641504449687385,14.316704750061037,2024-12-08T16:30:00Z,4,4,4,4,4,4,1,0,4,4,447.3167221121006,48.1100444699035,,,,,,,,,27.392517556457083,445.0002545983493,68.20000457763672,PS_039,,178.51446938683645,1.5368590122185029
24.05021674791268,14.317797750084377,2024-12-08T16:45:00Z,3,3,3,3,3,3,1,0,3,3,311.51052654980487,40.974119604700384,,,,,,,,,32.46356582980668,261.50265278463814,68.20000457763672,PS_039,,207.33449122821904,1.3226910319682692
23.570578342282662,14.318591407191805,2024-12-08T17:00:00Z,4,4,4,4,4,4,1,0,4,4,171.11820150351252,19.58452726923518,,,,,,,,,28.57777380429346,147.66675516655937,68.20000457763672,PS_039,,220.30722940626558,0.8274508182034526
23.700000762939453,14.316704750061037,2024-12-08T17:15:00Z,4,4,4,4,4,4,1,0,4,4,270.0496676701878,35.86375920131943,,,,,,,,,28.520051766945237,231.94037401360984,68.20000457763672,PS_039,,193.34145008596528,0.8493378278018366
23.562873190150018,14.316704750061037,2024-12-08T17:30:00Z,3,3,3,3,3,3,1,0,3,3,227.66715763025655,31.946877962407868,,,,,,,,,28.905690814378158,182.00396923284387,68.20000457763672,PS_039,,204.04577264496567,0.8837095741327806
23.19061162958435,14.319791204416628,2024-12-08T17:45:00Z,4,4,4,4,4,4,1,0,4,4,61.23302488507178,6.402032425857373,,,,,,,,,25.793220041035948,42.16053708491213,68.20000457763672,PS_039,,217.95545769287003,1.6666554257556376
22.579043208664263,14.316704750061039,2024-12-08T18:00:00Z,4,4,4,4,4,4,1,0,4,4,63.92899141551889,5.746819285738407,,,,,,,,,22.667072324198163,49.27212236150408,68.20000457763672,PS_039,,281.7469673251701,0.6239811456343521
22.399999618530273,14.316704750061037,2024-12-08T18:15:00Z,3,3,3,3,3,3,1,0,3,3,106.81420068890256,16.490489470190784,,,,,,,,,22.744001483524013,78.80247420593548,68.5999984741211,PS_039,,199.9871580016627,0.7669399058442697
22.27020350804884,14.31208882762508,2024-12-08T18:30:00Z,4,4,4,4,4,4,1,0,4,4,113.94914785606844,20.096835541313464,,,,,,,,,23.170203126579118,91.12767118390155,68.80000305175781,PS_039,,247.19395009380142,1.0316142998709965
22.38908908949432,14.314511549321178,2024-12-08T18:45:00Z,4,4,4,4,4,4,1,0,4,4,167.1475274297324,34.13129526828063,,,,,,,,,23.84323450721304,110.68281697032724,68.80000305175781,PS_039,,250.27514778404395,1.026953774647448
22.12127293753962,14.31220304728968,2024-12-08T19:00:00Z,3,3,3,3,3,3,1,0,3,3,79.01447163872996,17.355536203685695,,,,,,,,,22.588163948511973,46.15280818770835,68.80000305175781,PS_039,,247.0933089249275,2.0893693817980274
21.928188197841024,14.314222413373903,2024-12-08T19:15:00Z,4,4,4,4,4,4,1,0,4,4,100.75738686626408,20.051979354479716,,,,,,,,,22.339268395603206,80.23871878788466,68.80000305175781,PS_039,,201.7959970478705,0.8313743475824724
21.875577903857913,14.312590822957945,2024-12-08T19:30:00Z,4,4,4,4,4,4,1,0,4,4,209.13039754013388,42.564377912747055,,,,,,,,,23.55355078954695,201.07861885185898,68.80000305175781,PS_039,,192.45688023829723,0.7898784347643761
22.482701840080196,14.315648103451213,2024-12-08T19:45:00Z,3,3,3,3,3,3,1,0,3,3,284.95196436321135,58.71466578810246,,,,,,,,,27.933520591162726,277.9191492635226,69.0,PS_039,,166.1124523324561,2.318361252463646
23.45763585857936,14.314935978210348,2024-12-08T20:00:00Z,4,4,4,4,4,4,1,0,4,4,405.4490257707055,57.11401414762002,,,,,,,,,35.872820881775155,681.8835165187616,69.0,PS_039,,222.37976899953648,1.117087429719497
23.59655701801558,14.316704750061033,2024-12-08T20:15:00Z,4,4,4,4,4,4,1,0,4,4,233.30237418951683,30.88594688688557,,,,,,,,,35.30085236554221,417.83593384212253,69.0,PS_039,,196.0141998058399,1.355746349130169
23.3172134020139,14.317624473542736,2024-12-08T20:30:00Z,3,3,3,3,3,3,1,0,3,3,117.12238871482971,29.269618716529425,,,,,,,,,37.03582364360498,419.20297416715795,69.0,PS_039,,202.18333005328185,0.9002073047515028
22.684801934831913,14.318607107819725,2024-12-08T20:45:00Z,4,4,4,4,4,4,1,0,4,4,60.1019272060236,3.348268629042161,,,,,,,,,28.23110183744914,55.05343755808109,69.0,PS_039,,210.76472847279612,0.2982043637170178
22.399999618530273,14.316704750061033,2024-12-08T21:00:00Z,3,3,3,3,3,3,1,0,3,3,22.77660922285308,-1.927657176059735,,,,,,,,,23.760666609746355,18.273316583130264,69.0,PS_039,,238.26656786362295,0.5354363864951476
21.92029582982855,14.316704750061037,2024-12-08T21:15:00Z,4,4,4,4,4,4,1,0,4,4,5.6967502615869074,-2.03990724617177,,,,,,,,,21.7869829731934,4.002616151201131,69.0,PS_039,,272.3930024843062,0.12743459816238092
21.829786557010856,14.314218050695365,2024-12-08T21:30:00Z,4,4,4,4,4,4,1,0,4,4,6.588104822203031,-2.6271407785197782,,,,,,,,,21.11756656777261,6.314362656989263,69.0,PS_039,,245.5346114359111,-0.016661078820558506
21.899999618530273,14.315844384586136,2024-12-08T21:45:00Z,3,3,3,3,3,3,1,0,3,3,1.3130162415971836,-1.9297131627576638,,,,,,,,,20.600000381469723,0.7028537225665268,69.0,PS_039,,227.41097812675793,-0.036000002175569534
,,2024-12-08T22:00:00Z,0,0,0,0,0,0,1,0,0,0,,,,,,,,,,,,,69.0,PS_039,,,
,,2024-12-08T22:15:00Z,0,0,0,0,0,0,1,0,0,0,,,,,,,,,,,,,69.0,PS_039,,,
,,2024-12-08T22:30:00Z,0,0,0,0,0,0,1,0,0,0,,,,,,,,,,,,,69.0,PS_039,,,
,,2024-12-08T22:45:00Z,0,0,0,0,0,0,1,0,0,0,,,,,,,,,,,,,69.0,PS_039,,,
,,2024-12-08T23:00:00Z,0,0,0,0,0,0,1,0,0,0,,,,,,,,,,,,,69.0,PS_039,,,
,,2024-12-08T23:15:00Z,0,0,0,0,0,0,1,0,0,0,,,,,,,,,,,,,69.0,PS_039,,,
,,2024-12-08T23:30:00Z,0,0,0,0,0,0,1,0,0,0,,,,,,,,,,,,,69.0,PS_039,,,
,,2024-12-08T23:45:00Z,0,0,0,0,0,0,1,0,0,0,,,,,,,,,,,,,69.0,PS_039,,,
,,2024-12-09T00:00:00Z,0,0,0,0,0,0,1,0,0,0,,,,,,,,,,,,,69.0,PS_039,,,
,,2024-12-09T00:15:00Z,0,0,0,0,0,0,1,0,0,0,,,,,,,,,,,,,69.0,PS_039,,,
,,2024-12-09T00:30:00Z,0,0,0,0,0,0,1,0,0,0,,,,,,,,,,,,,69.0,PS_039,,,
,,2024-12-09T00:45:00Z,0,0,0,0,0,0,1,0,0,0,,,,,,,,,,,,,69.0,PS_039,,,
,,2024-12-09T01:00:00Z,0,0,0,0,0,0,1,0,0,0,,,,,,,,,,,,,69.0,PS_039,,,
,,2024-12-09T01:15:00Z,0,0,0,0,0,0,1,0,0,0,,,,,,,,,,,,,69.0,PS_039,,,
,,2024-12-09T01:30:00Z,0,0,0,0,0,0,1,0,0,0,,,,,,,,,,,,,69.0,PS_039,,,
,,2024-12-09T01:45:00Z,0,0,0,0,0,0,1,0,0,0,,,,,,,,,,,,,69.0,PS_039,,,
,,2024-12-09T02:00:00Z,0,0,0,0,0,0,1,0,0,0,,,,,,,,,,,,,69.0,PS_039,,,
,,2024-12-09T02:15:00Z,0,0,0,0,0,0,1,0,0,0,,,,,,,,,,,,,69.0,PS_039,,,
,,2024-12-09T02:30:00Z,0,0,0,0,0,0,1,0,0,0,,,,,,,,,,,,,69.0,PS_039,,,
,,2024-12-09T02:45:00Z,0,0,0,0,0,0,1,0,0,0,,,,,,,,,,,,,69.0,PS_039,,,
,,2024-12-09T03:00:00Z,0,0,0,0,0,0,1,0,0,0,,,,,,,,,,,,,69.0,PS_039,,,
,,2024-12-09T03:15:00Z,0,0,0,0,0,0,1,0,0,0,,,,,,,,,,,,,69.0,PS_039,,,
,,2024-12-09T03:30:00Z,0,0,0,0,0,0,1,0,0,0,,,,,,,,,,,,,69.0,PS_039,,,
,,2024-12-09T03:45:00Z,0,0,0,0,0,0,1,0,0,0,,,,,,,,,,,,,69.0,PS_039,,,
,,2024-12-09T04:00:00Z,0,0,0,0,0,0,1,0,0,0,,,,,,,,,,,,,69.0,PS_039,,,
,,2024-12-09T04:15:00Z,0,0,0,0,0,0,1,0,0,0,,,,,,,,,,,,,69.0,PS_039,,,
,,2024-12-09T04:30:00Z,0,0,0,0,0,0,1,0,0,0,,,,,,,,,,,,,69.0,PS_039,,,
,,2024-12-09T04:45:00Z,0,0,0,0,0,0,1,0,0,0,,,,,,,,,,,,,69.0,PS_039,,,
,,2024-12-09T05:00:00Z,0,0,0,0,0,0,1,0,0,0,,,,,,,,,,,,,69.0,PS_039,,,
,,2024-12-09T05:15:00Z,0,0,0,0,0,0,1,0,0,0,,,,,,,,,,,,,69.0,PS_039,,,
,,2024-12-09T05:30:00Z,0,0,0,0,0,0,1,0,0,0,,,,,,,,,,,,,69.0,PS_039,,,
,,2024-12-09T05:45:00Z,0,0,0,0,0,0,1,0,0,0,,,,,,,,,,,,,69.0,PS_039,,,
,,2024-12-09T06:00:00Z,0,0,0,0,0,0,1,0,0,0,,,,,,,,,,,,,69.0,PS_039,,,
,,2024-12-09T06:15:00Z,0,0,0,0,0,0,1,0,0,0,,,,,,,,,,,,,69.0,PS_039,,,
,,2024-12-09T06:30:00Z,0,0,0,0,0,0,1,0,0,0,,,,,,,,,,,,,69.0,PS_039,,,
,,2024-12-09T06:45:00Z,0,0,0,0,0,0,1,0,0,0,,,,,,,,,,,,,69.0,PS_039,,,
,,2024-12-09T07:00:00Z,0,0,0,0,0,0,1,0,0,0,,,,,,,,,,,,,69.0,PS_039,,,
,,2024-12-09T07:15:00Z,0,0,0,0,0,0,1,0,0,0,,,,,,,,,,,,,69.0,PS_039,,,
,,2024-12-09T07:30:00Z,0,0,0,0,0,0,1,0,0,0,,,,,,,,,,,,,69.0,PS_039,,,
,,2024-12-09T07:45:00Z,0,0,0,0,0,0,1,0,0,0,,,,,,,,,,,,,69.0,PS_039,,,
,,2024-12-09T08:00:00Z,0,0,0,0,0,0,1,0,0,0,,,,,,,,,,,,,69.0,PS_039,,,
,,2024-12-09T08:15:00Z,0,0,0,0,0,0,1,0,0,0,,,,,,,,,,,,,69.0,PS_039,,,
,,2024-12-09T08:30:00Z,0,0,0,0,0,0,1,0,0,0,,,,,,,,,,,,,69.0,PS_039,,,
,,2024-12-09T08:45:00Z,0,0,0,0,0,0,1,0,0,0,,,,,,,,,,,,,69.0,PS_039,,,
,,2024-12-09T09:00:00Z,0,0,0,0,0,0,1,0,0,0,,,,,,,,,,,,,69.0,PS_039,,,
,,2024-12-09T09:15:00Z,0,0,0,0,0,0,1,0,0,0,,,,,,,,,,,,,69.0,PS_039,,,
,,2024-12-09T09:30:00Z,0,0,0,0,0,0,1,0,0,0,,,,,,,,,,,,,69.0,PS_039,,,
,,2024-12-09T09:45:00Z,0,0,0,0,0,0,1,0,0,0,,,,,,,,,,,,,69.0,PS_039,,,
,,2024-12-09T10:00:00Z,0,0,0,0,0,0,1,0,0,0,,,,,,,,,,,,,69.0,PS_039,,,
,,2024-12-09T10:15:00Z,0,0,0,0,0,0,1,0,0,0,,,,,,,,,,,,,69.0,PS_039,,,
21.100000381469727,14.316704750061035,2024-12-09T10:30:00Z,2,2,2,2,2,2,1,0,2,2,107.27433723182297,21.524189210638482,,,,,,,,,21.79899898281546,70.56305454689922,69.0,PS_039,,231.02924495210672,-0.0019446155944586785
21.27151672589688,14.31587656399346,2024-12-09T10:45:00Z,4,4,4,4,4,4,1,0,4,4,142.01246047151707,32.42392830114064,,,,,,,,,22.78825159084791,87.96757697893224,69.20000457763672,PS_039,,210.537476711632,0.3764921699302406
21.704840522672555,14.316704750061035,2024-12-09T11:00:00Z,4,4,4,4,4,4,1,0,4,4,193.1012615697996,40.64020379092463,,,,,,,,,24.160430163949005,131.4048082113014,69.20000457763672,PS_039,,230.4208529895887,0.23584715591560546
21.932939680739945,14.316704750061035,2024-12-09T11:15:00Z,3,3,3,3,3,3,1,0,3,3,267.597145308882,59.961342794978385,,,,,,,,,26.716127860398952,188.69109878774967,69.20000457763672,PS_039,,235.26817932640884,1.1039716893296796
22.70000076293945,14.318693183594844,2024-12-09T11:30:00Z,4,4,4,4,4,4,1,0,4,4,355.8412365439998,61.02358699201912,,,,,,,,,32.18686861342026,307.3476690241115,69.20000457763672,PS_039,,243.9610589017842,0.8284995486121772
22.41396401142993,14.320888436044253,2024-12-09T11:45:00Z,4,4,4,4,4,4,1,0,4,4,246.76250601698155,41.13982390448241,,,,,,,,,30.178668668775646,201.17245304980713,69.20000457763672,PS_039,,237.07173376425476,1.9781403640840682
22.33561275525414,14.317617709543127,2024-12-09T12:00:00Z,3,3,3,3,3,3,1,0,3,3,247.64158711102795,40.86700929592885,,,,,,,,,26.851228868904936,188.86679117685628,69.20000457763672,PS_039,,232.18851567433742,2.5247321882801086
22.7716984981235,14.320219366414314,2024-12-09T12:15:00Z,4,4,4,4,4,4,1,0,4,4,266.04251426148244,43.598789180559784,,,,,,,,,26.992452753043466,208.13000747593048,69.20000457763672,PS_039,,256.4171182508787,1.2924121932968837
23.185227410182737,14.31922811388261,2024-12-09T12:30:00Z,4,4,4,4,4,4,1,0,4,4,324.39111840600924,49.089131625231865,,,,,,,,,28.59018056474987,267.8990467250891,69.20000457763672,PS_039,,254.43919898305037,0.9472459871742349
23.65447190890514,14.32205104827881,2024-12-09T12:45:00Z,3,3,3,3,3,3,1,0,3,3,417.1406118496056,55.98218608211594,,,,,,,,,31.161360076811416,355.0998918006429,69.20000457763672,PS_039,,220.747422865569,0.21477849401155602
24.20993786017137,14.31830365996969,2024-12-09T13:00:00Z,4,4,4,4,4,4,1,0,4,4,428.62265055153574,52.09836131334261,,,,,,,,,33.38833481683728,381.7851408007891,69.20000457763672,PS_039,,293.6798527737298,1.1322495331843434
24.33450754101075,14.32205104827881,2024-12-09T13:15:00Z,3,3,3,3,3,3,1,0,3,3,289.9596726902249,31.068676807909423,,,,,,,,,34.53207421757311,294.4886143656631,69.20000457763672,PS_039,,247.4035242622497,1.446576765014074
23.62161528553769,14.322562235796019,2024-12-09T13:30:00Z,4,4,4,4,4,4,1,0,4,4,178.44320743502954,18.198777750355767,,,,,,,,,28.653038099288008,166.4116775321372,69.20000457763672,PS_039,,246.52073597068966,2.773955229594354
23.52937326569149,14.322051048278807,2024-12-09T13:45:00Z,4,4,4,4,4,4,1,0,4,4,242.35173445928223,25.271595524132646,,,,,,,,,26.791077186231313,227.310405279716,69.20000457763672,PS_039,,257.34981413604436,2.304654863140832
23.533846399186952,14.322051048278809,2024-12-09T14:00:00Z,3,3,3,3,3,3,1,0,3,3,290.3319839674068,25.438403324380555,,,,,,,,,28.71189932123468,289.65758576340033,69.20000457763672,PS_039,,231.87001495390334,3.065520305251555
22.99333087324174,14.319878960806571,2024-12-09T14:15:00Z,4,4,4,4,4,4,1,0,4,4,153.93692093131008,11.607549901297288,,,,,,,,,27.545366737319117,154.8803541284156,69.20000457763672,PS_039,,215.21908454487917,1.5761784241017844
22.414274068038097,14.321466446041546,2024-12-09T14:30:00Z,4,4,4,4,4,4,1,0,4,4,133.38567779029967,8.545715995683775,,,,,,,,,24.388832414328803,134.85760103635445,69.20000457763672,PS_039,,235.1976761369372,2.231034372948393
21.865941289682617,14.316704750061037,2024-12-09T14:45:00Z,3,3,3,3,3,3,1,0,3,3,116.60915325231369,6.377818661223505,,,,,,,,,22.863389723993215,116.86471319575757,69.20000457763672,PS_039,,202.03510611439424,1.361405286792143
21.669379681842717,14.316704750061037,2024-12-09T15:00:00Z,4,4,4,4,4,4,1,0,4,4,92.00770175532705,4.489276147238815,,,,,,,,,22.154954589102676,91.79912945186592,69.4000015258789,PS_039,,206.393994364215,0.7392941400993186
21.600000381469727,14.316704750061035,2024-12-09T15:15:00Z,3,3,3,3,3,3,1,0,3,3,86.65213962233925,4.300425677083354,,,,,,,,,21.899999618530273,85.26604356208809,69.80000305175781,PS_039,,166.8357248010223,1.0760349048141762
21.44119308006367,14.316704750061035,2024-12-09T15:30:00Z,4,4,4,4,4,4,1,0,4,4,115.01226529618803,7.499313324062988,,,,,,,,,21.878588931896125,115.53406590536854,70.20000457763672,PS_039,,173.34418090593468,2.0582721326931646
21.854766341421456,14.316704750061033,2024-12-09T15:45:00Z,4,4,4,4,4,4,1,0,4,4,168.20387005951045,12.656761000580023,,,,,,,,,22.95638450547454,166.34299505304767,70.20000457763672,PS_039,,125.71243608670605,1.6991562594571976
21.848586341378,14.316704750061033,2024-12-09T16:00:00Z,3,3,3,3,3,3,1,0,3,3,162.32543025384223,13.781070856658253,,,,,,,,,22.84335217290622,160.77775857965804,70.20000457763672,PS_039,,123.70778227940508,1.580097802697788
22.100000381469727,14.316704750061035,2024-12-09T16:15:00Z,4,4,4,4,4,4,1,0,4,4,212.38878319108372,20.355312026287883,,,,,,,,,23.62212808045373,205.77413240068907,70.20000457763672,PS_039,,112.83896804956476,1.5789828708219378
22.4983763549018,14.316704750061033,2024-12-09T16:30:00Z,4,4,4,4,4,4,1,0,4,4,202.88408814412935,21.72855860874836,,,,,,,,,24.455328223388687,195.31794763401643,70.20000457763672,PS_039,,152.06018058833783,0.772073824769779
22.927923048449408,14.316704750061033,2024-12-09T16:45:00Z,3,3,3,3,3,3,1,0,3,3,212.28619724891897,23.8851060517469,,,,,,,,,27.163236507484335,203.27418904717192,70.20000457763672,PS_039,,174.47417760102985,0.5773044567717359
23.200000762939457,14.31853536663117,2024-12-09T17:00:00Z,4,4,4,4,4,4,1,0,4,4,222.98247833896212,26.18779467338425,,,,,,,,,28.965570708207245,194.81126380876154,70.20000457763672,PS_039,,199.58440424789046,0.03169326958858517
23.060473149575405,14.319191261344608,2024-12-09T17:15:00Z,4,4,4,4,4,4,1,0,4,4,156.32512257995904,20.440690108647253,,,,,,,,,27.48806567865309,141.82379769576323,70.20000457763672,PS_039,,170.15808679927122,0.9033697563858761
23.150865651451586,14.32015591927151,2024-12-09T17:30:00Z,3,3,3,3,3,3,1,0,3,3,227.2480253498634,28.49821035943768,,,,,,,,,27.154283853260377,218.026303641309,70.20000457763672,PS_039,,211.43230837399423,0.39788816082084566
23.676238731521835,14.31733994216906,2024-12-09T17:45:00Z,4,4,4,4,4,4,1,0,4,4,325.0361654115165,45.86344066758383,,,,,,,,,30.04700307972909,298.00335064456516,70.20000457763672,PS_039,,190.77860854899765,0.6597605076598877
23.924329870329224,14.320465335506658,2024-12-09T18:00:00Z,4,4,4,4,4,4,1,0,4,4,334.2544470919517,56.332847907929924,,,,,,,,,31.455929666769975,294.8942344583628,70.20000457763672,PS_039,,221.86582633482797,1.2841771213207356
24.43241941050595,14.322051048278809,2024-12-09T18:15:00Z,3,3,3,3,3,3,1,0,3,3,353.5022789853533,61.42215221164146,,,,,,,,,33.077403989493,293.3320936091157,70.20000457763672,PS_039,,281.29523167160016,0.9379585017325256
24.35634433431115,14.322051048278807,2024-12-09T18:30:00Z,4,4,4,4,4,4,1,0,4,4,266.9445748326487,57.86485628435621,,,,,,,,,30.937846326782836,208.17305879349655,70.20000457763672,PS_039,,246.0241095440586,0.9463502041802494
24.75295612009496,14.322051048278809,2024-12-09T18:45:00Z,4,4,4,4,4,4,1,0,4,4,261.3054907395833,56.69646721204645,,,,,,,,,31.24020071041827,205.80122178312203,70.20000457763672,PS_039,,176.7086382551271,0.6662084120452368
24.596392823193757,14.322051048278807,2024-12-09T19:00:00Z,3,3,3,3,3,3,1,0,3,3,241.20057178273046,57.88763817372318,,,,,,,,,30.34235948127633,193.33505525815852,70.20000457763672,PS_039,,221.77703408136273,1.5627708801186888
24.985587606885225,14.322051048278809,2024-12-09T19:15:00Z,4,4,4,4,4,4,1,0,4,4,271.7845163491633,56.83449344184313,,,,,,,,,31.270889010283774,251.62676531040563,70.20000457763672,PS_039,,137.65025118739177,0.3099296380674617
24.971899468782166,14.322051048278809,2024-12-09T19:30:00Z,4,4,4,4,4,4,1,0,4,4,198.30919926069785,47.12224226802292,,,,,,,,,30.496108965199234,130.47181623340512,70.20000457763672,PS_039,,158.85750190226793,1.0265886524130654
24.46897360232182,14.32277671766317,2024-12-09T19:45:00Z,3,3,3,3,3,3,1,0,3,3,81.23609592373741,19.277847937679386,,,,,,,,,27.641240583220018,51.40416545413968,70.20000457763672,PS_039,,187.22703225801968,0.15087722119420133
24.252174244000553,14.322051048278805,2024-12-09T20:00:00Z,4,4,4,4,4,4,1,0,4,4,40.735736061140614,4.753418744800936,,,,,,,,,25.621169363924057,31.523931099111806,70.20000457763672,PS_039,,140.2343933858726,-0.003708736501806141
24.176062684836197,14.323362997348127,2024-12-09T20:15:00Z,4,4,4,4,4,4,1,0,4,4,42.18493922632002,3.436068150577793,,,,,,,,,24.621062443095326,33.035486273057074,70.20000457763672,PS_039,,65.17370628864602,-0.03600000217556954
23.95748266000028,14.318219156582176,2024-12-09T20:30:00Z,3,3,3,3,3,3,1,0,3,3,32.191630554605105,1.6361302821946249,,,,,,,,,23.88492197585204,27.42950090675896,70.20000457763672,PS_039,,65.51460870397457,-0.036000002175569534
23.700000762939453,14.317409557376566,2024-12-09T20:45:00Z,4,4,4,4,4,4,1,0,4,4,20.472148210140197,-0.7313540814680205,,,,,,,,,23.422721475595782,17.650399449728013,70.20000457763672,PS_039,,205.7242491709622,-0.03600000217556954
23.461056990798504,14.319005217956823,2024-12-09T21:00:00Z,4,4,4,4,4,4,1,0,4,4,7.233841921780611,-2.613825968840429,,,,,,,,,22.628678929612104,6.666000518507542,70.20000457763672,PS_039,,73.92151816485473,-0.03600000217556953
23.2460230523636,14.317524915093244,2024-12-09T21:15:00Z,3,3,3,3,3,3,1,0,3,3,5.523296297543783,-2.414547083910564,,,,,,,,,21.946022200557,4.410258394741079,70.20000457763672,PS_039,,62.69115046542202,-0.010613091787318032
23.15261021803663,14.317549293458537,2024-12-09T21:30:00Z,4,4,4,4,4,4,1,0,4,4,5.759904422747964,-1.9630347222146893,,,,,,,,,21.72713037891985,5.531918973614564,70.20000457763672,PS_039,,132.9855360034005,0.2764741940036799
22.73191940866798,14.316704750061035,2024-12-09T21:45:00Z,4,4,4,4,4,4,1,0,4,4,0.6032288620929152,-2.116458611388914,,,,,,,,,21.122729070980075,0.34428486510108824,70.20000457763672,PS_039,,79.16672937309644,0.052734337994905435
22.604365179702008,14.321231123596972,2024-12-09T22:00:00Z,3,3,3,3,3,3,1,0,3,3,-0.3130943260840099,-2.4065471094884194,,,,,,,,,20.899999618530273,0.6266815353501263,70.20000457763672,PS_039,,46.09921244538027,0.08011682070350502
22.489697640172913,14.316704750061037,2024-12-09T22:15:00Z,4,4,4,4,4,4,1,0,4,4,-0.14143586186062884,-2.3111678507753486,,,,,,,,,20.399683323621616,0.3551716964521428,70.20000457763672,PS_039,,120.58217209657062,0.09211022424854914
22.240503295567926,14.315851107735213,2024-12-09T22:30:00Z,4,4,4,4,4,4,1,0,4,4,0.1878543421502641,-2.422900492625829,,,,,,,,,19.988395621769065,0.0652848459733976,70.20000457763672,PS_039,,143.90076550920546,-0.036000002175569534
22.100000381469723,14.316704750061033,2024-12-09T22:45:00Z,3,3,3,3,3,3,1,0,3,3,0.00035185060859436155,-2.8829423405056542,,,,,,,,,19.799999237060543,0.21705761628971587,70.20000457763672,PS_039,,103.48618237216942,-0.03600000217556953
22.06885541659683,14.316704750061035,2024-12-09T23:00:00Z,4,4,4,4,4,4,1,0,4,4,-0.3966744140531382,-2.4760452100005272,,,,,,,,,19.799999237060547,0.5998633805701288,70.20000457763672,PS_039,,194.74935491700745,-0.02533065670476485
21.971322827124624,14.316704750061037,2024-12-09T23:15:00Z,4,4,4,4,4,4,1,0,4,4,0.12132441229356646,-2.6850543687940407,,,,,,,,,20.100000381469727,0.8040382771056889,70.20000457763672,PS_039,,195.88147834508638,0.06094926292090499
22.350597223162968,14.316704750061033,2024-12-09T23:30:00Z,3,3,3,3,3,3,1,0,3,3,0.0694548831164802,-2.3888461896501596,,,,,,,,,20.29999923706055,0.3709402905967888,70.20000457763672,PS_039,,119.75795559456537,0.2739668280307304
22.0356353831316,14.316704750061037,2024-12-09T23:45:00Z,4,4,4,4,4,4,1,0,4,4,-0.11166248493569463,-2.2711448222143913,,,,,,,,,20.414096271935637,0.478153661379851,70.20000457763672,PS_039,,159.40975406643392,0.6707744334374165
21.820982896728278,14.316704750061037,2024-12-10T00:00:00Z,2,2,2,2,2,2,1,0,2,2,-0.14999999105930328,-2.43147455562825,,,,,,,,,20.299999237060547,0.550000011920929,70.20000457763672,PS_039,,129.16936434962616,0.23714165056725953
21.996925956236367,14.316704750061035,2024-12-10T00:15:00Z,4,4,4,4,4,4,1,0,4,4,-0.40369784882475324,-2.052486699776701,,,,,,,,,20.252404326090517,0.4310120509816936,70.20000457763672,PS_039,,85.36908540547755,1.5086847775149423
21.899999618530273,14.316704750061035,2024-12-10T00:30:00Z,4,4,4,4,4,4,1,0,4,4,-0.28023825683597164,-2.2324651426027557,,,,,,,,,20.600000381469723,0.5378933885280449,70.20000457763672,PS_039,,121.01047140998276,1.2960973554536188
21.89999961853027,14.316704750061035,2024-12-10T00:45:00Z,3,3,3,3,3,3,1,0,3,3,-0.5273150961086813,-2.2406653998575456,,,,,,,,,20.554679803347003,0.89893194216868,70.20000457763672,PS_039,,81.99800315609698,1.5385940154763447
21.643010513179284,14.316704750061035,2024-12-10T01:00:00Z,4,4,4,4,4,4,1,0,4,4,-0.1612395395300714,-2.4060988014451508,,,,,,,,,20.10000038146973,0.7111046671623044,70.20000457763672,PS_039,,78.40196257086755,1.42269339499725
21.780289123525243,14.316704750061033,2024-12-10T01:15:00Z,3,3,3,3,3,3,1,0,3,3,-0.9004820009819008,-2.201666720005772,,,,,,,,,20.265377482027706,-0.10764635598040179,70.20000457763672,PS_039,,192.12819070325094,1.8292295554825824
21.830449004085917,14.316704750061037,2024-12-10T01:30:00Z,4,4,4,4,4,4,1,0,4,4,-0.5476515777506659,-1.9056701396258586,,,,,,,,,20.347542769314465,0.16194592463874274,70.20000457763672,PS_039,,167.20729763102662,0.7972425341176647
21.983124027859247,14.31586265102084,2024-12-10T01:45:00Z,4,4,4,4,4,4,1,0,4,4,-0.6787412651497495,-2.1405049012867807,,,,,,,,,20.600000381469723,0.6112859488336567,70.20000457763672,PS_039,,183.2768504423084,0.911161156759255
21.89999961853027,14.316704750061033,2024-12-10T02:00:00Z,3,3,3,3,3,3,1,0,3,3,-0.15297503066286283,-2.0263043349590877,,,,,,,,,20.600000381469723,0.8223020073149157,70.20000457763672,PS_039,,235.6459533074551,-0.03600000217556953
21.600000381469723,14.316704750061035,2024-12-10T02:15:00Z,4,4,4,4,4,4,1,0,4,4,-0.15580914126180934,-2.1105691602645322,,,,,,,,,20.191512679942704,0.6369276374750854,70.20000457763672,PS_039,,131.51685817209918,-0.036000002175569534
21.600000381469727,14.315456095843878,2024-12-10T02:30:00Z,3,3,3,3,3,3,1,0,3,3,-0.5284976199553203,-2.2789513822978034,,,,,,,,,20.100000381469727,0.09687553193637327,70.20000457763672,PS_039,,249.1769904315195,0.10611030400622061
21.34739640315212,14.31465399982977,2024-12-10T02:45:00Z,4,4,4,4,4,4,1,0,4,4,-0.09980418312589942,-2.272581582189214,,,,,,,,,20.100000381469723,0.298746705953342,70.20000457763672,PS_039,,244.79670821378747,-0.03600000217556953
21.299999237060547,14.316704750061037,2024-12-10T03:00:00Z,2,2,2,2,2,2,1,0,2,2,0.2999999821186066,-2.0999999046325684,,,,,,,,,19.79999923706055,0.4111488396445851,70.20000457763672,PS_039,,195.81954397414202,-0.03600000217556954
,,2024-12-10T03:15:00Z,0,0,0,0,0,0,1,0,0,0,,,,,,,,,,,,,70.20000457763672,PS_039,,,
,,2024-12-10T03:30:00Z,0,0,0,0,0,0,1,0,0,0,,,,,,,,,,,,,70.20000457763672,PS_039,,,
,,2024-12-10T03:45:00Z,0,0,0,0,0,0,1,0,0,0,,,,,,,,,,,,,70.20000457763672,PS_039,,,
,,2024-12-10T04:00:00Z,0,0,0,0,0,0,1,0,0,0,,,,,,,,,,,,,70.20000457763672,PS_039,,,
,,2024-12-10T04:15:00Z,0,0,0,0,0,0,1,0,0,0,,,,,,,,,,,,,70.20000457763672,PS_039,,,
,,2024-12-10T04:30:00Z,0,0,0,0,0,0,1,0,0,0,,,,,,,,,,,,,70.20000457763672,PS_039,,,
,,2024-12-10T04:45:00Z,0,0,0,0,0,0,1,0,0,0,,,,,,,,,,,,,70.20000457763672,PS_039,,,
,,2024-12-10T05:00:00Z,0,0,0,0,0,0,1,0,0,0,,,,,,,,,,,,,70.20000457763672,PS_039,,,
,,2024-12-10T05:15:00Z,0,0,0,0,0,0,1,0,0,0,,,,,,,,,,,,,70.20000457763672,PS_039,,,
,,2024-12-10T05:30:00Z,0,0,0,0,0,0,1,0,0,0,,,,,,,,,,,,,70.20000457763672,PS_039,,,
,,2024-12-10T05:45:00Z,0,0,0,0,0,0,1,0,0,0,,,,,,,,,,,,,70.20000457763672,PS_039,,,
,,2024-12-10T06:00:00Z,0,0,0,0,0,0,1,0,0,0,,,,,,,,,,,,,70.20000457763672,PS_039,,,
,,2024-12-10T06:15:00Z,0,0,0,0,0,0,1,0,0,0,,,,,,,,,,,,,70.20000457763672,PS_039,,,
,,2024-12-10T06:30:00Z,0,0,0,0,0,0,1,0,0,0,,,,,,,,,,,,,70.20000457763672,PS_039,,,
,,2024-12-10T06:45:00Z,0,0,0,0,0,0,1,0,0,0,,,,,,,,,,,,,70.20000457763672,PS_039,,,
,,2024-12-10T07:00:00Z,0,0,0,0,0,0,1,0,0,0,,,,,,,,,,,,,70.20000457763672,PS_039,,,
,,2024-12-10T07:15:00Z,0,0,0,0,0,0,1,0,0,0,,,,,,,,,,,,,70.20000457763672,PS_039,,,
,,2024-12-10T07:30:00Z,0,0,0,0,0,0,1,0,0,0,,,,,,,,,,,,,70.20000457763672,PS_039,,,
,,2024-12-10T07:45:00Z,0,0,0,0,0,0,1,0,0,0,,,,,,,,,,,,,70.20000457763672,PS_039,,,
,,2024-12-10T08:00:00Z,0,0,0,0,0,0,1,0,0,0,,,,,,,,,,,,,70.20000457763672,PS_039,,,
,,2024-12-10T08:15:00Z,0,0,0,0,0,0,1,0,0,0,,,,,,,,,,,,,70.20000457763672,PS_039,,,
,,2024-12-10T08:30:00Z,0,0,0,0,0,0,1,0,0,0,,,,,,,,,,,,,70.20000457763672,PS_039,,,
,,2024-12-10T08:45:00Z,0,0,0,0,0,0,1,0,0,0,,,,,,,,,,,,,70.20000457763672,PS_039,,,
19.495220637727407,14.313054727611423,2024-12-10T09:00:00Z,2,2,2,2,2,2,1,0,2,2,31.550001144409176,1.5571689672380622,,,,,,,,,18.79522117673996,30.667402568000252,70.20000457763672,PS_039,,229.98809180612267,-0.02234804493988758
19.490129567516473,14.315884660618059,2024-12-10T09:15:00Z,3,3,3,3,3,3,1,0,3,3,41.529317431824225,2.932136226610865,,,,,,,,,19.25398939645838,40.042539408569276,81.4000015258789,PS_039,,87.17188827919351,-0.036000002175569534
19.746450729948112,14.316704750061037,2024-12-10T09:30:00Z,4,4,4,4,4,4,1,0,4,4,70.93603084122614,5.835198379815205,,,,,,,,,19.856835632318802,67.39119567063624,81.4000015258789,PS_039,,68.38560036800729,0.13239162986948438
20.046826588763324,14.316704750061037,2024-12-10T09:45:00Z,3,3,3,3,3,3,1,0,3,3,94.35608956120713,8.924060560620935,,,,,,,,,20.688028393287865,89.74391012065855,81.4000015258789,PS_039,,16.65988128117002,0.2995148950941039
20.200000762939453,14.316704750061035,2024-12-10T10:00:00Z,4,4,4,4,4,4,1,0,4,4,58.66933321117649,8.176875062015968,,,,,,,,,20.73577161351382,46.771009399504884,81.4000015258789,PS_039,,50.40360736233716,0.5940822240880126
20.241246361033316,14.316704750061037,2024-12-10T10:15:00Z,4,4,4,4,4,4,1,0,4,4,126.67104218922628,24.15006458075369,,,,,,,,,21.11214285855429,88.44040528496963,81.4000015258789,PS_039,,35.05735460009387,1.2922163480801248
20.542890476049784,14.316704750061037,2024-12-10T10:30:00Z,3,3,3,3,3,3,1,0,3,3,170.04290709029465,34.91092687845858,,,,,,,,,23.01298143842171,116.24404608986988,81.4000015258789,PS_039,,12.566334148453695,1.5451605437756197
20.79999923706055,14.316704750061037,2024-12-10T10:45:00Z,4,4,4,4,4,4,1,0,4,4,173.19947146857066,37.17092619380006,,,,,,,,,24.192557849636028,127.81483919985979,81.4000015258789,PS_039,,69.83074722696362,1.9353038728855967
21.148365504340333,14.316704750061035,2024-12-10T11:00:00Z,3,3,3,3,3,3,1,0,3,3,263.0524772076781,54.532625741959954,,,,,,,,,24.836042205974962,187.05846042540995,81.4000015258789,PS_039,,160.6904141323035,1.9408221158999597
21.613750953080032,14.316704750061035,2024-12-10T11:15:00Z,4,4,4,4,4,4,1,0,4,4,272.6356163504645,54.26217696541044,,,,,,,,,27.54424708053627,199.27475814444583,81.4000015258789,PS_039,,24.23713525211607,1.9246330751607648
22.16358048919256,14.31753949851378,2024-12-10T11:30:00Z,4,4,4,4,4,4,1,0,4,4,395.7958482125858,61.58327008761044,,,,,,,,,29.321267484075225,376.15671022690447,81.4000015258789,PS_039,,246.666117118302,2.7403620385267793
23.20000076293945,14.321177388495832,2024-12-10T11:45:00Z,2,2,2,2,2,2,1,0,2,2,421.84407464982127,72.88903153289996,,,,,,,,,36.179755110738036,373.61369183222104,81.4000015258789,PS_039,,66.65324406941032,2.4762290014940147
,,2024-12-10T12:00:00Z,0,0,0,0,0,0,1,0,0,0,,,,,,,,,,,,,81.4000015258789,PS_039,,,
,,2024-12-10T12:15:00Z,0,0,0,0,0,0,1,0,0,0,,,,,,,,,,,,,81.4000015258789,PS_039,,,
,,2024-12-10T12:30:00Z,0,0,0,0,0,0,1,0,0,0,,,,,,,,,,,,,81.4000015258789,PS_039,,,
,,2024-12-10T12:45:00Z,0,0,0,0,0,0,1,0,0,0,,,,,,,,,,,,,81.4000015258789,PS_039,,,
,,2024-12-10T13:00:00Z,0,0,0,0,0,0,1,0,0,0,,,,,,,,,,,,,81.4000015258789,PS_039,,,
,,2024-12-10T13:15:00Z,0,0,0,0,0,0,1,0,0,0,,,,,,,,,,,,,81.4000015258789,PS_039,,,
,,2024-12-10T13:30:00Z,0,0,0,0,0,0,1,0,0,0,,,,,,,,,,,,,81.4000015258789,PS_039,,,
,,2024-12-10T13:45:00Z,0,0,0,0,0,0,1,0,0,0,,,,,,,,,,,,,81.4000015258789,PS_039,,,
,,2024-12-10T14:00:00Z,0,0,0,0,0,0,1,0,0,0,,,,,,,,,,,,,81.4000015258789,PS_039,,,
,,2024-12-10T14:15:00Z,0,0,0,0,0,0,1,0,0,0,,,,,,,,,,,,,81.4000015258789,PS_039,,,
,,2024-12-10T14:30:00Z,0,0,0,0,0,0,1,0,0,0,,,,,,,,,,,,,81.4000015258789,PS_039,,,
,,2024-12-10T14:45:00Z,0,0,0,0,0,0,1,0,0,0,,,,,,,,,,,,,81.4000015258789,PS_039,,,
,,2024-12-10T15:00:00Z,0,0,0,0,0,0,1,0,0,0,,,,,,,,,,,,,81.4000015258789,PS_039,,,
,,2024-12-10T15:15:00Z,0,0,0,0,0,0,1,0,0,0,,,,,,,,,,,,,81.4000015258789,PS_039,,,
,,2024-12-10T15:30:00Z,0,0,0,0,0,0,1,0,0,0,,,,,,,,,,,,,81.4000015258789,PS_039,,,
,,2024-12-10T15:45:00Z,0,0,0,0,0,0,1,0,0,0,,,,,,,,,,,,,81.4000015258789,PS_039,,,
27.500000000000004,13.869589805603027,2024-12-10T16:00:00Z,1,1,1,1,1,1,1,0,1,1,227.89999389648438,21.950000762939453,,,,,,,,,38.70000076293946,198.70001220703122,81.4000015258789,PS_039,,24.88800048828125,3.92199969291687
26.67376607639656,13.940627592242807,2024-12-10T16:15:00Z,4,4,4,4,4,4,1,0,4,4,147.0009110504577,10.841116097257515,,,,,,,,,32.402559950397496,129.2531582464128,81.4000015258789,PS_039,,334.70716220939954,4.630422086652089
25.734946678497668,14.013296330889391,2024-12-10T16:30:00Z,4,4,4,4,4,4,1,0,4,4,29.726605680829625,-0.9519930451941987,,,,,,,,,26.414329512857204,23.356151913118264,81.4000015258789,PS_039,,342.70572336674354,3.008477695756847
23.286067608792013,14.070604497100796,2024-12-10T16:45:00Z,3,3,3,3,3,3,1,0,3,3,7.575409781958564,-2.099999904632569,,,,,,,,,22.449500298762914,6.091126867726821,82.80000305175781,PS_039,,252.09912486078764,7.22418566215468
,,2024-12-10T17:00:00Z,0,0,0,0,0,0,1,0,0,0,,,,,,,,,,,,,91.4000015258789,PS_039,,,
,,2024-12-10T17:15:00Z,0,0,0,0,0,0,1,0,0,0,,,,,,,,,,,,,91.4000015258789,PS_039,,,
,,2024-12-10T17:30:00Z,0,0,0,0,0,0,1,0,0,0,,,,,,,,,,,,,91.4000015258789,PS_039,,,
,,2024-12-10T17:45:00Z,0,0,0,0,0,0,1,0,0,0,,,,,,,,,,,,,91.4000015258789,PS_039,,,
,,2024-12-10T18:00:00Z,0,0,0,0,0,0,1,0,0,0,,,,,,,,,,,,,91.4000015258789,PS_039,,,
,,2024-12-10T18:15:00Z,0,0,0,0,0,0,1,0,0,0,,,,,,,,,,,,,91.4000015258789,PS_039,,,
,,2024-12-10T18:30:00Z,0,0,0,0,0,0,1,0,0,0,,,,,,,,,,,,,91.4000015258789,PS_039,,,
,,2024-12-10T18:45:00Z,0,0,0,0,0,0,1,0,0,0,,,,,,,,,,,,,91.4000015258789,PS_039,,,
,,2024-12-10T19:00:00Z,0,0,0,0,0,0,1,0,0,0,,,,,,,,,,,,,91.4000015258789,PS_039,,,
,,2024-12-10T19:15:00Z,0,0,0,0,0,0,1,0,0,0,,,,,,,,,,,,,91.4000015258789,PS_039,,,
,,2024-12-10T19:30:00Z,0,0,0,0,0,0,1,0,0,0,,,,,,,,,,,,,91.4000015258789,PS_039,,,
20.718903481463993,14.199854291159449,2024-12-10T19:45:00Z,2,2,2,2,2,2,1,0,2,2,68.1036997614981,18.26607170911498,,,,,,,,,21.100000381469727,44.58949969957064,91.4000015258789,PS_039,,166.30619515078126,1.7183455372146328
20.799999237060547,14.204855439554429,2024-12-10T20:00:00Z,3,3,3,3,3,3,1,0,3,3,129.59692171945537,23.961403049536248,,,,,,,,,22.200183458332095,120.7916058149032,130.0,PS_039,,183.61757669959965,1.7733793066518482
21.236007505701533,14.210401085751137,2024-12-10T20:15:00Z,4,4,4,4,4,4,1,0,4,4,180.42575812979354,28.137833270757685,,,,,,,,,23.968753215153008,153.9458734453195,130.0,PS_039,,227.4467992345058,1.8661690838565845
21.600000381469727,14.222360155978643,2024-12-10T20:30:00Z,4,4,4,4,4,4,1,0,4,4,120.57383133015215,13.194016710549992,,,,,,,,,23.76758064865852,107.52207198682395,130.0,PS_039,,189.12700340300563,2.070444092431251
21.05956955564633,14.22537556970184,2024-12-10T20:45:00Z,3,3,3,3,3,3,1,0,3,3,80.93801919166629,6.998069782268921,,,,,,,,,21.61883880233507,80.03332143964198,130.0,PS_039,,174.32134370359995,3.3646647923491235
20.309522082671972,14.23195700043107,2024-12-10T21:00:00Z,4,4,4,4,4,4,1,0,4,4,91.8980225919828,8.81134904630593,,,,,,,,,19.981538612430526,98.5272866805255,130.0,PS_039,,177.46015200603009,3.307884587803988
19.990436275387083,14.24102727438027,2024-12-10T21:15:00Z,4,4,4,4,4,4,1,0,4,4,67.33789913828946,16.638189052109578,,,,,,,,,20.985631142744953,137.19964590786873,130.0,PS_039,,138.1113424131796,3.5133422988264464
19.655397318567168,14.250665986862268,2024-12-10T21:30:00Z,3,3,3,3,3,3,1,0,3,3,33.27722576436871,6.676474039254002,,,,,,,,,20.311576088277683,36.732609032838155,130.0,PS_039,,145.16289428098577,2.8272204556088423
19.399999618530273,14.259282837980276,2024-12-10T21:45:00Z,4,4,4,4,4,4,1,0,4,4,10.765162405154163,-1.7729398353576595,,,,,,,,,18.34780034102121,8.933644868119817,130.0,PS_039,,152.2353994471948,2.2065076441284486
19.373995689604346,14.267385687814421,2024-12-10T22:00:00Z,4,4,4,4,4,4,1,0,4,4,6.373366000102503,-1.5806277742787764,,,,,,,,,18.460993982613996,4.4025357063953,130.0,PS_039,,196.34611466722714,2.423498634079502
19.23127852600997,14.274535896379136,2024-12-10T22:15:00Z,3,3,3,3,3,3,1,0,3,3,1.328194836467731,-2.1703752816895645,,,,,,,,,17.991642931727384,0.05000000074505806,130.0,PS_039,,229.37651729534858,1.6428677016874529
19.20000076293945,14.278294422439009,2024-12-10T22:30:00Z,4,4,4,4,4,4,1,0,4,4,1.3803515683921976,-2.0999999046325684,,,,,,,,,18.20000076293945,0.6186060889263469,130.0,PS_039,,183.9592413265611,1.8738036587796165
18.947815304946317,14.282563548243278,2024-12-10T22:45:00Z,4,4,4,4,4,4,1,0,4,4,0.6462695934534892,-2.4403484202824623,,,,,,,,,17.70751048572468,0.3119396737205938,130.0,PS_039,,158.76071407926653,2.496034419694853
18.851376073948195,14.286956343523865,2024-12-10T23:00:00Z,3,3,3,3,3,3,1,0,3,3,0.8462192299201481,-2.4662192672394627,,,,,,,,,17.351376073948195,0.1310394496205304,130.0,PS_039,,163.35699266577993,3.396390673926235
18.42857425485317,14.29054279219805,2024-12-10T23:15:00Z,4,4,4,4,4,4,1,0,4,4,-0.2402443862501514,-2.0999999046325684,,,,,,,,,16.735050595851323,0.6135036932952616,130.0,PS_039,,172.4803664528024,2.878078910258633
18.33066634677787,14.291306495666506,2024-12-10T23:30:00Z,4,4,4,4,4,4,1,0,4,4,-0.10333907684377575,-1.9881547950876948,,,,,,,,,16.495784009526922,0.5500000119209291,130.0,PS_039,,144.2660820650298,2.082213145568395
18.399999618530273,14.291306495666502,2024-12-10T23:45:00Z,3,3,3,3,3,3,1,0,3,3,0.28560449555898254,-2.106089657027894,,,,,,,,,16.683058197454596,-0.022200863781009352,130.0,PS_039,,166.71521441931395,1.6856103543495924
18.4945493615718,14.295267408704293,2024-12-11T00:00:00Z,4,4,4,4,4,4,1,0,4,4,0.420373725625456,-2.7254272972594196,,,,,,,,,17.165113775292376,0.014306119633171258,130.0,PS_039,,142.6986566407609,1.8349851385706628
18.24812722072456,14.295456202802196,2024-12-11T00:15:00Z,4,4,4,4,4,4,1,0,4,4,-0.17759402637985716,-2.248695568345651,,,,,,,,,16.366737863609718,0.6127771089389588,130.0,PS_039,,154.4176079818963,1.4448800349274633
18.163106581999372,14.295192248973159,2024-12-11T00:30:00Z,3,3,3,3,3,3,1,0,3,3,-0.2765359685490619,-2.1558332123726403,,,,,,,,,16.113951505837093,0.5704348748275991,130.0,PS_039,,145.9010348660329,1.6563077644088926
18.100000381469727,14.293612582053608,2024-12-11T00:45:00Z,4,4,4,4,4,4,1,0,4,4,-0.24630179076046335,-2.3884120136032196,,,,,,,,,16.401689077379938,0.39191171584335344,130.0,PS_039,,119.25195383760905,1.0258077640602208
17.910988871733153,14.295985221862797,2024-12-11T01:00:00Z,4,4,4,4,4,4,1,0,4,4,-0.3620978453170915,-1.9291379951527876,,,,,,,,,15.61098868099829,0.2075094955709793,130.0,PS_039,,106.81494775602819,0.7209692476363281
17.799999237060547,14.295985221862795,2024-12-11T01:15:00Z,3,3,3,3,3,3,1,0,3,3,-0.7136111522324952,-3.0499999523162846,,,,,,,,,15.431833251989714,0.12483188797185432,130.0,PS_039,,68.68612172293196,0.8084282632571824
17.700671247313704,14.295985221862793,2024-12-11T01:30:00Z,4,4,4,4,4,4,1,0,4,4,-0.3064463162648047,-2.4005259052065915,,,,,,,,,15.754986946428817,0.5887895993599987,130.0,PS_039,,192.7067043107907,0.11674484238183244
17.577771468417563,14.295985221862793,2024-12-11T01:45:00Z,3,3,3,3,3,3,1,0,3,3,-0.14999999105930328,-2.3111737836632598,,,,,,,,,16.36668597621703,-0.27211623906729343,130.0,PS_039,,291.17788939459064,-0.01975512898488807
17.648299396461372,14.295985221862797,2024-12-11T02:00:00Z,4,4,4,4,4,4,1,0,4,4,-0.6714801088312079,-2.113903450941537,,,,,,,,,15.882148641685276,0.08495882695111412,130.0,PS_039,,47.87014990027953,-0.036000002175569534
17.58483583635435,14.295985221862795,2024-12-11T02:15:00Z,4,4,4,4,4,4,1,0,4,4,-0.4572577329804422,-2.5127631479808277,,,,,,,,,15.14835353056003,0.6555054607576664,130.0,PS_039,,92.20658964042468,0.011460108088441907
17.72382011526155,14.295985221862793,2024-12-11T02:30:00Z,3,3,3,3,3,3,1,0,3,3,-0.9095511068837714,-2.3885760470796926,,,,,,,,,15.105488937733648,0.2751599580350436,130.0,PS_039,,164.8620384629497,1.1984952544678549
17.653974859090876,14.295985221862793,2024-12-11T02:45:00Z,4,4,4,4,4,4,1,0,4,4,-0.7100231812959577,-2.499507698865116,,,,,,,,,15.98085034331413,0.33899230530436425,130.0,PS_039,,252.6399995062296,0.1197235374621659
17.799999237060547,14.295985221862793,2024-12-11T03:00:00Z,2,2,2,2,2,2,1,0,2,2,-0.6925224817357545,-1.8765026197044647,,,,,,,,,16.299999237060547,0.40447231567838937,130.0,PS_039,,271.2180969766085,0.1517652661250229
,,2024-12-11T03:15:00Z,0,0,0,0,0,0,1,0,0,0,,,,,,,,,,,,,130.0,PS_039,,,
,,2024-12-11T03:30:00Z,0,0,0,0,0,0,1,0,0,0,,,,,,,,,,,,,130.0,PS_039,,,
,,2024-12-11T03:45:00Z,0,0,0,0,0,0,1,0,0,0,,,,,,,,,,,,,130.0,PS_039,,,
,,2024-12-11T04:00:00Z,0,0,0,0,0,0,1,0,0,0,,,,,,,,,,,,,130.0,PS_039,,,
,,2024-12-11T04:15:00Z,0,0,0,0,0,0,1,0,0,0,,,,,,,,,,,,,130.0,PS_039,,,
,,2024-12-11T04:30:00Z,0,0,0,0,0,0,1,0,0,0,,,,,,,,,,,,,130.0,PS_039,,,
,,2024-12-11T04:45:00Z,0,0,0,0,0,0,1,0,0,0,,,,,,,,,,,,,130.0,PS_039,,,
,,2024-12-11T05:00:00Z,0,0,0,0,0,0,1,0,0,0,,,,,,,,,,,,,130.0,PS_039,,,
,,2024-12-11T05:15:00Z,0,0,0,0,0,0,1,0,0,0,,,,,,,,,,,,,130.0,PS_039,,,
,,2024-12-11T05:30:00Z,0,0,0,0,0,0,1,0,0,0,,,,,,,,,,,,,130.0,PS_039,,,
,,2024-12-11T05:45:00Z,0,0,0,0,0,0,1,0,0,0,,,,,,,,,,,,,130.0,PS_039,,,
,,2024-12-11T06:00:00Z,0,0,0,0,0,0,1,0,0,0,,,,,,,,,,,,,130.0,PS_039,,,
,,2024-12-11T06:15:00Z,0,0,0,0,0,0,1,0,0,0,,,,,,,,,,,,,130.0,PS_039,,,
,,2024-12-11T06:30:00Z,0,0,0,0,0,0,1,0,0,0,,,,,,,,,,,,,130.0,PS_039,,,
,,2024-12-11T06:45:00Z,0,0,0,0,0,0,1,0,0,0,,,,,,,,,,,,,130.0,PS_039,,,
,,2024-12-11T07:00:00Z,0,0,0,0,0,0,1,0,0,0,,,,,,,,,,,,,130.0,PS_039,,,
,,2024-12-11T07:15:00Z,0,0,0,0,0,0,1,0,0,0,,,,,,,,,,,,,130.0,PS_039,,,
,,2024-12-11T07:30:00Z,0,0,0,0,0,0,1,0,0,0,,,,,,,,,,,,,130.0,PS_039,,,
,,2024-12-11T07:45:00Z,0,0,0,0,0,0,1,0,0,0,,,,,,,,,,,,,130.0,PS_039,,,
,,2024-12-11T08:00:00Z,0,0,0,0,0,0,1,0,0,0,,,,,,,,,,,,,130.0,PS_039,,,
,,2024-12-11T08:15:00Z,0,0,0,0,0,0,1,0,0,0,,,,,,,,,,,,,130.0,PS_039,,,
,,2024-12-11T08:30:00Z,0,0,0,0,0,0,1,0,0,0,,,,,,,,,,,,,130.0,PS_039,,,
,,2024-12-11T08:45:00Z,0,0,0,0,0,0,1,0,0,0,,,,,,,,,,,,,130.0,PS_039,,,
17.661647277212264,14.306678771972656,2024-12-11T09:00:00Z,2,2,2,2,2,2,1,0,2,2,124.39989546735646,6.44388517627044,,,,,,,,,16.692471019040518,204.49779087753006,130.0,PS_039,,188.29564654940853,0.956071526121344
17.849172923116175,14.306678771972656,2024-12-11T09:15:00Z,3,3,3,3,3,3,1,0,3,3,84.38991945528306,4.639984817162951,,,,,,,,,16.73112958567803,135.2399662616878,130.0,PS_039,,199.30494051249664,0.20617058284108689
19.065806467605707,14.306678771972654,2024-12-11T09:30:00Z,4,4,4,4,4,4,1,0,4,4,229.05520552445412,16.886118205726774,,,,,,,,,21.72990468143618,455.09296751257097,130.0,PS_039,,200.35050749528992,0.8304903837644168
19.65329997426605,14.306678771972656,2024-12-11T09:45:00Z,4,4,4,4,4,4,1,0,4,4,303.68724455407647,21.084558253002537,,,,,,,,,28.91332718933344,636.0515800730764,130.0,PS_039,,166.30109542096483,1.7898908915747163
20.174199143838447,14.310612581915855,2024-12-11T10:00:00Z,3,3,3,3,3,3,1,0,3,3,389.12317818637644,29.607980571419628,,,,,,,,,35.28351972787,793.9217960909135,130.0,PS_039,,167.0766790401099,2.7213194210528413
20.48877575019355,14.311357498168947,2024-12-11T10:15:00Z,4,4,4,4,4,4,1,0,4,4,411.40603612823793,35.46044709921323,,,,,,,,,37.37867486364575,847.4306484218016,130.0,PS_039,,168.59385670871055,3.225609168670989
20.752964487511036,14.313710266522364,2024-12-11T10:30:00Z,4,4,4,4,4,4,1,0,4,4,504.2501864362874,46.22269503514276,,,,,,,,,38.25792680212261,963.3049129311617,130.0,PS_039,,179.62416944099925,2.086266451021747
20.83346290508213,14.312182108255293,2024-12-11T10:45:00Z,3,3,3,3,3,3,1,0,3,3,580.6188209961892,53.06025781003813,,,,,,,,,37.25058466108502,1027.9526704325544,130.0,PS_039,,191.17534176102572,2.5970053671130167
20.93360859684669,14.313804372862233,2024-12-11T11:00:00Z,4,4,4,4,4,4,1,0,4,4,632.822730114752,57.39217492314615,,,,,,,,,36.16558904489723,1024.2320164852629,130.0,PS_039,,178.0940988329257,2.4506586356483875
21.664212188242093,14.314431538522062,2024-12-11T11:15:00Z,4,4,4,4,4,4,1,0,4,4,596.1708901663274,52.474459378992435,,,,,,,,,38.17658461749499,903.4488888099215,130.0,PS_039,,156.70301985438385,3.045212775677855
21.815973103728293,14.31216279168768,2024-12-11T11:30:00Z,3,3,3,3,3,3,1,0,3,3,740.6748625409865,67.2113855176594,,,,,,,,,36.206618030946615,1054.6236450980766,130.0,PS_039,,139.55643672701194,3.0402256890424795
22.152680487935953,14.312213467223973,2024-12-11T11:45:00Z,4,4,4,4,4,4,1,0,4,4,806.874416477974,77.89072680437147,,,,,,,,,36.68407111562351,1052.3035876750412,130.0,PS_039,,130.3917300974946,2.2902837541182492
22.587359686593175,14.312766226698486,2024-12-11T12:00:00Z,4,4,4,4,4,4,1,0,4,4,666.1491474544165,64.45951809681867,,,,,,,,,38.42587145835941,825.7230300758507,130.0,PS_039,,172.59056220541538,2.6156229122801826
22.24833051000908,14.315872771976672,2024-12-11T12:15:00Z,3,3,3,3,3,3,1,0,3,3,517.1973853824776,43.95308455080307,,,,,,,,,34.55555756850263,587.2310930779092,130.0,PS_039,,174.83368860549774,3.7585999057082002
22.886018486634544,14.315959267021665,2024-12-11T12:30:00Z,4,4,4,4,4,4,1,0,4,4,913.2589953739683,71.91526031201627,,,,,,,,,40.26759141149457,1042.6888122051587,130.0,PS_039,,194.53578803396792,2.723461265366135
23.367471522021866,14.316704750061033,2024-12-11T12:45:00Z,4,4,4,4,4,4,1,0,4,4,689.4179789909558,58.58495089019667,,,,,,,,,40.526709647907595,794.3700627738649,130.0,PS_039,,193.9926243881208,2.9197175979561076
23.314987342081555,14.316704750061037,2024-12-11T13:00:00Z,2,2,2,2,2,2,1,0,2,2,733.4628778836834,55.27736465871715,,,,,,,,,36.689919474852616,746.6984312099729,130.0,PS_039,,146.79187982733737,4.294688485169441
,,2024-12-11T13:15:00Z,0,0,0,0,0,0,1,0,0,0,,,,,,,,,,,,,130.0,PS_039,,,
,,2024-12-11T13:30:00Z,0,0,0,0,0,0,1,0,0,0,,,,,,,,,,,,,130.0,PS_039,,,
,,2024-12-11T13:45:00Z,0,0,0,0,0,0,1,0,0,0,,,,,,,,,,,,,130.0,PS_039,,,
,,2024-12-11T14:00:00Z,0,0,0,0,0,0,1,0,0,0,,,,,,,,,,,,,130.0,PS_039,,,
,,2024-12-11T14:15:00Z,0,0,0,0,0,0,1,0,0,0,,,,,,,,,,,,,130.0,PS_039,,,
,,2024-12-11T14:30:00Z,0,0,0,0,0,0,1,0,0,0,,,,,,,,,,,,,130.0,PS_039,,,
,,2024-12-11T14:45:00Z,0,0,0,0,0,0,1,0,0,0,,,,,,,,,,,,,130.0,PS_039,,,
,,2024-12-11T15:00:00Z,0,0,0,0,0,0,1,0,0,0,,,,,,,,,,,,,130.0,PS_039,,,
,,2024-12-11T15:15:00Z,0,0,0,0,0,0,1,0,0,0,,,,,,,,,,,,,130.0,PS_039,,,
,,2024-12-11T15:30:00Z,0,0,0,0,0,0,1,0,0,0,,,,,,,,,,,,,130.0,PS_039,,,
25.899999618530273,13.925728797912598,2024-12-11T15:45:00Z,1,1,1,1,1,1,1,0,1,1,1209.9500732421875,97.0,,,,,,,,,43.599998474121094,1204.9000244140625,130.0,PS_039,,136.13999938964844,2.691999912261963
26.308903400172593,14.003782447574563,2024-12-11T16:00:00Z,3,3,3,3,3,3,1,0,3,3,542.4166851718575,64.87180904251484,,,,,,,,,46.982699394923515,687.576253106228,130.0,PS_039,,169.75478535487343,1.394301972752209
25.537066147162218,14.071537200335744,2024-12-11T16:15:00Z,3,3,3,3,3,3,1,0,3,3,587.0347264139878,41.84612486943494,,,,,,,,,38.314016327753194,439.1136717290845,130.0,PS_039,,144.92177147092585,2.1060933153346295
26.59341524433073,14.11666235355791,2024-12-11T16:30:00Z,4,4,4,4,4,4,1,0,4,4,790.0544388776386,68.05709208120398,,,,,,,,,46.85198048878961,859.70882341738,130.0,PS_039,,133.26848024149027,3.565672297708505
25.641236782191527,14.157266810602598,2024-12-11T16:45:00Z,3,3,3,3,3,3,1,0,3,3,315.6944185522417,30.888358637236593,,,,,,,,,35.91705473208929,327.9827519003791,130.0,PS_039,,133.15815228065114,3.4025041736053567
25.134672336569135,14.179881233728144,2024-12-11T17:00:00Z,4,4,4,4,4,4,1,0,4,4,364.8878084691857,34.53884942145536,,,,,,,,,31.531237210291067,392.5068635523371,130.0,PS_039,,163.33970764083534,2.026431327702851
26.483540696209264,14.194130664088513,2024-12-11T17:15:00Z,4,4,4,4,4,4,1,0,4,4,1012.1302440813394,78.26967537616389,,,,,,,,,41.7694586435587,1164.374029185456,130.0,PS_039,,152.14332564220135,2.733400748934833
26.532851984354647,14.207426559541435,2024-12-11T17:30:00Z,3,3,3,3,3,3,1,0,3,3,940.0426375146635,73.24661577265236,,,,,,,,,43.4356959279401,1130.4064730623609,130.0,PS_039,,186.15912040226667,1.9333819884218324
26.70000076293945,14.219079770104436,2024-12-11T17:45:00Z,4,4,4,4,4,4,1,0,4,4,934.5857178913412,77.76094414530847,,,,,,,,,43.353100233618555,1117.9753999942518,130.0,PS_039,,163.2343875188434,3.7396820248225002
26.324935396569852,14.234706521576031,2024-12-11T18:00:00Z,3,3,3,3,3,3,1,0,3,3,601.4251144694209,62.296497151219214,,,,,,,,,39.16540597333983,839.6076699294046,130.0,PS_039,,164.0720309768927,3.047630565696949
26.88285524893998,14.261352713968954,2024-12-11T18:15:00Z,4,4,4,4,4,4,1,0,4,4,782.043098822184,63.42144614123247,,,,,,,,,43.57365201346907,1014.6898617723245,130.0,PS_039,,190.80529701700274,4.049184331739148
26.100000381469727,14.1416015625,2024-12-11T18:30:00Z,1,1,1,1,1,1,1,0,1,1,704.25,59.45000076293946,,,,,,,,,44.20000076293945,977.4000244140625,130.0,PS_039,,68.60400390625,1.75
26.44633342789923,14.277080319235308,2024-12-11T18:45:00Z,3,3,3,3,3,3,1,0,3,3,650.7871703763236,58.043365306520265,,,,,,,,,45.2885221456868,884.9931387948652,130.0,PS_039,,184.0638631228846,3.5137995794453394
25.209941132259164,14.29137080017351,2024-12-11T19:00:00Z,4,4,4,4,4,4,1,0,4,4,244.52228276550383,21.385334467053962,,,,,,,,,31.89691662830999,334.89846263470673,130.0,PS_039,,138.67653210266803,4.137738146450327
24.97244653988302,14.296696471936418,2024-12-11T19:15:00Z,4,4,4,4,4,4,1,0,4,4,333.30005942617123,26.37749308476201,,,,,,,,,28.946069320826645,419.131279919486,130.0,PS_039,,138.93848148180413,2.710855536094855
24.986688012292777,14.300564833540397,2024-12-11T19:30:00Z,3,3,3,3,3,3,1,0,3,3,165.57281531388932,14.531563279961588,,,,,,,,,34.26249003971393,215.26251702629241,130.0,PS_039,,187.65728940589693,2.7098221557724576
24.778944521331717,14.299126431553272,2024-12-11T19:45:00Z,4,4,4,4,4,4,1,0,4,4,330.96125610211726,39.07638878348698,,,,,,,,,31.43994854842192,571.584266904904,130.0,PS_039,,141.201591375789,2.5018676658529957
24.66949324115794,14.301332473754885,2024-12-11T20:00:00Z,4,4,4,4,4,4,1,0,4,4,339.6223565405583,36.57727203343864,,,,,,,,,32.14926094674734,643.0616727856882,130.0,PS_039,,116.03832929804038,4.568218655156967
23.9590762692791,14.301332473754881,2024-12-11T20:15:00Z,3,3,3,3,3,3,1,0,3,3,147.01914606689445,20.08115483952597,,,,,,,,,30.414416193314118,283.33462481756504,130.0,PS_039,,145.47975858496952,4.196485684335749
23.386667966756026,14.300510573994195,2024-12-11T20:30:00Z,4,4,4,4,4,4,1,0,4,4,89.57955878337538,30.42566411669707,,,,,,,,,29.55354717047788,290.5633068166676,130.0,PS_039,,154.10045371769328,4.597884745476285
22.81264587262896,14.295985221862793,2024-12-11T20:45:00Z,4,4,4,4,4,4,1,0,4,4,40.03068146886309,16.370137951010925,,,,,,,,,28.848854580801962,138.01557672062663,130.0,PS_039,,137.92650712169277,3.877497634096721
22.347708020207513,14.29598522186279,2024-12-11T21:00:00Z,3,3,3,3,3,3,1,0,3,3,36.169972427066455,15.365590258492714,,,,,,,,,26.55071981907538,128.25925532842712,130.0,PS_039,,153.27219035185885,4.13053405405122
21.630494623885074,14.296769451640932,2024-12-11T21:15:00Z,4,4,4,4,4,4,1,0,4,4,23.7835456022168,15.276235996938349,,,,,,,,,24.872446433092232,224.38673817906403,130.0,PS_039,,169.74824543177837,4.345745765565626
21.240643664891188,14.300445204143298,2024-12-11T21:30:00Z,3,3,3,3,3,3,1,0,3,3,14.262419821353085,11.310677066953417,,,,,,,,,22.764253102552036,55.5051062591655,130.0,PS_039,,167.13671103121283,3.4058623815502216
20.63158752250071,14.29683989959731,2024-12-11T21:45:00Z,4,4,4,4,4,4,1,0,4,4,4.169051361499588,-1.2036377182509124,,,,,,,,,20.338878539905853,18.256529701790008,130.0,PS_039,,123.64689480288635,1.9292982167051047
20.366294763954524,14.29673331128325,2024-12-11T22:00:00Z,4,4,4,4,4,4,1,0,4,4,-0.6777893906713666,-2.237602535964906,,,,,,,,,18.54325789539127,0.1199508327119827,130.0,PS_039,,133.878478192823,3.2298762259594245
19.94794171051948,14.301332473754885,2024-12-11T22:15:00Z,3,3,3,3,3,3,1,0,3,3,0.1438247258115739,-2.479292651664513,,,,,,,,,17.847941329049753,0.32182138159035273,130.0,PS_039,,170.7747682537053,2.930942958231356
19.65212067051928,14.301332473754883,2024-12-11T22:30:00Z,4,4,4,4,4,4,1,0,4,4,-0.3204366786499096,-2.1346380173961412,,,,,,,,,17.600000381469727,0.09029809343291549,130.0,PS_039,,134.21183438114767,3.9915390959812744
19.316692241485068,14.301332473754883,2024-12-11T22:45:00Z,4,4,4,4,4,4,1,0,4,4,-0.5968579664438894,-1.891730319946494,,,,,,,,,17.39082745290381,0.394154702974768,130.0,PS_039,,140.36186761113288,3.4017339007531033
18.944176423591188,14.301332473754885,2024-12-11T23:00:00Z,3,3,3,3,3,3,1,0,3,3,-0.4652644146527964,-2.415264380423909,,,,,,,,,17.100000381469727,0.40029383344664443,130.0,PS_039,,155.98845433308443,3.241414000105301
18.891696269139107,14.301332473754881,2024-12-11T23:15:00Z,4,4,4,4,4,4,1,0,4,4,-0.1624554226401501,-2.1607795226498228,,,,,,,,,16.922850612311937,0.3343996393751275,130.0,PS_039,,173.15181428797794,2.7426676738307805
18.57430773810032,14.303709558801396,2024-12-11T23:30:00Z,4,4,4,4,4,4,1,0,4,4,-0.559590338518599,-2.2296669675465353,,,,,,,,,16.600000381469727,0.5679977351516077,130.0,PS_039,,137.61463582594064,3.0177980822038686
18.534931321065315,14.301332473754883,2024-12-11T23:45:00Z,3,3,3,3,3,3,1,0,3,3,-0.07361872030169483,-2.4665545522567673,,,,,,,,,16.54907933701524,0.13486808632010452,130.0,PS_039,,131.18079979257288,3.1723069397920205
18.353256144966878,14.302081799126071,2024-12-12T00:00:00Z,4,4,4,4,4,4,1,0,4,4,-0.28318637966087223,-2.2331498168452146,,,,,,,,,16.299999237060547,-0.10735870807751649,130.0,PS_039,,124.58604741616242,3.7683738036524104
18.245669485548973,14.302597936420254,2024-12-12T00:15:00Z,4,4,4,4,4,4,1,0,4,4,-0.5283127864046945,-2.5966621899963904,,,,,,,,,16.22898976121839,0.11299157094813989,130.0,PS_039,,158.1240778685696,3.4059116697539027
18.159371020102505,14.302219768887511,2024-12-12T00:30:00Z,3,3,3,3,3,3,1,0,3,3,-0.027480319933734645,-2.257666084851542,,,,,,,,,16.299999237060547,-0.12147100750318372,130.0,PS_039,,133.81328496182192,2.6545877352099043
18.100000381469727,14.304094870309974,2024-12-12T00:45:00Z,4,4,4,4,4,4,1,0,4,4,-0.14999999105930326,-2.027322753979329,,,,,,,,,16.155007600629354,0.005555616014149269,130.0,PS_039,,182.49761609209324,3.7921237984064904
18.100000381469727,14.301332473754883,2024-12-12T01:00:00Z,4,4,4,4,4,4,1,0,4,4,-0.6100222090769102,-2.375688126950157,,,,,,,,,16.064767444205913,0.31481440220544304,130.0,PS_039,,158.08012874424773,3.0641674646279413
18.048129724152247,14.301332473754885,2024-12-12T01:15:00Z,3,3,3,3,3,3,1,0,3,3,-0.42285374866498465,-2.099999904632569,,,,,,,,,16.248128909526567,0.5680389861420008,130.0,PS_039,,151.50370420196404,2.5529848297394913
18.100000381469727,14.304002159280126,2024-12-12T01:30:00Z,4,4,4,4,4,4,1,0,4,4,-0.307875740735554,-2.2423220973121065,,,,,,,,,16.14967334391427,0.550000011920929,130.0,PS_039,,123.85317563831339,2.7493073387371254
18.100000381469727,14.302531445921646,2024-12-12T01:45:00Z,3,3,3,3,3,3,1,0,3,3,-0.1499999910593033,-2.3709191539792287,,,,,,,,,15.965260999422485,0.7641737460926797,130.0,PS_039,,97.68998169655367,2.068663707280045
18.034181313621456,14.302175831091933,2024-12-12T02:00:00Z,4,4,4,4,4,4,1,0,4,4,-0.1222574825740056,-2.3299530912166952,,,,,,,,,16.532174946690212,0.07409245115975552,130.0,PS_039,,166.14509894063008,3.7659054257948514
17.817619668369804,14.30508582216704,2024-12-12T02:15:00Z,4,4,4,4,4,4,1,0,4,4,-0.1450996696781387,-2.5766055722953216,,,,,,,,,16.417469800397388,0.13018026762720716,130.0,PS_039,,161.84387855247365,2.8911150534524137
17.600000381469727,14.303199204155915,2024-12-12T02:30:00Z,3,3,3,3,3,3,1,0,3,3,-0.4817050082390149,-2.1727908482441096,,,,,,,,,15.800000190734863,0.40441813433935264,130.0,PS_039,,138.38979444331252,2.9635881394275696
17.600000381469727,14.304114751347676,2024-12-12T02:45:00Z,4,4,4,4,4,4,1,0,4,4,-0.43355619194523104,-2.59035194755364,,,,,,,,,15.5,0.2263070810230643,130.0,PS_039,,214.88989081126502,2.3119011163375474
17.51590763059139,14.305180161275574,2024-12-12T03:00:00Z,2,2,2,2,2,2,1,0,2,2,-0.5999999642372131,-3.049999952316284,,,,,,,,,15.415907516444298,-0.09772272354372721,130.0,PS_039,,170.16498034552987,3.1797186959178023
,,2024-12-12T03:15:00Z,0,0,0,0,0,0,1,0,0,0,,,,,,,,,,,,,130.0,PS_039,,,
,,2024-12-12T03:30:00Z,0,0,0,0,0,0,1,0,0,0,,,,,,,,,,,,,130.0,PS_039,,,
,,2024-12-12T03:45:00Z,0,0,0,0,0,0,1,0,0,0,,,,,,,,,,,,,130.0,PS_039,,,
,,2024-12-12T04:00:00Z,0,0,0,0,0,0,1,0,0,0,,,,,,,,,,,,,130.0,PS_039,,,
,,2024-12-12T04:15:00Z,0,0,0,0,0,0,1,0,0,0,,,,,,,,,,,,,130.0,PS_039,,,
,,2024-12-12T04:30:00Z,0,0,0,0,0,0,1,0,0,0,,,,,,,,,,,,,130.0,PS_039,,,
,,2024-12-12T04:45:00Z,0,0,0,0,0,0,1,0,0,0,,,,,,,,,,,,,130.0,PS_039,,,
,,2024-12-12T05:00:00Z,0,0,0,0,0,0,1,0,0,0,,,,,,,,,,,,,130.0,PS_039,,,
,,2024-12-12T05:15:00Z,0,0,0,0,0,0,1,0,0,0,,,,,,,,,,,,,130.0,PS_039,,,
,,2024-12-12T05:30:00Z,0,0,0,0,0,0,1,0,0,0,,,,,,,,,,,,,130.0,PS_039,,,
,,2024-12-12T05:45:00Z,0,0,0,0,0,0,1,0,0,0,,,,,,,,,,,,,130.0,PS_039,,,
,,2024-12-12T06:00:00Z,0,0,0,0,0,0,1,0,0,0,,,,,,,,,,,,,130.0,PS_039,,,
,,2024-12-12T06:15:00Z,0,0,0,0,0,0,1,0,0,0,,,,,,,,,,,,,130.0,PS_039,,,
,,2024-12-12T06:30:00Z,0,0,0,0,0,0,1,0,0,0,,,,,,,,,,,,,130.0,PS_039,,,
,,2024-12-12T06:45:00Z,0,0,0,0,0,0,1,0,0,0,,,,,,,,,,,,,130.0,PS_039,,,
,,2024-12-12T07:00:00Z,0,0,0,0,0,0,1,0,0,0,,,,,,,,,,,,,130.0,PS_039,,,
,,2024-12-12T07:15:00Z,0,0,0,0,0,0,1,0,0,0,,,,,,,,,,,,,130.0,PS_039,,,
,,2024-12-12T07:30:00Z,0,0,0,0,0,0,1,0,0,0,,,,,,,,,,,,,130.0,PS_039,,,
,,2024-12-12T07:45:00Z,0,0,0,0,0,0,1,0,0,0,,,,,,,,,,,,,130.0,PS_039,,,
,,2024-12-12T08:00:00Z,0,0,0,0,0,0,1,0,0,0,,,,,,,,,,,,,130.0,PS_039,,,
,,2024-12-12T08:15:00Z,0,0,0,0,0,0,1,0,0,0,,,,,,,,,,,,,130.0,PS_039,,,
,,2024-12-12T08:30:00Z,0,0,0,0,0,0,1,0,0,0,,,,,,,,,,,,,130.0,PS_039,,,
,,2024-12-12T08:45:00Z,0,0,0,0,0,0,1,0,0,0,,,,,,,,,,,,,130.0,PS_039,,,
18.100000381469727,14.306678771972658,2024-12-12T09:00:00Z,2,2,2,2,2,2,1,0,2,2,124.49531254785889,13.221844836176563,,,,,,,,,17.058938371409987,31.771845026911425,130.0,PS_039,,109.59262055180618,0.8156211195061748
18.433797654630087,14.306678771972656,2024-12-12T09:15:00Z,3,3,3,3,3,3,1,0,3,3,165.04845720644937,55.483520179470055,,,,,,,,,18.721956146882462,37.83152809053812,130.0,PS_039,,97.64595415838446,1.1650259346152405
19.334786603087117,14.308707871675287,2024-12-12T09:30:00Z,4,4,4,4,4,4,1,0,4,4,221.674615435401,225.4686546382313,,,,,,,,,21.482242115979297,46.145079655851006,130.0,PS_039,,98.17028989746554,1.626833907298426
19.374145463863698,14.312800363628652,2024-12-12T09:45:00Z,4,4,4,4,4,4,1,0,4,4,212.99296775564554,139.41037017010322,,,,,,,,,22.158248988704123,60.152590873096386,130.0,PS_039,,98.7648805529916,2.1872246846207783
19.200000762939453,14.315074570814097,2024-12-12T10:00:00Z,3,3,3,3,3,3,1,0,3,3,169.7297259504033,29.562081631847715,,,,,,,,,20.344696307519925,122.67617919225496,130.0,PS_039,,113.5984543604081,2.5357069184452854
19.361243953229597,14.31208909034998,2024-12-12T10:15:00Z,4,4,4,4,4,4,1,0,4,4,214.84323426111382,39.927543016706586,,,,,,,,,21.58134966937744,154.0844699297498,130.0,PS_039,,138.95714620783767,2.1486764477476012
20.500108056184494,14.314215155151537,2024-12-12T10:30:00Z,4,4,4,4,4,4,1,0,4,4,366.96805539168565,90.75447902682137,,,,,,,,,24.37043246742578,161.65827635239174,130.0,PS_039,,155.9028741358115,1.9592087824005526
21.455455904758384,14.315738606784883,2024-12-12T10:45:00Z,3,3,3,3,3,3,1,0,3,3,336.8585366580525,81.87475033216722,,,,,,,,,24.2074512261536,130.55962349242486,130.0,PS_039,,54.02041280736667,1.0019892171507083
21.41392597979983,14.315875199032524,2024-12-12T11:00:00Z,4,4,4,4,4,4,1,0,4,4,495.2833465928285,115.06580619236252,,,,,,,,,24.29782564432256,193.07182123429808,130.0,PS_039,,98.16150255419126,1.8252975135940173
23.027395896264725,14.317316595991633,2024-12-12T11:15:00Z,4,4,4,4,4,4,1,0,4,4,708.3923614775742,157.29725036613974,,,,,,,,,27.681710065722463,262.5010229069323,130.0,PS_039,,131.42555668083813,1.6135366394802133
22.33627059674504,14.318752018228869,2024-12-12T11:30:00Z,3,3,3,3,3,3,1,0,3,3,654.8874931328089,122.1360311270261,,,,,,,,,26.295955283028626,240.24924409347292,130.0,PS_039,,136.73386068314292,2.7756366086170075
22.92802713978099,14.319404624458743,2024-12-12T11:45:00Z,4,4,4,4,4,4,1,0,4,4,678.487325663194,145.80513562683845,,,,,,,,,27.79386948255809,296.30318617643167,130.0,PS_039,,139.14536851889866,2.8538868819292067
23.308746779442384,14.321121506099157,2024-12-12T12:00:00Z,3,3,3,3,3,3,1,0,3,3,779.4986607210794,155.38198588627552,,,,,,,,,28.593727446570796,394.5817952242031,130.0,PS_039,,160.77392623893775,2.3464982430626247
23.858332971394496,14.322051048278809,2024-12-12T12:15:00Z,4,4,4,4,4,4,1,0,4,4,768.4939543919783,131.54819607456034,,,,,,,,,31.725967983479727,484.11640832161504,130.0,PS_039,,96.86374851328324,2.043020037686622
24.32474600888507,14.322051048278807,2024-12-12T12:30:00Z,4,4,4,4,4,4,1,0,4,4,851.7966918201155,150.21380840699115,,,,,,,,,34.11777250004129,551.272901153375,130.0,PS_039,,111.71994477393756,2.0248444626037174
24.339052868336214,14.322964464810724,2024-12-12T12:45:00Z,2,2,2,2,2,2,1,0,2,2,913.739256509552,146.7945827167302,,,,,,,,,34.01006048518656,574.0254331916827,130.0,PS_039,,116.36069904363609,2.0260364961189334
,,2024-12-12T13:00:00Z,0,0,0,0,0,0,1,0,0,0,,,,,,,,,,,,,130.0,PS_039,,,
,,2024-12-12T13:15:00Z,0,0,0,0,0,0,1,0,0,0,,,,,,,,,,,,,130.0,PS_039,,,
25.899999618530273,14.044023513793945,2024-12-12T13:30:00Z,1,1,1,1,1,1,1,0,1,1,996.2999877929688,126.8499984741211,,,,,,,,,42.79999923706055,711.8999633789062,130.0,PS_039,,152.9040069580078,2.9620001316070557
26.16928023028409,14.18335264663224,2024-12-12T13:45:00Z,4,4,4,4,4,4,1,0,4,4,1018.4328524170807,123.11858928917468,,,,,,,,,43.43007478713994,753.7768626408722,130.0,PS_039,,200.38346205523132,2.539806016434385
26.505693521747336,14.212482596465525,2024-12-12T14:00:00Z,2,2,2,2,2,2,1,0,2,2,1069.8170975945832,126.47144610248112,,,,,,,,,42.11138644414358,816.723263920798,130.0,PS_039,,156.81591606248796,1.438671398292246
26.98306676937326,14.192343370579277,2024-12-12T14:15:00Z,0,0,0,0,0,0,1,0,0,0,1064.2637612425508,119.72743980794341,true,true,true,true,true,true,true,true,46.908555297304225,858.1989064813251,130.0,PS_039,,149.80126854826952,1.2587224946898004
27.46044001699918,14.17220414469303,2024-12-12T14:30:00Z,4,4,4,4,4,4,1,0,4,4,1058.7104248905184,112.9834335134057,,,,,,,,,51.705724150464874,899.6745490418522,130.0,PS_039,,142.78662103405108,1.0787735910873544
27.21643626389182,14.218340267276753,2024-12-12T14:45:00Z,3,3,3,3,3,3,1,0,3,3,502.4413286029337,59.54003009744075,,,,,,,,,48.803736658454326,447.3590425632253,130.0,PS_039,,146.72552096559824,1.5474549659140733
27.838141504697802,14.227638096279234,2024-12-12T15:00:00Z,2,2,2,2,2,2,1,0,2,2,1200.356879051922,98.06656736864466,,,,,,,,,52.97916845018734,902.4041370445442,130.0,PS_039,,95.64102157820994,0.4677036297347331
26.747827220764293,14.124185692271071,2024-12-12T15:15:00Z,2,2,2,2,2,2,1,0,2,2,454.1885378836915,49.314618127295404,,,,,,,,,45.62173267957987,420.66375440260776,130.0,PS_039,,114.70002813629071,2.496547086737939
27.492582923000104,14.251536549655214,2024-12-12T15:30:00Z,4,4,4,4,4,4,1,0,4,4,391.20938891859555,43.07566367077106,,,,,,,,,46.871794553219544,362.207836939365,130.0,PS_039,,114.72221499024624,0.9233012063236891
27.048846652757586,14.284161477649054,2024-12-12T15:45:00Z,4,4,4,4,4,4,1,0,4,4,427.4744461871461,46.17022545136815,,,,,,,,,37.67390056800329,418.6118514150706,130.0,PS_039,,175.57070275043606,0.769825730194735
27.11860587100349,14.306678771972656,2024-12-12T16:00:00Z,3,3,3,3,3,3,1,0,3,3,219.9555667703139,26.969020009165117,,,,,,,,,37.549345914832244,224.881507644891,130.0,PS_039,,160.96060313882793,0.9534566247278277
27.032107306762654,14.305867215405328,2024-12-12T16:15:00Z,4,4,4,4,4,4,1,0,4,4,318.1143231933561,35.22563654368978,,,,,,,,,34.318683973827426,305.94682915207795,130.0,PS_039,,171.62134373363273,0.8178464072270988
28.19419932433705,14.218597042722878,2024-12-12T16:30:00Z,0,0,0,0,0,0,1,0,0,0,709.2932691418299,61.18872108394601,true,true,true,true,true,true,true,true,47.6624551198996,750.6575379295831,130.0,PS_039,,131.01237907296823,1.893299619514177
29.356291341911444,14.131326870040429,2024-12-12T16:45:00Z,3,3,3,3,3,3,1,0,3,3,1100.4722150903037,87.15180562420224,,,,,,,,,61.00622626597177,1195.3682467070882,130.0,PS_039,,90.40341441230373,2.9687528318012553
28.718116921785725,14.26185555058728,2024-12-12T17:00:00Z,3,3,3,3,3,3,1,0,3,3,920.7640592016411,73.90981275407155,,,,,,,,,53.21231281699472,1011.017633122689,130.0,PS_039,,137.26876570444327,1.975176512170024
27.289150199716733,14.309851792907997,2024-12-12T17:15:00Z,4,4,4,4,4,4,1,0,4,4,217.14913129992328,26.846173394239063,,,,,,,,,36.3395443228554,206.7896798303454,130.0,PS_039,,138.572498984464,0.9922199455316792
28.294613322807237,14.306678771972654,2024-12-12T17:30:00Z,3,3,3,3,3,3,1,0,3,3,863.5058058997917,80.118224148715,,,,,,,,,41.06633023599955,1015.5918483728861,130.0,PS_039,,93.53952436895858,0.22554955584647957
28.66840250124423,14.302177811763224,2024-12-12T17:45:00Z,4,4,4,4,4,4,1,0,4,4,805.7425991109949,69.25657330949163,,,,,,,,,49.99149367843014,967.4536130220664,130.0,PS_039,,91.01603021262912,2.5928165714948026
27.336468304849493,14.304975949233501,2024-12-12T18:00:00Z,4,4,4,4,4,4,1,0,4,4,178.6762833944951,18.838283772543004,,,,,,,,,38.09513538839576,197.72315598469552,130.0,PS_039,,132.6859156138246,1.2087916025075862
28.226126110390638,14.301332473754883,2024-12-12T18:15:00Z,3,3,3,3,3,3,1,0,3,3,735.2000438238177,59.30538712191803,,,,,,,,,42.611530259300274,928.8114561605199,130.0,PS_039,,131.1719835874143,1.361714292443158
28.052952643229375,14.305359053658888,2024-12-12T18:30:00Z,4,4,4,4,4,4,1,0,4,4,519.3767644827929,37.02711072792342,,,,,,,,,44.69791776476629,602.8265255778367,130.0,PS_039,,201.77089420470423,1.1332500401509502
28.714331516395507,14.308682862484412,2024-12-12T18:45:00Z,4,4,4,4,4,4,1,0,4,4,610.9641649206695,57.52141995116405,,,,,,,,,48.10219824496719,882.6110551859696,130.0,PS_039,,131.6517922537366,1.9200624279158633
27.741529580435476,14.311357498168947,2024-12-12T19:00:00Z,3,3,3,3,3,3,1,0,3,3,129.30660303147098,14.107421074757054,,,,,,,,,38.91829705148906,134.39449983059433,130.0,PS_039,,177.18400993775907,1.8497828536833238
26.986783870977458,14.315149753819503,2024-12-12T19:15:00Z,4,4,4,4,4,4,1,0,4,4,142.68269135991991,16.748104544575853,,,,,,,,,30.256044818416456,157.47794460136078,130.0,PS_039,,179.2390648943217,1.6827228837113142
26.391103247438433,14.311984083791891,2024-12-12T19:30:00Z,4,4,4,4,4,4,1,0,4,4,136.75013003541977,17.34570386968064,,,,,,,,,27.98514890416268,136.35574358762818,130.0,PS_039,,149.1317672471757,3.894795976744998
26.231190145771016,14.310627861081429,2024-12-12T19:45:00Z,3,3,3,3,3,3,1,0,3,3,202.36696258226388,23.761413617130607,,,,,,,,,27.37299318539183,206.71089288041554,130.0,PS_039,,160.32857023085919,2.2838733828699644
26.30983813632393,14.309583895184792,2024-12-12T20:00:00Z,4,4,4,4,4,4,1,0,4,4,374.2085529245746,43.31708230622131,,,,,,,,,33.16752771788772,590.8883482137107,130.0,PS_039,,149.96179005429033,3.8426522424689744
25.5734826497798,14.311357498168945,2024-12-12T20:15:00Z,4,4,4,4,4,4,1,0,4,4,149.6807234082299,20.53464604145067,,,,,,,,,30.491478972048373,214.51154906661958,130.0,PS_039,,167.05244013718828,3.750415579504842
25.100000381469727,14.311357498168945,2024-12-12T20:30:00Z,3,3,3,3,3,3,1,0,3,3,89.32404796887292,14.560838652858617,,,,,,,,,26.689465212877025,171.5767745923368,130.0,PS_039,,151.89981188690646,4.157961031295959
24.33005005077133,14.309052582935253,2024-12-12T20:45:00Z,4,4,4,4,4,4,1,0,4,4,69.6831278762961,11.715077508678874,,,,,,,,,25.95735311585018,127.25804865368642,130.0,PS_039,,204.07005972536234,3.5115843699589306
23.801348937884498,14.308450140689914,2024-12-12T21:00:00Z,3,3,3,3,3,3,1,0,3,3,58.84057280581782,16.300230980600354,,,,,,,,,26.508736611033132,83.49679893864835,130.0,PS_039,,141.69331830443477,3.4341720859488474
23.281044946725824,14.308323262948392,2024-12-12T21:15:00Z,4,4,4,4,4,4,1,0,4,4,25.97401206159124,12.984985518077664,,,,,,,,,24.465527027304102,98.86214190891822,130.0,PS_039,,149.80738669555092,3.9112567201431836
22.657860406376912,14.311357498168945,2024-12-12T21:30:00Z,4,4,4,4,4,4,1,0,4,4,16.069792274061786,8.963334219287242,,,,,,,,,22.331263791079333,32.8528929167095,130.0,PS_039,,145.28335800708874,4.352411486407838
22.09732021730218,14.31061749453789,2024-12-12T21:45:00Z,3,3,3,3,3,3,1,0,3,3,4.723771713453408,-1.403005160167953,,,,,,,,,20.674615674103524,9.006866515342924,130.0,PS_039,,159.47508592369135,2.5880772625840898
21.291145850331592,14.30948781200007,2024-12-12T22:00:00Z,4,4,4,4,4,4,1,0,4,4,0.10141397313017753,-2.035214327693516,,,,,,,,,19.743420959889093,0.3848287555183614,130.0,PS_039,,138.6018648437358,3.421392290041067
20.88172050858864,14.311357498168945,2024-12-12T22:15:00Z,4,4,4,4,4,4,1,0,4,4,0.10052031538404844,-2.5643958501062976,,,,,,,,,18.951053137626076,-0.10918220330375344,130.0,PS_039,,143.51449448231344,3.6009151247279076
20.547124801797036,14.307413720657271,2024-12-12T22:30:00Z,3,3,3,3,3,3,1,0,3,3,-0.8127262568096341,-2.408360241783719,,,,,,,,,18.95527178074057,0.550000011920929,130.0,PS_039,,157.96760465576298,3.151816096963971
20.499999999999996,14.308071249506757,2024-12-12T22:45:00Z,4,4,4,4,4,4,1,0,4,4,-0.565021856988698,-2.232283789095857,,,,,,,,,18.44111545819213,0.34819701656864555,130.0,PS_039,,161.6890103316767,4.04784657817676
20.0319401618326,14.306678771972656,2024-12-12T23:00:00Z,4,4,4,4,4,4,1,0,4,4,-0.5972704279881921,-2.781708498646413,,,,,,,,,18.256482848208396,0.5605975448121591,130.0,PS_039,,136.38825191817693,3.2039267901488286
19.754487643989634,14.306678771972658,2024-12-12T23:15:00Z,3,3,3,3,3,3,1,0,3,3,-0.22031500338251978,-2.0199759596950995,,,,,,,,,17.954486845999593,-0.12251978334457274,130.0,PS_039,,169.44396385417377,2.654741559403228
19.55866863693944,14.306678771972656,2024-12-12T23:30:00Z,4,4,4,4,4,4,1,0,4,4,-0.6641220449914904,-2.6141219666289826,,,,,,,,,17.565529731688176,0.3568613481998266,130.0,PS_039,,146.3280204809,3.1498350990227952
19.467984382478715,14.306678771972656,2024-12-12T23:45:00Z,4,4,4,4,4,4,1,0,4,4,-0.04757485735847726,-2.4272008876630506,,,,,,,,,17.600000381469727,0.2545215036068938,130.0,PS_039,,141.08955208852362,3.227966486849622
19.399999618530273,14.307665957037822,2024-12-13T00:00:00Z,3,3,3,3,3,3,1,0,3,3,-0.04279121144039987,-2.0999999046325684,,,,,,,,,17.60000038146973,0.0875433156914346,130.0,PS_039,,169.1946180027563,3.078059228743628
19.369837204700723,14.307370777143962,2024-12-13T00:15:00Z,4,4,4,4,4,4,1,0,4,4,-0.5334428939017433,-2.4911280777196954,,,,,,,,,17.246867519921214,0.7208268733676113,130.0,PS_039,,167.5325136361471,2.4530078549046443
19.200000762939453,14.306678771972656,2024-12-13T00:30:00Z,3,3,3,3,3,3,1,0,3,3,-0.22827072325940406,-2.3699535023055276,,,,,,,,,17.032149659929452,0.436915904874469,130.0,PS_039,,224.3489691274719,1.3342354935028746
18.996772912558278,14.306678771972654,2024-12-13T00:45:00Z,4,4,4,4,4,4,1,0,4,4,-0.5863659662609136,-2.768744456607532,,,,,,,,,16.371383528160898,0.38871180020153046,130.0,PS_039,,155.49990259107386,1.2444499753313836
18.85616950370506,14.306678771972658,2024-12-13T01:00:00Z,4,4,4,4,4,4,1,0,4,4,-0.49984177445151884,-2.721046500536866,,,,,,,,,16.299999237060547,0.09717830513652793,130.0,PS_039,,203.47665659697924,1.4024369479098353
18.399999618530273,14.306678771972654,2024-12-13T01:15:00Z,3,3,3,3,3,3,1,0,3,3,-0.14999999105930328,-2.86840923513009,,,,,,,,,15.833267022814558,0.07528682602123296,130.0,PS_039,,197.68779406647758,0.958768150088431
18.32628072675276,14.306678771972654,2024-12-13T01:30:00Z,4,4,4,4,4,4,1,0,4,4,-0.5283602959044965,-2.791879631083723,,,,,,,,,15.307112288369725,0.43094403864965986,130.0,PS_039,,205.90101003567952,0.4860831512420121
18.266163181059433,14.306678771972658,2024-12-13T01:45:00Z,4,4,4,4,4,4,1,0,4,4,-0.2176151975916612,-2.4272301231906193,,,,,,,,,15.199999809265138,0.19793328870774748,130.0,PS_039,,269.62022768469956,0.9396683067254565
18.14648193514008,14.306678771972656,2024-12-13T02:00:00Z,3,3,3,3,3,3,1,0,3,3,-0.2249349166433511,-1.9079224403818054,,,,,,,,,15.064292133294877,0.6332610353849045,130.0,PS_039,,133.69163937342373,1.1094855860037067
17.877699946190248,14.308691329931206,2024-12-13T02:15:00Z,4,4,4,4,4,4,1,0,4,4,-0.4665939020180572,-2.1715668382144164,,,,,,,,,14.846084375871163,-0.049732525461023816,130.0,PS_039,,192.1517550447688,0.21854412807404247
17.631722746382653,14.306678771972656,2024-12-13T02:30:00Z,4,4,4,4,4,4,1,0,4,4,-0.6793063397682578,-2.1584145759233624,,,,,,,,,14.171157664397658,0.614905187629132,130.0,PS_039,,192.17080208443377,0.031149990558965668
17.390067970582393,14.306678771972656,2024-12-13T02:45:00Z,3,3,3,3,3,3,1,0,3,3,-0.2896493509934876,-2.5545467152176324,,,,,,,,,13.990068065732421,0.06220820109268431,130.0,PS_039,,245.2394481377956,-0.036000002175569534
17.60000038146973,14.311357498168947,2024-12-13T03:00:00Z,2,2,2,2,2,2,1,0,2,2,-0.5999999642372131,-2.8916645802696386,,,,,,,,,14.399999618530273,0.39166463633521187,130.0,PS_039,,178.07553046590985,0.4616350398334691
,,2024-12-13T03:15:00Z,0,0,0,0,0,0,1,0,0,0,,,,,,,,,,,,,130.0,PS_039,,,
,,2024-12-13T03:30:00Z,0,0,0,0,0,0,1,0,0,0,,,,,,,,,,,,,130.0,PS_039,,,
,,2024-12-13T03:45:00Z,0,0,0,0,0,0,1,0,0,0,,,,,,,,,,,,,130.0,PS_039,,,
,,2024-12-13T04:00:00Z,0,0,0,0,0,0,1,0,0,0,,,,,,,,,,,,,130.0,PS_039,,,
,,2024-12-13T04:15:00Z,0,0,0,0,0,0,1,0,0,0,,,,,,,,,,,,,130.0,PS_039,,,
,,2024-12-13T04:30:00Z,0,0,0,0,0,0,1,0,0,0,,,,,,,,,,,,,130.0,PS_039,,,
,,2024-12-13T04:45:00Z,0,0,0,0,0,0,1,0,0,0,,,,,,,,,,,,,130.0,PS_039,,,
,,2024-12-13T05:00:00Z,0,0,0,0,0,0,1,0,0,0,,,,,,,,,,,,,130.0,PS_039,,,
,,2024-12-13T05:15:00Z,0,0,0,0,0,0,1,0,0,0,,,,,,,,,,,,,130.0,PS_039,,,
,,2024-12-13T05:30:00Z,0,0,0,0,0,0,1,0,0,0,,,,,,,,,,,,,130.0,PS_039,,,
,,2024-12-13T05:45:00Z,0,0,0,0,0,0,1,0,0,0,,,,,,,,,,,,,130.0,PS_039,,,
,,2024-12-13T06:00:00Z,0,0,0,0,0,0,1,0,0,0,,,,,,,,,,,,,130.0,PS_039,,,
,,2024-12-13T06:15:00Z,0,0,0,0,0,0,1,0,0,0,,,,,,,,,,,,,130.0,PS_039,,,
,,2024-12-13T06:30:00Z,0,0,0,0,0,0,1,0,0,0,,,,,,,,,,,,,130.0,PS_039,,,
,,2024-12-13T06:45:00Z,0,0,0,0,0,0,1,0,0,0,,,,,,,,,,,,,130.0,PS_039,,,
,,2024-12-13T07:00:00Z,0,0,0,0,0,0,1,0,0,0,,,,,,,,,,,,,130.0,PS_039,,,
,,2024-12-13T07:15:00Z,0,0,0,0,0,0,1,0,0,0,,,,,,,,,,,,,130.0,PS_039,,,
,,2024-12-13T07:30:00Z,0,0,0,0,0,0,1,0,0,0,,,,,,,,,,,,,130.0,PS_039,,,
,,2024-12-13T07:45:00Z,0,0,0,0,0,0,1,0,0,0,,,,,,,,,,,,,130.0,PS_039,,,
,,2024-12-13T08:00:00Z,0,0,0,0,0,0,1,0,0,0,,,,,,,,,,,,,130.0,PS_039,,,
,,2024-12-13T08:15:00Z,0,0,0,0,0,0,1,0,0,0,,,,,,,,,,,,,130.0,PS_039,,,
,,2024-12-13T08:30:00Z,0,0,0,0,0,0,1,0,0,0,,,,,,,,,,,,,130.0,PS_039,,,
,,2024-12-13T08:45:00Z,0,0,0,0,0,0,1,0,0,0,,,,,,,,,,,,,130.0,PS_039,,,
17.86412943152083,14.311357498168947,2024-12-13T09:00:00Z,2,2,2,2,2,2,1,0,2,2,73.16973029522502,6.456156083169006,,,,,,,,,16.42825921825387,78.91212189172748,130.0,PS_039,,169.98736746453386,-0.036000002175569534
18.540271606655416,14.310660043242212,2024-12-13T09:15:00Z,4,4,4,4,4,4,1,0,4,4,99.03084341982478,9.858832674496648,,,,,,,,,17.725658141178137,109.59564280827885,130.0,PS_039,,169.2816432744927,0.0768115715646569
18.557348460351285,14.310556617835397,2024-12-13T09:30:00Z,3,3,3,3,3,3,1,0,3,3,110.96621991696847,11.26585498533903,,,,,,,,,18.448647670549434,127.8304756162269,130.0,PS_039,,244.00238524128542,-0.012530177239315689
18.91318267939019,14.311970466074674,2024-12-13T09:45:00Z,4,4,4,4,4,4,1,0,4,4,129.40259295809167,14.881978350598962,,,,,,,,,19.642433781288137,152.72829817735192,130.0,PS_039,,222.12044009524848,-0.026001441387124048
19.369147828865504,14.311357498168947,2024-12-13T10:00:00Z,4,4,4,4,4,4,1,0,4,4,158.94054800244677,22.208255930252612,,,,,,,,,21.945416775501908,193.90257454498192,130.0,PS_039,,193.25877937432912,0.14817111407071842
19.903438696206386,14.312218060312503,2024-12-13T10:15:00Z,3,3,3,3,3,3,1,0,3,3,234.22687827484796,45.576553294385796,,,,,,,,,25.72223229363986,264.56314546860904,130.0,PS_039,,194.35482694401406,0.09251714956653162
20.390311154356475,14.315397851246729,2024-12-13T10:30:00Z,4,4,4,4,4,4,1,0,4,4,253.0772212106167,53.88403843051859,,,,,,,,,26.96606603308041,247.17392587259764,130.0,PS_039,,165.73707165263826,2.113647874463471
20.794040473649726,14.319018960541005,2024-12-13T10:45:00Z,4,4,4,4,4,4,1,0,4,4,265.24257897471335,55.02408200001496,,,,,,,,,27.903806114996783,260.56644654900725,130.0,PS_039,,112.44530481988564,0.9426195885199427
21.345922010217325,14.320439419502042,2024-12-13T11:00:00Z,3,3,3,3,3,3,1,0,3,3,345.1165036890133,64.4028822817088,,,,,,,,,29.926222110944476,391.50483462793517,130.0,PS_039,,105.32249800566022,0.9324513331154011
22.06537903983776,14.31904809474276,2024-12-13T11:15:00Z,4,4,4,4,4,4,1,0,4,4,457.6183190200072,74.36740374831437,,,,,,,,,35.11934325596517,542.1103163454085,130.0,PS_039,,182.42157449632154,1.3139237970079214
22.868140556458815,14.320663473068912,2024-12-13T11:30:00Z,4,4,4,4,4,4,1,0,4,4,442.6352374150199,67.8083776549481,,,,,,,,,36.782281595932034,504.71380902074714,130.0,PS_039,,122.16907590727955,1.7000007775391295
23.540196250531466,14.322051048278807,2024-12-13T11:45:00Z,2,2,2,2,2,2,1,0,2,2,618.3566134954899,78.52671262688901,,,,,,,,,40.35833378344154,742.0570793244162,130.0,PS_039,,73.86118249963043,0.8733333573243403
,,2024-12-13T12:00:00Z,0,0,0,0,0,0,1,0,0,0,,,,,,,,,,,,,130.0,PS_039,,,
,,2024-12-13T12:15:00Z,0,0,0,0,0,0,1,0,0,0,,,,,,,,,,,,,130.0,PS_039,,,
,,2024-12-13T12:30:00Z,0,0,0,0,0,0,1,0,0,0,,,,,,,,,,,,,130.0,PS_039,,,
,,2024-12-13T12:45:00Z,0,0,0,0,0,0,1,0,0,0,,,,,,,,,,,,,130.0,PS_039,,,
,,2024-12-13T13:00:00Z,0,0,0,0,0,0,1,0,0,0,,,,,,,,,,,,,130.0,PS_039,,,
,,2024-12-13T13:15:00Z,0,0,0,0,0,0,1,0,0,0,,,,,,,,,,,,,130.0,PS_039,,,
,,2024-12-13T13:30:00Z,0,0,0,0,0,0,1,0,0,0,,,,,,,,,,,,,130.0,PS_039,,,
,,2024-12-13T13:45:00Z,0,0,0,0,0,0,1,0,0,0,,,,,,,,,,,,,130.0,PS_039,,,
26.556590999592217,14.025994984704406,2024-12-13T14:00:00Z,3,3,3,3,3,3,1,0,3,3,773.1715224636268,77.40294553745034,,,,,,,,,50.03661391837511,774.5909963534082,130.0,PS_039,,101.47773080918283,1.1194510379002705
25.857238204841995,14.095167736498974,2024-12-13T14:15:00Z,4,4,4,4,4,4,1,0,4,4,509.33324972752524,53.68106047476409,,,,,,,,,39.75300132525527,499.9822921645819,130.0,PS_039,,329.5231055983506,1.4839152908858158
26.689404542809303,14.158079263675983,2024-12-13T14:30:00Z,4,4,4,4,4,4,1,0,4,4,638.7681376561101,65.1528054687086,,,,,,,,,45.14557442504833,635.4402317123984,130.0,PS_039,,130.9429366485727,1.778946223167346
26.453105446971872,14.187520754664087,2024-12-13T14:45:00Z,3,3,3,3,3,3,1,0,3,3,455.82156960218055,50.90770359485037,,,,,,,,,44.2381005983324,452.31148526879576,130.0,PS_039,,28.62501527743125,0.6667854795554473
26.874947582528538,14.205977146005305,2024-12-13T15:00:00Z,4,4,4,4,4,4,1,0,4,4,592.742299011165,54.919780280855385,,,,,,,,,44.41456138280934,586.2112721849761,130.0,PS_039,,64.78696770431245,1.8470868368858915
26.69234148492334,14.214493533443903,2024-12-13T15:15:00Z,4,4,4,4,4,4,1,0,4,4,700.7104196580651,66.2948000570816,,,,,,,,,44.145258127496795,699.0537936346423,130.0,PS_039,,170.06970522045498,1.6881886882207777
27.17112349321992,14.224359975510104,2024-12-13T15:30:00Z,3,3,3,3,3,3,1,0,3,3,494.12069424359396,49.62447557058363,,,,,,,,,44.59029020903646,487.4848513135091,130.0,PS_039,,302.1687122656646,1.3764115566729056
27.57078515722236,14.2464222091274,2024-12-13T15:45:00Z,4,4,4,4,4,4,1,0,4,4,834.0283907275947,73.2333550134067,,,,,,,,,42.583396222755724,839.6683732098084,130.0,PS_039,,186.45041755563926,1.5369336588764244
28.107245304743678,14.276091102296936,2024-12-13T16:00:00Z,4,4,4,4,4,4,1,0,4,4,822.6040246513664,72.34152064326463,,,,,,,,,49.98983759726865,832.3687186715573,130.0,PS_039,,311.2202462491588,2.225419662649228
27.90643402335966,14.300331832063632,2024-12-13T16:15:00Z,3,3,3,3,3,3,1,0,3,3,983.6868838639534,80.58973712704422,,,,,,,,,44.50540805031279,995.1437754402906,130.0,PS_039,,55.80121484251962,2.084590995374516
27.497066759378242,14.306628739807826,2024-12-13T16:30:00Z,4,4,4,4,4,4,1,0,4,4,291.30103068323757,32.49589357746298,,,,,,,,,40.22086874386863,293.37767132983976,130.0,PS_039,,82.86003028048478,1.419583319707381
27.637188223165143,14.311357498168945,2024-12-13T16:45:00Z,4,4,4,4,4,4,1,0,4,4,752.4886891993062,63.389984972627985,,,,,,,,,38.71018548114152,806.8645702845273,130.0,PS_039,,140.51890148237433,0.9980734198769318
29.052343522073382,14.311357498168947,2024-12-13T17:00:00Z,3,3,3,3,3,3,1,0,3,3,796.2973343129531,70.90080319929251,,,,,,,,,47.88681582311768,856.1096311494267,130.0,PS_039,,260.3163436558864,0.48051809968628406
29.763078792152985,14.314107364287919,2024-12-13T17:15:00Z,4,4,4,4,4,4,1,0,4,4,802.204148530073,71.07543944429273,,,,,,,,,53.74558439043999,903.0396083268128,130.0,PS_039,,224.65303226641288,1.5581417355956644
29.13715318460312,14.314210015103642,2024-12-13T17:30:00Z,3,3,3,3,3,3,1,0,3,3,722.7053342913254,65.51613210950747,,,,,,,,,46.329333606917494,837.3267114134189,130.0,PS_039,,278.60069557200404,2.0540566074608466
29.560279904199245,14.312209411275239,2024-12-13T17:45:00Z,4,4,4,4,4,4,1,0,4,4,779.5333441042654,74.95198094459276,,,,,,,,,52.061277161209524,916.6846123980539,130.0,PS_039,,204.12177230988655,1.4602352585171419
29.728325493054548,14.315118918974433,2024-12-13T18:00:00Z,4,4,4,4,4,4,1,0,4,4,655.6878527156736,69.61089453748333,,,,,,,,,51.68926288391305,776.7320561726788,130.0,PS_039,,329.426147508239,0.7861122686186943
29.63364399639658,14.316704750061035,2024-12-13T18:15:00Z,3,3,3,3,3,3,1,0,3,3,598.0204805983855,67.53233273452811,,,,,,,,,49.97372027458512,706.0733367586146,130.0,PS_039,,231.70855025676568,1.0807802061760199
29.624173093704588,14.316704750061037,2024-12-13T18:30:00Z,4,4,4,4,4,4,1,0,4,4,626.9287495692303,75.85935884962417,,,,,,,,,49.736919514074934,772.2502976291495,130.0,PS_039,,329.5115348323553,1.7633092190262127
29.855690832730794,14.316704750061037,2024-12-13T18:45:00Z,4,4,4,4,4,4,1,0,4,4,544.7380317917995,74.48879468884927,,,,,,,,,51.47758517344438,699.4849613397056,130.0,PS_039,,188.63795874453018,0.41324369671446376
30.06954214672128,14.316704750061037,2024-12-13T19:00:00Z,3,3,3,3,3,3,1,0,3,3,522.8271170536115,71.49817983326695,,,,,,,,,45.236880985096256,719.6595605608734,130.0,PS_039,,303.97565683819806,1.9573745124014674
29.27664244494635,14.316704750061037,2024-12-13T19:15:00Z,4,4,4,4,4,4,1,0,4,4,380.2072725883119,57.630035091303085,,,,,,,,,40.18747755593325,499.21555129924616,130.0,PS_039,,210.5094820333958,0.8266443827446492
29.282100181807145,14.316021691569167,2024-12-13T19:30:00Z,4,4,4,4,4,4,1,0,4,4,256.47008104902085,49.2906937272063,,,,,,,,,38.03092800722448,288.89052728381336,130.0,PS_039,,152.46064742759523,0.6415575830343428
28.845167876446233,14.31221269164563,2024-12-13T19:45:00Z,3,3,3,3,3,3,1,0,3,3,282.75178123107884,53.53147194164617,,,,,,,,,38.36520417851856,329.2301169102876,130.0,PS_039,,295.79451836754924,0.5514572889277994
28.26048876700454,14.313678995113364,2024-12-13T20:00:00Z,4,4,4,4,4,4,1,0,4,4,212.0592640871582,38.97480591476685,,,,,,,,,35.061281607599945,230.44765993705406,130.0,PS_039,,240.9251306752366,1.316131820947565
27.79533512078602,14.311357498168947,2024-12-13T20:15:00Z,4,4,4,4,4,4,1,0,4,4,149.83552908353028,21.98153572525494,,,,,,,,,31.2974009985432,138.4427565726182,130.0,PS_039,,262.62278601975345,1.086226859187057
26.462928289181544,14.309730557212138,2024-12-13T20:30:00Z,3,3,3,3,3,3,1,0,3,3,105.7493114540068,11.223139319071752,,,,,,,,,27.4234632080109,95.43025663900373,130.0,PS_039,,243.1897693255246,3.749543251339748
25.482542496695284,14.310636253952772,2024-12-13T20:45:00Z,4,4,4,4,4,4,1,0,4,4,82.2597213518146,7.61897838174009,,,,,,,,,26.305466150717763,77.17401037874855,130.0,PS_039,,227.45704710601737,2.280643989236638
25.06361568011468,14.306678771972658,2024-12-13T21:00:00Z,4,4,4,4,4,4,1,0,4,4,60.69207966322182,4.982658918042143,,,,,,,,,25.144079763640534,60.682963613161505,130.0,PS_039,,241.33654025220264,1.5552002925410842
24.500000000000004,14.31056500357345,2024-12-13T21:15:00Z,3,3,3,3,3,3,1,0,3,3,45.29350997917759,2.200000047683716,,,,,,,,,24.11193152756379,48.25557546454818,130.0,PS_039,,181.2462460992351,0.47526683578499884
24.398040116319617,14.306678771972658,2024-12-13T21:30:00Z,4,4,4,4,4,4,1,0,4,4,23.578478132677834,0.1852178124999938,,,,,,,,,23.550111420092517,24.29466542996673,130.0,PS_039,,219.67433181068122,2.1029670382445476
23.9933245514385,14.30838071890166,2024-12-13T21:45:00Z,4,4,4,4,4,4,1,0,4,4,5.666576463279008,-1.5551769987786512,,,,,,,,,22.651842156714967,5.938711276152534,130.0,PS_039,,235.59151686032445,2.5134216163496403
23.447746564765307,14.306678771972656,2024-12-13T22:00:00Z,3,3,3,3,3,3,1,0,3,3,-0.047330606741761365,-1.6870892832821307,,,,,,,,,21.693377574578037,0.8061499718978942,130.0,PS_039,,124.86758368397273,2.482194694735034
22.945069940358238,14.309037129713984,2024-12-13T22:15:00Z,4,4,4,4,4,4,1,0,4,4,-0.28463175602009183,-1.9906922006048087,,,,,,,,,21.045881996264086,0.1632329622381308,130.0,PS_039,,145.67266714841224,2.2025615934267377
22.82381848980534,14.310366522926278,2024-12-13T22:30:00Z,3,3,3,3,3,3,1,0,3,3,-0.4093759294421175,-2.0999999046325684,,,,,,,,,20.899999618530273,-0.0071829693424927486,130.0,PS_039,,118.55970431244148,2.1802785600354135
22.466344937168877,14.309584748801749,2024-12-13T22:45:00Z,4,4,4,4,4,4,1,0,4,4,0.24924517858465756,-2.606394181826474,,,,,,,,,20.600000381469727,0.804157888225708,130.0,PS_039,,147.74217499549357,1.9646179808529725
22.071358803671128,14.306678771972656,2024-12-13T23:00:00Z,4,4,4,4,4,4,1,0,4,4,-0.17839985046070608,-2.2579551821450172,,,,,,,,,20.1765575158039,0.3653294331611572,130.0,PS_039,,190.42012251589745,1.0038383584492045
21.932586609272573,14.309717748898596,2024-12-13T23:15:00Z,3,3,3,3,3,3,1,0,3,3,0.06896842148425314,-2.371841873102176,,,,,,,,,19.90514038809405,0.6245168644289857,130.0,PS_039,,190.17463359329162,1.3520264257251464
21.899999618530273,14.307820684948702,2024-12-13T23:30:00Z,4,4,4,4,4,4,1,0,4,4,-0.11195081484273774,-2.2637034232260307,,,,,,,,,20.442637037275997,0.09261280178217948,130.0,PS_039,,205.16713503584498,2.3131353729291924
21.690516828902506,14.310623305608921,2024-12-13T23:45:00Z,4,4,4,4,4,4,1,0,4,4,-0.5374908494708895,-2.3081753520151356,,,,,,,,,20.347075855563943,0.5470541691724985,130.0,PS_039,,178.579431233413,2.5254542260201163
21.550879762251306,14.311357498168944,2024-12-14T00:00:00Z,3,3,3,3,3,3,1,0,3,3,0.0839155706154313,-1.7582264045894547,,,,,,,,,20.267252469880887,0.8917735527066283,130.0,PS_039,,166.5150160658987,2.5495430727625124
21.379218843110078,14.311357498168944,2024-12-14T00:15:00Z,4,4,4,4,4,4,1,0,4,4,-0.08133044500684318,-2.1878347661883923,,,,,,,,,20.100000381469723,0.07201326411027022,130.0,PS_039,,156.90388450078748,1.5033464066137707
21.299999237060547,14.311357498168947,2024-12-14T00:30:00Z,4,4,4,4,4,4,1,0,4,4,-0.409746063802869,-2.7092159027666227,,,,,,,,,20.100000381469727,0.24196571093420044,130.0,PS_039,,153.06043991185086,2.3512883978911256
21.29999923706055,14.311357498168944,2024-12-14T00:45:00Z,3,3,3,3,3,3,1,0,3,3,0.04622755727246064,-2.3525520740948638,,,,,,,,,19.884590373072943,0.33196936483647355,130.0,PS_039,,119.2526435665291,1.8670109015936136
21.26831605360276,14.311357498168944,2024-12-14T01:00:00Z,4,4,4,4,4,4,1,0,4,4,-0.1525634062829167,-1.7461994343422826,,,,,,,,,19.540194517866873,0.6961994398496857,130.0,PS_039,,89.49111385719651,0.29139189596676623
21.29999923706055,14.312210280940363,2024-12-14T01:15:00Z,4,4,4,4,4,4,1,0,4,4,-0.07823373953275056,-2.020259639417295,,,,,,,,,19.537530684506063,-0.24547321693925678,130.0,PS_039,,119.20188241465911,2.06520511114424
21.100000381469727,14.311357498168944,2024-12-14T01:30:00Z,3,3,3,3,3,3,1,0,3,3,-0.22119669168048578,-2.882062466959673,,,,,,,,,19.847463888033023,-0.04771253818813271,130.0,PS_039,,99.70102159812956,1.704090920719114
21.222402817221653,14.311357498168945,2024-12-14T01:45:00Z,4,4,4,4,4,4,1,0,4,4,-0.5824695465455757,-2.1870485281105925,,,,,,,,,19.799999237060547,0.22823895631981672,130.0,PS_039,,137.0076796499883,2.62927205516759
21.24551865736398,14.312561428074584,2024-12-14T02:00:00Z,4,4,4,4,4,4,1,0,4,4,-0.18012207915336526,-2.464192473469692,,,,,,,,,19.799999237060547,-0.10006989094554276,130.0,PS_039,,81.41515015535073,0.5131687119007524
21.100000381469727,14.311357498168945,2024-12-14T02:15:00Z,3,3,3,3,3,3,1,0,3,3,-0.14999999105930326,-1.7904038725318945,,,,,,,,,19.749031543273514,0.3601764652381928,130.0,PS_039,,68.64785713200766,0.889337608487771
21.10000038146973,14.311357498168947,2024-12-14T02:30:00Z,4,4,4,4,4,4,1,0,4,4,0.07572311240321115,-1.9926997191637268,,,,,,,,,19.5,0.374444629898584,130.0,PS_039,,92.99855655237293,1.0096511350245725
21.100000381469727,14.312533969861283,2024-12-14T02:45:00Z,3,3,3,3,3,3,1,0,3,3,-0.5223916325238943,-1.8500713174880055,,,,,,,,,19.45599697923477,0.6600071310762223,130.0,PS_039,,115.81755428526793,0.6762370260769821
20.9014284657674,14.311357498168945,2024-12-14T03:00:00Z,2,2,2,2,2,2,1,0,2,2,-0.44785671062587024,-2.728808603870607,,,,,,,,,19.432380514195433,0.8809519028241756,130.0,PS_039,,154.5597648418464,1.7061228049491772
,,2024-12-14T03:15:00Z,0,0,0,0,0,0,1,0,0,0,,,,,,,,,,,,,130.0,PS_039,,,
,,2024-12-14T03:30:00Z,0,0,0,0,0,0,1,0,0,0,,,,,,,,,,,,,130.0,PS_039,,,
,,2024-12-14T03:45:00Z,0,0,0,0,0,0,1,0,0,0,,,,,,,,,,,,,130.0,PS_039,,,
,,2024-12-14T04:00:00Z,0,0,0,0,0,0,1,0,0,0,,,,,,,,,,,,,130.0,PS_039,,,
,,2024-12-14T04:15:00Z,0,0,0,0,0,0,1,0,0,0,,,,,,,,,,,,,130.0,PS_039,,,
,,2024-12-14T04:30:00Z,0,0,0,0,0,0,1,0,0,0,,,,,,,,,,,,,130.0,PS_039,,,
,,2024-12-14T04:45:00Z,0,0,0,0,0,0,1,0,0,0,,,,,,,,,,,,,130.0,PS_039,,,
,,2024-12-14T05:00:00Z,0,0,0,0,0,0,1,0,0,0,,,,,,,,,,,,,130.0,PS_039,,,
,,2024-12-14T05:15:00Z,0,0,0,0,0,0,1,0,0,0,,,,,,,,,,,,,130.0,PS_039,,,
,,2024-12-14T05:30:00Z,0,0,0,0,0,0,1,0,0,0,,,,,,,,,,,,,130.0,PS_039,,,
,,2024-12-14T05:45:00Z,0,0,0,0,0,0,1,0,0,0,,,,,,,,,,,,,130.0,PS_039,,,
,,2024-12-14T06:00:00Z,0,0,0,0,0,0,1,0,0,0,,,,,,,,,,,,,130.0,PS_039,,,
,,2024-12-14T06:15:00Z,0,0,0,0,0,0,1,0,0,0,,,,,,,,,,,,,130.0,PS_039,,,
,,2024-12-14T06:30:00Z,0,0,0,0,0,0,1,0,0,0,,,,,,,,,,,,,130.0,PS_039,,,
,,2024-12-14T06:45:00Z,0,0,0,0,0,0,1,0,0,0,,,,,,,,,,,,,130.0,PS_039,,,
,,2024-12-14T07:00:00Z,0,0,0,0,0,0,1,0,0,0,,,,,,,,,,,,,130.0,PS_039,,,
,,2024-12-14T07:15:00Z,0,0,0,0,0,0,1,0,0,0,,,,,,,,,,,,,130.0,PS_039,,,
,,2024-12-14T07:30:00Z,0,0,0,0,0,0,1,0,0,0,,,,,,,,,,,,,130.0,PS_039,,,
,,2024-12-14T07:45:00Z,0,0,0,0,0,0,1,0,0,0,,,,,,,,,,,,,130.0,PS_039,,,
,,2024-12-14T08:00:00Z,0,0,0,0,0,0,1,0,0,0,,,,,,,,,,,,,130.0,PS_039,,,
,,2024-12-14T08:15:00Z,0,0,0,0,0,0,1,0,0,0,,,,,,,,,,,,,130.0,PS_039,,,
,,2024-12-14T08:30:00Z,0,0,0,0,0,0,1,0,0,0,,,,,,,,,,,,,130.0,PS_039,,,
,,2024-12-14T08:45:00Z,0,0,0,0,0,0,1,0,0,0,,,,,,,,,,,,,130.0,PS_039,,,
20.040963937317372,14.312452716447659,2024-12-14T09:00:00Z,2,2,2,2,2,2,1,0,2,2,40.63915623253189,3.0578313886458175,,,,,,,,,18.602409452632376,42.104817397768514,130.0,PS_039,,38.158567932495586,1.042433831600193
20.309696088058782,14.316704750061037,2024-12-14T09:15:00Z,4,4,4,4,4,4,1,0,4,4,61.13827405972205,4.863803988744531,,,,,,,,,19.957914886735797,63.339173499615626,130.0,PS_039,,25.040964843418237,1.7150520650864767
20.67969869190293,14.316704750061037,2024-12-14T09:30:00Z,3,3,3,3,3,3,1,0,3,3,87.66686278300067,7.852800373821662,,,,,,,,,21.193513532749883,90.91078942295847,130.0,PS_039,,44.24452084788021,1.345453598632184
20.71973192203007,14.317850287452282,2024-12-14T09:45:00Z,4,4,4,4,4,4,1,0,4,4,96.35755522871787,10.652188459894417,,,,,,,,,21.99848273116604,92.32080383366944,130.0,PS_039,,16.46105495306263,1.8532335305481706
21.192502765040583,14.316704750061035,2024-12-14T10:00:00Z,4,4,4,4,4,4,1,0,4,4,176.97352104353192,24.572624094663436,,,,,,,,,23.653274648650914,173.88843953312397,130.0,PS_039,,70.7623947145818,2.172766904188947
21.889762077961006,14.315820900570344,2024-12-14T10:15:00Z,3,3,3,3,3,3,1,0,3,3,199.74898877257138,35.32228336290669,,,,,,,,,26.2173540289678,194.37525540221597,130.0,PS_039,,236.8015253350131,2.354902094134319
22.138251072673533,14.316704750061037,2024-12-14T10:30:00Z,4,4,4,4,4,4,1,0,4,4,124.17191216073036,29.739124674497784,,,,,,,,,25.615107811505105,97.31753393334441,130.0,PS_039,,246.70637164337649,2.082639640124592
22.071623549481952,14.316704750061035,2024-12-14T10:45:00Z,4,4,4,4,4,4,1,0,4,4,152.43633663934645,32.45023269870049,,,,,,,,,25.364254170888977,116.49166950896945,130.0,PS_039,,111.00421307591236,2.0795859948310014
22.20483474409912,14.32028104109153,2024-12-14T11:00:00Z,3,3,3,3,3,3,1,0,3,3,211.89212305330528,49.640224418981404,,,,,,,,,25.77907828328634,144.36487355788464,130.0,PS_039,,68.68487544558894,1.5942492636607832
22.824397454644743,14.316704750061035,2024-12-14T11:15:00Z,4,4,4,4,4,4,1,0,4,4,255.68480761278812,54.06936279005814,,,,,,,,,27.455282437768556,175.16930177491378,130.0,PS_039,,330.69162473573016,2.0888480025206366
22.990987500454178,14.316704750061035,2024-12-14T11:30:00Z,4,4,4,4,4,4,1,0,4,4,208.14325608502276,42.81482079142727,,,,,,,,,27.540328047624833,155.30221517836014,130.0,PS_039,,300.3051512975998,3.1896447323546657
23.20000076293945,14.320544010390487,2024-12-14T11:45:00Z,3,3,3,3,3,3,1,0,3,3,274.06331716316555,51.13749288747962,,,,,,,,,27.857749062796707,210.438659199088,130.0,PS_039,,81.63863902573505,2.2395240968619388
23.123486944998756,14.318916386728285,2024-12-14T12:00:00Z,4,4,4,4,4,4,1,0,4,4,238.91468000177758,46.954081952184715,,,,,,,,,27.33761934010166,166.05027132518595,130.0,PS_039,,272.2954762463558,2.702930653601985
23.46193405065641,14.321372673496503,2024-12-14T12:15:00Z,4,4,4,4,4,4,1,0,4,4,170.91360191373082,23.65841931392234,,,,,,,,,27.367632781792604,140.04922409083633,130.0,PS_039,,336.7363233878043,2.0844280308938385
22.763913224956834,14.32123025478943,2024-12-14T12:30:00Z,3,3,3,3,3,3,1,0,3,3,66.21342076846469,9.051172780133514,,,,,,,,,24.751937637219378,51.044006394622315,130.0,PS_039,,268.40447470680175,2.598075951663102
23.205335585413113,14.32047034205907,2024-12-14T12:45:00Z,4,4,4,4,4,4,1,0,4,4,145.87619560151575,26.81861080498197,,,,,,,,,25.31549183634206,111.77246553046686,130.0,PS_039,,330.7209532114597,2.4026329638127426
23.703787153005237,14.317339485449336,2024-12-14T13:00:00Z,4,4,4,4,4,4,1,0,4,4,285.11834475839635,37.63552648521563,,,,,,,,,27.856559374728146,262.91456104253433,130.0,PS_039,,218.29928444285912,2.6374369502447195
23.75962839993132,14.32098842181181,2024-12-14T13:15:00Z,3,3,3,3,3,3,1,0,3,3,264.16030058621305,30.494948561101275,,,,,,,,,29.29999923706055,245.58152569773475,130.0,PS_039,,332.7660518453229,2.3082787843081274
23.880419999297857,14.32205104827881,2024-12-14T13:30:00Z,4,4,4,4,4,4,1,0,4,4,215.96700519041383,22.295278424234386,,,,,,,,,28.567450630341835,212.99873731019665,130.0,PS_039,,306.625375740797,2.4746252182006523
23.493448361703912,14.320831701849007,2024-12-14T13:45:00Z,3,3,3,3,3,3,1,0,3,3,178.22825897846838,18.595192364538004,,,,,,,,,25.802066399265765,159.76532364213762,130.0,PS_039,,335.0361925239489,3.018637461979036
23.746860902679515,14.320644033614306,2024-12-14T14:00:00Z,4,4,4,4,4,4,1,0,4,4,199.445969532086,20.439586698245986,,,,,,,,,26.92496010624988,193.345854942778,130.0,PS_039,,168.8422435002791,3.066735526548097
23.935796339148975,14.320118717037076,2024-12-14T14:15:00Z,4,4,4,4,4,4,1,0,4,4,211.15190502925748,23.256126266776565,,,,,,,,,27.40950661202416,207.11142801113687,130.0,PS_039,,337.5040125834677,3.7396566283377113
24.60000038146973,14.316704750061035,2024-12-14T14:30:00Z,1,1,1,1,1,1,1,0,1,1,588.75,59.949996948242195,,,,,,,,,29.799999237060547,582.0499877929688,130.0,PS_039,,313.6440124511719,3.5
,,2024-12-14T14:45:00Z,0,0,0,0,0,0,1,0,0,0,,,,,,,,,,,,,130.0,PS_039,,,
,,2024-12-14T15:00:00Z,0,0,0,0,0,0,1,0,0,0,,,,,,,,,,,,,130.0,PS_039,,,
,,2024-12-14T15:15:00Z,0,0,0,0,0,0,1,0,0,0,,,,,,,,,,,,,130.0,PS_039,,,
,,2024-12-14T15:30:00Z,0,0,0,0,0,0,1,0,0,0,,,,,,,,,,,,,130.0,PS_039,,,
,,2024-12-14T15:45:00Z,0,0,0,0,0,0,1,0,0,0,,,,,,,,,,,,,130.0,PS_039,,,
,,2024-12-14T16:00:00Z,0,0,0,0,0,0,1,0,0,0,,,,,,,,,,,,,130.0,PS_039,,,
,,2024-12-14T16:15:00Z,0,0,0,0,0,0,1,0,0,0,,,,,,,,,,,,,130.0,PS_039,,,
,,2024-12-14T16:30:00Z,0,0,0,0,0,0,1,0,0,0,,,,,,,,,,,,,130.0,PS_039,,,
25.39999961853027,14.007159981684575,2024-12-14T16:45:00Z,3,3,3,3,3,3,1,0,3,3,273.08131482208347,31.294527194552604,,,,,,,,,32.73883039050204,240.395049627608,130.0,PS_039,,307.0206403847545,4.19429198272677
25.156851400608254,14.079866670933345,2024-12-14T17:00:00Z,4,4,4,4,4,4,1,0,4,4,284.80779436532816,34.33725746101284,,,,,,,,,29.725379451858153,251.5696460387019,130.0,PS_039,,328.75450410830734,4.1960849336990425
24.48325339918468,14.145507672619676,2024-12-14T17:15:00Z,4,4,4,4,4,4,1,0,4,4,309.37543534802575,41.02618795235595,,,,,,,,,26.618378344968388,263.20458442964525,130.0,PS_039,,308.4013461909887,4.093173825583761
24.026610252148444,14.177875236721498,2024-12-14T17:30:00Z,3,3,3,3,3,3,1,0,3,3,180.16842451031042,26.335343285772115,,,,,,,,,24.42212207742742,140.6422463271502,130.0,PS_039,,124.35627749731907,3.0915193398554117
23.21538627145614,14.19818009311502,2024-12-14T17:45:00Z,4,4,4,4,4,4,1,0,4,4,73.69507654419898,8.446164839830516,,,,,,,,,22.72127757939309,56.05710873618098,130.0,PS_039,,322.2191302110022,2.334034788000579
22.844084876789594,14.210637922194582,2024-12-14T18:00:00Z,4,4,4,4,4,4,1,0,4,4,121.99861510424974,15.781708965979634,,,,,,,,,22.75244578736177,97.9696800330864,130.0,PS_039,,315.3073016984106,2.3022098446699975
22.700000762939453,14.219106871970485,2024-12-14T18:15:00Z,3,3,3,3,3,3,1,0,3,3,203.26648191554983,33.513287201220365,,,,,,,,,22.828818141767517,157.6079747289814,130.1999969482422,PS_039,,103.2449144763667,2.4947676318903307
22.483075825787466,14.231538659916911,2024-12-14T18:30:00Z,4,4,4,4,4,4,1,0,4,4,194.48736654526923,39.969988686345125,,,,,,,,,23.139891316386343,135.96840488666928,130.40000915527344,PS_039,,161.4655626202883,3.240606411821047
22.05186321733642,14.248935467103776,2024-12-14T18:45:00Z,4,4,4,4,4,4,1,0,4,4,172.08088035817886,36.04344693135616,,,,,,,,,22.391767530591324,123.67212167479043,130.60000610351562,PS_039,,280.9898754387537,2.867479522984769
22.100000381469723,14.270283392674521,2024-12-14T19:00:00Z,3,3,3,3,3,3,1,0,3,3,182.62873047370925,43.45465831381075,,,,,,,,,22.83372355628328,123.9359637513067,130.60000610351562,PS_039,,257.8195364453267,3.280808032703903
22.100000381469723,14.285989288734726,2024-12-14T19:15:00Z,4,4,4,4,4,4,1,0,4,4,152.82952247321435,38.1565991979785,,,,,,,,,22.82777803496699,98.48397687571077,130.60000610351562,PS_039,,315.09212549638676,2.384586627605074
22.100000381469723,14.291306495666504,2024-12-14T19:30:00Z,4,4,4,4,4,4,1,0,4,4,114.77109434640789,26.222912526926,,,,,,,,,22.031345779666196,73.43002854758736,130.60000610351562,PS_039,,260.9318244807062,1.7933411487807849
22.333140963164684,14.299215903244578,2024-12-14T19:45:00Z,3,3,3,3,3,3,1,0,3,3,131.40617540266328,33.323151159446596,,,,,,,,,22.57151019327185,78.7183712629508,130.60000610351562,PS_039,,277.70303058941033,2.158459596055901
22.29223080039521,14.302443873132374,2024-12-14T20:00:00Z,4,4,4,4,4,4,1,0,4,4,108.17343160278847,23.491018509008452,,,,,,,,,23.60000038146973,72.70748627822763,130.60000610351562,PS_039,,328.79334253767155,1.7172964602693146
22.33946494782894,14.30241126450534,2024-12-14T20:15:00Z,3,3,3,3,3,3,1,0,3,3,68.77988887985921,9.413520787393406,,,,,,,,,23.23946456635921,50.051792804632846,130.60000610351562,PS_039,,276.81944337292225,1.5033282631756024
21.969874530261123,14.304048063395186,2024-12-14T20:30:00Z,4,4,4,4,4,4,1,0,4,4,29.597032969400725,0.6856055473821718,,,,,,,,,21.97949907710976,24.281434641094496,130.60000610351562,PS_039,,120.29323511046188,1.9446434771657883
21.76629994189711,14.306678771972656,2024-12-14T20:45:00Z,4,4,4,4,4,4,1,0,4,4,24.545870445894284,0.5036287827702505,,,,,,,,,21.057768030000837,18.633470376204542,130.60000610351562,PS_039,,293.75437766407543,2.4842499027526572
21.600000381469727,14.305799574829981,2024-12-14T21:00:00Z,3,3,3,3,3,3,1,0,3,3,21.102147862964845,-0.3641304219340564,,,,,,,,,20.695289993067444,18.121667903784495,130.60000610351562,PS_039,,346.32353122049227,3.41857982101607
21.482416188483715,14.303427932966004,2024-12-14T21:15:00Z,4,4,4,4,4,4,1,0,4,4,10.769956373905838,-1.741000970993866,,,,,,,,,20.25839360025948,9.042979629036054,130.60000610351562,PS_039,,293.86209959916954,2.4008199251299214
21.144226899627984,14.305125184156488,2024-12-14T21:30:00Z,4,4,4,4,4,4,1,0,4,4,3.910675515570688,-2.4445587615396276,,,,,,,,,19.724423564132493,3.807415220092483,130.60000610351562,PS_039,,110.83581537587528,2.383716368215548
20.845391735945174,14.301332473754885,2024-12-14T21:45:00Z,3,3,3,3,3,3,1,0,3,3,0.37786345478448113,-1.7488526409719813,,,,,,,,,19.5,0.6205436149111339,130.60000610351562,PS_039,,291.7889808970712,2.253751098000703
20.67128362080765,14.304491667176267,2024-12-14T22:00:00Z,4,4,4,4,4,4,1,0,4,4,-0.4055472395106303,-2.434602282368698,,,,,,,,,19.509744871849623,0.4263547476235804,131.0,PS_039,,192.00185106620165,1.861276367459508
20.535675050846052,14.301968240240909,2024-12-14T22:15:00Z,4,4,4,4,4,4,1,0,4,4,0.010429449266265725,-2.2919965261442,,,,,,,,,19.45248126871824,0.08195245400486534,131.60000610351562,PS_039,,225.3228123019615,2.3353279505305227
20.5,14.303253149809457,2024-12-14T22:30:00Z,3,3,3,3,3,3,1,0,3,3,-0.23759387332762694,-2.1740700753970894,,,,,,,,,19.467079802012886,0.22962672743235088,131.8000030517578,PS_039,,347.033674535958,2.4586165726388054
20.499999999999996,14.306678771972656,2024-12-14T22:45:00Z,4,4,4,4,4,4,1,0,4,4,-0.06990569066887774,-2.165377884633491,,,,,,,,,19.299999237060547,0.04490299548199826,131.8000030517578,PS_039,,128.0541249564067,1.296874770036286
20.500000000000004,14.306087492314548,2024-12-14T23:00:00Z,4,4,4,4,4,4,1,0,4,4,0.15278804202693302,-2.249235756382763,,,,,,,,,19.396845211802326,0.3533206358669911,131.8000030517578,PS_039,,190.9256637736977,2.3995077077941533
20.500000000000004,14.306678771972656,2024-12-14T23:15:00Z,3,3,3,3,3,3,1,0,3,3,0.10141530909189024,-2.0058671134410915,,,,,,,,,19.29999923706055,0.6359251352655906,131.8000030517578,PS_039,,99.6161957851739,2.3135954523056608
20.5,14.306678771972654,2024-12-14T23:30:00Z,4,4,4,4,4,4,1,0,4,4,-0.3976272591297169,-2.2427308632501006,,,,,,,,,19.469951264015,0.12461547025297616,131.8000030517578,PS_039,,15.108739078236857,2.7930082066198394
20.315358587352726,14.305534024704933,2024-12-14T23:45:00Z,3,3,3,3,3,3,1,0,3,3,-0.05364617412148273,-1.888617340533863,,,,,,,,,19.465918379324872,0.550000011920929,132.0,PS_039,,79.43128383511699,2.9583078684641833
20.200000762939453,14.305502117524,2024-12-15T00:00:00Z,4,4,4,4,4,4,1,0,4,4,-0.0303960659133406,-2.040351972070544,,,,,,,,,19.32239749276601,0.37372894272935336,132.0,PS_039,,180.4046529642835,3.6993487262852516
20.1056895682862,14.305859917375276,2024-12-15T00:15:00Z,4,4,4,4,4,4,1,0,4,4,-0.4659548614623356,-2.343597288070167,,,,,,,,,19.365367298693336,0.550000011920929,132.0,PS_039,,138.43938205174567,3.5972646364767424
19.941919762500383,14.305798758579943,2024-12-15T00:30:00Z,3,3,3,3,3,3,1,0,3,3,-0.1369504835033168,-2.0999999046325684,,,,,,,,,19.241918999560934,0.37089817760299765,132.40000915527344,PS_039,,61.66313866279938,3.327002718796063
19.700000762939453,14.306678771972654,2024-12-15T00:45:00Z,4,4,4,4,4,4,1,0,4,4,-0.35688944930334626,-1.9640009507868181,,,,,,,,,19.035551678834423,0.12957170396501969,132.60000610351562,PS_039,,98.9019760662409,3.043101554574505
19.958020783659627,14.303804569291193,2024-12-15T01:00:00Z,4,4,4,4,4,4,1,0,4,4,-0.22007443259976203,-2.416956507852307,,,,,,,,,19.04197921634037,0.05000000074505806,132.60000610351562,PS_039,,60.68640135172689,3.1409432019153796
19.700000762939453,14.305841903548021,2024-12-15T01:15:00Z,3,3,3,3,3,3,1,0,3,3,-0.14309665817612935,-2.4872307931059354,,,,,,,,,19.051561784890225,0.3001392039382595,132.60000610351562,PS_039,,242.34100044173624,2.890842562664124
19.872391819508856,14.306678771972656,2024-12-15T01:30:00Z,4,4,4,4,4,4,1,0,4,4,-0.32705715097113763,-2.020158925414892,,,,,,,,,19.0,0.2645673948459637,132.60000610351562,PS_039,,59.26170219333711,2.2452893977098425
19.823098555639927,14.306678771972654,2024-12-15T01:45:00Z,4,4,4,4,4,4,1,0,4,4,-0.14432028572907823,-2.3702288856333498,,,,,,,,,18.999999999999996,0.4706108260912278,132.60000610351562,PS_039,,249.2347037900194,2.2361105576891664
19.95740420395507,14.30734896798376,2024-12-15T02:00:00Z,3,3,3,3,3,3,1,0,3,3,-0.3493464911240216,-2.029006747605464,,,,,,,,,18.999999999999996,0.06369586721555981,132.60000610351562,PS_039,,9.508478424406043,2.5861922299000724
19.70000076293945,14.306678771972658,2024-12-15T02:15:00Z,4,4,4,4,4,4,1,0,4,4,0.17335300161752232,-2.297775211554611,,,,,,,,,19.047520510526734,0.15598716692033643,132.60000610351562,PS_039,,212.34360297439278,2.4720548436840124
19.816968787417366,14.306678771972654,2024-12-15T02:30:00Z,4,4,4,4,4,4,1,0,4,4,-0.8994220733638746,-2.8494220094407154,,,,,,,,,18.999999999999996,0.40430949944025724,132.60000610351562,PS_039,,210.8631250876086,3.4650533250467785
19.793226934204245,14.30667877197266,2024-12-15T02:45:00Z,3,3,3,3,3,3,1,0,3,3,-0.0821517347405061,-2.4780085925229653,,,,,,,,,19.0,0.2853677332296936,132.60000610351562,PS_039,,304.87536559066723,3.4349794994615324
19.999999999999996,14.304987831271795,2024-12-15T03:00:00Z,2,2,2,2,2,2,1,0,2,2,0.015345726392974846,-1.7581412487449033,,,,,,,,,19.0,0.8918587085613315,132.60000610351562,PS_039,,109.96761766510774,2.886726192295494
,,2024-12-15T03:15:00Z,0,0,0,0,0,0,1,0,0,0,,,,,,,,,,,,,132.60000610351562,PS_039,,,
,,2024-12-15T03:30:00Z,0,0,0,0,0,0,1,0,0,0,,,,,,,,,,,,,132.60000610351562,PS_039,,,
,,2024-12-15T03:45:00Z,0,0,0,0,0,0,1,0,0,0,,,,,,,,,,,,,132.60000610351562,PS_039,,,
,,2024-12-15T04:00:00Z,0,0,0,0,0,0,1,0,0,0,,,,,,,,,,,,,132.60000610351562,PS_039,,,
,,2024-12-15T04:15:00Z,0,0,0,0,0,0,1,0,0,0,,,,,,,,,,,,,132.60000610351562,PS_039,,,
,,2024-12-15T04:30:00Z,0,0,0,0,0,0,1,0,0,0,,,,,,,,,,,,,132.60000610351562,PS_039,,,
,,2024-12-15T04:45:00Z,0,0,0,0,0,0,1,0,0,0,,,,,,,,,,,,,132.60000610351562,PS_039,,,
,,2024-12-15T05:00:00Z,0,0,0,0,0,0,1,0,0,0,,,,,,,,,,,,,132.60000610351562,PS_039,,,
,,2024-12-15T05:15:00Z,0,0,0,0,0,0,1,0,0,0,,,,,,,,,,,,,132.60000610351562,PS_039,,,
,,2024-12-15T05:30:00Z,0,0,0,0,0,0,1,0,0,0,,,,,,,,,,,,,132.60000610351562,PS_039,,,
,,2024-12-15T05:45:00Z,0,0,0,0,0,0,1,0,0,0,,,,,,,,,,,,,132.60000610351562,PS_039,,,
,,2024-12-15T06:00:00Z,0,0,0,0,0,0,1,0,0,0,,,,,,,,,,,,,132.60000610351562,PS_039,,,
,,2024-12-15T06:15:00Z,0,0,0,0,0,0,1,0,0,0,,,,,,,,,,,,,132.60000610351562,PS_039,,,
,,2024-12-15T06:30:00Z,0,0,0,0,0,0,1,0,0,0,,,,,,,,,,,,,132.60000610351562,PS_039,,,
,,2024-12-15T06:45:00Z,0,0,0,0,0,0,1,0,0,0,,,,,,,,,,,,,132.60000610351562,PS_039,,,
,,2024-12-15T07:00:00Z,0,0,0,0,0,0,1,0,0,0,,,,,,,,,,,,,132.60000610351562,PS_039,,,
,,2024-12-15T07:15:00Z,0,0,0,0,0,0,1,0,0,0,,,,,,,,,,,,,132.60000610351562,PS_039,,,
,,2024-12-15T07:30:00Z,0,0,0,0,0,0,1,0,0,0,,,,,,,,,,,,,132.60000610351562,PS_039,,,
,,2024-12-15T07:45:00Z,0,0,0,0,0,0,1,0,0,0,,,,,,,,,,,,,132.60000610351562,PS_039,,,
,,2024-12-15T08:00:00Z,0,0,0,0,0,0,1,0,0,0,,,,,,,,,,,,,132.60000610351562,PS_039,,,
,,2024-12-15T08:15:00Z,0,0,0,0,0,0,1,0,0,0,,,,,,,,,,,,,132.60000610351562,PS_039,,,
,,2024-12-15T08:30:00Z,0,0,0,0,0,0,1,0,0,0,,,,,,,,,,,,,132.60000610351562,PS_039,,,
,,2024-12-15T08:45:00Z,0,0,0,0,0,0,1,0,0,0,,,,,,,,,,,,,132.60000610351562,PS_039,,,
19.700000762939453,14.311357498168944,2024-12-15T09:00:00Z,2,2,2,2,2,2,1,0,2,2,12.898301298633852,-2.0999999046325684,,,,,,,,,19.0,12.555601388070524,132.60000610351562,PS_039,,2.792874721232968,3.6511717682111087
19.856938829072767,14.311357498168945,2024-12-15T09:15:00Z,4,4,4,4,4,4,1,0,4,4,73.93882754462075,4.794204315285853,,,,,,,,,19.37866325373085,90.56498945854891,132.8000030517578,PS_039,,243.81842540882585,3.637110623868846
20.15216361311061,14.311357498168947,2024-12-15T09:30:00Z,3,3,3,3,3,3,1,0,3,3,83.35306302800838,5.985082768834768,,,,,,,,,20.5306318868185,105.05816401708432,132.8000030517578,PS_039,,251.5280759871501,3.29500578426374
20.877070614290876,14.311357498168945,2024-12-15T09:45:00Z,4,4,4,4,4,4,1,0,4,4,251.01229278128758,21.13113492469139,,,,,,,,,26.04736732363266,452.6578489805283,132.8000030517578,PS_039,,341.6487667265585,2.530324696464458
21.029018638008115,14.313142457110919,2024-12-15T10:00:00Z,4,4,4,4,4,4,1,0,4,4,146.26140234041102,16.30522881540203,,,,,,,,,26.38058749151312,182.7216027549986,132.8000030517578,PS_039,,221.42508168549003,2.6629143424718618
21.550310648440902,14.312412428631225,2024-12-15T10:15:00Z,3,3,3,3,3,3,1,0,3,3,352.5691467586357,43.28174729794789,,,,,,,,,29.685290778865067,628.8321080459443,132.8000030517578,PS_039,,204.71155983474355,3.19548949231611
21.647724542079885,14.314088293906645,2024-12-15T10:30:00Z,4,4,4,4,4,4,1,0,4,4,252.17882568408012,43.222720381686294,,,,,,,,,27.340120030219957,301.50926239113,132.8000030517578,PS_039,,242.12687221028156,2.7094487470734996
22.072070306980123,14.316704750061035,2024-12-15T10:45:00Z,4,4,4,4,4,4,1,0,4,4,255.99543451366065,47.46188204238678,,,,,,,,,30.426429637804446,220.83226336163472,132.8000030517578,PS_039,,300.3698492656699,2.2785394579039004
22.02665400616085,14.314654214339225,2024-12-15T11:00:00Z,3,3,3,3,3,3,1,0,3,3,405.2158777799437,59.64296377989511,,,,,,,,,27.875757335584268,539.7305652145586,132.8000030517578,PS_039,,245.36794855815688,3.4140696274393
23.421445231571685,14.316704750061035,2024-12-15T11:15:00Z,4,4,4,4,4,4,1,0,4,4,481.89630113353707,78.79462062684973,,,,,,,,,37.2711200510347,561.67332966197,132.8000030517578,PS_039,,328.5330576637839,3.458909074963249
23.81922353391509,14.318164162314567,2024-12-15T11:30:00Z,4,4,4,4,4,4,1,0,4,4,444.9222373426243,68.74127396715075,,,,,,,,,38.975531278301894,459.8296875974368,132.8000030517578,PS_039,,293.4268890137238,2.6943728732946037
23.156516286268158,14.322051048278809,2024-12-15T11:45:00Z,3,3,3,3,3,3,1,0,3,3,236.18404607387538,46.5485052055261,,,,,,,,,30.560096646228775,181.1480471333044,132.8000030517578,PS_039,,67.71438476342,2.7285216503036547
22.65918550626441,14.318994565036398,2024-12-15T12:00:00Z,4,4,4,4,4,4,1,0,4,4,173.11810234757425,35.06308525880192,,,,,,,,,26.581630253854662,148.86952534410227,132.8000030517578,PS_039,,344.36378208796884,2.325426195990209
23.648235793914434,14.320543112342595,2024-12-15T12:15:00Z,4,4,4,4,4,4,1,0,4,4,282.2139314970575,44.18836360664493,,,,,,,,,32.32840983202454,286.05161124064307,132.8000030517578,PS_039,,330.17200027935695,2.1224610762847687
24.079764358520226,14.32205104827881,2024-12-15T12:30:00Z,3,3,3,3,3,3,1,0,3,3,704.1069746559638,70.05976814782089,,,,,,,,,37.04967079891069,844.9776567330545,132.8000030517578,PS_039,,340.0800196369786,4.9296131406351815
25.46267340068857,14.32004529424313,2024-12-15T12:45:00Z,4,4,4,4,4,4,1,0,4,4,953.7900922641458,69.32209151249903,,,,,,,,,43.95594613588547,1110.6972348233078,132.8000030517578,PS_039,,217.72540726250722,2.7566043542620475
25.98858550474248,14.322051048278809,2024-12-15T13:00:00Z,4,4,4,4,4,4,1,0,4,4,957.6564891410716,77.78177851652316,,,,,,,,,44.766757289360044,1076.2936671264893,132.8000030517578,PS_039,,273.81212401925745,3.418557511749708
26.181542752092014,14.322051048278807,2024-12-15T13:15:00Z,3,3,3,3,3,3,1,0,3,3,813.8148699166356,66.15616008578161,,,,,,,,,40.611044806951114,866.8400677360623,132.8000030517578,PS_039,,323.0298020018016,2.9239721899274556
26.415367167575837,14.322051048278805,2024-12-15T13:30:00Z,4,4,4,4,4,4,1,0,4,4,1020.5110970608823,78.60756935511188,,,,,,,,,40.635043772285535,1081.0427319737782,132.8000030517578,PS_039,,232.46840782666496,3.4983280292561596
26.971952283689085,14.322051048278807,2024-12-15T13:45:00Z,3,3,3,3,3,3,1,0,3,3,1080.9084804925542,76.21119154176057,,,,,,,,,42.21430826934962,1136.5646801213904,132.8000030517578,PS_039,,268.7690781094983,3.74363740596641
27.224832846539282,14.321441850889371,2024-12-15T14:00:00Z,4,4,4,4,4,4,1,0,4,4,675.1641580882073,49.50950473273848,,,,,,,,,43.21394476467084,697.9739267502439,132.8000030517578,PS_039,,344.1312970043935,4.705213550269051
27.913915445969355,14.321289933145827,2024-12-15T14:15:00Z,4,4,4,4,4,4,1,0,4,4,1147.6149094778636,83.19268527881435,,,,,,,,,42.829694301777664,1144.3446054611316,132.8000030517578,PS_039,,300.4410102990926,4.743277007828509
27.678969685884617,14.31850175900512,2024-12-15T14:30:00Z,3,3,3,3,3,3,1,0,3,3,1073.374173708561,82.73969221687365,,,,,,,,,40.47411154640569,1125.7155289644656,132.8000030517578,PS_039,,304.75208212210606,4.762743891129984
,,2024-12-15T14:45:00Z,0,0,0,0,0,0,1,0,0,0,,,,,,,,,,,,,132.8000030517578,PS_039,,,
,,2024-12-15T15:00:00Z,0,0,0,0,0,0,1,0,0,0,,,,,,,,,,,,,132.8000030517578,PS_039,,,
,,2024-12-15T15:15:00Z,0,0,0,0,0,0,1,0,0,0,,,,,,,,,,,,,132.8000030517578,PS_039,,,
,,2024-12-15T15:30:00Z,0,0,0,0,0,0,1,0,0,0,,,,,,,,,,,,,132.8000030517578,PS_039,,,
,,2024-12-15T15:45:00Z,0,0,0,0,0,0,1,0,0,0,,,,,,,,,,,,,132.8000030517578,PS_039,,,
29.007297622362678,14.030380879524262,2024-12-15T16:00:00Z,3,3,3,3,3,3,1,0,3,3,1167.1489797299714,84.86519601439372,,,,,,,,,50.161634662096795,1209.5880071649444,132.8000030517578,PS_039,,312.74025978648075,4.613840273643366
28.185919416699438,14.137093899449262,2024-12-15T16:15:00Z,3,3,3,3,3,3,1,0,3,3,607.0168134749975,45.2932135252642,,,,,,,,,43.231067444639635,590.8260606509182,132.8000030517578,PS_039,,311.3694588305753,4.004080462628609
29.344640095099773,14.187106476886944,2024-12-15T16:30:00Z,4,4,4,4,4,4,1,0,4,4,1088.2337941992948,77.51370983792745,,,,,,,,,48.393670440073876,1160.6648341908615,132.8000030517578,PS_039,,326.66560132201624,4.6978428226540485
28.630797380724516,14.208488210248479,2024-12-15T16:45:00Z,4,4,4,4,4,4,1,0,4,4,567.9008400441325,48.01544541330906,,,,,,,,,44.20862162030863,589.6468939487104,132.8000030517578,PS_039,,301.85390541648235,4.650708596718331
29.318013742881092,14.225374985084986,2024-12-15T17:00:00Z,3,3,3,3,3,3,1,0,3,3,963.243407378617,79.75335642104947,,,,,,,,,47.15709919634224,1038.387235686691,132.8000030517578,PS_039,,307.32906342487445,3.5585873053723107
29.38688151494597,14.264841200712548,2024-12-15T17:15:00Z,4,4,4,4,4,4,1,0,4,4,750.4097514292667,67.72461144017191,,,,,,,,,50.64877760146224,820.9377338936857,132.8000030517578,PS_039,,305.3218675859837,5.516566774738423
29.44180788027953,14.296876639846586,2024-12-15T17:30:00Z,4,4,4,4,4,4,1,0,4,4,509.88162850031364,53.38676170637096,,,,,,,,,44.79486925580945,504.98601247983544,132.8000030517578,PS_039,,341.19564224013067,4.049744119451105
30.453524604063663,14.306640384052432,2024-12-15T17:45:00Z,3,3,3,3,3,3,1,0,3,3,910.9334222298385,76.48581653083907,,,,,,,,,52.061954581198165,1100.4841340946227,132.8000030517578,PS_039,,304.74644432602634,3.488145828745013
29.926208368521504,14.31602573325505,2024-12-15T18:00:00Z,4,4,4,4,4,4,1,0,4,4,815.1329481475215,65.19056688924334,,,,,,,,,50.08214045129544,1045.0215356085666,132.8000030517578,PS_039,,172.0018491310028,5.152597987570404
,,2024-12-15T18:15:00Z,0,0,0,0,0,0,1,0,0,0,,,,,,,,,,,,,132.8000030517578,PS_039,,,
,,2024-12-15T18:30:00Z,0,0,0,0,0,0,1,0,0,0,,,,,,,,,,,,,132.8000030517578,PS_039,,,
,,2024-12-15T18:45:00Z,0,0,0,0,0,0,1,0,0,0,,,,,,,,,,,,,132.8000030517578,PS_039,,,
,,2024-12-15T19:00:00Z,0,0,0,0,0,0,1,0,0,0,,,,,,,,,,,,,132.8000030517578,PS_039,,,
28.66916242246046,14.051331506366349,2024-12-15T19:15:00Z,3,3,3,3,3,3,1,0,3,3,152.87319492557097,40.23029598106136,,,,,,,,,36.07867965467481,123.30170754912477,132.8000030517578,PS_039,,283.1048897327845,3.6198700101319727
29.92783264995547,14.159985212477459,2024-12-15T19:30:00Z,4,4,4,4,4,4,1,0,4,4,557.4855453766097,69.11483053197085,,,,,,,,,43.22569639576466,949.5910231761522,132.8000030517578,PS_039,,275.41274218589524,3.956233918160144
29.089939964170405,14.200406535003616,2024-12-15T19:45:00Z,3,3,3,3,3,3,1,0,3,3,323.25096430926675,45.13111608295524,,,,,,,,,39.298346254371346,590.1824807817467,132.8000030517578,PS_039,,247.67461966720245,3.2594792569423676
29.20291253542516,14.143674201263643,2024-12-15T20:00:00Z,0,0,0,0,0,0,1,0,0,0,284.59902207609616,39.975820953990095,true,true,true,true,true,true,true,true,41.187019884986455,631.1665143531188,132.8000030517578,PS_039,,263.7645393833374,4.6747922776761754
29.315885106679914,14.086941867523668,2024-12-15T20:15:00Z,2,2,2,2,2,2,1,0,2,2,245.94707984292552,34.82052582502495,,,,,,,,,43.07569351560157,672.1505479244911,132.8000030517578,PS_039,,279.85445909947236,6.090105298409984
28.600000381469723,14.204796689492204,2024-12-15T20:30:00Z,3,3,3,3,3,3,1,0,3,3,80.83209078089135,28.077794399610035,,,,,,,,,40.57185907435591,392.0065134447567,132.8000030517578,PS_039,,285.4259978173751,4.255270129286725
28.299999237060547,14.260727137253143,2024-12-15T20:45:00Z,4,4,4,4,4,4,1,0,4,4,47.66484905306558,19.935834014039067,,,,,,,,,36.022230961811424,116.6445866964544,132.8000030517578,PS_039,,279.63976820145916,5.792497666254104
28.08668116204809,14.288401337996213,2024-12-15T21:00:00Z,4,4,4,4,4,4,1,0,4,4,50.33800001050265,18.199949737408236,,,,,,,,,31.951468768898536,133.65363684952698,132.8000030517578,PS_039,,270.55859374563977,3.6074747412556745
27.55008270883174,14.300439788619464,2024-12-15T21:15:00Z,3,3,3,3,3,3,1,0,3,3,24.210762972889654,21.30827660656989,,,,,,,,,29.01314241078979,167.4825945864625,132.8000030517578,PS_039,,283.4481510512589,2.531365616913618
27.252434651092088,14.301332473754883,2024-12-15T21:30:00Z,4,4,4,4,4,4,1,0,4,4,15.645588509390388,18.424858397166165,,,,,,,,,26.738944633689876,35.59666403463482,132.8000030517578,PS_039,,295.28903080245294,2.6423930484959777
26.641881774821638,14.301332473754883,2024-12-15T21:45:00Z,4,4,4,4,4,4,1,0,4,4,6.013619248052857,1.1505181250096872,,,,,,,,,24.47674888238429,12.742773514381415,132.8000030517578,PS_039,,283.6334405547955,2.59628257585723
25.899999618530273,14.301332473754881,2024-12-15T22:00:00Z,3,3,3,3,3,3,1,0,3,3,0.23243237778710119,-2.0202637744844916,,,,,,,,,21.424436543177297,0.550000011920929,132.8000030517578,PS_039,,265.30780074640717,3.0192804217527294
24.983077791647336,14.301332473754885,2024-12-15T22:15:00Z,4,4,4,4,4,4,1,0,4,4,-0.02077092227690733,-2.5232964775648905,,,,,,,,,19.523582310744434,0.852060863414319,132.8000030517578,PS_039,,287.8929780303361,2.695193938751471
24.821855023876104,14.301332473754885,2024-12-15T22:30:00Z,4,4,4,4,4,4,1,0,4,4,-0.16811725761101448,-2.0352268572737047,,,,,,,,,18.700000762939453,-0.0901144560470956,132.8000030517578,PS_039,,290.8003152668576,2.19102425908695
24.2065369531988,14.301332473754885,2024-12-15T22:45:00Z,3,3,3,3,3,3,1,0,3,3,-0.14999999105930326,-2.168009641519487,,,,,,,,,18.36977324496336,0.474433643920391,132.8000030517578,PS_039,,334.3072190890849,0.889079766907471
23.846636365549273,14.299159423913375,2024-12-15T23:00:00Z,4,4,4,4,4,4,1,0,4,4,0.032873827142476233,-2.487925040310227,,,,,,,,,18.227589451931856,0.19921489732468475,132.8000030517578,PS_039,,311.4440317856636,1.7063881984298679
23.247858059452277,14.301332473754883,2024-12-15T23:15:00Z,4,4,4,4,4,4,1,0,4,4,-0.07821386800729216,-2.4782138173787547,,,,,,,,,17.947857219312365,0.40917715824350953,132.8000030517578,PS_039,,309.11602717450376,1.8013059613577558
23.15110497774027,14.301332473754883,2024-12-15T23:30:00Z,3,3,3,3,3,3,1,0,3,3,-0.1499999910593033,-2.391038500323167,,,,,,,,,17.60000038146973,-0.1272082954072196,132.8000030517578,PS_039,,316.2657724989765,1.9584097750412
22.397575220280793,14.299329576197607,2024-12-15T23:45:00Z,4,4,4,4,4,4,1,0,4,4,-0.04668190257108482,-2.0999999046325684,,,,,,,,,17.856508725938024,0.40098886306478065,132.8000030517578,PS_039,,293.3499740326661,2.202671980619214
22.25536585392766,14.301332473754883,2024-12-16T00:00:00Z,4,4,4,4,4,4,1,0,4,4,0.08304879641055955,-2.3169511262608906,,,,,,,,,18.17479096079658,0.6573873330435978,132.8000030517578,PS_039,,174.8587417190673,2.5959999561309814
22.0442173293799,14.301332473754881,2024-12-16T00:15:00Z,3,3,3,3,3,3,1,0,3,3,-0.14999999105930328,-2.549999952316284,,,,,,,,,18.24401300132626,0.8545028628798894,132.8000030517578,PS_039,,162.33125435936947,1.8731341636153016
22.20627101718313,14.30052955505913,2024-12-16T00:30:00Z,4,4,4,4,4,4,1,0,4,4,-0.30940634051938387,-2.1532964196252804,,,,,,,,,18.30087853445072,0.6486021294439919,132.8000030517578,PS_039,,321.4736132657168,2.0155348273076683
22.39999961853027,14.300433945275634,2024-12-16T00:45:00Z,3,3,3,3,3,3,1,0,3,3,-0.14999999105930328,-2.6340177335412225,,,,,,,,,18.200000762939453,0.4464644053310372,132.8000030517578,PS_039,,335.21483479488154,2.3823937918011535
22.25395459618315,14.301332473754883,2024-12-16T01:00:00Z,4,4,4,4,4,4,1,0,4,4,-0.14999999105930328,-2.087522906896952,,,,,,,,,17.93535943834401,0.41127460650133096,132.8000030517578,PS_039,,320.72646139873467,1.8918101900520197
21.93120208708762,14.301332473754883,2024-12-16T01:15:00Z,4,4,4,4,4,4,1,0,4,4,-0.4005178918185936,-1.6780058790683785,,,,,,,,,17.779791504736618,0.4804874897241679,132.8000030517578,PS_039,,333.36329756758255,1.5520177636313626
21.600000381469727,14.301332473754885,2024-12-16T01:30:00Z,3,3,3,3,3,3,1,0,3,3,-0.0818867790791129,-2.549999952316284,,,,,,,,,17.567710565229156,0.9692757292764455,132.8000030517578,PS_039,,329.85715605775755,1.78615606988099
21.42564726946942,14.301332473754883,2024-12-16T01:45:00Z,4,4,4,4,4,4,1,0,4,4,-0.09209827413095119,-2.299994887849519,,,,,,,,,16.887046220717497,0.39727257343109823,132.8000030517578,PS_039,,286.16959564108583,1.817401344925412
20.883134756781605,14.304492249246843,2024-12-16T02:00:00Z,4,4,4,4,4,4,1,0,4,4,-0.1499999910593033,-2.2310859566567864,,,,,,,,,16.470525782239864,0.3342098315553966,132.8000030517578,PS_039,,302.37716219144437,1.6117205961855952
20.501676262068,14.301332473754883,2024-12-16T02:15:00Z,3,3,3,3,3,3,1,0,3,3,-0.14999999105930326,-2.099999904632569,,,,,,,,,16.34595303552092,0.5472062241936302,132.8000030517578,PS_039,,350.42201352701517,1.3098907226792775
20.54712670799245,14.302172320673892,2024-12-16T02:30:00Z,4,4,4,4,4,4,1,0,4,4,-0.39637032383198256,-2.1622490802447247,,,,,,,,,16.30562690420518,0.6191657470268382,132.8000030517578,PS_039,,248.74115900549177,1.3759168157677102
20.991848677308468,14.305825667212213,2024-12-16T02:45:00Z,4,4,4,4,4,4,1,0,4,4,-0.1393307552883031,-2.604775846445622,,,,,,,,,16.659674683107962,0.8697478211426429,132.8000030517578,PS_039,,30.318275040034877,1.3467244583905253
20.79999923706055,14.301332473754883,2024-12-16T03:00:00Z,1,1,1,1,1,1,1,0,1,1,-0.5999999642372131,-2.0999999046325684,,,,,,,,,16.799999237060547,-0.3500000238418579,132.8000030517578,PS_039,,0.14399999380111694,1.6340000629425049
,,2024-12-16T03:15:00Z,0,0,0,0,0,0,1,0,0,0,,,,,,,,,,,,,132.8000030517578,PS_039,,,
,,2024-12-16T03:30:00Z,0,0,0,0,0,0,1,0,0,0,,,,,,,,,,,,,132.8000030517578,PS_039,,,
,,2024-12-16T03:45:00Z,0,0,0,0,0,0,1,0,0,0,,,,,,,,,,,,,132.8000030517578,PS_039,,,
,,2024-12-16T04:00:00Z,0,0,0,0,0,0,1,0,0,0,,,,,,,,,,,,,132.8000030517578,PS_039,,,
,,2024-12-16T04:15:00Z,0,0,0,0,0,0,1,0,0,0,,,,,,,,,,,,,132.8000030517578,PS_039,,,
,,2024-12-16T04:30:00Z,0,0,0,0,0,0,1,0,0,0,,,,,,,,,,,,,132.8000030517578,PS_039,,,
,,2024-12-16T04:45:00Z,0,0,0,0,0,0,1,0,0,0,,,,,,,,,,,,,132.8000030517578,PS_039,,,
,,2024-12-16T05:00:00Z,0,0,0,0,0,0,1,0,0,0,,,,,,,,,,,,,132.8000030517578,PS_039,,,
,,2024-12-16T05:15:00Z,0,0,0,0,0,0,1,0,0,0,,,,,,,,,,,,,132.8000030517578,PS_039,,,
,,2024-12-16T05:30:00Z,0,0,0,0,0,0,1,0,0,0,,,,,,,,,,,,,132.8000030517578,PS_039,,,
,,2024-12-16T05:45:00Z,0,0,0,0,0,0,1,0,0,0,,,,,,,,,,,,,132.8000030517578,PS_039,,,
,,2024-12-16T06:00:00Z,0,0,0,0,0,0,1,0,0,0,,,,,,,,,,,,,132.8000030517578,PS_039,,,
,,2024-12-16T06:15:00Z,0,0,0,0,0,0,1,0,0,0,,,,,,,,,,,,,132.8000030517578,PS_039,,,
,,2024-12-16T06:30:00Z,0,0,0,0,0,0,1,0,0,0,,,,,,,,,,,,,132.8000030517578,PS_039,,,
,,2024-12-16T06:45:00Z,0,0,0,0,0,0,1,0,0,0,,,,,,,,,,,,,132.8000030517578,PS_039,,,
,,2024-12-16T07:00:00Z,0,0,0,0,0,0,1,0,0,0,,,,,,,,,,,,,132.8000030517578,PS_039,,,
,,2024-12-16T07:15:00Z,0,0,0,0,0,0,1,0,0,0,,,,,,,,,,,,,132.8000030517578,PS_039,,,
,,2024-12-16T07:30:00Z,0,0,0,0,0,0,1,0,0,0,,,,,,,,,,,,,132.8000030517578,PS_039,,,
,,2024-12-16T07:45:00Z,0,0,0,0,0,0,1,0,0,0,,,,,,,,,,,,,132.8000030517578,PS_039,,,
,,2024-12-16T08:00:00Z,0,0,0,0,0,0,1,0,0,0,,,,,,,,,,,,,132.8000030517578,PS_039,,,
,,2024-12-16T08:15:00Z,0,0,0,0,0,0,1,0,0,0,,,,,,,,,,,,,132.8000030517578,PS_039,,,
,,2024-12-16T08:30:00Z,0,0,0,0,0,0,1,0,0,0,,,,,,,,,,,,,132.8000030517578,PS_039,,,
,,2024-12-16T08:45:00Z,0,0,0,0,0,0,1,0,0,0,,,,,,,,,,,,,132.8000030517578,PS_039,,,
19.461315751391748,14.306678771972654,2024-12-16T09:00:00Z,2,2,2,2,2,2,1,0,2,2,46.68469467285519,2.9558328825594944,,,,,,,,,17.899999618530273,51.27522065052412,132.8000030517578,PS_039,,335.0179663053288,2.06787203778838
19.700000762939453,14.306678771972656,2024-12-16T09:15:00Z,4,4,4,4,4,4,1,0,4,4,102.05140448589584,8.173034616099933,,,,,,,,,19.31675961161951,145.9936663406663,132.8000030517578,PS_039,,340.40386613259966,2.3903122613527668
20.0,14.31033992067798,2024-12-16T09:30:00Z,4,4,4,4,4,4,1,0,4,4,89.14514416696366,8.05785755964288,,,,,,,,,20.3609808075182,100.8139626094458,132.8000030517578,PS_039,,336.83733599144455,2.0717559501510077
20.432443303529652,14.311357498168945,2024-12-16T09:45:00Z,3,3,3,3,3,3,1,0,3,3,131.26991296397577,15.017052012606905,,,,,,,,,21.85445884567609,138.54181053598023,132.8000030517578,PS_039,,84.66033533210314,2.741534845854535
21.314478245579423,14.311357498168947,2024-12-16T10:00:00Z,4,4,4,4,4,4,1,0,4,4,202.63505923756682,19.88928910773214,,,,,,,,,27.86474316250278,356.90997696302577,132.8000030517578,PS_039,,335.5565043112022,2.022081662507334
22.70720966384899,14.312282770578943,2024-12-16T10:15:00Z,3,3,3,3,3,3,1,0,3,3,383.88405382790194,41.051371065982494,,,,,,,,,36.31614410279058,773.682659580359,132.8000030517578,PS_039,,339.01130136133565,2.3856149291276316
23.531625622517513,14.313357271389199,2024-12-16T10:30:00Z,4,4,4,4,4,4,1,0,4,4,484.4533666482872,49.63065846973683,,,,,,,,,40.85956607157443,914.6564813086277,132.8000030517578,PS_039,,340.65331046444174,2.792960018251368
24.054530322666057,14.316704750061037,2024-12-16T10:45:00Z,4,4,4,4,4,4,1,0,4,4,380.00693120092996,39.523223606023976,,,,,,,,,42.29827432068626,633.7762572100255,132.8000030517578,PS_039,,163.2510368226299,2.44250262805886
23.542212548536085,14.316704750061037,2024-12-16T11:00:00Z,2,2,2,2,2,2,1,0,2,2,492.89160775743704,68.56035289636598,,,,,,,,,36.40101800338673,648.2054272141844,132.8000030517578,PS_039,,307.15960025874097,3.2853646831194934
23.771106274268043,14.316704750061037,2024-12-16T11:15:00Z,0,0,0,0,0,0,1,0,0,0,546.7342966446947,67.13872301509696,true,true,true,true,true,true,true,true,35.99849988550214,745.9562835072068,132.8000030517578,PS_039,,259.0612028263957,3.2764687512222714
24.0,14.316704750061037,2024-12-16T11:30:00Z,2,2,2,2,2,2,1,0,2,2,600.5769855319525,65.71709313382793,,,,,,,,,35.595981767617545,843.7071398002291,132.8000030517578,PS_039,,210.9628053940504,3.26757281932505
24.149999618530273,14.316704750061035,2024-12-16T11:45:00Z,0,0,0,0,0,0,1,0,0,0,485.91349276597623,66.43354732985341,true,true,true,true,true,true,true,true,35.54799088380877,571.7035760036301,132.8000030517578,PS_039,,256.86740428393927,2.7297863657935064
24.299999237060547,14.316704750061035,2024-12-16T12:00:00Z,1,1,1,1,1,1,1,0,1,1,371.25,67.1500015258789,,,,,,,,,35.5,299.70001220703125,132.8000030517578,PS_039,,302.7720031738281,2.191999912261963
25.399999618530273,14.316704750061033,2024-12-16T12:15:00Z,1,1,1,1,1,1,1,0,1,1,856.2999877929689,64.75,,,,,,,,,41.20000076293945,1061.0999755859375,132.8000030517578,PS_039,,299.0639953613281,4.538000106811523
25.600000381469727,14.322051048278809,2024-12-16T12:30:00Z,1,1,1,1,1,1,1,0,1,1,442.95001220703125,55.150001525878906,,,,,,,,,40.400001525878906,432.95001220703125,132.8000030517578,PS_039,,297.56402587890625,2.8459999561309814
26.200000762939453,14.322051048278809,2024-12-16T12:45:00Z,1,1,1,1,1,1,1,0,1,1,619.5499877929688,71.5,,,,,,,,,44.20000076293945,645.5499877929688,132.8000030517578,PS_039,,293.5199890136719,3.3259999752044678
,,2024-12-16T13:00:00Z,0,0,0,0,0,0,1,0,0,0,,,,,,,,,,,,,132.8000030517578,PS_039,,,
,,2024-12-16T13:15:00Z,0,0,0,0,0,0,1,0,0,0,,,,,,,,,,,,,132.8000030517578,PS_039,,,
,,2024-12-16T13:30:00Z,0,0,0,0,0,0,1,0,0,0,,,,,,,,,,,,,132.8000030517578,PS_039,,,
,,2024-12-16T13:45:00Z,0,0,0,0,0,0,1,0,0,0,,,,,,,,,,,,,132.8000030517578,PS_039,,,
,,2024-12-16T14:00:00Z,0,0,0,0,0,0,1,0,0,0,,,,,,,,,,,,,132.8000030517578,PS_039,,,
,,2024-12-16T14:15:00Z,0,0,0,0,0,0,1,0,0,0,,,,,,,,,,,,,132.8000030517578,PS_039,,,
,,2024-12-16T14:30:00Z,0,0,0,0,0,0,1,0,0,0,,,,,,,,,,,,,132.8000030517578,PS_039,,,
,,2024-12-16T14:45:00Z,0,0,0,0,0,0,1,0,0,0,,,,,,,,,,,,,132.8000030517578,PS_039,,,
,,2024-12-16T15:00:00Z,0,0,0,0,0,0,1,0,0,0,,,,,,,,,,,,,132.8000030517578,PS_039,,,
,,2024-12-16T15:15:00Z,0,0,0,0,0,0,1,0,0,0,,,,,,,,,,,,,132.8000030517578,PS_039,,,
,,2024-12-16T15:30:00Z,0,0,0,0,0,0,1,0,0,0,,,,,,,,,,,,,132.8000030517578,PS_039,,,
28.899999618530273,14.173012733459473,2024-12-16T15:45:00Z,1,1,1,1,1,1,1,0,1,1,1000.6500244140625,66.19999694824219,,,,,,,,,46.599998474121094,977.4000244140625,132.8000030517578,PS_039,,288.083984375,6.190000057220459
29.100000381469723,14.203755378723145,2024-12-16T16:00:00Z,1,1,1,1,1,1,1,0,1,1,1198.8499755859375,79.70000457763672,,,,,,,,,49.099998474121094,1121.699951171875,132.8000030517578,PS_039,,298.0320129394531,5.535999774932861
,,2024-12-16T16:15:00Z,0,0,0,0,0,0,1,0,0,0,,,,,,,,,,,,,132.8000030517578,PS_039,,,
,,2024-12-16T16:30:00Z,0,0,0,0,0,0,1,0,0,0,,,,,,,,,,,,,132.8000030517578,PS_039,,,
28.899999618530273,14.301332473754883,2024-12-16T16:45:00Z,1,1,1,1,1,1,1,0,1,1,1079.5499267578125,83.04999542236328,,,,,,,,,48.5,1225.10009765625,132.8000030517578,PS_039,,294.09600830078125,7.2100000381469735
28.89999961853027,14.301332473754883,2024-12-16T17:00:00Z,1,1,1,1,1,1,1,0,1,1,1098.300048828125,82.55000305175781,,,,,,,,,49.599998474121094,1213.0999755859375,132.8000030517578,PS_039,,311.2080078125,7.363999843597412
30.200000762939453,14.301332473754881,2024-12-16T17:15:00Z,1,1,1,1,1,1,1,0,1,1,999.2000122070312,76.30000305175781,,,,,,,,,48.0,1145.75,132.8000030517578,PS_039,,271.5480041503906,7.285999774932861
30.130538000118133,14.304098346565965,2024-12-16T17:30:00Z,3,3,3,3,3,3,1,0,3,3,962.1541801427352,75.8068162155454,,,,,,,,,45.878901824612974,1124.8781202905664,132.8000030517578,PS_039,,267.50408032111807,6.59479339454351
30.076577440259342,14.302715410160424,2024-12-16T17:45:00Z,0,0,0,0,0,0,1,0,0,0,889.9132445218403,68.9151984934663,true,true,true,true,true,true,true,true,44.189450912306484,1091.7090244412648,132.8000030517578,PS_039,,279.9887500533675,5.851105584547083
30.02261688040055,14.301332473754883,2024-12-16T18:00:00Z,2,2,2,2,2,2,1,0,2,2,817.6723089009454,62.02358077138723,,,,,,,,,42.5,1058.5399285919634,132.8000030517578,PS_039,,292.4734197856169,5.107417774550657
29.899999618530273,14.306678771972656,2024-12-16T18:15:00Z,1,1,1,1,1,1,1,0,1,1,722.0499877929686,52.75,,,,,,,,,50.20000076293945,1010.6000366210938,132.8000030517578,PS_039,,287.1600036621094,5.634000301361084
29.700000762939457,14.311357498168945,2024-12-16T18:30:00Z,1,1,1,1,1,1,1,0,1,1,683.0499877929688,49.849998474121094,,,,,,,,,50.099998474121094,993.25,132.8000030517578,PS_039,,316.5240173339844,6.940000057220459
29.700000762939453,14.31403112411499,2024-12-16T18:45:00Z,0,0,0,0,0,0,1,0,0,0,637.8250122070312,48.17499923706055,true,true,true,true,true,true,true,true,45.5,973.7749938964844,132.8000030517578,PS_039,,300.7980041503906,6.2870001792907715
29.700000762939453,14.316704750061035,2024-12-16T19:00:00Z,1,1,1,1,1,1,1,0,1,1,592.6000366210938,46.49999999999999,,,,,,,,,40.900001525878906,954.2999877929688,132.8000030517578,PS_039,,285.0719909667969,5.634000301361084
29.700000762939453,14.316704750061035,2024-12-16T19:15:00Z,1,1,1,1,1,1,1,0,1,1,533.9000244140625,40.69999694824219,,,,,,,,,38.20000076293945,934.1000366210938,132.8000030517578,PS_039,,261.37200927734375,5.440000057220459
29.399999618530273,14.311357498168945,2024-12-16T19:30:00Z,1,1,1,1,1,1,1,0,1,1,447.3000183105469,36.85000228881836,,,,,,,,,43.099998474121094,899.5,132.8000030517578,PS_039,,277.0920104980469,2.9620001316070557
29.156542846992203,14.316704750061035,2024-12-16T19:45:00Z,3,3,3,3,3,3,1,0,3,3,414.90552407392994,37.731538772531664,,,,,,,,,41.15250375435163,885.6351890903825,132.8000030517578,PS_039,,247.75602438935863,3.5018844623696994
29.399999618530273,14.314669360003965,2024-12-16T20:00:00Z,3,3,3,3,3,3,1,0,3,3,352.20920303117043,32.744979403609904,,,,,,,,,40.31205217056149,849.8398626190942,132.8000030517578,PS_039,,266.58522495021646,3.4544771535005117
,,2024-12-16T20:15:00Z,0,0,0,0,0,0,1,0,0,0,,,,,,,,,,,,,132.8000030517578,PS_039,,,
,,2024-12-16T20:30:00Z,0,0,0,0,0,0,1,0,0,0,,,,,,,,,,,,,132.8000030517578,PS_039,,,
,,2024-12-16T20:45:00Z,0,0,0,0,0,0,1,0,0,0,,,,,,,,,,,,,132.8000030517578,PS_039,,,
,,2024-12-16T21:00:00Z,0,0,0,0,0,0,1,0,0,0,,,,,,,,,,,,,132.8000030517578,PS_039,,,
,,2024-12-16T21:15:00Z,0,0,0,0,0,0,1,0,0,0,,,,,,,,,,,,,132.8000030517578,PS_039,,,
,,2024-12-16T21:30:00Z,0,0,0,0,0,0,1,0,0,0,,,,,,,,,,,,,132.8000030517578,PS_039,,,
,,2024-12-16T21:45:00Z,0,0,0,0,0,0,1,0,0,0,,,,,,,,,,,,,132.8000030517578,PS_039,,,
,,2024-12-16T22:00:00Z,0,0,0,0,0,0,1,0,0,0,,,,,,,,,,,,,132.8000030517578,PS_039,,,
,,2024-12-16T22:15:00Z,0,0,0,0,0,0,1,0,0,0,,,,,,,,,,,,,132.8000030517578,PS_039,,,
,,2024-12-16T22:30:00Z,0,0,0,0,0,0,1,0,0,0,,,,,,,,,,,,,132.8000030517578,PS_039,,,
,,2024-12-16T22:45:00Z,0,0,0,0,0,0,1,0,0,0,,,,,,,,,,,,,132.8000030517578,PS_039,,,
,,2024-12-16T23:00:00Z,0,0,0,0,0,0,1,0,0,0,,,,,,,,,,,,,132.8000030517578,PS_039,,,
,,2024-12-16T23:15:00Z,0,0,0,0,0,0,1,0,0,0,,,,,,,,,,,,,132.8000030517578,PS_039,,,
,,2024-12-16T23:30:00Z,0,0,0,0,0,0,1,0,0,0,,,,,,,,,,,,,132.8000030517578,PS_039,,,
,,2024-12-16T23:45:00Z,0,0,0,0,0,0,1,0,0,0,,,,,,,,,,,,,132.8000030517578,PS_039,,,
,,2024-12-17T00:00:00Z,0,0,0,0,0,0,1,0,0,0,,,,,,,,,,,,,132.8000030517578,PS_039,,,
,,2024-12-17T00:15:00Z,0,0,0,0,0,0,1,0,0,0,,,,,,,,,,,,,132.8000030517578,PS_039,,,
,,2024-12-17T00:30:00Z,0,0,0,0,0,0,1,0,0,0,,,,,,,,,,,,,132.8000030517578,PS_039,,,
,,2024-12-17T00:45:00Z,0,0,0,0,0,0,1,0,0,0,,,,,,,,,,,,,132.8000030517578,PS_039,,,
,,2024-12-17T01:00:00Z,0,0,0,0,0,0,1,0,0,0,,,,,,,,,,,,,132.8000030517578,PS_039,,,
,,2024-12-17T01:15:00Z,0,0,0,0,0,0,1,0,0,0,,,,,,,,,,,,,132.8000030517578,PS_039,,,
,,2024-12-17T01:30:00Z,0,0,0,0,0,0,1,0,0,0,,,,,,,,,,,,,132.8000030517578,PS_039,,,
,,2024-12-17T01:45:00Z,0,0,0,0,0,0,1,0,0,0,,,,,,,,,,,,,132.8000030517578,PS_039,,,
,,2024-12-17T02:00:00Z,0,0,0,0,0,0,1,0,0,0,,,,,,,,,,,,,132.8000030517578,PS_039,,,
,,2024-12-17T02:15:00Z,0,0,0,0,0,0,1,0,0,0,,,,,,,,,,,,,132.8000030517578,PS_039,,,
,,2024-12-17T02:30:00Z,0,0,0,0,0,0,1,0,0,0,,,,,,,,,,,,,132.8000030517578,PS_039,,,
,,2024-12-17T02:45:00Z,0,0,0,0,0,0,1,0,0,0,,,,,,,,,,,,,132.8000030517578,PS_039,,,
,,2024-12-17T03:00:00Z,0,0,0,0,0,0,1,0,0,0,,,,,,,,,,,,,132.8000030517578,PS_039,,,
,,2024-12-17T03:15:00Z,0,0,0,0,0,0,1,0,0,0,,,,,,,,,,,,,132.8000030517578,PS_039,,,
,,2024-12-17T03:30:00Z,0,0,0,0,0,0,1,0,0,0,,,,,,,,,,,,,132.8000030517578,PS_039,,,
,,2024-12-17T03:45:00Z,0,0,0,0,0,0,1,0,0,0,,,,,,,,,,,,,132.8000030517578,PS_039,,,
,,2024-12-17T04:00:00Z,0,0,0,0,0,0,1,0,0,0,,,,,,,,,,,,,132.8000030517578,PS_039,,,
,,2024-12-17T04:15:00Z,0,0,0,0,0,0,1,0,0,0,,,,,,,,,,,,,132.8000030517578,PS_039,,,
,,2024-12-17T04:30:00Z,0,0,0,0,0,0,1,0,0,0,,,,,,,,,,,,,132.8000030517578,PS_039,,,
,,2024-12-17T04:45:00Z,0,0,0,0,0,0,1,0,0,0,,,,,,,,,,,,,132.8000030517578,PS_039,,,
,,2024-12-17T05:00:00Z,0,0,0,0,0,0,1,0,0,0,,,,,,,,,,,,,132.8000030517578,PS_039,,,
,,2024-12-17T05:15:00Z,0,0,0,0,0,0,1,0,0,0,,,,,,,,,,,,,132.8000030517578,PS_039,,,
,,2024-12-17T05:30:00Z,0,0,0,0,0,0,1,0,0,0,,,,,,,,,,,,,132.8000030517578,PS_039,,,
,,2024-12-17T05:45:00Z,0,0,0,0,0,0,1,0,0,0,,,,,,,,,,,,,132.8000030517578,PS_039,,,
,,2024-12-17T06:00:00Z,0,0,0,0,0,0,1,0,0,0,,,,,,,,,,,,,132.8000030517578,PS_039,,,
,,2024-12-17T06:15:00Z,0,0,0,0,0,0,1,0,0,0,,,,,,,,,,,,,132.8000030517578,PS_039,,,
,,2024-12-17T06:30:00Z,0,0,0,0,0,0,1,0,0,0,,,,,,,,,,,,,132.8000030517578,PS_039,,,
,,2024-12-17T06:45:00Z,0,0,0,0,0,0,1,0,0,0,,,,,,,,,,,,,132.8000030517578,PS_039,,,
,,2024-12-17T07:00:00Z,0,0,0,0,0,0,1,0,0,0,,,,,,,,,,,,,132.8000030517578,PS_039,,,
,,2024-12-17T07:15:00Z,0,0,0,0,0,0,1,0,0,0,,,,,,,,,,,,,132.8000030517578,PS_039,,,
,,2024-12-17T07:30:00Z,0,0,0,0,0,0,1,0,0,0,,,,,,,,,,,,,132.8000030517578,PS_039,,,
,,2024-12-17T07:45:00Z,0,0,0,0,0,0,1,0,0,0,,,,,,,,,,,,,132.8000030517578,PS_039,,,
,,2024-12-17T08:00:00Z,0,0,0,0,0,0,1,0,0,0,,,,,,,,,,,,,132.8000030517578,PS_039,,,
,,2024-12-17T08:15:00Z,0,0,0,0,0,0,1,0,0,0,,,,,,,,,,,,,132.8000030517578,PS_039,,,
,,2024-12-17T08:30:00Z,0,0,0,0,0,0,1,0,0,0,,,,,,,,,,,,,132.8000030517578,PS_039,,,
,,2024-12-17T08:45:00Z,0,0,0,0,0,0,1,0,0,0,,,,,,,,,,,,,132.8000030517578,PS_039,,,
,,2024-12-17T09:00:00Z,0,0,0,0,0,0,1,0,0,0,,,,,,,,,,,,,132.8000030517578,PS_039,,,
,,2024-12-17T09:15:00Z,0,0,0,0,0,0,1,0,0,0,,,,,,,,,,,,,132.8000030517578,PS_039,,,
,,2024-12-17T09:30:00Z,0,0,0,0,0,0,1,0,0,0,,,,,,,,,,,,,132.8000030517578,PS_039,,,
,,2024-12-17T09:45:00Z,0,0,0,0,0,0,1,0,0,0,,,,,,,,,,,,,132.8000030517578,PS_039,,,
,,2024-12-17T10:00:00Z,0,0,0,0,0,0,1,0,0,0,,,,,,,,,,,,,132.8000030517578,PS_039,,,
,,2024-12-17T10:15:00Z,0,0,0,0,0,0,1,0,0,0,,,,,,,,,,,,,132.8000030517578,PS_039,,,
,,2024-12-17T10:30:00Z,0,0,0,0,0,0,1,0,0,0,,,,,,,,,,,,,132.8000030517578,PS_039,,,
,,2024-12-17T10:45:00Z,0,0,0,0,0,0,1,0,0,0,,,,,,,,,,,,,132.8000030517578,PS_039,,,
,,2024-12-17T11:00:00Z,0,0,0,0,0,0,1,0,0,0,,,,,,,,,,,,,132.8000030517578,PS_039,,,
,,2024-12-17T11:15:00Z,0,0,0,0,0,0,1,0,0,0,,,,,,,,,,,,,132.8000030517578,PS_039,,,
,,2024-12-17T11:30:00Z,0,0,0,0,0,0,1,0,0,0,,,,,,,,,,,,,132.8000030517578,PS_039,,,
,,2024-12-17T11:45:00Z,0,0,0,0,0,0,1,0,0,0,,,,,,,,,,,,,132.8000030517578,PS_039,,,
25.149039747635722,13.806574125723213,2024-12-17T12:00:00Z,3,3,3,3,3,3,1,0,3,3,774.3038348410727,52.90315133201324,,,,,,,,,56.85580818977922,1014.6895666406144,132.8000030517578,PS_039,,100.29645677905232,0.6811436288543274
25.85621226400506,13.798171880448718,2024-12-17T12:15:00Z,3,3,3,3,3,3,1,0,3,3,813.4006779065132,55.55163024646192,,,,,,,,,59.069388060421204,1022.6736005931832,132.8000030517578,PS_039,,95.90442643306267,1.5103219678789892
26.44556497021051,13.819678344668548,2024-12-17T12:30:00Z,4,4,4,4,4,4,1,0,4,4,852.8763931261111,56.353229072187126,,,,,,,,,54.37945761325057,1035.4391801329568,132.8000030517578,PS_039,,89.66356176961929,0.5542849164874508
26.399999618530273,13.838846206665037,2024-12-17T12:45:00Z,1,1,1,1,1,1,1,0,1,1,881.300048828125,59.0,,,,,,,,,54.0,1045.7000732421875,132.8000030517578,PS_039,,35.41200256347656,2.307999849319458
26.82300703629484,13.832928785129678,2024-12-17T13:00:00Z,0,0,0,0,0,0,1,0,0,0,923.722726407555,60.570219767878186,true,true,true,true,true,true,true,true,57.95039939037328,1055.0885696086548,132.8000030517578,PS_039,,72.77237393594486,2.249373931729213
27.24601445405941,13.827011363594318,2024-12-17T13:15:00Z,4,4,4,4,4,4,1,0,4,4,966.145403986985,62.140439535756364,,,,,,,,,61.900798780746555,1064.477065975122,132.8000030517578,PS_039,,110.13274530841315,2.190748014138968
27.5,13.854217529296875,2024-12-17T13:30:00Z,1,1,1,1,1,1,1,0,1,1,998.699951171875,62.85000228881836,,,,,,,,,62.79999923706055,1079.8499755859375,132.8000030517578,PS_039,,159.26400756835938,2.191999912261963
,,2024-12-17T13:45:00Z,0,0,0,0,0,0,1,0,0,0,,,,,,,,,,,,,132.8000030517578,PS_039,,,
,,2024-12-17T14:00:00Z,0,0,0,0,0,0,1,0,0,0,,,,,,,,,,,,,132.8000030517578,PS_039,,,
,,2024-12-17T14:15:00Z,0,0,0,0,0,0,1,0,0,0,,,,,,,,,,,,,132.8000030517578,PS_039,,,
,,2024-12-17T14:30:00Z,0,0,0,0,0,0,1,0,0,0,,,,,,,,,,,,,132.8000030517578,PS_039,,,
,,2024-12-17T14:45:00Z,0,0,0,0,0,0,1,0,0,0,,,,,,,,,,,,,132.8000030517578,PS_039,,,
,,2024-12-17T15:00:00Z,0,0,0,0,0,0,1,0,0,0,,,,,,,,,,,,,132.8000030517578,PS_039,,,
29.450241233743252,13.801115318978724,2024-12-17T15:15:00Z,4,4,4,4,4,4,1,0,4,4,1132.3580322320183,77.48596246611223,,,,,,,,,57.20676852466091,1145.5258516972467,132.8000030517578,PS_039,,230.59973513502024,1.7279180144037012
29.248768579753598,13.846078743709866,2024-12-17T15:30:00Z,3,3,3,3,3,3,1,0,3,3,1115.4479839727837,75.92056555469924,,,,,,,,,55.64769649976048,1135.5394528210163,132.8000030517578,PS_039,,278.31539726714726,2.8504868377322636
29.730577794799974,13.870870031758827,2024-12-17T15:45:00Z,2,2,2,2,2,2,1,0,2,2,1136.6813719097424,79.03925791398544,,,,,,,,,56.70000076293945,1164.3487414736192,132.8000030517578,PS_039,,339.4665020942384,4.441999912261963
,,2024-12-17T16:00:00Z,0,0,0,0,0,0,1,0,0,0,,,,,,,,,,,,,132.8000030517578,PS_039,,,
,,2024-12-17T16:15:00Z,0,0,0,0,0,0,1,0,0,0,,,,,,,,,,,,,132.8000030517578,PS_039,,,
,,2024-12-17T16:30:00Z,0,0,0,0,0,0,1,0,0,0,,,,,,,,,,,,,132.8000030517578,PS_039,,,
,,2024-12-17T16:45:00Z,0,0,0,0,0,0,1,0,0,0,,,,,,,,,,,,,132.8000030517578,PS_039,,,
,,2024-12-17T17:00:00Z,0,0,0,0,0,0,1,0,0,0,,,,,,,,,,,,,132.8000030517578,PS_039,,,
,,2024-12-17T17:15:00Z,0,0,0,0,0,0,1,0,0,0,,,,,,,,,,,,,132.8000030517578,PS_039,,,
30.102634608388527,14.05110527657194,2024-12-17T17:30:00Z,2,2,2,2,2,2,1,0,2,2,444.9243041963647,36.705660501781,,,,,,,,,58.38861923685663,501.6350429339709,132.8000030517578,PS_039,,281.31009875008107,2.708647169532475
28.478711752729254,14.071120683423356,2024-12-17T17:45:00Z,5,5,5,5,5,5,1,0,5,5,376.8147366143545,33.68001398323526,,,,,,,,,41.97548122260899,447.1964445354021,132.8000030517578,PS_039,,243.4323032746889,1.7861608099225776
28.41274653530735,14.09221996146544,2024-12-17T18:00:00Z,3,3,3,3,3,3,1,0,3,3,635.0823929093783,44.697514492991075,,,,,,,,,39.41487963149768,699.1141154460095,132.8000030517578,PS_039,,166.57287881670052,0.5379740812614452
30.81416711172606,14.114203206732507,2024-12-17T18:15:00Z,4,4,4,4,4,4,1,0,4,4,755.9192249474866,60.83733246293981,,,,,,,,,55.04382421895782,1027.098600981726,132.8000030517578,PS_039,,253.9984105101203,2.0978729294382057
30.36320231500833,14.134042628143238,2024-12-17T18:30:00Z,4,4,4,4,4,4,1,0,4,4,697.0458631898974,54.47917453797895,,,,,,,,,56.70135221495567,1005.0458242523783,132.8000030517578,PS_039,,272.7794465071035,1.3384501179631692
29.89999961853027,14.151220570402465,2024-12-17T18:45:00Z,2,2,2,2,2,2,1,0,2,2,643.6999757516437,50.349998474121094,,,,,,,,,55.580933501778404,977.704120629572,132.8000030517578,PS_039,,248.54980063078264,1.4821123890445829
29.812885205574815,14.137542128179422,2024-12-17T19:00:00Z,0,0,0,0,0,0,1,0,0,0,591.0689875767333,47.520421903173855,true,true,true,true,true,true,true,true,48.196866585586086,955.152064112702,132.8000030517578,PS_039,,247.4483235340131,1.4340777349288685
29.725770792619358,14.123863685956382,2024-12-17T19:15:00Z,3,3,3,3,3,3,1,0,3,3,538.4379994018229,44.69084533222661,,,,,,,,,40.81279966939377,932.6000075958318,132.8000030517578,PS_039,,246.34684643724356,1.386043080813154
27.920954948029653,14.15595610594076,2024-12-17T19:30:00Z,4,4,4,4,4,4,1,0,4,4,331.4588831490057,30.603776506405133,,,,,,,,,42.08742224591687,569.1590942854882,132.8000030517578,PS_039,,165.21016446449178,3.635293625904625
26.279789292291643,14.169255827115894,2024-12-17T19:45:00Z,4,4,4,4,4,4,1,0,4,4,123.71387363708538,16.363098547841084,,,,,,,,,35.94659725197382,200.3482953437221,132.8000030517578,PS_039,,178.17602859656085,4.285792501314202
25.358804300461586,14.182875140097472,2024-12-17T20:00:00Z,3,3,3,3,3,3,1,0,3,3,77.13099517788308,14.258345406426772,,,,,,,,,26.706699712572213,82.30952862529836,132.8000030517578,PS_039,,184.8210419587762,2.8347941410066295
25.205503453172515,14.19469949977208,2024-12-17T20:15:00Z,4,4,4,4,4,4,1,0,4,4,159.72219388106004,20.200813287664527,,,,,,,,,26.51903959043919,335.68267650401907,132.8000030517578,PS_039,,147.1259392918056,3.2524905004325597
24.86938320726144,14.208434104919434,2024-12-17T20:30:00Z,2,2,2,2,2,2,1,0,2,2,146.35722100783332,28.15099311794259,,,,,,,,,30.414976902063742,301.7898128321353,132.8000030517578,PS_039,,141.88774671270298,3.7975716665913506
,,2024-12-17T20:45:00Z,0,0,0,0,0,0,1,0,0,0,,,,,,,,,,,,,132.8000030517578,PS_039,,,
,,2024-12-17T21:00:00Z,0,0,0,0,0,0,1,0,0,0,,,,,,,,,,,,,132.8000030517578,PS_039,,,
,,2024-12-17T21:15:00Z,0,0,0,0,0,0,1,0,0,0,,,,,,,,,,,,,132.8000030517578,PS_039,,,
,,2024-12-17T21:30:00Z,0,0,0,0,0,0,1,0,0,0,,,,,,,,,,,,,132.8000030517578,PS_039,,,
,,2024-12-17T21:45:00Z,0,0,0,0,0,0,1,0,0,0,,,,,,,,,,,,,132.8000030517578,PS_039,,,
,,2024-12-17T22:00:00Z,0,0,0,0,0,0,1,0,0,0,,,,,,,,,,,,,132.8000030517578,PS_039,,,
,,2024-12-17T22:15:00Z,0,0,0,0,0,0,1,0,0,0,,,,,,,,,,,,,132.8000030517578,PS_039,,,
,,2024-12-17T22:30:00Z,0,0,0,0,0,0,1,0,0,0,,,,,,,,,,,,,132.8000030517578,PS_039,,,
,,2024-12-17T22:45:00Z,0,0,0,0,0,0,1,0,0,0,,,,,,,,,,,,,132.8000030517578,PS_039,,,
,,2024-12-17T23:00:00Z,0,0,0,0,0,0,1,0,0,0,,,,,,,,,,,,,132.8000030517578,PS_039,,,
,,2024-12-17T23:15:00Z,0,0,0,0,0,0,1,0,0,0,,,,,,,,,,,,,132.8000030517578,PS_039,,,
,,2024-12-17T23:30:00Z,0,0,0,0,0,0,1,0,0,0,,,,,,,,,,,,,132.8000030517578,PS_039,,,
,,2024-12-17T23:45:00Z,0,0,0,0,0,0,1,0,0,0,,,,,,,,,,,,,132.8000030517578,PS_039,,,
,,2024-12-18T00:00:00Z,0,0,0,0,0,0,1,0,0,0,,,,,,,,,,,,,132.8000030517578,PS_039,,,
,,2024-12-18T00:15:00Z,0,0,0,0,0,0,1,0,0,0,,,,,,,,,,,,,132.8000030517578,PS_039,,,
,,2024-12-18T00:30:00Z,0,0,0,0,0,0,1,0,0,0,,,,,,,,,,,,,132.8000030517578,PS_039,,,
,,2024-12-18T00:45:00Z,0,0,0,0,0,0,1,0,0,0,,,,,,,,,,,,,132.8000030517578,PS_039,,,
,,2024-12-18T01:00:00Z,0,0,0,0,0,0,1,0,0,0,,,,,,,,,,,,,132.8000030517578,PS_039,,,
,,2024-12-18T01:15:00Z,0,0,0,0,0,0,1,0,0,0,,,,,,,,,,,,,132.8000030517578,PS_039,,,
,,2024-12-18T01:30:00Z,0,0,0,0,0,0,1,0,0,0,,,,,,,,,,,,,132.8000030517578,PS_039,,,
,,2024-12-18T01:45:00Z,0,0,0,0,0,0,1,0,0,0,,,,,,,,,,,,,132.8000030517578,PS_039,,,
,,2024-12-18T02:00:00Z,0,0,0,0,0,0,1,0,0,0,,,,,,,,,,,,,132.8000030517578,PS_039,,,
,,2024-12-18T02:15:00Z,0,0,0,0,0,0,1,0,0,0,,,,,,,,,,,,,132.8000030517578,PS_039,,,
,,2024-12-18T02:30:00Z,0,0,0,0,0,0,1,0,0,0,,,,,,,,,,,,,132.8000030517578,PS_039,,,
,,2024-12-18T02:45:00Z,0,0,0,0,0,0,1,0,0,0,,,,,,,,,,,,,132.8000030517578,PS_039,,,
,,2024-12-18T03:00:00Z,0,0,0,0,0,0,1,0,0,0,,,,,,,,,,,,,132.8000030517578,PS_039,,,
,,2024-12-18T03:15:00Z,0,0,0,0,0,0,1,0,0,0,,,,,,,,,,,,,132.8000030517578,PS_039,,,
,,2024-12-18T03:30:00Z,0,0,0,0,0,0,1,0,0,0,,,,,,,,,,,,,132.8000030517578,PS_039,,,
,,2024-12-18T03:45:00Z,0,0,0,0,0,0,1,0,0,0,,,,,,,,,,,,,132.8000030517578,PS_039,,,
,,2024-12-18T04:00:00Z,0,0,0,0,0,0,1,0,0,0,,,,,,,,,,,,,132.8000030517578,PS_039,,,
,,2024-12-18T04:15:00Z,0,0,0,0,0,0,1,0,0,0,,,,,,,,,,,,,132.8000030517578,PS_039,,,
,,2024-12-18T04:30:00Z,0,0,0,0,0,0,1,0,0,0,,,,,,,,,,,,,132.8000030517578,PS_039,,,
,,2024-12-18T04:45:00Z,0,0,0,0,0,0,1,0,0,0,,,,,,,,,,,,,132.8000030517578,PS_039,,,
,,2024-12-18T05:00:00Z,0,0,0,0,0,0,1,0,0,0,,,,,,,,,,,,,132.8000030517578,PS_039,,,
,,2024-12-18T05:15:00Z,0,0,0,0,0,0,1,0,0,0,,,,,,,,,,,,,132.8000030517578,PS_039,,,
,,2024-12-18T05:30:00Z,0,0,0,0,0,0,1,0,0,0,,,,,,,,,,,,,132.8000030517578,PS_039,,,
,,2024-12-18T05:45:00Z,0,0,0,0,0,0,1,0,0,0,,,,,,,,,,,,,132.8000030517578,PS_039,,,
,,2024-12-18T06:00:00Z,0,0,0,0,0,0,1,0,0,0,,,,,,,,,,,,,132.8000030517578,PS_039,,,
,,2024-12-18T06:15:00Z,0,0,0,0,0,0,1,0,0,0,,,,,,,,,,,,,132.8000030517578,PS_039,,,
,,2024-12-18T06:30:00Z,0,0,0,0,0,0,1,0,0,0,,,,,,,,,,,,,132.8000030517578,PS_039,,,
,,2024-12-18T06:45:00Z,0,0,0,0,0,0,1,0,0,0,,,,,,,,,,,,,132.8000030517578,PS_039,,,
,,2024-12-18T07:00:00Z,0,0,0,0,0,0,1,0,0,0,,,,,,,,,,,,,132.8000030517578,PS_039,,,
,,2024-12-18T07:15:00Z,0,0,0,0,0,0,1,0,0,0,,,,,,,,,,,,,132.8000030517578,PS_039,,,
,,2024-12-18T07:30:00Z,0,0,0,0,0,0,1,0,0,0,,,,,,,,,,,,,132.8000030517578,PS_039,,,
,,2024-12-18T07:45:00Z,0,0,0,0,0,0,1,0,0,0,,,,,,,,,,,,,132.8000030517578,PS_039,,,
,,2024-12-18T08:00:00Z,0,0,0,0,0,0,1,0,0,0,,,,,,,,,,,,,132.8000030517578,PS_039,,,
,,2024-12-18T08:15:00Z,0,0,0,0,0,0,1,0,0,0,,,,,,,,,,,,,132.8000030517578,PS_039,,,
,,2024-12-18T08:30:00Z,0,0,0,0,0,0,1,0,0,0,,,,,,,,,,,,,132.8000030517578,PS_039,,,
,,2024-12-18T08:45:00Z,0,0,0,0,0,0,1,0,0,0,,,,,,,,,,,,,132.8000030517578,PS_039,,,
,,2024-12-18T09:00:00Z,0,0,0,0,0,0,1,0,0,0,,,,,,,,,,,,,132.8000030517578,PS_039,,,
,,2024-12-18T09:15:00Z,0,0,0,0,0,0,1,0,0,0,,,,,,,,,,,,,132.8000030517578,PS_039,,,
,,2024-12-18T09:30:00Z,0,0,0,0,0,0,1,0,0,0,,,,,,,,,,,,,132.8000030517578,PS_039,,,
,,2024-12-18T09:45:00Z,0,0,0,0,0,0,1,0,0,0,,,,,,,,,,,,,132.8000030517578,PS_039,,,
,,2024-12-18T10:00:00Z,0,0,0,0,0,0,1,0,0,0,,,,,,,,,,,,,132.8000030517578,PS_039,,,
21.0,14.306678771972654,2024-12-18T10:15:00Z,1,1,1,1,1,1,1,0,1,1,405.8999938964844,38.79999923706055,,,,,,,,,41.5,838.3999633789064,132.8000030517578,PS_039,,134.052001953125,3.5
21.355955939423566,14.309379795877534,2024-12-18T10:30:00Z,4,4,4,4,4,4,1,0,4,4,398.399119388091,38.90833013194226,,,,,,,,,41.761280044731635,772.7036673673392,132.8000030517578,PS_039,,170.76092261655825,2.31040416808972
21.67672509473705,14.306678771972654,2024-12-18T10:45:00Z,3,3,3,3,3,3,1,0,3,3,502.89192864082634,47.292565874247366,,,,,,,,,42.02281316546107,903.1800499311703,132.8000030517578,PS_039,,119.09723013689764,2.5516148974071244
22.35854135171748,14.309954107018275,2024-12-18T11:00:00Z,4,4,4,4,4,4,1,0,4,4,555.6134414837276,50.31310444639204,,,,,,,,,44.44873891074756,925.1076070660259,132.8000030517578,PS_039,,146.17016945327444,2.7933375702764858
23.180980175457336,14.311357498168944,2024-12-18T11:15:00Z,4,4,4,4,4,4,1,0,4,4,614.6070013165737,53.09335618773945,,,,,,,,,46.82920121057443,951.2883092168001,132.8000030517578,PS_039,,115.8125122964178,1.848726172129534
23.60836802487418,14.311357498168947,2024-12-18T11:30:00Z,3,3,3,3,3,3,1,0,3,3,665.0803376591633,53.27780394323039,,,,,,,,,47.98613716352582,968.6309578536501,132.8000030517578,PS_039,,148.9964931635444,1.5296533278263809
24.031053722158077,14.312178640355237,2024-12-18T11:45:00Z,4,4,4,4,4,4,1,0,4,4,676.7133062558327,55.46058214009052,,,,,,,,,48.75491069857885,916.7627758327532,132.8000030517578,PS_039,,161.90596395651045,1.4469564851421488
24.547149692979303,14.312783004873703,2024-12-18T12:00:00Z,4,4,4,4,4,4,1,0,4,4,836.8193964018973,63.47298319308029,,,,,,,,,49.77129292166439,1088.9810454707072,132.8000030517578,PS_039,,152.01371958576962,2.564801894555545
25.399999618530273,14.316704750061035,2024-12-18T12:15:00Z,3,3,3,3,3,3,1,0,3,3,799.4630187695018,57.41519308512631,,,,,,,,,54.972010351715376,1008.4466034065845,132.8000030517578,PS_039,,287.1174908320223,0.8133090775631768
25.57074875005511,14.316704750061033,2024-12-18T12:30:00Z,4,4,4,4,4,4,1,0,4,4,838.1359263351362,56.31524839867209,,,,,,,,,54.663104233283846,1016.8058691029069,132.8000030517578,PS_039,,158.58499697360176,1.7728269063994673
26.507296406466644,14.316704750061035,2024-12-18T12:45:00Z,3,3,3,3,3,3,1,0,3,3,878.6533355097467,59.692480938629835,,,,,,,,,57.61952406655391,1031.0031493654083,132.8000030517578,PS_039,,109.98514571185343,1.6721298948322965
26.82691039029264,14.316704750061037,2024-12-18T13:00:00Z,4,4,4,4,4,4,1,0,4,4,912.4529774336823,61.156622894592424,,,,,,,,,59.49416343517948,1034.2946777731756,132.8000030517578,PS_039,,68.60661131061272,1.452961823146182
26.78912264790212,14.321222653358909,2024-12-18T13:15:00Z,4,4,4,4,4,4,1,0,4,4,948.7398919797495,61.37159120932208,,,,,,,,,56.181087630816194,1045.1652838973373,132.8000030517578,PS_039,,130.46076957616836,1.0216721983724164
27.248459448704573,14.318553145392881,2024-12-18T13:30:00Z,3,3,3,3,3,3,1,0,3,3,991.5242859992026,65.81053755612024,,,,,,,,,53.29747916777124,1064.55245848724,132.8000030517578,PS_039,,97.81354943238306,1.88815323393657
26.637111044223104,14.32205104827881,2024-12-18T13:45:00Z,4,4,4,4,4,4,1,0,4,4,609.730469966451,40.488759670839684,,,,,,,,,46.46400243237701,633.5479272114195,132.8000030517578,PS_039,,132.45669303682885,1.0541644411110358
27.32996739754372,14.317440393123539,2024-12-18T14:00:00Z,4,4,4,4,4,4,1,0,4,4,1082.672806059625,76.25083871672518,,,,,,,,,49.431973599046266,1121.89215610969,132.8000030517578,PS_039,,108.79677477304085,1.5824869929250913
27.564983317302133,14.191091240720706,2024-12-18T14:15:00Z,0,0,0,0,0,0,1,0,0,0,1079.1864396509063,77.47542164718095,true,true,true,true,true,true,true,true,52.11598641805341,1144.3960902618762,132.8000030517578,PS_039,,142.8743853113251,1.9542434840647795
27.799999237060547,14.064742088317871,2024-12-18T14:30:00Z,1,1,1,1,1,1,1,0,1,1,1075.7000732421875,78.70000457763672,,,,,,,,,54.79999923706055,1166.9000244140625,132.8000030517578,PS_039,,176.95199584960938,2.3259999752044678
,,2024-12-18T14:45:00Z,0,0,0,0,0,0,1,0,0,0,,,,,,,,,,,,,132.8000030517578,PS_039,,,
,,2024-12-18T15:00:00Z,0,0,0,0,0,0,1,0,0,0,,,,,,,,,,,,,132.8000030517578,PS_039,,,
29.700000762939453,14.09080696105957,2024-12-18T15:15:00Z,1,1,1,1,1,1,1,0,1,1,1113.25,77.74999999999999,,,,,,,,,63.599998474121094,1126.0,132.8000030517578,PS_039,,17.7239990234375,0.42399999499320984
29.950000762939453,14.065076351165771,2024-12-18T15:30:00Z,0,0,0,0,0,0,1,0,0,0,1124.5499877929688,79.67499923706055,true,true,true,true,true,true,true,true,62.89999961853027,1140.9249877929688,132.8000030517578,PS_039,,133.1280059814453,1.1449999660253525
30.200000762939457,14.039345741271973,2024-12-18T15:45:00Z,1,1,1,1,1,1,1,0,1,1,1135.8499755859375,81.5999984741211,,,,,,,,,62.20000076293945,1155.8499755859375,132.8000030517578,PS_039,,248.53201293945312,1.8659999370574951
30.598322256655237,14.162409746663892,2024-12-18T16:00:00Z,4,4,4,4,4,4,1,0,4,4,1095.2676936927578,79.84835791802783,,,,,,,,,61.54086084293387,1144.990050845354,132.8000030517578,PS_039,,209.41417681457997,1.0572644396487596
29.939357633959272,14.190075963402405,2024-12-18T16:15:00Z,4,4,4,4,4,4,1,0,4,4,719.3693121141813,57.49344227425053,,,,,,,,,53.15170506317723,775.4771224687538,132.8000030517578,PS_039,,240.8353850031414,1.0177476096843192
29.39999961853027,14.20849118952061,2024-12-18T16:30:00Z,3,3,3,3,3,3,1,0,3,3,593.6332667284286,50.75652800415207,,,,,,,,,50.072938427892474,621.559171872377,132.8000030517578,PS_039,,226.75301474455478,1.965770332668013
30.973835618561765,14.222872417716717,2024-12-18T16:45:00Z,4,4,4,4,4,4,1,0,4,4,716.2452007628515,58.12874774865061,,,,,,,,,56.46408765326573,788.1384496648968,132.8000030517578,PS_039,,248.54161572720633,0.7294944720008917
30.2191728200875,14.265731239344204,2024-12-18T17:00:00Z,4,4,4,4,4,4,1,0,4,4,453.6509903625182,42.40978055187019,,,,,,,,,59.01854075658779,532.709165905665,132.8000030517578,PS_039,,189.75006410741636,1.669221344877265
30.57004247562525,14.295952904978721,2024-12-18T17:15:00Z,3,3,3,3,3,3,1,0,3,3,925.2541045804589,75.49136883310601,,,,,,,,,52.22413522709837,1047.2471227138694,132.8000030517578,PS_039,,345.23179586884186,2.4102297979565552
,,2024-12-18T17:30:00Z,0,0,0,0,0,0,1,0,0,0,,,,,,,,,,,,,132.8000030517578,PS_039,,,
,,2024-12-18T17:45:00Z,0,0,0,0,0,0,1,0,0,0,,,,,,,,,,,,,132.8000030517578,PS_039,,,
,,2024-12-18T18:00:00Z,0,0,0,0,0,0,1,0,0,0,,,,,,,,,,,,,132.8000030517578,PS_039,,,
,,2024-12-18T18:15:00Z,0,0,0,0,0,0,1,0,0,0,,,,,,,,,,,,,132.8000030517578,PS_039,,,
,,2024-12-18T18:30:00Z,0,0,0,0,0,0,1,0,0,0,,,,,,,,,,,,,132.8000030517578,PS_039,,,
29.700000762939453,13.992562294006348,2024-12-18T18:45:00Z,1,1,1,1,1,1,1,0,1,1,143.1999969482422,29.149999618530273,,,,,,,,,48.79999923706055,162.65000915527344,132.8000030517578,PS_039,,240.09600830078125,0.058000002056360245
30.32596102508598,14.104097568113039,2024-12-18T19:00:00Z,4,4,4,4,4,4,1,0,4,4,632.5952791687979,63.55891350776779,,,,,,,,,47.273121278032455,973.8530387931411,132.8000030517578,PS_039,,221.1550135956433,1.803070414633155
30.146874480945318,14.154784134481007,2024-12-18T19:15:00Z,4,4,4,4,4,4,1,0,4,4,334.1592899077305,41.00819716527618,,,,,,,,,40.04628682248661,508.5350264355647,132.8000030517578,PS_039,,248.68940293236142,1.666970949267932
29.526414239346064,14.182450651150777,2024-12-18T19:30:00Z,3,3,3,3,3,3,1,0,3,3,494.01393987652455,50.31463070580754,,,,,,,,,43.383316959483686,907.2287182116341,132.8000030517578,PS_039,,250.10492725402435,1.218267022235865
30.27826440174076,14.22342304833046,2024-12-18T19:45:00Z,4,4,4,4,4,4,1,0,4,4,424.12003362392295,41.55038782299632,,,,,,,,,54.48187392047578,852.3015492741529,132.8000030517578,PS_039,,177.36000014569953,2.3554097369036286
28.81832021950811,14.276452131599754,2024-12-18T20:00:00Z,3,3,3,3,3,3,1,0,3,3,391.77177273167143,38.87142833118808,,,,,,,,,47.20742945627226,812.1102871020347,132.8000030517578,PS_039,,185.55243670266407,2.3683355264678476
27.76228442112788,14.191233531174582,2024-12-18T20:15:00Z,2,2,2,2,2,2,1,0,2,2,156.4002561433378,19.534528449982965,,,,,,,,,37.48170657925422,380.7448625102982,132.8000030517578,PS_039,,153.16016559430437,1.9800000190734863
25.924427982153894,14.286843391104526,2024-12-18T20:30:00Z,3,3,3,3,3,3,1,0,3,3,44.804594249050815,1.8793506660483517,,,,,,,,,27.919938143054456,54.04073928698665,132.8000030517578,PS_039,,127.12130916787613,4.363891465107511
25.672497090656485,14.280614852905273,2024-12-18T20:45:00Z,4,4,4,4,4,4,1,0,4,4,49.71049431989863,7.4754378640390255,,,,,,,,,26.934395956918973,77.00958103086663,132.8000030517578,PS_039,,151.1356514570121,2.3463104014458414
25.21144876354338,14.280614852905272,2024-12-18T21:00:00Z,4,4,4,4,4,4,1,0,4,4,38.587436574336884,1.6671966462253427,,,,,,,,,25.88795559008564,45.18153392234139,132.8000030517578,PS_039,,158.38066814132011,3.81335944361797
24.545966363451782,14.280614852905275,2024-12-18T21:15:00Z,3,3,3,3,3,3,1,0,3,3,27.821406310943207,0.0462388433436799,,,,,,,,,23.622577164036095,30.66690893326344,132.8000030517578,PS_039,,149.215869058005,4.479243425501717
24.277627580503715,14.283876637542813,2024-12-18T21:30:00Z,4,4,4,4,4,4,1,0,4,4,19.336189783248585,-0.16053529455157525,,,,,,,,,23.116969248298627,21.465338669776614,132.8000030517578,PS_039,,163.62866872285497,2.6531563817289685
23.618208986953174,14.285961151123047,2024-12-18T21:45:00Z,4,4,4,4,4,4,1,0,4,4,7.046070619716235,-0.04305206324807972,,,,,,,,,22.34334670086596,10.573748952912329,132.8000030517578,PS_039,,189.65891899596895,3.0156222881765578
23.200000762939457,14.285961151123049,2024-12-18T22:00:00Z,3,3,3,3,3,3,1,0,3,3,-0.0804943170879102,-2.413918764284557,,,,,,,,,21.40195336324349,0.550000011920929,132.8000030517578,PS_039,,185.6887842758986,2.1387974495957813
22.727306687427912,14.287531268589007,2024-12-18T22:15:00Z,4,4,4,4,4,4,1,0,4,4,-0.14999999105930328,-2.1614385927968325,,,,,,,,,20.88012870101595,0.27549646106383013,132.8000030517578,PS_039,,155.19037776387583,2.5447183977101324
22.123409029509485,14.287924294611587,2024-12-18T22:30:00Z,4,4,4,4,4,4,1,0,4,4,0.04626248759825497,-2.495271271745228,,,,,,,,,20.274280098718158,0.6295545318916499,132.8000030517578,PS_039,,141.22847025992442,3.2422444063659825
21.655512829368117,14.290317382616168,2024-12-18T22:45:00Z,3,3,3,3,3,3,1,0,3,3,-0.07735900524419409,-2.183268797067358,,,,,,,,,19.751572033454377,0.13071221382117168,132.8000030517578,PS_039,,136.70384207786853,2.7173010169901355
21.182905141301585,14.291306495666502,2024-12-18T23:00:00Z,4,4,4,4,4,4,1,0,4,4,-0.21458772522334674,-2.71983502303968,,,,,,,,,19.339847247976746,0.2595106126930688,132.8000030517578,PS_039,,160.56002474712284,2.4835654301138166
20.966912620649904,14.29183608708025,2024-12-18T23:15:00Z,4,4,4,4,4,4,1,0,4,4,-0.09906387896744166,-2.3222120368509294,,,,,,,,,18.999999999999996,0.4072767733845296,132.8000030517578,PS_039,,138.8836693738087,2.8005229970338297
20.799999237060543,14.291306495666504,2024-12-18T23:30:00Z,3,3,3,3,3,3,1,0,3,3,0.12173863750469213,-2.099999904632568,,,,,,,,,18.700000762939453,0.13641251299184337,132.8000030517578,PS_039,,145.21805349948028,2.78005953987483
20.545348400072815,14.291306495666502,2024-12-18T23:45:00Z,4,4,4,4,4,4,1,0,4,4,0.005410068595935829,-2.395825041443292,,,,,,,,,18.507343183776033,0.7226778351848797,132.8000030517578,PS_039,,126.91411686155027,2.4447932474622287
20.437357316591246,14.294216211183064,2024-12-19T00:00:00Z,3,3,3,3,3,3,1,0,3,3,-0.05603573258340223,-1.9955951916617003,,,,,,,,,18.358237962348593,0.3976415531279301,132.8000030517578,PS_039,,166.30592051422158,1.8972626458705955
20.171044165844844,14.291851824225532,2024-12-19T00:15:00Z,4,4,4,4,4,4,1,0,4,4,-0.42270563452194043,-2.6394948351896277,,,,,,,,,18.004520995925375,0.4704780087808277,132.8000030517578,PS_039,,135.3612812845171,2.1935637014729026
20.10725553615766,14.295250970226242,2024-12-19T00:30:00Z,4,4,4,4,4,4,1,0,4,4,-0.07498599211971463,-2.511810007984793,,,,,,,,,17.8949474186419,0.19009248384784916,132.8000030517578,PS_039,,146.37533992785217,2.970673994556909
20.200000762939453,14.295985221862791,2024-12-19T00:45:00Z,3,3,3,3,3,3,1,0,3,3,-0.4503498170877528,-3.229828912104231,,,,,,,,,18.246168572235526,0.4730534656890714,132.8000030517578,PS_039,,93.47443690960706,3.1285414222645858
20.077521356489665,14.295391599937652,2024-12-19T01:00:00Z,4,4,4,4,4,4,1,0,4,4,-0.06364546867706987,-2.404786549240699,,,,,,,,,17.85206956023354,0.45405051628916776,132.8000030517578,PS_039,,122.82942672412604,1.948238284610675
19.87584113407508,14.295985221862795,2024-12-19T01:15:00Z,4,4,4,4,4,4,1,0,4,4,-0.28265829989274543,-2.8261149894858315,,,,,,,,,17.600000381469727,0.4707899439332656,132.8000030517578,PS_039,,141.40619405731206,1.6129664820600915
19.956700348033245,14.29598522186279,2024-12-19T01:30:00Z,3,3,3,3,3,3,1,0,3,3,-0.5350503249828987,-2.3766243977540222,,,,,,,,,17.57113376329691,-0.1479344708922125,132.8000030517578,PS_039,,138.24781421366376,1.4327746357867146
19.700000762939453,14.295985221862791,2024-12-19T01:45:00Z,4,4,4,4,4,4,1,0,4,4,-0.33544378362493615,-2.6238304418233764,,,,,,,,,17.093910536543035,-0.17397851414479681,132.8000030517578,PS_039,,137.61534862092023,1.1469940798567728
19.447705016167287,14.2991769825935,2024-12-19T02:00:00Z,4,4,4,4,4,4,1,0,4,4,-0.2220936198994973,-2.2148617526209384,,,,,,,,,16.704801743035034,0.550000011920929,132.8000030517578,PS_039,,158.1661490828104,1.255470281281295
19.64391632538511,14.29698487676551,2024-12-19T02:15:00Z,3,3,3,3,3,3,1,0,3,3,-0.22312770134583887,-2.392745885592745,,,,,,,,,16.799999237060547,0.9565262574425367,132.8000030517578,PS_039,,161.70774872691953,1.960054190595709
19.292135294401298,14.30050553104688,2024-12-19T02:30:00Z,4,4,4,4,4,4,1,0,4,4,-0.4268955320671334,-2.312678357999511,,,,,,,,,16.769069780476613,0.07535685472175642,132.8000030517578,PS_039,,163.4005997119689,1.1318257549012662
19.223075403232265,14.30048319053608,2024-12-19T02:45:00Z,4,4,4,4,4,4,1,0,4,4,-0.39312524503593943,-2.395043442101904,,,,,,,,,16.299999237060547,0.47058695499708103,132.8000030517578,PS_039,,122.10299862792529,1.9740098150240328
19.399999618530273,14.302228392045476,2024-12-19T03:00:00Z,3,3,3,3,3,3,1,0,3,3,-0.2418700921930307,-2.1754097035376607,,,,,,,,,16.799999237060547,-0.09922887394401375,132.8000030517578,PS_039,,146.50813582933193,1.0836657566256922
19.22940442220287,14.301332473754883,2024-12-19T03:15:00Z,4,4,4,4,4,4,1,0,4,4,-0.14999999105930328,-2.3907819576216083,,,,,,,,,16.583722502718278,0.07194383411299429,132.8000030517578,PS_039,,115.85176563790348,1.3105941036394089
19.353315255181833,14.301332473754883,2024-12-19T03:30:00Z,3,3,3,3,3,3,1,0,3,3,-0.316753529529304,-2.883246411230682,,,,,,,,,16.370026449912203,-0.27978800575109347,132.8000030517578,PS_039,,156.33210036266314,1.5178815004114057
19.399999618530273,14.302167768086845,2024-12-19T03:45:00Z,4,4,4,4,4,4,1,0,4,4,-0.8937134016719632,-2.1703069608238184,,,,,,,,,16.747254127039582,0.3052140147125645,132.8000030517578,PS_039,,114.9686994011902,2.0679510307532425
19.155819437634992,14.301332473754885,2024-12-19T04:00:00Z,4,4,4,4,4,4,1,0,4,4,-0.12108395551902458,-2.318132812323625,,,,,,,,,16.3455591918604,-0.021722473193503854,132.8000030517578,PS_039,,124.39513503424428,1.0718068409436705
19.086541446696938,14.301332473754885,2024-12-19T04:15:00Z,3,3,3,3,3,3,1,0,3,3,0.1298116671157893,-2.473720242296906,,,,,,,,,16.0,0.4456570949105265,132.8000030517578,PS_039,,211.08211368898634,0.4175627767412548
18.63441264889371,14.306678771972656,2024-12-19T04:30:00Z,4,4,4,4,4,4,1,0,4,4,-0.2589724521269589,-2.517570542958123,,,,,,,,,15.602404057680026,0.4707130472168779,132.8000030517578,PS_039,,101.94589255867507,1.4883009725392822
18.76299737407539,14.305918805354008,2024-12-19T04:45:00Z,4,4,4,4,4,4,1,0,4,4,-0.04439786903203054,-2.821662297532126,,,,,,,,,15.757355706409406,0.12882766205000334,132.8000030517578,PS_039,,151.3643996116255,0.45265935268106794
18.46808242554411,14.303152421761327,2024-12-19T05:00:00Z,3,3,3,3,3,3,1,0,3,3,-0.4468142419438461,-3.289568343528732,,,,,,,,,15.247988516401582,0.2202063727982981,132.8000030517578,PS_039,,263.0947527266414,0.3955239411800635
18.184628919454433,14.306678771972654,2024-12-19T05:15:00Z,4,4,4,4,4,4,1,0,4,4,-0.4331245214469051,-2.2668753750521873,,,,,,,,,15.236768402805248,0.35992732352586865,132.8000030517578,PS_039,,167.75406781371268,0.17174424271982078
18.188342268662957,14.308588817844571,2024-12-19T05:30:00Z,4,4,4,4,4,4,1,0,4,4,0.03370825667136868,-2.6923492464812524,,,,,,,,,15.05945708708889,0.2824428542267635,132.8000030517578,PS_039,,160.59964278597013,0.8987093866313888
18.1484955568841,14.306678771972656,2024-12-19T05:45:00Z,3,3,3,3,3,3,1,0,3,3,-0.30356844238224434,-2.4088789038743617,,,,,,,,,15.535240078676916,-0.6285384323089156,132.8000030517578,PS_039,,126.56056040694783,0.5743887136327954
18.479797824854295,14.306678771972654,2024-12-19T06:00:00Z,4,4,4,4,4,4,1,0,4,4,-0.34667931538392827,-2.221465790954717,,,,,,,,,15.752202429251263,0.5750206423507613,132.8000030517578,PS_039,,150.27516687952723,0.9236903436089949
18.39999961853027,14.306678771972656,2024-12-19T06:15:00Z,4,4,4,4,4,4,1,0,4,4,-0.39886292734564843,-2.224677014160834,,,,,,,,,15.417209389952685,0.25360379568378666,132.8000030517578,PS_039,,167.2230446043002,1.4003089577647414
17.84638629341782,14.305852111670344,2024-12-19T06:30:00Z,3,3,3,3,3,3,1,0,3,3,-0.14999999105930326,-2.8313751120686566,,,,,,,,,14.98629925446554,0.6243754596225838,132.8000030517578,PS_039,,160.19191827232171,0.17820130185666683
18.05293539152075,14.306678771972656,2024-12-19T06:45:00Z,4,4,4,4,4,4,1,0,4,4,-0.2810255383335829,-2.6207288537983744,,,,,,,,,14.858484863402033,0.35986878685153917,132.8000030517578,PS_039,,148.4854968261457,0.6941093694980821
18.100000381469727,14.306678771972656,2024-12-19T07:00:00Z,4,4,4,4,4,4,1,0,4,4,-0.8340357775143107,-2.4957869012071274,,,,,,,,,14.736141862486646,0.17275871303740323,132.8000030517578,PS_039,,138.18890430821975,0.533218754183714
18.051342396359328,14.309719751632516,2024-12-19T07:15:00Z,3,3,3,3,3,3,1,0,3,3,-0.255469330224342,-2.392481433692125,,,,,,,,,14.707696549789274,0.05000000074505806,132.8000030517578,PS_039,,221.0027607612814,0.00422377868764198
17.050264654188407,14.306678771972654,2024-12-19T07:30:00Z,4,4,4,4,4,4,1,0,4,4,-0.6588683207839201,-2.378391782780811,,,,,,,,,14.021676763867005,0.003174876756135782,132.8000030517578,PS_039,,48.98134810146242,0.12340465510501875
17.400244473573025,14.306678771972656,2024-12-19T07:45:00Z,4,4,4,4,4,4,1,0,4,4,-0.9912742313394209,-2.3248969425337243,,,,,,,,,13.797600141280693,0.436557879285052,132.8000030517578,PS_039,,144.93594796553805,0.24378845540164687
17.40842144022007,14.307754367193304,2024-12-19T08:00:00Z,8,8,8,8,8,8,1,0,8,8,-0.7099261202148248,-2.664297594448573,,,,,,,,,13.742215346684473,0.14602920029075162,132.8000030517578,PS_039,,94.21309148922231,0.12708718253017795
17.426879674434893,14.3077057957502,2024-12-19T08:15:00Z,14,14,14,14,14,14,1,0,14,14,1.4513389778146795,-1.9699577125023855,,,,,,,,,14.378924858372997,0.9487524860821885,132.8000030517578,PS_039,,96.71867581366743,1.025265390046126
17.6241199945725,14.306678771972658,2024-12-19T08:30:00Z,14,14,14,14,14,14,1,0,14,14,10.530979135809995,-1.273905452763582,,,,,,,,,15.30452459680474,10.892918428140101,132.8000030517578,PS_039,,104.37838557297592,1.5212225857698003
17.64803141518902,14.307513817266805,2024-12-19T08:45:00Z,14,14,14,14,14,14,1,0,14,14,32.39972478857998,-0.01178480414986642,,,,,,,,,15.230235543654537,33.52309012811368,132.8000030517578,PS_039,,126.5740614779296,0.3834396900040282
18.418485420486395,14.307958597508899,2024-12-19T09:00:00Z,7,7,7,7,7,7,1,0,7,7,84.84506640532881,2.6108745959228674,,,,,,,,,16.392058005834837,119.86180695872287,132.8000030517578,PS_039,,141.72612623578888,0.6850923063955798
19.22575348566851,14.30802635447755,2024-12-19T09:15:00Z,4,4,4,4,4,4,1,0,4,4,138.6065487689566,10.212121899835822,,,,,,,,,19.16049872133725,231.7351202311702,132.8000030517578,PS_039,,250.59033125328676,-0.001961289044931926
20.270478968862815,14.311357498168945,2024-12-19T09:30:00Z,3,3,3,3,3,3,1,0,3,3,190.72908805654657,15.226615868627867,,,,,,,,,23.769958113917387,354.13191129950104,132.8000030517578,PS_039,,178.15110543000205,-0.036000002175569534
20.71329801485752,14.311357498168944,2024-12-19T09:45:00Z,3,3,3,3,3,3,1,0,3,3,247.9281948355634,18.44446207674983,,,,,,,,,32.17990499251104,498.775094792639,132.8000030517578,PS_039,,220.60832488149748,0.19425487882961884
20.799999237060547,14.314465107741098,2024-12-19T10:00:00Z,4,4,4,4,4,4,1,0,4,4,305.1199377662011,23.479883215046993,,,,,,,,,37.64834943019055,632.7800335373753,132.8000030517578,PS_039,,175.03910777680375,1.3334109120439652
20.799999237060547,14.316704750061035,2024-12-19T10:15:00Z,1,1,1,1,1,1,1,0,1,1,344.79998779296875,27.69999885559082,,,,,,,,,41.0,717.199951171875,132.8000030517578,PS_039,,164.4720001220703,0.6359999775886536
,,2024-12-19T10:30:00Z,0,0,0,0,0,0,1,0,0,0,,,,,,,,,,,,,132.8000030517578,PS_039,,,
,,2024-12-19T10:45:00Z,0,0,0,0,0,0,1,0,0,0,,,,,,,,,,,,,132.8000030517578,PS_039,,,
,,2024-12-19T11:00:00Z,0,0,0,0,0,0,1,0,0,0,,,,,,,,,,,,,132.8000030517578,PS_039,,,
,,2024-12-19T11:15:00Z,0,0,0,0,0,0,1,0,0,0,,,,,,,,,,,,,132.8000030517578,PS_039,,,
,,2024-12-19T11:30:00Z,0,0,0,0,0,0,1,0,0,0,,,,,,,,,,,,,132.8000030517578,PS_039,,,
,,2024-12-19T11:45:00Z,0,0,0,0,0,0,1,0,0,0,,,,,,,,,,,,,132.8000030517578,PS_039,,,
,,2024-12-19T12:00:00Z,0,0,0,0,0,0,1,0,0,0,,,,,,,,,,,,,132.8000030517578,PS_039,,,
,,2024-12-19T12:15:00Z,0,0,0,0,0,0,1,0,0,0,,,,,,,,,,,,,132.8000030517578,PS_039,,,
,,2024-12-19T12:30:00Z,0,0,0,0,0,0,1,0,0,0,,,,,,,,,,,,,132.8000030517578,PS_039,,,
,,2024-12-19T12:45:00Z,0,0,0,0,0,0,1,0,0,0,,,,,,,,,,,,,132.8000030517578,PS_039,,,
,,2024-12-19T13:00:00Z,0,0,0,0,0,0,1,0,0,0,,,,,,,,,,,,,132.8000030517578,PS_039,,,
,,2024-12-19T13:15:00Z,0,0,0,0,0,0,1,0,0,0,,,,,,,,,,,,,132.8000030517578,PS_039,,,
,,2024-12-19T13:30:00Z,0,0,0,0,0,0,1,0,0,0,,,,,,,,,,,,,132.8000030517578,PS_039,,,
,,2024-12-19T13:45:00Z,0,0,0,0,0,0,1,0,0,0,,,,,,,,,,,,,132.8000030517578,PS_039,,,
,,2024-12-19T14:00:00Z,0,0,0,0,0,0,1,0,0,0,,,,,,,,,,,,,132.8000030517578,PS_039,,,
,,2024-12-19T14:15:00Z,0,0,0,0,0,0,1,0,0,0,,,,,,,,,,,,,132.8000030517578,PS_039,,,
,,2024-12-19T14:30:00Z,0,0,0,0,0,0,1,0,0,0,,,,,,,,,,,,,132.8000030517578,PS_039,,,
,,2024-12-19T14:45:00Z,0,0,0,0,0,0,1,0,0,0,,,,,,,,,,,,,132.8000030517578,PS_039,,,
,,2024-12-19T15:00:00Z,0,0,0,0,0,0,1,0,0,0,,,,,,,,,,,,,132.8000030517578,PS_039,,,
,,2024-12-19T15:15:00Z,0,0,0,0,0,0,1,0,0,0,,,,,,,,,,,,,132.8000030517578,PS_039,,,
,,2024-12-19T15:30:00Z,0,0,0,0,0,0,1,0,0,0,,,,,,,,,,,,,132.8000030517578,PS_039,,,
,,2024-12-19T15:45:00Z,0,0,0,0,0,0,1,0,0,0,,,,,,,,,,,,,132.8000030517578,PS_039,,,
,,2024-12-19T16:00:00Z,0,0,0,0,0,0,1,0,0,0,,,,,,,,,,,,,132.8000030517578,PS_039,,,
,,2024-12-19T16:15:00Z,0,0,0,0,0,0,1,0,0,0,,,,,,,,,,,,,132.8000030517578,PS_039,,,
,,2024-12-19T16:30:00Z,0,0,0,0,0,0,1,0,0,0,,,,,,,,,,,,,132.8000030517578,PS_039,,,
,,2024-12-19T16:45:00Z,0,0,0,0,0,0,1,0,0,0,,,,,,,,,,,,,132.8000030517578,PS_039,,,
,,2024-12-19T17:00:00Z,0,0,0,0,0,0,1,0,0,0,,,,,,,,,,,,,132.8000030517578,PS_039,,,
,,2024-12-19T17:15:00Z,0,0,0,0,0,0,1,0,0,0,,,,,,,,,,,,,132.8000030517578,PS_039,,,
,,2024-12-19T17:30:00Z,0,0,0,0,0,0,1,0,0,0,,,,,,,,,,,,,132.8000030517578,PS_039,,,
,,2024-12-19T17:45:00Z,0,0,0,0,0,0,1,0,0,0,,,,,,,,,,,,,132.8000030517578,PS_039,,,
,,2024-12-19T18:00:00Z,0,0,0,0,0,0,1,0,0,0,,,,,,,,,,,,,132.8000030517578,PS_039,,,
,,2024-12-19T18:15:00Z,0,0,0,0,0,0,1,0,0,0,,,,,,,,,,,,,132.8000030517578,PS_039,,,
,,2024-12-19T18:30:00Z,0,0,0,0,0,0,1,0,0,0,,,,,,,,,,,,,132.8000030517578,PS_039,,,
,,2024-12-19T18:45:00Z,0,0,0,0,0,0,1,0,0,0,,,,,,,,,,,,,132.8000030517578,PS_039,,,
,,2024-12-19T19:00:00Z,0,0,0,0,0,0,1,0,0,0,,,,,,,,,,,,,132.8000030517578,PS_039,,,
,,2024-12-19T19:15:00Z,0,0,0,0,0,0,1,0,0,0,,,,,,,,,,,,,132.8000030517578,PS_039,,,
30.5,14.28176806653621,2024-12-19T19:30:00Z,2,2,2,2,2,2,1,0,2,2,189.18308051015916,33.597066604333456,,,,,,,,,39.26272680971146,183.69543878752702,132.8000030517578,PS_039,,297.9575061816279,2.3088385756527385
29.936711274544727,14.285961151123047,2024-12-19T19:45:00Z,4,4,4,4,4,4,1,0,4,4,159.36534676701427,35.79838089044323,,,,,,,,,36.00277988165392,112.42309565977571,132.8000030517578,PS_039,,285.65253883929034,2.0480783835888197
29.872370769201616,14.28596115112305,2024-12-19T20:00:00Z,4,4,4,4,4,4,1,0,4,4,133.7623879118914,29.501018576902805,,,,,,,,,33.61870160905632,96.39852537081643,132.8000030517578,PS_039,,284.4054744745192,1.6875504829157006
29.70000076293945,14.291306495666502,2024-12-19T20:15:00Z,3,3,3,3,3,3,1,0,3,3,130.79411695795514,18.84196708015429,,,,,,,,,32.90484194262737,126.71964473366647,132.8000030517578,PS_039,,271.20782593933563,1.5347018340006622
29.43832813638958,14.291306495666504,2024-12-19T20:30:00Z,4,4,4,4,4,4,1,0,4,4,126.6081849473123,16.83856664360345,,,,,,,,,31.724495497034734,144.09152970578344,132.8000030517578,PS_039,,257.6830867456508,0.5531541952679537
29.439512057528315,14.291306495666504,2024-12-19T20:45:00Z,4,4,4,4,4,4,1,0,4,4,126.37621149287497,17.13376237636796,,,,,,,,,34.103259287521865,147.03106611214375,132.8000030517578,PS_039,,256.1866585709646,0.2928768867385298
29.401797388224878,14.291306495666504,2024-12-19T21:00:00Z,3,3,3,3,3,3,1,0,3,3,53.964185999539836,6.099210474011737,,,,,,,,,32.13969918141898,65.60399321250844,132.8000030517578,PS_039,,261.95053126308846,-0.03017228397217161
28.38141016000524,14.293378828964638,2024-12-19T21:15:00Z,3,3,3,3,3,3,1,0,3,3,34.84568997174852,0.7740625035358984,,,,,,,,,28.683143283804917,41.78029139054311,132.8000030517578,PS_039,,173.29415011928123,-0.024858537711562267
27.767504591351667,14.295985221862793,2024-12-19T21:30:00Z,4,4,4,4,4,4,1,0,4,4,15.206536116891426,-1.9944914014020174,,,,,,,,,25.847164768316507,14.525732268708984,132.8000030517578,PS_039,,150.29451513951207,-0.036000002175569534
27.321884573473884,14.295985221862793,2024-12-19T21:45:00Z,3,3,3,3,3,3,1,0,3,3,3.464941396832094,-2.3671737521906544,,,,,,,,,23.99510554631332,3.4163873581086186,132.8000030517578,PS_039,,130.3317878534015,-0.036000002175569534
27.432603282588854,14.295985221862797,2024-12-19T22:00:00Z,4,4,4,4,4,4,1,0,4,4,0.23392339470652115,-2.5903717165697135,,,,,,,,,23.000000000000004,0.7346719590600798,132.8000030517578,PS_039,,143.33130729822292,-0.03600000217556953
27.5101670896569,14.29936055555323,2024-12-19T22:15:00Z,3,3,3,3,3,3,1,0,3,3,0.0159475191310005,-2.099999904632569,,,,,,,,,22.939721567868443,0.46607818566774245,132.8000030517578,PS_039,,152.0133722335837,-0.036000002175569534
27.39534677659852,14.297483397168978,2024-12-19T22:30:00Z,4,4,4,4,4,4,1,0,4,4,-0.25598077652176016,-2.154275080998222,,,,,,,,,22.66808760235655,0.5582738565710135,132.8000030517578,PS_039,,173.9265674792102,0.02428568198118084
26.665274137102045,14.301332473754883,2024-12-19T22:45:00Z,4,4,4,4,4,4,1,0,4,4,-0.20004104364548056,-2.7542584366453244,,,,,,,,,21.946976996771184,0.34574369790163184,132.8000030517578,PS_039,,128.0857101427882,-0.036000002175569534
26.622300556787856,14.306678771972656,2024-12-19T23:00:00Z,3,3,3,3,3,3,1,0,3,3,0.0934677028394161,-2.1699300975790723,,,,,,,,,21.899999618530273,0.8208380283320466,132.8000030517578,PS_039,,116.90135566930427,0.30367593611612087
26.302228489257498,14.307942764602318,2024-12-19T23:15:00Z,4,4,4,4,4,4,1,0,4,4,0.056858312534848396,-2.37180763457307,,,,,,,,,21.949418522501624,0.6202317420193721,132.8000030517578,PS_039,,156.9236684933122,0.5927982865268195
26.83128506541507,14.309540735828595,2024-12-19T23:30:00Z,4,4,4,4,4,4,1,0,4,4,0.0247362448581324,-2.552014233275138,,,,,,,,,21.938154293873758,0.662146769993553,132.8000030517578,PS_039,,170.15950905921125,0.7656156032094811
25.954360607230267,14.307400301368606,2024-12-19T23:45:00Z,3,3,3,3,3,3,1,0,3,3,0.14906206556281576,-2.2441724334732966,,,,,,,,,22.700000762939453,0.4728925491406491,132.8000030517578,PS_039,,176.63469857577826,1.1430953610028505
24.504987712862633,14.311357498168947,2024-12-20T00:00:00Z,4,4,4,4,4,4,1,0,4,4,0.05217763000162321,-2.4113169198752193,,,,,,,,,22.076906838052608,0.6781228772507486,132.8000030517578,PS_039,,126.63578175429346,1.857060555629203
24.496568854857774,14.311357498168947,2024-12-20T00:15:00Z,4,4,4,4,4,4,1,0,4,4,0.29999998211860657,-2.186642126200586,,,,,,,,,21.83104592505307,0.808864617738036,132.8000030517578,PS_039,,137.79478363156798,1.0675277971459727
24.061962564761608,14.310571092337423,2024-12-20T00:30:00Z,3,3,3,3,3,3,1,0,3,3,0.13141937654427768,-2.2781481395505008,,,,,,,,,21.212387172736285,-0.3500000238418579,132.8000030517578,PS_039,,124.32180627375568,1.6296583545636938
23.816383502802207,14.311357498168947,2024-12-20T00:45:00Z,4,4,4,4,4,4,1,0,4,4,-0.20798703189442141,-1.9295085367542526,,,,,,,,,21.399999618530273,0.550000011920929,132.8000030517578,PS_039,,142.78184476739136,1.9580135489808381
23.552145279477454,14.311357498168947,2024-12-20T01:00:00Z,3,3,3,3,3,3,1,0,3,3,0.41366183662305794,-2.8501088800295076,,,,,,,,,21.69304771418965,0.8501089038583801,132.8000030517578,PS_039,,134.14601273214348,1.52064285420791
23.599786301082222,14.311357498168945,2024-12-20T01:15:00Z,4,4,4,4,4,4,1,0,4,4,0.020484537645212218,-2.300369288673009,,,,,,,,,21.700000762939453,0.41660252052994545,132.8000030517578,PS_039,,94.97987471512523,1.6327807822944937
23.5,14.311357498168947,2024-12-20T01:30:00Z,4,4,4,4,4,4,1,0,4,4,0.47594828000540296,-2.6165866065335788,,,,,,,,,21.687710584519756,0.2598592084369666,132.8000030517578,PS_039,,195.36127789592172,1.4033280002908972
22.948305549514046,14.31221850815396,2024-12-20T01:45:00Z,3,3,3,3,3,3,1,0,3,3,0.005225076999318409,-2.549999952316284,,,,,,,,,21.111520772901933,-0.3500000238418579,132.8000030517578,PS_039,,91.30228208882922,0.7273967419922344
22.75619400169194,14.316704750061035,2024-12-20T02:00:00Z,4,4,4,4,4,4,1,0,4,4,0.13495738957585432,-2.3367651384341093,,,,,,,,,20.710028503239737,0.5846471868267116,132.8000030517578,PS_039,,85.59441444183808,1.0856772038584066
23.009404185823133,14.311357498168945,2024-12-20T02:15:00Z,4,4,4,4,4,4,1,0,4,4,-0.2001839427030795,-2.0122167301675296,,,,,,,,,20.605843255727912,0.3315512070411461,132.8000030517578,PS_039,,98.2971243152061,0.2750553510750307
22.729901142780136,14.315905321173277,2024-12-20T02:30:00Z,3,3,3,3,3,3,1,0,3,3,-0.39503235056842273,-2.3340695182183473,,,,,,,,,20.346942847260365,0.6282390544688448,132.8000030517578,PS_039,,35.57802443234296,2.1077965443058573
22.652331336303256,14.312905205887192,2024-12-20T02:45:00Z,4,4,4,4,4,4,1,0,4,4,-0.3743785816035573,-2.6381842641053135,,,,,,,,,20.339162092885577,0.09155076308640145,132.8000030517578,PS_039,,63.35990891215648,2.365607133829978
22.3617187862442,14.312777725081371,2024-12-20T03:00:00Z,4,4,4,4,4,4,1,0,4,4,0.042218011404989264,-2.3083015764185917,,,,,,,,,19.729685367197504,0.2111691296258405,132.8000030517578,PS_039,,101.2267629545667,0.6060160475240949
22.06883172729257,14.315871420014822,2024-12-20T03:15:00Z,3,3,3,3,3,3,1,0,3,3,-0.5298707640403199,-2.4031342734696346,,,,,,,,,19.251158272110374,0.550000011920929,132.8000030517578,PS_039,,97.59292732970353,1.0409682224639012
21.931182786064873,14.315952367225677,2024-12-20T03:30:00Z,4,4,4,4,4,4,1,0,4,4,-0.20259400757042417,-2.372474896786341,,,,,,,,,19.457788733139996,0.6968346996789747,132.8000030517578,PS_039,,93.49105910570444,1.1120896151338895
22.02121329285437,14.31409383823152,2024-12-20T03:45:00Z,4,4,4,4,4,4,1,0,4,4,-0.2745561117172413,-2.0999999046325684,,,,,,,,,19.5,0.0516582789853201,132.8000030517578,PS_039,,98.72158213253057,1.47271781506105
21.899999618530273,14.313306922619047,2024-12-20T04:00:00Z,3,3,3,3,3,3,1,0,3,3,-0.3468031964698511,-2.099999904632569,,,,,,,,,19.450058582334147,0.45095308423571656,132.8000030517578,PS_039,,69.37548716778188,0.9212835734614454
21.97412732472973,14.314157082298676,2024-12-20T04:15:00Z,4,4,4,4,4,4,1,0,4,4,0.15097487703830553,-2.2452725518460257,,,,,,,,,19.470944410239163,0.31039106392001686,132.8000030517578,PS_039,,63.29427875970043,0.605897315108618
21.86674288999053,14.313358460007604,2024-12-20T04:30:00Z,4,4,4,4,4,4,1,0,4,4,0.018391697212959027,-2.144621168801706,,,,,,,,,19.47782870667942,0.1758657505944552,132.8000030517578,PS_039,,23.58828263462433,-0.012101339833493043
21.99164259300933,14.315545917282302,2024-12-20T04:45:00Z,3,3,3,3,3,3,1,0,3,3,-0.07320755738082647,-2.779524786067826,,,,,,,,,19.5511948286416,0.550000011920929,132.8000030517578,PS_039,,136.6543894453845,0.37994268634728184
21.95524598923688,14.314032926104183,2024-12-20T05:00:00Z,4,4,4,4,4,4,1,0,4,4,-0.0832500561956441,-2.325151575570765,,,,,,,,,20.200067207581817,0.8260912971759745,132.8000030517578,PS_039,,181.47582823628738,0.4456660391444202
21.415963854753024,14.31342446368867,2024-12-20T05:15:00Z,3,3,3,3,3,3,1,0,3,3,-0.14999999105930326,-2.0526102618187525,,,,,,,,,19.799999237060547,0.22078074667055586,132.8000030517578,PS_039,,229.80559398085265,-0.026804999135768993
21.533774299832515,14.31338263306284,2024-12-20T05:30:00Z,4,4,4,4,4,4,1,0,4,4,0.15782549582832636,-1.9648462019164348,,,,,,,,,19.84739091609961,0.7730793018358372,132.8000030517578,PS_039,,118.00511299618732,-0.036000002175569534
21.899999618530273,14.315883050197163,2024-12-20T05:45:00Z,4,4,4,4,4,4,1,0,4,4,-0.17832152895191825,-2.4083105178734443,,,,,,,,,19.959440358471404,0.9011690477191902,132.8000030517578,PS_039,,76.0264450589148,0.1819717426711716
21.899999618530277,14.316704750061035,2024-12-20T06:00:00Z,3,3,3,3,3,3,1,0,3,3,-0.3550016131078301,-2.631913169001448,,,,,,,,,19.742868245039027,-0.2845733942274863,132.8000030517578,PS_039,,58.42878287502915,0.8873132703208142
22.020438337684602,14.316704750061035,2024-12-20T06:15:00Z,4,4,4,4,4,4,1,0,4,4,0.08655980886128455,-1.9167177543148484,,,,,,,,,20.063695366150426,0.44627984810924076,132.8000030517578,PS_039,,12.462801582841237,1.4139113987978122
21.443151600894453,14.316704750061035,2024-12-20T06:30:00Z,4,4,4,4,4,4,1,0,4,4,-0.19304328284488875,-2.2849464405678748,,,,,,,,,20.058950137650793,0.26095213893961783,132.8000030517578,PS_039,,10.281948809398955,1.3983312386381845
21.270654157693663,14.316704750061037,2024-12-20T06:45:00Z,3,3,3,3,3,3,1,0,3,3,-0.33040563512711807,-2.5603846569422397,,,,,,,,,19.54401775897937,0.05000000074505805,132.8000030517578,PS_039,,23.34911780864616,1.4538202488284415
21.27383392307271,14.316005183434443,2024-12-20T07:00:00Z,4,4,4,4,4,4,1,0,4,4,-0.41076754148660705,-2.491892131504458,,,,,,,,,19.5,0.3265182499865463,132.8000030517578,PS_039,,14.241826443019695,1.4218454792342299
21.433942288226298,14.316704750061037,2024-12-20T07:15:00Z,4,4,4,4,4,4,1,0,4,4,-0.48039328700524275,-2.1418386456780887,,,,,,,,,19.5,0.09510601459711247,132.8000030517578,PS_039,,26.439328997195624,0.9191754642326362
21.55087745233299,14.316704750061037,2024-12-20T07:30:00Z,3,3,3,3,3,3,1,0,3,3,0.1574610609965315,-2.2453600811414685,,,,,,,,,19.545903094592454,0.20837659274955886,132.8000030517578,PS_039,,21.785083067184843,0.8270972565290027
21.85848990654384,14.316704750061033,2024-12-20T07:45:00Z,4,4,4,4,4,4,1,0,4,4,0.15876685663021134,-2.0999999046325684,,,,,,,,,19.80556741596351,0.5521248897694035,132.8000030517578,PS_039,,40.941542057297816,1.3323999182318882
22.11680793223466,14.316704750061035,2024-12-20T08:00:00Z,10,10,10,10,10,10,1,0,10,10,0.0102513644869164,-2.146269998265876,,,,,,,,,20.251455436886527,0.6355707156059712,132.8000030517578,PS_039,,56.598000059314984,1.7874131981030643
22.055509922524067,14.316704750061035,2024-12-20T08:15:00Z,14,14,14,14,14,14,1,0,14,14,0.32564616429313675,-2.2097432193066626,,,,,,,,,20.273698004841147,0.7815529314853572,132.8000030517578,PS_039,,33.97538418595124,1.7336435465044928
22.08747415212227,14.316704750061033,2024-12-20T08:30:00Z,15,15,15,15,15,15,1,0,15,15,5.559537040090813,-2.268749618636581,,,,,,,,,20.328835655156308,6.191699391343119,132.8000030517578,PS_039,,34.182423805448735,2.0435252106686415
22.09409239694601,14.316704750061035,2024-12-20T08:45:00Z,16,16,16,16,16,16,1,0,16,16,14.400035167598714,-1.3442958703652186,,,,,,,,,20.22087010494851,15.310481943723264,132.8000030517578,PS_039,,34.28235442768433,2.5065559509595845
22.119749026868472,14.319029796144797,2024-12-20T09:00:00Z,8,8,8,8,8,8,1,0,8,8,36.57297275958183,1.3228690693568759,,,,,,,,,20.640227330911795,37.64052037221713,132.8000030517578,PS_039,,17.52485253358492,1.8834176322082283
22.362270877080412,14.316704750061037,2024-12-20T09:15:00Z,4,4,4,4,4,4,1,0,4,4,54.529756075167796,3.1339278784471865,,,,,,,,,22.2704609975969,63.434567946961074,132.8000030517578,PS_039,,26.261609068006837,1.5065356660837603
22.399999618530273,14.318969139194698,2024-12-20T09:30:00Z,4,4,4,4,4,4,1,0,4,4,66.97473597789322,3.9673704935610306,,,,,,,,,23.110154091224576,92.99877655157758,132.8000030517578,PS_039,,14.648992037811084,0.8396187410762238
23.12893018212677,14.320519746367372,2024-12-20T09:45:00Z,3,3,3,3,3,3,1,0,3,3,281.49462006281425,27.783615809768563,,,,,,,,,31.44843192106687,479.266833146266,132.8000030517578,PS_039,,27.549784495417754,1.9482677569570481
24.020627749643086,14.317422516143541,2024-12-20T10:00:00Z,4,4,4,4,4,4,1,0,4,4,325.1605989059431,31.76272054839387,,,,,,,,,39.475257852325846,621.4066715835885,132.8000030517578,PS_039,,247.92276732855325,2.744209653912677
25.191232487347587,14.31959343038411,2024-12-20T10:15:00Z,4,4,4,4,4,4,1,0,4,4,473.57715211556336,64.66979611416302,,,,,,,,,44.65023787116843,780.469617260778,132.8000030517578,PS_039,,36.91285734475806,2.910078762479622
24.865338211839518,14.32205104827881,2024-12-20T10:30:00Z,3,3,3,3,3,3,1,0,3,3,90.11285603694726,17.86721488723285,,,,,,,,,38.18154644749182,73.74066247654567,132.8000030517578,PS_039,,141.7224132969132,2.89687966578309
24.414035114644086,14.323439704703489,2024-12-20T10:45:00Z,4,4,4,4,4,4,1,0,4,4,176.68733886208508,33.20204719319774,,,,,,,,,29.373754169027773,156.2364150174156,132.8000030517578,PS_039,,19.572434400724244,2.554917857499742
24.61731404630347,14.32205104827881,2024-12-20T11:00:00Z,4,4,4,4,4,4,1,0,4,4,226.96235940324442,44.31528665540237,,,,,,,,,30.479079780451933,183.46830026566968,132.8000030517578,PS_039,,192.44270329879882,1.613535377452248
25.4870963817216,14.323107326734094,2024-12-20T11:15:00Z,3,3,3,3,3,3,1,0,3,3,319.4043780122194,55.06936121644438,,,,,,,,,36.59418750454012,344.0038892331661,132.8000030517578,PS_039,,55.04051699168026,1.7849847655863955
25.735312135703566,14.324424664814607,2024-12-20T11:30:00Z,4,4,4,4,4,4,1,0,4,4,455.9773816701242,51.58490751729753,,,,,,,,,37.87234009462855,580.0492656638236,132.8000030517578,PS_039,,20.200383391732192,2.9205881593669245
27.42816904574762,14.322051048278807,2024-12-20T11:45:00Z,3,3,3,3,3,3,1,0,3,3,740.4589249499289,72.27882598142493,,,,,,,,,49.17613342061095,1006.141050343493,132.8000030517578,PS_039,,153.73604097073718,3.0052563297225747
27.903171830070292,14.322051048278809,2024-12-20T12:00:00Z,2,2,2,2,2,2,1,0,2,2,770.5339323690789,85.82269622847917,,,,,,,,,53.83597631145059,930.963870528856,132.8000030517578,PS_039,,4.656000137329102,2.899564057988455
,,2024-12-20T12:15:00Z,0,0,0,0,0,0,1,0,0,0,,,,,,,,,,,,,132.8000030517578,PS_039,,,
,,2024-12-20T12:30:00Z,0,0,0,0,0,0,1,0,0,0,,,,,,,,,,,,,132.8000030517578,PS_039,,,
,,2024-12-20T12:45:00Z,0,0,0,0,0,0,1,0,0,0,,,,,,,,,,,,,132.8000030517578,PS_039,,,
,,2024-12-20T13:00:00Z,0,0,0,0,0,0,1,0,0,0,,,,,,,,,,,,,132.8000030517578,PS_039,,,
,,2024-12-20T13:15:00Z,0,0,0,0,0,0,1,0,0,0,,,,,,,,,,,,,132.8000030517578,PS_039,,,
,,2024-12-20T13:30:00Z,0,0,0,0,0,0,1,0,0,0,,,,,,,,,,,,,132.8000030517578,PS_039,,,
,,2024-12-20T13:45:00Z,0,0,0,0,0,0,1,0,0,0,,,,,,,,,,,,,132.8000030517578,PS_039,,,
29.70000076293945,14.013279914855959,2024-12-20T14:00:00Z,1,1,1,1,1,1,1,0,1,1,324.1000061035156,29.149999618530277,,,,,,,,,39.0,318.0,132.8000030517578,PS_039,,301.1519775390625,3.0380001068115234
30.25,13.992896556854248,2024-12-20T14:15:00Z,0,0,0,0,0,0,1,0,0,0,705.2000274658203,56.35000133514404,true,true,true,true,true,true,true,true,40.89999961853027,714.0750122070312,132.8000030517578,PS_039,,287.333984375,3.5759999752044678
30.799999237060547,13.972513198852539,2024-12-20T14:30:00Z,1,1,1,1,1,1,1,0,1,1,1086.300048828125,83.55000305175781,,,,,,,,,42.79999923706055,1110.1500244140625,132.8000030517578,PS_039,,273.5159912109375,4.113999843597412
31.600000381469727,14.023973464965819,2024-12-20T14:45:00Z,1,1,1,1,1,1,1,0,1,1,1163.25,93.6500015258789,,,,,,,,,46.29999923706054,1223.199951171875,132.8000030517578,PS_039,,316.87200927734375,4.345999717712402
31.0,13.977190017700195,2024-12-20T15:00:00Z,1,1,1,1,1,1,1,0,1,1,867.3500366210936,66.19999694824219,,,,,,,,,38.70000076293945,886.5000610351562,132.8000030517578,PS_039,,308.78399658203125,5.881999969482422
31.3471630357356,14.063691531464993,2024-12-20T15:15:00Z,4,4,4,4,4,4,1,0,4,4,789.0164147914513,61.05108101460738,,,,,,,,,40.89653094211375,810.8164510057528,132.8000030517578,PS_039,,290.10001854533016,5.690400467862692
31.393647067615174,14.125397578660085,2024-12-20T15:30:00Z,4,4,4,4,4,4,1,0,4,4,1133.0583145280063,84.17849258750701,,,,,,,,,41.946822552737416,1158.0945789660057,132.8000030517578,PS_039,,299.6579578867998,5.7875644537849515
31.799999237060547,14.16138637610328,2024-12-20T15:45:00Z,3,3,3,3,3,3,1,0,3,3,683.7251496780748,54.10958107284588,,,,,,,,,48.0313601926682,715.7333821392523,132.8000030517578,PS_039,,310.3943016623666,6.805779506649691
31.529666587216454,14.185914631373684,2024-12-20T16:00:00Z,4,4,4,4,4,4,1,0,4,4,961.5136261767342,76.03946351015011,,,,,,,,,44.683084955251246,994.8463051225214,132.8000030517578,PS_039,,257.3073536278654,3.8408411459084673
31.99366438346506,14.201366523412059,2024-12-20T16:15:00Z,4,4,4,4,4,4,1,0,4,4,1073.3188583074325,84.26003463395494,,,,,,,,,46.93011178142835,1129.7449750844437,132.8000030517578,PS_039,,299.6688825748485,6.248818766680933
32.099998474121094,14.229623281347585,2024-12-20T16:30:00Z,3,3,3,3,3,3,1,0,3,3,998.6837728805621,77.31323963699968,,,,,,,,,52.118354365524624,1059.0885629102124,132.8000030517578,PS_039,,288.16870092323154,5.021968418398702
31.657885738893082,14.263318150790553,2024-12-20T16:45:00Z,4,4,4,4,4,4,1,0,4,4,713.079371562805,58.138547171008426,,,,,,,,,46.36671947548629,745.7703640918874,132.8000030517578,PS_039,,282.6832967861964,4.19639395236849
30.70816082303654,14.29048669785958,2024-12-20T17:00:00Z,3,3,3,3,3,3,1,0,3,3,342.1523437620452,40.01593366102405,,,,,,,,,38.26063754457526,303.8645376468813,132.8000030517578,PS_039,,291.835102671233,3.5750068584708763
30.032948110169762,14.295985221862791,2024-12-20T17:15:00Z,4,4,4,4,4,4,1,0,4,4,208.42570761064667,29.153884712497348,,,,,,,,,33.160987774422644,174.73394372694824,132.8000030517578,PS_039,,269.39586839519177,3.1604779914129453
29.77530295114726,14.295985221862793,2024-12-20T17:30:00Z,4,4,4,4,4,4,1,0,4,4,269.61919407309693,38.34966971778783,,,,,,,,,31.706489858812077,254.15961374286348,132.8000030517578,PS_039,,265.6139927779607,2.7761613106691176
30.18083950872358,14.295985221862793,2024-12-20T17:45:00Z,3,3,3,3,3,3,1,0,3,3,793.6076418287802,85.66580190131067,,,,,,,,,35.32166117236235,869.6552572704854,132.8000030517578,PS_039,,268.97457037982537,3.957796217608966
28.721528585608198,14.300673485999148,2024-12-20T18:00:00Z,4,4,4,4,4,4,1,0,4,4,324.6347044355488,49.32686327585923,,,,,,,,,37.517980530178555,317.9976891228858,132.8000030517578,PS_039,,114.59048257874832,1.827093568185295
28.092039059685753,14.298401541394337,2024-12-20T18:15:00Z,4,4,4,4,4,4,1,0,4,4,395.9175962269534,57.05352315332359,,,,,,,,,35.32784724702599,382.41801786904995,132.8000030517578,PS_039,,196.42198106164759,3.2546299059917145
27.54440806944354,14.296776760986965,2024-12-20T18:30:00Z,3,3,3,3,3,3,1,0,3,3,195.8866267390006,41.85881015214279,,,,,,,,,31.229742843106415,131.55850311637462,132.8000030517578,PS_039,,250.33950699876803,2.921538635682785
25.385712426611832,14.297439647995084,2024-12-20T18:45:00Z,4,4,4,4,4,4,1,0,4,4,59.1408310445855,11.928318754714523,,,,,,,,,24.616519089506564,33.42935328001896,132.8000030517578,PS_039,,253.4833825016946,2.270711662112085
22.36525864936672,14.295985221862793,2024-12-20T19:00:00Z,4,4,4,4,4,4,1,0,4,4,5.982293103365638,-1.191662168920894,,,,,,,,,21.565395690533755,2.605919764005576,132.8000030517578,PS_039,,276.375013265826,5.368480960132139
19.150239914489205,14.294479181389688,2024-12-20T19:15:00Z,3,3,3,3,3,3,1,0,3,3,4.44927671350909,-1.939054376848614,,,,,,,,,18.750240295958935,3.109092314823314,140.40000915527344,PS_039,,288.2897939820512,11.063746088050587
,,2024-12-20T19:30:00Z,0,0,0,0,0,0,1,0,0,0,,,,,,,,,,,,,146.1999969482422,PS_039,,,
,,2024-12-20T19:45:00Z,0,0,0,0,0,0,1,0,0,0,,,,,,,,,,,,,146.1999969482422,PS_039,,,
,,2024-12-20T20:00:00Z,0,0,0,0,0,0,1,0,0,0,,,,,,,,,,,,,146.1999969482422,PS_039,,,
,,2024-12-20T20:15:00Z,0,0,0,0,0,0,1,0,0,0,,,,,,,,,,,,,146.1999969482422,PS_039,,,
,,2024-12-20T20:30:00Z,0,0,0,0,0,0,1,0,0,0,,,,,,,,,,,,,146.1999969482422,PS_039,,,
,,2024-12-20T20:45:00Z,0,0,0,0,0,0,1,0,0,0,,,,,,,,,,,,,146.1999969482422,PS_039,,,
,,2024-12-20T21:00:00Z,0,0,0,0,0,0,1,0,0,0,,,,,,,,,,,,,146.1999969482422,PS_039,,,
,,2024-12-20T21:15:00Z,0,0,0,0,0,0,1,0,0,0,,,,,,,,,,,,,146.1999969482422,PS_039,,,
,,2024-12-20T21:30:00Z,0,0,0,0,0,0,1,0,0,0,,,,,,,,,,,,,146.1999969482422,PS_039,,,
,,2024-12-20T21:45:00Z,0,0,0,0,0,0,1,0,0,0,,,,,,,,,,,,,146.1999969482422,PS_039,,,
,,2024-12-20T22:00:00Z,0,0,0,0,0,0,1,0,0,0,,,,,,,,,,,,,146.1999969482422,PS_039,,,
,,2024-12-20T22:15:00Z,0,0,0,0,0,0,1,0,0,0,,,,,,,,,,,,,146.1999969482422,PS_039,,,
,,2024-12-20T22:30:00Z,0,0,0,0,0,0,1,0,0,0,,,,,,,,,,,,,146.1999969482422,PS_039,,,
,,2024-12-20T22:45:00Z,0,0,0,0,0,0,1,0,0,0,,,,,,,,,,,,,146.1999969482422,PS_039,,,
,,2024-12-20T23:00:00Z,0,0,0,0,0,0,1,0,0,0,,,,,,,,,,,,,146.1999969482422,PS_039,,,
,,2024-12-20T23:15:00Z,0,0,0,0,0,0,1,0,0,0,,,,,,,,,,,,,146.1999969482422,PS_039,,,
,,2024-12-20T23:30:00Z,0,0,0,0,0,0,1,0,0,0,,,,,,,,,,,,,146.1999969482422,PS_039,,,
,,2024-12-20T23:45:00Z,0,0,0,0,0,0,1,0,0,0,,,,,,,,,,,,,146.1999969482422,PS_039,,,
