ambient_temperature_celsius,battery_voltage,datetime,document_count_ambient_temperature_celsius,document_count_battery_voltage,document_count_ghi_irradiance_wm2,document_count_gri_irradiance_wm2,document_count_panel_temperature_celsius,document_count_poa_irradiance_wm2,document_count_precipitation_accumulated_mm,document_count_tracker_albedo_index,document_count_wind_direction_degrees,document_count_wind_speed_ms,ghi_irradiance_wm2,gri_irradiance_wm2,interpolated_keys_ghi_irradiance_wm2,interpolated_keys_poa_irradiance_wm2,panel_temperature_celsius,poa_irradiance_wm2,precipitation_accumulated_mm,ps_id,tracker_albedo_index,wind_direction_degrees,wind_speed_ms
,,2024-09-30T00:00:00Z,0,0,0,0,0,0,0,0,0,0,,,,,,,,PS_027,,,
,,2024-09-30T00:15:00Z,0,0,0,0,0,0,0,0,0,0,,,,,,,,PS_027,,,
,,2024-09-30T00:30:00Z,0,0,0,0,0,0,0,0,0,0,,,,,,,,PS_027,,,
,,2024-09-30T00:45:00Z,0,0,0,0,0,0,0,0,0,0,,,,,,,,PS_027,,,
,,2024-09-30T01:00:00Z,0,0,0,0,0,0,0,0,0,0,,,,,,,,PS_027,,,
,,2024-09-30T01:15:00Z,0,0,0,0,0,0,0,0,0,0,,,,,,,,PS_027,,,
,,2024-09-30T01:30:00Z,0,0,0,0,0,0,0,0,0,0,,,,,,,,PS_027,,,
,,2024-09-30T01:45:00Z,0,0,0,0,0,0,0,0,0,0,,,,,,,,PS_027,,,
,,2024-09-30T02:00:00Z,0,0,0,0,0,0,0,0,0,0,,,,,,,,PS_027,,,
,,2024-09-30T02:15:00Z,0,0,0,0,0,0,0,0,0,0,,,,,,,,PS_027,,,
,,2024-09-30T02:30:00Z,0,0,0,0,0,0,0,0,0,0,,,,,,,,PS_027,,,
,,2024-09-30T02:45:00Z,0,0,0,0,0,0,0,0,0,0,,,,,,,,PS_027,,,
,,2024-09-30T03:00:00Z,0,0,0,0,0,0,0,0,0,0,,,,,,,,PS_027,,,
,,2024-09-30T03:15:00Z,0,0,0,0,0,0,0,0,0,0,,,,,,,,PS_027,,,
,,2024-09-30T03:30:00Z,0,0,0,0,0,0,0,0,0,0,,,,,,,,PS_027,,,
,,2024-09-30T03:45:00Z,0,0,0,0,0,0,0,0,0,0,,,,,,,,PS_027,,,
,,2024-09-30T04:00:00Z,0,0,0,0,0,0,0,0,0,0,,,,,,,,PS_027,,,
,,2024-09-30T04:15:00Z,0,0,0,0,0,0,0,0,0,0,,,,,,,,PS_027,,,
,,2024-09-30T04:30:00Z,0,0,0,0,0,0,0,0,0,0,,,,,,,,PS_027,,,
,,2024-09-30T04:45:00Z,0,0,0,0,0,0,0,0,0,0,,,,,,,,PS_027,,,
,,2024-09-30T05:00:00Z,0,0,0,0,0,0,0,0,0,0,,,,,,,,PS_027,,,
,,2024-09-30T05:15:00Z,0,0,0,0,0,0,0,0,0,0,,,,,,,,PS_027,,,
,,2024-09-30T05:30:00Z,0,0,0,0,0,0,0,0,0,0,,,,,,,,PS_027,,,
,,2024-09-30T05:45:00Z,0,0,0,0,0,0,0,0,0,0,,,,,,,,PS_027,,,
,,2024-09-30T06:00:00Z,0,0,0,0,0,0,0,0,0,0,,,,,,,,PS_027,,,
,,2024-09-30T06:15:00Z,0,0,0,0,0,0,0,0,0,0,,,,,,,,PS_027,,,
,,2024-09-30T06:30:00Z,0,0,0,0,0,0,0,0,0,0,,,,,,,,PS_027,,,
,,2024-09-30T06:45:00Z,0,0,0,0,0,0,0,0,0,0,,,,,,,,PS_027,,,
,,2024-09-30T07:00:00Z,0,0,0,0,0,0,0,0,0,0,,,,,,,,PS_027,,,
,,2024-09-30T07:15:00Z,0,0,0,0,0,0,0,0,0,0,,,,,,,,PS_027,,,
,,2024-09-30T07:30:00Z,0,0,0,0,0,0,0,0,0,0,,,,,,,,PS_027,,,
,,2024-09-30T07:45:00Z,0,0,0,0,0,0,0,0,0,0,,,,,,,,PS_027,,,
,,2024-09-30T08:00:00Z,0,0,0,0,0,0,0,0,0,0,,,,,,,,PS_027,,,
,,2024-09-30T08:15:00Z,0,0,0,0,0,0,0,0,0,0,,,,,,,,PS_027,,,
,,2024-09-30T08:30:00Z,0,0,0,0,0,0,0,0,0,0,,,,,,,,PS_027,,,
,,2024-09-30T08:45:00Z,0,0,0,0,0,0,0,0,0,0,,,,,,,,PS_027,,,
,,2024-09-30T09:00:00Z,0,0,0,0,0,0,0,0,0,0,,,,,,,,PS_027,,,
,,2024-09-30T09:15:00Z,0,0,0,0,0,0,0,0,0,0,,,,,,,,PS_027,,,
,,2024-09-30T09:30:00Z,0,0,0,0,0,0,0,0,0,0,,,,,,,,PS_027,,,
,,2024-09-30T09:45:00Z,0,0,0,0,0,0,0,0,0,0,,,,,,,,PS_027,,,
,,2024-09-30T10:00:00Z,0,0,0,0,0,0,0,0,0,0,,,,,,,,PS_027,,,
,,2024-09-30T10:15:00Z,0,0,0,0,0,0,0,0,0,0,,,,,,,,PS_027,,,
,,2024-09-30T10:30:00Z,0,0,0,0,0,0,0,0,0,0,,,,,,,,PS_027,,,
,,2024-09-30T10:45:00Z,0,0,0,0,0,0,0,0,0,0,,,,,,,,PS_027,,,
,,2024-09-30T11:00:00Z,0,0,1,0,0,1,0,0,0,0,413.53997802734375,,,,,430.25,,PS_027,,,
,,2024-09-30T11:15:00Z,0,0,3,0,0,3,0,0,0,0,440.1634768661162,,,,,457.2996938349902,,PS_027,,,
,,2024-09-30T11:30:00Z,0,0,3,0,0,3,0,0,0,0,480.7763318930618,,,,,497.403498467988,,PS_027,,,
,,2024-09-30T11:45:00Z,0,0,4,0,0,4,0,0,0,0,534.7857271823522,,,,,552.924604457511,,PS_027,,,
,,2024-09-30T12:00:00Z,0,0,4,0,0,4,0,0,0,0,593.0587694421677,,,,,610.7070099759619,,PS_027,,,
,,2024-09-30T12:15:00Z,0,0,3,0,0,3,0,0,0,0,648.1493963645198,,,,,666.2883234495587,,PS_027,,,
,,2024-09-30T12:30:00Z,0,0,4,0,0,4,0,0,0,0,699.9053117534373,,,,,716.9178940750288,,PS_027,,,
,,2024-09-30T12:45:00Z,0,0,4,0,0,4,0,0,0,0,752.7701105434161,,,,,770.6832412876727,,PS_027,,,
,,2024-09-30T13:00:00Z,0,0,3,0,0,3,0,0,0,0,794.5415717516914,,,,,811.9344513534951,,PS_027,,,
,,2024-09-30T13:15:00Z,0,0,4,0,0,4,0,0,0,0,837.302763007816,,,,,852.9707817516356,,PS_027,,,
,,2024-09-30T13:30:00Z,0,0,3,0,0,3,0,0,0,0,873.2974614073381,,,,,888.5341208735907,,PS_027,,,
,,2024-09-30T13:45:00Z,0,0,4,0,0,4,0,0,0,0,901.8147495457698,,,,,916.3676623021296,,PS_027,,,
,,2024-09-30T14:00:00Z,0,0,4,0,0,4,0,0,0,0,928.2168504901572,,,,,941.5435585662998,,PS_027,,,
,,2024-09-30T14:15:00Z,0,0,3,0,0,3,0,0,0,0,947.7576091390274,,,,,960.540214571838,,PS_027,,,
,,2024-09-30T14:30:00Z,0,0,4,0,0,4,0,0,0,0,961.4906987827703,,,,,973.7887794596436,,PS_027,,,
,,2024-09-30T14:45:00Z,0,0,4,0,0,4,0,0,0,0,976.1825165844546,,,,,986.5497673825222,,PS_027,,,
,,2024-09-30T15:00:00Z,0,0,3,0,0,3,0,0,0,0,975.4123208168863,,,,,984.2008337711252,,PS_027,,,
,,2024-09-30T15:15:00Z,0,0,4,0,0,4,0,0,0,0,982.5411737077801,,,,,990.0553584028054,,PS_027,,,
,,2024-09-30T15:30:00Z,0,0,3,0,0,3,0,0,0,0,960.6870697918517,,,,,967.0878736086928,,PS_027,,,
,,2024-09-30T15:45:00Z,0,0,4,0,0,4,0,0,0,0,974.3603880152519,,,,,979.6086118666534,,PS_027,,,
,,2024-09-30T16:00:00Z,0,0,4,0,0,4,0,0,0,0,870.1883685684965,,,,,874.1705052543252,,PS_027,,,
,,2024-09-30T16:15:00Z,0,0,3,0,0,3,0,0,0,0,960.8311284583662,,,,,964.2132949947306,,PS_027,,,
,,2024-09-30T16:30:00Z,0,0,4,0,0,4,0,0,0,0,589.1166742328406,,,,,590.5247960394033,,PS_027,,,
,,2024-09-30T16:45:00Z,0,0,3,0,0,3,0,0,0,0,702.9696476492938,,,,,704.7270873463096,,PS_027,,,
,,2024-09-30T17:00:00Z,0,0,4,0,0,4,0,0,0,0,927.3878988115149,,,,,927.3605944260484,,PS_027,,,
,,2024-09-30T17:15:00Z,0,0,4,0,0,4,0,0,0,0,870.8321098735403,,,,,869.1433706977363,,PS_027,,,
,,2024-09-30T17:30:00Z,0,0,3,0,0,3,0,0,0,0,830.9991125336167,,,,,828.0401819168947,,PS_027,,,
,,2024-09-30T17:45:00Z,0,0,4,0,0,4,0,0,0,0,788.7474118791611,,,,,784.6326962494927,,PS_027,,,
,,2024-09-30T18:00:00Z,0,0,3,0,0,3,0,0,0,0,716.2976144728049,,,,,711.6953127155941,,PS_027,,,
,,2024-09-30T18:15:00Z,0,0,4,0,0,4,0,0,0,0,679.3521346435905,,,,,674.057158129843,,PS_027,,,
,,2024-09-30T18:30:00Z,0,0,3,0,0,3,0,0,0,0,603.6720301467147,,,,,597.7357089671854,,PS_027,,,
,,2024-09-30T18:45:00Z,0,0,4,0,0,4,0,0,0,0,526.9421774914737,,,,,519.5851901702987,,PS_027,,,
,,2024-09-30T19:00:00Z,0,0,4,0,0,4,0,0,0,0,438.3361982701279,,,,,431.0271787120116,,PS_027,,,
,,2024-09-30T19:15:00Z,0,0,3,0,0,3,0,0,0,0,376.5280656660554,,,,,368.5203424923648,,PS_027,,,
,,2024-09-30T19:30:00Z,0,0,4,0,0,4,0,0,0,0,306.6938903028194,,,,,298.5488489851422,,PS_027,,,
,,2024-09-30T19:45:00Z,0,0,4,0,0,4,0,0,0,0,235.03147468640498,,,,,227.87783151157808,,PS_027,,,
,,2024-09-30T20:00:00Z,0,0,3,0,0,3,0,0,0,0,166.50795331156408,,,,,160.3406668789007,,PS_027,,,
,,2024-09-30T20:15:00Z,0,0,4,0,0,4,0,0,0,0,88.10395825041861,,,,,85.03137192608344,,PS_027,,,
,,2024-09-30T20:30:00Z,0,0,4,0,0,4,0,0,0,0,64.0565869580224,,,,,61.109498013589324,,PS_027,,,
,,2024-09-30T20:45:00Z,0,0,3,0,0,3,0,0,0,0,31.758662689950807,,,,,31.15511589523583,,PS_027,,,
,,2024-09-30T21:00:00Z,0,0,4,0,0,4,0,0,0,0,11.061947721886279,,,,,11.217525426795708,,PS_027,,,
,,2024-09-30T21:15:00Z,0,0,4,0,0,4,0,0,0,0,0.6925441576747949,,,,,0.8953704851896224,,PS_027,,,
,,2024-09-30T21:30:00Z,0,0,4,0,0,4,0,0,0,0,0.0,,,,,0.0,,PS_027,,,
,,2024-09-30T21:45:00Z,0,0,3,0,0,3,0,0,0,0,0.0,,,,,0.0,,PS_027,,,
,,2024-09-30T22:00:00Z,0,0,4,0,0,4,0,0,0,0,0.0,,,,,0.0,,PS_027,,,
,,2024-09-30T22:15:00Z,0,0,4,0,0,4,0,0,0,0,0.0,,,,,0.0,,PS_027,,,
,,2024-09-30T22:30:00Z,0,0,3,0,0,3,0,0,0,0,0.0,,,,,0.0,,PS_027,,,
,,2024-09-30T22:45:00Z,0,0,4,0,0,4,0,0,0,0,0.0,,,,,0.0,,PS_027,,,
,,2024-09-30T23:00:00Z,0,0,4,0,0,4,0,0,0,0,0.0,,,,,0.0,,PS_027,,,
,,2024-09-30T23:15:00Z,0,0,3,0,0,3,0,0,0,0,0.0,,,,,0.0,,PS_027,,,
,,2024-09-30T23:30:00Z,0,0,4,0,0,4,0,0,0,0,0.0,,,,,0.0,,PS_027,,,
,,2024-09-30T23:45:00Z,0,0,4,0,0,4,0,0,0,0,0.0,,,,,0.0,,PS_027,,,
,,2024-10-01T00:00:00Z,0,0,4,0,0,4,0,0,0,0,0.0,,,,,0.0,,PS_027,,,
,,2024-10-01T00:15:00Z,0,0,3,0,0,3,0,0,0,0,0.0,,,,,0.0,,PS_027,,,
,,2024-10-01T00:30:00Z,0,0,4,0,0,4,0,0,0,0,0.0,,,,,0.0,,PS_027,,,
,,2024-10-01T00:45:00Z,0,0,4,0,0,4,0,0,0,0,0.0,,,,,0.0,,PS_027,,,
,,2024-10-01T01:00:00Z,0,0,3,0,0,3,0,0,0,0,0.0,,,,,0.0,,PS_027,,,
,,2024-10-01T01:15:00Z,0,0,4,0,0,4,0,0,0,0,0.0,,,,,0.0,,PS_027,,,
,,2024-10-01T01:30:00Z,0,0,4,0,0,4,0,0,0,0,0.0,,,,,0.0,,PS_027,,,
,,2024-10-01T01:45:00Z,0,0,4,0,0,4,0,0,0,0,0.0,,,,,0.0,,PS_027,,,
,,2024-10-01T02:00:00Z,0,0,3,0,0,3,0,0,0,0,0.0,,,,,0.0,,PS_027,,,
,,2024-10-01T02:15:00Z,0,0,4,0,0,4,0,0,0,0,0.0,,,,,0.0,,PS_027,,,
,,2024-10-01T02:30:00Z,0,0,4,0,0,4,0,0,0,0,0.0,,,,,0.0,,PS_027,,,
,,2024-10-01T02:45:00Z,0,0,4,0,0,4,0,0,0,0,0.0,,,,,0.0,,PS_027,,,
,,2024-10-01T03:00:00Z,0,0,1,0,0,1,0,0,0,0,0.0,,,,,0.0,,PS_027,,,
,,2024-10-01T03:15:00Z,0,0,0,0,0,0,0,0,0,0,,,,,,,,PS_027,,,
,,2024-10-01T03:30:00Z,0,0,0,0,0,0,0,0,0,0,,,,,,,,PS_027,,,
,,2024-10-01T03:45:00Z,0,0,0,0,0,0,0,0,0,0,,,,,,,,PS_027,,,
,,2024-10-01T04:00:00Z,0,0,0,0,0,0,0,0,0,0,,,,,,,,PS_027,,,
,,2024-10-01T04:15:00Z,0,0,0,0,0,0,0,0,0,0,,,,,,,,PS_027,,,
,,2024-10-01T04:30:00Z,0,0,0,0,0,0,0,0,0,0,,,,,,,,PS_027,,,
,,2024-10-01T04:45:00Z,0,0,0,0,0,0,0,0,0,0,,,,,,,,PS_027,,,
,,2024-10-01T05:00:00Z,0,0,0,0,0,0,0,0,0,0,,,,,,,,PS_027,,,
,,2024-10-01T05:15:00Z,0,0,0,0,0,0,0,0,0,0,,,,,,,,PS_027,,,
,,2024-10-01T05:30:00Z,0,0,0,0,0,0,0,0,0,0,,,,,,,,PS_027,,,
,,2024-10-01T05:45:00Z,0,0,0,0,0,0,0,0,0,0,,,,,,,,PS_027,,,
,,2024-10-01T06:00:00Z,0,0,0,0,0,0,0,0,0,0,,,,,,,,PS_027,,,
,,2024-10-01T06:15:00Z,0,0,0,0,0,0,0,0,0,0,,,,,,,,PS_027,,,
,,2024-10-01T06:30:00Z,0,0,0,0,0,0,0,0,0,0,,,,,,,,PS_027,,,
,,2024-10-01T06:45:00Z,0,0,0,0,0,0,0,0,0,0,,,,,,,,PS_027,,,
,,2024-10-01T07:00:00Z,0,0,0,0,0,0,0,0,0,0,,,,,,,,PS_027,,,
,,2024-10-01T07:15:00Z,0,0,0,0,0,0,0,0,0,0,,,,,,,,PS_027,,,
,,2024-10-01T07:30:00Z,0,0,0,0,0,0,0,0,0,0,,,,,,,,PS_027,,,
,,2024-10-01T07:45:00Z,0,0,0,0,0,0,0,0,0,0,,,,,,,,PS_027,,,
,,2024-10-01T08:00:00Z,0,0,0,0,0,0,0,0,0,0,,,,,,,,PS_027,,,
,,2024-10-01T08:15:00Z,0,0,0,0,0,0,0,0,0,0,,,,,,,,PS_027,,,
,,2024-10-01T08:30:00Z,0,0,0,0,0,0,0,0,0,0,,,,,,,,PS_027,,,
,,2024-10-01T08:45:00Z,0,0,0,0,0,0,0,0,0,0,,,,,,,,PS_027,,,
,,2024-10-01T09:00:00Z,0,0,2,0,0,2,0,0,0,0,8.980481117016042,,,,,9.717835764672689,,PS_027,,,
,,2024-10-01T09:15:00Z,0,0,4,0,0,4,0,0,0,0,16.82199972389271,,,,,17.78094166921745,,PS_027,,,
,,2024-10-01T09:30:00Z,0,0,4,0,0,4,0,0,0,0,24.837340677811344,,,,,26.270962501992184,,PS_027,,,
,,2024-10-01T09:45:00Z,0,0,3,0,0,3,0,0,0,0,58.545192387866244,,,,,62.06949595474807,,PS_027,,,
,,2024-10-01T10:00:00Z,0,0,4,0,0,4,0,0,0,0,90.15695486940457,,,,,96.15548741340385,,PS_027,,,
,,2024-10-01T10:15:00Z,0,0,4,0,0,4,0,0,0,0,147.38094226057447,,,,,156.42968591208069,,PS_027,,,
,,2024-10-01T10:30:00Z,0,0,4,0,0,4,0,0,0,0,229.51049825740938,,,,,242.80482415455973,,PS_027,,,
,,2024-10-01T10:45:00Z,0,0,3,0,0,3,0,0,0,0,287.02556353837593,,,,,301.6477365282536,,PS_027,,,
,,2024-10-01T11:00:00Z,0,0,4,0,0,4,0,0,0,0,341.71893708372966,,,,,357.5066803038618,,PS_027,,,
,,2024-10-01T11:15:00Z,0,0,3,0,0,3,0,0,0,0,388.6280185265884,,,,,404.0579992045461,,PS_027,,,
,,2024-10-01T11:30:00Z,0,0,4,0,0,4,0,0,0,0,426.0105652849869,,,,,441.0244007036719,,PS_027,,,
,,2024-10-01T11:45:00Z,0,0,4,0,0,4,0,0,0,0,488.5901610577157,,,,,505.1777592524722,,PS_027,,,
,,2024-10-01T12:00:00Z,0,0,3,0,0,3,0,0,0,0,524.6280676601391,,,,,541.2726257238603,,PS_027,,,
,,2024-10-01T12:15:00Z,0,0,4,0,0,4,0,0,0,0,638.365026414544,,,,,657.0692074129446,,PS_027,,,
,,2024-10-01T12:30:00Z,0,0,3,0,0,3,0,0,0,0,686.8175502987759,,,,,705.5926094621249,,PS_027,,,
,,2024-10-01T12:45:00Z,0,0,4,0,0,4,0,0,0,0,698.0627154202951,,,,,715.6542560965146,,PS_027,,,
,,2024-10-01T13:00:00Z,0,0,4,0,0,4,0,0,0,0,787.405085180465,,,,,806.040414853541,,PS_027,,,
,,2024-10-01T13:15:00Z,0,0,3,0,0,3,0,0,0,0,823.357937606829,,,,,839.9877534072701,,PS_027,,,
,,2024-10-01T13:30:00Z,0,0,4,0,0,4,0,0,0,0,853.029798464761,,,,,868.76785154561,,PS_027,,,
,,2024-10-01T13:45:00Z,0,0,3,0,0,3,0,0,0,0,890.8694491236614,,,,,906.6808677315933,,PS_027,,,
,,2024-10-01T14:00:00Z,0,0,4,0,0,4,0,0,0,0,892.3828744947514,,,,,907.503927928881,,PS_027,,,
,,2024-10-01T14:15:00Z,0,0,4,0,0,4,0,0,0,0,949.3740689779698,,,,,964.4882210643989,,PS_027,,,
,,2024-10-01T14:30:00Z,0,0,3,0,0,3,0,0,0,0,887.9887806570542,,,,,900.3828889096629,,PS_027,,,
,,2024-10-01T14:45:00Z,0,0,4,0,0,4,0,0,0,0,964.0071469972845,,,,,976.3999748405387,,PS_027,,,
,,2024-10-01T15:00:00Z,0,0,3,0,0,3,0,0,0,0,988.6741753226609,,,,,1000.549375642134,,PS_027,,,
,,2024-10-01T15:15:00Z,0,0,4,0,0,4,0,0,0,0,855.8902822063003,,,,,864.5022103966637,,PS_027,,,
,,2024-10-01T15:30:00Z,0,0,3,0,0,3,0,0,0,0,991.1813574867122,,,,,1000.091430632856,,PS_027,,,
,,2024-10-01T15:45:00Z,0,0,4,0,0,4,0,0,0,0,979.8901248638585,,,,,986.8787048010371,,PS_027,,,
,,2024-10-01T16:00:00Z,0,0,4,0,0,4,0,0,0,0,965.9472726395933,,,,,972.7880661535502,,PS_027,,,
,,2024-10-01T16:15:00Z,0,0,3,0,0,3,0,0,0,0,939.2863841576769,,,,,943.6784563832256,,PS_027,,,
,,2024-10-01T16:30:00Z,0,0,4,0,0,4,0,0,0,0,687.8950214770689,,,,,690.4875373578925,,PS_027,,,
,,2024-10-01T16:45:00Z,0,0,3,0,0,3,0,0,0,0,917.2295933152134,,,,,920.9913838868562,,PS_027,,,
,,2024-10-01T17:00:00Z,0,0,4,0,0,4,0,0,0,0,889.2919393758947,,,,,890.2382326138945,,PS_027,,,
,,2024-10-01T17:15:00Z,0,0,4,0,0,4,0,0,0,0,883.1970970897589,,,,,883.4158705219709,,PS_027,,,
,,2024-10-01T17:30:00Z,0,0,3,0,0,3,0,0,0,0,837.4502567354111,,,,,834.9902250725646,,PS_027,,,
,,2024-10-01T17:45:00Z,0,0,4,0,0,4,0,0,0,0,425.1863929711872,,,,,424.1189413612447,,PS_027,,,
,,2024-10-01T18:00:00Z,0,0,3,0,0,3,0,0,0,0,711.9704415214106,,,,,707.5846482178383,,PS_027,,,
,,2024-10-01T18:15:00Z,0,0,4,0,0,4,0,0,0,0,641.8913690220623,,,,,634.8813856885016,,PS_027,,,
,,2024-10-01T18:30:00Z,0,0,3,0,0,3,0,0,0,0,590.0641031390982,,,,,582.8442627297201,,PS_027,,,
,,2024-10-01T18:45:00Z,0,0,4,0,0,4,0,0,0,0,495.88632681884087,,,,,488.1958966344371,,PS_027,,,
,,2024-10-01T19:00:00Z,0,0,4,0,0,4,0,0,0,0,372.89921156600747,,,,,366.566786174923,,PS_027,,,
,,2024-10-01T19:15:00Z,0,0,3,0,0,3,0,0,0,0,327.2541481051441,,,,,319.75358025081533,,PS_027,,,
,,2024-10-01T19:30:00Z,0,0,4,0,0,4,0,0,0,0,171.92439466361893,,,,,167.89041809381968,,PS_027,,,
,,2024-10-01T19:45:00Z,0,0,4,0,0,4,0,0,0,0,188.00439703423066,,,,,182.18074979331186,,PS_027,,,
,,2024-10-01T20:00:00Z,0,0,3,0,0,3,0,0,0,0,137.90562083046203,,,,,133.6942366011018,,PS_027,,,
,,2024-10-01T20:15:00Z,0,0,4,0,0,4,0,0,0,0,114.09789489007655,,,,,108.52345733464557,,PS_027,,,
,,2024-10-01T20:30:00Z,0,0,4,0,0,4,0,0,0,0,81.02398373251366,,,,,77.51942483878896,,PS_027,,,
,,2024-10-01T20:45:00Z,0,0,3,0,0,3,0,0,0,0,37.85046381993052,,,,,37.36623231078746,,PS_027,,,
,,2024-10-01T21:00:00Z,0,0,4,0,0,4,0,0,0,0,16.63812274036602,,,,,16.755573595649167,,PS_027,,,
,,2024-10-01T21:15:00Z,0,0,4,0,0,4,0,0,0,0,5.485717475998152,,,,,5.8274003754921235,,PS_027,,,
,,2024-10-01T21:30:00Z,0,0,3,0,0,3,0,0,0,0,0.0,,,,,0.0,,PS_027,,,
,,2024-10-01T21:45:00Z,0,0,4,0,0,4,0,0,0,0,0.0,,,,,0.0,,PS_027,,,
,,2024-10-01T22:00:00Z,0,0,4,0,0,4,0,0,0,0,0.0,,,,,0.0,,PS_027,,,
,,2024-10-01T22:15:00Z,0,0,4,0,0,4,0,0,0,0,0.0,,,,,0.0,,PS_027,,,
,,2024-10-01T22:30:00Z,0,0,3,0,0,3,0,0,0,0,0.0,,,,,0.0,,PS_027,,,
,,2024-10-01T22:45:00Z,0,0,4,0,0,4,0,0,0,0,0.0,,,,,0.0,,PS_027,,,
,,2024-10-01T23:00:00Z,0,0,4,0,0,4,0,0,0,0,0.0,,,,,0.0,,PS_027,,,
,,2024-10-01T23:15:00Z,0,0,3,0,0,3,0,0,0,0,0.0,,,,,0.0,,PS_027,,,
,,2024-10-01T23:30:00Z,0,0,4,0,0,4,0,0,0,0,0.0,,,,,0.0,,PS_027,,,
,,2024-10-01T23:45:00Z,0,0,4,0,0,4,0,0,0,0,0.0,,,,,0.0,,PS_027,,,
,,2024-10-02T00:00:00Z,0,0,3,0,0,3,0,0,0,0,0.0,,,,,0.0,,PS_027,,,
,,2024-10-02T00:15:00Z,0,0,4,0,0,4,0,0,0,0,0.0,,,,,0.0,,PS_027,,,
,,2024-10-02T00:30:00Z,0,0,4,0,0,4,0,0,0,0,0.0,,,,,0.0,,PS_027,,,
,,2024-10-02T00:45:00Z,0,0,4,0,0,4,0,0,0,0,0.0,,,,,0.0,,PS_027,,,
,,2024-10-02T01:00:00Z,0,0,3,0,0,3,0,0,0,0,0.0,,,,,0.0,,PS_027,,,
,,2024-10-02T01:15:00Z,0,0,4,0,0,4,0,0,0,0,0.0,,,,,0.0,,PS_027,,,
,,2024-10-02T01:30:00Z,0,0,4,0,0,4,0,0,0,0,0.0,,,,,0.0,,PS_027,,,
,,2024-10-02T01:45:00Z,0,0,3,0,0,3,0,0,0,0,0.0,,,,,0.0,,PS_027,,,
,,2024-10-02T02:00:00Z,0,0,4,0,0,4,0,0,0,0,0.0,,,,,0.0,,PS_027,,,
,,2024-10-02T02:15:00Z,0,0,4,0,0,4,0,0,0,0,0.0,,,,,0.0,,PS_027,,,
,,2024-10-02T02:30:00Z,0,0,4,0,0,4,0,0,0,0,0.0,,,,,0.0,,PS_027,,,
,,2024-10-02T02:45:00Z,0,0,3,0,0,3,0,0,0,0,0.0,,,,,0.0,,PS_027,,,
,,2024-10-02T03:00:00Z,0,0,2,0,0,2,0,0,0,0,0.0,,,,,0.0,,PS_027,,,
,,2024-10-02T03:15:00Z,0,0,0,0,0,0,0,0,0,0,,,,,,,,PS_027,,,
,,2024-10-02T03:30:00Z,0,0,0,0,0,0,0,0,0,0,,,,,,,,PS_027,,,
,,2024-10-02T03:45:00Z,0,0,0,0,0,0,0,0,0,0,,,,,,,,PS_027,,,
,,2024-10-02T04:00:00Z,0,0,0,0,0,0,0,0,0,0,,,,,,,,PS_027,,,
,,2024-10-02T04:15:00Z,0,0,0,0,0,0,0,0,0,0,,,,,,,,PS_027,,,
,,2024-10-02T04:30:00Z,0,0,0,0,0,0,0,0,0,0,,,,,,,,PS_027,,,
,,2024-10-02T04:45:00Z,0,0,0,0,0,0,0,0,0,0,,,,,,,,PS_027,,,
,,2024-10-02T05:00:00Z,0,0,0,0,0,0,0,0,0,0,,,,,,,,PS_027,,,
,,2024-10-02T05:15:00Z,0,0,0,0,0,0,0,0,0,0,,,,,,,,PS_027,,,
,,2024-10-02T05:30:00Z,0,0,0,0,0,0,0,0,0,0,,,,,,,,PS_027,,,
,,2024-10-02T05:45:00Z,0,0,0,0,0,0,0,0,0,0,,,,,,,,PS_027,,,
,,2024-10-02T06:00:00Z,0,0,0,0,0,0,0,0,0,0,,,,,,,,PS_027,,,
,,2024-10-02T06:15:00Z,0,0,0,0,0,0,0,0,0,0,,,,,,,,PS_027,,,
,,2024-10-02T06:30:00Z,0,0,0,0,0,0,0,0,0,0,,,,,,,,PS_027,,,
,,2024-10-02T06:45:00Z,0,0,0,0,0,0,0,0,0,0,,,,,,,,PS_027,,,
,,2024-10-02T07:00:00Z,0,0,0,0,0,0,0,0,0,0,,,,,,,,PS_027,,,
,,2024-10-02T07:15:00Z,0,0,0,0,0,0,0,0,0,0,,,,,,,,PS_027,,,
,,2024-10-02T07:30:00Z,0,0,0,0,0,0,0,0,0,0,,,,,,,,PS_027,,,
,,2024-10-02T07:45:00Z,0,0,0,0,0,0,0,0,0,0,,,,,,,,PS_027,,,
,,2024-10-02T08:00:00Z,0,0,0,0,0,0,0,0,0,0,,,,,,,,PS_027,,,
,,2024-10-02T08:15:00Z,0,0,0,0,0,0,0,0,0,0,,,,,,,,PS_027,,,
,,2024-10-02T08:30:00Z,0,0,0,0,0,0,0,0,0,0,,,,,,,,PS_027,,,
,,2024-10-02T08:45:00Z,0,0,0,0,0,0,0,0,0,0,,,,,,,,PS_027,,,
,,2024-10-02T09:00:00Z,0,0,2,0,0,2,0,0,0,0,13.126899549120076,,,,,13.72545461225789,,PS_027,,,
,,2024-10-02T09:15:00Z,0,0,4,0,0,4,0,0,0,0,26.60859492140753,,,,,27.78168897108248,,PS_027,,,
,,2024-10-02T09:30:00Z,0,0,4,0,0,4,0,0,0,0,48.1847717306424,,,,,51.031607810027026,,PS_027,,,
,,2024-10-02T09:45:00Z,0,0,3,0,0,3,0,0,0,0,74.78160229173686,,,,,79.94236841861442,,PS_027,,,
,,2024-10-02T10:00:00Z,0,0,4,0,0,4,0,0,0,0,108.3271633904091,,,,,115.51915446776681,,PS_027,,,
,,2024-10-02T10:15:00Z,0,0,4,0,0,4,0,0,0,0,159.02213741515118,,,,,167.8702912909367,,PS_027,,,
,,2024-10-02T10:30:00Z,0,0,3,0,0,3,0,0,0,0,210.6197122807517,,,,,220.8550790097257,,PS_027,,,
,,2024-10-02T10:45:00Z,0,0,4,0,0,4,0,0,0,0,264.0268704763786,,,,,275.88189457263223,,PS_027,,,
,,2024-10-02T11:00:00Z,0,0,3,0,0,3,0,0,0,0,326.75822523085685,,,,,340.64209687581064,,PS_027,,,
,,2024-10-02T11:15:00Z,0,0,3,0,0,3,0,0,0,0,385.8176892362763,,,,,400.98892859796473,,PS_027,,,
,,2024-10-02T11:30:00Z,0,0,4,0,0,4,0,0,0,0,444.5641533235528,,,,,459.8106009532802,,PS_027,,,
,,2024-10-02T11:45:00Z,0,0,3,0,0,3,0,0,0,0,504.5207466488713,,,,,520.6607011757628,,PS_027,,,
,,2024-10-02T12:00:00Z,0,0,3,0,0,3,0,0,0,0,554.9182551204718,,,,,571.5734990719183,,PS_027,,,
,,2024-10-02T12:15:00Z,0,0,6,0,0,6,0,0,0,0,612.0683986527613,,,,,628.64439531193,,PS_027,,,
,,2024-10-02T12:30:00Z,0,0,3,0,0,3,0,0,0,0,663.8632779818182,,,,,679.7658925132633,,PS_027,,,
,,2024-10-02T12:45:00Z,0,0,7,0,0,7,0,0,0,0,706.7941516705287,,,,,723.7214025659946,,PS_027,,,
,,2024-10-02T13:00:00Z,0,0,5,0,0,5,0,0,0,0,747.9592847367207,,,,,763.8545648342943,,PS_027,,,
,,2024-10-02T13:15:00Z,0,0,7,0,0,7,0,0,0,0,788.8717503665775,,,,,804.1677956806463,,PS_027,,,
,,2024-10-02T13:30:00Z,0,0,5,0,0,5,0,0,0,0,821.9811388518331,,,,,836.5569228014588,,PS_027,,,
,,2024-10-02T13:45:00Z,0,0,5,0,0,5,0,0,0,0,852.7196068096669,,,,,866.319598979668,,PS_027,,,
,,2024-10-02T14:00:00Z,0,0,7,0,0,7,0,0,0,0,869.2238223153023,,,,,882.3033119953817,,PS_027,,,
,,2024-10-02T14:15:00Z,0,0,6,0,0,6,0,0,0,0,894.0332938766696,,,,,905.0454038216525,,PS_027,,,
,,2024-10-02T14:30:00Z,0,0,4,0,0,4,0,0,0,0,894.6381404336844,,,,,904.9352432577085,,PS_027,,,
,,2024-10-02T14:45:00Z,0,0,5,0,0,5,0,0,0,0,922.9922669221016,,,,,932.4657111610557,,PS_027,,,
,,2024-10-02T15:00:00Z,0,0,6,0,0,6,0,0,0,0,920.3864857199493,,,,,929.1777064066397,,PS_027,,,
,,2024-10-02T15:15:00Z,0,0,4,0,0,4,0,0,0,0,942.2065993540509,,,,,947.4581580894186,,PS_027,,,
,,2024-10-02T15:30:00Z,0,0,4,0,0,4,0,0,0,0,558.7765676341688,,,,,561.6595154795075,,PS_027,,,
,,2024-10-02T15:45:00Z,0,0,3,0,0,3,0,0,0,0,855.9326774032725,,,,,858.6524585575265,,PS_027,,,
,,2024-10-02T16:00:00Z,0,0,4,0,0,4,0,0,0,0,492.1021101448562,,,,,496.2212169982097,,PS_027,,,
,,2024-10-02T16:15:00Z,0,0,4,0,0,4,0,0,0,0,539.2301002011051,,,,,542.2759257522096,,PS_027,,,
,,2024-10-02T16:30:00Z,0,0,4,0,0,4,0,0,0,0,437.8464929256064,,,,,439.4519658636221,,PS_027,,,
,,2024-10-02T16:45:00Z,0,0,3,0,0,3,0,0,0,0,491.3067042082061,,,,,491.97239715971097,,PS_027,,,
,,2024-10-02T17:00:00Z,0,0,4,0,0,4,0,0,0,0,790.4774436315766,,,,,789.8260820269664,,PS_027,,,
,,2024-10-02T17:15:00Z,0,0,4,0,0,4,0,0,0,0,541.2695909850056,,,,,539.6310620956424,,PS_027,,,
,,2024-10-02T17:30:00Z,0,0,3,0,0,3,0,0,0,0,711.9200197876224,,,,,708.1544491107427,,PS_027,,,
,,2024-10-02T17:45:00Z,0,0,4,0,0,4,0,0,0,0,648.2427353643777,,,,,643.4316690973159,,PS_027,,,
,,2024-10-02T18:00:00Z,0,0,4,0,0,4,0,0,0,0,601.7569940021095,,,,,595.7284379581638,,PS_027,,,
,,2024-10-02T18:15:00Z,0,0,4,0,0,4,0,0,0,0,536.1346954847579,,,,,529.7298975052975,,PS_027,,,
,,2024-10-02T18:30:00Z,0,0,3,0,0,3,0,0,0,0,484.239395543543,,,,,477.09982674273334,,PS_027,,,
,,2024-10-02T18:45:00Z,0,0,4,0,0,4,0,0,0,0,442.5929930892073,,,,,435.26050164685313,,PS_027,,,
,,2024-10-02T19:00:00Z,0,0,4,0,0,4,0,0,0,0,376.9059611689675,,,,,369.7048895268361,,PS_027,,,
,,2024-10-02T19:15:00Z,0,0,3,0,0,3,0,0,0,0,320.2226668515934,,,,,313.2000168855128,,PS_027,,,
,,2024-10-02T19:30:00Z,0,0,4,0,0,4,0,0,0,0,229.86365955761167,,,,,224.1521442939261,,PS_027,,,
,,2024-10-02T19:45:00Z,0,0,4,0,0,4,0,0,0,0,118.43123473803465,,,,,116.83853001409459,,PS_027,,,
,,2024-10-02T20:00:00Z,0,0,4,0,0,4,0,0,0,0,65.56942812978534,,,,,65.43494978402853,,PS_027,,,
,,2024-10-02T20:15:00Z,0,0,3,0,0,3,0,0,0,0,73.17387778377442,,,,,72.37112390269779,,PS_027,,,
,,2024-10-02T20:30:00Z,0,0,4,0,0,4,0,0,0,0,50.77963505816872,,,,,51.212925857616845,,PS_027,,,
,,2024-10-02T20:45:00Z,0,0,4,0,0,4,0,0,0,0,19.771373815374314,,,,,20.39978073897141,,PS_027,,,
,,2024-10-02T21:00:00Z,0,0,3,0,0,3,0,0,0,0,4.366175407768265,,,,,4.62020792648407,,PS_027,,,
,,2024-10-02T21:15:00Z,0,0,4,0,0,4,0,0,0,0,0.14850109762132396,,,,,0.1495323418403128,,PS_027,,,
,,2024-10-02T21:30:00Z,0,0,4,0,0,4,0,0,0,0,0.0,,,,,0.0,,PS_027,,,
,,2024-10-02T21:45:00Z,0,0,4,0,0,4,0,0,0,0,0.0,,,,,0.0,,PS_027,,,
,,2024-10-02T22:00:00Z,0,0,3,0,0,3,0,0,0,0,0.0,,,,,0.0,,PS_027,,,
,,2024-10-02T22:15:00Z,0,0,4,0,0,4,0,0,0,0,0.0,,,,,0.0,,PS_027,,,
,,2024-10-02T22:30:00Z,0,0,4,0,0,4,0,0,0,0,0.0,,,,,0.0,,PS_027,,,
,,2024-10-02T22:45:00Z,0,0,4,0,0,4,0,0,0,0,0.0,,,,,0.0,,PS_027,,,
,,2024-10-02T23:00:00Z,0,0,3,0,0,3,0,0,0,0,0.0,,,,,0.0,,PS_027,,,
,,2024-10-02T23:15:00Z,0,0,4,0,0,4,0,0,0,0,0.0,,,,,0.0,,PS_027,,,
,,2024-10-02T23:30:00Z,0,0,4,0,0,4,0,0,0,0,0.0,,,,,0.0,,PS_027,,,
,,2024-10-02T23:45:00Z,0,0,3,0,0,3,0,0,0,0,0.0,,,,,0.0,,PS_027,,,
,,2024-10-03T00:00:00Z,0,0,4,0,0,4,0,0,0,0,0.0,,,,,0.0,,PS_027,,,
,,2024-10-03T00:15:00Z,0,0,4,0,0,4,0,0,0,0,0.0,,,,,0.0,,PS_027,,,
,,2024-10-03T00:30:00Z,0,0,4,0,0,4,0,0,0,0,0.0,,,,,0.0,,PS_027,,,
,,2024-10-03T00:45:00Z,0,0,3,0,0,3,0,0,0,0,0.0,,,,,0.0,,PS_027,,,
,,2024-10-03T01:00:00Z,0,0,4,0,0,4,0,0,0,0,0.0,,,,,0.0,,PS_027,,,
,,2024-10-03T01:15:00Z,0,0,4,0,0,4,0,0,0,0,0.0,,,,,0.0,,PS_027,,,
,,2024-10-03T01:30:00Z,0,0,3,0,0,3,0,0,0,0,0.0,,,,,0.0,,PS_027,,,
,,2024-10-03T01:45:00Z,0,0,4,0,0,4,0,0,0,0,0.0,,,,,0.0,,PS_027,,,
,,2024-10-03T02:00:00Z,0,0,4,0,0,4,0,0,0,0,0.0,,,,,0.0,,PS_027,,,
,,2024-10-03T02:15:00Z,0,0,4,0,0,4,0,0,0,0,0.0,,,,,0.0,,PS_027,,,
,,2024-10-03T02:30:00Z,0,0,3,0,0,3,0,0,0,0,0.0,,,,,0.0,,PS_027,,,
,,2024-10-03T02:45:00Z,0,0,4,0,0,4,0,0,0,0,0.0,,,,,0.0,,PS_027,,,
,,2024-10-03T03:00:00Z,0,0,2,0,0,2,0,0,0,0,0.0,,,,,0.0,,PS_027,,,
,,2024-10-03T03:15:00Z,0,0,0,0,0,0,0,0,0,0,,,,,,,,PS_027,,,
,,2024-10-03T03:30:00Z,0,0,0,0,0,0,0,0,0,0,,,,,,,,PS_027,,,
,,2024-10-03T03:45:00Z,0,0,0,0,0,0,0,0,0,0,,,,,,,,PS_027,,,
,,2024-10-03T04:00:00Z,0,0,0,0,0,0,0,0,0,0,,,,,,,,PS_027,,,
,,2024-10-03T04:15:00Z,0,0,0,0,0,0,0,0,0,0,,,,,,,,PS_027,,,
,,2024-10-03T04:30:00Z,0,0,0,0,0,0,0,0,0,0,,,,,,,,PS_027,,,
,,2024-10-03T04:45:00Z,0,0,0,0,0,0,0,0,0,0,,,,,,,,PS_027,,,
,,2024-10-03T05:00:00Z,0,0,0,0,0,0,0,0,0,0,,,,,,,,PS_027,,,
,,2024-10-03T05:15:00Z,0,0,0,0,0,0,0,0,0,0,,,,,,,,PS_027,,,
,,2024-10-03T05:30:00Z,0,0,0,0,0,0,0,0,0,0,,,,,,,,PS_027,,,
,,2024-10-03T05:45:00Z,0,0,0,0,0,0,0,0,0,0,,,,,,,,PS_027,,,
,,2024-10-03T06:00:00Z,0,0,0,0,0,0,0,0,0,0,,,,,,,,PS_027,,,
,,2024-10-03T06:15:00Z,0,0,0,0,0,0,0,0,0,0,,,,,,,,PS_027,,,
,,2024-10-03T06:30:00Z,0,0,0,0,0,0,0,0,0,0,,,,,,,,PS_027,,,
,,2024-10-03T06:45:00Z,0,0,0,0,0,0,0,0,0,0,,,,,,,,PS_027,,,
,,2024-10-03T07:00:00Z,0,0,0,0,0,0,0,0,0,0,,,,,,,,PS_027,,,
,,2024-10-03T07:15:00Z,0,0,0,0,0,0,0,0,0,0,,,,,,,,PS_027,,,
,,2024-10-03T07:30:00Z,0,0,0,0,0,0,0,0,0,0,,,,,,,,PS_027,,,
,,2024-10-03T07:45:00Z,0,0,0,0,0,0,0,0,0,0,,,,,,,,PS_027,,,
,,2024-10-03T08:00:00Z,0,0,0,0,0,0,0,0,0,0,,,,,,,,PS_027,,,
,,2024-10-03T08:15:00Z,0,0,0,0,0,0,0,0,0,0,,,,,,,,PS_027,,,
,,2024-10-03T08:30:00Z,0,0,0,0,0,0,0,0,0,0,,,,,,,,PS_027,,,
,,2024-10-03T08:45:00Z,0,0,0,0,0,0,0,0,0,0,,,,,,,,PS_027,,,
,,2024-10-03T09:00:00Z,0,0,2,0,0,2,0,0,0,0,10.54858547882332,,,,,11.008585516970292,,PS_027,,,
,,2024-10-03T09:15:00Z,0,0,4,0,0,4,0,0,0,0,24.984196054411953,,,,,26.102122102434738,,PS_027,,,
,,2024-10-03T09:30:00Z,0,0,4,0,0,4,0,0,0,0,47.59822323880564,,,,,49.112496456579635,,PS_027,,,
,,2024-10-03T09:45:00Z,0,0,3,0,0,3,0,0,0,0,73.15161520239975,,,,,75.32061873223483,,PS_027,,,
,,2024-10-03T10:00:00Z,0,0,4,0,0,4,0,0,0,0,101.34049920671214,,,,,104.22706390419792,,PS_027,,,
,,2024-10-03T10:15:00Z,0,0,4,0,0,4,0,0,0,0,144.83889871106058,,,,,149.1784376081206,,PS_027,,,
,,2024-10-03T10:30:00Z,0,0,4,0,0,4,0,0,0,0,178.41685907425412,,,,,182.8391361662714,,PS_027,,,
,,2024-10-03T10:45:00Z,0,0,3,0,0,3,0,0,0,0,219.52020553195985,,,,,224.86742321951542,,PS_027,,,
,,2024-10-03T11:00:00Z,0,0,4,0,0,4,0,0,0,0,271.7271461033078,,,,,278.29161613928255,,PS_027,,,
,,2024-10-03T11:15:00Z,0,0,4,0,0,4,0,0,0,0,308.9710412357734,,,,,315.47429956914993,,PS_027,,,
,,2024-10-03T11:30:00Z,0,0,4,0,0,4,0,0,0,0,364.2976976303128,,,,,371.66195641979056,,PS_027,,,
,,2024-10-03T11:45:00Z,0,0,4,0,0,4,0,0,0,0,414.66348370237546,,,,,422.9075440268021,,PS_027,,,
,,2024-10-03T12:00:00Z,0,0,3,0,0,3,0,0,0,0,450.631406687947,,,,,459.0623284030588,,PS_027,,,
,,2024-10-03T12:15:00Z,0,0,4,0,0,4,0,0,0,0,497.64373013821466,,,,,506.18873431352534,,PS_027,,,
,,2024-10-03T12:30:00Z,0,0,4,0,0,4,0,0,0,0,536.6118415004879,,,,,544.5862233426872,,PS_027,,,
,,2024-10-03T12:45:00Z,0,0,4,0,0,4,0,0,0,0,570.6846354944315,,,,,578.977481331652,,PS_027,,,
,,2024-10-03T13:00:00Z,0,0,3,0,0,3,0,0,0,0,611.3014074589793,,,,,619.5843332994151,,PS_027,,,
,,2024-10-03T13:15:00Z,0,0,4,0,0,4,0,0,0,0,672.6070350829156,,,,,681.6072031968853,,PS_027,,,
,,2024-10-03T13:30:00Z,0,0,4,0,0,4,0,0,0,0,698.9155947586515,,,,,707.0529722602879,,PS_027,,,
,,2024-10-03T13:45:00Z,0,0,3,0,0,3,0,0,0,0,730.1817449366441,,,,,738.7004527554776,,PS_027,,,
,,2024-10-03T14:00:00Z,0,0,4,0,0,4,0,0,0,0,755.3868077382,,,,,763.0040739629466,,PS_027,,,
,,2024-10-03T14:15:00Z,0,0,4,0,0,4,0,0,0,0,798.091922175079,,,,,805.5915752845385,,PS_027,,,
,,2024-10-03T14:30:00Z,0,0,4,0,0,4,0,0,0,0,809.3011424746668,,,,,816.0022907790442,,PS_027,,,
,,2024-10-03T14:45:00Z,0,0,3,0,0,3,0,0,0,0,779.5944687060405,,,,,784.1544593405151,,PS_027,,,
,,2024-10-03T15:00:00Z,0,0,4,0,0,4,0,0,0,0,808.9502471433041,,,,,814.2291266047683,,PS_027,,,
,,2024-10-03T15:15:00Z,0,0,4,0,0,4,0,0,0,0,729.0062842627734,,,,,732.305019501764,,PS_027,,,
,,2024-10-03T15:30:00Z,0,0,3,0,0,3,0,0,0,0,634.5845585593997,,,,,637.6002640537558,,PS_027,,,
,,2024-10-03T15:45:00Z,0,0,4,0,0,4,0,0,0,0,733.7321794148324,,,,,735.9968707227182,,PS_027,,,
,,2024-10-03T16:00:00Z,0,0,4,0,0,4,0,0,0,0,643.327568523442,,,,,646.2472470660005,,PS_027,,,
,,2024-10-03T16:15:00Z,0,0,4,0,0,4,0,0,0,0,536.6807833285156,,,,,539.0446768175887,,PS_027,,,
,,2024-10-03T16:30:00Z,0,0,3,0,0,3,0,0,0,0,510.85485349114873,,,,,513.1771717655146,,PS_027,,,
,,2024-10-03T16:45:00Z,0,0,4,0,0,4,0,0,0,0,468.27046807500574,,,,,469.94021299628236,,PS_027,,,
,,2024-10-03T17:00:00Z,0,0,4,0,0,4,0,0,0,0,467.3973498817985,,,,,469.2279422504376,,PS_027,,,
,,2024-10-03T17:15:00Z,0,0,3,0,0,3,0,0,0,0,310.6616013428094,,,,,311.7322678121338,,PS_027,,,
,,2024-10-03T17:30:00Z,0,0,4,0,0,4,0,0,0,0,441.77715773537244,,,,,443.0957803303133,,PS_027,,,
,,2024-10-03T17:45:00Z,0,0,4,0,0,4,0,0,0,0,335.91728688470255,,,,,337.2950111801215,,PS_027,,,
,,2024-10-03T18:00:00Z,0,0,4,0,0,4,0,0,0,0,278.01210996341814,,,,,279.8225844123529,,PS_027,,,
,,2024-10-03T18:15:00Z,0,0,3,0,0,3,0,0,0,0,304.2011777927295,,,,,305.46021230486525,,PS_027,,,
,,2024-10-03T18:30:00Z,0,0,4,0,0,4,0,0,0,0,258.5517850498786,,,,,259.83273488693874,,PS_027,,,
,,2024-10-03T18:45:00Z,0,0,4,0,0,4,0,0,0,0,166.73576205610806,,,,,167.76592104141113,,PS_027,,,
,,2024-10-03T19:00:00Z,0,0,0,0,0,0,0,0,0,0,173.15374228269368,,true,true,,173.87680981979682,,PS_027,,,
,,2024-10-03T19:15:00Z,0,0,3,0,0,3,0,0,0,0,179.5717225092793,,,,,179.9876985981825,,PS_027,,,
,,2024-10-03T19:30:00Z,0,0,4,0,0,4,0,0,0,0,165.40797727356193,,,,,165.23616356412552,,PS_027,,,
,,2024-10-03T19:45:00Z,0,0,4,0,0,4,0,0,0,0,125.6285369577042,,,,,125.68832515686225,,PS_027,,,
,,2024-10-03T20:00:00Z,0,0,4,0,0,4,0,0,0,0,100.64048727819775,,,,,101.19943010497087,,PS_027,,,
,,2024-10-03T20:15:00Z,0,0,3,0,0,3,0,0,0,0,70.42192760385684,,,,,70.49770679962772,,PS_027,,,
,,2024-10-03T20:30:00Z,0,0,4,0,0,4,0,0,0,0,43.459637647175455,,,,,44.22753916819198,,PS_027,,,
,,2024-10-03T20:45:00Z,0,0,4,0,0,4,0,0,0,0,22.50805740091024,,,,,22.90614660711026,,PS_027,,,
,,2024-10-03T21:00:00Z,0,0,3,0,0,3,0,0,0,0,5.157803650092023,,,,,5.57613715959555,,PS_027,,,
,,2024-10-03T21:15:00Z,0,0,4,0,0,4,0,0,0,0,0.25905461246171285,,,,,0.5364877205920557,,PS_027,,,
,,2024-10-03T21:30:00Z,0,0,4,0,0,4,0,0,0,0,0.0,,,,,0.0,,PS_027,,,
,,2024-10-03T21:45:00Z,0,0,4,0,0,4,0,0,0,0,0.0,,,,,0.0,,PS_027,,,
,,2024-10-03T22:00:00Z,0,0,3,0,0,3,0,0,0,0,0.0,,,,,0.0,,PS_027,,,
,,2024-10-03T22:15:00Z,0,0,4,0,0,4,0,0,0,0,0.0,,,,,0.0,,PS_027,,,
,,2024-10-03T22:30:00Z,0,0,4,0,0,4,0,0,0,0,0.0,,,,,0.0,,PS_027,,,
,,2024-10-03T22:45:00Z,0,0,3,0,0,3,0,0,0,0,0.0,,,,,0.0,,PS_027,,,
,,2024-10-03T23:00:00Z,0,0,4,0,0,4,0,0,0,0,0.0,,,,,0.0,,PS_027,,,
,,2024-10-03T23:15:00Z,0,0,4,0,0,4,0,0,0,0,0.0,,,,,0.0,,PS_027,,,
,,2024-10-03T23:30:00Z,0,0,4,0,0,4,0,0,0,0,0.0,,,,,0.0,,PS_027,,,
,,2024-10-03T23:45:00Z,0,0,3,0,0,3,0,0,0,0,0.0,,,,,0.0,,PS_027,,,
,,2024-10-04T00:00:00Z,0,0,4,0,0,4,0,0,0,0,0.0,,,,,0.0,,PS_027,,,
,,2024-10-04T00:15:00Z,0,0,4,0,0,4,0,0,0,0,0.0,,,,,0.0,,PS_027,,,
,,2024-10-04T00:30:00Z,0,0,3,0,0,3,0,0,0,0,0.0,,,,,0.0,,PS_027,,,
,,2024-10-04T00:45:00Z,0,0,4,0,0,4,0,0,0,0,0.0,,,,,0.0,,PS_027,,,
,,2024-10-04T01:00:00Z,0,0,4,0,0,4,0,0,0,0,0.0,,,,,0.0,,PS_027,,,
,,2024-10-04T01:15:00Z,0,0,3,0,0,3,0,0,0,0,0.0,,,,,0.0,,PS_027,,,
,,2024-10-04T01:30:00Z,0,0,0,0,0,0,0,0,0,0,,,,,,,,PS_027,,,
,,2024-10-04T01:45:00Z,0,0,0,0,0,0,0,0,0,0,,,,,,,,PS_027,,,
,,2024-10-04T02:00:00Z,0,0,0,0,0,0,0,0,0,0,,,,,,,,PS_027,,,
,,2024-10-04T02:15:00Z,0,0,0,0,0,0,0,0,0,0,,,,,,,,PS_027,,,
,,2024-10-04T02:30:00Z,0,0,0,0,0,0,0,0,0,0,,,,,,,,PS_027,,,
,,2024-10-04T02:45:00Z,0,0,0,0,0,0,0,0,0,0,,,,,,,,PS_027,,,
,,2024-10-04T03:00:00Z,0,0,0,0,0,0,0,0,0,0,,,,,,,,PS_027,,,
,,2024-10-04T03:15:00Z,0,0,0,0,0,0,0,0,0,0,,,,,,,,PS_027,,,
,,2024-10-04T03:30:00Z,0,0,0,0,0,0,0,0,0,0,,,,,,,,PS_027,,,
,,2024-10-04T03:45:00Z,0,0,0,0,0,0,0,0,0,0,,,,,,,,PS_027,,,
,,2024-10-04T04:00:00Z,0,0,0,0,0,0,0,0,0,0,,,,,,,,PS_027,,,
,,2024-10-04T04:15:00Z,0,0,0,0,0,0,0,0,0,0,,,,,,,,PS_027,,,
,,2024-10-04T04:30:00Z,0,0,0,0,0,0,0,0,0,0,,,,,,,,PS_027,,,
,,2024-10-04T04:45:00Z,0,0,0,0,0,0,0,0,0,0,,,,,,,,PS_027,,,
,,2024-10-04T05:00:00Z,0,0,0,0,0,0,0,0,0,0,,,,,,,,PS_027,,,
,,2024-10-04T05:15:00Z,0,0,0,0,0,0,0,0,0,0,,,,,,,,PS_027,,,
,,2024-10-04T05:30:00Z,0,0,0,0,0,0,0,0,0,0,,,,,,,,PS_027,,,
,,2024-10-04T05:45:00Z,0,0,0,0,0,0,0,0,0,0,,,,,,,,PS_027,,,
,,2024-10-04T06:00:00Z,0,0,0,0,0,0,0,0,0,0,,,,,,,,PS_027,,,
,,2024-10-04T06:15:00Z,0,0,0,0,0,0,0,0,0,0,,,,,,,,PS_027,,,
,,2024-10-04T06:30:00Z,0,0,0,0,0,0,0,0,0,0,,,,,,,,PS_027,,,
,,2024-10-04T06:45:00Z,0,0,0,0,0,0,0,0,0,0,,,,,,,,PS_027,,,
,,2024-10-04T07:00:00Z,0,0,0,0,0,0,0,0,0,0,,,,,,,,PS_027,,,
,,2024-10-04T07:15:00Z,0,0,0,0,0,0,0,0,0,0,,,,,,,,PS_027,,,
,,2024-10-04T07:30:00Z,0,0,0,0,0,0,0,0,0,0,,,,,,,,PS_027,,,
,,2024-10-04T07:45:00Z,0,0,0,0,0,0,0,0,0,0,,,,,,,,PS_027,,,
,,2024-10-04T08:00:00Z,0,0,0,0,0,0,0,0,0,0,,,,,,,,PS_027,,,
,,2024-10-04T08:15:00Z,0,0,0,0,0,0,0,0,0,0,,,,,,,,PS_027,,,
,,2024-10-04T08:30:00Z,0,0,0,0,0,0,0,0,0,0,,,,,,,,PS_027,,,
,,2024-10-04T08:45:00Z,0,0,0,0,0,0,0,0,0,0,,,,,,,,PS_027,,,
,,2024-10-04T09:00:00Z,0,0,0,0,0,0,0,0,0,0,,,,,,,,PS_027,,,
,,2024-10-04T09:15:00Z,0,0,0,0,0,0,0,0,0,0,,,,,,,,PS_027,,,
,,2024-10-04T09:30:00Z,0,0,0,0,0,0,0,0,0,0,,,,,,,,PS_027,,,
,,2024-10-04T09:45:00Z,0,0,0,0,0,0,0,0,0,0,,,,,,,,PS_027,,,
,,2024-10-04T10:00:00Z,0,0,0,0,0,0,0,0,0,0,,,,,,,,PS_027,,,
,,2024-10-04T10:15:00Z,0,0,0,0,0,0,0,0,0,0,,,,,,,,PS_027,,,
,,2024-10-04T10:30:00Z,0,0,0,0,0,0,0,0,0,0,,,,,,,,PS_027,,,
,,2024-10-04T10:45:00Z,0,0,0,0,0,0,0,0,0,0,,,,,,,,PS_027,,,
,,2024-10-04T11:00:00Z,0,0,3,0,0,3,0,0,0,0,288.8397044437362,,,,,296.6874315737104,,PS_027,,,
,,2024-10-04T11:15:00Z,0,0,4,0,0,4,0,0,0,0,365.1193121252621,,,,,375.11124718337066,,PS_027,,,
,,2024-10-04T11:30:00Z,0,0,4,0,0,4,0,0,0,0,415.85144233606843,,,,,426.4491184369929,,PS_027,,,
,,2024-10-04T11:45:00Z,0,0,4,0,0,4,0,0,0,0,490.1250066114118,,,,,501.9749636861331,,PS_027,,,
,,2024-10-04T12:00:00Z,0,0,3,0,0,3,0,0,0,0,530.0763891286898,,,,,541.9645029102453,,PS_027,,,
,,2024-10-04T12:15:00Z,0,0,4,0,0,4,0,0,0,0,538.1911048824495,,,,,549.3710556220067,,PS_027,,,
,,2024-10-04T12:30:00Z,0,0,4,0,0,4,0,0,0,0,445.2049929196412,,,,,451.5542468657079,,PS_027,,,
,,2024-10-04T12:45:00Z,0,0,3,0,0,3,0,0,0,0,545.6215460907406,,,,,553.7843925823385,,PS_027,,,
,,2024-10-04T13:00:00Z,0,0,4,0,0,4,0,0,0,0,471.55679775489756,,,,,476.9234171510469,,PS_027,,,
,,2024-10-04T13:15:00Z,0,0,4,0,0,4,0,0,0,0,402.465569927033,,,,,406.50779921788336,,PS_027,,,
,,2024-10-04T13:30:00Z,0,0,4,0,0,4,0,0,0,0,446.25823489919105,,,,,450.7771946634741,,PS_027,,,
,,2024-10-04T13:45:00Z,0,0,3,0,0,3,0,0,0,0,385.9771241215995,,,,,389.6441367564499,,PS_027,,,
,,2024-10-04T14:00:00Z,0,0,4,0,0,4,0,0,0,0,506.5063029944523,,,,,510.78559577034235,,PS_027,,,
,,2024-10-04T14:15:00Z,0,0,4,0,0,4,0,0,0,0,682.3300594072223,,,,,689.1454832221381,,PS_027,,,
,,2024-10-04T14:30:00Z,0,0,3,0,0,3,0,0,0,0,751.9085997690106,,,,,758.5801174099885,,PS_027,,,
,,2024-10-04T14:45:00Z,0,0,4,0,0,4,0,0,0,0,657.1098606251428,,,,,662.0934395531364,,PS_027,,,
,,2024-10-04T15:00:00Z,0,0,4,0,0,4,0,0,0,0,659.6956141423384,,,,,665.4178844505717,,PS_027,,,
,,2024-10-04T15:15:00Z,0,0,4,0,0,4,0,0,0,0,686.7706785910092,,,,,692.2283253665858,,PS_027,,,
,,2024-10-04T15:30:00Z,0,0,3,0,0,3,0,0,0,0,857.3918723993165,,,,,862.5321513376767,,PS_027,,,
,,2024-10-04T15:45:00Z,0,0,4,0,0,4,0,0,0,0,844.5907952962758,,,,,848.7478935400076,,PS_027,,,
,,2024-10-04T16:00:00Z,0,0,4,0,0,4,0,0,0,0,838.6566265409078,,,,,841.711739490109,,PS_027,,,
,,2024-10-04T16:15:00Z,0,0,3,0,0,3,0,0,0,0,787.6075864947744,,,,,789.7478302099736,,PS_027,,,
,,2024-10-04T16:30:00Z,0,0,4,0,0,4,0,0,0,0,804.2925701869478,,,,,805.5829946729515,,PS_027,,,
,,2024-10-04T16:45:00Z,0,0,4,0,0,4,0,0,0,0,756.3211802152041,,,,,757.2811325616734,,PS_027,,,
,,2024-10-04T17:00:00Z,0,0,4,0,0,4,0,0,0,0,664.584999460853,,,,,665.7263500240107,,PS_027,,,
,,2024-10-04T17:15:00Z,0,0,3,0,0,3,0,0,0,0,657.2603169488007,,,,,657.214097294615,,PS_027,,,
,,2024-10-04T17:30:00Z,0,0,4,0,0,4,0,0,0,0,559.7072989851065,,,,,560.1689272743544,,PS_027,,,
,,2024-10-04T17:45:00Z,0,0,4,0,0,4,0,0,0,0,474.1159958418736,,,,,474.7796954890523,,PS_027,,,
,,2024-10-04T18:00:00Z,0,0,3,0,0,3,0,0,0,0,412.72647888778704,,,,,413.46329583467076,,PS_027,,,
,,2024-10-04T18:15:00Z,0,0,4,0,0,4,0,0,0,0,413.98776101033866,,,,,413.0223638273872,,PS_027,,,
,,2024-10-04T18:30:00Z,0,0,4,0,0,4,0,0,0,0,461.9496604869518,,,,,458.8818278700609,,PS_027,,,
,,2024-10-04T18:45:00Z,0,0,4,0,0,4,0,0,0,0,421.9492543776801,,,,,417.7532916986073,,PS_027,,,
,,2024-10-04T19:00:00Z,0,0,3,0,0,3,0,0,0,0,377.433158054721,,,,,372.12284832614375,,PS_027,,,
,,2024-10-04T19:15:00Z,0,0,4,0,0,4,0,0,0,0,328.6914396939458,,,,,323.4240409817935,,PS_027,,,
,,2024-10-04T19:30:00Z,0,0,4,0,0,4,0,0,0,0,264.33941509205255,,,,,259.7523306533747,,PS_027,,,
,,2024-10-04T19:45:00Z,0,0,3,0,0,3,0,0,0,0,183.49120581774812,,,,,182.02597028032446,,PS_027,,,
,,2024-10-04T20:00:00Z,0,0,4,0,0,4,0,0,0,0,154.51678931304147,,,,,151.74139084807388,,PS_027,,,
,,2024-10-04T20:15:00Z,0,0,4,0,0,4,0,0,0,0,94.69100033476786,,,,,93.76248424824533,,PS_027,,,
,,2024-10-04T20:30:00Z,0,0,4,0,0,4,0,0,0,0,57.838019608890114,,,,,57.845722509785595,,PS_027,,,
,,2024-10-04T20:45:00Z,0,0,3,0,0,3,0,0,0,0,31.442396238602374,,,,,31.073720788358337,,PS_027,,,
,,2024-10-04T21:00:00Z,0,0,4,0,0,4,0,0,0,0,8.407981691079732,,,,,9.451452107027306,,PS_027,,,
,,2024-10-04T21:15:00Z,0,0,4,0,0,4,0,0,0,0,0.293208298717699,,,,,0.9519571162062728,,PS_027,,,
,,2024-10-04T21:30:00Z,0,0,3,0,0,3,0,0,0,0,0.0,,,,,0.0,,PS_027,,,
,,2024-10-04T21:45:00Z,0,0,4,0,0,4,0,0,0,0,0.0,,,,,0.0,,PS_027,,,
,,2024-10-04T22:00:00Z,0,0,4,0,0,4,0,0,0,0,0.0,,,,,0.0,,PS_027,,,
,,2024-10-04T22:15:00Z,0,0,4,0,0,4,0,0,0,0,0.0,,,,,0.0,,PS_027,,,
,,2024-10-04T22:30:00Z,0,0,3,0,0,3,0,0,0,0,0.0,,,,,0.0,,PS_027,,,
,,2024-10-04T22:45:00Z,0,0,4,0,0,4,0,0,0,0,0.0,,,,,0.0,,PS_027,,,
,,2024-10-04T23:00:00Z,0,0,4,0,0,4,0,0,0,0,0.0,,,,,0.0,,PS_027,,,
,,2024-10-04T23:15:00Z,0,0,3,0,0,3,0,0,0,0,0.0,,,,,0.0,,PS_027,,,
,,2024-10-04T23:30:00Z,0,0,4,0,0,4,0,0,0,0,0.0,,,,,0.0,,PS_027,,,
,,2024-10-04T23:45:00Z,0,0,4,0,0,4,0,0,0,0,0.0,,,,,0.0,,PS_027,,,
,,2024-10-05T00:00:00Z,0,0,4,0,0,4,0,0,0,0,0.0,,,,,0.0,,PS_027,,,
,,2024-10-05T00:15:00Z,0,0,3,0,0,3,0,0,0,0,0.0,,,,,0.0,,PS_027,,,
,,2024-10-05T00:30:00Z,0,0,4,0,0,4,0,0,0,0,0.0,,,,,0.0,,PS_027,,,
,,2024-10-05T00:45:00Z,0,0,4,0,0,4,0,0,0,0,0.0,,,,,0.0,,PS_027,,,
,,2024-10-05T01:00:00Z,0,0,3,0,0,3,0,0,0,0,0.0,,,,,0.0,,PS_027,,,
,,2024-10-05T01:15:00Z,0,0,4,0,0,4,0,0,0,0,0.0,,,,,0.0,,PS_027,,,
,,2024-10-05T01:30:00Z,0,0,4,0,0,4,0,0,0,0,0.0,,,,,0.0,,PS_027,,,
,,2024-10-05T01:45:00Z,0,0,4,0,0,4,0,0,0,0,0.0,,,,,0.0,,PS_027,,,
,,2024-10-05T02:00:00Z,0,0,3,0,0,3,0,0,0,0,0.0,,,,,0.0,,PS_027,,,
,,2024-10-05T02:15:00Z,0,0,4,0,0,4,0,0,0,0,0.0,,,,,0.0,,PS_027,,,
,,2024-10-05T02:30:00Z,0,0,4,0,0,4,0,0,0,0,0.0,,,,,0.0,,PS_027,,,
,,2024-10-05T02:45:00Z,0,0,3,0,0,3,0,0,0,0,0.0,,,,,0.0,,PS_027,,,
,,2024-10-05T03:00:00Z,0,0,2,0,0,2,0,0,0,0,0.0,,,,,0.0,,PS_027,,,
,,2024-10-05T03:15:00Z,0,0,0,0,0,0,0,0,0,0,,,,,,,,PS_027,,,
,,2024-10-05T03:30:00Z,0,0,0,0,0,0,0,0,0,0,,,,,,,,PS_027,,,
,,2024-10-05T03:45:00Z,0,0,0,0,0,0,0,0,0,0,,,,,,,,PS_027,,,
,,2024-10-05T04:00:00Z,0,0,0,0,0,0,0,0,0,0,,,,,,,,PS_027,,,
,,2024-10-05T04:15:00Z,0,0,0,0,0,0,0,0,0,0,,,,,,,,PS_027,,,
,,2024-10-05T04:30:00Z,0,0,0,0,0,0,0,0,0,0,,,,,,,,PS_027,,,
,,2024-10-05T04:45:00Z,0,0,0,0,0,0,0,0,0,0,,,,,,,,PS_027,,,
,,2024-10-05T05:00:00Z,0,0,0,0,0,0,0,0,0,0,,,,,,,,PS_027,,,
,,2024-10-05T05:15:00Z,0,0,0,0,0,0,0,0,0,0,,,,,,,,PS_027,,,
,,2024-10-05T05:30:00Z,0,0,0,0,0,0,0,0,0,0,,,,,,,,PS_027,,,
,,2024-10-05T05:45:00Z,0,0,0,0,0,0,0,0,0,0,,,,,,,,PS_027,,,
,,2024-10-05T06:00:00Z,0,0,0,0,0,0,0,0,0,0,,,,,,,,PS_027,,,
,,2024-10-05T06:15:00Z,0,0,0,0,0,0,0,0,0,0,,,,,,,,PS_027,,,
,,2024-10-05T06:30:00Z,0,0,0,0,0,0,0,0,0,0,,,,,,,,PS_027,,,
,,2024-10-05T06:45:00Z,0,0,0,0,0,0,0,0,0,0,,,,,,,,PS_027,,,
,,2024-10-05T07:00:00Z,0,0,0,0,0,0,0,0,0,0,,,,,,,,PS_027,,,
,,2024-10-05T07:15:00Z,0,0,0,0,0,0,0,0,0,0,,,,,,,,PS_027,,,
,,2024-10-05T07:30:00Z,0,0,0,0,0,0,0,0,0,0,,,,,,,,PS_027,,,
,,2024-10-05T07:45:00Z,0,0,0,0,0,0,0,0,0,0,,,,,,,,PS_027,,,
,,2024-10-05T08:00:00Z,0,0,0,0,0,0,0,0,0,0,,,,,,,,PS_027,,,
,,2024-10-05T08:15:00Z,0,0,0,0,0,0,0,0,0,0,,,,,,,,PS_027,,,
,,2024-10-05T08:30:00Z,0,0,0,0,0,0,0,0,0,0,,,,,,,,PS_027,,,
,,2024-10-05T08:45:00Z,0,0,0,0,0,0,0,0,0,0,,,,,,,,PS_027,,,
,,2024-10-05T09:00:00Z,0,0,2,0,0,2,0,0,0,0,16.310971538945434,,,,,17.27896513215143,,PS_027,,,
,,2024-10-05T09:15:00Z,0,0,4,0,0,4,0,0,0,0,28.218886156881382,,,,,29.82453738534063,,PS_027,,,
,,2024-10-05T09:30:00Z,0,0,4,0,0,4,0,0,0,0,50.86734982622891,,,,,57.30496670710728,,PS_027,,,
,,2024-10-05T09:45:00Z,0,0,3,0,0,3,0,0,0,0,91.18531110352188,,,,,101.3373734266783,,PS_027,,,
,,2024-10-05T10:00:00Z,0,0,4,0,0,4,0,0,0,0,146.0160623802534,,,,,159.73501997607443,,PS_027,,,
,,2024-10-05T10:15:00Z,0,0,4,0,0,4,0,0,0,0,208.1404762014728,,,,,222.44751222315276,,PS_027,,,
,,2024-10-05T10:30:00Z,0,0,4,0,0,4,0,0,0,0,270.4818613015466,,,,,285.7461365483083,,PS_027,,,
,,2024-10-05T10:45:00Z,0,0,3,0,0,3,0,0,0,0,335.10335381719864,,,,,351.47042736055744,,PS_027,,,
,,2024-10-05T11:00:00Z,0,0,4,0,0,4,0,0,0,0,392.44618025972653,,,,,409.2880559752438,,PS_027,,,
,,2024-10-05T11:15:00Z,0,0,4,0,0,4,0,0,0,0,465.44956441799394,,,,,483.2441313219364,,PS_027,,,
,,2024-10-05T11:30:00Z,0,0,3,0,0,3,0,0,0,0,525.0690268450667,,,,,543.232882524199,,PS_027,,,
,,2024-10-05T11:45:00Z,0,0,4,0,0,4,0,0,0,0,585.9037524841306,,,,,603.9405754592989,,PS_027,,,
,,2024-10-05T12:00:00Z,0,0,4,0,0,4,0,0,0,0,655.6663621182337,,,,,673.3480991099697,,PS_027,,,
,,2024-10-05T12:15:00Z,0,0,4,0,0,4,0,0,0,0,707.7538702578545,,,,,725.2517040148722,,PS_027,,,
,,2024-10-05T12:30:00Z,0,0,3,0,0,3,0,0,0,0,759.3688736349784,,,,,777.1239126389112,,PS_027,,,
,,2024-10-05T12:45:00Z,0,0,4,0,0,4,0,0,0,0,804.4138517742113,,,,,820.994897611673,,PS_027,,,
,,2024-10-05T13:00:00Z,0,0,4,0,0,4,0,0,0,0,852.9093065418533,,,,,869.0942597643485,,PS_027,,,
,,2024-10-05T13:15:00Z,0,0,3,0,0,3,0,0,0,0,892.6959877016393,,,,,907.881186063701,,PS_027,,,
,,2024-10-05T13:30:00Z,0,0,4,0,0,4,0,0,0,0,928.6358811922971,,,,,942.9693553263959,,PS_027,,,
,,2024-10-05T13:45:00Z,0,0,4,0,0,4,0,0,0,0,956.7531893347833,,,,,970.2778846821719,,PS_027,,,
,,2024-10-05T14:00:00Z,0,0,4,0,0,4,0,0,0,0,985.6034517998222,,,,,998.7603315821946,,PS_027,,,
,,2024-10-05T14:15:00Z,0,0,3,0,0,3,0,0,0,0,1006.164483796724,,,,,1020.6465577130447,,PS_027,,,
,,2024-10-05T14:30:00Z,0,0,4,0,0,4,0,0,0,0,1023.3874394270472,,,,,1034.4548605298612,,PS_027,,,
,,2024-10-05T14:45:00Z,0,0,4,0,0,4,0,0,0,0,1034.2301407335656,,,,,1040.9661820519784,,PS_027,,,
,,2024-10-05T15:00:00Z,0,0,3,0,0,3,0,0,0,0,1043.7574207805694,,,,,1052.4440352030008,,PS_027,,,
,,2024-10-05T15:15:00Z,0,0,4,0,0,4,0,0,0,0,1039.9131137009913,,,,,1046.0227508368753,,PS_027,,,
,,2024-10-05T15:30:00Z,0,0,4,0,0,4,0,0,0,0,1033.1631822527509,,,,,1039.9048016625318,,PS_027,,,
,,2024-10-05T15:45:00Z,0,0,4,0,0,4,0,0,0,0,1021.8196421488443,,,,,1026.9598548021345,,PS_027,,,
,,2024-10-05T16:00:00Z,0,0,3,0,0,3,0,0,0,0,1008.5526974330726,,,,,1013.6499633789062,,PS_027,,,
,,2024-10-05T16:15:00Z,0,0,4,0,0,4,0,0,0,0,983.3685401828667,,,,,985.9208235402212,,PS_027,,,
,,2024-10-05T16:30:00Z,0,0,4,0,0,4,0,0,0,0,966.0175857740508,,,,,967.069364500856,,PS_027,,,
,,2024-10-05T16:45:00Z,0,0,3,0,0,3,0,0,0,0,935.544222118532,,,,,934.9148411100084,,PS_027,,,
,,2024-10-05T17:00:00Z,0,0,4,0,0,4,0,0,0,0,745.9702040921984,,,,,744.540995302052,,PS_027,,,
,,2024-10-05T17:15:00Z,0,0,4,0,0,4,0,0,0,0,859.3414690835122,,,,,856.1085194817564,,PS_027,,,
,,2024-10-05T17:30:00Z,0,0,4,0,0,4,0,0,0,0,818.8777400354633,,,,,813.6376631425352,,PS_027,,,
,,2024-10-05T17:45:00Z,0,0,3,0,0,3,0,0,0,0,758.3673303121883,,,,,753.6736168985861,,PS_027,,,
,,2024-10-05T18:00:00Z,0,0,4,0,0,4,0,0,0,0,694.9469999163115,,,,,688.2876395816459,,PS_027,,,
,,2024-10-05T18:15:00Z,0,0,4,0,0,4,0,0,0,0,649.9193686712401,,,,,642.7338523203306,,PS_027,,,
,,2024-10-05T18:30:00Z,0,0,3,0,0,3,0,0,0,0,600.5453070633299,,,,,592.5576242663836,,PS_027,,,
,,2024-10-05T18:45:00Z,0,0,4,0,0,4,0,0,0,0,533.81709248312,,,,,525.0881587710599,,PS_027,,,
,,2024-10-05T19:00:00Z,0,0,4,0,0,4,0,0,0,0,474.26428820432704,,,,,464.2973851688941,,PS_027,,,
,,2024-10-05T19:15:00Z,0,0,4,0,0,4,0,0,0,0,408.83377508326646,,,,,398.3532308696724,,PS_027,,,
,,2024-10-05T19:30:00Z,0,0,3,0,0,3,0,0,0,0,344.26923990830386,,,,,333.10177357589964,,PS_027,,,
,,2024-10-05T19:45:00Z,0,0,4,0,0,4,0,0,0,0,274.2811073795399,,,,,263.78855545955633,,PS_027,,,
,,2024-10-05T20:00:00Z,0,0,4,0,0,4,0,0,0,0,205.51862485202565,,,,,195.62971101140457,,PS_027,,,
,,2024-10-05T20:15:00Z,0,0,3,0,0,3,0,0,0,0,145.04816357838683,,,,,134.9862655669565,,PS_027,,,
,,2024-10-05T20:30:00Z,0,0,4,0,0,4,0,0,0,0,87.56269338377476,,,,,79.62261867984337,,PS_027,,,
,,2024-10-05T20:45:00Z,0,0,4,0,0,4,0,0,0,0,41.71309247678828,,,,,37.69409024956847,,PS_027,,,
,,2024-10-05T21:00:00Z,0,0,4,0,0,4,0,0,0,0,13.910483373351319,,,,,13.903449996574166,,PS_027,,,
,,2024-10-05T21:15:00Z,0,0,3,0,0,3,0,0,0,0,1.1871379505140307,,,,,1.8515503345876456,,PS_027,,,
,,2024-10-05T21:30:00Z,0,0,4,0,0,4,0,0,0,0,0.0,,,,,0.0,,PS_027,,,
,,2024-10-05T21:45:00Z,0,0,4,0,0,4,0,0,0,0,0.0,,,,,0.0,,PS_027,,,
,,2024-10-05T22:00:00Z,0,0,3,0,0,3,0,0,0,0,0.0,,,,,0.0,,PS_027,,,
,,2024-10-05T22:15:00Z,0,0,4,0,0,4,0,0,0,0,0.0,,,,,0.0,,PS_027,,,
,,2024-10-05T22:30:00Z,0,0,4,0,0,4,0,0,0,0,0.0,,,,,0.0,,PS_027,,,
,,2024-10-05T22:45:00Z,0,0,4,0,0,4,0,0,0,0,0.0,,,,,0.0,,PS_027,,,
,,2024-10-05T23:00:00Z,0,0,3,0,0,3,0,0,0,0,0.0,,,,,0.0,,PS_027,,,
,,2024-10-05T23:15:00Z,0,0,4,0,0,4,0,0,0,0,0.0,,,,,0.0,,PS_027,,,
,,2024-10-05T23:30:00Z,0,0,4,0,0,4,0,0,0,0,0.0,,,,,0.0,,PS_027,,,
,,2024-10-05T23:45:00Z,0,0,3,0,0,3,0,0,0,0,0.0,,,,,0.0,,PS_027,,,
,,2024-10-06T00:00:00Z,0,0,4,0,0,4,0,0,0,0,0.0,,,,,0.0,,PS_027,,,
,,2024-10-06T00:15:00Z,0,0,4,0,0,4,0,0,0,0,0.0,,,,,0.0,,PS_027,,,
,,2024-10-06T00:30:00Z,0,0,4,0,0,4,0,0,0,0,0.0,,,,,0.0,,PS_027,,,
,,2024-10-06T00:45:00Z,0,0,3,0,0,3,0,0,0,0,0.0,,,,,0.0,,PS_027,,,
,,2024-10-06T01:00:00Z,0,0,4,0,0,4,0,0,0,0,0.0,,,,,0.0,,PS_027,,,
,,2024-10-06T01:15:00Z,0,0,4,0,0,4,0,0,0,0,0.0,,,,,0.0,,PS_027,,,
,,2024-10-06T01:30:00Z,0,0,3,0,0,3,0,0,0,0,0.0,,,,,0.0,,PS_027,,,
,,2024-10-06T01:45:00Z,0,0,4,0,0,4,0,0,0,0,0.0,,,,,0.0,,PS_027,,,
,,2024-10-06T02:00:00Z,0,0,4,0,0,4,0,0,0,0,0.0,,,,,0.0,,PS_027,,,
,,2024-10-06T02:15:00Z,0,0,4,0,0,4,0,0,0,0,0.0,,,,,0.0,,PS_027,,,
,,2024-10-06T02:30:00Z,0,0,3,0,0,3,0,0,0,0,0.0,,,,,0.0,,PS_027,,,
,,2024-10-06T02:45:00Z,0,0,4,0,0,4,0,0,0,0,0.0,,,,,0.0,,PS_027,,,
,,2024-10-06T03:00:00Z,0,0,2,0,0,2,0,0,0,0,0.0,,,,,0.0,,PS_027,,,
,,2024-10-06T03:15:00Z,0,0,0,0,0,0,0,0,0,0,,,,,,,,PS_027,,,
,,2024-10-06T03:30:00Z,0,0,0,0,0,0,0,0,0,0,,,,,,,,PS_027,,,
,,2024-10-06T03:45:00Z,0,0,0,0,0,0,0,0,0,0,,,,,,,,PS_027,,,
,,2024-10-06T04:00:00Z,0,0,0,0,0,0,0,0,0,0,,,,,,,,PS_027,,,
,,2024-10-06T04:15:00Z,0,0,0,0,0,0,0,0,0,0,,,,,,,,PS_027,,,
,,2024-10-06T04:30:00Z,0,0,0,0,0,0,0,0,0,0,,,,,,,,PS_027,,,
,,2024-10-06T04:45:00Z,0,0,0,0,0,0,0,0,0,0,,,,,,,,PS_027,,,
,,2024-10-06T05:00:00Z,0,0,0,0,0,0,0,0,0,0,,,,,,,,PS_027,,,
,,2024-10-06T05:15:00Z,0,0,0,0,0,0,0,0,0,0,,,,,,,,PS_027,,,
,,2024-10-06T05:30:00Z,0,0,0,0,0,0,0,0,0,0,,,,,,,,PS_027,,,
,,2024-10-06T05:45:00Z,0,0,0,0,0,0,0,0,0,0,,,,,,,,PS_027,,,
,,2024-10-06T06:00:00Z,0,0,0,0,0,0,0,0,0,0,,,,,,,,PS_027,,,
,,2024-10-06T06:15:00Z,0,0,0,0,0,0,0,0,0,0,,,,,,,,PS_027,,,
,,2024-10-06T06:30:00Z,0,0,0,0,0,0,0,0,0,0,,,,,,,,PS_027,,,
,,2024-10-06T06:45:00Z,0,0,0,0,0,0,0,0,0,0,,,,,,,,PS_027,,,
,,2024-10-06T07:00:00Z,0,0,0,0,0,0,0,0,0,0,,,,,,,,PS_027,,,
,,2024-10-06T07:15:00Z,0,0,0,0,0,0,0,0,0,0,,,,,,,,PS_027,,,
,,2024-10-06T07:30:00Z,0,0,0,0,0,0,0,0,0,0,,,,,,,,PS_027,,,
,,2024-10-06T07:45:00Z,0,0,0,0,0,0,0,0,0,0,,,,,,,,PS_027,,,
,,2024-10-06T08:00:00Z,0,0,0,0,0,0,0,0,0,0,,,,,,,,PS_027,,,
,,2024-10-06T08:15:00Z,0,0,0,0,0,0,0,0,0,0,,,,,,,,PS_027,,,
,,2024-10-06T08:30:00Z,0,0,0,0,0,0,0,0,0,0,,,,,,,,PS_027,,,
,,2024-10-06T08:45:00Z,0,0,0,0,0,0,0,0,0,0,,,,,,,,PS_027,,,
,,2024-10-06T09:00:00Z,0,0,2,0,0,2,0,0,0,0,14.372400929779268,,,,,15.232400986045446,,PS_027,,,
,,2024-10-06T09:15:00Z,0,0,4,0,0,4,0,0,0,0,18.540415355221658,,,,,20.17089367205317,,PS_027,,,
,,2024-10-06T09:30:00Z,0,0,4,0,0,4,0,0,0,0,47.813043757068606,,,,,53.770615522763386,,PS_027,,,
,,2024-10-06T09:45:00Z,0,0,3,0,0,3,0,0,0,0,97.3636316018261,,,,,108.80420753817914,,PS_027,,,
,,2024-10-06T10:00:00Z,0,0,4,0,0,4,0,0,0,0,154.112249441302,,,,,167.8626095809159,,PS_027,,,
,,2024-10-06T10:15:00Z,0,0,3,0,0,3,0,0,0,0,214.82306518175758,,,,,230.51467224906105,,PS_027,,,
,,2024-10-06T10:30:00Z,0,0,1,0,0,1,0,0,0,0,334.2900085449219,,,,,352.0,,PS_027,,,
,,2024-10-06T10:45:00Z,0,0,1,0,0,1,0,0,0,0,280.0400085449219,,,,,293.8999938964844,,PS_027,,,
,,2024-10-06T11:00:00Z,0,0,0,0,0,0,0,0,0,0,,,,,,,,PS_027,,,
,,2024-10-06T11:15:00Z,0,0,0,0,0,0,0,0,0,0,,,,,,,,PS_027,,,
,,2024-10-06T11:30:00Z,0,0,0,0,0,0,0,0,0,0,,,,,,,,PS_027,,,
,,2024-10-06T11:45:00Z,0,0,1,0,0,1,0,0,0,0,585.9400024414062,,,,,603.0499877929688,,PS_027,,,
,,2024-10-06T12:00:00Z,0,0,0,0,0,0,0,0,0,0,640.3900146484375,,true,true,,657.6499938964844,,PS_027,,,
,,2024-10-06T12:15:00Z,0,0,1,0,0,1,0,0,0,0,694.8400268554688,,,,,712.25,,PS_027,,,
,,2024-10-06T12:30:00Z,0,0,0,0,0,0,0,0,0,0,,,,,,,,PS_027,,,
,,2024-10-06T12:45:00Z,0,0,0,0,0,0,0,0,0,0,,,,,,,,PS_027,,,
,,2024-10-06T13:00:00Z,0,0,1,0,0,1,0,0,0,0,831.4400634765625,,,,,846.2999267578125,,PS_027,,,
,,2024-10-06T13:15:00Z,0,0,0,0,0,0,0,0,0,0,,,,,,,,PS_027,,,
,,2024-10-06T13:30:00Z,0,0,0,0,0,0,0,0,0,0,,,,,,,,PS_027,,,
,,2024-10-06T13:45:00Z,0,0,1,0,0,1,0,0,0,0,948.7900390625,,,,,962.1000366210938,,PS_027,,,
,,2024-10-06T14:00:00Z,0,0,1,0,0,1,0,0,0,0,967.6400756835938,,,,,980.3499755859375,,PS_027,,,
,,2024-10-06T14:15:00Z,0,0,0,0,0,0,0,0,0,0,,,,,,,,PS_027,,,
,,2024-10-06T14:30:00Z,0,0,0,0,0,0,0,0,0,0,,,,,,,,PS_027,,,
,,2024-10-06T14:45:00Z,0,0,1,0,0,1,0,0,0,0,1016.1400146484375,,,,,1024.10009765625,,PS_027,,,
,,2024-10-06T15:00:00Z,0,0,0,0,0,0,0,0,0,0,,,,,,,,PS_027,,,
,,2024-10-06T15:15:00Z,0,0,0,0,0,0,0,0,0,0,,,,,,,,PS_027,,,
,,2024-10-06T15:30:00Z,0,0,1,0,0,1,0,0,0,0,1011.4900512695312,,,,,1014.0499267578125,,PS_027,,,
,,2024-10-06T15:45:00Z,0,0,1,0,0,1,0,0,0,0,995.3400268554688,,,,,998.5499877929688,,PS_027,,,
,,2024-10-06T16:00:00Z,0,0,1,0,0,1,0,0,0,0,978.0400390625,,,,,979.5499267578125,,PS_027,,,
,,2024-10-06T16:15:00Z,0,0,1,0,0,1,0,0,0,0,962.2400512695311,,,,,963.6499633789062,,PS_027,,,
,,2024-10-06T16:30:00Z,0,0,1,0,0,1,0,0,0,0,937.6400146484375,,,,,938.5,,PS_027,,,
,,2024-10-06T16:45:00Z,0,0,0,0,0,0,0,0,0,0,901.8806242353755,,true,true,,901.1414097742056,,PS_027,,,
,,2024-10-06T17:00:00Z,0,0,2,0,0,2,0,0,0,0,866.1212338223135,,,,,863.7828195484112,,PS_027,,,
,,2024-10-06T17:15:00Z,0,0,0,0,0,0,0,0,0,0,825.1252620955663,,true,true,,821.1386437614221,,PS_027,,,
,,2024-10-06T17:30:00Z,0,0,2,0,0,2,0,0,0,0,784.129290368819,,,,,778.4944679744332,,PS_027,,,
,,2024-10-06T17:45:00Z,0,0,0,0,0,0,0,0,0,0,,,,,,,,PS_027,,,
,,2024-10-06T18:00:00Z,0,0,0,0,0,0,0,0,0,0,,,,,,,,PS_027,,,
,,2024-10-06T18:15:00Z,0,0,1,0,0,1,0,0,0,0,593.9900512695312,,,,,585.9999389648438,,PS_027,,,
,,2024-10-06T18:30:00Z,0,0,0,0,0,0,0,0,0,0,540.3150329589844,,true,true,,532.1499633789062,,PS_027,,,
,,2024-10-06T18:45:00Z,0,0,1,0,0,1,0,0,0,0,486.6400146484375,,,,,478.2999877929687,,PS_027,,,
,,2024-10-06T19:00:00Z,0,0,0,0,0,0,0,0,0,0,383.7149963378906,,true,true,,376.22499084472656,,PS_027,,,
,,2024-10-06T19:15:00Z,0,0,1,0,0,1,0,0,0,0,280.78997802734375,,,,,274.1499938964844,,PS_027,,,
,,2024-10-06T19:30:00Z,0,0,0,0,0,0,0,0,0,0,237.3149871826172,,true,true,,231.7249984741211,,PS_027,,,
,,2024-10-06T19:45:00Z,0,0,1,0,0,1,0,0,0,0,193.8399963378906,,,,,189.3000030517578,,PS_027,,,
,,2024-10-06T20:00:00Z,0,0,0,0,0,0,0,0,0,0,151.5149917602539,,true,true,,148.05000686645508,,PS_027,,,
,,2024-10-06T20:15:00Z,0,0,1,0,0,1,0,0,0,0,109.18998718261719,,,,,106.80001068115234,,PS_027,,,
,,2024-10-06T20:30:00Z,0,0,0,0,0,0,0,0,0,0,62.239994049072266,,true,true,,61.47500514984131,,PS_027,,,
,,2024-10-06T20:45:00Z,0,0,1,0,0,1,0,0,0,0,15.290000915527342,,,,,16.149999618530273,,PS_027,,,
,,2024-10-06T21:00:00Z,0,0,1,0,0,1,0,0,0,0,6.039999961853027,,,,,6.849999904632568,,PS_027,,,
,,2024-10-06T21:15:00Z,0,0,0,0,0,0,0,0,0,0,3.0199999809265137,,true,true,,3.424999952316284,,PS_027,,,
,,2024-10-06T21:30:00Z,0,0,1,0,0,1,0,0,0,0,0.0,,,,,0.0,,PS_027,,,
,,2024-10-06T21:45:00Z,0,0,1,0,0,1,0,0,0,0,0.0,,,,,0.0,,PS_027,,,
,,2024-10-06T22:00:00Z,0,0,0,0,0,0,0,0,0,0,0.0,,true,true,,0.0,,PS_027,,,
,,2024-10-06T22:15:00Z,0,0,1,0,0,1,0,0,0,0,0.0,,,,,0.0,,PS_027,,,
,,2024-10-06T22:30:00Z,0,0,2,0,0,2,0,0,0,0,0.0,,,,,0.0,,PS_027,,,
,,2024-10-06T22:45:00Z,0,0,1,0,0,1,0,0,0,0,0.0,,,,,0.0,,PS_027,,,
,,2024-10-06T23:00:00Z,0,0,1,0,0,1,0,0,0,0,0.0,,,,,0.0,,PS_027,,,
,,2024-10-06T23:15:00Z,0,0,0,0,0,0,0,0,0,0,0.0,,true,true,,0.0,,PS_027,,,
,,2024-10-06T23:30:00Z,0,0,1,0,0,1,0,0,0,0,0.0,,,,,0.0,,PS_027,,,
,,2024-10-06T23:45:00Z,0,0,1,0,0,1,0,0,0,0,0.0,,,,,0.0,,PS_027,,,
,,2024-10-07T00:00:00Z,0,0,0,0,0,0,0,0,0,0,0.0,,true,true,,0.0,,PS_027,,,
,,2024-10-07T00:15:00Z,0,0,1,0,0,1,0,0,0,0,0.0,,,,,0.0,,PS_027,,,
,,2024-10-07T00:30:00Z,0,0,1,0,0,1,0,0,0,0,0.0,,,,,0.0,,PS_027,,,
,,2024-10-07T00:45:00Z,0,0,0,0,0,0,0,0,0,0,,,,,,,,PS_027,,,
,,2024-10-07T01:00:00Z,0,0,0,0,0,0,0,0,0,0,,,,,,,,PS_027,,,
,,2024-10-07T01:15:00Z,0,0,0,0,0,0,0,0,0,0,,,,,,,,PS_027,,,
,,2024-10-07T01:30:00Z,0,0,0,0,0,0,0,0,0,0,,,,,,,,PS_027,,,
,,2024-10-07T01:45:00Z,0,0,0,0,0,0,0,0,0,0,,,,,,,,PS_027,,,
,,2024-10-07T02:00:00Z,0,0,0,0,0,0,0,0,0,0,,,,,,,,PS_027,,,
,,2024-10-07T02:15:00Z,0,0,0,0,0,0,0,0,0,0,,,,,,,,PS_027,,,
,,2024-10-07T02:30:00Z,0,0,0,0,0,0,0,0,0,0,,,,,,,,PS_027,,,
,,2024-10-07T02:45:00Z,0,0,1,0,0,1,0,0,0,0,0.0,,,,,0.0,,PS_027,,,
,,2024-10-07T03:00:00Z,0,0,0,0,0,0,0,0,0,0,,,,,,,,PS_027,,,
,,2024-10-07T03:15:00Z,0,0,0,0,0,0,0,0,0,0,,,,,,,,PS_027,,,
,,2024-10-07T03:30:00Z,0,0,0,0,0,0,0,0,0,0,,,,,,,,PS_027,,,
,,2024-10-07T03:45:00Z,0,0,0,0,0,0,0,0,0,0,,,,,,,,PS_027,,,
,,2024-10-07T04:00:00Z,0,0,0,0,0,0,0,0,0,0,,,,,,,,PS_027,,,
,,2024-10-07T04:15:00Z,0,0,0,0,0,0,0,0,0,0,,,,,,,,PS_027,,,
,,2024-10-07T04:30:00Z,0,0,0,0,0,0,0,0,0,0,,,,,,,,PS_027,,,
,,2024-10-07T04:45:00Z,0,0,0,0,0,0,0,0,0,0,,,,,,,,PS_027,,,
,,2024-10-07T05:00:00Z,0,0,0,0,0,0,0,0,0,0,,,,,,,,PS_027,,,
,,2024-10-07T05:15:00Z,0,0,0,0,0,0,0,0,0,0,,,,,,,,PS_027,,,
,,2024-10-07T05:30:00Z,0,0,0,0,0,0,0,0,0,0,,,,,,,,PS_027,,,
,,2024-10-07T05:45:00Z,0,0,0,0,0,0,0,0,0,0,,,,,,,,PS_027,,,
,,2024-10-07T06:00:00Z,0,0,0,0,0,0,0,0,0,0,,,,,,,,PS_027,,,
,,2024-10-07T06:15:00Z,0,0,0,0,0,0,0,0,0,0,,,,,,,,PS_027,,,
,,2024-10-07T06:30:00Z,0,0,0,0,0,0,0,0,0,0,,,,,,,,PS_027,,,
,,2024-10-07T06:45:00Z,0,0,0,0,0,0,0,0,0,0,,,,,,,,PS_027,,,
,,2024-10-07T07:00:00Z,0,0,0,0,0,0,0,0,0,0,,,,,,,,PS_027,,,
,,2024-10-07T07:15:00Z,0,0,0,0,0,0,0,0,0,0,,,,,,,,PS_027,,,
,,2024-10-07T07:30:00Z,0,0,0,0,0,0,0,0,0,0,,,,,,,,PS_027,,,
,,2024-10-07T07:45:00Z,0,0,0,0,0,0,0,0,0,0,,,,,,,,PS_027,,,
,,2024-10-07T08:00:00Z,0,0,0,0,0,0,0,0,0,0,,,,,,,,PS_027,,,
,,2024-10-07T08:15:00Z,0,0,0,0,0,0,0,0,0,0,,,,,,,,PS_027,,,
,,2024-10-07T08:30:00Z,0,0,0,0,0,0,0,0,0,0,,,,,,,,PS_027,,,
,,2024-10-07T08:45:00Z,0,0,0,0,0,0,0,0,0,0,,,,,,,,PS_027,,,
,,2024-10-07T09:00:00Z,0,0,1,0,0,1,0,0,0,0,29.889999389648438,,,,,31.25,,PS_027,,,
,,2024-10-07T09:15:00Z,0,0,0,0,0,0,0,0,0,0,46.064998626708984,,true,true,,48.5,,PS_027,,,
,,2024-10-07T09:30:00Z,0,0,1,0,0,1,0,0,0,0,62.23999786376954,,,,,65.75,,PS_027,,,
,,2024-10-07T09:45:00Z,0,0,0,0,0,0,0,0,0,0,,,,,,,,PS_027,,,
,,2024-10-07T10:00:00Z,0,0,0,0,0,0,0,0,0,0,,,,,,,,PS_027,,,
,,2024-10-07T10:15:00Z,0,0,1,0,0,1,0,0,0,0,178.44000244140628,,,,,187.40000915527347,,PS_027,,,
,,2024-10-07T10:30:00Z,0,0,3,0,0,3,0,0,0,0,244.2620158217793,,,,,255.39136240205946,,PS_027,,,
,,2024-10-07T10:45:00Z,0,0,4,0,0,4,0,0,0,0,297.80911938771294,,,,,309.87538735376273,,PS_027,,,
,,2024-10-07T11:00:00Z,0,0,3,0,0,3,0,0,0,0,360.882214354964,,,,,374.2113864638859,,PS_027,,,
,,2024-10-07T11:15:00Z,0,0,4,0,0,4,0,0,0,0,422.6425419425749,,,,,436.81412703551297,,PS_027,,,
,,2024-10-07T11:30:00Z,0,0,4,0,0,4,0,0,0,0,478.7713641231814,,,,,493.8255339276558,,PS_027,,,
,,2024-10-07T11:45:00Z,0,0,4,0,0,4,0,0,0,0,549.4121374101481,,,,,564.6995353681497,,PS_027,,,
,,2024-10-07T12:00:00Z,0,0,3,0,0,3,0,0,0,0,600.6818815493585,,,,,615.7772791380418,,PS_027,,,
,,2024-10-07T12:15:00Z,0,0,4,0,0,4,0,0,0,0,656.0604743012044,,,,,671.3494720715439,,PS_027,,,
,,2024-10-07T12:30:00Z,0,0,4,0,0,4,0,0,0,0,708.16206946385,,,,,724.0337496511268,,PS_027,,,
,,2024-10-07T12:45:00Z,0,0,3,0,0,3,0,0,0,0,755.8734047021505,,,,,770.7889487349981,,PS_027,,,
,,2024-10-07T13:00:00Z,0,0,4,0,0,4,0,0,0,0,799.2928811843265,,,,,813.9106392470852,,PS_027,,,
,,2024-10-07T13:15:00Z,0,0,4,0,0,4,0,0,0,0,838.2203810820854,,,,,851.7585627960877,,PS_027,,,
,,2024-10-07T13:30:00Z,0,0,4,0,0,4,0,0,0,0,873.7365631140299,,,,,886.9579085311,,PS_027,,,
,,2024-10-07T13:45:00Z,0,0,3,0,0,3,0,0,0,0,901.0360991853057,,,,,913.1910300391418,,PS_027,,,
,,2024-10-07T14:00:00Z,0,0,4,0,0,4,0,0,0,0,939.5856473836666,,,,,950.1954562735135,,PS_027,,,
,,2024-10-07T14:15:00Z,0,0,4,0,0,4,0,0,0,0,965.485578139833,,,,,975.1052316678157,,PS_027,,,
,,2024-10-07T14:30:00Z,0,0,3,0,0,3,0,0,0,0,622.7174486664333,,,,,628.8226131676613,,PS_027,,,
,,2024-10-07T14:45:00Z,0,0,4,0,0,4,0,0,0,0,698.4904282765381,,,,,704.6911296115729,,PS_027,,,
,,2024-10-07T15:00:00Z,0,0,4,0,0,4,0,0,0,0,736.6636462378323,,,,,740.8740847911258,,PS_027,,,
,,2024-10-07T15:15:00Z,0,0,4,0,0,4,0,0,0,0,826.2443237742688,,,,,832.1748210585978,,PS_027,,,
,,2024-10-07T15:30:00Z,0,0,3,0,0,3,0,0,0,0,1006.2887784061423,,,,,1011.0296749091235,,PS_027,,,
,,2024-10-07T15:45:00Z,0,0,4,0,0,4,0,0,0,0,923.0922085628971,,,,,926.5868221049293,,PS_027,,,
,,2024-10-07T16:00:00Z,0,0,4,0,0,4,0,0,0,0,927.8303598115132,,,,,930.4641654654401,,PS_027,,,
,,2024-10-07T16:15:00Z,0,0,3,0,0,3,0,0,0,0,914.2973184273864,,,,,915.0677366545114,,PS_027,,,
,,2024-10-07T16:30:00Z,0,0,4,0,0,4,0,0,0,0,880.6016780521935,,,,,881.451835475313,,PS_027,,,
,,2024-10-07T16:45:00Z,0,0,4,0,0,4,0,0,0,0,846.418705301068,,,,,846.239274364279,,PS_027,,,
,,2024-10-07T17:00:00Z,0,0,3,0,0,3,0,0,0,0,809.3076978001848,,,,,807.8495858274985,,PS_027,,,
,,2024-10-07T17:15:00Z,0,0,4,0,0,4,0,0,0,0,779.6476643816321,,,,,777.5057660284751,,PS_027,,,
,,2024-10-07T17:30:00Z,0,0,4,0,0,4,0,0,0,0,738.7626024838888,,,,,735.240563578329,,PS_027,,,
,,2024-10-07T17:45:00Z,0,0,4,0,0,4,0,0,0,0,683.9776168426123,,,,,679.1766118197006,,PS_027,,,
,,2024-10-07T18:00:00Z,0,0,3,0,0,3,0,0,0,0,635.2436282716408,,,,,630.2109830791522,,PS_027,,,
,,2024-10-07T18:15:00Z,0,0,4,0,0,4,0,0,0,0,580.3752495006463,,,,,574.5833203179732,,PS_027,,,
,,2024-10-07T18:30:00Z,0,0,4,0,0,4,0,0,0,0,522.1086789600356,,,,,515.4365787269963,,PS_027,,,
,,2024-10-07T18:45:00Z,0,0,3,0,0,3,0,0,0,0,463.0941139963719,,,,,456.21533582775123,,PS_027,,,
,,2024-10-07T19:00:00Z,0,0,4,0,0,4,0,0,0,0,393.0123386829669,,,,,386.7293769349708,,PS_027,,,
,,2024-10-07T19:15:00Z,0,0,4,0,0,4,0,0,0,0,333.7169213678529,,,,,327.19395153391736,,PS_027,,,
,,2024-10-07T19:30:00Z,0,0,4,0,0,4,0,0,0,0,271.86528943727683,,,,,265.7809279249644,,PS_027,,,
,,2024-10-07T19:45:00Z,0,0,3,0,0,3,0,0,0,0,208.7667219237826,,,,,203.36168515536437,,PS_027,,,
,,2024-10-07T20:00:00Z,0,0,4,0,0,4,0,0,0,0,151.9754741194895,,,,,147.8804970733493,,PS_027,,,
,,2024-10-07T20:15:00Z,0,0,4,0,0,4,0,0,0,0,74.21883135757437,,,,,72.71998921547755,,PS_027,,,
,,2024-10-07T20:30:00Z,0,0,3,0,0,3,0,0,0,0,30.878101658948594,,,,,31.088098522667043,,PS_027,,,
,,2024-10-07T20:45:00Z,0,0,4,0,0,4,0,0,0,0,20.754931226229523,,,,,21.092934406581517,,PS_027,,,
,,2024-10-07T21:00:00Z,0,0,4,0,0,4,0,0,0,0,10.664833026777448,,,,,10.97209522472556,,PS_027,,,
,,2024-10-07T21:15:00Z,0,0,4,0,0,4,0,0,0,0,0.2519914745722034,,,,,0.6131895331835834,,PS_027,,,
,,2024-10-07T21:30:00Z,0,0,3,0,0,3,0,0,0,0,0.0,,,,,0.0,,PS_027,,,
,,2024-10-07T21:45:00Z,0,0,4,0,0,4,0,0,0,0,0.0,,,,,0.0,,PS_027,,,
,,2024-10-07T22:00:00Z,0,0,4,0,0,4,0,0,0,0,0.0,,,,,0.0,,PS_027,,,
,,2024-10-07T22:15:00Z,0,0,3,0,0,3,0,0,0,0,0.0,,,,,0.0,,PS_027,,,
,,2024-10-07T22:30:00Z,0,0,4,0,0,4,0,0,0,0,0.0,,,,,0.0,,PS_027,,,
,,2024-10-07T22:45:00Z,0,0,4,0,0,4,0,0,0,0,0.0,,,,,0.0,,PS_027,,,
,,2024-10-07T23:00:00Z,0,0,4,0,0,4,0,0,0,0,0.0,,,,,0.0,,PS_027,,,
,,2024-10-07T23:15:00Z,0,0,3,0,0,3,0,0,0,0,0.0,,,,,0.0,,PS_027,,,
,,2024-10-07T23:30:00Z,0,0,4,0,0,4,0,0,0,0,0.0,,,,,0.0,,PS_027,,,
,,2024-10-07T23:45:00Z,0,0,4,0,0,4,0,0,0,0,0.0,,,,,0.0,,PS_027,,,
,,2024-10-08T00:00:00Z,0,0,3,0,0,3,0,0,0,0,0.0,,,,,0.0,,PS_027,,,
,,2024-10-08T00:15:00Z,0,0,4,0,0,4,0,0,0,0,0.0,,,,,0.0,,PS_027,,,
,,2024-10-08T00:30:00Z,0,0,4,0,0,4,0,0,0,0,0.0,,,,,0.0,,PS_027,,,
,,2024-10-08T00:45:00Z,0,0,4,0,0,4,0,0,0,0,0.0,,,,,0.0,,PS_027,,,
,,2024-10-08T01:00:00Z,0,0,3,0,0,3,0,0,0,0,0.0,,,,,0.0,,PS_027,,,
,,2024-10-08T01:15:00Z,0,0,4,0,0,4,0,0,0,0,0.0,,,,,0.0,,PS_027,,,
,,2024-10-08T01:30:00Z,0,0,4,0,0,4,0,0,0,0,0.0,,,,,0.0,,PS_027,,,
,,2024-10-08T01:45:00Z,0,0,3,0,0,3,0,0,0,0,0.0,,,,,0.0,,PS_027,,,
,,2024-10-08T02:00:00Z,0,0,4,0,0,4,0,0,0,0,0.0,,,,,0.0,,PS_027,,,
,,2024-10-08T02:15:00Z,0,0,4,0,0,4,0,0,0,0,0.0,,,,,0.0,,PS_027,,,
,,2024-10-08T02:30:00Z,0,0,4,0,0,4,0,0,0,0,0.0,,,,,0.0,,PS_027,,,
,,2024-10-08T02:45:00Z,0,0,3,0,0,3,0,0,0,0,0.0,,,,,0.0,,PS_027,,,
,,2024-10-08T03:00:00Z,0,0,2,0,0,2,0,0,0,0,0.0,,,,,0.0,,PS_027,,,
,,2024-10-08T03:15:00Z,0,0,0,0,0,0,0,0,0,0,,,,,,,,PS_027,,,
,,2024-10-08T03:30:00Z,0,0,0,0,0,0,0,0,0,0,,,,,,,,PS_027,,,
,,2024-10-08T03:45:00Z,0,0,0,0,0,0,0,0,0,0,,,,,,,,PS_027,,,
,,2024-10-08T04:00:00Z,0,0,0,0,0,0,0,0,0,0,,,,,,,,PS_027,,,
,,2024-10-08T04:15:00Z,0,0,0,0,0,0,0,0,0,0,,,,,,,,PS_027,,,
,,2024-10-08T04:30:00Z,0,0,0,0,0,0,0,0,0,0,,,,,,,,PS_027,,,
,,2024-10-08T04:45:00Z,0,0,0,0,0,0,0,0,0,0,,,,,,,,PS_027,,,
,,2024-10-08T05:00:00Z,0,0,0,0,0,0,0,0,0,0,,,,,,,,PS_027,,,
,,2024-10-08T05:15:00Z,0,0,0,0,0,0,0,0,0,0,,,,,,,,PS_027,,,
,,2024-10-08T05:30:00Z,0,0,0,0,0,0,0,0,0,0,,,,,,,,PS_027,,,
,,2024-10-08T05:45:00Z,0,0,0,0,0,0,0,0,0,0,,,,,,,,PS_027,,,
,,2024-10-08T06:00:00Z,0,0,0,0,0,0,0,0,0,0,,,,,,,,PS_027,,,
,,2024-10-08T06:15:00Z,0,0,0,0,0,0,0,0,0,0,,,,,,,,PS_027,,,
,,2024-10-08T06:30:00Z,0,0,0,0,0,0,0,0,0,0,,,,,,,,PS_027,,,
,,2024-10-08T06:45:00Z,0,0,0,0,0,0,0,0,0,0,,,,,,,,PS_027,,,
,,2024-10-08T07:00:00Z,0,0,0,0,0,0,0,0,0,0,,,,,,,,PS_027,,,
,,2024-10-08T07:15:00Z,0,0,0,0,0,0,0,0,0,0,,,,,,,,PS_027,,,
,,2024-10-08T07:30:00Z,0,0,0,0,0,0,0,0,0,0,,,,,,,,PS_027,,,
,,2024-10-08T07:45:00Z,0,0,0,0,0,0,0,0,0,0,,,,,,,,PS_027,,,
,,2024-10-08T08:00:00Z,0,0,0,0,0,0,0,0,0,0,,,,,,,,PS_027,,,
,,2024-10-08T08:15:00Z,0,0,0,0,0,0,0,0,0,0,,,,,,,,PS_027,,,
,,2024-10-08T08:30:00Z,0,0,0,0,0,0,0,0,0,0,,,,,,,,PS_027,,,
,,2024-10-08T08:45:00Z,0,0,0,0,0,0,0,0,0,0,,,,,,,,PS_027,,,
,,2024-10-08T09:00:00Z,0,0,2,0,0,2,0,0,0,0,24.2211608936968,,,,,25.006259613765472,,PS_027,,,
,,2024-10-08T09:15:00Z,0,0,4,0,0,4,0,0,0,0,43.60716015859505,,,,,44.87900163674273,,PS_027,,,
,,2024-10-08T09:30:00Z,0,0,4,0,0,4,0,0,0,0,66.83527624070679,,,,,69.6748218208151,,PS_027,,,
,,2024-10-08T09:45:00Z,0,0,3,0,0,3,0,0,0,0,90.73563763650576,,,,,94.41085009778602,,PS_027,,,
,,2024-10-08T10:00:00Z,0,0,4,0,0,4,0,0,0,0,123.0646978821371,,,,,128.38190576379682,,PS_027,,,
,,2024-10-08T10:15:00Z,0,0,4,0,0,4,0,0,0,0,164.83826003362108,,,,,171.35416496801824,,PS_027,,,
,,2024-10-08T10:30:00Z,0,0,3,0,0,3,0,0,0,0,217.91863606254978,,,,,225.89504720854694,,PS_027,,,
,,2024-10-08T10:45:00Z,0,0,4,0,0,4,0,0,0,0,265.28113753126763,,,,,274.2580095208456,,PS_027,,,
,,2024-10-08T11:00:00Z,0,0,4,0,0,4,0,0,0,0,265.99343265187713,,,,,273.5578931725345,,PS_027,,,
,,2024-10-08T11:15:00Z,0,0,4,0,0,4,0,0,0,0,363.2453517602096,,,,,374.2708327261528,,PS_027,,,
,,2024-10-08T11:30:00Z,0,0,3,0,0,3,0,0,0,0,416.99401439618043,,,,,428.31574631787555,,PS_027,,,
,,2024-10-08T11:45:00Z,0,0,4,0,0,4,0,0,0,0,473.7957841500731,,,,,486.0675204580782,,PS_027,,,
,,2024-10-08T12:00:00Z,0,0,4,0,0,4,0,0,0,0,482.8388532839597,,,,,494.2900042993145,,PS_027,,,
,,2024-10-08T12:15:00Z,0,0,3,0,0,3,0,0,0,0,539.7687157216548,,,,,551.8375738300019,,PS_027,,,
,,2024-10-08T12:30:00Z,0,0,4,0,0,4,0,0,0,0,647.1332655325389,,,,,660.561187535895,,PS_027,,,
,,2024-10-08T12:45:00Z,0,0,4,0,0,4,0,0,0,0,712.6800403335467,,,,,725.6162767876834,,PS_027,,,
,,2024-10-08T13:00:00Z,0,0,4,0,0,4,0,0,0,0,775.2580383932296,,,,,788.1080090116066,,PS_027,,,
,,2024-10-08T13:15:00Z,0,0,3,0,0,3,0,0,0,0,777.9151924398698,,,,,789.4355920082489,,PS_027,,,
,,2024-10-08T13:30:00Z,0,0,4,0,0,4,0,0,0,0,630.8876215034823,,,,,639.6240121629079,,PS_027,,,
,,2024-10-08T13:45:00Z,0,0,4,0,0,4,0,0,0,0,568.7318770894632,,,,,576.5273927274815,,PS_027,,,
,,2024-10-08T14:00:00Z,0,0,3,0,0,3,0,0,0,0,861.5999283692403,,,,,872.9415612888923,,PS_027,,,
,,2024-10-08T14:15:00Z,0,0,4,0,0,4,0,0,0,0,844.5396941717506,,,,,854.364614634722,,PS_027,,,
,,2024-10-08T14:30:00Z,0,0,4,0,0,4,0,0,0,0,888.8570718732859,,,,,898.0114837986621,,PS_027,,,
,,2024-10-08T14:45:00Z,0,0,4,0,0,4,0,0,0,0,901.3814424140321,,,,,909.7535019957172,,PS_027,,,
,,2024-10-08T15:00:00Z,0,0,3,0,0,3,0,0,0,0,905.5178365040119,,,,,913.4575852850606,,PS_027,,,
,,2024-10-08T15:15:00Z,0,0,4,0,0,4,0,0,0,0,923.0366580635131,,,,,929.030749272848,,PS_027,,,
,,2024-10-08T15:30:00Z,0,0,4,0,0,4,0,0,0,0,906.6463695254274,,,,,911.6585387062322,,PS_027,,,
,,2024-10-08T15:45:00Z,0,0,3,0,0,3,0,0,0,0,894.0933642541719,,,,,897.8996052711915,,PS_027,,,
,,2024-10-08T16:00:00Z,0,0,4,0,0,4,0,0,0,0,884.1364169027572,,,,,887.1330223614203,,PS_027,,,
,,2024-10-08T16:15:00Z,0,0,4,0,0,4,0,0,0,0,763.0465847191592,,,,,764.227225111659,,PS_027,,,
,,2024-10-08T16:30:00Z,0,0,4,0,0,4,0,0,0,0,737.4767147798584,,,,,738.1958434799247,,PS_027,,,
,,2024-10-08T16:45:00Z,0,0,2,0,0,2,0,0,0,0,775.8063778506302,,,,,776.2487706663974,,PS_027,,,
,,2024-10-08T17:00:00Z,0,0,4,0,0,4,0,0,0,0,775.4520776417193,,,,,773.9396216034311,,PS_027,,,
,,2024-10-08T17:15:00Z,0,0,4,0,0,4,0,0,0,0,689.5718089017029,,,,,687.5956463798054,,PS_027,,,
,,2024-10-08T17:30:00Z,0,0,3,0,0,3,0,0,0,0,594.6736478463002,,,,,592.8362300931088,,PS_027,,,
,,2024-10-08T17:45:00Z,0,0,4,0,0,4,0,0,0,0,456.8737350254177,,,,,455.5421543336267,,PS_027,,,
,,2024-10-08T18:00:00Z,0,0,4,0,0,4,0,0,0,0,484.03055515987876,,,,,481.9191875136664,,PS_027,,,
,,2024-10-08T18:15:00Z,0,0,4,0,0,4,0,0,0,0,425.7760378824216,,,,,422.6790429054706,,PS_027,,,
,,2024-10-08T18:30:00Z,0,0,3,0,0,3,0,0,0,0,391.0609668214326,,,,,385.9753998289245,,PS_027,,,
,,2024-10-08T18:45:00Z,0,0,4,0,0,4,0,0,0,0,319.73034978304725,,,,,315.82094604106777,,PS_027,,,
,,2024-10-08T19:00:00Z,0,0,4,0,0,4,0,0,0,0,305.78106202160853,,,,,301.40430944812323,,PS_027,,,
,,2024-10-08T19:15:00Z,0,0,3,0,0,3,0,0,0,0,279.3167362254278,,,,,274.2526937196263,,PS_027,,,
,,2024-10-08T19:30:00Z,0,0,4,0,0,4,0,0,0,0,209.61510254705135,,,,,206.41114797597825,,PS_027,,,
,,2024-10-08T19:45:00Z,0,0,4,0,0,4,0,0,0,0,177.08077258469075,,,,,174.22081365998773,,PS_027,,,
,,2024-10-08T20:00:00Z,0,0,4,0,0,4,0,0,0,0,121.60481288517842,,,,,120.06048664420189,,PS_027,,,
,,2024-10-08T20:15:00Z,0,0,3,0,0,3,0,0,0,0,97.259030259649,,,,,97.4646716707258,,PS_027,,,
,,2024-10-08T20:30:00Z,0,0,4,0,0,4,0,0,0,0,70.14845446991697,,,,,69.42345842649524,,PS_027,,,
,,2024-10-08T20:45:00Z,0,0,4,0,0,4,0,0,0,0,53.92539483128282,,,,,53.12525272278871,,PS_027,,,
,,2024-10-08T21:00:00Z,0,0,3,0,0,3,0,0,0,0,18.192706520146462,,,,,18.361440625910973,,PS_027,,,
,,2024-10-08T21:15:00Z,0,0,4,0,0,4,0,0,0,0,0.7740467724567572,,,,,1.0673622633696886,,PS_027,,,
,,2024-10-08T21:30:00Z,0,0,4,0,0,4,0,0,0,0,0.0,,,,,0.0,,PS_027,,,
,,2024-10-08T21:45:00Z,0,0,4,0,0,4,0,0,0,0,0.0,,,,,0.0,,PS_027,,,
,,2024-10-08T22:00:00Z,0,0,3,0,0,3,0,0,0,0,0.0,,,,,0.0,,PS_027,,,
,,2024-10-08T22:15:00Z,0,0,4,0,0,4,0,0,0,0,0.0,,,,,0.0,,PS_027,,,
,,2024-10-08T22:30:00Z,0,0,4,0,0,4,0,0,0,0,0.0,,,,,0.0,,PS_027,,,
,,2024-10-08T22:45:00Z,0,0,3,0,0,3,0,0,0,0,0.0,,,,,0.0,,PS_027,,,
,,2024-10-08T23:00:00Z,0,0,4,0,0,4,0,0,0,0,0.0,,,,,0.0,,PS_027,,,
,,2024-10-08T23:15:00Z,0,0,4,0,0,4,0,0,0,0,0.0,,,,,0.0,,PS_027,,,
,,2024-10-08T23:30:00Z,0,0,3,0,0,3,0,0,0,0,0.0,,,,,0.0,,PS_027,,,
,,2024-10-08T23:45:00Z,0,0,4,0,0,4,0,0,0,0,0.0,,,,,0.0,,PS_027,,,
,,2024-10-09T00:00:00Z,0,0,4,0,0,4,0,0,0,0,0.0,,,,,0.0,,PS_027,,,
,,2024-10-09T00:15:00Z,0,0,4,0,0,4,0,0,0,0,0.0,,,,,0.0,,PS_027,,,
,,2024-10-09T00:30:00Z,0,0,3,0,0,3,0,0,0,0,0.0,,,,,0.0,,PS_027,,,
,,2024-10-09T00:45:00Z,0,0,4,0,0,4,0,0,0,0,0.0,,,,,0.0,,PS_027,,,
,,2024-10-09T01:00:00Z,0,0,4,0,0,4,0,0,0,0,0.0,,,,,0.0,,PS_027,,,
,,2024-10-09T01:15:00Z,0,0,3,0,0,3,0,0,0,0,0.0,,,,,0.0,,PS_027,,,
,,2024-10-09T01:30:00Z,0,0,4,0,0,4,0,0,0,0,0.0,,,,,0.0,,PS_027,,,
,,2024-10-09T01:45:00Z,0,0,4,0,0,4,0,0,0,0,0.0,,,,,0.0,,PS_027,,,
,,2024-10-09T02:00:00Z,0,0,4,0,0,4,0,0,0,0,0.0,,,,,0.0,,PS_027,,,
,,2024-10-09T02:15:00Z,0,0,3,0,0,3,0,0,0,0,0.0,,,,,0.0,,PS_027,,,
,,2024-10-09T02:30:00Z,0,0,4,0,0,4,0,0,0,0,0.0,,,,,0.0,,PS_027,,,
,,2024-10-09T02:45:00Z,0,0,4,0,0,4,0,0,0,0,0.0,,,,,0.0,,PS_027,,,
,,2024-10-09T03:00:00Z,0,0,2,0,0,2,0,0,0,0,0.0,,,,,0.0,,PS_027,,,
,,2024-10-09T03:15:00Z,0,0,0,0,0,0,0,0,0,0,,,,,,,,PS_027,,,
,,2024-10-09T03:30:00Z,0,0,0,0,0,0,0,0,0,0,,,,,,,,PS_027,,,
,,2024-10-09T03:45:00Z,0,0,0,0,0,0,0,0,0,0,,,,,,,,PS_027,,,
,,2024-10-09T04:00:00Z,0,0,0,0,0,0,0,0,0,0,,,,,,,,PS_027,,,
,,2024-10-09T04:15:00Z,0,0,0,0,0,0,0,0,0,0,,,,,,,,PS_027,,,
,,2024-10-09T04:30:00Z,0,0,0,0,0,0,0,0,0,0,,,,,,,,PS_027,,,
,,2024-10-09T04:45:00Z,0,0,0,0,0,0,0,0,0,0,,,,,,,,PS_027,,,
,,2024-10-09T05:00:00Z,0,0,0,0,0,0,0,0,0,0,,,,,,,,PS_027,,,
,,2024-10-09T05:15:00Z,0,0,0,0,0,0,0,0,0,0,,,,,,,,PS_027,,,
,,2024-10-09T05:30:00Z,0,0,0,0,0,0,0,0,0,0,,,,,,,,PS_027,,,
,,2024-10-09T05:45:00Z,0,0,0,0,0,0,0,0,0,0,,,,,,,,PS_027,,,
,,2024-10-09T06:00:00Z,0,0,0,0,0,0,0,0,0,0,,,,,,,,PS_027,,,
,,2024-10-09T06:15:00Z,0,0,0,0,0,0,0,0,0,0,,,,,,,,PS_027,,,
,,2024-10-09T06:30:00Z,0,0,0,0,0,0,0,0,0,0,,,,,,,,PS_027,,,
,,2024-10-09T06:45:00Z,0,0,0,0,0,0,0,0,0,0,,,,,,,,PS_027,,,
,,2024-10-09T07:00:00Z,0,0,0,0,0,0,0,0,0,0,,,,,,,,PS_027,,,
,,2024-10-09T07:15:00Z,0,0,0,0,0,0,0,0,0,0,,,,,,,,PS_027,,,
,,2024-10-09T07:30:00Z,0,0,0,0,0,0,0,0,0,0,,,,,,,,PS_027,,,
,,2024-10-09T07:45:00Z,0,0,0,0,0,0,0,0,0,0,,,,,,,,PS_027,,,
,,2024-10-09T08:00:00Z,0,0,0,0,0,0,0,0,0,0,,,,,,,,PS_027,,,
,,2024-10-09T08:15:00Z,0,0,0,0,0,0,0,0,0,0,,,,,,,,PS_027,,,
,,2024-10-09T08:30:00Z,0,0,0,0,0,0,0,0,0,0,,,,,,,,PS_027,,,
,,2024-10-09T08:45:00Z,0,0,0,0,0,0,0,0,0,0,,,,,,,,PS_027,,,
,,2024-10-09T09:00:00Z,0,0,2,0,0,2,0,0,0,0,17.568226044183266,,,,,18.45458522802417,,PS_027,,,
,,2024-10-09T09:15:00Z,0,0,4,0,0,4,0,0,0,0,22.41467936688306,,,,,23.576125919875974,,PS_027,,,
,,2024-10-09T09:30:00Z,0,0,4,0,0,4,0,0,0,0,60.5603788267301,,,,,62.57402985293025,,PS_027,,,
,,2024-10-09T09:45:00Z,0,0,3,0,0,3,0,0,0,0,116.78686351463679,,,,,120.5759463922175,,PS_027,,,
,,2024-10-09T10:00:00Z,0,0,4,0,0,4,0,0,0,0,132.2470080031697,,,,,136.35924400308593,,PS_027,,,
,,2024-10-09T10:15:00Z,0,0,4,0,0,4,0,0,0,0,146.63670426786967,,,,,150.1755276809352,,PS_027,,,
,,2024-10-09T10:30:00Z,0,0,3,0,0,3,0,0,0,0,209.36972403498967,,,,,215.16595302456298,,PS_027,,,
,,2024-10-09T10:45:00Z,0,0,4,0,0,4,0,0,0,0,237.4063140915263,,,,,243.36055634492791,,PS_027,,,
,,2024-10-09T11:00:00Z,0,0,4,0,0,4,0,0,0,0,288.84674645373843,,,,,295.4662781068305,,PS_027,,,
,,2024-10-09T11:15:00Z,0,0,3,0,0,3,0,0,0,0,247.13035409744415,,,,,252.2540138907857,,PS_027,,,
,,2024-10-09T11:30:00Z,0,0,4,0,0,4,0,0,0,0,331.8198249321592,,,,,340.40786031294175,,PS_027,,,
,,2024-10-09T11:45:00Z,0,0,4,0,0,4,0,0,0,0,480.81582359168783,,,,,493.2752477682322,,PS_027,,,
,,2024-10-09T12:00:00Z,0,0,4,0,0,4,0,0,0,0,462.66607749122903,,,,,472.9964646553942,,PS_027,,,
,,2024-10-09T12:15:00Z,0,0,3,0,0,3,0,0,0,0,543.1897931540808,,,,,555.266586030672,,PS_027,,,
,,2024-10-09T12:30:00Z,0,0,4,0,0,4,0,0,0,0,606.0325947294917,,,,,618.8555612115728,,PS_027,,,
,,2024-10-09T12:45:00Z,0,0,4,0,0,4,0,0,0,0,668.0609839491271,,,,,681.4979244130749,,PS_027,,,
,,2024-10-09T13:00:00Z,0,0,3,0,0,3,0,0,0,0,604.6977566156038,,,,,615.3155983241768,,PS_027,,,
,,2024-10-09T13:15:00Z,0,0,4,0,0,4,0,0,0,0,609.7347283684509,,,,,618.8146767203501,,PS_027,,,
,,2024-10-09T13:30:00Z,0,0,4,0,0,4,0,0,0,0,674.0769405069487,,,,,683.2566945064048,,PS_027,,,
,,2024-10-09T13:45:00Z,0,0,4,0,0,4,0,0,0,0,609.9653904431659,,,,,618.1796316272155,,PS_027,,,
,,2024-10-09T14:00:00Z,0,0,3,0,0,3,0,0,0,0,843.5150926198174,,,,,853.8767541821941,,PS_027,,,
,,2024-10-09T14:15:00Z,0,0,4,0,0,4,0,0,0,0,903.2855349524883,,,,,913.1577343891609,,PS_027,,,
,,2024-10-09T14:30:00Z,0,0,4,0,0,4,0,0,0,0,795.1061612220727,,,,,803.1622646142412,,PS_027,,,
,,2024-10-09T14:45:00Z,0,0,3,0,0,3,0,0,0,0,721.7741062337384,,,,,728.8859830295054,,PS_027,,,
,,2024-10-09T15:00:00Z,0,0,4,0,0,4,0,0,0,0,431.74998057161247,,,,,435.2236006618559,,PS_027,,,
,,2024-10-09T15:15:00Z,0,0,4,0,0,4,0,0,0,0,515.4135466757856,,,,,519.5083908131344,,PS_027,,,
,,2024-10-09T15:30:00Z,0,0,3,0,0,3,0,0,0,0,691.4386330606878,,,,,696.7771151410426,,PS_027,,,
,,2024-10-09T15:45:00Z,0,0,4,0,0,4,0,0,0,0,303.5452315940669,,,,,306.8002127687324,,PS_027,,,
,,2024-10-09T16:00:00Z,0,0,4,0,0,4,0,0,0,0,389.9872139691405,,,,,393.17566569774067,,PS_027,,,
,,2024-10-09T16:15:00Z,0,0,4,0,0,4,0,0,0,0,621.5595413994561,,,,,625.1765949558802,,PS_027,,,
,,2024-10-09T16:30:00Z,0,0,3,0,0,3,0,0,0,0,397.0446423327728,,,,,400.2531280872067,,PS_027,,,
,,2024-10-09T16:45:00Z,0,0,4,0,0,4,0,0,0,0,277.25535110219397,,,,,279.7899807409867,,PS_027,,,
,,2024-10-09T17:00:00Z,0,0,4,0,0,4,0,0,0,0,307.220930184999,,,,,310.04726202372814,,PS_027,,,
,,2024-10-09T17:15:00Z,0,0,3,0,0,3,0,0,0,0,241.29848325754307,,,,,243.8451261481719,,PS_027,,,
,,2024-10-09T17:30:00Z,0,0,4,0,0,4,0,0,0,0,221.74435619469534,,,,,224.27515657635215,,PS_027,,,
,,2024-10-09T17:45:00Z,0,0,4,0,0,4,0,0,0,0,147.73705586918504,,,,,149.32323129283895,,PS_027,,,
,,2024-10-09T18:00:00Z,0,0,4,0,0,4,0,0,0,0,156.3563691613208,,,,,158.19083541194794,,PS_027,,,
,,2024-10-09T18:15:00Z,0,0,3,0,0,3,0,0,0,0,149.10484130994737,,,,,151.47223909048495,,PS_027,,,
,,2024-10-09T18:30:00Z,0,0,4,0,0,4,0,0,0,0,119.31127664003598,,,,,121.15831316841874,,PS_027,,,
,,2024-10-09T18:45:00Z,0,0,4,0,0,4,0,0,0,0,88.23239838386112,,,,,89.58093356976447,,PS_027,,,
,,2024-10-09T19:00:00Z,0,0,4,0,0,4,0,0,0,0,71.18334404653756,,,,,72.46981861300378,,PS_027,,,
,,2024-10-09T19:15:00Z,0,0,3,0,0,3,0,0,0,0,115.32785021283533,,,,,116.4376904870577,,PS_027,,,
,,2024-10-09T19:30:00Z,0,0,4,0,0,4,0,0,0,0,64.92262300674645,,,,,66.01475738638078,,PS_027,,,
,,2024-10-09T19:45:00Z,0,0,4,0,0,4,0,0,0,0,54.667817524127024,,,,,55.61549322995835,,PS_027,,,
,,2024-10-09T20:00:00Z,0,0,3,0,0,3,0,0,0,0,45.50457405147789,,,,,46.206917045236096,,PS_027,,,
,,2024-10-09T20:15:00Z,0,0,4,0,0,4,0,0,0,0,20.78398065761649,,,,,21.46092066832528,,PS_027,,,
,,2024-10-09T20:30:00Z,0,0,4,0,0,4,0,0,0,0,11.44037886784331,,,,,12.285404359132192,,PS_027,,,
,,2024-10-09T20:45:00Z,0,0,4,0,0,4,0,0,0,0,9.246634138071965,,,,,10.281499821189913,,PS_027,,,
,,2024-10-09T21:00:00Z,0,0,3,0,0,3,0,0,0,0,2.2772300149181883,,,,,2.9753902126894003,,PS_027,,,
,,2024-10-09T21:15:00Z,0,0,4,0,0,4,0,0,0,0,0.0,,,,,0.0,,PS_027,,,
,,2024-10-09T21:30:00Z,0,0,4,0,0,4,0,0,0,0,0.0,,,,,0.0,,PS_027,,,
,,2024-10-09T21:45:00Z,0,0,3,0,0,3,0,0,0,0,0.0,,,,,0.0,,PS_027,,,
,,2024-10-09T22:00:00Z,0,0,4,0,0,4,0,0,0,0,0.0,,,,,0.0,,PS_027,,,
,,2024-10-09T22:15:00Z,0,0,4,0,0,4,0,0,0,0,0.0,,,,,0.0,,PS_027,,,
,,2024-10-09T22:30:00Z,0,0,4,0,0,4,0,0,0,0,0.0,,,,,0.0,,PS_027,,,
,,2024-10-09T22:45:00Z,0,0,3,0,0,3,0,0,0,0,0.0,,,,,0.0,,PS_027,,,
,,2024-10-09T23:00:00Z,0,0,4,0,0,4,0,0,0,0,0.0,,,,,0.0,,PS_027,,,
,,2024-10-09T23:15:00Z,0,0,4,0,0,4,0,0,0,0,0.0,,,,,0.0,,PS_027,,,
,,2024-10-09T23:30:00Z,0,0,3,0,0,3,0,0,0,0,0.0,,,,,0.0,,PS_027,,,
,,2024-10-09T23:45:00Z,0,0,4,0,0,4,0,0,0,0,0.0,,,,,0.0,,PS_027,,,
,,2024-10-10T00:00:00Z,0,0,4,0,0,4,0,0,0,0,0.0,,,,,0.0,,PS_027,,,
,,2024-10-10T00:15:00Z,0,0,4,0,0,4,0,0,0,0,0.0,,,,,0.0,,PS_027,,,
,,2024-10-10T00:30:00Z,0,0,3,0,0,3,0,0,0,0,0.0,,,,,0.0,,PS_027,,,
,,2024-10-10T00:45:00Z,0,0,4,0,0,4,0,0,0,0,0.0,,,,,0.0,,PS_027,,,
,,2024-10-10T01:00:00Z,0,0,4,0,0,4,0,0,0,0,0.0,,,,,0.0,,PS_027,,,
,,2024-10-10T01:15:00Z,0,0,3,0,0,3,0,0,0,0,0.0,,,,,0.0,,PS_027,,,
,,2024-10-10T01:30:00Z,0,0,4,0,0,4,0,0,0,0,0.0,,,,,0.0,,PS_027,,,
,,2024-10-10T01:45:00Z,0,0,4,0,0,4,0,0,0,0,0.0,,,,,0.0,,PS_027,,,
,,2024-10-10T02:00:00Z,0,0,4,0,0,4,0,0,0,0,0.0,,,,,0.0,,PS_027,,,
,,2024-10-10T02:15:00Z,0,0,3,0,0,3,0,0,0,0,0.0,,,,,0.0,,PS_027,,,
,,2024-10-10T02:30:00Z,0,0,4,0,0,4,0,0,0,0,0.0,,,,,0.0,,PS_027,,,
,,2024-10-10T02:45:00Z,0,0,4,0,0,4,0,0,0,0,0.0,,,,,0.0,,PS_027,,,
,,2024-10-10T03:00:00Z,0,0,2,0,0,2,0,0,0,0,0.0,,,,,0.0,,PS_027,,,
,,2024-10-10T03:15:00Z,0,0,0,0,0,0,0,0,0,0,,,,,,,,PS_027,,,
,,2024-10-10T03:30:00Z,0,0,0,0,0,0,0,0,0,0,,,,,,,,PS_027,,,
,,2024-10-10T03:45:00Z,0,0,0,0,0,0,0,0,0,0,,,,,,,,PS_027,,,
,,2024-10-10T04:00:00Z,0,0,0,0,0,0,0,0,0,0,,,,,,,,PS_027,,,
,,2024-10-10T04:15:00Z,0,0,0,0,0,0,0,0,0,0,,,,,,,,PS_027,,,
,,2024-10-10T04:30:00Z,0,0,0,0,0,0,0,0,0,0,,,,,,,,PS_027,,,
,,2024-10-10T04:45:00Z,0,0,0,0,0,0,0,0,0,0,,,,,,,,PS_027,,,
,,2024-10-10T05:00:00Z,0,0,0,0,0,0,0,0,0,0,,,,,,,,PS_027,,,
,,2024-10-10T05:15:00Z,0,0,0,0,0,0,0,0,0,0,,,,,,,,PS_027,,,
,,2024-10-10T05:30:00Z,0,0,0,0,0,0,0,0,0,0,,,,,,,,PS_027,,,
,,2024-10-10T05:45:00Z,0,0,0,0,0,0,0,0,0,0,,,,,,,,PS_027,,,
,,2024-10-10T06:00:00Z,0,0,0,0,0,0,0,0,0,0,,,,,,,,PS_027,,,
,,2024-10-10T06:15:00Z,0,0,0,0,0,0,0,0,0,0,,,,,,,,PS_027,,,
,,2024-10-10T06:30:00Z,0,0,0,0,0,0,0,0,0,0,,,,,,,,PS_027,,,
,,2024-10-10T06:45:00Z,0,0,0,0,0,0,0,0,0,0,,,,,,,,PS_027,,,
,,2024-10-10T07:00:00Z,0,0,0,0,0,0,0,0,0,0,,,,,,,,PS_027,,,
,,2024-10-10T07:15:00Z,0,0,0,0,0,0,0,0,0,0,,,,,,,,PS_027,,,
,,2024-10-10T07:30:00Z,0,0,0,0,0,0,0,0,0,0,,,,,,,,PS_027,,,
,,2024-10-10T07:45:00Z,0,0,0,0,0,0,0,0,0,0,,,,,,,,PS_027,,,
,,2024-10-10T08:00:00Z,0,0,0,0,0,0,0,0,0,0,,,,,,,,PS_027,,,
,,2024-10-10T08:15:00Z,0,0,0,0,0,0,0,0,0,0,,,,,,,,PS_027,,,
,,2024-10-10T08:30:00Z,0,0,0,0,0,0,0,0,0,0,,,,,,,,PS_027,,,
,,2024-10-10T08:45:00Z,0,0,0,0,0,0,0,0,0,0,,,,,,,,PS_027,,,
,,2024-10-10T09:00:00Z,0,0,2,0,0,2,0,0,0,0,6.0399999618530265,,,,,6.450000286102295,,PS_027,,,
,,2024-10-10T09:15:00Z,0,0,4,0,0,4,0,0,0,0,11.007448910177228,,,,,11.786785814555078,,PS_027,,,
,,2024-10-10T09:30:00Z,0,0,4,0,0,4,0,0,0,0,32.04389499463242,,,,,32.62180677108261,,PS_027,,,
,,2024-10-10T09:45:00Z,0,0,3,0,0,3,0,0,0,0,44.58718692162178,,,,,45.34558783316064,,PS_027,,,
,,2024-10-10T10:00:00Z,0,0,4,0,0,4,0,0,0,0,74.04334583643897,,,,,75.26060463065491,,PS_027,,,
,,2024-10-10T10:15:00Z,0,0,4,0,0,4,0,0,0,0,71.16212735062585,,,,,72.46814711057053,,PS_027,,,
,,2024-10-10T10:30:00Z,0,0,3,0,0,3,0,0,0,0,100.93618045284873,,,,,102.6211795079957,,PS_027,,,
,,2024-10-10T10:45:00Z,0,0,4,0,0,4,0,0,0,0,164.7968641060538,,,,,166.94659182185802,,PS_027,,,
,,2024-10-10T11:00:00Z,0,0,4,0,0,4,0,0,0,0,151.22790116170833,,,,,153.25316823740195,,PS_027,,,
,,2024-10-10T11:15:00Z,0,0,4,0,0,4,0,0,0,0,173.29130292952325,,,,,175.6566518031416,,PS_027,,,
,,2024-10-10T11:30:00Z,0,0,3,0,0,3,0,0,0,0,299.26870839250387,,,,,303.1015799158951,,PS_027,,,
,,2024-10-10T11:45:00Z,0,0,4,0,0,4,0,0,0,0,302.61357333044083,,,,,307.3666930324146,,PS_027,,,
,,2024-10-10T12:00:00Z,0,0,4,0,0,4,0,0,0,0,336.93504321419965,,,,,342.572950280013,,PS_027,,,
,,2024-10-10T12:15:00Z,0,0,3,0,0,3,0,0,0,0,256.4377720397784,,,,,260.23645824360284,,PS_027,,,
,,2024-10-10T12:30:00Z,0,0,4,0,0,4,0,0,0,0,301.0049296736115,,,,,304.7535209692431,,PS_027,,,
,,2024-10-10T12:45:00Z,0,0,4,0,0,4,0,0,0,0,348.24404497825225,,,,,352.31404500527174,,PS_027,,,
,,2024-10-10T13:00:00Z,0,0,4,0,0,4,0,0,0,0,400.0995857722471,,,,,404.4895058426087,,PS_027,,,
,,2024-10-10T13:15:00Z,0,0,3,0,0,3,0,0,0,0,415.5386411316581,,,,,420.5417564971718,,PS_027,,,
,,2024-10-10T13:30:00Z,0,0,4,0,0,4,0,0,0,0,446.71042448721096,,,,,452.1270741651342,,PS_027,,,
,,2024-10-10T13:45:00Z,0,0,4,0,0,4,0,0,0,0,432.6418659694642,,,,,437.12438531130437,,PS_027,,,
,,2024-10-10T14:00:00Z,0,0,4,0,0,4,0,0,0,0,568.1572803689659,,,,,574.4579312704678,,PS_027,,,
,,2024-10-10T14:15:00Z,0,0,3,0,0,3,0,0,0,0,416.9459139129899,,,,,421.13601936668186,,PS_027,,,
,,2024-10-10T14:30:00Z,0,0,4,0,0,4,0,0,0,0,444.26352523322214,,,,,448.80731470203807,,PS_027,,,
,,2024-10-10T14:45:00Z,0,0,4,0,0,4,0,0,0,0,533.8562732089551,,,,,538.9193971097856,,PS_027,,,
,,2024-10-10T15:00:00Z,0,0,3,0,0,3,0,0,0,0,775.0659903827889,,,,,781.6029990030488,,PS_027,,,
,,2024-10-10T15:15:00Z,0,0,4,0,0,4,0,0,0,0,802.6875144925308,,,,,808.7152133396798,,PS_027,,,
,,2024-10-10T15:30:00Z,0,0,4,0,0,4,0,0,0,0,798.2435434417614,,,,,803.9885768404212,,PS_027,,,
,,2024-10-10T15:45:00Z,0,0,4,0,0,4,0,0,0,0,691.0216466252509,,,,,696.2725097874719,,PS_027,,,
,,2024-10-10T16:00:00Z,0,0,3,0,0,3,0,0,0,0,409.98334498781844,,,,,414.15211874818533,,PS_027,,,
,,2024-10-10T16:15:00Z,0,0,4,0,0,4,0,0,0,0,227.91380574803168,,,,,230.38858808626048,,PS_027,,,
,,2024-10-10T16:30:00Z,0,0,4,0,0,4,0,0,0,0,199.0523446645645,,,,,201.04466360038418,,PS_027,,,
,,2024-10-10T16:45:00Z,0,0,3,0,0,3,0,0,0,0,539.4793659501266,,,,,542.7699201331498,,PS_027,,,
,,2024-10-10T17:00:00Z,0,0,4,0,0,4,0,0,0,0,691.9418332200023,,,,,694.3632930455428,,PS_027,,,
,,2024-10-10T17:15:00Z,0,0,4,0,0,4,0,0,0,0,334.349998205868,,,,,336.6027442116474,,PS_027,,,
,,2024-10-10T17:30:00Z,0,0,4,0,0,4,0,0,0,0,340.4052767065472,,,,,342.0854012608665,,PS_027,,,
,,2024-10-10T17:45:00Z,0,0,3,0,0,3,0,0,0,0,182.6501044410722,,,,,184.99165129972621,,PS_027,,,
,,2024-10-10T18:00:00Z,0,0,4,0,0,4,0,0,0,0,156.41860708638376,,,,,157.94978336448796,,PS_027,,,
,,2024-10-10T18:15:00Z,0,0,4,0,0,4,0,0,0,0,119.03410494157372,,,,,120.54944540709486,,PS_027,,,
,,2024-10-10T18:30:00Z,0,0,3,0,0,3,0,0,0,0,249.91688562604904,,,,,250.55645197108646,,PS_027,,,
,,2024-10-10T18:45:00Z,0,0,4,0,0,4,0,0,0,0,348.04893673243987,,,,,348.3284889325451,,PS_027,,,
,,2024-10-10T19:00:00Z,0,0,4,0,0,4,0,0,0,0,300.8630900992141,,,,,300.2814315291684,,PS_027,,,
,,2024-10-10T19:15:00Z,0,0,4,0,0,4,0,0,0,0,150.49481277473177,,,,,152.17417309984847,,PS_027,,,
,,2024-10-10T19:30:00Z,0,0,3,0,0,3,0,0,0,0,65.48387038126182,,,,,66.4267226051639,,PS_027,,,
,,2024-10-10T19:45:00Z,0,0,4,0,0,4,0,0,0,0,33.78251424200656,,,,,34.39910657417981,,PS_027,,,
,,2024-10-10T20:00:00Z,0,0,4,0,0,4,0,0,0,0,31.877410123331593,,,,,32.67695153310695,,PS_027,,,
,,2024-10-10T20:15:00Z,0,0,3,0,0,3,0,0,0,0,37.41436889773625,,,,,38.40062522669682,,PS_027,,,
,,2024-10-10T20:30:00Z,0,0,4,0,0,4,0,0,0,0,22.501951767827244,,,,,23.087116653625845,,PS_027,,,
,,2024-10-10T20:45:00Z,0,0,4,0,0,4,0,0,0,0,9.416858410492633,,,,,10.170117296116235,,PS_027,,,
,,2024-10-10T21:00:00Z,0,0,4,0,0,4,0,0,0,0,4.242186524081408,,,,,4.71612040546224,,PS_027,,,
,,2024-10-10T21:15:00Z,0,0,3,0,0,3,0,0,0,0,0.06040246290531533,,,,,0.13538485590737162,,PS_027,,,
,,2024-10-10T21:30:00Z,0,0,4,0,0,4,0,0,0,0,0.0,,,,,0.0,,PS_027,,,
,,2024-10-10T21:45:00Z,0,0,4,0,0,4,0,0,0,0,0.0,,,,,0.0,,PS_027,,,
,,2024-10-10T22:00:00Z,0,0,3,0,0,3,0,0,0,0,0.0,,,,,0.0,,PS_027,,,
,,2024-10-10T22:15:00Z,0,0,4,0,0,4,0,0,0,0,0.0,,,,,0.0,,PS_027,,,
,,2024-10-10T22:30:00Z,0,0,4,0,0,4,0,0,0,0,0.0,,,,,0.0,,PS_027,,,
,,2024-10-10T22:45:00Z,0,0,4,0,0,4,0,0,0,0,0.0,,,,,0.0,,PS_027,,,
,,2024-10-10T23:00:00Z,0,0,3,0,0,3,0,0,0,0,0.0,,,,,0.0,,PS_027,,,
,,2024-10-10T23:15:00Z,0,0,4,0,0,4,0,0,0,0,0.0,,,,,0.0,,PS_027,,,
,,2024-10-10T23:30:00Z,0,0,4,0,0,4,0,0,0,0,0.0,,,,,0.0,,PS_027,,,
,,2024-10-10T23:45:00Z,0,0,3,0,0,3,0,0,0,0,0.0,,,,,0.0,,PS_027,,,
,,2024-10-11T00:00:00Z,0,0,4,0,0,4,0,0,0,0,0.0,,,,,0.0,,PS_027,,,
,,2024-10-11T00:15:00Z,0,0,4,0,0,4,0,0,0,0,0.0,,,,,0.0,,PS_027,,,
,,2024-10-11T00:30:00Z,0,0,4,0,0,4,0,0,0,0,0.0,,,,,0.0,,PS_027,,,
,,2024-10-11T00:45:00Z,0,0,3,0,0,3,0,0,0,0,0.0,,,,,0.0,,PS_027,,,
,,2024-10-11T01:00:00Z,0,0,4,0,0,4,0,0,0,0,0.0,,,,,0.0,,PS_027,,,
,,2024-10-11T01:15:00Z,0,0,4,0,0,4,0,0,0,0,0.0,,,,,0.0,,PS_027,,,
,,2024-10-11T01:30:00Z,0,0,3,0,0,3,0,0,0,0,0.0,,,,,0.0,,PS_027,,,
,,2024-10-11T01:45:00Z,0,0,4,0,0,4,0,0,0,0,0.0,,,,,0.0,,PS_027,,,
,,2024-10-11T02:00:00Z,0,0,4,0,0,4,0,0,0,0,0.0,,,,,0.0,,PS_027,,,
,,2024-10-11T02:15:00Z,0,0,4,0,0,4,0,0,0,0,0.0,,,,,0.0,,PS_027,,,
,,2024-10-11T02:30:00Z,0,0,3,0,0,3,0,0,0,0,0.0,,,,,0.0,,PS_027,,,
,,2024-10-11T02:45:00Z,0,0,4,0,0,4,0,0,0,0,0.0,,,,,0.0,,PS_027,,,
,,2024-10-11T03:00:00Z,0,0,2,0,0,2,0,0,0,0,0.0,,,,,0.0,,PS_027,,,
,,2024-10-11T03:15:00Z,0,0,0,0,0,0,0,0,0,0,,,,,,,,PS_027,,,
,,2024-10-11T03:30:00Z,0,0,0,0,0,0,0,0,0,0,,,,,,,,PS_027,,,
,,2024-10-11T03:45:00Z,0,0,0,0,0,0,0,0,0,0,,,,,,,,PS_027,,,
,,2024-10-11T04:00:00Z,0,0,0,0,0,0,0,0,0,0,,,,,,,,PS_027,,,
,,2024-10-11T04:15:00Z,0,0,0,0,0,0,0,0,0,0,,,,,,,,PS_027,,,
,,2024-10-11T04:30:00Z,0,0,0,0,0,0,0,0,0,0,,,,,,,,PS_027,,,
,,2024-10-11T04:45:00Z,0,0,0,0,0,0,0,0,0,0,,,,,,,,PS_027,,,
,,2024-10-11T05:00:00Z,0,0,0,0,0,0,0,0,0,0,,,,,,,,PS_027,,,
,,2024-10-11T05:15:00Z,0,0,0,0,0,0,0,0,0,0,,,,,,,,PS_027,,,
,,2024-10-11T05:30:00Z,0,0,0,0,0,0,0,0,0,0,,,,,,,,PS_027,,,
,,2024-10-11T05:45:00Z,0,0,0,0,0,0,0,0,0,0,,,,,,,,PS_027,,,
,,2024-10-11T06:00:00Z,0,0,0,0,0,0,0,0,0,0,,,,,,,,PS_027,,,
,,2024-10-11T06:15:00Z,0,0,0,0,0,0,0,0,0,0,,,,,,,,PS_027,,,
,,2024-10-11T06:30:00Z,0,0,0,0,0,0,0,0,0,0,,,,,,,,PS_027,,,
,,2024-10-11T06:45:00Z,0,0,0,0,0,0,0,0,0,0,,,,,,,,PS_027,,,
,,2024-10-11T07:00:00Z,0,0,0,0,0,0,0,0,0,0,,,,,,,,PS_027,,,
,,2024-10-11T07:15:00Z,0,0,0,0,0,0,0,0,0,0,,,,,,,,PS_027,,,
,,2024-10-11T07:30:00Z,0,0,0,0,0,0,0,0,0,0,,,,,,,,PS_027,,,
,,2024-10-11T07:45:00Z,0,0,0,0,0,0,0,0,0,0,,,,,,,,PS_027,,,
,,2024-10-11T08:00:00Z,0,0,0,0,0,0,0,0,0,0,,,,,,,,PS_027,,,
,,2024-10-11T08:15:00Z,0,0,0,0,0,0,0,0,0,0,,,,,,,,PS_027,,,
,,2024-10-11T08:30:00Z,0,0,0,0,0,0,0,0,0,0,,,,,,,,PS_027,,,
,,2024-10-11T08:45:00Z,0,0,0,0,0,0,0,0,0,0,,,,,,,,PS_027,,,
,,2024-10-11T09:00:00Z,0,0,2,0,0,2,0,0,0,0,9.890000343322754,,,,,10.659321447327793,,PS_027,,,
,,2024-10-11T09:15:00Z,0,0,4,0,0,4,0,0,0,0,23.023018651201514,,,,,23.825912737985824,,PS_027,,,
,,2024-10-11T09:30:00Z,0,0,4,0,0,4,0,0,0,0,25.49543227812538,,,,,26.202431011306288,,PS_027,,,
,,2024-10-11T09:45:00Z,0,0,3,0,0,3,0,0,0,0,36.542377361910425,,,,,37.55278838508416,,PS_027,,,
,,2024-10-11T10:00:00Z,0,0,4,0,0,4,0,0,0,0,26.395701422964102,,,,,27.357436137156792,,PS_027,,,
,,2024-10-11T10:15:00Z,0,0,4,0,0,4,0,0,0,0,32.87243109167563,,,,,33.488558701174846,,PS_027,,,
,,2024-10-11T10:30:00Z,0,0,3,0,0,3,0,0,0,0,71.40781320621691,,,,,73.13597875738908,,PS_027,,,
,,2024-10-11T10:45:00Z,0,0,4,0,0,4,0,0,0,0,53.49911815134265,,,,,54.346581283781944,,PS_027,,,
,,2024-10-11T11:00:00Z,0,0,4,0,0,4,0,0,0,0,67.97419796361886,,,,,68.86111067642238,,PS_027,,,
,,2024-10-11T11:15:00Z,0,0,4,0,0,4,0,0,0,0,114.71242261036693,,,,,116.03509957159864,,PS_027,,,
,,2024-10-11T11:30:00Z,0,0,3,0,0,3,0,0,0,0,102.53450138636101,,,,,103.7138159148353,,PS_027,,,
,,2024-10-11T11:45:00Z,0,0,4,0,0,4,0,0,0,0,192.1555154676596,,,,,194.0515355934779,,PS_027,,,
,,2024-10-11T12:00:00Z,0,0,4,0,0,4,0,0,0,0,271.297130861085,,,,,274.6095983296727,,PS_027,,,
,,2024-10-11T12:15:00Z,0,0,3,0,0,3,0,0,0,0,222.06643636964608,,,,,224.04650025001118,,PS_027,,,
,,2024-10-11T12:30:00Z,0,0,4,0,0,4,0,0,0,0,433.02970232527696,,,,,439.1465636313458,,PS_027,,,
,,2024-10-11T12:45:00Z,0,0,4,0,0,4,0,0,0,0,274.08631793324787,,,,,277.7723711321926,,PS_027,,,
,,2024-10-11T13:00:00Z,0,0,4,0,0,4,0,0,0,0,144.6094439714174,,,,,146.41010847824975,,PS_027,,,
,,2024-10-11T13:15:00Z,0,0,3,0,0,3,0,0,0,0,116.51247498055349,,,,,117.80397529203334,,PS_027,,,
,,2024-10-11T13:30:00Z,0,0,4,0,0,4,0,0,0,0,198.6844355264827,,,,,200.2158507354311,,PS_027,,,
,,2024-10-11T13:45:00Z,0,0,4,0,0,4,0,0,0,0,197.83131312400593,,,,,200.2568773036339,,PS_027,,,
,,2024-10-11T14:00:00Z,0,0,3,0,0,3,0,0,0,0,157.64611789496755,,,,,159.3232086704277,,PS_027,,,
,,2024-10-11T14:15:00Z,0,0,4,0,0,4,0,0,0,0,230.70954925684026,,,,,232.86587617557922,,PS_027,,,
,,2024-10-11T14:30:00Z,0,0,4,0,0,4,0,0,0,0,195.9038485991059,,,,,197.7099522181021,,PS_027,,,
,,2024-10-11T14:45:00Z,0,0,4,0,0,4,0,0,0,0,187.25624826937343,,,,,188.74086053390965,,PS_027,,,
,,2024-10-11T15:00:00Z,0,0,3,0,0,3,0,0,0,0,363.4820778765315,,,,,365.9423989894855,,PS_027,,,
,,2024-10-11T15:15:00Z,0,0,4,0,0,4,0,0,0,0,306.95106954544576,,,,,310.1698295010905,,PS_027,,,
,,2024-10-11T15:30:00Z,0,0,4,0,0,4,0,0,0,0,357.2902550881894,,,,,359.3487028422941,,PS_027,,,
,,2024-10-11T15:45:00Z,0,0,3,0,0,3,0,0,0,0,670.8070717242327,,,,,675.4628189349335,,PS_027,,,
,,2024-10-11T16:00:00Z,0,0,4,0,0,4,0,0,0,0,619.0448723849064,,,,,622.6872678187906,,PS_027,,,
,,2024-10-11T16:15:00Z,0,0,4,0,0,4,0,0,0,0,426.3913359268931,,,,,430.1113707127647,,PS_027,,,
,,2024-10-11T16:30:00Z,0,0,4,0,0,4,0,0,0,0,145.842928584689,,,,,147.7943992286419,,PS_027,,,
,,2024-10-11T16:45:00Z,0,0,3,0,0,3,0,0,0,0,129.6784759723327,,,,,130.8592887150982,,PS_027,,,
,,2024-10-11T17:00:00Z,0,0,4,0,0,4,0,0,0,0,203.7739700618805,,,,,205.1752947669075,,PS_027,,,
,,2024-10-11T17:15:00Z,0,0,4,0,0,4,0,0,0,0,374.14076883563445,,,,,376.09180343580164,,PS_027,,,
,,2024-10-11T17:30:00Z,0,0,3,0,0,3,0,0,0,0,342.34093289811574,,,,,344.3909548225631,,PS_027,,,
,,2024-10-11T17:45:00Z,0,0,4,0,0,4,0,0,0,0,164.54736466091927,,,,,166.54523419537713,,PS_027,,,
,,2024-10-11T18:00:00Z,0,0,4,0,0,4,0,0,0,0,113.96257112725829,,,,,114.89369390791097,,PS_027,,,
,,2024-10-11T18:15:00Z,0,0,4,0,0,4,0,0,0,0,192.6533824681612,,,,,194.35512333784644,,PS_027,,,
,,2024-10-11T18:30:00Z,0,0,3,0,0,3,0,0,0,0,59.18496212337535,,,,,60.01052664047253,,PS_027,,,
,,2024-10-11T18:45:00Z,0,0,4,0,0,4,0,0,0,0,75.35509493446214,,,,,76.34427276715749,,PS_027,,,
,,2024-10-11T19:00:00Z,0,0,4,0,0,4,0,0,0,0,114.67769306065155,,,,,114.4402995324344,,PS_027,,,
,,2024-10-11T19:15:00Z,0,0,4,0,0,4,0,0,0,0,192.86118224788507,,,,,192.83687005739407,,PS_027,,,
,,2024-10-11T19:30:00Z,0,0,3,0,0,3,0,0,0,0,128.73372339203274,,,,,129.26199500901177,,PS_027,,,
,,2024-10-11T19:45:00Z,0,0,4,0,0,4,0,0,0,0,119.12192036112552,,,,,119.76808387404775,,PS_027,,,
,,2024-10-11T20:00:00Z,0,0,4,0,0,4,0,0,0,0,87.58278910157354,,,,,88.6061147591286,,PS_027,,,
,,2024-10-11T20:15:00Z,0,0,3,0,0,3,0,0,0,0,48.943369900348365,,,,,49.99398505395181,,PS_027,,,
,,2024-10-11T20:30:00Z,0,0,4,0,0,4,0,0,0,0,24.77448561052705,,,,,25.375011838976544,,PS_027,,,
,,2024-10-11T20:45:00Z,0,0,4,0,0,4,0,0,0,0,13.150082373926692,,,,,13.670503735855096,,PS_027,,,
,,2024-10-11T21:00:00Z,0,0,4,0,0,4,0,0,0,0,3.6437365097555605,,,,,4.004594958951411,,PS_027,,,
,,2024-10-11T21:15:00Z,0,0,3,0,0,3,0,0,0,0,0.0,,,,,0.0,,PS_027,,,
,,2024-10-11T21:30:00Z,0,0,3,0,0,3,0,0,0,0,0.0,,,,,0.0,,PS_027,,,
,,2024-10-11T21:45:00Z,0,0,0,0,0,0,0,0,0,0,,,,,,,,PS_027,,,
,,2024-10-11T22:00:00Z,0,0,0,0,0,0,0,0,0,0,,,,,,,,PS_027,,,
,,2024-10-11T22:15:00Z,0,0,0,0,0,0,0,0,0,0,,,,,,,,PS_027,,,
,,2024-10-11T22:30:00Z,0,0,0,0,0,0,0,0,0,0,,,,,,,,PS_027,,,
,,2024-10-11T22:45:00Z,0,0,0,0,0,0,0,0,0,0,,,,,,,,PS_027,,,
,,2024-10-11T23:00:00Z,0,0,0,0,0,0,0,0,0,0,,,,,,,,PS_027,,,
,,2024-10-11T23:15:00Z,0,0,0,0,0,0,0,0,0,0,,,,,,,,PS_027,,,
,,2024-10-11T23:30:00Z,0,0,0,0,0,0,0,0,0,0,,,,,,,,PS_027,,,
,,2024-10-11T23:45:00Z,0,0,0,0,0,0,0,0,0,0,,,,,,,,PS_027,,,
,,2024-10-12T00:00:00Z,0,0,0,0,0,0,0,0,0,0,,,,,,,,PS_027,,,
,,2024-10-12T00:15:00Z,0,0,0,0,0,0,0,0,0,0,,,,,,,,PS_027,,,
,,2024-10-12T00:30:00Z,0,0,0,0,0,0,0,0,0,0,,,,,,,,PS_027,,,
,,2024-10-12T00:45:00Z,0,0,0,0,0,0,0,0,0,0,,,,,,,,PS_027,,,
,,2024-10-12T01:00:00Z,0,0,0,0,0,0,0,0,0,0,,,,,,,,PS_027,,,
,,2024-10-12T01:15:00Z,0,0,0,0,0,0,0,0,0,0,,,,,,,,PS_027,,,
,,2024-10-12T01:30:00Z,0,0,0,0,0,0,0,0,0,0,,,,,,,,PS_027,,,
,,2024-10-12T01:45:00Z,0,0,0,0,0,0,0,0,0,0,,,,,,,,PS_027,,,
,,2024-10-12T02:00:00Z,0,0,0,0,0,0,0,0,0,0,,,,,,,,PS_027,,,
,,2024-10-12T02:15:00Z,0,0,0,0,0,0,0,0,0,0,,,,,,,,PS_027,,,
,,2024-10-12T02:30:00Z,0,0,0,0,0,0,0,0,0,0,,,,,,,,PS_027,,,
,,2024-10-12T02:45:00Z,0,0,0,0,0,0,0,0,0,0,,,,,,,,PS_027,,,
,,2024-10-12T03:00:00Z,0,0,0,0,0,0,0,0,0,0,,,,,,,,PS_027,,,
,,2024-10-12T03:15:00Z,0,0,0,0,0,0,0,0,0,0,,,,,,,,PS_027,,,
,,2024-10-12T03:30:00Z,0,0,0,0,0,0,0,0,0,0,,,,,,,,PS_027,,,
,,2024-10-12T03:45:00Z,0,0,0,0,0,0,0,0,0,0,,,,,,,,PS_027,,,
,,2024-10-12T04:00:00Z,0,0,0,0,0,0,0,0,0,0,,,,,,,,PS_027,,,
,,2024-10-12T04:15:00Z,0,0,0,0,0,0,0,0,0,0,,,,,,,,PS_027,,,
,,2024-10-12T04:30:00Z,0,0,0,0,0,0,0,0,0,0,,,,,,,,PS_027,,,
,,2024-10-12T04:45:00Z,0,0,0,0,0,0,0,0,0,0,,,,,,,,PS_027,,,
,,2024-10-12T05:00:00Z,0,0,0,0,0,0,0,0,0,0,,,,,,,,PS_027,,,
,,2024-10-12T05:15:00Z,0,0,0,0,0,0,0,0,0,0,,,,,,,,PS_027,,,
,,2024-10-12T05:30:00Z,0,0,0,0,0,0,0,0,0,0,,,,,,,,PS_027,,,
,,2024-10-12T05:45:00Z,0,0,0,0,0,0,0,0,0,0,,,,,,,,PS_027,,,
,,2024-10-12T06:00:00Z,0,0,0,0,0,0,0,0,0,0,,,,,,,,PS_027,,,
,,2024-10-12T06:15:00Z,0,0,0,0,0,0,0,0,0,0,,,,,,,,PS_027,,,
,,2024-10-12T06:30:00Z,0,0,0,0,0,0,0,0,0,0,,,,,,,,PS_027,,,
,,2024-10-12T06:45:00Z,0,0,0,0,0,0,0,0,0,0,,,,,,,,PS_027,,,
,,2024-10-12T07:00:00Z,0,0,0,0,0,0,0,0,0,0,,,,,,,,PS_027,,,
,,2024-10-12T07:15:00Z,0,0,0,0,0,0,0,0,0,0,,,,,,,,PS_027,,,
,,2024-10-12T07:30:00Z,0,0,0,0,0,0,0,0,0,0,,,,,,,,PS_027,,,
,,2024-10-12T07:45:00Z,0,0,0,0,0,0,0,0,0,0,,,,,,,,PS_027,,,
,,2024-10-12T08:00:00Z,0,0,0,0,0,0,0,0,0,0,,,,,,,,PS_027,,,
,,2024-10-12T08:15:00Z,0,0,0,0,0,0,0,0,0,0,,,,,,,,PS_027,,,
,,2024-10-12T08:30:00Z,0,0,0,0,0,0,0,0,0,0,,,,,,,,PS_027,,,
,,2024-10-12T08:45:00Z,0,0,0,0,0,0,0,0,0,0,,,,,,,,PS_027,,,
,,2024-10-12T09:00:00Z,0,0,0,0,0,0,0,0,0,0,,,,,,,,PS_027,,,
,,2024-10-12T09:15:00Z,0,0,0,0,0,0,0,0,0,0,,,,,,,,PS_027,,,
,,2024-10-12T09:30:00Z,0,0,0,0,0,0,0,0,0,0,,,,,,,,PS_027,,,
,,2024-10-12T09:45:00Z,0,0,0,0,0,0,0,0,0,0,,,,,,,,PS_027,,,
,,2024-10-12T10:00:00Z,0,0,4,0,0,4,0,0,0,0,120.27940389317885,,,,,123.68195995974416,,PS_027,,,
,,2024-10-12T10:15:00Z,0,0,4,0,0,4,0,0,0,0,194.5951611283182,,,,,203.2243175154267,,PS_027,,,
,,2024-10-12T10:30:00Z,0,0,4,0,0,4,0,0,0,0,238.61303956454273,,,,,247.5541329092724,,PS_027,,,
,,2024-10-12T10:45:00Z,0,0,3,0,0,3,0,0,0,0,232.51894197697004,,,,,240.65260894417827,,PS_027,,,
,,2024-10-12T11:00:00Z,0,0,4,0,0,4,0,0,0,0,181.1773714418735,,,,,186.00460477829705,,PS_027,,,
,,2024-10-12T11:15:00Z,0,0,4,0,0,4,0,0,0,0,323.84646463813937,,,,,330.9028526034506,,PS_027,,,
,,2024-10-12T11:30:00Z,0,0,3,0,0,3,0,0,0,0,219.17543920045281,,,,,222.36845659167824,,PS_027,,,
,,2024-10-12T11:45:00Z,0,0,4,0,0,4,0,0,0,0,173.74038671635046,,,,,176.5041868241488,,PS_027,,,
,,2024-10-12T12:00:00Z,0,0,4,0,0,4,0,0,0,0,229.36964380601805,,,,,232.01398252661633,,PS_027,,,
,,2024-10-12T12:15:00Z,0,0,4,0,0,4,0,0,0,0,196.69301582884242,,,,,198.51117826768385,,PS_027,,,
,,2024-10-12T12:30:00Z,0,0,3,0,0,3,0,0,0,0,302.41947973225484,,,,,305.4982775278473,,PS_027,,,
,,2024-10-12T12:45:00Z,0,0,4,0,0,4,0,0,0,0,424.94647396376683,,,,,431.7989195804477,,PS_027,,,
,,2024-10-12T13:00:00Z,0,0,4,0,0,4,0,0,0,0,138.36858239699887,,,,,140.36491859886874,,PS_027,,,
,,2024-10-12T13:15:00Z,0,0,3,0,0,3,0,0,0,0,264.94381166768966,,,,,266.711110504168,,PS_027,,,
,,2024-10-12T13:30:00Z,0,0,4,0,0,4,0,0,0,0,525.4170488303956,,,,,531.7025348907666,,PS_027,,,
,,2024-10-12T13:45:00Z,0,0,4,0,0,4,0,0,0,0,778.5118705269778,,,,,788.5667048496384,,PS_027,,,
,,2024-10-12T14:00:00Z,0,0,4,0,0,4,0,0,0,0,417.92583558926106,,,,,422.0788639930161,,PS_027,,,
,,2024-10-12T14:15:00Z,0,0,3,0,0,3,0,0,0,0,920.9162371986434,,,,,930.5557115497984,,PS_027,,,
,,2024-10-12T14:30:00Z,0,0,4,0,0,4,0,0,0,0,1003.313080431436,,,,,1013.6288202227386,,PS_027,,,
,,2024-10-12T14:45:00Z,0,0,3,0,0,3,0,0,0,0,695.1967340373543,,,,,701.2389887512625,,PS_027,,,
,,2024-10-12T15:00:00Z,0,0,3,0,0,3,0,0,0,0,678.0308923421762,,,,,683.6828796893919,,PS_027,,,
,,2024-10-12T15:15:00Z,0,0,4,0,0,4,0,0,0,0,425.00234379440536,,,,,428.5543586436583,,PS_027,,,
,,2024-10-12T15:30:00Z,0,0,3,0,0,3,0,0,0,0,488.0521460715247,,,,,491.0303474164787,,PS_027,,,
,,2024-10-12T15:45:00Z,0,0,4,0,0,4,0,0,0,0,731.0833423482745,,,,,735.5491191920895,,PS_027,,,
,,2024-10-12T16:00:00Z,0,0,4,0,0,4,0,0,0,0,1217.8719640631048,,,,,1221.6338436355584,,PS_027,,,
,,2024-10-12T16:15:00Z,0,0,3,0,0,3,0,0,0,0,527.9080068595804,,,,,529.6407148284857,,PS_027,,,
,,2024-10-12T16:30:00Z,0,0,4,0,0,4,0,0,0,0,326.96276506423186,,,,,327.70070152588,,PS_027,,,
,,2024-10-12T16:45:00Z,0,0,4,0,0,4,0,0,0,0,670.2770071962339,,,,,670.8960580782684,,PS_027,,,
,,2024-10-12T17:00:00Z,0,0,3,0,0,3,0,0,0,0,902.5350329880546,,,,,900.8347034325733,,PS_027,,,
,,2024-10-12T17:15:00Z,0,0,4,0,0,4,0,0,0,0,734.7786898363597,,,,,733.888160687956,,PS_027,,,
,,2024-10-12T17:30:00Z,0,0,4,0,0,4,0,0,0,0,637.5040677101617,,,,,635.9954564634543,,PS_027,,,
,,2024-10-12T17:45:00Z,0,0,4,0,0,4,0,0,0,0,419.0183389274164,,,,,418.2314852284984,,PS_027,,,
,,2024-10-12T18:00:00Z,0,0,3,0,0,3,0,0,0,0,388.1532776821592,,,,,388.09352156335643,,PS_027,,,
,,2024-10-12T18:15:00Z,0,0,4,0,0,4,0,0,0,0,528.6410131459372,,,,,526.3369860585577,,PS_027,,,
,,2024-10-12T18:30:00Z,0,0,4,0,0,4,0,0,0,0,417.4198077456046,,,,,415.57615389091427,,PS_027,,,
,,2024-10-12T18:45:00Z,0,0,3,0,0,3,0,0,0,0,278.7236652647507,,,,,279.1026484728399,,PS_027,,,
,,2024-10-12T19:00:00Z,0,0,4,0,0,4,0,0,0,0,282.76362545627666,,,,,280.9006910589803,,PS_027,,,
,,2024-10-12T19:15:00Z,0,0,4,0,0,4,0,0,0,0,398.344191071948,,,,,392.75733962180226,,PS_027,,,
,,2024-10-12T19:30:00Z,0,0,4,0,0,4,0,0,0,0,414.1038246473485,,,,,403.06832676294755,,PS_027,,,
,,2024-10-12T19:45:00Z,0,0,3,0,0,3,0,0,0,0,304.3519218234363,,,,,293.942009741105,,PS_027,,,
,,2024-10-12T20:00:00Z,0,0,4,0,0,4,0,0,0,0,219.0112933230669,,,,,208.7623722576355,,PS_027,,,
,,2024-10-12T20:15:00Z,0,0,4,0,0,4,0,0,0,0,146.5181555361878,,,,,135.23686138517743,,PS_027,,,
,,2024-10-12T20:30:00Z,0,0,3,0,0,3,0,0,0,0,87.18555002540808,,,,,78.48082707569904,,PS_027,,,
,,2024-10-12T20:45:00Z,0,0,4,0,0,4,0,0,0,0,41.71397814766126,,,,,37.32495184800186,,PS_027,,,
,,2024-10-12T21:00:00Z,0,0,4,0,0,4,0,0,0,0,14.877587667808571,,,,,14.701520983817622,,PS_027,,,
,,2024-10-12T21:15:00Z,0,0,4,0,0,4,0,0,0,0,3.381506885725345,,,,,3.8471044638422507,,PS_027,,,
,,2024-10-12T21:30:00Z,0,0,3,0,0,3,0,0,0,0,0.0,,,,,0.0,,PS_027,,,
,,2024-10-12T21:45:00Z,0,0,4,0,0,4,0,0,0,0,0.0,,,,,0.0,,PS_027,,,
,,2024-10-12T22:00:00Z,0,0,4,0,0,4,0,0,0,0,0.0,,,,,0.0,,PS_027,,,
,,2024-10-12T22:15:00Z,0,0,3,0,0,3,0,0,0,0,0.0,,,,,0.0,,PS_027,,,
,,2024-10-12T22:30:00Z,0,0,4,0,0,4,0,0,0,0,0.0,,,,,0.0,,PS_027,,,
,,2024-10-12T22:45:00Z,0,0,4,0,0,4,0,0,0,0,0.0,,,,,0.0,,PS_027,,,
,,2024-10-12T23:00:00Z,0,0,4,0,0,4,0,0,0,0,0.0,,,,,0.0,,PS_027,,,
,,2024-10-12T23:15:00Z,0,0,3,0,0,3,0,0,0,0,0.0,,,,,0.0,,PS_027,,,
,,2024-10-12T23:30:00Z,0,0,4,0,0,4,0,0,0,0,0.0,,,,,0.0,,PS_027,,,
,,2024-10-12T23:45:00Z,0,0,4,0,0,4,0,0,0,0,0.0,,,,,0.0,,PS_027,,,
,,2024-10-13T00:00:00Z,0,0,3,0,0,3,0,0,0,0,0.0,,,,,0.0,,PS_027,,,
,,2024-10-13T00:15:00Z,0,0,4,0,0,4,0,0,0,0,0.0,,,,,0.0,,PS_027,,,
,,2024-10-13T00:30:00Z,0,0,4,0,0,4,0,0,0,0,0.0,,,,,0.0,,PS_027,,,
,,2024-10-13T00:45:00Z,0,0,4,0,0,4,0,0,0,0,0.0,,,,,0.0,,PS_027,,,
,,2024-10-13T01:00:00Z,0,0,3,0,0,3,0,0,0,0,0.0,,,,,0.0,,PS_027,,,
,,2024-10-13T01:15:00Z,0,0,4,0,0,4,0,0,0,0,0.0,,,,,0.0,,PS_027,,,
,,2024-10-13T01:30:00Z,0,0,4,0,0,4,0,0,0,0,0.0,,,,,0.0,,PS_027,,,
,,2024-10-13T01:45:00Z,0,0,3,0,0,3,0,0,0,0,0.0,,,,,0.0,,PS_027,,,
,,2024-10-13T02:00:00Z,0,0,4,0,0,4,0,0,0,0,0.0,,,,,0.0,,PS_027,,,
,,2024-10-13T02:15:00Z,0,0,4,0,0,4,0,0,0,0,0.0,,,,,0.0,,PS_027,,,
,,2024-10-13T02:30:00Z,0,0,4,0,0,4,0,0,0,0,0.0,,,,,0.0,,PS_027,,,
,,2024-10-13T02:45:00Z,0,0,3,0,0,3,0,0,0,0,0.0,,,,,0.0,,PS_027,,,
,,2024-10-13T03:00:00Z,0,0,2,0,0,2,0,0,0,0,0.0,,,,,0.0,,PS_027,,,
,,2024-10-13T03:15:00Z,0,0,0,0,0,0,0,0,0,0,,,,,,,,PS_027,,,
,,2024-10-13T03:30:00Z,0,0,0,0,0,0,0,0,0,0,,,,,,,,PS_027,,,
,,2024-10-13T03:45:00Z,0,0,0,0,0,0,0,0,0,0,,,,,,,,PS_027,,,
,,2024-10-13T04:00:00Z,0,0,0,0,0,0,0,0,0,0,,,,,,,,PS_027,,,
,,2024-10-13T04:15:00Z,0,0,0,0,0,0,0,0,0,0,,,,,,,,PS_027,,,
,,2024-10-13T04:30:00Z,0,0,0,0,0,0,0,0,0,0,,,,,,,,PS_027,,,
,,2024-10-13T04:45:00Z,0,0,0,0,0,0,0,0,0,0,,,,,,,,PS_027,,,
,,2024-10-13T05:00:00Z,0,0,0,0,0,0,0,0,0,0,,,,,,,,PS_027,,,
,,2024-10-13T05:15:00Z,0,0,0,0,0,0,0,0,0,0,,,,,,,,PS_027,,,
,,2024-10-13T05:30:00Z,0,0,0,0,0,0,0,0,0,0,,,,,,,,PS_027,,,
,,2024-10-13T05:45:00Z,0,0,0,0,0,0,0,0,0,0,,,,,,,,PS_027,,,
,,2024-10-13T06:00:00Z,0,0,0,0,0,0,0,0,0,0,,,,,,,,PS_027,,,
,,2024-10-13T06:15:00Z,0,0,0,0,0,0,0,0,0,0,,,,,,,,PS_027,,,
,,2024-10-13T06:30:00Z,0,0,0,0,0,0,0,0,0,0,,,,,,,,PS_027,,,
,,2024-10-13T06:45:00Z,0,0,0,0,0,0,0,0,0,0,,,,,,,,PS_027,,,
,,2024-10-13T07:00:00Z,0,0,0,0,0,0,0,0,0,0,,,,,,,,PS_027,,,
,,2024-10-13T07:15:00Z,0,0,0,0,0,0,0,0,0,0,,,,,,,,PS_027,,,
,,2024-10-13T07:30:00Z,0,0,0,0,0,0,0,0,0,0,,,,,,,,PS_027,,,
,,2024-10-13T07:45:00Z,0,0,0,0,0,0,0,0,0,0,,,,,,,,PS_027,,,
,,2024-10-13T08:00:00Z,0,0,0,0,0,0,0,0,0,0,,,,,,,,PS_027,,,
,,2024-10-13T08:15:00Z,0,0,0,0,0,0,0,0,0,0,,,,,,,,PS_027,,,
,,2024-10-13T08:30:00Z,0,0,0,0,0,0,0,0,0,0,,,,,,,,PS_027,,,
,,2024-10-13T08:45:00Z,0,0,0,0,0,0,0,0,0,0,,,,,,,,PS_027,,,
,,2024-10-13T09:00:00Z,0,0,2,0,0,2,0,0,0,0,24.04612943264959,,,,,25.140059683277023,,PS_027,,,
,,2024-10-13T09:15:00Z,0,0,4,0,0,4,0,0,0,0,31.993571549987713,,,,,33.722171725649815,,PS_027,,,
,,2024-10-13T09:30:00Z,0,0,4,0,0,4,0,0,0,0,60.48379072192665,,,,,67.05588722945703,,PS_027,,,
,,2024-10-13T09:45:00Z,0,0,3,0,0,3,0,0,0,0,125.45778070985799,,,,,137.42010475981385,,PS_027,,,
,,2024-10-13T10:00:00Z,0,0,4,0,0,4,0,0,0,0,176.06945392113118,,,,,192.0082035641529,,PS_027,,,
,,2024-10-13T10:15:00Z,0,0,4,0,0,4,0,0,0,0,138.82538738837562,,,,,146.2731926474266,,PS_027,,,
,,2024-10-13T10:30:00Z,0,0,4,0,0,4,0,0,0,0,299.9515858092792,,,,,317.4332729143666,,PS_027,,,
,,2024-10-13T10:45:00Z,0,0,3,0,0,3,0,0,0,0,358.20880541501776,,,,,376.4685187190187,,PS_027,,,
,,2024-10-13T11:00:00Z,0,0,4,0,0,4,0,0,0,0,423.3247832363486,,,,,442.16645832882114,,PS_027,,,
,,2024-10-13T11:15:00Z,0,0,4,0,0,4,0,0,0,0,489.79353140016315,,,,,508.8665132704534,,PS_027,,,
,,2024-10-13T11:30:00Z,0,0,3,0,0,3,0,0,0,0,552.2921096309525,,,,,571.0945216543709,,PS_027,,,
,,2024-10-13T11:45:00Z,0,0,4,0,0,4,0,0,0,0,613.2261623057482,,,,,631.780362290694,,PS_027,,,
,,2024-10-13T12:00:00Z,0,0,4,0,0,4,0,0,0,0,671.6001517111322,,,,,689.8238605855959,,PS_027,,,
,,2024-10-13T12:15:00Z,0,0,4,0,0,4,0,0,0,0,725.7839486458771,,,,,743.5549872992548,,PS_027,,,
,,2024-10-13T12:30:00Z,0,0,3,0,0,3,0,0,0,0,774.6154605551081,,,,,792.384586769505,,PS_027,,,
,,2024-10-13T12:45:00Z,0,0,4,0,0,4,0,0,0,0,820.1943156593779,,,,,837.1234693798633,,PS_027,,,
,,2024-10-13T13:00:00Z,0,0,4,0,0,4,0,0,0,0,865.4897400031509,,,,,881.1903137575754,,PS_027,,,
,,2024-10-13T13:15:00Z,0,0,3,0,0,3,0,0,0,0,899.6561557312027,,,,,914.8562456966832,,PS_027,,,
,,2024-10-13T13:30:00Z,0,0,4,0,0,4,0,0,0,0,935.7154015961611,,,,,950.5331075131554,,PS_027,,,
,,2024-10-13T13:45:00Z,0,0,4,0,0,4,0,0,0,0,963.4682546946601,,,,,977.3348618730901,,PS_027,,,
,,2024-10-13T14:00:00Z,0,0,4,0,0,4,0,0,0,0,992.4101311801619,,,,,1004.7788732950913,,PS_027,,,
,,2024-10-13T14:15:00Z,0,0,3,0,0,3,0,0,0,0,1008.1999294709975,,,,,1019.8969636299761,,PS_027,,,
,,2024-10-13T14:30:00Z,0,0,4,0,0,4,0,0,0,0,1022.7164633270494,,,,,1033.8187762715254,,PS_027,,,
,,2024-10-13T14:45:00Z,0,0,4,0,0,4,0,0,0,0,1032.5052392662944,,,,,1041.5663552013725,,PS_027,,,
,,2024-10-13T15:00:00Z,0,0,3,0,0,3,0,0,0,0,1041.847958612362,,,,,1050.4200823279537,,PS_027,,,
,,2024-10-13T15:15:00Z,0,0,4,0,0,4,0,0,0,0,1019.8858520240238,,,,,1027.0885070859615,,PS_027,,,
,,2024-10-13T15:30:00Z,0,0,4,0,0,4,0,0,0,0,1036.0843319007572,,,,,1041.6334648686857,,PS_027,,,
,,2024-10-13T15:45:00Z,0,0,4,0,0,4,0,0,0,0,1016.0303823089398,,,,,1020.6964119562684,,PS_027,,,
,,2024-10-13T16:00:00Z,0,0,3,0,0,3,0,0,0,0,1012.6609233535577,,,,,1018.0081002678714,,PS_027,,,
,,2024-10-13T16:15:00Z,0,0,4,0,0,4,0,0,0,0,986.4553235256075,,,,,989.425380520303,,PS_027,,,
,,2024-10-13T16:30:00Z,0,0,4,0,0,4,0,0,0,0,950.869968109672,,,,,951.3310003102775,,PS_027,,,
,,2024-10-13T16:45:00Z,0,0,3,0,0,3,0,0,0,0,935.401924217869,,,,,935.3053356832095,,PS_027,,,
,,2024-10-13T17:00:00Z,0,0,4,0,0,4,0,0,0,0,864.9523732822038,,,,,863.4222452254575,,PS_027,,,
,,2024-10-13T17:15:00Z,0,0,4,0,0,4,0,0,0,0,804.9147311848175,,,,,802.508518854289,,PS_027,,,
,,2024-10-13T17:30:00Z,0,0,4,0,0,4,0,0,0,0,665.2378659855804,,,,,662.7078552500583,,PS_027,,,
,,2024-10-13T17:45:00Z,0,0,3,0,0,3,0,0,0,0,747.4094278471825,,,,,742.9466340309559,,PS_027,,,
,,2024-10-13T18:00:00Z,0,0,4,0,0,4,0,0,0,0,643.7152315520565,,,,,638.220288393366,,PS_027,,,
,,2024-10-13T18:15:00Z,0,0,4,0,0,4,0,0,0,0,522.2564755085148,,,,,517.1805389833072,,PS_027,,,
,,2024-10-13T18:30:00Z,0,0,3,0,0,3,0,0,0,0,524.2516641453404,,,,,517.8166037414923,,PS_027,,,
,,2024-10-13T18:45:00Z,0,0,4,0,0,4,0,0,0,0,502.14206506725566,,,,,494.90397027820813,,PS_027,,,
,,2024-10-13T19:00:00Z,0,0,4,0,0,4,0,0,0,0,436.7424077785962,,,,,428.83976256610896,,PS_027,,,
,,2024-10-13T19:15:00Z,0,0,4,0,0,4,0,0,0,0,358.0332769488888,,,,,350.7388618516262,,PS_027,,,
,,2024-10-13T19:30:00Z,0,0,3,0,0,3,0,0,0,0,331.9399814906702,,,,,322.75770042653585,,PS_027,,,
,,2024-10-13T19:45:00Z,0,0,4,0,0,4,0,0,0,0,243.59261406351112,,,,,236.08729086901354,,PS_027,,,
,,2024-10-13T20:00:00Z,0,0,4,0,0,4,0,0,0,0,204.96974699273957,,,,,196.56619517191655,,PS_027,,,
,,2024-10-13T20:15:00Z,0,0,3,0,0,3,0,0,0,0,141.0946050219206,,,,,132.2712755105307,,PS_027,,,
,,2024-10-13T20:30:00Z,0,0,4,0,0,4,0,0,0,0,86.80100997504307,,,,,80.7470445241693,,PS_027,,,
,,2024-10-13T20:45:00Z,0,0,4,0,0,4,0,0,0,0,46.38515153796503,,,,,44.02703945583946,,PS_027,,,
,,2024-10-13T21:00:00Z,0,0,4,0,0,4,0,0,0,0,18.26069154352371,,,,,18.281086853413544,,PS_027,,,
,,2024-10-13T21:15:00Z,0,0,3,0,0,3,0,0,0,0,2.6354073651928918,,,,,3.0454071945887495,,PS_027,,,
,,2024-10-13T21:30:00Z,0,0,4,0,0,4,0,0,0,0,0.08974000527776271,,,,,0.1365609146716665,,PS_027,,,
,,2024-10-13T21:45:00Z,0,0,4,0,0,4,0,0,0,0,0.0,,,,,0.0,,PS_027,,,
,,2024-10-13T22:00:00Z,0,0,3,0,0,3,0,0,0,0,0.0,,,,,0.0,,PS_027,,,
,,2024-10-13T22:15:00Z,0,0,4,0,0,4,0,0,0,0,0.0,,,,,0.0,,PS_027,,,
,,2024-10-13T22:30:00Z,0,0,4,0,0,4,0,0,0,0,0.0,,,,,0.0,,PS_027,,,
,,2024-10-13T22:45:00Z,0,0,4,0,0,4,0,0,0,0,0.0,,,,,0.0,,PS_027,,,
,,2024-10-13T23:00:00Z,0,0,3,0,0,3,0,0,0,0,0.0,,,,,0.0,,PS_027,,,
,,2024-10-13T23:15:00Z,0,0,4,0,0,4,0,0,0,0,0.0,,,,,0.0,,PS_027,,,
,,2024-10-13T23:30:00Z,0,0,4,0,0,4,0,0,0,0,0.0,,,,,0.0,,PS_027,,,
,,2024-10-13T23:45:00Z,0,0,3,0,0,3,0,0,0,0,0.0,,,,,0.0,,PS_027,,,
,,2024-10-14T00:00:00Z,0,0,4,0,0,4,0,0,0,0,0.0,,,,,0.0,,PS_027,,,
,,2024-10-14T00:15:00Z,0,0,4,0,0,4,0,0,0,0,0.0,,,,,0.0,,PS_027,,,
,,2024-10-14T00:30:00Z,0,0,4,0,0,4,0,0,0,0,0.0,,,,,0.0,,PS_027,,,
,,2024-10-14T00:45:00Z,0,0,3,0,0,3,0,0,0,0,0.0,,,,,0.0,,PS_027,,,
,,2024-10-14T01:00:00Z,0,0,4,0,0,4,0,0,0,0,0.0,,,,,0.0,,PS_027,,,
,,2024-10-14T01:15:00Z,0,0,4,0,0,4,0,0,0,0,0.0,,,,,0.0,,PS_027,,,
,,2024-10-14T01:30:00Z,0,0,3,0,0,3,0,0,0,0,0.0,,,,,0.0,,PS_027,,,
,,2024-10-14T01:45:00Z,0,0,4,0,0,4,0,0,0,0,0.0,,,,,0.0,,PS_027,,,
,,2024-10-14T02:00:00Z,0,0,4,0,0,4,0,0,0,0,0.0,,,,,0.0,,PS_027,,,
,,2024-10-14T02:15:00Z,0,0,4,0,0,4,0,0,0,0,0.0,,,,,0.0,,PS_027,,,
,,2024-10-14T02:30:00Z,0,0,3,0,0,3,0,0,0,0,0.0,,,,,0.0,,PS_027,,,
,,2024-10-14T02:45:00Z,0,0,4,0,0,4,0,0,0,0,0.0,,,,,0.0,,PS_027,,,
,,2024-10-14T03:00:00Z,0,0,2,0,0,2,0,0,0,0,0.0,,,,,0.0,,PS_027,,,
,,2024-10-14T03:15:00Z,0,0,0,0,0,0,0,0,0,0,,,,,,,,PS_027,,,
,,2024-10-14T03:30:00Z,0,0,0,0,0,0,0,0,0,0,,,,,,,,PS_027,,,
,,2024-10-14T03:45:00Z,0,0,0,0,0,0,0,0,0,0,,,,,,,,PS_027,,,
,,2024-10-14T04:00:00Z,0,0,0,0,0,0,0,0,0,0,,,,,,,,PS_027,,,
,,2024-10-14T04:15:00Z,0,0,0,0,0,0,0,0,0,0,,,,,,,,PS_027,,,
,,2024-10-14T04:30:00Z,0,0,0,0,0,0,0,0,0,0,,,,,,,,PS_027,,,
,,2024-10-14T04:45:00Z,0,0,0,0,0,0,0,0,0,0,,,,,,,,PS_027,,,
,,2024-10-14T05:00:00Z,0,0,0,0,0,0,0,0,0,0,,,,,,,,PS_027,,,
,,2024-10-14T05:15:00Z,0,0,0,0,0,0,0,0,0,0,,,,,,,,PS_027,,,
,,2024-10-14T05:30:00Z,0,0,0,0,0,0,0,0,0,0,,,,,,,,PS_027,,,
,,2024-10-14T05:45:00Z,0,0,0,0,0,0,0,0,0,0,,,,,,,,PS_027,,,
,,2024-10-14T06:00:00Z,0,0,0,0,0,0,0,0,0,0,,,,,,,,PS_027,,,
,,2024-10-14T06:15:00Z,0,0,0,0,0,0,0,0,0,0,,,,,,,,PS_027,,,
,,2024-10-14T06:30:00Z,0,0,0,0,0,0,0,0,0,0,,,,,,,,PS_027,,,
,,2024-10-14T06:45:00Z,0,0,0,0,0,0,0,0,0,0,,,,,,,,PS_027,,,
,,2024-10-14T07:00:00Z,0,0,0,0,0,0,0,0,0,0,,,,,,,,PS_027,,,
,,2024-10-14T07:15:00Z,0,0,0,0,0,0,0,0,0,0,,,,,,,,PS_027,,,
,,2024-10-14T07:30:00Z,0,0,0,0,0,0,0,0,0,0,,,,,,,,PS_027,,,
,,2024-10-14T07:45:00Z,0,0,0,0,0,0,0,0,0,0,,,,,,,,PS_027,,,
,,2024-10-14T08:00:00Z,0,0,0,0,0,0,0,0,0,0,,,,,,,,PS_027,,,
,,2024-10-14T08:15:00Z,0,0,0,0,0,0,0,0,0,0,,,,,,,,PS_027,,,
,,2024-10-14T08:30:00Z,0,0,0,0,0,0,0,0,0,0,,,,,,,,PS_027,,,
,,2024-10-14T08:45:00Z,0,0,0,0,0,0,0,0,0,0,,,,,,,,PS_027,,,
,,2024-10-14T09:00:00Z,0,0,2,0,0,2,0,0,0,0,21.36726210859468,,,,,22.440892552540458,,PS_027,,,
,,2024-10-14T09:15:00Z,0,0,4,0,0,4,0,0,0,0,34.419810686764,,,,,35.83630121929086,,PS_027,,,
,,2024-10-14T09:30:00Z,0,0,4,0,0,4,0,0,0,0,63.57610107990239,,,,,68.21565302748654,,PS_027,,,
,,2024-10-14T09:45:00Z,0,0,3,0,0,3,0,0,0,0,113.56459144368719,,,,,123.56159801349402,,PS_027,,,
,,2024-10-14T10:00:00Z,0,0,4,0,0,4,0,0,0,0,170.5310895963789,,,,,183.590085821663,,PS_027,,,
,,2024-10-14T10:15:00Z,0,0,4,0,0,4,0,0,0,0,238.3193611878479,,,,,252.33890347960843,,PS_027,,,
,,2024-10-14T10:30:00Z,0,0,3,0,0,3,0,0,0,0,166.39169565918198,,,,,173.9195611384127,,PS_027,,,
,,2024-10-14T10:45:00Z,0,0,4,0,0,4,0,0,0,0,371.45769850280834,,,,,387.3891796019235,,PS_027,,,
,,2024-10-14T11:00:00Z,0,0,4,0,0,4,0,0,0,0,292.12638046586557,,,,,301.92276979404613,,PS_027,,,
,,2024-10-14T11:15:00Z,0,0,4,0,0,4,0,0,0,0,379.49529722805823,,,,,389.66966741672684,,PS_027,,,
,,2024-10-14T11:30:00Z,0,0,3,0,0,3,0,0,0,0,449.0539205310894,,,,,458.8906689249806,,PS_027,,,
,,2024-10-14T11:45:00Z,0,0,4,0,0,4,0,0,0,0,324.4592530272284,,,,,330.33931705666487,,PS_027,,,
,,2024-10-14T12:00:00Z,0,0,4,0,0,4,0,0,0,0,284.06920120251544,,,,,289.57036656673927,,PS_027,,,
,,2024-10-14T12:15:00Z,0,0,3,0,0,3,0,0,0,0,392.96021583413653,,,,,401.6472936592857,,PS_027,,,
,,2024-10-14T12:30:00Z,0,0,4,0,0,4,0,0,0,0,817.7804305544441,,,,,834.2758893444578,,PS_027,,,
,,2024-10-14T12:45:00Z,0,0,4,0,0,4,0,0,0,0,724.1388712553075,,,,,737.0094633148534,,PS_027,,,
,,2024-10-14T13:00:00Z,0,0,4,0,0,4,0,0,0,0,710.5720375487751,,,,,722.9448356934636,,PS_027,,,
,,2024-10-14T13:15:00Z,0,0,3,0,0,3,0,0,0,0,969.9922816502719,,,,,985.2468243555107,,PS_027,,,
,,2024-10-14T13:30:00Z,0,0,4,0,0,4,0,0,0,0,827.8118435726832,,,,,840.0253356238583,,PS_027,,,
,,2024-10-14T13:45:00Z,0,0,4,0,0,4,0,0,0,0,823.6708981347505,,,,,835.1584714867731,,PS_027,,,
,,2024-10-14T14:00:00Z,0,0,3,0,0,3,0,0,0,0,1024.942798486508,,,,,1038.4366204080548,,PS_027,,,
,,2024-10-14T14:15:00Z,0,0,4,0,0,4,0,0,0,0,1038.768918859581,,,,,1051.8202735525979,,PS_027,,,
,,2024-10-14T14:30:00Z,0,0,4,0,0,4,0,0,0,0,971.2820337182563,,,,,982.9171389244899,,PS_027,,,
,,2024-10-14T14:45:00Z,0,0,4,0,0,4,0,0,0,0,888.7712730712955,,,,,898.0831726003269,,PS_027,,,
,,2024-10-14T15:00:00Z,0,0,3,0,0,3,0,0,0,0,1034.7539675743105,,,,,1042.5392518269202,,PS_027,,,
,,2024-10-14T15:15:00Z,0,0,4,0,0,4,0,0,0,0,1039.964475303209,,,,,1046.41263186201,,PS_027,,,
,,2024-10-14T15:30:00Z,0,0,4,0,0,4,0,0,0,0,1029.9007011443118,,,,,1036.0054797460962,,PS_027,,,
,,2024-10-14T15:45:00Z,0,0,3,0,0,3,0,0,0,0,1003.8031937273824,,,,,1007.6885788532193,,PS_027,,,
,,2024-10-14T16:00:00Z,0,0,4,0,0,4,0,0,0,0,985.8123132611132,,,,,989.3971102239259,,PS_027,,,
,,2024-10-14T16:15:00Z,0,0,4,0,0,4,0,0,0,0,926.1357783148633,,,,,928.342686696209,,PS_027,,,
,,2024-10-14T16:30:00Z,0,0,4,0,0,4,0,0,0,0,850.1183010758275,,,,,851.4516782634857,,PS_027,,,
,,2024-10-14T16:45:00Z,0,0,3,0,0,3,0,0,0,0,731.5858752511467,,,,,731.8567733079012,,PS_027,,,
,,2024-10-14T17:00:00Z,0,0,4,0,0,4,0,0,0,0,759.2075131578679,,,,,758.2297221072263,,PS_027,,,
,,2024-10-14T17:15:00Z,0,0,4,0,0,4,0,0,0,0,754.7137904674986,,,,,753.8531173058575,,PS_027,,,
,,2024-10-14T17:30:00Z,0,0,4,0,0,4,0,0,0,0,673.5519701080033,,,,,671.2916191513278,,PS_027,,,
,,2024-10-14T17:45:00Z,0,0,3,0,0,3,0,0,0,0,615.5682361575412,,,,,613.6154998082916,,PS_027,,,
,,2024-10-14T18:00:00Z,0,0,4,0,0,4,0,0,0,0,606.0145293808056,,,,,602.9586977844391,,PS_027,,,
,,2024-10-14T18:15:00Z,0,0,4,0,0,4,0,0,0,0,548.0516418614012,,,,,544.5210419831592,,PS_027,,,
,,2024-10-14T18:30:00Z,0,0,4,0,0,4,0,0,0,0,428.1746836071726,,,,,425.6511368919981,,PS_027,,,
,,2024-10-14T18:45:00Z,0,0,3,0,0,3,0,0,0,0,305.38829056898913,,,,,304.5859832393242,,PS_027,,,
,,2024-10-14T19:00:00Z,0,0,4,0,0,4,0,0,0,0,358.65972420769646,,,,,356.4149655445837,,PS_027,,,
,,2024-10-14T19:15:00Z,0,0,4,0,0,4,0,0,0,0,248.40784535002535,,,,,247.4619541367327,,PS_027,,,
,,2024-10-14T19:30:00Z,0,0,3,0,0,3,0,0,0,0,166.4001859994133,,,,,166.88437327560789,,PS_027,,,
,,2024-10-14T19:45:00Z,0,0,4,0,0,4,0,0,0,0,144.63154190551435,,,,,145.28145074214538,,PS_027,,,
,,2024-10-14T20:00:00Z,0,0,4,0,0,4,0,0,0,0,106.91079849417935,,,,,107.8616051531639,,PS_027,,,
,,2024-10-14T20:15:00Z,0,0,4,0,0,4,0,0,0,0,82.41171861966743,,,,,83.28041744404895,,PS_027,,,
,,2024-10-14T20:30:00Z,0,0,3,0,0,3,0,0,0,0,51.7542281044418,,,,,52.463412330310874,,PS_027,,,
,,2024-10-14T20:45:00Z,0,0,1,0,0,1,0,0,0,0,39.13999938964844,,,,,39.0,,PS_027,,,
,,2024-10-14T21:00:00Z,0,0,0,0,0,0,0,0,0,0,,,,,,,,PS_027,,,
,,2024-10-14T21:15:00Z,0,0,0,0,0,0,0,0,0,0,,,,,,,,PS_027,,,
,,2024-10-14T21:30:00Z,0,0,0,0,0,0,0,0,0,0,,,,,,,,PS_027,,,
,,2024-10-14T21:45:00Z,0,0,0,0,0,0,0,0,0,0,,,,,,,,PS_027,,,
,,2024-10-14T22:00:00Z,0,0,0,0,0,0,0,0,0,0,,,,,,,,PS_027,,,
,,2024-10-14T22:15:00Z,0,0,0,0,0,0,0,0,0,0,,,,,,,,PS_027,,,
,,2024-10-14T22:30:00Z,0,0,3,0,0,3,0,0,0,0,0.0,,,,,0.0,,PS_027,,,
,,2024-10-14T22:45:00Z,0,0,4,0,0,4,0,0,0,0,0.0,,,,,0.0,,PS_027,,,
,,2024-10-14T23:00:00Z,0,0,4,0,0,4,0,0,0,0,0.0,,,,,0.0,,PS_027,,,
,,2024-10-14T23:15:00Z,0,0,4,0,0,4,0,0,0,0,0.0,,,,,0.0,,PS_027,,,
,,2024-10-14T23:30:00Z,0,0,3,0,0,3,0,0,0,0,0.0,,,,,0.0,,PS_027,,,
,,2024-10-14T23:45:00Z,0,0,4,0,0,4,0,0,0,0,0.0,,,,,0.0,,PS_027,,,
